ticker,hhi_posse,n_fundos,ret_evento,ret_pos3,n_meses_pos3,vol_pos6,n_meses_pos6,evento,mes_evento_num
AALR3,0.0542126907791177,404,-0.0457481458349598,-0.0750140254573368,3,0.0383867661858647,6,Joesley Day (mai/2017),201705
ABCB4,0.0581048219523186,435,-0.0258137478153098,0.0201047151980096,3,0.0514225594662342,6,Joesley Day (mai/2017),201705
ABEV3,0.0126315645492085,898,0.0246440686680556,0.0708579027478224,3,0.0334118112393868,6,Joesley Day (mai/2017),201705
ALPA4,0.077510190197672,600,-0.0994342312002887,0.166551125134712,3,0.0920340182804253,6,Joesley Day (mai/2017),201705
ALSC3,0.031084314572244,626,-0.0875912408759124,0.265454545454545,3,0.067490102051142,6,Joesley Day (mai/2017),201705
ALUP11,0.0261551194017594,762,-0.0557031348666264,0.0505619584899222,3,0.0279285529816061,6,Joesley Day (mai/2017),201705
ALUP3,0.107404991600242,30,0.0184613255225414,-0.0332325471524281,3,0.107654373844068,6,Joesley Day (mai/2017),201705
ALUP4,0.0775081653032842,134,-0.131249732635866,-0.0197843999415092,3,0.0438362194587293,6,Joesley Day (mai/2017),201705
AMAR3,0.089681887156728,345,-0.217964068626658,0.0918836993638796,3,0.219332506090908,6,Joesley Day (mai/2017),201705
ANIM3,0.0357466164093466,353,0.216417869992298,0.147239306262371,3,0.081315892231804,6,Joesley Day (mai/2017),201705
ARZZ3,0.0486300028099195,581,-0.0477744807121662,0.426612651916484,3,0.111824241897534,6,Joesley Day (mai/2017),201705
AZUL4,0.0308137467894716,614,-0.0154424040066778,0.12547689699025,3,0.0873514367745325,6,Joesley Day (mai/2017),201705
BBAS3,0.551254789487746,949,-0.131334852704266,0.0936652974324885,3,0.0972151580669748,6,Joesley Day (mai/2017),201705
BBDC3,0.0196459609935428,738,-0.0853526944607034,0.201936691490777,3,0.061934913726059,6,Joesley Day (mai/2017),201705
BBDC4,0.0126740046125054,1047,-0.0933731308423578,0.230928381260734,3,0.0616392829014475,6,Joesley Day (mai/2017),201705
BBRK3,0.113008103037361,81,-0.0552147239263803,-0.357142857142858,3,0.168290969163149,6,Joesley Day (mai/2017),201705
BBSE3,0.0142298563667723,921,-0.0264300452804969,-0.0177788599042003,3,0.0356616675979799,6,Joesley Day (mai/2017),201705
BEEF3,0.0666663677746581,616,0.0811879613959938,0.0604395362003429,3,0.0715713683452556,6,Joesley Day (mai/2017),201705
BPAC11,0.184085627047723,62,-0.213888872826149,0.20778905052886,3,0.111656184249739,6,Joesley Day (mai/2017),201705
BRAP3,0.099606713313083,429,-0.0402648911422816,0.356896785852095,3,0.100843943991107,6,Joesley Day (mai/2017),201705
BRAP4,0.0332579896204615,913,-0.0367758836309523,0.405857709191438,3,0.0952111184035551,6,Joesley Day (mai/2017),201705
BRFS3,0.0191504976263378,925,0.0887157577280724,-0.0184672206832873,3,0.107305846506955,6,Joesley Day (mai/2017),201705
BRGE3,0.138168175493564,136,0.0120481927710843,0.0357142857142858,3,0.115926220807495,5,Joesley Day (mai/2017),201705
BRIV3,0.554881657069127,137,-0.0415800415800415,0.019522776572668,3,0.069264005121621,6,Joesley Day (mai/2017),201705
BRKM3,0.8809648441126,16,-0.0184564345028989,0.261538635167915,3,0.124645452413446,6,Joesley Day (mai/2017),201705
BRKM5,0.0117222410817479,862,-0.0295839455299634,0.150316968851414,3,0.121297696029464,6,Joesley Day (mai/2017),201705
BRML3,0.0163872680345608,938,-0.147330960854093,0.135225375626043,3,0.0705795348854539,6,Joesley Day (mai/2017),201705
BRPR3,0.0424348085789249,462,-0.0718858871917381,0.257437216104957,3,0.0652651581817361,6,Joesley Day (mai/2017),201705
BRSR6,0.0628639920092558,677,-0.00998717401286997,0.237513169874403,3,0.130823212073448,6,Joesley Day (mai/2017),201705
BTOW3,0.0177629167773625,605,-0.0560538116591929,0.463974663499604,3,0.20251855152871,6,Joesley Day (mai/2017),201705
BVMF3,0.00668982185434298,1122,-0.0310362966859548,0.200868621064061,3,0.0464241799650572,6,Joesley Day (mai/2017),201705
CAMB4,0.284904986044856,15,-0.0316666666666667,0.249569707401033,3,0.105765761669887,6,Joesley Day (mai/2017),201705
CARD3,0.352075521578167,14,-0.0702479338842975,0.0911111111111111,3,0.0795429173977424,6,Joesley Day (mai/2017),201705
CCPR3,0.0982610437595684,150,-0.146551724137931,-0.232323232323232,3,0.102499851927115,6,Joesley Day (mai/2017),201705
CCRO3,0.0122665949433255,879,-0.0632768361581921,0.0530759951749096,3,0.0611428646536308,6,Joesley Day (mai/2017),201705
CELP3,0.108553441163876,72,0.0153061224489797,-0.0201005025125629,3,0.0219088486169179,6,Joesley Day (mai/2017),201705
CESP3,0.664109965479702,55,-0.0402684563758389,-0.115384615384615,3,0.0472121545821893,6,Joesley Day (mai/2017),201705
CESP6,0.0210906565488302,840,-0.094475138121547,-0.101281269066504,3,0.0364784709090587,6,Joesley Day (mai/2017),201705
CGAS3,0.150834019936146,193,0.0512880809194829,0.122744582360892,3,0.0794999591450269,6,Joesley Day (mai/2017),201705
CGAS5,0.0540936213408692,567,-0.013958048355126,0.140925244253026,3,0.129347977350316,6,Joesley Day (mai/2017),201705
CGRA3,0.132140270741994,138,0.022564301074552,0.127382213599265,3,0.0858089783324715,6,Joesley Day (mai/2017),201705
CGRA4,0.631564766006842,151,0.0589746672926279,0.210653436053159,3,0.0882091458765347,6,Joesley Day (mai/2017),201705
CIEL3,0.0102507562881047,898,-0.053526970954357,-0.0166593599298548,3,0.0785541343103488,6,Joesley Day (mai/2017),201705
CLSC4,0.127741629977073,248,0.0603690361164022,0.191354854858201,3,0.0880482153698293,6,Joesley Day (mai/2017),201705
CMIG3,0.104390486669376,289,-0.15161203215253,0.0979383025459535,3,0.0691204279280937,6,Joesley Day (mai/2017),201705
CMIG4,0.0168286073043382,831,-0.128073158210096,0.0968590055598744,3,0.0755864208845827,6,Joesley Day (mai/2017),201705
COCE5,0.226433128514716,35,0.000638663635064374,0.106170380892473,3,0.0393163946948288,6,Joesley Day (mai/2017),201705
CPFE3,0.154310260404887,831,0.0111538828154796,0.0304298237068863,3,0.100373030949527,6,Joesley Day (mai/2017),201705
CPLE3,0.118027107497483,488,0.0307920892692031,0.0211237602977874,3,0.101707134304308,6,Joesley Day (mai/2017),201705
CPLE6,0.0277239751457204,784,-0.0452519712032911,0.0319569120287253,3,0.0940892877201398,6,Joesley Day (mai/2017),201705
CPRE3,0.397955797628729,26,-0.00560000000000005,0.0458567980691875,3,0.0143051891613328,6,Joesley Day (mai/2017),201705
CRDE3,0.0725490219308234,186,0.0661157024793388,0.0465116279069764,3,0.0864317472187411,6,Joesley Day (mai/2017),201705
CRIV3,0.138168175493564,136,0.0526315789473684,-0.124999999999999,3,0.0471131650570198,6,Joesley Day (mai/2017),201705
CSAN3,0.0325266524018703,884,-0.00410040938210565,0.0710518632357067,3,0.0547821056758074,6,Joesley Day (mai/2017),201705
CSMG3,0.0311655764764889,695,-0.0305558636199833,0.24523622921593,3,0.080562202759658,6,Joesley Day (mai/2017),201705
CSNA3,0.0237646552661356,739,-0.114838663875068,0.266763859346821,3,0.115086866005865,6,Joesley Day (mai/2017),201705
CTAX3,0.0437568133939767,154,-0.231729006613798,0.361948880620353,3,0.192826122734747,6,Joesley Day (mai/2017),201705
CTNM4,0.134392129382654,137,-0.0200363681718045,-0.143122669990227,3,0.133069474716875,6,Joesley Day (mai/2017),201705
CVCB3,0.012759851259377,890,-0.0257903941652727,0.273333402412448,3,0.0205344372645908,6,Joesley Day (mai/2017),201705
CYRE3,0.0242835284617976,796,-0.184339228357114,0.232928027179784,3,0.0727763254707839,6,Joesley Day (mai/2017),201705
DIRR3,0.038394434299596,514,-0.162295194410596,0.0254399942453065,3,0.0759678862338106,6,Joesley Day (mai/2017),201705
DTEX3,0.0303175640392555,608,-0.100783874580067,0.0709838107098382,3,0.0676149271365533,6,Joesley Day (mai/2017),201705
ECOR3,0.0453202706927116,767,-0.0254235690039866,0.163043387617804,3,0.0468109064389158,6,Joesley Day (mai/2017),201705
EGIE3,0.0548635831531548,722,-0.00605755523616602,0.133536332108598,3,0.0301877008155742,6,Joesley Day (mai/2017),201705
ELET3,0.0722131995420183,848,-0.238648947951273,0.281454545454545,3,0.164773876525338,6,Joesley Day (mai/2017),201705
ELET6,0.0410460176444455,799,-0.246288209606987,0.189455388180765,3,0.137212378595833,6,Joesley Day (mai/2017),201705
ELPL4,0.0950887569500246,499,-0.177290836779532,0.284907153765624,3,0.134080468355864,6,Joesley Day (mai/2017),201705
EMBR3,0.013416542520894,758,0.0423177083333335,0.119925046845722,3,0.0882887806160563,6,Joesley Day (mai/2017),201705
ENBR3,0.0447235870553631,795,-0.0059612518628912,0.142428785607197,3,0.0485591178064887,6,Joesley Day (mai/2017),201705
ENEV3,0.162506485683623,38,-0.0665295111182859,0.175606201587976,3,0.0947408452248934,6,Joesley Day (mai/2017),201705
ENGI11,0.0166955006420992,764,-0.0109891525598412,0.113460098140026,3,0.0336091310522432,6,Joesley Day (mai/2017),201705
ENGI3,0.496876210838798,17,0.0166665600303391,0.152401337198712,3,0.126200992216984,6,Joesley Day (mai/2017),201705
ENGI4,0.269198342468182,57,-0.0122850398504346,0.105957544015084,3,0.0593781285280314,6,Joesley Day (mai/2017),201705
ENMT3,0.209855989490699,59,0.0533332845713139,0.010126771887482,3,0.0310200722027027,6,Joesley Day (mai/2017),201705
ENMT4,0.232335679099347,59,-0.000186274861000868,0.00117659770824141,3,0.000480344002953255,6,Joesley Day (mai/2017),201705
EQTL3,0.0179343578056698,1073,-0.0711426338449475,0.144568833674908,3,0.0318739240948434,6,Joesley Day (mai/2017),201705
ESTC3,0.017358544187497,794,-0.0246775098149186,0.484186313973548,3,0.208347523962835,6,Joesley Day (mai/2017),201705
EUCA4,0.200343202840218,309,-0.132948046651033,-1.11022302462516e-16,3,0.139574809350058,6,Joesley Day (mai/2017),201705
EVEN3,0.108475253069007,495,-0.155405512106754,0.272000049068553,3,0.0981486913604776,6,Joesley Day (mai/2017),201705
EZTC3,0.0152623598155296,679,-0.0747775318785878,0.252389048125419,3,0.0694201946168668,6,Joesley Day (mai/2017),201705
FESA4,0.347280740853003,52,0.0585917332537345,0.366839016652485,3,0.103627582860137,6,Joesley Day (mai/2017),201705
FIBR3,0.0166905457858306,823,0.261904726377536,0.126415165345026,3,0.164072353353518,6,Joesley Day (mai/2017),201705
FLRY3,0.0182964556703605,661,0.0809218114669896,0.123957100087815,3,0.0834265883826528,6,Joesley Day (mai/2017),201705
FRAS3,0.110767895879899,20,-0.00233961320767195,0.142364349300147,3,0.0997691103422386,6,Joesley Day (mai/2017),201705
GFSA3,0.0654225614335733,505,-0.411764687504999,0.10747663799582,3,0.106144546270737,6,Joesley Day (mai/2017),201705
GGBR3,0.107215070096379,498,-0.0217165492948369,0.24644154144899,3,0.0864609867430535,6,Joesley Day (mai/2017),201705
GGBR4,0.0145901483734072,889,-0.0265303808575937,0.24439022318932,3,0.064247769593095,6,Joesley Day (mai/2017),201705
GOAU3,0.17545755787159,326,-0.0146697004808699,0.240694850522384,3,0.0539240942540941,6,Joesley Day (mai/2017),201705
GOAU4,0.0189323890534149,863,-0.0304352868310314,0.269058687340801,3,0.0695320637202909,6,Joesley Day (mai/2017),201705
GOLL4,0.0399069362544691,418,-0.223107569721115,0.452564102564103,3,0.117775438395829,6,Joesley Day (mai/2017),201705
GRND3,0.135727708139325,455,0.0807551897787968,0.0428543899628375,3,0.0362759795898054,6,Joesley Day (mai/2017),201705
GUAR3,0.0424909089752321,541,0.0618925259747514,0.329615991583377,3,0.107118191032868,6,Joesley Day (mai/2017),201705
GUAR4,0.317957631651564,469,0.209736842105263,0.340874483358712,3,0.128648177917064,6,Joesley Day (mai/2017),201705
HBOR3,0.182665035207896,421,-0.150197583689068,0.0604653043431709,3,0.090446141121866,6,Joesley Day (mai/2017),201705
HGTX3,0.0535811156248299,586,-0.0145322434150772,0.244239631336406,3,0.138007066055199,6,Joesley Day (mai/2017),201705
HYPE3,0.0277279267385962,925,-0.0186293881051839,0.000338684122192401,3,0.0595796238209701,6,Joesley Day (mai/2017),201705
IDNT3,0.0945868307892841,217,0.24223602484472,-0.1,3,0.24794558137343,6,Joesley Day (mai/2017),201705
IGTA3,0.0141933612943396,838,-0.041302381670184,0.176100628930818,3,0.0474430693952262,6,Joesley Day (mai/2017),201705
INEP3,0.814591113517789,138,0.139896428742831,-0.204545471786467,3,0.112854935011481,6,Joesley Day (mai/2017),201705
ITSA3,0.307015038960636,55,-0.0750269137551693,0.156322547971966,3,0.0548715147448146,6,Joesley Day (mai/2017),201705
ITSA4,0.0147721678746892,1017,-0.0950454856430647,0.150751514642523,3,0.059705062907829,6,Joesley Day (mai/2017),201705
ITUB3,0.137602948909232,379,-0.0518427764711856,0.119419207687662,3,0.0478442887446049,6,Joesley Day (mai/2017),201705
ITUB4,0.00591843695697496,1094,-0.0941523414861184,0.147882591604459,3,0.0489734358895756,6,Joesley Day (mai/2017),201705
JBSS3,0.0174583790499226,829,-0.214216163583252,0.0743494423791824,3,0.141264506274013,6,Joesley Day (mai/2017),201705
JHSF3,0.232855071341126,23,-0.103305645936041,-0.0967740058134346,3,0.128686889742945,6,Joesley Day (mai/2017),201705
JOPA3,0.138168175493564,136,0,0.175000245389792,3,0.0594511846507991,6,Joesley Day (mai/2017),201705
KLBN11,0.0388744519746944,845,0.0611856771761619,0.0334430602900224,3,0.0531163879842929,6,Joesley Day (mai/2017),201705
KROT3,0.0101260064872341,852,-0.0301003344481605,0.239310344827586,3,0.101035564810259,6,Joesley Day (mai/2017),201705
LAME3,0.0289588217840738,580,-0.0935672514619883,0.164516129032258,3,0.107397169374301,6,Joesley Day (mai/2017),201705
LAME4,0.00954174436356488,1021,-0.133016627078385,0.217123287671233,3,0.120294699119378,6,Joesley Day (mai/2017),201705
LCAM3,0.627625864689558,11,-0.0388888888888889,0.479768786127167,3,0.119068381167065,6,Joesley Day (mai/2017),201705
LEVE3,0.0573960711243586,460,-0.0613555664215082,0.0319136800057194,3,0.091374266527484,6,Joesley Day (mai/2017),201705
LIGT3,0.0180800750908531,766,-0.0256293106845208,-0.0324094417538271,3,0.0631634952658836,6,Joesley Day (mai/2017),201705
LINX3,0.0283726871331664,568,0.0502540937323546,-0.0145161290322583,3,0.0476150071089218,6,Joesley Day (mai/2017),201705
LOGN3,0.416626424964595,11,0.0165290127552347,-0.0243903703895779,3,0.11483814787296,6,Joesley Day (mai/2017),201705
LPSB3,0.671535881283778,334,-0.139130531515619,0.199495234593192,3,0.23646230777519,6,Joesley Day (mai/2017),201705
LREN3,0.0165765983561398,987,-0.0193707520381761,0.163243444728046,3,0.0783530320227474,6,Joesley Day (mai/2017),201705
MAGG3,0.0876547532949944,474,0.0965009208103131,0.326839099764863,3,0.099095956474227,6,Joesley Day (mai/2017),201705
MDIA3,0.0289281095325102,540,0.110199208652523,-0.0891621993948627,3,0.0411301666063245,6,Joesley Day (mai/2017),201705
MEAL3,0.0473966052500324,494,0.00653599773160729,0.631493400697016,3,0.179516569881201,6,Joesley Day (mai/2017),201705
MGLU3,0.0295045202044233,215,0.126621653833473,1.26294776793929,3,0.288590521016465,6,Joesley Day (mai/2017),201705
MILS3,0.200898345493837,419,0.0458452886863416,0.115068630905015,3,0.0750525507855097,6,Joesley Day (mai/2017),201705
MLFT4,0.0663617063117322,466,0.00808823529411784,0.236323851203501,3,0.0781214058763356,6,Joesley Day (mai/2017),201705
MPLU3,0.0396088942757313,511,0.0225179119754351,-0.0613113113113113,3,0.0475963177853123,6,Joesley Day (mai/2017),201705
MRFG3,0.0225304260041929,718,-0.127423822714681,0.131746031746032,3,0.079122919085159,6,Joesley Day (mai/2017),201705
MRVE3,0.011153810115637,878,-0.169566938963501,0.0416989703590345,3,0.0611005093290452,6,Joesley Day (mai/2017),201705
MULT3,0.0193690849855754,899,-0.0531760154833657,0.149889460679147,3,0.0466719864811658,6,Joesley Day (mai/2017),201705
MYPK3,0.0160021976634865,604,-0.117294972821005,0.369491655103099,3,0.0866521996298616,6,Joesley Day (mai/2017),201705
NATU3,0.0147474937207906,770,0.0766942034944511,-0.0942584889628852,3,0.128636609995133,6,Joesley Day (mai/2017),201705
ODPV3,0.0816392329446484,444,0.0541484716157206,0.227837613918807,3,0.0731373204068489,6,Joesley Day (mai/2017),201705
OFSA3,0.0679560931330747,191,0,0.0780000979332625,3,0.131939235238188,6,Joesley Day (mai/2017),201705
OGXP3,0.688448545150099,16,-0.098802374906087,0.348837194565799,3,0.144965576917737,6,Joesley Day (mai/2017),201705
OIBR3,0.203500637989999,28,-0.0293398547674489,0.130982374503988,3,0.0705322422871472,6,Joesley Day (mai/2017),201705
OIBR4,0.179903669051008,215,0.0441176470588236,0.0422535211267605,3,0.0506848991550716,6,Joesley Day (mai/2017),201705
PARD3,0.0175527480354426,714,0.0306530430919589,0.310344827586207,3,0.0679963055977835,6,Joesley Day (mai/2017),201705
PCAR4,0.0126804055459237,860,-0.0386062717770034,0.0436358364743406,3,0.0698075479690838,6,Joesley Day (mai/2017),201705
PDGR3,0.946285227963144,16,0.014999986734,0.0443350159508849,3,0.0897177131056559,6,Joesley Day (mai/2017),201705
PETR3,0.0109969102259314,849,-0.051532173057497,0.025697599256562,3,0.0810424473476031,6,Joesley Day (mai/2017),201705
PETR4,0.00692397120809364,1074,-0.0722975414270305,0.0532406514098021,3,0.0812815963677911,6,Joesley Day (mai/2017),201705
PFRM3,0.151710377080869,64,-0.158744493560646,-0.134328410093872,3,0.0847347761073688,6,Joesley Day (mai/2017),201705
PINE4,0.293424388256841,15,-0.169863349047222,0.0627064369385262,3,0.0709771378873944,6,Joesley Day (mai/2017),201705
PMAM3,0.499571641595989,27,0,0.215384624679114,3,0.101326565630776,6,Joesley Day (mai/2017),201705
PNVL3,0.324027172152895,19,-0.0431034089060776,-0.105529032892833,3,0.0866675310041796,6,Joesley Day (mai/2017),201705
PNVL4,0.115684507393981,440,-0.0362438220757826,0.23076923076923,3,0.0723671900315883,6,Joesley Day (mai/2017),201705
POMO3,0.232567515392741,33,0.0666663106573178,0.316964504743548,3,0.137153488884932,6,Joesley Day (mai/2017),201705
POMO4,0.0342099463652193,541,0.174999342810493,0.379432674065032,3,0.123241194689322,6,Joesley Day (mai/2017),201705
PRIO3,0.284904986044856,15,-0.153633811066828,0.192663018129934,3,0.0894689825977003,6,Joesley Day (mai/2017),201705
PRML3,0.245594830733805,48,-0.122923553654637,0.426767687106203,3,0.131259190439367,6,Joesley Day (mai/2017),201705
PSSA3,0.0237213886574919,511,0.12117012367839,0.106429394442209,3,0.0629083063445865,6,Joesley Day (mai/2017),201705
PTBL3,0.395997024422545,147,0.198750298411812,0.21329240698582,3,0.140049552030282,6,Joesley Day (mai/2017),201705
QGEP3,0.0784408031379198,521,-0.089622641509434,0.302245250431778,3,0.0764640748284009,6,Joesley Day (mai/2017),201705
QUAL3,0.0243238578977472,830,0.267438895489534,0.243754525306494,3,0.102936705958192,6,Joesley Day (mai/2017),201705
RADL3,0.014856168452447,823,0.067457417129597,-0.0348274603991923,3,0.0592485461389528,6,Joesley Day (mai/2017),201705
RAIL3,0.0250669610560317,883,-0.028636665115291,0.218160280048633,3,0.0841932707484774,6,Joesley Day (mai/2017),201705
RAPT3,0.135811913652921,239,0.0126182905009888,0.541046180301612,3,0.145705170724723,6,Joesley Day (mai/2017),201705
RAPT4,0.0379141828576978,525,0.0148935832576482,0.349233197688536,3,0.112418455099399,6,Joesley Day (mai/2017),201705
RDNI3,0.231077662472203,219,-0.122657580919932,-0.0485436893203881,3,0.124978908217902,6,Joesley Day (mai/2017),201705
REDE3,0.365489341897947,58,0.0159762334303011,-0.139999680204379,3,0.0747545347094788,6,Joesley Day (mai/2017),201705
RENT3,0.0176803908795571,851,-0.0347990657018097,0.374992429880162,3,0.0753842712114936,6,Joesley Day (mai/2017),201705
RLOG3,0.0946603645515207,473,-0.0196969696969697,0.241112828438949,3,0.0655500033864218,6,Joesley Day (mai/2017),201705
ROMI3,0.163415714298842,143,0.112676305535845,0.36962093237696,3,0.12773353976029,6,Joesley Day (mai/2017),201705
RPAD3,0.138168175493564,136,0.0954356319850318,-0.0907690068494391,3,0.104367916496341,6,Joesley Day (mai/2017),201705
RSID3,0.367659037356819,34,0.139682477930388,-0.0181057995420371,3,0.0489865409568179,6,Joesley Day (mai/2017),201705
SANB11,0.0234172091177389,792,-0.0674430551100632,0.108022468743202,3,0.0451500466649995,6,Joesley Day (mai/2017),201705
SANB4,0.106597473282846,382,-0.079457942574952,0.128955729108343,3,0.0552288230683685,6,Joesley Day (mai/2017),201705
SAPR4,0.0316343338818482,763,0.0165368070701084,0.0298976923751864,3,0.0265847581200831,6,Joesley Day (mai/2017),201705
SBSP3,0.0204157302756002,877,-0.0092244554287324,0.108620542183941,3,0.0802536470951685,6,Joesley Day (mai/2017),201705
SCAR3,0.0894207336355828,46,-0.055323177236953,0.178019113894316,3,0.0818612155176217,6,Joesley Day (mai/2017),201705
SEDU3,0.202193102893124,25,0.122848200312989,0.0836236933797911,3,0.086215143735531,6,Joesley Day (mai/2017),201705
SEER3,0.0422195429583173,612,-0.017958939487706,0.213216888193308,3,0.0737594611825069,6,Joesley Day (mai/2017),201705
SGPS3,0.161659343474025,18,0.142697881828316,0.0429268292682923,3,0.130490979407272,6,Joesley Day (mai/2017),201705
SHOW3,0.475439070535751,39,0.0286167861994151,0.0463679116710818,3,0.148433896791575,6,Joesley Day (mai/2017),201705
SLCE3,0.0855463131235293,447,0.0290816596793246,0.100644558053586,3,0.0465288971936175,6,Joesley Day (mai/2017),201705
SLED4,0.583978045503942,11,-0.162790707492296,-0.0384616044028503,3,0.0402112764671678,6,Joesley Day (mai/2017),201705
SMLE3,0.0301802260728795,833,-0.0874855156431056,0.103333333333334,3,0.0811155319343816,5,Joesley Day (mai/2017),201705
SMTO3,0.0340406674969824,720,0.0112358745692769,-0.0149469153844058,3,0.0445349095353554,6,Joesley Day (mai/2017),201705
SNSL3,0.149939302769731,27,0.0550996483001174,0.353333333333333,3,0.107190277853069,6,Joesley Day (mai/2017),201705
SSBR3,0.235021702031942,376,-0.0710004610419549,0.220843672456576,3,0.138888055189937,6,Joesley Day (mai/2017),201705
STBP3,0.030339219413322,400,-0.170212765957447,0.487179487179488,3,0.154191947819262,6,Joesley Day (mai/2017),201705
SULA11,0.0254781942104903,527,0.0631328171530674,0.0072829131652663,3,0.012463064271347,6,Joesley Day (mai/2017),201705
SUZB5,0.0174598028953508,832,0.144668158090977,0.140065146579805,3,0.111028459345193,6,Joesley Day (mai/2017),201705
TAEE11,0.0384713276211043,617,0.0322834331026574,4.85633737448143e-05,3,0.0509894169425348,6,Joesley Day (mai/2017),201705
TCSA3,0.0457933660601932,464,-0.190140834192368,0.0347825755243716,3,0.105493503263665,6,Joesley Day (mai/2017),201705
TECN3,0.0818953346387501,236,-0.0622221895594948,-0.0426539345888943,3,0.0794482041025735,6,Joesley Day (mai/2017),201705
TEND3,0.078658407137313,496,0.358298102786691,0.0877447015977075,3,0.0523244608450107,6,Joesley Day (mai/2017),201705
TESA3,0.134055813291549,208,0.0727699530516432,0.225382932166302,3,0.131840796882601,6,Joesley Day (mai/2017),201705
TGMA3,0.0935991899498225,283,0.0449990816772532,0.188985458534446,3,0.124985647034596,6,Joesley Day (mai/2017),201705
TIET11,0.0428578345820132,566,0.0237212750185323,0.0246198406951483,3,0.0432035260184541,6,Joesley Day (mai/2017),201705
TIET4,0.344904955312559,11,0.00370370370370354,0.0479704797047968,3,0.042554250667578,6,Joesley Day (mai/2017),201705
TIMP3,0.0139459451923681,800,-0.0331384015594541,0.137096774193548,3,0.0440766740151022,6,Joesley Day (mai/2017),201705
TOTS3,0.0292795622383757,556,0.0856114687859781,0.0358023272478458,3,0.0412836035387742,6,Joesley Day (mai/2017),201705
TPIS3,0.224981235363096,22,-0.244791600074901,0.213793085712871,3,0.157830076182117,6,Joesley Day (mai/2017),201705
TRIS3,0.882776127611862,15,0.0184496577092728,0.0144930410775657,3,0.19558912723018,6,Joesley Day (mai/2017),201705
TRPL4,0.0540742081795361,687,0.0409677419354839,0.0962193988224353,3,0.0562440667481804,6,Joesley Day (mai/2017),201705
TUPY3,0.0573959705663039,582,-0.0478686553405289,0.208933236748918,3,0.0861067756002532,6,Joesley Day (mai/2017),201705
UGPA3,0.021444106276899,934,0.0629081100686666,-0.00697774458471601,3,0.0552728992857241,6,Joesley Day (mai/2017),201705
UNIP3,0.138168175493564,136,0.219354648220176,0.545133818880144,3,0.125325526419308,6,Joesley Day (mai/2017),201705
UNIP6,0.707466123510756,16,0.315650269842498,0.647482984172497,3,0.135981249135235,6,Joesley Day (mai/2017),201705
USIM3,0.131370163722877,38,-0.0273349002305769,0.201405238611953,3,0.116141387287379,6,Joesley Day (mai/2017),201705
USIM5,0.0278863117535709,796,-0.0680753199285454,0.735516500995986,3,0.115109538320836,6,Joesley Day (mai/2017),201705
VALE3,0.0110725793502273,852,-0.0109209500640857,0.291129972381993,3,0.0773807696382885,6,Joesley Day (mai/2017),201705
VALE5,0.0229442816155045,962,-0.0178978959363207,0.262892521190995,3,0.0812748444447507,6,Joesley Day (mai/2017),201705
VIVT3,0.0516532559686303,548,0.0202652444597455,0.0913626952864819,3,0.0682607363588435,6,Joesley Day (mai/2017),201705
VIVT4,0.0107713990733969,898,-0.0103615986466484,0.0435897435897439,3,0.0446763755544055,6,Joesley Day (mai/2017),201705
VLID3,0.0598526569125271,529,-0.18445085678628,0.21004842592216,3,0.125374995485767,6,Joesley Day (mai/2017),201705
VVAR11,0.0298500568787587,434,-0.142737119640012,0.616062535656291,3,0.180447941118514,6,Joesley Day (mai/2017),201705
WEGE3,0.0166138585991686,773,0.0734460005932778,0.0835263373343911,3,0.0594170597739258,6,Joesley Day (mai/2017),201705
AALR3,0.0826976648202803,493,-0.0833907652193165,-0.0466165823546413,3,0.0582811225305478,6,Greve caminhoneiros (mai/2018),201805
ABCB4,0.0506417009462925,454,-0.125799515867116,-0.0676510379154192,3,0.090861491277054,6,Greve caminhoneiros (mai/2018),201805
ABEV3,0.0143615230085263,947,-0.156022427283616,-0.0344082751769337,3,0.0700136242564802,6,Greve caminhoneiros (mai/2018),201805
AGRO3,0.348602375856378,121,0.0120117462621763,0.0719585664499989,3,0.0609383338383942,6,Greve caminhoneiros (mai/2018),201805
ALPA3,0.314517872795785,88,-0.228178078086093,-0.0978555856523666,3,0.143778509446556,6,Greve caminhoneiros (mai/2018),201805
ALPA4,0.0587454020473941,493,-0.1506751765618,-0.0754018276386166,3,0.11311813890963,6,Greve caminhoneiros (mai/2018),201805
ALSC3,0.0180956397911771,638,-0.118535735037769,-0.00263678312458782,3,0.0788069448581915,6,Greve caminhoneiros (mai/2018),201805
ALUP11,0.0511960845422946,584,-0.102814472575427,-0.026888573230771,3,0.0652313371430122,6,Greve caminhoneiros (mai/2018),201805
ALUP3,0.987871231829028,19,-0.0651289919049922,-0.111756216403673,3,0.0908093556876496,6,Greve caminhoneiros (mai/2018),201805
ALUP4,0.240449239824024,17,-0.0376238535778292,-0.0514404508781529,3,0.0983884195010106,6,Greve caminhoneiros (mai/2018),201805
AMAR3,0.08169585868696,504,-0.198641754045269,-0.135593233815586,3,0.174145996193188,6,Greve caminhoneiros (mai/2018),201805
ANIM3,0.0438016076572361,532,-0.0878049447949812,-0.30481280209061,3,0.144933573663024,6,Greve caminhoneiros (mai/2018),201805
ARZZ3,0.0268492864011525,350,-0.193091732729332,-0.0743859649122807,3,0.070975910506271,6,Greve caminhoneiros (mai/2018),201805
AZUL4,0.0401164762308987,609,-0.271703296703297,-0.132402866842701,3,0.162797309046932,6,Greve caminhoneiros (mai/2018),201805
B3SA3,0.007727070637711,1064,-0.139525777516321,0.0106046962012074,3,0.0995680343208384,6,Greve caminhoneiros (mai/2018),201805
BBAS3,0.017166831861874,1064,-0.166893452455553,0.0033138190193085,3,0.194854905110113,6,Greve caminhoneiros (mai/2018),201805
BBDC3,0.0272982743431194,866,-0.181995261999895,-0.02842831235945,3,0.114750608418358,6,Greve caminhoneiros (mai/2018),201805
BBDC4,0.00936528359499336,1096,-0.155729765137359,-0.0251693417822134,3,0.115068461709616,6,Greve caminhoneiros (mai/2018),201805
BBRK3,0.108118254417233,388,-0.25,-0.190476190476191,3,0.296332251380918,5,Greve caminhoneiros (mai/2018),201805
BBSE3,0.0112516335828449,886,-0.0516740723290935,-0.0294366557130418,3,0.0583947147029333,6,Greve caminhoneiros (mai/2018),201805
BEEF3,0.174934123633739,450,-0.136585313681519,-0.177966262855643,3,0.160831632293521,6,Greve caminhoneiros (mai/2018),201805
BKBR3,0.0817550544407863,378,0.0242085661080076,-0.121212121212121,3,0.127722176485663,6,Greve caminhoneiros (mai/2018),201805
BPAC11,0.0565272450048205,485,-0.130920718108017,0.0899666910944965,3,0.0749865022732906,6,Greve caminhoneiros (mai/2018),201805
BRAP3,0.0738428278796846,437,-0.132258135591327,0.0197027600133861,3,0.108704581441219,6,Greve caminhoneiros (mai/2018),201805
BRAP4,0.0205514673635315,958,-0.1240155167991,-0.00256844733073403,3,0.11574663905332,6,Greve caminhoneiros (mai/2018),201805
BRDT3,0.0237280027734139,672,-0.207317073170732,0.086813186813187,3,0.0903150946464967,6,Greve caminhoneiros (mai/2018),201805
BRFS3,0.0177993503680095,866,-0.136290322580645,-0.0602240896358548,3,0.149555851604055,6,Greve caminhoneiros (mai/2018),201805
BRGE3,0.148020408683881,124,-0.164102564102564,0.352760736196319,2,0.142501315881168,5,Greve caminhoneiros (mai/2018),201805
BRIN3,0.133280753459838,25,0.0894915254237287,-0.135034225264468,3,0.0511820257555798,6,Greve caminhoneiros (mai/2018),201805
BRIV3,0.148020408683881,124,-0.0576271186440679,-0.125899280575539,3,0.113646384831711,6,Greve caminhoneiros (mai/2018),201805
BRKM5,0.0180806291348015,825,0.0840879641097625,0.304184850638395,3,0.0819734093590814,6,Greve caminhoneiros (mai/2018),201805
BRML3,0.0222755392830813,882,-0.0567765567765567,-0.111650485436893,3,0.143463563173628,6,Greve caminhoneiros (mai/2018),201805
BRPR3,0.0354356356322264,457,-0.124403321141946,0.20261436976898,3,0.114212469202585,6,Greve caminhoneiros (mai/2018),201805
BRSR3,0.105752237628369,142,-0.148359805356946,0.141996285909764,3,0.0607034865845983,6,Greve caminhoneiros (mai/2018),201805
BRSR6,0.045628128198946,685,-0.17098135570394,-0.0950941076041509,3,0.154647819072778,6,Greve caminhoneiros (mai/2018),201805
BTOW3,0.0114614884343476,746,-0.122837370242214,0.0422090729783038,3,0.100570462053472,6,Greve caminhoneiros (mai/2018),201805
CAMB4,0.27958349168932,25,-0.0223463687150838,0.00571428571428578,3,0.0896730424704079,6,Greve caminhoneiros (mai/2018),201805
CAML3,0.0428468240606513,514,-0.0222222420124599,-0.124992910244314,3,0.128376310201873,6,Greve caminhoneiros (mai/2018),201805
CARD3,0.383174464309131,144,-0.331034482758621,0.00147275405007363,3,0.123408958782415,6,Greve caminhoneiros (mai/2018),201805
CCPR3,0.095387823731303,140,-0.0191304347826088,-0.202127659574468,3,0.0459123976336763,6,Greve caminhoneiros (mai/2018),201805
CCRO3,0.0197463562896909,876,-0.138795986622074,-0.0912621359223299,3,0.161745500495162,6,Greve caminhoneiros (mai/2018),201805
CELP3,0.115252823140375,71,-0.116161616161616,0.0228571428571429,3,0.168576971421548,6,Greve caminhoneiros (mai/2018),201805
CESP3,0.322042012102132,101,-0.0464285714285715,0.0411985018726593,3,0.121686179024649,6,Greve caminhoneiros (mai/2018),201805
CESP6,0.0216446251738355,750,-0.0581196581196581,0.0102843315184511,3,0.157410969978121,6,Greve caminhoneiros (mai/2018),201805
CGAS3,0.107595109766329,147,-0.0252087416640053,-0.0666209662733126,3,0.104143953837484,6,Greve caminhoneiros (mai/2018),201805
CGAS5,0.110669111311236,404,-0.0336701778261738,-0.0870400626546283,3,0.100261395104244,6,Greve caminhoneiros (mai/2018),201805
CGRA4,0.716940319196713,139,-0.100824873810849,-0.0633598703512899,3,0.0605184855713087,6,Greve caminhoneiros (mai/2018),201805
CIEL3,0.015594480703107,818,-0.1171875,-0.109144542772862,3,0.140886442863605,6,Greve caminhoneiros (mai/2018),201805
CLSC4,0.332995433020246,16,0.0513921065695846,-0.019100029367316,3,0.117877679304003,6,Greve caminhoneiros (mai/2018),201805
CMIG3,0.0572558969390713,571,-0.0872851603169849,0.00285731832292813,3,0.288452227720615,6,Greve caminhoneiros (mai/2018),201805
CMIG4,0.0183984471344195,919,-0.0363971430538441,-0.0273794336898716,3,0.23511161522875,6,Greve caminhoneiros (mai/2018),201805
COCE5,0.390263972186192,34,-0.0798767694604426,-0.145669432402111,3,0.0817582558317717,6,Greve caminhoneiros (mai/2018),201805
CPFE3,0.0704954386808107,743,-0.0533279296805542,-0.0349346101626019,3,0.0500166419097874,6,Greve caminhoneiros (mai/2018),201805
CPLE3,0.066800174736458,402,-0.128608913338914,-0.062328883974188,3,0.136638089690157,6,Greve caminhoneiros (mai/2018),201805
CPLE6,0.0340792852383028,778,-0.12280701754386,-0.132340425531915,3,0.138134984222422,6,Greve caminhoneiros (mai/2018),201805
CPRE3,0.0713115546267679,432,0.0516002612671458,0.027950310559006,3,0.0617948619209051,6,Greve caminhoneiros (mai/2018),201805
CRDE3,0.0727283151301079,182,-0.1875,-0.076923076923077,3,0.202208926617288,6,Greve caminhoneiros (mai/2018),201805
CREM3,0.267400821267752,10,-0.0859812602096634,-0.0143149309512495,3,0.0202633130892641,6,Greve caminhoneiros (mai/2018),201805
CRFB3,0.0269192108027559,589,0.0562913907284768,-0.0884012539184953,3,0.064634260470929,6,Greve caminhoneiros (mai/2018),201805
CRIV3,0.148020408683881,124,-0.0801781737193764,0,3,0.0567995647277756,6,Greve caminhoneiros (mai/2018),201805
CSAN3,0.0344509721198054,860,0.00336982430361776,-0.103092720165361,3,0.0658960753180649,6,Greve caminhoneiros (mai/2018),201805
CSMG3,0.0236530180767342,641,-0.103252727753551,-0.021000099360779,3,0.139782195425607,6,Greve caminhoneiros (mai/2018),201805
CSNA3,0.0230860343860175,778,-0.123006710507651,0.14025958006914,3,0.085170729516809,6,Greve caminhoneiros (mai/2018),201805
CTNM4,0.147076075824681,125,-0.269788183305767,-0.143511454938598,3,0.134306411123092,6,Greve caminhoneiros (mai/2018),201805
CVCB3,0.0130697295305148,876,-0.120538052786867,-0.165686342409829,3,0.146902032013078,6,Greve caminhoneiros (mai/2018),201805
CYRE3,0.0123029383915983,883,-0.125080964351421,-0.0650126268089449,3,0.160527232247791,6,Greve caminhoneiros (mai/2018),201805
DIRR3,0.110773310518965,394,0.0377670461722597,0.0680375534125135,3,0.0905779996805733,6,Greve caminhoneiros (mai/2018),201805
DTEX3,0.0301840564800242,556,-0.0887850467289719,-0.00923076923076915,3,0.149966309131339,6,Greve caminhoneiros (mai/2018),201805
ECOR3,0.0606145962658892,789,-0.175124888747511,-0.101265819158173,3,0.14651370494596,6,Greve caminhoneiros (mai/2018),201805
EGIE3,0.0309479488627918,793,0,0.0463714795541712,3,0.0867353489728646,6,Greve caminhoneiros (mai/2018),201805
ELET3,0.0230371801048707,854,-0.232826428945989,0.0813397129186608,3,0.280690296683853,6,Greve caminhoneiros (mai/2018),201805
ELET6,0.0218257384230174,865,-0.265350877192982,0.0805970149253734,3,0.256047856887198,6,Greve caminhoneiros (mai/2018),201805
ELPL3,0.0477117683778351,649,0.0245901639344264,-0.288285714285714,3,0.190380095712897,6,Greve caminhoneiros (mai/2018),201805
EMBR3,0.0119462408755969,880,0.0158084914182475,-0.128501556247221,3,0.104033216152966,6,Greve caminhoneiros (mai/2018),201805
ENBR3,0.0229774138361938,797,-0.0482361411087113,0.0143721633888048,3,0.0534095979676746,6,Greve caminhoneiros (mai/2018),201805
ENEV3,0.135056766562376,323,-0.0218045080973043,-0.0061491100921317,3,0.0505787332921627,6,Greve caminhoneiros (mai/2018),201805
ENGI11,0.0180606975846355,814,-0.0905526623027377,0.0122300612777198,3,0.0543886094823272,6,Greve caminhoneiros (mai/2018),201805
ENGI4,0.303294767352698,88,-0.116117962597469,-0.00827380778587994,3,0.107433332528401,6,Greve caminhoneiros (mai/2018),201805
EQTL3,0.0141141306136886,1017,-0.145607933383043,-0.0623458383218191,3,0.0967629987596113,6,Greve caminhoneiros (mai/2018),201805
ESTC3,0.0143659778636191,932,-0.211598746081505,-0.103777335984095,3,0.0944505893893146,6,Greve caminhoneiros (mai/2018),201805
ETER3,0.245605628849473,118,-0.366197286123572,0.222222291914789,3,0.144096304832127,6,Greve caminhoneiros (mai/2018),201805
EUCA4,0.211999375637112,355,-0.225679247471325,-0.131284843144984,3,0.153914954216019,6,Greve caminhoneiros (mai/2018),201805
EVEN3,0.0996198116431313,510,-0.075055291045545,-0.171837688755883,3,0.263478084203228,6,Greve caminhoneiros (mai/2018),201805
EZTC3,0.0243378722229764,596,-0.104975156740298,-0.107837481348869,3,0.194850907719905,6,Greve caminhoneiros (mai/2018),201805
FESA4,0.061836838690453,93,-0.0869770676639784,0.151331078072515,3,0.104568225404882,6,Greve caminhoneiros (mai/2018),201805
FIBR3,0.016342014861249,907,0.0286295784130148,0.118677616145084,3,0.0458977637706754,6,Greve caminhoneiros (mai/2018),201805
FLRY3,0.012028941455903,853,-0.0585984181399489,0.0525841018629891,3,0.0888084391295749,6,Greve caminhoneiros (mai/2018),201805
FRAS3,0.133409972721631,17,-0.0364295282080221,-0.089808333006606,3,0.083015408793933,6,Greve caminhoneiros (mai/2018),201805
GFSA3,0.0720193588605769,210,0.0441425741641139,-0.0821137726817592,3,0.179997816796982,6,Greve caminhoneiros (mai/2018),201805
GGBR3,0.249976556612297,107,-0.18164592094906,0.123834428587748,3,0.0839482516309805,6,Greve caminhoneiros (mai/2018),201805
GGBR4,0.0104379502348023,962,-0.106950024547513,0.0933809728415351,3,0.102527081630755,6,Greve caminhoneiros (mai/2018),201805
GNDI3,0.0289341054501069,624,0.053921568627451,0.186046511627907,3,0.0882636676228833,6,Greve caminhoneiros (mai/2018),201805
GOAU3,0.160337874445979,130,-0.107007040212765,0.29032901432763,3,0.116620269235712,6,Greve caminhoneiros (mai/2018),201805
GOAU4,0.0115903668064494,902,-0.124695639099473,0.164718439170874,3,0.119418616247305,6,Greve caminhoneiros (mai/2018),201805
GOLL4,0.0441004231829731,450,-0.305355303810505,-0.169014084507042,3,0.339441118273796,6,Greve caminhoneiros (mai/2018),201805
GRND3,0.0716233788160435,495,-0.130876649300291,-0.0757900286730106,3,0.0664484638501092,6,Greve caminhoneiros (mai/2018),201805
GUAR3,0.0401521838346591,544,-0.206496350364964,-0.0336675558826236,3,0.158055920048444,6,Greve caminhoneiros (mai/2018),201805
HAPV3,0.0132054694805216,815,0.0849909202465549,-0.137000025702494,3,0.0787776318970147,6,Greve caminhoneiros (mai/2018),201805
HBOR3,0.113293620167314,160,-0.262069074276998,-0.0747662381284196,3,0.302398940639243,6,Greve caminhoneiros (mai/2018),201805
HGTX3,0.0619550226207444,636,-0.110994764397906,-0.0335689045936399,3,0.143088292226725,6,Greve caminhoneiros (mai/2018),201805
HYPE3,0.0300419202018115,830,-0.104761768139309,-0.0212611806193059,3,0.0385442080150846,6,Greve caminhoneiros (mai/2018),201805
IDNT3,0.0910989787877844,201,-0.0555555555555556,-0.07764705882353,3,0.135818750414235,6,Greve caminhoneiros (mai/2018),201805
IGTA3,0.0225084969125532,865,-0.119887955182073,-0.0248249522597072,3,0.117812381041112,6,Greve caminhoneiros (mai/2018),201805
INEP3,0.131766167485416,125,0.612903275425304,0.380000019073487,3,0.444418813633519,6,Greve caminhoneiros (mai/2018),201805
IRBR3,0.0199590281004963,636,0.019450477051004,0.232683386890968,3,0.0461084775932936,6,Greve caminhoneiros (mai/2018),201805
ITSA3,0.172623305465713,347,-0.154838420985179,-0.0458258164775509,3,0.0818863034237951,6,Greve caminhoneiros (mai/2018),201805
ITSA4,0.019113671288843,1016,-0.174871377952454,-0.039093822943297,3,0.0973214635158087,6,Greve caminhoneiros (mai/2018),201805
ITUB3,0.0405381312514705,542,-0.1332649477491,-0.000661531949826877,3,0.0824030879072691,6,Greve caminhoneiros (mai/2018),201805
ITUB4,0.00729612080302687,1080,-0.157172347624325,0.00198469400288093,3,0.0799941424508527,6,Greve caminhoneiros (mai/2018),201805
JBSS3,0.0311642275312924,780,0.0205714285714285,0.0526315789473686,3,0.06441926973781,6,Greve caminhoneiros (mai/2018),201805
JHSF3,0.100656507116407,160,-0.303571522129897,0.0170940310722061,3,0.184284525072672,6,Greve caminhoneiros (mai/2018),201805
JOPA3,0.148020408683881,124,0.176470547575069,-0.0750001028195469,3,0.076070195482699,6,Greve caminhoneiros (mai/2018),201805
JPSA3,0.0542404613795984,432,-0.0530479292694275,-0.0673218673218673,3,0.0638108738782486,6,Greve caminhoneiros (mai/2018),201805
KLBN11,0.01170669305965,857,-0.00449190139371369,0.0258230156235995,3,0.0618082381323988,6,Greve caminhoneiros (mai/2018),201805
KLBN4,0.148164084077543,370,0.0176247522786823,-0.0342616611145966,3,0.0435136272195867,6,Greve caminhoneiros (mai/2018),201805
KROT3,0.012975407684327,839,-0.228408279800143,-0.054579093432008,3,0.136418233292103,6,Greve caminhoneiros (mai/2018),201805
LAME3,0.0408068275512141,616,-0.0938967136150235,-0.160621761658031,3,0.115324025336177,6,Greve caminhoneiros (mai/2018),201805
LAME4,0.0120450502944713,970,-0.109273182957394,-0.122115925717501,3,0.113871338665442,6,Greve caminhoneiros (mai/2018),201805
LCAM3,0.216917260163169,422,-0.201315789473684,0.14662273476112,3,0.111569345028591,6,Greve caminhoneiros (mai/2018),201805
LEVE3,0.0408965438286829,383,0.149700346858672,-0.0655553808791152,3,0.101828440189261,6,Greve caminhoneiros (mai/2018),201805
LIGT3,0.0320826216825012,661,-0.295895121535159,0.123886669680385,3,0.158900978765772,6,Greve caminhoneiros (mai/2018),201805
LINX3,0.0266240978127093,651,-0.150268336314848,-0.0947368421052632,3,0.244728935407007,6,Greve caminhoneiros (mai/2018),201805
LOGN3,0.270850643719414,131,0.00774109197110029,0.540636131115057,3,0.252396018587948,6,Greve caminhoneiros (mai/2018),201805
LPSB3,0.741980046259428,171,-0.299999974531909,-0.106383212890492,3,0.168161980594153,6,Greve caminhoneiros (mai/2018),201805
LREN3,0.021356584256782,924,-0.090156082520756,-0.0443829301704294,3,0.100342518679671,6,Greve caminhoneiros (mai/2018),201805
MAGG3,0.133768992686914,433,0.172,0.0535687787505563,3,0.101012780671163,6,Greve caminhoneiros (mai/2018),201805
MDIA3,0.0347991673776917,402,-0.0454546133350856,0.00738090470141128,3,0.10287680575127,6,Greve caminhoneiros (mai/2018),201805
MEAL3,0.0234261149921667,566,-0.0981594254332832,0.0204081805051528,3,0.0848235138143929,6,Greve caminhoneiros (mai/2018),201805
MGLU3,0.0154372202810296,935,0.0160248105715644,0.201346782733312,3,0.167692575671019,6,Greve caminhoneiros (mai/2018),201805
MILS3,0.170967234376041,224,-0.252873501128343,-0.165384704465302,3,0.335684814093219,6,Greve caminhoneiros (mai/2018),201805
MOAR3,0.169772059296932,33,-0.135135135135135,0,3,0.0223974610145731,6,Greve caminhoneiros (mai/2018),201805
MOVI3,0.0696564193684497,495,-0.140372384496629,-0.124804691111481,3,0.189315481826825,6,Greve caminhoneiros (mai/2018),201805
MPLU3,0.120621044130499,431,-0.0909090909090909,-0.0642307692307696,3,0.0831652251374252,6,Greve caminhoneiros (mai/2018),201805
MRFG3,0.0256669408235737,740,-0.00126262626262619,-0.276864728192162,3,0.166302261494221,6,Greve caminhoneiros (mai/2018),201805
MRVE3,0.0154708772516532,947,-0.0758195162098733,-0.0348922239833157,3,0.0707060247653185,6,Greve caminhoneiros (mai/2018),201805
MULT3,0.0287014957916273,843,-0.118009673336669,-0.0380408141618399,3,0.103762328869111,6,Greve caminhoneiros (mai/2018),201805
MYPK3,0.0196830362662567,657,-0.153380721396829,-0.0433701481941651,3,0.145774438876323,6,Greve caminhoneiros (mai/2018),201805
NATU3,0.0708552981118202,858,0.0468799671891274,-0.139976311330928,3,0.134299714110129,6,Greve caminhoneiros (mai/2018),201805
ODPV3,0.0437550967155018,500,-0.0711909514304723,-0.0616045845272207,3,0.042233169225454,6,Greve caminhoneiros (mai/2018),201805
OFSA3,0.0908842709128335,175,-0.161425590187289,0.144999802161235,3,0.0894108470503258,6,Greve caminhoneiros (mai/2018),201805
OIBR3,0.0721023822703561,486,-0.0904393340963036,-0.213068148484959,3,0.19050726406382,6,Greve caminhoneiros (mai/2018),201805
OIBR4,0.0931559476284641,309,-0.115853658536585,-0.117241379310345,3,0.2006408941484,6,Greve caminhoneiros (mai/2018),201805
OMGE3,0.0252283273168435,602,-0.0450771055753261,0.00124223602484475,3,0.0518797726480594,6,Greve caminhoneiros (mai/2018),201805
PARD3,0.0312074052448083,669,-0.236244709503655,-0.256423173803526,3,0.132415652857763,6,Greve caminhoneiros (mai/2018),201805
PCAR4,0.0115456026552475,845,0.00978026165375323,0.0272955974842768,3,0.0713430435836947,6,Greve caminhoneiros (mai/2018),201805
PETR3,0.0118469320088428,860,-0.0975176477099522,-0.00273138045959098,3,0.138227994398462,6,Greve caminhoneiros (mai/2018),201805
PETR4,0.00654329180783842,1092,-0.172052211584506,0.0172904655759851,3,0.154654355965386,6,Greve caminhoneiros (mai/2018),201805
PFRM3,0.157572330733183,82,-0.260177019532509,0.136363849290928,3,0.128398367407062,6,Greve caminhoneiros (mai/2018),201805
PINE4,0.187845994332549,171,-0.1242037195053,-0.163636503431523,3,0.190868318352092,6,Greve caminhoneiros (mai/2018),201805
PMAM3,0.217971130961655,152,-0.263565940691334,0.242105314128678,3,0.0932791844117114,6,Greve caminhoneiros (mai/2018),201805
PNVL3,0.234840541405129,62,-0.0281544839067032,-0.227890326630867,3,0.0843806130112079,6,Greve caminhoneiros (mai/2018),201805
PNVL4,0.106665330904893,435,-0.13633746477166,-0.0897192982456141,3,0.0353043634396903,6,Greve caminhoneiros (mai/2018),201805
POMO3,0.249258834266357,28,-0.144615274194791,-0.0395684711444627,3,0.108602195746171,6,Greve caminhoneiros (mai/2018),201805
POMO4,0.0315933929230908,345,-0.125000063023918,0.0616250794011384,3,0.10135874792564,6,Greve caminhoneiros (mai/2018),201805
POSI3,0.524784238302448,143,-0.136904776079359,-0.248275874357887,3,0.160522357017893,6,Greve caminhoneiros (mai/2018),201805
PPLA11,0.245949006004944,11,-0.0827067669172933,-0.442622950819672,3,0.326143377961175,6,Greve caminhoneiros (mai/2018),201805
PRIO3,0.26645202968329,35,-0.0184472033405255,0.325806507793872,3,0.142491555693574,6,Greve caminhoneiros (mai/2018),201805
PSSA3,0.0579390590752802,498,-0.0257131449305106,0.314517464511517,3,0.112047953022712,6,Greve caminhoneiros (mai/2018),201805
PTBL3,0.45061987991289,43,-0.176787623136172,-0.0390235534693367,3,0.162894178847139,6,Greve caminhoneiros (mai/2018),201805
QGEP3,0.132699321229286,315,-0.0454189506656225,0.000820344544708584,3,0.171733681232321,6,Greve caminhoneiros (mai/2018),201805
QUAL3,0.0137253156270538,915,-0.217659263285068,-0.15528015257299,3,0.111153733815729,6,Greve caminhoneiros (mai/2018),201805
RADL3,0.0166800994239543,807,-0.0946499586535748,0.239340977171965,3,0.0908563430740129,6,Greve caminhoneiros (mai/2018),201805
RAIL3,0.0178077290288681,912,-0.070033652608656,0.0304126742932056,3,0.0500840590943596,6,Greve caminhoneiros (mai/2018),201805
RAPT3,0.148008112718277,125,-0.216099162909433,-0.0830255482207426,3,0.174769682998444,6,Greve caminhoneiros (mai/2018),201805
RAPT4,0.0355688524102373,533,-0.20685931570555,-0.0400671740128388,3,0.139035713386682,6,Greve caminhoneiros (mai/2018),201805
RDNI3,0.258385113393539,275,-0.202127659574468,-0.231111111111111,3,0.186823594635143,6,Greve caminhoneiros (mai/2018),201805
RENT3,0.00986627329069512,994,-0.113302363466856,-0.127009095577091,3,0.130088390677084,6,Greve caminhoneiros (mai/2018),201805
RLOG3,0.0686656427189151,494,-0.0788990825688074,-0.0408366533864539,3,0.116599212759692,6,Greve caminhoneiros (mai/2018),201805
ROMI3,0.0789647599081438,188,-0.288366578292707,0.321739757880249,3,0.123693893016947,6,Greve caminhoneiros (mai/2018),201805
RPAD3,0.148020408683881,124,-0.153846153846154,0.0909090909090913,3,0.0871716318114595,6,Greve caminhoneiros (mai/2018),201805
RSID3,0.361190861466436,48,-0.130624109260905,-0.323873064192314,3,0.237392516704439,6,Greve caminhoneiros (mai/2018),201805
SANB11,0.0444244538657679,858,-0.113618259766458,0.0300078072504852,3,0.144858128497496,6,Greve caminhoneiros (mai/2018),201805
SAPR11,0.0300007319285265,771,-0.151186588216354,-0.0926946230991147,3,0.120167522607674,6,Greve caminhoneiros (mai/2018),201805
SAPR3,0.857463361901175,24,-0.19757596514757,-0.291742524289203,3,0.255968590897282,6,Greve caminhoneiros (mai/2018),201805
SAPR4,0.310840237226465,48,-0.165885807685506,-0.00895445157981156,3,0.090405435065504,6,Greve caminhoneiros (mai/2018),201805
SBSP3,0.018762885256306,824,-0.256257098477988,-0.0669215750933598,3,0.101554805276819,6,Greve caminhoneiros (mai/2018),201805
SCAR3,0.257173647073491,10,-0.11378400510109,-0.130832445798547,3,0.0812720254546771,6,Greve caminhoneiros (mai/2018),201805
SEDU3,0.164796099755902,177,-0.00275862068965516,0.016136468418626,3,0.0238730174375606,6,Greve caminhoneiros (mai/2018),201805
SEER3,0.034020513896617,587,0.0415663752928297,-0.074609632690902,3,0.0874654481661258,6,Greve caminhoneiros (mai/2018),201805
SGPS3,0.278457693806812,25,-0.201902748414376,-0.066225165562914,3,0.110280120650918,6,Greve caminhoneiros (mai/2018),201805
SHOW3,0.131475983231815,217,-0.0842213915613237,-0.147522538841782,3,0.0647122308358629,6,Greve caminhoneiros (mai/2018),201805
SLCE3,0.0651791578589409,244,0.0637285362015345,0.45695379236257,3,0.156135485924596,6,Greve caminhoneiros (mai/2018),201805
SLED4,0.323817540185886,118,-0.272222217366413,-0.282442759551324,3,0.104540502188206,6,Greve caminhoneiros (mai/2018),201805
SMLS3,0.015888230155926,919,-0.190694444444444,-0.10914707396602,3,0.132215169876473,6,Greve caminhoneiros (mai/2018),201805
SMTO3,0.0305616173121065,606,0.0318022878636715,0.109734344422087,3,0.0698746795783244,6,Greve caminhoneiros (mai/2018),201805
SNSL3,0.0933840418208543,41,-0.104905119942714,-0.1168,3,0.134832283385725,6,Greve caminhoneiros (mai/2018),201805
SSBR3,0.292417733477116,381,-0.059375,0.0056953013763652,3,0.110971900509057,6,Greve caminhoneiros (mai/2018),201805
STBP3,0.0275595017862099,521,-0.169184290030212,0.0181818181818183,3,0.155008281070991,6,Greve caminhoneiros (mai/2018),201805
SULA11,0.0181045722939151,674,-0.0943570767807587,0.173135852911133,3,0.104966435144459,6,Greve caminhoneiros (mai/2018),201805
SUZB3,0.0227498492644687,1002,0.0496832183096494,0.097679859202197,3,0.107449559573759,6,Greve caminhoneiros (mai/2018),201805
TAEE11,0.0279875061256999,813,-0.0415619374258418,0.0700196241925024,3,0.0530099706386613,6,Greve caminhoneiros (mai/2018),201805
TCSA3,0.0951895859281262,402,-0.183544337797233,-0.23255814641193,3,0.221210689892769,6,Greve caminhoneiros (mai/2018),201805
TECN3,0.192541139642095,150,-0.31598515887981,-0.0434782364492191,3,0.139253254869301,6,Greve caminhoneiros (mai/2018),201805
TEND3,0.0191482828549011,604,-0.0235202501021282,0.184263185616082,3,0.0904653086816379,6,Greve caminhoneiros (mai/2018),201805
TESA3,0.135996253681463,168,-0.15531914893617,-0.143576826196474,3,0.129893419438616,6,Greve caminhoneiros (mai/2018),201805
TGMA3,0.0356795204136745,459,-0.174272118920231,-0.0846387886436751,3,0.191469277913662,6,Greve caminhoneiros (mai/2018),201805
TIET11,0.0357903925022916,463,-0.125438596491228,-0.0310932798395187,3,0.0501662435665657,6,Greve caminhoneiros (mai/2018),201805
TIMP3,0.0141200511555023,872,-0.159247648902821,-0.0835197613721105,3,0.0291897365929808,6,Greve caminhoneiros (mai/2018),201805
TOTS3,0.0367343366056027,436,-0.12343747838281,-0.0438394982426661,3,0.0924335079357207,6,Greve caminhoneiros (mai/2018),201805
TPIS3,0.256417168814273,120,-0.357429748232964,-0.118749975926348,3,0.264398528858767,6,Greve caminhoneiros (mai/2018),201805
TRIS3,0.139676924308564,36,-0.00378744888614058,-0.0038024625823041,3,0.128193921901938,6,Greve caminhoneiros (mai/2018),201805
TRPL4,0.023288045838312,652,-0.0511764705882354,-0.112678239305642,3,0.0896602807899299,6,Greve caminhoneiros (mai/2018),201805
TRPN3,0.140628848213463,118,-0.115987460815047,-0.141843971631205,3,0.086231122636907,6,Greve caminhoneiros (mai/2018),201805
TUPY3,0.0502250426210018,477,-0.037680658405629,0.343416245506656,3,0.149334519900291,6,Greve caminhoneiros (mai/2018),201805
UCAS3,0.332428940116725,116,-0.0984252128212707,0.0786027552541708,3,0.0839958828072912,6,Greve caminhoneiros (mai/2018),201805
UGPA3,0.0120281273842238,848,-0.172870277019402,-0.165906433962583,3,0.116772584385476,6,Greve caminhoneiros (mai/2018),201805
UNIP3,0.148020408683881,124,0.448704956129912,-0.0319504366657558,3,0.124129051006638,6,Greve caminhoneiros (mai/2018),201805
UNIP6,0.631075649532348,28,0.582687979721595,0.0671408916919438,3,0.122657935598322,6,Greve caminhoneiros (mai/2018),201805
USIM3,0.160043965613974,205,-0.0513618509953072,-0.0656273843863177,3,0.0875504345292456,6,Greve caminhoneiros (mai/2018),201805
USIM5,0.0244669945622136,830,-0.243119219644182,-0.0218183276449431,3,0.157873841410936,6,Greve caminhoneiros (mai/2018),201805
USIM6,0.169772059296932,33,0,-0.198331871195616,3,0.0563922778232852,6,Greve caminhoneiros (mai/2018),201805
VALE3,0.00810888100644024,1050,0.0402714540540177,0.0895814539290369,3,0.0790702063555628,6,Greve caminhoneiros (mai/2018),201805
VIVT3,0.0689558662046879,454,-0.059183768997129,-0.113190351877683,3,0.0758093845458703,6,Greve caminhoneiros (mai/2018),201805
VIVT4,0.020456480346712,871,-0.0740740740740741,-0.120439560439561,3,0.072310392018408,6,Greve caminhoneiros (mai/2018),201805
VLID3,0.055283288644751,264,-0.0065574130913747,-0.188668932732581,3,0.159620700770431,6,Greve caminhoneiros (mai/2018),201805
VULC3,0.0288778050165517,427,-0.153938070358849,-0.2313114180183,3,0.130882352673331,6,Greve caminhoneiros (mai/2018),201805
VVAR11,0.0155058131209206,859,-0.215126037597656,-0.276231291544564,3,0.160428836912457,6,Greve caminhoneiros (mai/2018),201805
VVAR3,0.151689431482329,370,-0.198520345252774,-0.123076923076923,3,0.155482359470949,6,Greve caminhoneiros (mai/2018),201805
WEGE3,0.0155980849818222,812,-0.0337457275366514,0.121733999809729,3,0.0826172511922376,6,Greve caminhoneiros (mai/2018),201805
WIZS3,0.0324132030378276,542,-0.236947791164659,0.125,3,0.0735089700984628,6,Greve caminhoneiros (mai/2018),201805
AALR3,0.0647068605139475,447,-0.0764526066232981,0.0238410261822593,3,0.0597664539947049,6,Choque organico nov/2017,201711
ABCB4,0.0409005391399635,473,-0.0935935141121344,0.206399242022127,3,0.0928089053111312,6,Choque organico nov/2017,201711
ABEV3,0.0104576387379729,967,-0.0162678629584843,0.0896161944861527,3,0.0868540639933551,6,Choque organico nov/2017,201711
AGRO3,0.640546498819241,118,-0.053416907121993,0.136929315856084,3,0.0400848656924597,6,Choque organico nov/2017,201711
ALPA3,0.302059441425361,70,-0.080644096761337,0.10191445724802,3,0.111551487327442,6,Choque organico nov/2017,201711
ALPA4,0.0851724814758396,477,-0.0355316983949389,0.0459308719804839,3,0.0941064016171575,6,Choque organico nov/2017,201711
ALSC3,0.0258422812390464,631,-0.0285062713797035,0.0516431924882632,3,0.0713094990839542,6,Choque organico nov/2017,201711
ALUP11,0.0516823854480732,619,-0.0404434028918061,0.0627494392521109,3,0.0540155270294855,6,Choque organico nov/2017,201711
ALUP3,0.844651882495878,20,-0.153116419786839,0.339576419033279,3,0.146710048686366,6,Choque organico nov/2017,201711
ALUP4,0.220918729827006,19,0.0666666445526116,-0.141898368237709,3,0.0515342345334546,6,Choque organico nov/2017,201711
AMAR3,0.0810127504800152,524,-0.0955413830031362,-0.00140850678898785,3,0.107471468110411,6,Choque organico nov/2017,201711
ANIM3,0.0379112373384016,482,0.0573770922438359,0.0480619209067397,3,0.0914415565002689,6,Choque organico nov/2017,201711
ARZZ3,0.0260372554812235,609,-0.0858555885262116,0.214022938757845,3,0.138101047289945,6,Choque organico nov/2017,201711
AZUL4,0.0264064676171526,653,-0.0193430656934306,0.251581689616673,3,0.157924826911852,6,Choque organico nov/2017,201711
BBAS3,0.146229284333582,1039,-0.125060324560103,0.400359538929696,3,0.145726738886728,6,Choque organico nov/2017,201711
BBDC3,0.0308653883732379,721,-0.0727137555935018,0.243890166214178,3,0.144978454072119,6,Choque organico nov/2017,201711
BBDC4,0.0108277792702553,1052,-0.0580034540390885,0.219050887628283,3,0.121455729619794,6,Choque organico nov/2017,201711
BBRK3,0.0922854149314261,290,-0.117117117117117,-0.23469387755102,3,0.180064135005392,6,Choque organico nov/2017,201711
BBSE3,0.0161625857319546,875,-0.0306527436118643,0.117623176774719,3,0.0626889825374823,6,Choque organico nov/2017,201711
BEEF3,0.157037248613164,490,-0.0565217862980281,-0.163133717412255,3,0.0900375574624544,6,Choque organico nov/2017,201711
BPAC11,0.0871551898746989,288,-0.136755780832427,0.257636296503699,3,0.0987123403975374,6,Choque organico nov/2017,201711
BRAP3,0.101366958714743,442,0.0624072437163123,0.451920039543973,3,0.138174878771369,6,Choque organico nov/2017,201711
BRAP4,0.0239164750860161,928,0.0545832763594711,0.440613310229764,3,0.141607134574324,6,Choque organico nov/2017,201711
BRFS3,0.0112952547775621,1010,-0.130395480225989,-0.222453222453223,3,0.112811610889416,6,Choque organico nov/2017,201711
BRGE3,0.159570884630747,130,-0.22,0.19088319088319,3,0.123982804693252,5,Choque organico nov/2017,201711
BRIN3,0.33526831797021,18,-0.353826850690088,-0.0466019417475729,3,0.176191474351168,6,Choque organico nov/2017,201711
BRIV3,0.483866897547812,131,-0.0451388888888888,0.114545454545455,3,0.0522595691050854,6,Choque organico nov/2017,201711
BRKM5,0.015165555315951,809,-0.132925845967722,0.052141130496862,3,0.0841252972184416,6,Choque organico nov/2017,201711
BRML3,0.0259485639742628,978,-0.0465299684542587,-0.0132340777502068,3,0.0487032932792351,6,Choque organico nov/2017,201711
BRPR3,0.0281298162076643,464,0.0536399065300246,-0.18363649378426,3,0.0879109329354926,6,Choque organico nov/2017,201711
BRSR6,0.0786779678091809,650,-0.142626980901578,0.441452215672511,3,0.124218698009861,6,Choque organico nov/2017,201711
BTOW3,0.0138130271740141,689,-0.190296749882242,0.383944153577661,3,0.108703266048278,6,Choque organico nov/2017,201711
BVMF3,0.00698798253779804,1110,-0.0276150627615063,0.102409638554217,3,0.0800887356729998,4,Choque organico nov/2017,201711
CAMB4,0.276485844334336,25,-0.0523809523809524,0.242462311557789,3,0.270253321228562,6,Choque organico nov/2017,201711
CAML3,0.0245036811096716,651,-0.0111663637139376,0.0314664123023207,3,0.0680163476198948,6,Choque organico nov/2017,201711
CARD3,0.193155413880264,139,-0.0938388625592417,0.280334728033473,3,0.182216642793099,6,Choque organico nov/2017,201711
CCPR3,0.0979049631655809,147,-0.00126422250316049,0.391139240506329,3,0.0691975801574466,6,Choque organico nov/2017,201711
CCRO3,0.0105958108501087,890,-0.13021978021978,-0.19772583701832,3,0.0804413646494891,6,Choque organico nov/2017,201711
CELP3,0.11645302232592,75,-0.0594594594594595,0.137931034482758,3,0.0737833433342434,6,Choque organico nov/2017,201711
CESP3,0.767281040643867,36,-0.062768701633706,0.229357798165137,3,0.102119980102542,6,Choque organico nov/2017,201711
CESP6,0.0260350793564953,660,-0.0561538461538462,0.23879380603097,3,0.0820469927690363,6,Choque organico nov/2017,201711
CGAS3,0.148550058891371,198,0.15283379179479,0.144667683548514,3,0.0632381806114881,6,Choque organico nov/2017,201711
CGAS5,0.0685146168382339,370,0.272600895329934,0.0509441637254509,3,0.0374017349374047,6,Choque organico nov/2017,201711
CGRA4,0.713769412479069,146,-0.132062703371081,0.0265785255878062,3,0.0934142786845442,6,Choque organico nov/2017,201711
CIEL3,0.00802970838292421,852,0.0232350312779268,0.0563318777292576,3,0.108986976034309,6,Choque organico nov/2017,201711
CLSC4,0.151584708581391,236,-0.0385756788701575,0.382201639105246,3,0.156728970122219,6,Choque organico nov/2017,201711
CMIG3,0.0665333038162436,377,-0.105479818904601,0.124043126696093,3,0.0652508030565473,6,Choque organico nov/2017,201711
CMIG4,0.025349955817063,815,-0.146183749978258,0.243939478236457,3,0.0531451281892974,6,Choque organico nov/2017,201711
COCE5,0.230203895003093,38,0.0104621290039248,0.11445779796106,3,0.0730440893022412,6,Choque organico nov/2017,201711
CPFE3,0.127698709296177,761,-0.236727239307884,0.146736549380116,3,0.0835850140976048,6,Choque organico nov/2017,201711
CPLE3,0.0638203269702844,410,-0.080540022588225,0.211949218247641,3,0.0767811270889004,6,Choque organico nov/2017,201711
CPLE6,0.0220505427966468,772,-0.0768307322929172,0.0988296488946685,3,0.0701635325493685,6,Choque organico nov/2017,201711
CPRE3,0.0699001275261298,418,0.0327137546468403,0.160547156227502,3,0.0788588484780223,6,Choque organico nov/2017,201711
CRDE3,0.0773950607350361,186,-0.0955414012738854,0.0140845070422535,3,0.0835921264884102,6,Choque organico nov/2017,201711
CRFB3,0.0246795512343148,698,-0.0553482587064677,-0.0223831468071098,3,0.0489066263613849,6,Choque organico nov/2017,201711
CRIV3,0.159570884630748,130,-0.0121212121212121,0.0521472392638038,3,0.0962671406717144,6,Choque organico nov/2017,201711
CSAN3,0.0282383060455358,849,-0.0419785793297525,0.210438117919535,3,0.0759326202914893,6,Choque organico nov/2017,201711
CSMG3,0.033452985895298,589,0.0886110637305178,0.0859547980629514,3,0.0727472427683798,6,Choque organico nov/2017,201711
CSNA3,0.0201662005648297,798,-0.126927550916479,0.379075886011831,3,0.174735508536359,6,Choque organico nov/2017,201711
CTNM4,0.156086897556369,131,0.0530821805958635,0.458536606167791,3,0.358829960174313,6,Choque organico nov/2017,201711
CVCB3,0.00996354589106802,904,0.0409722181788141,0.25619981761502,3,0.0948021683603237,6,Choque organico nov/2017,201711
CYRE3,0.0167781644357126,887,-0.0484374853234251,0.259441602360561,3,0.0994204543337541,6,Choque organico nov/2017,201711
DIRR3,0.0596850070063791,400,-0.0410258375355793,0.0606063012762979,3,0.0807908993502681,6,Choque organico nov/2017,201711
DTEX3,0.0286132864123196,547,-0.0763598326359833,0.289920724801812,3,0.0934239648225872,6,Choque organico nov/2017,201711
ECOR3,0.017302846356147,808,0.00536452505883478,-0.164588526484766,3,0.115890281793649,6,Choque organico nov/2017,201711
EGIE3,0.0160583067903632,782,0.00689434064772576,0.104995814149541,3,0.0359676696777906,6,Choque organico nov/2017,201711
ELET3,0.0215866083281671,947,-0.150566893424036,0.322477309129738,3,0.162546221943154,6,Choque organico nov/2017,201711
ELET6,0.0101344888803797,919,-0.157063930544594,0.306179775280899,3,0.157729087070437,6,Choque organico nov/2017,201711
ELPL4,0.0712266633944662,563,0.0841248161718322,0,3,0,4,Choque organico nov/2017,201711
EMBR3,0.0112468857721508,771,-0.00127632418634327,0.390415335463258,3,0.108921373726425,6,Choque organico nov/2017,201711
ENBR3,0.0445646815195877,763,-0.0416666666666666,-0.0362318840579712,3,0.0331436041152757,6,Choque organico nov/2017,201711
ENEV3,0.0698620093953469,440,0.0449437760787057,-0.0308243266939598,3,0.0131716532567843,6,Choque organico nov/2017,201711
ENGI11,0.0234851884347678,686,0.0242719370945652,0.303317501404145,3,0.0825868676655612,6,Choque organico nov/2017,201711
ENGI4,0.280246482289423,70,-0.101149713251605,0.524297014220611,3,0.15752101796814,6,Choque organico nov/2017,201711
ENMT3,0.21011469808424,74,0,0,3,0.109006760181171,6,Choque organico nov/2017,201711
ENMT4,0.238880720138348,74,0,0.175088192917953,3,0.143529160542228,6,Choque organico nov/2017,201711
EQTL3,0.0160430442882414,1030,0.0483606032446569,0.121485340399518,3,0.07364121589281,6,Choque organico nov/2017,201711
ESTC3,0.0128711465335149,987,0.0450051142175247,0.106035889070147,3,0.109375520483124,6,Choque organico nov/2017,201711
ETER3,0.196079750891685,137,-0.101851686331994,0.0721650612475595,3,0.166459200211079,6,Choque organico nov/2017,201711
EUCA4,0.260487915025235,349,0.0921410554790154,0.451612757642567,3,0.210351536144323,6,Choque organico nov/2017,201711
EVEN3,0.0468666782855434,528,-0.081481446367963,0.219757959713006,3,0.120611040348761,6,Choque organico nov/2017,201711
EZTC3,0.0166755456696788,645,0.0116278197622561,0.256568385643598,3,0.0981561261320537,6,Choque organico nov/2017,201711
FESA4,0.239995115086618,54,-0.0307693786704575,0.477021506307139,3,0.146511847152799,6,Choque organico nov/2017,201711
FIBR3,0.0114911023383715,909,-0.136988956108898,0.365286709516493,3,0.0459837787767564,6,Choque organico nov/2017,201711
FLRY3,0.00888817664827719,824,-0.0917589269455336,0.0389050887998275,3,0.0792698921335902,6,Choque organico nov/2017,201711
FRAS3,0.130920334102146,18,-0.0469316509596418,0.13910267255449,3,0.0476212707739169,6,Choque organico nov/2017,201711
GFSA3,0.0600803253350069,247,0.286486470297273,-0.0840763244558833,3,0.208303420264246,6,Choque organico nov/2017,201711
GGBR3,0.348751387327977,338,-0.117256581135922,0.419287248910343,3,0.128700033205082,6,Choque organico nov/2017,201711
GGBR4,0.0136201096568681,876,0.0147627960504229,0.500000429127603,3,0.11538221937224,6,Choque organico nov/2017,201711
GOAU3,0.133966012950363,240,-0.0269632746628146,0.479569589594844,3,0.135429143430041,6,Choque organico nov/2017,201711
GOAU4,0.0219632209457368,815,-0.00371090227685833,0.554240298208247,3,0.133784848531179,6,Choque organico nov/2017,201711
GOLL4,0.0240958196459925,526,0.0137184115523465,0.367521367521368,3,0.191076116947268,6,Choque organico nov/2017,201711
GRND3,0.102603472064609,488,-0.0483869169947979,0.0947974968054648,3,0.0754979004008875,6,Choque organico nov/2017,201711
GUAR3,0.0314581354832595,601,-0.0654313099041535,0.0768494461917135,3,0.0942179009042851,6,Choque organico nov/2017,201711
GUAR4,0.983740341389525,377,-0.142307692307692,-0.0471886857537079,3,0.0699754533090822,6,Choque organico nov/2017,201711
HBOR3,0.169138338532145,101,-0.0339805553095038,-0.185929543837494,3,0.106877580153413,6,Choque organico nov/2017,201711
HGTX3,0.0389427393402137,747,-0.130479452054795,-0.0941315478534861,3,0.0661158235202862,6,Choque organico nov/2017,201711
HYPE3,0.0298915917045607,847,-0.0394737796091963,0.0781081343629158,3,0.0893214855775632,6,Choque organico nov/2017,201711
IDNT3,0.107707458909504,205,0.440506329113924,-0.134446397188049,3,0.0303770645872928,6,Choque organico nov/2017,201711
IGTA3,0.0140525478834506,833,-0.00285862785862789,0.0291894709408393,3,0.0812543149954054,6,Choque organico nov/2017,201711
INEP3,0.781463145452496,132,-0.202739723343007,-0.247422682946313,3,0.297470069801341,6,Choque organico nov/2017,201711
IRBR3,0.0195648766284106,700,0.0651625947331882,0.126637679276491,3,0.0604191524670545,6,Choque organico nov/2017,201711
ITSA3,0.116544503984403,384,-0.0128967316243437,0.442862702038232,3,0.131161771710186,6,Choque organico nov/2017,201711
ITSA4,0.0162367702796762,1037,-0.00954191307316177,0.348257919623469,3,0.128962889071055,6,Choque organico nov/2017,201711
ITUB3,0.221187938013794,301,-0.0337193535806566,0.241792101600019,3,0.100348568726665,6,Choque organico nov/2017,201711
ITUB4,0.00775249455466891,1030,-0.0181993534115512,0.2808229635647,3,0.122978030828093,6,Choque organico nov/2017,201711
JBSS3,0.0292073065256374,787,0.0490716180371353,0.252844500632111,3,0.111752012589263,6,Choque organico nov/2017,201711
JHSF3,0.124973684772088,153,-0.144796554430887,-0.0476189849454119,3,0.146610780892178,6,Choque organico nov/2017,201711
JOPA3,0.159570884630747,130,0,-0.174000116139031,3,0.127299196386856,6,Choque organico nov/2017,201711
KEPL3,0.166929031787716,14,-0.182265926074578,-0.281489845315429,3,0.111565830254737,6,Choque organico nov/2017,201711
KLBN11,0.0424158108044646,845,-0.0473440176919058,0.0120760662359345,3,0.0627440596314,6,Choque organico nov/2017,201711
KROT3,0.0100772487751858,886,0.00722623679822143,-0.144591611479028,3,0.097532100859768,6,Choque organico nov/2017,201711
LAME3,0.0465209400829095,481,-0.153738644304682,0.0734929810074321,3,0.0688101521025371,6,Choque organico nov/2017,201711
LAME4,0.0119597233767455,967,-0.156427758816837,0.138233310856372,3,0.0941759886753266,6,Choque organico nov/2017,201711
LEVE3,0.0451233021737223,460,0.0614317583522288,0.0315268632144048,3,0.0696376989372295,6,Choque organico nov/2017,201711
LIGT3,0.052069530745498,620,-0.119255970422608,-0.0515528072181431,3,0.197718235893537,6,Choque organico nov/2017,201711
LINX3,0.0205611040899458,546,0.0106899902818272,-0.0874999999999995,3,0.0992258776984373,6,Choque organico nov/2017,201711
LOGN3,0.340326848446918,125,-0.0835654354290142,0.106383111318068,3,0.0960970265161776,6,Choque organico nov/2017,201711
LPSB3,0.790855952161137,228,-0.0761062241254643,0.0325670047810069,3,0.129802609348322,6,Choque organico nov/2017,201711
LREN3,0.0129528048662403,993,-0.0159510839283008,0.0196778313337893,3,0.0675001694378002,6,Choque organico nov/2017,201711
MAGG3,0.060924126988842,476,0.116521739130435,0.0708722741433021,3,0.0742084262972074,6,Choque organico nov/2017,201711
MDIA3,0.0268572328941252,625,-0.0280376806778599,0.288555055488325,3,0.117253528357075,6,Choque organico nov/2017,201711
MEAL3,0.0342132506270381,542,-0.181642554817658,0.0330578223277893,3,0.0655209359351291,6,Choque organico nov/2017,201711
MGLU3,0.0139567150476642,680,-0.108705960777626,0.611970332127824,3,0.148225796200205,6,Choque organico nov/2017,201711
MILS3,0.0846666373528659,292,0.0327100855693938,-0.192307700625216,3,0.13662551193029,6,Choque organico nov/2017,201711
MOVI3,0.0787945032912205,474,-0.156097570207082,0.111064137762864,3,0.12456977083233,6,Choque organico nov/2017,201711
MPLU3,0.0780803653035376,404,-0.0826315789473684,-0.0123350545037292,3,0.0487015088198374,6,Choque organico nov/2017,201711
MRFG3,0.0194194486553779,712,0.0653188180404354,-0.128467153284671,3,0.16066793554826,6,Choque organico nov/2017,201711
MRVE3,0.0158728424589903,858,0.0553359104490865,0.137078734230208,3,0.0755535165876764,6,Choque organico nov/2017,201711
MULT3,0.0239712068377503,877,-0.0274124129933414,0.0141992275906182,3,0.0519591611817945,6,Choque organico nov/2017,201711
MYPK3,0.0145131860402874,704,-0.0495755432456806,0.0494389228536767,3,0.118669161525841,6,Choque organico nov/2017,201711
NATU3,0.0620072277994069,814,-0.0584436586756417,0.177297795816878,3,0.0680480115979159,6,Choque organico nov/2017,201711
ODPV3,0.0290768015122177,562,-0.0311308767471411,0.00393442622950824,3,0.0545520255239936,6,Choque organico nov/2017,201711
OFSA3,0.0559486085597654,196,-0.0114069402113287,-0.084379939020372,3,0.120135447794964,6,Choque organico nov/2017,201711
OIBR3,0.386260464733617,39,-0.0341880371752701,-0.106194699872881,3,0.104991234987587,6,Choque organico nov/2017,201711
OIBR4,0.172191005744164,184,0.0157068062827226,-0.0206185567010304,3,0.0734479235421608,6,Choque organico nov/2017,201711
OMGE3,0.0227054481619732,611,-0.00859598853868182,0.0664739884393062,3,0.0411970420249772,6,Choque organico nov/2017,201711
PARD3,0.0262982822111322,739,0.00615883306320897,-0.0528350515463918,3,0.119742032181084,6,Choque organico nov/2017,201711
PCAR4,0.0184541358344004,847,-0.0813648293963255,-0.0215714285714282,3,0.106702260299303,6,Choque organico nov/2017,201711
PDGR3,0.966668237743534,11,0,-0.174468066762517,3,0.0894482960080751,6,Choque organico nov/2017,201711
PETR3,0.0121378991170177,822,-0.0843856228912106,0.451410127205188,3,0.116598681064034,6,Choque organico nov/2017,201711
PETR4,0.0112870880789917,1062,-0.0828864128960477,0.395318721113693,3,0.129594195752311,6,Choque organico nov/2017,201711
PFRM3,0.13569804638516,89,-0.0512821012395004,-0.0839085580055675,3,0.0921108775005075,6,Choque organico nov/2017,201711
PMAM3,0.255514011525407,127,0,0.0608108722778746,3,0.118996645830012,6,Choque organico nov/2017,201711
PNVL3,0.16477373257943,37,-0.0808284368208979,-0.0300112257434195,3,0.0701892350723723,6,Choque organico nov/2017,201711
PNVL4,0.102113719016479,440,0.151651651651652,-0.0873533246414598,3,0.0757172728785061,6,Choque organico nov/2017,201711
POMO3,0.144119668076803,29,-0.124620047580652,0.163088459663047,3,0.0898667731851838,6,Choque organico nov/2017,201711
POMO4,0.0426545339769696,447,-0.0931988695541509,0.147125767478652,3,0.0839926839804971,6,Choque organico nov/2017,201711
POSI3,0.352526056314135,133,-0.0379746261191264,0.131578886763184,3,0.111131420119451,6,Choque organico nov/2017,201711
PPLA11,0.489617167257897,36,-0.10989010989011,-0.185185185185186,3,0.078033037836034,6,Choque organico nov/2017,201711
PRIO3,0.232414959180142,26,0.129140254559648,0.131221789847023,3,0.198119406229291,6,Choque organico nov/2017,201711
PRML3,0.260943944522689,135,-0.0116801539177206,0.0318182164972478,3,0.0243148508079212,4,Choque organico nov/2017,201711
PSSA3,0.020563074367971,511,0.00336068490229979,0.277979136939577,3,0.0979731470817055,6,Choque organico nov/2017,201711
PTBL3,0.406610754203964,70,-0.0534482557127905,0.040072899100799,3,0.0746605527579273,6,Choque organico nov/2017,201711
QGEP3,0.097136876343803,341,-0.00591715976331353,0.113095238095238,3,0.15438485968129,6,Choque organico nov/2017,201711
QUAL3,0.0286862897607278,824,-0.123714146313536,-0.0454569924292925,3,0.134822375123368,6,Choque organico nov/2017,201711
RADL3,0.0164915684877175,819,0.125175883174551,-0.115016628036005,3,0.0525721440424844,6,Choque organico nov/2017,201711
RAIL3,0.0176964799133308,891,0.0251969495776754,0.0937018081908521,3,0.0855034565139525,6,Choque organico nov/2017,201711
RAPT3,0.158867256245,131,-0.0714286563059459,0.326923111376263,3,0.13788759915726,6,Choque organico nov/2017,201711
RAPT4,0.022288656691722,470,-0.0817790167420205,0.44687507375993,3,0.143512505840486,6,Choque organico nov/2017,201711
RDNI3,0.246900447764641,247,-0.0426287744227354,0.0853432282003712,3,0.118409866516112,6,Choque organico nov/2017,201711
REDE3,0.298990402829054,71,-0.0240554189262098,0.404929713294026,3,0.162144533145483,6,Choque organico nov/2017,201711
RENT3,0.0136193104200875,906,0.0383619514201889,0.299068200743109,3,0.104858370107452,6,Choque organico nov/2017,201711
RLOG3,0.0816109288778929,453,-0.0352941176470588,0.124168514412417,3,0.0608196666331456,6,Choque organico nov/2017,201711
ROMI3,0.274254894974666,143,0.0321673480048577,0.410752505142401,3,0.191519977713473,6,Choque organico nov/2017,201711
RPAD3,0.159570884630747,130,-0.165384541870042,0.198156576491649,3,0.0938603524636307,6,Choque organico nov/2017,201711
RSID3,0.299150180679082,35,-0.0396341088891097,0.109523739602112,3,0.0943733001172516,6,Choque organico nov/2017,201711
SANB11,0.0144895600393612,787,0.0101367041674971,0.325696441598043,3,0.103595496990471,6,Choque organico nov/2017,201711
SAPR3,0.309987782994585,249,-0.016007468439884,0.186523363206184,3,0.231827593551147,6,Choque organico nov/2017,201711
SAPR4,0.0250457506071856,706,-0.0221194013308738,0.00157869040678427,3,0.0931077580573008,6,Choque organico nov/2017,201711
SBSP3,0.0434427038061047,791,0.0973156181961496,0.151375994099607,3,0.12283004459257,6,Choque organico nov/2017,201711
SCAR3,0.109689128799804,387,-0.0563845394726539,0.0225164235303799,3,0.0850272898192075,6,Choque organico nov/2017,201711
SEDU3,0.138390382017015,86,-0.0878896269800715,-0.215686274509804,3,0.213675060413365,6,Choque organico nov/2017,201711
SEER3,0.015059834418161,838,-0.044084288678896,0.0512038406152524,3,0.16436539664466,6,Choque organico nov/2017,201711
SGPS3,0.226265989113348,28,-0.100083402835697,0.0370713623725671,3,0.107561165404821,6,Choque organico nov/2017,201711
SHOW3,0.442028938744908,149,-0.161512084792826,0.218579343642875,3,0.131785783574432,6,Choque organico nov/2017,201711
SLCE3,0.0765648386154059,393,0.01181805118846,0.559748444942748,3,0.106327396386714,6,Choque organico nov/2017,201711
SLED4,0.199169534545593,140,-0.0997680266650518,0.242268027442259,3,0.153610818102545,6,Choque organico nov/2017,201711
SMLS3,0.0137090079486513,900,-0.12280701754386,0.123733333333333,3,0.117193797882966,6,Choque organico nov/2017,201711
SMTO3,0.027070435679241,676,-0.0711569708941662,0.073099504573499,3,0.0657161136027083,6,Choque organico nov/2017,201711
SNSL3,0.131366567391739,34,-0.0536620739666424,0.145593869731801,3,0.0844844986922778,6,Choque organico nov/2017,201711
SSBR3,0.188439114291562,367,-0.140708915145005,-0.025,3,0.0516085998809897,6,Choque organico nov/2017,201711
STBP3,0.024510898012145,411,-0.0428571428571428,0.119402985074627,3,0.0857370339931367,6,Choque organico nov/2017,201711
SULA11,0.0288083353798046,519,-0.0022308979364194,0.193404136389044,3,0.0639669760838005,6,Choque organico nov/2017,201711
TAEE11,0.0247894896336335,798,0.0518854266210851,-0.0239460790973208,3,0.0431483897199956,6,Choque organico nov/2017,201711
TCSA3,0.158672349187133,418,-0.15450637733906,-0.0456853548743018,3,0.0988578213485902,6,Choque organico nov/2017,201711
TECN3,0.143288397516662,175,-0.0740742234339205,-0.0900000206693805,3,0.13798386601534,6,Choque organico nov/2017,201711
TEND3,0.0287633481443473,490,-0.00643277556131994,0.337257424658623,3,0.093570779556331,6,Choque organico nov/2017,201711
TESA3,0.127523930542605,180,-0.168125,-0.0232907588279491,3,0.101638640878622,6,Choque organico nov/2017,201711
TGMA3,0.0627287103369819,445,0.0728898873224171,0.153246697733302,3,0.101359104615983,6,Choque organico nov/2017,201711
TIET11,0.0261698668066349,561,0.0115830115830116,-0.133587786259542,3,0.0675258416398471,6,Choque organico nov/2017,201711
TIMP3,0.0272864636155723,826,-0.0272052761747733,0.194915254237289,3,0.0984367184859668,6,Choque organico nov/2017,201711
TOTS3,0.0359733179579066,502,-0.0709024140939534,0.0125135206448301,3,0.0915468135976212,6,Choque organico nov/2017,201711
TPIS3,0.217764029544974,121,-0.135064889992304,-0.198198067893411,3,0.212465008779565,6,Choque organico nov/2017,201711
TRIS3,0.173771035186334,34,-0.0795697653178983,0.25700969636235,3,0.149017381331936,6,Choque organico nov/2017,201711
TRPL4,0.0658652000146431,586,-0.0833082706766917,0.0943241469816272,3,0.0491231958944397,6,Choque organico nov/2017,201711
TUPY3,0.0358182512397857,550,0.0824901396593791,-0.0216215022311183,3,0.0574452476388127,6,Choque organico nov/2017,201711
UCAS3,0.304721093904852,114,-0.155115545994311,0.00781255963633676,3,0.0905447139775504,6,Choque organico nov/2017,201711
UGPA3,0.0151643890349572,944,-0.101152463055447,0.0732195012619497,3,0.10782228104046,6,Choque organico nov/2017,201711
UNIP3,0.159210601481729,142,0.263482125188343,0.779877920694229,3,0.197551492441396,6,Choque organico nov/2017,201711
UNIP6,0.75449684418607,16,0.240853896584643,0.750614175150894,3,0.24592855704974,6,Choque organico nov/2017,201711
USIM3,0.172396890325729,39,-0.0939317707828087,0.200917421952794,3,0.142217367769989,6,Choque organico nov/2017,201711
USIM5,0.0183721886088598,840,-0.0283769276893702,0.439252293922709,3,0.183884082184037,6,Choque organico nov/2017,201711
VALE3,0.00805225105849844,982,0.0947038741427095,0.295709692192389,3,0.0805118064474238,6,Choque organico nov/2017,201711
VALE5,0.0987032464803195,405,0.121721531352827,0.0127478185987659,3,0.00520427515008962,6,Choque organico nov/2017,201711
VIVT3,0.0575793461354208,541,-0.10110844295883,0.103041857698921,3,0.0555582438963124,6,Choque organico nov/2017,201711
VIVT4,0.0121320772511447,887,-0.0598019801980199,0.0667649536647013,3,0.0657966710653833,6,Choque organico nov/2017,201711
VLID3,0.0575927591092497,349,-0.0689892885592637,0.175667179116205,3,0.0724009728694607,6,Choque organico nov/2017,201711
VULC3,0.0273140077231123,555,-0.0588234775665815,0.196591009334008,3,0.120816848768412,6,Choque organico nov/2017,201711
VVAR11,0.0197624916348156,722,-0.0319006706367347,0.2579866871372,3,0.128802155852352,6,Choque organico nov/2017,201711
WEGE3,0.0136218872380104,805,0.075187890924374,0.0256444304694172,3,0.0347316060328381,6,Choque organico nov/2017,201711
WIZS3,0.0239469204828122,610,-0.316789215686275,0.107623318385651,3,0.14076052177162,6,Choque organico nov/2017,201711
AALR3,0.0545305250859002,500,0.0382281191706493,-0.0133421677276343,3,0.132182685655163,6,Choque organico abr/2019,201904
ABCB4,0.0437128755986943,486,0.0209975783920866,-0.0511057284884007,3,0.0483235207695493,6,Choque organico abr/2019,201904
ABEV3,0.0130828913436206,1020,0.097445064510419,0.0898755369994815,3,0.0816754014228266,6,Choque organico abr/2019,201904
AGRO3,0.584107655320906,10,-0.00321525224667718,0.0767741737858827,3,0.0242884981137833,6,Choque organico abr/2019,201904
ALPA3,0.169928811971195,79,-0.0372272255050522,0.313999982542608,3,0.0533435233634,6,Choque organico abr/2019,201904
ALPA4,0.0678514959341197,552,0.0175552864833366,0.325878542568205,3,0.0729860580517573,6,Choque organico abr/2019,201904
ALSC3,0.0236878290731325,610,-0.0485728592889334,0.483684210526316,3,0.0908827925775811,4,Choque organico abr/2019,201904
ALUP11,0.0408513295359988,636,0.0248727391997348,0.13484579271574,3,0.0388129024086267,6,Choque organico abr/2019,201904
AMAR3,0.0589048082056491,203,0.251944057424306,0.0509316312023229,3,0.181928547796898,6,Choque organico abr/2019,201904
ANIM3,0.0529401608529335,521,0.0672201925970237,0.0786967156684149,3,0.0620932129756011,6,Choque organico abr/2019,201904
APER3,0.168243434659511,26,-0.0120481927710843,0.0995934959349592,3,0.062754947353159,6,Choque organico abr/2019,201904
ARZZ3,0.0231719972020346,607,0.0204081632653061,-0.0119607843137255,3,0.0817337555763041,6,Choque organico abr/2019,201904
AZUL4,0.0193679654546368,950,-0.111575646720669,0.522941176470588,3,0.0995767946089409,6,Choque organico abr/2019,201904
B3SA3,0.00704471723840229,1161,0.0725402406925437,0.234104041477205,3,0.0535553150388013,6,Choque organico abr/2019,201904
BBAS3,0.00843726349871,1241,0.0197042619178884,0.0024015578394665,3,0.0608880869126577,6,Choque organico abr/2019,201904
BBDC3,0.0150729018616756,917,-0.0166362631047191,0.0103630936555521,3,0.0538522413983087,6,Choque organico abr/2019,201904
BBDC4,0.0061342387679604,1226,-0.00515993802056958,-0.023939060959203,3,0.0566645987081133,6,Choque organico abr/2019,201904
BBRK3,0.0799765075847141,398,0.0361904761904763,0.170955882352941,3,0.13282116013246,6,Choque organico abr/2019,201904
BBSE3,0.0229144668730609,860,0.0656110412188293,0.148266173594017,3,0.0439686460244723,6,Choque organico abr/2019,201904
BEEF11,0.0694583245910526,78,0.2375,0.0235690235690234,3,0.144553767313667,6,Choque organico abr/2019,201904
BEEF3,0.0791108929855151,372,0.194879152101166,0.0261905637209852,3,0.0735543697429679,6,Choque organico abr/2019,201904
BIDI4,0.0505853982108715,631,0.225855225855226,-0.746376811594203,3,0.319310062975639,6,Choque organico abr/2019,201904
BKBR3,0.0282609600064029,504,0.0262324739936681,-0.094314676068753,3,0.0885227231311188,6,Choque organico abr/2019,201904
BPAC11,0.0379686583950029,618,0.153610353375246,0.444176024458718,3,0.0758283356728193,6,Choque organico abr/2019,201904
BPAN4,0.286884322203371,61,0.0398773006134971,1.78761061946903,3,0.556024533850794,6,Choque organico abr/2019,201904
BRAP3,0.168936165849694,331,0.0361087077027655,0.0569787075586268,3,0.0685364327020466,6,Choque organico abr/2019,201904
BRAP4,0.0294053871476729,1006,0,0.0280441868809449,3,0.0752631621296152,6,Choque organico abr/2019,201904
BRDT3,0.0212827113263919,1027,0.0237580993520519,0.122362869198312,3,0.0536467216041022,6,Choque organico abr/2019,201904
BRFS3,0.0218225209393031,932,0.370860927152318,0.076006441223833,3,0.103860952346243,6,Choque organico abr/2019,201904
BRGE3,0.0941317595732886,194,0.0795454545454544,0.157894736842105,3,0.232641702751179,6,Choque organico abr/2019,201904
BRIV3,0.0941317595732887,194,-0.0416666666666666,0.426086956521739,3,0.144555295528421,6,Choque organico abr/2019,201904
BRKM5,0.0157225609917491,943,-0.0612968373272164,-0.287567964917573,3,0.124626230135186,6,Choque organico abr/2019,201904
BRML3,0.0358062431725377,1010,-0.0214797136038186,0.220325203252033,3,0.0746545672477082,6,Choque organico abr/2019,201904
BRPR3,0.146137784400488,466,-0.0168538729324283,0.147428442223572,3,0.047333854608627,6,Choque organico abr/2019,201904
BRSR3,0.135644637826158,44,-0.0919727061001281,0.0717120965976159,3,0.0303287099015652,6,Choque organico abr/2019,201904
BRSR6,0.0990480851378564,644,0.00950766951032911,-0.0202538701231271,3,0.0099488364019359,6,Choque organico abr/2019,201904
BTOW3,0.0166585459037571,954,-0.0940312648034107,-0.00810457516339858,3,0.141678053012648,6,Choque organico abr/2019,201904
CAMB4,0.25327515094736,28,0.0285294117647059,0.043751787246211,3,0.437266900761218,6,Choque organico abr/2019,201904
CAML3,0.0818944464881017,424,0.0206311862327688,0.0786750587270026,3,0.0619714033567969,6,Choque organico abr/2019,201904
CCPR3,0.0646035661610892,213,-0.0236220472440944,0.129032258064516,3,0.115940268619485,6,Choque organico abr/2019,201904
CCRO3,0.0232365295496059,945,-0.00425894378194214,0.278870829769033,3,0.0660752388659389,6,Choque organico abr/2019,201904
CELP3,0.1185370060506,68,-0.0916666666666666,0.266055045871559,3,0.0593433634014846,6,Choque organico abr/2019,201904
CESP3,0.122790345151294,30,0.0762331838565022,0.162916666666667,3,0.0583034332907117,6,Choque organico abr/2019,201904
CESP6,0.0325206352274231,801,0.0695940347970174,0.12277304415182,3,0.0354748609557543,6,Choque organico abr/2019,201904
CGAS3,0.154097857010134,255,0.0371576718737283,0.0309785563949212,3,0.0177284088404833,6,Choque organico abr/2019,201904
CGAS5,0.153193768061409,243,0.00854715212610246,-0.0435585066362351,3,0.0612493796396635,6,Choque organico abr/2019,201904
CGRA4,0.150132244196355,304,-0.0481729150403455,0.0645724789196982,3,0.0414979732460284,6,Choque organico abr/2019,201904
CIEL3,0.0191004273457663,921,-0.19072708113804,-0.057291666666667,3,0.0791292193636153,6,Choque organico abr/2019,201904
CLSC4,0.246976060957067,11,-0.120344268719719,0.0114217035686153,3,0.0801635664620362,6,Choque organico abr/2019,201904
CMIG3,0.0432592258732756,688,0.0580837311838225,-0.0115536583899973,3,0.0677706647201855,6,Choque organico abr/2019,201904
CMIG4,0.0170520477572612,1035,0.0604316791684161,-0.00985856761227222,3,0.0404807484614012,6,Choque organico abr/2019,201904
COCE5,0.148994437066062,263,0.030290414357407,0.142527679811817,3,0.0318565287646632,6,Choque organico abr/2019,201904
CPFE3,0.0298378857838106,554,-0.0216533664596273,0.0985071734155523,3,0.0272193302768292,6,Choque organico abr/2019,201904
CPLE3,0.0786600587817929,452,0.197706021468979,0.266474118552148,3,0.109849330590838,6,Choque organico abr/2019,201904
CPLE6,0.0249153529978078,690,0.131868131868132,0.192961165048543,3,0.0786366152603037,6,Choque organico abr/2019,201904
CPRE3,0.187697549813319,27,-0.192861615529117,0.0861132660977504,3,0.0800662979917734,6,Choque organico abr/2019,201904
CRDE3,0.0784082928565435,185,-0.00765306122448994,0.263239074550129,3,0.163674830792232,6,Choque organico abr/2019,201904
CRFB3,0.0235888758719962,655,0.055251368840219,0.104245283018868,3,0.0742869473651387,6,Choque organico abr/2019,201904
CRIV3,0.0941317595732887,194,-0.0546558704453443,0.261241970021414,3,0.225739931938362,6,Choque organico abr/2019,201904
CSAN3,0.0215781801377833,991,0.098944700051119,0.109283631359983,3,0.0525528808678661,6,Choque organico abr/2019,201904
CSMG3,0.0213632654958651,726,0.129850639521833,-0.0207364107321369,3,0.0594068614654144,6,Choque organico abr/2019,201904
CSNA3,0.0161251450266583,869,-0.105230573000058,0.192758531719592,3,0.116810829582582,6,Choque organico abr/2019,201904
CTNM4,0.0938650092514042,195,0.0817308089084188,-0.0497778150770399,3,0.131008734151734,6,Choque organico abr/2019,201904
CVCB3,0.0175489624600745,1044,0.0372602347136635,-0.103831837185923,3,0.0632124040811483,6,Choque organico abr/2019,201904
CYRE3,0.0175152031181745,1013,0.092808977543636,0.41873018495744,3,0.109221285067042,6,Choque organico abr/2019,201904
DIRR3,0.116146424077342,272,-0.0495963763651202,0.527912692947643,3,0.0944029417300141,6,Choque organico abr/2019,201904
DMMO3,0.275497947942569,31,-0.392405063291139,-0.0166903409090907,2,0.188185909485301,5,Choque organico abr/2019,201904
DTEX3,0.0481023596807583,587,-0.0938924339106656,0.264587525150906,3,0.0540485164458039,6,Choque organico abr/2019,201904
ECOR3,0.050182764755956,876,-0.154327423451853,0.452527881965618,3,0.0704614161343094,6,Choque organico abr/2019,201904
EGIE3,0.0252049928500886,865,0.0416763442826291,0.0873405374319789,3,0.0676885012086924,6,Choque organico abr/2019,201904
ELET3,0.0243918170693671,998,-0.10874897792314,0.204587155963302,3,0.102791482673254,6,Choque organico abr/2019,201904
ELET6,0.0141101142142517,996,-0.0847860538827259,0.142857142857143,3,0.100703207774628,6,Choque organico abr/2019,201904
ELPL3,0.0791409935284441,244,-0.0536231884057972,0.445329249617152,3,0.15397069155389,6,Choque organico abr/2019,201904
EMBR3,0.0146204734745886,874,0.06449864498645,-0.0168024439918536,3,0.032413279267463,6,Choque organico abr/2019,201904
ENBR3,0.0131139214078393,915,0.0312131919905772,0.101656196459166,3,0.0669378826608066,6,Choque organico abr/2019,201904
ENEV3,0.0346064451491081,485,0.0740540994180214,0.302465931942309,3,0.0447257326335429,6,Choque organico abr/2019,201904
ENGI11,0.0149732386387698,871,0.0377356217604044,0.181818401424602,3,0.0521177399261902,6,Choque organico abr/2019,201904
ENGI4,0.170572572839263,79,0.159677613691479,0.223922122106715,3,0.076845457693219,6,Choque organico abr/2019,201904
EQTL3,0.011032120485692,1153,0.0262500072567615,0.164417755456112,3,0.0226377226983318,6,Choque organico abr/2019,201904
EUCA4,0.219824802129654,399,0.148989811545238,0.0991709025673877,3,0.0944311044245785,6,Choque organico abr/2019,201904
EVEN3,0.02950555341918,483,0.0849997427858862,0.505376389430103,3,0.103857761422128,6,Choque organico abr/2019,201904
EZTC3,0.0519028649078038,608,-0.0163364000361524,0.520129615279535,3,0.126629502974193,6,Choque organico abr/2019,201904
FESA4,0.081748132144343,50,-0.0248729667403135,0.0935556429257232,3,0.107614799016773,6,Choque organico abr/2019,201904
FHER3,0.113702530259376,75,-0.167420813747409,0.173913068829952,3,0.147953203269477,6,Choque organico abr/2019,201904
FJTA4,0.29538439574309,26,-0.134366925064599,-0.0208955223880597,3,0.0587570001272933,6,Choque organico abr/2019,201904
FLRY3,0.0164623375330392,845,0.0171567744092089,0.133951749551101,3,0.0668812820628626,6,Choque organico abr/2019,201904
FRAS3,0.225676940628288,23,-0.00392167507715391,-0.021677627165123,3,0.0268206590217818,6,Choque organico abr/2019,201904
GFSA3,0.110029471843141,247,-0.249709323754108,0.115916978097415,3,0.163609166647369,6,Choque organico abr/2019,201904
GGBR3,0.0934416465452122,478,-0.04754104486908,0.0243732712949247,3,0.0532603952246069,6,Choque organico abr/2019,201904
GGBR4,0.0147300213556573,1015,-0.0653895533210296,-0.0232925368192017,3,0.067453116905447,6,Choque organico abr/2019,201904
GNDI3,0.0204646434823476,744,0.0707317073170732,0.244305239179955,3,0.117992886013252,6,Choque organico abr/2019,201904
GOAU3,0.160506746883935,346,-0.0362620753243078,-0.0390209203106382,3,0.0456183139399265,6,Choque organico abr/2019,201904
GOAU4,0.061636646879861,947,-0.0436007223160493,-0.01591776269627,3,0.0701223336141749,6,Choque organico abr/2019,201904
GOLL4,0.0579791244381706,869,-0.12046332046332,0.798507462686568,3,0.16992631460798,6,Choque organico abr/2019,201904
GRND3,0.0658767813717895,485,-0.106764797420591,0.0413324460632329,3,0.0709254053735878,6,Choque organico abr/2019,201904
GSHP3,0.0603967684937158,347,-0.0366972155986206,-0.123809512275955,3,0.116243418891316,6,Choque organico abr/2019,201904
GUAR3,0.0536786582443094,530,0.000625000000000098,-0.864737316954681,3,0.395514425207885,6,Choque organico abr/2019,201904
HAPV3,0.0183148784245593,847,-0.0120671912303121,0.387153348791212,3,0.0889992850086062,6,Choque organico abr/2019,201904
HBOR3,0.213942305935486,58,-0.0451127094848002,0.748031374337783,3,0.207349312612635,6,Choque organico abr/2019,201904
HGTX3,0.035013258654553,837,0.0682502509200402,0.00219229564672707,3,0.0700579784031729,6,Choque organico abr/2019,201904
HYPE3,0.0270171284317934,891,0.0951091534793562,0.0841487773433709,3,0.0313099718665581,6,Choque organico abr/2019,201904
IDNT3,0.0962929456870572,225,-0.0268456375838927,0.0931034482758619,3,0.128229091244697,6,Choque organico abr/2019,201904
IGTA3,0.0202818013965406,972,-0.0190133607399795,0.259559979046621,3,0.063209758281405,6,Choque organico abr/2019,201904
IRBR3,0.0159105754588762,865,0.0290409535206666,0.0117147021853092,3,0.0701709227697517,6,Choque organico abr/2019,201904
ITSA3,0.149678431370615,336,-0.0586630711068564,-0.0805888197660129,3,0.051634576318396,6,Choque organico abr/2019,201904
ITSA4,0.0118017043767707,1079,-0.00584341412245659,0.0487123404120742,3,0.0361302010149096,6,Choque organico abr/2019,201904
ITUB3,0.041732460302524,552,-0.0162555717317356,0.0202593667560615,3,0.0284381331030792,6,Choque organico abr/2019,201904
ITUB4,0.00903292521859712,1137,-0.0169986926767729,0.0305883969843397,3,0.0309968637545758,6,Choque organico abr/2019,201904
JBSS3,0.0115050094334932,909,0.241834170854271,0.25948406676783,3,0.126931676806306,6,Choque organico abr/2019,201904
JHSF3,0.370372484883639,49,0.0420431753274559,0.565574204832453,3,0.116835657075727,6,Choque organico abr/2019,201904
JOPA3,0.0941317595732886,194,0.0648595528528577,0.166215364499319,3,0.0401323726716744,6,Choque organico abr/2019,201904
JPSA3,0.0300025094268062,571,0.0189768976897691,0.291497975708502,3,0.0800920929758127,6,Choque organico abr/2019,201904
KLBN11,0.0212653719838038,860,-0.0229546495309911,-0.0222827317775546,3,0.0445295278527338,6,Choque organico abr/2019,201904
KLBN4,0.195688196641776,27,-0.0194805926968156,-0.0173926949763668,3,0.039333867512098,6,Choque organico abr/2019,201904
KROT3,0.0126000167403427,945,-0.0801886792452829,0.288205128205128,3,0.128458475120422,6,Choque organico abr/2019,201904
LAME3,0.0490649860616202,636,-0.0317700453857791,0.0929687499999998,3,0.0194420592064815,6,Choque organico abr/2019,201904
LAME4,0.0168989694950515,984,-0.0626118067978533,0.154580152671756,3,0.0363247460974766,6,Choque organico abr/2019,201904
LCAM3,0.0171933296892781,629,0.0515516799179276,0.219512195121951,3,0.295983053398841,6,Choque organico abr/2019,201904
LEVE3,0.0955288668535415,406,-0.00946499474079243,0.0862186048670219,3,0.0413919637520163,6,Choque organico abr/2019,201904
LIGT3,0.0178516929362449,783,0.0381442922170145,-0.086833436772662,3,0.0591995986790517,6,Choque organico abr/2019,201904
LINX3,0.0200315700749381,867,-0.130540540540541,0.00714951818464393,3,0.0614218055795393,6,Choque organico abr/2019,201904
LLIS3,0.182611376412158,165,-0.0778125,-0.301931548627584,3,0.0927641959056297,6,Choque organico abr/2019,201904
LOGG3,0.274095118732451,795,0.0329798481587045,0.351466701300904,3,0.0639219819577448,6,Choque organico abr/2019,201904
LOGN3,0.168525510711587,22,-0.031100393048444,0.938271490107808,3,0.1777928014705,6,Choque organico abr/2019,201904
LPSB3,0.401029535399244,175,-0.0350514997025084,0.440170930606919,3,0.241998710578693,6,Choque organico abr/2019,201904
LREN3,0.0134421877696986,1148,0.0766814992317431,0.115482976150002,3,0.0319918687527633,6,Choque organico abr/2019,201904
MDIA3,0.0662845294825722,446,-0.0428075631855021,-0.0591493787620305,3,0.0574855737021971,6,Choque organico abr/2019,201904
MEAL3,0.0623318217728612,475,0.137433876947779,0.284938997839675,3,0.137418150674853,6,Choque organico abr/2019,201904
MGLU3,0.0112232392030787,1040,0.109020130771084,0.378855854879264,3,0.0950851283174997,6,Choque organico abr/2019,201904
MILS3,0.0685173143658612,214,-0.0187497933970151,0.475583349083771,3,0.0955253989526669,6,Choque organico abr/2019,201904
MOAR3,0.18825962387851,35,0.0117647058823529,0.0465116279069768,2,0.0308069103917874,4,Choque organico abr/2019,201904
MOVI3,0.0636980462612126,493,0.105068875057502,0.264951873571556,3,0.0667406568318286,6,Choque organico abr/2019,201904
MRFG3,0.0419831631873971,785,0.224080267558528,-0.0942622950819674,3,0.172113569338069,6,Choque organico abr/2019,201904
MRVE3,0.0182779898599562,936,0.0371694220704122,0.427929979957628,3,0.112758259531469,6,Choque organico abr/2019,201904
MULT3,0.0224236947500767,937,0.0243691443564285,0.19298464773515,3,0.0754648973586121,6,Choque organico abr/2019,201904
MYPK3,0.0515609581980317,628,-0.0731936209382599,0.107191146775963,3,0.0832350927134791,6,Choque organico abr/2019,201904
NATU3,0.0479478872228024,943,0.0235735058636732,0.316616339454599,3,0.258744795808766,6,Choque organico abr/2019,201904
ODPV3,0.0665490334878523,551,0.0182926829268293,0.0479041916167666,3,0.0705986710221091,6,Choque organico abr/2019,201904
OFSA3,0.112220298481308,245,-0.0255148802487682,0.327278756162863,3,0.0906074359286941,6,Choque organico abr/2019,201904
OIBR3,0.0521727811753558,524,0.111842105263158,-0.0769230769230764,3,0.126266059695035,6,Choque organico abr/2019,201904
OIBR4,0.18635311641534,70,0.112582781456954,0.0238095238095237,3,0.0657911951664686,6,Choque organico abr/2019,201904
OMGE3,0.0453784879989621,554,0.0871794871794871,0.297169811320755,3,0.0437493278101245,6,Choque organico abr/2019,201904
PARD3,0.155853789048582,521,0.00492610837438412,-0.0377450980392156,3,0.127493949484131,6,Choque organico abr/2019,201904
PCAR4,0.0190418762589075,992,0.0551060572928057,-0.0305699481865285,3,0.0738261115032016,6,Choque organico abr/2019,201904
PETR3,0.0108264273304071,947,-0.0382027858347586,-0.0357038671632223,3,0.0606855785196058,6,Choque organico abr/2019,201904
PETR4,0.00966981310927813,1188,-0.033178209904677,-0.0343478847483016,3,0.0701964397861591,6,Choque organico abr/2019,201904
PFRM3,0.559152708137416,14,-0.0484987702125475,0.0752426574454044,3,0.093576091893666,6,Choque organico abr/2019,201904
PINE4,0.197857233962179,204,-0.111111019142601,0.27884604938674,3,0.142996088947829,6,Choque organico abr/2019,201904
PNVL3,0.0796382329596162,66,0.00510202828471185,-0.0157546334778,3,0.0684432798254615,6,Choque organico abr/2019,201904
PNVL4,0.0806415616075219,468,0.0285714285714285,0.103174603174603,2,0.0717262016881772,5,Choque organico abr/2019,201904
POMO3,0.188831874986312,13,-0.165266275643105,0.185542126224868,3,0.0701177329045905,6,Choque organico abr/2019,201904
POMO4,0.0487171250563455,362,-0.0974358948041511,0.0911151278961933,3,0.0774905497126805,6,Choque organico abr/2019,201904
PRIO3,0.120976897219906,147,-0.023809522305357,-0.0460705080576742,3,0.0796156747120276,6,Choque organico abr/2019,201904
PSSA3,0.0409194399332949,564,0.0199710920070542,-0.0241272043194528,3,0.0395014521257152,6,Choque organico abr/2019,201904
PTBL3,0.207776687969044,14,0.014903385817987,-0.1552795331177,3,0.0804731257406729,6,Choque organico abr/2019,201904
QUAL3,0.0324085148419449,850,0.139280804524555,0.329863227675109,3,0.105978077322058,6,Choque organico abr/2019,201904
RADL3,0.0245546300876315,923,0.0588057611247648,0.203268092512867,3,0.0511170921694838,6,Choque organico abr/2019,201904
RAIL3,0.0245191622784407,964,-0.0548302166159916,0.21104965869064,3,0.062934249202208,6,Choque organico abr/2019,201904
RAPT3,0.0941317595732887,194,-0.0540540635944798,0.209247487396986,3,0.0896789702943279,6,Choque organico abr/2019,201904
RAPT4,0.0352038053474642,678,-0.123711191169107,0.190394534244164,3,0.0562808875767248,6,Choque organico abr/2019,201904
RDNI3,0.323543942432598,304,0.0363636363636364,0.403508771929824,3,0.196073857930938,6,Choque organico abr/2019,201904
RENT3,0.00921571780937783,1138,0.0949788234073901,0.218882627832284,3,0.0575359397477941,6,Choque organico abr/2019,201904
RLOG3,0.0302507080304463,575,-0.0421052631578946,0.282967032967033,3,0.050630086981927,6,Choque organico abr/2019,201904
RNEW11,0.12555060834486,394,-0.0365744870651206,-0.33641975308642,3,0.184152588708871,6,Choque organico abr/2019,201904
RNEW3,0.150869697165073,394,-0.0575221735604519,-0.333333318408853,3,0.196002519377079,6,Choque organico abr/2019,201904
RPAD3,0.0941317595732887,194,-0.0581161693282651,0.055319169269989,3,0.0662423800107611,6,Choque organico abr/2019,201904
SANB11,0.0784595559556561,907,0.0360627000316012,-0.0423495445798252,3,0.0426442786612512,6,Choque organico abr/2019,201904
SAPR11,0.0312528951038795,730,0.07034679001956,0.116027727500834,3,0.0766011532579684,6,Choque organico abr/2019,201904
SAPR4,0.115962689378797,150,0.0387292497207776,0.145768630295589,3,0.0803868963052471,6,Choque organico abr/2019,201904
SBSP3,0.0198468320510553,955,0.146992777368312,0.136170402406114,3,0.0816309820455838,6,Choque organico abr/2019,201904
SCAR3,0.317665675903503,63,-0.0384614097772525,0.041812744202502,3,0.0606799750856238,6,Choque organico abr/2019,201904
SEER3,0.0182082797223531,596,0.133103847588173,0.255684694331115,3,0.0791981440018363,6,Choque organico abr/2019,201904
SGPS3,0.157668925607283,31,-0.0337457817772779,0.571594877764843,3,0.192532884629802,6,Choque organico abr/2019,201904
SHOW3,0.211107138963947,120,-0.117994127786227,-0.0389833011362112,3,0.1037845996846,6,Choque organico abr/2019,201904
SHUL4,0.526897349060056,11,-0.0212372537681944,0.216666564906485,3,0.0591153415611985,6,Choque organico abr/2019,201904
SLCE3,0.0387735474030789,518,0.000974073467324921,-0.0797301767266495,3,0.0471840310587468,6,Choque organico abr/2019,201904
SMLS3,0.0326460626285796,921,0.0272536687631026,-0.19530612244898,3,0.0485644771312853,6,Choque organico abr/2019,201904
SMTO3,0.0339961379573526,703,0.0408942124111986,0.0756699185595677,3,0.069832814320633,6,Choque organico abr/2019,201904
SQIA3,0.136115692340554,42,0.117941176470588,0.32359905288082,3,0.393600652776753,6,Choque organico abr/2019,201904
SSBR3,0.128892041614205,344,0.0209059233449478,0.211262798634812,3,0.0979130274156277,4,Choque organico abr/2019,201904
STBP3,0.0258058247531203,550,-0.0498753117206982,0.385826771653544,3,0.122493774671655,6,Choque organico abr/2019,201904
SULA11,0.0241588692768886,598,0.0469798657718121,0.346794871794872,3,0.0664876371885909,6,Choque organico abr/2019,201904
SUZB3,0.0173920308125233,1100,-0.115439520705378,-0.246992473541554,3,0.120832115342896,6,Choque organico abr/2019,201904
TAEE11,0.0432093670663425,871,0.0567635514155345,0.0790667793600381,3,0.0134799121708438,6,Choque organico abr/2019,201904
TCSA3,0.296532592714833,382,0.00763354388423232,-0.0606060759314056,3,0.0831430398189566,6,Choque organico abr/2019,201904
TECN3,0.235947444779902,50,-0.0573772495495818,0.130434972389684,3,0.126587061585192,6,Choque organico abr/2019,201904
TEND3,0.0426528775678908,591,0.0729309612771465,0.418056054227682,3,0.0893484484576377,6,Choque organico abr/2019,201904
TESA3,0.132783312697783,178,-0.00757575757575757,0.194656488549618,3,0.0721638186559191,6,Choque organico abr/2019,201904
TGMA3,0.0565163322610251,519,-0.0553126442779648,0.291020480169359,3,0.0601173190647207,6,Choque organico abr/2019,201904
TIET11,0.0640619977450488,564,-0.0252707581227436,0.184259259259259,3,0.0585283155670137,6,Choque organico abr/2019,201904
TIET3,0.472657381764905,15,-0.0399999999999999,0.351851851851852,3,0.103142643939231,6,Choque organico abr/2019,201904
TIET4,0.332784573119746,15,-0.0226244343891402,0.134259259259259,3,0.0394115404607542,6,Choque organico abr/2019,201904
TIMP3,0.0344265557618503,880,-0.00848176420695501,0.045337895637297,3,0.0490480653123788,6,Choque organico abr/2019,201904
TOTS3,0.0356938103073031,645,0.130710608287201,0.0907331760265073,3,0.0867379612373457,6,Choque organico abr/2019,201904
TRIS3,0.119231934269041,20,0.0637574999376254,0.67695468007006,3,0.171676247141981,6,Choque organico abr/2019,201904
TRPL4,0.0474177262046482,565,-0.727767695099819,0.152380952380952,3,0.0555089245782753,6,Choque organico abr/2019,201904
TUPY3,0.0557391939472249,551,-0.0342162821312926,0.108162810035725,3,0.0862517752884062,6,Choque organico abr/2019,201904
UGPA3,0.0118644361182734,969,-0.106383260076782,-0.0528570514902567,3,0.0935022117625236,6,Choque organico abr/2019,201904
UNIP3,0.0876114976029061,200,-0.0034194771778927,0.0190913898189649,3,0.0850794072096857,6,Choque organico abr/2019,201904
UNIP6,0.164693379080958,404,0.0246048668199774,0.0138786554653829,3,0.0871496639275409,6,Choque organico abr/2019,201904
USIM3,0.185327293257864,235,-0.0883090424777839,-0.0511566236871018,3,0.0486710628960641,6,Choque organico abr/2019,201904
USIM5,0.0174507918968314,885,-0.133739749937978,0.0151794305033204,3,0.06536513071467,6,Choque organico abr/2019,201904
USIM6,0.18825962387851,35,-0.113895020338983,0.149314404739953,3,0.166066060764956,6,Choque organico abr/2019,201904
VALE3,0.00583429019354103,1172,-0.0162973323498832,-0.00578797270486631,3,0.0538799668552388,6,Choque organico abr/2019,201904
VIVR3,0.36083318166852,34,-0.391891888865611,-0.115555585835102,3,0.095862222659605,6,Choque organico abr/2019,201904
VIVT3,0.0840970365538768,450,-0.0210451880689907,0.101405959875685,3,0.0383428764314275,6,Choque organico abr/2019,201904
VIVT4,0.016769612662748,948,-0.019578947368421,0.123040584066996,3,0.0289280966560498,6,Choque organico abr/2019,201904
VLID3,0.0385523041475273,328,-0.079356769452971,-0.143098554272778,3,0.154384362414205,6,Choque organico abr/2019,201904
VULC3,0.0417711943226123,521,-0.0844446495485329,0.148867224586894,3,0.0454266287763271,6,Choque organico abr/2019,201904
VVAR3,0.0336647622235628,840,-0.028436018957346,0.882926829268293,3,0.210365703918536,6,Choque organico abr/2019,201904
WEGE3,0.0159335927541514,864,0.0322220583645794,0.289521506400278,3,0.0670042735357562,6,Choque organico abr/2019,201904
WIZS3,0.117634601452375,517,-0.0364705882352941,0.452991452991453,3,0.101088899862883,6,Choque organico abr/2019,201904
