ticker,ym,retorno,pred,media_ingenua,refit_em,melhor_iter,quintil
AALR3,202001,0.175206681679283,0.021549241617322,0.0118452449102615,202001,272,5
ABCB4,202001,0.079305301623485,-0.000322488893289119,0.0118452449102615,202001,272,1
ABEV3,202001,-0.0486578086404291,0.00786614790558815,0.0118452449102615,202001,272,3
AGRO3,202001,0.181556086937808,0.00290774065069854,0.0118452449102615,202001,272,2
ALPA3,202001,0.141315468893932,0.0197473485022783,0.0118452449102615,202001,272,5
ALPA4,202001,0.182642396338216,0.00272302934899926,0.0118452449102615,202001,272,2
ALUP11,202001,0.0337236424971639,0.00668916897848249,0.0118452449102615,202001,272,3
AMAR3,202001,0.428260779505118,0.00718663120642304,0.0118452449102615,202001,272,3
ANIM3,202001,0.194546397008777,-0.00660020811483264,0.0118452449102615,202001,272,1
APER3,202001,0.200800533689126,-0.000859786639921367,0.0118452449102615,202001,272,1
ARZZ3,202001,0.152698671006238,-0.000910019502043724,0.0118452449102615,202001,272,1
AZEV4,202001,0.261467828382157,0.000162935073603876,0.0118452449102615,202001,272,1
AZUL4,202001,-0.00854700854700863,0.00779681419953704,0.0118452449102615,202001,272,3
B3SA3,202001,0.0701950799024818,0.023078877478838,0.0118452449102615,202001,272,5
BBAS3,202001,0.0218715803999936,0.00914960820227861,0.0118452449102615,202001,272,4
BBDC3,202001,0.0278864781464139,0.0075884354300797,0.0118452449102615,202001,272,3
BBDC4,202001,0.0151726135315833,0.0107241664081812,0.0118452449102615,202001,272,4
BBRK3,202001,0.428571428571429,0.000852108292747289,0.0118452449102615,202001,272,1
BBSE3,202001,0.068410646567092,0.00705626932904124,0.0118452449102615,202001,272,3
BEEF11,202001,0.679586563307494,0.0169627275317907,0.0118452449102615,202001,272,5
BEEF3,202001,0.542138372851235,0.0265862587839365,0.0118452449102615,202001,272,5
BIDI4,202001,-0.118035882908404,0.00906116049736738,0.0118452449102615,202001,272,4
BKBR3,202001,0.0441501103752759,-0.00772858783602715,0.0118452449102615,202001,272,1
BPAC11,202001,0.24286570724277,0.0115727260708809,0.0118452449102615,202001,272,4
BPAN4,202001,0.0634249471458774,0.0136081082746387,0.0118452449102615,202001,272,5
BRAP3,202001,-0.017777947462601,0.0138139417394996,0.0118452449102615,202001,272,5
BRAP4,202001,0.0240052517377678,0.00953546911478043,0.0118452449102615,202001,272,4
BRDT3,202001,0.259187620889749,0.00773594668135047,0.0118452449102615,202001,272,3
BRFS3,202001,0.284956925115971,0.0230228304862976,0.0118452449102615,202001,272,5
BRGE3,202001,0.336633663366337,-0.00452897977083921,0.0118452449102615,202001,272,1
BRIV3,202001,-0.0506329113924051,0.02260279096663,0.0118452449102615,202001,272,5
BRKM5,202001,0.227642303945452,0.0041524488478899,0.0118452449102615,202001,272,2
BRML3,202001,0.00601202404809609,0.00317194266244769,0.0118452449102615,202001,272,2
BRPR3,202001,-0.0458515257851925,0.00585459778085351,0.0118452449102615,202001,272,3
BRSR3,202001,-0.000690043910271054,0.0183623358607292,0.0118452449102615,202001,272,5
BRSR6,202001,0.0511317786724075,0.00862579699605703,0.0118452449102615,202001,272,4
BTOW3,202001,0.526041666666667,0.00934614147990942,0.0118452449102615,202001,272,4
CAML3,202001,0.047496934817796,0.00266476906836033,0.0118452449102615,202001,272,2
CCPR3,202001,0.0705454545454547,0.00504595180973411,0.0118452449102615,202001,272,2
CCRO3,202001,0.0528559249786871,0.00667893700301647,0.0118452449102615,202001,272,3
CESP3,202001,0.0240143369175627,0.0182101242244244,0.0118452449102615,202001,272,5
CESP6,202001,0.0476190476190477,0.00928596127778292,0.0118452449102615,202001,272,4
CGRA4,202001,-0.0242282386297066,0.00468730414286256,0.0118452449102615,202001,272,2
CIEL3,202001,-0.0855855855855857,-0.00396799249574542,0.0118452449102615,202001,272,1
CLSC4,202001,-0.169788058030119,-0.00126847380306572,0.0118452449102615,202001,272,1
CMIG3,202001,0.0685085339505533,0.0166413430124521,0.0118452449102615,202001,272,5
CMIG4,202001,0.0684627311740265,0.00968137290328741,0.0118452449102615,202001,272,4
COCE5,202001,0.0672686633772248,0.0147492438554764,0.0118452449102615,202001,272,5
COGN3,202001,0.385000099916596,0.00401532184332609,0.0118452449102615,202001,272,2
CPFE3,202001,0.0807590193188765,0.00412754062563181,0.0118452449102615,202001,272,2
CPLE3,202001,-0.0887289684591087,0.00352865224704146,0.0118452449102615,202001,272,2
CPLE6,202001,0.016822429906542,0.00579023407772183,0.0118452449102615,202001,272,3
CPRE3,202001,0.0154320987654322,0.0195486191660166,0.0118452449102615,202001,272,5
CRDE3,202001,-0.334778837814397,-0.00153251457959414,0.0118452449102615,202001,272,1
CRFB3,202001,-0.0305380513814832,-0.00553668010979891,0.0118452449102615,202001,272,1
CRIV3,202001,0.125813449023861,0.023729469627142,0.0118452449102615,202001,272,5
CRPG5,202001,0.251360374801412,0.0132325263693929,0.0118452449102615,202001,272,4
CSAN3,202001,0.122395959857152,0.00765092531219125,0.0118452449102615,202001,272,3
CSMG3,202001,0.173594240285609,0.00942661799490452,0.0118452449102615,202001,272,4
CSNA3,202001,0.283667449529519,0.0154053894802928,0.0118452449102615,202001,272,5
CTNM4,202001,0.018329970546807,0.0124345412477851,0.0118452449102615,202001,272,4
CVCB3,202001,0.243243181260478,-0.00289660086855292,0.0118452449102615,202001,272,1
CYRE3,202001,0.125973107404011,0.00798121746629477,0.0118452449102615,202001,272,3
DIRR3,202001,0.0501194115382642,0.00317329308018088,0.0118452449102615,202001,272,2
DTEX3,202001,0.0417112299465241,0.00182490644510835,0.0118452449102615,202001,272,1
ECOR3,202001,0.110053206901792,0.00526905292645097,0.0118452449102615,202001,272,3
EGIE3,202001,0.00513886692439702,0.00577866844832897,0.0118452449102615,202001,272,3
ELET3,202001,0.0163453478625315,0.00417044758796692,0.0118452449102615,202001,272,2
ELET6,202001,0.069535151747983,0.00471463613212109,0.0118452449102615,202001,272,2
EMBR3,202001,-0.0932914046121592,0.00891552492976189,0.0118452449102615,202001,272,4
ENBR3,202001,0.0442260442260443,0.00646917661651969,0.0118452449102615,202001,272,3
ENEV3,202001,0.0353956702801821,0.0074502476491034,0.0118452449102615,202001,272,3
ENGI11,202001,0.207142837753557,0.00303143169730902,0.0118452449102615,202001,272,2
ENGI4,202001,0.292682913402671,0.00823404081165791,0.0118452449102615,202001,272,4
EQPA3,202001,0.101449157788141,0.0094072325155139,0.0118452449102615,202001,272,4
EQTL3,202001,0.0414772273967261,0.00642798142507672,0.0118452449102615,202001,272,3
EUCA4,202001,0.066666720220568,0.0149990217760205,0.0118452449102615,202001,272,5
EVEN3,202001,0.10310980059141,-0.00181621091905981,0.0118452449102615,202001,272,1
EZTC3,202001,0.0262071698811799,0.00450712302699685,0.0118452449102615,202001,272,2
FESA4,202001,0.299152468646436,0.00254253344610333,0.0118452449102615,202001,272,2
FHER3,202001,0.204081555695795,-0.00379198743030429,0.0118452449102615,202001,272,1
FLRY3,202001,0.126482200439375,0.00737672066316009,0.0118452449102615,202001,272,3
GFSA3,202001,0.0263157957558224,-0.0137501321732998,0.0118452449102615,202001,272,1
GGBR3,202001,0.155914207767929,0.0194819644093514,0.0118452449102615,202001,272,5
GGBR4,202001,0.168159311028801,0.00771391531452537,0.0118452449102615,202001,272,3
GNDI3,202001,0.219083629893238,0.00507136946544051,0.0118452449102615,202001,272,2
GOAU3,202001,0.168269473840706,0.0128610702231526,0.0118452449102615,202001,272,4
GOAU4,202001,0.107526762452848,0.00982728879898787,0.0118452449102615,202001,272,4
GOLL4,202001,0.0905892700087951,0.00786195602267981,0.0118452449102615,202001,272,3
GRND3,202001,-0.0743690105977221,0.00164455256890506,0.0118452449102615,202001,272,1
GUAR3,202001,0.16865261228231,0.0182419177144766,0.0118452449102615,202001,272,5
HAPV3,202001,0.237174042080847,0.00474267778918147,0.0118452449102615,202001,272,2
HBOR3,202001,-0.0106382194509328,0.00388785125687718,0.0118452449102615,202001,272,2
HGTX3,202001,0.0053763440860215,0.00296109635382891,0.0118452449102615,202001,272,2
HYPE3,202001,0.0171387115293511,0.00693524349480867,0.0118452449102615,202001,272,3
IDNT3,202001,0.287735849056604,0.00144162878859788,0.0118452449102615,202001,272,1
IGTA3,202001,0.0534400000000002,0.00655273767188191,0.0118452449102615,202001,272,3
IRBR3,202001,0.0557851981831661,0.0078734690323472,0.0118452449102615,202001,272,3
ITSA3,202001,0.0693467041876408,0.00132092961575836,0.0118452449102615,202001,272,1
ITSA4,202001,0.0262261167686995,0.00848460011184216,0.0118452449102615,202001,272,4
ITUB3,202001,-0.00294555673238139,0.00650961231440306,0.0118452449102615,202001,272,3
ITUB4,202001,-0.0132178692368046,0.00939022842794657,0.0118452449102615,202001,272,4
JBSS3,202001,0.172074729596853,0.0245308466255665,0.0118452449102615,202001,272,5
JHSF3,202001,0.188571524170617,0.0383734963834286,0.0118452449102615,202001,272,5
JOPA3,202001,0,0.0194151103496552,0.0118452449102615,202001,272,5
JPSA3,202001,0.0967269174401564,0.0091001708060503,0.0118452449102615,202001,272,4
KEPL3,202001,0.121405985412229,0.00317171192727983,0.0118452449102615,202001,272,2
KLBN11,202001,0.0980273852714138,0.0047696209512651,0.0118452449102615,202001,272,2
KLBN3,202001,0.120846154987431,0.0196735728532076,0.0118452449102615,202001,272,5
KLBN4,202001,0.0962732315638732,0.00712844543159008,0.0118452449102615,202001,272,3
KROT11,202001,0.385,0.0160203482955694,0.0118452449102615,202001,272,5
LAME3,202001,0.406920415224914,0.00585394585505128,0.0118452449102615,202001,272,3
LAME4,202001,0.382222222222222,0.00819272920489311,0.0118452449102615,202001,272,3
LCAM3,202001,0.265967588179218,-0.0215771459043026,0.0118452449102615,202001,272,1
LEVE3,202001,0.00285015059662541,0.00768422381952405,0.0118452449102615,202001,272,3
LIGT3,202001,0.17720209924301,0.0017460169037804,0.0118452449102615,202001,272,1
LINX3,202001,0.303903903903904,0.00727244885638356,0.0118452449102615,202001,272,3
LLIS3,202001,0.030456852791878,-0.0137160932645202,0.0118452449102615,202001,272,1
LOGG3,202001,0.0447490279191054,0.00379560375586152,0.0118452449102615,202001,272,2
LOGN3,202001,-0.0357643913531568,0.016342805698514,0.0118452449102615,202001,272,5
LPSB3,202001,0.0985914797476306,0.0131040681153536,0.0118452449102615,202001,272,4
LREN3,202001,0.144480097909679,0.00488326093181968,0.0118452449102615,202001,272,2
MDIA3,202001,0.0996561736171688,-0.00302449008449912,0.0118452449102615,202001,272,1
MEAL3,202001,0.186131382732909,0.00909438263624907,0.0118452449102615,202001,272,4
MGLU3,202001,0.274685747621913,0.00871162954717875,0.0118452449102615,202001,272,4
MILS3,202001,0.217616780039736,0.00808985251933336,0.0118452449102615,202001,272,3
MOAR3,202001,-0.131034482758621,0.0127690862864256,0.0118452449102615,202001,272,4
MOVI3,202001,0.334980988096518,0.00758643541485071,0.0118452449102615,202001,272,3
MRFG3,202001,0.450847457627119,0.0222087614238262,0.0118452449102615,202001,272,5
MRVE3,202001,0.2377451009907,0.00151733367238194,0.0118452449102615,202001,272,1
MULT3,202001,0.0948639217840335,0.00526097556576133,0.0118452449102615,202001,272,3
MYPK3,202001,0.15335751793522,-0.00235401652753353,0.0118452449102615,202001,272,1
ODPV3,202001,0.0359116022099448,0.00345441419631243,0.0118452449102615,202001,272,2
OFSA3,202001,0.202672522419323,0.0118364067748189,0.0118452449102615,202001,272,4
OIBR3,202001,0.24,0.0218109302222729,0.0118452449102615,202001,272,5
OMGE3,202001,0.103384841795438,0.00964634865522385,0.0118452449102615,202001,272,4
PARD3,202001,0.0119667013527576,0.00466521875932813,0.0118452449102615,202001,272,2
PETR3,202001,0.318953358650935,0.00808202102780342,0.0118452449102615,202001,272,3
PETR4,202001,0.290207068538673,0.0111390622332692,0.0118452449102615,202001,272,4
PFRM3,202001,0.0674420412119652,0.0140726920217276,0.0118452449102615,202001,272,5
PNVL3,202001,0.0312913962413841,0.00907425675541162,0.0118452449102615,202001,272,4
PNVL4,202001,-0.0616966580976863,0.0253947209566832,0.0118452449102615,202001,272,5
POMO3,202001,0.206897097285492,0.0102666281163692,0.0118452449102615,202001,272,4
POMO4,202001,0.157894392941442,0.00184793758671731,0.0118452449102615,202001,272,2
POSI3,202001,0.321838906476838,-0.00758223608136177,0.0118452449102615,202001,272,1
PRIO3,202001,0.224550942300831,0.035048708319664,0.0118452449102615,202001,272,5
PSSA3,202001,0.0544546057964379,0.00744580989703536,0.0118452449102615,202001,272,3
PTBL3,202001,0.269058207381868,-0.00881319306790829,0.0118452449102615,202001,272,1
QUAL3,202001,0.0983049871435784,0.007433847989887,0.0118452449102615,202001,272,3
RADL3,202001,0.0293903280988448,0.0152278505265713,0.0118452449102615,202001,272,5
RAIL3,202001,0.00712480381702174,0.00362381571903825,0.0118452449102615,202001,272,2
RAPT3,202001,0.586345478368433,0.020908797159791,0.0118452449102615,202001,272,5
RAPT4,202001,0.559633099153486,-0.00513459043577313,0.0118452449102615,202001,272,1
RDNI3,202001,0,0.0202292092144489,0.0118452449102615,202001,272,5
RENT3,202001,0.299999991315251,0.00796614494174719,0.0118452449102615,202001,272,3
RLOG3,202001,-0.0813397129186603,0.012267341837287,0.0118452449102615,202001,272,4
ROMI3,202001,0.398996037459842,0.000889746472239494,0.0118452449102615,202001,272,1
RPAD3,202001,-0.087893908033281,0.0235389694571495,0.0118452449102615,202001,272,5
SANB11,202001,0,0.00464925030246377,0.0118452449102615,202001,272,2
SAPR11,202001,0.0817609856508199,-0.000649398367386311,0.0118452449102615,202001,272,1
SAPR3,202001,0.0597940002620399,0.0135525306686759,0.0118452449102615,202001,272,4
SAPR4,202001,0.0353430274332045,0.015439105220139,0.0118452449102615,202001,272,5
SBSP3,202001,0.0594550375809384,0.00879593845456839,0.0118452449102615,202001,272,4
SCAR3,202001,0.0376812273720961,0.0115755321457982,0.0118452449102615,202001,272,4
SEER3,202001,0.123595364335562,0.00681761931627989,0.0118452449102615,202001,272,3
SGPS3,202001,0.193018480492813,0.00984106957912445,0.0118452449102615,202001,272,4
SHOW3,202001,-0.0649999618530274,-0.0151658421382308,0.0118452449102615,202001,272,1
SHUL4,202001,0.143250702712037,0.00139477697666734,0.0118452449102615,202001,272,1
SLCE3,202001,0.0572686345802365,-0.00439449911937118,0.0118452449102615,202001,272,1
SMLS3,202001,0.156275303643725,0.0101014766842127,0.0118452449102615,202001,272,4
SMTO3,202001,0.292286599626689,0.00267528695985675,0.0118452449102615,202001,272,2
STBP3,202001,-0.0892857142857143,0.00517852371558547,0.0118452449102615,202001,272,2
SULA11,202001,0.32396449704142,0.00402507139369845,0.0118452449102615,202001,272,2
SUZB3,202001,0.101145557643956,0.0026691691018641,0.0118452449102615,202001,272,2
TAEE11,202001,0.0692068639202486,0.00626746751368046,0.0118452449102615,202001,272,3
TASA4,202001,0.0567567273046172,0.00407081935554743,0.0118452449102615,202001,272,2
TCSA3,202001,0.0540540662449236,0.00238057784736156,0.0118452449102615,202001,272,2
TECN3,202001,0.0247933733038968,0.00693135662004352,0.0118452449102615,202001,272,3
TEND3,202001,0.127061211370948,0.000559537205845118,0.0118452449102615,202001,272,1
TESA3,202001,-0.0267241379310346,0.0203334782272577,0.0118452449102615,202001,272,5
TGMA3,202001,-0.0913485893949279,0.00218064058572054,0.0118452449102615,202001,272,2
TIET11,202001,0.105182926829268,0.000579283572733402,0.0118452449102615,202001,272,1
TIET3,202001,0.087378640776699,0.016083337366581,0.0118452449102615,202001,272,5
TIET4,202001,0.132,0.0039424505084753,0.0118452449102615,202001,272,2
TIMP3,202001,0.0257234726688103,0.00957644544541836,0.0118452449102615,202001,272,4
TOTS3,202001,0.269966323687531,0.00484503200277686,0.0118452449102615,202001,272,2
TRIS3,202001,0.153471473706188,0.0403169207274914,0.0118452449102615,202001,272,5
TRPL4,202001,0.0242488139167107,0.0325716286897659,0.0118452449102615,202001,272,5
TUPY3,202001,0.128048757139992,-0.000945203471928835,0.0118452449102615,202001,272,1
UCAS3,202001,0.0827066520562605,0.0181691441684961,0.0118452449102615,202001,272,5
UGPA3,202001,0.157222722489677,0.00646603759378195,0.0118452449102615,202001,272,3
UNIP3,202001,-0.0115667812196767,0.0170775968581438,0.0118452449102615,202001,272,5
UNIP6,202001,-0.00695468502993291,-0.00379121233709157,0.0118452449102615,202001,272,1
USIM3,202001,-0.054370258755066,0.00198935111984611,0.0118452449102615,202001,272,2
USIM5,202001,-0.0153064477484732,0.00848981272429228,0.0118452449102615,202001,272,4
VALE3,202001,0.0379451987449579,0.0099779749289155,0.0118452449102615,202001,272,4
VIVT3,202001,-0.0814916877159783,0.0101526044309139,0.0118452449102615,202001,272,4
VIVT4,202001,-0.0768452982810921,0.0038887127302587,0.0118452449102615,202001,272,2
VLID3,202001,-0.0367171844211216,-0.00513304909691215,0.0118452449102615,202001,272,1
VULC3,202001,0.0368549694457945,-0.00362474634312093,0.0118452449102615,202001,272,1
VVAR3,202001,0.738636363636364,0.00863378494977951,0.0118452449102615,202001,272,4
WEGE3,202001,0.189752803320194,0.00976837333291769,0.0118452449102615,202001,272,4
WIZS3,202001,0.0110864745011086,0.00252087973058224,0.0118452449102615,202001,272,2
YDUQ3,202001,0.394772833725542,0.00179686362389475,0.0118452449102615,202001,272,1
AALR3,202002,-0.0276453735157818,-0.0224385466426611,0.0118452449102615,202001,272,1
ABCB4,202002,-0.0202940829552496,-0.0244412459433079,0.0118452449102615,202001,272,1
ABEV3,202002,0.100528912999229,-0.0210819914937019,0.0118452449102615,202001,272,2
AGRO3,202002,-0.0292683330512955,-0.0141758332028985,0.0118452449102615,202001,272,3
ALPA3,202002,-0.0432238428919542,-0.00697327125817537,0.0118452449102615,202001,272,4
ALPA4,202002,-0.0934647148956015,-0.0162737667560577,0.0118452449102615,202001,272,2
ALUP11,202002,0.101905080414118,-0.0194653552025557,0.0118452449102615,202001,272,2
AMAR3,202002,0.155251236612175,0.0111987525597215,0.0118452449102615,202001,272,5
ANIM3,202002,-0.0373133199484974,-0.0109016196802258,0.0118452449102615,202001,272,4
APER3,202002,0.0605555555555555,-0.0248822029680014,0.0118452449102615,202001,272,1
ARZZ3,202002,-0.00941176470588234,-0.0227758530527353,0.0118452449102615,202001,272,1
AZEV4,202002,0.272727346607566,-0.036797571927309,0.0118452449102615,202001,272,1
AZUL4,202002,-0.179310344827586,-0.0233536045998335,0.0118452449102615,202001,272,1
B3SA3,202002,0.185580270261564,0.00466990331187844,0.0118452449102615,202001,272,5
BBAS3,202002,0.0821048561581537,-0.0096971383318305,0.0118452449102615,202001,272,4
BBDC3,202002,0.0147030301771118,-0.0180389359593391,0.0118452449102615,202001,272,2
BBDC4,202002,-0.00941673793653919,-0.0141603713855147,0.0118452449102615,202001,272,3
BBRK3,202002,-0.0833333333333333,-0.0155311767011881,0.0118452449102615,202001,272,3
BBSE3,202002,-0.0478343127095559,-0.0126391323283315,0.0118452449102615,202001,272,3
BEEF11,202002,0.196923076923077,-0.0254051107913256,0.0118452449102615,202001,272,1
BEEF3,202002,0.0921694838483542,-0.00587459234520793,0.0118452449102615,202001,272,4
BIDI4,202002,0.241970021413276,-0.0415420643985271,0.0118452449102615,202001,272,1
BIOM3,202002,0.675376869771193,0.0198919903486967,0.0118452449102615,202001,272,5
BKBR3,202002,0.285412262156448,-0.0360803529620171,0.0118452449102615,202001,272,1
BPAC11,202002,0.168141404685737,-0.0125617366284132,0.0118452449102615,202001,272,3
BPAN4,202002,0.113320079522863,-0.0236348491162062,0.0118452449102615,202001,272,1
BRAP3,202002,0.193816035211345,-0.0112970620393753,0.0118452449102615,202001,272,4
BRAP4,202002,0.180509323471208,-0.013840451836586,0.0118452449102615,202001,272,3
BRDT3,202002,0.108038914490527,-0.0144083835184574,0.0118452449102615,202001,272,3
BRFS3,202002,0.192882929345023,-0.00458320835605264,0.0118452449102615,202001,272,4
BRGE3,202002,0.208888888888889,-0.00970670487731695,0.0118452449102615,202001,272,4
BRIV3,202002,-0.0293333333333333,-0.0100221624597907,0.0118452449102615,202001,272,4
BRKM5,202002,0.312204384851098,-0.0284276437014341,0.0118452449102615,202001,272,1
BRML3,202002,-0.0229083665338644,-0.0222365781664848,0.0118452449102615,202001,272,1
BRPR3,202002,-0.012585643284233,-0.0130286831408739,0.0118452449102615,202001,272,3
BRSR3,202002,-0.0966181954163324,-0.0251250751316547,0.0118452449102615,202001,272,1
BRSR6,202002,0,-0.0159493274986744,0.0118452449102615,202001,272,3
BTOW3,202002,0.250784982935154,-0.0133160511031747,0.0118452449102615,202001,272,3
CAML3,202002,0.216911706997041,-0.0213210172951221,0.0118452449102615,202001,272,1
CARD3,202002,0.252535496957404,0.0139387995004654,0.0118452449102615,202001,272,5
CCPR3,202002,-0.0557065217391305,-0.00116017006803304,0.0118452449102615,202001,272,4
CCRO3,202002,0.190283400809717,-0.0113944644108415,0.0118452449102615,202001,272,4
CESP3,202002,0.0822541127056353,0.0132238687947392,0.0118452449102615,202001,272,5
CESP6,202002,0.0145596590909092,0.00560957984998822,0.0118452449102615,202001,272,5
CGAS5,202002,0.0340969763901666,0.0164251588284969,0.0118452449102615,202001,272,5
CGRA4,202002,0.0408489374335024,0.00853326451033354,0.0118452449102615,202001,272,5
CIEL3,202002,0.00738916256157651,-0.0322702117264271,0.0118452449102615,202001,272,1
CLSC4,202002,0.235092544817574,0.00122901971917599,0.0118452449102615,202001,272,5
CMIG3,202002,0.158220881935923,-0.0217217486351728,0.0118452449102615,202001,272,1
CMIG4,202002,0.134453755954489,-0.0140950353816152,0.0118452449102615,202001,272,3
COCE5,202002,0.0433550286835942,-0.000956761592533439,0.0118452449102615,202001,272,4
COGN3,202002,-0.0505414796924738,-0.0195197016000748,0.0118452449102615,202001,272,2
CPFE3,202002,0.110537117565126,-0.0137095702812076,0.0118452449102615,202001,272,3
CPLE3,202002,0.120300896785226,0.000422478653490543,0.0118452449102615,202001,272,5
CPLE6,202002,0.163602941176471,0.00293203257024288,0.0118452449102615,202001,272,5
CPRE3,202002,0.0455927051671732,-0.013051618821919,0.0118452449102615,202001,272,3
CRDE3,202002,-0.087787918296393,0.00486007332801819,0.0118452449102615,202001,272,5
CRFB3,202002,-0.0755000000000001,-0.021222434937954,0.0118452449102615,202001,272,1
CRIV3,202002,-0.111753371868979,-0.0128139266744256,0.0118452449102615,202001,272,3
CSAN3,202002,0.0913156825018293,-0.0148006677627563,0.0118452449102615,202001,272,3
CSMG3,202002,0.202083111325562,-0.0140349846333265,0.0118452449102615,202001,272,3
CSNA3,202002,0.153048581912884,-0.0162578895688057,0.0118452449102615,202001,272,2
CTNM4,202002,-0.0399999618530273,-0.0234609413892031,0.0118452449102615,202001,272,1
CVCB3,202002,0.0434783264899201,-0.0388950370252132,0.0118452449102615,202001,272,1
CYRE3,202002,0.0653678294194351,-0.017565319314599,0.0118452449102615,202001,272,2
DIRR3,202002,0.0875000440359064,-0.0106453141197562,0.0118452449102615,202001,272,4
DTEX3,202002,0.104722792607803,-0.000588425085879862,0.0118452449102615,202001,272,4
ECOR3,202002,0.253574435793216,-0.0189710259437561,0.0118452449102615,202001,272,2
EGIE3,202002,0.0841000922020667,-0.0172073394060135,0.0118452449102615,202001,272,2
ELET3,202002,0.180618556701031,-0.0183018688112497,0.0118452449102615,202001,272,2
ELET6,202002,0.102729885057471,-0.0186916198581457,0.0118452449102615,202001,272,2
EMBR3,202002,-0.173410404624277,-0.0149223040789366,0.0118452449102615,202001,272,3
ENBR3,202002,0.0394117647058825,-0.0192003473639488,0.0118452449102615,202001,272,2
ENEV3,202002,0.0614229881208968,0.00376616651192307,0.0118452449102615,202001,272,5
ENGI11,202002,0.0298049976078696,-0.0126607744023204,0.0118452449102615,202001,272,3
ENGI4,202002,0.0365568504458491,-0.00168210035189986,0.0118452449102615,202001,272,4
EQPA3,202002,-0.0164473051451925,-0.0170401241630316,0.0118452449102615,202001,272,2
EQTL3,202002,0.0938350422106253,0.0043175513856113,0.0118452449102615,202001,272,5
EUCA4,202002,-0.0666666849236776,0.000934132083784789,0.0118452449102615,202001,272,5
EVEN3,202002,0.0703944297666226,-0.0178046617656946,0.0118452449102615,202001,272,2
EZTC3,202002,0.079444167776163,-0.0208950769156218,0.0118452449102615,202001,272,2
FESA4,202002,0.198219194614673,0.00518876640126109,0.0118452449102615,202001,272,5
FHER3,202002,0.0423729438543417,-0.00434788502752781,0.0118452449102615,202001,272,4
FLRY3,202002,0.0241227571037486,1.1791882570833e-05,0.0118452449102615,202001,272,5
FRAS3,202002,0.113580055644202,-0.013095491565764,0.0118452449102615,202001,272,3
GFSA3,202002,0.0820512313563673,-0.022294607013464,0.0118452449102615,202001,272,1
GGBR3,202002,0.023255591594374,-0.0101872766390443,0.0118452449102615,202001,272,4
GGBR4,202002,0.143951991314713,-0.0151399644091725,0.0118452449102615,202001,272,3
GNDI3,202002,0.136653895274585,-0.0145128313452005,0.0118452449102615,202001,272,3
GOAU3,202002,0.164609073232626,-0.0182639230042696,0.0118452449102615,202001,272,2
GOAU4,202002,0.198058230680438,-0.0160802584141493,0.0118452449102615,202001,272,2
GOLL4,202002,-0.0298387096774194,-0.0128993513062596,0.0118452449102615,202001,272,3
GPCP3,202002,0.472602739726028,0.00664761103689671,0.0118452449102615,202001,272,5
GRND3,202002,0.06332817507129,-0.0216835085302591,0.0118452449102615,202001,272,1
GUAR3,202002,0.043921568627451,-0.0242393966764212,0.0118452449102615,202001,272,1
HAPV3,202002,0.0461480715580283,-0.0101989787071943,0.0118452449102615,202001,272,4
HBOR3,202002,-0.0215054023820949,-0.00745106022804976,0.0118452449102615,202001,272,4
HGTX3,202002,-0.109625668449198,-0.00397044513374567,0.0118452449102615,202001,272,4
HYPE3,202002,0.107978104418766,-0.00852725934237242,0.0118452449102615,202001,272,4
IDNT3,202002,-0.15018315018315,-0.0213642232120037,0.0118452449102615,202001,272,1
IGTA3,202002,-0.0100243013365735,-0.021101800724864,0.0118452449102615,202001,272,2
IRBR3,202002,-0.187866918269044,-0.0224162843078375,0.0118452449102615,202001,272,1
ITSA3,202002,-0.0197372213826523,-0.0147508597001433,0.0118452449102615,202001,272,3
ITSA4,202002,-0.0155558776204494,-0.0146444067358971,0.0118452449102615,202001,272,3
ITUB3,202002,-0.00204690412197384,-0.0156702268868685,0.0118452449102615,202001,272,3
ITUB4,202002,0.012524423337765,-0.0171440206468105,0.0118452449102615,202001,272,2
JBSS3,202002,-0.0784395973154363,-0.0108006112277508,0.0118452449102615,202001,272,4
JHSF3,202002,0.149038801565137,-0.000675856252200902,0.0118452449102615,202001,272,4
JOPA3,202002,-0.207010638130173,-0.0238142870366573,0.0118452449102615,202001,272,1
JPSA3,202002,0.00222717149220486,-0.0185118950903416,0.0118452449102615,202001,272,2
KEPL3,202002,0.111934999928408,-0.000236676336498931,0.0118452449102615,202001,272,5
KLBN11,202002,0.0982593682438127,-0.0220273528248072,0.0118452449102615,202001,272,1
KLBN3,202002,0.0916444923533031,0.00852060597389936,0.0118452449102615,202001,272,5
KROT11,202002,-0.0505415162454874,-0.0179710257798433,0.0118452449102615,202001,272,2
LAME3,202002,0.151992129857354,-0.00233165617100894,0.0118452449102615,202001,272,4
LAME4,202002,0.135450160771704,-0.00263094971887767,0.0118452449102615,202001,272,4
LCAM3,202002,0.113704819277108,-0.089129239320755,0.0118452449102615,202001,272,1
LEVE3,202002,0.0102334080081525,-0.0299086943268776,0.0118452449102615,202001,272,1
LIGT3,202002,0.225352050760048,-0.0187850147485733,0.0118452449102615,202001,272,2
LINX3,202002,-0.0557346844771995,-0.0193952191621065,0.0118452449102615,202001,272,2
LLIS3,202002,-0.0558292282430213,-0.0315697304904461,0.0118452449102615,202001,272,1
LOGG3,202002,0.0321310198605536,-0.0134544540196657,0.0118452449102615,202001,272,3
LOGN3,202002,0.0145454406738281,-0.00676057580858469,0.0118452449102615,202001,272,4
LPSB3,202002,-0.0358973823742925,-0.0114638190716505,0.0118452449102615,202001,272,4
LREN3,202002,0.00416764989412899,-0.016479691490531,0.0118452449102615,202001,272,2
MDIA3,202002,0.129062331838759,-0.0204707011580467,0.0118452449102615,202001,272,2
MEAL3,202002,0.0953845977783203,-0.0233781263232231,0.0118452449102615,202001,272,1
MGLU3,202002,0.294768612899379,-0.00929128006100655,0.0118452449102615,202001,272,4
MILS3,202002,0.157446725430876,0.00224087433889508,0.0118452449102615,202001,272,5
MOAR3,202002,0.0317460317460319,-0.0219843331724405,0.0118452449102615,202001,272,1
MOVI3,202002,0.0324076925104577,-0.00982130505144596,0.0118452449102615,202001,272,4
MRFG3,202002,0.0147975077881619,0.00320209516212344,0.0118452449102615,202001,272,5
MRVE3,202002,0.00132015948933173,-0.0173719450831413,0.0118452449102615,202001,272,2
MULT3,202002,-0.00957421590630148,-0.0190954636782408,0.0118452449102615,202001,272,2
MYPK3,202002,0.086545900744057,-0.0176952052861452,0.0118452449102615,202001,272,2
ODPV3,202002,-0.102,-0.0249010622501373,0.0118452449102615,202001,272,1
OFSA3,202002,-0.111111139458516,-0.0194188058376312,0.0118452449102615,202001,272,2
OIBR3,202002,0.209677419354839,-0.0300171878188849,0.0118452449102615,202001,272,1
OMGE3,202002,0.0676892297432479,0.00116191804409027,0.0118452449102615,202001,272,5
PARD3,202002,-0.0483290488431876,0.00532436231151223,0.0118452449102615,202001,272,5
PETR3,202002,0.117426139658295,-0.0176320746541023,0.0118452449102615,202001,272,2
PETR4,202002,0.126869960183278,-0.0125196380540729,0.0118452449102615,202001,272,3
PMAM3,202002,-0.0713640454951767,-0.0176829472184181,0.0118452449102615,202001,272,2
PNVL3,202002,0.0064099846469956,0.00436549354344606,0.0118452449102615,202001,272,5
PNVL4,202002,-0.0191780821917809,0.0215637311339378,0.0118452449102615,202001,272,5
POMO3,202002,-0.0928574303595352,0.0193947590887547,0.0118452449102615,202001,272,5
POMO4,202002,-0.0769228501625002,0.00414925394579768,0.0118452449102615,202001,272,5
POSI3,202002,-0.117391212335651,-0.0143016027286649,0.0118452449102615,202001,272,3
PRIO3,202002,0.514914468768206,-0.0148544125258923,0.0118452449102615,202001,272,3
PSSA3,202002,0.0443805465708407,-0.0195763111114502,0.0118452449102615,202001,272,2
PTBL3,202002,0.190308619354001,-0.0375402383506298,0.0118452449102615,202001,272,1
QUAL3,202002,-0.0847278304791771,-0.0116754006594419,0.0118452449102615,202001,272,4
RADL3,202002,0.0444742835639753,0.00302012031897903,0.0118452449102615,202001,272,5
RAIL3,202002,0.138453751256223,-0.0103614805266261,0.0118452449102615,202001,272,4
RAPT3,202002,-0.0670886062887229,-0.0121161481365561,0.0118452449102615,202001,272,3
RAPT4,202002,0.0352941639222333,-0.0189924594014883,0.0118452449102615,202001,272,2
RDNI3,202002,0.0614285714285714,0.00447649322450161,0.0118452449102615,202001,272,5
RENT3,202002,0.125475389825001,-0.0135150738060474,0.0118452449102615,202001,272,3
RLOG3,202002,0.17578125,-0.00908168312162161,0.0118452449102615,202001,272,4
ROMI3,202002,-0.0430495375683959,-0.00684079062193632,0.0118452449102615,202001,272,4
RPAD3,202002,-0.0345454948222413,0.00163871352560818,0.0118452449102615,202001,272,5
RSID3,202002,0.00245103653647916,-0.0319804511964321,0.0118452449102615,202001,272,1
SANB11,202002,-0.0576037161874684,-0.0121959578245878,0.0118452449102615,202001,272,3
SAPR11,202002,0.0697675221374738,-0.00661596702411771,0.0118452449102615,202001,272,4
SAPR3,202002,0.132295854048077,-0.00222770613618195,0.0118452449102615,202001,272,4
SAPR4,202002,0.068273213713357,-0.0135123757645488,0.0118452449102615,202001,272,3
SBSP3,202002,0.355289459922026,0.00179241795558482,0.0118452449102615,202001,272,5
SCAR3,202002,-0.141225859584071,-0.0120987985283136,0.0118452449102615,202001,272,3
SEER3,202002,-0.141149674404609,-0.0116160828620195,0.0118452449102615,202001,272,4
SGPS3,202002,-0.0499139414802066,-0.0108327902853489,0.0118452449102615,202001,272,4
SHOW3,202002,-0.106951867294235,-0.0236250180751085,0.0118452449102615,202001,272,1
SHUL4,202002,0.237349409014636,0.00830832030624151,0.0118452449102615,202001,272,5
SLCE3,202002,0.0379169297391933,-0.0133170038461685,0.0118452449102615,202001,272,3
SMLS3,202002,-0.15406162464986,-0.0342910587787628,0.0118452449102615,202001,272,1
SMTO3,202002,0.0172779035061321,-0.00663321511819959,0.0118452449102615,202001,272,4
SQIA3,202002,-0.0992191088654111,-0.118522785604,0.0118452449102615,202001,272,1
STBP3,202002,0.0294117647058825,-0.0205135103315115,0.0118452449102615,202001,272,2
SULA11,202002,0.00223463687150849,-0.0142381433397532,0.0118452449102615,202001,272,3
SUZB3,202002,-0.0393300669407617,-0.0142810214310884,0.0118452449102615,202001,272,3
TAEE11,202002,0.0794984810057666,-0.0165139846503735,0.0118452449102615,202001,272,2
TASA4,202002,0.120204708237074,-0.0197445526719093,0.0118452449102615,202001,272,2
TCSA3,202002,-0.0384615619742182,-0.019033731892705,0.0118452449102615,202001,272,2
TECN3,202002,-0.048387187031821,0.00409504864364862,0.0118452449102615,202001,272,5
TEND3,202002,0.0796040220267342,0.000338617013767362,0.0118452449102615,202001,272,5
TESA3,202002,0.0141718334809566,0.0228392146527767,0.0118452449102615,202001,272,5
TGMA3,202002,0.0148936114575495,-0.0214972458779812,0.0118452449102615,202001,272,1
TIET11,202002,-0.0641379310344827,-0.0123327905312181,0.0118452449102615,202001,272,3
TIET3,202002,-0.0892857142857142,0.00980818085372448,0.0118452449102615,202001,272,5
TIET4,202002,-0.0636042402826855,0.00349919055588543,0.0118452449102615,202001,272,5
TIMP3,202002,0.067398119122257,0.00388142443262041,0.0118452449102615,202001,272,5
TOTS3,202002,0.0199489798447918,-0.00883902423083782,0.0118452449102615,202001,272,4
TRIS3,202002,-0.0110565038046175,-0.00107643113005906,0.0118452449102615,202001,272,4
TRPL4,202002,0.0705095213587237,-0.0118923475965858,0.0118452449102615,202001,272,4
TUPY3,202002,0.0249999339979052,-0.014026734046638,0.0118452449102615,202001,272,3
UCAS3,202002,-0.178240766339922,-0.00280362763442099,0.0118452449102615,202001,272,4
UGPA3,202002,0.180689628890091,-0.0256243515759707,0.0118452449102615,202001,272,1
UNIP3,202002,-0.0495724680991322,-0.0196907408535481,0.0118452449102615,202001,272,2
UNIP6,202002,-0.0303419502820893,-0.0211809203028679,0.0118452449102615,202001,272,2
USIM3,202002,0.243396142440572,-0.0290271621197462,0.0118452449102615,202001,272,1
USIM5,202002,0.281250028823802,-0.0159105639904737,0.0118452449102615,202001,272,3
VALE3,202002,0.181453207235311,-0.0114337829872966,0.0118452449102615,202001,272,4
VIVT3,202002,0.0353299694041509,-0.0129006961360574,0.0118452449102615,202001,272,3
VIVT4,202002,0.0326396495071195,-0.0167418867349625,0.0118452449102615,202001,272,2
VLID3,202002,0.221973165269898,-0.0262754056602716,0.0118452449102615,202001,272,1
VULC3,202002,-0.011847897225987,-0.0164986364543438,0.0118452449102615,202001,272,2
VVAR3,202002,0.350762527233116,0.00732333632186055,0.0118452449102615,202001,272,5
WEGE3,202002,0.0473212357908757,0.0124731864780188,0.0118452449102615,202001,272,5
WIZS3,202002,0.0328947368421053,-0.0162556394934654,0.0118452449102615,202001,272,2
YDUQ3,202002,-0.0616145208872784,0.0041317199356854,0.0118452449102615,202001,272,5
AALR3,202003,0.00882354453635759,-0.0734719410538673,0.0118452449102615,202001,272,1
ABCB4,202003,0.00571443235289593,-0.0307658817619085,0.0118452449102615,202001,272,2
ABEV3,202003,0.133013036297911,-0.0289761926978827,0.0118452449102615,202001,272,2
AGRO3,202003,0.0532662931429209,-0.0155941331759095,0.0118452449102615,202001,272,4
ALPA3,202003,0.167529545244067,-0.0181542541831732,0.0118452449102615,202001,272,4
ALPA4,202003,0.179218723024462,-0.0151205714792013,0.0118452449102615,202001,272,4
ALUP11,202003,-0.0361883290266632,-0.0224631801247597,0.0118452449102615,202001,272,3
AMAR3,202003,0.100131669642044,-0.0931806266307831,0.0118452449102615,202001,272,1
ANIM3,202003,0.120382934094469,-0.0287113152444363,0.0118452449102615,202001,272,2
APER3,202003,0.571503404924044,-0.0323491357266903,0.0118452449102615,202001,272,2
ARZZ3,202003,0.137767220902613,-0.0289162658154964,0.0118452449102615,202001,272,2
AZEV4,202003,0.345714242232972,0.0357339978218079,0.0118452449102615,202001,272,5
AZUL4,202003,0.408263305322129,-0.0972966104745865,0.0118452449102615,202001,272,1
B3SA3,202003,0.209440356432874,-0.023180665448308,0.0118452449102615,202001,272,3
BBAS3,202003,0.0424775901045413,-0.0312517583370209,0.0118452449102615,202001,272,2
BBDC3,202003,0.0661705039314917,-0.0433924794197083,0.0118452449102615,202001,272,1
BBDC4,202003,0.0933966427356316,-0.0335762836039066,0.0118452449102615,202001,272,1
BBRK3,202003,0.0681818181818181,0.0199554283171892,0.0118452449102615,202001,272,5
BBSE3,202003,0.0787182302908798,-0.0373151451349258,0.0118452449102615,202001,272,1
BEEF11,202003,-0.00128534704370187,-0.0270792935043573,0.0118452449102615,202001,272,2
BEEF3,202003,-0.0179236796576417,-0.0207651630043983,0.0118452449102615,202001,272,4
BIDI4,202003,0.241379310344828,-0.0229007676243782,0.0118452449102615,202001,272,3
BKBR3,202003,-0.0592105263157895,0.0120833963155746,0.0118452449102615,202001,272,5
BPAC11,202003,0.58067170923247,-0.019887225702405,0.0118452449102615,202001,272,4
BPAN4,202003,0.571428571428572,-0.0432117059826851,0.0118452449102615,202001,272,1
BRAP3,202003,0.0530636362399612,-0.023694621399045,0.0118452449102615,202001,272,3
BRAP4,202003,0.0357445676990882,-0.0251682884991169,0.0118452449102615,202001,272,3
BRDT3,202003,-0.00415896487985212,-0.0311756040900946,0.0118452449102615,202001,272,2
BRFS3,202003,-0.0808473843493298,-0.0638191848993301,0.0118452449102615,202001,272,1
BRGE3,202003,0.354166666666667,-0.074006661772728,0.0118452449102615,202001,272,1
BRIV3,202003,0.152472527472528,-0.0024253218434751,0.0118452449102615,202001,272,5
BRKM5,202003,-0.1629416273827,0.0122779039666057,0.0118452449102615,202001,272,5
BRML3,202003,0.0275229357798166,-0.0202484074980021,0.0118452449102615,202001,272,4
BRPR3,202003,0.0336036400790549,-0.0158570073544979,0.0118452449102615,202001,272,4
BRSR3,202003,0.268065984326831,-0.039918776601553,0.0118452449102615,202001,272,1
BRSR6,202003,0.0935031461863942,-0.0291320364922285,0.0118452449102615,202001,272,2
BTOW3,202003,0.168413010259769,-0.0143632655963302,0.0118452449102615,202001,272,4
CAML3,202003,0.134073771105645,-0.0225932411849499,0.0118452449102615,202001,272,3
CARD3,202003,0.0672064777327934,0.00408233562484384,0.0118452449102615,202001,272,5
CCPR3,202003,0.0913669064748202,-0.0237052123993635,0.0118452449102615,202001,272,3
CCRO3,202003,-0.0136054421768707,-0.0275119692087173,0.0118452449102615,202001,272,2
CESP3,202003,0.0510996119016818,-0.0104579506441951,0.0118452449102615,202001,272,5
CESP6,202003,0.0147007350367518,-0.0222658403217793,0.0118452449102615,202001,272,3
CGRA4,202003,0.0107734982230057,-0.0307359527796507,0.0118452449102615,202001,272,2
CIEL3,202003,0.12958435207824,-0.0489061027765274,0.0118452449102615,202001,272,1
CLSC4,202003,0.142918209838869,-0.0286038052290678,0.0118452449102615,202001,272,2
CMIG3,202003,0.061607585408999,-0.0228556953370571,0.0118452449102615,202001,272,3
CMIG4,202003,0.0203702412875078,-0.0419384762644768,0.0118452449102615,202001,272,1
COCE5,202003,0.106601854572901,-0.0419066175818443,0.0118452449102615,202001,272,1
COGN3,202003,0.256653880685241,0.015639578923583,0.0118452449102615,202001,272,5
CPFE3,202003,-0.049302348276102,-0.0228567887097597,0.0118452449102615,202001,272,3
CPLE3,202003,0.0140938859312192,-0.0206321887671947,0.0118452449102615,202001,272,4
CPLE6,202003,-0.0391785150078988,-0.0201755184680223,0.0118452449102615,202001,272,4
CPRE3,202003,0.047093023255814,-0.0155952302739024,0.0118452449102615,202001,272,4
CRDE3,202003,0.0957598856598381,-0.0176029559224844,0.0118452449102615,202001,272,4
CRFB3,202003,0.0681449432125474,-0.0327845774590969,0.0118452449102615,202001,272,2
CRIV3,202003,0.117136659436009,-0.0157289393246174,0.0118452449102615,202001,272,4
CSAN3,202003,0.0999282852221868,-0.0217617154121399,0.0118452449102615,202001,272,3
CSMG3,202003,0.0150209036879452,-0.0315101891756058,0.0118452449102615,202001,272,2
CSNA3,202003,0.0348838658556834,-0.0751055181026459,0.0118452449102615,202001,272,1
CTNM4,202003,0.212499987582366,-0.0488820746541023,0.0118452449102615,202001,272,1
CVCB3,202003,0.259722217534873,0.0256453007459641,0.0118452449102615,202001,272,5
CYRE3,202003,0.348082224450062,-0.0221203546971083,0.0118452449102615,202001,272,3
DIRR3,202003,0.642633347633654,-0.0216044895350933,0.0118452449102615,202001,272,3
DTEX3,202003,0.195167286245353,-0.0276556722819805,0.0118452449102615,202001,272,2
ECOR3,202003,-0.0136881054083212,-0.0174861215054989,0.0118452449102615,202001,272,4
EGIE3,202003,-0.00754526491581287,-0.0340559296309948,0.0118452449102615,202001,272,1
ELET3,202003,0.0827803003842125,-0.0335011854767799,0.0118452449102615,202001,272,2
ELET6,202003,0.0501628664495115,-0.0331069342792034,0.0118452449102615,202001,272,2
EMBR3,202003,0.131468531468531,-0.0066531291231513,0.0118452449102615,202001,272,5
ENBR3,202003,-0.0141482739105829,-0.0274738818407059,0.0118452449102615,202001,272,2
ENEV3,202003,0.177795264720921,-0.0214655585587025,0.0118452449102615,202001,272,3
ENGI11,202003,0.0578846226255081,-0.0282468199729919,0.0118452449102615,202001,272,2
ENGI4,202003,-0.00682606251735252,-0.0291429758071899,0.0118452449102615,202001,272,2
EQPA3,202003,0.164948500079212,-0.00174543785396963,0.0118452449102615,202001,272,5
EQTL3,202003,0.158104764950317,-0.0280755534768105,0.0118452449102615,202001,272,2
EUCA4,202003,0.44866073819128,-0.0122472150251269,0.0118452449102615,202001,272,4
EVEN3,202003,0.566572423837063,-0.0826457589864731,0.0118452449102615,202001,272,1
EZTC3,202003,0.223551039334901,-0.0126429004594684,0.0118452449102615,202001,272,4
FHER3,202003,0.211382102789808,6.54963223496452e-05,0.0118452449102615,202001,272,5
FLRY3,202003,0.0531052091489372,-0.0244029425084591,0.0118452449102615,202001,272,3
FRAS3,202003,0.192904873379246,-0.00505507923662663,0.0118452449102615,202001,272,5
GFSA3,202003,0.421801022747523,-0.0479152165353298,0.0118452449102615,202001,272,1
GGBR3,202003,0.222727501121737,-0.00122136843856424,0.0118452449102615,202001,272,5
GGBR4,202003,0.192107752630726,-0.0213253851979971,0.0118452449102615,202001,272,3
GNDI3,202003,0.0916532905296952,-0.0122409677132964,0.0118452449102615,202001,272,4
GOAU3,202003,0.174911285842824,-0.00513722980394959,0.0118452449102615,202001,272,5
GOAU4,202003,0.184765123009831,-0.0182155165821314,0.0118452449102615,202001,272,4
GOLL4,202003,0.541978387364921,-0.0218979697674513,0.0118452449102615,202001,272,3
GRND3,202003,0.00964170501969086,-0.0188672747462988,0.0118452449102615,202001,272,4
GUAR3,202003,0.326821938392186,-0.0268933326005936,0.0118452449102615,202001,272,2
HAPV3,202003,0.133248277540865,-0.0168762095272541,0.0118452449102615,202001,272,4
HBOR3,202003,0.620878889720647,-0.0426328592002392,0.0118452449102615,202001,272,1
HGTX3,202003,0.0750750750750751,-0.07846499979496,0.0118452449102615,202001,272,1
HYPE3,202003,0.0424925452371272,-0.0290556848049164,0.0118452449102615,202001,272,2
IDNT3,202003,0.629310344827586,-0.0304129589349031,0.0118452449102615,202001,272,2
IGTA3,202003,0.0233200368211106,-0.0178766567260027,0.0118452449102615,202001,272,4
IRBR3,202003,0.325301115221362,0.0188714545220137,0.0118452449102615,202001,272,5
ITSA3,202003,0.0528339573010648,-0.0343449115753174,0.0118452449102615,202001,272,1
ITSA4,202003,0.0848419858610514,-0.0225988812744617,0.0118452449102615,202001,272,3
ITUB3,202003,0.0946406640556343,-0.0220604594796896,0.0118452449102615,202001,272,3
ITUB4,202003,0.105320348691597,-0.0309420581907034,0.0118452449102615,202001,272,2
JBSS3,202003,-0.0373236231224398,-0.0111541831865907,0.0118452449102615,202001,272,5
JHSF3,202003,0.485355443832849,-0.0185412690043449,0.0118452449102615,202001,272,4
JOPA3,202003,0.000834058422325645,0.0247499477118254,0.0118452449102615,202001,272,5
JPSA3,202003,0.0204444444444445,-0.0256640557199717,0.0118452449102615,202001,272,3
KEPL3,202003,0.248333086449881,-0.0220216531306505,0.0118452449102615,202001,272,3
KLBN11,202003,0.0572597324708617,-0.0328872241079807,0.0118452449102615,202001,272,2
KROT11,202003,0.256653992395437,0.043279092758894,0.0118452449102615,202001,272,5
LAME3,202003,0.164389410760034,-0.0261718202382326,0.0118452449102615,202001,272,3
LAME4,202003,0.139115044247788,-0.0257553402334452,0.0118452449102615,202001,272,3
LCAM3,202003,0.144692359702502,-0.0068490793928504,0.0118452449102615,202001,272,5
LEVE3,202003,0.00787813416798788,-0.0138355847448111,0.0118452449102615,202001,272,4
LIGT3,202003,0.191092004411394,-0.0872377455234528,0.0118452449102615,202001,272,1
LINX3,202003,0.23609756097561,-0.0265303328633308,0.0118452449102615,202001,272,3
LLIS3,202003,0.2,0.023472199216485,0.0118452449102615,202001,272,5
LOGG3,202003,0.408119631265226,-0.0123230284079909,0.0118452449102615,202001,272,4
LOGN3,202003,0.0494624045513852,-0.0110461339354515,0.0118452449102615,202001,272,5
LPSB3,202003,0.414893641399527,-0.0764637365937233,0.0118452449102615,202001,272,1
LREN3,202003,0.0861374878560088,-0.0184742230921984,0.0118452449102615,202001,272,4
MDIA3,202003,0.123996681791089,-0.048678070306778,0.0118452449102615,202001,272,1
MEAL3,202003,0.123595523677711,-0.0174452941864729,0.0118452449102615,202001,272,4
MGLU3,202003,0.113442024753361,-0.0229968447238207,0.0118452449102615,202001,272,3
MILS3,202003,-0.00735289983347598,-0.0913076102733612,0.0118452449102615,202001,272,1
MOAR3,202003,0.153846153846154,-0.0225468948483467,0.0118452449102615,202001,272,3
MOVI3,202003,0.179372180810339,-0.0558996945619583,0.0118452449102615,202001,272,1
MRFG3,202003,-0.032233307751343,-0.025201041251421,0.0118452449102615,202001,272,3
MRVE3,202003,0.18655250131429,-0.0279192756861448,0.0118452449102615,202001,272,2
MULT3,202003,-0.00918337753972254,-0.0300125107169151,0.0118452449102615,202001,272,2
MYPK3,202003,-0.0209991501341266,-0.0136520927771926,0.0118452449102615,202001,272,4
ODPV3,202003,0.0564216778025242,-0.0246368553489447,0.0118452449102615,202001,272,3
OFSA3,202003,0.166666746393745,-0.0175499208271503,0.0118452449102615,202001,272,4
OIBR3,202003,0.6,0.0147197693586349,0.0118452449102615,202001,272,5
OMGE3,202003,0.178013741411618,-0.0233544707298279,0.0118452449102615,202001,272,3
PARD3,202003,0.189627228525121,-0.0210508536547422,0.0118452449102615,202001,272,4
PETR3,202003,0.0719768620640351,-0.0756380259990692,0.0118452449102615,202001,272,1
PETR4,202003,0.0594886541563264,-0.0319430641829968,0.0118452449102615,202001,272,2
PNVL3,202003,0.261146840942236,-0.0281322952359915,0.0118452449102615,202001,272,2
POMO3,202003,0.0905509539293148,-0.0297542773187161,0.0118452449102615,202001,272,2
POMO4,202003,0.109848059388239,-0.0361752510070801,0.0118452449102615,202001,272,1
POSI3,202003,0.290094166096789,-0.098443791270256,0.0118452449102615,202001,272,1
PRIO3,202003,0.142349907119469,-0.0693639516830444,0.0118452449102615,202001,272,1
PSSA3,202003,0.0782924994571195,-0.0252485387027264,0.0118452449102615,202001,272,3
PTBL3,202003,0.25,-0.103330552577972,0.0118452449102615,202001,272,1
QUAL3,202003,0.222597022918073,-0.00587307708337903,0.0118452449102615,202001,272,5
RADL3,202003,0.0121477381367061,-0.0202623680233955,0.0118452449102615,202001,272,4
RAIL3,202003,-0.00177538944699829,-0.0298823416233063,0.0118452449102615,202001,272,2
RANI3,202003,0.379821793867776,-0.0259734708815813,0.0118452449102615,202001,272,3
RAPT3,202003,0.108548257491729,-0.00672745192423463,0.0118452449102615,202001,272,5
RAPT4,202003,0.0920454951288525,-0.0616076737642288,0.0118452449102615,202001,272,1
RDNI3,202003,0.318977119784657,0.000464841490611434,0.0118452449102615,202001,272,5
RENT3,202003,0.0653444118767874,-0.00782381650060415,0.0118452449102615,202001,272,5
RLOG3,202003,0.054263565891473,-0.0174744334071875,0.0118452449102615,202001,272,4
ROMI3,202003,0.224944511664009,0.00515181431546807,0.0118452449102615,202001,272,5
RPAD3,202003,0.0282486500990273,-0.0116817941889167,0.0118452449102615,202001,272,5
RSID3,202003,0.464547566661599,-0.0112511711195111,0.0118452449102615,202001,272,5
SANB11,202003,0.112788027690563,-0.045825120061636,0.0118452449102615,202001,272,1
SAPR11,202003,0.146738994922505,-0.0278109814971685,0.0118452449102615,202001,272,2
SAPR3,202003,0.135738658191814,-0.0218829624354839,0.0118452449102615,202001,272,3
SAPR4,202003,0.180451233190998,-0.0333731286227703,0.0118452449102615,202001,272,2
SBSP3,202003,0.0622238357972023,-0.0241811443120241,0.0118452449102615,202001,272,3
SCAR3,202003,0.20462698092165,-0.0280207209289074,0.0118452449102615,202001,272,2
SEER3,202003,0.0302196853571448,-0.00650876061990857,0.0118452449102615,202001,272,5
SGPS3,202003,0.282608695652174,-0.0837854593992233,0.0118452449102615,202001,272,1
SHOW3,202003,0.574850181769174,0.0156475882977247,0.0118452449102615,202001,272,5
SHUL4,202003,0.0535601165224604,-0.0344373732805252,0.0118452449102615,202001,272,1
SLCE3,202003,-0.0525892865476742,-0.00579232815653086,0.0118452449102615,202001,272,5
SMLS3,202003,0.21771523178808,0.0140937091782689,0.0118452449102615,202001,272,5
SMTO3,202003,0.0916105954942454,-0.0191408600658178,0.0118452449102615,202001,272,4
SQIA3,202003,-0.0188679245283019,-0.130343243479729,0.0118452449102615,202001,272,1
STBP3,202003,0.311904761904762,-0.0158911645412445,0.0118452449102615,202001,272,4
SULA11,202003,0.0049052396878484,-0.0135219376534224,0.0118452449102615,202001,272,4
SUZB3,202003,-0.028261978826623,-0.0207540560513735,0.0118452449102615,202001,272,4
TAEE11,202003,-0.00973928713050809,-0.024958647787571,0.0118452449102615,202001,272,3
TASA4,202003,0.44977157273625,-0.00545801082625985,0.0118452449102615,202001,272,5
TCSA3,202003,0.681333287556966,-0.0691248327493668,0.0118452449102615,202001,272,1
TECN3,202003,0.271186555192132,-0.0886259078979492,0.0118452449102615,202001,272,1
TEND3,202003,0.235950533329584,-0.0258879419416189,0.0118452449102615,202001,272,3
TESA3,202003,0.48471615720524,-0.0157937631011009,0.0118452449102615,202001,272,4
TGMA3,202003,0.220125629357399,-0.0267309416085482,0.0118452449102615,202001,272,2
TIET11,202003,0.156226971260133,-0.026109853759408,0.0118452449102615,202001,272,3
TIMP3,202003,0.0425844346549193,-0.0282799284905195,0.0118452449102615,202001,272,2
TOTS3,202003,0.151168670256529,-0.0215092170983553,0.0118452449102615,202001,272,3
TRIS3,202003,0.481987450911445,-0.0156898144632578,0.0118452449102615,202001,272,4
TRPL4,202003,0.00528846153846141,0.051193431019783,0.0118452449102615,202001,272,5
TUPY3,202003,0.259064171738878,-0.0281645376235247,0.0118452449102615,202001,272,2
UCAS3,202003,0.121126738341142,-0.0141635220497847,0.0118452449102615,202001,272,4
UGPA3,202003,0.0735980449918794,-0.00976065173745155,0.0118452449102615,202001,272,5
UNIP3,202003,0.0773381328634062,-0.00629735132679343,0.0118452449102615,202001,272,5
UNIP6,202003,0.0550902364187969,-0.0200299881398678,0.0118452449102615,202001,272,4
USIM3,202003,0.227617646149019,-0.0266040395945311,0.0118452449102615,202001,272,2
USIM5,202003,0.182113869833347,-0.0266227349638939,0.0118452449102615,202001,272,2
VALE3,202003,0.055094534087788,-0.0124549036845565,0.0118452449102615,202001,272,4
VIVT3,202003,0.0337459569749812,0.00143170508090407,0.0118452449102615,202001,272,5
VIVT4,202003,0.018879932117098,-0.0249568801373243,0.0118452449102615,202001,272,3
VLID3,202003,-0.0100918761849665,-0.0113921882584691,0.0118452449102615,202001,272,5
VULC3,202003,0.256594360494013,-0.0371431112289429,0.0118452449102615,202001,272,1
VVAR3,202003,0.234677419354839,-0.0756833478808403,0.0118452449102615,202001,272,1
WEGE3,202003,0.210822724414057,-0.0220781583338976,0.0118452449102615,202001,272,3
WIZS3,202003,0.126326963906582,-0.0244112107902765,0.0118452449102615,202001,272,3
YDUQ3,202003,0.181531022045227,-0.0626048669219017,0.0118452449102615,202001,272,1
AALR3,202004,0.103984421651206,0.150149807333946,0.0118452449102615,202001,272,4
ABCB4,202004,-0.00142046268843443,0.154802113771439,0.0118452449102615,202001,272,5
ABEV3,202004,-0.0169732458598522,0.132653817534447,0.0118452449102615,202001,272,3
AGRO3,202004,0.00333975373523887,0.110739976167679,0.0118452449102615,202001,272,1
ALPA3,202004,0.0713421496578048,0.0539412461221218,0.0118452449102615,202001,272,1
ALPA4,202004,0.0744535498313883,0.136675402522087,0.0118452449102615,202001,272,3
ALUP11,202004,0.00834378637864885,0.134102746844292,0.0118452449102615,202001,272,3
AMAR3,202004,-0.0227544989126142,0.178698167204857,0.0118452449102615,202001,272,5
ANIM3,202004,0.169719227807722,0.133335560560226,0.0118452449102615,202001,272,3
APER3,202004,-0.004,0.137370988726616,0.0118452449102615,202001,272,3
ARZZ3,202004,0.101461377870564,0.143656820058823,0.0118452449102615,202001,272,4
AZEV4,202004,-0.0955413851551062,0.0889371335506439,0.0118452449102615,202001,272,1
AZUL4,202004,0.0099453008453505,0.0974138602614403,0.0118452449102615,202001,272,1
B3SA3,202004,0.154646727250717,0.137559369206429,0.0118452449102615,202001,272,3
BBAS3,202004,0.0444791328803551,0.151626735925674,0.0118452449102615,202001,272,4
BBDC3,202004,0.0943331126035878,0.142084270715714,0.0118452449102615,202001,272,3
BBDC4,202004,0.0850303557517549,0.147105008363724,0.0118452449102615,202001,272,4
BBRK3,202004,-0.0297872340425533,0.128802299499512,0.0118452449102615,202001,272,2
BBSE3,202004,0.0205356847872493,0.126504853367805,0.0118452449102615,202001,272,2
BEEF11,202004,-0.00257400257400253,0.0257075428962708,0.0118452449102615,202001,272,1
BEEF3,202004,0.0326995021912599,0.129775539040566,0.0118452449102615,202001,272,2
BIDI4,202004,0.429166666666666,0.138191342353821,0.0118452449102615,202001,272,3
BKBR3,202004,-0.0786713286713288,0.190239876508713,0.0118452449102615,202001,272,5
BPAC11,202004,0.126876858472364,0.167447566986084,0.0118452449102615,202001,272,5
BPAN4,202004,0.121590909090909,0.16083425283432,0.0118452449102615,202001,272,5
BRAP3,202004,0.155669003267325,0.11961480230093,0.0118452449102615,202001,272,2
BRAP4,202004,0.179128916724444,0.141174927353859,0.0118452449102615,202001,272,3
BRDT3,202004,0.0533642691415313,0.138391733169556,0.0118452449102615,202001,272,3
BRFS3,202004,-0.0263405456255881,0.140612244606018,0.0118452449102615,202001,272,3
BRGE3,202004,-0.0959276018099547,0.124470643699169,0.0118452449102615,202001,272,2
BRIV3,202004,-0.0703218116805722,0.100254587829113,0.0118452449102615,202001,272,1
BRKM5,202004,-0.0180878503070195,0.147745251655579,0.0118452449102615,202001,272,4
BRML3,202004,-0.0178571428571428,0.146837666630745,0.0118452449102615,202001,272,4
BRPR3,202004,0.039237593778368,0.14751560986042,0.0118452449102615,202001,272,4
BRSR3,202004,-0.0571776539746121,0.13689512014389,0.0118452449102615,202001,272,3
BRSR6,202004,0.0523984041189416,0.151308625936508,0.0118452449102615,202001,272,4
BTOW3,202004,0.114619336758524,0.142801135778427,0.0118452449102615,202001,272,4
CAML3,202004,0.0971482333402165,0.109613142907619,0.0118452449102615,202001,272,1
CARD3,202004,0.0440060698027314,0.12947504222393,0.0118452449102615,202001,272,2
CCPR3,202004,-0.0474620962425841,0.150101065635681,0.0118452449102615,202001,272,4
CCRO3,202004,0.0317241379310345,0.138817057013512,0.0118452449102615,202001,272,3
CESP3,202004,0.0969230769230769,0.119051523506641,0.0118452449102615,202001,272,1
CESP6,202004,0.10382890651949,0.122794397175312,0.0118452449102615,202001,272,2
CGRA4,202004,-0.0274074906251411,0.131063833832741,0.0118452449102615,202001,272,2
CIEL3,202004,0.162337662337662,0.170335084199905,0.0118452449102615,202001,272,5
CLSC4,202004,0.0112146545540204,0.0622642189264298,0.0118452449102615,202001,272,1
CMIG3,202004,0.0277540347828591,0.142541080713272,0.0118452449102615,202001,272,4
CMIG4,202004,0.0889288238172032,0.125409990549088,0.0118452449102615,202001,272,2
CNTO3,202004,-0.110058086212168,0.14947047829628,0.0118452449102615,202001,272,4
COCE5,202004,0.166871203727246,0.116904899477959,0.0118452449102615,202001,272,1
COGN3,202004,0.252647618685543,0.158346027135849,0.0118452449102615,202001,272,5
CPFE3,202004,0.0832353025229835,0.137428939342499,0.0118452449102615,202001,272,3
CPLE3,202004,0.0981138119999525,0.143157452344894,0.0118452449102615,202001,272,4
CPLE6,202004,0.0914172969417955,0.130625784397125,0.0118452449102615,202001,272,2
CPRE3,202004,0.0122154358689617,0.0919293463230133,0.0118452449102615,202001,272,1
CRDE3,202004,-0.0313043478260869,0.151678115129471,0.0118452449102615,202001,272,4
CRFB3,202004,0.13620253164557,0.0891724154353142,0.0118452449102615,202001,272,1
CRIV3,202004,0.00970873786407767,0.114949733018875,0.0118452449102615,202001,272,1
CSAN3,202004,0.274675453368328,0.130019471049309,0.0118452449102615,202001,272,2
CSMG3,202004,-0.0631979640817528,0.129856139421463,0.0118452449102615,202001,272,2
CSNA3,202004,0.147003516415244,0.166715741157532,0.0118452449102615,202001,272,5
CTNM4,202004,0.041237072858995,0.164114594459534,0.0118452449102615,202001,272,5
CVCB3,202004,0.218634578484765,0.189650595188141,0.0118452449102615,202001,272,5
CYRE3,202004,0.21181080540243,0.160636261105537,0.0118452449102615,202001,272,5
DIRR3,202004,0.0286259093201182,0.15962727367878,0.0118452449102615,202001,272,5
DTEX3,202004,0.25194401244168,0.161354809999466,0.0118452449102615,202001,272,5
ECOR3,202004,0.119506606092428,0.142795234918594,0.0118452449102615,202001,272,4
EGIE3,202004,0.0969351978445276,0.112262062728405,0.0118452449102615,202001,272,1
ELET3,202004,0.191612903225806,0.147378653287888,0.0118452449102615,202001,272,4
ELET6,202004,0.192617866004963,0.141988188028336,0.0118452449102615,202001,272,3
EMBR3,202004,-0.0593325092707046,0.187382772564888,0.0118452449102615,202001,272,5
ENAT3,202004,0.0599613152804643,0.136995285749435,0.0118452449102615,202001,272,3
ENBR3,202004,0.065442020665901,0.119369082152843,0.0118452449102615,202001,272,2
ENEV3,202004,0.119831023666134,0.116719119250774,0.0118452449102615,202001,272,1
ENGI11,202004,-0.0193120515386735,0.133201688528061,0.0118452449102615,202001,272,3
ENGI4,202004,0.0297823250894718,0.127552762627602,0.0118452449102615,202001,272,2
EQPA3,202004,-0.00884962987367632,0.121583662927151,0.0118452449102615,202001,272,2
EQTL3,202004,0.113749716808866,0.146559119224548,0.0118452449102615,202001,272,4
EUCA4,202004,-0.0292757838139901,0.0805433839559555,0.0118452449102615,202001,272,1
EVEN3,202004,0.336347150689358,0.126363858580589,0.0118452449102615,202001,272,2
EZTC3,202004,0.0318294183937968,0.159355223178864,0.0118452449102615,202001,272,5
FLRY3,202004,0.0414802217163683,0.141122445464134,0.0118452449102615,202001,272,3
FRAS3,202004,0.0334573743307742,0.140426367521286,0.0118452449102615,202001,272,3
GFSA3,202004,-0.0333333408928397,0.159142151474953,0.0118452449102615,202001,272,5
GGBR3,202004,0.0951670338332793,0.0561264827847481,0.0118452449102615,202001,272,1
GGBR4,202004,0.0899436290241573,0.159142374992371,0.0118452449102615,202001,272,5
GNDI3,202004,-0.018379650051463,0.131815642118454,0.0118452449102615,202001,272,2
GOAU3,202004,0.102255942971477,0.147789493203163,0.0118452449102615,202001,272,4
GOAU4,202004,0.0998632329568288,0.150645583868027,0.0118452449102615,202001,272,4
GOLL4,202004,-0.0345013477088949,0.126075610518456,0.0118452449102615,202001,272,2
GRND3,202004,0.0395635253667137,0.148631885647774,0.0118452449102615,202001,272,4
GUAR3,202004,0.0107587768969424,0.185088500380516,0.0118452449102615,202001,272,5
HAPV3,202004,0.0477722353733414,0.154065847396851,0.0118452449102615,202001,272,5
HBOR3,202004,0.0101696523667765,0.124046005308628,0.0118452449102615,202001,272,2
HGTX3,202004,0.0335195530726258,0.11081750690937,0.0118452449102615,202001,272,1
HYPE3,202004,0.0846848026628544,0.125299006700516,0.0118452449102615,202001,272,2
IDNT3,202004,0.674603174603175,0.130850255489349,0.0118452449102615,202001,272,2
IGTA3,202004,0.00599700149925031,0.13666158914566,0.0118452449102615,202001,272,3
IRBR3,202004,-0.215956965273699,0.180059090256691,0.0118452449102615,202001,272,5
ITSA3,202004,0.108576851450826,0.0916693210601807,0.0118452449102615,202001,272,1
ITSA4,202004,0.112616684085092,0.142192751169205,0.0118452449102615,202001,272,4
ITUB3,202004,0.0381484596215751,0.126498311758041,0.0118452449102615,202001,272,2
ITUB4,202004,0.0572049997022042,0.148396879434586,0.0118452449102615,202001,272,4
JBSS3,202004,0.0184397163120569,0.122689105570316,0.0118452449102615,202001,272,2
JHSF3,202004,0.298591546140907,0.142733916640282,0.0118452449102615,202001,272,4
JOPA3,202004,0.125000035638186,0.082184799015522,0.0118452449102615,202001,272,1
JPSA3,202004,0.0875435540069685,0.145549044013023,0.0118452449102615,202001,272,4
KEPL3,202004,0.166889323783603,0.0511717908084393,0.0118452449102615,202001,272,1
KLBN11,202004,0.00435190517995676,0.112174324691296,0.0118452449102615,202001,272,1
KROT11,202004,0.252647503782148,0.132608652114868,0.0118452449102615,202001,272,3
LAME3,202004,0.129079574624129,0.134250491857529,0.0118452449102615,202001,272,3
LAME4,202004,0.0596643878185208,0.143852680921555,0.0118452449102615,202001,272,4
LCAM3,202004,0.12994683992912,0.160590037703514,0.0118452449102615,202001,272,5
LEVE3,202004,0.0189840689922398,0.151235029101372,0.0118452449102615,202001,272,4
LIGT3,202004,0.139927668947899,0.18687592446804,0.0118452449102615,202001,272,5
LINX3,202004,0.0430149960536701,0.134601071476936,0.0118452449102615,202001,272,3
LLIS3,202004,-0.192753623188406,0.18615710735321,0.0118452449102615,202001,272,5
LOGG3,202004,0.116843738409521,0.130408048629761,0.0118452449102615,202001,272,2
LOGN3,202004,0.0833332844770682,0.145023420453072,0.0118452449102615,202001,272,4
LPSB3,202004,-0.125939868100132,0.123111836612225,0.0118452449102615,202001,272,2
LREN3,202004,-0.0160286951689933,0.147219300270081,0.0118452449102615,202001,272,4
MDIA3,202004,-0.0376749023766971,0.144239097833633,0.0118452449102615,202001,272,4
MEAL3,202004,0.00999999046325684,0.140968665480614,0.0118452449102615,202001,272,3
MGLU3,202004,0.127723079733673,0.153835505247116,0.0118452449102615,202001,272,5
MILS3,202004,0.41851868503834,0.169406622648239,0.0118452449102615,202001,272,5
MOAR3,202004,0.266666666666667,0.0968799144029617,0.0118452449102615,202001,272,1
MOVI3,202004,0.266159793229671,0.169993802905083,0.0118452449102615,202001,272,5
MRFG3,202004,0.14274385408406,0.141783848404884,0.0118452449102615,202001,272,3
MRVE3,202004,0.063333299409146,0.126504212617874,0.0118452449102615,202001,272,2
MULT3,202004,0.0312198777436477,0.152104631066322,0.0118452449102615,202001,272,4
MYPK3,202004,-0.0495562943423529,0.137702792882919,0.0118452449102615,202001,272,3
ODPV3,202004,-0.0288123682361209,0.119784690439701,0.0118452449102615,202001,272,2
OFSA3,202004,0.108214357761526,0.143021658062935,0.0118452449102615,202001,272,4
OIBR3,202004,0.516666666666667,0.22624072432518,0.0118452449102615,202001,272,5
OMGE3,202004,0.0498409331919407,0.138879746198654,0.0118452449102615,202001,272,3
PARD3,202004,0.271571298819255,0.14731565117836,0.0118452449102615,202001,272,4
PCAR3,202004,0.000281714182603254,0.120829127728939,0.0118452449102615,202001,272,2
PETR3,202004,0.0264876022932297,0.1386708766222,0.0118452449102615,202001,272,3
PETR4,202004,0.0301828551269991,0.140700235962868,0.0118452449102615,202001,272,3
PNVL3,202004,-0.0939393780750923,0.134774267673492,0.0118452449102615,202001,272,3
POMO3,202004,-0.00360978758868746,0.122977294027805,0.0118452449102615,202001,272,2
POMO4,202004,0.0170649853089195,0.150747865438461,0.0118452449102615,202001,272,4
POSI3,202004,0.00769233266281955,0.131841897964478,0.0118452449102615,202001,272,2
PRIO3,202004,0.1186776050671,0.136456102132797,0.0118452449102615,202001,272,3
PSSA3,202004,0.0715984585865284,0.131196036934853,0.0118452449102615,202001,272,2
QUAL3,202004,-0.0344827353919749,0.137277811765671,0.0118452449102615,202001,272,3
RADL3,202004,0.121858627329383,0.128236651420593,0.0118452449102615,202001,272,2
RAIL3,202004,-0.0120053275478846,0.117427319288254,0.0118452449102615,202001,272,1
RANI3,202004,-0.118279338335157,0.12581978738308,0.0118452449102615,202001,272,2
RAPT3,202004,0.160342683625387,0.132377579808235,0.0118452449102615,202001,272,2
RAPT4,202004,0.222684741018747,0.157773911952972,0.0118452449102615,202001,272,5
RDNI3,202004,0.106122448979592,0.146442487835884,0.0118452449102615,202001,272,4
RENT3,202004,0.244683537335643,0.153655588626862,0.0118452449102615,202001,272,4
RLOG3,202004,0.0630252100840336,0.121091067790985,0.0118452449102615,202001,272,2
RPAD3,202004,0.0989010142780549,0.101854301989079,0.0118452449102615,202001,272,1
SANB11,202004,0.0710205251016971,0.156339794397354,0.0118452449102615,202001,272,5
SAPR11,202004,-0.0200736264618002,0.146078407764435,0.0118452449102615,202001,272,4
SAPR3,202004,-0.0408990115697354,0.124273575842381,0.0118452449102615,202001,272,2
SAPR4,202004,-0.018968657944219,0.139804378151894,0.0118452449102615,202001,272,3
SBSP3,202004,0.0545925214379095,0.136982008814812,0.0118452449102615,202001,272,3
SCAR3,202004,0.0603191673133725,0.0536057241261005,0.0118452449102615,202001,272,1
SEER3,202004,0.0419999055618185,0.158580601215363,0.0118452449102615,202001,272,5
SGPS3,202004,-0.0480225988700564,0.0528495721518993,0.0118452449102615,202001,272,1
SHOW3,202004,0.05323199872592,0.199231564998627,0.0118452449102615,202001,272,5
SHUL4,202004,0.121973933911341,0.13684606552124,0.0118452449102615,202001,272,3
SLCE3,202004,-0.000460326623833218,0.0914508253335953,0.0118452449102615,202001,272,1
SMLS3,202004,0.0380693405846362,0.18080547451973,0.0118452449102615,202001,272,5
SMTO3,202004,0.00942942637771416,0.146452158689499,0.0118452449102615,202001,272,4
SQIA3,202004,0.252079002079002,0.0633801221847534,0.0118452449102615,202001,272,1
STBP3,202004,0.00907441016333932,0.175119519233704,0.0118452449102615,202001,272,5
SULA11,202004,0.124916796094964,0.137216463685036,0.0118452449102615,202001,272,3
SUZB3,202004,0.141614486127523,0.111633814871311,0.0118452449102615,202001,272,1
TAEE11,202004,0.0196700861141144,0.117489278316498,0.0118452449102615,202001,272,1
TASA4,202004,-0.0677165013082198,0.137612774968147,0.0118452449102615,202001,272,3
TCSA3,202004,-0.0935764776866296,0.119282498955727,0.0118452449102615,202001,272,1
TECN3,202004,-0.199999931102064,0.104563899338245,0.0118452449102615,202001,272,1
TEND3,202004,0.0830780013050798,0.148224830627441,0.0118452449102615,202001,272,4
TESA3,202004,-0.0117647058823529,0.0894024968147278,0.0118452449102615,202001,272,1
TGMA3,202004,0.120704125670358,0.182874411344528,0.0118452449102615,202001,272,5
TIET11,202004,-0.0337794773741236,0.119408890604973,0.0118452449102615,202001,272,2
TIET4,202004,-0.0131578947368421,0.046617679297924,0.0118452449102615,202001,272,1
TIMP3,202004,0.109154929577465,0.131976380944252,0.0118452449102615,202001,272,2
TOTS3,202004,0.115766824739417,0.139349162578583,0.0118452449102615,202001,272,3
TRIS3,202004,0.147527222112416,0.165526866912842,0.0118452449102615,202001,272,5
TRPL4,202004,0.0779531324725011,0.115969054400921,0.0118452449102615,202001,272,1
TUPY3,202004,-0.0471205684901506,0.138871222734451,0.0118452449102615,202001,272,3
UGPA3,202004,0.0304680843090261,0.137831285595894,0.0118452449102615,202001,272,3
UNIP3,202004,0.0186976482862631,0.0915672928094864,0.0118452449102615,202001,272,1
UNIP6,202004,0.142439475381598,0.128477394580841,0.0118452449102615,202001,272,2
USIM3,202004,0.0568601411771752,0.155335694551468,0.0118452449102615,202001,272,5
USIM5,202004,0.118294271145228,0.179115653038025,0.0118452449102615,202001,272,5
VALE3,202004,0.0856578932482994,0.100581139326096,0.0118452449102615,202001,272,1
VIVT3,202004,0.097282223963151,0.0733484327793121,0.0118452449102615,202001,272,1
VIVT4,202004,0.0961898813241724,0.096157431602478,0.0118452449102615,202001,272,1
VLID3,202004,0.0203894567956182,0.168040350079536,0.0118452449102615,202001,272,5
VULC3,202004,-0.0133587319560674,0.123888827860355,0.0118452449102615,202001,272,2
VVAR3,202004,0.274983670803396,0.156342998147011,0.0118452449102615,202001,272,5
WEGE3,202004,0.333299240887187,0.14695793390274,0.0118452449102615,202001,272,4
WIZS3,202004,-0.0254476908576814,0.143736764788628,0.0118452449102615,202001,272,4
YDUQ3,202004,0.00713213986356753,0.155402988195419,0.0118452449102615,202001,272,5
AALR3,202005,0.0554577582289462,0.10698589682579,0.0118452449102615,202001,272,5
ABCB4,202005,-0.0311258971426514,0.0600472129881382,0.0118452449102615,202001,272,2
ABEV3,202005,-0.114388485576449,0.101002521812916,0.0118452449102615,202001,272,5
AGRO3,202005,-0.0152163889171191,0.0637216344475746,0.0118452449102615,202001,272,2
ALPA3,202005,0.221595278259005,0.0223884135484695,0.0118452449102615,202001,272,1
ALPA4,202005,0.184043136656393,0.0758209750056267,0.0118452449102615,202001,272,3
ALUP11,202005,-0.0306165403337675,0.0463249273598194,0.0118452449102615,202001,272,1
AMAR3,202005,0.034313764568543,0.0576605573296547,0.0118452449102615,202001,272,2
ANIM3,202005,0.0417535447308106,0.0923625975847244,0.0118452449102615,202001,272,5
APER3,202005,-0.0829986613119144,0.0786637663841248,0.0118452449102615,202001,272,3
ARZZ3,202005,0.0636846095526915,0.0503713339567184,0.0118452449102615,202001,272,2
AZEV4,202005,-0.056338006001996,0.0038264358881861,0.0118452449102615,202001,272,1
AZUL4,202005,0.0935499753815856,0.154857560992241,0.0118452449102615,202001,272,5
B3SA3,202005,-0.0731399122830612,0.0860012397170067,0.0118452449102615,202001,272,4
BBAS3,202005,-0.0144756626654101,0.100966185331345,0.0118452449102615,202001,272,5
BBDC3,202005,-0.0812393740923493,0.0937649980187416,0.0118452449102615,202001,272,5
BBDC4,202005,-0.0749670566098906,0.102417394518852,0.0118452449102615,202001,272,5
BBRK3,202005,-0.25,0.0973389893770218,0.0118452449102615,202001,272,5
BBSE3,202005,-0.0225506953661097,0.0641836896538734,0.0118452449102615,202001,272,2
BEEF11,202005,-0.0193548387096775,-0.0027979330625385,0.0118452449102615,202001,272,1
BEEF3,202005,-0.0360824401104978,0.0710730701684952,0.0118452449102615,202001,272,3
BIDI11,202005,0.0686695278969958,0.0966955795884132,0.0118452449102615,202001,272,5
BIDI4,202005,0.0889212827988339,0.109021402895451,0.0118452449102615,202001,272,5
BKBR3,202005,0.0436432637571158,0.0684528946876526,0.0118452449102615,202001,272,3
BPAC11,202005,-0.0634112780937126,0.0855359807610512,0.0118452449102615,202001,272,4
BPAN4,202005,-0.141843971631206,0.0583589263260365,0.0118452449102615,202001,272,2
BRAP3,202005,0.0301063367421583,0.0706538259983063,0.0118452449102615,202001,272,3
BRAP4,202005,0.0218350968077057,0.0850718095898628,0.0118452449102615,202001,272,4
BRDT3,202005,-0.0599118942731277,0.0795632228255272,0.0118452449102615,202001,272,4
BRFS3,202005,-0.0536231884057971,0.0801868215203285,0.0118452449102615,202001,272,4
BRGE3,202005,-0.0940940940940941,0.0362131297588348,0.0118452449102615,202001,272,1
BRIV3,202005,-0.0128205128205128,0.0537716038525105,0.0118452449102615,202001,272,2
BRKM5,202005,-0.0662280141055873,0.0768197998404503,0.0118452449102615,202001,272,3
BRML3,202005,-0.0626262626262627,0.087290994822979,0.0118452449102615,202001,272,5
BRPR3,202005,-0.0118662714009248,0.0730747655034065,0.0118452449102615,202001,272,3
BRSR3,202005,-0.0419354180066938,0.0583371892571449,0.0118452449102615,202001,272,2
BRSR6,202005,-0.0799440722591615,0.110871598124504,0.0118452449102615,202001,272,5
BTOW3,202005,-0.0605933623868588,0.0819670259952545,0.0118452449102615,202001,272,4
CAML3,202005,0.0365555222743716,0.0459570810198784,0.0118452449102615,202001,272,1
CARD3,202005,0.196220930232558,0.0513655282557011,0.0118452449102615,202001,272,2
CCPR3,202005,0.0346020761245676,0.0960562378168106,0.0118452449102615,202001,272,5
CCRO3,202005,-0.108957219251337,0.0508832819759846,0.0118452449102615,202001,272,2
CESP3,202005,-0.00140252454417944,0.0401067323982716,0.0118452449102615,202001,272,1
CESP6,202005,-0.059375,0.0547511912882328,0.0118452449102615,202001,272,2
CGRA4,202005,0.0763208050296425,0.0534652210772038,0.0118452449102615,202001,272,2
CIEL3,202005,-0.150837988826816,0.12386230379343,0.0118452449102615,202001,272,5
CLSC4,202005,0.0332718485331989,0.0324710495769978,0.0118452449102615,202001,272,1
CMIG3,202005,-0.081609237464869,0.083458922803402,0.0118452449102615,202001,272,4
CMIG4,202005,-0.0661724579274566,0.0867810100317001,0.0118452449102615,202001,272,5
CNTO3,202005,0.0436276193747853,0.0794138088822365,0.0118452449102615,202001,272,4
COCE5,202005,-0.0753382255729133,0.0200428552925587,0.0118452449102615,202001,272,1
COGN3,202005,-0.311594225971395,0.0433868244290352,0.0118452449102615,202001,272,1
CPFE3,202005,-0.0847132845746972,0.0794571191072464,0.0118452449102615,202001,272,4
CPLE3,202005,-0.0843753886348094,0.102782972157002,0.0118452449102615,202001,272,5
CPLE6,202005,-0.0692979813196746,0.0768577605485916,0.0118452449102615,202001,272,3
CRDE3,202005,-0.0143626570915619,0.105717062950134,0.0118452449102615,202001,272,5
CRFB3,202005,-0.128787878787879,0.10106959939003,0.0118452449102615,202001,272,5
CRIV3,202005,0.0961538461538463,0.0381169617176056,0.0118452449102615,202001,272,1
CSAN3,202005,-0.0790928362389428,0.0726130306720734,0.0118452449102615,202001,272,3
CSMG3,202005,-0.127405948739171,0.0838110521435738,0.0118452449102615,202001,272,4
CSNA3,202005,0.241632786262412,0.0842611044645309,0.0118452449102615,202001,272,4
CTNM4,202005,-0.0346534719686238,0.0535816662013531,0.0118452449102615,202001,272,2
CVCB3,202005,-0.120192242766321,0.104919254779816,0.0118452449102615,202001,272,5
CYRE3,202005,-0.120714922336901,0.0854607224464417,0.0118452449102615,202001,272,4
DIRR3,202005,-0.0779220459764177,0.0686775669455528,0.0118452449102615,202001,272,3
DTEX3,202005,-0.011801242236025,0.0480918549001217,0.0118452449102615,202001,272,2
ECOR3,202005,-0.110192822569441,0.0853334292769432,0.0118452449102615,202001,272,4
EGIE3,202005,-0.0599185878268841,0.0843303874135017,0.0118452449102615,202001,272,4
ELET3,202005,-0.0387114239306984,0.0852189511060715,0.0118452449102615,202001,272,4
ELET6,202005,-0.0665799739921977,0.0746002346277237,0.0118452449102615,202001,272,3
EMBR3,202005,-0.0354796320630749,0.131945878267288,0.0118452449102615,202001,272,5
ENAT3,202005,0.0264598540145984,0.0704887136816979,0.0118452449102615,202001,272,3
ENBR3,202005,0.00700431034482762,0.0654285624623299,0.0118452449102615,202001,272,2
ENEV3,202005,-0.0172721649857739,0.0837175250053406,0.0118452449102615,202001,272,4
ENGI11,202005,-0.0922279004594571,0.0797673240303993,0.0118452449102615,202001,272,4
ENGI4,202005,-0.130883211382107,0.0644994154572487,0.0118452449102615,202001,272,2
EQPA3,202005,0.017857164221067,0.0506276302039623,0.0118452449102615,202001,272,2
EQTL3,202005,-0.0912652454838764,0.0750325471162796,0.0118452449102615,202001,272,3
EUCA4,202005,0.0095237956137062,0.0320358164608479,0.0118452449102615,202001,272,1
EVEN3,202005,-0.120433171283833,0.0347152538597584,0.0118452449102615,202001,272,1
EZTC3,202005,-0.0565944894368219,0.0845321193337441,0.0118452449102615,202001,272,4
FESA4,202005,-0.00500548113890498,0.0241930652409792,0.0118452449102615,202001,272,1
FLRY3,202005,0.0191330311446187,0.0674140974879265,0.0118452449102615,202001,272,2
FRAS3,202005,-0.0737411808458521,0.0357255004346371,0.0118452449102615,202001,272,1
GFSA3,202005,-0.0554896444798021,0.0730149000883102,0.0118452449102615,202001,272,3
GGBR3,202005,0.0889345163409621,0.00935341604053974,0.0118452449102615,202001,272,1
GGBR4,202005,0.0939825715833771,0.0857153460383415,0.0118452449102615,202001,272,4
GNDI3,202005,0.109946075494308,0.0804701521992683,0.0118452449102615,202001,272,4
GOAU3,202005,0.0518415347564118,0.0875970721244812,0.0118452449102615,202001,272,5
GOAU4,202005,0.0932834428438545,0.0818708837032318,0.0118452449102615,202001,272,4
GOLL4,202005,-0.0011166945840313,0.00098306464497,0.0118452449102615,202001,272,1
GRND3,202005,0.00262471193485236,0.0834551900625229,0.0118452449102615,202001,272,4
GUAR3,202005,-0.0196078431372549,0.102316580712795,0.0118452449102615,202001,272,5
HAPV3,202005,-0.00629413836256498,0.072152353823185,0.0118452449102615,202001,272,3
HBOR3,202005,-0.195973199827496,0.0483471043407917,0.0118452449102615,202001,272,2
HGTX3,202005,0.235810810810811,0.0639733672142029,0.0118452449102615,202001,272,2
HYPE3,202005,-0.123754202961642,0.0834352225065231,0.0118452449102615,202001,272,4
IGTA3,202005,-0.0175856929955289,0.0581623427569866,0.0118452449102615,202001,272,2
IRBR3,202005,-0.101810633733735,0.11929938942194,0.0118452449102615,202001,272,5
ITSA3,202005,-0.111224710383433,0.0761590003967285,0.0118452449102615,202001,272,3
ITSA4,202005,-0.114374070476559,0.0949410870671272,0.0118452449102615,202001,272,5
ITUB3,202005,-0.0913331695123045,0.049321997910738,0.0118452449102615,202001,272,2
ITUB4,202005,-0.121796845637409,0.102195583283901,0.0118452449102615,202001,272,5
JBSS3,202005,0.041782729805014,0.0828685462474823,0.0118452449102615,202001,272,4
JHSF3,202005,-0.221688118037922,0.0206774193793535,0.0118452449102615,202001,272,1
JOPA3,202005,0.0107600075825387,0.0401494093239307,0.0118452449102615,202001,272,1
JPSA3,202005,-0.0388466159391269,0.0887696519494057,0.0118452449102615,202001,272,5
KEPL3,202005,0.0281466219225683,0.00354500208050013,0.0118452449102615,202001,272,1
KLBN11,202005,0.239768867218692,0.079355776309967,0.0118452449102615,202001,272,3
KROT11,202005,-0.311594202898551,0.022872481495142,0.0118452449102615,202001,272,1
LAME3,202005,-0.11075024358558,0.0604921020567417,0.0118452449102615,202001,272,2
LAME4,202005,-0.0536656891495601,0.0777199938893318,0.0118452449102615,202001,272,3
LCAM3,202005,0.0663878724516467,0.121558517217636,0.0118452449102615,202001,272,5
LEVE3,202005,-0.0701369407146768,0.0564032420516014,0.0118452449102615,202001,272,2
LIGT3,202005,-0.199470908943255,0.061161894351244,0.0118452449102615,202001,272,2
LINX3,202005,0.346197502837684,0.0875171795487404,0.0118452449102615,202001,272,5
LLIS3,202005,-0.0574506283662478,0.110495872795582,0.0118452449102615,202001,272,5
LOGG3,202005,-0.158152263902765,0.0819208398461342,0.0118452449102615,202001,272,4
LOGN3,202005,0.186633045537348,0.0941468253731728,0.0118452449102615,202001,272,5
LPSB3,202005,0.0215054161926185,0.0756199508905411,0.0118452449102615,202001,272,3
LREN3,202005,0.0568928058093077,0.085582509636879,0.0118452449102615,202001,272,4
MDIA3,202005,-0.0913513507126366,0.0678050816059113,0.0118452449102615,202001,272,3
MEAL3,202005,-0.0841583953910148,0.0468942001461983,0.0118452449102615,202001,272,1
MGLU3,202005,0.154999443353307,0.078836016356945,0.0118452449102615,202001,272,3
MILS3,202005,-0.107049696540539,0.0497337952256203,0.0118452449102615,202001,272,2
MOVI3,202005,-0.02162172130814,0.0607444085180759,0.0118452449102615,202001,272,2
MRFG3,202005,0.235253296321999,0.0772939920425415,0.0118452449102615,202001,272,3
MRVE3,202005,-0.0611285566491776,0.0748651251196861,0.0118452449102615,202001,272,3
MULT3,202005,-0.015137296347322,0.0845278576016426,0.0118452449102615,202001,272,4
MYPK3,202005,-0.10505836353222,0.0854636803269386,0.0118452449102615,202001,272,4
ODPV3,202005,-0.073082489146165,0.0429873690009117,0.0118452449102615,202001,272,1
OFSA3,202005,-0.0982920140444119,0.055102851241827,0.0118452449102615,202001,272,2
OIBR3,202005,-0.0659340659340659,0.0791621878743172,0.0118452449102615,202001,272,3
OMGE3,202005,0.0239898989898988,0.0314590372145176,0.0118452449102615,202001,272,1
PARD3,202005,-0.0785714285714285,0.0935738384723663,0.0118452449102615,202001,272,5
PCAR3,202005,-0.105492929731078,0.0655460804700851,0.0118452449102615,202001,272,2
PETR3,202005,-0.0167400819954564,0.0854053497314453,0.0118452449102615,202001,272,4
PETR4,202005,-0.0139635821903455,0.0828524678945541,0.0118452449102615,202001,272,4
PNVL3,202005,-0.0665179794312917,0.047327596694231,0.0118452449102615,202001,272,2
POMO3,202005,-0.0217391589385491,0.034685917198658,0.0118452449102615,202001,272,1
POMO4,202005,-0.0536912198319418,0.0585307478904724,0.0118452449102615,202001,272,2
POSI3,202005,-0.064885357800038,-0.00975070986896753,0.0118452449102615,202001,272,1
PRIO3,202005,0.058095419510741,0.0463315956294537,0.0118452449102615,202001,272,1
PSSA3,202005,-0.0216546635041568,0.0776705518364906,0.0118452449102615,202001,272,3
QUAL3,202005,0.11571422668741,0.0718822181224823,0.0118452449102615,202001,272,3
RADL3,202005,-0.131345711620642,0.0757606029510498,0.0118452449102615,202001,272,3
RAIL3,202005,0.017101597278919,0.0863626226782799,0.0118452449102615,202001,272,4
RAPT3,202005,-0.0512659603559134,0.0371021702885628,0.0118452449102615,202001,272,1
RAPT4,202005,-0.0789688738861691,0.0420097559690475,0.0118452449102615,202001,272,1
RDNI3,202005,-0.0599630996309963,0.127162024378777,0.0118452449102615,202001,272,5
RENT3,202005,-0.052828154197324,0.0685597360134125,0.0118452449102615,202001,272,3
RLOG3,202005,0.057312252964427,0.0526840165257454,0.0118452449102615,202001,272,2
RPAD3,202005,-0.0166666241961526,0.0500474646687508,0.0118452449102615,202001,272,2
SANB11,202005,-0.0413947510805048,0.0962500646710396,0.0118452449102615,202001,272,5
SAPR11,202005,-0.124180898250477,0.0820764750242233,0.0118452449102615,202001,272,4
SAPR3,202005,-0.115200063585047,0.0272928941994905,0.0118452449102615,202001,272,1
SAPR4,202005,-0.127062708086052,0.0471495389938355,0.0118452449102615,202001,272,1
SBSP3,202005,-0.21528336239773,0.0855094790458679,0.0118452449102615,202001,272,4
SCAR3,202005,0.00739790782294647,0.0875656753778458,0.0118452449102615,202001,272,5
SEER3,202005,-0.0818937296580307,0.0826625525951386,0.0118452449102615,202001,272,4
SGPS3,202005,0.0830860534124629,-0.0067755151540041,0.0118452449102615,202001,272,1
SHOW3,202005,-0.039711204013447,0.163503855466843,0.0118452449102615,202001,272,5
SHUL4,202005,-0.0373442831217637,0.0485000051558018,0.0118452449102615,202001,272,2
SLCE3,202005,0.0827586653309746,0.0506638996303082,0.0118452449102615,202001,272,2
SMLS3,202005,-0.0779305828421741,0.139781922101974,0.0118452449102615,202001,272,5
SMTO3,202005,0.139289991739577,0.0357955247163773,0.0118452449102615,202001,272,1
SQIA3,202005,0.0352843503528435,-0.0339257419109345,0.0118452449102615,202001,272,1
STBP3,202005,-0.0647482014388489,0.0789139047265053,0.0118452449102615,202001,272,3
SULA11,202005,-0.148323471400394,0.0781310424208641,0.0118452449102615,202001,272,3
SUZB3,202005,0.195238143284044,0.0800368562340736,0.0118452449102615,202001,272,4
TAEE11,202005,0.0015824842457155,0.0428721457719803,0.0118452449102615,202001,272,1
TASA4,202005,0.0861487101898863,0.077322855591774,0.0118452449102615,202001,272,3
TCSA3,202005,-0.0192476168989416,0.0763803571462631,0.0118452449102615,202001,272,3
TECN3,202005,-0.0583334168925791,0.0520311892032623,0.0118452449102615,202001,272,2
TEND3,202005,-0.0814127427012326,0.0766929015517235,0.0118452449102615,202001,272,3
TESA3,202005,0.0125,0.0394941754639149,0.0118452449102615,202001,272,1
TGMA3,202005,-0.00804890906285638,0.15633536875248,0.0118452449102615,202001,272,5
TIET11,202005,-0.0105540897097626,0.0753522515296936,0.0118452449102615,202001,272,3
TIET3,202005,-0.0623052959501558,0.035578902810812,0.0118452449102615,202001,272,1
TIET4,202005,0,0.0219182092696428,0.0118452449102615,202001,272,1
TIMP3,202005,-0.0907936507936508,0.0840891301631928,0.0118452449102615,202001,272,4
TOTS3,202005,0.120247683502998,0.0783736258745194,0.0118452449102615,202001,272,3
TRIS3,202005,-0.109568945838601,0.0750846341252327,0.0118452449102615,202001,272,3
TRPL4,202005,-0.0492457852706299,0.0526955500245094,0.0118452449102615,202001,272,2
TUPY3,202005,-0.0714285232332745,0.079689547419548,0.0118452449102615,202001,272,4
UGPA3,202005,0.0263990291990044,0.087934710085392,0.0118452449102615,202001,272,5
UNIP3,202005,0.196329036327615,0.0449169985949993,0.0118452449102615,202001,272,1
UNIP6,202005,0.0906765004546275,0.052099984139204,0.0118452449102615,202001,272,2
USIM3,202005,0.22339205666541,0.0506804287433624,0.0118452449102615,202001,272,2
USIM5,202005,0.248462612516782,0.0762830078601837,0.0118452449102615,202001,272,3
VALE3,202005,-0.0169656718904659,0.0819767266511917,0.0118452449102615,202001,272,4
VIVT3,202005,-0.0772448975093366,0.0879068300127983,0.0118452449102615,202001,272,5
VIVT4,202005,-0.0913580246913579,0.0700402408838272,0.0118452449102615,202001,272,3
VLID3,202005,-0.0708448735497141,0.0615368857979775,0.0118452449102615,202001,272,2
VULC3,202005,0.135396676538348,0.0320605114102364,0.0118452449102615,202001,272,1
VVAR3,202005,0.0502049180327868,0.0789405480027199,0.0118452449102615,202001,272,3
WEGE3,202005,-0.040534466926201,0.0810683444142342,0.0118452449102615,202001,272,4
WIZS3,202005,0.0338491295938104,0.0866765305399895,0.0118452449102615,202001,272,4
YDUQ3,202005,-0.204780166768877,0.0919117033481598,0.0118452449102615,202001,272,5
AALR3,202006,-0.153461233337146,0.144611746072769,0.0118452449102615,202001,272,5
ABCB4,202006,-0.126488034208391,0.0932222828269005,0.0118452449102615,202001,272,4
ABEV3,202006,0.018684165574177,0.0780945345759392,0.0118452449102615,202001,272,2
AGRO3,202006,0.0478030506138418,0.0948597565293312,0.0118452449102615,202001,272,4
ALPA3,202006,0.0317215357967557,0.0477511547505856,0.0118452449102615,202001,272,1
ALPA4,202006,0.0255033407028047,0.0507423728704453,0.0118452449102615,202001,272,1
ALUP11,202006,-0.00554811408187173,0.0844202265143395,0.0118452449102615,202001,272,3
ALUP3,202006,-0.0240334925387895,0.0769743174314499,0.0118452449102615,202001,272,2
AMAR3,202006,-0.17654029876084,0.0526828728616238,0.0118452449102615,202001,272,1
ANIM3,202006,-0.128590517377076,0.0826569125056267,0.0118452449102615,202001,272,3
APER3,202006,0.0985401459854016,0.0846031382679939,0.0118452449102615,202001,272,3
ARZZ3,202006,-0.0317177476835352,0.0985758751630783,0.0118452449102615,202001,272,4
AZEV4,202006,-0.228855749512719,0.0436981432139874,0.0118452449102615,202001,272,1
AZUL4,202006,0.0977037370553804,0.0965888351202011,0.0118452449102615,202001,272,4
B3SA3,202006,-0.0516447010143066,0.079485185444355,0.0118452449102615,202001,272,2
BBAS3,202006,-0.0898767193566154,0.0816652849316597,0.0118452449102615,202001,272,3
BBDC3,202006,-0.0522408043625893,0.0950889587402344,0.0118452449102615,202001,272,4
BBDC4,202006,-0.063287122104881,0.0924828052520752,0.0118452449102615,202001,272,4
BBRK3,202006,0.0175438596491229,0.00380397262051702,0.0118452449102615,202001,272,1
BBSE3,202006,-0.0799847833612691,0.0901340916752815,0.0118452449102615,202001,272,3
BEEF11,202006,-0.198684210526316,0.0094409016892314,0.0118452449102615,202001,272,1
BEEF3,202006,-0.103132079729445,0.0624494887888432,0.0118452449102615,202001,272,1
BIDI11,202006,-0.161569354340439,0.0855894386768341,0.0118452449102615,202001,272,3
BIDI4,202006,-0.166889781347613,0.101015463471413,0.0118452449102615,202001,272,4
BKBR3,202006,-0.0263636363636363,0.0835842192173004,0.0118452449102615,202001,272,3
BPAC11,202006,-0.0999506737437532,0.0870801359415054,0.0118452449102615,202001,272,3
BPAN4,202006,-0.041322314049587,0.0940119698643684,0.0118452449102615,202001,272,4
BRAP3,202006,0.00655077530915937,0.0891102850437164,0.0118452449102615,202001,272,3
BRAP4,202006,0.0204592606910421,0.0762217938899994,0.0118452449102615,202001,272,2
BRDT3,202006,-0.055763823805061,0.0809687823057175,0.0118452449102615,202001,272,2
BRFS3,202006,-0.0617662072485963,0.0862516462802887,0.0118452449102615,202001,272,3
BRGE3,202006,0.0662983425414365,0.0610682480037212,0.0118452449102615,202001,272,1
BRIV3,202006,0.103896103896104,0.100782737135887,0.0118452449102615,202001,272,4
BRKM5,202006,-0.0234852213869534,0.0692407563328743,0.0118452449102615,202001,272,2
BRML3,202006,-0.0969827586206895,0.107024401426315,0.0118452449102615,202001,272,5
BRPR3,202006,-0.0174671345484664,0.122154369950295,0.0118452449102615,202001,272,5
BRSR3,202006,-0.0700337774301478,0.0915924087166786,0.0118452449102615,202001,272,4
BRSR6,202006,-0.0907012486898896,0.111435018479824,0.0118452449102615,202001,272,5
BTOW3,202006,-0.197252208047105,0.0806069895625114,0.0118452449102615,202001,272,2
CAML3,202006,-0.0203765644020829,0.0899306386709213,0.0118452449102615,202001,272,3
CARD3,202006,-0.166464155528554,0.10544128715992,0.0118452449102615,202001,272,5
CCPR3,202006,-0.137123745819398,0.113103196024895,0.0118452449102615,202001,272,5
CCRO3,202006,-0.0495123780945237,0.0780465230345726,0.0118452449102615,202001,272,2
CESP3,202006,-0.128651685393258,0.0699917674064636,0.0118452449102615,202001,272,2
CESP6,202006,-0.0614617940199336,0.0942482724785805,0.0118452449102615,202001,272,4
CGRA4,202006,-0.0181817797028463,0.0746602416038513,0.0118452449102615,202001,272,2
CIEL3,202006,-0.138157894736842,0.0984552800655365,0.0118452449102615,202001,272,4
CLSC4,202006,-0.0552772523803224,0.0224958527833223,0.0118452449102615,202001,272,1
CMIG3,202006,0.0215516895864372,0.0676295161247253,0.0118452449102615,202001,272,1
CMIG4,202006,-0.033588628267885,0.0705548673868179,0.0118452449102615,202001,272,2
CNTO3,202006,-0.164252797893351,0.111575566232204,0.0118452449102615,202001,272,5
COCE5,202006,-0.0260204839592496,0.0374360792338848,0.0118452449102615,202001,272,1
COGN3,202006,-0.09122814406903,0.136356517672539,0.0118452449102615,202001,272,5
CPFE3,202006,-0.041057808957358,0.0679115653038025,0.0118452449102615,202001,272,2
CPLE3,202006,-0.0488727122835043,0.0927903726696968,0.0118452449102615,202001,272,4
CPLE6,202006,0.00372288766591122,0.0732159465551376,0.0118452449102615,202001,272,2
CRDE3,202006,0.0154826958105647,0.0769360587000847,0.0118452449102615,202001,272,2
CRFB3,202006,0.0480818414322251,0.0929666012525558,0.0118452449102615,202001,272,4
CRIV3,202006,0.0210526315789474,0.107339076697826,0.0118452449102615,202001,272,5
CSAN3,202006,-0.179219198673945,0.101711921393871,0.0118452449102615,202001,272,5
CSMG3,202006,-0.0083160490156815,0.0770116448402405,0.0118452449102615,202001,272,2
CSNA3,202006,0.0848126556747628,0.0887337774038315,0.0118452449102615,202001,272,3
CTNM4,202006,-0.0666666449304996,0.110085189342499,0.0118452449102615,202001,272,5
CVCB3,202006,-0.118579314948445,0.163088351488113,0.0118452449102615,202001,272,5
CYRE3,202006,-0.0360846428201127,0.0974460318684578,0.0118452449102615,202001,272,4
DIRR3,202006,-0.0918846513893434,0.0904825255274773,0.0118452449102615,202001,272,4
DMMO3,202006,-0.0952380952380953,0.053324680775404,0.0118452449102615,202001,272,1
DTEX3,202006,0.126964173475801,0.0872633382678032,0.0118452449102615,202001,272,3
ECOR3,202006,-0.083591335450242,0.0864535123109818,0.0118452449102615,202001,272,3
EGIE3,202006,-0.0534835670399353,0.0739599093794823,0.0118452449102615,202001,272,2
ELET3,202006,-0.146156012390876,0.0988830700516701,0.0118452449102615,202001,272,4
ELET6,202006,-0.130955697966007,0.0755395442247391,0.0118452449102615,202001,272,2
EMBR3,202006,-0.149863760217984,0.183232009410858,0.0118452449102615,202001,272,5
ENAT3,202006,-0.139555555555556,0.0865438580513001,0.0118452449102615,202001,272,3
ENBR3,202006,-0.0684858212948101,0.103744022548199,0.0118452449102615,202001,272,5
ENEV3,202006,-0.0282828591086648,0.0672274455428124,0.0118452449102615,202001,272,1
ENGI11,202006,-0.0609367257868019,0.0776493847370148,0.0118452449102615,202001,272,2
ENGI4,202006,-0.0644329267954499,0.0429531782865524,0.0118452449102615,202001,272,1
EQPA3,202006,-0.0467835776155891,0.0600384846329689,0.0118452449102615,202001,272,1
EQTL3,202006,-0.0870691044317148,0.0542439557611942,0.0118452449102615,202001,272,1
EUCA4,202006,0.00471692263684687,0.0494544468820095,0.0118452449102615,202001,272,1
EVEN3,202006,-0.143076793671631,0.0946507751941681,0.0118452449102615,202001,272,4
EZTC3,202006,-0.0926878168066475,0.0814241468906403,0.0118452449102615,202001,272,3
FESA4,202006,-0.016249616951663,0.0214905347675085,0.0118452449102615,202001,272,1
FLRY3,202006,0.0145594885992901,0.0774893015623093,0.0118452449102615,202001,272,2
FRAS3,202006,0.104854654896003,0.100917354226112,0.0118452449102615,202001,272,4
GFSA3,202006,-0.125252559207297,0.0944200083613396,0.0118452449102615,202001,272,4
GGBR3,202006,0.0604735904566622,0.0289097353816032,0.0118452449102615,202001,272,1
GGBR4,202006,0.0895757492798173,0.086848683655262,0.0118452449102615,202001,272,3
GNDI3,202006,-0.121997300944669,0.0875589475035667,0.0118452449102615,202001,272,3
GOAU3,202006,0.0687419626872572,0.075991727411747,0.0118452449102615,202001,272,2
GOAU4,202006,0.0693972897309889,0.0772433280944824,0.0118452449102615,202001,272,2
GOLL4,202006,-0.0452766908887648,0.15671218931675,0.0118452449102615,202001,272,5
GRND3,202006,0.00392686089596817,0.052775751799345,0.0118452449102615,202001,272,1
GUAR3,202006,-0.203428571428571,0.102699883282185,0.0118452449102615,202001,272,5
HAPV3,202006,-0.0378222475712526,0.0798142626881599,0.0118452449102615,202001,272,2
HBOR3,202006,-0.138564233877315,0.12313624471426,0.0118452449102615,202001,272,5
HGTX3,202006,-0.0852925095680699,0.0690903142094612,0.0118452449102615,202001,272,2
HYPE3,202006,-0.057819965740442,0.0473663061857224,0.0118452449102615,202001,272,1
IGTA3,202006,-0.0670509708737864,0.114508412778378,0.0118452449102615,202001,272,5
IRBR3,202006,0.050490970882958,0.168002218008041,0.0118452449102615,202001,272,5
ITSA3,202006,-0.0557621084170792,0.0943043082952499,0.0118452449102615,202001,272,4
ITSA4,202006,-0.0648247687571579,0.0923855975270271,0.0118452449102615,202001,272,4
ITUB3,202006,-0.0516742820050364,0.0853800252079964,0.0118452449102615,202001,272,3
ITUB4,202006,-0.0439770401171973,0.0818075090646744,0.0118452449102615,202001,272,3
JBSS3,202006,-0.0788770053475936,0.118867076933384,0.0118452449102615,202001,272,5
JHSF3,202006,-0.0154715470831848,0.037751954048872,0.0118452449102615,202001,272,1
JOPA3,202006,0.151851827707554,0.117272168397903,0.0118452449102615,202001,272,5
JPSA3,202006,-0.127083333333333,0.0487304888665676,0.0118452449102615,202001,272,1
KEPL3,202006,-0.109726416593518,0.0229619797319174,0.0118452449102615,202001,272,1
KLBN11,202006,-0.0757281906460873,0.0679561793804169,0.0118452449102615,202001,272,2
KLBN4,202006,-0.0674601305487949,0.0255601536482573,0.0118452449102615,202001,272,1
KROT11,202006,-0.0912280701754387,0.116976395249367,0.0118452449102615,202001,272,5
LAME3,202006,-0.108838568298028,0.0816357508301735,0.0118452449102615,202001,272,3
LAME4,202006,-0.120235512860242,0.0729781240224838,0.0118452449102615,202001,272,2
LCAM3,202006,0.16421568627451,0.134869039058685,0.0118452449102615,202001,272,5
LEVE3,202006,-0.00117863448791145,0.0887936800718308,0.0118452449102615,202001,272,3
LIGT3,202006,-0.0416391639793799,0.0845311358571053,0.0118452449102615,202001,272,3
LINX3,202006,-0.0275435637998875,0.104782313108444,0.0118452449102615,202001,272,5
LLIS3,202006,-0.0628571428571428,0.159295201301575,0.0118452449102615,202001,272,5
LOGG3,202006,-0.0293736692440322,0.0948936641216278,0.0118452449102615,202001,272,4
LOGN3,202006,-0.214665251188292,0.111074164509773,0.0118452449102615,202001,272,5
LPSB3,202006,0.0694736726223344,0.11543495953083,0.0118452449102615,202001,272,5
LREN3,202006,-0.0860614306869286,0.080419234931469,0.0118452449102615,202001,272,2
MDIA3,202006,-0.0380173759164528,0.0230718497186899,0.0118452449102615,202001,272,1
MEAL3,202006,-0.127027033122462,0.089405931532383,0.0118452449102615,202001,272,3
MGLU3,202006,-0.0431238944252428,0.0757479444146156,0.0118452449102615,202001,272,2
MILS3,202006,-0.17543871743938,0.0744978338479996,0.0118452449102615,202001,272,2
MOVI3,202006,-0.00184161022608031,0.104853585362434,0.0118452449102615,202001,272,5
MRFG3,202006,-0.143258426966292,0.085824653506279,0.0118452449102615,202001,272,3
MRVE3,202006,-0.104618814244996,0.082130491733551,0.0118452449102615,202001,272,3
MULT3,202006,-0.0667627143803238,0.09079260379076,0.0118452449102615,202001,272,4
MYPK3,202006,0.191304189367787,0.103428609669209,0.0118452449102615,202001,272,5
ODPV3,202006,-0.0632318501170961,0.102768279612064,0.0118452449102615,202001,272,5
OFSA3,202006,0.000714773992730899,0.0973214954137802,0.0118452449102615,202001,272,4
OIBR3,202006,0.0294117647058823,0.0736144259572029,0.0118452449102615,202001,272,2
OMGE3,202006,-0.0971639950678175,0.0323860980570316,0.0118452449102615,202001,272,1
PARD3,202006,-0.12015503875969,0.0986914485692978,0.0118452449102615,202001,272,4
PCAR3,202006,0.098094895986883,0.0905857682228088,0.0118452449102615,202001,272,4
PETR3,202006,-0.114247380783545,0.0795676186680794,0.0118452449102615,202001,272,2
PETR4,202006,-0.104157374997556,0.0816821381449699,0.0118452449102615,202001,272,3
PFRM3,202006,-0.0910851510343107,0.0821575671434403,0.0118452449102615,202001,272,3
PNVL3,202006,-0.105493829711295,0.0925600081682205,0.0118452449102615,202001,272,4
POMO3,202006,-0.0555552949396291,0.035024993121624,0.0118452449102615,202001,272,1
POMO4,202006,-0.0496451865167886,0.118615038692951,0.0118452449102615,202001,272,5
POSI3,202006,-0.0918367974163439,0.0205879230052233,0.0118452449102615,202001,272,1
PRIO3,202006,-0.167104288941523,0.0350190363824368,0.0118452449102615,202001,272,1
PSSA3,202006,-0.0872116173622553,0.0752063319087029,0.0118452449102615,202001,272,2
QUAL3,202006,0.0880283033282008,0.101546160876751,0.0118452449102615,202001,272,5
RADL3,202006,0.0876799594743145,0.0384813919663429,0.0118452449102615,202001,272,1
RAIL3,202006,-0.156637107638307,0.0732564777135849,0.0118452449102615,202001,272,2
RAPT3,202006,0.0730339941970055,0.103686928749084,0.0118452449102615,202001,272,5
RAPT4,202006,0.13420328500618,0.0890982449054718,0.0118452449102615,202001,272,3
RDNI3,202006,-0.0186457311089303,0.0949354469776154,0.0118452449102615,202001,272,4
RENT3,202006,0.176971106885374,0.0757466554641724,0.0118452449102615,202001,272,2
RLOG3,202006,-0.172897196261682,0.0185112897306681,0.0118452449102615,202001,272,1
ROMI3,202006,0.0648300612476698,0.0979929491877556,0.0118452449102615,202001,272,4
RPAD3,202006,0.0745763208736459,0.0889232829213142,0.0118452449102615,202001,272,3
SANB11,202006,-0.0210083776832249,0.0943156778812408,0.0118452449102615,202001,272,4
SAPR11,202006,-0.0520015042143337,0.0924897044897079,0.0118452449102615,202001,272,4
SAPR3,202006,-0.0596743591454546,0.0354196541011333,0.0118452449102615,202001,272,1
SAPR4,202006,-0.0378069646617398,0.0902920663356781,0.0118452449102615,202001,272,4
SBSP3,202006,-0.0198953392282748,0.083593875169754,0.0118452449102615,202001,272,3
SCAR3,202006,-0.0985059611699834,0.0528550148010254,0.0118452449102615,202001,272,1
SEER3,202006,-0.0132404865517254,0.161264628171921,0.0118452449102615,202001,272,5
SGPS3,202006,-0.102739726027397,0.0603441931307316,0.0118452449102615,202001,272,1
SHOW3,202006,-0.0563909766349079,0.104512453079224,0.0118452449102615,202001,272,5
SHUL4,202006,0.0603450844689104,0.0635349079966545,0.0118452449102615,202001,272,1
SLCE3,202006,0.0147291609247822,0.0892123132944107,0.0118452449102615,202001,272,3
SMLS3,202006,-0.00994318181818188,0.17373426258564,0.0118452449102615,202001,272,5
SMTO3,202006,-0.0988831203701291,0.0871629640460014,0.0118452449102615,202001,272,3
SQIA3,202006,-0.130713712910986,0.0518753118813038,0.0118452449102615,202001,272,1
STBP3,202006,-0.225,0.11532187461853,0.0118452449102615,202001,272,5
SULA11,202006,-0.0822139879573877,0.0912410318851471,0.0118452449102615,202001,272,4
SUZB3,202006,-0.0926296141712027,0.0847697407007217,0.0118452449102615,202001,272,3
TAEE11,202006,-0.0109660390871338,0.0765534862875938,0.0118452449102615,202001,272,2
TAEE4,202006,-0.011615643584172,0.0784368142485619,0.0118452449102615,202001,272,2
TASA4,202006,0.228615826145448,0.0785138383507729,0.0118452449102615,202001,272,2
TCSA3,202006,-0.164139174516189,0.0981492027640343,0.0118452449102615,202001,272,4
TECN3,202006,-0.11504424547516,0.0440221428871155,0.0118452449102615,202001,272,1
TEND3,202006,-0.0705447403631805,0.091739110648632,0.0118452449102615,202001,272,4
TESA3,202006,0.022927689594356,0.036792453378439,0.0118452449102615,202001,272,1
TGMA3,202006,-0.194744736238415,0.105764515697956,0.0118452449102615,202001,272,5
TIET11,202006,-0.0226666666666666,0.0981499180197716,0.0118452449102615,202001,272,4
TIET3,202006,-0.0232558139534883,0.101204261183739,0.0118452449102615,202001,272,5
TIET4,202006,-0.0133333333333333,0.0839667841792107,0.0118452449102615,202001,272,3
TIMP3,202006,-0.0879888268156425,0.0759214460849762,0.0118452449102615,202001,272,2
TOTS3,202006,-0.0609841264364842,0.0823988988995552,0.0118452449102615,202001,272,3
TRIS3,202006,-0.118950008722167,0.086265079677105,0.0118452449102615,202001,272,3
TRPL4,202006,0.0167988800746617,0.0770577266812325,0.0118452449102615,202001,272,2
TUPY3,202006,0.0278105681784102,0.0894047319889069,0.0118452449102615,202001,272,3
UGPA3,202006,-0.00874484702384537,0.0879470109939575,0.0118452449102615,202001,272,3
UNIP3,202006,-0.0547947386556719,0.0970112681388855,0.0118452449102615,202001,272,4
UNIP6,202006,-0.0667113483280555,0.101540938019753,0.0118452449102615,202001,272,5
USIM3,202006,-0.0210326529807701,0.026415029540658,0.0118452449102615,202001,272,1
USIM5,202006,-0.0118228619065581,0.0818326771259308,0.0118452449102615,202001,272,3
VALE3,202006,0.0318522694579242,0.0774359703063965,0.0118452449102615,202001,272,2
VIVT3,202006,-0.0830942717388936,0.0730863064527512,0.0118452449102615,202001,272,2
VIVT4,202006,-0.0923913043478262,0.0803404822945595,0.0118452449102615,202001,272,2
VLID3,202006,-0.15738020525281,0.0930416733026505,0.0118452449102615,202001,272,4
VULC3,202006,0.0647356871902816,0.0407090932130814,0.0118452449102615,202001,272,1
VVAR3,202006,-0.153658536585366,0.0953184813261032,0.0118452449102615,202001,272,4
WEGE3,202006,0.0172586876731919,0.0844103321433067,0.0118452449102615,202001,272,3
WIZS3,202006,-0.140318054256314,0.0933674499392509,0.0118452449102615,202001,272,4
YDUQ3,202006,0.0170686972480589,0.115167021751404,0.0118452449102615,202001,272,5
AALR3,202007,-0.0463053528097126,0.0872359424829483,0.0182769116776571,202007,155,5
ABCB4,202007,0.0391821860425803,0.0760506466031075,0.0182769116776571,202007,155,5
ABEV3,202007,-0.028708132023911,0.0749437287449837,0.0182769116776571,202007,155,5
AGRO3,202007,0.0400091505767441,0.0225367583334446,0.0182769116776571,202007,155,2
ALPA3,202007,0.0405969517152647,0.0195031948387623,0.0182769116776571,202007,155,1
ALPA4,202007,0.0607330641772181,0.020960621535778,0.0182769116776571,202007,155,1
ALUP11,202007,-0.0278973883934485,0.0723250359296799,0.0182769116776571,202007,155,4
ALUP3,202007,-0.0610276599509821,0.0462195537984371,0.0182769116776571,202007,155,3
AMAR3,202007,-0.112230247078838,0.0216343421489,0.0182769116776571,202007,155,2
ANIM3,202007,0.0697585418203122,0.0217547994107008,0.0182769116776571,202007,155,2
APER3,202007,-0.0348837209302326,0.0167392361909151,0.0182769116776571,202007,155,1
ARZZ3,202007,0.10967979389032,0.0201840568333864,0.0182769116776571,202007,155,1
AZEV4,202007,0.763331142110776,0.0425260551273823,0.0182769116776571,202007,155,3
AZUL4,202007,-0.0750615258408531,0.0578375421464443,0.0182769116776571,202007,155,3
B3SA3,202007,-0.0719867755767455,0.0258323587477207,0.0182769116776571,202007,155,2
BBAS3,202007,0.00607695961882704,0.0702545121312141,0.0182769116776571,202007,155,4
BBDC3,202007,0.00928886133010187,0.0802929550409317,0.0182769116776571,202007,155,5
BBDC4,202007,0.0396509291801921,0.0757184028625488,0.0182769116776571,202007,155,5
BBRK3,202007,-0.160919540229885,0.0708810910582542,0.0182769116776571,202007,155,4
BBSE3,202007,-0.0243096546926651,0.0728374570608139,0.0182769116776571,202007,155,5
BEEF11,202007,-0.25615763546798,0.0412190109491348,0.0182769116776571,202007,155,3
BEEF3,202007,-0.150766550573115,0.0701446309685707,0.0182769116776571,202007,155,4
BIDI11,202007,-0.0635593220338984,0.0146651212126017,0.0182769116776571,202007,155,1
BIDI3,202007,0.0147492625368733,0.00969018135219812,0.0182769116776571,202007,155,1
BIDI4,202007,-0.116229244777718,0.0168402120471001,0.0182769116776571,202007,155,1
BKBR3,202007,-0.0905695611577965,0.0368294678628445,0.0182769116776571,202007,155,3
BPAC11,202007,-0.010158145291992,0.0218482594937086,0.0182769116776571,202007,155,2
BPAC3,202007,-0.0260758207799592,0.0448259338736534,0.0182769116776571,202007,155,3
BPAC5,202007,-0.0105883335729592,0.0691140964627266,0.0182769116776571,202007,155,4
BPAN4,202007,-0.0812807881773399,0.018611827865243,0.0182769116776571,202007,155,1
BRAP3,202007,0.0410512904661917,0.0241892002522945,0.0182769116776571,202007,155,2
BRAP4,202007,0.0412118284189942,0.0663205161690712,0.0182769116776571,202007,155,4
BRDT3,202007,-0.0481389578163771,0.0675714984536171,0.0182769116776571,202007,155,4
BRFS3,202007,-0.0870511425462458,0.0995929017663002,0.0182769116776571,202007,155,5
BRGE3,202007,0.0279792746113989,0.0626401081681252,0.0182769116776571,202007,155,3
BRIV3,202007,0.0458823529411765,0.066066138446331,0.0182769116776571,202007,155,4
BRKM5,202007,0.0986051180577148,0.116344712674618,0.0182769116776571,202007,155,5
BRML3,202007,-0.0262529832935562,0.0353177711367607,0.0182769116776571,202007,155,3
BRPR3,202007,-0.0366667757056336,0.0621976256370544,0.0182769116776571,202007,155,3
BRSR3,202007,0.020999399281723,0.0535195656120777,0.0182769116776571,202007,155,3
BRSR6,202007,0.00586772561824023,0.0546498894691467,0.0182769116776571,202007,155,3
BTOW3,202007,-0.163814180929096,0.0677070766687393,0.0182769116776571,202007,155,4
CAML3,202007,-0.0296949416635527,0.028245797380805,0.0182769116776571,202007,155,2
CARD3,202007,-0.0488338192419825,0.0362168103456497,0.0182769116776571,202007,155,3
CCPR3,202007,0.0147286821705426,0.0793872177600861,0.0182769116776571,202007,155,5
CCRO3,202007,-0.119179163378058,0.0756346434354782,0.0182769116776571,202007,155,5
CESP3,202007,0.00096711798839455,0.057286661118269,0.0182769116776571,202007,155,3
CESP6,202007,-0.0555752212389381,0.0670246407389641,0.0182769116776571,202007,155,4
CGRA4,202007,0.0822223231228889,0.06236532330513,0.0182769116776571,202007,155,3
CIEL3,202007,-0.142493638676845,0.077880010008812,0.0182769116776571,202007,155,5
CLSC4,202007,-0.0249954160179637,0.030437670648098,0.0182769116776571,202007,155,3
CMIG3,202007,0.0859815699960835,0.0591854639351368,0.0182769116776571,202007,155,3
CMIG4,202007,0.0148517042245548,0.0724862590432167,0.0182769116776571,202007,155,4
CNTO3,202007,-0.0961008270972824,0.0253313444554806,0.0182769116776571,202007,155,2
COCE5,202007,-0.00317244152818696,0.0223967544734478,0.0182769116776571,202007,155,2
COGN3,202007,-0.171814529241567,0.0646538883447647,0.0182769116776571,202007,155,4
CPFE3,202007,0.0112482753649785,0.0725627690553665,0.0182769116776571,202007,155,4
CPLE3,202007,-0.0500001818529514,0.072782501578331,0.0182769116776571,202007,155,4
CPLE6,202007,-0.00403160780519274,0.0634846761822701,0.0182769116776571,202007,155,3
CRDE3,202007,-0.0358744394618834,0.0219865199178457,0.0182769116776571,202007,155,2
CRFB3,202007,-0.0995607613469985,0.0694282725453377,0.0182769116776571,202007,155,4
CRIV3,202007,-0.0721649484536082,0.0533960945904255,0.0182769116776571,202007,155,3
CSAN3,202007,-0.0488805348333976,0.0207463167607784,0.0182769116776571,202007,155,1
CSMG3,202007,-0.0840999865718577,0.0665246397256851,0.0182769116776571,202007,155,4
CSNA3,202007,0.244848557182048,0.0767937526106834,0.0182769116776571,202007,155,5
CTNM4,202007,0.0164835443148523,0.0583241917192936,0.0182769116776571,202007,155,3
CVCB3,202007,-0.238685691664228,0.0996086969971657,0.0182769116776571,202007,155,5
CYRE3,202007,-0.0193629111532405,0.0632412433624268,0.0182769116776571,202007,155,3
DIRR3,202007,-0.119286869580544,0.0206558052450418,0.0182769116776571,202007,155,1
DMMO3,202007,0.0263157894736843,0.0730757489800453,0.0182769116776571,202007,155,5
DTEX3,202007,0.0691578360290017,0.0193267483264208,0.0182769116776571,202007,155,1
ECOR3,202007,-0.156250092100571,0.0790309682488442,0.0182769116776571,202007,155,5
EGIE3,202007,-0.0114001803548105,0.0675261989235878,0.0182769116776571,202007,155,4
ELET3,202007,0.0244063324538257,0.0188377536833286,0.0182769116776571,202007,155,1
ELET6,202007,-0.00641231163834577,0.063982255756855,0.0182769116776571,202007,155,4
EMBR3,202007,-0.0336538461538461,0.115557797253132,0.0182769116776571,202007,155,5
ENAT3,202007,-0.021694214876033,0.0772538706660271,0.0182769116776571,202007,155,5
ENBR3,202007,-0.0235496840896037,0.0728242993354797,0.0182769116776571,202007,155,4
ENEV3,202007,0.093555096522947,0.0202665813267231,0.0182769116776571,202007,155,1
ENGI11,202007,0.00895883378140505,0.0657002180814743,0.0182769116776571,202007,155,4
ENGI4,202007,-0.0151516633562665,0.0261837262660265,0.0182769116776571,202007,155,2
EQPA3,202007,-0.101226977938929,0.0216816011816263,0.0182769116776571,202007,155,2
EQTL3,202007,-0.0590176730584395,0.019212769344449,0.0182769116776571,202007,155,1
EUCA4,202007,0.158059437013412,0.0231151599436998,0.0182769116776571,202007,155,2
EVEN3,202007,-0.0745061051553609,0.021970484405756,0.0182769116776571,202007,155,2
EZTC3,202007,-0.00397288308428645,0.0220423489809036,0.0182769116776571,202007,155,2
FESA4,202007,0.0424313820396329,0.0292580891400576,0.0182769116776571,202007,155,2
FLRY3,202007,0.0328549679225734,0.0720230489969254,0.0182769116776571,202007,155,4
FRAS3,202007,0.0632688091682196,0.059763215482235,0.0182769116776571,202007,155,3
GFSA3,202007,-0.120092345745105,0.072771355509758,0.0182769116776571,202007,155,4
GGBR3,202007,0.0640798186474652,0.0144903613254428,0.0182769116776571,202007,155,1
GGBR4,202007,0.048557517453391,0.0213504638522863,0.0182769116776571,202007,155,2
GNDI3,202007,0.0106055948355364,0.0239865873008966,0.0182769116776571,202007,155,2
GOAU3,202007,0.0133495036793747,0.0662538483738899,0.0182769116776571,202007,155,4
GOAU4,202007,0.0425529504706086,0.0702040493488312,0.0182769116776571,202007,155,4
GOLL4,202007,-0.0813817330210772,0.0715612098574638,0.0182769116776571,202007,155,4
GRND3,202007,0.0456323920674313,0.0198487285524607,0.0182769116776571,202007,155,1
GUAR3,202007,-0.0229555236728838,0.0782096832990646,0.0182769116776571,202007,155,5
HAPV3,202007,0.0358866209855853,0.0252532865852118,0.0182769116776571,202007,155,2
HBOR3,202007,-0.132752115388317,0.0226726159453392,0.0182769116776571,202007,155,2
HGTX3,202007,-0.0490137477585176,0.0208652224391699,0.0182769116776571,202007,155,1
HYPE3,202007,-0.0555908105644322,0.0212079416960478,0.0182769116776571,202007,155,2
IGTA3,202007,-0.0247154471544716,0.0848683044314385,0.0182769116776571,202007,155,5
IRBR3,202007,-0.180240258877769,0.107998192310333,0.0182769116776571,202007,155,5
ITSA3,202007,0.0157477209834198,0.0217454396188259,0.0182769116776571,202007,155,2
ITSA4,202007,0.0329547077186962,0.071816973388195,0.0182769116776571,202007,155,4
ITUB3,202007,0.0287854049384737,0.050940003246069,0.0182769116776571,202007,155,3
ITUB4,202007,0.0442519873796892,0.0728780180215836,0.0182769116776571,202007,155,5
JBSS3,202007,-0.0590227382680214,0.0783698707818985,0.0182769116776571,202007,155,5
JHSF3,202007,-0.0731423215685312,0.0189260747283697,0.0182769116776571,202007,155,1
JOPA3,202007,0.109324685350914,0.0519254319369793,0.0182769116776571,202007,155,3
JPSA3,202007,0.00190930787589494,0.0233250092715025,0.0182769116776571,202007,155,2
KEPL3,202007,-0.0205930989163429,0.0299221333116293,0.0182769116776571,202007,155,2
KLBN11,202007,-0.000420001788628333,0.0181803405284882,0.0182769116776571,202007,155,1
KLBN4,202007,0.00851062201513519,0.0454766303300858,0.0182769116776571,202007,155,3
KROT11,202007,-0.171814671814672,0.0429735668003559,0.0182769116776571,202007,155,3
LAME3,202007,-0.173360655737705,0.0605235397815704,0.0182769116776571,202007,155,3
LAME4,202007,-0.181754138781261,0.0258018095046282,0.0182769116776571,202007,155,2
LCAM3,202007,0.0585263157894738,0.0367902182042599,0.0182769116776571,202007,155,3
LEVE3,202007,0.0525072434684661,0.0811852440237999,0.0182769116776571,202007,155,5
LIGT3,202007,0.330344820024286,0.0219408795237541,0.0182769116776571,202007,155,2
LINX3,202007,0.0372832369942195,0.0638325661420822,0.0182769116776571,202007,155,4
LLIS3,202007,-0.176829268292683,0.118508227169514,0.0182769116776571,202007,155,5
LOGG3,202007,0.0425674339352817,0.0252370741218329,0.0182769116776571,202007,155,2
LOGN3,202007,-0.135317999738417,0.0230581760406494,0.0182769116776571,202007,155,2
LPSB3,202007,-0.0688975295720042,0.0269311107695103,0.0182769116776571,202007,155,2
LREN3,202007,-0.0554852218995454,0.0202355664223433,0.0182769116776571,202007,155,1
MDIA3,202007,-0.0500589287598371,0.0145380720496178,0.0182769116776571,202007,155,1
MEAL3,202007,-0.108359102961543,0.12289147824049,0.0182769116776571,202007,155,5
MGLU3,202007,0.104484294599554,0.0259929765015841,0.0182769116776571,202007,155,2
MILS3,202007,-0.0992906258897541,0.0191669557243586,0.0182769116776571,202007,155,1
MOVI3,202007,0.115621037250476,0.0573129579424858,0.0182769116776571,202007,155,3
MRFG3,202007,-0.0970491803278689,0.0831764787435532,0.0182769116776571,202007,155,5
MRVE3,202007,0.0675893223276489,0.020213671028614,0.0182769116776571,202007,155,1
MULT3,202007,-0.0236748442804269,0.0817857459187508,0.0182769116776571,202007,155,5
MYPK3,202007,-0.0306569138042434,0.0741507932543755,0.0182769116776571,202007,155,5
NEOE3,202007,0.0241460541813898,0.0764979496598244,0.0182769116776571,202007,155,5
ODPV3,202007,0.0508333333333333,0.0740832164883614,0.0182769116776571,202007,155,5
OFSA3,202007,-0.0184533367010049,0.0176992602646351,0.0182769116776571,202007,155,1
OIBR3,202007,-0.114285714285714,0.00382755184546113,0.0182769116776571,202007,155,1
OMGE3,202007,-0.0781207320404261,0.0132388304919004,0.0182769116776571,202007,155,1
PARD3,202007,-0.0555066079295153,0.0692177563905716,0.0182769116776571,202007,155,4
PCAR3,202007,-0.111700651790796,0.0754329562187195,0.0182769116776571,202007,155,5
PETR3,202007,-0.0389479313440417,0.0743415132164955,0.0182769116776571,202007,155,5
PETR4,202007,-0.0341663113051077,0.0743415132164955,0.0182769116776571,202007,155,5
PFRM3,202007,0.0533048055263521,0.0515691079199314,0.0182769116776571,202007,155,3
PNVL3,202007,-0.088117432473063,0.023304020985961,0.0182769116776571,202007,155,2
POMO3,202007,-0.062745266190825,0.0160194914788008,0.0182769116776571,202007,155,1
POMO4,202007,-0.0858211993780866,0.0759796723723412,0.0182769116776571,202007,155,5
POSI3,202007,-0.0898875510288174,0.016292680054903,0.0182769116776571,202007,155,1
PRIO3,202007,-0.102321624370485,0.0202893875539303,0.0182769116776571,202007,155,1
PSSA3,202007,-0.0172017620071291,0.0209023952484131,0.0182769116776571,202007,155,1
PTBL3,202007,0.195817588387158,0.0276476852595806,0.0182769116776571,202007,155,2
QUAL3,202007,-0.058537009332533,0.0771394297480583,0.0182769116776571,202007,155,5
RADL3,202007,0.0273271373801522,0.0250557009130716,0.0182769116776571,202007,155,2
RAIL3,202007,-0.0377755275733689,0.0248838998377323,0.0182769116776571,202007,155,2
RAPT3,202007,0.00523538130896162,0.0473670475184917,0.0182769116776571,202007,155,3
RAPT4,202007,0.042727857026333,0.0640349835157394,0.0182769116776571,202007,155,4
RDNI3,202007,-0.0199999999999999,0.0720182731747627,0.0182769116776571,202007,155,4
RENT3,202007,0.070760526505995,0.0207470487803221,0.0182769116776571,202007,155,1
RLOG3,202007,-0.0740112994350282,0.0183975957334042,0.0182769116776571,202007,155,1
ROMI3,202007,0.18796706342756,0.0204138141125441,0.0182769116776571,202007,155,1
RPAD3,202007,0.111987425446545,0.0522059537470341,0.0182769116776571,202007,155,3
SANB11,202007,0.139127339735003,0.0189211890101433,0.0182769116776571,202007,155,1
SAPR11,202007,-0.0662983379092331,0.0650487020611763,0.0182769116776571,202007,155,4
SAPR3,202007,-0.0807693415722285,0.0530528388917446,0.0182769116776571,202007,155,3
SAPR4,202007,-0.0648331793333382,0.0657836943864822,0.0182769116776571,202007,155,4
SBSP3,202007,-0.091880308522361,0.066244550049305,0.0182769116776571,202007,155,4
SCAR3,202007,0.0252808948202756,0.018738366663456,0.0182769116776571,202007,155,1
SEER3,202007,-0.060734456232859,0.0768194124102593,0.0182769116776571,202007,155,5
SGPS3,202007,-0.0885496183206107,0.031610120087862,0.0182769116776571,202007,155,3
SHOW3,202007,-0.0796812736894026,0.0290240906178951,0.0182769116776571,202007,155,2
SHUL4,202007,-0.0239523596693882,0.0230131167918444,0.0182769116776571,202007,155,2
SLCE3,202007,0.00313861041122077,0.0296050254255533,0.0182769116776571,202007,155,2
SMLS3,202007,0.0351506456241033,0.116362676024437,0.0182769116776571,202007,155,5
SMTO3,202007,-0.0335170033765492,0.0202247500419617,0.0182769116776571,202007,155,1
SQIA3,202007,-0.0428966789667896,-0.00102803518529981,0.0182769116776571,202007,155,1
STBP3,202007,-0.0248138957816377,0.0274106357246637,0.0182769116776571,202007,155,2
SULA11,202007,0.00908402725208179,0.0260584857314825,0.0182769116776571,202007,155,2
SUZB3,202007,0.0987925084074977,0.0726044401526451,0.0182769116776571,202007,155,4
TAEE11,202007,0.00679556558121108,0.0659097507596016,0.0182769116776571,202007,155,4
TAEE4,202007,0.00534146834016824,0.0453479029238224,0.0182769116776571,202007,155,3
TASA4,202007,-0.0468354164781436,0.0302396938204765,0.0182769116776571,202007,155,3
TCSA3,202007,-0.155816441406483,0.0189405120909214,0.0182769116776571,202007,155,1
TECN3,202007,0.01000006791368,0.00432554306462407,0.0182769116776571,202007,155,1
TEND3,202007,-0.0535588684346794,0.0229586381465197,0.0182769116776571,202007,155,2
TESA3,202007,-0.0620689655172413,0.0201830808073282,0.0182769116776571,202007,155,1
TGMA3,202007,0.0100764419735928,0.0767173990607262,0.0182769116776571,202007,155,5
TIET11,202007,0.00272851296043641,0.073343850672245,0.0182769116776571,202007,155,5
TIET3,202007,0,0.0432184636592865,0.0182769116776571,202007,155,3
TIET4,202007,-0.0101351351351351,0.0583323277533054,0.0182769116776571,202007,155,3
TIMP3,202007,0.0306278713629402,0.0643909722566605,0.0182769116776571,202007,155,4
TOTS3,202007,-0.00368991064147117,0.0583048537373543,0.0182769116776571,202007,155,3
TRIS3,202007,-0.0195531694222439,0.0215585120022297,0.0182769116776571,202007,155,2
TRPL4,202007,0.0789352914180819,0.0591375902295113,0.0182769116776571,202007,155,3
TUPY3,202007,0.0863558190274192,0.056083831936121,0.0182769116776571,202007,155,3
UGPA3,202007,-0.149973898202724,0.0665308237075806,0.0182769116776571,202007,155,4
UNIP3,202007,0.00869591506763978,0.0604905933141708,0.0182769116776571,202007,155,3
UNIP6,202007,0.0865659462013775,0.0654527544975281,0.0182769116776571,202007,155,4
USIM3,202007,0.151367506550071,0.0165492109954357,0.0182769116776571,202007,155,1
USIM5,202007,0.0867398959027081,0.0744769722223282,0.0182769116776571,202007,155,5
VALE3,202007,0.024361323282506,0.0648932456970215,0.0182769116776571,202007,155,4
VIVT3,202007,-0.032645847437175,0.0635571405291557,0.0182769116776571,202007,155,4
VIVT4,202007,-0.020267157991709,0.0746401250362396,0.0182769116776571,202007,155,5
VLID3,202007,-0.15313219510794,0.0609588325023651,0.0182769116776571,202007,155,3
VULC3,202007,0.0512001065369587,0.0141045451164246,0.0182769116776571,202007,155,1
VVAR3,202007,-0.0109510086455332,0.0639827251434326,0.0182769116776571,202007,155,4
WEGE3,202007,0.154185808047308,0.0645018965005875,0.0182769116776571,202007,155,4
WIZS3,202007,-0.0272034820457019,0.0780641436576843,0.0182769116776571,202007,155,5
YDUQ3,202007,-0.16380879923478,0.0233019143342972,0.0182769116776571,202007,155,2
AALR3,202008,0.11983469120263,0.0639520734548569,0.0182769116776571,202007,155,5
ABCB4,202008,0.190164011220096,0.0404877960681915,0.0182769116776571,202007,155,4
ABEV3,202008,0.147783240910536,0.0482051372528076,0.0182769116776571,202007,155,5
AGRO3,202008,0.245766363262679,0.00251130270771682,0.0182769116776571,202007,155,1
ALPA3,202008,0.0958119836284645,0.023445799946785,0.0182769116776571,202007,155,3
ALPA4,202008,-0.0091312884516157,0.0228726118803024,0.0182769116776571,202007,155,3
ALSO3,202008,0.140808344198175,0.0239569619297981,0.0182769116776571,202007,155,3
ALUP11,202008,0.0821195177968763,0.0221886467188597,0.0182769116776571,202007,155,2
ALUP3,202008,-0.0228051940762593,0.0288630556315184,0.0182769116776571,202007,155,4
AMAR3,202008,0.087520302367402,0.0178412795066834,0.0182769116776571,202007,155,2
ANIM3,202008,0.286277391603327,0.0168023370206356,0.0182769116776571,202007,155,1
APER3,202008,0.10671256454389,0.0188445225358009,0.0182769116776571,202007,155,2
ARZZ3,202008,0.151741293532338,0.0120158493518829,0.0182769116776571,202007,155,1
AZEV4,202008,-0.208530776945355,0.0476089119911194,0.0182769116776571,202007,155,5
AZUL4,202008,0.686031042128603,0.0156800989061594,0.0182769116776571,202007,155,1
B3SA3,202008,0.0995105018443525,0.0212539900094271,0.0182769116776571,202007,155,2
BBAS3,202008,0.142807239511932,0.0204934738576412,0.0182769116776571,202007,155,2
BBDC3,202008,0.192628151472903,-0.00226031919009984,0.0182769116776571,202007,155,1
BBDC4,202008,0.206455522778756,0.0443089120090008,0.0182769116776571,202007,155,5
BBRK3,202008,0.280821917808219,0.0546972826123238,0.0182769116776571,202007,155,5
BBSE3,202008,0.206080869438412,0.052805420011282,0.0182769116776571,202007,155,5
BEEF11,202008,-0.00662251655629143,0.0328025408089161,0.0182769116776571,202007,155,4
BEEF3,202008,0.0285964166262664,0.0258366744965315,0.0182769116776571,202007,155,3
BIDI11,202008,0.433798937635255,0.0132366623729467,0.0182769116776571,202007,155,1
BIDI3,202008,0.391860465116279,0.0118199456483126,0.0182769116776571,202007,155,1
BIDI4,202008,0.478787878787879,0.0161650311201811,0.0182769116776571,202007,155,1
BKBR3,202008,0.0985626283367555,0.0228019263595343,0.0182769116776571,202007,155,2
BPAC11,202008,0.0931913611085731,0.0236759949475527,0.0182769116776571,202007,155,3
BPAC3,202008,0.149467109153808,0.0240551326423883,0.0182769116776571,202007,155,3
BPAC5,202008,0.0434008779049264,0.0120570454746485,0.0182769116776571,202007,155,1
BPAN4,202008,0.281501340482574,0.0480989553034306,0.0182769116776571,202007,155,5
BRAP3,202008,0.362949043308072,0.0296512544155121,0.0182769116776571,202007,155,4
BRAP4,202008,0.349112190829329,0.0247923750430346,0.0182769116776571,202007,155,3
BRDT3,202008,0.0703858185610011,0.0234644450247288,0.0182769116776571,202007,155,3
BRFS3,202008,0.312872467222884,0.0544484332203865,0.0182769116776571,202007,155,5
BRGE3,202008,0.0181451612903225,0.0529772527515888,0.0182769116776571,202007,155,5
BRIV3,202008,0.00112485939257589,0.0495326779782772,0.0182769116776571,202007,155,5
BRKM5,202008,-0.0105078492776136,0.0268906503915787,0.0182769116776571,202007,155,3
BRML3,202008,0.199754901960784,0.0279840119183064,0.0182769116776571,202007,155,4
BRPR3,202008,0.212226283760004,-0.00885732099413872,0.0182769116776571,202007,155,1
BRSR3,202008,0.0319149965975789,0.046632319688797,0.0182769116776571,202007,155,5
BRSR6,202008,0.0999999017510904,0.00418978603556752,0.0182769116776571,202007,155,1
BTOW3,202008,-0.0643274853801168,0.0292564630508423,0.0182769116776571,202007,155,4
CAML3,202008,-0.0785773161944862,0.0272766686975956,0.0182769116776571,202007,155,3
CARD3,202008,0.12183908045977,0.0396344438195229,0.0182769116776571,202007,155,4
CCPR3,202008,0.0542398777692896,0.0688829496502876,0.0182769116776571,202007,155,5
CCRO3,202008,0.168458781362007,0.0508672781288624,0.0182769116776571,202007,155,5
CESP3,202008,-0.0859903381642513,0.0248467363417149,0.0182769116776571,202007,155,3
CESP6,202008,0.0461019490254873,0.0205934774130583,0.0182769116776571,202007,155,2
CGRA4,202008,0.0749485288807528,0.0268451683223248,0.0182769116776571,202007,155,3
CIEL3,202008,0.0534124629080117,0.0388307832181454,0.0182769116776571,202007,155,4
CLSC4,202008,0.00990519355592956,0.0376455336809158,0.0182769116776571,202007,155,4
CMIG3,202008,0.218588595359333,0.0235692281275988,0.0182769116776571,202007,155,3
CMIG4,202008,0.232195299210327,0.0217542387545109,0.0182769116776571,202007,155,2
CNTO3,202008,0.157298474945534,0.0348359607160091,0.0182769116776571,202007,155,4
COCE5,202008,-0.0636515706221696,0.0192477442324162,0.0182769116776571,202007,155,2
COGN3,202008,0.0932400446263815,0.0287057608366013,0.0182769116776571,202007,155,4
CPFE3,202008,0.124865497430765,0.0187624730169773,0.0182769116776571,202007,155,2
CPLE3,202008,0.186851239891459,0.0527423545718193,0.0182769116776571,202007,155,5
CPLE6,202008,0.105408031088083,0.0241752229630947,0.0182769116776571,202007,155,3
CRDE3,202008,0.00418604651162791,0.0219091605395079,0.0182769116776571,202007,155,2
CRFB3,202008,0.0899728997289973,0.0268561560660601,0.0182769116776571,202007,155,3
CRIV3,202008,0.0203703703703704,0.0424596033990383,0.0182769116776571,202007,155,5
CSAN3,202008,0.193106847244479,0.0226907636970282,0.0182769116776571,202007,155,2
CSMG3,202008,0.187499474865575,0.0181733351200819,0.0182769116776571,202007,155,2
CSNA3,202008,0.144595609783871,0.0432372875511646,0.0182769116776571,202007,155,5
CTNM4,202008,0.0540540006464365,0.044194869697094,0.0182769116776571,202007,155,5
CVCB3,202008,0.484527785919711,0.0591994300484657,0.0182769116776571,202007,155,5
CYRE3,202008,0.18736264642229,0.0158281698822975,0.0182769116776571,202007,155,1
DIRR3,202008,0.110914219178295,-0.00427790358662605,0.0182769116776571,202007,155,1
DMMO3,202008,0.145299145299145,0.0518363676965237,0.0182769116776571,202007,155,5
DTEX3,202008,-0.0203442879499218,0.0156564004719257,0.0182769116776571,202007,155,1
ECOR3,202008,0.204204261896393,0.0516574345529079,0.0182769116776571,202007,155,5
EGIE3,202008,0.0614187806912947,0.016066761687398,0.0182769116776571,202007,155,1
ELET3,202008,0,0.0174870956689119,0.0182769116776571,202007,155,1
ELET6,202008,0.0325911584382059,0.016840897500515,0.0182769116776571,202007,155,1
EMBR3,202008,0.343283582089552,0.0648734420537949,0.0182769116776571,202007,155,5
ENAT3,202008,0.092925026399155,0.0496355965733528,0.0182769116776571,202007,155,5
ENBR3,202008,0.0911764705882354,0.0191107336431742,0.0182769116776571,202007,155,2
ENEV3,202008,0.107224398630364,0.0232071094214916,0.0182769116776571,202007,155,3
ENGI11,202008,0.107271422762496,0.0305352713912725,0.0182769116776571,202007,155,4
EQPA3,202008,0.058020662402767,0.0210877414792776,0.0182769116776571,202007,155,2
EQTL3,202008,0.0933264513392322,0.0216525588184595,0.0182769116776571,202007,155,2
EUCA4,202008,-0.013513465503839,0.038849875330925,0.0182769116776571,202007,155,4
EVEN3,202008,0.208535050193439,0.0141455177217722,0.0182769116776571,202007,155,1
EZTC3,202008,0.166666783298752,0.0380959399044514,0.0182769116776571,202007,155,4
FESA4,202008,0.0445541250582229,0.0215291436761618,0.0182769116776571,202007,155,2
FLRY3,202008,-0.0288848529859093,0.0234790351241827,0.0182769116776571,202007,155,3
FRAS3,202008,0.289255787757373,0.0274292808026075,0.0182769116776571,202007,155,3
GEPA3,202008,0.0181818577547681,0.0442651361227036,0.0182769116776571,202007,155,5
GEPA4,202008,-0.0265485867311999,0.0464332439005375,0.0182769116776571,202007,155,5
GFSA3,202008,0.115485495132307,0.0255213603377342,0.0182769116776571,202007,155,3
GGBR3,202008,0.0342257698628505,0.0235468596220017,0.0182769116776571,202007,155,3
GGBR4,202008,0.0417757686560964,0.0265920013189316,0.0182769116776571,202007,155,3
GNDI3,202008,0.0418250950570342,0.0267439223825932,0.0182769116776571,202007,155,3
GOAU3,202008,0.0709018474822964,0.0420802868902683,0.0182769116776571,202007,155,5
GOAU4,202008,0.0542309491474358,0.0262163337320089,0.0182769116776571,202007,155,3
GOLL4,202008,0.499043977055449,0.0375397764146328,0.0182769116776571,202007,155,4
GRND3,202008,0.0354150893646998,0.0112184546887875,0.0182769116776571,202007,155,1
GUAR3,202008,0.205580029368576,0.0415135286748409,0.0182769116776571,202007,155,4
HAPV3,202008,0.120087021375096,0.0217646826058626,0.0182769116776571,202007,155,2
HBOR3,202008,0.224581086036821,0.0156605318188667,0.0182769116776571,202007,155,1
HGTX3,202008,0.0930232558139534,0.0125261321663857,0.0182769116776571,202007,155,1
HYPE3,202008,0.1508959868811,0.0193901527673006,0.0182769116776571,202007,155,2
IGTA3,202008,0.205735245081694,0.0312376860529184,0.0182769116776571,202007,155,4
IRBR3,202008,0.0798043457676669,0.0845535844564438,0.0182769116776571,202007,155,5
ITSA3,202008,0.0687987682644395,0.0196492932736874,0.0182769116776571,202007,155,2
ITSA4,202008,0.163916301998157,0.0172163546085358,0.0182769116776571,202007,155,1
ITUB3,202008,0.172774969339229,0.0322705507278442,0.0182769116776571,202007,155,4
ITUB4,202008,0.217131752817723,0.0243100337684155,0.0182769116776571,202007,155,3
JBSS3,202008,0.190231362467866,0.0251185316592455,0.0182769116776571,202007,155,3
JHSF3,202008,0.141524029010031,0.0241243187338114,0.0182769116776571,202007,155,3
JOPA3,202008,0.0159421953484051,0.0418227799236774,0.0182769116776571,202007,155,4
JPSA3,202008,0.150071462601239,0.0157708711922169,0.0182769116776571,202007,155,1
KEPL3,202008,-0.00231521594396644,0.0362101420760155,0.0182769116776571,202007,155,4
KLBN11,202008,0.0512819119656507,0.0218898095190525,0.0182769116776571,202007,155,2
KLBN4,202008,0.052742440093934,0.0322115570306778,0.0182769116776571,202007,155,4
KROT11,202008,0.0932400932400934,0.0458973832428455,0.0182769116776571,202007,155,5
LAME3,202008,-0.0857709469509173,0.0282654203474522,0.0182769116776571,202007,155,4
LAME4,202008,-0.0129143349117521,0.0232283864170313,0.0182769116776571,202007,155,3
LCAM3,202008,0.0835322195704056,0.0395984649658203,0.0182769116776571,202007,155,4
LEVE3,202008,0.0751118484145794,0.0432007238268852,0.0182769116776571,202007,155,5
LIGT3,202008,0.202695788622783,0.0134155265986919,0.0182769116776571,202007,155,1
LINX3,202008,0.0169963778211202,0.0565573312342167,0.0182769116776571,202007,155,5
LLIS3,202008,0.185185185185185,0.0886995196342468,0.0182769116776571,202007,155,5
LOGG3,202008,0.0963317282727418,0.0226742438971996,0.0182769116776571,202007,155,2
LOGN3,202008,0.217527444814679,0.0190385412424803,0.0182769116776571,202007,155,2
LPSB3,202008,0.0232557657471082,0.0597697384655476,0.0182769116776571,202007,155,5
LREN3,202008,0.193057198035576,0.0270256157964468,0.0182769116776571,202007,155,3
MDIA3,202008,0.000308302859994614,0.0208036154508591,0.0182769116776571,202007,155,2
MEAL3,202008,0.458333209156995,0.0822830572724342,0.0182769116776571,202007,155,5
MGLU3,202008,-0.0507510724950124,0.026544202119112,0.0182769116776571,202007,155,3
MILS3,202008,0.265747925934172,0.0129821011796594,0.0182769116776571,202007,155,1
MOVI3,202008,0.0815878840153546,0.0163037218153477,0.0182769116776571,202007,155,1
MRFG3,202008,0.066085693536674,0.0285448003560305,0.0182769116776571,202007,155,4
MRVE3,202008,0.123442230962395,0.0173689872026443,0.0182769116776571,202007,155,1
MULT3,202008,0.195044969938061,0.0285598635673523,0.0182769116776571,202007,155,4
MYPK3,202008,0.164909788442818,0.0445226468145847,0.0182769116776571,202007,155,5
NEOE3,202008,0.0471535365152387,0.0416963510215282,0.0182769116776571,202007,155,4
ODPV3,202008,0.0380650277557495,0.0202677361667156,0.0182769116776571,202007,155,2
OFSA3,202008,0.25347995000231,0.0163672715425491,0.0182769116776571,202007,155,1
OIBR3,202008,0.367741935483871,0.0116266496479511,0.0182769116776571,202007,155,1
OIBR4,202008,0.51,0.0124487085267901,0.0182769116776571,202007,155,1
OMGE3,202008,0.0903703703703702,0.0120500847697258,0.0182769116776571,202007,155,1
PARD3,202008,0.036847014925373,0.0342378430068493,0.0182769116776571,202007,155,4
PCAR3,202008,0.117836906100385,0.0374481081962585,0.0182769116776571,202007,155,4
PDTC3,202008,0.209876482392124,0.0231815651059151,0.0182769116776571,202007,155,3
PETR3,202008,0.344736621077065,0.029199481010437,0.0182769116776571,202007,155,4
PETR4,202008,0.31467807311514,0.0241013448685408,0.0182769116776571,202007,155,3
PFRM3,202008,0.0850200372898966,0.0257596112787724,0.0182769116776571,202007,155,3
PNVL3,202008,0.0773420084620127,0.0322321988642216,0.0182769116776571,202007,155,4
POMO3,202008,0.0878656232242441,-0.00971690285950899,0.0182769116776571,202007,155,1
POMO4,202008,0.134693980285616,0.0386485680937767,0.0182769116776571,202007,155,4
POSI3,202008,0.264197374882614,0.025778679177165,0.0182769116776571,202007,155,3
PRIO3,202008,0.601851977516058,0.0222548600286245,0.0182769116776571,202007,155,2
PSSA3,202008,0.0115155101947224,0.0156544037163258,0.0182769116776571,202007,155,1
PTBL3,202008,0.0937996564542454,0.0399327762424946,0.0182769116776571,202007,155,4
QUAL3,202008,0.042098582223097,0.0222857873886824,0.0182769116776571,202007,155,2
RADL3,202008,0.0743974251071369,0.0211776942014694,0.0182769116776571,202007,155,2
RAIL3,202008,0.0338059309772925,0.0230429731309414,0.0182769116776571,202007,155,3
RANI3,202008,0.148997264687123,0.0367429926991463,0.0182769116776571,202007,155,4
RAPT3,202008,0.143749929301682,0.0425704754889011,0.0182769116776571,202007,155,5
RAPT4,202008,0.158392665839238,0.0197167228907347,0.0182769116776571,202007,155,2
RDNI3,202008,0.112244897959184,0.0601481236517429,0.0182769116776571,202007,155,5
RENT3,202008,0.107778270206644,0.0181911829859018,0.0182769116776571,202007,155,2
RLOG3,202008,0.0298962782184258,0.0161739774048328,0.0182769116776571,202007,155,1
ROMI3,202008,-0.000814879195611407,0.0189262703061104,0.0182769116776571,202007,155,2
RPAD3,202008,-0.121985895679645,0.0407311320304871,0.0182769116776571,202007,155,4
SANB11,202008,0.239695265263116,0.012396365404129,0.0182769116776571,202007,155,1
SAPR11,202008,0.0617075132833864,0.0222804602235556,0.0182769116776571,202007,155,2
SAPR3,202008,0.0690376920988627,0.0300433319061995,0.0182769116776571,202007,155,4
SAPR4,202008,0.0483192282761484,0.0414313897490501,0.0182769116776571,202007,155,4
SBSP3,202008,0.0480000026447776,0.0226594489067793,0.0182769116776571,202007,155,2
SCAR3,202008,0.342191747524757,0.015758452937007,0.0182769116776571,202007,155,1
SEER3,202008,0.0952222682916932,0.0243337191641331,0.0182769116776571,202007,155,3
SGPS3,202008,0.192629815745394,0.0401231907308102,0.0182769116776571,202007,155,4
SHOW3,202008,0.285714297509886,0.0146216554567218,0.0182769116776571,202007,155,1
SHUL4,202008,0.0486150268481358,0.0026499330997467,0.0182769116776571,202007,155,1
SLCE3,202008,0.0604394254947995,0.0257958769798279,0.0182769116776571,202007,155,3
SMLS3,202008,0.378378378378379,0.0444385968148708,0.0182769116776571,202007,155,5
SMTO3,202008,0.262044133591398,0.024908147752285,0.0182769116776571,202007,155,3
SQIA3,202008,0.0626506024096385,0.0481355488300324,0.0182769116776571,202007,155,5
STBP3,202008,0.244274809160305,0.0182474870234728,0.0182769116776571,202007,155,2
SULA11,202008,0.0707676919229807,0.0184094253927469,0.0182769116776571,202007,155,2
SULA4,202008,0.0841750841750841,0.0162140186876059,0.0182769116776571,202007,155,1
SUZB3,202008,0.128871233249296,0.0289034154266119,0.0182769116776571,202007,155,4
TAEE11,202008,0.224070663053521,0.0226898808032274,0.0182769116776571,202007,155,2
TAEE4,202008,0.221569706627842,0.0288630556315184,0.0182769116776571,202007,155,4
TASA4,202008,0.903054251569317,0.0164351277053356,0.0182769116776571,202007,155,1
TCSA3,202008,0.192161882058818,0.0214889403432608,0.0182769116776571,202007,155,2
TECN3,202008,0.227722695570665,0.0219110194593668,0.0182769116776571,202007,155,2
TEND3,202008,0.0707550992206179,0.0151802729815245,0.0182769116776571,202007,155,1
TESA3,202008,0.593137254901961,0.0219714883714914,0.0182769116776571,202007,155,2
TGMA3,202008,0.297515718915782,0.0534782819449902,0.0182769116776571,202007,155,5
TIET11,202008,0.102721088435374,0.0427653938531876,0.0182769116776571,202007,155,5
TIET3,202008,0.0952380952380953,0.0269748922437429,0.0182769116776571,202007,155,3
TIET4,202008,0.0887372013651877,0.0271815359592438,0.0182769116776571,202007,155,3
TOTS3,202008,-0.00925928700332368,0.0254278797656298,0.0182769116776571,202007,155,3
TRIS3,202008,0.12725549864522,-0.00156845443416387,0.0182769116776571,202007,155,1
TRPL4,202008,0.156954487452148,0.0382195748388767,0.0182769116776571,202007,155,4
TUPY3,202008,0.136724930532515,0.00897144712507725,0.0182769116776571,202007,155,1
UGPA3,202008,0.241147499222713,0.046057254076004,0.0182769116776571,202007,155,5
UNIP3,202008,0.142123604246822,0.0444198772311211,0.0182769116776571,202007,155,5
UNIP6,202008,0.328565426736184,0.0366342440247536,0.0182769116776571,202007,155,4
USIM3,202008,0.235792817518802,0.0195392947643995,0.0182769116776571,202007,155,2
USIM5,202008,0.252293495503993,0.0247939843684435,0.0182769116776571,202007,155,3
VALE3,202008,0.288191253338205,0.0234305337071419,0.0182769116776571,202007,155,3
VIVT3,202008,0.0544119567442187,0.0232878886163235,0.0182769116776571,202007,155,3
VIVT4,202008,0.065820404325341,0.0422231629490852,0.0182769116776571,202007,155,5
VLID3,202008,0.323287759740678,0.0226444453001022,0.0182769116776571,202007,155,2
VULC3,202008,0.0852359327844949,0.0184274259954691,0.0182769116776571,202007,155,2
VVAR3,202008,0.0343822843822843,0.0287628173828125,0.0182769116776571,202007,155,4
WEGE3,202008,-0.0298031230789712,0.0287224370986223,0.0182769116776571,202007,155,4
WIZS3,202008,-0.0134228187919462,0.0658205673098564,0.0182769116776571,202007,155,5
YDUQ3,202008,0.440663114307324,0.021197622641921,0.0182769116776571,202007,155,2
AALR3,202009,0.0239852606293336,0.0267079621553421,0.0182769116776571,202007,155,3
ABCB4,202009,0.079200989278408,0.0604873672127724,0.0182769116776571,202007,155,5
ABEV3,202009,0.149055516284147,0.0229866225272417,0.0182769116776571,202007,155,3
AGRO3,202009,-0.081557444398214,0.0214718487113714,0.0182769116776571,202007,155,2
ALPA3,202009,-0.0026180194232015,0.0208606906235218,0.0182769116776571,202007,155,2
ALPA4,202009,0.046077186337566,0.00985356792807579,0.0182769116776571,202007,155,1
ALSO3,202009,0.111238095238095,-0.00536945462226868,0.0182769116776571,202007,155,1
ALUP11,202009,0.095063161290718,0.0541746579110622,0.0182769116776571,202007,155,5
ALUP3,202009,0.045507731786804,0.0508693419396877,0.0182769116776571,202007,155,5
AMAR3,202009,0.0149031018723742,-0.013085912913084,0.0182769116776571,202007,155,1
ANIM3,202009,0.00278557875548491,0.0144834611564875,0.0182769116776571,202007,155,2
APER3,202009,0.0273716951788492,0.0290721859782934,0.0182769116776571,202007,155,3
ARZZ3,202009,-0.0182865370770338,-0.00161130644846708,0.0182769116776571,202007,155,1
AZEV4,202009,0.00598801312589825,0.0355526506900787,0.0182769116776571,202007,155,4
AZUL4,202009,0.0336664913203575,0.0368477217853069,0.0182769116776571,202007,155,4
B3SA3,202009,0.104222047432703,0.00776807451620698,0.0182769116776571,202007,155,1
BBAS3,202009,0.149388537118804,0.0265393014997244,0.0182769116776571,202007,155,3
BBDC3,202009,0.135738391432321,0.0232894495129585,0.0182769116776571,202007,155,3
BBDC4,202009,0.134531654003086,0.0626615732908249,0.0182769116776571,202007,155,5
BBRK3,202009,0.176470588235294,0.016213508322835,0.0182769116776571,202007,155,2
BBSE3,202009,0.0374650323986083,0.0174950994551182,0.0182769116776571,202007,155,2
BEEF11,202009,0.0222222222222221,0.0270178057253361,0.0182769116776571,202007,155,3
BEEF3,202009,0.0149550639820533,0.0240758769214153,0.0182769116776571,202007,155,3
BIDI11,202009,0.350850713501647,0.00738410232588649,0.0182769116776571,202007,155,1
BIDI3,202009,0.378446115288221,-0.00985266175121069,0.0182769116776571,202007,155,1
BIDI4,202009,0.348360655737705,0.0067100590094924,0.0182769116776571,202007,155,1
BKBR3,202009,0.0186915887850467,0.00347641436383128,0.0182769116776571,202007,155,1
BPAC11,202009,0.191297317863999,-0.00214466801844537,0.0182769116776571,202007,155,1
BPAC3,202009,0.0323386105944055,0.0746480226516724,0.0182769116776571,202007,155,5
BPAC5,202009,0.311111015168297,0.0257253292948008,0.0182769116776571,202007,155,3
BPAN4,202009,-0.00313807531380761,0.0621654093265533,0.0182769116776571,202007,155,5
BRAP3,202009,0.0988671307856532,0.0233791694045067,0.0182769116776571,202007,155,3
BRAP4,202009,0.096557604064611,0.0201205611228943,0.0182769116776571,202007,155,2
BRDT3,202009,0.0779347296639064,0.007419987116009,0.0182769116776571,202007,155,1
BRFS3,202009,0.000453926463912735,0.0488951578736305,0.0182769116776571,202007,155,5
BRGE3,202009,0.0168316831683168,0.0441854521632195,0.0182769116776571,202007,155,4
BRIV3,202009,0,0.0480494424700737,0.0182769116776571,202007,155,4
BRKM5,202009,0.0429202151348154,0.00682892324402928,0.0182769116776571,202007,155,1
BRML3,202009,0.0112359550561798,0.0273519977927208,0.0182769116776571,202007,155,3
BRPR3,202009,-0.0580401045270823,0.0260999761521816,0.0182769116776571,202007,155,3
BRSR3,202009,0.0931167615964281,0.045372761785984,0.0182769116776571,202007,155,4
BRSR6,202009,0.115566332370256,0.0635972544550896,0.0182769116776571,202007,155,5
BTOW3,202009,0.0740056818181818,0.0467870011925697,0.0182769116776571,202007,155,4
CAML3,202009,0.0343758439500119,0.0337371975183487,0.0182769116776571,202007,155,4
CARD3,202009,0.0307377049180326,0.0281689912080765,0.0182769116776571,202007,155,3
CCPR3,202009,-0.00724637681159435,0.0582639053463936,0.0182769116776571,202007,155,5
CCRO3,202009,0.0329754601226995,0.0366219319403172,0.0182769116776571,202007,155,4
CESP3,202009,-0.0204369274136715,0.0261291544884443,0.0182769116776571,202007,155,3
CESP6,202009,0.0379792189179504,0.0204037670046091,0.0182769116776571,202007,155,2
CGRA4,202009,0.154235611310839,0.0465670414268971,0.0182769116776571,202007,155,4
CIEL3,202009,0.126760563380282,0.0507207810878754,0.0182769116776571,202007,155,5
CLSC4,202009,0.0849998587225178,0.0262077059596777,0.0182769116776571,202007,155,3
CMIG3,202009,0.158191918668578,0.0215182919055223,0.0182769116776571,202007,155,3
CMIG4,202009,0.152810666908882,0.0368470512330532,0.0182769116776571,202007,155,4
CNTO3,202009,0.118975903614458,-0.00441712560132146,0.0182769116776571,202007,155,1
COCE5,202009,0.0733451472648083,0.016844742000103,0.0182769116776571,202007,155,2
COGN3,202009,-0.0127932695430004,0.0361944139003754,0.0182769116776571,202007,155,4
CPFE3,202009,0.0382773739186377,-0.000286799331661314,0.0182769116776571,202007,155,1
CPLE3,202009,0.117352287304879,0.0273624788969755,0.0182769116776571,202007,155,3
CPLE6,202009,0.0977003076021679,0.0533612295985222,0.0182769116776571,202007,155,5
CRDE3,202009,0.283001389532191,0.0212276745587587,0.0182769116776571,202007,155,2
CRFB3,202009,-0.035803083043262,0.0304625537246466,0.0182769116776571,202007,155,3
CRIV3,202009,-0.00907441016333932,0.0437910966575146,0.0182769116776571,202007,155,4
CSAN3,202009,-0.0233429080303784,0.00881124287843704,0.0182769116776571,202007,155,1
CSMG3,202009,0.103633801727919,0.0552038699388504,0.0182769116776571,202007,155,5
CSNA3,202009,0.35474276658764,0.0297058373689652,0.0182769116776571,202007,155,3
CTNM4,202009,0.0273504832235236,0.0552365519106388,0.0182769116776571,202007,155,5
CVCB3,202009,0.128908345190762,0.0472760982811451,0.0182769116776571,202007,155,4
CYRE3,202009,0.145816631519814,0.0141597501933575,0.0182769116776571,202007,155,2
DIRR3,202009,0.0455269218844254,0.0483278930187225,0.0182769116776571,202007,155,5
DMMO3,202009,0.0373134328358207,0.0648441463708878,0.0182769116776571,202007,155,5
DTEX3,202009,0.0191693290734825,0.0472615882754326,0.0182769116776571,202007,155,4
ECOR3,202009,0.111388195648777,0.035896185785532,0.0182769116776571,202007,155,4
EGIE3,202009,0.0587013375831584,0.0153152327984571,0.0182769116776571,202007,155,2
ELET3,202009,0.180618158403091,-0.00695731677114964,0.0182769116776571,202007,155,1
ELET6,202009,0.15625,-0.00666868034750223,0.0182769116776571,202007,155,1
EMBR3,202009,0.0925925925925926,0.0710177421569824,0.0182769116776571,202007,155,5
ENAT3,202009,0.144927536231884,0.0596813671290875,0.0182769116776571,202007,155,5
ENBR3,202009,0.059299191374663,0.0105304550379515,0.0182769116776571,202007,155,2
ENEV3,202009,0.0662774155976966,0.00713970419019461,0.0182769116776571,202007,155,1
ENGI11,202009,0.116818296123339,0.0158550515770912,0.0182769116776571,202007,155,2
EQPA3,202009,0.13253607289974,0.0226628426462412,0.0182769116776571,202007,155,3
EQTL3,202009,0.0628729206766414,0.0201257038861513,0.0182769116776571,202007,155,2
EUCA4,202009,-0.0246575895006719,0.0169640481472015,0.0182769116776571,202007,155,2
EVEN3,202009,-0.0353129527794716,-0.00454041734337807,0.0182769116776571,202007,155,1
EZTC3,202009,0.0476187512783708,0.0426850654184818,0.0182769116776571,202007,155,4
FESA4,202009,0.0466786756353677,0.0204530414193869,0.0182769116776571,202007,155,2
FLRY3,202009,0.0173192301200444,0.0236641485244036,0.0182769116776571,202007,155,3
FRAS3,202009,0.32117604352016,0.0503854490816593,0.0182769116776571,202007,155,5
GEPA3,202009,0.0108091590185599,0.0377200581133366,0.0182769116776571,202007,155,4
GEPA4,202009,0.0079702592856381,0.0563608109951019,0.0182769116776571,202007,155,5
GFSA3,202009,0.0235293947470945,0.0450674630701542,0.0182769116776571,202007,155,4
GGBR3,202009,0.0994356255029809,0.0283427387475967,0.0182769116776571,202007,155,3
GGBR4,202009,0.0894518899755494,0.00961243733763695,0.0182769116776571,202007,155,1
GNDI3,202009,0.143649635036496,-0.00330439675599337,0.0182769116776571,202007,155,1
GOAU3,202009,0.119900169541412,0.0395609773695469,0.0182769116776571,202007,155,4
GOAU4,202009,0.10639681449209,0.0406178720295429,0.0182769116776571,202007,155,4
GOLL4,202009,0.060374149659864,0.0470276959240437,0.0182769116776571,202007,155,4
GRND3,202009,0.0120769863969323,-0.011662526987493,0.0182769116776571,202007,155,1
GUAR3,202009,-0.0919610231425092,0.02961565554142,0.0182769116776571,202007,155,3
HAPV3,202009,0.0582524175532724,0.0151670891791582,0.0182769116776571,202007,155,2
HBOR3,202009,0.115875952596565,0.00594754004850984,0.0182769116776571,202007,155,1
HGTX3,202009,-0.0126509488211615,0.01371243968606,0.0182769116776571,202007,155,2
HYPE3,202009,0.0755794172418753,0.0279139261692762,0.0182769116776571,202007,155,3
IGTA3,202009,0.0273783185840708,0.0330852121114731,0.0182769116776571,202007,155,4
IRBR3,202009,0.233785947389448,0.0820678249001503,0.0182769116776571,202007,155,5
ITSA3,202009,0.130414742726705,0.049547016620636,0.0182769116776571,202007,155,5
ITSA4,202009,0.12070138582622,0.0126484520733356,0.0182769116776571,202007,155,2
ITUB3,202009,0.0873625738353505,0.0579602494835854,0.0182769116776571,202007,155,5
ITUB4,202009,0.110325980517379,0.0270680356770754,0.0182769116776571,202007,155,3
JBSS3,202009,0.0220302375809935,-0.00936939567327499,0.0182769116776571,202007,155,1
JHSF3,202009,0.0640324715873128,0.0258027426898479,0.0182769116776571,202007,155,3
JOPA3,202009,-0.00142655988219775,0.0477867424488068,0.0182769116776571,202007,155,4
JPSA3,202009,0.0890637945318973,-0.00909907463937998,0.0182769116776571,202007,155,1
KEPL3,202009,-0.0201135419252778,0.0275295916944742,0.0182769116776571,202007,155,3
KLBN11,202009,0.0615752333257456,0.0187862627208233,0.0182769116776571,202007,155,2
KLBN3,202009,0.0631162462110564,0.0211067330092192,0.0182769116776571,202007,155,2
KLBN4,202009,0.0440879559196847,0.0192035436630249,0.0182769116776571,202007,155,2
KROT11,202009,-0.0127931769722816,0.0713176131248474,0.0182769116776571,202007,155,5
LAME3,202009,0.109002169197397,0.0383979827165604,0.0182769116776571,202007,155,4
LAME4,202009,0.146532926297427,-0.000256903178524226,0.0182769116776571,202007,155,1
LCAM3,202009,0.0759911894273129,-0.0110221765935421,0.0182769116776571,202007,155,1
LEVE3,202009,0.0933266805040329,0.0226255711168051,0.0182769116776571,202007,155,3
LIGT3,202009,0.0474137340259422,0.0298458207398653,0.0182769116776571,202007,155,3
LINX3,202009,0.0263013698630137,0.032222643494606,0.0182769116776571,202007,155,3
LLIS3,202009,0.03125,0.0718957707285881,0.0182769116776571,202007,155,5
LOGG3,202009,-0.00465530008277659,0.0300778206437826,0.0182769116776571,202007,155,3
LOGN3,202009,0.0398457499253946,0.0191107466816902,0.0182769116776571,202007,155,2
LPSB3,202009,0.0289255110126958,0.028777128085494,0.0182769116776571,202007,155,3
LREN3,202009,-0.0238673843537157,0.00942910462617874,0.0182769116776571,202007,155,1
MDIA3,202009,0.0634972164912888,0.0198654141277075,0.0182769116776571,202007,155,2
MEAL3,202009,0.00238100698475652,0.0673607215285301,0.0182769116776571,202007,155,5
MGLU3,202009,0.0682628138250334,0.00757230119779706,0.0182769116776571,202007,155,1
MILS3,202009,-0.04354573289021,0.0530257411301136,0.0182769116776571,202007,155,5
MOVI3,202009,0.05249746569268,0.0462293326854706,0.0182769116776571,202007,155,4
MRFG3,202009,-0.0115803814713896,0.046780202537775,0.0182769116776571,202007,155,4
MRVE3,202009,0.00105653262424998,0.00473374873399735,0.0182769116776571,202007,155,1
MULT3,202009,0.057773020129738,-0.0135991480201483,0.0182769116776571,202007,155,1
MYPK3,202009,0.00193925827965447,0.0698157176375389,0.0182769116776571,202007,155,5
NEOE3,202009,-0.0323997803404723,0.0199478901922703,0.0182769116776571,202007,155,2
ODPV3,202009,0.111535523300229,0.0426215976476669,0.0182769116776571,202007,155,4
OFSA3,202009,0.118471322126587,0.0289750564843416,0.0182769116776571,202007,155,3
OIBR3,202009,0.0377358490566038,0.0197453014552593,0.0182769116776571,202007,155,2
OIBR4,202009,-0.0662251655629139,0.0660820230841637,0.0182769116776571,202007,155,5
OMGE3,202009,0.0967391304347827,0.011410491541028,0.0182769116776571,202007,155,2
PARD3,202009,0.0161943319838056,0.0431616082787514,0.0182769116776571,202007,155,4
PCAR3,202009,0.0837544993295203,0.0477124191820622,0.0182769116776571,202007,155,4
PDTC3,202009,0.330612221793316,0.0101999584585428,0.0182769116776571,202007,155,2
PETR3,202009,0.129158629871848,0.0388218909502029,0.0182769116776571,202007,155,4
PETR4,202009,0.13815280673365,0.00882065109908581,0.0182769116776571,202007,155,1
PFRM3,202009,0.138060074845887,0.0404122099280357,0.0182769116776571,202007,155,4
PNVL3,202009,-0.0113380434970237,0.00935388915240765,0.0182769116776571,202007,155,1
POMO3,202009,0.0542330828943916,0.0195627696812153,0.0182769116776571,202007,155,2
POMO4,202009,0.0398825904616664,0.0514683090150356,0.0182769116776571,202007,155,5
POSI3,202009,-0.00390629469585724,-0.021417610347271,0.0182769116776571,202007,155,1
PRIO3,202009,0.3990431756174,0.0136856120079756,0.0182769116776571,202007,155,2
PSSA3,202009,0.0337553384844453,0.0236296895891428,0.0182769116776571,202007,155,3
PTBL3,202009,-0.00290690093718904,0.0110992286354303,0.0182769116776571,202007,155,2
QUAL3,202009,0.0545674325371308,0.0106201227754354,0.0182769116776571,202007,155,2
RADL3,202009,-0.0302491116782584,0.00783835351467133,0.0182769116776571,202007,155,1
RAIL3,202009,0.0147680776389423,0.0173679292201996,0.0182769116776571,202007,155,2
RANI3,202009,0.0547945666933816,0.0288818925619125,0.0182769116776571,202007,155,3
RAPT3,202009,0.0791399758072702,0.0569401308894157,0.0182769116776571,202007,155,5
RAPT4,202009,0.104098564181488,0.0478719882667065,0.0182769116776571,202007,155,4
RDNI3,202009,0.0678899082568807,0.05737229809165,0.0182769116776571,202007,155,5
RENT3,202009,0.0270815641234119,0.0100166033953428,0.0182769116776571,202007,155,1
RLOG3,202009,0.0965639810426542,0.0181019492447376,0.0182769116776571,202007,155,2
ROMI3,202009,0.348506288509847,0.0308844707906246,0.0182769116776571,202007,155,3
RPAD3,202009,-0.0226170659109248,0.0501885116100311,0.0182769116776571,202007,155,5
SANB11,202009,0.15431750183021,0.00359357194975019,0.0182769116776571,202007,155,1
SAPR11,202009,0.0417994131824306,0.0563573874533176,0.0182769116776571,202007,155,5
SAPR3,202009,0.174168234373573,0.0562236830592156,0.0182769116776571,202007,155,5
SAPR4,202009,0.0220442423978857,0.054686326533556,0.0182769116776571,202007,155,5
SBSP3,202009,-0.00224515876993614,0.0381047166883945,0.0182769116776571,202007,155,4
SCAR3,202009,-0.0951214806102103,0.0170578695833683,0.0182769116776571,202007,155,2
SEER3,202009,0.0847222304629789,-0.00172571768052876,0.0182769116776571,202007,155,1
SGPS3,202009,0.0941011235955056,0.0214121975004673,0.0182769116776571,202007,155,2
SHOW3,202009,0.336700328051112,0.0508698746562004,0.0182769116776571,202007,155,5
SHUL4,202009,0.0942839080631457,0.0242097843438387,0.0182769116776571,202007,155,3
SLCE3,202009,0.0200667679713871,0.0192937515676022,0.0182769116776571,202007,155,2
SMLS3,202009,0.178984414278532,0.0761793106794357,0.0182769116776571,202007,155,5
SMTO3,202009,0.0454718433522274,0.021891213953495,0.0182769116776571,202007,155,3
SQIA3,202009,0.0657596371882085,0.0428292118012905,0.0182769116776571,202007,155,4
STBP3,202009,0.0736196319018405,0.0341034084558487,0.0182769116776571,202007,155,4
SULA11,202009,0.0357309668379262,0.0284248050302267,0.0182769116776571,202007,155,3
SULA4,202009,0.0357142857142856,0.0342122502624989,0.0182769116776571,202007,155,4
SUZB3,202009,0.0361061472293809,0.027586692944169,0.0182769116776571,202007,155,3
TAEE11,202009,0.0153431165324049,0.0434297844767571,0.0182769116776571,202007,155,4
TAEE4,202009,0.0183271675996788,0.0434660352766514,0.0182769116776571,202007,155,4
TASA4,202009,0.081646988500014,0.0711735785007477,0.0182769116776571,202007,155,5
TCSA3,202009,0.0593848831197832,-0.0125448247417808,0.0182769116776571,202007,155,1
TECN3,202009,0.0483871870318209,0.00603674119338393,0.0182769116776571,202007,155,1
TEND3,202009,0.0555943989470606,0.0272792223840952,0.0182769116776571,202007,155,3
TESA3,202009,0.000384615384615428,0.0184232257306576,0.0182769116776571,202007,155,2
TGMA3,202009,0.00111352478929372,0.0295151621103287,0.0182769116776571,202007,155,3
TIET11,202009,0.0197409006785936,0.0531256571412087,0.0182769116776571,202007,155,5
TIET3,202009,0.0403726708074534,0.0522825233638287,0.0182769116776571,202007,155,5
TIET4,202009,0.0438871473354232,0.0446578413248062,0.0182769116776571,202007,155,4
TOTS3,202009,0.0774792016924022,0.00280414987355471,0.0182769116776571,202007,155,1
TRIS3,202009,0.0320135032321747,-0.0103423204272985,0.0182769116776571,202007,155,1
TRPL4,202009,0.0224264705882353,0.0538818277418613,0.0182769116776571,202007,155,5
TUPY3,202009,-0.0223777391344898,0.0442332662642002,0.0182769116776571,202007,155,4
UCAS3,202009,0.0121586932828013,0.039982195943594,0.0182769116776571,202007,155,4
UGPA3,202009,0.167732459923319,0.0177746135741472,0.0182769116776571,202007,155,2
UNIP3,202009,0.254489426303618,0.0387906320393086,0.0182769116776571,202007,155,4
UNIP6,202009,0.30221320092711,0.010931458324194,0.0182769116776571,202007,155,2
USIM3,202009,0.0768701443284958,0.016578296199441,0.0182769116776571,202007,155,2
USIM5,202009,0.0703295849777006,0.0167118608951569,0.0182769116776571,202007,155,2
VALE3,202009,0.121153946070836,0.00821525044739246,0.0182769116776571,202007,155,1
VIVT3,202009,0.059060831324345,0.041999202221632,0.0182769116776571,202007,155,4
VLID3,202009,-0.0279505277813196,0.0570805557072163,0.0182769116776571,202007,155,5
VULC3,202009,0.120616864241462,0.00109000748489052,0.0182769116776571,202007,155,1
VVAR3,202009,-0.0895774647887324,0.0139280017465353,0.0182769116776571,202007,155,2
WEGE3,202009,0.0300167663896698,0.0270734038203955,0.0182769116776571,202007,155,3
WIZS3,202009,-0.08843537414966,0.0234434269368649,0.0182769116776571,202007,155,3
YDUQ3,202009,-0.00302846795748191,0.0629815459251404,0.0182769116776571,202007,155,5
AALR3,202010,-0.0369370078374843,0.0512096136808395,0.0182769116776571,202007,155,2
ABCB4,202010,-0.00934902222446765,0.0886521190404892,0.0182769116776571,202007,155,5
ABEV3,202010,-0.0299032283994687,0.0562736690044403,0.0182769116776571,202007,155,3
AGRO3,202010,0.0311998694356495,0.0228655971586704,0.0182769116776571,202007,155,1
ALPA3,202010,-0.0572176842321839,0.0292660966515541,0.0182769116776571,202007,155,1
ALPA4,202010,-0.0752380340311598,0.0252992007881403,0.0182769116776571,202007,155,1
ALSO3,202010,-0.0534796023311622,0.0578645281493664,0.0182769116776571,202007,155,3
ALUP11,202010,-0.0465723299241846,0.0600269921123982,0.0182769116776571,202007,155,4
AMAR3,202010,-0.0807635570703758,0.0814123153686523,0.0182769116776571,202007,155,5
ANIM3,202010,-0.0686111020917749,0.0370427519083023,0.0182769116776571,202007,155,1
APER3,202010,0.119285498032092,0.054674681276083,0.0182769116776571,202007,155,3
ARZZ3,202010,0.0350542681138162,0.0580324493348599,0.0182769116776571,202007,155,3
AZEV4,202010,0.032738036400757,0.0681236982345581,0.0182769116776571,202007,155,4
AZUL4,202010,0.0264631043257,0.0914534404873848,0.0182769116776571,202007,155,5
B3SA3,202010,-0.026416812621601,0.0311747957020998,0.0182769116776571,202007,155,1
BBAS3,202010,-0.127319480464763,0.074994683265686,0.0182769116776571,202007,155,5
BBDC3,202010,-0.105130780496515,0.0704265609383583,0.0182769116776571,202007,155,5
BBDC4,202010,-0.087775650684533,0.0733630657196045,0.0182769116776571,202007,155,5
BBRK3,202010,-0.0681818181818183,0.0558981224894524,0.0182769116776571,202007,155,3
BBSE3,202010,-0.0664868310659558,0.0628126040101051,0.0182769116776571,202007,155,4
BEEF11,202010,-0.221739130434783,0.0236652214080095,0.0182769116776571,202007,155,1
BEEF3,202010,-0.0850076830656086,0.0566032454371452,0.0182769116776571,202007,155,3
BIDI11,202010,0.343321482986287,0.0401407182216644,0.0182769116776571,202007,155,2
BIDI3,202010,0.36,0.0232564210891724,0.0182769116776571,202007,155,1
BIDI4,202010,0.324012158054711,0.0381794013082981,0.0182769116776571,202007,155,1
BKBR3,202010,-0.119266055045872,0.0523557290434837,0.0182769116776571,202007,155,3
BPAC11,202010,0.00980170989348483,0.0326798856258392,0.0182769116776571,202007,155,1
BPAC3,202010,0.0439140341354112,0.0919711738824844,0.0182769116776571,202007,155,5
BPAC5,202010,0.106197826032508,0.0598239190876484,0.0182769116776571,202007,155,4
BPAN4,202010,-0.0146904512067155,0.0560263991355896,0.0182769116776571,202007,155,3
BRAP3,202010,-0.0417541950710456,0.0504062548279762,0.0182769116776571,202007,155,2
BRAP4,202010,-0.0188351984884784,0.0243629850447178,0.0182769116776571,202007,155,1
BRDT3,202010,0.051061906913692,0.0675788894295692,0.0182769116776571,202007,155,4
BRFS3,202010,-0.0372050816696915,0.0791961252689362,0.0182769116776571,202007,155,5
BRGE3,202010,0.0126582278481013,0.0494429692626,0.0182769116776571,202007,155,2
BRIV3,202010,0.358426966292135,0.0487199351191521,0.0182769116776571,202007,155,2
BRKM5,202010,0.0275774993205673,0.0595117434859276,0.0182769116776571,202007,155,3
BRML3,202010,-0.0353535353535354,0.0728902071714401,0.0182769116776571,202007,155,5
BRPR3,202010,-0.0909090130320546,0.0672636032104492,0.0182769116776571,202007,155,4
BRSR3,202010,-0.0549879540478068,0.0482525750994682,0.0182769116776571,202007,155,2
BRSR6,202010,-0.0705059240216178,0.079048864543438,0.0182769116776571,202007,155,5
BTOW3,202010,0.0887448750165321,0.0848858058452606,0.0182769116776571,202007,155,5
CAML3,202010,-0.0433604707830747,0.0561388954520226,0.0182769116776571,202007,155,3
CARD3,202010,0.00596421471172959,0.0491270311176777,0.0182769116776571,202007,155,2
CCPR3,202010,-0.0802919708029197,0.0957169532775879,0.0182769116776571,202007,155,5
CCRO3,202010,-0.100222717149221,0.0700711086392403,0.0182769116776571,202007,155,5
CESP3,202010,-0.0190647482014389,0.0584308430552483,0.0182769116776571,202007,155,3
CESP6,202010,0.0096651708664135,0.0587463192641735,0.0182769116776571,202007,155,3
CGRA4,202010,0.00142861418727613,0.0539953149855137,0.0182769116776571,202007,155,3
CIEL3,202010,0.0275000000000001,0.0945073738694191,0.0182769116776571,202007,155,5
CLSC4,202010,-0.0430030084960255,0.0496334210038185,0.0182769116776571,202007,155,2
CMIG3,202010,0.00530796115640086,0.0470976904034615,0.0182769116776571,202007,155,2
CMIG4,202010,-0.0402447759514055,0.0613942854106426,0.0182769116776571,202007,155,4
CNTO3,202010,-0.141991924629879,0.0331385731697083,0.0182769116776571,202007,155,1
COCE5,202010,-0.0785000213633742,0.0535200126469135,0.0182769116776571,202007,155,3
COGN3,202010,-0.0237582734921624,0.0750220641493797,0.0182769116776571,202007,155,5
CPFE3,202010,-0.0442396681165733,0.0612636655569077,0.0182769116776571,202007,155,4
CPLE3,202010,-0.112142908659495,0.0600028447806835,0.0182769116776571,202007,155,4
CPLE6,202010,-0.128903122497998,0.0496733747422695,0.0182769116776571,202007,155,2
CRDE3,202010,-0.0332129963898916,0.00165488407947123,0.0182769116776571,202007,155,1
CRFB3,202010,-0.0180505415162455,0.056674774736166,0.0182769116776571,202007,155,3
CRIV3,202010,0.313186813186813,0.0502183623611927,0.0182769116776571,202007,155,2
CSAN3,202010,-0.00884720357803093,0.0637307390570641,0.0182769116776571,202007,155,4
CSMG3,202010,-0.0542678550788305,0.0631689727306366,0.0182769116776571,202007,155,4
CSNA3,202010,-0.0455259122877314,0.059550367295742,0.0182769116776571,202007,155,3
CTNM4,202010,-0.0599001863235175,0.0714889019727707,0.0182769116776571,202007,155,5
CVCB3,202010,-0.0748298931052919,0.0688575431704521,0.0182769116776571,202007,155,4
CYRE3,202010,-0.130597078428592,0.0283439867198467,0.0182769116776571,202007,155,1
DIRR3,202010,0.0626431747828253,0.0614089258015156,0.0182769116776571,202007,155,4
DMMO11,202010,-0.0909090909090909,0.0443980246782303,0.0182769116776571,202007,155,2
DMMO3,202010,-0.302158273381295,0.0756167620420456,0.0182769116776571,202007,155,5
DTEX3,202010,0.0381400208986415,0.0533320084214211,0.0182769116776571,202007,155,3
ECOR3,202010,-0.0927449923777149,0.062664307653904,0.0182769116776571,202007,155,4
EGIE3,202010,-0.0223030480231438,0.0616232864558697,0.0182769116776571,202007,155,4
ELET3,202010,-0.217616580310881,0.0483977347612381,0.0182769116776571,202007,155,2
ELET6,202010,-0.223243243243243,0.0618834905326366,0.0182769116776571,202007,155,4
EMBR3,202010,-0.00677966101694916,0.102950528264046,0.0182769116776571,202007,155,5
ENAT3,202010,-0.0337552742616034,0.0790615901350975,0.0182769116776571,202007,155,5
ENBR3,202010,-0.0183206106870228,0.061817716807127,0.0182769116776571,202007,155,4
ENEV3,202010,0.0080515299884969,0.0339532680809498,0.0182769116776571,202007,155,1
ENGI11,202010,-0.0287211226505816,0.0581098422408104,0.0182769116776571,202007,155,3
EQPA3,202010,0.0484848809896068,0.00583281833678484,0.0182769116776571,202007,155,1
EQTL3,202010,-0.0276337850267988,0.0247695613652468,0.0182769116776571,202007,155,1
ETER3,202010,0.000790602393571982,0.051633182913065,0.0182769116776571,202007,155,2
EUCA4,202010,-0.00702235470659218,0.029500300064683,0.0182769116776571,202007,155,1
EVEN3,202010,-0.0565722873015108,0.071085512638092,0.0182769116776571,202007,155,5
EZTC3,202010,-0.144988335212157,0.0717132613062859,0.0182769116776571,202007,155,5
FESA4,202010,0.113029799241457,0.0311486069113016,0.0182769116776571,202007,155,1
FLRY3,202010,-0.0192732825164369,0.0502605624496937,0.0182769116776571,202007,155,2
GEPA3,202010,-0.0357995137803032,0.062176950275898,0.0182769116776571,202007,155,4
GEPA4,202010,-0.0882083979945003,0.0678440630435944,0.0182769116776571,202007,155,4
GFSA3,202010,0.0413793187918043,0.0895724073052406,0.0182769116776571,202007,155,5
GGBR3,202010,-0.0261342218156482,0.0258243214339018,0.0182769116776571,202007,155,1
GGBR4,202010,-0.0490796001237409,0.0556365847587585,0.0182769116776571,202007,155,3
GNDI3,202010,0.206280316568803,0.0338645577430725,0.0182769116776571,202007,155,1
GOAU3,202010,-0.030487750882965,0.0507970973849297,0.0182769116776571,202007,155,2
GOAU4,202010,-0.0603910024774248,0.0534391738474369,0.0182769116776571,202007,155,3
GOLL4,202010,-0.0396952686447475,0.0930368602275848,0.0182769116776571,202007,155,5
GRND3,202010,-0.0799522851685595,0.0243947077542543,0.0182769116776571,202007,155,1
GUAR3,202010,0.00268276324614347,0.0592007599771023,0.0182769116776571,202007,155,3
HAPV3,202010,0.127147372860696,0.0543637573719025,0.0182769116776571,202007,155,3
HBOR3,202010,-0.173344136191558,0.0757525712251663,0.0182769116776571,202007,155,5
HGTX3,202010,0.00524170064065221,0.0605677329003811,0.0182769116776571,202007,155,4
HYPE3,202010,-0.0572261653574355,0.0478636957705021,0.0182769116776571,202007,155,2
IGTA3,202010,-0.0764468371467024,0.0719184055924416,0.0182769116776571,202007,155,5
IRBR3,202010,-0.119804399279882,0.0918432325124741,0.0182769116776571,202007,155,5
ITSA3,202010,-0.0566681652308183,0.0544662363827229,0.0182769116776571,202007,155,3
ITSA4,202010,-0.09374928345903,0.0687230303883553,0.0182769116776571,202007,155,4
ITUB3,202010,-0.0732675712773183,0.0684628263115883,0.0182769116776571,202007,155,4
ITUB4,202010,-0.102051592106528,0.0711640790104866,0.0182769116776571,202007,155,5
JBSS3,202010,0.0219780219780219,0.0528475120663643,0.0182769116776571,202007,155,3
JHSF3,202010,-0.0755439545368036,0.03820526227355,0.0182769116776571,202007,155,1
JOPA3,202010,0,0.0536427237093449,0.0182769116776571,202007,155,3
JPSA3,202010,-0.0745530620007607,0.0750019326806068,0.0182769116776571,202007,155,5
KEPL3,202010,-0.0221051211221204,0.0433321557939053,0.0182769116776571,202007,155,2
KLBN11,202010,0.0508476795068991,0.0499275103211403,0.0182769116776571,202007,155,2
KLBN4,202010,0.0479851243339253,0.047673586755991,0.0182769116776571,202007,155,2
KROT11,202010,-0.0237580993520519,0.0809874683618546,0.0182769116776571,202007,155,5
LAME3,202010,-0.0772616136919314,0.070384569466114,0.0182769116776571,202007,155,5
LAME4,202010,-0.0836820083682008,0.0765305906534195,0.0182769116776571,202007,155,5
LCAM3,202010,-0.107471852610031,0.0463540628552437,0.0182769116776571,202007,155,2
LEVE3,202010,-0.0754089963631698,0.0293196123093367,0.0182769116776571,202007,155,1
LIGT3,202010,-0.129984607706213,0.0598877295851708,0.0182769116776571,202007,155,4
LINX3,202010,0.00587293112653486,0.0478000566363335,0.0182769116776571,202007,155,2
LLIS3,202010,-0.103030303030303,0.10167083889246,0.0182769116776571,202007,155,5
LOGG3,202010,-0.0207541828394149,0.0645626187324524,0.0182769116776571,202007,155,4
LOGN3,202010,-0.0970334127865443,0.0640136823058128,0.0182769116776571,202007,155,4
LPSB3,202010,-0.0803212556694406,0.064254455268383,0.0182769116776571,202007,155,4
LREN3,202010,-0.0475423718421016,0.0671521201729775,0.0182769116776571,202007,155,4
MDIA3,202010,-0.115091092242102,0.0194577425718308,0.0182769116776571,202007,155,1
MEAL3,202010,-0.163895499042361,0.0630156472325325,0.0182769116776571,202007,155,4
MGLU3,202010,0.0128256737504244,0.0323081873357296,0.0182769116776571,202007,155,1
MILS3,202010,-0.0650405855417265,0.0796391218900681,0.0182769116776571,202007,155,5
MOVI3,202010,-0.0790691396690233,0.0627918541431427,0.0182769116776571,202007,155,4
MRFG3,202010,-0.08407994486561,0.0737093314528465,0.0182769116776571,202007,155,5
MRVE3,202010,0.0130869377173943,0.0612302049994469,0.0182769116776571,202007,155,4
MULT3,202010,-0.099022257947277,0.0519421473145485,0.0182769116776571,202007,155,2
MYPK3,202010,-0.0974193822308164,0.0539123006165028,0.0182769116776571,202007,155,3
NEOE3,202010,0.0255391600454029,0.0668492615222931,0.0182769116776571,202007,155,4
ODPV3,202010,-0.0261168384879725,0.0581076629459858,0.0182769116776571,202007,155,3
OFSA3,202010,-0.138421089327631,0.0386731997132301,0.0182769116776571,202007,155,2
OIBR3,202010,-0.0545454545454546,0.0444013439118862,0.0182769116776571,202007,155,2
OIBR4,202010,-0.0567375886524822,0.0547336488962174,0.0182769116776571,202007,155,3
OMGE3,202010,-0.00222993062438048,0.0257398001849651,0.0182769116776571,202007,155,1
PARD3,202010,-0.0442673749446658,0.0681462958455086,0.0182769116776571,202007,155,4
PCAR3,202010,0.00572946442537514,0.0566127933561802,0.0182769116776571,202007,155,3
PDTC3,202010,-0.128834407110747,0.0392979942262173,0.0182769116776571,202007,155,2
PETR3,202010,-0.0526860681410464,0.0883638709783554,0.0182769116776571,202007,155,5
PETR4,202010,-0.0582216805973426,0.08219014108181,0.0182769116776571,202007,155,5
PFRM3,202010,-0.00327884335925133,0.0496689788997173,0.0182769116776571,202007,155,2
PNVL3,202010,-0.0100051596677343,0.0279567129909992,0.0182769116776571,202007,155,1
POMO4,202010,0.0139373324577452,0.0697126761078835,0.0182769116776571,202007,155,5
POSI3,202010,-0.111764594409862,-0.000364384963177145,0.0182769116776571,202007,155,1
PRIO3,202010,0.00427406752921899,0.030161602422595,0.0182769116776571,202007,155,1
PSSA3,202010,-0.0167345980630571,0.05164934694767,0.0182769116776571,202007,155,2
PTBL3,202010,0.177629858865105,0.0276135802268982,0.0182769116776571,202007,155,1
QUAL3,202010,-0.10758028863623,0.0581251867115498,0.0182769116776571,202007,155,3
RADL3,202010,-0.00479222540913038,0.0268538799136877,0.0182769116776571,202007,155,1
RAIL3,202010,0.0550933153599602,0.0696784108877182,0.0182769116776571,202007,155,4
RANI3,202010,0.0333950427486907,0.0338143333792686,0.0182769116776571,202007,155,1
RAPT3,202010,-0.0598290016402269,0.0498479828238487,0.0182769116776571,202007,155,2
RAPT4,202010,-0.134950268201379,0.0544580742716789,0.0182769116776571,202007,155,3
RDNI3,202010,-0.0764604810996564,0.0627279579639435,0.0182769116776571,202007,155,4
RENT3,202010,-0.0735316123144579,0.0269306134432554,0.0182769116776571,202007,155,1
RLOG3,202010,0.016747703943814,0.0384417623281479,0.0182769116776571,202007,155,2
ROMI3,202010,0.0278316847653723,0.0458749569952488,0.0182769116776571,202007,155,2
RPAD3,202010,0.206611536961335,0.0506243482232094,0.0182769116776571,202007,155,2
SANB11,202010,-0.122799594144696,0.0316606462001801,0.0182769116776571,202007,155,1
SAPR11,202010,-0.140246331763443,0.0573294833302498,0.0182769116776571,202007,155,3
SAPR4,202010,-0.138094253934677,0.0601316317915916,0.0182769116776571,202007,155,4
SBSP3,202010,-0.080332957349696,0.0583369508385658,0.0182769116776571,202007,155,3
SCAR3,202010,-0.140085651933478,0.0662390142679215,0.0182769116776571,202007,155,4
SEER3,202010,-0.050829440128247,0.0438662394881248,0.0182769116776571,202007,155,2
SGPS3,202010,-0.225930680359435,0.0304705444723368,0.0182769116776571,202007,155,1
SHOW3,202010,-0.11586907305837,0.0992617979645729,0.0182769116776571,202007,155,5
SHUL4,202010,-0.00740734421372435,0.023683438077569,0.0182769116776571,202007,155,1
SLCE3,202010,0.261566380924523,0.0433196425437927,0.0182769116776571,202007,155,2
SMLS3,202010,-0.0844349680170576,0.0887089371681213,0.0182769116776571,202007,155,5
SMTO3,202010,0.088815943196521,0.0770887359976769,0.0182769116776571,202007,155,5
SQIA3,202010,-0.068936170212766,0.0381251312792301,0.0182769116776571,202007,155,1
STBP3,202010,0.173333333333333,0.065073549747467,0.0182769116776571,202007,155,4
SULA11,202010,-0.10011273957159,0.0479858294129372,0.0182769116776571,202007,155,2
SULA4,202010,-0.0749625187406297,0.0259568877518177,0.0182769116776571,202007,155,1
SUZB3,202010,0.0599590009509827,0.0659704059362412,0.0182769116776571,202007,155,4
TAEE11,202010,-0.0254489583316139,0.0560045689344406,0.0182769116776571,202007,155,3
TASA3,202010,0.116572370154444,0.0674758180975914,0.0182769116776571,202007,155,4
TASA4,202010,0.117419369543384,0.0587564967572689,0.0182769116776571,202007,155,3
TCSA3,202010,-0.134134152481358,0.0610588602721691,0.0182769116776571,202007,155,4
TECN3,202010,-0.0615384196056555,0.0230236668139696,0.0182769116776571,202007,155,1
TEND3,202010,-0.0370984716384223,0.046561062335968,0.0182769116776571,202007,155,2
TESA3,202010,0.018069973087274,0.0193624496459961,0.0182769116776571,202007,155,1
TGMA3,202010,-0.0637746026038306,0.0523081943392754,0.0182769116776571,202007,155,2
TIET11,202010,0.0187537810042346,0.0648642182350159,0.0182769116776571,202007,155,4
TIET3,202010,0.00298507462686559,0.0517717823386192,0.0182769116776571,202007,155,2
TOTS3,202010,-0.0111419021021136,0.0500116273760796,0.0182769116776571,202007,155,2
TRIS3,202010,-0.118367336750435,0.0556409284472466,0.0182769116776571,202007,155,3
TRPL4,202010,-0.0524991010427903,0.054821215569973,0.0182769116776571,202007,155,3
TUPY3,202010,0.00763002375644906,0.0539564043283463,0.0182769116776571,202007,155,3
UCAS3,202010,0.011764694716178,0.0412118025124073,0.0182769116776571,202007,155,2
UGPA3,202010,-0.0825610292792219,0.052413247525692,0.0182769116776571,202007,155,3
UNIP3,202010,0.0793458290303286,0.0596583336591721,0.0182769116776571,202007,155,3
UNIP6,202010,-0.0232466379199932,0.0240142829716206,0.0182769116776571,202007,155,1
USIM3,202010,-0.0968769161472613,0.0316451340913773,0.0182769116776571,202007,155,1
USIM5,202010,-0.0965091131419193,0.0512437038123608,0.0182769116776571,202007,155,2
VALE3,202010,0.00571776235601162,0.0449404790997505,0.0182769116776571,202007,155,2
VIVA3,202010,-0.135098389108234,0.0539282374083996,0.0182769116776571,202007,155,3
VIVT3,202010,-0.0279569404176642,0.0544491931796074,0.0182769116776571,202007,155,3
VLID3,202010,-0.0685538550735226,0.0866430178284645,0.0182769116776571,202007,155,5
VULC3,202010,0.0225282030564369,0.0186265967786312,0.0182769116776571,202007,155,1
VVAR3,202010,-0.0909653465346535,0.0738271325826645,0.0182769116776571,202007,155,5
WEGE3,202010,0.106284683777832,0.0602022744715214,0.0182769116776571,202007,155,4
WIZS3,202010,-0.0460199004975124,0.0528028085827828,0.0182769116776571,202007,155,3
YDUQ3,202010,0.0191371582732398,0.0713997632265091,0.0182769116776571,202007,155,5
AALR3,202011,-0.157156166271919,0.117022052407265,0.0182769116776571,202007,155,5
ABCB4,202011,0.0165452906787265,0.0883675217628479,0.0182769116776571,202007,155,4
ABEV3,202011,-0.0721377646906336,0.0908193960785866,0.0182769116776571,202007,155,4
AGRO3,202011,-0.146237335770661,0.0719448700547218,0.0182769116776571,202007,155,2
ALPA3,202011,-0.157850807813631,0.0279334671795368,0.0182769116776571,202007,155,1
ALPA4,202011,-0.100669529431803,0.0302822291851044,0.0182769116776571,202007,155,1
ALSO3,202011,-0.151394422310757,0.113834723830223,0.0182769116776571,202007,155,5
ALUP11,202011,-0.0781554249360408,0.0986845791339874,0.0182769116776571,202007,155,4
AMAR3,202011,-0.190095825150508,0.122283175587654,0.0182769116776571,202007,155,5
ANIM3,202011,-0.169698810779658,0.0659568607807159,0.0182769116776571,202007,155,1
APER3,202011,0.165539626724371,0.0885718390345573,0.0182769116776571,202007,155,4
ARZZ3,202011,0.0106277455009212,0.0713680759072304,0.0182769116776571,202007,155,2
AZEV4,202011,0.0230547977910207,0.0696028247475624,0.0182769116776571,202007,155,2
AZUL4,202011,0.00644521566683198,0.116100467741489,0.0182769116776571,202007,155,5
B3SA3,202011,-0.0919731188909673,0.0750703141093254,0.0182769116776571,202007,155,2
BBAS3,202011,-0.158872286146746,0.0937245190143585,0.0182769116776571,202007,155,4
BBDC3,202011,-0.046933959793352,0.0790232643485069,0.0182769116776571,202007,155,2
BBDC4,202011,-0.0688260630747504,0.0873468667268753,0.0182769116776571,202007,155,3
BBRK3,202011,-0.0878048780487804,0.057786338031292,0.0182769116776571,202007,155,1
BBSE3,202011,-0.0650793135228392,0.08748609572649,0.0182769116776571,202007,155,3
BEEF11,202011,0.0837988826815641,0.0234584901481867,0.0182769116776571,202007,155,1
BEEF3,202011,0.045258443955591,0.12666642665863,0.0182769116776571,202007,155,5
BEES3,202011,-0.0216353738015216,0.0772899240255356,0.0182769116776571,202007,155,2
BIDI11,202011,0.174896030245747,0.0806230753660202,0.0182769116776571,202007,155,3
BIDI3,202011,0.185383244206774,0.0323001891374588,0.0182769116776571,202007,155,1
BIDI4,202011,0.171258034894399,0.0593027211725712,0.0182769116776571,202007,155,1
BKBR3,202011,-0.0802083333333333,0.0896158367395401,0.0182769116776571,202007,155,4
BMGB4,202011,-0.117646813207992,0.107111364603043,0.0182769116776571,202007,155,5
BOBR4,202011,0.00450450015062254,0.0855663046240807,0.0182769116776571,202007,155,3
BPAC11,202011,0.086757846277062,0.0695822164416313,0.0182769116776571,202007,155,2
BPAC3,202011,-0.0411045705184389,0.0921570733189583,0.0182769116776571,202007,155,4
BPAC5,202011,0.135317345339724,0.0914995297789574,0.0182769116776571,202007,155,4
BPAN4,202011,0.479233226837061,0.0971094146370888,0.0182769116776571,202007,155,4
BRAP3,202011,0.00820428508216553,0.0685561522841454,0.0182769116776571,202007,155,2
BRAP4,202011,0.00559905551917006,0.0861163288354874,0.0182769116776571,202007,155,3
BRDT3,202011,-0.143594153052451,0.101120933890343,0.0182769116776571,202007,155,4
BRFS3,202011,0.0197926484448634,0.100308768451214,0.0182769116776571,202007,155,4
BRGE3,202011,-0.0990384615384616,0.0613087378442287,0.0182769116776571,202007,155,1
BRIV3,202011,-0.109181141439206,0.070252388715744,0.0182769116776571,202007,155,2
BRKM5,202011,0.290668867174692,0.0806148871779442,0.0182769116776571,202007,155,3
BRML3,202011,-0.12565445026178,0.110614016652107,0.0182769116776571,202007,155,5
BRPR3,202011,-0.0955556255558799,0.0969839543104172,0.0182769116776571,202007,155,4
BRSR3,202011,-0.0702227328002734,0.0909476354718208,0.0182769116776571,202007,155,4
BRSR6,202011,-0.0616182303121181,0.0964425429701805,0.0182769116776571,202007,155,4
BTOW3,202011,-0.00388726919339155,0.137989491224289,0.0182769116776571,202007,155,5
CAML3,202011,-0.0151086812456355,0.0849248692393303,0.0182769116776571,202007,155,3
CARD3,202011,-0.0118577075098814,0.0394882671535015,0.0182769116776571,202007,155,1
CCPR3,202011,-0.103968253968254,0.0907604992389679,0.0182769116776571,202007,155,4
CCRO3,202011,-0.0717821782178217,0.107272498309612,0.0182769116776571,202007,155,5
CEAB3,202011,-0.118400040750739,0.0709904134273529,0.0182769116776571,202007,155,2
CESP3,202011,0.0953428676200954,0.0708905085921288,0.0182769116776571,202007,155,2
CESP6,202011,-0.0673504273504273,0.104442417621613,0.0182769116776571,202007,155,5
CGRA4,202011,-0.0233951664571549,0.0675807222723961,0.0182769116776571,202007,155,1
CIEL3,202011,-0.124087591240876,0.134157314896584,0.0182769116776571,202007,155,5
CLSC4,202011,-0.0667311023252328,0.0898011550307274,0.0182769116776571,202007,155,4
CMIG3,202011,-0.0981482600340775,0.0667344406247139,0.0182769116776571,202007,155,1
CMIG4,202011,-0.127007230397375,0.0715980604290962,0.0182769116776571,202007,155,2
CNTO3,202011,-0.123137254901961,0.0974424853920937,0.0182769116776571,202007,155,4
COCE5,202011,-0.0926027079801428,0.0876219570636749,0.0182769116776571,202007,155,3
COGN3,202011,-0.172566116066833,0.139941796660423,0.0182769116776571,202007,155,5
CPFE3,202011,-0.0723239329655571,0.0710121318697929,0.0182769116776571,202007,155,2
CPLE3,202011,-0.074819014134884,0.0419704839587212,0.0182769116776571,202007,155,1
CPLE6,202011,-0.102634803921569,0.0866804122924805,0.0182769116776571,202007,155,3
CRDE3,202011,-0.234503360716953,0.0805293545126915,0.0182769116776571,202007,155,3
CRFB3,202011,-0.00157563025210072,0.108697690069675,0.0182769116776571,202007,155,5
CRIV3,202011,-0.207810320781032,0.0817576572299004,0.0182769116776571,202007,155,3
CRIV4,202011,-0.0124031007751938,0.0766998901963234,0.0182769116776571,202007,155,2
CRPG5,202011,0.0483869860242971,0.0232189632952213,0.0182769116776571,202007,155,1
CSAN3,202011,0.0844657906738977,0.0905326455831528,0.0182769116776571,202007,155,4
CSMG3,202011,-0.0696326278059913,0.103379145264626,0.0182769116776571,202007,155,4
CSNA3,202011,0.0812499817626695,0.0802882015705109,0.0182769116776571,202007,155,3
CTNM4,202011,-0.0601770171414094,0.0875509977340698,0.0182769116776571,202007,155,3
CVCB3,202011,-0.131827775900941,0.0932526588439941,0.0182769116776571,202007,155,4
CYRE3,202011,-0.0323838499840431,0.0438004918396473,0.0182769116776571,202007,155,1
DIRR3,202011,-0.0776420118975771,0.107191972434521,0.0182769116776571,202007,155,5
DMMO11,202011,-0.1,0.0597892478108406,0.0182769116776571,202007,155,1
DMMO3,202011,-0.123711340206186,0.121999330818653,0.0182769116776571,202007,155,5
DTEX3,202011,-0.0734776044287871,0.0811044201254845,0.0182769116776571,202007,155,3
EALT4,202011,-0.00811355539054426,0.08981604129076,0.0182769116776571,202007,155,4
ECOR3,202011,-0.0906841153993276,0.132575407624245,0.0182769116776571,202007,155,5
EGIE3,202011,-0.042132282142025,0.0851163640618324,0.0182769116776571,202007,155,3
ELET3,202011,0.129661903102126,0.0786518454551697,0.0182769116776571,202007,155,2
ELET6,202011,0.140222686151705,0.0873668491840363,0.0182769116776571,202007,155,3
EMAE4,202011,-0.130862626107216,0.0377298258244991,0.0182769116776571,202007,155,1
EMBR3,202011,0.391353811149033,0.117475122213364,0.0182769116776571,202007,155,5
ENAT3,202011,0.134497816593887,0.102376580238342,0.0182769116776571,202007,155,4
ENBR3,202011,-0.0663556246759978,0.0944271013140678,0.0182769116776571,202007,155,4
ENEV3,202011,0.0862620073083751,0.0645888522267342,0.0182769116776571,202007,155,1
ENGI11,202011,-0.12747244299835,0.070662148296833,0.0182769116776571,202007,155,2
EQPA3,202011,-0.0606935044094792,0.110363155603409,0.0182769116776571,202007,155,5
EQTL3,202011,-0.107460190103441,0.0863783732056618,0.0182769116776571,202007,155,3
ETER3,202011,-0.114534181671694,0.0982518270611763,0.0182769116776571,202007,155,4
EUCA4,202011,0.0141443127264418,0.0186865832656622,0.0182769116776571,202007,155,1
EVEN3,202011,-0.11904770746738,0.0914753377437592,0.0182769116776571,202007,155,4
EZTC3,202011,-0.141221250403568,0.0717702955007553,0.0182769116776571,202007,155,2
FESA4,202011,0.229901430701814,0.0644729062914848,0.0182769116776571,202007,155,1
FLRY3,202011,0.0217059350355806,0.0939115360379219,0.0182769116776571,202007,155,4
FRAS3,202011,0.147509886240848,0.0746951922774315,0.0182769116776571,202007,155,2
GEPA3,202011,-0.0297027955357239,0.0820072069764137,0.0182769116776571,202007,155,3
GEPA4,202011,-0.056391016633239,0.0735997632145882,0.0182769116776571,202007,155,2
GFSA3,202011,0.0154525366341594,0.13597908616066,0.0182769116776571,202007,155,5
GGBR3,202011,0.0749368814109768,0.0272243823856115,0.0182769116776571,202007,155,1
GGBR4,202011,0.112688039658312,0.0766897201538086,0.0182769116776571,202007,155,2
GNDI3,202011,-0.0823280423280424,0.07682154327631,0.0182769116776571,202007,155,2
GOAU3,202011,0.0461216963967248,0.0772257968783379,0.0182769116776571,202007,155,2
GOAU4,202011,0.0945181616386981,0.0798442587256432,0.0182769116776571,202007,155,2
GOLL4,202011,-0.0968684759916493,0.117996379733086,0.0182769116776571,202007,155,5
GPCP3,202011,-0.0589887640449437,0.0124790603294969,0.0182769116776571,202007,155,1
GRND3,202011,-0.0778208875938739,0.0761655569076538,0.0182769116776571,202007,155,2
GUAR3,202011,-0.177257525083612,0.101689800620079,0.0182769116776571,202007,155,4
HAPV3,202011,-0.0972625694275224,0.0841697007417679,0.0182769116776571,202007,155,3
HBOR3,202011,-0.201780488986204,0.138122215867043,0.0182769116776571,202007,155,5
HGTX3,202011,-0.136732329084589,0.0922823995351791,0.0182769116776571,202007,155,4
HYPE3,202011,0.0151750003673392,0.0951132699847221,0.0182769116776571,202007,155,4
IGTA3,202011,-0.0804430195278345,0.113413065671921,0.0182769116776571,202007,155,5
IRBR3,202011,-0.166666710503394,0.168582737445831,0.0182769116776571,202007,155,5
ITSA3,202011,-0.0654045846442543,0.0727533474564552,0.0182769116776571,202007,155,2
ITSA4,202011,-0.062205229928367,0.087040938436985,0.0182769116776571,202007,155,3
ITUB3,202011,-0.0887313245438094,0.0839574337005615,0.0182769116776571,202007,155,3
ITUB4,202011,-0.092842959325291,0.072769433259964,0.0182769116776571,202007,155,2
JBSS3,202011,0.0678246484698097,0.0855101943016052,0.0182769116776571,202007,155,3
JHSF3,202011,-0.102493375731014,0.0703655332326889,0.0182769116776571,202007,155,2
JOPA3,202011,-0.0171427875117671,0.0723849013447762,0.0182769116776571,202007,155,2
JPSA3,202011,-0.0953555281545416,0.0976017639040947,0.0182769116776571,202007,155,4
KEPL3,202011,0.224434777139382,0.0368845276534557,0.0182769116776571,202007,155,1
KLBN11,202011,0.0706094741659284,0.0682851821184158,0.0182769116776571,202007,155,2
KLBN4,202011,0.0769229249004046,0.0614581145346165,0.0182769116776571,202007,155,1
KROT11,202011,-0.172566371681416,0.121786370873451,0.0182769116776571,202007,155,5
LAME3,202011,0.218865924748278,0.134076789021492,0.0182769116776571,202007,155,5
LAME4,202011,0.0340390203403902,0.120817393064499,0.0182769116776571,202007,155,5
LCAM3,202011,-0.0879204892966361,0.0881669893860817,0.0182769116776571,202007,155,4
LEVE3,202011,-0.0619376064330944,0.0707222521305084,0.0182769116776571,202007,155,2
LIGT3,202011,-0.104571935103315,0.0816662907600403,0.0182769116776571,202007,155,3
LINX3,202011,0.0260084925690021,0.092186912894249,0.0182769116776571,202007,155,4
LLIS3,202011,-0.0630630630630631,0.151460394263268,0.0182769116776571,202007,155,5
LOGG3,202011,-0.0507463055381581,0.0867940336465836,0.0182769116776571,202007,155,3
LOGN3,202011,-0.0136892412022563,0.126192703843117,0.0182769116776571,202007,155,5
LPSB3,202011,-0.233624505280907,0.114945650100708,0.0182769116776571,202007,155,5
LREN3,202011,-0.115987595426156,0.0961763858795166,0.0182769116776571,202007,155,4
LUXM4,202011,0.0461610790334965,0.0829170420765877,0.0182769116776571,202007,155,3
MDIA3,202011,-0.0500994965312263,0.0357083454728127,0.0182769116776571,202007,155,1
MEAL3,202011,-0.119318204139136,0.129965096712112,0.0182769116776571,202007,155,5
MGLU3,202011,-0.0431341904393722,0.0278452523052692,0.0182769116776571,202007,155,1
MILS3,202011,-0.0573913290180269,0.113167077302933,0.0182769116776571,202007,155,5
MOVI3,202011,-0.0624998447462998,0.0852955654263496,0.0182769116776571,202007,155,3
MRFG3,202011,0.0458991723100075,0.105618134140968,0.0182769116776571,202007,155,5
MRVE3,202011,-0.114736996127336,0.0833753943443298,0.0182769116776571,202007,155,3
MTSA4,202011,-0.0297228147130789,0.0908749923110008,0.0182769116776571,202007,155,4
MULT3,202011,-0.0716982730685287,0.105584107339382,0.0182769116776571,202007,155,5
MYPK3,202011,-0.100071515444147,0.0925243347883224,0.0182769116776571,202007,155,4
NEOE3,202011,-0.0951853901494188,0.0879664644598961,0.0182769116776571,202007,155,3
ODPV3,202011,-0.0804516584333098,0.0879583060741425,0.0182769116776571,202007,155,3
OFSA3,202011,-0.0103849137556584,0.0889474153518677,0.0182769116776571,202007,155,4
OIBR3,202011,-0.0961538461538461,0.105709709227085,0.0182769116776571,202007,155,5
OMGE3,202011,-0.0183759622547803,0.0338729992508888,0.0182769116776571,202007,155,1
PARD3,202011,-0.0736452061139417,0.092489942908287,0.0182769116776571,202007,155,4
PATI3,202011,-0.0503944775907024,0.078044705092907,0.0182769116776571,202007,155,2
PCAR3,202011,0.0996291441695294,0.106404334306717,0.0182769116776571,202007,155,5
PDTC3,202011,-0.0933097804212691,0.0922171995043755,0.0182769116776571,202007,155,4
PETR3,202011,-0.189535526163246,0.0858175233006477,0.0182769116776571,202007,155,3
PETR4,202011,-0.166729374496613,0.0845810249447823,0.0182769116776571,202007,155,3
PFRM3,202011,-0.0773026369656412,0.0749200358986855,0.0182769116776571,202007,155,2
PNVL3,202011,-0.124359609403927,0.0374263934791088,0.0182769116776571,202007,155,1
POMO4,202011,-0.137457040155025,0.107337333261967,0.0182769116776571,202007,155,5
POSI3,202011,-0.0066224822015174,0.0340525954961777,0.0182769116776571,202007,155,1
PRIO3,202011,0.186125756295193,0.0476782247424126,0.0182769116776571,202007,155,1
PSSA3,202011,-0.0952680693180766,0.0796887055039406,0.0182769116776571,202007,155,2
PTBL3,202011,0.0917082807003657,0.0244258139282465,0.0182769116776571,202007,155,1
QUAL3,202011,0.0154291593509828,0.0994724705815315,0.0182769116776571,202007,155,4
RADL3,202011,-0.0678170765363535,0.0665252730250359,0.0182769116776571,202007,155,1
RAIL3,202011,-0.108374206085946,0.0844631642103195,0.0182769116776571,202007,155,3
RANI3,202011,0.0700179783478674,0.0850852802395821,0.0182769116776571,202007,155,3
RAPT3,202011,-0.0445456869771268,0.0749581530690193,0.0182769116776571,202007,155,2
RAPT4,202011,-0.0625448333172924,0.0717200860381126,0.0182769116776571,202007,155,2
RDNI3,202011,-0.162790697674419,0.0834544599056244,0.0182769116776571,202007,155,3
RENT3,202011,-0.0920475396866676,0.0612751878798008,0.0182769116776571,202007,155,1
RLOG3,202011,0.0818278427205101,0.0822953805327416,0.0182769116776571,202007,155,3
ROMI3,202011,0.687657923654276,0.0184213761240244,0.0182769116776571,202007,155,1
RPAD3,202011,-0.0958904871691241,0.0703023746609688,0.0182769116776571,202007,155,2
SANB11,202011,-0.0435012087327696,0.0661085397005081,0.0182769116776571,202007,155,1
SAPR11,202011,-0.105978322452225,0.091401495039463,0.0182769116776571,202007,155,4
SAPR4,202011,-0.0812065452575427,0.0924046188592911,0.0182769116776571,202007,155,4
SBSP3,202011,-0.0995841541420499,0.101220354437828,0.0182769116776571,202007,155,4
SCAR3,202011,-0.132214100314833,0.0724001079797745,0.0182769116776571,202007,155,2
SEER3,202011,-0.164513987122716,0.110009834170341,0.0182769116776571,202007,155,5
SGPS3,202011,0.0613598673300166,0.0324680916965008,0.0182769116776571,202007,155,1
SHOW3,202011,-0.00284895950052022,0.119022145867348,0.0182769116776571,202007,155,5
SHUL4,202011,-0.0380597485036686,0.0316777005791664,0.0182769116776571,202007,155,1
SLCE3,202011,0.183367205073777,0.0700882524251938,0.0182769116776571,202007,155,2
SMLS3,202011,-0.0228225430833721,0.103663168847561,0.0182769116776571,202007,155,5
SMTO3,202011,0.0480025726245141,0.0950898081064224,0.0182769116776571,202007,155,4
SQIA3,202011,0.00548446069469843,0.0804091468453407,0.0182769116776571,202007,155,3
STBP3,202011,-0.060064935064935,0.107765696942806,0.0182769116776571,202007,155,5
SULA11,202011,-0.172387872713606,0.0856417715549469,0.0182769116776571,202007,155,3
SUZB3,202011,0.179210509585016,0.0720785334706307,0.0182769116776571,202007,155,2
TAEE11,202011,-0.0549925335571473,0.0838685780763626,0.0182769116776571,202007,155,3
TASA3,202011,0.0716703521651778,0.0869858339428902,0.0182769116776571,202007,155,3
TASA4,202011,0.0964203771740957,0.0802501365542412,0.0182769116776571,202007,155,2
TCSA3,202011,-0.11445084563904,0.133476793766022,0.0182769116776571,202007,155,5
TECN3,202011,0.180327737918095,0.0208940282464027,0.0182769116776571,202007,155,1
TEND3,202011,-0.121086900096858,0.0804234743118286,0.0182769116776571,202007,155,3
TESA3,202011,0.191842900302115,0.0410887710750103,0.0182769116776571,202007,155,1
TGMA3,202011,-0.14732676012043,0.0801314413547516,0.0182769116776571,202007,155,2
TIET11,202011,-0.0855106888361045,0.0878064706921578,0.0182769116776571,202007,155,3
TIMS3,202011,-0.0375940364273714,0.0840045884251595,0.0182769116776571,202007,155,3
TOTS3,202011,0.104929435282839,0.0669661611318588,0.0182769116776571,202007,155,1
TPIS3,202011,-0.0710382393830159,0.0667037144303322,0.0182769116776571,202007,155,1
TRIS3,202011,-0.133333257832699,0.0874931812286377,0.0182769116776571,202007,155,3
TRPL4,202011,-0.092979127134725,0.0655502155423164,0.0182769116776571,202007,155,1
TUPY3,202011,0.00567921191398191,0.0718802735209465,0.0182769116776571,202007,155,2
UGPA3,202011,-0.112947845326008,0.116331748664379,0.0182769116776571,202007,155,5
UNIP3,202011,0.106100917597541,0.0733239874243736,0.0182769116776571,202007,155,2
UNIP6,202011,0.13579993508314,0.0626180544495583,0.0182769116776571,202007,155,1
USIM3,202011,0.19195487604295,0.0292734280228615,0.0182769116776571,202007,155,1
USIM5,202011,0.230302960376325,0.0858820378780365,0.0182769116776571,202007,155,3
VALE3,202011,0.07470141639828,0.0856951251626015,0.0182769116776571,202007,155,3
VIVA3,202011,-0.0678963105036879,0.0912184342741966,0.0182769116776571,202007,155,4
VIVT3,202011,-0.0265486388278662,0.0781013369560242,0.0182769116776571,202007,155,2
VLID3,202011,-0.118466801699593,0.128678545355797,0.0182769116776571,202007,155,5
VULC3,202011,-0.0820070818365166,0.0186118073761463,0.0182769116776571,202007,155,1
VVAR3,202011,-0.191967324710688,0.0942092761397362,0.0182769116776571,202007,155,4
WEGE3,202011,-0.068504743828728,0.0717087537050247,0.0182769116776571,202007,155,2
WHRL4,202011,-0.0391907485112109,0.029908386990428,0.0182769116776571,202007,155,1
WIZS3,202011,-0.183833116036506,0.115614406764507,0.0182769116776571,202007,155,5
WLMM4,202011,0.0829660893023916,0.0357040502130985,0.0182769116776571,202007,155,1
YDUQ3,202011,-0.10223528698812,0.146544277667999,0.0182769116776571,202007,155,5
AALR3,202012,-0.00110990328832405,0.085283175110817,0.0182769116776571,202007,155,5
ABCB4,202012,-0.055989454233634,0.0684240683913231,0.0182769116776571,202007,155,5
ABEV3,202012,0.0905849926695235,0.0197308305650949,0.0182769116776571,202007,155,2
AGRO3,202012,0.03225808701382,0.0204544328153133,0.0182769116776571,202007,155,2
ALPA3,202012,0.0472726866894937,0.0204822160303593,0.0182769116776571,202007,155,2
ALPA4,202012,0.0546808494336082,0.0215047206729651,0.0182769116776571,202007,155,2
ALSO3,202012,0.174562526675203,0.0236341655254364,0.0182769116776571,202007,155,2
ALUP11,202012,0.087325264599734,0.0640940368175507,0.0182769116776571,202007,155,4
AMAR3,202012,0.0650887165159202,0.0682270899415016,0.0182769116776571,202007,155,5
ANIM3,202012,0.0775861995737999,0.0173201952129602,0.0182769116776571,202007,155,1
APER3,202012,0.201902993734045,0.0253287460654974,0.0182769116776571,202007,155,2
ARZZ3,202012,-0.0136006730229949,0.0217457916587591,0.0182769116776571,202007,155,2
AZUL4,202012,-0.0677339901477833,0.0781547427177429,0.0182769116776571,202007,155,5
B3SA3,202012,0.0267137099739319,0.0224642939865589,0.0182769116776571,202007,155,2
BBAS3,202012,0.0908510726426537,0.0650950968265533,0.0182769116776571,202007,155,4
BBDC3,202012,0.142806210044068,0.05799750238657,0.0182769116776571,202007,155,3
BBDC4,202012,0.164906665916297,0.0722696557641029,0.0182769116776571,202007,155,5
BBRK3,202012,-0.0748663101604279,0.0838080421090126,0.0182769116776571,202007,155,5
BBSE3,202012,-0.0464020807692523,0.0702725872397423,0.0182769116776571,202007,155,5
BEEF11,202012,0.110824742268041,0.00878180097788572,0.0182769116776571,202007,155,1
BEEF3,202012,0.0515463502432407,0.0686981156468391,0.0182769116776571,202007,155,5
BIDI11,202012,0.00855966018792653,0.0207292642444372,0.0182769116776571,202007,155,2
BIDI3,202012,-0.0144736842105264,0.020468769595027,0.0182769116776571,202007,155,2
BIDI4,202012,0.0211681693453547,0.0150308627635241,0.0182769116776571,202007,155,1
BKBR3,202012,0.0951302378255945,0.0147952269762754,0.0182769116776571,202007,155,1
BMGB4,202012,0.077419021998937,0.0467881746590138,0.0182769116776571,202007,155,3
BOBR4,202012,0.0717489167991867,0.0679302513599396,0.0182769116776571,202007,155,5
BPAC11,202012,-0.051690464621974,0.0202778279781342,0.0182769116776571,202007,155,2
BPAC3,202012,0.0378103411912327,0.0216614585369825,0.0182769116776571,202007,155,2
BPAC5,202012,-0.119189005519186,0.0161378998309374,0.0182769116776571,202007,155,1
BPAN4,202012,-0.208783297336213,0.0621613338589668,0.0182769116776571,202007,155,4
BRAP3,202012,0.0517180057191309,0.0276286415755749,0.0182769116776571,202007,155,3
BRAP4,202012,0.0867004983320239,0.0177956372499466,0.0182769116776571,202007,155,1
BRDT3,202012,0.108433734939759,0.0630025938153267,0.0182769116776571,202007,155,4
BRFS3,202012,0.16543438077634,0.0581932179629803,0.0182769116776571,202007,155,4
BRGE3,202012,-0.0213447171824973,0.0621811784803867,0.0182769116776571,202007,155,4
BRIV3,202012,-0.0724233983286907,0.06236532330513,0.0182769116776571,202007,155,4
BRKM5,202012,0.269673601026863,0.0297668762505054,0.0182769116776571,202007,155,3
BRML3,202012,0.211976047904192,0.0273526068776846,0.0182769116776571,202007,155,3
BRPR3,202012,0.0625148605790244,0.0681594386696816,0.0182769116776571,202007,155,5
BRSR3,202012,0.0260681544396637,0.0549327582120895,0.0182769116776571,202007,155,3
BRSR6,202012,-0.030632520095047,0.0466192290186882,0.0182769116776571,202007,155,3
BTOW3,202012,-0.259146341463415,0.0921889320015907,0.0182769116776571,202007,155,5
CAML3,202012,-0.0142291726649272,0.0347861610352993,0.0182769116776571,202007,155,3
CARD3,202012,0.19,0.0202554184943438,0.0182769116776571,202007,155,2
CCPR3,202012,0.0310008857395927,0.0836812630295754,0.0182769116776571,202007,155,5
CCRO3,202012,0.148444444444444,0.0695964246988297,0.0182769116776571,202007,155,5
CEAB3,202012,0.0689655237524816,0.0628752857446671,0.0182769116776571,202007,155,4
CESP3,202012,0.109139604954804,0.0705351680517197,0.0182769116776571,202007,155,5
CESP6,202012,0.032258064516129,0.0655973702669144,0.0182769116776571,202007,155,4
CGRA4,202012,-0.0888109718323134,0.0623214021325111,0.0182769116776571,202007,155,4
CIEL3,202012,0.0333333333333334,0.0696619600057602,0.0182769116776571,202007,155,5
CLSC4,202012,0.220688599784765,0.0316199623048306,0.0182769116776571,202007,155,3
CMIG3,202012,0.0807666844512514,0.0549049787223339,0.0182769116776571,202007,155,3
CMIG4,202012,0.0894649392331335,0.0563081204891205,0.0182769116776571,202007,155,3
CNTO3,202012,0.255813953488372,0.0206370986998081,0.0182769116776571,202007,155,2
COCE5,202012,0.112019311899129,0.0787047073245049,0.0182769116776571,202007,155,5
COGN3,202012,0.0641709100513437,0.0767803490161896,0.0182769116776571,202007,155,5
CPFE3,202012,0.054053990724463,0.0519893877208233,0.0182769116776571,202007,155,3
CPLE3,202012,0.217391411580701,0.0140316989272833,0.0182769116776571,202007,155,1
CPLE6,202012,-0.878286104472516,0.0575500950217247,0.0182769116776571,202007,155,3
CRDE3,202012,0.0317073170731708,0.0219528842717409,0.0182769116776571,202007,155,2
CRFB3,202012,0.221462388216728,0.0655996426939964,0.0182769116776571,202007,155,4
CRIV4,202012,0.00156985871271575,0.070354625582695,0.0182769116776571,202007,155,5
CRPG5,202012,0.295726598923135,0.0437886007130146,0.0182769116776571,202007,155,3
CSAN3,202012,0.123095817012964,0.0135935563594103,0.0182769116776571,202007,155,1
CSMG3,202012,0.0744717799525332,0.0526427663862705,0.0182769116776571,202007,155,3
CSNA3,202012,0.153027180439799,0.0598010048270226,0.0182769116776571,202007,155,4
CTNM4,202012,0.00941623187827956,0.0661667510867119,0.0182769116776571,202007,155,4
CVCB3,202012,0.192982433029932,0.0235066972672939,0.0182769116776571,202007,155,2
CYRE3,202012,-0.00604850678063584,0.016682930290699,0.0182769116776571,202007,155,1
DIRR3,202012,-0.0319561069409445,0.0422594211995602,0.0182769116776571,202007,155,3
DMMO11,202012,-0.0666666666666668,0.0402575917541981,0.0182769116776571,202007,155,3
DMMO3,202012,0.105882352941177,0.0529881007969379,0.0182769116776571,202007,155,3
DTEX3,202012,0.0152091254752853,0.0351182706654072,0.0182769116776571,202007,155,3
EALT4,202012,0.0204498680916121,0.0690582990646362,0.0182769116776571,202007,155,5
ECOR3,202012,0.0625565378909407,0.0699697136878967,0.0182769116776571,202007,155,5
EGIE3,202012,0.0165247335061471,0.0689494386315346,0.0182769116776571,202007,155,5
ELET3,202012,0.0573896945387229,0.0223586950451136,0.0182769116776571,202007,155,2
ELET6,202012,0.0622520598108025,0.0263542905449867,0.0182769116776571,202007,155,3
EMAE4,202012,0.109433929991704,0.0341103821992874,0.0182769116776571,202007,155,3
EMBR3,202012,0.145543744889616,0.0979538112878799,0.0182769116776571,202007,155,5
ENAT3,202012,0.216320246343341,0.062883198261261,0.0182769116776571,202007,155,4
ENBR3,202012,0.098833981121599,0.0582085065543652,0.0182769116776571,202007,155,4
ENEV3,202012,-0.017647013944738,0.016643026843667,0.0182769116776571,202007,155,1
ENGI11,202012,0.0610682542545546,0.0496356412768364,0.0182769116776571,202007,155,3
EQPA3,202012,0.233846223318887,0.0182455908507109,0.0182769116776571,202007,155,1
EQTL3,202012,0.233830950836376,0.0187455303966999,0.0182769116776571,202007,155,1
ETER3,202012,0.788936822773518,0.0545747354626656,0.0182769116776571,202007,155,3
EUCA4,202012,0.255229968653555,0.0221081580966711,0.0182769116776571,202007,155,2
EVEN3,202012,0.0330330221200366,0.0506390854716301,0.0182769116776571,202007,155,3
EZTC3,202012,0.017460193532773,0.0579420775175095,0.0182769116776571,202007,155,3
FESA4,202012,0.302369805821208,0.0257497895509005,0.0182769116776571,202007,155,3
FLRY3,202012,-0.0270780792597046,0.035233024507761,0.0182769116776571,202007,155,3
FRAS3,202012,0.0317195578422544,0.0613423995673657,0.0182769116776571,202007,155,4
GEPA3,202012,0.0454078735699304,0.0586241111159325,0.0182769116776571,202007,155,4
GEPA4,202012,0.0374503004344948,0.0609827265143395,0.0182769116776571,202007,155,4
GFSA3,202012,0,0.0801056250929833,0.0182769116776571,202007,155,5
GGBR3,202012,0.148348192702435,0.0201158542186022,0.0182769116776571,202007,155,2
GGBR4,202012,0.173599247909028,0.0631320402026177,0.0182769116776571,202007,155,4
GNDI3,202012,-0.0452029520295203,0.018091132864356,0.0182769116776571,202007,155,1
GOAU3,202012,0.152796586055923,0.0578940883278847,0.0182769116776571,202007,155,3
GOAU4,202012,0.165538611692728,0.0246434342116118,0.0182769116776571,202007,155,2
GOLL4,202012,-0.00554785020804427,0.0664389804005623,0.0182769116776571,202007,155,5
GPCP3,202012,0.044776119402985,-0.00549667328596115,0.0182769116776571,202007,155,1
GRND3,202012,0.111111063677131,0.015703471377492,0.0182769116776571,202007,155,1
GUAR3,202012,0.114634146341464,0.013365164399147,0.0182769116776571,202007,155,1
HAPV3,202012,-0.0400000026321938,0.0202721860259771,0.0182769116776571,202007,155,2
HBOR3,202012,0.0780669270001888,0.0323628894984722,0.0182769116776571,202007,155,3
HGTX3,202012,0.0798657718120805,0.0164070967584848,0.0182769116776571,202007,155,1
HYPE3,202012,-0.0135594613760808,0.0182432644069195,0.0182769116776571,202007,155,1
IGTA3,202012,0.185419968304279,0.0726565420627594,0.0182769116776571,202007,155,5
IRBR3,202012,0.021666776959878,0.0790430456399918,0.0182769116776571,202007,155,5
ITSA3,202012,0.0252752634676059,0.0590565018355846,0.0182769116776571,202007,155,4
ITSA4,202012,0.0428148431043347,0.0197346657514572,0.0182769116776571,202007,155,2
ITUB3,202012,0.0773396739019243,0.0632283017039299,0.0182769116776571,202007,155,4
ITUB4,202012,0.0973688236554027,0.0629901885986328,0.0182769116776571,202007,155,4
JBSS3,202012,0.172734314484895,0.0609399862587452,0.0182769116776571,202007,155,4
JHSF3,202012,0.0740745325326311,0.0193534046411514,0.0182769116776571,202007,155,2
JOPA3,202012,-0.066860647989104,0.0640632584691048,0.0182769116776571,202007,155,4
JPSA3,202012,0.212176283507497,0.0573904924094677,0.0182769116776571,202007,155,3
KEPL3,202012,-0.0268610162813888,0.0218283869326115,0.0182769116776571,202007,155,2
KLBN11,202012,-0.0749918404658656,0.0174606125801802,0.0182769116776571,202007,155,1
KLBN4,202012,-0.0680272695586131,0.0617659874260426,0.0182769116776571,202007,155,4
KROT11,202012,0.0641711229946524,0.107719972729683,0.0182769116776571,202007,155,5
LAME3,202012,-0.0956521739130435,0.0391253717243671,0.0182769116776571,202007,155,3
LAME4,202012,-0.102368526696106,0.0270820483565331,0.0182769116776571,202007,155,3
LCAM3,202012,0.0385582564962281,0.0216464940458536,0.0182769116776571,202007,155,2
LEVE3,202012,0.302483188831668,0.0138093000277877,0.0182769116776571,202007,155,1
LIGT3,202012,0.0939706065873263,0.0127325728535652,0.0182769116776571,202007,155,1
LINX3,202012,-0.0222452146921883,0.0236943773925304,0.0182769116776571,202007,155,2
LLIS3,202012,-0.0120192307692307,0.111382879316807,0.0182769116776571,202007,155,5
LOGG3,202012,-0.0901032954306469,0.0646654292941093,0.0182769116776571,202007,155,4
LOGN3,202012,0.0562109943229574,0.0116523392498493,0.0182769116776571,202007,155,1
LPSB3,202012,0.139601184215817,0.0874748751521111,0.0182769116776571,202007,155,5
LREN3,202012,0.163837334214035,0.017103023827076,0.0182769116776571,202007,155,1
LUXM4,202012,-0.00720699892182897,0.0788354948163033,0.0182769116776571,202007,155,5
MDIA3,202012,0.0723017974954179,0.016182579100132,0.0182769116776571,202007,155,1
MEAL3,202012,0.241935491313796,0.0879642367362976,0.0182769116776571,202007,155,5
MGLU3,202012,-0.162944575714655,0.0312798097729683,0.0182769116776571,202007,155,3
MILS3,202012,0.223247020758284,0.0174189563840628,0.0182769116776571,202007,155,1
MOVI3,202012,-0.0536722651715503,0.0196043830364943,0.0182769116776571,202007,155,2
MRFG3,202012,0.266906474820144,0.0665647909045219,0.0182769116776571,202007,155,5
MRVE3,202012,0.0820452574267034,0.0201817806810141,0.0182769116776571,202007,155,2
MTSA4,202012,0.0721581827230595,0.067515604197979,0.0182769116776571,202007,155,5
MULT3,202012,0.244410675773145,0.0150703527033329,0.0182769116776571,202007,155,1
MYPK3,202012,-0.0444797440517815,0.0526264868676662,0.0182769116776571,202007,155,3
NEOE3,202012,0.0183486238532109,0.0631281808018684,0.0182769116776571,202007,155,4
NTCO3,202012,0.0426683993935455,0.0207124147564173,0.0182769116776571,202007,155,2
ODPV3,202012,0.00920951650038382,0.0706737488508225,0.0182769116776571,202007,155,5
OFSA3,202012,-0.0123455331888858,0.0148495072498918,0.0182769116776571,202007,155,1
OIBR3,202012,0.0159574468085106,0.0253289639949799,0.0182769116776571,202007,155,3
OIBR4,202012,0.165217391304348,0.0180244352668524,0.0182769116776571,202007,155,1
OMGE3,202012,-0.00581836579812811,0.0124862808734179,0.0182769116776571,202007,155,1
PARD3,202012,0.0335000000000001,0.0695639997720718,0.0182769116776571,202007,155,5
PATI3,202012,0.179308421309283,0.0707339718937874,0.0182769116776571,202007,155,5
PDTC3,202012,0.271844697806136,0.0612809844315052,0.0182769116776571,202007,155,4
PETR3,202012,0.0808125137471365,0.0609399862587452,0.0182769116776571,202007,155,4
PETR4,202012,0.083633352734126,0.0629901885986328,0.0182769116776571,202007,155,4
PFRM3,202012,0.042780882797324,0.0639353692531586,0.0182769116776571,202007,155,4
PNVL3,202012,0.0234042599985114,0.0109739946201444,0.0182769116776571,202007,155,1
POMO4,202012,0.115537996645489,0.0278837252408266,0.0182769116776571,202007,155,3
POSI3,202012,0.533333269588725,0.018382066860795,0.0182769116776571,202007,155,1
PRIO3,202012,0.10369566844147,0.00732450792565942,0.0182769116776571,202007,155,1
PSSA3,202012,0.077770203876713,0.0194404274225235,0.0182769116776571,202007,155,2
PTBL3,202012,0.0333718373852785,0.0189705397933722,0.0182769116776571,202007,155,2
PTNT4,202012,0.0497835497835497,0.0287024863064289,0.0182769116776571,202007,155,3
QUAL3,202012,-0.0392528900000797,0.0243801511824131,0.0182769116776571,202007,155,2
RADL3,202012,0.0799742454270176,0.0191656239330769,0.0182769116776571,202007,155,2
RAIL3,202012,0.118784506928314,0.0210306085646153,0.0182769116776571,202007,155,2
RANI3,202012,-0.0591942013923796,0.0206373687833548,0.0182769116776571,202007,155,2
RAPT3,202012,0.0180781148995988,0.0610689856112003,0.0182769116776571,202007,155,4
RAPT4,202012,0.0506133898961703,0.0507299564778805,0.0182769116776571,202007,155,3
RDNI3,202012,-0.088888888888889,0.0689762085676193,0.0182769116776571,202007,155,5
RENT3,202012,0.0313439250030916,0.0217175036668777,0.0182769116776571,202007,155,2
RLOG3,202012,0.133595284872299,0.0145500563085079,0.0182769116776571,202007,155,1
ROMI3,202012,0.0513873305839496,0.0181001648306847,0.0182769116776571,202007,155,1
RPAD3,202012,-0.0393938395794551,0.0927926898002625,0.0182769116776571,202007,155,5
SANB11,202012,0.0526317418093929,0.0140316989272833,0.0182769116776571,202007,155,1
SAPR11,202012,0.114488463568096,0.0604046136140823,0.0182769116776571,202007,155,4
SAPR4,202012,0.11616153404203,0.0574325695633888,0.0182769116776571,202007,155,3
SBSP3,202012,0.119565232331455,0.0572945512831211,0.0182769116776571,202007,155,3
SCAR3,202012,0.194075010391118,0.0518332719802856,0.0182769116776571,202007,155,3
SEER3,202012,0,0.0249200835824013,0.0182769116776571,202007,155,2
SGPS3,202012,0.203125,0.0100240595638752,0.0182769116776571,202007,155,1
SHOW3,202012,0,0.0188900511711836,0.0182769116776571,202007,155,2
SHUL4,202012,0.179984564747751,0.018673138692975,0.0182769116776571,202007,155,1
SLCE3,202012,0.0893118640422601,0.0675725042819977,0.0182769116776571,202007,155,5
SMLS3,202012,0.0152526215443281,0.0804527178406715,0.0182769116776571,202007,155,5
SMTO3,202012,-0.0499680238755063,0.0517982952296734,0.0182769116776571,202007,155,3
SQIA3,202012,0.0318181818181817,0.0162768717855215,0.0182769116776571,202007,155,1
STBP3,202012,0.177892918825561,0.0148137491196394,0.0182769116776571,202007,155,1
SULA11,202012,0.0345140781108084,0.0175644773989916,0.0182769116776571,202007,155,1
SUZB3,202012,-0.0631407797541973,0.065629281103611,0.0182769116776571,202007,155,4
TAEE11,202012,0.265279543293467,0.0588818229734898,0.0182769116776571,202007,155,4
TASA3,202012,0.211690192725182,0.059057243168354,0.0182769116776571,202007,155,4
TASA4,202012,0.177461742078211,0.0609612353146076,0.0182769116776571,202007,155,4
TCSA3,202012,-0.0443863815304905,0.0213047470897436,0.0182769116776571,202007,155,2
TECN3,202012,0.0555555213799928,0.0924795418977737,0.0182769116776571,202007,155,5
TEND3,202012,0.0172210524110161,0.0163580849766731,0.0182769116776571,202007,155,1
TESA3,202012,0.267427122940431,0.0142281362786889,0.0182769116776571,202007,155,1
TGMA3,202012,-0.12540638470876,0.0607888847589493,0.0182769116776571,202007,155,4
TIET11,202012,0.132467532467533,0.0583305060863495,0.0182769116776571,202007,155,4
TIMS3,202012,-0.0101563592762562,0.062741294503212,0.0182769116776571,202007,155,4
TOTS3,202012,-0.0780750731509802,0.0203711688518524,0.0182769116776571,202007,155,2
TPIS3,202012,0.529411655602474,0.0676040425896645,0.0182769116776571,202007,155,5
TRIS3,202012,0.0502136942603519,0.0146169271320105,0.0182769116776571,202007,155,1
TRPL4,202012,0.0598326359832635,0.0249975807964802,0.0182769116776571,202007,155,2
TUPY3,202012,-0.0188235568538117,0.0467730797827244,0.0182769116776571,202007,155,3
UGPA3,202012,0.123370414955605,0.0592643953859806,0.0182769116776571,202007,155,4
UNIP3,202012,0.0923259344096399,0.0594893619418144,0.0182769116776571,202007,155,4
UNIP6,202012,0.197922124861537,0.0230144858360291,0.0182769116776571,202007,155,2
USIM3,202012,0.0592065507009929,0.0260709524154663,0.0182769116776571,202007,155,3
USIM5,202012,0.0529558140922917,0.0659388601779938,0.0182769116776571,202007,155,4
VALE3,202012,0.0831943764663967,0.0223968662321568,0.0182769116776571,202007,155,2
VIVA3,202012,0.0374736092087544,0.0212605372071266,0.0182769116776571,202007,155,2
VIVT3,202012,0.00726205017738613,0.0665398463606834,0.0182769116776571,202007,155,5
VLID3,202012,0.194993311696472,0.062257681041956,0.0182769116776571,202007,155,4
VULC3,202012,-0.0293335870764193,0.0114248916506767,0.0182769116776571,202007,155,1
VVAR3,202012,0.016849199663016,0.0183343812823296,0.0182769116776571,202007,155,1
WEGE3,202012,-0.0399731662866291,0.0306164249777794,0.0182769116776571,202007,155,3
WIZS3,202012,0.202875399361022,0.0952655225992203,0.0182769116776571,202007,155,5
YDUQ3,202012,-0.113213788889057,0.077548086643219,0.0182769116776571,202007,155,5
AALR3,202101,-0.0177777608235677,0.056092880666256,0.0205541263126678,202101,185,3
ABCB4,202101,0.0356986751030952,0.0645486563444138,0.0205541263126678,202101,185,4
ABEV3,202101,-0.0228907428828876,0.0658620223402977,0.0205541263126678,202101,185,5
AGRO3,202101,0.516285273656675,0.0652755275368691,0.0205541263126678,202101,185,4
ALPA3,202101,0.0890150240176868,0.0196275915950537,0.0205541263126678,202101,185,1
ALPA4,202101,0.0784473850519794,0.0200637057423592,0.0205541263126678,202101,185,1
ALSO3,202101,-0.0672238372093023,0.0171946790069342,0.0205541263126678,202101,185,1
ALUP11,202101,0.0724897895030745,0.0686457455158234,0.0205541263126678,202101,185,5
AMAR3,202101,-0.00740739367914345,0.0769411101937294,0.0205541263126678,202101,185,5
ANIM3,202101,0.0819999959459907,0.0198702849447727,0.0205541263126678,202101,185,1
APER3,202101,0.0330179571345819,0.0636086836457253,0.0205541263126678,202101,185,4
ARZZ3,202101,0.0753375977256576,0.0498618558049202,0.0205541263126678,202101,185,3
AZUL4,202101,0.0171730515191546,0.0692344531416893,0.0205541263126678,202101,185,5
B3SA3,202101,-0.0571220790782797,0.023899007588625,0.0205541263126678,202101,185,2
BBAS3,202101,-0.0266011939619548,0.0503498874604702,0.0205541263126678,202101,185,3
BBDC3,202101,-0.0321440966925771,0.0663642808794975,0.0205541263126678,202101,185,5
BBDC4,202101,-0.0192631713174235,0.0658879056572914,0.0205541263126678,202101,185,5
BBRK3,202101,0.138728323699422,0.0420137494802475,0.0205541263126678,202101,185,2
BBSE3,202101,-0.0791751398410233,0.0663367882370949,0.0205541263126678,202101,185,5
BEEF11,202101,0.0672853828306266,0.014639507047832,0.0205541263126678,202101,185,1
BEEF3,202101,0.00935548788609997,0.0740989446640015,0.0205541263126678,202101,185,5
BIDI11,202101,0.47852721587646,0.0212962534278631,0.0205541263126678,202101,185,1
BIDI3,202101,0.445546442876216,0.0224426463246346,0.0205541263126678,202101,185,1
BIDI4,202101,0.494817658349328,0.0236635766923428,0.0205541263126678,202101,185,2
BKBR3,202101,0.0237849017580145,0.017088808119297,0.0205541263126678,202101,185,1
BMGB4,202101,-0.0558882780444265,0.0655254423618317,0.0205541263126678,202101,185,4
BOBR4,202101,0.0627614436673285,0.0477202273905277,0.0205541263126678,202101,185,3
BPAC11,202101,0.102524534873831,0.0204252172261477,0.0205541263126678,202101,185,1
BPAC3,202101,0.13069277944974,0.0176274348050356,0.0205541263126678,202101,185,1
BPAC5,202101,0.0634920706513249,0.0191576406359673,0.0205541263126678,202101,185,1
BPAN4,202101,0.673339399454049,0.0668147727847099,0.0205541263126678,202101,185,5
BRAP3,202101,0.183583948585998,0.0260299798101187,0.0205541263126678,202101,185,2
BRAP4,202101,0.150932276954719,0.025430578738451,0.0205541263126678,202101,185,2
BRDT3,202101,0.0194746376811596,0.068898044526577,0.0205541263126678,202101,185,5
BRFS3,202101,-0.175654242664552,0.059978760778904,0.0205541263126678,202101,185,4
BRGE3,202101,-0.0185387131952017,0.0470605753362179,0.0205541263126678,202101,185,3
BRIV3,202101,-0.014014014014014,0.049283143132925,0.0205541263126678,202101,185,3
BRKM5,202101,0.322751475783525,0.042655386030674,0.0205541263126678,202101,185,2
BRML3,202101,-0.0592885375494071,0.028245760127902,0.0205541263126678,202101,185,2
BRPR3,202101,0.0602344230763034,0.0599147193133831,0.0205541263126678,202101,185,4
BRSR3,202101,0.00647505448179575,0.0433081537485123,0.0205541263126678,202101,185,2
BRSR6,202101,0.0174419815860734,0.0600736327469349,0.0205541263126678,202101,185,4
BTOW3,202101,0.108148148148148,0.0692749321460724,0.0205541263126678,202101,185,5
CAML3,202101,-0.0215053490456235,0.0686324685811997,0.0205541263126678,202101,185,5
CARD3,202101,0.471708683473389,0.0203316621482372,0.0205541263126678,202101,185,1
CCPR3,202101,0.052405498281787,0.0588903278112412,0.0205541263126678,202101,185,4
CCRO3,202101,-0.0681114551083591,0.0641094073653221,0.0205541263126678,202101,185,4
CEAB3,202101,0.0449915080366741,0.0592744871973991,0.0205541263126678,202101,185,4
CESP3,202101,-0.136734077875038,0.0634900853037834,0.0205541263126678,202101,185,4
CESP6,202101,-0.1015625,0.0679695084691048,0.0205541263126678,202101,185,5
CGRA4,202101,0.102276499109762,0.0448896996676922,0.0205541263126678,202101,185,3
CIEL3,202101,-0.0725806451612904,0.0684691518545151,0.0205541263126678,202101,185,5
CLSC4,202101,0.0956873204550679,0.0609812289476395,0.0205541263126678,202101,185,4
CMIG3,202101,0.0696642981327442,0.0466205254197121,0.0205541263126678,202101,185,3
CMIG4,202101,0.0621643914488608,0.0503726825118065,0.0205541263126678,202101,185,3
COCE5,202101,0.0684582623583359,0.0614371821284294,0.0205541263126678,202101,185,4
COGN3,202101,-0.0276381840494948,0.075538657605648,0.0205541263126678,202101,185,5
CPFE3,202101,-0.0351741883852179,0.0667571872472763,0.0205541263126678,202101,185,5
CPLE3,202101,-0.194423734884497,0.0200443528592587,0.0205541263126678,202101,185,1
CPLE6,202101,-0.122019635343618,0.0623876638710499,0.0205541263126678,202101,185,4
CRDE3,202101,0.0874704491725769,0.0240612830966711,0.0205541263126678,202101,185,2
CRFB3,202101,-0.0645994832041343,0.0524932444095612,0.0205541263126678,202101,185,3
CRIV4,202101,-0.0125391849529781,0.0478221066296101,0.0205541263126678,202101,185,3
CRPG5,202101,-0.0100594878611182,0.0400136411190033,0.0205541263126678,202101,185,2
CSAN3,202101,-0.0148764452780384,0.0312521606683731,0.0205541263126678,202101,185,2
CSMG3,202101,0.113244748946585,0.0682060793042183,0.0205541263126678,202101,185,5
CSNA3,202101,0.297889014679773,0.0773324742913246,0.0205541263126678,202101,185,5
CTNM4,202101,0.231343235117632,0.0418994538486004,0.0205541263126678,202101,185,2
CVCB3,202101,0.215517309916001,0.0164734497666359,0.0205541263126678,202101,185,1
CYRE3,202101,-0.00290511595844212,0.0211155880242586,0.0205541263126678,202101,185,1
DIRR3,202101,0.030595568366381,0.0634085536003113,0.0205541263126678,202101,185,4
DMMO11,202101,-0.0476190476190476,0.0471455566585064,0.0205541263126678,202101,185,3
DMMO3,202101,-0.0638297872340425,0.0435880348086357,0.0205541263126678,202101,185,2
DTEX3,202101,0.268057784911717,0.0695977658033371,0.0205541263126678,202101,185,5
EALT4,202101,0.41890182231554,0.0512178875505924,0.0205541263126678,202101,185,3
ECOR3,202101,0.0264505239330901,0.0647571757435799,0.0205541263126678,202101,185,4
EGIE3,202101,-0.0277311928712412,0.0641681775450707,0.0205541263126678,202101,185,4
ELET3,202101,0.0735337029471841,0.0342208370566368,0.0205541263126678,202101,185,2
ELET6,202101,0.0623384085033034,0.0385711528360844,0.0205541263126678,202101,185,2
EMAE4,202101,0.357852814112003,0.0321909040212631,0.0205541263126678,202101,185,2
EMBR3,202101,0.099214846538187,0.0774702429771423,0.0205541263126678,202101,185,5
ENAT3,202101,-0.038607594936709,0.0641578808426857,0.0205541263126678,202101,185,4
ENBR3,202101,-0.0505305709954522,0.0655975416302681,0.0205541263126678,202101,185,4
ENEV3,202101,-0.121556921790715,0.0178059823811054,0.0205541263126678,202101,185,1
ENGI11,202101,-0.0245411022586471,0.0639736577868462,0.0205541263126678,202101,185,4
EQPA3,202101,0.155350251891905,0.0196928903460503,0.0205541263126678,202101,185,1
EQTL3,202101,0.00967751885243673,0.0212098937481642,0.0205541263126678,202101,185,1
ETER3,202101,0.32337218413079,0.0321162082254887,0.0205541263126678,202101,185,2
EUCA4,202101,0.349999989045793,0.0232426058501005,0.0205541263126678,202101,185,1
EVEN3,202101,-0.0111187143002479,0.0694757923483849,0.0205541263126678,202101,185,5
EZTC3,202101,0.0213134292269364,0.0596453845500946,0.0205541263126678,202101,185,4
FESA4,202101,0.320810001626246,0.0631066635251045,0.0205541263126678,202101,185,4
FLRY3,202101,-0.00195295396406647,0.0665048882365227,0.0205541263126678,202101,185,5
FRAS3,202101,-0.0398341661698391,0.056215725839138,0.0205541263126678,202101,185,3
GEPA3,202101,0.000487950887367417,0.0482345707714558,0.0205541263126678,202101,185,3
GEPA4,202101,0.00409620561893731,0.0460465364158154,0.0205541263126678,202101,185,3
GFSA3,202101,-0.00869557469927928,0.0613391548395157,0.0205541263126678,202101,185,4
GGBR3,202101,0.139851410546307,0.0205416064709425,0.0205541263126678,202101,185,1
GGBR4,202101,0.099272006546514,0.0690731853246689,0.0205541263126678,202101,185,5
GNDI3,202101,-0.0184782608695653,0.018440367653966,0.0205541263126678,202101,185,1
GOAU3,202101,0.202276488760049,0.0645709335803986,0.0205541263126678,202101,185,4
GOAU4,202101,0.108128188962406,0.0315946005284786,0.0205541263126678,202101,185,2
GOLL4,202101,0.0901906090190607,0.0514974519610405,0.0205541263126678,202101,185,3
GPCP3,202101,0.652380952380953,0.0375567115843296,0.0205541263126678,202101,185,2
GRND3,202101,0.0966274481075668,0.0166361294686794,0.0205541263126678,202101,185,1
GUAR3,202101,0.223924142961342,0.024019829928875,0.0205541263126678,202101,185,2
HAPV3,202101,-0.0295698878664842,0.0487653538584709,0.0205541263126678,202101,185,3
HBOR3,202101,-0.034482770064268,0.0660586208105087,0.0205541263126678,202101,185,5
HGTX3,202101,0.704164077066501,0.0173015259206295,0.0205541263126678,202101,185,1
HYPE3,202101,0.0821106850188205,0.0213678888976574,0.0205541263126678,202101,185,1
IGTA3,202101,-0.0160427807486632,0.0663489103317261,0.0205541263126678,202101,185,5
IRBR3,202101,-0.00652544473437033,0.0507895015180111,0.0205541263126678,202101,185,3
ITSA3,202101,-0.00257401094201637,0.0648293867707253,0.0205541263126678,202101,185,4
ITSA4,202101,-0.0231224938350926,0.0216338336467743,0.0205541263126678,202101,185,1
ITUB3,202101,-0.0230242426317904,0.0683994889259338,0.0205541263126678,202101,185,5
ITUB4,202101,-0.0131456014317219,0.0328120179474354,0.0205541263126678,202101,185,2
JBSS3,202101,-0.00528401585204752,0.0612202845513821,0.0205541263126678,202101,185,4
JHSF3,202101,0.0125079652978186,0.067157655954361,0.0205541263126678,202101,185,5
JOPA3,202101,0.025839197293305,0.0442096740007401,0.0205541263126678,202101,185,3
JPSA3,202101,0.00524737631184413,0.0585875064134598,0.0205541263126678,202101,185,4
KEPL3,202101,0.157396498848208,0.0190632287412882,0.0205541263126678,202101,185,1
KLBN11,202101,0.00904850553282466,0.0281665064394474,0.0205541263126678,202101,185,2
KLBN4,202101,0.00547431158090217,0.0563682541251183,0.0205541263126678,202101,185,3
KROT11,202101,-0.0276381909547738,0.0962109491229057,0.0205541263126678,202101,185,5
LAME3,202101,-0.0456730769230769,0.0548782832920551,0.0205541263126678,202101,185,3
LAME4,202101,-0.0670840787119857,0.0289857797324657,0.0205541263126678,202101,185,2
LCAM3,202101,0.0641646489104115,0.0416630432009697,0.0205541263126678,202101,185,2
LEVE3,202101,0.160941649378274,0.0569138079881668,0.0205541263126678,202101,185,4
LIGT3,202101,-0.114096637675351,0.0184159222990274,0.0205541263126678,202101,185,1
LINX3,202101,0.00132275132275139,0.0323773995041847,0.0205541263126678,202101,185,2
LLIS3,202101,0.0583941605839415,0.0821136012673378,0.0205541263126678,202101,185,5
LOGG3,202101,0.0303771285075922,0.0691390633583069,0.0205541263126678,202101,185,5
LOGN3,202101,0.307490096543545,0.0444039255380631,0.0205541263126678,202101,185,3
LPSB3,202101,-0.0124998746558607,0.0442244932055473,0.0205541263126678,202101,185,3
LREN3,202101,-0.0429434888158443,0.022291773930192,0.0205541263126678,202101,185,1
LUXM4,202101,0.0213192961469428,0.0568961203098297,0.0205541263126678,202101,185,4
MDIA3,202101,-0.131381388122098,0.0273816231638193,0.0205541263126678,202101,185,2
MEAL3,202101,-0.0285714020313264,0.0864971056580544,0.0205541263126678,202101,185,5
MGLU3,202101,-0.0103754683138728,0.0246026180684567,0.0205541263126678,202101,185,2
MILS3,202101,0.217194593185621,0.0627853944897652,0.0205541263126678,202101,185,4
MOVI3,202101,0.00477603780216351,0.0641504377126694,0.0205541263126678,202101,185,4
MRFG3,202101,0.101078932424759,0.0692230388522148,0.0205541263126678,202101,185,5
MRVE3,202101,-0.0318183824592305,0.0406980216503143,0.0205541263126678,202101,185,2
MTSA4,202101,0.307936267397023,0.0647263303399086,0.0205541263126678,202101,185,4
MULT3,202101,-0.0596162177052388,0.0183602198958397,0.0205541263126678,202101,185,1
MYPK3,202101,0.131338428154676,0.0646452605724335,0.0205541263126678,202101,185,4
NEOE3,202101,-0.0390390390390389,0.0468265935778618,0.0205541263126678,202101,185,3
NTCO3,202101,0.0124636476942253,0.0216573998332024,0.0205541263126678,202101,185,1
ODPV3,202101,-0.0288973384030419,0.0655147805809975,0.0205541263126678,202101,185,4
OFSA3,202101,0.0256697781484938,0.0403717644512653,0.0205541263126678,202101,185,2
OIBR3,202101,-0.109947643979058,0.0363314561545849,0.0205541263126678,202101,185,2
OIBR4,202101,-0.111940298507463,0.0394978784024715,0.0205541263126678,202101,185,2
OMGE3,202101,-0.00254452926208637,0.017512371763587,0.0205541263126678,202101,185,1
PARD3,202101,-0.0899854862119014,0.0640560612082481,0.0205541263126678,202101,185,4
PATI3,202101,0.64712246388052,0.0579068288207054,0.0205541263126678,202101,185,4
PCAR3,202101,0.227546708693421,0.0678033232688904,0.0205541263126678,202101,185,5
PDTC3,202101,0.520610536169328,0.0631567612290382,0.0205541263126678,202101,185,4
PETR3,202101,-0.00229265112593324,0.0696114972233772,0.0205541263126678,202101,185,5
PETR4,202101,0.013068393299642,0.0324851237237453,0.0205541263126678,202101,185,2
PFRM3,202101,0.0188033429678109,0.0500101409852505,0.0205541263126678,202101,185,3
PNVL3,202101,0.0270270117425,0.0180746484547853,0.0205541263126678,202101,185,1
POMO4,202101,-0.0678574387382701,0.0595647506415844,0.0205541263126678,202101,185,4
POSI3,202101,0.627536098824018,0.0215173475444317,0.0205541263126678,202101,185,1
PRIO3,202101,-0.00758554570653058,0.0116586424410343,0.0205541263126678,202101,185,1
PSSA3,202101,0.0889619145880318,0.0438553355634213,0.0205541263126678,202101,185,2
PTBL3,202101,0.330735102833128,0.0160467885434628,0.0205541263126678,202101,185,1
PTNT4,202101,0.0494845360824743,0.0553985387086868,0.0205541263126678,202101,185,3
QUAL3,202101,-0.108731620396831,0.0666112750768662,0.0205541263126678,202101,185,5
RADL3,202101,0.0494813383482335,0.0224376898258924,0.0205541263126678,202101,185,1
RAIL3,202101,-0.0123456814783418,0.0212098937481642,0.0205541263126678,202101,185,1
RANI3,202101,0.250506993134887,0.0521505065262318,0.0205541263126678,202101,185,3
RAPT3,202101,0.0879556251737257,0.0630225092172623,0.0205541263126678,202101,185,4
RAPT4,202101,0.0415140380015846,0.0659580081701279,0.0205541263126678,202101,185,5
RCSL4,202101,-0.0196078836409361,0.047429520636797,0.0205541263126678,202101,185,3
RDNI3,202101,0.181707317073171,0.0661525130271912,0.0205541263126678,202101,185,5
RENT3,202101,0.0765109562693696,0.0225629452615976,0.0205541263126678,202101,185,1
ROMI3,202101,0.165595864422403,0.0646713897585869,0.0205541263126678,202101,185,4
RPAD3,202101,0.12145112288194,0.0485242567956448,0.0205541263126678,202101,185,3
SANB11,202101,-0.0244950033144656,0.019677022472024,0.0205541263126678,202101,185,1
SAPR11,202101,-0.02954558916209,0.0613549835979939,0.0205541263126678,202101,185,4
SAPR4,202101,-0.03619904315957,0.043573159724474,0.0205541263126678,202101,185,2
SBSP3,202101,0.0480931586648155,0.0487044602632523,0.0205541263126678,202101,185,3
SCAR3,202101,-0.0455696125008995,0.0486561581492424,0.0205541263126678,202101,185,3
SEER3,202101,0.0488202423175108,0.0170143861323595,0.0205541263126678,202101,185,1
SGPS3,202101,0.428571428571429,0.0502441860735416,0.0205541263126678,202101,185,3
SHOW3,202101,0.32000002179827,0.0615760311484337,0.0205541263126678,202101,185,4
SHUL4,202101,0.449148561587232,0.0298397764563561,0.0205541263126678,202101,185,2
SLCE3,202101,0.115953784506261,0.0688478574156761,0.0205541263126678,202101,185,5
SMLS3,202101,0.00610328638497637,0.0633174180984497,0.0205541263126678,202101,185,4
SMTO3,202101,0.0509104373731393,0.0660946443676949,0.0205541263126678,202101,185,5
SQIA3,202101,0.00352422907489003,0.0427225343883038,0.0205541263126678,202101,185,2
STBP3,202101,0.0351906158357771,0.0449006892740726,0.0205541263126678,202101,185,3
SULA11,202101,-0.0427275387767048,0.0187302120029926,0.0205541263126678,202101,185,1
SUZB3,202101,0.00175060854502695,0.0706816464662552,0.0205541263126678,202101,185,5
TAEE11,202101,0.0739978620323425,0.0695327669382095,0.0205541263126678,202101,185,5
TASA3,202101,0.134289542175685,0.0305603351444006,0.0205541263126678,202101,185,2
TASA4,202101,0.151609845232289,0.0723214596509934,0.0205541263126678,202101,185,5
TCSA3,202101,0.120218526908044,0.0391340218484402,0.0205541263126678,202101,185,2
TECN3,202101,0.440789605321666,0.04408148676157,0.0205541263126678,202101,185,3
TEND3,202101,-0.00346284120182383,0.0279140491038561,0.0205541263126678,202101,185,2
TESA3,202101,0.1195,0.0216863136738539,0.0205541263126678,202101,185,1
TGMA3,202101,0.213037930140751,0.0425893887877464,0.0205541263126678,202101,185,2
TIMS3,202101,-0.0378847841796198,0.0522144809365273,0.0205541263126678,202101,185,3
TOTS3,202101,0.0781294990552297,0.0204240754246712,0.0205541263126678,202101,185,1
TPIS3,202101,0.576923182930633,0.0528329946100712,0.0205541263126678,202101,185,3
TRIS3,202101,0.0100900810583768,0.0553170815110207,0.0205541263126678,202101,185,3
TRPL4,202101,0.0659297275957365,0.0479667708277702,0.0205541263126678,202101,185,3
TUPY3,202101,0.123261448205613,0.0466311015188694,0.0205541263126678,202101,185,3
UCAS3,202101,0.303317523696808,0.0519320294260979,0.0205541263126678,202101,185,3
UGPA3,202101,-0.00471448589769385,0.0503726825118065,0.0205541263126678,202101,185,3
UNIP3,202101,0.165028488859844,0.0419186800718308,0.0205541263126678,202101,185,2
UNIP6,202101,0.158610913043093,0.0797991454601288,0.0205541263126678,202101,185,5
USIM3,202101,0.302839006623759,0.0236204620450735,0.0205541263126678,202101,185,2
USIM5,202101,0.320465510622844,0.0699275359511375,0.0205541263126678,202101,185,5
VALE3,202101,0.112789793709511,0.0241279173642397,0.0205541263126678,202101,185,2
VIVA3,202101,0.0190747408231766,0.0308054313063622,0.0205541263126678,202101,185,2
VIVT3,202101,0.00133519234107893,0.052342414855957,0.0205541263126678,202101,185,3
VLID3,202101,0.0584346903421686,0.0638029202818871,0.0205541263126678,202101,185,4
VULC3,202101,0.0439559108554555,0.0169364102184773,0.0205541263126678,202101,185,1
VVAR3,202101,-0.019884009942005,0.0471066012978554,0.0205541263126678,202101,185,3
WEGE3,202101,-0.0608908038119433,0.0188036803156137,0.0205541263126678,202101,185,1
WIZS3,202101,0.527224435590969,0.0696231722831726,0.0205541263126678,202101,185,5
YDUQ3,202101,0.11295206655654,0.0515054389834404,0.0205541263126678,202101,185,3
AALR3,202102,0.38800907759845,0.0426458865404129,0.0205541263126678,202101,185,2
ABCB4,202102,0.16554065986849,0.068062387406826,0.0205541263126678,202101,185,4
ABEV3,202102,0.201472536108478,0.0493062771856785,0.0205541263126678,202101,185,2
AGRO3,202102,-0.0580551628715164,0.0627915933728218,0.0205541263126678,202101,185,3
ALPA3,202102,0.17246393484058,0.0195027589797974,0.0205541263126678,202101,185,1
ALPA4,202102,0.190284551389755,0.0241875443607569,0.0205541263126678,202101,185,1
ALSO3,202102,0.168679392286716,0.0630137473344803,0.0205541263126678,202101,185,3
ALUP11,202102,0.0289040481792056,0.068244956433773,0.0205541263126678,202101,185,4
AMAR3,202102,0.440298463338582,0.0763089507818222,0.0205541263126678,202101,185,5
ANIM3,202102,0.164510224841818,0.0227602701634169,0.0205541263126678,202101,185,1
APER3,202102,-0.019626168224299,0.0700799971818924,0.0205541263126678,202101,185,5
ARZZ3,202102,0.171579643093192,0.0639166608452797,0.0205541263126678,202101,185,3
AZUL4,202102,0.116883116883117,0.0637682899832726,0.0205541263126678,202101,185,3
B3SA3,202102,0.0217475000766361,0.0381308495998383,0.0205541263126678,202101,185,2
BBAS3,202102,0.144227970405329,0.0719176307320595,0.0205541263126678,202101,185,5
BBDC3,202102,0.106848023955475,0.0697970017790794,0.0205541263126678,202101,185,5
BBDC4,202102,0.111130714233723,0.0698630064725876,0.0205541263126678,202101,185,5
BBRK3,202102,-0.121827411167513,0.0237448420375586,0.0205541263126678,202101,185,1
BBSE3,202102,0.0479175919090742,0.0699918568134308,0.0205541263126678,202101,185,5
BEEF11,202102,0.0543478260869565,0.0326238721609116,0.0205541263126678,202101,185,1
BEEF3,202102,0.0237604513533922,0.0742626562714577,0.0205541263126678,202101,185,5
BEES3,202102,0.034213196635458,0.0677747428417206,0.0205541263126678,202101,185,4
BIDI11,202102,-0.705092792403971,0.0283030848950148,0.0205541263126678,202101,185,1
BIDI3,202102,-0.699168755772529,0.0296863466501236,0.0205541263126678,202101,185,1
BIDI4,202102,-0.708012326656395,0.0311886537820101,0.0205541263126678,202101,185,1
BKBR3,202102,0.0757575757575757,0.0203361865133047,0.0205541263126678,202101,185,1
BMGB4,202102,0.0507399710234533,0.0737974792718887,0.0205541263126678,202101,185,5
BPAC11,202102,0.159345962290195,0.0206454619765282,0.0205541263126678,202101,185,1
BPAC3,202102,0.358586666652162,0.026920149102807,0.0205541263126678,202101,185,1
BPAC5,202102,0.0533579744625368,0.0294339396059513,0.0205541263126678,202101,185,1
BPAN4,202102,0.240891789015769,0.0692834258079529,0.0205541263126678,202101,185,4
BRAP3,202102,0,0.0648451149463654,0.0205541263126678,202101,185,3
BRAP4,202102,0.00281643946969812,0.0718275830149651,0.0205541263126678,202101,185,5
BRDT3,202102,0.146157263438472,0.0647254660725594,0.0205541263126678,202101,185,3
BRFS3,202102,0.239057239057239,0.0632482841610909,0.0205541263126678,202101,185,3
BRGE3,202102,0.0444444444444445,0.062728688120842,0.0205541263126678,202101,185,3
BRIV3,202102,0.0507614213197969,0.0649983212351799,0.0205541263126678,202101,185,3
BRKM5,202102,-0.0462857350777954,0.0631442219018936,0.0205541263126678,202101,185,3
BRML3,202102,0.17436974789916,0.0629672855138779,0.0205541263126678,202101,185,3
BRPR3,202102,0.070234195018744,0.0618154145777226,0.0205541263126678,202101,185,3
BRSR3,202102,0.0836762635866064,0.0296278242021799,0.0205541263126678,202101,185,1
BRSR6,202102,0.117758299005565,0.0634879618883133,0.0205541263126678,202101,185,3
BTOW3,202102,-0.112448009506833,0.0527980662882328,0.0205541263126678,202101,185,2
CAML3,202102,0.00399596664819035,0.063364565372467,0.0205541263126678,202101,185,3
CARD3,202102,-0.0513894175866007,0.0229530613869429,0.0205541263126678,202101,185,1
CCPR3,202102,0.00408163265306127,0.0494702272117138,0.0205541263126678,202101,185,2
CCRO3,202102,0.144518272425249,0.0659453645348549,0.0205541263126678,202101,185,4
CEAB3,202102,0.141348483356625,0.0616300217807293,0.0205541263126678,202101,185,3
CESP3,202102,-0.0178321678321679,0.0507801398634911,0.0205541263126678,202101,185,2
CESP6,202102,-0.0446640316205533,0.0532119311392307,0.0205541263126678,202101,185,2
CGRA4,202102,-0.0436300513091292,0.0636613368988037,0.0205541263126678,202101,185,3
CIEL3,202102,0.220289855072464,0.0670024007558823,0.0205541263126678,202101,185,4
CLSC4,202102,0.0799872180339709,0.0642688274383545,0.0205541263126678,202101,185,3
CMIG3,202102,0.118509404286586,0.0457228943705559,0.0205541263126678,202101,185,2
CMIG4,202102,0.144612352428231,0.0675645917654038,0.0205541263126678,202101,185,4
COCE5,202102,-0.007839839094402,0.0494004786014557,0.0205541263126678,202101,185,2
COGN3,202102,0.0904392927780016,0.105032868683338,0.0205541263126678,202101,185,5
CPFE3,202102,0.030947473135204,0.0658908933401108,0.0205541263126678,202101,185,4
CPLE3,202102,0.0527275484506018,0.0442499741911888,0.0205541263126678,202101,185,2
CPLE6,202102,0.0191693290734825,0.0717072039842606,0.0205541263126678,202101,185,5
CRDE3,202102,0.0739130434782609,0.030401261523366,0.0205541263126678,202101,185,1
CRFB3,202102,0.0313075506445673,0.0673555135726929,0.0205541263126678,202101,185,4
CRIV4,202102,-0.0126984126984128,0.0636792033910751,0.0205541263126678,202101,185,3
CRPG5,202102,0.195235964411328,0.081612654030323,0.0205541263126678,202101,185,5
CSAN3,202102,0.0501116081799096,0.0694983750581741,0.0205541263126678,202101,185,4
CSMG3,202102,0.044021367192383,0.0703746005892754,0.0205541263126678,202101,185,5
CSNA3,202102,-0.074521293919336,0.0750385373830795,0.0205541263126678,202101,185,5
CTNM4,202102,-0.00454541415222365,0.0600058771669865,0.0205541263126678,202101,185,3
CVCB3,202102,0.03838135976913,0.0613298155367374,0.0205541263126678,202101,185,3
CYRE3,202102,0.0157246320781463,0.0297980736941099,0.0205541263126678,202101,185,1
DIRR3,202102,0.11984925265512,0.0465713180601597,0.0205541263126678,202101,185,2
DMMO11,202102,-0.1,0.0460118427872658,0.0205541263126678,202101,185,2
DMMO3,202102,-0.0113636363636364,0.0723521858453751,0.0205541263126678,202101,185,5
DTEX3,202102,-0.131645569620253,0.067631721496582,0.0205541263126678,202101,185,4
EALT4,202102,0.0173913234675087,0.066302202641964,0.0205541263126678,202101,185,4
ECOR3,202102,0.0382377266284817,0.064971424639225,0.0205541263126678,202101,185,3
EGIE3,202102,-0.00323376653309815,0.065646804869175,0.0205541263126678,202101,185,4
ELET3,202102,0.19162815982604,0.0843694284558296,0.0205541263126678,202101,185,5
ELET6,202102,0.178474851270957,0.0775792449712753,0.0205541263126678,202101,185,5
EMAE4,202102,0.145524810744396,0.0729095041751862,0.0205541263126678,202101,185,5
EMBR3,202102,0.122077922077922,0.0675891488790512,0.0205541263126678,202101,185,4
ENAT3,202102,0.0138248847926268,0.0695042088627815,0.0205541263126678,202101,185,4
ENBR3,202102,-0.00745077168706765,0.0677884221076965,0.0205541263126678,202101,185,4
ENEV3,202102,0.258350305962382,0.0234516765922308,0.0205541263126678,202101,185,1
ENGI11,202102,0.0543972731212237,0.0661989226937294,0.0205541263126678,202101,185,4
EQPA3,202102,0.0485650236264668,0.041489165276289,0.0205541263126678,202101,185,2
EQTL3,202102,0.0166545605249842,0.0279439408332109,0.0205541263126678,202101,185,1
ETER3,202102,0.286290543479858,0.0216863341629505,0.0205541263126678,202101,185,1
EUCA4,202102,-0.121228452939211,0.0223326720297337,0.0205541263126678,202101,185,1
EVEN3,202102,0.0879918607215784,0.0679969042539597,0.0205541263126678,202101,185,4
EZTC3,202102,-0.0362118606349365,0.0695940926671028,0.0205541263126678,202101,185,4
FESA4,202102,-0.119333204806643,0.0253566782921553,0.0205541263126678,202101,185,1
FLRY3,202102,0.0360077068057114,0.07434993237257,0.0205541263126678,202101,185,5
FRAS3,202102,0.00679690651330844,0.0708695650100708,0.0205541263126678,202101,185,5
GEPA4,202102,-0.00220778668483401,0.0506978668272495,0.0205541263126678,202101,185,2
GFSA3,202102,-0.0460527119955363,0.0603255107998848,0.0205541263126678,202101,185,3
GGBR3,202102,0.0182726386366046,0.0233629643917084,0.0205541263126678,202101,185,1
GGBR4,202102,0.00255624332261295,0.0728502497076988,0.0205541263126678,202101,185,5
GNDI3,202102,0.0876092038882737,0.023899007588625,0.0205541263126678,202101,185,1
GOAU3,202102,0.0383659247238177,0.0657965540885925,0.0205541263126678,202101,185,4
GOAU4,202102,0.0111140446475808,0.0617706812918186,0.0205541263126678,202101,185,3
GOLL4,202102,0.143283582089552,0.0697557479143143,0.0205541263126678,202101,185,4
GPCP3,202102,0.155619596541787,0.0422983206808567,0.0205541263126678,202101,185,2
GRND3,202102,0.254824176109085,0.0209817923605442,0.0205541263126678,202101,185,1
GUAR3,202102,0.17938021454112,0.0165184382349253,0.0205541263126678,202101,185,1
HAPV3,202102,0.108221621099301,0.0682759657502174,0.0205541263126678,202101,185,4
HBOR3,202102,0.0595583619895137,0.0606348924338818,0.0205541263126678,202101,185,3
HGTX3,202102,0.199854121079504,0.0168884303420782,0.0205541263126678,202101,185,1
HYPE3,202102,0.0502018128238433,0.0213425904512405,0.0205541263126678,202101,185,1
IGTA3,202102,0.175271739130435,0.0626432746648789,0.0205541263126678,202101,185,3
IRBR3,202102,-0.0246304213685125,0.0472462400794029,0.0205541263126678,202101,185,2
ITSA3,202102,0.0614120711905835,0.0643454715609551,0.0205541263126678,202101,185,3
ITSA4,202102,0.0813552818746726,0.0348520129919052,0.0205541263126678,202101,185,2
ITUB3,202102,0.0889529435397936,0.0670632943511009,0.0205541263126678,202101,185,4
ITUB4,202102,0.0753820552769426,0.0658010169863701,0.0205541263126678,202101,185,4
JBSS3,202102,0.00431606905710491,0.054049838334322,0.0205541263126678,202101,185,2
JHSF3,202102,0.11566587658558,0.0688004568219185,0.0205541263126678,202101,185,4
JOPA3,202102,-0.00311531667326581,0.0616533719003201,0.0205541263126678,202101,185,3
JPSA3,202102,0.109246830723341,0.0615875944495201,0.0205541263126678,202101,185,3
KEPL3,202102,0.0666002914498254,0.0224186219274998,0.0205541263126678,202101,185,1
KLBN11,202102,-0.0548784602648751,0.0706816464662552,0.0205541263126678,202101,185,5
KLBN4,202102,-0.0671503950635707,0.0506401136517525,0.0205541263126678,202101,185,2
KROT11,202102,0.090439276485788,0.0941333621740341,0.0205541263126678,202101,185,5
LAME3,202102,-0.0564231738035265,0.0769402980804443,0.0205541263126678,202101,185,5
LAME4,202102,-0.0465004793863854,0.0688601210713387,0.0205541263126678,202101,185,4
LCAM3,202102,0.0242700037921881,0.070264920592308,0.0205541263126678,202101,185,5
LEVE3,202102,0.0438895211108756,0.0615875944495201,0.0205541263126678,202101,185,3
LIGT3,202102,-0.0667808710000616,0.0423057191073895,0.0205541263126678,202101,185,2
LINX3,202102,-0.00660501981505945,0.0597937069833279,0.0205541263126678,202101,185,3
LLIS3,202102,-0.0919540229885056,0.092681348323822,0.0205541263126678,202101,185,5
LOGG3,202102,0.0047440060316768,0.0682486370205879,0.0205541263126678,202101,185,4
LOGN3,202102,-0.00251252452356776,0.0691668093204498,0.0205541263126678,202101,185,4
LPSB3,202102,0.0734176529656667,0.0633635893464088,0.0205541263126678,202101,185,3
LREN3,202102,0.158415687627136,0.0204317849129438,0.0205541263126678,202101,185,1
LUXM4,202102,0.106983475174675,0.0764506086707115,0.0205541263126678,202101,185,5
LWSA3,202102,-0.0907195243017307,0.0880864188075066,0.0205541263126678,202101,185,5
MDIA3,202102,0.100300327595934,0.0527685582637787,0.0205541263126678,202101,185,2
MDNE3,202102,-0.046460178802361,0.0364223532378674,0.0205541263126678,202101,185,2
MEAL3,202102,0.0668449196156462,0.0652177482843399,0.0205541263126678,202101,185,4
MGLU3,202102,0.00649023137244154,0.0276260077953339,0.0205541263126678,202101,185,1
MILS3,202102,-0.0379759479556457,0.065934494137764,0.0205541263126678,202101,185,4
MOVI3,202102,0.0736777665342845,0.0563635788857937,0.0205541263126678,202101,185,2
MRFG3,202102,-0.0526044352759154,0.0774124264717102,0.0205541263126678,202101,185,5
MRVE3,202102,0.00230533829899859,0.0648869201540947,0.0205541263126678,202101,185,3
MTRE3,202102,0.00380857184606476,0.054203350096941,0.0205541263126678,202101,185,2
MTSA4,202102,0.0681796058549631,0.0686139762401581,0.0205541263126678,202101,185,4
MULT3,202102,0.114198992076433,0.0674774795770645,0.0205541263126678,202101,185,4
MYPK3,202102,0.218221822425362,0.0667777135968208,0.0205541263126678,202101,185,4
NEOE3,202102,0.1775,0.0453164465725422,0.0205541263126678,202101,185,2
NTCO3,202102,0.0576528518670496,0.0251532942056656,0.0205541263126678,202101,185,1
ODPV3,202102,0.0360219263899766,0.0499177165329456,0.0205541263126678,202101,185,2
OFSA3,202102,0.133537266642353,0.0700071901082993,0.0205541263126678,202101,185,5
OIBR3,202102,-0.111764705882353,0.0524365119636059,0.0205541263126678,202101,185,2
OMGE3,202102,0.0142857142857142,0.0215832572430372,0.0205541263126678,202101,185,1
PARD3,202102,0.125465178096757,0.0640975013375282,0.0205541263126678,202101,185,3
PATI3,202102,0.304202995947412,0.0746535509824753,0.0205541263126678,202101,185,5
PCAR3,202102,0.018052375261234,0.0685083791613579,0.0205541263126678,202101,185,4
PDTC3,202102,-0.197791182415917,0.071777917444706,0.0205541263126678,202101,185,5
PETR3,202102,0.153679893804914,0.0684467777609825,0.0205541263126678,202101,185,4
PETR4,202102,0.137595251872252,0.06046586856246,0.0205541263126678,202101,185,3
PFRM3,202102,0.0553690196987284,0.0661850944161415,0.0205541263126678,202101,185,4
PNVL3,202102,0.0470650775633332,0.0127750467509031,0.0205541263126678,202101,185,1
POMO4,202102,0.026820275484315,0.0589574910700321,0.0205541263126678,202101,185,2
POSI3,202102,0.305139629463227,0.0305313840508461,0.0205541263126678,202101,185,1
PRIO3,202102,0.0772002177844811,0.0204118862748146,0.0205541263126678,202101,185,1
PRNR3,202102,-0.0703910970227145,0.062725268304348,0.0205541263126678,202101,185,3
PSSA3,202102,0.0765644948594044,0.0593186020851135,0.0205541263126678,202101,185,2
PTBL3,202102,0.163522307802748,0.0211435463279486,0.0205541263126678,202101,185,1
PTNT4,202102,0.119842829076621,0.0793525353074074,0.0205541263126678,202101,185,5
QUAL3,202102,0.162363787727679,0.0533422194421291,0.0205541263126678,202101,185,2
RADL3,202102,0.0714826560597033,0.0201881527900696,0.0205541263126678,202101,185,1
RAIL3,202102,0.0334999541920726,0.0318012535572052,0.0205541263126678,202101,185,1
RANI3,202102,0.231918952429713,0.0275495704263449,0.0205541263126678,202101,185,1
RAPT3,202102,0.115350248899511,0.0649018213152885,0.0205541263126678,202101,185,3
RAPT4,202102,0.0603882957852293,0.059322789311409,0.0205541263126678,202101,185,3
RCSL4,202102,0.140000007661824,0.0684469938278198,0.0205541263126678,202101,185,4
RDNI3,202102,0.150670794633643,0.0525431968271732,0.0205541263126678,202101,185,2
RENT3,202102,-0.0252962922600087,0.0265392120927572,0.0205541263126678,202101,185,1
ROMI3,202102,-0.154011020079718,0.0414880663156509,0.0205541263126678,202101,185,2
RPAD3,202102,0.0281293205511435,0.0606062524020672,0.0205541263126678,202101,185,3
RSID3,202102,-0.147766341606294,0.0500691719353199,0.0205541263126678,202101,185,2
SANB11,202102,0.0901560648125965,0.0208590645343065,0.0205541263126678,202101,185,1
SAPR11,202102,-0.0562061134354113,0.0492824353277683,0.0205541263126678,202101,185,2
SAPR4,202102,-0.0469484212844996,0.0660935863852501,0.0205541263126678,202101,185,4
SBSP3,202102,-0.0853200663280848,0.0706820860505104,0.0205541263126678,202101,185,5
SCAR3,202102,0.124718186744454,0.0514301024377346,0.0205541263126678,202101,185,2
SEER3,202102,0.164569383111433,0.0186603516340256,0.0205541263126678,202101,185,1
SGPS3,202102,0.227272727272727,0.0712045803666115,0.0205541263126678,202101,185,5
SHOW3,202102,0.145021659140621,0.0664147809147835,0.0205541263126678,202101,185,4
SHUL4,202102,-0.0482698441336742,0.0630665943026543,0.0205541263126678,202101,185,3
SLCE3,202102,0.0862880338335386,0.071871891617775,0.0205541263126678,202101,185,5
SMLS3,202102,0.052263182454503,0.0702311471104622,0.0205541263126678,202101,185,5
SMTO3,202102,0.104266648707845,0.0516422353684902,0.0205541263126678,202101,185,2
SQIA3,202102,0.0373134328358209,0.0662768557667732,0.0205541263126678,202101,185,4
STBP3,202102,0.271954674220963,0.0686320811510086,0.0205541263126678,202101,185,4
SULA11,202102,0.0602262305105472,0.019276125356555,0.0205541263126678,202101,185,1
SUZB3,202102,-0.11562542783752,0.0723863020539284,0.0205541263126678,202101,185,5
TAEE11,202102,-0.00275587869323513,0.0657331421971321,0.0205541263126678,202101,185,4
TASA3,202102,-0.0417623870070221,0.0628530010581017,0.0205541263126678,202101,185,3
TASA4,202102,-0.00970851007267615,0.0792789682745934,0.0205541263126678,202101,185,5
TCSA3,202102,-0.0804877881419435,0.0632183253765106,0.0205541263126678,202101,185,3
TECN3,202102,0.0821916579976845,0.0224073175340891,0.0205541263126678,202101,185,1
TEND3,202102,-0.0646230828179682,0.0418266020715237,0.0205541263126678,202101,185,2
TESA3,202102,0.021661456007146,0.0255210623145103,0.0205541263126678,202101,185,1
TGMA3,202102,0.0375439526493031,0.0625648275017738,0.0205541263126678,202101,185,3
TIMS3,202102,-0.00164073430832223,0.0698630064725876,0.0205541263126678,202101,185,5
TOTS3,202102,0.108360161049801,0.0643403604626656,0.0205541263126678,202101,185,3
TPIS3,202102,-0.17709367175831,0.07504802942276,0.0205541263126678,202101,185,5
TRIS3,202102,0.0722396331107644,0.0582268536090851,0.0205541263126678,202101,185,2
TRPL4,202102,-0.00962962962962965,0.0484796091914177,0.0205541263126678,202101,185,2
TUPY3,202102,0.0503842209891321,0.0619695410132408,0.0205541263126678,202101,185,3
UCAS3,202102,-0.0693660239208283,0.0536057353019714,0.0205541263126678,202101,185,2
UGPA3,202102,-0.0857413236675017,0.06849754601717,0.0205541263126678,202101,185,4
UNIP3,202102,0.270702170305024,0.0645976513624191,0.0205541263126678,202101,185,3
UNIP6,202102,0.332088090565154,0.0745876356959343,0.0205541263126678,202101,185,5
USIM3,202102,-0.122269187604178,0.0280164033174515,0.0205541263126678,202101,185,1
USIM5,202102,-0.115137912471039,0.079064354300499,0.0205541263126678,202101,185,5
VALE3,202102,0.0528342649723057,0.0711905509233475,0.0205541263126678,202101,185,5
VIVA3,202102,0.201652719399023,0.0548417121171951,0.0205541263126678,202101,185,2
VIVT3,202102,0.0270974658577441,0.0697066336870194,0.0205541263126678,202101,185,4
VLID3,202102,0.0250001471531329,0.0480056218802929,0.0205541263126678,202101,185,2
VULC3,202102,0.205263416418241,0.0470487549901009,0.0205541263126678,202101,185,2
VVAR3,202102,0.0972104818258666,0.0501298420131207,0.0205541263126678,202101,185,2
WEGE3,202102,-0.024563911086621,0.0712878108024597,0.0205541263126678,202101,185,5
WIZS3,202102,0.119130434782609,0.0448919907212257,0.0205541263126678,202101,185,2
YDUQ3,202102,0.124402073086289,0.0669033452868462,0.0205541263126678,202101,185,4
AALR3,202103,-0.0415648092791342,0.0863410830497742,0.0205541263126678,202101,185,5
ABCB4,202103,-0.079420332239276,0.062273696064949,0.0205541263126678,202101,185,4
ABEV3,202103,-0.0490251366421527,0.0236771944910288,0.0205541263126678,202101,185,1
AGRO3,202103,-0.0755007825155505,0.0307440981268883,0.0205541263126678,202101,185,2
ALPA3,202103,0.0655128012133266,0.038155734539032,0.0205541263126678,202101,185,3
ALPA4,202103,0.0613235976722177,0.0322943069040775,0.0205541263126678,202101,185,2
ALSO3,202103,-0.032,0.0528043769299984,0.0205541263126678,202101,185,3
ALUP11,202103,-0.0375776561146284,0.0747312158346176,0.0205541263126678,202101,185,5
AMAR3,202103,0.199481931054569,0.0763467997312546,0.0205541263126678,202101,185,5
ANIM3,202103,0.0960318436339365,0.0356828346848488,0.0205541263126678,202101,185,3
APER3,202103,-0.0657769304099143,0.0784970372915268,0.0205541263126678,202101,185,5
ARZZ3,202103,0.066230396028433,0.0705955773591995,0.0205541263126678,202101,185,4
AZUL4,202103,0.0206976744186047,0.0694173648953438,0.0205541263126678,202101,185,4
B3SA3,202103,-0.0288150411634949,0.0310195498168469,0.0205541263126678,202101,185,2
BBAS3,202103,-0.0360200652395867,0.0638304576277733,0.0205541263126678,202101,185,4
BBDC3,202103,-0.0430356986686165,0.0366235934197903,0.0205541263126678,202101,185,3
BBDC4,202103,-0.0276417451654173,0.0624069310724735,0.0205541263126678,202101,185,4
BBRK3,202103,0.554913294797688,0.0260600969195366,0.0205541263126678,202101,185,2
BBSE3,202103,-0.0128205144838962,0.0762512162327766,0.0205541263126678,202101,185,5
BEEF11,202103,-0.0391752577319586,0.00482320878654718,0.0205541263126678,202101,185,1
BEEF3,202103,-0.0544905866308992,0.0470138378441334,0.0205541263126678,202101,185,3
BEES3,202103,0.0113857609770376,0.0577297545969486,0.0205541263126678,202101,185,4
BIDI11,202103,0.138445777842822,0.0227196142077446,0.0205541263126678,202101,185,1
BIDI3,202103,0.125,0.0229463502764702,0.0205541263126678,202101,185,1
BIDI4,202103,0.150395778364116,0.0189640838652849,0.0205541263126678,202101,185,1
BKBR3,202103,0.11924882629108,0.0200453586876392,0.0205541263126678,202101,185,1
BMGB4,202103,-0.0281687389703048,0.0808002278208733,0.0205541263126678,202101,185,5
BPAC11,202103,-0.0160420366730466,0.0299301836639643,0.0205541263126678,202101,185,2
BPAC3,202103,-0.0418748948301685,0.0437801145017147,0.0205541263126678,202101,185,3
BPAC5,202103,0.0262134109354164,0.0398919358849525,0.0205541263126678,202101,185,3
BPAN4,202103,0.0543382997370727,0.0491258762776852,0.0205541263126678,202101,185,3
BRAP3,202103,0.0357725415907859,0.0214266460388899,0.0205541263126678,202101,185,1
BRAP4,202103,0.0438142064616651,0.0696147680282593,0.0205541263126678,202101,185,4
BRDT3,202103,0.0341085271317829,0.0311646424233913,0.0205541263126678,202101,185,2
BRFS3,202103,0.0609472049689439,0.0454604476690292,0.0205541263126678,202101,185,3
BRGE3,202103,-0.0627659574468085,0.0566817969083786,0.0205541263126678,202101,185,4
BRIV3,202103,-0.00483091787439605,0.0511865094304085,0.0205541263126678,202101,185,3
BRKM5,202103,0.189334947301827,0.07068732380867,0.0205541263126678,202101,185,4
BRML3,202103,-0.0930232558139534,0.0437331236898899,0.0205541263126678,202101,185,3
BRPR3,202103,-0.0447917582271068,0.0769044309854507,0.0205541263126678,202101,185,5
BRSR3,202103,-0.00450585191079367,0.0234260521829128,0.0205541263126678,202101,185,1
BRSR6,202103,-0.0107302069592137,0.0682489797472954,0.0205541263126678,202101,185,4
BTOW3,202103,0.108953974895398,0.0522426553070545,0.0205541263126678,202101,185,3
CAML3,202103,-0.0456350462570815,0.0639406889677048,0.0205541263126678,202101,185,4
CARD3,202103,-0.0874799357945426,0.0212759580463171,0.0205541263126678,202101,185,1
CCPR3,202103,-0.0325203252032521,0.081288754940033,0.0205541263126678,202101,185,5
CCRO3,202103,-0.0239477503628447,0.075478695333004,0.0205541263126678,202101,185,5
CEAB3,202103,0.0220640027061003,0.0778227373957634,0.0205541263126678,202101,185,5
CESP3,202103,-0.024563901744393,0.0542166121304035,0.0205541263126678,202101,185,4
CESP6,202103,-0.00951592883740171,0.0536592788994312,0.0205541263126678,202101,185,4
CGRA4,202103,0.0586983488750108,0.0721855983138084,0.0205541263126678,202101,185,5
CIEL3,202103,-0.135391923990499,0.0747616067528725,0.0205541263126678,202101,185,5
CLSC4,202103,-0.00860160937479115,0.00590382749214768,0.0205541263126678,202101,185,1
CMIG3,202103,-0.107164455816866,0.0580916404724121,0.0205541263126678,202101,185,4
CMIG4,202103,-0.106774962709197,0.0813731998205185,0.0205541263126678,202101,185,5
COCE5,202103,0.0711151072681651,0.0703646764159203,0.0205541263126678,202101,185,4
COGN3,202103,0.0260663436237709,0.0701151564717293,0.0205541263126678,202101,185,4
CPFE3,202103,-0.0626957525343417,0.0243117958307266,0.0205541263126678,202101,185,1
CPLE3,202103,-0.0414508718927076,0.0209541618824005,0.0205541263126678,202101,185,1
CPLE6,202103,-0.0705329153605016,0.0949904546141624,0.0205541263126678,202101,185,5
CRDE3,202103,-0.059919028340081,0.0400397516787052,0.0205541263126678,202101,185,3
CRFB3,202103,-0.0624999999999999,0.0144277131184936,0.0205541263126678,202101,185,1
CRIV4,202103,-0.0112540192926044,0.0591710284352303,0.0205541263126678,202101,185,4
CRPG5,202103,0.26723855795784,-0.0271733589470387,0.0205541263126678,202101,185,1
CSAN3,202103,0.0252458842619174,0.0668725296854973,0.0205541263126678,202101,185,4
CSMG3,202103,-0.109573687073997,0.0530884340405464,0.0205541263126678,202101,185,3
CSNA3,202103,-0.0207034110410831,0.0400097668170929,0.0205541263126678,202101,185,3
CTNM4,202103,0.0197868545216318,0.0495123378932476,0.0205541263126678,202101,185,3
CVCB3,202103,0.158474307145463,0.0346293076872826,0.0205541263126678,202101,185,3
CYRE3,202103,-0.0234309334646059,0.028170233592391,0.0205541263126678,202101,185,2
DIRR3,202103,0.0263931265458712,0.080286480486393,0.0205541263126678,202101,185,5
DMMO11,202103,0.111111111111111,0.0713006928563118,0.0205541263126678,202101,185,4
DMMO3,202103,0.0689655172413795,0.0773193091154099,0.0205541263126678,202101,185,5
DTEX3,202103,0.156462585034014,0.0779393240809441,0.0205541263126678,202101,185,5
EALT4,202103,-0.0327636148595538,0.0599993765354157,0.0205541263126678,202101,185,4
ECOR3,202103,-0.0385964688650932,0.0675019323825836,0.0205541263126678,202101,185,4
EGIE3,202103,-0.016084430646127,0.0425705350935459,0.0205541263126678,202101,185,3
ELET3,202103,-0.0152828467153285,0.0339697487652302,0.0205541263126678,202101,185,3
ELET6,202103,-0.00711335474988517,0.0716488510370255,0.0205541263126678,202101,185,4
EMAE4,202103,-0.0222222735450555,0.00143004255369306,0.0205541263126678,202101,185,1
EMBR3,202103,0.0920138888888888,0.0567034743726254,0.0205541263126678,202101,185,4
ENAT3,202103,0.16948051948052,0.0706538110971451,0.0205541263126678,202101,185,4
ENBR3,202103,-0.0520107238605898,0.0791371539235115,0.0205541263126678,202101,185,5
ENEV3,202103,-0.0801733269575948,0.0272190030664206,0.0205541263126678,202101,185,2
ENGI11,202103,-0.00343954171827887,0.0414735786616802,0.0205541263126678,202101,185,3
EQPA3,202103,0.15789464204384,0.0716612264513969,0.0205541263126678,202101,185,4
EQTL3,202103,0.00283043446543774,0.0264932326972485,0.0205541263126678,202101,185,2
ETER3,202103,-0.225391840202639,0.0273542087525129,0.0205541263126678,202101,185,2
EUCA4,202103,-0.057143013674412,0.0199486948549747,0.0205541263126678,202101,185,1
EVEN3,202103,0.0129615698403327,0.0819390043616295,0.0205541263126678,202101,185,5
EZTC3,202103,-0.000963210928886848,0.0384792238473892,0.0205541263126678,202101,185,3
FESA4,202103,0.124712777607572,0.0183509178459644,0.0205541263126678,202101,185,1
FHER3,202103,-0.358801485017313,0.0805897414684296,0.0205541263126678,202101,185,5
FLRY3,202103,-0.0207783141726831,0.0213938858360052,0.0205541263126678,202101,185,1
FRAS3,202103,0.0717298807440194,0.0832857564091682,0.0205541263126678,202101,185,5
GEPA4,202103,0.0386740337363893,0.0536857396364212,0.0205541263126678,202101,185,4
GFSA3,202103,0.0229885837192196,0.0630194991827011,0.0205541263126678,202101,185,4
GGBR3,202103,-0.083273165901852,0.0226074121892452,0.0205541263126678,202101,185,1
GGBR4,202103,-0.100546743735626,0.023386973887682,0.0205541263126678,202101,185,1
GNDI3,202103,-0.0391446996266546,0.0301256664097309,0.0205541263126678,202101,185,2
GOAU3,202103,-0.0854093755648676,0.0211401898413897,0.0205541263126678,202101,185,1
GOAU4,202103,-0.0668016080250972,0.0257053934037685,0.0205541263126678,202101,185,2
GOLL4,202103,-0.143603133159269,0.0325472615659237,0.0205541263126678,202101,185,2
GPCP3,202103,0.221945137157107,0.0277388822287321,0.0205541263126678,202101,185,2
GRND3,202103,-0.0118225408951135,0.022926963865757,0.0205541263126678,202101,185,1
GUAR3,202103,0.0525517938352702,0.0275776106864214,0.0205541263126678,202101,185,2
HAPV3,202103,-0.0368750750510347,0.031908143311739,0.0205541263126678,202101,185,2
HBOR3,202103,-0.0474575171540386,0.0307768322527409,0.0205541263126678,202101,185,2
HGTX3,202103,0.0398176291793313,0.0261115096509457,0.0205541263126678,202101,185,2
HYPE3,202103,-0.0530217898677448,0.0215896163135767,0.0205541263126678,202101,185,1
IGTA3,202103,-0.0647398843930636,0.0767835602164269,0.0205541263126678,202101,185,5
IRBR3,202103,-0.0286195905214052,0.0276301223784685,0.0205541263126678,202101,185,2
ITSA3,202103,-0.0248078349716543,0.0483853407204151,0.0205541263126678,202101,185,3
ITSA4,202103,0.0285978365944233,0.0252289157360792,0.0205541263126678,202101,185,2
ITUB3,202103,0.00696643222828208,0.0748136565089226,0.0205541263126678,202101,185,5
ITUB4,202103,0.00931424229621158,0.0266598779708147,0.0205541263126678,202101,185,2
JBSS3,202103,-0.0380165289256198,0.0200760588049889,0.0205541263126678,202101,185,1
JHSF3,202103,-0.0459317950235673,0.090446412563324,0.0205541263126678,202101,185,5
JOPA3,202103,0.111562596903874,0.043147724121809,0.0205541263126678,202101,185,3
JPSA3,202103,0.133781512605042,0.0723055750131607,0.0205541263126678,202101,185,5
KEPL3,202103,0.0614330752246022,0.0220110546797514,0.0205541263126678,202101,185,1
KLBN11,202103,-0.000379247457058085,0.0246183425188065,0.0205541263126678,202101,185,1
KLBN4,202103,-0.0252919909406795,0.0694386586546898,0.0205541263126678,202101,185,4
KROT11,202103,0.0260663507109005,0.0948027595877647,0.0205541263126678,202101,185,5
LAME3,202103,0.103043246129205,0.0356373265385628,0.0205541263126678,202101,185,3
LAME4,202103,0.0849673202614378,0.0220626406371593,0.0205541263126678,202101,185,1
LCAM3,202103,0.0148093298778229,0.0436411239206791,0.0205541263126678,202101,185,3
LEVE3,202103,0.208046354943046,0.0764508470892906,0.0205541263126678,202101,185,5
LIGT3,202103,-0.0666666230145375,0.0359983891248703,0.0205541263126678,202101,185,3
LINX3,202103,-0.00531914893617025,0.0261068921536207,0.0205541263126678,202101,185,2
LLIS3,202103,0.0734177215189873,0.0499096065759659,0.0205541263126678,202101,185,3
LOGG3,202103,0.071838277698169,0.0807566866278648,0.0205541263126678,202101,185,5
LOGN3,202103,-0.0493702530681648,0.0305706597864628,0.0205541263126678,202101,185,2
LPSB3,202103,0.115566132930158,0.0806194692850113,0.0205541263126678,202101,185,5
LREN3,202103,-0.0528496258584754,0.0293346401304007,0.0205541263126678,202101,185,2
LUXM4,202103,-0.0087246711516189,0.0623239241540432,0.0205541263126678,202101,185,4
LWSA3,202103,0.0344037437703009,0.0331479124724865,0.0205541263126678,202101,185,2
MDIA3,202103,0.115524175954201,0.065110981464386,0.0205541263126678,202101,185,4
MDNE3,202103,0.170533721209762,0.0218170341104269,0.0205541263126678,202101,185,1
MEAL3,202103,0.0200501658981003,0.0866584107279778,0.0205541263126678,202101,185,5
MGLU3,202103,0.0491071854841076,0.0287038832902908,0.0205541263126678,202101,185,2
MILS3,202103,0.133074928083279,0.0240563414990902,0.0205541263126678,202101,185,1
MOVI3,202103,0.0989783104406881,0.0312041603028774,0.0205541263126678,202101,185,2
MRFG3,202103,0.0419161676646707,0.0477502346038818,0.0205541263126678,202101,185,3
MRVE3,202103,-0.0609544246351072,0.0338693894445896,0.0205541263126678,202101,185,3
MTRE3,202103,-0.0229508484184154,0.0406500287353992,0.0205541263126678,202101,185,3
MTSA4,202103,0.288722131932786,0.0651926025748253,0.0205541263126678,202101,185,4
MULT3,202103,-0.0841777263515713,0.0474985651671886,0.0205541263126678,202101,185,3
MYPK3,202103,-0.0331724139307374,0.0690338760614395,0.0205541263126678,202101,185,4
NEOE3,202103,-0.0780254777070063,0.0798073187470436,0.0205541263126678,202101,185,5
NTCO3,202103,0.100678952473327,0.0293434839695692,0.0205541263126678,202101,185,2
ODPV3,202103,-0.0151171579743009,0.0709610879421234,0.0205541263126678,202101,185,4
OFSA3,202103,-0.0813292019683937,-0.00226119440048933,0.0205541263126678,202101,185,1
OIBR3,202103,0,0.0426330156624317,0.0205541263126678,202101,185,3
OMGE3,202103,-0.0442655935613682,0.0248976163566113,0.0205541263126678,202101,185,1
PARD3,202103,-0.00803023145961279,0.0681227520108223,0.0205541263126678,202101,185,4
PDTC3,202103,-0.167709582545982,0.0846362933516502,0.0205541263126678,202101,185,5
PETR3,202103,0.136585582348991,0.0412765108048916,0.0205541263126678,202101,185,3
PETR4,202103,0.09527347752462,0.0369051694869995,0.0205541263126678,202101,185,3
PFRM3,202103,0.0715420942957221,0.0843019708991051,0.0205541263126678,202101,185,5
PNVL3,202103,0.0338326521253478,0.0237566009163857,0.0205541263126678,202101,185,1
POMO4,202103,0.264924821419696,0.0278963446617126,0.0205541263126678,202101,185,2
POSI3,202103,-0.132301089674835,0.0218946300446987,0.0205541263126678,202101,185,1
PRIO3,202103,-0.0121641842927127,0.0297144800424576,0.0205541263126678,202101,185,2
PRNR3,202103,0.256009550703069,0.074662908911705,0.0205541263126678,202101,185,5
PSSA3,202103,0.00602088058630201,0.0809408724308014,0.0205541263126678,202101,185,5
PTBL3,202103,0.290251079597852,0.0235686209052801,0.0205541263126678,202101,185,1
PTNT4,202103,0.0210526315789474,0.049708902835846,0.0205541263126678,202101,185,3
QUAL3,202103,-0.0106091638139996,0.018633084371686,0.0205541263126678,202101,185,1
RADL3,202103,-0.122087459456691,0.0234613195061684,0.0205541263126678,202101,185,1
RAIL3,202103,-0.0735365327570743,0.026943875476718,0.0205541263126678,202101,185,2
RANI3,202103,0.10357133074985,0.0211996324360371,0.0205541263126678,202101,185,1
RAPT3,202103,0.025457528973563,0.0568470135331154,0.0205541263126678,202101,185,4
RAPT4,202103,-0.0800001768067857,0.0761168077588081,0.0205541263126678,202101,185,5
RCSL4,202103,0.274853818364871,0.0735714286565781,0.0205541263126678,202101,185,5
RDNI3,202103,0.0762331838565022,0.0605303384363651,0.0205541263126678,202101,185,4
RENT3,202103,0.0230702676210715,0.0302894990891218,0.0205541263126678,202101,185,2
ROMI3,202103,-0.118768787858283,0.0180141851305962,0.0205541263126678,202101,185,1
RPAD3,202103,0.0123119677605235,0.0483502261340618,0.0205541263126678,202101,185,3
RSID3,202103,0.108870959213696,0.0105280037969351,0.0205541263126678,202101,185,1
SANB11,202103,-0.0172288686535886,0.0250616315752268,0.0205541263126678,202101,185,2
SAPR11,202103,0.0307693969199496,0.0826201885938644,0.0205541263126678,202101,185,5
SAPR4,202103,0.0320198753547791,0.0669244900345802,0.0205541263126678,202101,185,4
SBSP3,202103,-0.0651673786032004,0.0397813692688942,0.0205541263126678,202101,185,3
SCAR3,202103,0.0226243059585318,0.0730037242174149,0.0205541263126678,202101,185,5
SEER3,202103,0.256874590795092,0.0428196452558041,0.0205541263126678,202101,185,3
SGPS3,202103,-0.148148148148148,0.070558674633503,0.0205541263126678,202101,185,4
SHOW3,202103,0.162570854934927,0.0682148337364197,0.0205541263126678,202101,185,4
SHUL4,202103,-0.0215457236573758,0.0728031173348427,0.0205541263126678,202101,185,5
SLCE3,202103,-0.0316980759827455,0.0709342882037163,0.0205541263126678,202101,185,4
SMLS3,202103,-0.00665188470066525,0.0545791201293469,0.0205541263126678,202101,185,4
SMTO3,202103,0.0499711179451639,0.0557934604585171,0.0205541263126678,202101,185,4
SQIA3,202103,0.0410495133305122,0.0211639199405909,0.0205541263126678,202101,185,1
STBP3,202103,0.00556792873051215,0.0265899319201708,0.0205541263126678,202101,185,2
SULA11,202103,0.00288350634371404,0.0281565189361572,0.0205541263126678,202101,185,2
SUZB3,202103,-0.0151489276112795,0.0277372505515814,0.0205541263126678,202101,185,2
TAEE11,202103,-0.0474961475932173,0.0360886938869953,0.0205541263126678,202101,185,3
TASA3,202103,-0.0647740591489303,-0.0194061398506165,0.0205541263126678,202101,185,1
TASA4,202103,-0.0725489471680596,0.0685196444392204,0.0205541263126678,202101,185,4
TCSA3,202103,0.116710891099879,0.0277651809155941,0.0205541263126678,202101,185,2
TEND3,202103,0.0411470165715429,0.02839763648808,0.0205541263126678,202101,185,2
TESA3,202103,0.0810928961748634,0.0301251597702503,0.0205541263126678,202101,185,2
TGMA3,202103,0.0361857102485679,0.0775654837489128,0.0205541263126678,202101,185,5
TIMS3,202103,-0.041646441897047,0.0395501516759396,0.0205541263126678,202101,185,3
TOTS3,202103,0.0922543172049497,0.025057215243578,0.0205541263126678,202101,185,1
TPIS3,202103,0.0359281274330123,0.0691405162215233,0.0205541263126678,202101,185,4
TRIS3,202103,-0.0615978414910648,0.0283553097397089,0.0205541263126678,202101,185,2
TRPL4,202103,-0.0617053103964098,0.0816635861992836,0.0205541263126678,202101,185,5
TUPY3,202103,-0.0349592521898715,0.0775165632367134,0.0205541263126678,202101,185,5
UCAS3,202103,-0.0139444216372535,0.0163156595081091,0.0205541263126678,202101,185,1
UGPA3,202103,1.06815073072602,0.0330830588936806,0.0205541263126678,202101,185,2
UNIP3,202103,0.149356356598088,0.0194875132292509,0.0205541263126678,202101,185,1
UNIP6,202103,-0.0229556921022858,0.0453606583178043,0.0205541263126678,202101,185,3
USIM3,202103,-0.0294840641792102,0.0344208888709545,0.0205541263126678,202101,185,3
USIM5,202103,-0.0382678466818543,0.027912825345993,0.0205541263126678,202101,185,2
VALE3,202103,0.0061550648461377,0.0248495656996965,0.0205541263126678,202101,185,1
VIVA3,202103,0.0926602222848798,0.0304567124694586,0.0205541263126678,202101,185,2
VIVT3,202103,-0.0497737453378314,0.0660903751850128,0.0205541263126678,202101,185,4
VLID3,202103,0.117885841080658,0.0379561893641949,0.0205541263126678,202101,185,3
VULC3,202103,0.0622270631375086,0.0335645638406277,0.0205541263126678,202101,185,3
VVAR3,202103,0.216486902927581,0.0274096205830574,0.0205541263126678,202101,185,2
WEGE3,202103,-0.0128666739955321,0.0314892008900642,0.0205541263126678,202101,185,2
WIZS3,202103,0.372183372183372,0.089339129626751,0.0205541263126678,202101,185,5
YDUQ3,202103,-0.00182384115711653,0.0770260989665985,0.0205541263126678,202101,185,5
AALR3,202104,-0.137755089628354,0.0235111825168133,0.0205541263126678,202101,185,2
ABCB4,202104,-0.0487712579106715,0.0351554080843926,0.0205541263126678,202101,185,3
ABEV3,202104,-0.0251904542367338,0.0400128811597824,0.0205541263126678,202101,185,4
AGRO3,202104,-0.0370000899533378,-0.0440581850707531,0.0205541263126678,202101,185,1
ALPA3,202104,0.023201982701512,-0.141054540872574,0.0205541263126678,202101,185,1
ALPA4,202104,0.0253038350717691,0.0398719161748886,0.0205541263126678,202101,185,4
ALSO3,202104,-0.0268595041322314,0.0343313291668892,0.0205541263126678,202101,185,2
ALUP11,202104,-0.0731613676518702,0.0309850946068764,0.0205541263126678,202101,185,2
AMAR3,202104,-0.165226784580767,0.0335656777024269,0.0205541263126678,202101,185,2
ANIM3,202104,-0.167270182527431,0.0405150391161442,0.0205541263126678,202101,185,4
APER3,202104,0.0771428571428572,0.0406747832894325,0.0205541263126678,202101,185,4
ARZZ3,202104,-0.0421164021164021,-0.169892743229866,0.0205541263126678,202101,185,1
ATOM3,202104,-0.232894736842105,0.0338130332529545,0.0205541263126678,202101,185,2
AZUL4,202104,-0.11369332421964,0.0530033893883228,0.0205541263126678,202101,185,5
B3SA3,202104,-0.0933411747622752,0.0443983040750027,0.0205541263126678,202101,185,4
BBAS3,202104,-0.0155621534226249,0.0381330214440823,0.0205541263126678,202101,185,3
BBDC3,202104,-0.0330420377393896,0.0373221859335899,0.0205541263126678,202101,185,3
BBDC4,202104,-0.0368492887462882,0.034711055457592,0.0205541263126678,202101,185,3
BBRK3,202104,-0.163568773234201,0.0558998547494412,0.0205541263126678,202101,185,5
BBSE3,202104,-0.0748917978776074,0.0393072403967381,0.0205541263126678,202101,185,4
BEEF11,202104,-0.0557939914163089,-0.137804955244064,0.0205541263126678,202101,185,1
BEEF3,202104,-0.042689494061393,0.0400355868041515,0.0205541263126678,202101,185,4
BEES3,202104,-0.0155156711380939,-0.150108933448792,0.0205541263126678,202101,185,1
BIDI11,202104,-0.0875433860393367,0.0462017841637135,0.0205541263126678,202101,185,5
BIDI3,202104,-0.0807017543859649,0.0490967072546482,0.0205541263126678,202101,185,5
BIDI4,202104,-0.0875382262996942,0.0467432327568531,0.0205541263126678,202101,185,5
BKBR3,202104,-0.11744966442953,0.0396331548690796,0.0205541263126678,202101,185,4
BMGB4,202104,-0.0372670124993401,-0.0346630476415157,0.0205541263126678,202101,185,1
BPAC11,202104,-0.0447321486042585,0.0552382506430149,0.0205541263126678,202101,185,5
BPAC3,202104,0.0454415995318867,0.0131419328972697,0.0205541263126678,202101,185,2
BPAC5,202104,-0.0887125022559459,0.0383216440677643,0.0205541263126678,202101,185,3
BPAN4,202104,-0.145054031587697,0.0482256002724171,0.0205541263126678,202101,185,5
BRAP3,202104,0.0483724202064235,0.0451928973197937,0.0205541263126678,202101,185,5
BRAP4,202104,0.0396936089746505,-0.15123476088047,0.0205541263126678,202101,185,1
BRDT3,202104,0.0618440779610194,0.0349633544683456,0.0205541263126678,202101,185,3
BRFS3,202104,-0.0625686059275521,0.0189496465027332,0.0205541263126678,202101,185,2
BRGE3,202104,-0.0442678774120319,0.0212246887385845,0.0205541263126678,202101,185,2
BRIV3,202104,-0.0291262135922331,0.0247779544442892,0.0205541263126678,202101,185,2
BRKM5,202104,-0.0302267224440355,0.0355597920715809,0.0205541263126678,202101,185,3
BRML3,202104,-0.0108481262327418,0.043211966753006,0.0205541263126678,202101,185,4
BRPR3,202104,-0.0577971906706708,0.0320789441466332,0.0205541263126678,202101,185,2
BRSR6,202104,-0.0693816667549507,0.040184710174799,0.0205541263126678,202101,185,4
BTOW3,202104,0.0262601871415635,-0.134907141327858,0.0205541263126678,202101,185,1
CAML3,202104,-0.0670858747913072,0.0346761904656887,0.0205541263126678,202101,185,3
CARD3,202104,-0.0369393139841688,-0.177213251590729,0.0205541263126678,202101,185,1
CCPR3,202104,-0.0529411764705883,0.0322244912385941,0.0205541263126678,202101,185,2
CCRO3,202104,-0.033457249070632,0.0401694104075432,0.0205541263126678,202101,185,4
CEAB3,202104,-0.174791046946432,0.0321930237114429,0.0205541263126678,202101,185,2
CESP3,202104,-0.0328467153284671,0.0216085072606802,0.0205541263126678,202101,185,2
CESP6,202104,-0.0258980785296575,0.0320263281464577,0.0205541263126678,202101,185,2
CGRA4,202104,-0.035301111714273,-0.0199093837291002,0.0205541263126678,202101,185,1
CIEL3,202104,-0.0714285714285715,0.0371095836162567,0.0205541263126678,202101,185,3
CLSC4,202104,0.0991175246010123,0.0645477250218391,0.0205541263126678,202101,185,5
CMIG3,202104,0.00823030611089703,0.0166903287172318,0.0205541263126678,202101,185,2
CMIG4,202104,-0.0156636543361179,0.0469707399606705,0.0205541263126678,202101,185,5
COCE5,202104,-0.0181967607906833,-0.137996479868889,0.0205541263126678,202101,185,1
COGN3,202104,-0.159353424273509,0.050020944327116,0.0205541263126678,202101,185,5
CPFE3,202104,-0.0590858837826475,0.0376513786613941,0.0205541263126678,202101,185,3
CPLE3,202104,0.0342341133272872,0.0298436433076859,0.0205541263126678,202101,185,2
CPLE6,202104,0.0320404721753795,0.0965487137436867,0.0205541263126678,202101,185,5
CRDE3,202104,-0.0869939707149009,0.00759375980123878,0.0205541263126678,202101,185,2
CRFB3,202104,-0.0957142857142857,0.0409378372132778,0.0205541263126678,202101,185,4
CRIV4,202104,-0.0178861788617887,-0.145819500088692,0.0205541263126678,202101,185,1
CRPG5,202104,0.186182574088343,-0.125522658228874,0.0205541263126678,202101,185,1
CSAN3,202104,0.0663606296348649,0.0460262298583984,0.0205541263126678,202101,185,5
CSMG3,202104,-0.105229340068309,0.0314179994165897,0.0205541263126678,202101,185,2
CSNA3,202104,0.0627416254795037,0.0537924580276012,0.0205541263126678,202101,185,5
CTNM4,202104,-0.0686567240660005,0.0170133430510759,0.0205541263126678,202101,185,2
CVCB3,202104,-0.195526710782636,-0.00471677118912339,0.0205541263126678,202101,185,1
CYRE3,202104,-0.106683759072329,0.044939249753952,0.0205541263126678,202101,185,5
DIRR3,202104,-0.092142847373532,0.0432014502584934,0.0205541263126678,202101,185,4
DMMO11,202104,-0.0750000000000001,0.0229958780109882,0.0205541263126678,202101,185,2
DMMO3,202104,-0.0537634408602151,0.0452601127326489,0.0205541263126678,202101,185,5
DTEX3,202104,-0.0743697478991596,-0.182215467095375,0.0205541263126678,202101,185,1
EALT4,202104,-0.0353459728864918,-0.0429923869669437,0.0205541263126678,202101,185,1
ECOR3,202104,-0.080101125231152,0.0161335337907076,0.0205541263126678,202101,185,2
EGIE3,202104,-0.0311621403964639,0.0376513786613941,0.0205541263126678,202101,185,3
ELET3,202104,-0.067639564512393,0.0402371287345886,0.0205541263126678,202101,185,4
ELET6,202104,-0.0628611046914723,0.036645945161581,0.0205541263126678,202101,185,3
EMAE4,202104,-0.00715907632542612,-0.150513231754303,0.0205541263126678,202101,185,1
EMBR3,202104,-0.0148383677795443,0.0363167189061642,0.0205541263126678,202101,185,3
ENAT3,202104,-0.167684619655747,0.042370680719614,0.0205541263126678,202101,185,4
ENBR3,202104,-0.0311085972850679,0.0369424596428871,0.0205541263126678,202101,185,3
ENEV3,202104,-0.0306242916244028,0.0501524768769741,0.0205541263126678,202101,185,5
ENGI11,202104,-0.0828300820602773,0.0341721288859844,0.0205541263126678,202101,185,2
EQPA3,202104,-0.0254546529291496,0.0287517514079809,0.0205541263126678,202101,185,2
EQTL3,202104,-0.0241935176582984,0.0438439920544624,0.0205541263126678,202101,185,4
ETER3,202104,-0.030352079757234,-0.171862751245499,0.0205541263126678,202101,185,1
EUCA4,202104,-0.0686868157969028,-0.163927868008614,0.0205541263126678,202101,185,1
EVEN3,202104,-0.138623229137327,0.0465226173400879,0.0205541263126678,202101,185,5
EZTC3,202104,-0.116039953196804,0.0356149896979332,0.0205541263126678,202101,185,3
FESA4,202104,0.166215385202387,0.040753148496151,0.0205541263126678,202101,185,4
FHER3,202104,-0.0893691946053678,-0.179764300584793,0.0205541263126678,202101,185,1
FLRY3,202104,-0.0987653629264551,-0.134222641587257,0.0205541263126678,202101,185,1
FRAS3,202104,0.253718724959384,-0.164753615856171,0.0205541263126678,202101,185,1
GEPA4,202104,-0.0486701272287128,0.0328977108001709,0.0205541263126678,202101,185,2
GFSA3,202104,-0.155056214959189,0.0309474654495716,0.0205541263126678,202101,185,2
GGBR3,202104,0.0283128905697194,0.00846182368695736,0.0205541263126678,202101,185,2
GGBR4,202104,0.0401890835624605,0.0465301387012005,0.0205541263126678,202101,185,5
GNDI3,202104,-0.0580478040739433,0.0496178455650806,0.0205541263126678,202101,185,5
GOAU3,202104,-0.0093383830171696,0.0439823232591152,0.0205541263126678,202101,185,4
GOAU4,202104,0.0303688283848096,0.0437245480716229,0.0205541263126678,202101,185,4
GOLL4,202104,-0.102787456445993,-0.0317574106156826,0.0205541263126678,202101,185,1
GRND3,202104,0.0997009474518185,0.0378786697983742,0.0205541263126678,202101,185,3
GUAR3,202104,-0.154104656745079,0.0374589562416077,0.0205541263126678,202101,185,3
HAPV3,202104,-0.0754815486349182,0.0330912210047245,0.0205541263126678,202101,185,2
HBOR3,202104,-0.0794781758426961,0.0360012017190456,0.0205541263126678,202101,185,3
HGTX3,202104,0.0874013446360713,0.0367072783410549,0.0205541263126678,202101,185,3
HYPE3,202104,0.0432475369233969,0.0388622805476189,0.0205541263126678,202101,185,3
IGBR3,202104,-0.213709677419355,0.0377347618341446,0.0205541263126678,202101,185,3
IGTA3,202104,0.00939431396786139,0.0360224097967148,0.0205541263126678,202101,185,3
INEP3,202104,0.2477366757491,0.0417655035853386,0.0205541263126678,202101,185,4
IRBR3,202104,-0.0155977555108466,0.0446241684257984,0.0205541263126678,202101,185,4
ITSA3,202104,0.000877519997134035,0.0323970504105091,0.0205541263126678,202101,185,2
ITSA4,202104,0.00179354864330761,0.036645945161581,0.0205541263126678,202101,185,3
ITUB3,202104,0.0278768350194181,0.035552404820919,0.0205541263126678,202101,185,3
ITUB4,202104,0.0172908749862961,0.040549136698246,0.0205541263126678,202101,185,4
JBSS3,202104,0.101374570446735,0.0359356328845024,0.0205541263126678,202101,185,3
JHSF3,202104,0.0261349547994001,-0.138427466154099,0.0205541263126678,202101,185,1
JOPA3,202104,0.0120887738680433,0.0226555019617081,0.0205541263126678,202101,185,2
JPSA3,202104,0.043284909576045,0.00387353519909084,0.0205541263126678,202101,185,1
KEPL3,202104,-0.0263909445906214,-0.174445942044258,0.0205541263126678,202101,185,1
KLBN11,202104,-0.0656798493252582,0.0449726395308971,0.0205541263126678,202101,185,5
KLBN4,202104,-0.0658682217726031,0.0556390546262264,0.0205541263126678,202101,185,5
KROT11,202104,-0.159353348729792,0.068141795694828,0.0205541263126678,202101,185,5
LAME3,202104,-0.68054211035818,0.0432260856032372,0.0205541263126678,202101,185,4
LAME4,202104,-0.671455050973123,0.0425741411745548,0.0205541263126678,202101,185,4
LCAM3,202104,-0.00802626778547966,0.0364671982824802,0.0205541263126678,202101,185,3
LEVE3,202104,-0.042004056930909,0.0510254837572575,0.0205541263126678,202101,185,5
LIGT3,202104,-0.0498034346840059,0.0458017513155937,0.0205541263126678,202101,185,5
LLIS3,202104,-0.0849056603773586,0.0292444229125977,0.0205541263126678,202101,185,2
LOGG3,202104,-0.0966017412587881,0.0404790118336678,0.0205541263126678,202101,185,4
LOGN3,202104,-0.0434553028989777,-0.1734609156847,0.0205541263126678,202101,185,1
LPSB3,202104,-0.105708300222306,0.0327216349542141,0.0205541263126678,202101,185,2
LREN3,202104,-0.0662446354972577,0.0403645262122154,0.0205541263126678,202101,185,4
LUPA3,202104,-0.178306063278487,0.0393084846436977,0.0205541263126678,202101,185,4
LWSA3,202104,-0.07945309023921,-0.174629792571068,0.0205541263126678,202101,185,1
MDIA3,202104,-0.0447577098397836,0.0337799601256847,0.0205541263126678,202101,185,2
MDNE3,202104,-0.114965291715053,0.0470655560493469,0.0205541263126678,202101,185,5
MEAL3,202104,-0.0466830587731648,0.0365476831793785,0.0205541263126678,202101,185,3
MGLU3,202104,-0.0252984383273245,0.071869783103466,0.0205541263126678,202101,185,5
MILS3,202104,-0.0889396228727718,-0.172594726085663,0.0205541263126678,202101,185,1
MOVI3,202104,0.138141288319503,0.0455191992223263,0.0205541263126678,202101,185,5
MRFG3,202104,0.0245559038662486,0.0499084927141666,0.0205541263126678,202101,185,5
MRVE3,202104,-0.121861560141236,0.0400128811597824,0.0205541263126678,202101,185,4
MTRE3,202104,-0.0838925647525387,0.0387793555855751,0.0205541263126678,202101,185,3
MTSA4,202104,-0.169890493213816,-0.00706855673342943,0.0205541263126678,202101,185,1
MULT3,202104,-0.0063831290991434,0.0369523987174034,0.0205541263126678,202101,185,3
MYPK3,202104,-0.0966937477690754,0.0418762639164925,0.0205541263126678,202101,185,4
NEOE3,202104,0.000575705238917479,0.0332561582326889,0.0205541263126678,202101,185,2
NTCO3,202104,-0.0526965103983081,0.0445029884576798,0.0205541263126678,202101,185,4
ODPV3,202104,-0.0023023791250959,0.0382104814052582,0.0205541263126678,202101,185,3
OFSA3,202104,-0.0594119461661125,0.0408958308398724,0.0205541263126678,202101,185,4
OIBR3,202104,-0.211920529801324,0.0475854389369488,0.0205541263126678,202101,185,5
OIBR4,202104,-0.149321266968326,0.0543300807476044,0.0205541263126678,202101,185,5
OMGE3,202104,-0.0494736842105263,0.0346049778163433,0.0205541263126678,202101,185,3
OSXB3,202104,0.00100102393503021,0.0046398751437664,0.0205541263126678,202101,185,2
PARD3,202104,-0.0647619047619047,0.0157806873321533,0.0205541263126678,202101,185,2
PDTC3,202104,-0.184962387858742,0.0351940467953682,0.0205541263126678,202101,185,3
PETR3,202104,-0.092109780064839,0.0373221859335899,0.0205541263126678,202101,185,3
PETR4,202104,-0.085626807008254,0.0412165410816669,0.0205541263126678,202101,185,4
PFRM3,202104,-0.0682490509722001,-0.0183837823569775,0.0205541263126678,202101,185,1
PNVL3,202104,-0.102384323259223,0.0263079050928354,0.0205541263126678,202101,185,2
PNVL4,202104,-0.110697674418605,-0.0214424207806587,0.0205541263126678,202101,185,1
POMO4,202104,-0.0946353511008619,0.0425828918814659,0.0205541263126678,202101,185,4
POSI3,202104,0.0259528852015576,-0.178564459085464,0.0205541263126678,202101,185,1
PRIO3,202104,-0.0841456669176308,0.0428739115595818,0.0205541263126678,202101,185,4
PRNR3,202104,-0.131100437467896,-0.129510506987572,0.0205541263126678,202101,185,1
PSSA3,202104,-0.0208372542475622,0.0331215634942055,0.0205541263126678,202101,185,2
PTBL3,202104,-0.189467688601597,-0.174844026565552,0.0205541263126678,202101,185,1
PTNT4,202104,0.194158075601375,0.0711152851581574,0.0205541263126678,202101,185,5
QUAL3,202104,-0.107244674918947,0.0432170629501343,0.0205541263126678,202101,185,4
RADL3,202104,0.021448810265795,0.0420792773365974,0.0205541263126678,202101,185,4
RAIL3,202104,0.0788511357791828,0.0414749458432198,0.0205541263126678,202101,185,4
RANI3,202104,-0.127292236358385,-0.165030121803284,0.0205541263126678,202101,185,1
RAPT3,202104,0.0182471946597222,0.0230357889086008,0.0205541263126678,202101,185,2
RAPT4,202104,0.00999317155726676,0.0377720631659031,0.0205541263126678,202101,185,3
RCSL3,202104,0.101694955632464,0.0410629995167255,0.0205541263126678,202101,185,4
RCSL4,202104,-0.142201846047029,0.0372036062180996,0.0205541263126678,202101,185,3
RDNI3,202104,0.0333333333333334,0.0083526698872447,0.0205541263126678,202101,185,2
RENT3,202104,-0.0289061507951395,0.0550275929272175,0.0205541263126678,202101,185,5
ROMI3,202104,-0.0453797586382905,-0.186142072081566,0.0205541263126678,202101,185,1
RPAD3,202104,0.0256756399895117,0.0194819606840611,0.0205541263126678,202101,185,2
RSID3,202104,0.155454548922452,0.0466311536729336,0.0205541263126678,202101,185,5
SANB11,202104,-0.000987616088839127,0.0489237271249294,0.0205541263126678,202101,185,5
SANB3,202104,-0.022947384354677,-0.137583673000336,0.0205541263126678,202101,185,1
SAPR11,202104,-0.0367095301608019,0.0336344130337238,0.0205541263126678,202101,185,2
SAPR4,202104,-0.0310507512698758,0.0399363674223423,0.0205541263126678,202101,185,4
SBFG3,202104,-0.082592643557655,0.0419919714331627,0.0205541263126678,202101,185,4
SBSP3,202104,-0.0306178363474798,0.0383936688303947,0.0205541263126678,202101,185,3
SCAR3,202104,-0.0277129613538523,-0.131709203124046,0.0205541263126678,202101,185,1
SEER3,202104,-0.146744959341922,0.0339769124984741,0.0205541263126678,202101,185,2
SGPS3,202104,-0.161739130434783,-0.173426628112793,0.0205541263126678,202101,185,1
SHOW3,202104,-0.0260162353515625,0.0360432080924511,0.0205541263126678,202101,185,3
SHUL4,202104,0.0166993637259425,-0.181415051221848,0.0205541263126678,202101,185,1
SLCE3,202104,-0.123148862077329,-0.176495149731636,0.0205541263126678,202101,185,1
SMTO3,202104,-0.112617617972087,-0.00571549590677023,0.0205541263126678,202101,185,1
SQIA3,202104,0.218292682926829,0.0345151983201504,0.0205541263126678,202101,185,3
STBP3,202104,0.00332225913621276,0.0490383692085743,0.0205541263126678,202101,185,5
SULA11,202104,-0.139447958596895,0.0317744947969914,0.0205541263126678,202101,185,2
SUZB3,202104,-0.0959707984987286,0.0494526028633118,0.0205541263126678,202101,185,5
TAEE11,202104,0.0306232364634145,0.0544327311217785,0.0205541263126678,202101,185,5
TASA3,202104,0.137238006485057,0.0375905819237232,0.0205541263126678,202101,185,3
TASA4,202104,0.10570800563914,0.0384635105729103,0.0205541263126678,202101,185,3
TCSA3,202104,-0.16270782341395,0.0446385741233826,0.0205541263126678,202101,185,4
TEND3,202104,-0.104590842657149,0.0359944403171539,0.0205541263126678,202101,185,3
TESA3,202104,-0.0295188030731904,0.0350087657570839,0.0205541263126678,202101,185,3
TGMA3,202104,-0.113393544841006,0.043546449393034,0.0205541263126678,202101,185,4
TIMS3,202104,-0.0182136786668862,0.0398110337555409,0.0205541263126678,202101,185,4
TOTS3,202104,-0.060823505776102,0.0575755275785923,0.0205541263126678,202101,185,5
TPIS3,202104,-0.156069295897181,-0.158388182520866,0.0205541263126678,202101,185,1
TRIS3,202104,-0.105641033174889,0.0410022735595703,0.0205541263126678,202101,185,4
TRPL4,202104,-0.0382622558788363,-0.151452347636223,0.0205541263126678,202101,185,1
TUPY3,202104,-0.0775065583695121,0.0465300567448139,0.0205541263126678,202101,185,5
UCAS3,202104,-0.107070637022042,0.0567622296512127,0.0205541263126678,202101,185,5
UGPA3,202104,-0.0386078736046955,0.0400322899222374,0.0205541263126678,202101,185,4
UNIP3,202104,-0.0672180409039989,0.0367980040609837,0.0205541263126678,202101,185,3
UNIP6,202104,-0.0689726253684601,0.0416028872132301,0.0205541263126678,202101,185,4
USIM3,202104,0.0627847063343119,0.025192691013217,0.0205541263126678,202101,185,2
USIM5,202104,0.0769633349586527,0.0494117103517056,0.0205541263126678,202101,185,5
VALE3,202104,-0.0396468528837336,0.0476785115897656,0.0205541263126678,202101,185,5
VIVA3,202104,-0.0516717557408711,0.0383928380906582,0.0205541263126678,202101,185,3
VIVT3,202104,-0.00999586479052272,0.0344244278967381,0.0205541263126678,202101,185,2
VLID3,202104,-0.195454525199191,0.0197887178510427,0.0205541263126678,202101,185,2
VULC3,202104,-0.0729701354725175,0.0504026785492897,0.0205541263126678,202101,185,5
VVAR3,202104,-0.202659911336289,0.0354525931179523,0.0205541263126678,202101,185,3
WEGE3,202104,0.0599583022730712,0.0487302988767624,0.0205541263126678,202101,185,5
WIZS3,202104,-0.121744054360136,-0.175120651721954,0.0205541263126678,202101,185,1
YDUQ3,202104,-0.139464064566314,0.0533569306135178,0.0205541263126678,202101,185,5
AALR3,202105,0.24852065273832,0.0194848794490099,0.0205541263126678,202101,185,1
ABCB4,202105,0.122818761865684,0.0283987037837505,0.0205541263126678,202101,185,2
ABEV3,202105,0.0276444057426382,0.0394934043288231,0.0205541263126678,202101,185,4
AGRO3,202105,-0.0342677896209828,0.00291063240729272,0.0205541263126678,202101,185,1
ALPA3,202105,0.140589553072062,0.0203942861407995,0.0205541263126678,202101,185,1
ALPA4,202105,0.165371169116306,0.0460414290428162,0.0205541263126678,202101,185,5
ALPK3,202105,0.0271903440978705,0.0571116022765636,0.0205541263126678,202101,185,5
ALSO3,202105,-0.111818825194621,0.0227891635149717,0.0205541263126678,202101,185,2
ALUP11,202105,0.0359916703547996,0.0316360369324684,0.0205541263126678,202101,185,3
AMAR3,202105,-0.139715400498496,0.0120558124035597,0.0205541263126678,202101,185,1
ANIM3,202105,-0.157391423302895,0.0460414290428162,0.0205541263126678,202101,185,5
APER3,202105,-0.187571049640015,0.0463591665029526,0.0205541263126678,202101,185,5
ARZZ3,202105,-0.0121520106053911,0.0352551303803921,0.0205541263126678,202101,185,3
ATOM3,202105,-0.0891938250428818,0.0491545610129833,0.0205541263126678,202101,185,5
AZUL4,202105,-0.0300771208226222,0.0374925471842289,0.0205541263126678,202101,185,4
B3SA3,202105,-0.07737720749796,0.0412349328398705,0.0205541263126678,202101,185,4
BBAS3,202105,-0.026630331501305,0.0289409663528204,0.0205541263126678,202101,185,2
BBDC3,202105,-0.0335813867293149,0.0211083777248859,0.0205541263126678,202101,185,1
BBDC4,202105,-0.0446179386494157,0.0451719835400581,0.0205541263126678,202101,185,5
BBRK3,202105,-0.0444444444444445,0.0503313094377518,0.0205541263126678,202101,185,5
BBSE3,202105,-0.0861601743296259,0.018079711124301,0.0205541263126678,202101,185,1
BEEF11,202105,-0.252272727272727,0.029403829947114,0.0205541263126678,202101,185,2
BEEF3,202105,-0.0680044873145161,0.0346556380391121,0.0205541263126678,202101,185,3
BEES3,202105,-0.00800852744809311,0.0219242013990879,0.0205541263126678,202101,185,1
BIDI11,202105,-0.0449422372499295,0.041082113981247,0.0205541263126678,202101,185,4
BIDI3,202105,0.00593723494486853,0.0499543584883213,0.0205541263126678,202101,185,5
BIDI4,202105,-0.0804356933389192,0.0444122962653637,0.0205541263126678,202101,185,4
BKBR3,202105,-0.108365019011407,0.0445426739752293,0.0205541263126678,202101,185,5
BMGB4,202105,-0.103225981252357,0.0279692430049181,0.0205541263126678,202101,185,2
BPAC11,202105,-0.0190921851608165,0.0461074933409691,0.0205541263126678,202101,185,5
BPAC3,202105,-0.0251841005130216,0.000523690425325185,0.0205541263126678,202101,185,1
BPAC5,202105,0.00865541502895884,0.0320217311382294,0.0205541263126678,202101,185,3
BPAN4,202105,-0.0860476421973748,0.0363302864134312,0.0205541263126678,202101,185,3
BRAP3,202105,-0.10513916123008,0.0195280015468597,0.0205541263126678,202101,185,1
BRAP4,202105,-0.146160132446766,0.0385874696075916,0.0205541263126678,202101,185,4
BRDT3,202105,-0.0402400282386162,0.0373873114585876,0.0205541263126678,202101,185,4
BRFS3,202105,-0.0858704137392662,0.027167109772563,0.0205541263126678,202101,185,2
BRGE3,202105,0.0985748218527316,0.0218694265931845,0.0205541263126678,202101,185,1
BRIV3,202105,-0.0109999999999999,0.0242858547717333,0.0205541263126678,202101,185,2
BRKM5,202105,0.142683919879359,0.0499183796346188,0.0205541263126678,202101,185,5
BRML3,202105,-0.0997008973080757,0.0384629964828491,0.0205541263126678,202101,185,4
BRPR3,202105,-0.0312500278624969,0.0144266141578555,0.0205541263126678,202101,185,1
BRSR6,202105,0.0113452110803902,0.0317104198038578,0.0205541263126678,202101,185,3
CAML3,202105,0.0674155420738105,0.0268027577549219,0.0205541263126678,202101,185,2
CARD3,202105,-0.0502283105022831,0.0482909791171551,0.0205541263126678,202101,185,5
CCPR3,202105,-0.110913930789707,0.0141924368217587,0.0205541263126678,202101,185,1
CCRO3,202105,-0.0576923076923077,0.0237482227385044,0.0205541263126678,202101,185,2
CEAB3,202105,-0.249788954999982,0.0296639874577522,0.0205541263126678,202101,185,2
CESP3,202105,-0.105283018867924,0.0441641621291637,0.0205541263126678,202101,185,4
CESP6,202105,0.00514579759862777,0.0444064773619175,0.0205541263126678,202101,185,4
CGRA4,202105,0.288659758204173,0.0262064337730408,0.0205541263126678,202101,185,2
CIEL3,202105,-0.150887573964497,0.0396956354379654,0.0205541263126678,202101,185,4
CLSC4,202105,-0.0634201001372127,0.0420551896095276,0.0205541263126678,202101,185,4
CMIG3,202105,0.135374388359364,0.0162258874624968,0.0205541263126678,202101,185,1
CMIG4,202105,0.131490873178144,0.0364085473120213,0.0205541263126678,202101,185,4
COCE5,202105,0.00166970976316216,0.0145721603184938,0.0205541263126678,202101,185,1
COGN3,202105,-0.118131826430888,0.0439299941062927,0.0205541263126678,202101,185,4
CPFE3,202105,0.146919464807851,0.0155439469963312,0.0205541263126678,202101,185,1
CPLE3,202105,0.0365855326250995,0.0487354695796967,0.0205541263126678,202101,185,5
CPLE6,202105,0.117647058823529,0.0363757014274597,0.0205541263126678,202101,185,4
CRDE3,202105,0.0320754716981131,0.0353306941688061,0.0205541263126678,202101,185,3
CRFB3,202105,-0.0442338072669827,0.0248283669352531,0.0205541263126678,202101,185,2
CRIV4,202105,-0.0281456953642384,0.0323724448680878,0.0205541263126678,202101,185,3
CRPG5,202105,-0.0093349778505204,0.0823585763573647,0.0205541263126678,202101,185,5
CSAN3,202105,-0.136986305895213,0.0357224494218826,0.0205541263126678,202101,185,3
CSMG3,202105,0.00721490031499594,0.0257702525705099,0.0205541263126678,202101,185,2
CSNA3,202105,-0.233542857563673,0.0595629997551441,0.0205541263126678,202101,185,5
CTNM4,202105,-0.112179460727721,0.0213090293109417,0.0205541263126678,202101,185,1
CVCB3,202105,-0.0452914655084207,0.0400506667792797,0.0205541263126678,202101,185,4
CYRE3,202105,-0.0302159040099816,0.0481362901628017,0.0205541263126678,202101,185,5
DASA3,202105,-0.0740072965997262,0.0252981297671795,0.0205541263126678,202101,185,2
DIRR3,202105,-0.000786950087895533,0.0185730438679457,0.0205541263126678,202101,185,1
DMMO11,202105,-0.081081081081081,0.0293615907430649,0.0205541263126678,202101,185,2
DMMO3,202105,-0.0340909090909092,0.0327828079462051,0.0205541263126678,202101,185,3
DTEX3,202105,-0.0635497049477985,0.0410345271229744,0.0205541263126678,202101,185,4
EALT4,202105,-0.0625954918823858,0.023062190040946,0.0205541263126678,202101,185,2
ECOR3,202105,-0.0971585970839647,0.0161579363048077,0.0205541263126678,202101,185,1
EGIE3,202105,0.0155255793627602,0.0154987219721079,0.0205541263126678,202101,185,1
ELET3,202105,-0.0650931677018632,0.0342669859528542,0.0205541263126678,202101,185,3
ELET6,202105,-0.0685573366214548,0.0151026407256722,0.0205541263126678,202101,185,1
EMAE4,202105,-0.0203731815394547,0.071066215634346,0.0205541263126678,202101,185,5
EMBR3,202105,0.259817105970952,0.0333076454699039,0.0205541263126678,202101,185,3
ENAT3,202105,-0.085390260173449,0.0200596936047077,0.0205541263126678,202101,185,1
ENBR3,202105,0.0764740221833042,0.0232865568250418,0.0205541263126678,202101,185,2
ENEV3,202105,-0.047995082145779,0.0563130043447018,0.0205541263126678,202101,185,5
ENGI11,202105,0.0593900137268359,0.0282311365008354,0.0205541263126678,202101,185,2
EQPA3,202105,-0.0263924635747232,0.0380005612969399,0.0205541263126678,202101,185,4
EQTL3,202105,0.0471075808176014,0.0392697341740131,0.0205541263126678,202101,185,4
ETER3,202105,-0.177796164189128,0.045482873916626,0.0205541263126678,202101,185,5
EUCA4,202105,0.0737526505175339,0.0369806252419949,0.0205541263126678,202101,185,4
EVEN3,202105,-0.0710321877072021,0.0278540551662445,0.0205541263126678,202101,185,2
EZTC3,202105,-0.025454410803324,0.0346950516104698,0.0205541263126678,202101,185,3
FESA4,202105,0.0789016004659906,-0.0223247818648815,0.0205541263126678,202101,185,1
FHER3,202105,0.518922390853535,0.0235217399895191,0.0205541263126678,202101,185,2
FLRY3,202105,0.018585716320362,0.0200562290847301,0.0205541263126678,202101,185,1
FRAS3,202105,-0.00821229123018319,0.0358223952353001,0.0205541263126678,202101,185,3
GEPA4,202105,-0.000838892876531272,0.0181734636425972,0.0205541263126678,202101,185,1
GFSA3,202105,-0.180851027882909,0.0134034184738994,0.0205541263126678,202101,185,1
GGBR3,202105,-0.0879121044445321,0.0264978390187025,0.0205541263126678,202101,185,2
GGBR4,202105,-0.0638579689989753,0.0445149876177311,0.0205541263126678,202101,185,5
GNDI3,202105,-0.000750000000000028,0.0427338443696499,0.0205541263126678,202101,185,4
GOAU3,202105,-0.0762945293786745,0.018579451367259,0.0205541263126678,202101,185,1
GOAU4,202105,-0.0741005711419179,0.045154195278883,0.0205541263126678,202101,185,5
GOLL4,202105,-0.0310679611650486,0.0359770730137825,0.0205541263126678,202101,185,3
GRND3,202105,-0.0277495672788283,0.045365784317255,0.0205541263126678,202101,185,5
GUAR3,202105,-0.125425652667423,0.0473551042377949,0.0205541263126678,202101,185,5
HAPV3,202105,0.0344343822283355,0.0352967567741871,0.0205541263126678,202101,185,3
HBOR3,202105,-0.0412370889922331,0.0392574295401573,0.0205541263126678,202101,185,4
HGTX3,202105,0.000806451612903159,0.043258298188448,0.0205541263126678,202101,185,4
HYPE3,202105,-0.00224441097754624,0.0384149327874184,0.0205541263126678,202101,185,4
IGBR3,202105,-0.15042735042735,0.0491545610129833,0.0205541263126678,202101,185,5
IGTA3,202105,-0.162625520450649,0.0219809506088495,0.0205541263126678,202101,185,2
INEP3,202105,-0.245382606068207,0.0477553121745586,0.0205541263126678,202101,185,5
IRBR3,202105,-0.0598592781958999,0.0447723753750324,0.0205541263126678,202101,185,5
ITSA3,202105,0.0199324504048342,0.0327767767012119,0.0205541263126678,202101,185,3
ITSA4,202105,0.0382834259689067,0.0152115626260638,0.0205541263126678,202101,185,1
ITUB3,202105,0.0466894985947552,0.0396557711064816,0.0205541263126678,202101,185,4
ITUB4,202105,0.0250857077957138,0.0311201438307762,0.0205541263126678,202101,185,3
JBSS3,202105,-0.0274570982839312,0.0309823378920555,0.0205541263126678,202101,185,3
JHSF3,202105,-0.113941096524974,0.0273758471012116,0.0205541263126678,202101,185,2
JOPA3,202105,-0.0277776912145515,0.0213090293109417,0.0205541263126678,202101,185,1
JPSA3,202105,-0.154589371980676,0.0124379750341177,0.0205541263126678,202101,185,1
KEPL3,202105,-0.119963333897364,0.020475123077631,0.0205541263126678,202101,185,1
KLBN11,202105,0.0690778239591394,0.0334645286202431,0.0205541263126678,202101,185,3
KROT11,202105,-0.118131868131868,0.0517955124378204,0.0205541263126678,202101,185,5
LAME3,202105,-0.118181818181818,0.0441591590642929,0.0205541263126678,202101,185,4
LAME4,202105,-0.159379407616361,0.0241575501859188,0.0205541263126678,202101,185,2
LCAM3,202105,-0.0834865759470393,0.0481362901628017,0.0205541263126678,202101,185,5
LEVE3,202105,0.238960327914548,0.0441188775002956,0.0205541263126678,202101,185,4
LIGT3,202105,-0.0448275535725541,0.0530728176236153,0.0205541263126678,202101,185,5
LLIS3,202105,-0.286082474226804,0.0135508282110095,0.0205541263126678,202101,185,1
LOGG3,202105,-0.018460412062731,0.0220703929662704,0.0205541263126678,202101,185,2
LOGN3,202105,-0.122991656908016,0.0271098259836435,0.0205541263126678,202101,185,2
LPSB3,202105,0.00945630960897459,0.0239520780742168,0.0205541263126678,202101,185,2
LREN3,202105,-0.0784504893479835,0.0341513603925705,0.0205541263126678,202101,185,3
LUPA3,202105,0.00542490629891512,-0.0150117110460997,0.0205541263126678,202101,185,1
LWSA3,202105,-0.0168607677523891,0.0347275473177433,0.0205541263126678,202101,185,3
MDIA3,202105,0.0150834303470593,0.0532657243311405,0.0205541263126678,202101,185,5
MDNE3,202105,-0.0257560060479517,0.0382125191390514,0.0205541263126678,202101,185,4
MEAL3,202105,-0.0567010366292038,0.029264522716403,0.0205541263126678,202101,185,2
MGLU3,202105,-0.114563118715897,0.0361446514725685,0.0205541263126678,202101,185,3
MILS3,202105,-0.048769780821713,0.0272098649293184,0.0205541263126678,202101,185,2
MOVI3,202105,-0.174475863030024,0.0285446811467409,0.0205541263126678,202101,185,2
MRFG3,202105,0.0448750637429882,0.0340596064925194,0.0205541263126678,202101,185,3
MRVE3,202105,-0.0453277907973382,0.0396383516490459,0.0205541263126678,202101,185,4
MTRE3,202105,-0.130036506302354,0.0265099126845598,0.0205541263126678,202101,185,2
MTSA4,202105,-0.0107716028698283,0.05393286049366,0.0205541263126678,202101,185,5
MULT3,202105,-0.0963596300887375,0.0357761569321156,0.0205541263126678,202101,185,3
MYPK3,202105,0.07458568165076,0.0352584309875965,0.0205541263126678,202101,185,3
NEOE3,202105,-0.0437284234752589,0.0176338739693165,0.0205541263126678,202101,185,1
NTCO3,202105,-0.0396279069767442,0.0415060482919216,0.0205541263126678,202101,185,4
ODPV3,202105,-0.0346153846153846,0.0265504587441683,0.0205541263126678,202101,185,2
OFSA3,202105,-0.121325676529996,0.0438355058431625,0.0205541263126678,202101,185,4
OIBR3,202105,-0.0672268907563025,0.0325835049152374,0.0205541263126678,202101,185,3
OIBR4,202105,-0.0425531914893617,0.0562936998903751,0.0205541263126678,202101,185,5
OMGE3,202105,-0.0825027685492801,0.0302712097764015,0.0205541263126678,202101,185,2
OSXB3,202105,-0.130000019073486,0.0724388062953949,0.0205541263126678,202101,185,5
PARD3,202105,0.303462321792261,0.0214157644659281,0.0205541263126678,202101,185,1
PDTC3,202105,0.153136506352362,0.0207917541265488,0.0205541263126678,202101,185,1
PETR3,202105,0.0741944996474133,0.0266709439456463,0.0205541263126678,202101,185,2
PETR4,202105,0.0705846071646432,0.0297432243824005,0.0205541263126678,202101,185,2
PFRM3,202105,-0.0541403599816728,0.0253134109079838,0.0205541263126678,202101,185,2
PNVL3,202105,-0.110582626641987,0.0317533537745476,0.0205541263126678,202101,185,3
PNVL4,202105,-0.0261506276150627,0.0172925814986229,0.0205541263126678,202101,185,1
POMO4,202105,-0.0764122096780088,0.0362388528883457,0.0205541263126678,202101,185,3
POSI3,202105,0.132806279512712,0.0457009077072144,0.0205541263126678,202101,185,5
PRIO3,202105,0.073949535582575,0.0529337152838707,0.0205541263126678,202101,185,5
PRNR3,202105,-0.0980177433359947,0.0339126624166966,0.0205541263126678,202101,185,3
PSSA3,202105,0.106659107829621,0.028433445841074,0.0205541263126678,202101,185,2
PTBL3,202105,0.0261299528042169,0.0510060340166092,0.0205541263126678,202101,185,5
QUAL3,202105,-0.17009717472244,0.0493404306471348,0.0205541263126678,202101,185,5
RADL3,202105,0.0126780719865431,0.0319578126072884,0.0205541263126678,202101,185,3
RAIL3,202105,-0.0939013209197277,0.036931611597538,0.0205541263126678,202101,185,4
RANI3,202105,-0.135457803561448,0.0427373088896275,0.0205541263126678,202101,185,4
RAPT3,202105,0.0192308578826099,0.0247823353856802,0.0205541263126678,202101,185,2
RAPT4,202105,-0.146539081777513,0.0452057272195816,0.0205541263126678,202101,185,5
RCSL3,202105,-0.223776202493771,0.0517002679407597,0.0205541263126678,202101,185,5
RCSL4,202105,-0.176470574678276,0.0141716627404094,0.0205541263126678,202101,185,1
RDNI3,202105,-0.0201612903225806,0.0357288420200348,0.0205541263126678,202101,185,3
RENT3,202105,-0.107642895987245,0.0449181757867336,0.0205541263126678,202101,185,5
ROMI3,202105,-0.0626618778523397,0.0202763210982084,0.0205541263126678,202101,185,1
RPAD3,202105,-0.0606060911274485,0.0200682058930397,0.0205541263126678,202101,185,1
RSID3,202105,-0.175452438176056,0.0395471230149269,0.0205541263126678,202101,185,4
SANB11,202105,0.0615321190832618,0.0377079695463181,0.0205541263126678,202101,185,4
SAPR11,202105,-0.00717210325379802,0.0286462493240833,0.0205541263126678,202101,185,2
SAPR4,202105,-0.0126261682965283,0.0331586189568043,0.0205541263126678,202101,185,3
SBFG3,202105,-0.0111111808404751,0.0336552634835243,0.0205541263126678,202101,185,3
SBSP3,202105,0.0188942859901911,0.0284566413611174,0.0205541263126678,202101,185,2
SCAR3,202105,-0.0443114274955621,0.0364635139703751,0.0205541263126678,202101,185,4
SEER3,202105,-0.188242655593005,0.026385460048914,0.0205541263126678,202101,185,2
SGPS3,202105,-0.109958506224066,0.042708870023489,0.0205541263126678,202101,185,4
SHOW3,202105,-0.0684474488209657,0.0477513410151005,0.0205541263126678,202101,185,5
SHUL4,202105,-0.0560385346126262,0.0427282229065895,0.0205541263126678,202101,185,4
SLCE3,202105,-0.0946665931432429,0.0354846529662609,0.0205541263126678,202101,185,3
SMTO3,202105,0.0299998765268827,0.0343612879514694,0.0205541263126678,202101,185,3
SQIA3,202105,-0.215882549215883,0.0387793555855751,0.0205541263126678,202101,185,4
STBP3,202105,-0.131346578366446,0.0348311886191368,0.0205541263126678,202101,185,3
SULA11,202105,-0.019378549949883,0.033017486333847,0.0205541263126678,202101,185,3
SUZB3,202105,0.128167358534685,0.0205034054815769,0.0205541263126678,202101,185,1
TAEE11,202105,-0.00315523464387879,0.0179973170161247,0.0205541263126678,202101,185,1
TASA4,202105,-0.140344022706552,-0.0329560041427612,0.0205541263126678,202101,185,1
TCSA3,202105,-0.17446808309168,0.0471314042806625,0.0205541263126678,202101,185,5
TEND3,202105,-0.0994203190560063,0.0375992469489574,0.0205541263126678,202101,185,4
TGMA3,202105,-0.164618569278035,0.0145721603184938,0.0205541263126678,202101,185,1
TIMS3,202105,0.100707365601198,0.0173857323825359,0.0205541263126678,202101,185,1
TOTS3,202105,0.122644729528592,0.040305282920599,0.0205541263126678,202101,185,4
TPIS3,202105,0.0719177709450083,-0.0290775522589684,0.0205541263126678,202101,185,1
TRIS3,202105,-0.123853237022908,0.0224078092724085,0.0205541263126678,202101,185,2
TRPL4,202105,0.0194778284293411,0.0280961319804192,0.0205541263126678,202101,185,2
TUPY3,202105,0.0238299409869052,0.0373770445585251,0.0205541263126678,202101,185,4
UCAS3,202105,0.0384616284971719,0.0510482937097549,0.0205541263126678,202101,185,5
UGPA3,202105,-0.172490201964097,0.0327631868422031,0.0205541263126678,202101,185,3
UNIP3,202105,0.042971211044373,0.0329483859241009,0.0205541263126678,202101,185,3
UNIP6,202105,0.0242179007900347,0.0369035303592682,0.0205541263126678,202101,185,4
USIM3,202105,-0.128156226700818,0.0338161215186119,0.0205541263126678,202101,185,3
USIM5,202105,-0.101118218681964,0.061185572296381,0.0205541263126678,202101,185,5
VALE3,202105,-0.0926811681438869,0.0388831235468388,0.0205541263126678,202101,185,4
VIVA3,202105,0.0641026621644627,0.0370358414947987,0.0205541263126678,202101,185,4
VIVT3,202105,0.0611501980101894,0.0230246745049953,0.0205541263126678,202101,185,2
VLID3,202105,0.0259887480250887,0.0359571762382984,0.0205541263126678,202101,185,3
VULC3,202105,0.0476716978432608,0.0313758105039597,0.0205541263126678,202101,185,3
VVAR3,202105,-0.102462271644162,0.035955261439085,0.0205541263126678,202101,185,3
WEGE3,202105,0.00023045059714577,0.0499222464859486,0.0205541263126678,202101,185,5
WIZS3,202105,-0.0934880722114764,0.0253079552203417,0.0205541263126678,202101,185,2
YDUQ3,202105,-0.0944798929971218,0.035753283649683,0.0205541263126678,202101,185,3
AALR3,202106,-0.0876776990565404,0.0202518235892057,0.0205541263126678,202101,185,2
ABCB4,202106,-0.109981930260751,0.0370438285171986,0.0205541263126678,202101,185,4
ABEV3,202106,-0.105263268324012,0.0406966656446457,0.0205541263126678,202101,185,4
AGRO3,202106,0.0913978127827995,0.0440557338297367,0.0205541263126678,202101,185,5
ALPA3,202106,-0.121669982169622,0.0241112168878317,0.0205541263126678,202101,185,2
ALPA4,202106,-0.119559769471497,0.0477784499526024,0.0205541263126678,202101,185,5
ALPK3,202106,-0.047058843363426,0.0583393946290016,0.0205541263126678,202101,185,5
ALSO3,202106,-0.0948207171314742,0.0168341770768166,0.0205541263126678,202101,185,1
ALUP11,202106,-0.0402683540539232,0.017975315451622,0.0205541263126678,202101,185,2
AMAR3,202106,-0.216541384972279,0.00743840727955103,0.0205541263126678,202101,185,1
ANIM3,202106,-0.0773992906761262,0.043487511575222,0.0205541263126678,202101,185,4
APER3,202106,-0.0436100746268657,0.0361368916928768,0.0205541263126678,202101,185,3
ARZZ3,202106,-0.0732498322522925,0.0401795841753483,0.0205541263126678,202101,185,4
ATOM3,202106,-0.0828625235404895,0.0436168201267719,0.0205541263126678,202101,185,4
AZUL4,202106,-0.0349854227405247,0.0299611762166023,0.0205541263126678,202101,185,3
B3SA3,202106,-0.094527147481648,0.0198798291385174,0.0205541263126678,202101,185,2
BBAS3,202106,-0.0443211158731888,0.0182718336582184,0.0205541263126678,202101,185,2
BBDC3,202106,-0.10353858703154,0.0193189568817616,0.0205541263126678,202101,185,2
BBDC4,202106,-0.0994764223823841,0.0336859412491322,0.0205541263126678,202101,185,3
BBRK3,202106,-0.232558139534884,0.0283289980143309,0.0205541263126678,202101,185,3
BBSE3,202106,0.0466947620173619,0.0157538112252951,0.0205541263126678,202101,185,1
BEEF11,202106,0.820668693009118,0.0355738289654255,0.0205541263126678,202101,185,3
BEEF3,202106,0.250000016638347,0.0236867405474186,0.0205541263126678,202101,185,2
BEES3,202106,-0.0199581872831013,-0.152825996279717,0.0205541263126678,202101,185,1
BIDI11,202106,-0.31184540492698,0.0568131804466248,0.0205541263126678,202101,185,5
BIDI3,202106,-0.3570826306914,0.0602635368704796,0.0205541263126678,202101,185,5
BIDI4,202106,-0.285649202733485,0.0577544793486595,0.0205541263126678,202101,185,5
BKBR3,202106,-0.124733475479744,0.0404995791614056,0.0205541263126678,202101,185,4
BMGB4,202106,-0.107913743502681,0.0356694720685482,0.0205541263126678,202101,185,3
BPAC11,202106,-0.120647107833043,0.0440144129097462,0.0205541263126678,202101,185,5
BPAC3,202106,-0.136752084183426,0.0593401715159416,0.0205541263126678,202101,185,5
BPAC5,202106,-0.109091050335328,0.0108631597831845,0.0205541263126678,202101,185,1
BPAN4,202106,-0.151063829787234,0.0282671600580215,0.0205541263126678,202101,185,3
BRAP3,202106,-0.0589483048683851,0.0209507774561644,0.0205541263126678,202101,185,2
BRAP4,202106,-0.0650995461928378,0.0455118604004383,0.0205541263126678,202101,185,5
BRDT3,202106,-0.136079440970945,0.0336581543087959,0.0205541263126678,202101,185,3
BRFS3,202106,0.156703672075149,0.0168334059417248,0.0205541263126678,202101,185,1
BRGE3,202106,-0.0183783783783784,0.0186449885368347,0.0205541263126678,202101,185,2
BRIV3,202106,-0.0849342770475228,0.0223536472767591,0.0205541263126678,202101,185,2
BRKM5,202106,-0.100772841260531,0.0235009975731373,0.0205541263126678,202101,185,2
BRML3,202106,-0.105204872646733,0.0401694104075432,0.0205541263126678,202101,185,4
BRPR3,202106,-0.0513738550440999,0.0151624511927366,0.0205541263126678,202101,185,1
BRSR6,202106,-0.045360706609027,0.0360951647162437,0.0205541263126678,202101,185,3
CAML3,202106,0.0462359051231815,0.0370374731719494,0.0205541263126678,202101,185,4
CARD3,202106,-0.0528846153846154,0.0544131845235825,0.0205541263126678,202101,185,5
CCPR3,202106,0.0139720558882237,0.0162860658019781,0.0205541263126678,202101,185,1
CCRO3,202106,-0.0448979591836736,0.0182718336582184,0.0205541263126678,202101,185,2
CEAB3,202106,-0.188976475171735,0.0372405461966991,0.0205541263126678,202101,185,4
CESP3,202106,-0.0721214677351328,0.0471504852175713,0.0205541263126678,202101,185,5
CESP6,202106,0.00725255972696237,0.0322085879743099,0.0205541263126678,202101,185,3
CGRA4,202106,0.0752942491076387,-0.137060686945915,0.0205541263126678,202101,185,1
CIEL3,202106,-0.202090592334495,0.016967698931694,0.0205541263126678,202101,185,1
CLSC3,202106,-0.178140545223021,0.0293121710419655,0.0205541263126678,202101,185,3
CLSC4,202106,-0.0282855395048669,0.0362366177141666,0.0205541263126678,202101,185,3
CMIG3,202106,0.0233673037453297,0.0217782724648714,0.0205541263126678,202101,185,2
CMIG4,202106,0.038490091611409,0.01819715090096,0.0205541263126678,202101,185,2
COCE5,202106,-0.0365060710693004,0.0132109560072422,0.0205541263126678,202101,185,1
COGN3,202106,-0.155763260834046,0.0431589409708977,0.0205541263126678,202101,185,4
CPFE3,202106,-0.0220846370612149,0.0157538112252951,0.0205541263126678,202101,185,1
CPLE3,202106,0.119327705110639,0.0387825444340706,0.0205541263126678,202101,185,4
CPLE6,202106,0.064327485380117,0.043237678706646,0.0205541263126678,202101,185,4
CRDE3,202106,-0.0173674588665448,0.023911640048027,0.0205541263126678,202101,185,2
CRFB3,202106,-0.0214876033057849,0.0130463466048241,0.0205541263126678,202101,185,1
CRIV4,202106,-0.00340715502555378,-0.156361877918243,0.0205541263126678,202101,185,1
CRPG5,202106,-0.272019325046305,0.0336841233074665,0.0205541263126678,202101,185,3
CSAN3,202106,0.0421769259529798,0.0326699428260326,0.0205541263126678,202101,185,3
CSMG3,202106,0.0176822822488665,0.0353747420012951,0.0205541263126678,202101,185,3
CSNA3,202106,-0.175846308354209,0.0524887293577194,0.0205541263126678,202101,185,5
CTNM4,202106,-0.117328537877827,0.0191192552447319,0.0205541263126678,202101,185,2
CVCB3,202106,0.0108032079351805,0.0375772900879383,0.0205541263126678,202101,185,4
CYRE3,202106,-0.109792337910508,0.0185678713023663,0.0205541263126678,202101,185,2
DASA3,202106,-0.151656891817979,0.0109495734795928,0.0205541263126678,202101,185,1
DIRR3,202106,-0.10078732134292,0.0165020599961281,0.0205541263126678,202101,185,1
DMMO11,202106,0,0.0458058342337608,0.0205541263126678,202101,185,5
DMMO3,202106,-0.105882352941176,0.0321858637034893,0.0205541263126678,202101,185,3
EALT4,202106,-0.0309446522358652,-0.153523996472359,0.0205541263126678,202101,185,1
ECOR3,202106,-0.088324843512553,0.0108830407261848,0.0205541263126678,202101,185,1
EGIE3,202106,-0.00239706489860414,0.0151516254991293,0.0205541263126678,202101,185,1
ELET3,202106,0.0233855965984586,0.0277289599180222,0.0205541263126678,202101,185,3
ELET6,202106,0.025152237225311,0.0174224469810724,0.0205541263126678,202101,185,1
EMAE4,202106,-0.101881095345933,-0.121887236833572,0.0205541263126678,202101,185,1
EMBR3,202106,-0.0123825789923144,0.0217726547271013,0.0205541263126678,202101,185,2
ENAT3,202106,0.00656455142231938,0.0192529410123825,0.0205541263126678,202101,185,2
ENBR3,202106,-0.00433839479392639,0.0160716753453016,0.0205541263126678,202101,185,1
ENEV3,202106,0.0510529185172635,0.0503688901662827,0.0205541263126678,202101,185,5
ENGI11,202106,-0.00766276042483183,0.0264744237065315,0.0205541263126678,202101,185,2
EQPA3,202106,-0.00394482197403556,0.036717601120472,0.0205541263126678,202101,185,4
EQTL3,202106,0.000394614060499121,0.0333389043807983,0.0205541263126678,202101,185,3
ETER3,202106,-0.230964638842179,0.0564012043178082,0.0205541263126678,202101,185,5
EUCA4,202106,-0.101010046273603,0.0329738706350327,0.0205541263126678,202101,185,3
EVEN3,202106,-0.0812425192647589,0.0217814743518829,0.0205541263126678,202101,185,2
EZTC3,202106,-0.147761172256942,0.0184533968567848,0.0205541263126678,202101,185,2
FESA4,202106,0.0120507016940805,0.0602417625486851,0.0205541263126678,202101,185,5
FHER3,202106,0.228040521492307,0.043832790106535,0.0205541263126678,202101,185,4
FLRY3,202106,-0.0650886017709368,0.0303403921425343,0.0205541263126678,202101,185,3
FRAS3,202106,-0.102547780302972,-0.146122887730598,0.0205541263126678,202101,185,1
GEPA4,202106,-0.0766647310393027,0.0188762173056602,0.0205541263126678,202101,185,2
GFSA3,202106,-0.16233766795405,0.0170383676886559,0.0205541263126678,202101,185,1
GGBR3,202106,-0.0312145366117266,0.0274408310651779,0.0205541263126678,202101,185,3
GGBR4,202106,-0.0292736090976629,0.0472162403166294,0.0205541263126678,202101,185,5
GNDI3,202106,-0.066675006254691,0.0415148846805096,0.0205541263126678,202101,185,4
GOAU3,202106,0.00311756585632517,0.022202031686902,0.0205541263126678,202101,185,2
GOAU4,202106,-0.0235791750465951,0.0223561655730009,0.0205541263126678,202101,185,2
GOLL4,202106,0.0375751503006012,0.0432660318911076,0.0205541263126678,202101,185,4
GRND3,202106,-0.133769751736749,0.0518975667655468,0.0205541263126678,202101,185,5
GUAR3,202106,-0.121998702141467,0.0366012118756771,0.0205541263126678,202101,185,4
HAPV3,202106,-0.0760150212621761,0.0183992553502321,0.0205541263126678,202101,185,2
HBOR3,202106,-0.223118315460303,0.0289682541042566,0.0205541263126678,202101,185,3
HGTX3,202106,0.00725221595487513,0.04753402993083,0.0205541263126678,202101,185,5
HYPE3,202106,-0.0878254633571288,0.029891487210989,0.0205541263126678,202101,185,3
IGBR3,202106,-0.0321931589537223,-0.00104302167892456,0.0205541263126678,202101,185,1
IGTA3,202106,-0.0775080432875109,0.0250229425728321,0.0205541263126678,202101,185,2
INEP3,202106,-0.391608413061283,0.0368639156222343,0.0205541263126678,202101,185,4
IRBR3,202106,-0.114232227004661,0.0399004518985748,0.0205541263126678,202101,185,4
ITSA3,202106,-0.025043127039025,0.0160785894840956,0.0205541263126678,202101,185,1
ITSA4,202106,-0.0346621021179983,0.0186515562236309,0.0205541263126678,202101,185,2
ITUB3,202106,-0.0564387834878586,0.0161468796432018,0.0205541263126678,202101,185,1
ITUB4,202106,-0.0645111829650483,0.0186515562236309,0.0205541263126678,202101,185,2
JBSS3,202106,0.189284568495348,0.0186427161097527,0.0205541263126678,202101,185,2
JHSF3,202106,-0.1043875180945,0.0315579250454903,0.0205541263126678,202101,185,3
JOPA3,202106,-0.142857250598733,0.0235155299305916,0.0205541263126678,202101,185,2
JPSA3,202106,-0.102857142857143,0.0113405138254166,0.0205541263126678,202101,185,1
KEPL3,202106,-0.0591049295014466,0.0448132120072842,0.0205541263126678,202101,185,5
KLBN11,202106,-0.0798172958235958,0.0189969632774591,0.0205541263126678,202101,185,2
KROT11,202106,-0.155763239875389,0.0545613504946232,0.0205541263126678,202101,185,5
LAME3,202106,-0.242268041237113,0.0187796130776405,0.0205541263126678,202101,185,2
LAME4,202106,-0.191275167785235,0.0132954092696309,0.0205541263126678,202101,185,1
LCAM3,202106,-0.0252808988764046,0.0452605932950974,0.0205541263126678,202101,185,5
LEVE3,202106,-0.0462589885818084,0.0410930290818214,0.0205541263126678,202101,185,4
LIGT3,202106,-0.0519855653507705,0.0434233956038952,0.0205541263126678,202101,185,4
LLIS3,202106,-0.227436823104693,0.0166969057172537,0.0205541263126678,202101,185,1
LOGG3,202106,-0.0801986681924843,0.0336428508162498,0.0205541263126678,202101,185,3
LOGN3,202106,0.389766273280528,0.0389570333063602,0.0205541263126678,202101,185,4
LPSB3,202106,-0.362997727823843,0.0307376869022846,0.0205541263126678,202101,185,3
LREN3,202106,-0.0924650965850673,0.0333178378641605,0.0205541263126678,202101,185,3
LUPA3,202106,-0.0557553859658075,0.0603417344391346,0.0205541263126678,202101,185,5
LWSA3,202106,-0.0657411217663897,0.0481007471680641,0.0205541263126678,202101,185,5
MDIA3,202106,0.0462582939273091,0.0355934128165245,0.0205541263126678,202101,185,3
MDNE3,202106,-0.175861981943868,0.0425721742212772,0.0205541263126678,202101,185,4
MEAL3,202106,-0.125683067584565,0.0363542400300503,0.0205541263126678,202101,185,3
MGLU3,202106,-0.213815752534798,0.0151980528607965,0.0205541263126678,202101,185,1
MILS3,202106,-0.17576564536038,0.0462748073041439,0.0205541263126678,202101,185,5
MOVI3,202106,-0.0700081737277987,0.0285224281251431,0.0205541263126678,202101,185,3
MRFG3,202106,0.252318204001952,0.0452905520796776,0.0205541263126678,202101,185,5
MRVE3,202106,-0.102264438778128,0.0376513786613941,0.0205541263126678,202101,185,4
MTRE3,202106,-0.160000043050891,0.0139607600867748,0.0205541263126678,202101,185,1
MTSA4,202106,-0.0246118638719792,0.0170569680631161,0.0205541263126678,202101,185,1
MULT3,202106,-0.098104456543658,0.0235636010766029,0.0205541263126678,202101,185,2
MYPK3,202106,0.133675880966443,0.0450056493282318,0.0205541263126678,202101,185,5
NEOE3,202106,-0.0788206979542719,0.0161777511239052,0.0205541263126678,202101,185,1
NTCO3,202106,-0.117202634637737,0.039371844381094,0.0205541263126678,202101,185,4
ODPV3,202106,0.311553784860558,0.0366641022264957,0.0205541263126678,202101,185,4
OFSA3,202106,0.0441279955414897,0.038924902677536,0.0205541263126678,202101,185,4
OIBR3,202106,-0.0990990990990991,0.0219236742705107,0.0205541263126678,202101,185,2
OIBR4,202106,-0.0611111111111111,0.0305724944919348,0.0205541263126678,202101,185,3
OMGE3,202106,-0.0319855159927581,0.0175955928862095,0.0205541263126678,202101,185,1
PARD3,202106,-0.1171875,0.0165020599961281,0.0205541263126678,202101,185,1
PDTC3,202106,0.068799981812232,0.0498593598604202,0.0205541263126678,202101,185,5
PETR3,202106,0.00823784900994995,0.0171847697347403,0.0205541263126678,202101,185,1
PETR4,202106,0.00147111077890782,0.018150519579649,0.0205541263126678,202101,185,2
PFRM3,202106,-0.0303030167583782,-0.170870915055275,0.0205541263126678,202101,185,1
PNVL3,202106,-0.132042313872318,0.00982967484742403,0.0205541263126678,202101,185,1
POMO4,202106,0.0467628029638978,0.0409825444221497,0.0205541263126678,202101,185,4
POSI3,202106,-0.284717368508127,0.043854832649231,0.0205541263126678,202101,185,5
PRIO3,202106,0.305164271526069,0.0454414524137974,0.0205541263126678,202101,185,5
PRNR3,202106,-0.0280829161230026,0.0266951471567154,0.0205541263126678,202101,185,2
PSSA3,202106,-0.134860860615344,0.0329045951366425,0.0205541263126678,202101,185,3
PTBL3,202106,-0.246443383656137,0.0525216050446034,0.0205541263126678,202101,185,5
QUAL3,202106,-0.0645765414080204,0.0401694104075432,0.0205541263126678,202101,185,4
RADL3,202106,-0.0856807436502213,0.0394931696355343,0.0205541263126678,202101,185,4
RAIL3,202106,-0.103098156881221,0.0307998061180115,0.0205541263126678,202101,185,3
RANI3,202106,-0.100864501364962,0.0449214577674866,0.0205541263126678,202101,185,5
RAPT3,202106,0.0173582427175951,0.0235155299305916,0.0205541263126678,202101,185,2
RAPT4,202106,0.0163934556762786,0.0400717072188854,0.0205541263126678,202101,185,4
RCSL3,202106,-0.13513513792373,0.0327576473355293,0.0205541263126678,202101,185,3
RCSL4,202106,-0.0779221469773499,0.030272152274847,0.0205541263126678,202101,185,3
RDNI3,202106,0.0164609053497942,0.0657462924718857,0.0205541263126678,202101,185,5
RENT3,202106,-0.0158919204669665,0.0472080633044243,0.0205541263126678,202101,185,5
ROMI3,202106,-0.103018193633729,0.0581592731177807,0.0205541263126678,202101,185,5
RPAD3,202106,0.0280504855264156,0.0188013911247253,0.0205541263126678,202101,185,2
SANB11,202106,-0.156652173402764,0.0437652207911015,0.0205541263126678,202101,185,4
SAPR11,202106,-0.0113519490594677,0.0361371003091335,0.0205541263126678,202101,185,3
SAPR4,202106,-0.0153453807310561,0.0338989160954952,0.0205541263126678,202101,185,3
SBFG3,202106,-0.19475642887599,0.040672954171896,0.0205541263126678,202101,185,4
SBSP3,202106,0.0675341533086269,0.0197953041642904,0.0205541263126678,202101,185,2
SCAR3,202106,-0.0776942446175448,-0.155684173107147,0.0205541263126678,202101,185,1
SEER3,202106,-0.106317404941875,0.0297082550823689,0.0205541263126678,202101,185,3
SGPS3,202106,-0.136363636363636,0.0484102591872215,0.0205541263126678,202101,185,5
SHOW3,202106,-0.105734727452524,0.0205301884561777,0.0205541263126678,202101,185,2
SHUL4,202106,-0.0698086170772613,0.05459875613451,0.0205541263126678,202101,185,5
SLCE3,202106,0.119293027328,0.0484451837837696,0.0205541263126678,202101,185,5
SMTO3,202106,0.0883634480532907,0.0423185639083385,0.0205541263126678,202101,185,4
SQIA3,202106,-0.0995744680851064,0.0375656858086586,0.0205541263126678,202101,185,4
STBP3,202106,0.00762388818297333,0.0541804321110249,0.0205541263126678,202101,185,5
SULA11,202106,-0.131856899488927,0.0161139350384474,0.0205541263126678,202101,185,1
SUZB3,202106,-0.106229578500026,0.0309526808559895,0.0205541263126678,202101,185,3
TAEE11,202106,-0.0546031543616584,0.0211190097033978,0.0205541263126678,202101,185,2
TASA4,202106,-0.0529360492394254,0.0252826325595379,0.0205541263126678,202101,185,2
TCSA3,202106,-0.137457073391545,0.0280391611158848,0.0205541263126678,202101,185,3
TECN3,202106,-0.134285834565833,0.0699291154742241,0.0205541263126678,202101,185,5
TEND3,202106,-0.128217798419312,0.0198309142142534,0.0205541263126678,202101,185,2
TGMA3,202106,-0.0693739626376658,0.0117768328636885,0.0205541263126678,202101,185,1
TIMS3,202106,-0.0524246892416936,0.0175955928862095,0.0205541263126678,202101,185,1
TOTS3,202106,-0.0861439127418933,0.0401795841753483,0.0205541263126678,202101,185,4
TPIS3,202106,-0.201277948609716,0.0438039526343346,0.0205541263126678,202101,185,4
TRIS3,202106,-0.0445026140032276,0.0290147326886654,0.0205541263126678,202101,185,3
TRPL4,202106,-0.0113821138211383,0.0289438962936401,0.0205541263126678,202101,185,3
TUPY3,202106,-0.0947036999823844,0.0408112928271294,0.0205541263126678,202101,185,4
UCAS3,202106,-0.10239665918507,0.0442566983401775,0.0205541263126678,202101,185,5
UGPA3,202106,0.0207757871588974,0.0159037485718727,0.0205541263126678,202101,185,1
UNIP3,202106,-0.124706315808729,0.0620106942951679,0.0205541263126678,202101,185,5
UNIP6,202106,-0.125511441225623,0.058567751199007,0.0205541263126678,202101,185,5
USIM3,202106,-0.0915300017070456,0.0381999053061008,0.0205541263126678,202101,185,4
USIM5,202106,-0.0732543190607346,0.0621604584157467,0.0205541263126678,202101,185,5
VALE3,202106,-0.147146399446523,0.0275383219122887,0.0205541263126678,202101,185,3
VIVA3,202106,-0.110843428521412,0.0415824763476849,0.0205541263126678,202101,185,4
VIVT3,202106,-0.0196659650371489,0.0157538112252951,0.0205541263126678,202101,185,1
VLID3,202106,-0.0881059032534227,0.0390509366989136,0.0205541263126678,202101,185,4
VULC3,202106,0.122751353757243,0.0459041446447372,0.0205541263126678,202101,185,5
WEGE3,202106,0.115012815074576,0.0276316031813622,0.0205541263126678,202101,185,3
WIZS3,202106,-0.181365576102418,0.0388667806982994,0.0205541263126678,202101,185,4
YDUQ3,202106,-0.0715122643974232,0.0413203611969948,0.0205541263126678,202101,185,4
AALR3,202107,0.28138527673853,0.0335981585085392,0.018266290299626,202107,162,4
ABCB4,202107,0.035691651517312,0.0277798138558865,0.018266290299626,202107,162,3
ABEV3,202107,0.110457512428896,0.0248756762593985,0.018266290299626,202107,162,3
AGRO3,202107,-0.0876362089545708,0.0312520302832127,0.018266290299626,202107,162,4
ALPA3,202107,-0.235174240813906,0.0307749398052692,0.018266290299626,202107,162,4
ALPA4,202107,-0.268371168157731,0.0264373365789652,0.018266290299626,202107,162,3
ALPK3,202107,-0.23765427867014,0.0448087640106678,0.018266290299626,202107,162,5
ALSO3,202107,-0.15580985915493,0.0236455295234919,0.018266290299626,202107,162,1
ALUP11,202107,-0.0250925883411046,0.0236455295234919,0.018266290299626,202107,162,1
AMAR3,202107,-0.211132449141692,0.0333920791745186,0.018266290299626,202107,162,4
AMBP3,202107,-0.210975872364796,0.0296500157564878,0.018266290299626,202107,162,4
ANIM3,202107,-0.261744915719395,0.0290219690650702,0.018266290299626,202107,162,4
APER3,202107,-0.129236771519142,0.0295524951070547,0.018266290299626,202107,162,4
ARZZ3,202107,-0.108241824544467,0.0265378896147013,0.018266290299626,202107,162,3
ATOM3,202107,-0.186858316221766,0.0467145666480064,0.018266290299626,202107,162,5
AZEV4,202107,-0.313953507204003,0.0582102462649345,0.018266290299626,202107,162,5
AZUL4,202107,-0.316945893985169,0.0313024669885635,0.018266290299626,202107,162,4
B3SA3,202107,-0.0651493134988315,0.0250012259930372,0.018266290299626,202107,162,3
BBAS3,202107,-0.0138407549343972,0.0244632307440043,0.018266290299626,202107,162,2
BBDC3,202107,-0.0472511938859905,0.0244454573839903,0.018266290299626,202107,162,2
BBDC4,202107,-0.0437973373613204,0.0244454573839903,0.018266290299626,202107,162,2
BBRK3,202107,-0.163636363636364,0.0332670770585537,0.018266290299626,202107,162,4
BBSE3,202107,0.107268222690036,0.0209567677229643,0.018266290299626,202107,162,1
BEEF11,202107,-0.225375626043406,0.0252488013356924,0.018266290299626,202107,162,3
BEEF3,202107,-0.0679425962657479,0.0243498366326094,0.018266290299626,202107,162,2
BEES3,202107,-0.0224664649375224,0.0257248785346746,0.018266290299626,202107,162,3
BIDI11,202107,-0.239013933547696,0.0196316633373499,0.018266290299626,202107,162,1
BIDI3,202107,-0.240655737704918,0.0360593311488628,0.018266290299626,202107,162,5
BIDI4,202107,-0.220025510204082,0.0356291122734547,0.018266290299626,202107,162,5
BKBR3,202107,-0.163215590742996,0.0412040278315544,0.018266290299626,202107,162,5
BMGB4,202107,-0.180107485725712,0.0234809126704931,0.018266290299626,202107,162,1
BPAC11,202107,-0.0939999063270894,0.0244881939142942,0.018266290299626,202107,162,2
BPAC3,202107,-0.0858084776184058,0.039818961173296,0.018266290299626,202107,162,5
BPAC5,202107,-0.0425169794253825,0.0347334370017052,0.018266290299626,202107,162,4
BPAN4,202107,-0.167293233082707,0.0330577567219734,0.018266290299626,202107,162,4
BRAP3,202107,-0.0354131353605357,0.0246233250945807,0.018266290299626,202107,162,3
BRAP4,202107,-0.0690644207172188,0.0260071139782667,0.018266290299626,202107,162,3
BRDT3,202107,-0.0621541081311196,0.0191378351300955,0.018266290299626,202107,162,1
BRFS3,202107,-0.142488002953119,0.0249751824885607,0.018266290299626,202107,162,3
BRGE3,202107,-0.0220264317180616,0.0305349230766296,0.018266290299626,202107,162,4
BRIV3,202107,0.016574585635359,0.0312485117465258,0.018266290299626,202107,162,4
BRKM5,202107,-0.0822379870606341,0.0313024669885635,0.018266290299626,202107,162,4
BRML3,202107,-0.112623762376238,0.0261610057204962,0.018266290299626,202107,162,3
BRPR3,202107,-0.0919395497012927,0.0244900900870562,0.018266290299626,202107,162,3
BRSR6,202107,-0.0660377264222352,0.0213646497577429,0.018266290299626,202107,162,1
CAML3,202107,-0.0192502528738783,0.0240971576422453,0.018266290299626,202107,162,2
CARD3,202107,-0.14010152284264,0.0433155372738838,0.018266290299626,202107,162,5
CCRO3,202107,-0.023076923076923,0.0244632307440043,0.018266290299626,202107,162,2
CEAB3,202107,-0.159500626734631,0.0234777089208365,0.018266290299626,202107,162,1
CEBR3,202107,-0.181768931559343,0.0677621439099312,0.018266290299626,202107,162,5
CESP3,202107,0.0795454545454546,0.0412063263356686,0.018266290299626,202107,162,5
CESP6,202107,0.0800508259212198,0.0238507222384214,0.018266290299626,202107,162,2
CGRA4,202107,-0.0118161723098706,0.0317940078675747,0.018266290299626,202107,162,4
CIEL3,202107,-0.0436681222707423,0.0379116982221603,0.018266290299626,202107,162,5
CLSC3,202107,-0.155844202186884,0.0346088968217373,0.018266290299626,202107,162,4
CLSC4,202107,-0.000293838474161423,0.0262871403247118,0.018266290299626,202107,162,3
CMIG3,202107,-0.0269320213690094,0.0280955005437136,0.018266290299626,202107,162,3
CMIG4,202107,-0.0819671884255866,0.0277704577893019,0.018266290299626,202107,162,3
COCE5,202107,-0.088408244211897,0.0234419126063585,0.018266290299626,202107,162,1
COGN3,202107,-0.0848708601653434,0.0288843382149935,0.018266290299626,202107,162,4
CPFE3,202107,-0.0230227442718034,0.0243043247610331,0.018266290299626,202107,162,2
CPLE3,202107,-0.127392218482374,0.0394252240657806,0.018266290299626,202107,162,5
CPLE6,202107,-0.186813186813187,0.0287974663078785,0.018266290299626,202107,162,4
CRDE3,202107,-0.0460465116279069,0.0253117550164461,0.018266290299626,202107,162,3
CRFB3,202107,-0.0630630630630631,0.0226155612617731,0.018266290299626,202107,162,1
CRIV3,202107,-0.0283553875236295,0.0308695044368506,0.018266290299626,202107,162,4
CRIV4,202107,-0.0410256410256409,0.0257248785346746,0.018266290299626,202107,162,3
CRPG5,202107,0.208308286622689,-0.106450870633125,0.018266290299626,202107,162,1
CSAN3,202107,-0.138816312266044,0.0208811853080988,0.018266290299626,202107,162,1
CSMG3,202107,-0.0137683345080299,0.0272292625159025,0.018266290299626,202107,162,3
CSNA3,202107,-0.20710058177762,0.0356134176254272,0.018266290299626,202107,162,5
CTNM4,202107,-0.18200406764535,0.0292636174708605,0.018266290299626,202107,162,4
CVCB3,202107,-0.257899640457194,0.0285371709614992,0.018266290299626,202107,162,4
CYRE3,202107,-0.217222207772028,0.0240757483989,0.018266290299626,202107,162,2
DASA3,202107,-0.195082723555626,0.0179523136466742,0.018266290299626,202107,162,1
DEXP3,202107,-0.228193734012615,0.0284468270838261,0.018266290299626,202107,162,3
DIRR3,202107,-0.164623537784411,0.022497808560729,0.018266290299626,202107,162,1
DMMO3,202107,-0.131578947368421,0.0236748028546572,0.018266290299626,202107,162,2
EALT4,202107,0.0823529800627163,0.031764779239893,0.018266290299626,202107,162,4
ECOR3,202107,-0.0879733422582668,0.0244632307440043,0.018266290299626,202107,162,2
EGIE3,202107,0.0387081117024362,0.0240330118685961,0.018266290299626,202107,162,2
ELET3,202107,-0.121526876136069,0.0240330118685961,0.018266290299626,202107,162,2
ELET6,202107,-0.12603305785124,0.0234205070883036,0.018266290299626,202107,162,1
EMAE4,202107,-0.00429284644269023,0.0476820841431618,0.018266290299626,202107,162,5
EMBR3,202107,-0.0518806744487678,0.0317326858639717,0.018266290299626,202107,162,4
ENAT3,202107,-0.073913043478261,0.0267793107777834,0.018266290299626,202107,162,3
ENBR3,202107,0.0675381263616559,0.0236455295234919,0.018266290299626,202107,162,1
ENEV3,202107,-0.12568304681991,0.0265734512358904,0.018266290299626,202107,162,3
ENGI11,202107,-0.103111413632227,0.0230652634054422,0.018266290299626,202107,162,1
EQPA3,202107,0.0376237807468316,0.0272421967238188,0.018266290299626,202107,162,3
EQTL3,202107,-0.0974360542773405,0.0234632398933172,0.018266290299626,202107,162,1
ETER3,202107,-0.11881188196155,0.044922661036253,0.018266290299626,202107,162,5
EUCA4,202107,-0.105617955985734,0.0331593528389931,0.018266290299626,202107,162,4
EVEN3,202107,-0.191157445405784,0.0233667362481356,0.018266290299626,202107,162,1
EZTC3,202107,-0.200963267586235,0.0234205070883036,0.018266290299626,202107,162,1
FESA4,202107,-0.154175612214962,0.0286147780716419,0.018266290299626,202107,162,4
FHER3,202107,-0.353163703050479,0.0633209496736527,0.018266290299626,202107,162,5
FLRY3,202107,-0.148734444288948,0.0243344847112894,0.018266290299626,202107,162,2
FRAS3,202107,0.00851681517215441,0.0261273253709078,0.018266290299626,202107,162,3
GEPA4,202107,-0.0151514992524637,0.0259304754436016,0.018266290299626,202107,162,3
GFSA3,202107,-0.220930235328832,0.0272934194654226,0.018266290299626,202107,162,3
GGBR3,202107,0.000899867796699816,0.0351631492376328,0.018266290299626,202107,162,5
GGBR4,202107,-0.00738005843503164,0.0267291981726885,0.018266290299626,202107,162,3
GNDI3,202107,-0.139793593352098,0.0240579750388861,0.018266290299626,202107,162,2
GOAU3,202107,0.0556535639137199,0.0278091412037611,0.018266290299626,202107,162,3
GOAU4,202107,0.00724636055001038,0.0296231489628553,0.018266290299626,202107,162,4
GOLL4,202107,-0.267020762916466,0.038926262408495,0.018266290299626,202107,162,5
GRND3,202107,-0.0734342227896682,0.0464953742921352,0.018266290299626,202107,162,5
GUAR3,202107,-0.190687361419069,0.0420354604721069,0.018266290299626,202107,162,5
HAPV3,202107,-0.150846227256629,0.0240330118685961,0.018266290299626,202107,162,2
HBOR3,202107,-0.173010381138438,0.0309025757014751,0.018266290299626,202107,162,4
HYPE3,202107,-0.12694499487471,0.0244632307440043,0.018266290299626,202107,162,2
IGTA3,202107,-0.050729232720355,0.0244544725865126,0.018266290299626,202107,162,2
INEP3,202107,0.028735632813895,0.0494213588535786,0.018266290299626,202107,162,5
IRBR3,202107,-0.00845666653209809,0.0247647035866976,0.018266290299626,202107,162,3
ITSA3,202107,-0.0850311893366047,0.0246529597789049,0.018266290299626,202107,162,3
ITSA4,202107,-0.0798925021939396,0.0238507222384214,0.018266290299626,202107,162,2
ITUB3,202107,-0.220678379375519,0.0228940527886152,0.018266290299626,202107,162,1
ITUB4,202107,-0.193843674441198,0.0196258630603552,0.018266290299626,202107,162,1
JBSS3,202107,0.0534124629080117,0.0228336695581675,0.018266290299626,202107,162,1
JHSF3,202107,-0.131087660262444,0.0215692799538374,0.018266290299626,202107,162,1
JOPA3,202107,-0.0666666813314961,0.0296182502061129,0.018266290299626,202107,162,4
JPSA3,202107,-0.0116148370176097,0.0208274144679308,0.018266290299626,202107,162,1
KEPL3,202107,-0.0278147624795145,0.0237945299595594,0.018266290299626,202107,162,2
KLBN11,202107,-0.0524579402139357,0.0242631677538157,0.018266290299626,202107,162,2
KLBN4,202107,-0.048245763143022,0.0372039452195168,0.018266290299626,202107,162,5
KROT11,202107,-0.0848708487084871,0.04285554215312,0.018266290299626,202107,162,5
LAME3,202107,0.117913832199546,0.0467751175165176,0.018266290299626,202107,162,5
LAME4,202107,0.00207468879668049,0.0491626895964146,0.018266290299626,202107,162,5
LCAM3,202107,-0.187731576780568,0.0242631677538157,0.018266290299626,202107,162,2
LEVE3,202107,-0.0967399917046308,0.0429063588380814,0.018266290299626,202107,162,5
LIGT3,202107,-0.262757057242166,0.0359980575740337,0.018266290299626,202107,162,5
LLIS3,202107,-0.112149532710281,0.0215298961848021,0.018266290299626,202107,162,1
LOGG3,202107,-0.0960647020263266,0.021606495603919,0.018266290299626,202107,162,1
LOGN3,202107,-0.0363636016845703,0.0259045194834471,0.018266290299626,202107,162,3
LPSB3,202107,-0.102941179683305,0.0233820881694555,0.018266290299626,202107,162,1
LREN3,202107,-0.0636257884571506,0.0236455295234919,0.018266290299626,202107,162,1
LUPA3,202107,0.148571468534924,0.053330771625042,0.018266290299626,202107,162,5
LWSA3,202107,-0.200174826780084,0.0313024669885635,0.018266290299626,202107,162,4
MDIA3,202107,-0.0632565296718759,0.0233820881694555,0.018266290299626,202107,162,1
MDNE3,202107,-0.329149323128945,0.0239366162568331,0.018266290299626,202107,162,2
MEAL3,202107,-0.121875030966475,0.0252811554819345,0.018266290299626,202107,162,3
MGLU3,202107,-0.246164599344638,0.0209567677229643,0.018266290299626,202107,162,1
MILS3,202107,-0.187399086971932,0.0237373281270266,0.018266290299626,202107,162,2
MOVI3,202107,-0.133099741535462,0.0194393079727888,0.018266290299626,202107,162,1
MRFG3,202107,0.0327357755261106,0.0224109049886465,0.018266290299626,202107,162,1
MRVE3,202107,-0.174125338773415,0.0304504819214344,0.018266290299626,202107,162,4
MTRE3,202107,-0.27067662540529,0.0243925731629133,0.018266290299626,202107,162,2
MTSA4,202107,0.030135631981915,0.0336662828922272,0.018266290299626,202107,162,4
MULT3,202107,-0.0267994346542713,0.0244176555424929,0.018266290299626,202107,162,2
MYPK3,202107,-0.0487526748840252,0.0451824851334095,0.018266290299626,202107,162,5
NEOE3,202107,0.0124101894186806,0.0261932481080294,0.018266290299626,202107,162,3
NTCO3,202107,-0.146368224709239,0.0234454665333033,0.018266290299626,202107,162,1
ODPV3,202107,-0.185297691373026,0.024037329480052,0.018266290299626,202107,162,2
OFSA3,202107,-0.147920931039619,0.0265100691467524,0.018266290299626,202107,162,3
OIBR3,202107,-0.11,0.0372508205473423,0.018266290299626,202107,162,5
OIBR4,202107,-0.118343195266272,0.0304853115230799,0.018266290299626,202107,162,4
OMGE3,202107,0.0202618453865335,0.0240757483989,0.018266290299626,202107,162,2
PARD3,202107,-0.0283185840707965,0.021235903725028,0.018266290299626,202107,162,1
PDTC3,202107,-0.0553892383508955,0.0708595365285873,0.018266290299626,202107,162,5
PETR3,202107,-0.0170515925775496,0.0238329488784075,0.018266290299626,202107,162,2
PETR4,202107,-0.00293789958207324,0.0238329488784075,0.018266290299626,202107,162,2
PFRM3,202107,-0.152777771375813,0.0214428212493658,0.018266290299626,202107,162,1
PNVL3,202107,-0.121704006135288,0.0237219762057066,0.018266290299626,202107,162,2
POMO4,202107,-0.109965469562052,0.0478691011667252,0.018266290299626,202107,162,5
POSI3,202107,-0.177560941951227,0.0380411930382252,0.018266290299626,202107,162,5
PRIO3,202107,-0.0619504224362719,0.0309149902313948,0.018266290299626,202107,162,4
PRNR3,202107,-0.134422073293332,0.0233889687806368,0.018266290299626,202107,162,1
PSSA3,202107,-0.0562072489371523,0.0217198897153139,0.018266290299626,202107,162,1
PTBL3,202107,-0.11889405984252,0.0354219600558281,0.018266290299626,202107,162,5
QUAL3,202107,-0.144071826634533,0.0335054881870747,0.018266290299626,202107,162,4
RADL3,202107,-0.005134631476852,0.0269336644560099,0.018266290299626,202107,162,3
RAIL3,202107,-0.0476474432493854,0.0236545447260141,0.018266290299626,202107,162,2
RANI3,202107,0.0256409559372632,0.0263732690364122,0.018266290299626,202107,162,3
RAPT3,202107,-0.0890206553709273,0.0302561018615961,0.018266290299626,202107,162,4
RAPT4,202107,-0.137521294068292,0.0342642553150654,0.018266290299626,202107,162,4
RCSL3,202107,-0.133333448656263,0.07016821205616,0.018266290299626,202107,162,5
RCSL4,202107,0,0.0326869376003742,0.018266290299626,202107,162,4
RDNI3,202107,-0.0890688259109311,0.0298114102333784,0.018266290299626,202107,162,4
RENT3,202107,-0.168349698017156,0.0238756854087114,0.018266290299626,202107,162,2
ROMI3,202107,-0.145473536779921,0.035305567085743,0.018266290299626,202107,162,5
RPAD3,202107,-0.118690301507109,0.0296182502061129,0.018266290299626,202107,162,4
RSID3,202107,-0.0774410316722631,0.0307774338871241,0.018266290299626,202107,162,4
SANB11,202107,0.0130434232240015,0.0220139678567648,0.018266290299626,202107,162,1
SAPR11,202107,-0.0474946630121745,0.0233820881694555,0.018266290299626,202107,162,1
SAPR4,202107,-0.0337661808566118,0.0359644405543804,0.018266290299626,202107,162,5
SBFG3,202107,-0.250805094959108,0.0229640249162912,0.018266290299626,202107,162,1
SBSP3,202107,-0.0873737143711745,0.0265484880656004,0.018266290299626,202107,162,3
SCAR3,202107,0.00543476491909645,0.0257248785346746,0.018266290299626,202107,162,3
SEER3,202107,-0.100000115074829,0.0249041747301817,0.018266290299626,202107,162,3
SGPS3,202107,-0.078272604588394,0.0385430082678795,0.018266290299626,202107,162,5
SHOW3,202107,-0.198396818099186,0.0241959001868963,0.018266290299626,202107,162,2
SHUL4,202107,-0.0863790077710627,0.030924316495657,0.018266290299626,202107,162,4
SLCE3,202107,-0.0442982799788414,0.0266689602285624,0.018266290299626,202107,162,3
SMTO3,202107,0.0949112490581352,0.0237642843276262,0.018266290299626,202107,162,2
SOMA3,202107,-0.225958702064897,0.0254062134772539,0.018266290299626,202107,162,3
SQIA3,202107,-0.197069943289225,0.0229036640375853,0.018266290299626,202107,162,1
STBP3,202107,-0.350567465321564,0.0256196316331625,0.018266290299626,202107,162,3
SULA11,202107,0.0192307692307692,0.0230330247431994,0.018266290299626,202107,162,1
SUZB3,202107,-0.0970285690841822,0.0244454573839903,0.018266290299626,202107,162,2
TAEE11,202107,0.0228794580443619,0.0240438971668482,0.018266290299626,202107,162,2
TASA3,202107,-0.0390483548854964,0.053543321788311,0.018266290299626,202107,162,5
TASA4,202107,-0.0432128113918372,0.0328013747930527,0.018266290299626,202107,162,4
TCSA3,202107,-0.272908344773784,0.0234419126063585,0.018266290299626,202107,162,1
TECN3,202107,-0.0264026261127091,0.0534744970500469,0.018266290299626,202107,162,5
TEND3,202107,-0.0312323239185127,0.0212896708399057,0.018266290299626,202107,162,1
TGMA3,202107,-0.0721210955885562,0.0233820881694555,0.018266290299626,202107,162,1
TIMS3,202107,-0.0451060096034744,0.0240330118685961,0.018266290299626,202107,162,2
TOTS3,202107,-0.0925208137089251,0.0234454665333033,0.018266290299626,202107,162,1
TPIS3,202107,-0.168000030873408,0.045979343354702,0.018266290299626,202107,162,5
TRIS3,202107,-0.198630191384045,0.023769112303853,0.018266290299626,202107,162,2
TRPL4,202107,0,0.0246380362659693,0.018266290299626,202107,162,3
TUPY3,202107,0.035696277719113,0.0243916865438223,0.018266290299626,202107,162,2
UCAS3,202107,-0.0509707231895148,0.0252946596592665,0.018266290299626,202107,162,3
UGPA3,202107,-0.114654173300513,0.0269185788929462,0.018266290299626,202107,162,3
UNIP3,202107,-0.0585287039865539,0.0331257507205009,0.018266290299626,202107,162,4
UNIP6,202107,-0.0557663053841659,0.0332136154174805,0.018266290299626,202107,162,4
USIM3,202107,-0.180661621944715,0.0354033149778843,0.018266290299626,202107,162,5
USIM5,202107,-0.178039675850456,0.0519094914197922,0.018266290299626,202107,162,5
VALE3,202107,-0.0607292148009532,0.0261076707392931,0.018266290299626,202107,162,3
VIVA3,202107,-0.121273780836741,0.0234454665333033,0.018266290299626,202107,162,1
VIVR3,202107,-0.184549359061738,0.0557373538613319,0.018266290299626,202107,162,5
VIVT3,202107,0.0707385482163903,0.0240757483989,0.018266290299626,202107,162,2
VLID3,202107,-0.137681062897835,0.0476148203015328,0.018266290299626,202107,162,5
VULC3,202107,-0.177191009909455,0.0495564118027687,0.018266290299626,202107,162,5
WEGE3,202107,-0.0663639071179591,0.0209567677229643,0.018266290299626,202107,162,1
WIZS3,202107,-0.161598609904431,0.0318549685180187,0.018266290299626,202107,162,4
YDUQ3,202107,-0.122053702266106,0.0245627369731665,0.018266290299626,202107,162,3
AALR3,202108,0.249999983890637,0.0523569136857987,0.018266290299626,202107,162,5
ABCB4,202108,0.114549037540597,0.0267100036144257,0.018266290299626,202107,162,1
ABEV3,202108,-0.0547380691378112,0.0219817254692316,0.018266290299626,202107,162,1
AGRO3,202108,-0.0680918092903321,0.0328475944697857,0.018266290299626,202107,162,4
ALPA3,202108,-0.0210687668764793,0.0315704680979252,0.018266290299626,202107,162,3
ALPA4,202108,0.0186752586989352,0.0253219548612833,0.018266290299626,202107,162,1
ALPK3,202108,-0.188259085431806,0.0369569398462772,0.018266290299626,202107,162,4
ALSO3,202108,0.0719499478623566,0.0290981996804476,0.018266290299626,202107,162,2
ALUP11,202108,0.0236285142606125,0.0316136851906776,0.018266290299626,202107,162,3
AMAR3,202108,-0.102189797314566,0.0540948249399662,0.018266290299626,202107,162,5
AMBP3,202108,0.0673884681236436,0.0350574962794781,0.018266290299626,202107,162,4
AMER3,202108,0.0208754680009797,0.0548279248178005,0.018266290299626,202107,162,5
ANIM3,202108,0.296969730577312,0.0327475853264332,0.018266290299626,202107,162,4
APER3,202108,-0.189302716325959,0.0310082472860813,0.018266290299626,202107,162,3
ARZZ3,202108,-0.0912043301759136,0.0322155952453613,0.018266290299626,202107,162,3
ATOM3,202108,-0.21969696969697,0.0532363802194595,0.018266290299626,202107,162,5
AZEV4,202108,-0.0372881738266444,0.0419870689511299,0.018266290299626,202107,162,5
AZUL4,202108,-0.0599115400080419,0.0394666418433189,0.018266290299626,202107,162,5
B3SA3,202108,-0.06717028121303,0.0311834644526243,0.018266290299626,202107,162,3
BBAS3,202108,0.132541968111259,0.0285283494740725,0.018266290299626,202107,162,2
BBDC3,202108,0.00216170213987876,0.0291231665760279,0.018266290299626,202107,162,2
BBDC4,202108,0.00142522598508599,0.0273513253778219,0.018266290299626,202107,162,2
BBRK3,202108,-0.231884057971014,0.0458534993231297,0.018266290299626,202107,162,5
BBSE3,202108,-0.0547760993922359,0.0303145423531532,0.018266290299626,202107,162,3
BEEF11,202108,-0.163793103448276,0.032551396638155,0.018266290299626,202107,162,4
BEEF3,202108,-0.0918366472594089,0.0257929600775242,0.018266290299626,202107,162,1
BEES3,202108,-0.0251524365281741,0.0315605662763119,0.018266290299626,202107,162,3
BIDI11,202108,0.02056338028169,0.0243499036878347,0.018266290299626,202107,162,1
BIDI3,202108,0.0414507772020727,0.0222867000848055,0.018266290299626,202107,162,1
BIDI4,202108,-0.0228945216680295,0.0210053268820047,0.018266290299626,202107,162,1
BKBR3,202108,-0.0451237263464338,0.0271320622414351,0.018266290299626,202107,162,1
BMGB4,202108,-0.0524587399592528,0.0316065512597561,0.018266290299626,202107,162,3
BPAC11,202108,-0.0878587763921601,0.0291231665760279,0.018266290299626,202107,162,2
BPAC3,202108,-0.0259927615620538,0.036771684885025,0.018266290299626,202107,162,4
BPAC5,202108,-0.117229054828017,0.0460882671177387,0.018266290299626,202107,162,5
BPAN4,202108,-0.152746425884123,0.046256747096777,0.018266290299626,202107,162,5
BRAP3,202108,0.0336538428109436,0.0330276228487492,0.018266290299626,202107,162,4
BRAP4,202108,0.0224004633608441,0.029393931850791,0.018266290299626,202107,162,2
BRFS3,202108,-0.149806284976324,0.0313544124364853,0.018266290299626,202107,162,3
BRGE3,202108,-0.153153153153153,0.0333438813686371,0.018266290299626,202107,162,4
BRIV3,202108,-0.0489130434782608,0.0355810672044754,0.018266290299626,202107,162,4
BRKM5,202108,-0.0809768459729653,0.0326868556439877,0.018266290299626,202107,162,4
BRML3,202108,0.101813110181311,0.0249469336122274,0.018266290299626,202107,162,1
BRPR3,202108,-0.00138691194009133,0.0290401894599199,0.018266290299626,202107,162,2
BRSR6,202108,-0.0725436043051569,0.0261932481080294,0.018266290299626,202107,162,1
CAML3,202108,-0.0113637533981554,0.025579085573554,0.018266290299626,202107,162,1
CARD3,202108,-0.257378984651712,0.0267661195248365,0.018266290299626,202107,162,1
CCRO3,202108,0.0769903762029747,0.0287107173353434,0.018266290299626,202107,162,2
CEAB3,202108,0.0660065677963373,0.0538489371538162,0.018266290299626,202107,162,5
CEBR3,202108,-0.170000060597529,0.0461878851056099,0.018266290299626,202107,162,5
CESP3,202108,-0.0522105263157894,0.037309180945158,0.018266290299626,202107,162,4
CESP6,202108,-0.067843137254902,0.0273263622075319,0.018266290299626,202107,162,2
CGRA4,202108,-0.0369798003478942,0.0287326294928789,0.018266290299626,202107,162,2
CIEL3,202108,-0.0547945205479452,0.0293256174772978,0.018266290299626,202107,162,2
CLSC3,202108,-0.0461539328650256,0.0447143986821175,0.018266290299626,202107,162,5
CLSC4,202108,0.0183822351932812,0.0257071051746607,0.018266290299626,202107,162,1
CMIG3,202108,0.0409146037816996,0.0290484745055437,0.018266290299626,202107,162,2
CMIG4,202108,0.0201861951096245,0.0307039022445679,0.018266290299626,202107,162,3
COCE5,202108,0.0744870522819685,0.0271317940205336,0.018266290299626,202107,162,1
COGN3,202108,0,0.0377757996320725,0.018266290299626,202107,162,4
CPFE3,202108,0.00342080244894771,0.0293182898312807,0.018266290299626,202107,162,2
CPLE3,202108,0.033457477344194,0.020923363044858,0.018266290299626,202107,162,1
CPLE6,202108,0.0371621621621621,0.0350263863801956,0.018266290299626,202107,162,4
CRDE3,202108,0.016089712335446,0.031846147030592,0.018266290299626,202107,162,3
CRFB3,202108,-0.0787259615384616,0.0312262047082186,0.018266290299626,202107,162,3
CRIV3,202108,-0.0466926070038909,0.0372538827359676,0.018266290299626,202107,162,4
CRIV4,202108,0.0320855614973261,0.0315605662763119,0.018266290299626,202107,162,3
CRPG5,202108,-0.40000006806382,0.0428307913243771,0.018266290299626,202107,162,5
CSAN3,202108,0.0737745557991352,0.0258961487561464,0.018266290299626,202107,162,1
CSMG3,202108,-0.0580454833839221,0.0310722440481186,0.018266290299626,202107,162,3
CSNA3,202108,-0.0447761807754222,0.0368066132068634,0.018266290299626,202107,162,4
CTNM4,202108,-0.0649999976158142,0.0356814302504063,0.018266290299626,202107,162,4
CVCB3,202108,-0.147150910250599,0.0402748510241509,0.018266290299626,202107,162,5
CYRE3,202108,-0.0347763957056337,0.0311582498252392,0.018266290299626,202107,162,3
DASA3,202108,-0.00513847226713993,0.0270062480121851,0.018266290299626,202107,162,1
DEXP3,202108,-0.0810503624079159,0.0360279455780983,0.018266290299626,202107,162,4
DIRR3,202108,0.0670859552655898,0.0299392733722925,0.018266290299626,202107,162,3
DMMO3,202108,-0.0757575757575758,0.031842153519392,0.018266290299626,202107,162,3
DMVF3,202108,-0.116858176474151,0.0272490624338388,0.018266290299626,202107,162,1
EALT4,202108,-0.130434752259993,0.0321626886725426,0.018266290299626,202107,162,3
ECOR3,202108,0.013431137230024,0.0344697386026382,0.018266290299626,202107,162,4
EGIE3,202108,-0.00976624693852679,0.0287107173353434,0.018266290299626,202107,162,2
ELET3,202108,-0.0354714750221695,0.0307959839701653,0.018266290299626,202107,162,3
ELET6,202108,-0.0528959810874706,0.0293695125728846,0.018266290299626,202107,162,2
EMAE4,202108,-0.209894966888047,0.0596923641860485,0.018266290299626,202107,162,5
EMBR3,202108,-0.127222982216142,0.0347099900245667,0.018266290299626,202107,162,4
ENAT3,202108,0.0422535211267607,0.0360442809760571,0.018266290299626,202107,162,4
ENBR3,202108,0.0918367346938773,0.0286594945937395,0.018266290299626,202107,162,2
ENEV3,202108,-0.0312499875823653,0.0253865253180265,0.018266290299626,202107,162,1
ENGI11,202108,0.149404846621358,0.0286689009517431,0.018266290299626,202107,162,2
EQPA3,202108,-0.0163282875695974,0.0299001429229975,0.018266290299626,202107,162,3
EQTL3,202108,-0.013548773039161,0.0246031638234854,0.018266290299626,202107,162,1
ETER3,202108,0.104868954031987,0.040226474404335,0.018266290299626,202107,162,5
EUCA4,202108,0.0502512085406843,0.0414034724235535,0.018266290299626,202107,162,5
EVEN3,202108,-0.0112539850829846,0.0371910706162453,0.018266290299626,202107,162,4
EZTC3,202108,-0.00602734812375527,0.0321972630918026,0.018266290299626,202107,162,3
FESA4,202108,-0.0831224927118033,0.0322022326290607,0.018266290299626,202107,162,3
FHER3,202108,0.000531644293767286,0.0465480759739876,0.018266290299626,202107,162,5
FLRY3,202108,-0.0722251155773359,0.0293256174772978,0.018266290299626,202107,162,2
FRAS3,202108,-0.117522934873185,0.0394112914800644,0.018266290299626,202107,162,5
GEPA4,202108,-0.0298460178652756,0.0334640108048916,0.018266290299626,202107,162,4
GFSA3,202108,0.0149253411797115,0.0417674519121647,0.018266290299626,202107,162,5
GGBR3,202108,0.0265785714904814,0.0297964084893465,0.018266290299626,202107,162,3
GGBR4,202108,0.0269869248047721,0.0261076707392931,0.018266290299626,202107,162,1
GNDI3,202108,-0.0423808039887816,0.0279851537197828,0.018266290299626,202107,162,2
GOAU3,202108,-0.0683652167640039,0.0318771675229073,0.018266290299626,202107,162,3
GOAU4,202108,-0.0156625167859832,0.026056444272399,0.018266290299626,202107,162,1
GOLL4,202108,0.0540184453227932,0.033049214631319,0.018266290299626,202107,162,4
GRND3,202108,-0.00737909372384116,0.0255076382309198,0.018266290299626,202107,162,1
GUAR3,202108,-0.0684931506849316,0.0323923453688622,0.018266290299626,202107,162,4
HAPV3,202108,-0.0545928055734224,0.0312084313482046,0.018266290299626,202107,162,3
HBOR3,202108,-0.100418412806141,0.0269886795431376,0.018266290299626,202107,162,1
HYPE3,202108,-0.0334991131508933,0.0285106468945742,0.018266290299626,202107,162,2
IGTA3,202108,0.106546426185705,0.0276167560368776,0.018266290299626,202107,162,2
INEP3,202108,-0.156424541716859,0.0482397824525833,0.018266290299626,202107,162,5
IRBR3,202108,-0.081023420006902,0.0271976161748171,0.018266290299626,202107,162,1
ITSA3,202108,-0.0453959731712406,0.0295358505100012,0.018266290299626,202107,162,2
ITSA4,202108,-0.04166859051891,0.028452830389142,0.018266290299626,202107,162,2
ITUB3,202108,-0.0307443868545073,0.02837167493999,0.018266290299626,202107,162,2
ITUB4,202108,-0.0276240681382944,0.0293283518403769,0.018266290299626,202107,162,2
JBSS3,202108,-0.087067861715749,0.0267388131469488,0.018266290299626,202107,162,1
JHSF3,202108,-0.0581163123363678,0.0285576637834311,0.018266290299626,202107,162,2
JOPA3,202108,0.0178572845485776,0.0338263213634491,0.018266290299626,202107,162,4
JPSA3,202108,0.100075815011372,0.0266100633889437,0.018266290299626,202107,162,1
KEPL3,202108,-0.116048678716018,0.0320445746183395,0.018266290299626,202107,162,3
KLBN11,202108,0.0547519518313999,0.0311834644526243,0.018266290299626,202107,162,3
KROT11,202108,0,0.0613110959529877,0.018266290299626,202107,162,5
LAME3,202108,0.103448275862069,0.0653137415647507,0.018266290299626,202107,162,5
LAME4,202108,0.132505175983437,0.0660889074206352,0.018266290299626,202107,162,5
LCAM3,202108,0.174353775975672,0.024565240368247,0.018266290299626,202107,162,1
LEVE3,202108,-0.140551704353297,0.0250594969838858,0.018266290299626,202107,162,1
LIGT3,202108,0.243801652061639,0.0259385649114847,0.018266290299626,202107,162,1
LJQQ3,202108,-0.125215781331302,0.0275589544326067,0.018266290299626,202107,162,2
LLIS3,202108,-0.331578947368421,0.0426810011267662,0.018266290299626,202107,162,5
LOGG3,202108,-0.0606061183732692,0.0320884995162487,0.018266290299626,202107,162,3
LOGN3,202108,-0.0259434492743349,0.0353584364056587,0.018266290299626,202107,162,4
LPSB3,202108,-0.0491803817658209,0.0323847904801369,0.018266290299626,202107,162,3
LREN3,202108,-0.0290104099861445,0.0311834644526243,0.018266290299626,202107,162,3
LUPA3,202108,-0.140961915737104,0.0650412440299988,0.018266290299626,202107,162,5
LWSA3,202108,-0.279234896770875,0.0364758931100369,0.018266290299626,202107,162,4
MDIA3,202108,-0.102423369172603,0.0216860827058554,0.018266290299626,202107,162,1
MDNE3,202108,-0.0249479818976491,0.0309511683881283,0.018266290299626,202107,162,3
MEAL3,202108,-0.0462633020176321,0.0317186564207077,0.018266290299626,202107,162,3
MGLU3,202108,-0.278445853567555,0.0290981996804476,0.018266290299626,202107,162,2
MILS3,202108,0.107186771647136,0.0344850905239582,0.018266290299626,202107,162,4
MOVI3,202108,0.129966301954572,0.0299823340028524,0.018266290299626,202107,162,3
MRFG3,202108,-0.110566037735849,0.0262507777661085,0.018266290299626,202107,162,1
MRVE3,202108,0.0926109795709544,0.0275622848421335,0.018266290299626,202107,162,2
MTRE3,202108,0.212190906780653,0.0344850905239582,0.018266290299626,202107,162,4
MTSA4,202108,-0.0424298627468479,0.0456517562270165,0.018266290299626,202107,162,5
MULT3,202108,0.0583150260016276,0.0284856799989939,0.018266290299626,202107,162,2
MYPK3,202108,-0.139451847939416,0.0264600571244955,0.018266290299626,202107,162,1
NEOE3,202108,0.121290322580645,0.0289159025996923,0.018266290299626,202107,162,2
NTCO3,202108,-0.313881748071979,0.0269388798624277,0.018266290299626,202107,162,1
ODPV3,202108,-0.0611483967188665,0.0266004521399736,0.018266290299626,202107,162,1
OFSA3,202108,0.000400073094435571,0.0261922720819712,0.018266290299626,202107,162,1
OIBR3,202108,-0.0112359550561798,0.0424754582345486,0.018266290299626,202107,162,5
OIBR4,202108,-0.0805369127516778,0.0439461916685104,0.018266290299626,202107,162,5
OMGE3,202108,-0.17079132294531,0.028229271993041,0.018266290299626,202107,162,2
PARD3,202108,-0.11976320582878,0.0286334585398436,0.018266290299626,202107,162,2
PDTC3,202108,-0.231378773521938,0.140243113040924,0.018266290299626,202107,162,5
PETR3,202108,0.0892663428469074,0.0305958446115255,0.018266290299626,202107,162,3
PETR4,202108,0.0839778901178427,0.0315959118306637,0.018266290299626,202107,162,3
PFRM3,202108,0.034362549055692,0.0375355333089829,0.018266290299626,202107,162,4
PNVL3,202108,-0.0192454105365233,0.0322944596409798,0.018266290299626,202107,162,3
POMO4,202108,-0.00772240210171038,0.0290646534413099,0.018266290299626,202107,162,2
POSI3,202108,0.0865954802782054,0.0287170931696892,0.018266290299626,202107,162,2
PRIO3,202108,-0.135492096371706,0.0382306948304176,0.018266290299626,202107,162,5
PRNR3,202108,-0.0377358852827906,0.0376233235001564,0.018266290299626,202107,162,4
PSSA3,202108,-0.0348051344579442,0.0268205497413874,0.018266290299626,202107,162,1
PTBL3,202108,-0.0799650729568441,0.0478734225034714,0.018266290299626,202107,162,5
QUAL3,202108,-0.0806547279318427,0.0324319712817669,0.018266290299626,202107,162,4
RADL3,202108,-0.0329801313800772,0.0267388131469488,0.018266290299626,202107,162,1
RAIL3,202108,0.0988117841236338,0.0267138462513685,0.018266290299626,202107,162,1
RANI3,202108,0.11764004283185,0.037518598139286,0.018266290299626,202107,162,4
RAPT3,202108,0.0407166098843033,0.03551434725523,0.018266290299626,202107,162,4
RAPT4,202108,0.0895670007671932,0.0237219762057066,0.018266290299626,202107,162,1
RCSL4,202108,-0.0845070223048117,0.0441463403403759,0.018266290299626,202107,162,5
RDNI3,202108,-0.106666666666667,0.0408683232963085,0.018266290299626,202107,162,5
RENT3,202108,0.12825599881835,0.027308588847518,0.018266290299626,202107,162,1
ROMI3,202108,-0.0391916282379893,0.0273592434823513,0.018266290299626,202107,162,2
RPAD3,202108,-0.0247678117038936,0.0338263213634491,0.018266290299626,202107,162,4
RSID3,202108,-0.0340632847582082,0.0368902795016766,0.018266290299626,202107,162,4
SANB11,202108,-0.0197885187816225,0.029358284547925,0.018266290299626,202107,162,2
SAPR11,202108,0.0263015233870656,0.0273591708391905,0.018266290299626,202107,162,2
SAPR4,202108,0.0215052491771568,0.0244846399873495,0.018266290299626,202107,162,1
SBFG3,202108,0.162368785502136,0.0298240687698126,0.018266290299626,202107,162,3
SBSP3,202108,-0.0431817851080079,0.0278759766370058,0.018266290299626,202107,162,2
SCAR3,202108,-0.0270271013972558,0.0315605662763119,0.018266290299626,202107,162,3
SEER3,202108,0.00216134161924675,0.0332200191915035,0.018266290299626,202107,162,4
SGPS3,202108,-0.1800878477306,0.0431091748178005,0.018266290299626,202107,162,5
SHOW3,202108,-0.15,0.0414945967495441,0.018266290299626,202107,162,5
SHUL4,202108,0.0583237795390303,0.0353008173406124,0.018266290299626,202107,162,4
SLCE3,202108,-0.119320759588795,0.033500075340271,0.018266290299626,202107,162,4
SMTO3,202108,-0.0490257088606084,0.0263665933161974,0.018266290299626,202107,162,1
SOMA3,202108,-0.00762195121951215,0.0296854358166456,0.018266290299626,202107,162,3
SQIA3,202108,-0.0894643908181282,0.0263668615370989,0.018266290299626,202107,162,1
STBP3,202108,0.163106796116505,0.027809040620923,0.018266290299626,202107,162,2
SULA11,202108,-0.0388910281093569,0.0375170670449734,0.018266290299626,202107,162,4
SUZB3,202108,0.140767903342,0.0298922564834356,0.018266290299626,202107,162,3
TAEE11,202108,-0.0163665576165721,0.031003050506115,0.018266290299626,202107,162,3
TASA3,202108,0.039233929810724,0.0539501830935478,0.018266290299626,202107,162,5
TASA4,202108,0.0922926006802407,0.0395444966852665,0.018266290299626,202107,162,5
TCSA3,202108,-0.0493150854942874,0.0392573066055775,0.018266290299626,202107,162,5
TECN3,202108,-0.193220282659049,0.0664589405059815,0.018266290299626,202107,162,5
TEND3,202108,0.000586244182906759,0.0319929867982864,0.018266290299626,202107,162,3
TGMA3,202108,-0.134695400532789,0.0327043160796165,0.018266290299626,202107,162,4
TIMS3,202108,0.229945996231482,0.0291409399360418,0.018266290299626,202107,162,2
TOTS3,202108,-0.0326618495868561,0.0290884096175432,0.018266290299626,202107,162,2
TPIS3,202108,-0.100961492549449,0.0624236837029457,0.018266290299626,202107,162,5
TRIS3,202108,-0.0700851985275445,0.0310665667057037,0.018266290299626,202107,162,3
TRPL4,202108,-0.0419407894736842,0.0286221373826265,0.018266290299626,202107,162,2
TUPY3,202108,-0.0691355373491274,0.0269877966493368,0.018266290299626,202107,162,1
UCAS3,202108,0.0230177533214511,0.0296446178108454,0.018266290299626,202107,162,3
UGPA3,202108,0.105747281360086,0.0325038395822048,0.018266290299626,202107,162,4
UNIP3,202108,0.201822462730332,0.0319478958845139,0.018266290299626,202107,162,3
UNIP6,202108,0.237316804296805,0.0360114462673664,0.018266290299626,202107,162,4
USIM3,202108,0.00931675380734331,0.039531733840704,0.018266290299626,202107,162,5
USIM5,202108,0.0256603791191912,0.0297138448804617,0.018266290299626,202107,162,3
VALE3,202108,-0.0231812365681923,0.035459116101265,0.018266290299626,202107,162,4
VIVA3,202108,-0.0551270581248983,0.0232722628861666,0.018266290299626,202107,162,1
VIVR3,202108,-0.273684206257543,0.0491517521440983,0.018266290299626,202107,162,5
VIVT3,202108,0.104788810150766,0.0285284202545881,0.018266290299626,202107,162,2
VLID3,202108,0.156862709575179,0.0427514128386974,0.018266290299626,202107,162,5
VULC3,202108,0.199421993145703,0.0414865277707577,0.018266290299626,202107,162,5
WEGE3,202108,-0.12891881391005,0.0285284202545881,0.018266290299626,202107,162,2
WIZS3,202108,-0.151295336787565,0.0407355278730392,0.018266290299626,202107,162,5
YDUQ3,202108,0.046500296863472,0.0358743891119957,0.018266290299626,202107,162,4
AALR3,202109,-0.190810796376821,0.0429840795695782,0.018266290299626,202107,162,5
ABCB4,202109,-0.0626107917314017,0.027087876573205,0.018266290299626,202107,162,2
ABEV3,202109,-0.00237923889314895,0.023474870249629,0.018266290299626,202107,162,1
AGRO3,202109,0.223024578865534,0.0329347848892212,0.018266290299626,202107,162,3
ALPA3,202109,-0.0563165402652892,0.0296031627804041,0.018266290299626,202107,162,3
ALPA4,202109,-0.052954537369258,0.0249954629689455,0.018266290299626,202107,162,1
ALPK3,202109,0.0473814439473721,0.0231678020209074,0.018266290299626,202107,162,1
ALSO3,202109,0.0535019455252919,0.0325847417116165,0.018266290299626,202107,162,3
ALUP11,202109,-0.00618277134300149,0.0285284202545881,0.018266290299626,202107,162,2
AMAR3,202109,0.125716620117177,0.0594249702990055,0.018266290299626,202107,162,5
AMBP3,202109,0.0694726116512909,0.0478086546063423,0.018266290299626,202107,162,5
AMER3,202109,0.0415566762587718,0.0562573038041592,0.018266290299626,202107,162,5
ANIM3,202109,-0.0186917098897178,0.0332584343850613,0.018266290299626,202107,162,4
APER3,202109,0.162694300518135,0.0388606861233711,0.018266290299626,202107,162,5
ARZZ3,202109,0.143091125670042,0.0289874766021967,0.018266290299626,202107,162,2
ATOM3,202109,-0.029126213592233,0.0378448367118835,0.018266290299626,202107,162,4
AZEV4,202109,0.531690199366098,0.0646432489156723,0.018266290299626,202107,162,5
AZUL4,202109,0.0419161676646707,0.0339542776346207,0.018266290299626,202107,162,4
B3SA3,202109,0.015474827111162,0.0311834644526243,0.018266290299626,202107,162,3
BBAS3,202109,-0.0889605556933764,0.0263743679970503,0.018266290299626,202107,162,1
BBDC3,202109,-0.0351659183140245,0.0278100315481424,0.018266290299626,202107,162,2
BBDC4,202109,-0.0222512984107577,0.0237602908164263,0.018266290299626,202107,162,1
BBRK3,202109,0.0377358490566038,0.035654604434967,0.018266290299626,202107,162,4
BBSE3,202109,-0.00622584338777499,0.0294828582555056,0.018266290299626,202107,162,3
BEEF11,202109,-0.0670103092783505,0.0528122074902058,0.018266290299626,202107,162,5
BEEF3,202109,0.235431225754248,0.0252465587109327,0.018266290299626,202107,162,1
BEES3,202109,0.0464156018197264,0.0288172196596861,0.018266290299626,202107,162,2
BIDI11,202109,-0.211426994203698,0.0332241654396057,0.018266290299626,202107,162,4
BIDI3,202109,-0.220563847429519,0.0263074319809675,0.018266290299626,202107,162,1
BIDI4,202109,-0.201673640167364,0.0169603060930967,0.018266290299626,202107,162,1
BKBR3,202109,-0.0884146341463413,0.0192884113639593,0.018266290299626,202107,162,1
BMGB4,202109,0.186844125469274,0.0431156866252422,0.018266290299626,202107,162,5
BOAS3,202109,-0.2,0.0306289121508598,0.018266290299626,202107,162,3
BPAC11,202109,0.0181871501016255,0.0295106489211321,0.018266290299626,202107,162,3
BPAC3,202109,-0.0473246675971923,0.042810283601284,0.018266290299626,202107,162,5
BPAC5,202109,0.050961332114883,0.0342768244445324,0.018266290299626,202107,162,4
BPAN4,202109,-0.0515097690941385,0.033185750246048,0.018266290299626,202107,162,4
BRAP3,202109,0.142199448835304,0.0393617264926434,0.018266290299626,202107,162,5
BRAP4,202109,0.218211096972061,0.0332220643758774,0.018266290299626,202107,162,4
BRFS3,202109,0.140253164556962,0.0341683998703957,0.018266290299626,202107,162,4
BRGE3,202109,-0.0558510638297872,0.0334138758480549,0.018266290299626,202107,162,4
BRIV3,202109,-0.165714285714286,0.0341258905827999,0.018266290299626,202107,162,4
BRKM5,202109,0.301115604676872,0.0331334732472897,0.018266290299626,202107,162,3
BRML3,202109,0.0518987341772152,0.028593922033906,0.018266290299626,202107,162,2
BRPR3,202109,0.0152777956097736,0.0266085397452116,0.018266290299626,202107,162,1
BRSR6,202109,-0.0280882694668514,0.022677781060338,0.018266290299626,202107,162,1
CAML3,202109,0.197914688651685,0.0248998384922743,0.018266290299626,202107,162,1
CARD3,202109,0.0381558028616853,0.0267661195248365,0.018266290299626,202107,162,1
CCRO3,202109,-0.0584890333062551,0.0293695125728846,0.018266290299626,202107,162,2
CEAB3,202109,-0.0479875775807318,0.043849840760231,0.018266290299626,202107,162,5
CESP3,202109,-0.0226565970679699,0.0416271016001701,0.018266290299626,202107,162,5
CESP6,202109,-0.095077829196466,0.0252621900290251,0.018266290299626,202107,162,1
CGRA4,202109,-0.122401681024462,0.0327395461499691,0.018266290299626,202107,162,3
CIEL3,202109,0.101449275362319,0.042826671153307,0.018266290299626,202107,162,5
CLSC3,202109,0.0228899836637289,0.0495780110359192,0.018266290299626,202107,162,5
CLSC4,202109,0.0294916204553339,0.0295928698033094,0.018266290299626,202107,162,3
CMIG3,202109,0.104507568857053,0.0303868856281042,0.018266290299626,202107,162,3
CMIG4,202109,0.0402261794992163,0.0269114281982183,0.018266290299626,202107,162,1
COCE5,202109,0.0561816951573351,0.0294071678072214,0.018266290299626,202107,162,3
COGN3,202109,-0.00806457632305535,0.0346450917422771,0.018266290299626,202107,162,4
CPFE3,202109,0.0430451518085442,0.0285284202545881,0.018266290299626,202107,162,2
CPLE3,202109,0.100719321736303,0.0207895059138536,0.018266290299626,202107,162,1
CPLE6,202109,0.0488599348534202,0.0331077687442303,0.018266290299626,202107,162,3
CRDE3,202109,-0.203454894433781,0.0273337904363871,0.018266290299626,202107,162,2
CRFB3,202109,-0.00521852576647097,0.027555575594306,0.018266290299626,202107,162,2
CRIV3,202109,-0.0367346938775511,0.0345561094582081,0.018266290299626,202107,162,4
CRIV4,202109,-0.0155440414507771,0.0281647760421038,0.018266290299626,202107,162,2
CRPG5,202109,0.293171893495991,0.0879078656435013,0.018266290299626,202107,162,5
CSAN3,202109,0.0382256372420757,0.0383169911801815,0.018266290299626,202107,162,4
CSMG3,202109,-0.00858005830828401,0.0263464841991663,0.018266290299626,202107,162,1
CSNA3,202109,0.148437582547541,0.041454441845417,0.018266290299626,202107,162,5
CTNM4,202109,-0.0106951769387781,0.0386215262115002,0.018266290299626,202107,162,5
CURY3,202109,0.0665070312613665,0.0354018025100231,0.018266290299626,202107,162,4
CVCB3,202109,-0.0146842700953402,0.0276873093098402,0.018266290299626,202107,162,2
CYRE3,202109,0.160294136139859,0.0291409399360418,0.018266290299626,202107,162,2
DASA3,202109,-0.0230284889764648,0.0318706892430782,0.018266290299626,202107,162,3
DEXP3,202109,0.293167873481675,0.0314961560070515,0.018266290299626,202107,162,3
DIRR3,202109,0.248526724416079,0.0293753687292337,0.018266290299626,202107,162,2
DMMO3,202109,-0.147540983606557,0.0445029437541962,0.018266290299626,202107,162,5
DMVF3,202109,-0.0867679140526388,0.0351597182452679,0.018266290299626,202107,162,4
DXCO3,202109,-0.016109374920687,0.0268505681306124,0.018266290299626,202107,162,1
EALT4,202109,0.357142771136805,0.0332339219748974,0.018266290299626,202107,162,4
ECOR3,202109,-0.118072301351266,0.0294828582555056,0.018266290299626,202107,162,3
EGIE3,202109,-0.00122592972653568,0.0255201179534197,0.018266290299626,202107,162,1
ELET3,202109,0.0239043824701193,0.0311572067439556,0.018266290299626,202107,162,3
ELET6,202109,0.0299531981279251,0.0286303479224443,0.018266290299626,202107,162,2
EMAE4,202109,0.266710847743203,0.0568490028381348,0.018266290299626,202107,162,5
EMBR3,202109,0.296760710553814,0.040299154818058,0.018266290299626,202107,162,5
ENAT3,202109,-0.000750750750750706,0.0282307639718056,0.018266290299626,202107,162,2
ENBR3,202109,-0.0214953271028037,0.0285284202545881,0.018266290299626,202107,162,2
ENEV3,202109,0.0143369040859989,0.0247353222221136,0.018266290299626,202107,162,1
ENGI11,202109,-0.0277595145679699,0.0285284202545881,0.018266290299626,202107,162,2
EQPA3,202109,0.0260000988081306,0.0303303617984056,0.018266290299626,202107,162,3
EQTL3,202109,0.00177217907230087,0.0288403127342463,0.018266290299626,202107,162,2
ETER3,202109,0.440278164911367,0.0480210781097412,0.018266290299626,202107,162,5
EUCA4,202109,0.0874669275991886,0.0343253910541534,0.018266290299626,202107,162,4
EVEN3,202109,0.0842291181515846,0.0312719009816647,0.018266290299626,202107,162,3
EZTC3,202109,0.127342846646074,0.028229271993041,0.018266290299626,202107,162,2
FESA4,202109,0.128979509393342,0.0325306504964829,0.018266290299626,202107,162,3
FHER3,202109,-0.0239106728420712,0.0517821870744228,0.018266290299626,202107,162,5
FLRY3,202109,0.0352235281917328,0.0266563203185797,0.018266290299626,202107,162,1
FRAS3,202109,0.119868390501958,0.040160309523344,0.018266290299626,202107,162,5
GEPA4,202109,0.0497936308990732,0.03242127597332,0.018266290299626,202107,162,3
GFSA3,202109,-0.0147058513312544,0.0548945777118206,0.018266290299626,202107,162,5
GGBR3,202109,0.0679657600036108,0.0325173959136009,0.018266290299626,202107,162,3
GGBR4,202109,0.0565893680806242,0.026766924187541,0.018266290299626,202107,162,1
GNDI3,202109,-0.0180605271721445,0.0254359412938356,0.018266290299626,202107,162,1
GOAU3,202109,0.111924841092175,0.0336829237639904,0.018266290299626,202107,162,4
GOAU4,202109,0.0685446106994323,0.0261726398020983,0.018266290299626,202107,162,1
GOLL4,202109,0.0643750000000001,0.0329795815050602,0.018266290299626,202107,162,3
GRND3,202109,0.042098661648045,0.0297221969813108,0.018266290299626,202107,162,3
GUAR3,202109,-0.0343137254901961,0.0206412803381681,0.018266290299626,202107,162,1
HAPV3,202109,-0.0480963475527134,0.0284856799989939,0.018266290299626,202107,162,2
HBOR3,202109,0.0883720762543367,0.0241283793002367,0.018266290299626,202107,162,1
HBSA3,202109,0.273062730302667,0.041516188532114,0.018266290299626,202107,162,5
HYPE3,202109,0.0534889510862231,0.0276167560368776,0.018266290299626,202107,162,2
IRBR3,202109,-0.0672854907227654,0.0269874837249517,0.018266290299626,202107,162,2
ITSA3,202109,0.0105531950126265,0.029130594804883,0.018266290299626,202107,162,2
ITSA4,202109,-0.0255878821191011,0.0288981292396784,0.018266290299626,202107,162,2
ITUB3,202109,-0.0494139132169528,0.0249570440500975,0.018266290299626,202107,162,1
ITUB4,202109,-0.0631573531181187,0.0287157651036978,0.018266290299626,202107,162,2
JBSS3,202109,0.0645161290322582,0.0259344708174467,0.018266290299626,202107,162,1
JHSF3,202109,0.18723376490416,0.0321752838790417,0.018266290299626,202107,162,3
JOPA3,202109,0.0105261817342626,0.0335961692035198,0.018266290299626,202107,162,4
JSLG3,202109,0.0655092059929323,0.0313030406832695,0.018266290299626,202107,162,3
KEPL3,202109,0.253282182068672,0.0305201523005962,0.018266290299626,202107,162,3
KLBN11,202109,0.080218592027633,0.0274856183677912,0.018266290299626,202107,162,2
KROT11,202109,-0.00806451612903225,0.0370214991271496,0.018266290299626,202107,162,4
LAME3,202109,0.0863970588235294,0.0393244251608849,0.018266290299626,202107,162,5
LAME4,202109,0.076782449725777,0.0517327412962914,0.018266290299626,202107,162,5
LAVV3,202109,0.120950490079489,0.0379765294492245,0.018266290299626,202107,162,4
LCAM3,202109,0.0146741476046612,0.0209545399993658,0.018266290299626,202107,162,1
LEVE3,202109,0.0515534262130031,0.0270112659782171,0.018266290299626,202107,162,2
LIGT3,202109,-0.0240864156634736,0.0281500313431025,0.018266290299626,202107,162,2
LJQQ3,202109,0.11704523034946,0.0320179536938667,0.018266290299626,202107,162,3
LLIS3,202109,0.0708661417322836,0.0467969104647636,0.018266290299626,202107,162,5
LOGG3,202109,0.149023014992095,0.0341825895011425,0.018266290299626,202107,162,4
LOGN3,202109,0.14285718244238,0.0341124497354031,0.018266290299626,202107,162,4
LPSB3,202109,-0.0387930361034677,0.0359070487320423,0.018266290299626,202107,162,4
LREN3,202109,-0.136440436617381,0.0307959839701653,0.018266290299626,202107,162,3
LUPA3,202109,0.027027094201209,0.0293185766786337,0.018266290299626,202107,162,2
LWSA3,202109,-0.00227447099038081,0.0364228710532188,0.018266290299626,202107,162,4
MDIA3,202109,-0.0806763210525127,0.0265851002186537,0.018266290299626,202107,162,1
MDNE3,202109,0.245202546579004,0.0213300716131926,0.018266290299626,202107,162,1
MEAL3,202109,-0.0932835797659138,0.034239299595356,0.018266290299626,202107,162,4
MELK3,202109,-0.000672181168395181,0.036263182759285,0.018266290299626,202107,162,4
MGLU3,202109,-0.0743589925094009,0.0433747582137585,0.018266290299626,202107,162,5
MILS3,202109,0.163934254378614,0.0304376427084208,0.018266290299626,202107,162,3
MOVI3,202109,-0.0522248817463743,0.049744013696909,0.018266290299626,202107,162,5
MRFG3,202109,-0.0636402206194315,0.0259240809828043,0.018266290299626,202107,162,1
MRVE3,202109,0.0967716760584993,0.0232837330549955,0.018266290299626,202107,162,1
MTRE3,202109,0.209537297896774,0.041507076472044,0.018266290299626,202107,162,5
MTSA4,202109,0.000739512752959248,0.0342069640755653,0.018266290299626,202107,162,4
MULT3,202109,-0.0193906588639391,0.0307959839701653,0.018266290299626,202107,162,3
MYPK3,202109,0.134354999371547,0.0215701404958963,0.018266290299626,202107,162,1
NEOE3,202109,-0.0678941311852704,0.0295284185558558,0.018266290299626,202107,162,3
NTCO3,202109,-0.0472086923941552,0.0290981996804476,0.018266290299626,202107,162,2
ODPV3,202109,0.000794281175536149,0.0244786255061626,0.018266290299626,202107,162,1
OFSA3,202109,0.0318891066193545,0.0260338094085455,0.018266290299626,202107,162,1
OIBR3,202109,-0.136363636363636,0.0320299714803696,0.018266290299626,202107,162,3
OIBR4,202109,-0.0656934306569343,0.0338884070515633,0.018266290299626,202107,162,4
OMGE3,202109,0.01584377302874,0.0312262047082186,0.018266290299626,202107,162,3
PARD3,202109,-0.0015519917227107,0.0314033441245556,0.018266290299626,202107,162,3
PETR3,202109,0.140755135198378,0.0311216432601213,0.018266290299626,202107,162,3
PETR4,202109,0.0859532792701503,0.031003050506115,0.018266290299626,202107,162,3
PETZ3,202109,-0.101043382756727,0.0305717531591654,0.018266290299626,202107,162,3
PFRM3,202109,0.231732577313623,0.0430683754384518,0.018266290299626,202107,162,5
PGMN3,202109,0.150061307751629,0.0253907684236765,0.018266290299626,202107,162,1
PLPL3,202109,0.0620915258312444,0.0461216531693935,0.018266290299626,202107,162,5
PNVL3,202109,0.0567296079980577,0.0337911024689674,0.018266290299626,202107,162,4
POMO4,202109,0.201844766833402,0.0222280230373144,0.018266290299626,202107,162,1
POSI3,202109,0.189956277876331,0.0360074788331985,0.018266290299626,202107,162,4
PRIO3,202109,0.0187284413664013,0.0356203578412533,0.018266290299626,202107,162,4
PRNR3,202109,0.0687364541481981,0.0323916152119637,0.018266290299626,202107,162,3
PSSA3,202109,-0.0601974663499091,0.0295698884874582,0.018266290299626,202107,162,3
PTBL3,202109,0.165658904430546,0.0430714786052704,0.018266290299626,202107,162,5
QUAL3,202109,0.07438020092652,0.0366476066410542,0.018266290299626,202107,162,4
RADL3,202109,0.0885455177542649,0.0276167560368776,0.018266290299626,202107,162,2
RAIL3,202109,0.0108137009228106,0.0290241446346045,0.018266290299626,202107,162,2
RANI3,202109,-0.0198861323250761,0.034714475274086,0.018266290299626,202107,162,4
RAPT3,202109,-0.00642703422069313,0.0359661430120468,0.018266290299626,202107,162,4
RAPT4,202109,-0.00357211187163697,0.0410941876471043,0.018266290299626,202107,162,5
RCSL4,202109,0.0923076685061675,0.0423828475177288,0.018266290299626,202107,162,5
RDNI3,202109,0.0149253731343282,0.033219039440155,0.018266290299626,202107,162,4
RENT3,202109,0.0393394038620607,0.0324232056736946,0.018266290299626,202107,162,3
ROMI3,202109,0.18331489927522,0.028783667832613,0.018266290299626,202107,162,2
RPAD3,202109,-0.0174603103578224,0.0350976213812828,0.018266290299626,202107,162,4
RSID3,202109,0.19269523914134,0.0689888894557953,0.018266290299626,202107,162,5
SANB11,202109,-0.085003058273471,0.0254719089716673,0.018266290299626,202107,162,1
SAPR11,202109,0.0208220657613512,0.0279524233192205,0.018266290299626,202107,162,2
SAPR4,202109,0.0184210508653628,0.0291140507906675,0.018266290299626,202107,162,2
SBFG3,202109,-0.0751849409335933,0.0286972355097532,0.018266290299626,202107,162,2
SBSP3,202109,0.192992921917918,0.027263468131423,0.018266290299626,202107,162,2
SCAR3,202109,0.145000215437324,0.0294297393411398,0.018266290299626,202107,162,3
SEER3,202109,0.0145067296767354,0.0405239909887314,0.018266290299626,202107,162,5
SGPS3,202109,-0.123214285714286,0.0405615083873272,0.018266290299626,202107,162,5
SHOW3,202109,0.0970588010900162,0.0337300598621368,0.018266290299626,202107,162,4
SHUL4,202109,-0.0322210158646011,0.0354616418480873,0.018266290299626,202107,162,4
SIMH3,202109,0.118824952727541,0.0388316884636879,0.018266290299626,202107,162,5
SLCE3,202109,0.173267267682574,0.0306666921824217,0.018266290299626,202107,162,3
SMTO3,202109,-0.0190828980693748,0.0238635372370482,0.018266290299626,202107,162,1
SOMA3,202109,-0.0222734254992318,0.0269630905240774,0.018266290299626,202107,162,1
SQIA3,202109,0.0685197155785391,0.0497587472200394,0.018266290299626,202107,162,5
STBP3,202109,0.0734557595993322,0.0365889072418213,0.018266290299626,202107,162,4
SULA11,202109,0.101362179487179,0.028229271993041,0.018266290299626,202107,162,2
SUZB3,202109,0.0703346593500045,0.0285106468945742,0.018266290299626,202107,162,2
TAEE11,202109,0.0482686706482405,0.0280292015522718,0.018266290299626,202107,162,2
TASA3,202109,0.101573162674003,0.0515429601073265,0.018266290299626,202107,162,5
TASA4,202109,0.108314518781818,0.0519984588027,0.018266290299626,202107,162,5
TCSA3,202109,0.040345782516223,0.0558108016848564,0.018266290299626,202107,162,5
TECN3,202109,-0.0252101304280076,0.0366598218679428,0.018266290299626,202107,162,4
TEND3,202109,-0.0210897485384268,0.0307959839701653,0.018266290299626,202107,162,3
TGMA3,202109,0.199539402881854,0.0370484329760075,0.018266290299626,202107,162,4
TIMS3,202109,-0.0297262401935591,0.0284856799989939,0.018266290299626,202107,162,2
TOTS3,202109,-0.092077098049845,0.0284594241529703,0.018266290299626,202107,162,2
TPIS3,202109,0.128342105199265,0.0376177877187729,0.018266290299626,202107,162,4
TRIS3,202109,0.0937498922489792,0.0300571788102388,0.018266290299626,202107,162,3
TRPL4,202109,0.0433476394849786,0.0262298602610827,0.018266290299626,202107,162,1
TUPY3,202109,0.0409080179140082,0.0257146637886763,0.018266290299626,202107,162,1
UGPA3,202109,0.00762292710015955,0.0375424735248089,0.018266290299626,202107,162,4
UNIP3,202109,0.150698613676027,0.0331016778945923,0.018266290299626,202107,162,3
UNIP6,202109,0.218383972059302,0.0328834541141987,0.018266290299626,202107,162,3
USIM3,202109,0.12978375722879,0.0481215380132198,0.018266290299626,202107,162,5
USIM5,202109,0.129643143116837,0.029401546344161,0.018266290299626,202107,162,2
VALE3,202109,0.11451047976465,0.0369443595409393,0.018266290299626,202107,162,4
VIVA3,202109,0.0496284334129549,0.0268109533935785,0.018266290299626,202107,162,1
VIVR3,202109,-0.0942028686105866,0.0561926625669003,0.018266290299626,202107,162,5
VIVT3,202109,-0.0144289808356237,0.0255201179534197,0.018266290299626,202107,162,1
VLID3,202109,0.0411624918319886,0.0219988133758307,0.018266290299626,202107,162,1
VULC3,202109,-0.0950494292101243,0.0243065003305674,0.018266290299626,202107,162,1
WEGE3,202109,0.0242105227683755,0.0276759136468172,0.018266290299626,202107,162,2
WIZS3,202109,-0.028083028083028,0.039879284799099,0.018266290299626,202107,162,5
YDUQ3,202109,-0.0581767678410887,0.0293541122227907,0.018266290299626,202107,162,2
ALSO3,202110,0.0466297322253002,0.0264001321047545,0.018266290299626,202107,162,2
APER3,202110,0.0139631610219848,0.0216204430907965,0.018266290299626,202107,162,1
ARZZ3,202110,0.0653901263514396,0.0240559857338667,0.018266290299626,202107,162,1
AZUL4,202110,0.199096880131363,0.0434652529656887,0.018266290299626,202107,162,5
BBRK3,202110,0.272727272727273,0.0387748926877975,0.018266290299626,202107,162,4
BIDI11,202110,-0.0906545327266364,0.0334003902971745,0.018266290299626,202107,162,4
BIDI3,202110,-0.0904255319148936,0.0631803646683693,0.018266290299626,202107,162,5
BIDI4,202110,-0.0901467505241089,0.0665749683976173,0.018266290299626,202107,162,5
BKBR3,202110,0.0418060200668897,0.0578891113400459,0.018266290299626,202107,162,5
BOAS3,202110,-0.0583333333333332,0.0291221756488085,0.018266290299626,202107,162,3
BPAN4,202110,0.0234082397003745,0.0336098037660122,0.018266290299626,202107,162,4
BRFS3,202110,-0.00843694493783309,0.0357315801084042,0.018266290299626,202107,162,4
BRGE3,202110,-0.102816901408451,0.0261271595954895,0.018266290299626,202107,162,2
BRIV3,202110,-0.047945205479452,0.0293546542525291,0.018266290299626,202107,162,3
BRML3,202110,0.15884476534296,0.0239661168307066,0.018266290299626,202107,162,1
BRPR3,202110,-0.00957592339261282,0.0293996762484312,0.018266290299626,202107,162,3
CARD3,202110,0.137059724349158,0.025206109508872,0.018266290299626,202107,162,1
CCRO3,202110,0.121656600517688,0.020159674808383,0.018266290299626,202107,162,1
CESP3,202110,0.0663636363636364,0.0324900522828102,0.018266290299626,202107,162,3
CESP6,202110,0.0827522082752208,0.0195813532918692,0.018266290299626,202107,162,1
CIEL3,202110,0.00877192982456143,0.0385785698890686,0.018266290299626,202107,162,4
CPLE6,202110,0.114906832298137,0.0372397713363171,0.018266290299626,202107,162,4
CRDE3,202110,0.0240963855421685,0.0266861710697413,0.018266290299626,202107,162,2
CRFB3,202110,0.0931147540983608,0.0216795336455107,0.018266290299626,202107,162,1
CRIV4,202110,-0.0105263157894737,0.0275522600859404,0.018266290299626,202107,162,2
DMMO3,202110,1.07692307692308,0.0494062528014183,0.018266290299626,202107,162,5
ELET3,202110,0.0562705776713559,0.0255327504128218,0.018266290299626,202107,162,2
ELET6,202110,0.0445319600121175,0.0317719504237175,0.018266290299626,202107,162,3
EMBR3,202110,-0.18170829975826,0.036172192543745,0.018266290299626,202107,162,4
ENAT3,202110,0.146506386175808,0.0301044955849648,0.018266290299626,202107,162,3
ENBR3,202110,0.0238777459407833,0.027197515591979,0.018266290299626,202107,162,2
GNDI3,202110,0.179784589892295,0.0227263737469912,0.018266290299626,202107,162,1
GOLL4,202110,0.0739870816206694,0.0421690121293068,0.018266290299626,202107,162,4
GUAR3,202110,0.293401015228427,0.0205841641873121,0.018266290299626,202107,162,1
JBSS3,202110,-0.0753623188405797,0.0289129856973887,0.018266290299626,202107,162,3
KROT11,202110,0.0487804878048781,0.0427276529371738,0.018266290299626,202107,162,5
LAME3,202110,0.120135363790186,0.0530840829014778,0.018266290299626,202107,162,5
LAME4,202110,0.112054329371817,0.0981100350618362,0.018266290299626,202107,162,5
LCAM3,202110,0.115695448745215,0.0239273738116026,0.018266290299626,202107,162,1
LLIS3,202110,0.264705882352941,0.0289095565676689,0.018266290299626,202107,162,2
MRFG3,202110,0.0185772541912097,0.0298149455338717,0.018266290299626,202107,162,3
NEOE3,202110,0.0148148148148148,0.0294116269797087,0.018266290299626,202107,162,3
NTCO3,202110,-0.107353519465199,0.0274139400571585,0.018266290299626,202107,162,2
ODPV3,202110,-0.00952380952380949,0.0329435206949711,0.018266290299626,202107,162,4
PARD3,202110,0.190673575129534,0.0298946369439364,0.018266290299626,202107,162,3
PETZ3,202110,0.0879657910812462,0.0274139400571585,0.018266290299626,202107,162,2
RDNI3,202110,-0.0852941176470587,0.0357897505164146,0.018266290299626,202107,162,4
SGPS3,202110,0.234215885947047,0.0478211864829063,0.018266290299626,202107,162,5
SOMA3,202110,0.139041633935585,0.0269450712949038,0.018266290299626,202107,162,2
SQIA3,202110,0.153055051421658,0.0760022923350334,0.018266290299626,202107,162,5
STBP3,202110,0.0855365474339036,0.0269348043948412,0.018266290299626,202107,162,2
SULA11,202110,-0.0760276464168789,0.0366444177925587,0.018266290299626,202107,162,4
TRPL4,202110,-0.0061703002879473,0.0239465106278658,0.018266290299626,202107,162,1
WIZS3,202110,0.0314070351758795,0.0456504598259926,0.018266290299626,202107,162,5
AALR3,202111,0.0272727735114819,0.0376538150012493,0.018266290299626,202107,162,3
ABCB4,202111,-0.0151515494075586,0.0217257421463728,0.018266290299626,202107,162,1
ABEV3,202111,0.0153639293599048,0.0294278096407652,0.018266290299626,202107,162,1
AERI3,202111,-0.11937988526294,0.0355000197887421,0.018266290299626,202107,162,3
AGRO3,202111,0.175733571141549,0.0373393408954144,0.018266290299626,202107,162,3
ALPA3,202111,-0.16410452974423,0.0462742857635021,0.018266290299626,202107,162,5
ALPA4,202111,-0.114516502070076,0.0469061173498631,0.018266290299626,202107,162,5
ALPK3,202111,-0.0610858911869604,0.0457851141691208,0.018266290299626,202107,162,5
ALSO3,202111,-0.019408910454345,0.0408473797142506,0.018266290299626,202107,162,4
ALUP11,202111,-0.00701767425791844,0.0334064476191998,0.018266290299626,202107,162,2
AMAR3,202111,-0.134831445022388,0.0434089787304401,0.018266290299626,202107,162,4
AMBP3,202111,-0.133957939990367,0.0483146607875824,0.018266290299626,202107,162,5
AMER3,202111,-0.0134368373878124,0.0402801260352135,0.018266290299626,202107,162,4
ANIM3,202111,-0.187995436625082,0.0453983806073666,0.018266290299626,202107,162,5
APER3,202111,-0.0527395253442721,0.0408132337033749,0.018266290299626,202107,162,4
ARZZ3,202111,-0.00696906712312029,0.0298419017344713,0.018266290299626,202107,162,1
AZEV4,202111,-0.115044301316286,0.0568095929920673,0.018266290299626,202107,162,5
AZUL4,202111,-0.13420061622732,0.0604332163929939,0.018266290299626,202107,162,5
B3SA3,202111,-0.00273576914851792,0.0354917086660862,0.018266290299626,202107,162,3
BBAS3,202111,0.078077167002744,0.028180630877614,0.018266290299626,202107,162,1
BBDC3,202111,-0.0917215907035136,0.0300580989569426,0.018266290299626,202107,162,1
BBDC4,202111,-0.106716779201735,0.032894317060709,0.018266290299626,202107,162,2
BBRK3,202111,-0.285714285714286,0.0397818684577942,0.018266290299626,202107,162,4
BBSE3,202111,0.0352019027946455,0.0294455830007792,0.018266290299626,202107,162,1
BEEF3,202111,0.133123666838227,0.0357931815087795,0.018266290299626,202107,162,3
BEES3,202111,-0.013667857403567,0.0353611595928669,0.018266290299626,202107,162,2
BIDI11,202111,-0.222863741339492,0.0424545221030712,0.018266290299626,202107,162,4
BIDI3,202111,-0.208187134502924,0.0358584150671959,0.018266290299626,202107,162,3
BIDI4,202111,-0.215437788018433,0.0364207066595554,0.018266290299626,202107,162,3
BKBR3,202111,0.0674157303370786,0.0426433980464935,0.018266290299626,202107,162,4
BMGB4,202111,-0.114649846723651,0.0451009757816792,0.018266290299626,202107,162,5
BOAS3,202111,-0.0867256637168142,0.0488828793168068,0.018266290299626,202107,162,5
BPAC11,202111,0.05698845787718,0.035061489790678,0.018266290299626,202107,162,2
BPAC3,202111,0.0374833378245603,0.0348740816116333,0.018266290299626,202107,162,2
BPAC5,202111,0.0337972084655225,0.0323071032762527,0.018266290299626,202107,162,2
BPAN4,202111,-0.0841720036596524,0.0450086444616318,0.018266290299626,202107,162,5
BRAP3,202111,0.0842927824051651,0.0340106785297394,0.018266290299626,202107,162,2
BRAP4,202111,0.122624039039465,0.0313414558768272,0.018266290299626,202107,162,1
BRFS3,202111,-0.251679355127631,0.0399872288107872,0.018266290299626,202107,162,4
BRGE3,202111,0.113029827315541,0.0335961692035198,0.018266290299626,202107,162,2
BRIV3,202111,0.0776978417266188,0.0345561094582081,0.018266290299626,202107,162,2
BRKM5,202111,-0.0292861125199065,0.0380222760140896,0.018266290299626,202107,162,3
BRML3,202111,-0.0228452751817239,0.0379196777939796,0.018266290299626,202107,162,3
BRPR3,202111,0.0428176795580111,0.0313647948205471,0.018266290299626,202107,162,1
BRSR6,202111,-0.0867580048979293,0.0289276372641325,0.018266290299626,202107,162,1
CAML3,202111,0.0234898827049808,0.0328387729823589,0.018266290299626,202107,162,2
CARD3,202111,-0.0498316498316499,0.0648215934634209,0.018266290299626,202107,162,5
CASH3,202111,-0.189003432769859,0.0508462712168694,0.018266290299626,202107,162,5
CCRO3,202111,-0.0953846153846154,0.0384803861379623,0.018266290299626,202107,162,3
CEAB3,202111,-0.214285686050557,0.0473874621093273,0.018266290299626,202107,162,5
CESP3,202111,-0.026001705029838,0.0402880795300007,0.018266290299626,202107,162,4
CESP6,202111,-0.021468441391155,0.0323637165129185,0.018266290299626,202107,162,2
CGRA4,202111,-0.106317443892729,0.0262807477265596,0.018266290299626,202107,162,1
CIEL3,202111,0.117391304347826,0.0391676090657711,0.018266290299626,202107,162,4
CLSC3,202111,-0.0643546719176656,0.0440897084772587,0.018266290299626,202107,162,4
CLSC4,202111,-0.0319017916137648,0.0312025044113398,0.018266290299626,202107,162,1
CMIG3,202111,-0.0853918019533877,0.0275944638997316,0.018266290299626,202107,162,1
CMIG4,202111,-0.0251333390728959,0.0325558111071587,0.018266290299626,202107,162,2
COCE5,202111,0.0714814014469021,0.0283559504896402,0.018266290299626,202107,162,1
COGN3,202111,-0.124030959717993,0.0362678505480289,0.018266290299626,202107,162,3
CPFE3,202111,0.0459730817844848,0.0339452847838402,0.018266290299626,202107,162,2
CPLE3,202111,-0.0409447518899165,0.0371936187148094,0.018266290299626,202107,162,3
CPLE6,202111,-0.0348189415041783,0.0471412539482117,0.018266290299626,202107,162,5
CRDE3,202111,-0.0205882352941177,0.0281755197793245,0.018266290299626,202107,162,1
CRFB3,202111,0.142771445710858,0.0314625389873982,0.018266290299626,202107,162,1
CRIV4,202111,-0.076241134751773,0.0318496786057949,0.018266290299626,202107,162,2
CRPG5,202111,-0.12919350271051,0.0683623403310776,0.018266290299626,202107,162,5
CSAN3,202111,-0.111905790700713,0.0410177558660507,0.018266290299626,202107,162,4
CSMG3,202111,0.0783268042433507,0.0283996742218733,0.018266290299626,202107,162,1
CSNA3,202111,-0.0172280571689283,0.0469354018568993,0.018266290299626,202107,162,5
CTNM4,202111,-0.0513513661545501,0.0455785766243935,0.018266290299626,202107,162,5
CURY3,202111,-0.0838394517815023,0.0326624624431133,0.018266290299626,202107,162,2
CVCB3,202111,-0.13208852666294,0.0575548708438873,0.018266290299626,202107,162,5
CYRE3,202111,-0.131578890761695,0.0464713126420975,0.018266290299626,202107,162,5
DASA3,202111,-0.139327369628726,0.0345551632344723,0.018266290299626,202107,162,2
DEXP3,202111,-0.077551008871569,0.0426110178232193,0.018266290299626,202107,162,4
DIRR3,202111,-0.114909136539847,0.0413192287087441,0.018266290299626,202107,162,4
DMMO3,202111,-0.12962962962963,0.0480232164263725,0.018266290299626,202107,162,5
DMVF3,202111,-0.113636361173362,0.0425925999879837,0.018266290299626,202107,162,4
DXCO3,202111,-0.0789297499438353,0.0351364687085152,0.018266290299626,202107,162,2
EALT4,202111,0.00142447334586926,0.0354808196425438,0.018266290299626,202107,162,3
ECOR3,202111,-0.180555513058834,0.0305204316973686,0.018266290299626,202107,162,1
EGIE3,202111,-0.00148737525669496,0.0327939353883266,0.018266290299626,202107,162,2
ELET3,202111,-0.0147350524227825,0.0384318046271801,0.018266290299626,202107,162,3
ELET6,202111,-0.00203016241299303,0.0422321073710918,0.018266290299626,202107,162,4
EMAE4,202111,-0.0723588455230676,0.0357505194842815,0.018266290299626,202107,162,3
EMBR3,202111,-0.13343180699163,0.0375098399817944,0.018266290299626,202107,162,3
ENAT3,202111,0.115989515072084,0.0385346449911594,0.018266290299626,202107,162,3
ENBR3,202111,-0.033582089552239,0.0327183492481709,0.018266290299626,202107,162,2
ENEV3,202111,0.0196820763157475,0.0390801168978214,0.018266290299626,202107,162,4
ENGI11,202111,-0.0243399538637583,0.0357891023159027,0.018266290299626,202107,162,3
ENJU3,202111,-0.0414013711149389,0.0510994605720043,0.018266290299626,202107,162,5
EQPA3,202111,0.157244015316811,0.0319199077785015,0.018266290299626,202107,162,2
EQTL3,202111,0.113675939284731,0.0354917086660862,0.018266290299626,202107,162,3
ETER3,202111,-0.15110363963521,0.030918775126338,0.018266290299626,202107,162,1
EUCA4,202111,-0.0122085669287616,0.0323879234492779,0.018266290299626,202107,162,2
EVEN3,202111,-0.183535583695084,0.0398973524570465,0.018266290299626,202107,162,4
EZTC3,202111,-0.17820404945459,0.046945083886385,0.018266290299626,202107,162,5
FESA4,202111,-0.0486544552882088,0.0459359847009182,0.018266290299626,202107,162,5
FHER3,202111,-0.0971786965059704,0.0517051331698895,0.018266290299626,202107,162,5
FLRY3,202111,-0.1117704935476,0.0431926399469376,0.018266290299626,202107,162,4
FRAS3,202111,0.0777160235207612,0.0398608259856701,0.018266290299626,202107,162,4
GEPA4,202111,-0.0174547948622784,0.0354692041873932,0.018266290299626,202107,162,3
GFSA3,202111,-0.132352963334818,0.0436339937150478,0.018266290299626,202107,162,4
GGBR3,202111,-0.100442308431143,0.0290019121021032,0.018266290299626,202107,162,1
GGBR4,202111,-0.0854887987912064,0.033376757055521,0.018266290299626,202107,162,2
GMAT3,202111,-0.0245499419690115,0.0349994190037251,0.018266290299626,202107,162,2
GNDI3,202111,-0.0596910112359551,0.0433213859796524,0.018266290299626,202107,162,4
GOAU3,202111,-0.0568627444055653,0.0284722317010164,0.018266290299626,202107,162,1
GOAU4,202111,-0.100259255589683,0.0323423855006695,0.018266290299626,202107,162,2
GOLL4,202111,-0.0552214324767632,0.0468631088733673,0.018266290299626,202107,162,5
GRND3,202111,-0.0727672936500854,0.0359635576605797,0.018266290299626,202107,162,3
GUAR3,202111,-0.0408163265306122,0.0455670170485973,0.018266290299626,202107,162,5
HAPV3,202111,-0.0418641242957374,0.0437034256756306,0.018266290299626,202107,162,4
HBOR3,202111,-0.188372102960393,0.0474723316729069,0.018266290299626,202107,162,5
HBSA3,202111,-0.025723449004679,0.0497884526848793,0.018266290299626,202107,162,5
HYPE3,202111,0.0768240677560317,0.0422321073710918,0.018266290299626,202107,162,4
IRBR3,202111,-0.0642202135937811,0.0302217267453671,0.018266290299626,202107,162,1
ITSA3,202111,-0.0145632150786625,0.0356814302504063,0.018266290299626,202107,162,3
ITSA4,202111,-0.0166829650835147,0.0354917086660862,0.018266290299626,202107,162,3
ITUB3,202111,-0.010368007017148,0.0394983626902103,0.018266290299626,202107,162,4
ITUB4,202111,0.00676661858472794,0.045952070504427,0.018266290299626,202107,162,5
JBSS3,202111,0.0227985180963237,0.0314899943768978,0.018266290299626,202107,162,2
JHSF3,202111,-0.139968790146108,0.0367361903190613,0.018266290299626,202107,162,3
JOPA3,202111,-0.000370368378850516,0.0361116491258144,0.018266290299626,202107,162,3
JSLG3,202111,0.0882354424189993,0.0464984998106957,0.018266290299626,202107,162,5
KEPL3,202111,0.31773801958667,0.026216022670269,0.018266290299626,202107,162,1
KLBN11,202111,-0.0744802979081128,0.0280476827174425,0.018266290299626,202107,162,1
KROT11,202111,-0.124031007751938,0.0332966186106205,0.018266290299626,202107,162,2
LAVV3,202111,-0.0726643398845258,0.0417938977479935,0.018266290299626,202107,162,4
LCAM3,202111,-0.0362180709111704,0.0479211136698723,0.018266290299626,202107,162,5
LEVE3,202111,-0.168298848593972,0.036499910056591,0.018266290299626,202107,162,3
LIGT3,202111,-0.151593370740779,0.0443858169019222,0.018266290299626,202107,162,4
LJQQ3,202111,-0.205128294182371,0.0453457124531269,0.018266290299626,202107,162,5
LLIS3,202111,-0.0581395348837208,0.0576789081096649,0.018266290299626,202107,162,5
LOGG3,202111,0.0215602525405514,0.0287169925868511,0.018266290299626,202107,162,1
LOGN3,202111,0.124887304763349,0.0400029346346855,0.018266290299626,202107,162,4
LPSB3,202111,0.126279812606474,0.0419531315565109,0.018266290299626,202107,162,4
LREN3,202111,-0.0995730601658633,0.0325874835252762,0.018266290299626,202107,162,2
LUPA3,202111,-0.0960548635918549,0.036552470177412,0.018266290299626,202107,162,3
LWSA3,202111,0.0298969658280013,0.0522495321929455,0.018266290299626,202107,162,5
MDIA3,202111,0.0649948004003182,0.0383529178798199,0.018266290299626,202107,162,3
MDNE3,202111,-0.0596329102954086,0.0379514470696449,0.018266290299626,202107,162,3
MEAL3,202111,-0.0114503712596036,0.0304966196417809,0.018266290299626,202107,162,1
MELK3,202111,-0.0758292032917022,0.0385496504604816,0.018266290299626,202107,162,3
MGLU3,202111,-0.141428613683876,0.0648058503866196,0.018266290299626,202107,162,5
MILS3,202111,-0.0218067067440763,0.0388002991676331,0.018266290299626,202107,162,4
MOVI3,202111,-0.0091016749079238,0.0357792563736439,0.018266290299626,202107,162,3
MRFG3,202111,-0.0137900355871886,0.0327025763690472,0.018266290299626,202107,162,2
MRVE3,202111,-0.108873955321365,0.039080586284399,0.018266290299626,202107,162,4
MTRE3,202111,-0.253947445309352,0.0417630858719349,0.018266290299626,202107,162,4
MTSA4,202111,-0.0595735628641176,0.031649611890316,0.018266290299626,202107,162,2
MULT3,202111,0.0274418934460523,0.0271174851804972,0.018266290299626,202107,162,1
MYPK3,202111,-0.133377619626718,0.0292024258524179,0.018266290299626,202107,162,1
NEOE3,202111,-0.0212895377128954,0.0280469749122858,0.018266290299626,202107,162,1
NTCO3,202111,0.0198237885462556,0.0550259537994862,0.018266290299626,202107,162,5
ODPV3,202111,-0.0793269230769231,0.0498394891619682,0.018266290299626,202107,162,5
OFSA3,202111,-0.0767100341908265,0.0380839444696903,0.018266290299626,202107,162,3
OIBR3,202111,-0.252336448598131,0.0323062986135483,0.018266290299626,202107,162,2
OIBR4,202111,-0.234285714285714,0.0392359346151352,0.018266290299626,202107,162,4
PARD3,202111,-0.197127937336815,0.0329141095280647,0.018266290299626,202107,162,2
PETR3,202111,0.0311877903118778,0.0287175606936216,0.018266290299626,202107,162,1
PETR4,202111,0.0510046922375849,0.0277175661176443,0.018266290299626,202107,162,1
PETZ3,202111,-0.0179674340258282,0.0419356226921082,0.018266290299626,202107,162,4
PFRM3,202111,-0.0419159851033779,0.0444278419017792,0.018266290299626,202107,162,5
PGMN3,202111,0.276744188132551,0.0397017076611519,0.018266290299626,202107,162,4
PLPL3,202111,-0.17105266170185,0.0425504855811596,0.018266290299626,202107,162,4
PMAM3,202111,-0.0454545880578189,0.0329949334263802,0.018266290299626,202107,162,2
PNVL3,202111,-0.0546248185251868,0.0380993522703648,0.018266290299626,202107,162,3
POMO4,202111,-0.152047039445328,0.0306092035025358,0.018266290299626,202107,162,1
POSI3,202111,-0.146367599164744,0.0429850444197655,0.018266290299626,202107,162,4
PRIO3,202111,0.0794314574927693,0.0402923412621021,0.018266290299626,202107,162,4
PRNR3,202111,-0.048665631663828,0.038126215338707,0.018266290299626,202107,162,3
PSSA3,202111,0.0579928267422081,0.0340652354061604,0.018266290299626,202107,162,2
PTBL3,202111,-0.0795333850670094,0.0350583791732788,0.018266290299626,202107,162,2
QUAL3,202111,-0.30108699541262,0.0413523465394974,0.018266290299626,202107,162,4
RADL3,202111,0.00863563940153189,0.0298896990716457,0.018266290299626,202107,162,1
RAIL3,202111,-0.00768243211005304,0.0300580989569426,0.018266290299626,202107,162,1
RANI3,202111,-0.0514018493293105,0.0324316769838333,0.018266290299626,202107,162,2
RAPT3,202111,-0.107730266454093,0.0365240946412087,0.018266290299626,202107,162,3
RAPT4,202111,-0.118770853361719,0.0371936149895191,0.018266290299626,202107,162,3
RCSL3,202111,-0.234913826616561,0.0440175794064999,0.018266290299626,202107,162,4
RCSL4,202111,-0.150793711420804,0.0342791378498077,0.018266290299626,202107,162,2
RDNI3,202111,-0.0139335476956056,0.0369356460869312,0.018266290299626,202107,162,3
RENT3,202111,-0.0184301468338411,0.042035810649395,0.018266290299626,202107,162,4
ROMI3,202111,-0.177022904545045,0.0380744338035584,0.018266290299626,202107,162,3
RPAD3,202111,0.0301586121850925,0.0390517450869083,0.018266290299626,202107,162,4
RRRP3,202111,-0.114016736401674,0.0556487888097763,0.018266290299626,202107,162,5
SANB11,202111,-0.0503584327040269,0.0320084765553474,0.018266290299626,202107,162,2
SAPR11,202111,-0.015818078963743,0.0338782966136932,0.018266290299626,202107,162,2
SAPR4,202111,-0.00498754731254569,0.0331508852541447,0.018266290299626,202107,162,2
SBFG3,202111,-0.110291256018021,0.0469693541526794,0.018266290299626,202107,162,5
SBSP3,202111,0.108404747860098,0.0313414558768272,0.018266290299626,202107,162,1
SCAR3,202111,-0.110552640185845,0.0312371645122767,0.018266290299626,202107,162,1
SEER3,202111,-0.0406223267947166,0.034702904522419,0.018266290299626,202107,162,2
SEQL3,202111,-0.0144168236442632,0.0454715676605701,0.018266290299626,202107,162,5
SGPS3,202111,-0.145214521452145,0.0309771951287985,0.018266290299626,202107,162,1
SHOW3,202111,-0.126005384961768,0.0402892455458641,0.018266290299626,202107,162,4
SHUL4,202111,0.039711321543729,0.030556783080101,0.018266290299626,202107,162,1
SIMH3,202111,-0.0469736279907829,0.0415699928998947,0.018266290299626,202107,162,4
SLCE3,202111,-0.0437148717496653,0.0347012840211391,0.018266290299626,202107,162,2
SMTO3,202111,0.0895480832552125,0.029040327295661,0.018266290299626,202107,162,1
SOMA3,202111,-0.104827586206896,0.0482104495167732,0.018266290299626,202107,162,5
SQIA3,202111,-0.101783840503673,0.0379994884133339,0.018266290299626,202107,162,3
STBP3,202111,-0.0716332378223495,0.0523197539150715,0.018266290299626,202107,162,5
SULA11,202111,0.385826771653544,0.0323637165129185,0.018266290299626,202107,162,2
SUZB3,202111,-0.0697634716552055,0.0356620848178864,0.018266290299626,202107,162,3
SYNE3,202111,-0.104972393784298,0.0312093663960695,0.018266290299626,202107,162,1
TAEE11,202111,0.028213012362855,0.0327761620283127,0.018266290299626,202107,162,2
TAEE3,202111,0.0156126119529145,0.0363105461001396,0.018266290299626,202107,162,3
TASA4,202111,0.0223743856150069,0.0369883663952351,0.018266290299626,202107,162,3
TCSA3,202111,-0.0304708859535591,0.0600294284522533,0.018266290299626,202107,162,5
TECN3,202111,-0.178707188588011,0.036332294344902,0.018266290299626,202107,162,3
TEND3,202111,-0.21361654352859,0.026947109028697,0.018266290299626,202107,162,1
TFCO4,202111,-0.110922759893436,0.0390574969351292,0.018266290299626,202107,162,4
TGMA3,202111,0.022819010697829,0.0354381389915943,0.018266290299626,202107,162,2
TIMS3,202111,0.0256217956973228,0.0284214485436678,0.018266290299626,202107,162,1
TOTS3,202111,0.136910702118518,0.0299186632037163,0.018266290299626,202107,162,1
TPIS3,202111,-0.161904730375546,0.0552619621157646,0.018266290299626,202107,162,5
TRIS3,202111,-0.197819363874554,0.0404938720166683,0.018266290299626,202107,162,4
TRPL4,202111,0.0111754966887416,0.0286326427012682,0.018266290299626,202107,162,1
TUPY3,202111,-0.117393441808778,0.0275660883635283,0.018266290299626,202107,162,1
UGPA3,202111,-0.019854330021809,0.0330472029745579,0.018266290299626,202107,162,2
UNIP3,202111,0.0323690932015959,0.0305214207619429,0.018266290299626,202107,162,1
UNIP6,202111,0.0111822768268639,0.0340723171830177,0.018266290299626,202107,162,2
USIM3,202111,-0.0663474834503327,0.0455878786742687,0.018266290299626,202107,162,5
USIM5,202111,-0.0788980116356264,0.0417168140411377,0.018266290299626,202107,162,4
VALE3,202111,0.14109074817888,0.0290939603000879,0.018266290299626,202107,162,1
VBBR3,202111,0.0301309018313602,0.0367136783897877,0.018266290299626,202107,162,3
VIVA3,202111,-0.00114050881160777,0.0381719619035721,0.018266290299626,202107,162,3
VIVR3,202111,-0.249999969901816,0.075486034154892,0.018266290299626,202107,162,5
VIVT3,202111,0.00986325780352315,0.0281050484627485,0.018266290299626,202107,162,1
VLID3,202111,0.0474225673530948,0.0377797484397888,0.018266290299626,202107,162,3
VULC3,202111,-0.0595111638180774,0.0293478760868311,0.018266290299626,202107,162,1
WEGE3,202111,-0.0794844844758748,0.0325874835252762,0.018266290299626,202107,162,2
WIZS3,202111,-0.121802679658953,0.0555080622434616,0.018266290299626,202107,162,5
YDUQ3,202111,-0.0388964380846986,0.0377493016421795,0.018266290299626,202107,162,3
AALR3,202112,0.0589970474919661,0.0252159833908081,0.018266290299626,202107,162,2
ABCB4,202112,0.10448723187582,0.0187826901674271,0.018266290299626,202107,162,1
ABEV3,202112,0.0131578864167803,0.0262223090976477,0.018266290299626,202107,162,3
AERI3,202112,0.0246800375195122,0.0215011909604073,0.018266290299626,202107,162,1
AGRO3,202112,-0.0301368882888505,0.0265812911093235,0.018266290299626,202107,162,3
ALPA3,202112,0.0487356097334646,0.0307043418288231,0.018266290299626,202107,162,4
ALPA4,202112,0.0132142644720703,0.0263345967978239,0.018266290299626,202107,162,3
ALPK3,202112,0.0337348363068142,0.039951778948307,0.018266290299626,202107,162,5
ALSO3,202112,0.0409356725146199,0.0204410720616579,0.018266290299626,202107,162,1
ALUP11,202112,0.08323502870314,0.0216664131730795,0.018266290299626,202107,162,1
AMAR3,202112,0.051948127547131,0.0327422842383385,0.018266290299626,202107,162,4
AMBP3,202112,0.0745613669330876,0.0309315118938684,0.018266290299626,202107,162,4
AMER3,202112,0.0704918032786885,0.0264423191547394,0.018266290299626,202107,162,3
ANIM3,202112,0.0125523978564261,0.0296112317591906,0.018266290299626,202107,162,4
APER3,202112,0.164553046705846,0.0590587332844734,0.018266290299626,202107,162,5
ARZZ3,202112,0.110317655749815,0.0408615283668041,0.018266290299626,202107,162,5
AZEV4,202112,0.163333320007083,0.0556093640625477,0.018266290299626,202107,162,5
AZUL4,202112,-0.0541716093317516,0.0266400557011366,0.018266290299626,202107,162,3
B3SA3,202112,0.090797735562296,0.0287616010755301,0.018266290299626,202107,162,3
BBAS3,202112,0.0155131771881176,0.0201102588325739,0.018266290299626,202107,162,1
BBDC3,202112,0.0720087345883032,0.0247410889714956,0.018266290299626,202107,162,2
BBDC4,202112,0.0929088002738485,0.0249114651232958,0.018266290299626,202107,162,2
BBRK3,202112,0.0800000000000001,0.0813659876585007,0.018266290299626,202107,162,5
BBSE3,202112,0.109375021326853,0.0228276196867228,0.018266290299626,202107,162,2
BEEF3,202112,0.171137718954554,0.00543734058737755,0.018266290299626,202107,162,1
BEES3,202112,0.0261703493705563,0.0394053533673286,0.018266290299626,202107,162,5
BIDI11,202112,0.0500247647350172,0.0401332527399063,0.018266290299626,202107,162,5
BIDI3,202112,0.0073855243722305,0.0408734083175659,0.018266290299626,202107,162,5
BIDI4,202112,0.0543318649045521,0.0382190458476543,0.018266290299626,202107,162,4
BKBR3,202112,0.132330827067669,0.025425361469388,0.018266290299626,202107,162,2
BMGB4,202112,0.0719424297925979,0.0242345985025167,0.018266290299626,202107,162,2
BOAS3,202112,0.656976744186047,0.0491924770176411,0.018266290299626,202107,162,5
BPAC11,202112,0.0247934725795393,0.0269267428666353,0.018266290299626,202107,162,3
BPAC3,202112,-0.0180643825527982,0.0292784348130226,0.018266290299626,202107,162,4
BPAC5,202112,0.038461567614398,0.0316814556717873,0.018266290299626,202107,162,4
BPAN4,202112,0.057942057942058,0.0472449772059917,0.018266290299626,202107,162,5
BRAP3,202112,0.123246224975832,0.0235699098557234,0.018266290299626,202107,162,2
BRAP4,202112,0.0982737783637408,0.0336027964949608,0.018266290299626,202107,162,4
BRFS3,202112,0.112507480550568,0.0402524061501026,0.018266290299626,202107,162,5
BRGE3,202112,0.00282087447108603,0.0416481159627438,0.018266290299626,202107,162,5
BRIV3,202112,-0.0600801068090788,0.0308317132294178,0.018266290299626,202107,162,4
BRKM5,202112,-0.071862545515315,0.0293613504618406,0.018266290299626,202107,162,4
BRML3,202112,-0.0138150903294368,0.0258224662393332,0.018266290299626,202107,162,3
BRPR3,202112,0.177483443708609,0.0210698116570711,0.018266290299626,202107,162,1
BRSR6,202112,0.123180253797161,0.0258270930498838,0.018266290299626,202107,162,3
CAML3,202112,0.0624688257377239,0.0102903004735708,0.018266290299626,202107,162,1
CARD3,202112,0.0297661233167965,0.0550795346498489,0.018266290299626,202107,162,5
CASH3,202112,0.0847457905070021,0.0349690355360508,0.018266290299626,202107,162,4
CCRO3,202112,0.164965986394558,0.0247410889714956,0.018266290299626,202107,162,2
CEAB3,202112,0.0657640128958397,0.0202434007078409,0.018266290299626,202107,162,1
CESP3,202112,0.118161925601751,0.0241671968251467,0.018266290299626,202107,162,2
CESP6,202112,0.107942079859588,0.0276092495769262,0.018266290299626,202107,162,3
CGRA4,202112,0.17823402459797,0.00869231577962637,0.018266290299626,202107,162,1
CIEL3,202112,0.21011673151751,0.0245640464127064,0.018266290299626,202107,162,2
CLSC3,202112,0.0234691469936725,0.0307612158358097,0.018266290299626,202107,162,4
CLSC4,202112,-0.0339034858786603,0.0231346525251865,0.018266290299626,202107,162,2
CMIG3,202112,0.239997194429208,0.025204760953784,0.018266290299626,202107,162,2
CMIG4,202112,0.251463820914757,0.0212868470698595,0.018266290299626,202107,162,1
COCE5,202112,-0.0715520760449958,0.0526015497744083,0.018266290299626,202107,162,5
COGN3,202112,0.252212529954815,0.0272701792418957,0.018266290299626,202107,162,3
CPFE3,202112,0.0664242714162857,0.0240585897117853,0.018266290299626,202107,162,2
CPLE3,202112,0.11658459272011,0.0215996019542217,0.018266290299626,202107,162,1
CPLE6,202112,0.0909090909090908,0.0337333120405674,0.018266290299626,202107,162,4
CRDE3,202112,0.229429429429429,0.0266946982592344,0.018266290299626,202107,162,3
CRFB3,202112,0.182152230971129,0.0312889851629734,0.018266290299626,202107,162,4
CRIV4,202112,0.00383877159309032,0.0326353088021278,0.018266290299626,202107,162,4
CRPG5,202112,-0.0229674315040778,0.0450313575565815,0.018266290299626,202107,162,5
CSAN3,202112,0.120322066401112,0.0251535344868898,0.018266290299626,202107,162,2
CSMG3,202112,-0.0270759514219976,0.0277406554669142,0.018266290299626,202107,162,3
CSNA3,202112,0.0370519583428555,0.026110265403986,0.018266290299626,202107,162,3
CTNM4,202112,0.0598290708597,0.0322145111858845,0.018266290299626,202107,162,4
CURY3,202112,0.00397875514687707,0.0207683350890875,0.018266290299626,202107,162,1
CVCB3,202112,0.329880480945164,0.0391356535255909,0.018266290299626,202107,162,5
CYRE3,202112,0.152173871355294,0.023829935118556,0.018266290299626,202107,162,2
DASA3,202112,-0.0849281964611686,0.0215032678097487,0.018266290299626,202107,162,1
DEXP3,202112,-0.044247740157917,0.0327978245913982,0.018266290299626,202107,162,4
DIRR3,202112,-0.000821868141643534,0.0267123226076365,0.018266290299626,202107,162,3
DMMO3,202112,0.425531914893617,0.060126218944788,0.018266290299626,202107,162,5
DMVF3,202112,0.107692324621437,0.0456248670816422,0.018266290299626,202107,162,5
DXCO3,202112,0.0660856655863356,0.0192058254033327,0.018266290299626,202107,162,1
EALT4,202112,0.0312944738846281,0.066351518034935,0.018266290299626,202107,162,5
ECOR3,202112,0.17565483508226,0.0231899935752153,0.018266290299626,202107,162,2
EGIE3,202112,0.0845247598156447,0.0256097931414843,0.018266290299626,202107,162,3
ELET3,202112,0.0923209663503017,0.0248414743691683,0.018266290299626,202107,162,2
ELET6,202112,0.0897994768962511,0.0246710982173681,0.018266290299626,202107,162,2
EMAE4,202112,-0.103187003227442,0.0399168916046619,0.018266290299626,202107,162,5
EMBR3,202112,-0.15,0.0382800064980984,0.018266290299626,202107,162,4
ENAT3,202112,0.217850851438637,0.0204972475767136,0.018266290299626,202107,162,1
ENBR3,202112,0.135135135135135,0.0211432483047247,0.018266290299626,202107,162,1
ENEV3,202112,0.0972531135837416,0.026947109028697,0.018266290299626,202107,162,3
ENGI11,202112,0.148740707225618,0.02356450073421,0.018266290299626,202107,162,2
ENJU3,202112,-0.119601278471073,0.058937344700098,0.018266290299626,202107,162,5
EQPA3,202112,-0.0213741081625196,0.0292470697313547,0.018266290299626,202107,162,4
EQTL3,202112,0.0641377823984319,0.0245182607322931,0.018266290299626,202107,162,2
ETER3,202112,0.108459136000458,0.0243863817304373,0.018266290299626,202107,162,2
EUCA4,202112,0.224719085308462,0.0292387939989567,0.018266290299626,202107,162,3
EVEN3,202112,0.0561981421717051,0.0384195409715176,0.018266290299626,202107,162,4
EZTC3,202112,0.0941228539705781,0.0226849559694529,0.018266290299626,202107,162,1
FESA4,202112,0.0776189785184591,0.031641386449337,0.018266290299626,202107,162,4
FHER3,202112,0.236111090874966,0.0325331650674343,0.018266290299626,202107,162,4
FLRY3,202112,-0.0695408142260451,0.027273865416646,0.018266290299626,202107,162,3
FRAS3,202112,0.0777793868985388,0.0293551068753004,0.018266290299626,202107,162,4
GEPA4,202112,-0.109818997653181,0.0286743361502886,0.018266290299626,202107,162,3
GFSA3,202112,0.10734471780029,0.0516797788441181,0.018266290299626,202107,162,5
GGBR3,202112,0.193854227334776,0.0310623291879892,0.018266290299626,202107,162,4
GGBR4,202112,0.218575908868403,0.0260222386568785,0.018266290299626,202107,162,3
GMAT3,202112,-0.104026892237403,0.0380609147250652,0.018266290299626,202107,162,4
GOAU3,202112,0.119884885286889,0.0308688841760159,0.018266290299626,202107,162,4
GOAU4,202112,0.187972567328047,0.022482180967927,0.018266290299626,202107,162,1
GOLL4,202112,-0.00462962962962976,0.0230736322700977,0.018266290299626,202107,162,2
GRND3,202112,0.187871333346647,0.024363474920392,0.018266290299626,202107,162,2
GUAR3,202112,-0.0564648117839608,0.0267320591956377,0.018266290299626,202107,162,3
HAPV3,202112,-0.0239076170249344,0.0253536086529493,0.018266290299626,202107,162,2
HBOR3,202112,0.117478671014642,0.0347372032701969,0.018266290299626,202107,162,4
HBSA3,202112,0.089108905437604,0.027880372479558,0.018266290299626,202107,162,3
HYPE3,202112,0.164803821008417,0.0253536086529493,0.018266290299626,202107,162,2
IGTI3,202112,-0.0149253213396209,0.0534774176776409,0.018266290299626,202107,162,5
IRBR3,202112,0.143790975739619,0.0292188879102469,0.018266290299626,202107,162,3
ITSA3,202112,0.0831144850035777,0.0283826012164354,0.018266290299626,202107,162,3
ITSA4,202112,0.0841094137778604,0.0255239810794592,0.018266290299626,202107,162,2
ITUB3,202112,0.081955391477549,0.0216976720839739,0.018266290299626,202107,162,1
ITUB4,202112,0.0796648458299765,0.0253536086529493,0.018266290299626,202107,162,2
JBSS3,202112,0.0373363053775424,0.0271717514842749,0.018266290299626,202107,162,3
JHSF3,202112,0.223679620816363,0.0125930868089199,0.018266290299626,202107,162,1
JOPA3,202112,-0.00518715993519003,0.0293463580310345,0.018266290299626,202107,162,4
JSLG3,202112,0.0296010127264126,0.0258672628551722,0.018266290299626,202107,162,3
KEPL3,202112,0.110715465643469,0.0224347598850727,0.018266290299626,202107,162,1
KLBN11,202112,0.0546568571018902,0.0227579455822706,0.018266290299626,202107,162,2
KROT11,202112,0.252212389380531,0.0285953804850578,0.018266290299626,202107,162,3
LAVV3,202112,-0.0391790928623824,0.0266641620546579,0.018266290299626,202107,162,3
LCAM3,202112,0.0743670886075949,0.0239171143621206,0.018266290299626,202107,162,2
LEVE3,202112,-0.0562913373298901,0.0403875112533569,0.018266290299626,202107,162,5
LIGT3,202112,0.0507613435786449,0.0231556389480829,0.018266290299626,202107,162,2
LJQQ3,202112,0.271712184619803,0.0469656810164452,0.018266290299626,202107,162,5
LLIS3,202112,0.172839506172839,0.060940969735384,0.018266290299626,202107,162,5
LOGG3,202112,0.0349999674795811,0.0552876889705658,0.018266290299626,202107,162,5
LOGN3,202112,0.129859706294311,0.0244263485074043,0.018266290299626,202107,162,2
LPSB3,202112,0.28787879197124,0.0517243556678295,0.018266290299626,202107,162,5
LREN3,202112,0.0924111944892987,0.0255239810794592,0.018266290299626,202107,162,2
LUPA3,202112,-0.0189753317936048,0.0675436332821846,0.018266290299626,202107,162,5
LWSA3,202112,0.011011111738495,0.0563843734562397,0.018266290299626,202107,162,5
MDIA3,202112,0.0791443194118637,0.0333738885819912,0.018266290299626,202107,162,4
MDNE3,202112,0.084552668772705,0.0421538762748241,0.018266290299626,202107,162,5
MEAL3,202112,0.154440196379591,0.0269362591207027,0.018266290299626,202107,162,3
MELK3,202112,0.0820510706049031,0.0229093935340643,0.018266290299626,202107,162,2
MGLU3,202112,0.134775448217838,0.0638218596577644,0.018266290299626,202107,162,5
MILS3,202112,0.213375369068241,0.0283470377326012,0.018266290299626,202107,162,3
MOVI3,202112,0.0787975791445725,0.0195453781634569,0.018266290299626,202107,162,1
MRFG3,202112,-0.0347316193053677,0.032348308712244,0.018266290299626,202107,162,4
MRVE3,202112,0.0753138471623829,0.0258224662393332,0.018266290299626,202107,162,3
MTRE3,202112,0.111879023855336,0.0203704629093409,0.018266290299626,202107,162,1
MTSA4,202112,0.0375456820397995,0.0259975027292967,0.018266290299626,202107,162,3
MULT3,202112,0.108193780021186,0.0357090160250664,0.018266290299626,202107,162,4
MYPK3,202112,0.0178206324013561,0.0366898216307163,0.018266290299626,202107,162,4
NEOE3,202112,0.0702299564947171,0.0214572194963694,0.018266290299626,202107,162,1
NTCO3,202112,0.125269978401728,0.050763800740242,0.018266290299626,202107,162,5
ODPV3,202112,0.0913838120104438,0.0265373289585114,0.018266290299626,202107,162,3
OFSA3,202112,0.0835116529927389,0.0229336302727461,0.018266290299626,202107,162,2
OIBR3,202112,0.0249999999999999,0.025689072906971,0.018266290299626,202107,162,3
OIBR4,202112,0.0373134328358209,0.0306785050779581,0.018266290299626,202107,162,4
PARD3,202112,0.0482384823848239,0.0366637706756592,0.018266290299626,202107,162,4
PETR3,202112,-0.0310697313124497,0.0279517788439989,0.018266290299626,202107,162,3
PETR4,202112,-0.0161764054595297,0.02483587898314,0.018266290299626,202107,162,2
PETZ3,202112,0.0668953687821614,0.0390249937772751,0.018266290299626,202107,162,5
PFRM3,202112,-0.0729169256953258,0.0131451049819589,0.018266290299626,202107,162,1
PGMN3,202112,-0.121129447300765,0.0618447475135326,0.018266290299626,202107,162,5
PLPL3,202112,-0.0793649368941424,0.0300971679389477,0.018266290299626,202107,162,4
PMAM3,202112,0.102960066391443,0.021437318995595,0.018266290299626,202107,162,1
PNVL3,202112,0.0993837149359438,0.0229424498975277,0.018266290299626,202107,162,2
POMO4,202112,-0.0793102933320896,0.0185309052467346,0.018266290299626,202107,162,1
POSI3,202112,0.157697250080766,0.0247251223772764,0.018266290299626,202107,162,2
PRIO3,202112,-0.0778466325248931,0.0394057631492615,0.018266290299626,202107,162,5
PRNR3,202112,0.138613979325201,0.0347545929253101,0.018266290299626,202107,162,4
PSSA3,202112,0.00619651821465661,0.0228276196867228,0.018266290299626,202107,162,2
PTBL3,202112,0.148842133243875,0.00134940247517079,0.018266290299626,202107,162,1
QUAL3,202112,0.246500884905918,0.0284779537469149,0.018266290299626,202107,162,3
RADL3,202112,0.0248288383514999,0.0262223090976477,0.018266290299626,202107,162,3
RAIL3,202112,0.196774270994013,0.0249114651232958,0.018266290299626,202107,162,2
RANI3,202112,0.12824733943102,-0.00324656628072262,0.018266290299626,202107,162,1
RAPT3,202112,-0.0894007712318168,0.028254821896553,0.018266290299626,202107,162,3
RAPT4,202112,0.00659756634584374,0.0192908849567175,0.018266290299626,202107,162,1
RCSL3,202112,-0.0478873809689149,0.0262254439294338,0.018266290299626,202107,162,3
RCSL4,202112,-0.0560746233107623,0.0348545089364052,0.018266290299626,202107,162,4
RDNI3,202112,-0.0543478260869565,0.0340325310826302,0.018266290299626,202107,162,4
RDOR3,202112,-0.0215686739090435,0.063208170235157,0.018266290299626,202107,162,5
RENT3,202112,0.064747170690221,0.0253283847123385,0.018266290299626,202107,162,2
ROMI3,202112,0.0172315676751078,-0.0107945520430803,0.018266290299626,202107,162,1
RPAD3,202112,-0.026194115117998,0.0299588739871979,0.018266290299626,202107,162,4
RRRP3,202112,0.235242030696576,0.0391280464828014,0.018266290299626,202107,162,5
SANB11,202112,0.182707897306582,0.0224797818809748,0.018266290299626,202107,162,1
SAPR11,202112,0.0231038828262189,0.0198142845183611,0.018266290299626,202107,162,1
SAPR4,202112,0.0275687022194366,0.0292589757591486,0.018266290299626,202107,162,4
SBFG3,202112,0.104321148018509,0.0225155856460333,0.018266290299626,202107,162,1
SBSP3,202112,0.15213735363496,0.0208690110594034,0.018266290299626,202107,162,1
SCAR3,202112,0.0703390005423927,0.0299828592687845,0.018266290299626,202107,162,4
SEER3,202112,-0.0216216720276989,0.0116817783564329,0.018266290299626,202107,162,1
SEQL3,202112,-0.168882969935093,0.0815849453210831,0.018266290299626,202107,162,5
SGPS3,202112,0.0772200772200773,0.060182798653841,0.018266290299626,202107,162,5
SHOW3,202112,0.441717858892235,0.0713609382510185,0.018266290299626,202107,162,5
SHUL4,202112,0.0636575056025162,0.0299083311110735,0.018266290299626,202107,162,4
SIMH3,202112,0.112796070013607,0.00586994597688317,0.018266290299626,202107,162,1
SLCE3,202112,0.132590551562928,0.0294435415416956,0.018266290299626,202107,162,4
SMTO3,202112,0.108168849273531,0.0079740472137928,0.018266290299626,202107,162,1
SOMA3,202112,0.174114021571649,0.0273860562592745,0.018266290299626,202107,162,3
SQIA3,202112,0.160046728971962,0.0566518865525723,0.018266290299626,202107,162,5
STBP3,202112,0.175925925925926,0.0225687865167856,0.018266290299626,202107,162,1
SULA11,202112,-0.0232954545454546,0.0247319396585226,0.018266290299626,202107,162,2
SUZB3,202112,0.00145265349149937,0.0201102588325739,0.018266290299626,202107,162,1
SYNE3,202112,0.0895061876077838,0.0280843656510115,0.018266290299626,202107,162,3
TAEE11,202112,0.121443044643001,0.0259364303201437,0.018266290299626,202107,162,3
TAEE3,202112,0.140661119948159,0.0369731076061726,0.018266290299626,202107,162,4
TASA4,202112,0.116569798718263,0.0183996707201004,0.018266290299626,202107,162,1
TCSA3,202112,-0.0657142911638532,0.0600188225507736,0.018266290299626,202107,162,5
TECN3,202112,0.342592654725191,0.0482047460973263,0.018266290299626,202107,162,5
TEND3,202112,-0.318506792514076,0.0244466681033373,0.018266290299626,202107,162,2
TFCO4,202112,0.0971427674127425,0.0402502007782459,0.018266290299626,202107,162,5
TGMA3,202112,0.0977689244432798,0.0388892032206059,0.018266290299626,202107,162,5
TIMS3,202112,0.0191280649590353,0.021581357344985,0.018266290299626,202107,162,1
TOTS3,202112,0.100756631583525,0.0253536086529493,0.018266290299626,202107,162,2
TPIS3,202112,0.170454458427562,0.0341004729270935,0.018266290299626,202107,162,4
TRIS3,202112,-0.0563105706351169,0.0384642109274864,0.018266290299626,202107,162,5
TRPL4,202112,0.082275890298813,0.0215785410255194,0.018266290299626,202107,162,1
TUPY3,202112,-0.030944390106542,0.0267026219516993,0.018266290299626,202107,162,3
UGPA3,202112,-0.0329518020627614,0.0228786431252956,0.018266290299626,202107,162,2
UNIP3,202112,0.0374999781454926,0.026228204369545,0.018266290299626,202107,162,3
UNIP6,202112,0.0958399363797036,0.0128342043608427,0.018266290299626,202107,162,1
USIM3,202112,-0.0446886582245276,0.0302016325294971,0.018266290299626,202107,162,4
USIM5,202112,-0.050305857765393,0.0244047064334154,0.018266290299626,202107,162,2
VALE3,202112,0.0758061522846307,0.0248414743691683,0.018266290299626,202107,162,2
VBBR3,202112,-0.00890212137195545,0.0249114651232958,0.018266290299626,202107,162,2
VIVA3,202112,0.0540539380318479,0.0255239810794592,0.018266290299626,202107,162,2
VIVT3,202112,0.0724573528123507,0.0247410889714956,0.018266290299626,202107,162,2
VLID3,202112,-0.0433070590818058,0.0205057598650455,0.018266290299626,202107,162,1
VULC3,202112,0.1276832289445,0.0201945882290602,0.018266290299626,202107,162,1
WEGE3,202112,0.187382151500145,0.0341792851686478,0.018266290299626,202107,162,4
WIZS3,202112,0.199722607489598,0.0453896075487137,0.018266290299626,202107,162,5
YDUQ3,202112,-0.0145882349116555,0.0222297180444002,0.018266290299626,202107,162,1
