ticker,ym,retorno,pred,media_ingenua,refit_em,melhor_iter,quintil
AALR3,202001,-0.103235032291769,0.047005508095026,0.0237671959122352,202001,103,5
ABCB4,202001,-0.0796869024462824,0.0370184443891048,0.0237671959122352,202001,103,3
ABEV3,202001,-0.185434175431488,0.031133983284235,0.0237671959122352,202001,103,1
AGRO3,202001,-0.049820318613819,0.0452376194298267,0.0237671959122352,202001,103,5
ALPA3,202001,-0.0651481668604964,0.0427951514720917,0.0237671959122352,202001,103,5
ALPA4,202001,-0.118618734659602,0.0376365780830383,0.0237671959122352,202001,103,4
ALUP11,202001,-0.0767945970437005,0.0360182672739029,0.0237671959122352,202001,103,3
AMAR3,202001,0.0231170640546279,0.0373245216906071,0.0237671959122352,202001,103,4
ANIM3,202001,-0.0246544774234175,0.0376365780830383,0.0237671959122352,202001,103,4
APER3,202001,-0.0821052631578947,0.0390703938901424,0.0237671959122352,202001,103,4
ARZZ3,202001,-0.00331674958540629,0.0244437642395496,0.0237671959122352,202001,103,1
AZEV4,202001,-0.272340426880868,0.0603017546236515,0.0237671959122352,202001,103,5
AZUL4,202001,-0.250084373945326,0.0362686365842819,0.0237671959122352,202001,103,3
B3SA3,202001,-0.00414967543738831,0.0366701185703278,0.0237671959122352,202001,103,3
BBAS3,202001,-0.0259250070133232,0.0258931983262301,0.0237671959122352,202001,103,1
BBDC3,202001,-0.127364602495334,0.0269694179296494,0.0237671959122352,202001,103,1
BBDC4,202001,-0.0693755674293668,0.0247470624744892,0.0237671959122352,202001,103,1
BBRK3,202001,-0.200845665961945,0.0335259325802326,0.0237671959122352,202001,103,2
BBSE3,202001,-0.0347134326428495,0.0251962393522263,0.0237671959122352,202001,103,1
BEEF11,202001,0.0140405616224648,0.0329688601195812,0.0237671959122352,202001,103,2
BEEF3,202001,-0.0259847160467256,0.0350069217383862,0.0237671959122352,202001,103,2
BIDI4,202001,-0.0407268170426065,0.0350815877318382,0.0237671959122352,202001,103,2
BKBR3,202001,-0.104523227383863,0.0316507630050182,0.0237671959122352,202001,103,2
BPAC11,202001,-0.113908632148392,0.0352145656943321,0.0237671959122352,202001,103,2
BPAN4,202001,-0.0740740740740742,0.0330794714391232,0.0237671959122352,202001,103,2
BRAP3,202001,-0.10828586486467,0.0423778891563416,0.0237671959122352,202001,103,5
BRAP4,202001,-0.0978115296333158,0.0327265039086342,0.0237671959122352,202001,103,2
BRDT3,202001,-0.09375,0.0317567400634289,0.0237671959122352,202001,103,2
BRFS3,202001,-0.114893617021277,0.0272699613124132,0.0237671959122352,202001,103,1
BRGE3,202001,-0.212268743914314,0.0493451319634914,0.0237671959122352,202001,103,5
BRIV3,202001,-0.0806818181818183,0.0435873828828335,0.0237671959122352,202001,103,5
BRKM5,202001,-0.14770206722702,0.0316507630050182,0.0237671959122352,202001,103,2
BRML3,202001,-0.11195652173913,0.0360182672739029,0.0237671959122352,202001,103,3
BRPR3,202001,-0.114964725934235,0.0376365780830383,0.0237671959122352,202001,103,4
BRSR3,202001,-0.0189189010231365,0.0399950854480267,0.0237671959122352,202001,103,4
BRSR6,202001,-0.0965657246503406,0.0276350509375334,0.0237671959122352,202001,103,1
BTOW3,202001,-0.127106741573034,0.0362686365842819,0.0237671959122352,202001,103,3
CAML3,202001,-0.0589544549777851,0.0354350879788399,0.0237671959122352,202001,103,2
CCPR3,202001,-0.026995757809487,0.0376365780830383,0.0237671959122352,202001,103,4
CCRO3,202001,-0.104714912280702,0.0272141043096781,0.0237671959122352,202001,103,1
CESP3,202001,0.0123076923076924,0.0390862263739109,0.0237671959122352,202001,103,4
CESP6,202001,0.0248349575605156,0.0359565801918507,0.0237671959122352,202001,103,3
CGRA4,202001,0,0.0391499288380146,0.0237671959122352,202001,103,4
CIEL3,202001,-0.0311173974540312,0.0223408564925194,0.0237671959122352,202001,103,1
CLSC4,202001,0.116196583651071,0.0420548394322395,0.0237671959122352,202001,103,5
CMIG3,202001,-0.106906718944451,0.0314983613789082,0.0237671959122352,202001,103,2
CMIG4,202001,-0.0662207131374082,0.0343202762305737,0.0237671959122352,202001,103,2
COCE5,202001,0.00625007907899167,0.0340115204453468,0.0237671959122352,202001,103,2
COGN3,202001,-0.131669541016961,0.031133983284235,0.0237671959122352,202001,103,1
CPFE3,202001,-0.0715965486864599,0.0357480496168137,0.0237671959122352,202001,103,3
CPLE3,202001,-0.000891629060511101,0.0383022092282772,0.0237671959122352,202001,103,4
CPLE6,202001,-0.0232906564968675,0.0376365780830383,0.0237671959122352,202001,103,4
CPRE3,202001,-0.033879164313947,0.0402826815843582,0.0237671959122352,202001,103,4
CRDE3,202001,-0.0233500119132714,0.0476807355880737,0.0237671959122352,202001,103,5
CRFB3,202001,-0.0841080123948649,0.0299054477363825,0.0237671959122352,202001,103,1
CRIV3,202001,-0.0740131578947368,0.04309356585145,0.0237671959122352,202001,103,5
CRPG5,202001,-0.0239216503973526,0.0418073087930679,0.0237671959122352,202001,103,5
CSAN3,202001,-0.0819321476064811,0.0376365780830383,0.0237671959122352,202001,103,4
CSMG3,202001,-0.105192936396878,0.0323474407196045,0.0237671959122352,202001,103,2
CSNA3,202001,-0.133333471013363,0.0255418941378593,0.0237671959122352,202001,103,1
CTNM4,202001,-0.110204071702683,0.0426176190376282,0.0237671959122352,202001,103,5
CVCB3,202001,-0.295068498744049,0.0231286883354187,0.0237671959122352,202001,103,1
CYRE3,202001,-0.0619497704061057,0.0376365780830383,0.0237671959122352,202001,103,4
DIRR3,202001,-0.080269626774009,0.0396055057644844,0.0237671959122352,202001,103,4
DTEX3,202001,0.107643312101911,0.027316989377141,0.0237671959122352,202001,103,1
ECOR3,202001,-0.109983115846011,0.0362686365842819,0.0237671959122352,202001,103,3
EGIE3,202001,-0.086839550320471,0.0318537168204784,0.0237671959122352,202001,103,2
ELET3,202001,-0.11958184599694,0.025770353153348,0.0237671959122352,202001,103,1
ELET6,202001,-0.122828480548079,0.0305117908865213,0.0237671959122352,202001,103,1
EMBR3,202001,-0.0650496141124587,0.031133983284235,0.0237671959122352,202001,103,1
ENBR3,202001,-0.0859060402684565,0.0362686365842819,0.0237671959122352,202001,103,3
ENEV3,202001,-0.0224102344499181,0.0373245216906071,0.0237671959122352,202001,103,4
ENGI11,202001,-0.0436970820160616,0.0360182672739029,0.0237671959122352,202001,103,3
ENGI4,202001,-0.0416187934264402,0.0359988734126091,0.0237671959122352,202001,103,3
EQPA3,202001,-0.147541036185969,0.0425164252519608,0.0237671959122352,202001,103,5
EQTL3,202001,0.0343958689711601,0.0360182672739029,0.0237671959122352,202001,103,3
EUCA4,202001,-0.0909090749330973,0.0360182225704193,0.0237671959122352,202001,103,3
EVEN3,202001,-0.142857028816054,0.0376365780830383,0.0237671959122352,202001,103,4
EZTC3,202001,-0.163668945307059,0.0376365780830383,0.0237671959122352,202001,103,4
FESA4,202001,-0.085128417414207,0.0419189743697643,0.0237671959122352,202001,103,5
FHER3,202001,-0.0896739554723509,0.0559047050774097,0.0237671959122352,202001,103,5
FLRY3,202001,-0.0204310886734254,0.0360182672739029,0.0237671959122352,202001,103,3
GFSA3,202001,-0.154791202161001,0.0334134250879288,0.0237671959122352,202001,103,2
GGBR3,202001,-0.191466112112111,0.0465291887521744,0.0237671959122352,202001,103,5
GGBR4,202001,-0.15561091913427,0.0362686365842819,0.0237671959122352,202001,103,3
GNDI3,202001,-0.0994160376014812,0.0378869436681271,0.0237671959122352,202001,103,4
GOAU3,202001,-0.168421039998912,0.0371826849877834,0.0237671959122352,202001,103,4
GOAU4,202001,-0.165792421763978,0.0360182672739029,0.0237671959122352,202001,103,3
GOLL4,202001,-0.252554744525547,0.0227938406169415,0.0237671959122352,202001,103,1
GRND3,202001,-0.154315810958115,0.0260357167571783,0.0237671959122352,202001,103,1
GUAR3,202001,-0.0523776705720193,0.0341022834181786,0.0237671959122352,202001,103,2
HAPV3,202001,-0.0810720448828175,0.0292309820652008,0.0237671959122352,202001,103,1
HBOR3,202001,-0.211136883615154,0.0326060503721237,0.0237671959122352,202001,103,2
HGTX3,202001,-0.0918614020950846,0.0217186734080315,0.0237671959122352,202001,103,1
HYPE3,202001,-0.035704424457406,0.0354976803064346,0.0237671959122352,202001,103,3
IDNT3,202001,-0.132022471910112,0.0357141382992268,0.0237671959122352,202001,103,3
IGTA3,202001,-0.0651031894934334,0.0354976803064346,0.0237671959122352,202001,103,3
IRBR3,202001,-0.258309142660695,0.0364826396107674,0.0237671959122352,202001,103,3
ITSA3,202001,0.00356424131806499,0.0339757539331913,0.0237671959122352,202001,103,2
ITSA4,202001,-0.0337622308812624,0.0247470624744892,0.0237671959122352,202001,103,1
ITUB3,202001,0.00538890478597121,0.0217787697911263,0.0237671959122352,202001,103,1
ITUB4,202001,0.00522370048397325,0.0245352406054735,0.0237671959122352,202001,103,1
JBSS3,202001,-0.176939811457578,0.0337517224252224,0.0237671959122352,202001,103,2
JHSF3,202001,-0.109275817224961,0.049746360629797,0.0237671959122352,202001,103,5
JOPA3,202001,-0.137586168710722,0.0445953458547592,0.0237671959122352,202001,103,5
JPSA3,202001,-0.0682699767261443,0.0360182672739029,0.0237671959122352,202001,103,3
KEPL3,202001,-0.03377907245733,0.0474510900676251,0.0237671959122352,202001,103,5
KLBN11,202001,-0.0750206658087871,0.0347694531083107,0.0237671959122352,202001,103,2
KLBN3,202001,-0.0860761361112159,0.0399114452302456,0.0237671959122352,202001,103,4
KLBN4,202001,-0.0430890569306764,0.0415171198546886,0.0237671959122352,202001,103,5
KROT11,202001,-0.131669535283993,0.0490112602710724,0.0237671959122352,202001,103,5
LAME3,202001,-0.0322858372793801,0.0360182672739029,0.0237671959122352,202001,103,3
LAME4,202001,-0.0344827586206896,0.0362686365842819,0.0237671959122352,202001,103,3
LCAM3,202001,-0.103769589157137,0.0293588489294052,0.0237671959122352,202001,103,1
LEVE3,202001,-0.133440496574857,0.0360182672739029,0.0237671959122352,202001,103,3
LIGT3,202001,-0.0528383816158349,0.0319555476307869,0.0237671959122352,202001,103,2
LINX3,202001,-0.0803048065650645,0.0305117908865213,0.0237671959122352,202001,103,1
LLIS3,202001,-0.107058823529412,0.0279634930193424,0.0237671959122352,202001,103,1
LOGG3,202001,-0.12721529548885,0.0346012450754643,0.0237671959122352,202001,103,2
LOGN3,202001,-0.121092034824442,0.0420776754617691,0.0237671959122352,202001,103,5
LPSB3,202001,-0.15955055564621,0.0262075271457434,0.0237671959122352,202001,103,1
LREN3,202001,-0.0722367193044425,0.0362686365842819,0.0237671959122352,202001,103,3
MDIA3,202001,-0.00219021578497247,0.0320391170680523,0.0237671959122352,202001,103,2
MEAL3,202001,-0.103448234282926,0.0314815565943718,0.0237671959122352,202001,103,2
MGLU3,202001,-0.094623678494253,0.0376365780830383,0.0237671959122352,202001,103,4
MILS3,202001,-0.0674645004152764,0.036872923374176,0.0237671959122352,202001,103,3
MOAR3,202001,-0.0667185156380201,0.0447552353143692,0.0237671959122352,202001,103,5
MOVI3,202001,-0.14489301596897,0.0377009063959122,0.0237671959122352,202001,103,4
MRFG3,202001,0.100273473108478,0.0380380637943745,0.0237671959122352,202001,103,4
MRVE3,202001,-0.0661235387900775,0.0324761345982552,0.0237671959122352,202001,103,2
MULT3,202001,-0.119953701418708,0.0360182672739029,0.0237671959122352,202001,103,3
MYPK3,202001,-0.104972390022299,0.0305117908865213,0.0237671959122352,202001,103,1
ODPV3,202001,-0.0662514156285392,0.0315063707530499,0.0237671959122352,202001,103,2
OFSA3,202001,-0.118837826381008,0.0340115204453468,0.0237671959122352,202001,103,2
OIBR3,202001,0.0204081632653061,0.0320972166955471,0.0237671959122352,202001,103,2
OMGE3,202001,-0.0239294710327457,0.0373245216906071,0.0237671959122352,202001,103,4
PARD3,202001,-0.0187713310580205,0.0359556749463081,0.0237671959122352,202001,103,3
PCAR4,202001,-0.152444757874941,0.031133983284235,0.0237671959122352,202001,103,1
PETR3,202001,-0.105436665544747,0.0226513221859932,0.0237671959122352,202001,103,1
PETR4,202001,-0.109314482302302,0.0249974317848682,0.0237671959122352,202001,103,1
PFRM3,202001,-0.112480804524993,0.0569767169654369,0.0237671959122352,202001,103,5
PNVL3,202001,0.300812982074826,0.0378995835781097,0.0237671959122352,202001,103,4
PNVL4,202001,0.242718446601942,0.0498638339340687,0.0237671959122352,202001,103,5
POMO3,202001,0.0151310570012777,0.0358708314597607,0.0237671959122352,202001,103,3
POMO4,202001,0.0223102473799213,0.0374676212668419,0.0237671959122352,202001,103,4
POSI3,202001,-0.0924932983060034,0.0393649041652679,0.0237671959122352,202001,103,4
PRIO3,202001,-0.177967862388149,0.0549789555370808,0.0237671959122352,202001,103,5
PSSA3,202001,-0.0778768338240208,0.0354976803064346,0.0237671959122352,202001,103,3
PTBL3,202001,-0.147157169424969,0.0453764200210571,0.0237671959122352,202001,103,5
QUAL3,202001,-0.173902407070523,0.0410659275949001,0.0237671959122352,202001,103,4
RADL3,202001,-0.0347769631391791,0.0378869436681271,0.0237671959122352,202001,103,4
RAIL3,202001,-0.0896552349382293,0.0318335294723511,0.0237671959122352,202001,103,2
RAPT3,202001,-0.117117112027569,0.0471713617444038,0.0237671959122352,202001,103,5
RAPT4,202001,-0.141176678826502,0.0360182672739029,0.0237671959122352,202001,103,3
RDNI3,202001,-0.0898161244695899,0.0448134504258633,0.0237671959122352,202001,103,5
RENT3,202001,-0.0762630960812218,0.0378869436681271,0.0237671959122352,202001,103,4
RLOG3,202001,-0.122399612965651,0.0221716575324535,0.0237671959122352,202001,103,1
ROMI3,202001,-0.103573599886542,0.0395217835903168,0.0237671959122352,202001,103,4
RPAD3,202001,-0.0121580955422398,0.0422766283154488,0.0237671959122352,202001,103,5
SANB11,202001,-0.0700957624741403,0.0241248793900013,0.0237671959122352,202001,103,1
SAPR11,202001,-0.0287884428602171,0.0360182672739029,0.0237671959122352,202001,103,3
SAPR3,202001,-0.0581818720028418,0.0410910844802856,0.0237671959122352,202001,103,4
SAPR4,202001,-0.00652277912241361,0.0237431116402149,0.0237671959122352,202001,103,1
SBSP3,202001,-0.0368851182522324,0.0362686365842819,0.0237671959122352,202001,103,3
SCAR3,202001,-0.102167307694788,0.0453623346984386,0.0237671959122352,202001,103,5
SEER3,202001,-0.156035323800002,0.0360182672739029,0.0237671959122352,202001,103,3
SGPS3,202001,-0.0741324921135647,0.0413668490946293,0.0237671959122352,202001,103,5
SHOW3,202001,-0.180582509457486,0.0253525990992785,0.0237671959122352,202001,103,1
SHUL4,202001,0.166949074111237,0.0425621196627617,0.0237671959122352,202001,103,5
SLCE3,202001,-0.114574146188196,0.0305117908865213,0.0237671959122352,202001,103,1
SMLS3,202001,-0.148128898128898,0.0305117908865213,0.0237671959122352,202001,103,1
SMTO3,202001,0.0566414588926125,0.0360182672739029,0.0237671959122352,202001,103,3
STBP3,202001,-0.211436170212766,0.0289806127548218,0.0237671959122352,202001,103,1
SULA11,202001,-0.141904761904762,0.0378869436681271,0.0237671959122352,202001,103,4
SUZB3,202001,-0.0385681365787582,0.0332682691514492,0.0237671959122352,202001,103,2
TAEE11,202001,-0.0565368588166809,0.0323327369987965,0.0237671959122352,202001,103,2
TASA4,202001,-0.282137087912117,0.0388205461204052,0.0237671959122352,202001,103,4
TCSA3,202001,-0.180327834679769,0.0360182672739029,0.0237671959122352,202001,103,3
TECN3,202001,-0.151624566438682,0.0424734205007553,0.0237671959122352,202001,103,5
TEND3,202001,-0.0198435449462645,0.0376365780830383,0.0237671959122352,202001,103,4
TESA3,202001,-0.0844354018311292,0.0545020028948784,0.0237671959122352,202001,103,5
TGMA3,202001,-0.114465721677572,0.0357062108814716,0.0237671959122352,202001,103,3
TIET11,202001,-0.00262295081967212,0.0245413016527891,0.0237671959122352,202001,103,1
TIET3,202001,-0.00817438692098083,0.0514312125742436,0.0237671959122352,202001,103,5
TIET4,202001,-0.0103092783505155,0.0450024157762527,0.0237671959122352,202001,103,5
TIMP3,202001,-0.0370149253731343,0.0362686365842819,0.0237671959122352,202001,103,3
TOTS3,202001,-0.0487610528803354,0.0376365780830383,0.0237671959122352,202001,103,4
TRIS3,202001,-0.114110312360137,0.0481310039758682,0.0237671959122352,202001,103,5
TRPL4,202001,-0.00720720720720725,0.0269815661013126,0.0237671959122352,202001,103,1
TUPY3,202001,-0.120530371634214,0.0333458855748177,0.0237671959122352,202001,103,2
UCAS3,202001,-0.0616281219720553,0.0482770390808582,0.0237671959122352,202001,103,5
UGPA3,202001,-0.235068984664888,0.0315063707530499,0.0237671959122352,202001,103,2
UNIP3,202001,-0.215245331283519,0.0464849211275578,0.0237671959122352,202001,103,5
UNIP6,202001,-0.18042829928087,0.0303698386996985,0.0237671959122352,202001,103,1
USIM3,202001,-0.135477570240747,0.0404780060052872,0.0237671959122352,202001,103,4
USIM5,202001,-0.151609525723958,0.0315063707530499,0.0237671959122352,202001,103,2
VALE3,202001,-0.118559803420418,0.0272197853773832,0.0237671959122352,202001,103,1
VIVT3,202001,-0.0719879395841603,0.0465291887521744,0.0237671959122352,202001,103,5
VIVT4,202001,-0.101195487455801,0.0347694531083107,0.0237671959122352,202001,103,2
VLID3,202001,-0.164484966445151,0.0317996181547642,0.0237671959122352,202001,103,2
VULC3,202001,-0.0727699451049274,0.0357194505631924,0.0237671959122352,202001,103,3
VVAR3,202001,-0.0135714285714286,0.0371427573263645,0.0237671959122352,202001,103,3
WEGE3,202001,0.0986002783368491,0.0376365780830383,0.0237671959122352,202001,103,4
WIZS3,202001,-0.0973111395646606,0.0383022092282772,0.0237671959122352,202001,103,4
YDUQ3,202001,-0.0155568428419463,0.0376365780830383,0.0237671959122352,202001,103,4
AALR3,202002,-0.522546417609737,-0.0073956698179245,0.0237671959122352,202001,103,1
ABCB4,202002,-0.337337386894629,0.000261976616457105,0.0237671959122352,202001,103,2
ABEV3,202002,-0.180192502203959,-0.000702042831107974,0.0237671959122352,202001,103,2
AGRO3,202002,-0.0621620697424546,0.0137612968683243,0.0237671959122352,202001,103,5
ALPA3,202002,-0.304999976473744,0.00806172750890255,0.0237671959122352,202001,103,4
ALPA4,202002,-0.265694364605078,0.00296079413965344,0.0237671959122352,202001,103,3
ALUP11,202002,-0.186256829699921,-0.00196858262643218,0.0237671959122352,202001,103,2
AMAR3,202002,-0.664723025601427,0.0104424739256501,0.0237671959122352,202001,103,4
ANIM3,202002,-0.470277825376934,0.00844333507120609,0.0237671959122352,202001,103,4
APER3,202002,-0.426987767584098,0.00350041734054685,0.0237671959122352,202001,103,3
ARZZ3,202002,-0.386522462562396,0.0080797104164958,0.0237671959122352,202001,103,4
AZEV4,202002,-0.362573088269217,0.0412542596459389,0.0237671959122352,202001,103,5
AZUL4,202002,-0.605085508550855,-0.00809880997985601,0.0237671959122352,202001,103,1
B3SA3,202002,-0.239737707647791,0.0107562420889735,0.0237671959122352,202001,103,4
BBAS3,202002,-0.401824152951358,0.00390206417068839,0.0237671959122352,202001,103,3
BBDC3,202002,-0.310305889533249,0.011201374232769,0.0237671959122352,202001,103,4
BBDC4,202002,-0.319267326606696,0.0117076616734266,0.0237671959122352,202001,103,5
BBRK3,202002,-0.555555555555556,0.00695638312026858,0.0237671959122352,202001,103,4
BBSE3,202002,-0.219780253830994,0.0124677605926991,0.0237671959122352,202001,103,5
BEEF11,202002,-0.404615384615385,0.00745637714862824,0.0237671959122352,202001,103,4
BEEF3,202002,-0.31583479408841,0.00181938230525702,0.0237671959122352,202001,103,2
BIDI4,202002,-0.308295231874592,-0.0122619913890958,0.0237671959122352,202001,103,1
BIOM3,202002,-0.253676491127107,0.040226262062788,0.0237671959122352,202001,103,5
BKBR3,202002,-0.381569965870307,0.00410989532247186,0.0237671959122352,202001,103,3
BPAC11,202002,-0.488831465969737,0.00321116345003247,0.0237671959122352,202001,103,3
BPAN4,202002,-0.474444444444444,-0.00941394362598658,0.0237671959122352,202001,103,1
BRAP3,202002,-0.134892511264825,0.00790772214531899,0.0237671959122352,202001,103,4
BRAP4,202002,-0.126684432767101,-0.00150817027315497,0.0237671959122352,202001,103,2
BRDT3,202002,-0.405747126436782,-0.00263679260388017,0.0237671959122352,202001,103,2
BRFS3,202002,-0.441937869822485,0.00599972810596228,0.0237671959122352,202001,103,3
BRGE3,202002,-0.375772558714462,0.0500753037631512,0.0237671959122352,202001,103,5
BRIV3,202002,-0.0234857849196538,0.00622812751680613,0.0237671959122352,202001,103,3
BRKM5,202002,-0.359613227463331,0.00509052723646164,0.0237671959122352,202001,103,3
BRML3,202002,-0.389228886168911,-0.00204545585438609,0.0237671959122352,202001,103,2
BRPR3,202002,-0.335268492446839,-0.000198283232748508,0.0237671959122352,202001,103,2
BRSR3,202002,-0.326862398336903,0.00147929263766855,0.0237671959122352,202001,103,2
BRSR6,202002,-0.332653738449661,0.0062724738381803,0.0237671959122352,202001,103,3
BTOW3,202002,-0.227674979887369,-0.000133761903271079,0.0237671959122352,202001,103,2
CAML3,202002,-0.0750299817820622,-0.00779784470796585,0.0237671959122352,202001,103,1
CARD3,202002,-0.366312346688471,0.0215004421770573,0.0237671959122352,202001,103,5
CCPR3,202002,-0.455013872374158,0.00880771316587925,0.0237671959122352,202001,103,4
CCRO3,202002,-0.28169014084507,0.0069305612705648,0.0237671959122352,202001,103,4
CESP3,202002,-0.151975683890577,0.0167912915349007,0.0237671959122352,202001,103,5
CESP6,202002,-0.175460122699387,0.00925219897180796,0.0237671959122352,202001,103,4
CGAS5,202002,-0.12240948990114,0.0286526829004288,0.0237671959122352,202001,103,5
CGRA4,202002,-0.208096396232152,0.0384217016398907,0.0237671959122352,202001,103,5
CIEL3,202002,-0.351824817518248,0.00527087133377791,0.0237671959122352,202001,103,3
CLSC4,202002,-0.225104865459563,0.0133214443922043,0.0237671959122352,202001,103,5
CMIG3,202002,-0.39139209193284,0.0038207215256989,0.0237671959122352,202001,103,3
CMIG4,202002,-0.361748084775868,0.0125417448580265,0.0237671959122352,202001,103,5
COCE5,202002,-0.230769360973889,0.00188336835708469,0.0237671959122352,202001,103,2
COGN3,202002,-0.603567953600598,0.000511531950905919,0.0237671959122352,202001,103,2
CPFE3,202002,-0.243737549438413,0.00691821845248342,0.0237671959122352,202001,103,4
CPLE3,202002,-0.255642077945578,0.00847552437335253,0.0237671959122352,202001,103,4
CPLE6,202002,-0.253939478454888,0.00619185203686357,0.0237671959122352,202001,103,3
CPRE3,202002,-0.0531852717708943,0.0189233161509037,0.0237671959122352,202001,103,5
CRDE3,202002,-0.156135642839717,0.00738358683884144,0.0237671959122352,202001,103,4
CRFB3,202002,-0.00289995166747237,-0.00552555220201612,0.0237671959122352,202001,103,1
CRIV3,202002,-0.181172291296625,0.00577895157039166,0.0237671959122352,202001,103,3
CSAN3,202002,-0.265272702351581,0.00259205559268594,0.0237671959122352,202001,103,3
CSMG3,202002,-0.301653914354987,-0.001073146937415,0.0237671959122352,202001,103,2
CSNA3,202002,-0.37567074345242,0.00877486541867256,0.0237671959122352,202001,103,4
CTNM4,202002,-0.436926640245952,0.00577895157039166,0.0237671959122352,202001,103,3
CVCB3,202002,-0.568596974706474,0.00767073500901461,0.0237671959122352,202001,103,4
CYRE3,202002,-0.526315801344891,0.00159189046826214,0.0237671959122352,202001,103,2
DIRR3,202002,-0.441705658082138,0.00737295858561993,0.0237671959122352,202001,103,4
DTEX3,202002,-0.462334675100633,0.00389002915471792,0.0237671959122352,202001,103,3
ECOR3,202002,-0.401140696103253,-0.00362888677045703,0.0237671959122352,202001,103,1
EGIE3,202002,-0.181148857023126,-0.00406594853848219,0.0237671959122352,202001,103,1
ELET3,202002,-0.309006660874602,0.000875910045579076,0.0237671959122352,202001,103,2
ELET6,202002,-0.273919107391911,0.00264463340863585,0.0237671959122352,202001,103,3
EMBR3,202002,-0.4375,0.0159354396164417,0.0237671959122352,202001,103,5
ENBR3,202002,-0.203132648066569,-0.00269085494801402,0.0237671959122352,202001,103,2
ENEV3,202002,-0.187134502923977,0.00875539146363735,0.0237671959122352,202001,103,4
ENGI11,202002,-0.288537432016808,0.00545111112296581,0.0237671959122352,202001,103,3
ENGI4,202002,-0.35049514791867,-0.00171507184859365,0.0237671959122352,202001,103,2
EQPA3,202002,-0.336538445459566,0.0105596482753754,0.0237671959122352,202001,103,4
EQTL3,202002,-0.286293514274785,0.0320237949490547,0.0237671959122352,202001,103,5
EUCA4,202002,-0.338235356658962,0.00194012781139463,0.0237671959122352,202001,103,2
EVEN3,202002,-0.573919161947124,-0.00370451202616096,0.0237671959122352,202001,103,1
EZTC3,202002,-0.36129043776072,-0.00174654216971248,0.0237671959122352,202001,103,2
FESA4,202002,-0.272982130669391,0.0375124998390675,0.0237671959122352,202001,103,5
FHER3,202002,-0.414925345091331,0.0116169778630137,0.0237671959122352,202001,103,5
FLRY3,202002,-0.319892531282961,0.00180048064794391,0.0237671959122352,202001,103,2
FRAS3,202002,-0.338898418668384,0.0370892323553562,0.0237671959122352,202001,103,5
GFSA3,202002,-0.447674390241169,-0.00874067936092615,0.0237671959122352,202001,103,1
GGBR3,202002,-0.369491507818603,0.00265220599249005,0.0237671959122352,202001,103,3
GGBR4,202002,-0.405325310812124,-0.00678037665784359,0.0237671959122352,202001,103,1
GNDI3,202002,-0.288945120986873,0.0257868599146605,0.0237671959122352,202001,103,5
GOAU3,202002,-0.413258171304963,0.00246406020596623,0.0237671959122352,202001,103,3
GOAU4,202002,-0.413619102102703,0.00125138426665217,0.0237671959122352,202001,103,2
GOLL4,202002,-0.555859375,-0.00519999163225293,0.0237671959122352,202001,103,1
GPCP3,202002,-0.439850626833822,0.00500842649489641,0.0237671959122352,202001,103,3
GRND3,202002,-0.223711278994567,-0.00289092352613807,0.0237671959122352,202001,103,1
GUAR3,202002,-0.603272727272727,-0.0101168993860483,0.0237671959122352,202001,103,1
HAPV3,202002,-0.231884019644005,0.00327372411265969,0.0237671959122352,202001,103,3
HBOR3,202002,-0.447058841911679,-0.00318384123966098,0.0237671959122352,202001,103,1
HGTX3,202002,-0.339840283939663,0.0349795110523701,0.0237671959122352,202001,103,5
HYPE3,202002,-0.158658833718965,0.0317479074001312,0.0237671959122352,202001,103,5
IDNT3,202002,-0.313915857605178,-0.00953322369605303,0.0237671959122352,202001,103,1
IGTA3,202002,-0.372867750351194,-0.000560621730983257,0.0237671959122352,202001,103,2
IRBR3,202002,-0.708872221151492,-0.00712780188769102,0.0237671959122352,202001,103,1
ITSA3,202002,-0.217767106336982,0.00940833147615194,0.0237671959122352,202001,103,4
ITSA4,202002,-0.268557076395671,0.0167907439172268,0.0237671959122352,202001,103,5
ITUB3,202002,-0.227837145927105,0.00256258202716708,0.0237671959122352,202001,103,3
ITUB4,202002,-0.278098465923897,0.0142947575077415,0.0237671959122352,202001,103,5
JBSS3,202002,-0.103964757709251,0.000885138055309653,0.0237671959122352,202001,103,2
JHSF3,202002,-0.500713304568779,0.00378742860630155,0.0237671959122352,202001,103,3
JOPA3,202002,0.209116353130438,0.005180723965168,0.0237671959122352,202001,103,3
JPSA3,202002,-0.431862336941438,-0.0027745864354074,0.0237671959122352,202001,103,1
KEPL3,202002,-0.158878618536313,0.0109250964596868,0.0237671959122352,202001,103,4
KLBN11,202002,-0.160889940774238,0.00448134774342179,0.0237671959122352,202001,103,3
KLBN3,202002,-0.146907667989903,0.0361429005861282,0.0237671959122352,202001,103,5
KROT11,202002,-0.603567888999009,0.00933738332241774,0.0237671959122352,202001,103,4
LAME3,202002,-0.35720640569395,0.00509527511894703,0.0237671959122352,202001,103,3
LAME4,202002,-0.323308270676692,0.0173258185386658,0.0237671959122352,202001,103,5
LCAM3,202002,-0.504253308128544,-0.0138858482241631,0.0237671959122352,202001,103,1
LEVE3,202002,-0.349164994651114,-0.00957405474036932,0.0237671959122352,202001,103,1
LIGT3,202002,-0.55509455424107,-0.0020931507460773,0.0237671959122352,202001,103,2
LINX3,202002,-0.469407265774379,-0.00225277757272124,0.0237671959122352,202001,103,2
LLIS3,202002,-0.610671936758893,0.00903895311057568,0.0237671959122352,202001,103,4
LOGG3,202002,-0.205946380577376,-0.00764016387984157,0.0237671959122352,202001,103,1
LOGN3,202002,-0.285571098048045,0.00223824288696051,0.0237671959122352,202001,103,2
LPSB3,202002,-0.525401091290845,-0.00491716805845499,0.0237671959122352,202001,103,1
LREN3,202002,-0.369094037611028,0.00570148043334484,0.0237671959122352,202001,103,3
MDIA3,202002,-0.290243831290565,0.00448134774342179,0.0237671959122352,202001,103,3
MEAL3,202002,-0.648717956085255,-0.00611386587843299,0.0237671959122352,202001,103,1
MGLU3,202002,-0.228226403876066,0.00419308291748166,0.0237671959122352,202001,103,3
MILS3,202002,-0.549591694820431,-0.00101434229873121,0.0237671959122352,202001,103,2
MOAR3,202002,-0.136904761904762,0.0113055845722556,0.0237671959122352,202001,103,5
MOVI3,202002,-0.550555510970779,-0.00832865387201309,0.0237671959122352,202001,103,1
MRFG3,202002,-0.266777133388567,0.00753765273839235,0.0237671959122352,202001,103,4
MRVE3,202002,-0.371985662205751,-0.00299751153215766,0.0237671959122352,202001,103,1
MULT3,202002,-0.374836238695222,-0.00204545585438609,0.0237671959122352,202001,103,2
MYPK3,202002,-0.407683287571327,-0.00805373396724463,0.0237671959122352,202001,103,1
ODPV3,202002,-0.121892055791389,-0.00537435105070472,0.0237671959122352,202001,103,1
OFSA3,202002,-0.393243255570947,-0.0065623177215457,0.0237671959122352,202001,103,1
OIBR3,202002,-0.5,0.010940520092845,0.0237671959122352,202001,103,4
OMGE3,202002,-0.29858064516129,0.00415445724502206,0.0237671959122352,202001,103,3
PARD3,202002,-0.331478260869565,0.00561307556927204,0.0237671959122352,202001,103,3
PETR3,202002,-0.479189656651178,0.0168527737259865,0.0237671959122352,202001,103,5
PETR4,202002,-0.447908419573838,0.00154169776942581,0.0237671959122352,202001,103,2
PMAM3,202002,-0.461042190457899,-0.0013798518339172,0.0237671959122352,202001,103,2
PNVL3,202002,-0.1491249393317,0.00919038150459528,0.0237671959122352,202001,103,4
POMO3,202002,-0.459178567615167,0.0409098267555237,0.0237671959122352,202001,103,5
POMO4,202002,-0.49025467185068,0.00590287940576673,0.0237671959122352,202001,103,3
POSI3,202002,-0.485967580651214,0.0319520272314549,0.0237671959122352,202001,103,5
PRIO3,202002,-0.57614216520725,0.00750656053423882,0.0237671959122352,202001,103,4
PSSA3,202002,-0.26336532359088,0.00164393323939294,0.0237671959122352,202001,103,2
PTBL3,202002,-0.562745066634329,-0.00284538464620709,0.0237671959122352,202001,103,1
QUAL3,202002,-0.310948937681211,-0.000850774173159152,0.0237671959122352,202001,103,2
RADL3,202002,-0.149444939339698,0.00824998877942562,0.0237671959122352,202001,103,4
RAIL3,202002,-0.0696023559721104,0.00404820637777448,0.0237671959122352,202001,103,3
RAPT3,202002,-0.491836688335165,0.00871311221271753,0.0237671959122352,202001,103,4
RAPT4,202002,-0.533390360963456,-0.00764016387984157,0.0237671959122352,202001,103,1
RDNI3,202002,-0.456099456099456,0.0130360228940845,0.0237671959122352,202001,103,5
RENT3,202002,-0.467802978655707,0.00662170397117734,0.0237671959122352,202001,103,4
RLOG3,202002,-0.0782800441014334,-0.00153492903336883,0.0237671959122352,202001,103,2
ROMI3,202002,-0.423021082987543,0.00599200278520584,0.0237671959122352,202001,103,3
RPAD3,202002,-0.0723076165392919,0.00984211266040802,0.0237671959122352,202001,103,4
RSID3,202002,-0.43766233364111,0.00835543405264616,0.0237671959122352,202001,103,4
SANB11,202002,-0.305376790067144,0.0080521646887064,0.0237671959122352,202001,103,4
SAPR11,202002,-0.273677757501181,0.00556342862546444,0.0237671959122352,202001,103,3
SAPR3,202002,-0.297779835029375,0.032068345695734,0.0237671959122352,202001,103,5
SAPR4,202002,-0.271212081378875,-0.00260323798283935,0.0237671959122352,202001,103,2
SBSP3,202002,-0.33429795744228,0.00365288881585002,0.0237671959122352,202001,103,3
SCAR3,202002,-0.256465562405856,0.00545549020171166,0.0237671959122352,202001,103,3
SEER3,202002,-0.413565865781711,-0.0059946863912046,0.0237671959122352,202001,103,1
SGPS3,202002,-0.585178875638842,0.00106704421341419,0.0237671959122352,202001,103,2
SHOW3,202002,-0.52606635927921,-0.00171099288854748,0.0237671959122352,202001,103,2
SHUL4,202002,-0.472766755824431,0.0169875901192427,0.0237671959122352,202001,103,5
SLCE3,202002,0.12543374192132,-0.00469267414882779,0.0237671959122352,202001,103,1
SMLS3,202002,-0.623245881635143,0.0219717249274254,0.0237671959122352,202001,103,5
SMTO3,202002,-0.442053596880388,-0.000672457972541452,0.0237671959122352,202001,103,2
SQIA3,202002,-0.301643713904931,-0.00215858872979879,0.0237671959122352,202001,103,2
STBP3,202002,-0.244519392917369,-0.00423022825270891,0.0237671959122352,202001,103,1
SULA11,202002,-0.374768775434702,0.0275855008512735,0.0237671959122352,202001,103,5
SUZB3,202002,-0.0616151321072069,-0.00221191952005029,0.0237671959122352,202001,103,2
TAEE11,202002,-0.124276684489246,0.00406914902850986,0.0237671959122352,202001,103,3
TASA4,202002,-0.139534757382416,-0.00771621055901051,0.0237671959122352,202001,103,1
TCSA3,202002,-0.506666660308838,-0.011083728633821,0.0237671959122352,202001,103,1
TECN3,202002,-0.485106359987495,0.0610047690570355,0.0237671959122352,202001,103,5
TEND3,202002,-0.412033079347087,0.00875539146363735,0.0237671959122352,202001,103,4
TESA3,202002,-0.355555555555556,0.026067053899169,0.0237671959122352,202001,103,5
TGMA3,202002,-0.412215624048294,-0.00460873544216156,0.0237671959122352,202001,103,1
TIET11,202002,-0.137409598948061,-0.00260323798283935,0.0237671959122352,202001,103,2
TIET3,202002,-0.151098901098901,0.0109660662710667,0.0237671959122352,202001,103,4
TIET4,202002,-0.131944444444444,0.0124584520235658,0.0237671959122352,202001,103,5
TIMP3,202002,-0.228766274023559,0.0173258185386658,0.0237671959122352,202001,103,5
TOTS3,202002,-0.342627636908873,0.00792938657104969,0.0237671959122352,202001,103,4
TRIS3,202002,-0.497922523289799,0.00231566512957215,0.0237671959122352,202001,103,3
TRPL4,202002,-0.13929219600726,0.000999362440779805,0.0237671959122352,202001,103,2
TUPY3,202002,-0.400639523118262,-0.0046127075329423,0.0237671959122352,202001,103,1
UCAS3,202002,-0.216109902775695,0.0131230959668756,0.0237671959122352,202001,103,5
UGPA3,202002,-0.343291382902665,-0.00599255226552486,0.0237671959122352,202001,103,1
UNIP3,202002,-0.0121830839360911,0.0048261396586895,0.0237671959122352,202001,103,3
UNIP6,202002,-0.10447758152347,-0.00874067936092615,0.0237671959122352,202001,103,1
USIM3,202002,-0.3630214033546,0.00635645026341081,0.0237671959122352,202001,103,3
USIM5,202002,-0.397796787232064,-0.00507167400792241,0.0237671959122352,202001,103,1
VALE3,202002,-0.0245990750449205,0.00784976221621037,0.0237671959122352,202001,103,4
VIVT3,202002,0.044374750695992,0.00698361033573747,0.0237671959122352,202001,103,4
VIVT4,202002,-0.0736230798051705,0.00886031985282898,0.0237671959122352,202001,103,4
VLID3,202002,-0.369209789881006,-0.0100794481113553,0.0237671959122352,202001,103,1
VULC3,202002,-0.484810294936817,0.0271461103111506,0.0237671959122352,202001,103,5
VVAR3,202002,-0.617668356263577,0.0121847381815314,0.0237671959122352,202001,103,5
WEGE3,202002,-0.221288679491673,0.0134771643206477,0.0237671959122352,202001,103,5
WIZS3,202002,-0.360283687943262,-0.00564241874963045,0.0237671959122352,202001,103,1
YDUQ3,202002,-0.572750029563765,0.00998768024146557,0.0237671959122352,202001,103,4
AALR3,202003,0.175206681679283,0.013665865175426,0.0237671959122352,202001,103,5
ABCB4,202003,0.079305301623485,-0.00859336834400892,0.0237671959122352,202001,103,1
ABEV3,202003,-0.0486578086404291,0.0123644936829805,0.0237671959122352,202001,103,5
AGRO3,202003,0.181556086937808,-0.0030186977237463,0.0237671959122352,202001,103,2
ALPA3,202003,0.141315468893932,0.000112520647235215,0.0237671959122352,202001,103,3
ALPA4,202003,0.182642396338216,-0.00473786052316427,0.0237671959122352,202001,103,2
ALUP11,202003,0.0337236424971639,-0.00760805886238813,0.0237671959122352,202001,103,1
AMAR3,202003,0.428260779505118,-0.00752982683479786,0.0237671959122352,202001,103,1
ANIM3,202003,0.194546397008777,-0.00854932051151991,0.0237671959122352,202001,103,1
APER3,202003,0.200800533689126,0.000181193696334958,0.0237671959122352,202001,103,3
ARZZ3,202003,0.152698671006238,-0.0116520998999476,0.0237671959122352,202001,103,1
AZEV4,202003,0.261467828382157,0.057638231664896,0.0237671959122352,202001,103,5
AZUL4,202003,-0.00854700854700863,0.0471133887767792,0.0237671959122352,202001,103,5
B3SA3,202003,0.0701950799024818,-0.000142869335832074,0.0237671959122352,202001,103,2
BBAS3,202003,0.0218715803999936,0.00439465697854757,0.0237671959122352,202001,103,4
BBDC3,202003,0.0278864781464139,0.00154852645937353,0.0237671959122352,202001,103,3
BBDC4,202003,0.0151726135315833,0.00549678970128298,0.0237671959122352,202001,103,4
BBRK3,202003,0.428571428571429,0.00646753050386906,0.0237671959122352,202001,103,4
BBSE3,202003,0.068410646567092,0.00355155998840928,0.0237671959122352,202001,103,4
BEEF11,202003,0.679586563307494,0.00132097420282662,0.0237671959122352,202001,103,3
BEEF3,202003,0.542138372851235,-0.0117832962423563,0.0237671959122352,202001,103,1
BIDI4,202003,-0.118035882908404,-0.00412056781351566,0.0237671959122352,202001,103,2
BKBR3,202003,0.0441501103752759,0.00551259703934193,0.0237671959122352,202001,103,4
BPAC11,202003,0.24286570724277,0.0139356190338731,0.0237671959122352,202001,103,5
BPAN4,202003,0.0634249471458774,-0.0124519290402532,0.0237671959122352,202001,103,1
BRAP3,202003,-0.017777947462601,0.000106737832538784,0.0237671959122352,202001,103,3
BRAP4,202003,0.0240052517377678,0.000971652683801949,0.0237671959122352,202001,103,3
BRDT3,202003,0.259187620889749,0.00856989156454802,0.0237671959122352,202001,103,4
BRFS3,202003,0.284956925115971,0.00400120578706265,0.0237671959122352,202001,103,4
BRGE3,202003,0.336633663366337,0.0201577246189117,0.0237671959122352,202001,103,5
BRIV3,202003,-0.0506329113924051,0.0141832334920764,0.0237671959122352,202001,103,5
BRKM5,202003,0.227642303945452,0.014868438243866,0.0237671959122352,202001,103,5
BRML3,202003,0.00601202404809609,-0.00437408173456788,0.0237671959122352,202001,103,2
BRPR3,202003,-0.0458515257851925,-0.00320037640631199,0.0237671959122352,202001,103,2
BRSR3,202003,-0.000690043910271054,0.00605525821447372,0.0237671959122352,202001,103,4
BRSR6,202003,0.0511317786724075,0.00465131271630526,0.0237671959122352,202001,103,4
BTOW3,202003,0.526041666666667,0.000971652683801949,0.0237671959122352,202001,103,3
CAML3,202003,0.047496934817796,-0.00367357349023223,0.0237671959122352,202001,103,2
CARD3,202003,0.272258064516129,-0.00464089354500175,0.0237671959122352,202001,103,2
CCPR3,202003,0.0705454545454547,-2.42958776652813e-07,0.0237671959122352,202001,103,3
CCRO3,202003,0.0528559249786871,0.00233636656776071,0.0237671959122352,202001,103,3
CESP3,202003,0.0240143369175627,0.00813386403024197,0.0237671959122352,202001,103,4
CESP6,202003,0.0476190476190477,-0.00204983307048678,0.0237671959122352,202001,103,2
CGRA4,202003,-0.0242282386297066,-0.00861110631376505,0.0237671959122352,202001,103,1
CIEL3,202003,-0.0855855855855857,-0.000876497244462371,0.0237671959122352,202001,103,2
CLSC4,202003,-0.169788058030119,0.00331156561151147,0.0237671959122352,202001,103,3
CMIG3,202003,0.0685085339505533,0.0144662046805024,0.0237671959122352,202001,103,5
CMIG4,202003,0.0684627311740265,0.00154852645937353,0.0237671959122352,202001,103,3
COCE5,202003,0.0672686633772248,-0.00950539670884609,0.0237671959122352,202001,103,1
COGN3,202003,0.385000099916596,0.014868438243866,0.0237671959122352,202001,103,5
CPFE3,202003,0.0807590193188765,0.00154852645937353,0.0237671959122352,202001,103,3
CPLE3,202003,-0.0887289684591087,0.000159903545863926,0.0237671959122352,202001,103,3
CPLE6,202003,0.016822429906542,-0.00575937563553453,0.0237671959122352,202001,103,1
CPRE3,202003,0.0154320987654322,0.00764983240514994,0.0237671959122352,202001,103,4
CRDE3,202003,-0.334778837814397,-0.00246811797842383,0.0237671959122352,202001,103,2
CRFB3,202003,-0.0305380513814832,0.00484269903972745,0.0237671959122352,202001,103,4
CRIV3,202003,0.125813449023861,0.0103404205292463,0.0237671959122352,202001,103,5
CSAN3,202003,0.122395959857152,-0.00650710333138704,0.0237671959122352,202001,103,1
CSMG3,202003,0.173594240285609,0.000971652683801949,0.0237671959122352,202001,103,3
CSNA3,202003,0.283667449529519,0.013665865175426,0.0237671959122352,202001,103,5
CTNM4,202003,0.018329970546807,0.0276006776839495,0.0237671959122352,202001,103,5
CVCB3,202003,0.243243181260478,0.0461667813360691,0.0237671959122352,202001,103,5
CYRE3,202003,0.125973107404011,0.00943455751985312,0.0237671959122352,202001,103,4
DIRR3,202003,0.0501194115382642,0.000198967987671494,0.0237671959122352,202001,103,3
DTEX3,202003,0.0417112299465241,-0.00990189332515001,0.0237671959122352,202001,103,1
ECOR3,202003,0.110053206901792,0.00407443847507238,0.0237671959122352,202001,103,4
EGIE3,202003,0.00513886692439702,0.00245827296748757,0.0237671959122352,202001,103,3
ELET3,202003,0.0163453478625315,0.00407443847507238,0.0237671959122352,202001,103,4
ELET6,202003,0.069535151747983,0.000971652683801949,0.0237671959122352,202001,103,3
EMBR3,202003,-0.0932914046121592,0.0136905098333955,0.0237671959122352,202001,103,5
ENBR3,202003,0.0442260442260443,-0.0013466093223542,0.0237671959122352,202001,103,2
ENEV3,202003,0.0353956702801821,-0.00611914228647947,0.0237671959122352,202001,103,1
ENGI11,202003,0.207142837753557,-0.00531550543382764,0.0237671959122352,202001,103,2
ENGI4,202003,0.292682913402671,-0.0119375605136156,0.0237671959122352,202001,103,1
EQPA3,202003,0.101449157788141,-0.00338420877233148,0.0237671959122352,202001,103,2
EQTL3,202003,0.0414772273967261,-0.0107108475640416,0.0237671959122352,202001,103,1
EUCA4,202003,0.066666720220568,-0.00600690394639969,0.0237671959122352,202001,103,1
EVEN3,202003,0.10310980059141,0.00178793387021869,0.0237671959122352,202001,103,3
EZTC3,202003,0.0262071698811799,-0.00275981891900301,0.0237671959122352,202001,103,2
FHER3,202003,0.204081555695795,0.00763555895537138,0.0237671959122352,202001,103,4
FLRY3,202003,0.126482200439375,-0.00905725080519915,0.0237671959122352,202001,103,1
FRAS3,202003,0.0227275110120806,0.0100407246500254,0.0237671959122352,202001,103,4
GFSA3,202003,0.0263157957558224,-0.00209577986970544,0.0237671959122352,202001,103,2
GGBR3,202003,0.155914207767929,0.0150076067075133,0.0237671959122352,202001,103,5
GGBR4,202003,0.168159311028801,0.0144662046805024,0.0237671959122352,202001,103,5
GNDI3,202003,0.219083629893238,-0.00252106925472617,0.0237671959122352,202001,103,2
GOAU3,202003,0.168269473840706,0.0126373143866658,0.0237671959122352,202001,103,5
GOAU4,202003,0.107526762452848,0.0144662046805024,0.0237671959122352,202001,103,5
GOLL4,202003,0.0905892700087951,0.0533416159451008,0.0237671959122352,202001,103,5
GRND3,202003,-0.0743690105977221,-0.00861847493797541,0.0237671959122352,202001,103,1
GUAR3,202003,0.16865261228231,-0.0188541412353516,0.0237671959122352,202001,103,1
HAPV3,202003,0.237174042080847,0.00194141513202339,0.0237671959122352,202001,103,3
HBOR3,202003,-0.0106382194509328,0.00524939876049757,0.0237671959122352,202001,103,4
HGTX3,202003,0.0053763440860215,0.00412581488490105,0.0237671959122352,202001,103,4
HYPE3,202003,0.0171387115293511,-0.00194072013255209,0.0237671959122352,202001,103,2
IDNT3,202003,0.287735849056604,-0.000380921905161813,0.0237671959122352,202001,103,2
IGTA3,202003,0.0534400000000002,-0.00545888440683484,0.0237671959122352,202001,103,2
IRBR3,202003,0.0557851981831661,0.0696300193667412,0.0237671959122352,202001,103,5
ITSA3,202003,0.0693467041876408,-0.00291474629193544,0.0237671959122352,202001,103,2
ITSA4,202003,0.0262261167686995,-0.00164835120085627,0.0237671959122352,202001,103,2
ITUB3,202003,-0.00294555673238139,0.00398445315659046,0.0237671959122352,202001,103,4
ITUB4,202003,-0.0132178692368046,0.00186874496284872,0.0237671959122352,202001,103,3
JBSS3,202003,0.172074729596853,0.0139288073405623,0.0237671959122352,202001,103,5
JHSF3,202003,0.188571524170617,0.00385641027241945,0.0237671959122352,202001,103,4
JOPA3,202003,0,0.0194456446915865,0.0237671959122352,202001,103,5
JPSA3,202003,0.0967269174401564,-0.00572665594518185,0.0237671959122352,202001,103,1
KEPL3,202003,0.121405985412229,0.00340940849855542,0.0237671959122352,202001,103,3
KLBN11,202003,0.0980273852714138,0.00125616532750428,0.0237671959122352,202001,103,3
KROT11,202003,0.385,0.0312913954257965,0.0237671959122352,202001,103,5
LAME3,202003,0.406920415224914,-0.00676269084215164,0.0237671959122352,202001,103,1
LAME4,202003,0.382222222222222,-0.00164835120085627,0.0237671959122352,202001,103,2
LCAM3,202003,0.265967588179218,-0.015101513825357,0.0237671959122352,202001,103,1
LEVE3,202003,0.00285015059662541,-0.00882943253964186,0.0237671959122352,202001,103,1
LIGT3,202003,0.17720209924301,0.0068027158267796,0.0237671959122352,202001,103,4
LINX3,202003,0.303903903903904,0.00479496642947197,0.0237671959122352,202001,103,4
LLIS3,202003,0.030456852791878,0.0143921170383692,0.0237671959122352,202001,103,5
LOGG3,202003,0.0447490279191054,-0.00749529805034399,0.0237671959122352,202001,103,1
LOGN3,202003,-0.0357643913531568,-0.00113170384429395,0.0237671959122352,202001,103,2
LPSB3,202003,0.0985914797476306,-0.00757836736738682,0.0237671959122352,202001,103,1
LREN3,202003,0.144480097909679,0.00198705354705453,0.0237671959122352,202001,103,3
MDIA3,202003,0.0996561736171688,-0.0116520998999476,0.0237671959122352,202001,103,1
MEAL3,202003,0.186131382732909,0.0104355681687593,0.0237671959122352,202001,103,5
MGLU3,202003,0.274685747621913,0.00300891045480967,0.0237671959122352,202001,103,3
MILS3,202003,0.217616780039736,0.00277324020862579,0.0237671959122352,202001,103,3
MOAR3,202003,-0.131034482758621,0.00176910811569542,0.0237671959122352,202001,103,3
MOVI3,202003,0.334980988096518,0.00769621133804321,0.0237671959122352,202001,103,4
MRFG3,202003,0.450847457627119,-0.00946096237748861,0.0237671959122352,202001,103,1
MRVE3,202003,0.2377451009907,-0.00805373396724463,0.0237671959122352,202001,103,1
MULT3,202003,0.0948639217840335,-0.000926734646782279,0.0237671959122352,202001,103,2
MYPK3,202003,0.15335751793522,0.0099870003759861,0.0237671959122352,202001,103,4
ODPV3,202003,0.0359116022099448,-0.00436617666855454,0.0237671959122352,202001,103,2
OFSA3,202003,0.202672522419323,-0.00506102154031396,0.0237671959122352,202001,103,2
OIBR3,202003,0.24,-0.000223477371037006,0.0237671959122352,202001,103,2
OMGE3,202003,0.103384841795438,-0.00636980216950178,0.0237671959122352,202001,103,1
PARD3,202003,0.0119667013527576,-0.00397928059101105,0.0237671959122352,202001,103,2
PETR3,202003,0.318953358650935,0.0206095781177282,0.0237671959122352,202001,103,5
PETR4,202003,0.290207068538673,0.0183847863227129,0.0237671959122352,202001,103,5
PNVL3,202003,0.0312913962413841,-0.00610506813973188,0.0237671959122352,202001,103,1
POMO3,202003,0.206897097285492,0.00218206457793713,0.0237671959122352,202001,103,3
POMO4,202003,0.157894392941442,-0.00466897571459413,0.0237671959122352,202001,103,2
POSI3,202003,0.321838906476838,-0.0124919647350907,0.0237671959122352,202001,103,1
PRIO3,202003,0.224550942300831,-0.000949017412494868,0.0237671959122352,202001,103,2
PSSA3,202003,0.0544546057964379,-0.00451689818874002,0.0237671959122352,202001,103,2
PTBL3,202003,0.269058207381868,0.00879427883774042,0.0237671959122352,202001,103,4
QUAL3,202003,0.0983049871435784,0.00350917782634497,0.0237671959122352,202001,103,4
RADL3,202003,0.0293903280988448,0.000707478146068752,0.0237671959122352,202001,103,3
RAIL3,202003,0.00712480381702174,0.00235771900042892,0.0237671959122352,202001,103,3
RANI3,202003,0.023631986209621,0.0105403633788228,0.0237671959122352,202001,103,5
RAPT3,202003,0.586345478368433,0.0253758858889341,0.0237671959122352,202001,103,5
RAPT4,202003,0.559633099153486,0.00371449254453182,0.0237671959122352,202001,103,4
RDNI3,202003,0,0.0140060232952237,0.0237671959122352,202001,103,5
RENT3,202003,0.299999991315251,0.00830272864550352,0.0237671959122352,202001,103,4
RLOG3,202003,-0.0813397129186603,-9.64093487709761e-05,0.0237671959122352,202001,103,2
ROMI3,202003,0.398996037459842,0.0101913446560502,0.0237671959122352,202001,103,5
RPAD3,202003,-0.087893908033281,0.0101825082674623,0.0237671959122352,202001,103,5
RSID3,202003,-0.0577367215715848,0.00609652418643236,0.0237671959122352,202001,103,4
SANB11,202003,0,0.00188139860983938,0.0237671959122352,202001,103,3
SAPR11,202003,0.0817609856508199,-0.0110752256587148,0.0237671959122352,202001,103,1
SAPR3,202003,0.0597940002620399,-0.0024858838878572,0.0237671959122352,202001,103,2
SAPR4,202003,0.0353430274332045,-0.00272578559815884,0.0237671959122352,202001,103,2
SBSP3,202003,0.0594550375809384,-0.000190563296200708,0.0237671959122352,202001,103,2
SCAR3,202003,0.0376812273720961,0.00139765476342291,0.0237671959122352,202001,103,3
SEER3,202003,0.123595364335562,0.00344239361584187,0.0237671959122352,202001,103,4
SGPS3,202003,0.193018480492813,0.00257237441837788,0.0237671959122352,202001,103,3
SHOW3,202003,-0.0649999618530274,0.0144604500383139,0.0237671959122352,202001,103,5
SHUL4,202003,0.143250702712037,-0.00707050645723939,0.0237671959122352,202001,103,1
SLCE3,202003,0.0572686345802365,0.00283774314448237,0.0237671959122352,202001,103,3
SMLS3,202003,0.156275303643725,0.014868438243866,0.0237671959122352,202001,103,5
SMTO3,202003,0.292286599626689,-0.0117832962423563,0.0237671959122352,202001,103,1
SQIA3,202003,0.384860050890585,-0.00712102465331554,0.0237671959122352,202001,103,1
STBP3,202003,-0.0892857142857143,0.00581959635019302,0.0237671959122352,202001,103,4
SULA11,202003,0.32396449704142,0.00320592196658254,0.0237671959122352,202001,103,3
SUZB3,202003,0.101145557643956,0.000259752501733601,0.0237671959122352,202001,103,3
TAEE11,202003,0.0692068639202486,0.00389138935133815,0.0237671959122352,202001,103,4
TASA4,202003,0.0567567273046172,0.0353799499571323,0.0237671959122352,202001,103,5
TCSA3,202003,0.0540540662449236,0.00940260943025351,0.0237671959122352,202001,103,4
TECN3,202003,0.0247933733038968,-0.00395479891449213,0.0237671959122352,202001,103,2
TEND3,202003,0.127061211370948,-0.0106823407113552,0.0237671959122352,202001,103,1
TESA3,202003,-0.0267241379310346,0.01169129088521,0.0237671959122352,202001,103,5
TGMA3,202003,-0.0913485893949279,0.000172102940268815,0.0237671959122352,202001,103,3
TIET11,202003,0.105182926829268,-0.00695701828226447,0.0237671959122352,202001,103,1
TIMP3,202003,0.0257234726688103,-0.000262284564087167,0.0237671959122352,202001,103,2
TOTS3,202003,0.269966323687531,-0.00648890668526292,0.0237671959122352,202001,103,1
TRIS3,202003,0.153471473706188,-0.00782646797597408,0.0237671959122352,202001,103,1
TRPL4,202003,0.0242488139167107,-0.0145289022475481,0.0237671959122352,202001,103,1
TUPY3,202003,0.128048757139992,-0.00257685268297792,0.0237671959122352,202001,103,2
UCAS3,202003,0.0827066520562605,0.000900359940715134,0.0237671959122352,202001,103,3
UGPA3,202003,0.157222722489677,0.0606697537004948,0.0237671959122352,202001,103,5
UNIP3,202003,-0.0115667812196767,0.0390499830245972,0.0237671959122352,202001,103,5
UNIP6,202003,-0.00695468502993291,0.000234789215028286,0.0237671959122352,202001,103,3
USIM3,202003,-0.054370258755066,0.0037863994948566,0.0237671959122352,202001,103,4
USIM5,202003,-0.0153064477484732,0.00540767051279545,0.0237671959122352,202001,103,4
VALE3,202003,0.0379451987449579,0.0106670185923576,0.0237671959122352,202001,103,5
VIVT3,202003,-0.0814916877159783,0.00516885938122869,0.0237671959122352,202001,103,4
VIVT4,202003,-0.0768452982810921,0.00674843788146973,0.0237671959122352,202001,103,4
VLID3,202003,-0.0367171844211216,-0.00563789578154683,0.0237671959122352,202001,103,1
VULC3,202003,0.0368549694457945,0.00887797120958567,0.0237671959122352,202001,103,4
VVAR3,202003,0.738636363636364,0.00685546128079295,0.0237671959122352,202001,103,4
WEGE3,202003,0.189752803320194,0.00272516114637256,0.0237671959122352,202001,103,3
WIZS3,202003,0.0110864745011086,-0.00263831438496709,0.0237671959122352,202001,103,2
YDUQ3,202003,0.394772833725542,0.00174883694853634,0.0237671959122352,202001,103,3
AALR3,202004,-0.0276453735157818,0.114139959216118,0.0237671959122352,202001,103,5
ABCB4,202004,-0.0202940829552496,0.102404646575451,0.0237671959122352,202001,103,4
ABEV3,202004,0.100528912999229,0.0693878754973412,0.0237671959122352,202001,103,2
AGRO3,202004,-0.0292683330512955,0.0748713165521622,0.0237671959122352,202001,103,2
ALPA3,202004,-0.0432238428919542,0.0779376178979874,0.0237671959122352,202001,103,2
ALPA4,202004,-0.0934647148956015,0.0973833054304123,0.0237671959122352,202001,103,3
ALUP11,202004,0.101905080414118,0.0687139481306076,0.0237671959122352,202001,103,1
AMAR3,202004,0.155251236612175,0.106031686067581,0.0237671959122352,202001,103,4
ANIM3,202004,-0.0373133199484974,0.0992763414978981,0.0237671959122352,202001,103,3
APER3,202004,0.0605555555555555,0.104011863470078,0.0237671959122352,202001,103,4
ARZZ3,202004,-0.00941176470588234,0.102286674082279,0.0237671959122352,202001,103,4
AZEV4,202004,0.272727346607566,0.0882257297635078,0.0237671959122352,202001,103,2
AZUL4,202004,-0.179310344827586,0.123546086251736,0.0237671959122352,202001,103,5
B3SA3,202004,0.185580270261564,0.0920226722955704,0.0237671959122352,202001,103,2
BBAS3,202004,0.0821048561581537,0.103547260165215,0.0237671959122352,202001,103,4
BBDC3,202004,0.0147030301771118,0.100711844861507,0.0237671959122352,202001,103,4
BBDC4,202004,-0.00941673793653919,0.10954786837101,0.0237671959122352,202001,103,5
BBRK3,202004,-0.0833333333333333,0.121407069265842,0.0237671959122352,202001,103,5
BBSE3,202004,-0.0478343127095559,0.070751965045929,0.0237671959122352,202001,103,2
BEEF11,202004,0.196923076923077,0.0673273503780365,0.0237671959122352,202001,103,1
BEEF3,202004,0.0921694838483542,0.0931163802742958,0.0237671959122352,202001,103,2
BIDI4,202004,0.241970021413276,0.0990614518523216,0.0237671959122352,202001,103,3
BKBR3,202004,0.285412262156448,0.133417382836342,0.0237671959122352,202001,103,5
BPAC11,202004,0.168141404685737,0.101156964898109,0.0237671959122352,202001,103,4
BPAN4,202004,0.113320079522863,0.0901611372828484,0.0237671959122352,202001,103,2
BRAP3,202004,0.193816035211345,0.0684561282396317,0.0237671959122352,202001,103,1
BRAP4,202004,0.180509323471208,0.0611831210553646,0.0237671959122352,202001,103,1
BRDT3,202004,0.108038914490527,0.107812449336052,0.0237671959122352,202001,103,5
BRFS3,202004,0.192882929345023,0.117232576012611,0.0237671959122352,202001,103,5
BRGE3,202004,0.208888888888889,0.0969377234578133,0.0237671959122352,202001,103,3
BRIV3,202004,-0.0293333333333333,0.0572519935667515,0.0237671959122352,202001,103,1
BRKM5,202004,0.312204384851098,0.120417781174183,0.0237671959122352,202001,103,5
BRML3,202004,-0.0229083665338644,0.0992307588458061,0.0237671959122352,202001,103,3
BRPR3,202004,-0.012585643284233,0.0961669236421585,0.0237671959122352,202001,103,3
BRSR3,202004,-0.0966181954163324,0.101216115057468,0.0237671959122352,202001,103,4
BRSR6,202004,0,0.102234467864037,0.0237671959122352,202001,103,4
BTOW3,202004,0.250784982935154,0.0743667408823967,0.0237671959122352,202001,103,2
CAML3,202004,0.216911706997041,0.0592536106705666,0.0237671959122352,202001,103,1
CARD3,202004,0.252535496957404,0.0837918817996979,0.0237671959122352,202001,103,2
CCPR3,202004,-0.0557065217391305,0.0988000258803368,0.0237671959122352,202001,103,3
CCRO3,202004,0.190283400809717,0.100729525089264,0.0237671959122352,202001,103,4
CESP3,202004,0.0822541127056353,0.0653874129056931,0.0237671959122352,202001,103,1
CESP6,202004,0.0145596590909092,0.0670854225754738,0.0237671959122352,202001,103,1
CGRA4,202004,0.0408489374335024,0.0611291192471981,0.0237671959122352,202001,103,1
CIEL3,202004,0.00738916256157651,0.121181696653366,0.0237671959122352,202001,103,5
CLSC4,202004,0.235092544817574,0.0402599759399891,0.0237671959122352,202001,103,1
CMIG3,202004,0.158220881935923,0.111739046871662,0.0237671959122352,202001,103,5
CMIG4,202004,0.134453755954489,0.100205555558205,0.0237671959122352,202001,103,3
CNTO3,202004,-0.0740506329113924,0.102157548069954,0.0237671959122352,202001,103,4
COCE5,202004,0.0433550286835942,0.0906700193881989,0.0237671959122352,202001,103,2
COGN3,202004,-0.0505414796924738,0.129270389676094,0.0237671959122352,202001,103,5
CPFE3,202004,0.110537117565126,0.0982934832572937,0.0237671959122352,202001,103,3
CPLE3,202004,0.120300896785226,0.0910000801086426,0.0237671959122352,202001,103,2
CPLE6,202004,0.163602941176471,0.0939000621438026,0.0237671959122352,202001,103,2
CPRE3,202004,0.0455927051671732,0.0650753527879715,0.0237671959122352,202001,103,1
CRDE3,202004,-0.087787918296393,0.0586945787072182,0.0237671959122352,202001,103,1
CRFB3,202004,-0.0755000000000001,0.0609356351196766,0.0237671959122352,202001,103,1
CRIV3,202004,-0.111753371868979,0.0618706345558167,0.0237671959122352,202001,103,1
CSAN3,202004,0.0913156825018293,0.100212752819061,0.0237671959122352,202001,103,4
CSMG3,202004,0.202083111325562,0.100711844861507,0.0237671959122352,202001,103,4
CSNA3,202004,0.153048581912884,0.103834941983223,0.0237671959122352,202001,103,4
CTNM4,202004,-0.0399999618530273,0.125120028853416,0.0237671959122352,202001,103,5
CVCB3,202004,0.0434783264899201,0.13138136267662,0.0237671959122352,202001,103,5
CYRE3,202004,0.0653678294194351,0.122056178748608,0.0237671959122352,202001,103,5
DIRR3,202004,0.0875000440359064,0.0997892767190933,0.0237671959122352,202001,103,3
DTEX3,202004,0.104722792607803,0.0913564115762711,0.0237671959122352,202001,103,2
ECOR3,202004,0.253574435793216,0.093469925224781,0.0237671959122352,202001,103,2
EGIE3,202004,0.0841000922020667,0.0668021887540817,0.0237671959122352,202001,103,1
ELET3,202004,0.180618556701031,0.108225792646408,0.0237671959122352,202001,103,5
ELET6,202004,0.102729885057471,0.105941362679005,0.0237671959122352,202001,103,4
EMBR3,202004,-0.173410404624277,0.127913609147072,0.0237671959122352,202001,103,5
ENAT3,202004,0.106243154435925,0.10083531588316,0.0237671959122352,202001,103,4
ENBR3,202004,0.0394117647058825,0.0630163177847862,0.0237671959122352,202001,103,1
ENEV3,202004,0.0614229881208968,0.0726832523941994,0.0237671959122352,202001,103,2
ENGI11,202004,0.0298049976078696,0.0979517698287964,0.0237671959122352,202001,103,3
ENGI4,202004,0.0365568504458491,0.0936073213815689,0.0237671959122352,202001,103,2
EQPA3,202004,-0.0164473051451925,0.0923447832465172,0.0237671959122352,202001,103,2
EQTL3,202004,0.0938350422106253,0.0986055433750153,0.0237671959122352,202001,103,3
EUCA4,202004,-0.0666666849236776,0.0653382539749146,0.0237671959122352,202001,103,1
EVEN3,202004,0.0703944297666226,0.119185924530029,0.0237671959122352,202001,103,5
EZTC3,202004,0.079444167776163,0.0968578457832336,0.0237671959122352,202001,103,3
FLRY3,202004,0.0241227571037486,0.0962270274758339,0.0237671959122352,202001,103,3
FRAS3,202004,0.113580055644202,0.0982661098241806,0.0237671959122352,202001,103,3
GFSA3,202004,0.0820512313563673,0.114594370126724,0.0237671959122352,202001,103,5
GGBR3,202004,0.023255591594374,0.0774846374988556,0.0237671959122352,202001,103,2
GGBR4,202004,0.143951991314713,0.100180245935917,0.0237671959122352,202001,103,3
GNDI3,202004,0.136653895274585,0.0977573096752167,0.0237671959122352,202001,103,3
GOAU3,202004,0.164609073232626,0.102404646575451,0.0237671959122352,202001,103,4
GOAU4,202004,0.198058230680438,0.105165377259254,0.0237671959122352,202001,103,4
GOLL4,202004,-0.0298387096774194,0.104759156703949,0.0237671959122352,202001,103,4
GRND3,202004,0.06332817507129,0.0708807036280632,0.0237671959122352,202001,103,2
GUAR3,202004,0.043921568627451,0.109875045716763,0.0237671959122352,202001,103,5
HAPV3,202004,0.0461480715580283,0.0952768847346306,0.0237671959122352,202001,103,3
HBOR3,202004,-0.0215054023820949,0.0978152826428413,0.0237671959122352,202001,103,3
HGTX3,202004,-0.109625668449198,0.120203204452991,0.0237671959122352,202001,103,5
HYPE3,202004,0.107978104418766,0.0638734996318817,0.0237671959122352,202001,103,1
IDNT3,202004,-0.15018315018315,0.0926622450351715,0.0237671959122352,202001,103,2
IGTA3,202004,-0.0100243013365735,0.096961535513401,0.0237671959122352,202001,103,3
IRBR3,202004,-0.187866918269044,0.120830066502094,0.0237671959122352,202001,103,5
ITSA3,202004,-0.0197372213826523,0.0742338076233864,0.0237671959122352,202001,103,2
ITSA4,202004,-0.0155558776204494,0.104334160685539,0.0237671959122352,202001,103,4
ITUB3,202004,-0.00204690412197384,0.0778003036975861,0.0237671959122352,202001,103,2
ITUB4,202004,0.012524423337765,0.104630410671234,0.0237671959122352,202001,103,4
JBSS3,202004,-0.0784395973154363,0.0724378824234009,0.0237671959122352,202001,103,2
JHSF3,202004,0.149038801565137,0.099204458296299,0.0237671959122352,202001,103,3
JOPA3,202004,-0.207010638130173,0.0667314454913139,0.0237671959122352,202001,103,1
JPSA3,202004,0.00222717149220486,0.0933948308229446,0.0237671959122352,202001,103,2
KEPL3,202004,0.111934999928408,0.0336689874529839,0.0237671959122352,202001,103,1
KLBN11,202004,0.0982593682438127,0.0691328644752502,0.0237671959122352,202001,103,1
KROT11,202004,-0.0505415162454874,0.111285366117954,0.0237671959122352,202001,103,5
LAME3,202004,0.151992129857354,0.0962218716740608,0.0237671959122352,202001,103,3
LAME4,202004,0.135450160771704,0.0962218716740608,0.0237671959122352,202001,103,3
LCAM3,202004,0.113704819277108,0.112141996622086,0.0237671959122352,202001,103,5
LEVE3,202004,0.0102334080081525,0.103699803352356,0.0237671959122352,202001,103,4
LIGT3,202004,0.225352050760048,0.126965463161469,0.0237671959122352,202001,103,5
LINX3,202004,-0.0557346844771995,0.102381743490696,0.0237671959122352,202001,103,4
LLIS3,202004,-0.0558292282430213,0.121698647737503,0.0237671959122352,202001,103,5
LOGG3,202004,0.0321310198605536,0.0644635781645775,0.0237671959122352,202001,103,1
LOGN3,202004,0.0145454406738281,0.0922966301441193,0.0237671959122352,202001,103,2
LPSB3,202004,-0.0358973823742925,0.104544453322887,0.0237671959122352,202001,103,4
LREN3,202004,0.00416764989412899,0.0992729067802429,0.0237671959122352,202001,103,3
MDIA3,202004,0.129062331838759,0.100799344480038,0.0237671959122352,202001,103,4
MEAL3,202004,0.0953845977783203,0.135024592280388,0.0237671959122352,202001,103,5
MGLU3,202004,0.294768612899379,0.075618639588356,0.0237671959122352,202001,103,2
MILS3,202004,0.157446725430876,0.107320889830589,0.0237671959122352,202001,103,5
MOAR3,202004,0.0317460317460319,0.071741096675396,0.0237671959122352,202001,103,2
MOVI3,202004,0.0324076925104577,0.110666178166866,0.0237671959122352,202001,103,5
MRFG3,202004,0.0147975077881619,0.0985104292631149,0.0237671959122352,202001,103,3
MRVE3,202004,0.00132015948933173,0.0992763414978981,0.0237671959122352,202001,103,3
MULT3,202004,-0.00957421590630148,0.100583866238594,0.0237671959122352,202001,103,4
MYPK3,202004,0.086545900744057,0.0986817702651024,0.0237671959122352,202001,103,3
ODPV3,202004,-0.102,0.0627773255109787,0.0237671959122352,202001,103,1
OFSA3,202004,-0.111111139458516,0.0986543521285057,0.0237671959122352,202001,103,3
OIBR3,202004,0.209677419354839,0.119239971041679,0.0237671959122352,202001,103,5
OMGE3,202004,0.0676892297432479,0.0986055433750153,0.0237671959122352,202001,103,3
PARD3,202004,-0.0483290488431876,0.0976691246032715,0.0237671959122352,202001,103,3
PCAR3,202004,0.0111542037909285,0.0745386183261871,0.0237671959122352,202001,103,2
PETR3,202004,0.117426139658295,0.107753500342369,0.0237671959122352,202001,103,5
PETR4,202004,0.126869960183278,0.106146298348904,0.0237671959122352,202001,103,4
PNVL3,202004,0.0064099846469956,0.0706754326820374,0.0237671959122352,202001,103,2
POMO3,202004,-0.0928574303595352,0.0888454839587212,0.0237671959122352,202001,103,2
POMO4,202004,-0.0769228501625002,0.0966342911124229,0.0237671959122352,202001,103,3
POSI3,202004,-0.117391212335651,0.0990329086780548,0.0237671959122352,202001,103,3
PRIO3,202004,0.514914468768206,0.107175625860691,0.0237671959122352,202001,103,4
PSSA3,202004,0.0443805465708407,0.100261569023132,0.0237671959122352,202001,103,4
QUAL3,202004,-0.0847278304791771,0.100345686078072,0.0237671959122352,202001,103,4
RADL3,202004,0.0444742835639753,0.0614042691886425,0.0237671959122352,202001,103,1
RAIL3,202004,0.138453751256223,0.0640731006860733,0.0237671959122352,202001,103,1
RANI3,202004,0.0941558900933113,0.0934485271573067,0.0237671959122352,202001,103,2
RAPT3,202004,-0.0670886062887229,0.0945925489068031,0.0237671959122352,202001,103,2
RAPT4,202004,0.0352941639222333,0.0970158874988556,0.0237671959122352,202001,103,3
RDNI3,202004,0.0614285714285714,0.101633228361607,0.0237671959122352,202001,103,4
RENT3,202004,0.125475389825001,0.102764181792736,0.0237671959122352,202001,103,4
RLOG3,202004,0.17578125,0.0626303777098656,0.0237671959122352,202001,103,1
RPAD3,202004,-0.0345454948222413,0.0608453936874867,0.0237671959122352,202001,103,1
SANB11,202004,-0.0576037161874684,0.105465047061443,0.0237671959122352,202001,103,4
SAPR11,202004,0.0697675221374738,0.0909923315048218,0.0237671959122352,202001,103,2
SAPR3,202004,0.132295854048077,0.0985375791788101,0.0237671959122352,202001,103,3
SAPR4,202004,0.068273213713357,0.0914569720625877,0.0237671959122352,202001,103,2
SBSP3,202004,0.355289459922026,0.106109641492367,0.0237671959122352,202001,103,4
SCAR3,202004,-0.141225859584071,0.0632105991244316,0.0237671959122352,202001,103,1
SEER3,202004,-0.141149674404609,0.103581830859184,0.0237671959122352,202001,103,4
SGPS3,202004,-0.0499139414802066,0.0701022073626518,0.0237671959122352,202001,103,2
SHOW3,202004,-0.106951867294235,0.11196518689394,0.0237671959122352,202001,103,5
SHUL4,202004,0.237349409014636,0.096752367913723,0.0237671959122352,202001,103,3
SLCE3,202004,0.0379169297391933,0.066642627120018,0.0237671959122352,202001,103,1
SMLS3,202004,-0.15406162464986,0.125734567642212,0.0237671959122352,202001,103,5
SMTO3,202004,0.0172779035061321,0.0970158874988556,0.0237671959122352,202001,103,3
SQIA3,202004,-0.0992191088654111,0.105979599058628,0.0237671959122352,202001,103,4
STBP3,202004,0.0294117647058825,0.109070971608162,0.0237671959122352,202001,103,5
SULA11,202004,0.00223463687150849,0.101156964898109,0.0237671959122352,202001,103,4
SUZB3,202004,-0.0393300669407617,0.066890113055706,0.0237671959122352,202001,103,1
TAEE11,202004,0.0794984810057666,0.063367210328579,0.0237671959122352,202001,103,1
TASA4,202004,0.120204708237074,0.0585760027170181,0.0237671959122352,202001,103,1
TCSA3,202004,-0.0384615619742182,0.124397799372673,0.0237671959122352,202001,103,5
TECN3,202004,-0.048387187031821,0.108930714428425,0.0237671959122352,202001,103,5
TEND3,202004,0.0796040220267342,0.0986460074782372,0.0237671959122352,202001,103,3
TESA3,202004,0.0141718334809566,0.0694398283958435,0.0237671959122352,202001,103,2
TGMA3,202004,0.0148936114575495,0.117996491491795,0.0237671959122352,202001,103,5
TIET11,202004,-0.0641379310344827,0.0681559666991234,0.0237671959122352,202001,103,1
TIET4,202004,-0.0636042402826855,0.0422528237104416,0.0237671959122352,202001,103,1
TIMP3,202004,0.067398119122257,0.0718813613057137,0.0237671959122352,202001,103,2
TOTS3,202004,0.0199489798447918,0.0978290736675262,0.0237671959122352,202001,103,3
TRIS3,202004,-0.0110565038046175,0.102020159363747,0.0237671959122352,202001,103,4
TRPL4,202004,0.0705095213587237,0.0619439743459225,0.0237671959122352,202001,103,1
TUPY3,202004,0.0249999339979052,0.101964376866817,0.0237671959122352,202001,103,4
UGPA3,202004,0.180689628890091,0.105941362679005,0.0237671959122352,202001,103,4
UNIP3,202004,-0.0495724680991322,0.0647140145301819,0.0237671959122352,202001,103,1
UNIP6,202004,-0.0303419502820893,0.0672440007328987,0.0237671959122352,202001,103,1
USIM3,202004,0.243396142440572,0.112030565738678,0.0237671959122352,202001,103,5
USIM5,202004,0.281250028823802,0.121181696653366,0.0237671959122352,202001,103,5
VALE3,202004,0.181453207235311,0.0673905983567238,0.0237671959122352,202001,103,1
VIVT3,202004,0.0353299694041509,0.0604379698634148,0.0237671959122352,202001,103,1
VIVT4,202004,0.0326396495071195,0.0619811452925205,0.0237671959122352,202001,103,1
VLID3,202004,0.221973165269898,0.109823577105999,0.0237671959122352,202001,103,5
VULC3,202004,-0.011847897225987,0.110047489404678,0.0237671959122352,202001,103,5
VVAR3,202004,0.350762527233116,0.097683496773243,0.0237671959122352,202001,103,3
WEGE3,202004,0.0473212357908757,0.075618639588356,0.0237671959122352,202001,103,2
WIZS3,202004,0.0328947368421053,0.093469925224781,0.0237671959122352,202001,103,2
YDUQ3,202004,-0.0616145208872784,0.0986230969429016,0.0237671959122352,202001,103,3
AALR3,202005,0.00882354453635759,0.0850124210119247,0.0237671959122352,202001,103,5
ABCB4,202005,0.00571443235289593,0.0671010240912437,0.0237671959122352,202001,103,2
ABEV3,202005,0.133013036297911,0.0777214765548706,0.0237671959122352,202001,103,5
AGRO3,202005,0.0532662931429209,0.0670737773180008,0.0237671959122352,202001,103,2
ALPA3,202005,0.167529545244067,0.0402825698256493,0.0237671959122352,202001,103,1
ALPA4,202005,0.179218723024462,0.0641883909702301,0.0237671959122352,202001,103,2
ALUP11,202005,-0.0361883290266632,0.0692076906561852,0.0237671959122352,202001,103,3
AMAR3,202005,0.100131669642044,0.0810969024896622,0.0237671959122352,202001,103,5
ANIM3,202005,0.120382934094469,0.0627351775765419,0.0237671959122352,202001,103,1
APER3,202005,0.571503404924044,0.0753904655575752,0.0237671959122352,202001,103,4
ARZZ3,202005,0.137767220902613,0.0736653059720993,0.0237671959122352,202001,103,4
AZEV4,202005,0.345714242232972,0.0567054823040962,0.0237671959122352,202001,103,1
AZUL4,202005,0.408263305322129,0.088566392660141,0.0237671959122352,202001,103,5
B3SA3,202005,0.209440356432874,0.0685232952237129,0.0237671959122352,202001,103,3
BBAS3,202005,0.0424775901045413,0.0796313583850861,0.0237671959122352,202001,103,5
BBDC3,202005,0.0661705039314917,0.0757127776741982,0.0237671959122352,202001,103,4
BBDC4,202005,0.0933966427356316,0.0699771121144295,0.0237671959122352,202001,103,3
BBRK3,202005,0.0681818181818181,0.0926880612969398,0.0237671959122352,202001,103,5
BBSE3,202005,0.0787182302908798,0.0699841603636742,0.0237671959122352,202001,103,3
BEEF11,202005,-0.00128534704370187,0.0491119027137756,0.0237671959122352,202001,103,1
BEEF3,202005,-0.0179236796576417,0.071257658302784,0.0237671959122352,202001,103,3
BIDI11,202005,0.226190476190476,0.0820675939321518,0.0237671959122352,202001,103,5
BIDI4,202005,0.241379310344828,0.0722198411822319,0.0237671959122352,202001,103,4
BKBR3,202005,-0.0592105263157895,0.0721531584858894,0.0237671959122352,202001,103,4
BPAC11,202005,0.58067170923247,0.0739060118794441,0.0237671959122352,202001,103,4
BPAN4,202005,0.571428571428572,0.0816438794136047,0.0237671959122352,202001,103,5
BRAP3,202005,0.0530636362399612,0.0656709522008896,0.0237671959122352,202001,103,2
BRAP4,202005,0.0357445676990882,0.0661472678184509,0.0237671959122352,202001,103,2
BRDT3,202005,-0.00415896487985212,0.07895427942276,0.0237671959122352,202001,103,5
BRFS3,202005,-0.0808473843493298,0.0714760795235634,0.0237671959122352,202001,103,3
BRGE3,202005,0.354166666666667,0.0714453980326653,0.0237671959122352,202001,103,3
BRIV3,202005,0.152472527472528,0.0736359506845474,0.0237671959122352,202001,103,4
BRKM5,202005,-0.1629416273827,0.0731896832585335,0.0237671959122352,202001,103,4
BRML3,202005,0.0275229357798166,0.0711203813552856,0.0237671959122352,202001,103,3
BRPR3,202005,0.0336036400790549,0.0650925785303116,0.0237671959122352,202001,103,2
BRSR3,202005,0.268065984326831,0.0724519938230515,0.0237671959122352,202001,103,4
BRSR6,202005,0.0935031461863942,0.0697496309876442,0.0237671959122352,202001,103,3
BTOW3,202005,0.168413010259769,0.0832528546452522,0.0237671959122352,202001,103,5
CAML3,202005,0.134073771105645,0.0690236836671829,0.0237671959122352,202001,103,3
CARD3,202005,0.0672064777327934,0.067523755133152,0.0237671959122352,202001,103,2
CCPR3,202005,0.0913669064748202,0.0629700869321823,0.0237671959122352,202001,103,1
CCRO3,202005,-0.0136054421768707,0.0607816316187382,0.0237671959122352,202001,103,1
CESP3,202005,0.0510996119016818,0.0614292919635773,0.0237671959122352,202001,103,1
CESP6,202005,0.0147007350367518,0.0676004737615585,0.0237671959122352,202001,103,2
CGRA4,202005,0.0107734982230057,0.065462239086628,0.0237671959122352,202001,103,2
CIEL3,202005,0.12958435207824,0.0954062715172768,0.0237671959122352,202001,103,5
CLSC4,202005,0.142918209838869,0.0358136110007763,0.0237671959122352,202001,103,1
CMIG3,202005,0.061607585408999,0.0742595791816711,0.0237671959122352,202001,103,4
CMIG4,202005,0.0203702412875078,0.0757127776741982,0.0237671959122352,202001,103,4
CNTO3,202005,0.117908407382092,0.0652988106012344,0.0237671959122352,202001,103,2
COCE5,202005,0.106601854572901,0.0478227883577347,0.0237671959122352,202001,103,1
COGN3,202005,0.256653880685241,0.111495792865753,0.0237671959122352,202001,103,5
CPFE3,202005,-0.049302348276102,0.0618648007512093,0.0237671959122352,202001,103,1
CPLE3,202005,0.0140938859312192,0.0668260231614113,0.0237671959122352,202001,103,2
CPLE6,202005,-0.0391785150078988,0.0692076906561852,0.0237671959122352,202001,103,3
CPRE3,202005,0.047093023255814,0.0621163286268711,0.0237671959122352,202001,103,1
CRDE3,202005,0.0957598856598381,0.0926273241639137,0.0237671959122352,202001,103,5
CRFB3,202005,0.0681449432125474,0.0752777010202408,0.0237671959122352,202001,103,4
CRIV3,202005,0.117136659436009,0.065095953643322,0.0237671959122352,202001,103,2
CSAN3,202005,0.0999282852221868,0.0634720101952553,0.0237671959122352,202001,103,1
CSMG3,202005,0.0150209036879452,0.0676004737615585,0.0237671959122352,202001,103,2
CSNA3,202005,0.0348838658556834,0.0749767571687698,0.0237671959122352,202001,103,4
CTNM4,202005,0.212499987582366,0.0975201204419136,0.0237671959122352,202001,103,5
CVCB3,202005,0.259722217534873,0.0955884233117104,0.0237671959122352,202001,103,5
CYRE3,202005,0.348082224450062,0.0667848810553551,0.0237671959122352,202001,103,2
DIRR3,202005,0.642633347633654,0.0701786279678345,0.0237671959122352,202001,103,3
DTEX3,202005,0.195167286245353,0.0706549435853958,0.0237671959122352,202001,103,3
ECOR3,202005,-0.0136881054083212,0.0685309544205666,0.0237671959122352,202001,103,3
EGIE3,202005,-0.00754526491581287,0.067288413643837,0.0237671959122352,202001,103,2
ELET3,202005,0.0827803003842125,0.073166087269783,0.0237671959122352,202001,103,4
ELET6,202005,0.0501628664495115,0.071962483227253,0.0237671959122352,202001,103,4
EMBR3,202005,0.131468531468531,0.0894671007990837,0.0237671959122352,202001,103,5
ENAT3,202005,0.0237623762376238,0.0737832635641098,0.0237671959122352,202001,103,4
ENBR3,202005,-0.0141482739105829,0.0690620169043541,0.0237671959122352,202001,103,3
ENEV3,202005,0.177795264720921,0.0712577253580093,0.0237671959122352,202001,103,3
ENGI11,202005,0.0578846226255081,0.0661472678184509,0.0237671959122352,202001,103,2
ENGI4,202005,-0.00682606251735252,0.0610230080783367,0.0237671959122352,202001,103,1
EQPA3,202005,0.164948500079212,0.0645078048110008,0.0237671959122352,202001,103,2
EQTL3,202005,0.158104764950317,0.0712423622608185,0.0237671959122352,202001,103,3
EUCA4,202005,0.44866073819128,0.0321478061378002,0.0237671959122352,202001,103,1
EVEN3,202005,0.566572423837063,0.0836554691195488,0.0237671959122352,202001,103,5
EZTC3,202005,0.223551039334901,0.0685485228896141,0.0237671959122352,202001,103,3
FESA4,202005,-0.0539868871062327,0.0481182709336281,0.0237671959122352,202001,103,1
FLRY3,202005,0.0531052091489372,0.0599053129553795,0.0237671959122352,202001,103,1
FRAS3,202005,0.192904873379246,0.0649515762925148,0.0237671959122352,202001,103,2
GFSA3,202005,0.421801022747523,0.0814079716801643,0.0237671959122352,202001,103,5
GGBR3,202005,0.222727501121737,0.0430482588708401,0.0237671959122352,202001,103,1
GGBR4,202005,0.192107752630726,0.0683945193886757,0.0237671959122352,202001,103,3
GNDI3,202005,0.0916532905296952,0.0688991248607636,0.0237671959122352,202001,103,3
GOAU3,202005,0.174911285842824,0.070032961666584,0.0237671959122352,202001,103,3
GOAU4,202005,0.184765123009831,0.0685485228896141,0.0237671959122352,202001,103,3
GOLL4,202005,0.541978387364921,0.0911262258887291,0.0237671959122352,202001,103,5
GRND3,202005,0.00964170501969086,0.0710564330220223,0.0237671959122352,202001,103,3
GUAR3,202005,0.326821938392186,0.0850713551044464,0.0237671959122352,202001,103,5
HAPV3,202005,0.133248277540865,0.0705780908465385,0.0237671959122352,202001,103,3
HBOR3,202005,0.620878889720647,0.0689088851213455,0.0237671959122352,202001,103,3
HGTX3,202005,0.0750750750750751,0.0864098221063614,0.0237671959122352,202001,103,5
HYPE3,202005,0.0424925452371272,0.0676004737615585,0.0237671959122352,202001,103,2
IDNT3,202005,0.629310344827586,0.0626634731888771,0.0237671959122352,202001,103,1
IGTA3,202005,0.0233200368211106,0.0674233362078667,0.0237671959122352,202001,103,2
IRBR3,202005,0.325301115221362,0.0869591757655144,0.0237671959122352,202001,103,5
ITSA3,202005,0.0528339573010648,0.0667543336749077,0.0237671959122352,202001,103,2
ITSA4,202005,0.0848419858610514,0.0757127776741982,0.0237671959122352,202001,103,4
ITUB3,202005,0.0946406640556343,0.076966367661953,0.0237671959122352,202001,103,4
ITUB4,202005,0.105320348691597,0.0733893886208534,0.0237671959122352,202001,103,4
JBSS3,202005,-0.0373236231224398,0.0657238513231278,0.0237671959122352,202001,103,2
JHSF3,202005,0.485355443832849,0.0477347709238529,0.0237671959122352,202001,103,1
JOPA3,202005,0.000834058422325645,0.0577546767890453,0.0237671959122352,202001,103,1
JPSA3,202005,0.0204444444444445,0.0647735968232155,0.0237671959122352,202001,103,2
KEPL3,202005,0.248333086449881,0.0383957736194134,0.0237671959122352,202001,103,1
KLBN11,202005,0.0572597324708617,0.0671241581439972,0.0237671959122352,202001,103,2
KROT11,202005,0.256653992395437,0.0946744605898857,0.0237671959122352,202001,103,5
LAME3,202005,0.164389410760034,0.0852467119693756,0.0237671959122352,202001,103,5
LAME4,202005,0.139115044247788,0.0813368186354637,0.0237671959122352,202001,103,5
LCAM3,202005,0.144692359702502,0.0848526880145073,0.0237671959122352,202001,103,5
LEVE3,202005,0.00787813416798788,0.0677624419331551,0.0237671959122352,202001,103,3
LIGT3,202005,0.191092004411394,0.0796313583850861,0.0237671959122352,202001,103,5
LINX3,202005,0.23609756097561,0.0672770887613297,0.0237671959122352,202001,103,2
LLIS3,202005,0.2,0.0925711020827293,0.0237671959122352,202001,103,5
LOGG3,202005,0.408119631265226,0.0614196993410587,0.0237671959122352,202001,103,1
LOGN3,202005,0.0494624045513852,0.0643673613667488,0.0237671959122352,202001,103,2
LPSB3,202005,0.414893641399527,0.0667582079768181,0.0237671959122352,202001,103,2
LREN3,202005,0.0861374878560088,0.0755690112709999,0.0237671959122352,202001,103,4
MDIA3,202005,0.123996681791089,0.0656709522008896,0.0237671959122352,202001,103,2
MEAL3,202005,0.123595523677711,0.0991155952215195,0.0237671959122352,202001,103,5
MGLU3,202005,0.113442024753361,0.0739869996905327,0.0237671959122352,202001,103,4
MILS3,202005,-0.00735289983347598,0.0771697834134102,0.0237671959122352,202001,103,4
MOVI3,202005,0.179372180810339,0.0701892003417015,0.0237671959122352,202001,103,3
MRFG3,202005,-0.032233307751343,0.0767886936664581,0.0237671959122352,202001,103,4
MRVE3,202005,0.18655250131429,0.0652761831879616,0.0237671959122352,202001,103,2
MULT3,202005,-0.00918337753972254,0.0690305456519127,0.0237671959122352,202001,103,3
MYPK3,202005,-0.0209991501341266,0.0758667811751366,0.0237671959122352,202001,103,4
ODPV3,202005,0.0564216778025242,0.0650976225733757,0.0237671959122352,202001,103,2
OFSA3,202005,0.166666746393745,0.0674707144498825,0.0237671959122352,202001,103,2
OIBR3,202005,0.6,0.0856206342577934,0.0237671959122352,202001,103,5
OMGE3,202005,0.178013741411618,0.0502014830708504,0.0237671959122352,202001,103,1
PARD3,202005,0.189627228525121,0.0627351775765419,0.0237671959122352,202001,103,1
PCAR3,202005,0.127024474321935,0.0699771121144295,0.0237671959122352,202001,103,3
PETR3,202005,0.0719768620640351,0.0788953304290772,0.0237671959122352,202001,103,5
PETR4,202005,0.0594886541563264,0.0768478587269783,0.0237671959122352,202001,103,4
PNVL3,202005,0.261146840942236,0.0680976137518883,0.0237671959122352,202001,103,3
POMO3,202005,0.0905509539293148,0.0359787046909332,0.0237671959122352,202001,103,1
POMO4,202005,0.109848059388239,0.0721507146954536,0.0237671959122352,202001,103,4
POSI3,202005,0.290094166096789,0.0383034907281399,0.0237671959122352,202001,103,1
PRIO3,202005,0.142349907119469,0.0570388771593571,0.0237671959122352,202001,103,1
PSSA3,202005,0.0782924994571195,0.063926175236702,0.0237671959122352,202001,103,2
QUAL3,202005,0.222597022918073,0.0657238513231278,0.0237671959122352,202001,103,2
RADL3,202005,0.0121477381367061,0.0629657208919525,0.0237671959122352,202001,103,1
RAIL3,202005,-0.00177538944699829,0.0676004737615585,0.0237671959122352,202001,103,2
RAPT3,202005,0.108548257491729,0.079743318259716,0.0237671959122352,202001,103,5
RAPT4,202005,0.0920454951288525,0.0830264165997505,0.0237671959122352,202001,103,5
RDNI3,202005,0.318977119784657,0.0750513300299645,0.0237671959122352,202001,103,4
RENT3,202005,0.0653444118767874,0.0755132138729096,0.0237671959122352,202001,103,4
RLOG3,202005,0.054263565891473,0.0514559149742127,0.0237671959122352,202001,103,1
RPAD3,202005,0.0282486500990273,0.0752679780125618,0.0237671959122352,202001,103,4
SANB11,202005,0.112788027690563,0.0723184123635292,0.0237671959122352,202001,103,4
SAPR11,202005,0.146738994922505,0.0676004737615585,0.0237671959122352,202001,103,2
SAPR3,202005,0.135738658191814,0.0394093133509159,0.0237671959122352,202001,103,1
SAPR4,202005,0.180451233190998,0.0610361956059933,0.0237671959122352,202001,103,1
SBSP3,202005,0.0622238357972023,0.0675287246704102,0.0237671959122352,202001,103,2
SCAR3,202005,0.20462698092165,0.0605709664523602,0.0237671959122352,202001,103,1
SEER3,202005,0.0302196853571448,0.0871859863400459,0.0237671959122352,202001,103,5
SGPS3,202005,0.282608695652174,0.0409263074398041,0.0237671959122352,202001,103,1
SHOW3,202005,0.574850181769174,0.0784522071480751,0.0237671959122352,202001,103,5
SHUL4,202005,0.0535601165224604,0.0647460594773293,0.0237671959122352,202001,103,2
SLCE3,202005,-0.0525892865476742,0.0657863691449165,0.0237671959122352,202001,103,2
SMLS3,202005,0.21771523178808,0.0906728208065033,0.0237671959122352,202001,103,5
SMTO3,202005,0.0916105954942454,0.0637539029121399,0.0237671959122352,202001,103,1
SQIA3,202005,-0.0188679245283019,0.0742873176932335,0.0237671959122352,202001,103,4
STBP3,202005,0.311904761904762,0.07170170545578,0.0237671959122352,202001,103,4
SULA11,202005,0.0049052396878484,0.0739060118794441,0.0237671959122352,202001,103,4
SUZB3,202005,-0.028261978826623,0.067288413643837,0.0237671959122352,202001,103,2
TAEE11,202005,-0.00973928713050809,0.0634720101952553,0.0237671959122352,202001,103,1
TASA4,202005,0.44977157273625,0.0596360005438328,0.0237671959122352,202001,103,1
TCSA3,202005,0.681333287556966,0.0920643284916878,0.0237671959122352,202001,103,5
TECN3,202005,0.271186555192132,0.0708345472812653,0.0237671959122352,202001,103,3
TEND3,202005,0.235950533329584,0.0716318413615227,0.0237671959122352,202001,103,4
TESA3,202005,0.48471615720524,0.0351040847599506,0.0237671959122352,202001,103,1
TGMA3,202005,0.220125629357399,0.0845270529389381,0.0237671959122352,202001,103,5
TIET11,202005,0.156226971260133,0.0628951340913773,0.0237671959122352,202001,103,1
TIET3,202005,0.0947712418300655,0.0508878864347935,0.0237671959122352,202001,103,1
TIET4,202005,0.147169811320755,0.0370807871222496,0.0237671959122352,202001,103,1
TIMP3,202005,0.0425844346549193,0.0676004737615585,0.0237671959122352,202001,103,2
TOTS3,202005,0.151168670256529,0.0638289228081703,0.0237671959122352,202001,103,2
TRIS3,202005,0.481987450911445,0.0761921033263207,0.0237671959122352,202001,103,4
TRPL4,202005,0.00528846153846141,0.0656709522008896,0.0237671959122352,202001,103,2
TUPY3,202005,0.259064171738878,0.0685716271400452,0.0237671959122352,202001,103,3
UGPA3,202005,0.0735980449918794,0.0715588852763176,0.0237671959122352,202001,103,3
UNIP3,202005,0.0773381328634062,0.0779694244265556,0.0237671959122352,202001,103,5
UNIP6,202005,0.0550902364187969,0.0695542395114899,0.0237671959122352,202001,103,3
USIM3,202005,0.227617646149019,0.0741847530007362,0.0237671959122352,202001,103,4
USIM5,202005,0.182113869833347,0.0736063569784164,0.0237671959122352,202001,103,4
VALE3,202005,0.055094534087788,0.072590708732605,0.0237671959122352,202001,103,4
VIVT3,202005,0.0337459569749812,0.0673675909638405,0.0237671959122352,202001,103,2
VIVT4,202005,0.018879932117098,0.068001963198185,0.0237671959122352,202001,103,3
VLID3,202005,-0.0100918761849665,0.0741618499159813,0.0237671959122352,202001,103,4
VULC3,202005,0.256594360494013,0.0595622844994068,0.0237671959122352,202001,103,1
VVAR3,202005,0.234677419354839,0.0788774937391281,0.0237671959122352,202001,103,5
WEGE3,202005,0.210822724414057,0.0702176243066788,0.0237671959122352,202001,103,3
WIZS3,202005,0.126326963906582,0.0649192705750465,0.0237671959122352,202001,103,2
YDUQ3,202005,0.181531022045227,0.074426643550396,0.0237671959122352,202001,103,4
AALR3,202006,0.103984421651206,0.0837616175413132,0.0237671959122352,202001,103,5
ABCB4,202006,-0.00142046268843443,0.0734712034463882,0.0237671959122352,202001,103,5
ABEV3,202006,-0.0169732458598522,0.0736653059720993,0.0237671959122352,202001,103,5
AGRO3,202006,0.00333975373523887,0.0559580437839031,0.0237671959122352,202001,103,2
ALPA3,202006,0.0713421496578048,0.044051717966795,0.0237671959122352,202001,103,1
ALPA4,202006,0.0744535498313883,0.0506029725074768,0.0237671959122352,202001,103,1
ALUP11,202006,0.00834378637864885,0.0676004737615585,0.0237671959122352,202001,103,3
ALUP3,202006,0.014213224528292,0.0518884658813477,0.0237671959122352,202001,103,1
AMAR3,202006,-0.0227544989126142,0.0480275116860867,0.0237671959122352,202001,103,1
ANIM3,202006,0.169719227807722,0.0524218715727329,0.0237671959122352,202001,103,2
APER3,202006,-0.004,0.0709095969796181,0.0237671959122352,202001,103,4
ARZZ3,202006,0.101461377870564,0.0647256299853325,0.0237671959122352,202001,103,3
AZEV4,202006,-0.0955413851551062,0.0631092190742493,0.0237671959122352,202001,103,2
AZUL4,202006,0.0099453008453505,0.0963401272892952,0.0237671959122352,202001,103,5
B3SA3,202006,0.154646727250717,0.0692742466926575,0.0237671959122352,202001,103,4
BBAS3,202006,0.0444791328803551,0.0812385603785515,0.0237671959122352,202001,103,5
BBDC3,202006,0.0943331126035878,0.0710780173540115,0.0237671959122352,202001,103,4
BBDC4,202006,0.0850303557517549,0.0757127776741982,0.0237671959122352,202001,103,5
BBRK3,202006,-0.0297872340425533,0.0581957772374153,0.0237671959122352,202001,103,2
BBSE3,202006,0.0205356847872493,0.068001963198185,0.0237671959122352,202001,103,4
BEEF11,202006,-0.00257400257400253,0.0432184226810932,0.0237671959122352,202001,103,1
BEEF3,202006,0.0326995021912599,0.0585905574262142,0.0237671959122352,202001,103,2
BIDI11,202006,0.470388349514563,0.0541798062622547,0.0237671959122352,202001,103,2
BIDI4,202006,0.429166666666666,0.0482064187526703,0.0237671959122352,202001,103,1
BKBR3,202006,-0.0786713286713288,0.066182091832161,0.0237671959122352,202001,103,3
BPAC11,202006,0.126876858472364,0.0692742466926575,0.0237671959122352,202001,103,4
BPAN4,202006,0.121590909090909,0.06867715716362,0.0237671959122352,202001,103,4
BRAP3,202006,0.155669003267325,0.0656709522008896,0.0237671959122352,202001,103,3
BRAP4,202006,0.179128916724444,0.0628163069486618,0.0237671959122352,202001,103,2
BRDT3,202006,0.0533642691415313,0.0758810713887215,0.0237671959122352,202001,103,5
BRFS3,202006,-0.0263405456255881,0.0650616362690926,0.0237671959122352,202001,103,3
BRGE3,202006,-0.0959276018099547,0.0644649788737297,0.0237671959122352,202001,103,3
BRIV3,202006,-0.0703218116805722,0.0628795027732849,0.0237671959122352,202001,103,2
BRKM5,202006,-0.0180878503070195,0.0690558329224587,0.0237671959122352,202001,103,4
BRML3,202006,-0.0178571428571428,0.0742595791816711,0.0237671959122352,202001,103,5
BRPR3,202006,0.039237593778368,0.0716504231095314,0.0237671959122352,202001,103,5
BRSR3,202006,-0.0571776539746121,0.067724734544754,0.0237671959122352,202001,103,4
BRSR6,202006,0.0523984041189416,0.0666315481066704,0.0237671959122352,202001,103,3
BTOW3,202006,0.114619336758524,0.0779484137892723,0.0237671959122352,202001,103,5
CAML3,202006,0.0971482333402165,0.0687868744134903,0.0237671959122352,202001,103,4
CARD3,202006,0.0440060698027314,0.0646944791078568,0.0237671959122352,202001,103,3
CCPR3,202006,-0.0474620962425841,0.0665544271469116,0.0237671959122352,202001,103,3
CCRO3,202006,0.0317241379310345,0.0661472678184509,0.0237671959122352,202001,103,3
CESP3,202006,0.0969230769230769,0.0513368248939514,0.0237671959122352,202001,103,1
CESP6,202006,0.10382890651949,0.0688956305384636,0.0237671959122352,202001,103,4
CGRA4,202006,-0.0274074906251411,0.0651501789689064,0.0237671959122352,202001,103,3
CIEL3,202006,0.162337662337662,0.0688939392566681,0.0237671959122352,202001,103,4
CLSC4,202006,0.0112146545540204,0.0343284904956818,0.0237671959122352,202001,103,1
CMIG3,202006,0.0277540347828591,0.0739475190639496,0.0237671959122352,202001,103,5
CMIG4,202006,0.0889288238172032,0.0768032073974609,0.0237671959122352,202001,103,5
CNTO3,202006,-0.110058086212168,0.0699018090963364,0.0237671959122352,202001,103,4
COCE5,202006,0.166871203727246,0.0468596667051315,0.0237671959122352,202001,103,1
COGN3,202006,0.252647618685543,0.0783317312598229,0.0237671959122352,202001,103,5
CPFE3,202006,0.0832353025229835,0.0629657208919525,0.0237671959122352,202001,103,2
CPLE3,202006,0.0981138119999525,0.059335507452488,0.0237671959122352,202001,103,2
CPLE6,202006,0.0914172969417955,0.0619125254452229,0.0237671959122352,202001,103,2
CPRE3,202006,0.0122154358689617,0.0498612262308598,0.0237671959122352,202001,103,1
CRDE3,202006,-0.0313043478260869,0.0443251095712185,0.0237671959122352,202001,103,1
CRFB3,202006,0.13620253164557,0.0612586103379726,0.0237671959122352,202001,103,2
CRIV3,202006,0.00970873786407767,0.0708765238523483,0.0237671959122352,202001,103,4
CSAN3,202006,0.274675453368328,0.0676004737615585,0.0237671959122352,202001,103,3
CSMG3,202006,-0.0631979640817528,0.0622431747615337,0.0237671959122352,202001,103,2
CSNA3,202006,0.147003516415244,0.0670086666941643,0.0237671959122352,202001,103,3
CTNM4,202006,0.041237072858995,0.076096199452877,0.0237671959122352,202001,103,5
CVCB3,202006,0.218634578484765,0.10115272551775,0.0237671959122352,202001,103,5
CYRE3,202006,0.21181080540243,0.0705009400844574,0.0237671959122352,202001,103,4
DIRR3,202006,0.0286259093201182,0.0645591020584106,0.0237671959122352,202001,103,3
DMMO3,202006,-0.145569620253165,0.0830306261777878,0.0237671959122352,202001,103,5
DTEX3,202006,0.25194401244168,0.0685309544205666,0.0237671959122352,202001,103,4
ECOR3,202006,0.119506606092428,0.0683117136359215,0.0237671959122352,202001,103,4
EGIE3,202006,0.0969351978445276,0.0618648007512093,0.0237671959122352,202001,103,2
ELET3,202006,0.191612903225806,0.0698560625314713,0.0237671959122352,202001,103,4
ELET6,202006,0.192617866004963,0.0735697001218796,0.0237671959122352,202001,103,5
EMBR3,202006,-0.0593325092707046,0.107341289520264,0.0237671959122352,202001,103,5
ENAT3,202006,0.0599613152804643,0.0639482513070107,0.0237671959122352,202001,103,2
ENBR3,202006,0.065442020665901,0.067288413643837,0.0237671959122352,202001,103,3
ENEV3,202006,0.119831023666134,0.0599667765200138,0.0237671959122352,202001,103,2
ENGI11,202006,-0.0193120515386735,0.0604116022586823,0.0237671959122352,202001,103,2
ENGI4,202006,0.0297823250894718,0.0410828925669193,0.0237671959122352,202001,103,1
EQPA3,202006,-0.00884962987367632,0.0468492545187473,0.0237671959122352,202001,103,1
EQTL3,202006,0.113749716808866,0.0525469817221165,0.0237671959122352,202001,103,2
EUCA4,202006,-0.0292757838139901,0.0352059118449688,0.0237671959122352,202001,103,1
EVEN3,202006,0.336347150689358,0.0711892247200012,0.0237671959122352,202001,103,5
EZTC3,202006,0.0318294183937968,0.0690477341413498,0.0237671959122352,202001,103,4
FESA4,202006,-0.0586388986856125,0.0429161339998245,0.0237671959122352,202001,103,1
FLRY3,202006,0.0414802217163683,0.0661472678184509,0.0237671959122352,202001,103,3
FRAS3,202006,0.0334573743307742,0.0478387102484703,0.0237671959122352,202001,103,1
GFSA3,202006,-0.0333333408928397,0.0664649978280067,0.0237671959122352,202001,103,3
GGBR3,202006,0.0951670338332793,0.0407409816980362,0.0237671959122352,202001,103,1
GGBR4,202006,0.0899436290241573,0.0654940530657768,0.0237671959122352,202001,103,3
GNDI3,202006,-0.018379650051463,0.0656690746545792,0.0237671959122352,202001,103,3
GOAU3,202006,0.102255942971477,0.0661472678184509,0.0237671959122352,202001,103,3
GOAU4,202006,0.0998632329568288,0.0640408471226692,0.0237671959122352,202001,103,2
GOLL4,202006,-0.0345013477088949,0.0813872888684273,0.0237671959122352,202001,103,5
GRND3,202006,0.0395635253667137,0.0470643900334835,0.0237671959122352,202001,103,1
GUAR3,202006,0.0107587768969424,0.0690477341413498,0.0237671959122352,202001,103,4
HAPV3,202006,0.0477722353733414,0.0685950443148613,0.0237671959122352,202001,103,4
HBOR3,202006,0.0101696523667765,0.0650898292660713,0.0237671959122352,202001,103,3
HGTX3,202006,0.0335195530726258,0.0995170846581459,0.0237671959122352,202001,103,5
HYPE3,202006,0.0846848026628544,0.0502014830708504,0.0237671959122352,202001,103,1
IDNT3,202006,0.674603174603175,0.0652177184820175,0.0237671959122352,202001,103,3
IGTA3,202006,0.00599700149925031,0.0699771121144295,0.0237671959122352,202001,103,4
IRBR3,202006,-0.215956965273699,0.102424256503582,0.0237671959122352,202001,103,5
ITSA3,202006,0.108576851450826,0.0664474666118622,0.0237671959122352,202001,103,3
ITSA4,202006,0.112616684085092,0.0757127776741982,0.0237671959122352,202001,103,5
ITUB3,202006,0.0381484596215751,0.0628144964575768,0.0237671959122352,202001,103,2
ITUB4,202006,0.0572049997022042,0.0812385603785515,0.0237671959122352,202001,103,5
JBSS3,202006,0.0184397163120569,0.0645181238651276,0.0237671959122352,202001,103,3
JHSF3,202006,0.298591546140907,0.0463910177350044,0.0237671959122352,202001,103,1
JOPA3,202006,0.125000035638186,0.0616598427295685,0.0237671959122352,202001,103,2
JPSA3,202006,0.0875435540069685,0.0398059152066708,0.0237671959122352,202001,103,1
KEPL3,202006,0.166889323783603,0.0427565649151802,0.0237671959122352,202001,103,1
KLBN11,202006,0.00435190517995676,0.0539513789117336,0.0237671959122352,202001,103,2
KLBN4,202006,0,0.0469732843339443,0.0237671959122352,202001,103,1
KROT11,202006,0.252647503782148,0.0670692771673203,0.0237671959122352,202001,103,3
LAME3,202006,0.129079574624129,0.0709685757756233,0.0237671959122352,202001,103,4
LAME4,202006,0.0596643878185208,0.0725757926702499,0.0237671959122352,202001,103,5
LCAM3,202006,0.12994683992912,0.0855348631739616,0.0237671959122352,202001,103,5
LEVE3,202006,0.0189840689922398,0.0704031437635422,0.0237671959122352,202001,103,4
LIGT3,202006,0.139927668947899,0.07895427942276,0.0237671959122352,202001,103,5
LINX3,202006,0.0430149960536701,0.0725546479225159,0.0237671959122352,202001,103,5
LLIS3,202006,-0.192753623188406,0.1026850938797,0.0237671959122352,202001,103,5
LOGG3,202006,0.116843738409521,0.0650385692715645,0.0237671959122352,202001,103,3
LOGN3,202006,0.0833332844770682,0.0609067492187023,0.0237671959122352,202001,103,2
LPSB3,202006,-0.125939868100132,0.0595121867954731,0.0237671959122352,202001,103,2
LREN3,202006,-0.0160286951689933,0.068708524107933,0.0237671959122352,202001,103,4
MDIA3,202006,-0.0376749023766971,0.043675035238266,0.0237671959122352,202001,103,1
MEAL3,202006,0.00999999046325684,0.0975083857774734,0.0237671959122352,202001,103,5
MGLU3,202006,0.127723079733673,0.0697542205452919,0.0237671959122352,202001,103,4
MILS3,202006,0.41851868503834,0.0518307760357857,0.0237671959122352,202001,103,1
MOVI3,202006,0.266159793229671,0.071962483227253,0.0237671959122352,202001,103,5
MRFG3,202006,0.14274385408406,0.061569057404995,0.0237671959122352,202001,103,2
MRVE3,202006,0.063333299409146,0.0661472678184509,0.0237671959122352,202001,103,3
MULT3,202006,0.0312198777436477,0.0705011412501335,0.0237671959122352,202001,103,4
MYPK3,202006,-0.0495562943423529,0.065578356385231,0.0237671959122352,202001,103,3
ODPV3,202006,-0.0288123682361209,0.0717606022953987,0.0237671959122352,202001,103,5
OFSA3,202006,0.108214357761526,0.0741847530007362,0.0237671959122352,202001,103,5
OIBR3,202006,0.516666666666667,0.0651916190981865,0.0237671959122352,202001,103,3
OMGE3,202006,0.0498409331919407,0.0441265478730202,0.0237671959122352,202001,103,1
PARD3,202006,0.271571298819255,0.068932443857193,0.0237671959122352,202001,103,4
PCAR3,202006,0.000281714182603254,0.0791145786643028,0.0237671959122352,202001,103,5
PETR3,202006,0.0264876022932297,0.0712123885750771,0.0237671959122352,202001,103,5
PETR4,202006,0.0301828551269991,0.0775249376893044,0.0237671959122352,202001,103,5
PFRM3,202006,0.159292203819285,0.0517200045287609,0.0237671959122352,202001,103,1
PNVL3,202006,-0.0939393780750923,0.0594822131097317,0.0237671959122352,202001,103,2
POMO3,202006,-0.00360978758868746,0.0345201157033443,0.0237671959122352,202001,103,1
POMO4,202006,0.0170649853089195,0.0659798458218575,0.0237671959122352,202001,103,3
POSI3,202006,0.00769233266281955,0.0353273525834084,0.0237671959122352,202001,103,1
PRIO3,202006,0.1186776050671,0.0585342831909657,0.0237671959122352,202001,103,2
PSSA3,202006,0.0715984585865284,0.0672781616449356,0.0237671959122352,202001,103,3
QUAL3,202006,-0.0344827353919749,0.0708306804299355,0.0237671959122352,202001,103,4
RADL3,202006,0.121858627329383,0.050512321293354,0.0237671959122352,202001,103,1
RAIL3,202006,-0.0120053275478846,0.0607816316187382,0.0237671959122352,202001,103,2
RAPT3,202006,0.160342683625387,0.0658558830618858,0.0237671959122352,202001,103,3
RAPT4,202006,0.222684741018747,0.0683945193886757,0.0237671959122352,202001,103,4
RDNI3,202006,0.106122448979592,0.0651693642139435,0.0237671959122352,202001,103,3
RENT3,202006,0.244683537335643,0.0658298209309578,0.0237671959122352,202001,103,3
RLOG3,202006,0.0630252100840336,0.0468596667051315,0.0237671959122352,202001,103,1
ROMI3,202006,0.0100229506836815,0.0638687685132027,0.0237671959122352,202001,103,2
RPAD3,202006,0.0989010142780549,0.0650753527879715,0.0237671959122352,202001,103,3
SANB11,202006,0.0710205251016971,0.0756379514932632,0.0237671959122352,202001,103,5
SAPR11,202006,-0.0200736264618002,0.0613585077226162,0.0237671959122352,202001,103,2
SAPR3,202006,-0.0408990115697354,0.0440954938530922,0.0237671959122352,202001,103,1
SAPR4,202006,-0.018968657944219,0.0580429323017597,0.0237671959122352,202001,103,2
SBSP3,202006,0.0545925214379095,0.0727953463792801,0.0237671959122352,202001,103,5
SCAR3,202006,0.0603191673133725,0.0438039749860764,0.0237671959122352,202001,103,1
SEER3,202006,0.0419999055618185,0.0859802588820458,0.0237671959122352,202001,103,5
SGPS3,202006,-0.0480225988700564,0.0358284972608089,0.0237671959122352,202001,103,1
SHOW3,202006,0.05323199872592,0.0601046271622181,0.0237671959122352,202001,103,2
SHUL4,202006,0.121973933911341,0.0497011728584766,0.0237671959122352,202001,103,1
SLCE3,202006,-0.000460326623833218,0.0547943748533726,0.0237671959122352,202001,103,2
SMLS3,202006,0.0380693405846362,0.0955553278326988,0.0237671959122352,202001,103,5
SMTO3,202006,0.00942942637771416,0.0640408471226692,0.0237671959122352,202001,103,2
SQIA3,202006,0.252079002079002,0.0570016652345657,0.0237671959122352,202001,103,2
STBP3,202006,0.00907441016333932,0.0683945193886757,0.0237671959122352,202001,103,4
SULA11,202006,0.124916796094964,0.0641166344285011,0.0237671959122352,202001,103,3
SUZB3,202006,0.141614486127523,0.0616894140839577,0.0237671959122352,202001,103,2
TAEE11,202006,0.0196700861141144,0.0618648007512093,0.0237671959122352,202001,103,2
TAEE4,202006,0.0221285064268983,0.0523376427590847,0.0237671959122352,202001,103,2
TASA4,202006,-0.0677165013082198,0.0538839735090733,0.0237671959122352,202001,103,2
TCSA3,202006,-0.0935764776866296,0.0510025508701801,0.0237671959122352,202001,103,1
TECN3,202006,-0.199999931102064,0.0542502664029598,0.0237671959122352,202001,103,2
TEND3,202006,0.0830780013050798,0.0671241581439972,0.0237671959122352,202001,103,3
TESA3,202006,-0.0117647058823529,0.0344186276197433,0.0237671959122352,202001,103,1
TGMA3,202006,0.120704125670358,0.0722120925784111,0.0237671959122352,202001,103,5
TIET11,202006,-0.0337794773741236,0.0675433278083801,0.0237671959122352,202001,103,3
TIET3,202006,-0.0417910447761194,0.052245307713747,0.0237671959122352,202001,103,1
TIET4,202006,-0.0131578947368421,0.0469876378774643,0.0237671959122352,202001,103,1
TIMP3,202006,0.109154929577465,0.0693230852484703,0.0237671959122352,202001,103,4
TOTS3,202006,0.115766824739417,0.0676004737615585,0.0237671959122352,202001,103,3
TRIS3,202006,0.147527222112416,0.051935002207756,0.0237671959122352,202001,103,1
TRPL4,202006,0.0779531324725011,0.0708966255187988,0.0237671959122352,202001,103,4
TUPY3,202006,-0.0471205684901506,0.0737640932202339,0.0237671959122352,202001,103,5
UGPA3,202006,0.0304680843090261,0.0620819665491581,0.0237671959122352,202001,103,2
UNIP3,202006,0.0186976482862631,0.0692368000745773,0.0237671959122352,202001,103,4
UNIP6,202006,0.142439475381598,0.065578356385231,0.0237671959122352,202001,103,3
USIM3,202006,0.0568601411771752,0.0482300966978073,0.0237671959122352,202001,103,1
USIM5,202006,0.118294271145228,0.0697167590260506,0.0237671959122352,202001,103,4
VALE3,202006,0.0856578932482994,0.0650681182742119,0.0237671959122352,202001,103,3
VIVT3,202006,0.097282223963151,0.0615424886345863,0.0237671959122352,202001,103,2
VIVT4,202006,0.0961898813241724,0.0676004737615585,0.0237671959122352,202001,103,3
VLID3,202006,0.0203894567956182,0.0678877830505371,0.0237671959122352,202001,103,4
VULC3,202006,-0.0133587319560674,0.0431972444057465,0.0237671959122352,202001,103,1
VVAR3,202006,0.274983670803396,0.0689527690410614,0.0237671959122352,202001,103,4
WEGE3,202006,0.333299240887187,0.0709685757756233,0.0237671959122352,202001,103,4
WIZS3,202006,-0.0254476908576814,0.0685714185237885,0.0237671959122352,202001,103,4
YDUQ3,202006,0.00713213986356753,0.0687960088253021,0.0237671959122352,202001,103,4
AALR3,202007,0.0554577582289462,0.062600702047348,0.0192412200232431,202007,299,5
ABCB4,202007,-0.0311258971426514,0.0479677841067314,0.0192412200232431,202007,299,4
ABEV3,202007,-0.114388485576449,0.0429471842944622,0.0192412200232431,202007,299,3
AGRO3,202007,-0.0152163889171191,0.018026664853096,0.0192412200232431,202007,299,1
ALPA3,202007,0.221595278259005,0.0221690740436316,0.0192412200232431,202007,299,1
ALPA4,202007,0.184043136656393,0.0209046509116888,0.0192412200232431,202007,299,1
ALUP11,202007,-0.0306165403337675,0.047622837126255,0.0192412200232431,202007,299,4
ALUP3,202007,-0.0420422556155693,0.0430033095180988,0.0192412200232431,202007,299,3
AMAR3,202007,0.034313764568543,-0.000561058812309057,0.0192412200232431,202007,299,1
ANIM3,202007,0.0417535447308106,0.0250595901161432,0.0192412200232431,202007,299,1
APER3,202007,-0.0829986613119144,0.0580072440207005,0.0192412200232431,202007,299,5
ARZZ3,202007,0.0636846095526915,0.00599165773019195,0.0192412200232431,202007,299,1
AZEV4,202007,-0.056338006001996,0.0289705414324999,0.0192412200232431,202007,299,2
AZUL4,202007,0.0935499753815856,0.115213111042976,0.0192412200232431,202007,299,5
B3SA3,202007,-0.0731399122830612,0.0414177104830742,0.0192412200232431,202007,299,3
BBAS3,202007,-0.0144756626654101,0.0412288978695869,0.0192412200232431,202007,299,3
BBDC3,202007,-0.0812393740923493,0.0500697381794453,0.0192412200232431,202007,299,4
BBDC4,202007,-0.0749670566098906,0.0503748878836632,0.0192412200232431,202007,299,4
BBRK3,202007,-0.25,0.0412664860486984,0.0192412200232431,202007,299,3
BBSE3,202007,-0.0225506953661097,0.0462374649941921,0.0192412200232431,202007,299,4
BEEF11,202007,-0.0193548387096775,-0.0158619396388531,0.0192412200232431,202007,299,1
BEEF3,202007,-0.0360824401104978,0.0264830179512501,0.0192412200232431,202007,299,2
BIDI11,202007,0.0686695278969958,0.0418217554688454,0.0192412200232431,202007,299,3
BIDI3,202007,0.0246533127889059,0.0186521541327238,0.0192412200232431,202007,299,1
BIDI4,202007,0.0889212827988339,0.0278939958661795,0.0192412200232431,202007,299,2
BKBR3,202007,0.0436432637571158,0.0246003828942776,0.0192412200232431,202007,299,1
BPAC11,202007,-0.0634112780937126,0.0523143708705902,0.0192412200232431,202007,299,4
BPAC3,202007,-0.158028690649015,0.087033636868,0.0192412200232431,202007,299,5
BPAC5,202007,-0.0638298444023197,0.0536807551980019,0.0192412200232431,202007,299,4
BPAN4,202007,-0.141843971631206,0.0478439331054688,0.0192412200232431,202007,299,4
BRAP3,202007,0.0301063367421583,0.0286029055714607,0.0192412200232431,202007,299,2
BRAP4,202007,0.0218350968077057,0.0453603900969029,0.0192412200232431,202007,299,3
BRDT3,202007,-0.0599118942731277,0.0575006008148193,0.0192412200232431,202007,299,5
BRFS3,202007,-0.0536231884057971,0.045782782137394,0.0192412200232431,202007,299,4
BRGE3,202007,-0.0940940940940941,0.0241414736956358,0.0192412200232431,202007,299,1
BRIV3,202007,-0.0128205128205128,0.0373348593711853,0.0192412200232431,202007,299,2
BRKM5,202007,-0.0662280141055873,0.0414058417081833,0.0192412200232431,202007,299,3
BRML3,202007,-0.0626262626262627,0.0480427667498589,0.0192412200232431,202007,299,4
BRPR3,202007,-0.0118662714009248,0.0679793208837509,0.0192412200232431,202007,299,5
BRSR3,202007,-0.0419354180066938,0.0644084736704826,0.0192412200232431,202007,299,5
BRSR6,202007,-0.0799440722591615,0.0358618423342705,0.0192412200232431,202007,299,2
BTOW3,202007,-0.0605933623868588,0.0596983544528484,0.0192412200232431,202007,299,5
CAML3,202007,0.0365555222743716,0.0392690189182758,0.0192412200232431,202007,299,3
CARD3,202007,0.196220930232558,0.0227982308715582,0.0192412200232431,202007,299,1
CCPR3,202007,0.0346020761245676,0.0537755638360977,0.0192412200232431,202007,299,4
CCRO3,202007,-0.108957219251337,0.0504349023103714,0.0192412200232431,202007,299,4
CESP3,202007,-0.00140252454417944,0.0327152945101261,0.0192412200232431,202007,299,2
CESP6,202007,-0.059375,0.0499102026224136,0.0192412200232431,202007,299,4
CGRA4,202007,0.0763208050296425,0.0410216078162193,0.0192412200232431,202007,299,3
CIEL3,202007,-0.150837988826816,0.0443734489381313,0.0192412200232431,202007,299,3
CLSC4,202007,0.0332718485331989,0.0250520184636116,0.0192412200232431,202007,299,1
CMIG3,202007,-0.081609237464869,0.0382501110434532,0.0192412200232431,202007,299,3
CMIG4,202007,-0.0661724579274566,0.0479328185319901,0.0192412200232431,202007,299,4
CNTO3,202007,0.0436276193747853,0.00972549337893724,0.0192412200232431,202007,299,1
COCE5,202007,-0.0753382255729133,0.0337932333350182,0.0192412200232431,202007,299,2
COGN3,202007,-0.311594225971395,0.0392639152705669,0.0192412200232431,202007,299,3
CPFE3,202007,-0.0847132845746972,0.039276946336031,0.0192412200232431,202007,299,3
CPLE3,202007,-0.0843753886348094,0.0481100045144558,0.0192412200232431,202007,299,4
CPLE6,202007,-0.0692979813196746,0.0482097491621971,0.0192412200232431,202007,299,4
CRDE3,202007,-0.0143626570915619,0.0152724198997021,0.0192412200232431,202007,299,1
CRFB3,202007,-0.128787878787879,0.0543153919279575,0.0192412200232431,202007,299,5
CRIV3,202007,0.0961538461538463,0.0427953042089939,0.0192412200232431,202007,299,3
CSAN3,202007,-0.0790928362389428,0.020113218575716,0.0192412200232431,202007,299,1
CSMG3,202007,-0.127405948739171,0.0440775826573372,0.0192412200232431,202007,299,3
CSNA3,202007,0.241632786262412,0.044058732688427,0.0192412200232431,202007,299,3
CTNM4,202007,-0.0346534719686238,0.041224330663681,0.0192412200232431,202007,299,3
CVCB3,202007,-0.120192242766321,0.115989148616791,0.0192412200232431,202007,299,5
CYRE3,202007,-0.120714922336901,0.0381792634725571,0.0192412200232431,202007,299,3
DIRR3,202007,-0.0779220459764177,0.0482489503920078,0.0192412200232431,202007,299,4
DMMO3,202007,-0.0666666666666668,0.0648706033825874,0.0192412200232431,202007,299,5
DTEX3,202007,-0.011801242236025,0.0168734136968851,0.0192412200232431,202007,299,1
ECOR3,202007,-0.110192822569441,0.0516738519072533,0.0192412200232431,202007,299,4
EGIE3,202007,-0.0599185878268841,0.0464877784252167,0.0192412200232431,202007,299,4
ELET3,202007,-0.0387114239306984,0.0207206606864929,0.0192412200232431,202007,299,1
ELET6,202007,-0.0665799739921977,0.0328872762620449,0.0192412200232431,202007,299,2
EMBR3,202007,-0.0354796320630749,0.105587504804134,0.0192412200232431,202007,299,5
ENAT3,202007,0.0264598540145984,0.056317076086998,0.0192412200232431,202007,299,5
ENBR3,202007,0.00700431034482762,0.032355897128582,0.0192412200232431,202007,299,2
ENEV3,202007,-0.0172721649857739,0.0314506217837334,0.0192412200232431,202007,299,2
ENGI11,202007,-0.0922279004594571,0.0583336427807808,0.0192412200232431,202007,299,5
ENGI4,202007,-0.130883211382107,-0.00128451210912317,0.0192412200232431,202007,299,1
EQPA3,202007,0.017857164221067,0.0196156296879053,0.0192412200232431,202007,299,1
EQTL3,202007,-0.0912652454838764,0.0291574355214834,0.0192412200232431,202007,299,2
EUCA4,202007,0.0095237956137062,0.0326655805110931,0.0192412200232431,202007,299,2
EVEN3,202007,-0.120433171283833,0.046025775372982,0.0192412200232431,202007,299,4
EZTC3,202007,-0.0565944894368219,0.0287637375295162,0.0192412200232431,202007,299,2
FESA4,202007,-0.00500548113890498,0.0216226410120726,0.0192412200232431,202007,299,1
FLRY3,202007,0.0191330311446187,0.0391951091587544,0.0192412200232431,202007,299,3
FRAS3,202007,-0.0737411808458521,0.0189241450279951,0.0192412200232431,202007,299,1
GFSA3,202007,-0.0554896444798021,0.0715600922703743,0.0192412200232431,202007,299,5
GGBR3,202007,0.0889345163409621,0.0376651547849178,0.0192412200232431,202007,299,3
GGBR4,202007,0.0939825715833771,0.0300281401723623,0.0192412200232431,202007,299,2
GNDI3,202007,0.109946075494308,0.00606022402644157,0.0192412200232431,202007,299,1
GOAU3,202007,0.0518415347564118,0.0470887720584869,0.0192412200232431,202007,299,4
GOAU4,202007,0.0932834428438545,0.049241840839386,0.0192412200232431,202007,299,4
GOLL4,202007,-0.0011166945840313,0.0788680464029312,0.0192412200232431,202007,299,5
GRND3,202007,0.00262471193485236,0.0136281196027994,0.0192412200232431,202007,299,1
GUAR3,202007,-0.0196078431372549,0.0473458431661129,0.0192412200232431,202007,299,4
HAPV3,202007,-0.00629413836256498,0.0549904331564903,0.0192412200232431,202007,299,5
HBOR3,202007,-0.195973199827496,0.0393761582672596,0.0192412200232431,202007,299,3
HGTX3,202007,0.235810810810811,0.068722665309906,0.0192412200232431,202007,299,5
HYPE3,202007,-0.123754202961642,0.0153777515515685,0.0192412200232431,202007,299,1
IGTA3,202007,-0.0175856929955289,0.0450834482908249,0.0192412200232431,202007,299,3
IRBR3,202007,-0.101810633733735,0.115542709827423,0.0192412200232431,202007,299,5
ITSA3,202007,-0.111224710383433,0.0255084857344627,0.0192412200232431,202007,299,1
ITSA4,202007,-0.114374070476559,0.0464670620858669,0.0192412200232431,202007,299,4
ITUB3,202007,-0.0913331695123045,0.0661881119012833,0.0192412200232431,202007,299,5
ITUB4,202007,-0.121796845637409,0.0560439378023148,0.0192412200232431,202007,299,5
JBSS3,202007,0.041782729805014,0.0565880089998245,0.0192412200232431,202007,299,5
JHSF3,202007,-0.221688118037922,0.056087788194418,0.0192412200232431,202007,299,5
JOPA3,202007,0.0107600075825387,0.0437694527208805,0.0192412200232431,202007,299,3
JPSA3,202007,-0.0388466159391269,0.0294749401509762,0.0192412200232431,202007,299,2
KEPL3,202007,0.0281466219225683,0.0490447916090488,0.0192412200232431,202007,299,4
KLBN11,202007,0.239768867218692,0.0233736075460911,0.0192412200232431,202007,299,1
KLBN4,202007,0.22926824132982,0.035264004021883,0.0192412200232431,202007,299,2
KROT11,202007,-0.311594202898551,0.0397436544299126,0.0192412200232431,202007,299,3
LAME3,202007,-0.11075024358558,0.0588722676038742,0.0192412200232431,202007,299,5
LAME4,202007,-0.0536656891495601,0.0406642034649849,0.0192412200232431,202007,299,3
LCAM3,202007,0.0663878724516467,0.0463561825454235,0.0192412200232431,202007,299,4
LEVE3,202007,-0.0701369407146768,0.0398905016481876,0.0192412200232431,202007,299,3
LIGT3,202007,-0.199470908943255,0.030748289078474,0.0192412200232431,202007,299,2
LINX3,202007,0.346197502837684,0.057246170938015,0.0192412200232431,202007,299,5
LLIS3,202007,-0.0574506283662478,0.09185791015625,0.0192412200232431,202007,299,5
LOGG3,202007,-0.158152263902765,0.0464296042919159,0.0192412200232431,202007,299,4
LOGN3,202007,0.186633045537348,0.0377822183072567,0.0192412200232431,202007,299,3
LPSB3,202007,0.0215054161926185,0.0355399958789349,0.0192412200232431,202007,299,2
LREN3,202007,0.0568928058093077,0.0357546620070934,0.0192412200232431,202007,299,2
MDIA3,202007,-0.0913513507126366,0.0197769422084093,0.0192412200232431,202007,299,1
MEAL3,202007,-0.0841583953910148,0.120768658816814,0.0192412200232431,202007,299,5
MGLU3,202007,0.154999443353307,0.0364832356572151,0.0192412200232431,202007,299,2
MILS3,202007,-0.107049696540539,0.0199100952595472,0.0192412200232431,202007,299,1
MOVI3,202007,-0.02162172130814,0.0344269052147865,0.0192412200232431,202007,299,2
MRFG3,202007,0.235253296321999,0.0745265632867813,0.0192412200232431,202007,299,5
MRVE3,202007,-0.0611285566491776,0.030532568693161,0.0192412200232431,202007,299,2
MULT3,202007,-0.015137296347322,0.0726219415664673,0.0192412200232431,202007,299,5
MYPK3,202007,-0.10505836353222,0.0294440723955631,0.0192412200232431,202007,299,2
NEOE3,202007,-0.118676122931442,0.0447057820856571,0.0192412200232431,202007,299,3
ODPV3,202007,-0.073082489146165,0.0389379858970642,0.0192412200232431,202007,299,3
OFSA3,202007,-0.0982920140444119,0.0188027210533619,0.0192412200232431,202007,299,1
OIBR3,202007,-0.0659340659340659,0.041260652244091,0.0192412200232431,202007,299,3
OMGE3,202007,0.0239898989898988,0.026341550052166,0.0192412200232431,202007,299,1
PARD3,202007,-0.0785714285714285,0.0476288944482803,0.0192412200232431,202007,299,4
PCAR3,202007,-0.105492929731078,0.0426144525408745,0.0192412200232431,202007,299,3
PETR3,202007,-0.0167400819954564,0.0528394803404808,0.0192412200232431,202007,299,4
PETR4,202007,-0.0139635821903455,0.0512479692697525,0.0192412200232431,202007,299,4
PFRM3,202007,-0.212213761730994,0.0610429868102074,0.0192412200232431,202007,299,5
PNVL3,202007,-0.0665179794312917,0.0540784411132336,0.0192412200232431,202007,299,4
POMO3,202007,-0.0217391589385491,0.0236077569425106,0.0192412200232431,202007,299,1
POMO4,202007,-0.0536912198319418,0.0445212982594967,0.0192412200232431,202007,299,3
POSI3,202007,-0.064885357800038,0.0186095554381609,0.0192412200232431,202007,299,1
PRIO3,202007,0.058095419510741,0.0253644678741694,0.0192412200232431,202007,299,1
PSSA3,202007,-0.0216546635041568,0.0294383820146322,0.0192412200232431,202007,299,2
PTBL3,202007,0.0442890319470846,0.021391810849309,0.0192412200232431,202007,299,1
QUAL3,202007,0.11571422668741,0.0465829931199551,0.0192412200232431,202007,299,4
RADL3,202007,-0.131345711620642,0.0283661279827356,0.0192412200232431,202007,299,2
RAIL3,202007,0.017101597278919,0.031637217849493,0.0192412200232431,202007,299,2
RAPT3,202007,-0.0512659603559134,0.0430760681629181,0.0192412200232431,202007,299,3
RAPT4,202007,-0.0789688738861691,0.037505891174078,0.0192412200232431,202007,299,2
RDNI3,202007,-0.0599630996309963,0.0569421984255314,0.0192412200232431,202007,299,5
RENT3,202007,-0.052828154197324,0.0263817422091961,0.0192412200232431,202007,299,2
RLOG3,202007,0.057312252964427,0.0343860425055027,0.0192412200232431,202007,299,2
ROMI3,202007,-0.0801527501250788,0.0467328950762749,0.0192412200232431,202007,299,4
RPAD3,202007,-0.0166666241961526,0.0469439886510372,0.0192412200232431,202007,299,4
SANB11,202007,-0.0413947510805048,0.0183218196034431,0.0192412200232431,202007,299,1
SAPR11,202007,-0.124180898250477,0.0375590659677982,0.0192412200232431,202007,299,2
SAPR3,202007,-0.115200063585047,0.0470185093581677,0.0192412200232431,202007,299,4
SAPR4,202007,-0.127062708086052,0.0384823717176914,0.0192412200232431,202007,299,3
SBSP3,202007,-0.21528336239773,0.0457603484392166,0.0192412200232431,202007,299,4
SCAR3,202007,0.00739790782294647,0.0104728564620018,0.0192412200232431,202007,299,1
SEER3,202007,-0.0818937296580307,0.0628016740083695,0.0192412200232431,202007,299,5
SGPS3,202007,0.0830860534124629,0.0328028239309788,0.0192412200232431,202007,299,2
SHOW3,202007,-0.039711204013447,0.0784095600247383,0.0192412200232431,202007,299,5
SHUL4,202007,-0.0373442831217637,0.0298522058874369,0.0192412200232431,202007,299,2
SLCE3,202007,0.0827586653309746,0.0277540907263756,0.0192412200232431,202007,299,2
SMLS3,202007,-0.0779305828421741,0.0959844961762428,0.0192412200232431,202007,299,5
SMTO3,202007,0.139289991739577,0.0183792803436518,0.0192412200232431,202007,299,1
SQIA3,202007,0.0352843503528435,0.0282294414937496,0.0192412200232431,202007,299,2
STBP3,202007,-0.0647482014388489,0.029193015769124,0.0192412200232431,202007,299,2
SULA11,202007,-0.148323471400394,0.031441193073988,0.0192412200232431,202007,299,2
SUZB3,202007,0.195238143284044,0.0585695691406727,0.0192412200232431,202007,299,5
TAEE11,202007,0.0015824842457155,0.0471408069133759,0.0192412200232431,202007,299,4
TAEE4,202007,0.00394615263796982,0.0451559498906136,0.0192412200232431,202007,299,3
TASA4,202007,0.0861487101898863,0.0854605957865715,0.0192412200232431,202007,299,5
TCSA3,202007,-0.0192476168989416,0.026762206107378,0.0192412200232431,202007,299,2
TECN3,202007,-0.0583334168925791,0.0279986448585987,0.0192412200232431,202007,299,2
TEND3,202007,-0.0814127427012326,0.0256878267973661,0.0192412200232431,202007,299,1
TESA3,202007,0.0125,0.0211203694343567,0.0192412200232431,202007,299,1
TGMA3,202007,-0.00804890906285638,0.0559202097356319,0.0192412200232431,202007,299,5
TIET11,202007,-0.0105540897097626,0.0392260774970055,0.0192412200232431,202007,299,3
TIET3,202007,-0.0623052959501558,0.0489140041172504,0.0192412200232431,202007,299,4
TIET4,202007,0,0.0630631297826767,0.0192412200232431,202007,299,5
TIMP3,202007,-0.0907936507936508,0.0477793030440807,0.0192412200232431,202007,299,4
TOTS3,202007,0.120247683502998,0.0370645672082901,0.0192412200232431,202007,299,2
TRIS3,202007,-0.109568945838601,0.044164851307869,0.0192412200232431,202007,299,3
TRPL4,202007,-0.0492457852706299,0.0630166679620743,0.0192412200232431,202007,299,5
TUPY3,202007,-0.0714285232332745,0.0455054417252541,0.0192412200232431,202007,299,3
UGPA3,202007,0.0263990291990044,0.0579725466668606,0.0192412200232431,202007,299,5
UNIP3,202007,0.196329036327615,0.0369819812476635,0.0192412200232431,202007,299,2
UNIP6,202007,0.0906765004546275,0.0559744164347649,0.0192412200232431,202007,299,5
USIM3,202007,0.22339205666541,0.0231932532042265,0.0192412200232431,202007,299,1
USIM5,202007,0.248462612516782,0.0453162901103497,0.0192412200232431,202007,299,3
VALE3,202007,-0.0169656718904659,0.0482635460793972,0.0192412200232431,202007,299,4
VIVT3,202007,-0.0772448975093366,0.0431112498044968,0.0192412200232431,202007,299,3
VIVT4,202007,-0.0913580246913579,0.0454430244863033,0.0192412200232431,202007,299,3
VLID3,202007,-0.0708448735497141,0.0463292002677918,0.0192412200232431,202007,299,4
VULC3,202007,0.135396676538348,0.00625217938795686,0.0192412200232431,202007,299,1
VVAR3,202007,0.0502049180327868,0.0314843133091927,0.0192412200232431,202007,299,2
WEGE3,202007,-0.040534466926201,0.0722802206873894,0.0192412200232431,202007,299,5
WIZS3,202007,0.0338491295938104,0.0481671988964081,0.0192412200232431,202007,299,4
YDUQ3,202007,-0.204780166768877,0.0247721485793591,0.0192412200232431,202007,299,1
AALR3,202008,-0.153461233337146,0.0638063624501228,0.0192412200232431,202007,299,5
ABCB4,202008,-0.126488034208391,0.0579875037074089,0.0192412200232431,202007,299,5
ABEV3,202008,0.018684165574177,0.0212193690240383,0.0192412200232431,202007,299,2
AGRO3,202008,0.0478030506138418,0.00733969360589981,0.0192412200232431,202007,299,1
ALPA3,202008,0.0317215357967557,0.0237819850444794,0.0192412200232431,202007,299,2
ALPA4,202008,0.0255033407028047,0.019329572096467,0.0192412200232431,202007,299,2
ALSO3,202008,-0.10219530658592,0.0516849756240845,0.0192412200232431,202007,299,4
ALUP11,202008,-0.00554811408187173,0.0505765751004219,0.0192412200232431,202007,299,4
ALUP3,202008,-0.0240334925387895,0.04328703135252,0.0192412200232431,202007,299,4
AMAR3,202008,-0.17654029876084,0.0290683414787054,0.0192412200232431,202007,299,3
ANIM3,202008,-0.128590517377076,0.0262354779988527,0.0192412200232431,202007,299,2
APER3,202008,0.0985401459854016,0.0171703509986401,0.0192412200232431,202007,299,1
ARZZ3,202008,-0.0317177476835352,0.0247033890336752,0.0192412200232431,202007,299,2
AZEV4,202008,-0.228855749512719,0.0433860383927822,0.0192412200232431,202007,299,4
AZUL4,202008,0.0977037370553804,0.0638881325721741,0.0192412200232431,202007,299,5
B3SA3,202008,-0.0516447010143066,0.00894794426858425,0.0192412200232431,202007,299,1
BBAS3,202008,-0.0898767193566154,0.0466816462576389,0.0192412200232431,202007,299,4
BBDC3,202008,-0.0522408043625893,0.0218279547989368,0.0192412200232431,202007,299,2
BBDC4,202008,-0.063287122104881,0.0572290942072868,0.0192412200232431,202007,299,4
BBRK3,202008,0.0175438596491229,0.0279265455901623,0.0192412200232431,202007,299,3
BBSE3,202008,-0.0799847833612691,0.0537917651236057,0.0192412200232431,202007,299,4
BEEF11,202008,-0.198684210526316,-0.00700435601174831,0.0192412200232431,202007,299,1
BEEF3,202008,-0.103132079729445,0.000626709661446512,0.0192412200232431,202007,299,1
BIDI11,202008,-0.161569354340439,0.0445931665599346,0.0192412200232431,202007,299,4
BIDI3,202008,-0.150375939849624,0.0103435488417745,0.0192412200232431,202007,299,1
BIDI4,202008,-0.166889781347613,0.0383085608482361,0.0192412200232431,202007,299,3
BKBR3,202008,-0.0263636363636363,0.0439844988286495,0.0192412200232431,202007,299,4
BPAC11,202008,-0.0999506737437532,0.00967568345367908,0.0192412200232431,202007,299,1
BPAC3,202008,-0.146868477954987,0.0759989023208618,0.0192412200232431,202007,299,5
BPAC5,202008,-0.0340909417057675,0.0235691908746958,0.0192412200232431,202007,299,2
BPAN4,202008,-0.041322314049587,0.0773924514651299,0.0192412200232431,202007,299,5
BRAP3,202008,0.00655077530915937,0.0167125388979912,0.0192412200232431,202007,299,1
BRAP4,202008,0.0204592606910421,0.019359115511179,0.0192412200232431,202007,299,2
BRDT3,202008,-0.055763823805061,0.0459417328238487,0.0192412200232431,202007,299,4
BRFS3,202008,-0.0617662072485963,0.0756009295582771,0.0192412200232431,202007,299,5
BRGE3,202008,0.0662983425414365,0.0240384135395288,0.0192412200232431,202007,299,2
BRIV3,202008,0.103896103896104,0.0683066546916962,0.0192412200232431,202007,299,5
BRKM5,202008,-0.0234852213869534,-0.000244627677602693,0.0192412200232431,202007,299,1
BRML3,202008,-0.0969827586206895,0.0451570972800255,0.0192412200232431,202007,299,4
BRPR3,202008,-0.0174671345484664,0.0592698790132999,0.0192412200232431,202007,299,5
BRSR3,202008,-0.0700337774301478,0.0370528288185596,0.0192412200232431,202007,299,3
BRSR6,202008,-0.0907012486898896,0.0415646061301231,0.0192412200232431,202007,299,4
BTOW3,202008,-0.197252208047105,0.0300025530159473,0.0192412200232431,202007,299,3
CAML3,202008,-0.0203765644020829,0.0420919507741928,0.0192412200232431,202007,299,4
CARD3,202008,-0.166464155528554,0.0404870770871639,0.0192412200232431,202007,299,4
CCPR3,202008,-0.137123745819398,0.081854909658432,0.0192412200232431,202007,299,5
CCRO3,202008,-0.0495123780945237,0.0584849901497364,0.0192412200232431,202007,299,5
CESP3,202008,-0.128651685393258,0.0385737605392933,0.0192412200232431,202007,299,3
CESP6,202008,-0.0614617940199336,0.0293044708669186,0.0192412200232431,202007,299,3
CGRA4,202008,-0.0181817797028463,0.0418701022863388,0.0192412200232431,202007,299,4
CIEL3,202008,-0.138157894736842,0.0315089039504528,0.0192412200232431,202007,299,3
CLSC4,202008,-0.0552772523803224,0.0154053941369057,0.0192412200232431,202007,299,1
CMIG3,202008,0.0215516895864372,0.0332664214074612,0.0192412200232431,202007,299,3
CMIG4,202008,-0.033588628267885,0.0321995690464973,0.0192412200232431,202007,299,3
CNTO3,202008,-0.164252797893351,0.0255390331149101,0.0192412200232431,202007,299,2
COCE5,202008,-0.0260204839592496,0.0224879048764706,0.0192412200232431,202007,299,2
COGN3,202008,-0.09122814406903,0.0207742396742105,0.0192412200232431,202007,299,2
CPFE3,202008,-0.041057808957358,0.01100870128721,0.0192412200232431,202007,299,1
CPLE3,202008,-0.0488727122835043,0.0569092631340027,0.0192412200232431,202007,299,4
CPLE6,202008,0.00372288766591122,0.0244633983820677,0.0192412200232431,202007,299,2
CRDE3,202008,0.0154826958105647,0.0298820231109858,0.0192412200232431,202007,299,3
CRFB3,202008,0.0480818414322251,0.0394836030900478,0.0192412200232431,202007,299,4
CRIV3,202008,0.0210526315789474,0.0631031692028046,0.0192412200232431,202007,299,5
CSAN3,202008,-0.179219198673945,0.0199328269809484,0.0192412200232431,202007,299,2
CSMG3,202008,-0.0083160490156815,0.0360999405384064,0.0192412200232431,202007,299,3
CSNA3,202008,0.0848126556747628,0.0358068272471428,0.0192412200232431,202007,299,3
CTNM4,202008,-0.0666666449304996,0.0517950616776943,0.0192412200232431,202007,299,4
CVCB3,202008,-0.118579314948445,0.0718968063592911,0.0192412200232431,202007,299,5
CYRE3,202008,-0.0360846428201127,0.0142019260674715,0.0192412200232431,202007,299,1
DIRR3,202008,-0.0918846513893434,0.033728588372469,0.0192412200232431,202007,299,3
DMMO3,202008,-0.0952380952380953,0.0249119233340025,0.0192412200232431,202007,299,2
DTEX3,202008,0.126964173475801,0.0225755106657743,0.0192412200232431,202007,299,2
ECOR3,202008,-0.083591335450242,0.0514061376452446,0.0192412200232431,202007,299,4
EGIE3,202008,-0.0534835670399353,0.0176679659634829,0.0192412200232431,202007,299,1
ELET3,202008,-0.146156012390876,0.0140369795262814,0.0192412200232431,202007,299,1
ELET6,202008,-0.130955697966007,0.00417821947485209,0.0192412200232431,202007,299,1
EMBR3,202008,-0.149863760217984,0.134224161505699,0.0192412200232431,202007,299,5
ENAT3,202008,-0.139555555555556,0.0845873206853867,0.0192412200232431,202007,299,5
ENBR3,202008,-0.0684858212948101,0.0104196285828948,0.0192412200232431,202007,299,1
ENEV3,202008,-0.0282828591086648,0.0250256843864918,0.0192412200232431,202007,299,2
ENGI11,202008,-0.0609367257868019,0.0372441001236439,0.0192412200232431,202007,299,3
EQPA3,202008,-0.0467835776155891,0.01661217212677,0.0192412200232431,202007,299,1
EQTL3,202008,-0.0870691044317148,0.0106959156692028,0.0192412200232431,202007,299,1
EUCA4,202008,0.00471692263684687,0.0213277712464333,0.0192412200232431,202007,299,2
EVEN3,202008,-0.143076793671631,0.0231931246817112,0.0192412200232431,202007,299,2
EZTC3,202008,-0.0926878168066475,0.0760536417365074,0.0192412200232431,202007,299,5
FESA4,202008,-0.016249616951663,0.0106843933463097,0.0192412200232431,202007,299,1
FLRY3,202008,0.0145594885992901,0.0357575304806232,0.0192412200232431,202007,299,3
FRAS3,202008,0.104854654896003,0.0339511632919312,0.0192412200232431,202007,299,3
GEPA3,202008,-0.0119048552147005,0.0393915586173534,0.0192412200232431,202007,299,3
GEPA4,202008,-0.0463674077925269,0.0394448675215244,0.0192412200232431,202007,299,3
GFSA3,202008,-0.125252559207297,0.0716091394424439,0.0192412200232431,202007,299,5
GGBR3,202008,0.0604735904566622,0.0281315203756094,0.0192412200232431,202007,299,3
GGBR4,202008,0.0895757492798173,0.0244412049651146,0.0192412200232431,202007,299,2
GNDI3,202008,-0.121997300944669,0.0231597404927015,0.0192412200232431,202007,299,2
GOAU3,202008,0.0687419626872572,0.0404449366033077,0.0192412200232431,202007,299,4
GOAU4,202008,0.0693972897309889,0.0367867276072502,0.0192412200232431,202007,299,3
GOLL4,202008,-0.0452766908887648,0.0517503917217255,0.0192412200232431,202007,299,4
GRND3,202008,0.00392686089596817,0.0266534592956305,0.0192412200232431,202007,299,2
GUAR3,202008,-0.203428571428571,0.0621432214975357,0.0192412200232431,202007,299,5
HAPV3,202008,-0.0378222475712526,0.0197385437786579,0.0192412200232431,202007,299,2
HBOR3,202008,-0.138564233877315,0.0282831210643053,0.0192412200232431,202007,299,3
HGTX3,202008,-0.0852925095680699,0.028758030384779,0.0192412200232431,202007,299,3
HYPE3,202008,-0.057819965740442,0.00825809221714735,0.0192412200232431,202007,299,1
IGTA3,202008,-0.0670509708737864,0.0315905995666981,0.0192412200232431,202007,299,3
IRBR3,202008,0.050490970882958,0.149620786309242,0.0192412200232431,202007,299,5
ITSA3,202008,-0.0557621084170792,0.014419880695641,0.0192412200232431,202007,299,1
ITSA4,202008,-0.0648247687571579,0.00888406205922365,0.0192412200232431,202007,299,1
ITUB3,202008,-0.0516742820050364,0.062775582075119,0.0192412200232431,202007,299,5
ITUB4,202008,-0.0439770401171973,0.0362491048872471,0.0192412200232431,202007,299,3
JBSS3,202008,-0.0788770053475936,0.0351168550550938,0.0192412200232431,202007,299,3
JHSF3,202008,-0.0154715470831848,0.0215301085263491,0.0192412200232431,202007,299,2
JOPA3,202008,0.151851827707554,0.0542406588792801,0.0192412200232431,202007,299,4
JPSA3,202008,-0.127083333333333,0.0121222427114844,0.0192412200232431,202007,299,1
KEPL3,202008,-0.109726416593518,0.0205578412860632,0.0192412200232431,202007,299,2
KLBN11,202008,-0.0757281906460873,0.0246002376079559,0.0192412200232431,202007,299,2
KLBN4,202008,-0.0674601305487949,0.0548947229981422,0.0192412200232431,202007,299,4
KROT11,202008,-0.0912280701754387,0.0901835337281227,0.0192412200232431,202007,299,5
LAME3,202008,-0.108838568298028,0.0529536604881287,0.0192412200232431,202007,299,4
LAME4,202008,-0.120235512860242,0.0190441627055407,0.0192412200232431,202007,299,2
LCAM3,202008,0.16421568627451,0.00717157870531082,0.0192412200232431,202007,299,1
LEVE3,202008,-0.00117863448791145,0.0654168426990509,0.0192412200232431,202007,299,5
LIGT3,202008,-0.0416391639793799,0.010032101534307,0.0192412200232431,202007,299,1
LINX3,202008,-0.0275435637998875,0.0536656901240349,0.0192412200232431,202007,299,4
LLIS3,202008,-0.0628571428571428,0.167731136083603,0.0192412200232431,202007,299,5
LOGG3,202008,-0.0293736692440322,0.0188727546483278,0.0192412200232431,202007,299,2
LOGN3,202008,-0.214665251188292,0.0567164085805416,0.0192412200232431,202007,299,4
LPSB3,202008,0.0694736726223344,0.128488823771477,0.0192412200232431,202007,299,5
LREN3,202008,-0.0860614306869286,0.0245012771338224,0.0192412200232431,202007,299,2
MDIA3,202008,-0.0380173759164528,0.00850852578878403,0.0192412200232431,202007,299,1
MEAL3,202008,-0.127027033122462,0.142510503530502,0.0192412200232431,202007,299,5
MGLU3,202008,-0.0431238944252428,0.0259850323200226,0.0192412200232431,202007,299,2
MILS3,202008,-0.17543871743938,0.0390729159116745,0.0192412200232431,202007,299,3
MOVI3,202008,-0.00184161022608031,0.0415612533688545,0.0192412200232431,202007,299,4
MRFG3,202008,-0.143258426966292,0.0610851421952248,0.0192412200232431,202007,299,5
MRVE3,202008,-0.104618814244996,0.0134171070531011,0.0192412200232431,202007,299,1
MULT3,202008,-0.0667627143803238,0.0411471091210842,0.0192412200232431,202007,299,4
MYPK3,202008,0.191304189367787,0.0921938121318817,0.0192412200232431,202007,299,5
NEOE3,202008,-0.0890557939914163,0.0394738391041756,0.0192412200232431,202007,299,4
ODPV3,202008,-0.0632318501170961,0.0534687936306,0.0192412200232431,202007,299,4
OFSA3,202008,0.000714773992730899,0.0156795363873243,0.0192412200232431,202007,299,1
OIBR3,202008,0.0294117647058823,0.0197024047374725,0.0192412200232431,202007,299,2
OIBR4,202008,0.0168067226890756,0.0368840582668781,0.0192412200232431,202007,299,3
OMGE3,202008,-0.0971639950678175,0.019469166174531,0.0192412200232431,202007,299,2
PARD3,202008,-0.12015503875969,0.0774512887001038,0.0192412200232431,202007,299,5
PCAR3,202008,0.098094895986883,0.0660534501075745,0.0192412200232431,202007,299,5
PDTC3,202008,-0.225473263619623,0.0305585209280252,0.0192412200232431,202007,299,3
PETR3,202008,-0.114247380783545,0.0354320146143436,0.0192412200232431,202007,299,3
PETR4,202008,-0.104157374997556,0.0615068301558495,0.0192412200232431,202007,299,5
PFRM3,202008,-0.0910851510343107,0.0447890870273113,0.0192412200232431,202007,299,4
PNVL3,202008,-0.105493829711295,0.0349942967295647,0.0192412200232431,202007,299,3
POMO3,202008,-0.0555552949396291,0.0170339252799749,0.0192412200232431,202007,299,1
POMO4,202008,-0.0496451865167886,0.079397477209568,0.0192412200232431,202007,299,5
POSI3,202008,-0.0918367974163439,-0.0418946854770184,0.0192412200232431,202007,299,1
PRIO3,202008,-0.167104288941523,0.0484481081366539,0.0192412200232431,202007,299,4
PSSA3,202008,-0.0872116173622553,0.0243193116039038,0.0192412200232431,202007,299,2
PTBL3,202008,0.17410717408715,0.0192929357290268,0.0192412200232431,202007,299,2
QUAL3,202008,0.0880283033282008,0.0289240833371878,0.0192412200232431,202007,299,3
RADL3,202008,0.0876799594743145,0.0105055132880807,0.0192412200232431,202007,299,1
RAIL3,202008,-0.156637107638307,0.0237833764404058,0.0192412200232431,202007,299,2
RANI3,202008,-0.0107525996446332,0.0268175024539232,0.0192412200232431,202007,299,2
RAPT3,202008,0.0730339941970055,0.0555274896323681,0.0192412200232431,202007,299,4
RAPT4,202008,0.13420328500618,0.0210338793694973,0.0192412200232431,202007,299,2
RDNI3,202008,-0.0186457311089303,0.051983579993248,0.0192412200232431,202007,299,4
RENT3,202008,0.176971106885374,0.0221920181065798,0.0192412200232431,202007,299,2
RLOG3,202008,-0.172897196261682,0.0157017726451159,0.0192412200232431,202007,299,1
ROMI3,202008,0.0648300612476698,0.0312539227306843,0.0192412200232431,202007,299,3
RPAD3,202008,0.0745763208736459,0.05777982249856,0.0192412200232431,202007,299,5
SANB11,202008,-0.0210083776832249,0.00012664616224356,0.0192412200232431,202007,299,1
SAPR11,202008,-0.0520015042143337,0.0458758063614368,0.0192412200232431,202007,299,4
SAPR3,202008,-0.0596743591454546,0.0462843887507916,0.0192412200232431,202007,299,4
SAPR4,202008,-0.0378069646617398,0.064760148525238,0.0192412200232431,202007,299,5
SBSP3,202008,-0.0198953392282748,0.0287924595177174,0.0192412200232431,202007,299,3
SCAR3,202008,-0.0985059611699834,0.0201082266867161,0.0192412200232431,202007,299,2
SEER3,202008,-0.0132404865517254,0.0672944486141205,0.0192412200232431,202007,299,5
SGPS3,202008,-0.102739726027397,0.00994516350328922,0.0192412200232431,202007,299,1
SHOW3,202008,-0.0563909766349079,0.00901435967534781,0.0192412200232431,202007,299,1
SHUL4,202008,0.0603450844689104,0.016088142991066,0.0192412200232431,202007,299,1
SLCE3,202008,0.0147291609247822,0.0307585541158915,0.0192412200232431,202007,299,3
SMLS3,202008,-0.00994318181818188,0.114142164587975,0.0192412200232431,202007,299,5
SMTO3,202008,-0.0988831203701291,0.0435714758932591,0.0192412200232431,202007,299,4
SQIA3,202008,-0.130713712910986,0.00176278746221215,0.0192412200232431,202007,299,1
STBP3,202008,-0.225,0.0179414134472609,0.0192412200232431,202007,299,1
SULA11,202008,-0.0822139879573877,0.0158073212951422,0.0192412200232431,202007,299,1
SULA4,202008,-0.0666666666666667,0.0135070271790028,0.0192412200232431,202007,299,1
SUZB3,202008,-0.0926296141712027,0.0401216223835945,0.0192412200232431,202007,299,4
TAEE11,202008,-0.0109660390871338,0.0386229120194912,0.0192412200232431,202007,299,3
TAEE4,202008,-0.011615643584172,0.05055071413517,0.0192412200232431,202007,299,4
TASA4,202008,0.228615826145448,0.0621460378170013,0.0192412200232431,202007,299,5
TCSA3,202008,-0.164139174516189,0.0287411957979202,0.0192412200232431,202007,299,3
TECN3,202008,-0.11504424547516,0.0175137966871262,0.0192412200232431,202007,299,1
TEND3,202008,-0.0705447403631805,0.0179681126028299,0.0192412200232431,202007,299,2
TESA3,202008,0.022927689594356,-0.00296231778338552,0.0192412200232431,202007,299,1
TGMA3,202008,-0.194744736238415,0.0925808250904083,0.0192412200232431,202007,299,5
TIET11,202008,-0.0226666666666666,0.0799623355269432,0.0192412200232431,202007,299,5
TIET3,202008,-0.0232558139534883,0.0423887707293034,0.0192412200232431,202007,299,4
TIET4,202008,-0.0133333333333333,0.0536935813724995,0.0192412200232431,202007,299,4
TIMP3,202008,-0.0879888268156425,0.0181958675384521,0.0192412200232431,202007,299,2
TOTS3,202008,-0.0609841264364842,0.0228775423020124,0.0192412200232431,202007,299,2
TRIS3,202008,-0.118950008722167,0.00281834788620472,0.0192412200232431,202007,299,1
TRPL4,202008,0.0167988800746617,0.0490325093269348,0.0192412200232431,202007,299,4
TUPY3,202008,0.0278105681784102,0.0541384890675545,0.0192412200232431,202007,299,4
UGPA3,202008,-0.00874484702384537,0.0583096817135811,0.0192412200232431,202007,299,5
UNIP3,202008,-0.0547947386556719,0.0585880987346172,0.0192412200232431,202007,299,5
UNIP6,202008,-0.0667113483280555,0.0580397322773933,0.0192412200232431,202007,299,5
USIM3,202008,-0.0210326529807701,0.0158894378691912,0.0192412200232431,202007,299,1
USIM5,202008,-0.0118228619065581,0.0332348644733429,0.0192412200232431,202007,299,3
VALE3,202008,0.0318522694579242,0.0297963581979275,0.0192412200232431,202007,299,3
VIVT3,202008,-0.0830942717388936,0.0330551713705063,0.0192412200232431,202007,299,3
VIVT4,202008,-0.0923913043478262,0.0315880663692951,0.0192412200232431,202007,299,3
VLID3,202008,-0.15738020525281,0.0634633004665375,0.0192412200232431,202007,299,5
VULC3,202008,0.0647356871902816,0.0212143696844578,0.0192412200232431,202007,299,2
VVAR3,202008,-0.153658536585366,0.0626529008150101,0.0192412200232431,202007,299,5
WEGE3,202008,0.0172586876731919,0.0292333550751209,0.0192412200232431,202007,299,3
WIZS3,202008,-0.140318054256314,0.092384897172451,0.0192412200232431,202007,299,5
YDUQ3,202008,0.0170686972480589,0.0277442689985037,0.0192412200232431,202007,299,3
AALR3,202009,-0.0463053528097126,0.0288276188075542,0.0192412200232431,202007,299,2
ABCB4,202009,0.0391821860425803,0.0892086252570152,0.0192412200232431,202007,299,5
ABEV3,202009,-0.028708132023911,0.0729165598750114,0.0192412200232431,202007,299,4
AGRO3,202009,0.0400091505767441,0.0269904900342226,0.0192412200232431,202007,299,2
ALPA3,202009,0.0405969517152647,0.0212196931242943,0.0192412200232431,202007,299,1
ALPA4,202009,0.0607330641772181,0.017423877492547,0.0192412200232431,202007,299,1
ALSO3,202009,-0.0299325463743675,0.0233955439180136,0.0192412200232431,202007,299,2
ALUP11,202009,-0.0278973883934485,0.0672460868954659,0.0192412200232431,202007,299,4
ALUP3,202009,-0.0610276599509821,0.0404848344624043,0.0192412200232431,202007,299,3
AMAR3,202009,-0.112230247078838,0.0331993028521538,0.0192412200232431,202007,299,2
ANIM3,202009,0.0697585418203122,0.0112754693254828,0.0192412200232431,202007,299,1
APER3,202009,-0.0348837209302326,0.0397300682961941,0.0192412200232431,202007,299,3
ARZZ3,202009,0.10967979389032,0.0322904214262962,0.0192412200232431,202007,299,2
AZEV4,202009,0.763331142110776,0.0379941537976265,0.0192412200232431,202007,299,3
AZUL4,202009,-0.0750615258408531,0.102441102266312,0.0192412200232431,202007,299,5
B3SA3,202009,-0.0719867755767455,0.0276324227452278,0.0192412200232431,202007,299,2
BBAS3,202009,0.00607695961882704,0.0747640803456307,0.0192412200232431,202007,299,4
BBDC3,202009,0.00928886133010187,0.0777244940400124,0.0192412200232431,202007,299,4
BBDC4,202009,0.0396509291801921,0.0710873976349831,0.0192412200232431,202007,299,4
BBRK3,202009,-0.160919540229885,0.0236573219299316,0.0192412200232431,202007,299,2
BBSE3,202009,-0.0243096546926651,0.0820617228746414,0.0192412200232431,202007,299,5
BEEF11,202009,-0.25615763546798,-0.0426752716302872,0.0192412200232431,202007,299,1
BEEF3,202009,-0.150766550573115,0.042841013520956,0.0192412200232431,202007,299,3
BIDI11,202009,-0.0635593220338984,0.0273499879986048,0.0192412200232431,202007,299,2
BIDI3,202009,0.0147492625368733,-0.00730932131409645,0.0192412200232431,202007,299,1
BIDI4,202009,-0.116229244777718,0.00588441081345081,0.0192412200232431,202007,299,1
BKBR3,202009,-0.0905695611577965,0.010587609373033,0.0192412200232431,202007,299,1
BPAC11,202009,-0.010158145291992,0.0287711955606937,0.0192412200232431,202007,299,2
BPAC3,202009,-0.0260758207799592,0.0679614171385765,0.0192412200232431,202007,299,4
BPAC5,202009,-0.0105883335729592,0.00973105803132057,0.0192412200232431,202007,299,1
BPAN4,202009,-0.0812807881773399,0.0850250422954559,0.0192412200232431,202007,299,5
BRAP3,202009,0.0410512904661917,0.00961366947740316,0.0192412200232431,202007,299,1
BRAP4,202009,0.0412118284189942,0.0295574497431517,0.0192412200232431,202007,299,2
BRDT3,202009,-0.0481389578163771,0.059594202786684,0.0192412200232431,202007,299,4
BRFS3,202009,-0.0870511425462458,0.129983484745026,0.0192412200232431,202007,299,5
BRGE3,202009,0.0279792746113989,0.0191237330436707,0.0192412200232431,202007,299,1
BRIV3,202009,0.0458823529411765,0.0552003905177116,0.0192412200232431,202007,299,4
BRKM5,202009,0.0986051180577148,0.0523332878947258,0.0192412200232431,202007,299,3
BRML3,202009,-0.0262529832935562,0.0721015781164169,0.0192412200232431,202007,299,4
BRPR3,202009,-0.0366667757056336,0.0778132081031799,0.0192412200232431,202007,299,5
BRSR3,202009,0.020999399281723,0.0540986731648445,0.0192412200232431,202007,299,3
BRSR6,202009,0.00586772561824023,0.0791054740548134,0.0192412200232431,202007,299,5
BTOW3,202009,-0.163814180929096,0.0713422670960426,0.0192412200232431,202007,299,4
CAML3,202009,-0.0296949416635527,0.0535911880433559,0.0192412200232431,202007,299,3
CARD3,202009,-0.0488338192419825,0.0141830779612064,0.0192412200232431,202007,299,1
CCPR3,202009,0.0147286821705426,0.0943687260150909,0.0192412200232431,202007,299,5
CCRO3,202009,-0.119179163378058,0.0841785818338394,0.0192412200232431,202007,299,5
CESP3,202009,0.00096711798839455,0.0536993592977524,0.0192412200232431,202007,299,3
CESP6,202009,-0.0555752212389381,0.0850713327527046,0.0192412200232431,202007,299,5
CGRA4,202009,0.0822223231228889,0.0513904057443142,0.0192412200232431,202007,299,3
CIEL3,202009,-0.142493638676845,0.136664316058159,0.0192412200232431,202007,299,5
CLSC4,202009,-0.0249954160179637,0.02170455083251,0.0192412200232431,202007,299,2
CMIG3,202009,0.0859815699960835,0.0760075747966766,0.0192412200232431,202007,299,4
CMIG4,202009,0.0148517042245548,0.0827936381101608,0.0192412200232431,202007,299,5
CNTO3,202009,-0.0961008270972824,0.00878144428133965,0.0192412200232431,202007,299,1
COCE5,202009,-0.00317244152818696,0.0331053547561169,0.0192412200232431,202007,299,2
COGN3,202009,-0.171814529241567,0.139087796211243,0.0192412200232431,202007,299,5
CPFE3,202009,0.0112482753649785,0.0507757887244225,0.0192412200232431,202007,299,3
CPLE3,202009,-0.0500001818529514,0.013929596170783,0.0192412200232431,202007,299,1
CPLE6,202009,-0.00403160780519274,0.0647725611925125,0.0192412200232431,202007,299,4
CRDE3,202009,-0.0358744394618834,0.0237757842987776,0.0192412200232431,202007,299,2
CRFB3,202009,-0.0995607613469985,0.0893555954098702,0.0192412200232431,202007,299,5
CRIV3,202009,-0.0721649484536082,0.0575284250080586,0.0192412200232431,202007,299,4
CSAN3,202009,-0.0488805348333976,0.0224607959389687,0.0192412200232431,202007,299,2
CSMG3,202009,-0.0840999865718577,0.0831855088472366,0.0192412200232431,202007,299,5
CSNA3,202009,0.244848557182048,0.0815421044826508,0.0192412200232431,202007,299,5
CTNM4,202009,0.0164835443148523,0.0672012865543366,0.0192412200232431,202007,299,4
CVCB3,202009,-0.238685691664228,0.124893732368946,0.0192412200232431,202007,299,5
CYRE3,202009,-0.0193629111532405,0.0654924586415291,0.0192412200232431,202007,299,4
DIRR3,202009,-0.119286869580544,0.0616330169141293,0.0192412200232431,202007,299,4
DMMO3,202009,0.0263157894736843,0.0674830004572868,0.0192412200232431,202007,299,4
DTEX3,202009,0.0691578360290017,0.058536347001791,0.0192412200232431,202007,299,4
ECOR3,202009,-0.156250092100571,0.0463377349078655,0.0192412200232431,202007,299,3
EGIE3,202009,-0.0114001803548105,0.0856231153011322,0.0192412200232431,202007,299,5
ELET3,202009,0.0244063324538257,0.0175939612090588,0.0192412200232431,202007,299,1
ELET6,202009,-0.00641231163834577,0.0521311759948731,0.0192412200232431,202007,299,3
EMBR3,202009,-0.0336538461538461,0.169311314821243,0.0192412200232431,202007,299,5
ENAT3,202009,-0.021694214876033,0.0764708295464516,0.0192412200232431,202007,299,4
ENBR3,202009,-0.0235496840896037,0.0524003803730011,0.0192412200232431,202007,299,3
ENEV3,202009,0.093555096522947,0.0124691845849156,0.0192412200232431,202007,299,1
ENGI11,202009,0.00895883378140505,0.0918656885623932,0.0192412200232431,202007,299,5
EQPA3,202009,-0.101226977938929,0.00952300243079662,0.0192412200232431,202007,299,1
EQTL3,202009,-0.0590176730584395,0.0198208726942539,0.0192412200232431,202007,299,1
EUCA4,202009,0.158059437013412,0.0112192630767822,0.0192412200232431,202007,299,1
EVEN3,202009,-0.0745061051553609,0.0414130724966526,0.0192412200232431,202007,299,3
EZTC3,202009,-0.00397288308428645,0.0831503048539162,0.0192412200232431,202007,299,5
FESA4,202009,0.0424313820396329,0.0331451259553432,0.0192412200232431,202007,299,2
FLRY3,202009,0.0328549679225734,0.0571065284311771,0.0192412200232431,202007,299,4
FRAS3,202009,0.0632688091682196,0.0492307059466839,0.0192412200232431,202007,299,3
GEPA3,202009,-0.00602404115241684,0.0560808926820755,0.0192412200232431,202007,299,4
GEPA4,202009,0.0127715479374149,0.0547810420393944,0.0192412200232431,202007,299,4
GFSA3,202009,-0.120092345745105,0.0867308974266052,0.0192412200232431,202007,299,5
GGBR3,202009,0.0640798186474652,0.0174352712929249,0.0192412200232431,202007,299,1
GGBR4,202009,0.048557517453391,0.0103602819144726,0.0192412200232431,202007,299,1
GNDI3,202009,0.0106055948355364,0.0126246986910701,0.0192412200232431,202007,299,1
GOAU3,202009,0.0133495036793747,0.0598343275487423,0.0192412200232431,202007,299,4
GOAU4,202009,0.0425529504706086,0.0385085456073284,0.0192412200232431,202007,299,3
GOLL4,202009,-0.0813817330210772,0.0852529630064964,0.0192412200232431,202007,299,5
GRND3,202009,0.0456323920674313,0.00256011192686856,0.0192412200232431,202007,299,1
GUAR3,202009,-0.0229555236728838,0.0566527172923088,0.0192412200232431,202007,299,4
HAPV3,202009,0.0358866209855853,0.0269449837505817,0.0192412200232431,202007,299,2
HBOR3,202009,-0.132752115388317,0.0662141665816307,0.0192412200232431,202007,299,4
HGTX3,202009,-0.0490137477585176,0.0513686202466488,0.0192412200232431,202007,299,3
HYPE3,202009,-0.0555908105644322,0.019193647429347,0.0192412200232431,202007,299,1
IGTA3,202009,-0.0247154471544716,0.0799145400524139,0.0192412200232431,202007,299,5
IRBR3,202009,-0.180240258877769,0.156640976667404,0.0192412200232431,202007,299,5
ITSA3,202009,0.0157477209834198,0.0925346538424492,0.0192412200232431,202007,299,5
ITSA4,202009,0.0329547077186962,0.0446868091821671,0.0192412200232431,202007,299,3
ITUB3,202009,0.0287854049384737,0.0880787223577499,0.0192412200232431,202007,299,5
ITUB4,202009,0.0442519873796892,0.0500256791710854,0.0192412200232431,202007,299,3
JBSS3,202009,-0.0590227382680214,0.0398598313331604,0.0192412200232431,202007,299,3
JHSF3,202009,-0.0731423215685312,0.0536534301936626,0.0192412200232431,202007,299,3
JOPA3,202009,0.109324685350914,0.0539615526795387,0.0192412200232431,202007,299,3
JPSA3,202009,0.00190930787589494,0.0263149868696928,0.0192412200232431,202007,299,2
KEPL3,202009,-0.0205930989163429,0.0323440693318844,0.0192412200232431,202007,299,2
KLBN11,202009,-0.000420001788628333,0.0223794505000114,0.0192412200232431,202007,299,2
KLBN3,202009,-0.0475247950351089,0.0284800883382559,0.0192412200232431,202007,299,2
KLBN4,202009,0.00851062201513519,0.0484127923846245,0.0192412200232431,202007,299,3
KROT11,202009,-0.171814671814672,0.139265596866608,0.0192412200232431,202007,299,5
LAME3,202009,-0.173360655737705,0.0431788377463818,0.0192412200232431,202007,299,3
LAME4,202009,-0.181754138781261,0.0572898127138615,0.0192412200232431,202007,299,4
LCAM3,202009,0.0585263157894738,-0.00777490064501762,0.0192412200232431,202007,299,1
LEVE3,202009,0.0525072434684661,0.0339363999664784,0.0192412200232431,202007,299,2
LIGT3,202009,0.330344820024286,0.0722960084676743,0.0192412200232431,202007,299,4
LINX3,202009,0.0372832369942195,0.042607344686985,0.0192412200232431,202007,299,3
LLIS3,202009,-0.176829268292683,0.172667160630226,0.0192412200232431,202007,299,5
LOGG3,202009,0.0425674339352817,0.0702684745192528,0.0192412200232431,202007,299,4
LOGN3,202009,-0.135317999738417,0.0081977741792798,0.0192412200232431,202007,299,1
LPSB3,202009,-0.0688975295720042,0.0512454435229302,0.0192412200232431,202007,299,3
LREN3,202009,-0.0554852218995454,0.0345331504940987,0.0192412200232431,202007,299,2
MDIA3,202009,-0.0500589287598371,0.0196480005979538,0.0192412200232431,202007,299,1
MEAL3,202009,-0.108359102961543,0.117321729660034,0.0192412200232431,202007,299,5
MGLU3,202009,0.104484294599554,0.0222708526998758,0.0192412200232431,202007,299,2
MILS3,202009,-0.0992906258897541,0.100493371486664,0.0192412200232431,202007,299,5
MOVI3,202009,0.115621037250476,0.0393100865185261,0.0192412200232431,202007,299,3
MRFG3,202009,-0.0970491803278689,0.0694806352257729,0.0192412200232431,202007,299,4
MRVE3,202009,0.0675893223276489,0.055678766220808,0.0192412200232431,202007,299,4
MULT3,202009,-0.0236748442804269,-0.000231009296840057,0.0192412200232431,202007,299,1
MYPK3,202009,-0.0306569138042434,0.0884905382990837,0.0192412200232431,202007,299,5
NEOE3,202009,0.0241460541813898,0.0717777088284493,0.0192412200232431,202007,299,4
ODPV3,202009,0.0508333333333333,0.0799216702580452,0.0192412200232431,202007,299,5
OFSA3,202009,-0.0184533367010049,0.015267145819962,0.0192412200232431,202007,299,1
OIBR3,202009,-0.114285714285714,0.0114846611395478,0.0192412200232431,202007,299,1
OIBR4,202009,-0.173553719008264,0.0285782776772976,0.0192412200232431,202007,299,2
OMGE3,202009,-0.0781207320404261,0.0124574936926365,0.0192412200232431,202007,299,1
PARD3,202009,-0.0555066079295153,0.0824041366577148,0.0192412200232431,202007,299,5
PCAR3,202009,-0.111700651790796,0.0946376323699951,0.0192412200232431,202007,299,5
PDTC3,202009,-0.0999999567452252,-0.0200714152306318,0.0192412200232431,202007,299,1
PETR3,202009,-0.0389479313440417,0.071013443171978,0.0192412200232431,202007,299,4
PETR4,202009,-0.0341663113051077,0.0494518503546715,0.0192412200232431,202007,299,3
PFRM3,202009,0.0533048055263521,0.0591497644782066,0.0192412200232431,202007,299,4
PNVL3,202009,-0.088117432473063,0.0255215708166361,0.0192412200232431,202007,299,2
POMO3,202009,-0.062745266190825,0.0224712770432234,0.0192412200232431,202007,299,2
POMO4,202009,-0.0858211993780866,0.0759756863117218,0.0192412200232431,202007,299,4
POSI3,202009,-0.0898875510288174,-0.0581895373761654,0.0192412200232431,202007,299,1
PRIO3,202009,-0.102321624370485,-0.00279841106384993,0.0192412200232431,202007,299,1
PSSA3,202009,-0.0172017620071291,0.0351597405970097,0.0192412200232431,202007,299,2
PTBL3,202009,0.195817588387158,0.0179783888161182,0.0192412200232431,202007,299,1
QUAL3,202009,-0.058537009332533,0.0393201299011707,0.0192412200232431,202007,299,3
RADL3,202009,0.0273271373801522,0.026900814846158,0.0192412200232431,202007,299,2
RAIL3,202009,-0.0377755275733689,0.0479236356914043,0.0192412200232431,202007,299,3
RANI3,202009,-0.0282608584313873,0.0304439850151539,0.0192412200232431,202007,299,2
RAPT3,202009,0.00523538130896162,0.0604200810194016,0.0192412200232431,202007,299,4
RAPT4,202009,0.042727857026333,0.0540992356836796,0.0192412200232431,202007,299,3
RDNI3,202009,-0.0199999999999999,0.0654459372162819,0.0192412200232431,202007,299,4
RENT3,202009,0.070760526505995,0.0230038389563561,0.0192412200232431,202007,299,2
RLOG3,202009,-0.0740112994350282,0.0148082226514816,0.0192412200232431,202007,299,1
ROMI3,202009,0.18796706342756,0.0361720435321331,0.0192412200232431,202007,299,2
RPAD3,202009,0.111987425446545,0.0614972449839115,0.0192412200232431,202007,299,4
SANB11,202009,0.139127339735003,0.0261564087122679,0.0192412200232431,202007,299,2
SAPR11,202009,-0.0662983379092331,0.0855809897184372,0.0192412200232431,202007,299,5
SAPR3,202009,-0.0807693415722285,0.0425485633313656,0.0192412200232431,202007,299,3
SAPR4,202009,-0.0648331793333382,0.0842133238911629,0.0192412200232431,202007,299,5
SBSP3,202009,-0.091880308522361,0.0898896083235741,0.0192412200232431,202007,299,5
SCAR3,202009,0.0252808948202756,-0.000148136197822168,0.0192412200232431,202007,299,1
SEER3,202009,-0.060734456232859,0.0500068180263042,0.0192412200232431,202007,299,3
SGPS3,202009,-0.0885496183206107,0.017302893102169,0.0192412200232431,202007,299,1
SHOW3,202009,-0.0796812736894026,0.106309473514557,0.0192412200232431,202007,299,5
SHUL4,202009,-0.0239523596693882,0.0269745048135519,0.0192412200232431,202007,299,2
SLCE3,202009,0.00313861041122077,0.0269972793757916,0.0192412200232431,202007,299,2
SMLS3,202009,0.0351506456241033,0.154872551560402,0.0192412200232431,202007,299,5
SMTO3,202009,-0.0335170033765492,0.0311311855912209,0.0192412200232431,202007,299,2
SQIA3,202009,-0.0428966789667896,-0.0435562953352928,0.0192412200232431,202007,299,1
STBP3,202009,-0.0248138957816377,0.0812189802527428,0.0192412200232431,202007,299,5
SULA11,202009,0.00908402725208179,0.0476859249174595,0.0192412200232431,202007,299,3
SULA4,202009,-0.00168067226890756,0.0262530911713839,0.0192412200232431,202007,299,2
SUZB3,202009,0.0987925084074977,0.0504783987998962,0.0192412200232431,202007,299,3
TAEE11,202009,0.00679556558121108,0.0536359250545502,0.0192412200232431,202007,299,3
TAEE4,202009,0.00534146834016824,0.034238550812006,0.0192412200232431,202007,299,2
TASA4,202009,-0.0468354164781436,0.0661926344037056,0.0192412200232431,202007,299,4
TCSA3,202009,-0.155816441406483,0.0213083848357201,0.0192412200232431,202007,299,1
TECN3,202009,0.01000006791368,0.00222396710887551,0.0192412200232431,202007,299,1
TEND3,202009,-0.0535588684346794,0.0431853719055653,0.0192412200232431,202007,299,3
TESA3,202009,-0.0620689655172413,0.00464188074693084,0.0192412200232431,202007,299,1
TGMA3,202009,0.0100764419735928,0.0307603292167187,0.0192412200232431,202007,299,2
TIET11,202009,0.00272851296043641,0.071628712117672,0.0192412200232431,202007,299,4
TIET3,202009,0,0.0510051399469376,0.0192412200232431,202007,299,3
TIET4,202009,-0.0101351351351351,0.0400518141686916,0.0192412200232431,202007,299,3
TIMP3,202009,0.0306278713629402,0.0506366975605488,0.0192412200232431,202007,299,3
TOTS3,202009,-0.00368991064147117,0.0364029556512833,0.0192412200232431,202007,299,2
TRIS3,202009,-0.0195531694222439,0.0204436741769314,0.0192412200232431,202007,299,1
TRPL4,202009,0.0789352914180819,0.0646282806992531,0.0192412200232431,202007,299,4
TUPY3,202009,0.0863558190274192,0.0570677109062672,0.0192412200232431,202007,299,4
UCAS3,202009,0.0275000039719802,0.0315416269004345,0.0192412200232431,202007,299,2
UGPA3,202009,-0.149973898202724,0.0366031005978584,0.0192412200232431,202007,299,2
UNIP3,202009,0.00869591506763978,0.063807986676693,0.0192412200232431,202007,299,4
UNIP6,202009,0.0865659462013775,0.0419421456754208,0.0192412200232431,202007,299,3
USIM3,202009,0.151367506550071,0.0168903637677431,0.0192412200232431,202007,299,1
USIM5,202009,0.0867398959027081,0.0560055375099182,0.0192412200232431,202007,299,4
VALE3,202009,0.024361323282506,0.0334424711763859,0.0192412200232431,202007,299,2
VIVT3,202009,-0.032645847437175,0.039408203214407,0.0192412200232431,202007,299,3
VIVT4,202009,-0.020267157991709,0.0878508985042572,0.0192412200232431,202007,299,5
VLID3,202009,-0.15313219510794,0.109239347279072,0.0192412200232431,202007,299,5
VULC3,202009,0.0512001065369587,0.014057632535696,0.0192412200232431,202007,299,1
VVAR3,202009,-0.0109510086455332,0.0522463172674179,0.0192412200232431,202007,299,3
WEGE3,202009,0.154185808047308,0.0460341237485409,0.0192412200232431,202007,299,3
WIZS3,202009,-0.0272034820457019,0.0255798753350973,0.0192412200232431,202007,299,2
YDUQ3,202009,-0.16380879923478,0.108957886695862,0.0192412200232431,202007,299,5
AALR3,202010,0.11983469120263,0.118596307933331,0.0192412200232431,202007,299,5
ABCB4,202010,0.190164011220096,0.0581995397806168,0.0192412200232431,202007,299,2
ABEV3,202010,0.147783240910536,0.0690233781933785,0.0192412200232431,202007,299,3
AGRO3,202010,0.245766363262679,0.0398366451263428,0.0192412200232431,202007,299,1
ALPA3,202010,0.0958119836284645,0.0251983311027288,0.0192412200232431,202007,299,1
ALPA4,202010,-0.0091312884516157,0.0202997140586376,0.0192412200232431,202007,299,1
ALSO3,202010,0.140808344198175,0.105255082249641,0.0192412200232431,202007,299,5
ALUP11,202010,0.0821195177968763,0.0635802820324898,0.0192412200232431,202007,299,2
AMAR3,202010,0.087520302367402,0.102423600852489,0.0192412200232431,202007,299,5
ANIM3,202010,0.286277391603327,0.064851813018322,0.0192412200232431,202007,299,3
APER3,202010,0.10671256454389,0.0574563406407833,0.0192412200232431,202007,299,2
ARZZ3,202010,0.151741293532338,0.0672999769449234,0.0192412200232431,202007,299,3
AZEV4,202010,-0.208530776945355,0.0611287802457809,0.0192412200232431,202007,299,2
AZUL4,202010,0.686031042128603,0.115699410438538,0.0192412200232431,202007,299,5
B3SA3,202010,0.0995105018443525,0.0401484407484531,0.0192412200232431,202007,299,1
BBAS3,202010,0.142807239511932,0.0725010335445404,0.0192412200232431,202007,299,4
BBDC3,202010,0.192628151472903,0.0671401694417,0.0192412200232431,202007,299,3
BBDC4,202010,0.206455522778756,0.0706205740571022,0.0192412200232431,202007,299,4
BBRK3,202010,0.280821917808219,0.00235850573517382,0.0192412200232431,202007,299,1
BBSE3,202010,0.206080869438412,0.0699276104569435,0.0192412200232431,202007,299,4
BEEF11,202010,-0.00662251655629143,-0.0246261451393366,0.0192412200232431,202007,299,1
BEEF3,202010,0.0285964166262664,0.0203451476991177,0.0192412200232431,202007,299,1
BIDI11,202010,0.433798937635255,0.0451726466417313,0.0192412200232431,202007,299,1
BIDI3,202010,0.391860465116279,0.0449018143117428,0.0192412200232431,202007,299,1
BIDI4,202010,0.478787878787879,0.0453835874795914,0.0192412200232431,202007,299,1
BKBR3,202010,0.0985626283367555,0.0436444655060768,0.0192412200232431,202007,299,1
BPAC11,202010,0.0931913611085731,0.0441168770194054,0.0192412200232431,202007,299,1
BPAC3,202010,0.149467109153808,0.0697078406810761,0.0192412200232431,202007,299,3
BPAC5,202010,0.0434008779049264,0.0682450607419014,0.0192412200232431,202007,299,3
BPAN4,202010,0.281501340482574,0.0683179944753647,0.0192412200232431,202007,299,3
BRAP3,202010,0.362949043308072,0.0336335599422455,0.0192412200232431,202007,299,1
BRAP4,202010,0.349112190829329,0.0183571949601173,0.0192412200232431,202007,299,1
BRDT3,202010,0.0703858185610011,0.0737983211874962,0.0192412200232431,202007,299,4
BRFS3,202010,0.312872467222884,0.119479738175869,0.0192412200232431,202007,299,5
BRGE3,202010,0.0181451612903225,0.0242739263921976,0.0192412200232431,202007,299,1
BRIV3,202010,0.00112485939257589,0.0646898671984673,0.0192412200232431,202007,299,3
BRKM5,202010,-0.0105078492776136,0.0693817213177681,0.0192412200232431,202007,299,3
BRML3,202010,0.199754901960784,0.105673626065254,0.0192412200232431,202007,299,5
BRPR3,202010,0.212226283760004,0.0688867419958115,0.0192412200232431,202007,299,3
BRSR3,202010,0.0319149965975789,0.0600910000503063,0.0192412200232431,202007,299,2
BRSR6,202010,0.0999999017510904,0.0718134045600891,0.0192412200232431,202007,299,4
BTOW3,202010,-0.0643274853801168,0.0923917889595032,0.0192412200232431,202007,299,5
CAML3,202010,-0.0785773161944862,0.0648646354675293,0.0192412200232431,202007,299,3
CARD3,202010,0.12183908045977,0.0400074161589146,0.0192412200232431,202007,299,1
CCPR3,202010,0.0542398777692896,0.103261239826679,0.0192412200232431,202007,299,5
CCRO3,202010,0.168458781362007,0.0706150978803635,0.0192412200232431,202007,299,4
CESP3,202010,-0.0859903381642513,0.0680298879742622,0.0192412200232431,202007,299,3
CESP6,202010,0.0461019490254873,0.0756936743855476,0.0192412200232431,202007,299,4
CGRA4,202010,0.0749485288807528,0.0721853375434876,0.0192412200232431,202007,299,4
CIEL3,202010,0.0534124629080117,0.133633300662041,0.0192412200232431,202007,299,5
CLSC4,202010,0.00990519355592956,0.0591963790357113,0.0192412200232431,202007,299,2
CMIG3,202010,0.218588595359333,0.0784217342734337,0.0192412200232431,202007,299,4
CMIG4,202010,0.232195299210327,0.0728070065379143,0.0192412200232431,202007,299,4
CNTO3,202010,0.157298474945534,0.0487463511526585,0.0192412200232431,202007,299,2
COCE5,202010,-0.0636515706221696,0.070790059864521,0.0192412200232431,202007,299,4
COGN3,202010,0.0932400446263815,0.134743109345436,0.0192412200232431,202007,299,5
CPFE3,202010,0.124865497430765,0.0670035853981972,0.0192412200232431,202007,299,3
CPLE3,202010,0.186851239891459,0.0640255436301231,0.0192412200232431,202007,299,3
CPLE6,202010,0.105408031088083,0.0721468254923821,0.0192412200232431,202007,299,4
CRDE3,202010,0.00418604651162791,0.0388121157884598,0.0192412200232431,202007,299,1
CRFB3,202010,0.0899728997289973,0.0509687773883343,0.0192412200232431,202007,299,2
CRIV3,202010,0.0203703703703704,0.0611500032246113,0.0192412200232431,202007,299,2
CSAN3,202010,0.193106847244479,0.0924182310700417,0.0192412200232431,202007,299,5
CSMG3,202010,0.187499474865575,0.0628690049052239,0.0192412200232431,202007,299,2
CSNA3,202010,0.144595609783871,0.0567081496119499,0.0192412200232431,202007,299,2
CTNM4,202010,0.0540540006464365,0.0691927447915077,0.0192412200232431,202007,299,3
CVCB3,202010,0.484527785919711,0.101128481328487,0.0192412200232431,202007,299,5
CYRE3,202010,0.18736264642229,0.0521785728633404,0.0192412200232431,202007,299,2
DIRR3,202010,0.110914219178295,0.0651334077119827,0.0192412200232431,202007,299,3
DMMO11,202010,0.16,0.0284025948494673,0.0192412200232431,202007,299,1
DMMO3,202010,0.145299145299145,0.0689559206366539,0.0192412200232431,202007,299,3
DTEX3,202010,-0.0203442879499218,0.0663950443267822,0.0192412200232431,202007,299,3
ECOR3,202010,0.204204261896393,0.0813811048865318,0.0192412200232431,202007,299,4
EGIE3,202010,0.0614187806912947,0.0606986656785011,0.0192412200232431,202007,299,2
ELET3,202010,0,0.0574704967439175,0.0192412200232431,202007,299,2
ELET6,202010,0.0325911584382059,0.0648394823074341,0.0192412200232431,202007,299,3
EMBR3,202010,0.343283582089552,0.173538535833359,0.0192412200232431,202007,299,5
ENAT3,202010,0.092925026399155,0.0910261198878288,0.0192412200232431,202007,299,5
ENBR3,202010,0.0911764705882354,0.0658744126558304,0.0192412200232431,202007,299,3
ENEV3,202010,0.107224398630364,0.0569830574095249,0.0192412200232431,202007,299,2
ENGI11,202010,0.107271422762496,0.0719952657818794,0.0192412200232431,202007,299,4
EQPA3,202010,0.058020662402767,0.0354013293981552,0.0192412200232431,202007,299,1
EQTL3,202010,0.0933264513392322,0.0534572154283524,0.0192412200232431,202007,299,2
ETER3,202010,0.580021179970577,0.0534792989492416,0.0192412200232431,202007,299,2
EUCA4,202010,-0.013513465503839,0.0119820469990373,0.0192412200232431,202007,299,1
EVEN3,202010,0.208535050193439,0.0895059406757355,0.0192412200232431,202007,299,5
EZTC3,202010,0.166666783298752,0.0714150816202164,0.0192412200232431,202007,299,4
FESA4,202010,0.0445541250582229,0.0358047597110271,0.0192412200232431,202007,299,1
FLRY3,202010,-0.0288848529859093,0.0577461384236813,0.0192412200232431,202007,299,2
GEPA3,202010,0.0181818577547681,0.0567414611577988,0.0192412200232431,202007,299,2
GEPA4,202010,-0.0265485867311999,0.0602295882999897,0.0192412200232431,202007,299,2
GFSA3,202010,0.115485495132307,0.117558769881725,0.0192412200232431,202007,299,5
GGBR3,202010,0.0342257698628505,0.025806050747633,0.0192412200232431,202007,299,1
GGBR4,202010,0.0417757686560964,0.0687785372138023,0.0192412200232431,202007,299,3
GNDI3,202010,0.0418250950570342,0.0691642239689827,0.0192412200232431,202007,299,3
GOAU3,202010,0.0709018474822964,0.0638774484395981,0.0192412200232431,202007,299,3
GOAU4,202010,0.0542309491474358,0.0642314255237579,0.0192412200232431,202007,299,3
GOLL4,202010,0.499043977055449,0.123598337173462,0.0192412200232431,202007,299,5
GRND3,202010,0.0354150893646998,0.043701171875,0.0192412200232431,202007,299,1
GUAR3,202010,0.205580029368576,0.111282475292683,0.0192412200232431,202007,299,5
HAPV3,202010,0.120087021375096,0.0659473389387131,0.0192412200232431,202007,299,3
HBOR3,202010,0.224581086036821,0.102558225393295,0.0192412200232431,202007,299,5
HGTX3,202010,0.0930232558139534,0.0901153460144997,0.0192412200232431,202007,299,5
HYPE3,202010,0.1508959868811,0.0863334387540817,0.0192412200232431,202007,299,5
IGTA3,202010,0.205735245081694,0.060485415160656,0.0192412200232431,202007,299,2
IRBR3,202010,0.0798043457676669,0.10803359746933,0.0192412200232431,202007,299,5
ITSA3,202010,0.0687987682644395,0.0855030566453934,0.0192412200232431,202007,299,5
ITSA4,202010,0.163916301998157,0.0700506269931793,0.0192412200232431,202007,299,4
ITUB3,202010,0.172774969339229,0.0623686835169792,0.0192412200232431,202007,299,2
ITUB4,202010,0.217131752817723,0.0715962424874306,0.0192412200232431,202007,299,4
JBSS3,202010,0.190231362467866,0.0718382000923157,0.0192412200232431,202007,299,4
JHSF3,202010,0.141524029010031,0.0299799889326096,0.0192412200232431,202007,299,1
JOPA3,202010,0.0159421953484051,0.0661784186959267,0.0192412200232431,202007,299,3
JPSA3,202010,0.150071462601239,0.0879984050989151,0.0192412200232431,202007,299,5
KEPL3,202010,-0.00231521594396644,0.0312632210552692,0.0192412200232431,202007,299,1
KLBN11,202010,0.0512819119656507,0.0636247619986534,0.0192412200232431,202007,299,3
KLBN4,202010,0.052742440093934,0.0819519907236099,0.0192412200232431,202007,299,4
KROT11,202010,0.0932400932400934,0.156849816441536,0.0192412200232431,202007,299,5
LAME3,202010,-0.0857709469509173,0.0856957733631134,0.0192412200232431,202007,299,5
LAME4,202010,-0.0129143349117521,0.0797979831695557,0.0192412200232431,202007,299,4
LCAM3,202010,0.0835322195704056,0.0563424900174141,0.0192412200232431,202007,299,2
LEVE3,202010,0.0751118484145794,0.0523990839719772,0.0192412200232431,202007,299,2
LIGT3,202010,0.202695788622783,0.0871193036437035,0.0192412200232431,202007,299,5
LINX3,202010,0.0169963778211202,0.0681445226073265,0.0192412200232431,202007,299,3
LLIS3,202010,0.185185185185185,0.15653470158577,0.0192412200232431,202007,299,5
LOGG3,202010,0.0963317282727418,0.0713891014456749,0.0192412200232431,202007,299,4
LOGN3,202010,0.217527444814679,0.0995849072933197,0.0192412200232431,202007,299,5
LPSB3,202010,0.0232557657471082,0.0770514309406281,0.0192412200232431,202007,299,4
LREN3,202010,0.193057198035576,0.0799935907125473,0.0192412200232431,202007,299,4
MDIA3,202010,0.000308302859994614,0.02028514072299,0.0192412200232431,202007,299,1
MEAL3,202010,0.458333209156995,0.175117179751396,0.0192412200232431,202007,299,5
MGLU3,202010,-0.0507510724950124,0.0464610271155834,0.0192412200232431,202007,299,2
MILS3,202010,0.265747925934172,0.104608625173569,0.0192412200232431,202007,299,5
MOVI3,202010,0.0815878840153546,0.0646480694413185,0.0192412200232431,202007,299,3
MRFG3,202010,0.066085693536674,0.0757352262735367,0.0192412200232431,202007,299,4
MRVE3,202010,0.123442230962395,0.0654754340648651,0.0192412200232431,202007,299,3
MULT3,202010,0.195044969938061,0.0711598470807076,0.0192412200232431,202007,299,4
MYPK3,202010,0.164909788442818,0.0723241344094276,0.0192412200232431,202007,299,4
NEOE3,202010,0.0471535365152387,0.0789810121059418,0.0192412200232431,202007,299,4
ODPV3,202010,0.0380650277557495,0.0774469003081322,0.0192412200232431,202007,299,4
OFSA3,202010,0.25347995000231,0.0494643785059452,0.0192412200232431,202007,299,2
OIBR3,202010,0.367741935483871,0.0476151704788208,0.0192412200232431,202007,299,2
OIBR4,202010,0.51,0.0240628942847252,0.0192412200232431,202007,299,1
OMGE3,202010,0.0903703703703702,0.0147910518571734,0.0192412200232431,202007,299,1
PARD3,202010,0.036847014925373,0.0669330805540085,0.0192412200232431,202007,299,3
PCAR3,202010,0.117836906100385,0.0577468238770962,0.0192412200232431,202007,299,2
PDTC3,202010,0.209876482392124,0.0495201870799065,0.0192412200232431,202007,299,2
PETR3,202010,0.344736621077065,0.065962553024292,0.0192412200232431,202007,299,3
PETR4,202010,0.31467807311514,0.0656341090798378,0.0192412200232431,202007,299,3
PFRM3,202010,0.0850200372898966,0.063152089715004,0.0192412200232431,202007,299,2
PNVL3,202010,0.0773420084620127,0.0254258140921593,0.0192412200232431,202007,299,1
POMO4,202010,0.134693980285616,0.108625672757626,0.0192412200232431,202007,299,5
POSI3,202010,0.264197374882614,-0.0278864186257124,0.0192412200232431,202007,299,1
PRIO3,202010,0.601851977516058,-0.0149678308516741,0.0192412200232431,202007,299,1
PSSA3,202010,0.0115155101947224,0.0664733126759529,0.0192412200232431,202007,299,3
PTBL3,202010,0.0937996564542454,0.0241470616310835,0.0192412200232431,202007,299,1
QUAL3,202010,0.042098582223097,0.056262768805027,0.0192412200232431,202007,299,2
RADL3,202010,0.0743974251071369,0.0316270589828491,0.0192412200232431,202007,299,1
RAIL3,202010,0.0338059309772925,0.0781222954392433,0.0192412200232431,202007,299,4
RANI3,202010,0.148997264687123,0.049666989594698,0.0192412200232431,202007,299,2
RAPT3,202010,0.143749929301682,0.0557958967983723,0.0192412200232431,202007,299,2
RAPT4,202010,0.158392665839238,0.0783428773283958,0.0192412200232431,202007,299,4
RDNI3,202010,0.112244897959184,0.0740378871560097,0.0192412200232431,202007,299,4
RENT3,202010,0.107778270206644,0.0246426723897457,0.0192412200232431,202007,299,1
RLOG3,202010,0.0298962782184258,0.0636028423905373,0.0192412200232431,202007,299,3
ROMI3,202010,-0.000814879195611407,0.0407031364738941,0.0192412200232431,202007,299,1
RPAD3,202010,-0.121985895679645,0.0707419738173485,0.0192412200232431,202007,299,4
SANB11,202010,0.239695265263116,0.0302615724503994,0.0192412200232431,202007,299,1
SAPR11,202010,0.0617075132833864,0.0923413634300232,0.0192412200232431,202007,299,5
SAPR4,202010,0.0483192282761484,0.0891997218132019,0.0192412200232431,202007,299,5
SBSP3,202010,0.0480000026447776,0.0678810998797417,0.0192412200232431,202007,299,3
SCAR3,202010,0.342191747524757,0.0849017798900604,0.0192412200232431,202007,299,5
SEER3,202010,0.0952222682916932,0.064566008746624,0.0192412200232431,202007,299,3
SGPS3,202010,0.192629815745394,0.070981502532959,0.0192412200232431,202007,299,4
SHOW3,202010,0.285714297509886,0.117303408682346,0.0192412200232431,202007,299,5
SHUL4,202010,0.0486150268481358,0.0201732981950045,0.0192412200232431,202007,299,1
SLCE3,202010,0.0604394254947995,0.0646602585911751,0.0192412200232431,202007,299,3
SMLS3,202010,0.378378378378379,0.137811690568924,0.0192412200232431,202007,299,5
SMTO3,202010,0.262044133591398,0.0695291012525559,0.0192412200232431,202007,299,3
SQIA3,202010,0.0626506024096385,0.048737745732069,0.0192412200232431,202007,299,2
STBP3,202010,0.244274809160305,0.136288896203041,0.0192412200232431,202007,299,5
SULA11,202010,0.0707676919229807,0.0841164588928223,0.0192412200232431,202007,299,4
SULA4,202010,0.0841750841750841,0.0192081611603498,0.0192412200232431,202007,299,1
SUZB3,202010,0.128871233249296,0.0685706585645676,0.0192412200232431,202007,299,3
TAEE11,202010,0.224070663053521,0.0630121678113937,0.0192412200232431,202007,299,2
TASA3,202010,0.835374489174294,0.0475526787340641,0.0192412200232431,202007,299,2
TASA4,202010,0.903054251569317,0.060245405882597,0.0192412200232431,202007,299,2
TCSA3,202010,0.192161882058818,0.0742316544055939,0.0192412200232431,202007,299,4
TECN3,202010,0.227722695570665,0.0215708613395691,0.0192412200232431,202007,299,1
TEND3,202010,0.0707550992206179,0.0793619379401207,0.0192412200232431,202007,299,4
TESA3,202010,0.593137254901961,-0.00615662010386586,0.0192412200232431,202007,299,1
TGMA3,202010,0.297515718915782,0.113953843712807,0.0192412200232431,202007,299,5
TIET11,202010,0.102721088435374,0.0548096597194672,0.0192412200232431,202007,299,2
TIET3,202010,0.0952380952380953,0.101314917206764,0.0192412200232431,202007,299,5
TOTS3,202010,-0.00925928700332368,0.0680538341403008,0.0192412200232431,202007,299,3
TRIS3,202010,0.12725549864522,0.0707269832491875,0.0192412200232431,202007,299,4
TRPL4,202010,0.156954487452148,0.0593433119356632,0.0192412200232431,202007,299,2
TUPY3,202010,0.136724930532515,0.0588584803044796,0.0192412200232431,202007,299,2
UCAS3,202010,0.0462286677611679,0.0748709142208099,0.0192412200232431,202007,299,4
UGPA3,202010,0.241147499222713,0.0563500858843327,0.0192412200232431,202007,299,2
UNIP3,202010,0.142123604246822,0.067825049161911,0.0192412200232431,202007,299,3
UNIP6,202010,0.328565426736184,0.041832409799099,0.0192412200232431,202007,299,1
USIM3,202010,0.235792817518802,0.0253171343356371,0.0192412200232431,202007,299,1
USIM5,202010,0.252293495503993,0.0588673576712608,0.0192412200232431,202007,299,2
VALE3,202010,0.288191253338205,0.0740022659301758,0.0192412200232431,202007,299,4
VIVA3,202010,0.146789049828474,0.0804543644189835,0.0192412200232431,202007,299,4
VIVT3,202010,0.0544119567442187,0.0830247700214386,0.0192412200232431,202007,299,4
VIVT4,202010,0.065820404325341,0.0700896233320236,0.0192412200232431,202007,299,4
VLID3,202010,0.323287759740678,0.116376005113125,0.0192412200232431,202007,299,5
VULC3,202010,0.0852359327844949,0.0234027523547411,0.0192412200232431,202007,299,1
VVAR3,202010,0.0343822843822843,0.100586891174316,0.0192412200232431,202007,299,5
WEGE3,202010,-0.0298031230789712,0.0628870725631714,0.0192412200232431,202007,299,2
WIZS3,202010,-0.0134228187919462,0.0907668024301529,0.0192412200232431,202007,299,5
YDUQ3,202010,0.440663114307324,0.0790776982903481,0.0192412200232431,202007,299,4
AALR3,202011,0.0239852606293336,0.0569417923688889,0.0192412200232431,202007,299,4
ABCB4,202011,0.079200989278408,0.0599175281822681,0.0192412200232431,202007,299,4
ABEV3,202011,0.149055516284147,0.0502060055732727,0.0192412200232431,202007,299,3
AGRO3,202011,-0.081557444398214,0.0410922579467297,0.0192412200232431,202007,299,2
ALPA3,202011,-0.0026180194232015,0.0217056553810835,0.0192412200232431,202007,299,1
ALPA4,202011,0.046077186337566,0.00961724761873484,0.0192412200232431,202007,299,1
ALSO3,202011,0.111238095238095,0.08561772108078,0.0192412200232431,202007,299,5
ALUP11,202011,0.095063161290718,0.0469692088663578,0.0192412200232431,202007,299,3
AMAR3,202011,0.0149031018723742,0.0813587531447411,0.0192412200232431,202007,299,5
ANIM3,202011,0.00278557875548491,0.0332829430699348,0.0192412200232431,202007,299,1
APER3,202011,0.0273716951788492,0.0483016557991505,0.0192412200232431,202007,299,3
ARZZ3,202011,-0.0182865370770338,0.0452813692390919,0.0192412200232431,202007,299,3
AZEV4,202011,0.00598801312589825,0.0666930377483368,0.0192412200232431,202007,299,5
AZUL4,202011,0.0336664913203575,0.046135064214468,0.0192412200232431,202007,299,3
B3SA3,202011,0.104222047432703,0.0462350994348526,0.0192412200232431,202007,299,3
BBAS3,202011,0.149388537118804,0.04985012114048,0.0192412200232431,202007,299,3
BBDC3,202011,0.135738391432321,0.0672232359647751,0.0192412200232431,202007,299,5
BBDC4,202011,0.134531654003086,0.0506548248231411,0.0192412200232431,202007,299,3
BBRK3,202011,0.176470588235294,0.0664909780025482,0.0192412200232431,202007,299,5
BBSE3,202011,0.0374650323986083,0.0625752583146095,0.0192412200232431,202007,299,4
BEEF11,202011,0.0222222222222221,-0.0044757192954421,0.0192412200232431,202007,299,1
BEEF3,202011,0.0149550639820533,0.0717688053846359,0.0192412200232431,202007,299,5
BEES3,202011,0.0727282529827191,0.0878985151648521,0.0192412200232431,202007,299,5
BIDI11,202011,0.350850713501647,0.0521924048662186,0.0192412200232431,202007,299,4
BIDI3,202011,0.378446115288221,0.0207571424543858,0.0192412200232431,202007,299,1
BIDI4,202011,0.348360655737705,0.042163722217083,0.0192412200232431,202007,299,2
BKBR3,202011,0.0186915887850467,0.0374071374535561,0.0192412200232431,202007,299,2
BMGB4,202011,0.323688049707461,0.061600212007761,0.0192412200232431,202007,299,4
BOBR4,202011,0.0882353284917219,0.0872526168823242,0.0192412200232431,202007,299,5
BPAC11,202011,0.191297317863999,0.0583034716546536,0.0192412200232431,202007,299,4
BPAC3,202011,0.0323386105944055,0.0383705869317055,0.0192412200232431,202007,299,2
BPAC5,202011,0.311111015168297,0.0488291457295418,0.0192412200232431,202007,299,3
BPAN4,202011,-0.00313807531380761,0.0691571608185768,0.0192412200232431,202007,299,5
BRAP3,202011,0.0988671307856532,0.0380319133400917,0.0192412200232431,202007,299,2
BRAP4,202011,0.096557604064611,0.0445829667150974,0.0192412200232431,202007,299,3
BRDT3,202011,0.0779347296639064,0.0663087218999863,0.0192412200232431,202007,299,5
BRFS3,202011,0.000453926463912735,0.0439507886767387,0.0192412200232431,202007,299,3
BRGE3,202011,0.0168316831683168,0.0205797646194696,0.0192412200232431,202007,299,1
BRIV3,202011,0,0.0429862104356289,0.0192412200232431,202007,299,2
BRKM5,202011,0.0429202151348154,0.0514868497848511,0.0192412200232431,202007,299,4
BRML3,202011,0.0112359550561798,0.0813672095537186,0.0192412200232431,202007,299,5
BRPR3,202011,-0.0580401045270823,0.0752240791916847,0.0192412200232431,202007,299,5
BRSR3,202011,0.0931167615964281,0.0291007123887539,0.0192412200232431,202007,299,1
BRSR6,202011,0.115566332370256,0.048072274774313,0.0192412200232431,202007,299,3
BTOW3,202011,0.0740056818181818,0.0797310397028923,0.0192412200232431,202007,299,5
CAML3,202011,0.0343758439500119,0.0624037496745586,0.0192412200232431,202007,299,4
CARD3,202011,0.0307377049180326,0.0408423617482185,0.0192412200232431,202007,299,2
CCPR3,202011,-0.00724637681159435,0.0448250472545624,0.0192412200232431,202007,299,3
CCRO3,202011,0.0329754601226995,0.0675548166036606,0.0192412200232431,202007,299,5
CEAB3,202011,-0.0322822076919039,0.0393189862370491,0.0192412200232431,202007,299,2
CESP3,202011,-0.0204369274136715,0.048747219145298,0.0192412200232431,202007,299,3
CESP6,202011,0.0379792189179504,0.0475024096667767,0.0192412200232431,202007,299,3
CGRA4,202011,0.154235611310839,0.039617620408535,0.0192412200232431,202007,299,2
CIEL3,202011,0.126760563380282,0.115451410412788,0.0192412200232431,202007,299,5
CLSC4,202011,0.0849998587225178,0.0423312485218048,0.0192412200232431,202007,299,2
CMIG3,202011,0.158191918668578,0.0438579395413399,0.0192412200232431,202007,299,2
CMIG4,202011,0.152810666908882,0.0617272146046162,0.0192412200232431,202007,299,4
CNTO3,202011,0.118975903614458,0.0399597659707069,0.0192412200232431,202007,299,2
COCE5,202011,0.0733451472648083,0.060170155018568,0.0192412200232431,202007,299,4
COGN3,202011,-0.0127932695430004,0.121855720877647,0.0192412200232431,202007,299,5
CPFE3,202011,0.0382773739186377,0.0505428276956081,0.0192412200232431,202007,299,3
CPLE3,202011,0.117352287304879,0.0271794721484184,0.0192412200232431,202007,299,1
CPLE6,202011,0.0977003076021679,0.0363796912133694,0.0192412200232431,202007,299,2
CRDE3,202011,0.283001389532191,0.0509249903261662,0.0192412200232431,202007,299,3
CRFB3,202011,-0.035803083043262,0.061261959373951,0.0192412200232431,202007,299,4
CRIV3,202011,-0.00907441016333932,0.0486917942762375,0.0192412200232431,202007,299,3
CRIV4,202011,0,0.0665864199399948,0.0192412200232431,202007,299,5
CRPG5,202011,0.320503281187257,0.0291914772242308,0.0192412200232431,202007,299,1
CSAN3,202011,-0.0233429080303784,0.047074344009161,0.0192412200232431,202007,299,3
CSMG3,202011,0.103633801727919,0.0495168417692184,0.0192412200232431,202007,299,3
CSNA3,202011,0.35474276658764,0.0445060394704342,0.0192412200232431,202007,299,3
CTNM4,202011,0.0273504832235236,0.0422980114817619,0.0192412200232431,202007,299,2
CVCB3,202011,0.128908345190762,0.082359716296196,0.0192412200232431,202007,299,5
CYRE3,202011,0.145816631519814,0.0282512474805117,0.0192412200232431,202007,299,1
DIRR3,202011,0.0455269218844254,0.0524865798652172,0.0192412200232431,202007,299,4
DMMO11,202011,-0.0517241379310344,0.0189783684909344,0.0192412200232431,202007,299,1
DMMO3,202011,0.0373134328358207,0.0399224311113358,0.0192412200232431,202007,299,2
DTEX3,202011,0.0191693290734825,0.0480111949145794,0.0192412200232431,202007,299,3
EALT4,202011,-0.0555555792835669,0.0709357187151909,0.0192412200232431,202007,299,5
ECOR3,202011,0.111388195648777,0.0523951761424542,0.0192412200232431,202007,299,4
EGIE3,202011,0.0587013375831584,0.0522961691021919,0.0192412200232431,202007,299,4
ELET3,202011,0.180618158403091,0.0391503646969795,0.0192412200232431,202007,299,2
ELET6,202011,0.15625,0.055979061871767,0.0192412200232431,202007,299,4
EMAE4,202011,0.918789663919479,0.0314274579286575,0.0192412200232431,202007,299,1
EMBR3,202011,0.0925925925925926,0.123195342719555,0.0192412200232431,202007,299,5
ENAT3,202011,0.144927536231884,0.0479684136807919,0.0192412200232431,202007,299,3
ENBR3,202011,0.059299191374663,0.0622628182172775,0.0192412200232431,202007,299,4
ENEV3,202011,0.0662774155976966,0.0326149091124535,0.0192412200232431,202007,299,1
ENGI11,202011,0.116818296123339,0.0474673062562943,0.0192412200232431,202007,299,3
EQPA3,202011,0.13253607289974,0.037224356085062,0.0192412200232431,202007,299,2
EQTL3,202011,0.0628729206766414,0.0515337362885475,0.0192412200232431,202007,299,4
ETER3,202011,-0.140040805201053,0.0802592486143112,0.0192412200232431,202007,299,5
EUCA4,202011,-0.0246575895006719,0.00609567807987332,0.0192412200232431,202007,299,1
EVEN3,202011,-0.0353129527794716,0.0560012236237526,0.0192412200232431,202007,299,4
EZTC3,202011,0.0476187512783708,0.0529243983328342,0.0192412200232431,202007,299,4
FESA4,202011,0.0466786756353677,0.0413911379873753,0.0192412200232431,202007,299,2
FLRY3,202011,0.0173192301200444,0.0325519591569901,0.0192412200232431,202007,299,1
FRAS3,202011,0.32117604352016,0.0426846332848072,0.0192412200232431,202007,299,2
GEPA3,202011,0.0108091590185599,0.0517369657754898,0.0192412200232431,202007,299,4
GEPA4,202011,0.0079702592856381,0.0359001234173775,0.0192412200232431,202007,299,2
GFSA3,202011,0.0235293947470945,0.0733596682548523,0.0192412200232431,202007,299,5
GGBR3,202011,0.0994356255029809,0.0134479990229011,0.0192412200232431,202007,299,1
GGBR4,202011,0.0894518899755494,0.0290041640400887,0.0192412200232431,202007,299,1
GNDI3,202011,0.143649635036496,0.0350376069545746,0.0192412200232431,202007,299,1
GOAU3,202011,0.119900169541412,0.0406171642243862,0.0192412200232431,202007,299,2
GOAU4,202011,0.10639681449209,0.0384199619293213,0.0192412200232431,202007,299,2
GOLL4,202011,0.060374149659864,0.0466838926076889,0.0192412200232431,202007,299,3
GPCP3,202011,0.219283746556474,0.00898020155727863,0.0192412200232431,202007,299,1
GRND3,202011,0.0120769863969323,0.0263344403356314,0.0192412200232431,202007,299,1
GUAR3,202011,-0.0919610231425092,0.0507355965673924,0.0192412200232431,202007,299,3
HAPV3,202011,0.0582524175532724,0.0413651987910271,0.0192412200232431,202007,299,2
HBOR3,202011,0.115875952596565,0.0703577995300293,0.0192412200232431,202007,299,5
HGTX3,202011,-0.0126509488211615,0.0680796951055527,0.0192412200232431,202007,299,5
HYPE3,202011,0.0755794172418753,0.0473851524293423,0.0192412200232431,202007,299,3
IGTA3,202011,0.0273783185840708,0.0538081713020802,0.0192412200232431,202007,299,4
IRBR3,202011,0.233785947389448,0.136505469679832,0.0192412200232431,202007,299,5
ITSA3,202011,0.130414742726705,0.0432027243077755,0.0192412200232431,202007,299,2
ITSA4,202011,0.12070138582622,0.066461443901062,0.0192412200232431,202007,299,5
ITUB3,202011,0.0873625738353505,0.0478515364229679,0.0192412200232431,202007,299,3
ITUB4,202011,0.110325980517379,0.0665407776832581,0.0192412200232431,202007,299,5
JBSS3,202011,0.0220302375809935,0.0509965270757675,0.0192412200232431,202007,299,4
JHSF3,202011,0.0640324715873128,0.0512522347271442,0.0192412200232431,202007,299,4
JOPA3,202011,-0.00142655988219775,0.0416129343211651,0.0192412200232431,202007,299,2
JPSA3,202011,0.0890637945318973,0.0587221421301365,0.0192412200232431,202007,299,4
KEPL3,202011,-0.0201135419252778,0.0271084047853947,0.0192412200232431,202007,299,1
KLBN11,202011,0.0615752333257456,0.04801931604743,0.0192412200232431,202007,299,3
KLBN4,202011,0.0440879559196847,0.054479356855154,0.0192412200232431,202007,299,4
KROT11,202011,-0.0127931769722816,0.10066219419241,0.0192412200232431,202007,299,5
LAME3,202011,0.109002169197397,0.063972532749176,0.0192412200232431,202007,299,5
LAME4,202011,0.146532926297427,0.0673796683549881,0.0192412200232431,202007,299,5
LCAM3,202011,0.0759911894273129,0.041843093931675,0.0192412200232431,202007,299,2
LEVE3,202011,0.0933266805040329,0.0450403578579426,0.0192412200232431,202007,299,3
LIGT3,202011,0.0474137340259422,0.0414315275847912,0.0192412200232431,202007,299,2
LINX3,202011,0.0263013698630137,0.0355947688221931,0.0192412200232431,202007,299,2
LLIS3,202011,0.03125,0.166074648499489,0.0192412200232431,202007,299,5
LOGG3,202011,-0.00465530008277659,0.034815851598978,0.0192412200232431,202007,299,1
LOGN3,202011,0.0398457499253946,0.0480123460292816,0.0192412200232431,202007,299,3
LPSB3,202011,0.0289255110126958,0.069399319589138,0.0192412200232431,202007,299,5
LREN3,202011,-0.0238673843537157,0.0587909519672394,0.0192412200232431,202007,299,4
LUXM4,202011,0,0.0960911810398102,0.0192412200232431,202007,299,5
MDIA3,202011,0.0634972164912888,0.0060753938741982,0.0192412200232431,202007,299,1
MEAL3,202011,0.00238100698475652,0.0738452523946762,0.0192412200232431,202007,299,5
MGLU3,202011,0.0682628138250334,0.0258352290838957,0.0192412200232431,202007,299,1
MILS3,202011,-0.04354573289021,0.0479176267981529,0.0192412200232431,202007,299,3
MOVI3,202011,0.05249746569268,0.0405257157981396,0.0192412200232431,202007,299,2
MRFG3,202011,-0.0115803814713896,0.0478961206972599,0.0192412200232431,202007,299,3
MRVE3,202011,0.00105653262424998,0.0405875220894814,0.0192412200232431,202007,299,2
MTSA4,202011,0.0306451083122057,0.0673478171229363,0.0192412200232431,202007,299,5
MULT3,202011,0.057773020129738,0.0551211908459663,0.0192412200232431,202007,299,4
MYPK3,202011,0.00193925827965447,0.0675399526953697,0.0192412200232431,202007,299,5
NEOE3,202011,-0.0323997803404723,0.0474033728241921,0.0192412200232431,202007,299,3
ODPV3,202011,0.111535523300229,0.0438877008855343,0.0192412200232431,202007,299,3
OFSA3,202011,0.118471322126587,0.0430829375982285,0.0192412200232431,202007,299,2
OIBR3,202011,0.0377358490566038,0.0284606851637363,0.0192412200232431,202007,299,1
OMGE3,202011,0.0967391304347827,0.0175903644412756,0.0192412200232431,202007,299,1
PARD3,202011,0.0161943319838056,0.0620553754270077,0.0192412200232431,202007,299,4
PATI3,202011,0.115000057223297,0.0808859467506409,0.0192412200232431,202007,299,5
PCAR3,202011,0.0837544993295203,0.0559875294566155,0.0192412200232431,202007,299,4
PDTC3,202011,0.330612221793316,0.0502149686217308,0.0192412200232431,202007,299,3
PETR3,202011,0.129158629871848,0.0592958740890026,0.0192412200232431,202007,299,4
PETR4,202011,0.13815280673365,0.0488347224891186,0.0192412200232431,202007,299,3
PFRM3,202011,0.138060074845887,0.0553030781447887,0.0192412200232431,202007,299,4
PNVL3,202011,-0.0113380434970237,0.0176299139857292,0.0192412200232431,202007,299,1
POMO4,202011,0.0398825904616664,0.0560721606016159,0.0192412200232431,202007,299,4
POSI3,202011,-0.00390629469585724,0.0260305777192116,0.0192412200232431,202007,299,1
PRIO3,202011,0.3990431756174,0.0129311438649893,0.0192412200232431,202007,299,1
PSSA3,202011,0.0337553384844453,0.0424437262117863,0.0192412200232431,202007,299,2
PTBL3,202011,-0.00290690093718904,0.0213948246091604,0.0192412200232431,202007,299,1
QUAL3,202011,0.0545674325371308,0.0524567365646362,0.0192412200232431,202007,299,4
RADL3,202011,-0.0302491116782584,0.0425154790282249,0.0192412200232431,202007,299,2
RAIL3,202011,0.0147680776389423,0.0513731129467487,0.0192412200232431,202007,299,4
RANI3,202011,0.0547945666933816,0.048804983496666,0.0192412200232431,202007,299,3
RAPT3,202011,0.0791399758072702,0.0406928993761539,0.0192412200232431,202007,299,2
RAPT4,202011,0.104098564181488,0.0352743081748486,0.0192412200232431,202007,299,1
RDNI3,202011,0.0678899082568807,0.0607750415802002,0.0192412200232431,202007,299,4
RENT3,202011,0.0270815641234119,0.0280151646584272,0.0192412200232431,202007,299,1
RLOG3,202011,0.0965639810426542,0.0483571924269199,0.0192412200232431,202007,299,3
ROMI3,202011,0.348506288509847,0.0215776432305574,0.0192412200232431,202007,299,1
RPAD3,202011,-0.0226170659109248,0.030333174392581,0.0192412200232431,202007,299,1
SANB11,202011,0.15431750183021,0.0583469979465008,0.0192412200232431,202007,299,4
SAPR11,202011,0.0417994131824306,0.0459013469517231,0.0192412200232431,202007,299,3
SAPR4,202011,0.0220442423978857,0.0582922771573067,0.0192412200232431,202007,299,4
SBSP3,202011,-0.00224515876993614,0.0650427415966988,0.0192412200232431,202007,299,5
SCAR3,202011,-0.0951214806102103,0.0342015251517296,0.0192412200232431,202007,299,1
SEER3,202011,0.0847222304629789,0.0850891247391701,0.0192412200232431,202007,299,5
SGPS3,202011,0.0941011235955056,0.00990000646561384,0.0192412200232431,202007,299,1
SHOW3,202011,0.336700328051112,0.0682889744639397,0.0192412200232431,202007,299,5
SHUL4,202011,0.0942839080631457,0.0304120313376188,0.0192412200232431,202007,299,1
SLCE3,202011,0.0200667679713871,0.0563728138804436,0.0192412200232431,202007,299,4
SMLS3,202011,0.178984414278532,0.0687339454889298,0.0192412200232431,202007,299,5
SMTO3,202011,0.0454718433522274,0.0455202423036099,0.0192412200232431,202007,299,3
SQIA3,202011,0.0657596371882085,0.0556748062372208,0.0192412200232431,202007,299,4
STBP3,202011,0.0736196319018405,0.0421035662293434,0.0192412200232431,202007,299,2
SULA11,202011,0.0357309668379262,0.0580464415252209,0.0192412200232431,202007,299,4
SUZB3,202011,0.0361061472293809,0.0442949011921883,0.0192412200232431,202007,299,3
TAEE11,202011,0.0153431165324049,0.0406062193214893,0.0192412200232431,202007,299,2
TASA3,202011,0.176426824754968,0.021586874499917,0.0192412200232431,202007,299,1
TASA4,202011,0.081646988500014,0.0417059771716595,0.0192412200232431,202007,299,2
TCSA3,202011,0.0593848831197832,0.0703730881214142,0.0192412200232431,202007,299,5
TECN3,202011,0.0483871870318209,-0.0223902370780706,0.0192412200232431,202007,299,1
TEND3,202011,0.0555943989470606,0.0441476032137871,0.0192412200232431,202007,299,3
TESA3,202011,0.000384615384615428,0.031755980104208,0.0192412200232431,202007,299,1
TGMA3,202011,0.00111352478929372,0.0445155017077923,0.0192412200232431,202007,299,3
TIET11,202011,0.0197409006785936,0.039142832159996,0.0192412200232431,202007,299,2
TIMS3,202011,0.104411795624229,0.0568219609558582,0.0192412200232431,202007,299,4
TOTS3,202011,0.0774792016924022,0.0636818408966065,0.0192412200232431,202007,299,5
TPIS3,202011,0.395209656381967,0.065014123916626,0.0192412200232431,202007,299,5
TRIS3,202011,0.0320135032321747,0.0421229340136051,0.0192412200232431,202007,299,2
TRPL4,202011,0.0224264705882353,0.0572058260440826,0.0192412200232431,202007,299,4
TUPY3,202011,-0.0223777391344898,0.0378110818564892,0.0192412200232431,202007,299,2
UGPA3,202011,0.167732459923319,0.0562897734344006,0.0192412200232431,202007,299,4
UNIP3,202011,0.254489426303618,0.0427893958985806,0.0192412200232431,202007,299,2
UNIP6,202011,0.30221320092711,0.024093821644783,0.0192412200232431,202007,299,1
USIM3,202011,0.0768701443284958,0.0222559832036495,0.0192412200232431,202007,299,1
USIM5,202011,0.0703295849777006,0.0377061888575554,0.0192412200232431,202007,299,2
VALE3,202011,0.121153946070836,0.0435624569654465,0.0192412200232431,202007,299,2
VIVA3,202011,0.182818933511682,0.0490860193967819,0.0192412200232431,202007,299,3
VIVT3,202011,0.059060831324345,0.0685010626912117,0.0192412200232431,202007,299,5
VLID3,202011,-0.0279505277813196,0.036808155477047,0.0192412200232431,202007,299,2
VULC3,202011,0.120616864241462,0.00832217931747437,0.0192412200232431,202007,299,1
VVAR3,202011,-0.0895774647887324,0.0349519960582256,0.0192412200232431,202007,299,1
WEGE3,202011,0.0300167663896698,0.0552232377231121,0.0192412200232431,202007,299,4
WHRL4,202011,0.107403908953462,0.0267932191491127,0.0192412200232431,202007,299,1
WIZS3,202011,-0.08843537414966,0.0320297554135323,0.0192412200232431,202007,299,1
WLMM4,202011,0.378260704119372,0.0435655191540718,0.0192412200232431,202007,299,2
YDUQ3,202011,-0.00302846795748191,0.0517202652990818,0.0192412200232431,202007,299,4
AALR3,202012,-0.0369370078374843,0.0744055435061455,0.0192412200232431,202007,299,5
ABCB4,202012,-0.00934902222446765,0.0435191206634045,0.0192412200232431,202007,299,3
ABEV3,202012,-0.0299032283994687,0.0309765059500933,0.0192412200232431,202007,299,2
AGRO3,202012,0.0311998694356495,0.0425296127796173,0.0192412200232431,202007,299,3
ALPA3,202012,-0.0572176842321839,0.02890888415277,0.0192412200232431,202007,299,2
ALPA4,202012,-0.0752380340311598,0.0273192059248686,0.0192412200232431,202007,299,2
ALSO3,202012,-0.0534796023311622,0.017921207472682,0.0192412200232431,202007,299,1
ALUP11,202012,-0.0465723299241846,0.0527638122439385,0.0192412200232431,202007,299,4
AMAR3,202012,-0.0807635570703758,0.0715462043881416,0.0192412200232431,202007,299,5
ANIM3,202012,-0.0686111020917749,0.0294366162270308,0.0192412200232431,202007,299,2
APER3,202012,0.119285498032092,0.0297479797154665,0.0192412200232431,202007,299,2
ARZZ3,202012,0.0350542681138162,0.0340206883847713,0.0192412200232431,202007,299,2
AZUL4,202012,0.0264631043257,0.0622862540185452,0.0192412200232431,202007,299,5
B3SA3,202012,-0.026416812621601,0.0328965596854687,0.0192412200232431,202007,299,2
BBAS3,202012,-0.127319480464763,0.0465942807495594,0.0192412200232431,202007,299,4
BBDC3,202012,-0.105130780496515,0.0428534559905529,0.0192412200232431,202007,299,3
BBDC4,202012,-0.087775650684533,0.0471244715154171,0.0192412200232431,202007,299,4
BBRK3,202012,-0.0681818181818183,0.0412649177014828,0.0192412200232431,202007,299,3
BBSE3,202012,-0.0664868310659558,0.0414827913045883,0.0192412200232431,202007,299,3
BEEF11,202012,-0.221739130434783,-0.0341826118528843,0.0192412200232431,202007,299,1
BEEF3,202012,-0.0850076830656086,0.050164133310318,0.0192412200232431,202007,299,4
BIDI11,202012,0.343321482986287,0.0587128885090351,0.0192412200232431,202007,299,5
BIDI3,202012,0.36,0.0724848806858063,0.0192412200232431,202007,299,5
BIDI4,202012,0.324012158054711,0.0601526014506817,0.0192412200232431,202007,299,5
BKBR3,202012,-0.119266055045872,0.00892285536974669,0.0192412200232431,202007,299,1
BMGB4,202012,-0.154093003422838,0.0434395261108875,0.0192412200232431,202007,299,3
BOBR4,202012,0,0.0710704624652863,0.0192412200232431,202007,299,5
BPAC11,202012,0.00980170989348483,0.0275965817272663,0.0192412200232431,202007,299,2
BPAC3,202012,0.0439140341354112,0.0320035517215729,0.0192412200232431,202007,299,2
BPAC5,202012,0.106197826032508,0.029537059366703,0.0192412200232431,202007,299,2
BPAN4,202012,-0.0146904512067155,0.0614062920212746,0.0192412200232431,202007,299,5
BRAP3,202012,-0.0417541950710456,0.0401769541203976,0.0192412200232431,202007,299,3
BRAP4,202012,-0.0188351984884784,0.0426287986338139,0.0192412200232431,202007,299,3
BRDT3,202012,0.051061906913692,0.047584343701601,0.0192412200232431,202007,299,4
BRFS3,202012,-0.0372050816696915,0.0261175222694874,0.0192412200232431,202007,299,1
BRGE3,202012,0.0126582278481013,0.0318211540579796,0.0192412200232431,202007,299,2
BRIV3,202012,0.358426966292135,0.0359286591410637,0.0192412200232431,202007,299,3
BRKM5,202012,0.0275774993205673,0.0256207548081875,0.0192412200232431,202007,299,1
BRML3,202012,-0.0353535353535354,0.027760112658143,0.0192412200232431,202007,299,2
BRPR3,202012,-0.0909090130320546,0.0538253411650658,0.0192412200232431,202007,299,4
BRSR3,202012,-0.0549879540478068,0.0502177886664867,0.0192412200232431,202007,299,4
BRSR6,202012,-0.0705059240216178,0.0606866888701916,0.0192412200232431,202007,299,5
BTOW3,202012,0.0887448750165321,0.0730462372303009,0.0192412200232431,202007,299,5
CAML3,202012,-0.0433604707830747,0.0505044497549534,0.0192412200232431,202007,299,4
CARD3,202012,0.00596421471172959,0.0225001331418753,0.0192412200232431,202007,299,1
CCPR3,202012,-0.0802919708029197,0.0504311919212341,0.0192412200232431,202007,299,4
CCRO3,202012,-0.100222717149221,0.040888886898756,0.0192412200232431,202007,299,3
CEAB3,202012,-0.0302559664512075,0.0485561490058899,0.0192412200232431,202007,299,4
CESP3,202012,-0.0190647482014389,0.0352589711546898,0.0192412200232431,202007,299,3
CESP6,202012,0.0096651708664135,0.0349251441657543,0.0192412200232431,202007,299,3
CGRA4,202012,0.00142861418727613,0.0447853356599808,0.0192412200232431,202007,299,4
CIEL3,202012,0.0275000000000001,0.0673054456710815,0.0192412200232431,202007,299,5
CLSC4,202012,-0.0430030084960255,0.0205988548696041,0.0192412200232431,202007,299,1
CMIG3,202012,0.00530796115640086,0.0563358291983604,0.0192412200232431,202007,299,4
CMIG4,202012,-0.0402447759514055,0.0472281128168106,0.0192412200232431,202007,299,4
CNTO3,202012,-0.141991924629879,0.0558301322162151,0.0192412200232431,202007,299,4
COCE5,202012,-0.0785000213633742,0.069841630756855,0.0192412200232431,202007,299,5
COGN3,202012,-0.0237582734921624,0.0637347921729088,0.0192412200232431,202007,299,5
CPFE3,202012,-0.0442396681165733,0.0315767154097557,0.0192412200232431,202007,299,2
CPLE3,202012,-0.112142908659495,0.0125028174370527,0.0192412200232431,202007,299,1
CPLE6,202012,-0.128903122497998,0.053057573735714,0.0192412200232431,202007,299,4
CRDE3,202012,-0.0332129963898916,0.0181034784764051,0.0192412200232431,202007,299,1
CRFB3,202012,-0.0180505415162455,0.0372469536960125,0.0192412200232431,202007,299,3
CRIV4,202012,0,0.0492685586214066,0.0192412200232431,202007,299,4
CRPG5,202012,0.311610284036387,0.0266972109675407,0.0192412200232431,202007,299,2
CSAN3,202012,-0.00884720357803093,0.024142311885953,0.0192412200232431,202007,299,1
CSMG3,202012,-0.0542678550788305,0.0542575009167194,0.0192412200232431,202007,299,4
CSNA3,202012,-0.0455259122877314,0.0407799519598484,0.0192412200232431,202007,299,3
CTNM4,202012,-0.0599001863235175,0.0310851633548737,0.0192412200232431,202007,299,2
CVCB3,202012,-0.0748298931052919,0.0471781603991985,0.0192412200232431,202007,299,4
CYRE3,202012,-0.130597078428592,0.0214832071214914,0.0192412200232431,202007,299,1
DIRR3,202012,0.0626431747828253,0.0612758696079254,0.0192412200232431,202007,299,5
DMMO11,202012,-0.0909090909090909,0.00797135755419731,0.0192412200232431,202007,299,1
DMMO3,202012,-0.302158273381295,0.0491833128035069,0.0192412200232431,202007,299,4
DTEX3,202012,0.0381400208986415,0.0473335087299347,0.0192412200232431,202007,299,4
EALT4,202012,-0.0333333860932656,0.054477009922266,0.0192412200232431,202007,299,4
ECOR3,202012,-0.0927449923777149,0.0461518727242947,0.0192412200232431,202007,299,4
EGIE3,202012,-0.0223030480231438,0.0431751124560833,0.0192412200232431,202007,299,3
ELET3,202012,-0.217616580310881,0.0320195741951466,0.0192412200232431,202007,299,2
ELET6,202012,-0.223243243243243,0.0340626910328865,0.0192412200232431,202007,299,2
EMAE4,202012,-0.119083662671674,0.0281968284398317,0.0192412200232431,202007,299,2
EMBR3,202012,-0.00677966101694916,0.0948471128940582,0.0192412200232431,202007,299,5
ENAT3,202012,-0.0337552742616034,0.0608200766146183,0.0192412200232431,202007,299,5
ENBR3,202012,-0.0183206106870228,0.0348758883774281,0.0192412200232431,202007,299,3
ENEV3,202012,0.0080515299884969,0.0326914116740227,0.0192412200232431,202007,299,2
ENGI11,202012,-0.0287211226505816,0.0447496622800827,0.0192412200232431,202007,299,4
EQPA3,202012,0.0484848809896068,0.0059610353782773,0.0192412200232431,202007,299,1
EQTL3,202012,-0.0276337850267988,0.0147475656121969,0.0192412200232431,202007,299,1
ETER3,202012,0.000790602393571982,0.0658578649163246,0.0192412200232431,202007,299,5
EUCA4,202012,-0.00702235470659218,0.0140597159042954,0.0192412200232431,202007,299,1
EVEN3,202012,-0.0565722873015108,0.0430662594735622,0.0192412200232431,202007,299,3
EZTC3,202012,-0.144988335212157,0.0511632524430752,0.0192412200232431,202007,299,4
FESA4,202012,0.113029799241457,0.0133288279175758,0.0192412200232431,202007,299,1
FLRY3,202012,-0.0192732825164369,0.0571410544216633,0.0192412200232431,202007,299,5
FRAS3,202012,0.0316204587092763,0.0765451565384865,0.0192412200232431,202007,299,5
GEPA3,202012,-0.0357995137803032,0.0327189415693283,0.0192412200232431,202007,299,2
GEPA4,202012,-0.0882083979945003,0.0400697849690914,0.0192412200232431,202007,299,3
GFSA3,202012,0.0413793187918043,0.0551002994179726,0.0192412200232431,202007,299,4
GGBR3,202012,-0.0261342218156482,0.0305424723774195,0.0192412200232431,202007,299,2
GGBR4,202012,-0.0490796001237409,0.0414009168744087,0.0192412200232431,202007,299,3
GNDI3,202012,0.206280316568803,0.0285848956555128,0.0192412200232431,202007,299,2
GOAU3,202012,-0.030487750882965,0.0448400154709816,0.0192412200232431,202007,299,4
GOAU4,202012,-0.0603910024774248,0.0285614542663097,0.0192412200232431,202007,299,2
GOLL4,202012,-0.0396952686447475,0.0681893602013588,0.0192412200232431,202007,299,5
GPCP3,202012,-0.034794396746498,-0.0104564009234309,0.0192412200232431,202007,299,1
GRND3,202012,-0.0799522851685595,0.0042779203504324,0.0192412200232431,202007,299,1
GUAR3,202012,0.00268276324614347,0.00962835922837257,0.0192412200232431,202007,299,1
HAPV3,202012,0.127147372860696,0.0278047975152731,0.0192412200232431,202007,299,2
HBOR3,202012,-0.173344136191558,0.026497345417738,0.0192412200232431,202007,299,1
HGTX3,202012,0.00524170064065221,0.0268228892236948,0.0192412200232431,202007,299,2
HYPE3,202012,-0.0572261653574355,0.0169322807341814,0.0192412200232431,202007,299,1
IGTA3,202012,-0.0764468371467024,0.0422289818525314,0.0192412200232431,202007,299,3
IRBR3,202012,-0.119804399279882,0.083594873547554,0.0192412200232431,202007,299,5
ITSA3,202012,-0.0566681652308183,0.0495769418776035,0.0192412200232431,202007,299,4
ITSA4,202012,-0.09374928345903,0.030057629570365,0.0192412200232431,202007,299,2
ITUB3,202012,-0.0732675712773183,0.0645473003387451,0.0192412200232431,202007,299,5
ITUB4,202012,-0.102051592106528,0.0498726069927216,0.0192412200232431,202007,299,4
JBSS3,202012,0.0219780219780219,0.0358174368739128,0.0192412200232431,202007,299,3
JHSF3,202012,-0.0755439545368036,0.0291214138269424,0.0192412200232431,202007,299,2
JOPA3,202012,0,0.033534649759531,0.0192412200232431,202007,299,2
JPSA3,202012,-0.0745530620007607,0.0217745155096054,0.0192412200232431,202007,299,1
KEPL3,202012,-0.0221051211221204,0.0203621946275234,0.0192412200232431,202007,299,1
KLBN11,202012,0.0508476795068991,0.0329884141683579,0.0192412200232431,202007,299,2
KLBN4,202012,0.0479851243339253,0.0459858998656273,0.0192412200232431,202007,299,4
KROT11,202012,-0.0237580993520519,0.0962832570075989,0.0192412200232431,202007,299,5
LAME3,202012,-0.0772616136919314,0.0265755858272314,0.0192412200232431,202007,299,2
LAME4,202012,-0.0836820083682008,0.0269333999603987,0.0192412200232431,202007,299,2
LCAM3,202012,-0.107471852610031,0.0336675941944122,0.0192412200232431,202007,299,2
LEVE3,202012,-0.0754089963631698,-0.00201717065647244,0.0192412200232431,202007,299,1
LIGT3,202012,-0.129984607706213,0.0221001803874969,0.0192412200232431,202007,299,1
LINX3,202012,0.00587293112653486,0.0474159084260464,0.0192412200232431,202007,299,4
LLIS3,202012,-0.103030303030303,0.140632539987564,0.0192412200232431,202007,299,5
LOGG3,202012,-0.0207541828394149,0.0684630796313286,0.0192412200232431,202007,299,5
LOGN3,202012,-0.0970334127865443,0.0163976419717073,0.0192412200232431,202007,299,1
LPSB3,202012,-0.0803212556694406,0.0632129013538361,0.0192412200232431,202007,299,5
LREN3,202012,-0.0475423718421016,0.016319839283824,0.0192412200232431,202007,299,1
LUXM4,202012,0.0156274177869093,0.0764748752117157,0.0192412200232431,202007,299,5
MDIA3,202012,-0.115091092242102,0.0159090794622898,0.0192412200232431,202007,299,1
MEAL3,202012,-0.163895499042361,0.115231327712536,0.0192412200232431,202007,299,5
MGLU3,202012,0.0128256737504244,0.0467008873820305,0.0192412200232431,202007,299,4
MILS3,202012,-0.0650405855417265,0.0270060710608959,0.0192412200232431,202007,299,2
MOVI3,202012,-0.0790691396690233,0.0374001525342464,0.0192412200232431,202007,299,3
MRFG3,202012,-0.08407994486561,0.0269247032701969,0.0192412200232431,202007,299,2
MRVE3,202012,0.0130869377173943,0.0232971850782633,0.0192412200232431,202007,299,1
MTSA4,202012,-0.0522690730644867,0.0467700660228729,0.0192412200232431,202007,299,4
MULT3,202012,-0.099022257947277,0.0128138996660709,0.0192412200232431,202007,299,1
MYPK3,202012,-0.0974193822308164,0.0420793108642101,0.0192412200232431,202007,299,3
NEOE3,202012,0.0255391600454029,0.0474735386669636,0.0192412200232431,202007,299,4
NTCO3,202012,-0.0655238095238094,0.0256422776728869,0.0192412200232431,202007,299,1
ODPV3,202012,-0.0261168384879725,0.0506482534110546,0.0192412200232431,202007,299,4
OFSA3,202012,-0.138421089327631,0.0295749288052321,0.0192412200232431,202007,299,2
OIBR3,202012,-0.0545454545454546,0.0533299259841442,0.0192412200232431,202007,299,4
OIBR4,202012,-0.0567375886524822,0.0190160870552063,0.0192412200232431,202007,299,1
OMGE3,202012,-0.00222993062438048,0.0204298347234726,0.0192412200232431,202007,299,1
PARD3,202012,-0.0442673749446658,0.0631699785590172,0.0192412200232431,202007,299,5
PATI3,202012,0.355294878341444,0.0726349949836731,0.0192412200232431,202007,299,5
PCAR3,202012,0.00572946442537514,0.0366768203675747,0.0192412200232431,202007,299,3
PDTC3,202012,-0.128834407110747,0.0394092872738838,0.0192412200232431,202007,299,3
PETR3,202012,-0.0526860681410464,0.0614106245338917,0.0192412200232431,202007,299,5
PETR4,202012,-0.0582216805973426,0.051227480173111,0.0192412200232431,202007,299,4
PFRM3,202012,-0.00327884335925133,0.0577835589647293,0.0192412200232431,202007,299,5
PNVL3,202012,-0.0100051596677343,0.00638158293440938,0.0192412200232431,202007,299,1
POMO4,202012,0.0139373324577452,0.0413524955511093,0.0192412200232431,202007,299,3
POSI3,202012,-0.111764594409862,0.0392648279666901,0.0192412200232431,202007,299,3
PRIO3,202012,0.00427406752921899,0.0390783734619617,0.0192412200232431,202007,299,3
PSSA3,202012,-0.0167345980630571,0.0214123446494341,0.0192412200232431,202007,299,1
PTBL3,202012,0.177629858865105,0.0289135985076427,0.0192412200232431,202007,299,2
PTNT4,202012,-0.130111524163569,0.0346153452992439,0.0192412200232431,202007,299,3
QUAL3,202012,-0.10758028863623,0.0269426070153713,0.0192412200232431,202007,299,2
RADL3,202012,-0.00479222540913038,0.015739768743515,0.0192412200232431,202007,299,1
RAIL3,202012,0.0550933153599602,0.00875460170209408,0.0192412200232431,202007,299,1
RANI3,202012,0.0333950427486907,0.0467062667012215,0.0192412200232431,202007,299,4
RAPT3,202012,-0.0598290016402269,0.0360285677015781,0.0192412200232431,202007,299,3
RAPT4,202012,-0.134950268201379,0.051754355430603,0.0192412200232431,202007,299,4
RDNI3,202012,-0.0764604810996564,0.0299776513129473,0.0192412200232431,202007,299,2
RENT3,202012,-0.0735316123144579,0.0263254940509796,0.0192412200232431,202007,299,1
RLOG3,202012,0.016747703943814,0.0289401132613421,0.0192412200232431,202007,299,2
ROMI3,202012,0.0278316847653723,0.0371832847595215,0.0192412200232431,202007,299,3
RPAD3,202012,0.206611536961335,0.0478111319243908,0.0192412200232431,202007,299,4
SANB11,202012,-0.122799594144696,0.0337697081267834,0.0192412200232431,202007,299,2
SAPR11,202012,-0.140246331763443,0.0655385255813599,0.0192412200232431,202007,299,5
SAPR4,202012,-0.138094253934677,0.0589248910546303,0.0192412200232431,202007,299,5
SBSP3,202012,-0.080332957349696,0.0148636437952518,0.0192412200232431,202007,299,1
SCAR3,202012,-0.140085651933478,0.0602312609553337,0.0192412200232431,202007,299,5
SEER3,202012,-0.050829440128247,0.0270179435610771,0.0192412200232431,202007,299,2
SGPS3,202012,-0.225930680359435,9.31248941924423e-05,0.0192412200232431,202007,299,1
SHOW3,202012,-0.11586907305837,0.0398982353508472,0.0192412200232431,202007,299,3
SHUL4,202012,-0.00740734421372435,0.0254338067024946,0.0192412200232431,202007,299,1
SLCE3,202012,0.261566380924523,0.0650914609432221,0.0192412200232431,202007,299,5
SMLS3,202012,-0.0844349680170576,0.0855764523148537,0.0192412200232431,202007,299,5
SMTO3,202012,0.088815943196521,0.0602057501673698,0.0192412200232431,202007,299,5
SQIA3,202012,-0.068936170212766,0.0396137684583664,0.0192412200232431,202007,299,3
STBP3,202012,0.173333333333333,0.0359942205250263,0.0192412200232431,202007,299,3
SULA11,202012,-0.10011273957159,-0.0063855517655611,0.0192412200232431,202007,299,1
SUZB3,202012,0.0599590009509827,0.0468286722898483,0.0192412200232431,202007,299,4
TAEE11,202012,-0.0254489583316139,0.0685724169015884,0.0192412200232431,202007,299,5
TASA3,202012,0.116572370154444,0.0581364408135414,0.0192412200232431,202007,299,5
TASA4,202012,0.117419369543384,0.0779947265982628,0.0192412200232431,202007,299,5
TCSA3,202012,-0.134134152481358,0.0379387252032757,0.0192412200232431,202007,299,3
TECN3,202012,-0.0615384196056555,0.0440459698438644,0.0192412200232431,202007,299,3
TEND3,202012,-0.0370984716384223,0.0275744125247002,0.0192412200232431,202007,299,2
TESA3,202012,0.018069973087274,0.0383930914103985,0.0192412200232431,202007,299,3
TGMA3,202012,-0.0637746026038306,0.0573365278542042,0.0192412200232431,202007,299,5
TIET11,202012,0.0187537810042346,0.0683012083172798,0.0192412200232431,202007,299,5
TIMS3,202012,-0.0921500881710007,0.0369814671576023,0.0192412200232431,202007,299,3
TOTS3,202012,-0.0111419021021136,0.0303770750761032,0.0192412200232431,202007,299,2
TPIS3,202012,-0.214592231382337,0.0637671574950218,0.0192412200232431,202007,299,5
TRIS3,202012,-0.118367336750435,0.0323862917721272,0.0192412200232431,202007,299,2
TRPL4,202012,-0.0524991010427903,0.0354703217744827,0.0192412200232431,202007,299,3
TUPY3,202012,0.00763002375644906,0.0432454980909824,0.0192412200232431,202007,299,3
UGPA3,202012,-0.0825610292792219,0.0446872785687447,0.0192412200232431,202007,299,3
UNIP3,202012,0.0793458290303286,0.0448538772761822,0.0192412200232431,202007,299,4
UNIP6,202012,-0.0232466379199932,0.0455036945641041,0.0192412200232431,202007,299,4
USIM3,202012,-0.0968769161472613,0.0245991759002209,0.0192412200232431,202007,299,1
USIM5,202012,-0.0965091131419193,0.0376613475382328,0.0192412200232431,202007,299,3
VALE3,202012,0.00571776235601162,0.0360381677746773,0.0192412200232431,202007,299,3
VIVA3,202012,-0.135098389108234,0.0223640967160463,0.0192412200232431,202007,299,1
VIVT3,202012,-0.0279569404176642,0.0522972345352173,0.0192412200232431,202007,299,4
VLID3,202012,-0.0685538550735226,0.0533435419201851,0.0192412200232431,202007,299,4
VULC3,202012,0.0225282030564369,0.027849268168211,0.0192412200232431,202007,299,2
VVAR3,202012,-0.0909653465346535,-0.00461739441379905,0.0192412200232431,202007,299,1
WEGE3,202012,0.106284683777832,0.0410241819918156,0.0192412200232431,202007,299,3
WIZS3,202012,-0.0460199004975124,0.0716212168335915,0.0192412200232431,202007,299,5
YDUQ3,202012,0.0191371582732398,0.0564345829188824,0.0192412200232431,202007,299,4
AALR3,202101,-0.157156166271919,0.0149496123194695,0.0191398598048358,202101,219,1
ABCB4,202101,0.0165452906787265,0.0389547049999237,0.0191398598048358,202101,219,4
ABEV3,202101,-0.0721377646906336,0.0328950993716717,0.0191398598048358,202101,219,3
AGRO3,202101,-0.146237335770661,0.0489797443151474,0.0191398598048358,202101,219,5
ALPA3,202101,-0.157850807813631,0.0214031487703323,0.0191398598048358,202101,219,2
ALPA4,202101,-0.100669529431803,0.0125903114676476,0.0191398598048358,202101,219,1
ALSO3,202101,-0.151394422310757,-0.00105878338217735,0.0191398598048358,202101,219,1
ALUP11,202101,-0.0781554249360408,0.0426366664469242,0.0191398598048358,202101,219,4
AMAR3,202101,-0.190095825150508,0.0857381150126457,0.0191398598048358,202101,219,5
ANIM3,202101,-0.169698810779658,0.0182399842888117,0.0191398598048358,202101,219,2
APER3,202101,0.165539626724371,0.0477123819291592,0.0191398598048358,202101,219,4
ARZZ3,202101,0.0106277455009212,0.0575404241681099,0.0191398598048358,202101,219,5
AZUL4,202101,0.00644521566683198,0.0230254493653774,0.0191398598048358,202101,219,2
B3SA3,202101,-0.0919731188909673,0.0102270673960447,0.0191398598048358,202101,219,1
BBAS3,202101,-0.158872286146746,0.026767909526825,0.0191398598048358,202101,219,2
BBDC3,202101,-0.046933959793352,0.0401976555585861,0.0191398598048358,202101,219,4
BBDC4,202101,-0.0688260630747504,0.0391872599720955,0.0191398598048358,202101,219,4
BBRK3,202101,-0.0878048780487804,0.023371322080493,0.0191398598048358,202101,219,2
BBSE3,202101,-0.0650793135228392,0.0456614159047604,0.0191398598048358,202101,219,4
BEEF11,202101,0.0837988826815641,0.00770356226712465,0.0191398598048358,202101,219,1
BEEF3,202101,0.045258443955591,0.0566758997738361,0.0191398598048358,202101,219,5
BIDI11,202101,0.174896030245747,0.0111151849851012,0.0191398598048358,202101,219,1
BIDI3,202101,0.185383244206774,0.0134025411680341,0.0191398598048358,202101,219,1
BIDI4,202101,0.171258034894399,0.0119918724521995,0.0191398598048358,202101,219,1
BKBR3,202101,-0.0802083333333333,0.00971637666225433,0.0191398598048358,202101,219,1
BMGB4,202101,-0.117646813207992,0.0349028408527374,0.0191398598048358,202101,219,3
BOBR4,202101,0.00450450015062254,0.0379028841853142,0.0191398598048358,202101,219,3
BPAC11,202101,0.086757846277062,0.01627317070961,0.0191398598048358,202101,219,1
BPAC3,202101,-0.0411045705184389,0.0244702361524105,0.0191398598048358,202101,219,2
BPAC5,202101,0.135317345339724,0.0266835540533066,0.0191398598048358,202101,219,2
BPAN4,202101,0.479233226837061,0.0486335270106792,0.0191398598048358,202101,219,5
BRAP3,202101,0.00820428508216553,0.0285352189093828,0.0191398598048358,202101,219,2
BRAP4,202101,0.00559905551917006,0.0182550698518753,0.0191398598048358,202101,219,2
BRDT3,202101,-0.143594153052451,0.0418847538530827,0.0191398598048358,202101,219,4
BRFS3,202101,0.0197926484448634,0.0324751026928425,0.0191398598048358,202101,219,3
BRGE3,202101,-0.0990384615384616,0.0507565103471279,0.0191398598048358,202101,219,5
BRIV3,202101,-0.109181141439206,0.05650869384408,0.0191398598048358,202101,219,5
BRKM5,202101,0.290668867174692,0.0283994153141975,0.0191398598048358,202101,219,2
BRML3,202101,-0.12565445026178,0.0206357333809137,0.0191398598048358,202101,219,2
BRPR3,202101,-0.0955556255558799,0.0493624769151211,0.0191398598048358,202101,219,5
BRSR3,202101,-0.0702227328002734,0.0407877452671528,0.0191398598048358,202101,219,4
BRSR6,202101,-0.0616182303121181,0.0291658286005259,0.0191398598048358,202101,219,2
BTOW3,202101,-0.00388726919339155,0.0590652264654636,0.0191398598048358,202101,219,5
CAML3,202101,-0.0151086812456355,0.0384414680302143,0.0191398598048358,202101,219,3
CARD3,202101,-0.0118577075098814,0.0250882767140865,0.0191398598048358,202101,219,2
CCPR3,202101,-0.103968253968254,0.0805862098932266,0.0191398598048358,202101,219,5
CCRO3,202101,-0.0717821782178217,0.0380846820771694,0.0191398598048358,202101,219,3
CEAB3,202101,-0.118400040750739,0.0580288879573345,0.0191398598048358,202101,219,5
CESP3,202101,0.0953428676200954,0.0439135767519474,0.0191398598048358,202101,219,4
CESP6,202101,-0.0673504273504273,0.0451946705579758,0.0191398598048358,202101,219,4
CGRA4,202101,-0.0233951664571549,0.0467068515717983,0.0191398598048358,202101,219,4
CIEL3,202101,-0.124087591240876,0.0320571847259998,0.0191398598048358,202101,219,3
CLSC4,202101,-0.0667311023252328,0.0361957252025604,0.0191398598048358,202101,219,3
CMIG3,202101,-0.0981482600340775,0.0468579083681107,0.0191398598048358,202101,219,4
CMIG4,202101,-0.127007230397375,0.0383381024003029,0.0191398598048358,202101,219,3
CNTO3,202101,-0.123137254901961,0.0368175432085991,0.0191398598048358,202101,219,3
COCE5,202101,-0.0926027079801428,0.041176550090313,0.0191398598048358,202101,219,4
COGN3,202101,-0.172566116066833,0.0837093591690064,0.0191398598048358,202101,219,5
CPFE3,202101,-0.0723239329655571,0.0351520366966724,0.0191398598048358,202101,219,3
CPLE3,202101,-0.074819014134884,0.00820540264248848,0.0191398598048358,202101,219,1
CPLE6,202101,-0.102634803921569,0.0378084257245064,0.0191398598048358,202101,219,3
CRDE3,202101,-0.234503360716953,0.00910534709692001,0.0191398598048358,202101,219,1
CRFB3,202101,-0.00157563025210072,0.0455300249159336,0.0191398598048358,202101,219,4
CRIV4,202101,-0.0124031007751938,0.0594636723399162,0.0191398598048358,202101,219,5
CRPG5,202101,0.0483869860242971,0.0374769307672977,0.0191398598048358,202101,219,3
CSAN3,202101,0.0844657906738977,0.0505724661052227,0.0191398598048358,202101,219,5
CSMG3,202101,-0.0696326278059913,0.0397531017661095,0.0191398598048358,202101,219,4
CSNA3,202101,0.0812499817626695,0.0383577644824982,0.0191398598048358,202101,219,3
CTNM4,202101,-0.0601770171414094,0.0388662554323673,0.0191398598048358,202101,219,3
CVCB3,202101,-0.131827775900941,0.0040074004791677,0.0191398598048358,202101,219,1
CYRE3,202101,-0.0323838499840431,0.00989185925573111,0.0191398598048358,202101,219,1
DIRR3,202101,-0.0776420118975771,-0.0253060720860958,0.0191398598048358,202101,219,1
DMMO11,202101,-0.1,0.0297679621726275,0.0191398598048358,202101,219,3
DMMO3,202101,-0.123711340206186,0.0132746240124106,0.0191398598048358,202101,219,1
DTEX3,202101,-0.0734776044287871,0.0526773184537888,0.0191398598048358,202101,219,5
EALT4,202101,-0.00811355539054426,0.0591354742646217,0.0191398598048358,202101,219,5
ECOR3,202101,-0.0906841153993276,0.0302337873727083,0.0191398598048358,202101,219,3
EGIE3,202101,-0.042132282142025,0.0451926663517952,0.0191398598048358,202101,219,4
ELET3,202101,0.129661903102126,0.017018374055624,0.0191398598048358,202101,219,1
ELET6,202101,0.140222686151705,0.0233429148793221,0.0191398598048358,202101,219,2
EMAE4,202101,-0.130862626107216,0.0112365102395415,0.0191398598048358,202101,219,1
EMBR3,202101,0.391353811149033,0.0502967275679112,0.0191398598048358,202101,219,5
ENAT3,202101,0.134497816593887,0.0388332456350327,0.0191398598048358,202101,219,3
ENBR3,202101,-0.0663556246759978,0.0319846756756306,0.0191398598048358,202101,219,3
ENEV3,202101,0.0862620073083751,0.01846818998456,0.0191398598048358,202101,219,2
ENGI11,202101,-0.12747244299835,0.0372659042477608,0.0191398598048358,202101,219,3
EQPA3,202101,-0.0606935044094792,0.0132046546787024,0.0191398598048358,202101,219,1
EQTL3,202101,-0.107460190103441,0.0127855530008674,0.0191398598048358,202101,219,1
ETER3,202101,-0.114534181671694,0.00662375707179308,0.0191398598048358,202101,219,1
EUCA4,202101,0.0141443127264418,0.0248611494898796,0.0191398598048358,202101,219,2
EVEN3,202101,-0.11904770746738,0.049334816634655,0.0191398598048358,202101,219,5
EZTC3,202101,-0.141221250403568,0.0322969108819962,0.0191398598048358,202101,219,3
FESA4,202101,0.229901430701814,0.0481905527412891,0.0191398598048358,202101,219,5
FLRY3,202101,0.0217059350355806,0.0495528243482113,0.0191398598048358,202101,219,5
FRAS3,202101,0.147509886240848,0.0500853359699249,0.0191398598048358,202101,219,5
GEPA3,202101,-0.0297027955357239,0.0290653556585312,0.0191398598048358,202101,219,2
GEPA4,202101,-0.056391016633239,0.0468679070472717,0.0191398598048358,202101,219,4
GFSA3,202101,0.0154525366341594,0.0461725033819675,0.0191398598048358,202101,219,4
GGBR3,202101,0.0749368814109768,0.00817368738353252,0.0191398598048358,202101,219,1
GGBR4,202101,0.112688039658312,0.0423643738031387,0.0191398598048358,202101,219,4
GNDI3,202101,-0.0823280423280424,0.0160319730639458,0.0191398598048358,202101,219,1
GOAU3,202101,0.0461216963967248,0.040891595184803,0.0191398598048358,202101,219,4
GOAU4,202101,0.0945181616386981,0.0188198704272509,0.0191398598048358,202101,219,2
GOLL4,202101,-0.0968684759916493,0.0424564592540264,0.0191398598048358,202101,219,4
GPCP3,202101,-0.0589887640449437,-0.0379967652261257,0.0191398598048358,202101,219,1
GRND3,202101,-0.0778208875938739,0.0133188553154469,0.0191398598048358,202101,219,1
GUAR3,202101,-0.177257525083612,0.0347039550542831,0.0191398598048358,202101,219,3
HAPV3,202101,-0.0972625694275224,0.0389155335724354,0.0191398598048358,202101,219,3
HBOR3,202101,-0.201780488986204,0.0359540954232216,0.0191398598048358,202101,219,3
HGTX3,202101,-0.136732329084589,0.0116563886404037,0.0191398598048358,202101,219,1
HYPE3,202101,0.0151750003673392,0.0133151654154062,0.0191398598048358,202101,219,1
IGTA3,202101,-0.0804430195278345,0.0371476300060749,0.0191398598048358,202101,219,3
IRBR3,202101,-0.166666710503394,0.06437998265028,0.0191398598048358,202101,219,5
ITSA3,202101,-0.0654045846442543,0.0319641046226025,0.0191398598048358,202101,219,3
ITSA4,202101,-0.062205229928367,0.00920664612203836,0.0191398598048358,202101,219,1
ITUB3,202101,-0.0887313245438094,0.0440843589603901,0.0191398598048358,202101,219,4
ITUB4,202101,-0.092842959325291,0.0245318189263344,0.0191398598048358,202101,219,2
JBSS3,202101,0.0678246484698097,0.0363262370228767,0.0191398598048358,202101,219,3
JHSF3,202101,-0.102493375731014,0.0398207530379295,0.0191398598048358,202101,219,4
JOPA3,202101,-0.0171427875117671,0.0483963079750538,0.0191398598048358,202101,219,5
JPSA3,202101,-0.0953555281545416,0.0369304083287716,0.0191398598048358,202101,219,3
KEPL3,202101,0.224434777139382,0.0245897863060236,0.0191398598048358,202101,219,2
KLBN11,202101,0.0706094741659284,0.0262711942195892,0.0191398598048358,202101,219,2
KLBN4,202101,0.0769229249004046,0.0420763753354549,0.0191398598048358,202101,219,4
KROT11,202101,-0.172566371681416,0.0772209838032723,0.0191398598048358,202101,219,5
LAME3,202101,0.218865924748278,0.0319795906543732,0.0191398598048358,202101,219,3
LAME4,202101,0.0340390203403902,0.0231609530746937,0.0191398598048358,202101,219,2
LCAM3,202101,-0.0879204892966361,0.0299508031457663,0.0191398598048358,202101,219,3
LEVE3,202101,-0.0619376064330944,0.0404431521892548,0.0191398598048358,202101,219,4
LIGT3,202101,-0.104571935103315,0.0223967283964157,0.0191398598048358,202101,219,2
LINX3,202101,0.0260084925690021,0.0395989790558815,0.0191398598048358,202101,219,4
LLIS3,202101,-0.0630630630630631,0.114699259400368,0.0191398598048358,202101,219,5
LOGG3,202101,-0.0507463055381581,0.0513256154954433,0.0191398598048358,202101,219,5
LOGN3,202101,-0.0136892412022563,0.0398633070290089,0.0191398598048358,202101,219,4
LPSB3,202101,-0.233624505280907,0.0491251386702061,0.0191398598048358,202101,219,5
LREN3,202101,-0.115987595426156,0.0159313045442104,0.0191398598048358,202101,219,1
LUXM4,202101,0.0461610790334965,0.0731813162565231,0.0191398598048358,202101,219,5
MDIA3,202101,-0.0500994965312263,0.00572790717706084,0.0191398598048358,202101,219,1
MEAL3,202101,-0.119318204139136,0.0911839604377747,0.0191398598048358,202101,219,5
MGLU3,202101,-0.0431341904393722,0.024927007034421,0.0191398598048358,202101,219,2
MILS3,202101,-0.0573913290180269,0.0389545001089573,0.0191398598048358,202101,219,3
MOVI3,202101,-0.0624998447462998,0.0338976308703423,0.0191398598048358,202101,219,3
MRFG3,202101,0.0458991723100075,0.0517048873007298,0.0191398598048358,202101,219,5
MRVE3,202101,-0.114736996127336,0.0350873060524464,0.0191398598048358,202101,219,3
MTSA4,202101,-0.0297228147130789,0.0465537197887898,0.0191398598048358,202101,219,4
MULT3,202101,-0.0716982730685287,0.0176287516951561,0.0191398598048358,202101,219,2
MYPK3,202101,-0.100071515444147,0.0430486127734184,0.0191398598048358,202101,219,4
NEOE3,202101,-0.0951853901494188,0.0261774566024542,0.0191398598048358,202101,219,2
NTCO3,202101,-0.0589074602527517,0.0148855606094003,0.0191398598048358,202101,219,1
ODPV3,202101,-0.0804516584333098,0.0401203148066998,0.0191398598048358,202101,219,4
OFSA3,202101,-0.0103849137556584,0.0244981963187456,0.0191398598048358,202101,219,2
OIBR3,202101,-0.0961538461538461,0.0255740862339735,0.0191398598048358,202101,219,2
OIBR4,202101,-0.135338345864662,-0.00650949962437153,0.0191398598048358,202101,219,1
OMGE3,202101,-0.0183759622547803,0.00650307210162282,0.0191398598048358,202101,219,1
PARD3,202101,-0.0736452061139417,0.0426686964929104,0.0191398598048358,202101,219,4
PATI3,202101,-0.0503944775907024,0.0524027049541473,0.0191398598048358,202101,219,5
PCAR3,202101,0.0996291441695294,0.0424451902508736,0.0191398598048358,202101,219,4
PDTC3,202101,-0.0933097804212691,0.00457927165552974,0.0191398598048358,202101,219,1
PETR3,202101,-0.189535526163246,0.0411223135888577,0.0191398598048358,202101,219,4
PETR4,202101,-0.166729374496613,0.0160820763558149,0.0191398598048358,202101,219,1
PFRM3,202101,-0.0773026369656412,0.0489292107522488,0.0191398598048358,202101,219,5
PNVL3,202101,-0.124359609403927,0.00951551087200642,0.0191398598048358,202101,219,1
POMO4,202101,-0.137457040155025,0.032834492623806,0.0191398598048358,202101,219,3
POSI3,202101,-0.0066224822015174,0.0153737477958202,0.0191398598048358,202101,219,1
PRIO3,202101,0.186125756295193,0.000549487012904137,0.0191398598048358,202101,219,1
PSSA3,202101,-0.0952680693180766,0.0324059017002583,0.0191398598048358,202101,219,3
PTBL3,202101,0.0917082807003657,0.0239289421588182,0.0191398598048358,202101,219,2
PTNT4,202101,-0.0128205128205128,0.0394182093441486,0.0191398598048358,202101,219,4
QUAL3,202101,0.0154291593509828,0.0333989299833775,0.0191398598048358,202101,219,3
RADL3,202101,-0.0678170765363535,0.0268585179001093,0.0191398598048358,202101,219,2
RAIL3,202101,-0.108374206085946,0.0306043960154057,0.0191398598048358,202101,219,3
RANI3,202101,0.0700179783478674,0.0535360723733902,0.0191398598048358,202101,219,5
RAPT3,202101,-0.0445456869771268,0.0385116301476955,0.0191398598048358,202101,219,3
RAPT4,202101,-0.0625448333172924,0.0391931794583797,0.0191398598048358,202101,219,4
RCSL4,202101,-0.0362318900928038,0.0236998833715916,0.0191398598048358,202101,219,2
RDNI3,202101,-0.162790697674419,0.0429135710000992,0.0191398598048358,202101,219,4
RENT3,202101,-0.0920475396866676,0.0169903002679348,0.0191398598048358,202101,219,1
RLOG3,202101,0.0818278427205101,0.0296315792948008,0.0191398598048358,202101,219,2
ROMI3,202101,0.687657923654276,0.0380301512777805,0.0191398598048358,202101,219,3
RPAD3,202101,-0.0958904871691241,0.0594479627907276,0.0191398598048358,202101,219,5
SANB11,202101,-0.0435012087327696,0.00820212345570326,0.0191398598048358,202101,219,1
SAPR11,202101,-0.105978322452225,0.0306724086403847,0.0191398598048358,202101,219,3
SAPR4,202101,-0.0812065452575427,0.0488961860537529,0.0191398598048358,202101,219,5
SBSP3,202101,-0.0995841541420499,0.0481326207518578,0.0191398598048358,202101,219,4
SCAR3,202101,-0.132214100314833,0.0508973374962807,0.0191398598048358,202101,219,5
SEER3,202101,-0.164513987122716,0.0130803668871522,0.0191398598048358,202101,219,1
SGPS3,202101,0.0613598673300166,0.066913515329361,0.0191398598048358,202101,219,5
SHOW3,202101,-0.00284895950052022,0.0311659891158342,0.0191398598048358,202101,219,3
SHUL4,202101,-0.0380597485036686,0.0229659955948591,0.0191398598048358,202101,219,2
SLCE3,202101,0.183367205073777,0.0507338382303715,0.0191398598048358,202101,219,5
SMLS3,202101,-0.0228225430833721,0.0319548696279526,0.0191398598048358,202101,219,3
SMTO3,202101,0.0480025726245141,0.0454792380332947,0.0191398598048358,202101,219,4
SQIA3,202101,0.00548446069469843,0.0291103590279818,0.0191398598048358,202101,219,2
STBP3,202101,-0.060064935064935,0.026827247813344,0.0191398598048358,202101,219,2
SULA11,202101,-0.172387872713606,0.00586338574066758,0.0191398598048358,202101,219,1
SUZB3,202101,0.179210509585016,0.0449449010193348,0.0191398598048358,202101,219,4
TAEE11,202101,-0.0549925335571473,0.0473161898553371,0.0191398598048358,202101,219,4
TASA3,202101,0.0716703521651778,0.0155110890045762,0.0191398598048358,202101,219,1
TASA4,202101,0.0964203771740957,-0.00496661849319935,0.0191398598048358,202101,219,1
TCSA3,202101,-0.11445084563904,0.0223321057856083,0.0191398598048358,202101,219,2
TECN3,202101,0.180327737918095,0.0254003647714853,0.0191398598048358,202101,219,2
TEND3,202101,-0.121086900096858,0.0174943264573812,0.0191398598048358,202101,219,2
TESA3,202101,0.191842900302115,0.0186075884848833,0.0191398598048358,202101,219,2
TGMA3,202101,-0.14732676012043,0.0488488785922527,0.0191398598048358,202101,219,5
TIET11,202101,-0.0855106888361045,0.0456482209265232,0.0191398598048358,202101,219,4
TIMS3,202101,-0.0375940364273714,0.0428076088428497,0.0191398598048358,202101,219,4
TOTS3,202101,0.104929435282839,0.0224629510194063,0.0191398598048358,202101,219,2
TPIS3,202101,-0.0710382393830159,0.0509819388389587,0.0191398598048358,202101,219,5
TRIS3,202101,-0.133333257832699,0.026691323146224,0.0191398598048358,202101,219,2
TRPL4,202101,-0.092979127134725,0.0565988421440125,0.0191398598048358,202101,219,5
TUPY3,202101,0.00567921191398191,0.0581870600581169,0.0191398598048358,202101,219,5
UCAS3,202101,0.00697670877698009,0.0597659535706043,0.0191398598048358,202101,219,5
UGPA3,202101,-0.112947845326008,0.043919499963522,0.0191398598048358,202101,219,4
UNIP3,202101,0.106100917597541,0.0275869499891996,0.0191398598048358,202101,219,2
UNIP6,202101,0.13579993508314,0.0466298833489418,0.0191398598048358,202101,219,4
USIM3,202101,0.19195487604295,0.0192208271473646,0.0191398598048358,202101,219,2
USIM5,202101,0.230302960376325,0.0367533378303051,0.0191398598048358,202101,219,3
VALE3,202101,0.07470141639828,0.0201413072645664,0.0191398598048358,202101,219,2
VIVA3,202101,-0.0678963105036879,0.0140759469941258,0.0191398598048358,202101,219,1
VIVT3,202101,-0.0265486388278662,0.0330054312944412,0.0191398598048358,202101,219,3
VLID3,202101,-0.118466801699593,0.0467579290270805,0.0191398598048358,202101,219,4
VULC3,202101,-0.0820070818365166,0.0122550372034311,0.0191398598048358,202101,219,1
VVAR3,202101,-0.191967324710688,0.0310087967664003,0.0191398598048358,202101,219,3
WEGE3,202101,-0.068504743828728,0.0269522462040186,0.0191398598048358,202101,219,2
WIZS3,202101,-0.183833116036506,0.0646618530154228,0.0191398598048358,202101,219,5
YDUQ3,202101,-0.10223528698812,0.0498507618904114,0.0191398598048358,202101,219,5
AALR3,202102,-0.00110990328832405,0.047174483537674,0.0191398598048358,202101,219,3
ABCB4,202102,-0.055989454233634,0.0525607876479626,0.0191398598048358,202101,219,4
ABEV3,202102,0.0905849926695235,0.0484621673822403,0.0191398598048358,202101,219,3
AGRO3,202102,0.03225808701382,0.0561951175332069,0.0191398598048358,202101,219,5
ALPA3,202102,0.0472726866894937,0.0305712763220072,0.0191398598048358,202101,219,2
ALPA4,202102,0.0546808494336082,0.0250795446336269,0.0191398598048358,202101,219,1
ALSO3,202102,0.174562526675203,0.0432898066937923,0.0191398598048358,202101,219,2
ALUP11,202102,0.087325264599734,0.0537616051733494,0.0191398598048358,202101,219,4
AMAR3,202102,0.0650887165159202,0.0652271285653114,0.0191398598048358,202101,219,5
ANIM3,202102,0.0775861995737999,0.0222416874021292,0.0191398598048358,202101,219,1
APER3,202102,0.201902993734045,0.0465967804193497,0.0191398598048358,202101,219,3
ARZZ3,202102,-0.0136006730229949,0.0439400263130665,0.0191398598048358,202101,219,3
AZUL4,202102,-0.0677339901477833,0.0291894730180502,0.0191398598048358,202101,219,2
B3SA3,202102,0.0267137099739319,0.0395820736885071,0.0191398598048358,202101,219,2
BBAS3,202102,0.0908510726426537,0.0442187376320362,0.0191398598048358,202101,219,3
BBDC3,202102,0.142806210044068,0.0281177684664726,0.0191398598048358,202101,219,2
BBDC4,202102,0.164906665916297,0.0560438372194767,0.0191398598048358,202101,219,5
BBRK3,202102,-0.0748663101604279,0.0197203047573566,0.0191398598048358,202101,219,1
BBSE3,202102,-0.0464020807692523,0.0539626516401768,0.0191398598048358,202101,219,4
BEEF11,202102,0.110824742268041,0.0256670657545328,0.0191398598048358,202101,219,1
BEEF3,202102,0.0515463502432407,0.0552318915724754,0.0191398598048358,202101,219,4
BEES3,202102,-0.0101990785155783,0.0673001110553742,0.0191398598048358,202101,219,5
BIDI11,202102,0.00855966018792653,0.00274692755192518,0.0191398598048358,202101,219,1
BIDI3,202102,-0.0144736842105264,0.00620235875248909,0.0191398598048358,202101,219,1
BIDI4,202102,0.0211681693453547,0.00362361548468471,0.0191398598048358,202101,219,1
BKBR3,202102,0.0951302378255945,0.0247067883610725,0.0191398598048358,202101,219,1
BMGB4,202102,0.077419021998937,0.0528784468770027,0.0191398598048358,202101,219,4
BPAC11,202102,-0.051690464621974,0.0269027873873711,0.0191398598048358,202101,219,2
BPAC3,202102,0.0378103411912327,0.0294909309595823,0.0191398598048358,202101,219,2
BPAC5,202102,-0.119189005519186,0.0235042423009872,0.0191398598048358,202101,219,1
BPAN4,202102,-0.208783297336213,0.0345866829156876,0.0191398598048358,202101,219,2
BRAP3,202102,0.0517180057191309,0.0497232116758823,0.0191398598048358,202101,219,3
BRAP4,202102,0.0867004983320239,0.0574360489845276,0.0191398598048358,202101,219,5
BRDT3,202102,0.108433734939759,0.036573763936758,0.0191398598048358,202101,219,2
BRFS3,202102,0.16543438077634,0.0604592338204384,0.0191398598048358,202101,219,5
BRGE3,202102,-0.0213447171824973,0.0520478896796703,0.0191398598048358,202101,219,4
BRIV3,202102,-0.0724233983286907,0.0478848554193974,0.0191398598048358,202101,219,3
BRKM5,202102,0.269673601026863,0.0475644581019878,0.0191398598048358,202101,219,3
BRML3,202102,0.211976047904192,0.045431662350893,0.0191398598048358,202101,219,3
BRPR3,202102,0.0625148605790244,-0.148745179176331,0.0191398598048358,202101,219,1
BRSR3,202102,0.0260681544396637,0.049653559923172,0.0191398598048358,202101,219,3
BRSR6,202102,-0.030632520095047,-0.0160643104463816,0.0191398598048358,202101,219,1
BTOW3,202102,-0.259146341463415,0.0507946759462357,0.0191398598048358,202101,219,3
CAML3,202102,-0.0142291726649272,0.055100679397583,0.0191398598048358,202101,219,4
CARD3,202102,0.19,0.0279658772051334,0.0191398598048358,202101,219,2
CCPR3,202102,0.0310008857395927,0.0444831512868404,0.0191398598048358,202101,219,3
CCRO3,202102,0.148444444444444,0.0490266904234886,0.0191398598048358,202101,219,3
CEAB3,202102,0.0689655237524816,0.0497844070196152,0.0191398598048358,202101,219,3
CESP3,202102,0.109139604954804,0.0530390255153179,0.0191398598048358,202101,219,4
CESP6,202102,0.032258064516129,0.0528438985347748,0.0191398598048358,202101,219,4
CGRA4,202102,-0.0888109718323134,0.0536495484411717,0.0191398598048358,202101,219,4
CIEL3,202102,0.0333333333333334,0.0335116535425186,0.0191398598048358,202101,219,2
CLSC4,202102,0.220688599784765,0.0570510253310204,0.0191398598048358,202101,219,5
CMIG3,202102,0.0807666844512514,0.0535473339259625,0.0191398598048358,202101,219,4
CMIG4,202102,0.0894649392331335,0.0529812499880791,0.0191398598048358,202101,219,4
CNTO3,202102,0.255813953488372,0.049766194075346,0.0191398598048358,202101,219,3
COCE5,202102,0.112019311899129,0.0600752122700214,0.0191398598048358,202101,219,5
COGN3,202102,0.0641709100513437,0.0906317681074142,0.0191398598048358,202101,219,5
CPFE3,202102,0.054053990724463,0.0539626516401768,0.0191398598048358,202101,219,4
CPLE3,202102,0.217391411580701,0.0488524995744228,0.0191398598048358,202101,219,3
CPLE6,202102,-0.878286104472516,0.0537711754441261,0.0191398598048358,202101,219,4
CRDE3,202102,0.0317073170731708,0.023647528141737,0.0191398598048358,202101,219,1
CRFB3,202102,0.221462388216728,0.0507185310125351,0.0191398598048358,202101,219,3
CRIV4,202102,0.00156985871271575,0.0546559803187847,0.0191398598048358,202101,219,4
CRPG5,202102,0.295726598923135,0.060052752494812,0.0191398598048358,202101,219,5
CSAN3,202102,0.123095817012964,0.0505368113517761,0.0191398598048358,202101,219,3
CSMG3,202102,0.0744717799525332,0.0537711754441261,0.0191398598048358,202101,219,4
CSNA3,202102,0.153027180439799,0.0637760832905769,0.0191398598048358,202101,219,5
CTNM4,202102,0.00941623187827956,0.0481364987790585,0.0191398598048358,202101,219,3
CVCB3,202102,0.192982433029932,0.0452874973416328,0.0191398598048358,202101,219,3
CYRE3,202102,-0.00604850678063584,0.0361324287950993,0.0191398598048358,202101,219,2
DIRR3,202102,-0.0319561069409445,-0.170701950788498,0.0191398598048358,202101,219,1
DMMO11,202102,-0.0666666666666668,-0.148178458213806,0.0191398598048358,202101,219,1
DMMO3,202102,0.105882352941177,0.0333795547485352,0.0191398598048358,202101,219,2
DTEX3,202102,0.0152091254752853,0.0474857427179813,0.0191398598048358,202101,219,3
EALT4,202102,0.0204498680916121,0.06213803216815,0.0191398598048358,202101,219,5
ECOR3,202102,0.0625565378909407,0.0486529879271984,0.0191398598048358,202101,219,3
EGIE3,202102,0.0165247335061471,0.0544192939996719,0.0191398598048358,202101,219,4
ELET3,202102,0.0573896945387229,0.0577573478221893,0.0191398598048358,202101,219,5
ELET6,202102,0.0622520598108025,0.0577573478221893,0.0191398598048358,202101,219,5
EMAE4,202102,0.109433929991704,0.0194290857762098,0.0191398598048358,202101,219,1
EMBR3,202102,0.145543744889616,0.0489461310207844,0.0191398598048358,202101,219,3
ENAT3,202102,0.216320246343341,0.058295764029026,0.0191398598048358,202101,219,5
ENBR3,202102,0.098833981121599,-0.00532388407737017,0.0191398598048358,202101,219,1
ENEV3,202102,-0.017647013944738,0.0270089004188776,0.0191398598048358,202101,219,2
ENGI11,202102,0.0610682542545546,0.0537616051733494,0.0191398598048358,202101,219,4
EQPA3,202102,0.233846223318887,0.0397576577961445,0.0191398598048358,202101,219,2
EQTL3,202102,0.233830950836376,0.0327620543539524,0.0191398598048358,202101,219,2
ETER3,202102,0.788936822773518,-0.0031723533757031,0.0191398598048358,202101,219,1
EUCA4,202102,0.255229968653555,0.0238597169518471,0.0191398598048358,202101,219,1
EVEN3,202102,0.0330330221200366,-0.0122267045080662,0.0191398598048358,202101,219,1
EZTC3,202102,0.017460193532773,0.0459852889180183,0.0191398598048358,202101,219,3
FESA4,202102,0.302369805821208,0.0277852192521095,0.0191398598048358,202101,219,2
FLRY3,202102,-0.0270780792597046,0.0530523471534252,0.0191398598048358,202101,219,4
FRAS3,202102,0.0317195578422544,0.0563695579767227,0.0191398598048358,202101,219,5
GEPA4,202102,0.0374503004344948,0.0430737398564816,0.0191398598048358,202101,219,2
GFSA3,202102,0,0.0383422002196312,0.0191398598048358,202101,219,2
GGBR3,202102,0.148348192702435,0.0240808296948671,0.0191398598048358,202101,219,1
GGBR4,202102,0.173599247909028,0.055335596203804,0.0191398598048358,202101,219,4
GNDI3,202102,-0.0452029520295203,0.0108330044895411,0.0191398598048358,202101,219,1
GOAU3,202102,0.152796586055923,0.058295764029026,0.0191398598048358,202101,219,5
GOAU4,202102,0.165538611692728,0.050898477435112,0.0191398598048358,202101,219,3
GOLL4,202102,-0.00554785020804427,0.054358933120966,0.0191398598048358,202101,219,4
GPCP3,202102,0.044776119402985,0.032337624579668,0.0191398598048358,202101,219,2
GRND3,202102,0.111111063677131,0.0292107462882996,0.0191398598048358,202101,219,2
GUAR3,202102,0.114634146341464,0.0166794471442699,0.0191398598048358,202101,219,1
HAPV3,202102,-0.0400000026321938,0.0382628254592419,0.0191398598048358,202101,219,2
HBOR3,202102,0.0780669270001888,0.0674881562590599,0.0191398598048358,202101,219,5
HGTX3,202102,0.0798657718120805,0.0206306111067534,0.0191398598048358,202101,219,1
HYPE3,202102,-0.0135594613760808,0.0235679857432842,0.0191398598048358,202101,219,1
IGTA3,202102,0.185419968304279,0.0551480688154697,0.0191398598048358,202101,219,4
IRBR3,202102,0.021666776959878,0.0354337729513645,0.0191398598048358,202101,219,2
ITSA3,202102,0.0252752634676059,0.0534170344471932,0.0191398598048358,202101,219,4
ITSA4,202102,0.0428148431043347,0.042383436113596,0.0191398598048358,202101,219,2
ITUB3,202102,0.0773396739019243,0.054751455783844,0.0191398598048358,202101,219,4
ITUB4,202102,0.0973688236554027,0.0617660768330097,0.0191398598048358,202101,219,5
JBSS3,202102,0.172734314484895,0.0546648465096951,0.0191398598048358,202101,219,4
JHSF3,202102,0.0740745325326311,0.0539846271276474,0.0191398598048358,202101,219,4
JOPA3,202102,-0.066860647989104,0.0536958537995815,0.0191398598048358,202101,219,4
JPSA3,202102,0.212176283507497,0.047602504491806,0.0191398598048358,202101,219,3
KEPL3,202102,-0.0268610162813888,0.028472175821662,0.0191398598048358,202101,219,2
KLBN11,202102,-0.0749918404658656,0.0368397682905197,0.0191398598048358,202101,219,2
KLBN4,202102,-0.0680272695586131,0.0429849475622177,0.0191398598048358,202101,219,2
KROT11,202102,0.0641711229946524,0.0881142318248749,0.0191398598048358,202101,219,5
LAME3,202102,-0.0956521739130435,0.0564632676541805,0.0191398598048358,202101,219,5
LAME4,202102,-0.102368526696106,0.0515743158757687,0.0191398598048358,202101,219,3
LCAM3,202102,0.0385582564962281,0.0540954023599625,0.0191398598048358,202101,219,4
LEVE3,202102,0.302483188831668,-0.156700432300568,0.0191398598048358,202101,219,1
LIGT3,202102,0.0939706065873263,0.0397868119180203,0.0191398598048358,202101,219,2
LINX3,202102,-0.0222452146921883,0.0524014420807362,0.0191398598048358,202101,219,4
LLIS3,202102,-0.0120192307692307,0.0637338533997536,0.0191398598048358,202101,219,5
LOGG3,202102,-0.0901032954306469,0.0504350550472736,0.0191398598048358,202101,219,3
LOGN3,202102,0.0562109943229574,0.0537718757987022,0.0191398598048358,202101,219,4
LPSB3,202102,0.139601184215817,0.052126582711935,0.0191398598048358,202101,219,4
LREN3,202102,0.163837334214035,0.0266906190663576,0.0191398598048358,202101,219,2
LUXM4,202102,-0.00720699892182897,0.066607877612114,0.0191398598048358,202101,219,5
LWSA3,202102,-0.206045920350562,0.0691374912858009,0.0191398598048358,202101,219,5
MDIA3,202102,0.0723017974954179,0.0604021921753883,0.0191398598048358,202101,219,5
MDNE3,202102,-0.0735607442488846,0.0247562825679779,0.0191398598048358,202101,219,1
MEAL3,202102,0.241935491313796,-0.148789882659912,0.0191398598048358,202101,219,1
MGLU3,202102,-0.162944575714655,0.0278635565191507,0.0191398598048358,202101,219,2
MILS3,202102,0.223247020758284,0.035305630415678,0.0191398598048358,202101,219,2
MOVI3,202102,-0.0536722651715503,0.0550978407263756,0.0191398598048358,202101,219,4
MRFG3,202102,0.266906474820144,0.0564632676541805,0.0191398598048358,202101,219,5
MRVE3,202102,0.0820452574267034,0.0464345403015614,0.0191398598048358,202101,219,3
MTRE3,202102,0.00236760376016543,0.0436267033219337,0.0191398598048358,202101,219,3
MTSA4,202102,0.0721581827230595,0.0585197433829308,0.0191398598048358,202101,219,5
MULT3,202102,0.244410675773145,0.0427620150148869,0.0191398598048358,202101,219,2
MYPK3,202102,-0.0444797440517815,0.0509853437542915,0.0191398598048358,202101,219,3
NEOE3,202102,0.0183486238532109,0.0161533057689667,0.0191398598048358,202101,219,1
NTCO3,202102,0.0426683993935455,0.0226707030087709,0.0191398598048358,202101,219,1
ODPV3,202102,0.00920951650038382,0.0609720759093761,0.0191398598048358,202101,219,5
OFSA3,202102,-0.0123455331888858,0.0580711327493191,0.0191398598048358,202101,219,5
OIBR3,202102,0.0159574468085106,0.053014125674963,0.0191398598048358,202101,219,4
OMGE3,202102,-0.00581836579812811,0.0207110997289419,0.0191398598048358,202101,219,1
PARD3,202102,0.0335000000000001,0.0504955649375916,0.0191398598048358,202101,219,3
PATI3,202102,0.179308421309283,0.0509300194680691,0.0191398598048358,202101,219,3
PDTC3,202102,0.271844697806136,-0.00705469772219658,0.0191398598048358,202101,219,1
PETR3,202102,0.0808125137471365,0.0508510395884514,0.0191398598048358,202101,219,3
PETR4,202102,0.083633352734126,0.0554814860224724,0.0191398598048358,202101,219,5
PFRM3,202102,0.042780882797324,0.0584231428802013,0.0191398598048358,202101,219,5
PNVL3,202102,0.0234042599985114,-0.000246650248300284,0.0191398598048358,202101,219,1
POMO4,202102,0.115537996645489,0.0414776839315891,0.0191398598048358,202101,219,2
POSI3,202102,0.533333269588725,0.0265770796686411,0.0191398598048358,202101,219,1
PRIO3,202102,0.10369566844147,0.0118811754509807,0.0191398598048358,202101,219,1
PRNR3,202102,0.126582270328525,0.0483209975063801,0.0191398598048358,202101,219,3
PSSA3,202102,0.077770203876713,-0.0285292193293571,0.0191398598048358,202101,219,1
PTBL3,202102,0.0333718373852785,0.0327755175530911,0.0191398598048358,202101,219,2
PTNT4,202102,0.0497835497835497,0.0569184757769108,0.0191398598048358,202101,219,5
QUAL3,202102,-0.0392528900000797,0.0578857995569706,0.0191398598048358,202101,219,5
RADL3,202102,0.0799742454270176,0.0182399842888117,0.0191398598048358,202101,219,1
RAIL3,202102,0.118784506928314,0.0282923076301813,0.0191398598048358,202101,219,2
RANI3,202102,-0.0591942013923796,0.0317401736974716,0.0191398598048358,202101,219,2
RAPT3,202102,0.0180781148995988,0.0569913312792778,0.0191398598048358,202101,219,5
RAPT4,202102,0.0506133898961703,0.0617135763168335,0.0191398598048358,202101,219,5
RCSL4,202102,0.150375965838059,0.0389158688485622,0.0191398598048358,202101,219,2
RDNI3,202102,-0.088888888888889,0.0535364374518395,0.0191398598048358,202101,219,4
RENT3,202102,0.0313439250030916,0.0265828892588615,0.0191398598048358,202101,219,1
RLOG3,202102,0.133595284872299,0.0440475456416607,0.0191398598048358,202101,219,3
ROMI3,202102,0.0513873305839496,0.00808719266206026,0.0191398598048358,202101,219,1
RPAD3,202102,-0.0393938395794551,0.0450239554047585,0.0191398598048358,202101,219,3
RSID3,202102,-0.134103037139262,0.0195196457207203,0.0191398598048358,202101,219,1
SANB11,202102,0.0526317418093929,0.0251212399452925,0.0191398598048358,202101,219,1
SAPR11,202102,0.114488463568096,0.0549430623650551,0.0191398598048358,202101,219,4
SAPR4,202102,0.11616153404203,0.0506650060415268,0.0191398598048358,202101,219,3
SBSP3,202102,0.119565232331455,0.0482842773199081,0.0191398598048358,202101,219,3
SCAR3,202102,0.194075010391118,0.0536861196160317,0.0191398598048358,202101,219,4
SEER3,202102,0,0.0221655201166868,0.0191398598048358,202101,219,1
SGPS3,202102,0.203125,0.0478795170783997,0.0191398598048358,202101,219,3
SHOW3,202102,0,0.0550963841378689,0.0191398598048358,202101,219,4
SHUL4,202102,0.179984564747751,0.0519908182322979,0.0191398598048358,202101,219,4
SLCE3,202102,0.0893118640422601,0.0562021620571613,0.0191398598048358,202101,219,5
SMLS3,202102,0.0152526215443281,0.0521489717066288,0.0191398598048358,202101,219,4
SMTO3,202102,-0.0499680238755063,0.0532406270503998,0.0191398598048358,202101,219,4
SQIA3,202102,0.0318181818181817,0.0572520717978478,0.0191398598048358,202101,219,5
STBP3,202102,0.177892918825561,0.0398100279271603,0.0191398598048358,202101,219,2
SULA11,202102,0.0345140781108084,0.0169358272105455,0.0191398598048358,202101,219,1
SUZB3,202102,-0.0631407797541973,0.0525460168719292,0.0191398598048358,202101,219,4
TAEE11,202102,0.265279543293467,0.0558840036392212,0.0191398598048358,202101,219,5
TASA3,202102,0.211690192725182,0.0370963886380196,0.0191398598048358,202101,219,2
TASA4,202102,0.177461742078211,0.0439848713576794,0.0191398598048358,202101,219,3
TCSA3,202102,-0.0443863815304905,0.0438281074166298,0.0191398598048358,202101,219,3
TECN3,202102,0.0555555213799928,0.0113670630380511,0.0191398598048358,202101,219,1
TEND3,202102,0.0172210524110161,0.0272212140262127,0.0191398598048358,202101,219,2
TESA3,202102,0.267427122940431,0.0235229954123497,0.0191398598048358,202101,219,1
TGMA3,202102,-0.12540638470876,0.0464227385818958,0.0191398598048358,202101,219,3
TIET11,202102,0.132467532467533,0.0541006736457348,0.0191398598048358,202101,219,4
TIMS3,202102,-0.0101563592762562,0.0544873774051666,0.0191398598048358,202101,219,4
TOTS3,202102,-0.0780750731509802,0.0411819256842136,0.0191398598048358,202101,219,2
TPIS3,202102,0.529411655602474,0.0750634223222733,0.0191398598048358,202101,219,5
TRIS3,202102,0.0502136942603519,0.0487363338470459,0.0191398598048358,202101,219,3
TRPL4,202102,0.0598326359832635,0.0628889948129654,0.0191398598048358,202101,219,5
TUPY3,202102,-0.0188235568538117,-0.0955130532383919,0.0191398598048358,202101,219,1
UCAS3,202102,-0.0254041484379759,0.0600328072905541,0.0191398598048358,202101,219,5
UGPA3,202102,0.123370414955605,0.0523964241147041,0.0191398598048358,202101,219,4
UNIP3,202102,0.0923259344096399,0.0481701716780663,0.0191398598048358,202101,219,3
UNIP6,202102,0.197922124861537,0.0655438229441643,0.0191398598048358,202101,219,5
USIM3,202102,0.0592065507009929,0.0362215712666512,0.0191398598048358,202101,219,2
USIM5,202102,0.0529558140922917,0.0645633563399315,0.0191398598048358,202101,219,5
VALE3,202102,0.0831943764663967,0.0502009727060795,0.0191398598048358,202101,219,3
VIVA3,202102,0.0374736092087544,0.057374220341444,0.0191398598048358,202101,219,5
VIVT3,202102,0.00726205017738613,0.0566547438502312,0.0191398598048358,202101,219,5
VLID3,202102,0.194993311696472,0.0516554564237595,0.0191398598048358,202101,219,4
VULC3,202102,-0.0293335870764193,-0.169371575117111,0.0191398598048358,202101,219,1
VVAR3,202102,0.016849199663016,0.0306689124554396,0.0191398598048358,202101,219,2
WEGE3,202102,-0.0399731662866291,0.0400832667946816,0.0191398598048358,202101,219,2
WIZS3,202102,0.202875399361022,0.0648595988750458,0.0191398598048358,202101,219,5
YDUQ3,202102,-0.113213788889057,0.0375589467585087,0.0191398598048358,202101,219,2
AALR3,202103,-0.0177777608235677,0.0537708438932896,0.0191398598048358,202101,219,5
ABCB4,202103,0.0356986751030952,0.0522685311734676,0.0191398598048358,202101,219,5
ABEV3,202103,-0.0228907428828876,0.0290605388581753,0.0191398598048358,202101,219,1
AGRO3,202103,0.516285273656675,0.0236841198056936,0.0191398598048358,202101,219,1
ALPA3,202103,0.0890150240176868,0.0316777639091015,0.0191398598048358,202101,219,2
ALPA4,202103,0.0784473850519794,0.0355923734605312,0.0191398598048358,202101,219,3
ALSO3,202103,-0.0672238372093023,0.0400081798434258,0.0191398598048358,202101,219,3
ALUP11,202103,0.0724897895030745,0.0484202951192856,0.0191398598048358,202101,219,4
AMAR3,202103,-0.00740739367914345,0.0520544424653053,0.0191398598048358,202101,219,5
ANIM3,202103,0.0819999959459907,0.0343280322849751,0.0191398598048358,202101,219,2
APER3,202103,0.0330179571345819,0.0441245101392269,0.0191398598048358,202101,219,4
ARZZ3,202103,0.0753375977256576,0.0407555550336838,0.0191398598048358,202101,219,3
AZUL4,202103,0.0171730515191546,0.0255035571753979,0.0191398598048358,202101,219,1
B3SA3,202103,-0.0571220790782797,0.0293513666838408,0.0191398598048358,202101,219,2
BBAS3,202103,-0.0266011939619548,0.0453775189816952,0.0191398598048358,202101,219,4
BBDC3,202103,-0.0321440966925771,0.0432338826358318,0.0191398598048358,202101,219,4
BBDC4,202103,-0.0192631713174235,0.0521598421037197,0.0191398598048358,202101,219,5
BBRK3,202103,0.138728323699422,0.0354217551648617,0.0191398598048358,202101,219,3
BBSE3,202103,-0.0791751398410233,0.0492320321500301,0.0191398598048358,202101,219,4
BEEF11,202103,0.0672853828306266,0.013055776245892,0.0191398598048358,202101,219,1
BEEF3,202103,0.00935548788609997,0.0331064648926258,0.0191398598048358,202101,219,2
BEES3,202103,0.0383269057750517,0.0593389645218849,0.0191398598048358,202101,219,5
BIDI11,202103,0.47852721587646,0.0232784673571587,0.0191398598048358,202101,219,1
BIDI3,202103,0.445546442876216,0.0181265249848366,0.0191398598048358,202101,219,1
BIDI4,202103,0.494817658349328,0.0279544088989496,0.0191398598048358,202101,219,1
BKBR3,202103,0.0237849017580145,0.0279463846236467,0.0191398598048358,202101,219,1
BMGB4,202103,-0.0558882780444265,0.0490176230669022,0.0191398598048358,202101,219,4
BPAC11,202103,0.102524534873831,0.0209759082645178,0.0191398598048358,202101,219,1
BPAC3,202103,0.13069277944974,0.0473128147423267,0.0191398598048358,202101,219,4
BPAC5,202103,0.0634920706513249,0.0251304265111685,0.0191398598048358,202101,219,1
BPAN4,202103,0.673339399454049,0.025536147877574,0.0191398598048358,202101,219,1
BRAP3,202103,0.183583948585998,0.039455309510231,0.0191398598048358,202101,219,3
BRAP4,202103,0.150932276954719,0.0448208376765251,0.0191398598048358,202101,219,4
BRDT3,202103,0.0194746376811596,0.0360884666442871,0.0191398598048358,202101,219,3
BRFS3,202103,-0.175654242664552,0.042994499206543,0.0191398598048358,202101,219,4
BRGE3,202103,-0.0185387131952017,0.0485298708081245,0.0191398598048358,202101,219,4
BRIV3,202103,-0.014014014014014,0.040807768702507,0.0191398598048358,202101,219,3
BRKM5,202103,0.322751475783525,0.0509093590080738,0.0191398598048358,202101,219,5
BRML3,202103,-0.0592885375494071,0.0354128405451775,0.0191398598048358,202101,219,3
BRPR3,202103,0.0602344230763034,0.0469021536409855,0.0191398598048358,202101,219,4
BRSR3,202103,0.00647505448179575,0.0469612963497639,0.0191398598048358,202101,219,4
BRSR6,202103,0.0174419815860734,0.0557552613317967,0.0191398598048358,202101,219,5
BSEV3,202103,0.229946524064171,0.0338621325790882,0.0191398598048358,202101,219,2
BTOW3,202103,0.108148148148148,0.0440616980195045,0.0191398598048358,202101,219,4
CAML3,202103,-0.0215053490456235,0.0354965999722481,0.0191398598048358,202101,219,3
CARD3,202103,0.471708683473389,0.0347664430737495,0.0191398598048358,202101,219,2
CCPR3,202103,0.052405498281787,0.0381650365889072,0.0191398598048358,202101,219,3
CCRO3,202103,-0.0681114551083591,0.0490405559539795,0.0191398598048358,202101,219,4
CEAB3,202103,0.0449915080366741,0.0534722097218037,0.0191398598048358,202101,219,5
CESP3,202103,-0.136734077875038,0.038014929741621,0.0191398598048358,202101,219,3
CESP6,202103,-0.1015625,0.0534571446478367,0.0191398598048358,202101,219,5
CGRA4,202103,0.102276499109762,0.0438122674822807,0.0191398598048358,202101,219,4
CIEL3,202103,-0.0725806451612904,0.0453664734959602,0.0191398598048358,202101,219,4
CLSC4,202103,0.0956873204550679,0.0407033450901508,0.0191398598048358,202101,219,3
CMIG3,202103,0.0696642981327442,0.05196263641119,0.0191398598048358,202101,219,5
CMIG4,202103,0.0621643914488608,0.0470668636262417,0.0191398598048358,202101,219,4
COCE5,202103,0.0684582623583359,0.0505477599799633,0.0191398598048358,202101,219,5
COGN3,202103,-0.0276381840494948,0.0886873602867127,0.0191398598048358,202101,219,5
CPFE3,202103,-0.0351741883852179,0.0281378589570522,0.0191398598048358,202101,219,1
CPLE3,202103,-0.194423734884497,0.0274838767945766,0.0191398598048358,202101,219,1
CPLE6,202103,-0.122019635343618,0.0453909635543823,0.0191398598048358,202101,219,4
CRDE3,202103,0.0874704491725769,0.021525215357542,0.0191398598048358,202101,219,1
CRFB3,202103,-0.0645994832041343,0.0288366917520762,0.0191398598048358,202101,219,1
CRIV4,202103,-0.0125391849529781,0.0561018399894238,0.0191398598048358,202101,219,5
CRPG5,202103,-0.0100594878611182,0.0467235334217548,0.0191398598048358,202101,219,4
CSAN3,202103,-0.0148764452780384,0.038318607956171,0.0191398598048358,202101,219,3
CSMG3,202103,0.113244748946585,0.0567289404571056,0.0191398598048358,202101,219,5
CSNA3,202103,0.297889014679773,0.0551645942032337,0.0191398598048358,202101,219,5
CTNM4,202103,0.231343235117632,0.0445300340652466,0.0191398598048358,202101,219,4
CVCB3,202103,0.215517309916001,0.0340409465134144,0.0191398598048358,202101,219,2
CYRE3,202103,-0.00290511595844212,0.0351597294211388,0.0191398598048358,202101,219,3
DIRR3,202103,0.030595568366381,0.0442100614309311,0.0191398598048358,202101,219,4
DMMO11,202103,-0.0476190476190476,0.0291526801884174,0.0191398598048358,202101,219,2
DMMO3,202103,-0.0638297872340425,0.0302836857736111,0.0191398598048358,202101,219,2
DTEX3,202103,0.268057784911717,0.055256687104702,0.0191398598048358,202101,219,5
EALT4,202103,0.41890182231554,0.0558759942650795,0.0191398598048358,202101,219,5
ECOR3,202103,0.0264505239330901,0.0462551303207874,0.0191398598048358,202101,219,4
EGIE3,202103,-0.0277311928712412,0.0389731079339981,0.0191398598048358,202101,219,3
ELET3,202103,0.0735337029471841,0.0264339838176966,0.0191398598048358,202101,219,1
ELET6,202103,0.0623384085033034,0.0314252488315105,0.0191398598048358,202101,219,2
EMAE4,202103,0.357852814112003,0.018040094524622,0.0191398598048358,202101,219,1
EMBR3,202103,0.099214846538187,0.046870544552803,0.0191398598048358,202101,219,4
ENAT3,202103,-0.038607594936709,0.0487187430262566,0.0191398598048358,202101,219,4
ENBR3,202103,-0.0505305709954522,0.047100692987442,0.0191398598048358,202101,219,4
ENEV3,202103,-0.121556921790715,0.0251846965402365,0.0191398598048358,202101,219,1
ENGI11,202103,-0.0245411022586471,0.0303971394896507,0.0191398598048358,202101,219,2
EQPA3,202103,0.155350251891905,0.0400798507034779,0.0191398598048358,202101,219,3
EQTL3,202103,0.00967751885243673,0.0284414924681187,0.0191398598048358,202101,219,1
ETER3,202103,0.32337218413079,0.0280306227505207,0.0191398598048358,202101,219,1
EUCA4,202103,0.349999989045793,0.0373366735875607,0.0191398598048358,202101,219,3
EVEN3,202103,-0.0111187143002479,0.0544887967407703,0.0191398598048358,202101,219,5
EZTC3,202103,0.0213134292269364,0.0322084687650204,0.0191398598048358,202101,219,2
FESA4,202103,0.320810001626246,0.0409995578229427,0.0191398598048358,202101,219,3
FHER3,202103,0.998456754806728,0.046616192907095,0.0191398598048358,202101,219,4
FLRY3,202103,-0.00195295396406647,0.0243354216217995,0.0191398598048358,202101,219,1
FRAS3,202103,-0.0398341661698391,0.0601034536957741,0.0191398598048358,202101,219,5
GEPA4,202103,0.00409620561893731,0.0502021424472332,0.0191398598048358,202101,219,5
GFSA3,202103,-0.00869557469927928,0.0442238971590996,0.0191398598048358,202101,219,4
GGBR3,202103,0.139851410546307,0.0324183478951454,0.0191398598048358,202101,219,2
GGBR4,202103,0.099272006546514,0.0310128852725029,0.0191398598048358,202101,219,2
GNDI3,202103,-0.0184782608695653,0.034686241298914,0.0191398598048358,202101,219,2
GOAU3,202103,0.202276488760049,0.040796983987093,0.0191398598048358,202101,219,3
GOAU4,202103,0.108128188962406,0.0318734608590603,0.0191398598048358,202101,219,2
GOLL4,202103,0.0901906090190607,0.0413022898137569,0.0191398598048358,202101,219,3
GPCP3,202103,0.652380952380953,0.051301009953022,0.0191398598048358,202101,219,5
GRND3,202103,0.0966274481075668,0.0288562588393688,0.0191398598048358,202101,219,1
GUAR3,202103,0.223924142961342,0.0303202457726002,0.0191398598048358,202101,219,2
HAPV3,202103,-0.0295698878664842,0.0393757969141006,0.0191398598048358,202101,219,3
HBOR3,202103,-0.034482770064268,0.0405281782150269,0.0191398598048358,202101,219,3
HGTX3,202103,0.704164077066501,0.0285145957022905,0.0191398598048358,202101,219,1
HYPE3,202103,0.0821106850188205,0.0266610160470009,0.0191398598048358,202101,219,1
IGTA3,202103,-0.0160427807486632,0.0405623503029346,0.0191398598048358,202101,219,3
IRBR3,202103,-0.00652544473437033,0.0177995711565018,0.0191398598048358,202101,219,1
ITSA3,202103,-0.00257401094201637,0.0377544425427914,0.0191398598048358,202101,219,3
ITSA4,202103,-0.0231224938350926,0.0313573591411114,0.0191398598048358,202101,219,2
ITUB3,202103,-0.0230242426317904,0.0500208362936974,0.0191398598048358,202101,219,5
ITUB4,202103,-0.0131456014317219,0.0286329668015242,0.0191398598048358,202101,219,1
JBSS3,202103,-0.00528401585204752,0.0271962080150843,0.0191398598048358,202101,219,1
JHSF3,202103,0.0125079652978186,0.054138045758009,0.0191398598048358,202101,219,5
JOPA3,202103,0.025839197293305,0.0380986481904984,0.0191398598048358,202101,219,3
JPSA3,202103,0.00524737631184413,0.0508730560541153,0.0191398598048358,202101,219,5
KEPL3,202103,0.157396498848208,0.0260570831596851,0.0191398598048358,202101,219,1
KLBN11,202103,0.00904850553282466,0.0291446801275015,0.0191398598048358,202101,219,2
KLBN4,202103,0.00547431158090217,0.0402786396443844,0.0191398598048358,202101,219,3
KROT11,202103,-0.0276381909547738,0.0822438895702362,0.0191398598048358,202101,219,5
LAME3,202103,-0.0456730769230769,0.0342820100486279,0.0191398598048358,202101,219,2
LAME4,202103,-0.0670840787119857,0.031528677791357,0.0191398598048358,202101,219,2
LCAM3,202103,0.0641646489104115,0.0498027540743351,0.0191398598048358,202101,219,5
LEVE3,202103,0.160941649378274,0.0544224157929421,0.0191398598048358,202101,219,5
LIGT3,202103,-0.114096637675351,0.0397105738520622,0.0191398598048358,202101,219,3
LINX3,202103,0.00132275132275139,0.0272444114089012,0.0191398598048358,202101,219,1
LLIS3,202103,0.0583941605839415,0.0526639670133591,0.0191398598048358,202101,219,5
LOGG3,202103,0.0303771285075922,0.0438617318868637,0.0191398598048358,202101,219,4
LOGN3,202103,0.307490096543545,0.0320758521556854,0.0191398598048358,202101,219,2
LPSB3,202103,-0.0124998746558607,0.0552834309637547,0.0191398598048358,202101,219,5
LREN3,202103,-0.0429434888158443,0.0290605388581753,0.0191398598048358,202101,219,1
LUXM4,202103,0.0213192961469428,0.060242947191,0.0191398598048358,202101,219,5
LWSA3,202103,0.259081046292465,0.0218401849269867,0.0191398598048358,202101,219,1
MDIA3,202103,-0.131381388122098,0.0380887091159821,0.0191398598048358,202101,219,3
MDNE3,202103,0.0402761811500574,0.0158255659043789,0.0191398598048358,202101,219,1
MEAL3,202103,-0.0285714020313264,0.0488988496363163,0.0191398598048358,202101,219,4
MGLU3,202103,-0.0103754683138728,0.0307221133261919,0.0191398598048358,202101,219,2
MILS3,202103,0.217194593185621,0.0361347235739231,0.0191398598048358,202101,219,3
MOVI3,202103,0.00477603780216351,0.0392908118665218,0.0191398598048358,202101,219,3
MRFG3,202103,0.101078932424759,0.0409408360719681,0.0191398598048358,202101,219,3
MRVE3,202103,-0.0318183824592305,0.0350472517311573,0.0191398598048358,202101,219,2
MTRE3,202103,-0.0062990616066938,0.0341582521796227,0.0191398598048358,202101,219,2
MTSA4,202103,0.307936267397023,0.0596146918833256,0.0191398598048358,202101,219,5
MULT3,202103,-0.0596162177052388,0.0375891253352165,0.0191398598048358,202101,219,3
MYPK3,202103,0.131338428154676,0.0428389050066471,0.0191398598048358,202101,219,4
NEOE3,202103,-0.0390390390390389,0.0421144217252731,0.0191398598048358,202101,219,3
NTCO3,202103,0.0124636476942253,0.032695397734642,0.0191398598048358,202101,219,2
ODPV3,202103,-0.0288973384030419,0.0500208362936974,0.0191398598048358,202101,219,5
OFSA3,202103,0.0256697781484938,0.0250489264726639,0.0191398598048358,202101,219,1
OIBR3,202103,-0.109947643979058,0.0398526079952717,0.0191398598048358,202101,219,3
OMGE3,202103,-0.00254452926208637,0.0330386497080326,0.0191398598048358,202101,219,2
PARD3,202103,-0.0899854862119014,0.0395886152982712,0.0191398598048358,202101,219,3
PDTC3,202103,0.520610536169328,0.0410500019788742,0.0191398598048358,202101,219,3
PETR3,202103,-0.00229265112593324,0.044163603335619,0.0191398598048358,202101,219,4
PETR4,202103,0.013068393299642,0.0345285907387733,0.0191398598048358,202101,219,2
PFRM3,202103,0.0188033429678109,0.0597230195999146,0.0191398598048358,202101,219,5
PNVL3,202103,0.0270270117425,0.0180636942386627,0.0191398598048358,202101,219,1
POMO4,202103,-0.0678574387382701,0.035236194729805,0.0191398598048358,202101,219,3
POSI3,202103,0.627536098824018,0.0392684638500214,0.0191398598048358,202101,219,3
PRIO3,202103,-0.00758554570653058,0.0121807958930731,0.0191398598048358,202101,219,1
PRNR3,202103,0.117353311536589,0.0543096959590912,0.0191398598048358,202101,219,5
PSSA3,202103,0.0889619145880318,0.0492320321500301,0.0191398598048358,202101,219,4
PTBL3,202103,0.330735102833128,0.0321100652217865,0.0191398598048358,202101,219,2
PTNT4,202103,0.0494845360824743,-0.135754436254501,0.0191398598048358,202101,219,1
QUAL3,202103,-0.108731620396831,0.0223409403115511,0.0191398598048358,202101,219,1
RADL3,202103,0.0494813383482335,0.0286647845059633,0.0191398598048358,202101,219,1
RAIL3,202103,-0.0123456814783418,0.0309818908572197,0.0191398598048358,202101,219,2
RANI3,202103,0.250506993134887,0.0317428559064865,0.0191398598048358,202101,219,2
RAPT3,202103,0.0879556251737257,0.0500790923833847,0.0191398598048358,202101,219,5
RAPT4,202103,0.0415140380015846,0.0474794842302799,0.0191398598048358,202101,219,4
RCSL4,202103,-0.0196078836409361,0.0460724160075188,0.0191398598048358,202101,219,4
RDNI3,202103,0.181707317073171,0.0545045882463455,0.0191398598048358,202101,219,5
RENT3,202103,0.0765109562693696,0.0334234088659287,0.0191398598048358,202101,219,2
ROMI3,202103,0.165595864422403,0.0248442851006985,0.0191398598048358,202101,219,1
RPAD3,202103,0.12145112288194,0.0433856919407845,0.0191398598048358,202101,219,4
RSID3,202103,0.193846189058744,0.0313021317124367,0.0191398598048358,202101,219,2
SANB11,202103,-0.0244950033144656,0.0295812711119652,0.0191398598048358,202101,219,2
SAPR11,202103,-0.02954558916209,0.0454399287700653,0.0191398598048358,202101,219,4
SAPR4,202103,-0.03619904315957,0.0576539859175682,0.0191398598048358,202101,219,5
SBSP3,202103,0.0480931586648155,0.038777980953455,0.0191398598048358,202101,219,3
SCAR3,202103,-0.0455696125008995,0.0575134418904781,0.0191398598048358,202101,219,5
SEER3,202103,0.0488202423175108,0.0271045975387096,0.0191398598048358,202101,219,1
SGPS3,202103,0.428571428571429,0.039767861366272,0.0191398598048358,202101,219,3
SHOW3,202103,0.32000002179827,0.0533407591283321,0.0191398598048358,202101,219,5
SHUL4,202103,0.449148561587232,0.0564306303858757,0.0191398598048358,202101,219,5
SLCE3,202103,0.115953784506261,0.0483467616140842,0.0191398598048358,202101,219,4
SMLS3,202103,0.00610328638497637,0.0602955184876919,0.0191398598048358,202101,219,5
SMTO3,202103,0.0509104373731393,0.0468360967934132,0.0191398598048358,202101,219,4
SQIA3,202103,0.00352422907489003,0.0275046527385712,0.0191398598048358,202101,219,1
STBP3,202103,0.0351906158357771,0.0348367393016815,0.0191398598048358,202101,219,2
SULA11,202103,-0.0427275387767048,0.0332796648144722,0.0191398598048358,202101,219,2
SUZB3,202103,0.00175060854502695,0.0309734251350164,0.0191398598048358,202101,219,2
TAEE11,202103,0.0739978620323425,0.0411677323281765,0.0191398598048358,202101,219,3
TASA3,202103,0.134289542175685,0.0426316671073437,0.0191398598048358,202101,219,3
TASA4,202103,0.151609845232289,0.0493404194712639,0.0191398598048358,202101,219,5
TCSA3,202103,0.120218526908044,0.0289310030639172,0.0191398598048358,202101,219,1
TEND3,202103,-0.00346284120182383,0.033693041652441,0.0191398598048358,202101,219,2
TESA3,202103,0.1195,0.0268012471497059,0.0191398598048358,202101,219,1
TGMA3,202103,0.213037930140751,0.0511461049318314,0.0191398598048358,202101,219,5
TIMS3,202103,-0.0378847841796198,0.0415555536746979,0.0191398598048358,202101,219,3
TOTS3,202103,0.0781294990552297,0.0249695964157581,0.0191398598048358,202101,219,1
TPIS3,202103,0.576923182930633,0.0708516463637352,0.0191398598048358,202101,219,5
TRIS3,202103,0.0100900810583768,0.0340035110712051,0.0191398598048358,202101,219,2
TRPL4,202103,0.0659297275957365,0.0492320321500301,0.0191398598048358,202101,219,4
TUPY3,202103,0.123261448205613,0.0474578030407429,0.0191398598048358,202101,219,4
UCAS3,202103,0.303317523696808,0.0433697924017906,0.0191398598048358,202101,219,4
UGPA3,202103,-0.00471448589769385,0.042927049100399,0.0191398598048358,202101,219,4
UNIP3,202103,0.165028488859844,0.0336648635566235,0.0191398598048358,202101,219,2
UNIP6,202103,0.158610913043093,0.0440619476139545,0.0191398598048358,202101,219,4
USIM3,202103,0.302839006623759,0.0395825505256653,0.0191398598048358,202101,219,3
USIM5,202103,0.320465510622844,0.0337376594543457,0.0191398598048358,202101,219,2
VALE3,202103,0.112789793709511,0.0261744167655706,0.0191398598048358,202101,219,1
VIVA3,202103,0.0190747408231766,0.0394039750099182,0.0191398598048358,202101,219,3
VIVT3,202103,0.00133519234107893,0.043684758245945,0.0191398598048358,202101,219,4
VLID3,202103,0.0584346903421686,0.0336582213640213,0.0191398598048358,202101,219,2
VULC3,202103,0.0439559108554555,0.0332699939608574,0.0191398598048358,202101,219,2
VVAR3,202103,-0.019884009942005,0.0232715401798487,0.0191398598048358,202101,219,1
WEGE3,202103,-0.0608908038119433,0.0310242790728807,0.0191398598048358,202101,219,2
WIZS3,202103,0.527224435590969,0.0536235086619854,0.0191398598048358,202101,219,5
YDUQ3,202103,0.11295206655654,0.0434292666614056,0.0191398598048358,202101,219,4
AALR3,202104,0.38800907759845,0.0317572914063931,0.0191398598048358,202101,219,5
ABCB4,202104,0.16554065986849,0.0102459359914064,0.0191398598048358,202101,219,3
ABEV3,202104,0.201472536108478,-0.00260109989903867,0.0191398598048358,202101,219,1
AGRO3,202104,-0.0580551628715164,0.0241594631224871,0.0191398598048358,202101,219,5
ALPA3,202104,0.17246393484058,0.0178391467779875,0.0191398598048358,202101,219,4
ALPA4,202104,0.190284551389755,0.00318491621874273,0.0191398598048358,202101,219,2
ALSO3,202104,0.168679392286716,-0.00956674478948116,0.0191398598048358,202101,219,1
ALUP11,202104,0.0289040481792056,0.0108948033303022,0.0191398598048358,202101,219,3
AMAR3,202104,0.440298463338582,0.0096036633476615,0.0191398598048358,202101,219,3
ANIM3,202104,0.164510224841818,-0.000356584234395996,0.0191398598048358,202101,219,1
APER3,202104,-0.019626168224299,0.0224238839000463,0.0191398598048358,202101,219,5
ARZZ3,202104,0.171579643093192,0.0159623306244612,0.0191398598048358,202101,219,4
ATOM3,202104,-0.0761589403973512,0.0316507741808891,0.0191398598048358,202101,219,5
AZUL4,202104,0.116883116883117,0.00401865039020777,0.0191398598048358,202101,219,2
B3SA3,202104,0.0217475000766361,-0.00360370497219265,0.0191398598048358,202101,219,1
BBAS3,202104,0.144227970405329,-0.00430258456617594,0.0191398598048358,202101,219,1
BBDC3,202104,0.106848023955475,0.00610866816714406,0.0191398598048358,202101,219,3
BBDC4,202104,0.111130714233723,-0.00718126865103841,0.0191398598048358,202101,219,1
BBRK3,202104,-0.121827411167513,0.00687804445624352,0.0191398598048358,202101,219,3
BBSE3,202104,0.0479175919090742,0.00548060471192002,0.0191398598048358,202101,219,3
BEEF11,202104,0.0543478260869565,9.7532247309573e-05,0.0191398598048358,202101,219,1
BEEF3,202104,0.0237604513533922,-0.00132619985379279,0.0191398598048358,202101,219,1
BEES3,202104,0.034213196635458,0.0198408588767052,0.0191398598048358,202101,219,4
BIDI11,202104,-0.705092792403971,0.0456305965781212,0.0191398598048358,202101,219,5
BIDI3,202104,-0.699168755772529,0.0270933415740728,0.0191398598048358,202101,219,5
BIDI4,202104,-0.708012326656395,0.0418148897588253,0.0191398598048358,202101,219,5
BKBR3,202104,0.0757575757575757,-0.000672832888085395,0.0191398598048358,202101,219,1
BMGB4,202104,0.0507399710234533,0.00612570438534021,0.0191398598048358,202101,219,3
BPAC11,202104,0.159345962290195,0.0174751803278923,0.0191398598048358,202101,219,4
BPAC3,202104,0.358586666652162,0.0343449637293816,0.0191398598048358,202101,219,5
BPAC5,202104,0.0533579744625368,0.0359039381146431,0.0191398598048358,202101,219,5
BPAN4,202104,0.240891789015769,0.00238987384364009,0.0191398598048358,202101,219,2
BRAP3,202104,0,0.0170344263315201,0.0191398598048358,202101,219,4
BRAP4,202104,0.00281643946969812,0.01195680629462,0.0191398598048358,202101,219,4
BRDT3,202104,0.146157263438472,-0.000278230640105903,0.0191398598048358,202101,219,1
BRFS3,202104,0.239057239057239,-0.00680672284215689,0.0191398598048358,202101,219,1
BRGE3,202104,0.0444444444444445,0.0220204629004002,0.0191398598048358,202101,219,4
BRIV3,202104,0.0507614213197969,0.0225134063512087,0.0191398598048358,202101,219,5
BRKM5,202104,-0.0462857350777954,0.0142348548397422,0.0191398598048358,202101,219,4
BRML3,202104,0.17436974789916,-0.0119756227359176,0.0191398598048358,202101,219,1
BRPR3,202104,0.070234195018744,0.00260101654566824,0.0191398598048358,202101,219,2
BRSR6,202104,0.117758299005565,0.00798508990556002,0.0191398598048358,202101,219,3
BSEV3,202104,-0.0217391304347825,0.0234007742255926,0.0191398598048358,202101,219,5
BTOW3,202104,-0.112448009506833,0.0163103956729174,0.0191398598048358,202101,219,4
CAML3,202104,0.00399596664819035,-0.000592621683608741,0.0191398598048358,202101,219,1
CARD3,202104,-0.0513894175866007,0.0156169328838587,0.0191398598048358,202101,219,4
CCPR3,202104,0.00408163265306127,0.00522999931126833,0.0191398598048358,202101,219,3
CCRO3,202104,0.144518272425249,-0.00376685219816864,0.0191398598048358,202101,219,1
CEAB3,202104,0.141348483356625,0.000374381255824119,0.0191398598048358,202101,219,2
CESP3,202104,-0.0178321678321679,0.0212645698338747,0.0191398598048358,202101,219,4
CESP6,202104,-0.0446640316205533,-0.0041284472681582,0.0191398598048358,202101,219,1
CGRA4,202104,-0.0436300513091292,0.00554777309298515,0.0191398598048358,202101,219,3
CIEL3,202104,0.220289855072464,0.000448259001132101,0.0191398598048358,202101,219,2
CLSC4,202104,0.0799872180339709,0.0230484548956156,0.0191398598048358,202101,219,5
CMIG3,202104,0.118509404286586,0.0191844999790192,0.0191398598048358,202101,219,4
CMIG4,202104,0.144612352428231,-0.00183629523962736,0.0191398598048358,202101,219,1
COCE5,202104,-0.007839839094402,0.00501287216320634,0.0191398598048358,202101,219,2
COGN3,202104,0.0904392927780016,0.0106437373906374,0.0191398598048358,202101,219,3
CPFE3,202104,0.030947473135204,-0.00105252233333886,0.0191398598048358,202101,219,1
CPLE3,202104,0.0527275484506018,0.0235840082168579,0.0191398598048358,202101,219,5
CPLE6,202104,0.0191693290734825,0.00394172873347998,0.0191398598048358,202101,219,2
CRDE3,202104,0.0739130434782609,0.00234578805975616,0.0191398598048358,202101,219,2
CRFB3,202104,0.0313075506445673,-0.00890397187322378,0.0191398598048358,202101,219,1
CRIV4,202104,-0.0126984126984128,0.0185046028345823,0.0191398598048358,202101,219,4
CRPG5,202104,0.195235964411328,0.00968349631875753,0.0191398598048358,202101,219,3
CSAN3,202104,0.0501116081799096,0.00234087486751378,0.0191398598048358,202101,219,2
CSMG3,202104,0.044021367192383,0.00746227987110615,0.0191398598048358,202101,219,3
CSNA3,202104,-0.074521293919336,0.0313496626913548,0.0191398598048358,202101,219,5
CTNM4,202104,-0.00454541415222365,0.029387453570962,0.0191398598048358,202101,219,5
CVCB3,202104,0.03838135976913,0.0154858706519008,0.0191398598048358,202101,219,4
CYRE3,202104,0.0157246320781463,-0.00186913879588246,0.0191398598048358,202101,219,1
DIRR3,202104,0.11984925265512,0.0102802878245711,0.0191398598048358,202101,219,3
DMMO11,202104,-0.1,0.0080484664067626,0.0191398598048358,202101,219,3
DMMO3,202104,-0.0113636363636364,-0.00414039380848408,0.0191398598048358,202101,219,1
DTEX3,202104,-0.131645569620253,0.0195758175104857,0.0191398598048358,202101,219,4
EALT4,202104,0.0173913234675087,0.030501602217555,0.0191398598048358,202101,219,5
ECOR3,202104,0.0382377266284817,0.00112406141124666,0.0191398598048358,202101,219,2
EGIE3,202104,-0.00323376653309815,0.000581733649596572,0.0191398598048358,202101,219,2
ELET3,202104,0.19162815982604,0.0100530739873648,0.0191398598048358,202101,219,3
ELET6,202104,0.178474851270957,0.0024281011428684,0.0191398598048358,202101,219,2
EMAE4,202104,0.145524810744396,0.024607315659523,0.0191398598048358,202101,219,5
EMBR3,202104,0.122077922077922,0.0193778909742832,0.0191398598048358,202101,219,4
ENAT3,202104,0.0138248847926268,0.0123132476583123,0.0191398598048358,202101,219,4
ENBR3,202104,-0.00745077168706765,0.00123611860908568,0.0191398598048358,202101,219,2
ENEV3,202104,0.258350305962382,0.000382337049813941,0.0191398598048358,202101,219,2
ENGI11,202104,0.0543972731212237,-0.00535692693665624,0.0191398598048358,202101,219,1
EQPA3,202104,0.0485650236264668,0.0114562036469579,0.0191398598048358,202101,219,3
EQTL3,202104,0.0166545605249842,-0.00221163569949567,0.0191398598048358,202101,219,1
ETER3,202104,0.286290543479858,0.0257717110216618,0.0191398598048358,202101,219,5
EUCA4,202104,-0.121228452939211,0.0144546832889318,0.0191398598048358,202101,219,4
EVEN3,202104,0.0879918607215784,-0.000613664218690246,0.0191398598048358,202101,219,1
EZTC3,202104,-0.0362118606349365,0.00321130431257188,0.0191398598048358,202101,219,2
FESA4,202104,-0.119333204806643,0.0246048253029585,0.0191398598048358,202101,219,5
FHER3,202104,1.0617761510573,0.0229157265275717,0.0191398598048358,202101,219,5
FLRY3,202104,0.0360077068057114,0.000142185759614222,0.0191398598048358,202101,219,1
FRAS3,202104,0.00679690651330844,0.0287113580852747,0.0191398598048358,202101,219,5
GEPA4,202104,-0.00220778668483401,0.0120315635576844,0.0191398598048358,202101,219,4
GFSA3,202104,-0.0460527119955363,0.0119507014751434,0.0191398598048358,202101,219,4
GGBR3,202104,0.0182726386366046,0.035784512758255,0.0191398598048358,202101,219,5
GGBR4,202104,0.00255624332261295,0.00988948438316584,0.0191398598048358,202101,219,3
GNDI3,202104,0.0876092038882737,0.0049704578705132,0.0191398598048358,202101,219,2
GOAU3,202104,0.0383659247238177,0.0236199405044317,0.0191398598048358,202101,219,5
GOAU4,202104,0.0111140446475808,0.0113055417314172,0.0191398598048358,202101,219,3
GOLL4,202104,0.143283582089552,0.0180153492838144,0.0191398598048358,202101,219,4
GPCP3,202104,0.155619596541787,0.0173557326197624,0.0191398598048358,202101,219,4
GRND3,202104,0.254824176109085,0.0112322084605694,0.0191398598048358,202101,219,3
GUAR3,202104,0.17938021454112,0.00374214979819953,0.0191398598048358,202101,219,2
HAPV3,202104,0.108221621099301,0.00876840390264988,0.0191398598048358,202101,219,3
HBOR3,202104,0.0595583619895137,-0.00264504062943161,0.0191398598048358,202101,219,1
HGTX3,202104,0.199854121079504,-0.000186228731763549,0.0191398598048358,202101,219,1
HYPE3,202104,0.0502018128238433,0.00826208852231503,0.0191398598048358,202101,219,3
IGBR3,202104,0.00454201362604079,0.0249972604215145,0.0191398598048358,202101,219,5
IGTA3,202104,0.175271739130435,-0.00381581322290003,0.0191398598048358,202101,219,1
INEP3,202104,0.122333962233884,0.0327223353087902,0.0191398598048358,202101,219,5
IRBR3,202104,-0.0246304213685125,0.00413022330030799,0.0191398598048358,202101,219,2
ITSA3,202104,0.0614120711905835,0.0116451531648636,0.0191398598048358,202101,219,4
ITSA4,202104,0.0813552818746726,0.00164214288815856,0.0191398598048358,202101,219,2
ITUB3,202104,0.0889529435397936,0.00290687079541385,0.0191398598048358,202101,219,2
ITUB4,202104,0.0753820552769426,-0.000127391584101133,0.0191398598048358,202101,219,1
JBSS3,202104,0.00431606905710491,-0.00345925730653107,0.0191398598048358,202101,219,1
JHSF3,202104,0.11566587658558,0.0102519188076258,0.0191398598048358,202101,219,3
JOPA3,202104,-0.00311531667326581,0.0234540123492479,0.0191398598048358,202101,219,5
JPSA3,202104,0.109246830723341,0.00322349206544459,0.0191398598048358,202101,219,2
KEPL3,202104,0.0666002914498254,0.0239032488316298,0.0191398598048358,202101,219,5
KLBN11,202104,-0.0548784602648751,0.0121406577527523,0.0191398598048358,202101,219,4
KLBN4,202104,-0.0671503950635707,0.0556584373116493,0.0191398598048358,202101,219,5
KROT11,202104,0.090439276485788,0.03984434902668,0.0191398598048358,202101,219,5
LAME3,202104,-0.0564231738035265,0.0105171529576182,0.0191398598048358,202101,219,3
LAME4,202104,-0.0465004793863854,0.0025274739600718,0.0191398598048358,202101,219,2
LCAM3,202104,0.0242700037921881,0.00578179629519582,0.0191398598048358,202101,219,3
LEVE3,202104,0.0438895211108756,0.00754589028656483,0.0191398598048358,202101,219,3
LIGT3,202104,-0.0667808710000616,0.00155161484144628,0.0191398598048358,202101,219,2
LINX3,202104,-0.00660501981505945,0.0094973910599947,0.0191398598048358,202101,219,3
LLIS3,202104,-0.0919540229885056,0.00060258770827204,0.0191398598048358,202101,219,2
LOGG3,202104,0.0047440060316768,0.0110625009983778,0.0191398598048358,202101,219,3
LOGN3,202104,-0.00251252452356776,0.0189442746341228,0.0191398598048358,202101,219,4
LPSB3,202104,0.0734176529656667,0.00272397487424314,0.0191398598048358,202101,219,2
LREN3,202104,0.158415687627136,-0.00110598467290401,0.0191398598048358,202101,219,1
LUPA3,202104,0.0772303470079137,0.0322714745998383,0.0191398598048358,202101,219,5
LWSA3,202104,-0.0907195243017307,0.0271603614091873,0.0191398598048358,202101,219,5
MDIA3,202104,0.100300327595934,0.00027423893334344,0.0191398598048358,202101,219,1
MDNE3,202104,-0.046460178802361,0.000283820612821728,0.0191398598048358,202101,219,2
MEAL3,202104,0.0668449196156462,0.00444771302863956,0.0191398598048358,202101,219,2
MGLU3,202104,0.00649023137244154,0.0129404608160257,0.0191398598048358,202101,219,4
MILS3,202104,-0.0379759479556457,0.015478229150176,0.0191398598048358,202101,219,4
MOVI3,202104,0.0736777665342845,0.00516710616648197,0.0191398598048358,202101,219,2
MRFG3,202104,-0.0526044352759154,0.00306751509197056,0.0191398598048358,202101,219,2
MRVE3,202104,0.00230533829899859,0.00292430655099452,0.0191398598048358,202101,219,2
MTRE3,202104,0.00380857184606476,0.0113413296639919,0.0191398598048358,202101,219,3
MTSA4,202104,0.0681796058549631,0.0318820551037788,0.0191398598048358,202101,219,5
MULT3,202104,0.114198992076433,-0.00353741250000894,0.0191398598048358,202101,219,1
MYPK3,202104,0.218221822425362,0.0175177864730358,0.0191398598048358,202101,219,4
NEOE3,202104,0.1775,0.00221321056596935,0.0191398598048358,202101,219,2
NTCO3,202104,0.0576528518670496,-0.00255082012154162,0.0191398598048358,202101,219,1
ODPV3,202104,0.0360219263899766,0.0110839363187552,0.0191398598048358,202101,219,3
OFSA3,202104,0.133537266642353,0.00718249334022403,0.0191398598048358,202101,219,3
OIBR3,202104,-0.111764705882353,-0.00393136218190193,0.0191398598048358,202101,219,1
OIBR4,202104,-0.0504201680672269,-0.0158804822713137,0.0191398598048358,202101,219,1
OMGE3,202104,0.0142857142857142,0.00512964744120836,0.0191398598048358,202101,219,2
OSXB3,202104,-0.213523128773929,0.0703548118472099,0.0191398598048358,202101,219,5
PARD3,202104,0.125465178096757,-0.000982367666438222,0.0191398598048358,202101,219,1
PDTC3,202104,-0.197791182415917,0.0121622988954186,0.0191398598048358,202101,219,4
PETR3,202104,0.153679893804914,-0.00038726712227799,0.0191398598048358,202101,219,1
PETR4,202104,0.137595251872252,-3.62046012014616e-05,0.0191398598048358,202101,219,1
PFRM3,202104,0.0553690196987284,0.022179014980793,0.0191398598048358,202101,219,4
PNVL3,202104,0.0470650775633332,0.00704550370573998,0.0191398598048358,202101,219,3
PNVL4,202104,0.0475949367088608,0.0321420356631279,0.0191398598048358,202101,219,5
POMO4,202104,0.026820275484315,-0.00278590968810022,0.0191398598048358,202101,219,1
POSI3,202104,0.305139629463227,0.013018237426877,0.0191398598048358,202101,219,4
PRIO3,202104,0.0772002177844811,0.00406189076602459,0.0191398598048358,202101,219,2
PRNR3,202104,-0.0703910970227145,0.00558026507496834,0.0191398598048358,202101,219,3
PSSA3,202104,0.0765644948594044,0.00778301153331995,0.0191398598048358,202101,219,3
PTBL3,202104,0.163522307802748,0.0389573164284229,0.0191398598048358,202101,219,5
PTNT4,202104,0.119842829076621,0.048047062009573,0.0191398598048358,202101,219,5
QUAL3,202104,0.162363787727679,0.00319824367761612,0.0191398598048358,202101,219,2
RADL3,202104,0.0714826560597033,0.00672553805634379,0.0191398598048358,202101,219,3
RAIL3,202104,0.0334999541920726,-0.00503657851368189,0.0191398598048358,202101,219,1
RANI3,202104,0.231918952429713,0.028948063030839,0.0191398598048358,202101,219,5
RAPT3,202104,0.115350248899511,0.023769011721015,0.0191398598048358,202101,219,5
RAPT4,202104,0.0603882957852293,0.00967283267527819,0.0191398598048358,202101,219,3
RCSL3,202104,-0.0211639746745526,0.0366267897188664,0.0191398598048358,202101,219,5
RCSL4,202104,0.140000007661824,0.00497384322807193,0.0191398598048358,202101,219,2
RDNI3,202104,0.150670794633643,0.0248874500393868,0.0191398598048358,202101,219,5
RENT3,202104,-0.0252962922600087,0.0104173924773932,0.0191398598048358,202101,219,3
ROMI3,202104,-0.154011020079718,0.010848181322217,0.0191398598048358,202101,219,3
RPAD3,202104,0.0281293205511435,0.028237871825695,0.0191398598048358,202101,219,5
RSID3,202104,-0.147766341606294,0.0169404670596123,0.0191398598048358,202101,219,4
SANB11,202104,0.0901560648125965,-0.00220619817264378,0.0191398598048358,202101,219,1
SANB3,202104,0.0893321237825937,0.0206953212618828,0.0191398598048358,202101,219,4
SAPR11,202104,-0.0562061134354113,0.00177636160515249,0.0191398598048358,202101,219,2
SAPR4,202104,-0.0469484212844996,0.00107218232005835,0.0191398598048358,202101,219,2
SBFG3,202104,0.283518897648681,-0.0054825060069561,0.0191398598048358,202101,219,1
SBSP3,202104,-0.0853200663280848,0.00667097885161638,0.0191398598048358,202101,219,3
SCAR3,202104,0.124718186744454,0.00222268304787576,0.0191398598048358,202101,219,2
SEER3,202104,0.164569383111433,0.0114449849352241,0.0191398598048358,202101,219,3
SGPS3,202104,0.227272727272727,0.0165729392319918,0.0191398598048358,202101,219,4
SHOW3,202104,0.145021659140621,0.0304337423294783,0.0191398598048358,202101,219,5
SHUL4,202104,-0.0482698441336742,0.0191042348742485,0.0191398598048358,202101,219,4
SLCE3,202104,0.0862880338335386,0.0141389835625887,0.0191398598048358,202101,219,4
SMLS3,202104,0.052263182454503,0.00225555640645325,0.0191398598048358,202101,219,2
SMTO3,202104,0.104266648707845,0.0149696571752429,0.0191398598048358,202101,219,4
SQIA3,202104,0.0373134328358209,-0.00281067914329469,0.0191398598048358,202101,219,1
STBP3,202104,0.271954674220963,0.00685776118189097,0.0191398598048358,202101,219,3
SULA11,202104,0.0602262305105472,-0.0066351629793644,0.0191398598048358,202101,219,1
SUZB3,202104,-0.11562542783752,0.00379856256768107,0.0191398598048358,202101,219,2
TAEE11,202104,-0.00275587869323513,0.0135253751650453,0.0191398598048358,202101,219,4
TASA3,202104,-0.0417623870070221,0.0379855595529079,0.0191398598048358,202101,219,5
TASA4,202104,-0.00970851007267615,0.0132627403363585,0.0191398598048358,202101,219,4
TCSA3,202104,-0.0804877881419435,0.0134465098381042,0.0191398598048358,202101,219,4
TEND3,202104,-0.0646230828179682,0.00853089615702629,0.0191398598048358,202101,219,3
TESA3,202104,0.021661456007146,0.0352796167135239,0.0191398598048358,202101,219,5
TGMA3,202104,0.0375439526493031,0.0109251011162996,0.0191398598048358,202101,219,3
TIMS3,202104,-0.00164073430832223,0.00817419122904539,0.0191398598048358,202101,219,3
TOTS3,202104,0.108360161049801,0.0124440081417561,0.0191398598048358,202101,219,4
TPIS3,202104,-0.17709367175831,0.015741927549243,0.0191398598048358,202101,219,4
TRIS3,202104,0.0722396331107644,0.00346328155137599,0.0191398598048358,202101,219,2
TRPL4,202104,-0.00962962962962965,0.00438960548490286,0.0191398598048358,202101,219,2
TUPY3,202104,0.0503842209891321,0.0186853986233473,0.0191398598048358,202101,219,4
UCAS3,202104,-0.0693660239208283,0.0282023083418608,0.0191398598048358,202101,219,5
UGPA3,202104,-0.0857413236675017,-0.00662922766059637,0.0191398598048358,202101,219,1
UNIP3,202104,0.270702170305024,0.00870017427951098,0.0191398598048358,202101,219,3
UNIP6,202104,0.332088090565154,0.0115488832816482,0.0191398598048358,202101,219,4
USIM3,202104,-0.122269187604178,0.0493449419736862,0.0191398598048358,202101,219,5
USIM5,202104,-0.115137912471039,0.0297104008495808,0.0191398598048358,202101,219,5
VALE3,202104,0.0528342649723057,0.0141196036711335,0.0191398598048358,202101,219,4
VIVA3,202104,0.201652719399023,0.00119028775952756,0.0191398598048358,202101,219,2
VIVT3,202104,0.0270974658577441,0.00338441808708012,0.0191398598048358,202101,219,2
VLID3,202104,0.0250001471531329,-0.00142110767774284,0.0191398598048358,202101,219,1
VULC3,202104,0.205263416418241,0.00844068918377161,0.0191398598048358,202101,219,3
VVAR3,202104,0.0972104818258666,-0.000824297079816461,0.0191398598048358,202101,219,1
WEGE3,202104,-0.024563911086621,0.00140654831193388,0.0191398598048358,202101,219,2
WIZS3,202104,0.119130434782609,0.0169447250664234,0.0191398598048358,202101,219,4
YDUQ3,202104,0.124402073086289,0.0112891364842653,0.0191398598048358,202101,219,3
AALR3,202105,-0.0415648092791342,0.0254315380007029,0.0191398598048358,202101,219,5
ABCB4,202105,-0.079420332239276,0.0141017213463783,0.0191398598048358,202101,219,4
ABEV3,202105,-0.0490251366421527,0.0152344238013029,0.0191398598048358,202101,219,4
AGRO3,202105,-0.0755007825155505,0.00562485028058291,0.0191398598048358,202101,219,2
ALPA3,202105,0.0655128012133266,0.0220075435936451,0.0191398598048358,202101,219,5
ALPA4,202105,0.0613235976722177,0.0170281622558832,0.0191398598048358,202101,219,4
ALPK3,202105,0.00861003088809809,-0.00169647461734712,0.0191398598048358,202101,219,1
ALSO3,202105,-0.032,0.0189786367118359,0.0191398598048358,202101,219,4
ALUP11,202105,-0.0375776561146284,0.00771388877183199,0.0191398598048358,202101,219,2
AMAR3,202105,0.199481931054569,0.00944998394697905,0.0191398598048358,202101,219,2
ANIM3,202105,0.0960318436339365,0.0188752170652151,0.0191398598048358,202101,219,4
APER3,202105,-0.0657769304099143,0.0158183444291353,0.0191398598048358,202101,219,4
ARZZ3,202105,0.066230396028433,0.0178545117378235,0.0191398598048358,202101,219,4
ATOM3,202105,-0.091995221027479,0.0219172909855843,0.0191398598048358,202101,219,5
AZUL4,202105,0.0206976744186047,0.0357249863445759,0.0191398598048358,202101,219,5
B3SA3,202105,-0.0288150411634949,0.00312736444175243,0.0191398598048358,202101,219,1
BBAS3,202105,-0.0360200652395867,0.0146080516278744,0.0191398598048358,202101,219,4
BBDC3,202105,-0.0430356986686165,0.0163739006966352,0.0191398598048358,202101,219,4
BBDC4,202105,-0.0276417451654173,0.0108721610158682,0.0191398598048358,202101,219,3
BBRK3,202105,0.554913294797688,0.00286831636913121,0.0191398598048358,202101,219,1
BBSE3,202105,-0.0128205144838962,0.0110875703394413,0.0191398598048358,202101,219,3
BEEF11,202105,-0.0391752577319586,0.00468009803444147,0.0191398598048358,202101,219,2
BEEF3,202105,-0.0544905866308992,0.0115257557481527,0.0191398598048358,202101,219,3
BEES3,202105,0.0113857609770376,0.0109038781374693,0.0191398598048358,202101,219,3
BIDI11,202105,0.138445777842822,-0.00278091407380998,0.0191398598048358,202101,219,1
BIDI3,202105,0.125,-0.00132372207008302,0.0191398598048358,202101,219,1
BIDI4,202105,0.150395778364116,-0.00516134034842253,0.0191398598048358,202101,219,1
BKBR3,202105,0.11924882629108,0.00963276065886021,0.0191398598048358,202101,219,3
BMGB4,202105,-0.0281687389703048,0.00727475201711059,0.0191398598048358,202101,219,2
BPAC11,202105,-0.0160420366730466,0.0127229811623693,0.0191398598048358,202101,219,3
BPAC3,202105,-0.0418748948301685,0.0433551743626595,0.0191398598048358,202101,219,5
BPAC5,202105,0.0262134109354164,0.0393933281302452,0.0191398598048358,202101,219,5
BPAN4,202105,0.0543382997370727,-0.00152326538227499,0.0191398598048358,202101,219,1
BRAP3,202105,0.0357725415907859,0.0144382053986192,0.0191398598048358,202101,219,4
BRAP4,202105,0.0438142064616651,0.0174379497766495,0.0191398598048358,202101,219,4
BRDT3,202105,0.0341085271317829,0.0136625804007053,0.0191398598048358,202101,219,3
BRFS3,202105,0.0609472049689439,0.0267988573759794,0.0191398598048358,202101,219,5
BRGE3,202105,-0.0627659574468085,0.0303825438022614,0.0191398598048358,202101,219,5
BRIV3,202105,-0.00483091787439605,0.0300616882741451,0.0191398598048358,202101,219,5
BRKM5,202105,0.189334947301827,-0.000707090192008764,0.0191398598048358,202101,219,1
BRML3,202105,-0.0930232558139534,0.0215283371508122,0.0191398598048358,202101,219,5
BRPR3,202105,-0.0447917582271068,0.00727543933317065,0.0191398598048358,202101,219,2
BRSR6,202105,-0.0107302069592137,0.0126844896003604,0.0191398598048358,202101,219,3
BTOW3,202105,0.108953974895398,0.0130798760801554,0.0191398598048358,202101,219,3
CAML3,202105,-0.0456350462570815,0.00136465451214463,0.0191398598048358,202101,219,1
CARD3,202105,-0.0874799357945426,0.00309109897352755,0.0191398598048358,202101,219,1
CCPR3,202105,-0.0325203252032521,0.00797685980796814,0.0191398598048358,202101,219,2
CCRO3,202105,-0.0239477503628447,0.0142150111496449,0.0191398598048358,202101,219,4
CEAB3,202105,0.0220640027061003,0.0119641963392496,0.0191398598048358,202101,219,3
CESP3,202105,-0.024563901744393,0.0440618619322777,0.0191398598048358,202101,219,5
CESP6,202105,-0.00951592883740171,0.00385116692632437,0.0191398598048358,202101,219,2
CGRA4,202105,0.0586983488750108,0.0238275285810232,0.0191398598048358,202101,219,5
CIEL3,202105,-0.135391923990499,0.0112878037616611,0.0191398598048358,202101,219,3
CLSC4,202105,-0.00860160937479115,0.0234855394810438,0.0191398598048358,202101,219,5
CMIG3,202105,-0.107164455816866,0.0236203577369452,0.0191398598048358,202101,219,5
CMIG4,202105,-0.106774962709197,0.00700440863147378,0.0191398598048358,202101,219,2
COCE5,202105,0.0711151072681651,-0.000758200010750443,0.0191398598048358,202101,219,1
COGN3,202105,0.0260663436237709,0.0327188521623611,0.0191398598048358,202101,219,5
CPFE3,202105,-0.0626957525343417,0.00733991712331772,0.0191398598048358,202101,219,2
CPLE3,202105,-0.0414508718927076,0.0143357589840889,0.0191398598048358,202101,219,4
CPLE6,202105,-0.0705329153605016,0.00951168779283762,0.0191398598048358,202101,219,3
CRDE3,202105,-0.059919028340081,0.0016401787288487,0.0191398598048358,202101,219,1
CRFB3,202105,-0.0624999999999999,0.00824520643800497,0.0191398598048358,202101,219,2
CRIV4,202105,-0.0112540192926044,0.0137666705995798,0.0191398598048358,202101,219,3
CRPG5,202105,0.26723855795784,0.0289963986724615,0.0191398598048358,202101,219,5
CSAN3,202105,0.0252458842619174,0.00977763161063194,0.0191398598048358,202101,219,3
CSMG3,202105,-0.109573687073997,0.000769147998653352,0.0191398598048358,202101,219,1
CSNA3,202105,-0.0207034110410831,0.0116825243458152,0.0191398598048358,202101,219,3
CTNM4,202105,0.0197868545216318,0.0310588590800762,0.0191398598048358,202101,219,5
CVCB3,202105,0.158474307145463,0.0143236173316836,0.0191398598048358,202101,219,4
CYRE3,202105,-0.0234309334646059,0.00247251219116151,0.0191398598048358,202101,219,1
DASA3,202105,0.0697835171185919,0.0211962927132845,0.0191398598048358,202101,219,5
DIRR3,202105,0.0263931265458712,0.000998591538518667,0.0191398598048358,202101,219,1
DMMO11,202105,0.111111111111111,0.0158271361142397,0.0191398598048358,202101,219,4
DMMO3,202105,0.0689655172413795,0.00794019550085068,0.0191398598048358,202101,219,2
DTEX3,202105,0.156462585034014,-0.0059208576567471,0.0191398598048358,202101,219,1
EALT4,202105,-0.0327636148595538,0.01857347227633,0.0191398598048358,202101,219,4
ECOR3,202105,-0.0385964688650932,0.00356554728932679,0.0191398598048358,202101,219,1
EGIE3,202105,-0.016084430646127,0.00227658730000258,0.0191398598048358,202101,219,1
ELET3,202105,-0.0152828467153285,0.0158335156738758,0.0191398598048358,202101,219,4
ELET6,202105,-0.00711335474988517,0.0158335156738758,0.0191398598048358,202101,219,4
EMAE4,202105,-0.0222222735450555,0.0125201279297471,0.0191398598048358,202101,219,3
EMBR3,202105,0.0920138888888888,0.0174910966306925,0.0191398598048358,202101,219,4
ENAT3,202105,0.16948051948052,0.0123279001563787,0.0191398598048358,202101,219,3
ENBR3,202105,-0.0520107238605898,0.00895468425005674,0.0191398598048358,202101,219,2
ENEV3,202105,-0.0801733269575948,0.0268447548151016,0.0191398598048358,202101,219,5
ENGI11,202105,-0.00343954171827887,0.0135705685243011,0.0191398598048358,202101,219,3
EQPA3,202105,0.15789464204384,0.0135057950392365,0.0191398598048358,202101,219,3
EQTL3,202105,0.00283043446543774,0.0119533762335777,0.0191398598048358,202101,219,3
ETER3,202105,-0.225391840202639,0.0268696006387472,0.0191398598048358,202101,219,5
EUCA4,202105,-0.057143013674412,0.00817962735891342,0.0191398598048358,202101,219,2
EVEN3,202105,0.0129615698403327,0.00394175574183464,0.0191398598048358,202101,219,2
EZTC3,202105,-0.000963210928886848,0.00124347349628806,0.0191398598048358,202101,219,1
FESA4,202105,0.124712777607572,-0.00444047711789608,0.0191398598048358,202101,219,1
FHER3,202105,-0.358801485017313,0.0344440117478371,0.0191398598048358,202101,219,5
FLRY3,202105,-0.0207783141726831,0.0186984222382307,0.0191398598048358,202101,219,4
FRAS3,202105,0.0717298807440194,0.0238086059689522,0.0191398598048358,202101,219,5
GEPA4,202105,0.0386740337363893,0.00840015988796949,0.0191398598048358,202101,219,2
GFSA3,202105,0.0229885837192196,0.00573114352300763,0.0191398598048358,202101,219,2
GGBR3,202105,-0.083273165901852,0.0310690682381392,0.0191398598048358,202101,219,5
GGBR4,202105,-0.100546743735626,0.013562704436481,0.0191398598048358,202101,219,3
GNDI3,202105,-0.0391446996266546,0.0102534024044871,0.0191398598048358,202101,219,3
GOAU3,202105,-0.0854093755648676,0.0161340646445751,0.0191398598048358,202101,219,4
GOAU4,202105,-0.0668016080250972,0.0141524402424693,0.0191398598048358,202101,219,4
GOLL4,202105,-0.143603133159269,0.0221081841737032,0.0191398598048358,202101,219,5
GPCP3,202105,0.221945137157107,-0.00912189111113548,0.0191398598048358,202101,219,1
GRND3,202105,-0.0118225408951135,0.0148058403283358,0.0191398598048358,202101,219,4
GUAR3,202105,0.0525517938352702,0.00890771485865116,0.0191398598048358,202101,219,2
HAPV3,202105,-0.0368750750510347,0.0108709279447794,0.0191398598048358,202101,219,3
HBOR3,202105,-0.0474575171540386,0.0176001079380512,0.0191398598048358,202101,219,4
HGTX3,202105,0.0398176291793313,0.00167988915927708,0.0191398598048358,202101,219,1
HYPE3,202105,-0.0530217898677448,0.0125894406810403,0.0191398598048358,202101,219,3
IGBR3,202105,-0.439336850037679,0.020430376753211,0.0191398598048358,202101,219,5
IGTA3,202105,-0.0647398843930636,0.015415707603097,0.0191398598048358,202101,219,4
INEP3,202105,0.0891000596892766,-0.030101228505373,0.0191398598048358,202101,219,1
IRBR3,202105,-0.0286195905214052,0.012452638708055,0.0191398598048358,202101,219,3
ITSA3,202105,-0.0248078349716543,0.014713435433805,0.0191398598048358,202101,219,4
ITSA4,202105,0.0285978365944233,0.0148092592135072,0.0191398598048358,202101,219,4
ITUB3,202105,0.00696643222828208,0.0162008162587881,0.0191398598048358,202101,219,4
ITUB4,202105,0.00931424229621158,0.00638981070369482,0.0191398598048358,202101,219,2
JBSS3,202105,-0.0380165289256198,0.0148302502930164,0.0191398598048358,202101,219,4
JHSF3,202105,-0.0459317950235673,0.0112266018986702,0.0191398598048358,202101,219,3
JOPA3,202105,0.111562596903874,0.0285718776285648,0.0191398598048358,202101,219,5
JPSA3,202105,0.133781512605042,0.0182956792414188,0.0191398598048358,202101,219,4
KEPL3,202105,0.0614330752246022,0.0163547452539206,0.0191398598048358,202101,219,4
KLBN11,202105,-0.000379247457058085,0.00322131928987801,0.0191398598048358,202101,219,1
KROT11,202105,0.0260663507109005,0.0589518584311009,0.0191398598048358,202101,219,5
LAME3,202105,0.103043246129205,0.00884736329317093,0.0191398598048358,202101,219,2
LAME4,202105,0.0849673202614378,0.0063819894567132,0.0191398598048358,202101,219,2
LCAM3,202105,0.0148093298778229,0.00901797786355019,0.0191398598048358,202101,219,2
LEVE3,202105,0.208046354943046,0.0100917750969529,0.0191398598048358,202101,219,3
LIGT3,202105,-0.0666666230145375,-0.000558717467356473,0.0191398598048358,202101,219,1
LINX3,202105,-0.00531914893617025,0.00733131263405085,0.0191398598048358,202101,219,2
LLIS3,202105,0.0734177215189873,-0.0052081560716033,0.0191398598048358,202101,219,1
LOGG3,202105,0.071838277698169,0.00410003354772925,0.0191398598048358,202101,219,2
LOGN3,202105,-0.0493702530681648,0.00583418970927596,0.0191398598048358,202101,219,2
LPSB3,202105,0.115566132930158,0.00944998394697905,0.0191398598048358,202101,219,2
LREN3,202105,-0.0528496258584754,0.019971065223217,0.0191398598048358,202101,219,5
LUPA3,202105,-0.168108789599881,0.0390183702111244,0.0191398598048358,202101,219,5
LWSA3,202105,0.0344037437703009,-0.0163640845566988,0.0191398598048358,202101,219,1
MDIA3,202105,0.115524175954201,0.0187110435217619,0.0191398598048358,202101,219,4
MDNE3,202105,0.170533721209762,-0.0122879473492503,0.0191398598048358,202101,219,1
MEAL3,202105,0.0200501658981003,0.0154686477035284,0.0191398598048358,202101,219,4
MGLU3,202105,0.0491071854841076,0.00749906897544861,0.0191398598048358,202101,219,2
MILS3,202105,0.133074928083279,0.00220743496902287,0.0191398598048358,202101,219,1
MOVI3,202105,0.0989783104406881,0.00442987121641636,0.0191398598048358,202101,219,2
MRFG3,202105,0.0419161676646707,-0.00144325685687363,0.0191398598048358,202101,219,1
MRVE3,202105,-0.0609544246351072,0.0119390897452831,0.0191398598048358,202101,219,3
MTRE3,202105,-0.0229508484184154,0.00576434098184109,0.0191398598048358,202101,219,2
MTSA4,202105,0.288722131932786,0.0201985854655504,0.0191398598048358,202101,219,5
MULT3,202105,-0.0841777263515713,0.0171398743987083,0.0191398598048358,202101,219,4
MYPK3,202105,-0.0331724139307374,0.0115904286503792,0.0191398598048358,202101,219,3
NEOE3,202105,-0.0780254777070063,0.00613829726353288,0.0191398598048358,202101,219,2
NTCO3,202105,0.100678952473327,0.00553201278671622,0.0191398598048358,202101,219,2
ODPV3,202105,-0.0151171579743009,0.0063087185844779,0.0191398598048358,202101,219,2
OFSA3,202105,-0.0813292019683937,0.0126058962196112,0.0191398598048358,202101,219,3
OIBR3,202105,0,-0.0130438962951303,0.0191398598048358,202101,219,1
OIBR4,202105,-0.0221238938053098,-0.0214581079781055,0.0191398598048358,202101,219,1
OMGE3,202105,-0.0442655935613682,0.0123686892911792,0.0191398598048358,202101,219,3
OSXB3,202105,-0.0959276381285027,0.100485794246197,0.0191398598048358,202101,219,5
PARD3,202105,-0.00803023145961279,0.0172968804836273,0.0191398598048358,202101,219,4
PDTC3,202105,-0.167709582545982,0.00902289990335703,0.0191398598048358,202101,219,2
PETR3,202105,0.136585582348991,0.0132842650637031,0.0191398598048358,202101,219,3
PETR4,202105,0.09527347752462,0.00865945126861334,0.0191398598048358,202101,219,2
PFRM3,202105,0.0715420942957221,0.0151383839547634,0.0191398598048358,202101,219,4
PNVL3,202105,0.0338326521253478,-0.00151132489554584,0.0191398598048358,202101,219,1
PNVL4,202105,0.0391493475108748,0.0288096405565739,0.0191398598048358,202101,219,5
POMO4,202105,0.264924821419696,0.00962763000279665,0.0191398598048358,202101,219,3
POSI3,202105,-0.132301089674835,0.00520657189190388,0.0191398598048358,202101,219,2
PRIO3,202105,-0.0121641842927127,0.0177357345819473,0.0191398598048358,202101,219,4
PRNR3,202105,0.256009550703069,-0.00856166146695614,0.0191398598048358,202101,219,1
PSSA3,202105,0.00602088058630201,0.0127572119235992,0.0191398598048358,202101,219,3
PTBL3,202105,0.290251079597852,0.0196700971573591,0.0191398598048358,202101,219,5
QUAL3,202105,-0.0106091638139996,0.0108960960060358,0.0191398598048358,202101,219,3
RADL3,202105,-0.122087459456691,0.0155215160921216,0.0191398598048358,202101,219,4
RAIL3,202105,-0.0735365327570743,0.00198886473663151,0.0191398598048358,202101,219,1
RANI3,202105,0.10357133074985,0.0224238839000463,0.0191398598048358,202101,219,5
RAPT3,202105,0.025457528973563,0.0367842726409435,0.0191398598048358,202101,219,5
RAPT4,202105,-0.0800001768067857,0.00498492922633886,0.0191398598048358,202101,219,2
RCSL3,202105,-0.122973006540687,0.0333966314792633,0.0191398598048358,202101,219,5
RCSL4,202105,0.274853818364871,0.0050718761049211,0.0191398598048358,202101,219,2
RDNI3,202105,0.0762331838565022,0.0386710092425346,0.0191398598048358,202101,219,5
RENT3,202105,0.0230702676210715,-0.00710248155519366,0.0191398598048358,202101,219,1
ROMI3,202105,-0.118768787858283,-0.00507297925651074,0.0191398598048358,202101,219,1
RPAD3,202105,0.0123119677605235,0.0282003693282604,0.0191398598048358,202101,219,5
RSID3,202105,0.108870959213696,0.0226801037788391,0.0191398598048358,202101,219,5
SANB11,202105,-0.0172288686535886,0.017597796395421,0.0191398598048358,202101,219,4
SAPR11,202105,0.0307693969199496,0.00559200625866652,0.0191398598048358,202101,219,2
SAPR4,202105,0.0320198753547791,0.00222905911505222,0.0191398598048358,202101,219,1
SBFG3,202105,0.145165954547905,0.0191276594996452,0.0191398598048358,202101,219,4
SBSP3,202105,-0.0651673786032004,-0.0094568720087409,0.0191398598048358,202101,219,1
SCAR3,202105,0.0226243059585318,0.0136189255863428,0.0191398598048358,202101,219,3
SEER3,202105,0.256874590795092,0.0110551463440061,0.0191398598048358,202101,219,3
SGPS3,202105,-0.148148148148148,0.0197449028491974,0.0191398598048358,202101,219,5
SHOW3,202105,0.162570854934927,0.0193874947726727,0.0191398598048358,202101,219,4
SHUL4,202105,-0.0215457236573758,0.00432318495586514,0.0191398598048358,202101,219,2
SLCE3,202105,-0.0316980759827455,0.0135342543944716,0.0191398598048358,202101,219,3
SMLS3,202105,-0.00665188470066525,0.0172488112002611,0.0191398598048358,202101,219,4
SMTO3,202105,0.0499711179451639,0.0228638872504234,0.0191398598048358,202101,219,5
SQIA3,202105,0.0410495133305122,0.00168664427474141,0.0191398598048358,202101,219,1
STBP3,202105,0.00556792873051215,0.0187318287789822,0.0191398598048358,202101,219,4
SULA11,202105,0.00288350634371404,0.0125814257189631,0.0191398598048358,202101,219,3
SUZB3,202105,-0.0151489276112795,-2.48809992626775e-05,0.0191398598048358,202101,219,1
TAEE11,202105,-0.0474961475932173,0.00928831472992897,0.0191398598048358,202101,219,2
TASA4,202105,-0.0725489471680596,0.0145589020103216,0.0191398598048358,202101,219,4
TCSA3,202105,0.116710891099879,-0.000133138542878442,0.0191398598048358,202101,219,1
TEND3,202105,0.0411470165715429,0.000179602720891126,0.0191398598048358,202101,219,1
TESA3,202105,0.0810928961748634,0.0331419967114925,0.0191398598048358,202101,219,5
TGMA3,202105,0.0361857102485679,0.00558220455422998,0.0191398598048358,202101,219,2
TIMS3,202105,-0.041646441897047,0.00632429821416736,0.0191398598048358,202101,219,2
TOTS3,202105,0.0922543172049497,0.0170957092195749,0.0191398598048358,202101,219,4
TPIS3,202105,0.0359281274330123,0.0233116671442986,0.0191398598048358,202101,219,5
TRIS3,202105,-0.0615978414910648,0.00473056361079216,0.0191398598048358,202101,219,2
TRPL4,202105,-0.0617053103964098,0.000666143139824271,0.0191398598048358,202101,219,1
TUPY3,202105,-0.0349592521898715,0.0121809123083949,0.0191398598048358,202101,219,3
UCAS3,202105,-0.0139444216372535,0.00367061491124332,0.0191398598048358,202101,219,2
UGPA3,202105,1.06815073072602,0.00286555266939104,0.0191398598048358,202101,219,1
UNIP3,202105,0.149356356598088,0.0200704988092184,0.0191398598048358,202101,219,5
UNIP6,202105,-0.0229556921022858,0.0333469808101654,0.0191398598048358,202101,219,5
USIM3,202105,-0.0294840641792102,0.0365392565727234,0.0191398598048358,202101,219,5
USIM5,202105,-0.0382678466818543,-0.00807427056133747,0.0191398598048358,202101,219,1
VALE3,202105,0.0061550648461377,0.0138648906722665,0.0191398598048358,202101,219,3
VIVA3,202105,0.0926602222848798,0.0130967777222395,0.0191398598048358,202101,219,3
VIVT3,202105,-0.0497737453378314,0.00357503234408796,0.0191398598048358,202101,219,2
VLID3,202105,0.117885841080658,0.00539459101855755,0.0191398598048358,202101,219,2
VULC3,202105,0.0622270631375086,0.0106972474604845,0.0191398598048358,202101,219,3
VVAR3,202105,0.216486902927581,0.0169781390577555,0.0191398598048358,202101,219,4
WEGE3,202105,-0.0128666739955321,0.0104873310774565,0.0191398598048358,202101,219,3
WIZS3,202105,0.372183372183372,0.0122437048703432,0.0191398598048358,202101,219,3
YDUQ3,202105,-0.00182384115711653,0.0116908922791481,0.0191398598048358,202101,219,3
AALR3,202106,-0.137755089628354,2.19915345951449e-05,0.0191398598048358,202101,219,2
ABCB4,202106,-0.0487712579106715,0.00077752786455676,0.0191398598048358,202101,219,2
ABEV3,202106,-0.0251904542367338,-0.00453141331672669,0.0191398598048358,202101,219,1
AGRO3,202106,-0.0370000899533378,0.000632801209576428,0.0191398598048358,202101,219,2
ALPA3,202106,0.023201982701512,0.0239035561680794,0.0191398598048358,202101,219,5
ALPA4,202106,0.0253038350717691,0.00121968181338161,0.0191398598048358,202101,219,2
ALPK3,202106,-0.192682900118439,0.00298407138325274,0.0191398598048358,202101,219,3
ALSO3,202106,-0.0268595041322314,0.00620894320309162,0.0191398598048358,202101,219,3
ALUP11,202106,-0.0731613676518702,0.00309923733584583,0.0191398598048358,202101,219,3
AMAR3,202106,-0.165226784580767,0.0129801463335752,0.0191398598048358,202101,219,4
ANIM3,202106,-0.167270182527431,0.0124635873362422,0.0191398598048358,202101,219,4
APER3,202106,0.0771428571428572,0.00390767492353916,0.0191398598048358,202101,219,3
ARZZ3,202106,-0.0421164021164021,0.0126638170331717,0.0191398598048358,202101,219,4
ATOM3,202106,-0.232894736842105,0.033204909414053,0.0191398598048358,202101,219,5
AZUL4,202106,-0.11369332421964,0.0174427814781666,0.0191398598048358,202101,219,5
B3SA3,202106,-0.0933411747622752,-0.00403171824291348,0.0191398598048358,202101,219,1
BBAS3,202106,-0.0155621534226249,-0.0129856942221522,0.0191398598048358,202101,219,1
BBDC3,202106,-0.0330420377393896,-0.00472294632345438,0.0191398598048358,202101,219,1
BBDC4,202106,-0.0368492887462882,0.000470586586743593,0.0191398598048358,202101,219,2
BBRK3,202106,-0.163568773234201,0.0184300038963556,0.0191398598048358,202101,219,5
BBSE3,202106,-0.0748917978776074,-0.00701466901227832,0.0191398598048358,202101,219,1
BEEF11,202106,-0.0557939914163089,0.0013530554715544,0.0191398598048358,202101,219,2
BEEF3,202106,-0.042689494061393,-0.0031292240601033,0.0191398598048358,202101,219,2
BEES3,202106,-0.0155156711380939,0.0164346229285002,0.0191398598048358,202101,219,4
BIDI11,202106,-0.0875433860393367,0.0283479057252407,0.0191398598048358,202101,219,5
BIDI3,202106,-0.0807017543859649,0.0281738229095936,0.0191398598048358,202101,219,5
BIDI4,202106,-0.0875382262996942,0.0327288508415222,0.0191398598048358,202101,219,5
BKBR3,202106,-0.11744966442953,0.0103606879711151,0.0191398598048358,202101,219,4
BMGB4,202106,-0.0372670124993401,0.00778538547456265,0.0191398598048358,202101,219,3
BPAC11,202106,-0.0447321486042585,0.0079769678413868,0.0191398598048358,202101,219,4
BPAC3,202106,0.0454415995318867,0.0522133819758892,0.0191398598048358,202101,219,5
BPAC5,202106,-0.0887125022559459,0.0277140084654093,0.0191398598048358,202101,219,5
BPAN4,202106,-0.145054031587697,-0.0100882006809115,0.0191398598048358,202101,219,1
BRAP3,202106,0.0483724202064235,0.0172910019755363,0.0191398598048358,202101,219,4
BRAP4,202106,0.0396936089746505,0.0163372606039047,0.0191398598048358,202101,219,4
BRDT3,202106,0.0618440779610194,-0.0027970049995929,0.0191398598048358,202101,219,2
BRFS3,202106,-0.0625686059275521,-0.000885562447365373,0.0191398598048358,202101,219,2
BRGE3,202106,-0.0442678774120319,0.0236959047615528,0.0191398598048358,202101,219,5
BRIV3,202106,-0.0291262135922331,0.0264334045350552,0.0191398598048358,202101,219,5
BRKM5,202106,-0.0302267224440355,0.0281585622578859,0.0191398598048358,202101,219,5
BRML3,202106,-0.0108481262327418,-0.0110629294067621,0.0191398598048358,202101,219,1
BRPR3,202106,-0.0577971906706708,-0.000461208750493825,0.0191398598048358,202101,219,2
BRSR6,202106,-0.0693816667549507,0.00225918344222009,0.0191398598048358,202101,219,2
BTOW3,202106,0.0262601871415635,-0.00627873651683331,0.0191398598048358,202101,219,1
CAML3,202106,-0.0670858747913072,-0.00216738530434668,0.0191398598048358,202101,219,2
CARD3,202106,-0.0369393139841688,0.0120615223422647,0.0191398598048358,202101,219,4
CCPR3,202106,-0.0529411764705883,0.00188388419337571,0.0191398598048358,202101,219,2
CCRO3,202106,-0.033457249070632,-0.00730132078751922,0.0191398598048358,202101,219,1
CEAB3,202106,-0.174791046946432,0.0096374349668622,0.0191398598048358,202101,219,4
CESP3,202106,-0.0328467153284671,0.0394221059978008,0.0191398598048358,202101,219,5
CESP6,202106,-0.0258980785296575,0.00648840004578233,0.0191398598048358,202101,219,3
CGRA4,202106,-0.035301111714273,0.0176393631845713,0.0191398598048358,202101,219,5
CIEL3,202106,-0.0714285714285715,-0.0117950616404414,0.0191398598048358,202101,219,1
CLSC3,202106,0.000142878376482969,0.0312156789004803,0.0191398598048358,202101,219,5
CLSC4,202106,0.0991175246010123,0.00969454646110535,0.0191398598048358,202101,219,4
CMIG3,202106,0.00823030611089703,-0.000350551737938076,0.0191398598048358,202101,219,2
CMIG4,202106,-0.0156636543361179,-0.0165117364376783,0.0191398598048358,202101,219,1
COCE5,202106,-0.0181967607906833,0.00194983300752938,0.0191398598048358,202101,219,2
COGN3,202106,-0.159353424273509,0.0076559716835618,0.0191398598048358,202101,219,3
CPFE3,202106,-0.0590858837826475,-0.000801660644356161,0.0191398598048358,202101,219,2
CPLE3,202106,0.0342341133272872,-0.00643803598359227,0.0191398598048358,202101,219,1
CPLE6,202106,0.0320404721753795,-0.00784988328814507,0.0191398598048358,202101,219,1
CRDE3,202106,-0.0869939707149009,-0.00259203533641994,0.0191398598048358,202101,219,2
CRFB3,202106,-0.0957142857142857,-0.00363079854287207,0.0191398598048358,202101,219,1
CRIV4,202106,-0.0178861788617887,0.0185046028345823,0.0191398598048358,202101,219,5
CRPG5,202106,0.186182574088343,0.0299440044909716,0.0191398598048358,202101,219,5
CSAN3,202106,0.0663606296348649,0.00919006578624249,0.0191398598048358,202101,219,4
CSMG3,202106,-0.105229340068309,-0.00659022945910692,0.0191398598048358,202101,219,1
CSNA3,202106,0.0627416254795037,0.00560118816792965,0.0191398598048358,202101,219,3
CTNM4,202106,-0.0686567240660005,0.0335160568356514,0.0191398598048358,202101,219,5
CVCB3,202106,-0.195526710782636,0.016436455771327,0.0191398598048358,202101,219,4
CYRE3,202106,-0.106683759072329,-0.00355456513352692,0.0191398598048358,202101,219,2
DASA3,202106,-0.103269609776553,0.014042760245502,0.0191398598048358,202101,219,4
DIRR3,202106,-0.092142847373532,0.000924256164580584,0.0191398598048358,202101,219,2
DMMO11,202106,-0.0750000000000001,0.0240091644227505,0.0191398598048358,202101,219,5
DMMO3,202106,-0.0537634408602151,-0.00638582604005933,0.0191398598048358,202101,219,1
DTEX3,202106,-0.0743697478991596,0.0226240511983633,0.0191398598048358,202101,219,5
EALT4,202106,-0.0353459728864918,0.023710323497653,0.0191398598048358,202101,219,5
ECOR3,202106,-0.080101125231152,0.00736023392528296,0.0191398598048358,202101,219,3
EGIE3,202106,-0.0311621403964639,-0.0059276083484292,0.0191398598048358,202101,219,1
ELET3,202106,-0.067639564512393,0.000977916177362204,0.0191398598048358,202101,219,2
ELET6,202106,-0.0628611046914723,0.00424192193895578,0.0191398598048358,202101,219,3
EMAE4,202106,-0.00715907632542612,-0.0163093358278275,0.0191398598048358,202101,219,1
EMBR3,202106,-0.0148383677795443,0.0138122737407684,0.0191398598048358,202101,219,4
ENAT3,202106,-0.167684619655747,0.00989546161144972,0.0191398598048358,202101,219,4
ENBR3,202106,-0.0311085972850679,-0.00557882664725184,0.0191398598048358,202101,219,1
ENEV3,202106,-0.0306242916244028,-0.0104556679725647,0.0191398598048358,202101,219,1
ENGI11,202106,-0.0828300820602773,0.000545718416105956,0.0191398598048358,202101,219,2
EQPA3,202106,-0.0254546529291496,0.0232316236943007,0.0191398598048358,202101,219,5
EQTL3,202106,-0.0241935176582984,0.00861364044249058,0.0191398598048358,202101,219,4
ETER3,202106,-0.030352079757234,-0.00107352319173515,0.0191398598048358,202101,219,2
EUCA4,202106,-0.0686868157969028,0.00789417792111635,0.0191398598048358,202101,219,3
EVEN3,202106,-0.138623229137327,-0.00243190373294055,0.0191398598048358,202101,219,2
EZTC3,202106,-0.116039953196804,0.00570920715108514,0.0191398598048358,202101,219,3
FESA4,202106,0.166215385202387,0.0250275060534477,0.0191398598048358,202101,219,5
FHER3,202106,-0.0893691946053678,0.0173553936183453,0.0191398598048358,202101,219,4
FLRY3,202106,-0.0987653629264551,-0.00313705182634294,0.0191398598048358,202101,219,2
FRAS3,202106,0.253718724959384,0.0284998454153538,0.0191398598048358,202101,219,5
GEPA4,202106,-0.0486701272287128,0.0106333466246724,0.0191398598048358,202101,219,4
GFSA3,202106,-0.155056214959189,0.00614052079617977,0.0191398598048358,202101,219,3
GGBR3,202106,0.0283128905697194,0.0311070941388607,0.0191398598048358,202101,219,5
GGBR4,202106,0.0401890835624605,-0.00116608757525682,0.0191398598048358,202101,219,2
GNDI3,202106,-0.0580478040739433,-0.00734727922827005,0.0191398598048358,202101,219,1
GOAU3,202106,-0.0093383830171696,0.00794011075049639,0.0191398598048358,202101,219,3
GOAU4,202106,0.0303688283848096,0.00641601579263806,0.0191398598048358,202101,219,3
GOLL4,202106,-0.102787456445993,-0.011995785869658,0.0191398598048358,202101,219,1
GRND3,202106,0.0997009474518185,-0.00464590638875961,0.0191398598048358,202101,219,1
GUAR3,202106,-0.154104656745079,0.00558881182223558,0.0191398598048358,202101,219,3
HAPV3,202106,-0.0754815486349182,-0.00979797635227442,0.0191398598048358,202101,219,1
HBOR3,202106,-0.0794781758426961,-0.00459652626886964,0.0191398598048358,202101,219,1
HGTX3,202106,0.0874013446360713,-0.00583139341324568,0.0191398598048358,202101,219,1
HYPE3,202106,0.0432475369233969,-0.00273820315487683,0.0191398598048358,202101,219,2
IGBR3,202106,-0.213709677419355,0.0524145774543285,0.0191398598048358,202101,219,5
IGTA3,202106,0.00939431396786139,-0.0101539855822921,0.0191398598048358,202101,219,1
INEP3,202106,0.2477366757491,0.0418561100959778,0.0191398598048358,202101,219,5
IRBR3,202106,-0.0155977555108466,-0.00233753677457571,0.0191398598048358,202101,219,2
ITSA3,202106,0.000877519997134035,0.00479796342551708,0.0191398598048358,202101,219,3
ITSA4,202106,0.00179354864330761,-0.00577643187716603,0.0191398598048358,202101,219,1
ITUB3,202106,0.0278768350194181,0.00938522443175316,0.0191398598048358,202101,219,4
ITUB4,202106,0.0172908749862961,-0.00991442985832691,0.0191398598048358,202101,219,1
JBSS3,202106,0.101374570446735,0.0104490090161562,0.0191398598048358,202101,219,4
JHSF3,202106,0.0261349547994001,0.00364237860776484,0.0191398598048358,202101,219,3
JOPA3,202106,0.0120887738680433,0.0317570455372334,0.0191398598048358,202101,219,5
JPSA3,202106,0.043284909576045,0.0129909329116344,0.0191398598048358,202101,219,4
KEPL3,202106,-0.0263909445906214,0.0107528567314148,0.0191398598048358,202101,219,4
KLBN11,202106,-0.0656798493252582,0.0047711250372231,0.0191398598048358,202101,219,3
KROT11,202106,-0.159353348729792,0.0248619895428419,0.0191398598048358,202101,219,5
LAME3,202106,-0.68054211035818,0.00912713538855314,0.0191398598048358,202101,219,4
LAME4,202106,-0.671455050973123,0.00227788649499416,0.0191398598048358,202101,219,2
LCAM3,202106,-0.00802626778547966,0.000986839877441525,0.0191398598048358,202101,219,2
LEVE3,202106,-0.042004056930909,0.019815344363451,0.0191398598048358,202101,219,5
LIGT3,202106,-0.0498034346840059,0.00608396995812655,0.0191398598048358,202101,219,3
LLIS3,202106,-0.0849056603773586,0.00431998306885362,0.0191398598048358,202101,219,3
LOGG3,202106,-0.0966017412587881,0.00613106740638614,0.0191398598048358,202101,219,3
LOGN3,202106,-0.0434553028989777,0.00308714876882732,0.0191398598048358,202101,219,3
LPSB3,202106,-0.105708300222306,0.00484560616314411,0.0191398598048358,202101,219,3
LREN3,202106,-0.0662446354972577,-0.00277303089387715,0.0191398598048358,202101,219,2
LUPA3,202106,-0.178306063278487,0.0260852724313736,0.0191398598048358,202101,219,5
LWSA3,202106,-0.07945309023921,0.00596000486984849,0.0191398598048358,202101,219,3
MDIA3,202106,-0.0447577098397836,0.00335944839753211,0.0191398598048358,202101,219,3
MDNE3,202106,-0.114965291715053,0.00385382259264588,0.0191398598048358,202101,219,3
MEAL3,202106,-0.0466830587731648,0.00879609398543835,0.0191398598048358,202101,219,4
MGLU3,202106,-0.0252984383273245,0.00234463135711849,0.0191398598048358,202101,219,2
MILS3,202106,-0.0889396228727718,0.0169280171394348,0.0191398598048358,202101,219,4
MOVI3,202106,0.138141288319503,0.0116902412846684,0.0191398598048358,202101,219,4
MRFG3,202106,0.0245559038662486,0.0120482537895441,0.0191398598048358,202101,219,4
MRVE3,202106,-0.121861560141236,-0.0020974085200578,0.0191398598048358,202101,219,2
MTRE3,202106,-0.0838925647525387,0.00228747981600463,0.0191398598048358,202101,219,2
MTSA4,202106,-0.169890493213816,0.0335124246776104,0.0191398598048358,202101,219,5
MULT3,202106,-0.0063831290991434,-0.00695602549239993,0.0191398598048358,202101,219,1
MYPK3,202106,-0.0966937477690754,-0.00368835614062846,0.0191398598048358,202101,219,1
NEOE3,202106,0.000575705238917479,-0.00434758048504591,0.0191398598048358,202101,219,1
NTCO3,202106,-0.0526965103983081,0.00619593914598227,0.0191398598048358,202101,219,3
ODPV3,202106,-0.0023023791250959,0.00429150788113475,0.0191398598048358,202101,219,3
OFSA3,202106,-0.0594119461661125,-0.000748245103750378,0.0191398598048358,202101,219,2
OIBR3,202106,-0.211920529801324,0.0136478384956718,0.0191398598048358,202101,219,4
OIBR4,202106,-0.149321266968326,-0.0219181049615145,0.0191398598048358,202101,219,1
OMGE3,202106,-0.0494736842105263,0.00855734199285507,0.0191398598048358,202101,219,4
PARD3,202106,-0.0647619047619047,0.00164924398995936,0.0191398598048358,202101,219,2
PDTC3,202106,-0.184962387858742,0.00584837701171637,0.0191398598048358,202101,219,3
PETR3,202106,-0.092109780064839,0.00804031547158957,0.0191398598048358,202101,219,4
PETR4,202106,-0.085626807008254,0.00794424023479223,0.0191398598048358,202101,219,3
PFRM3,202106,-0.0682490509722001,0.0186273790895939,0.0191398598048358,202101,219,5
PNVL3,202106,-0.102384323259223,-0.00378738832660019,0.0191398598048358,202101,219,1
PNVL4,202106,-0.110697674418605,0.0196638852357864,0.0191398598048358,202101,219,5
POMO4,202106,-0.0946353511008619,0.0166944079101086,0.0191398598048358,202101,219,4
POSI3,202106,0.0259528852015576,-0.0180671866983175,0.0191398598048358,202101,219,1
PRIO3,202106,-0.0841456669176308,0.0133686317130923,0.0191398598048358,202101,219,4
PRNR3,202106,-0.131100437467896,0.0174353420734406,0.0191398598048358,202101,219,4
PSSA3,202106,-0.0208372542475622,0.0177212972193956,0.0191398598048358,202101,219,5
PTBL3,202106,-0.189467688601597,0.0241204313933849,0.0191398598048358,202101,219,5
QUAL3,202106,-0.107244674918947,-0.00877086911350489,0.0191398598048358,202101,219,1
RADL3,202106,0.021448810265795,-0.002686025807634,0.0191398598048358,202101,219,2
RAIL3,202106,0.0788511357791828,0.0050749946385622,0.0191398598048358,202101,219,3
RANI3,202106,-0.127292236358385,0.0136616742238402,0.0191398598048358,202101,219,4
RAPT3,202106,0.0182471946597222,0.0348334424197674,0.0191398598048358,202101,219,5
RAPT4,202106,0.00999317155726676,-0.00712002720683813,0.0191398598048358,202101,219,1
RCSL3,202106,0.101694955632464,0.0355842299759388,0.0191398598048358,202101,219,5
RCSL4,202106,-0.142201846047029,0.0107963345944881,0.0191398598048358,202101,219,4
RDNI3,202106,0.0333333333333334,0.0458394065499306,0.0191398598048358,202101,219,5
RENT3,202106,-0.0289061507951395,0.0058219856582582,0.0191398598048358,202101,219,3
ROMI3,202106,-0.0453797586382905,-0.0181049089878798,0.0191398598048358,202101,219,1
RPAD3,202106,0.0256756399895117,0.030031593516469,0.0191398598048358,202101,219,5
SANB11,202106,-0.000987616088839127,0.00206137797795236,0.0191398598048358,202101,219,2
SAPR11,202106,-0.0367095301608019,-0.00460453843697906,0.0191398598048358,202101,219,1
SAPR4,202106,-0.0310507512698758,0.00670820707455277,0.0191398598048358,202101,219,3
SBFG3,202106,-0.082592643557655,0.00638641649857163,0.0191398598048358,202101,219,3
SBSP3,202106,-0.0306178363474798,-0.00110967853106558,0.0191398598048358,202101,219,2
SCAR3,202106,-0.0277129613538523,0.0142636355012655,0.0191398598048358,202101,219,4
SEER3,202106,-0.146744959341922,0.0126981679350138,0.0191398598048358,202101,219,4
SGPS3,202106,-0.161739130434783,-0.000580877822358161,0.0191398598048358,202101,219,2
SHOW3,202106,-0.0260162353515625,0.0173335652798414,0.0191398598048358,202101,219,4
SHUL4,202106,0.0166993637259425,0.0128602692857385,0.0191398598048358,202101,219,4
SLCE3,202106,-0.123148862077329,-0.00408303365111351,0.0191398598048358,202101,219,1
SMTO3,202106,-0.112617617972087,0.00994235090911388,0.0191398598048358,202101,219,4
SQIA3,202106,0.218292682926829,0.00443812599405646,0.0191398598048358,202101,219,3
STBP3,202106,0.00332225913621276,0.0041767586953938,0.0191398598048358,202101,219,3
SULA11,202106,-0.139447958596895,0.00863954331725836,0.0191398598048358,202101,219,4
SUZB3,202106,-0.0959707984987286,0.00657440023496747,0.0191398598048358,202101,219,3
TAEE11,202106,0.0306232364634145,-0.00430122436955571,0.0191398598048358,202101,219,1
TASA4,202106,0.10570800563914,-0.0150891719385982,0.0191398598048358,202101,219,1
TCSA3,202106,-0.16270782341395,0.0035563544370234,0.0191398598048358,202101,219,3
TECN3,202106,-0.208860735837456,0.0501078255474567,0.0191398598048358,202101,219,5
TEND3,202106,-0.104590842657149,0.007865434512496,0.0191398598048358,202101,219,3
TESA3,202106,-0.0295188030731904,0.0378724224865437,0.0191398598048358,202101,219,5
TGMA3,202106,-0.113393544841006,0.00529521238058806,0.0191398598048358,202101,219,3
TIMS3,202106,-0.0182136786668862,-0.00361658609472215,0.0191398598048358,202101,219,2
TOTS3,202106,-0.060823505776102,0.00846005976200104,0.0191398598048358,202101,219,4
TPIS3,202106,-0.156069295897181,0.0267039425671101,0.0191398598048358,202101,219,5
TRIS3,202106,-0.105641033174889,-0.00281524681486189,0.0191398598048358,202101,219,2
TRPL4,202106,-0.0382622558788363,-0.00587045075371862,0.0191398598048358,202101,219,1
TUPY3,202106,-0.0775065583695121,-0.0105241248384118,0.0191398598048358,202101,219,1
UCAS3,202106,-0.107070637022042,0.0257409084588289,0.0191398598048358,202101,219,5
UGPA3,202106,-0.0386078736046955,-0.00440701376646757,0.0191398598048358,202101,219,1
UNIP3,202106,-0.0672180409039989,0.0194712523370981,0.0191398598048358,202101,219,5
UNIP6,202106,-0.0689726253684601,0.0130872698500752,0.0191398598048358,202101,219,4
USIM3,202106,0.0627847063343119,0.037011843174696,0.0191398598048358,202101,219,5
USIM5,202106,0.0769633349586527,0.00752039859071374,0.0191398598048358,202101,219,3
VALE3,202106,-0.0396468528837336,0.00249609677121043,0.0191398598048358,202101,219,3
VIVA3,202106,-0.0516717557408711,0.0129966977983713,0.0191398598048358,202101,219,4
VIVT3,202106,-0.00999586479052272,-0.0052198707126081,0.0191398598048358,202101,219,1
VLID3,202106,-0.195454525199191,0.0021042269654572,0.0191398598048358,202101,219,2
VULC3,202106,-0.0729701354725175,0.00132031785324216,0.0191398598048358,202101,219,2
VVAR3,202106,-0.202659911336289,0.00176939461380243,0.0191398598048358,202101,219,2
WEGE3,202106,0.0599583022730712,0.00522759882733226,0.0191398598048358,202101,219,3
WIZS3,202106,-0.121744054360136,0.00359787372872233,0.0191398598048358,202101,219,3
YDUQ3,202106,-0.139464064566314,-0.00229264819063246,0.0191398598048358,202101,219,2
AALR3,202107,0.24852065273832,0.0219066385179758,0.0196739076981352,202107,226,5
ABCB4,202107,0.122818761865684,-0.0862416177988052,0.0196739076981352,202107,226,1
ABEV3,202107,0.0276444057426382,-0.0157624036073685,0.0196739076981352,202107,226,2
AGRO3,202107,-0.0342677896209828,-0.0067636058665812,0.0196739076981352,202107,226,3
ALPA3,202107,0.140589553072062,0.0252813305705786,0.0196739076981352,202107,226,5
ALPA4,202107,0.165371169116306,-0.0233600903302431,0.0196739076981352,202107,226,2
ALPK3,202107,0.0271903440978705,-0.029080044478178,0.0196739076981352,202107,226,2
ALSO3,202107,-0.111818825194621,-0.0021022860892117,0.0196739076981352,202107,226,4
ALUP11,202107,0.0359916703547996,0.00593669060617685,0.0196739076981352,202107,226,5
AMAR3,202107,-0.139715400498496,-0.00543850660324097,0.0196739076981352,202107,226,3
AMBP3,202107,0.30776805367423,-0.015914598479867,0.0196739076981352,202107,226,2
ANIM3,202107,-0.157391423302895,-0.0346649922430515,0.0196739076981352,202107,226,2
APER3,202107,-0.187571049640015,-0.0458486080169678,0.0196739076981352,202107,226,1
ARZZ3,202107,-0.0121520106053911,-0.00808875076472759,0.0196739076981352,202107,226,3
ATOM3,202107,-0.0891938250428818,0.0164314955472946,0.0196739076981352,202107,226,5
AZEV4,202107,-0.183229782880175,0.0103415921330452,0.0196739076981352,202107,226,5
AZUL4,202107,-0.0300771208226222,-0.0150883253663778,0.0196739076981352,202107,226,2
B3SA3,202107,-0.07737720749796,-0.00224060611799359,0.0196739076981352,202107,226,4
BBAS3,202107,-0.026630331501305,-0.000210301310289651,0.0196739076981352,202107,226,4
BBDC3,202107,-0.0335813867293149,0.00833727139979601,0.0196739076981352,202107,226,5
BBDC4,202107,-0.0446179386494157,-0.0230139438062906,0.0196739076981352,202107,226,2
BBRK3,202107,-0.0444444444444445,-0.12015600502491,0.0196739076981352,202107,226,1
BBSE3,202107,-0.0861601743296259,-0.00106617482379079,0.0196739076981352,202107,226,4
BEEF11,202107,-0.252272727272727,0.00213497970253229,0.0196739076981352,202107,226,4
BEEF3,202107,-0.0680044873145161,-0.00101909728255123,0.0196739076981352,202107,226,4
BEES3,202107,-0.00800852744809311,-0.058745589107275,0.0196739076981352,202107,226,1
BIDI11,202107,-0.0449422372499295,0.00266382424160838,0.0196739076981352,202107,226,4
BIDI3,202107,0.00593723494486853,-0.0633554235100746,0.0196739076981352,202107,226,1
BIDI4,202107,-0.0804356933389192,-0.00746884103864431,0.0196739076981352,202107,226,3
BKBR3,202107,-0.108365019011407,-0.0517674088478088,0.0196739076981352,202107,226,1
BMGB4,202107,-0.103225981252357,-0.129137948155403,0.0196739076981352,202107,226,1
BPAC11,202107,-0.0190921851608165,-0.000537440413609147,0.0196739076981352,202107,226,4
BPAC3,202107,-0.0251841005130216,0.0266778711229563,0.0196739076981352,202107,226,5
BPAC5,202107,0.00865541502895884,0.0107017681002617,0.0196739076981352,202107,226,5
BPAN4,202107,-0.0860476421973748,-0.149789541959763,0.0196739076981352,202107,226,1
BRAP3,202107,-0.10513916123008,-0.152106016874313,0.0196739076981352,202107,226,1
BRAP4,202107,-0.146160132446766,0.00128060404676944,0.0196739076981352,202107,226,4
BRDT3,202107,-0.0402400282386162,-0.0207210686057806,0.0196739076981352,202107,226,2
BRFS3,202107,-0.0858704137392662,-0.00489839818328619,0.0196739076981352,202107,226,4
BRGE3,202107,0.0985748218527316,0.00890357978641987,0.0196739076981352,202107,226,5
BRIV3,202107,-0.0109999999999999,-0.00396344065666199,0.0196739076981352,202107,226,4
BRKM5,202107,0.142683919879359,-0.0106833335012198,0.0196739076981352,202107,226,3
BRML3,202107,-0.0997008973080757,-0.0176327005028725,0.0196739076981352,202107,226,2
BRPR3,202107,-0.0312500278624969,0.0143625177443028,0.0196739076981352,202107,226,5
BRSR6,202107,0.0113452110803902,-0.00564136169850826,0.0196739076981352,202107,226,3
CAML3,202107,0.0674155420738105,-0.013358642347157,0.0196739076981352,202107,226,3
CARD3,202107,-0.0502283105022831,0.00495079346001148,0.0196739076981352,202107,226,4
CCPR3,202107,-0.110913930789707,-0.00579616334289312,0.0196739076981352,202107,226,3
CCRO3,202107,-0.0576923076923077,0.00125062605366111,0.0196739076981352,202107,226,4
CEAB3,202107,-0.249788954999982,-0.0181743912398815,0.0196739076981352,202107,226,2
CEBR3,202107,-0.00577151701689183,0.0246585551649332,0.0196739076981352,202107,226,5
CESP3,202107,-0.105283018867924,0.0126130226999521,0.0196739076981352,202107,226,5
CESP6,202107,0.00514579759862777,-0.0278712380677462,0.0196739076981352,202107,226,2
CGRA4,202107,0.288659758204173,0.00534874945878983,0.0196739076981352,202107,226,5
CIEL3,202107,-0.150887573964497,-0.0134511524811387,0.0196739076981352,202107,226,3
CLSC3,202107,0.338237512966672,-0.151873931288719,0.0196739076981352,202107,226,1
CLSC4,202107,-0.0634201001372127,0.0138480365276337,0.0196739076981352,202107,226,5
CMIG3,202107,0.135374388359364,0.00606083124876022,0.0196739076981352,202107,226,5
CMIG4,202107,0.131490873178144,-0.00466105295345187,0.0196739076981352,202107,226,4
COCE5,202107,0.00166970976316216,-0.060373242944479,0.0196739076981352,202107,226,1
COGN3,202107,-0.118131826430888,-0.0302713047713041,0.0196739076981352,202107,226,2
CPFE3,202107,0.146919464807851,0.0208344236016274,0.0196739076981352,202107,226,5
CPLE3,202107,0.0365855326250995,-0.0132871391251683,0.0196739076981352,202107,226,3
CPLE6,202107,0.117647058823529,0.02324054017663,0.0196739076981352,202107,226,5
CRDE3,202107,0.0320754716981131,0.0115383043885231,0.0196739076981352,202107,226,5
CRFB3,202107,-0.0442338072669827,-0.169613927602768,0.0196739076981352,202107,226,1
CRIV3,202107,-0.00373831775700928,0.00201258575543761,0.0196739076981352,202107,226,4
CRIV4,202107,-0.0281456953642384,-0.0962837710976601,0.0196739076981352,202107,226,1
CRPG5,202107,-0.0093349778505204,0.0422234199941158,0.0196739076981352,202107,226,5
CSAN3,202107,-0.136986305895213,-0.0171137377619743,0.0196739076981352,202107,226,2
CSMG3,202107,0.00721490031499594,0.0027859746478498,0.0196739076981352,202107,226,4
CSNA3,202107,-0.233542857563673,-0.00705118244513869,0.0196739076981352,202107,226,3
CTNM4,202107,-0.112179460727721,0.00855180155485869,0.0196739076981352,202107,226,5
CVCB3,202107,-0.0452914655084207,-0.0163944941014051,0.0196739076981352,202107,226,2
CYRE3,202107,-0.0302159040099816,-0.00159631134010851,0.0196739076981352,202107,226,4
DASA3,202107,-0.0740072965997262,-0.0177482180297375,0.0196739076981352,202107,226,2
DEXP3,202107,-0.0638553748845137,-0.0319720804691315,0.0196739076981352,202107,226,2
DIRR3,202107,-0.000786950087895533,0.00227456400170922,0.0196739076981352,202107,226,4
DMMO3,202107,-0.0340909090909092,-0.224921509623528,0.0196739076981352,202107,226,1
DTEX3,202107,-0.0635497049477985,-0.0266192797571421,0.0196739076981352,202107,226,2
EALT4,202107,-0.0625954918823858,-0.0870120748877525,0.0196739076981352,202107,226,1
ECOR3,202107,-0.0971585970839647,0.00776958651840687,0.0196739076981352,202107,226,5
EGIE3,202107,0.0155255793627602,0.00250534247606993,0.0196739076981352,202107,226,4
ELET3,202107,-0.0650931677018632,-0.0065919728949666,0.0196739076981352,202107,226,3
ELET6,202107,-0.0685573366214548,-0.00809242110699415,0.0196739076981352,202107,226,3
EMAE4,202107,-0.0203731815394547,-0.00420278217643499,0.0196739076981352,202107,226,4
EMBR3,202107,0.259817105970952,-0.0176974441856146,0.0196739076981352,202107,226,2
ENAT3,202107,-0.085390260173449,-0.0777962431311607,0.0196739076981352,202107,226,1
ENBR3,202107,0.0764740221833042,-0.00046881363959983,0.0196739076981352,202107,226,4
ENEV3,202107,-0.047995082145779,-0.0765346884727478,0.0196739076981352,202107,226,1
ENGI11,202107,0.0593900137268359,-0.0122296931222081,0.0196739076981352,202107,226,3
EQPA3,202107,-0.0263924635747232,0.00766100082546473,0.0196739076981352,202107,226,5
EQTL3,202107,0.0471075808176014,-0.0104479445144534,0.0196739076981352,202107,226,3
ETER3,202107,-0.177796164189128,-0.00310114957392216,0.0196739076981352,202107,226,4
EUCA4,202107,0.0737526505175339,-0.168735355138779,0.0196739076981352,202107,226,1
EVEN3,202107,-0.0710321877072021,-0.00683768559247255,0.0196739076981352,202107,226,3
EZTC3,202107,-0.025454410803324,-0.0117731112986803,0.0196739076981352,202107,226,3
FESA4,202107,0.0789016004659906,0.0101146101951599,0.0196739076981352,202107,226,5
FHER3,202107,0.518922390853535,0.0166305527091026,0.0196739076981352,202107,226,5
FLRY3,202107,0.018585716320362,-0.00886475667357445,0.0196739076981352,202107,226,3
FRAS3,202107,-0.00821229123018319,0.0195353738963604,0.0196739076981352,202107,226,5
GEPA4,202107,-0.000838892876531272,-0.00721692712977529,0.0196739076981352,202107,226,3
GFSA3,202107,-0.180851027882909,-0.164941489696503,0.0196739076981352,202107,226,1
GGBR3,202107,-0.0879121044445321,0.0374902449548245,0.0196739076981352,202107,226,5
GGBR4,202107,-0.0638579689989753,-0.0133865363895893,0.0196739076981352,202107,226,3
GNDI3,202107,-0.000750000000000028,-0.0105689447373152,0.0196739076981352,202107,226,3
GOAU3,202107,-0.0762945293786745,0.0116766095161438,0.0196739076981352,202107,226,5
GOAU4,202107,-0.0741005711419179,-0.00950619392096996,0.0196739076981352,202107,226,3
GOLL4,202107,-0.0310679611650486,-0.00917676649987698,0.0196739076981352,202107,226,3
GRND3,202107,-0.0277495672788283,-0.0777401924133301,0.0196739076981352,202107,226,1
GUAR3,202107,-0.125425652667423,-0.0332968682050705,0.0196739076981352,202107,226,2
HAPV3,202107,0.0344343822283355,-0.09644565731287,0.0196739076981352,202107,226,1
HBOR3,202107,-0.0412370889922331,-0.0949387773871422,0.0196739076981352,202107,226,1
HGTX3,202107,0.000806451612903159,-0.121406100690365,0.0196739076981352,202107,226,1
HYPE3,202107,-0.00224441097754624,-0.0824680104851723,0.0196739076981352,202107,226,1
IGTA3,202107,-0.162625520450649,0.00588336121290922,0.0196739076981352,202107,226,5
INEP3,202107,-0.245382606068207,-0.15885291993618,0.0196739076981352,202107,226,1
IRBR3,202107,-0.0598592781958999,-0.0215105004608631,0.0196739076981352,202107,226,2
ITSA3,202107,0.0199324504048342,-0.178519621491432,0.0196739076981352,202107,226,1
ITSA4,202107,0.0382834259689067,-0.00611830083653331,0.0196739076981352,202107,226,3
ITUB3,202107,0.0466894985947552,-0.00185883219819516,0.0196739076981352,202107,226,4
ITUB4,202107,0.0250857077957138,-0.0119709009304643,0.0196739076981352,202107,226,3
JBSS3,202107,-0.0274570982839312,0.00738520547747612,0.0196739076981352,202107,226,5
JHSF3,202107,-0.113941096524974,0.00343119073659182,0.0196739076981352,202107,226,4
JOPA3,202107,-0.0277776912145515,-0.0333562940359116,0.0196739076981352,202107,226,2
JPSA3,202107,-0.154589371980676,-0.0416912026703358,0.0196739076981352,202107,226,1
KEPL3,202107,-0.119963333897364,-0.0030409824103117,0.0196739076981352,202107,226,4
KLBN11,202107,0.0690778239591394,0.00264433305710554,0.0196739076981352,202107,226,4
KLBN4,202107,0.0705127727242021,-0.0231377854943275,0.0196739076981352,202107,226,2
KROT11,202107,-0.118131868131868,0.0203388892114162,0.0196739076981352,202107,226,5
LAME3,202107,-0.118181818181818,0.0302041750401258,0.0196739076981352,202107,226,5
LAME4,202107,-0.159379407616361,0.034244243055582,0.0196739076981352,202107,226,5
LCAM3,202107,-0.0834865759470393,-0.0220885742455721,0.0196739076981352,202107,226,2
LEVE3,202107,0.238960327914548,-0.0120036453008652,0.0196739076981352,202107,226,3
LIGT3,202107,-0.0448275535725541,-0.0204466842114925,0.0196739076981352,202107,226,2
LLIS3,202107,-0.286082474226804,-0.171488553285599,0.0196739076981352,202107,226,1
LOGG3,202107,-0.018460412062731,-0.010070439428091,0.0196739076981352,202107,226,3
LOGN3,202107,-0.122991656908016,0.00334092695266008,0.0196739076981352,202107,226,4
LPSB3,202107,0.00945630960897459,-0.0115499384701252,0.0196739076981352,202107,226,3
LREN3,202107,-0.0784504893479835,-0.0123437121510506,0.0196739076981352,202107,226,3
LUPA3,202107,0.00542490629891512,0.0221837311983109,0.0196739076981352,202107,226,5
LWSA3,202107,-0.0168607677523891,-0.0208644513040781,0.0196739076981352,202107,226,2
MDIA3,202107,0.0150834303470593,-0.0274848341941834,0.0196739076981352,202107,226,2
MDNE3,202107,-0.0257560060479517,-0.0941264182329178,0.0196739076981352,202107,226,1
MEAL3,202107,-0.0567010366292038,-0.00185445428360254,0.0196739076981352,202107,226,4
MGLU3,202107,-0.114563118715897,-0.0562720894813538,0.0196739076981352,202107,226,1
MILS3,202107,-0.048769780821713,-0.0191399566829205,0.0196739076981352,202107,226,2
MOVI3,202107,-0.174475863030024,-0.00891746394336224,0.0196739076981352,202107,226,3
MRFG3,202107,0.0448750637429882,-0.0123319197446108,0.0196739076981352,202107,226,3
MRVE3,202107,-0.0453277907973382,-0.101187147200108,0.0196739076981352,202107,226,1
MTRE3,202107,-0.130036506302354,0.000402555160690099,0.0196739076981352,202107,226,4
MTSA4,202107,-0.0107716028698283,-0.000456083507742733,0.0196739076981352,202107,226,4
MULT3,202107,-0.0963596300887375,-0.00595129746943712,0.0196739076981352,202107,226,3
MYPK3,202107,0.07458568165076,-0.0097546111792326,0.0196739076981352,202107,226,3
NEOE3,202107,-0.0437284234752589,-0.0028800149448216,0.0196739076981352,202107,226,4
NTCO3,202107,-0.0396279069767442,-0.0325352922081947,0.0196739076981352,202107,226,2
ODPV3,202107,-0.0346153846153846,-0.0182997304946184,0.0196739076981352,202107,226,2
OFSA3,202107,-0.121325676529996,0.0100534865632653,0.0196739076981352,202107,226,5
OIBR3,202107,-0.0672268907563025,-0.13601553440094,0.0196739076981352,202107,226,1
OIBR4,202107,-0.0425531914893617,-0.0134561304003,0.0196739076981352,202107,226,3
OMGE3,202107,-0.0825027685492801,0.00401972653344274,0.0196739076981352,202107,226,4
PARD3,202107,0.303462321792261,0.00119357218500227,0.0196739076981352,202107,226,4
PDTC3,202107,0.153136506352362,0.05806814879179,0.0196739076981352,202107,226,5
PETR3,202107,0.0741944996474133,-0.0897477269172669,0.0196739076981352,202107,226,1
PETR4,202107,0.0705846071646432,-0.00666279625147581,0.0196739076981352,202107,226,3
PFRM3,202107,-0.0541403599816728,-0.00197516102343798,0.0196739076981352,202107,226,4
PNVL3,202107,-0.110582626641987,-0.0100860614329576,0.0196739076981352,202107,226,3
PNVL4,202107,-0.0261506276150627,0.00631196796894074,0.0196739076981352,202107,226,5
POMO4,202107,-0.0764122096780088,-0.0196153055876493,0.0196739076981352,202107,226,2
POSI3,202107,0.132806279512712,-0.00545004801824689,0.0196739076981352,202107,226,3
PRIO3,202107,0.073949535582575,-0.00164810812566429,0.0196739076981352,202107,226,4
PRNR3,202107,-0.0980177433359947,-0.206658005714417,0.0196739076981352,202107,226,1
PSSA3,202107,0.106659107829621,-0.0130650168284774,0.0196739076981352,202107,226,3
PTBL3,202107,0.0261299528042169,-0.00299331126734614,0.0196739076981352,202107,226,4
QUAL3,202107,-0.17009717472244,-0.0268890745937824,0.0196739076981352,202107,226,2
RADL3,202107,0.0126780719865431,-0.0143854981288314,0.0196739076981352,202107,226,2
RAIL3,202107,-0.0939013209197277,-0.00272229732945561,0.0196739076981352,202107,226,4
RANI3,202107,-0.135457803561448,-0.000528137548826635,0.0196739076981352,202107,226,4
RAPT3,202107,0.0192308578826099,-0.0277945697307587,0.0196739076981352,202107,226,2
RAPT4,202107,-0.146539081777513,-0.0161558128893375,0.0196739076981352,202107,226,2
RCSL3,202107,-0.223776202493771,0.0195228606462479,0.0196739076981352,202107,226,5
RCSL4,202107,-0.176470574678276,-0.0213045366108418,0.0196739076981352,202107,226,2
RDNI3,202107,-0.0201612903225806,-0.139410674571991,0.0196739076981352,202107,226,1
RENT3,202107,-0.107642895987245,-0.0177468974143267,0.0196739076981352,202107,226,2
ROMI3,202107,-0.0626618778523397,-0.0211200434714556,0.0196739076981352,202107,226,2
RPAD3,202107,-0.0606060911274485,-0.0445385538041592,0.0196739076981352,202107,226,1
RSID3,202107,-0.175452438176056,-0.0686342567205429,0.0196739076981352,202107,226,1
SANB11,202107,0.0615321190832618,0.0045582358725369,0.0196739076981352,202107,226,4
SAPR11,202107,-0.00717210325379802,-0.0197009313851595,0.0196739076981352,202107,226,2
SAPR4,202107,-0.0126261682965283,-0.00978420116007328,0.0196739076981352,202107,226,3
SBFG3,202107,-0.0111111808404751,-0.024401256814599,0.0196739076981352,202107,226,2
SBSP3,202107,0.0188942859901911,-0.0548933260142803,0.0196739076981352,202107,226,1
SCAR3,202107,-0.0443114274955621,-0.0965304225683212,0.0196739076981352,202107,226,1
SEER3,202107,-0.188242655593005,-0.00919700413942337,0.0196739076981352,202107,226,3
SGPS3,202107,-0.109958506224066,0.0158971808850765,0.0196739076981352,202107,226,5
SHOW3,202107,-0.0684474488209657,-0.166749492287636,0.0196739076981352,202107,226,1
SHUL4,202107,-0.0560385346126262,0.00626396853476763,0.0196739076981352,202107,226,5
SLCE3,202107,-0.0946665931432429,0.00779350241646171,0.0196739076981352,202107,226,5
SMTO3,202107,0.0299998765268827,-0.0100582055747509,0.0196739076981352,202107,226,3
SOMA3,202107,0.00341880341880341,-0.020129757001996,0.0196739076981352,202107,226,2
SQIA3,202107,-0.215882549215883,-0.0190763659775257,0.0196739076981352,202107,226,2
STBP3,202107,-0.131346578366446,0.000884145498275757,0.0196739076981352,202107,226,4
SULA11,202107,-0.019378549949883,-0.0108383633196354,0.0196739076981352,202107,226,3
SUZB3,202107,0.128167358534685,-0.00321683287620544,0.0196739076981352,202107,226,4
TAEE11,202107,-0.00315523464387879,0.00608224421739578,0.0196739076981352,202107,226,5
TASA3,202107,-0.112781977310211,-0.0224140621721745,0.0196739076981352,202107,226,2
TASA4,202107,-0.140344022706552,-0.00530415400862694,0.0196739076981352,202107,226,3
TCSA3,202107,-0.17446808309168,-0.162711203098297,0.0196739076981352,202107,226,1
TECN3,202107,0.400000118110748,0.0362905599176884,0.0196739076981352,202107,226,5
TEND3,202107,-0.0994203190560063,-0.19556425511837,0.0196739076981352,202107,226,1
TGMA3,202107,-0.164618569278035,-0.0683059021830559,0.0196739076981352,202107,226,1
TIMS3,202107,0.100707365601198,-0.048893466591835,0.0196739076981352,202107,226,1
TOTS3,202107,0.122644729528592,-0.00473693571984768,0.0196739076981352,202107,226,4
TPIS3,202107,0.0719177709450083,0.0178496353328228,0.0196739076981352,202107,226,5
TRIS3,202107,-0.123853237022908,-0.00964473094791174,0.0196739076981352,202107,226,3
TRPL4,202107,0.0194778284293411,0.0126796904951334,0.0196739076981352,202107,226,5
TUPY3,202107,0.0238299409869052,-0.0157183408737183,0.0196739076981352,202107,226,2
UCAS3,202107,0.0384616284971719,0.00905585940927267,0.0196739076981352,202107,226,5
UGPA3,202107,-0.172490201964097,-0.14611753821373,0.0196739076981352,202107,226,1
UNIP3,202107,0.042971211044373,-0.00551063381135464,0.0196739076981352,202107,226,3
UNIP6,202107,0.0242179007900347,-0.000164203127496876,0.0196739076981352,202107,226,4
USIM3,202107,-0.128156226700818,0.0264997966587544,0.0196739076981352,202107,226,5
USIM5,202107,-0.101118218681964,0.0080121261999011,0.0196739076981352,202107,226,5
VALE3,202107,-0.0926811681438869,0.00246471725404263,0.0196739076981352,202107,226,4
VIVA3,202107,0.0641026621644627,-0.0303930602967739,0.0196739076981352,202107,226,2
VIVR3,202107,-0.161849695535832,0.00142962392419577,0.0196739076981352,202107,226,4
VIVT3,202107,0.0611501980101894,0.00125063816085458,0.0196739076981352,202107,226,4
VLID3,202107,0.0259887480250887,-0.0143651142716408,0.0196739076981352,202107,226,2
VULC3,202107,0.0476716978432608,-0.232573464512825,0.0196739076981352,202107,226,1
VVAR3,202107,-0.102462271644162,-0.0433368161320686,0.0196739076981352,202107,226,1
WEGE3,202107,0.00023045059714577,-0.011901805177331,0.0196739076981352,202107,226,3
WIZS3,202107,-0.0934880722114764,-0.0108527559787035,0.0196739076981352,202107,226,3
YDUQ3,202107,-0.0944798929971218,-0.026275472715497,0.0196739076981352,202107,226,2
AALR3,202108,-0.0876776990565404,0.0201760493218899,0.0196739076981352,202107,226,3
ABCB4,202108,-0.109981930260751,0.0292764734476805,0.0196739076981352,202107,226,5
ABEV3,202108,-0.105263268324012,0.0222343187779188,0.0196739076981352,202107,226,3
AGRO3,202108,0.0913978127827995,0.0293952245265245,0.0196739076981352,202107,226,5
ALPA3,202108,-0.121669982169622,-0.0507893264293671,0.0196739076981352,202107,226,1
ALPA4,202108,-0.119559769471497,0.0234609991312027,0.0196739076981352,202107,226,4
ALPK3,202108,-0.047058843363426,0.00978449080139399,0.0196739076981352,202107,226,2
ALSO3,202108,-0.0948207171314742,0.0185726191848516,0.0196739076981352,202107,226,3
ALUP11,202108,-0.0402683540539232,0.014476235024631,0.0196739076981352,202107,226,2
AMAR3,202108,-0.216541384972279,0.0293456967920065,0.0196739076981352,202107,226,5
AMBP3,202108,-0.295789530328207,0.0202304907143116,0.0196739076981352,202107,226,3
AMER3,202108,-0.252417757613215,0.0542622581124306,0.0196739076981352,202107,226,5
ANIM3,202108,-0.0773992906761262,0.0278058052062988,0.0196739076981352,202107,226,4
APER3,202108,-0.0436100746268657,0.0117806997150183,0.0196739076981352,202107,226,2
ARZZ3,202108,-0.0732498322522925,-0.044520691037178,0.0196739076981352,202107,226,1
ATOM3,202108,-0.0828625235404895,-0.136723577976227,0.0196739076981352,202107,226,1
AZEV4,202108,-0.182509490601193,-0.151342943310738,0.0196739076981352,202107,226,1
AZUL4,202108,-0.0349854227405247,0.0266247410327196,0.0196739076981352,202107,226,4
B3SA3,202108,-0.094527147481648,0.0238236617296934,0.0196739076981352,202107,226,4
BBAS3,202108,-0.0443211158731888,0.0189937110990286,0.0196739076981352,202107,226,3
BBDC3,202108,-0.10353858703154,0.0219269059598446,0.0196739076981352,202107,226,3
BBDC4,202108,-0.0994764223823841,0.0258589349687099,0.0196739076981352,202107,226,4
BBRK3,202108,-0.232558139534884,0.0136340046301484,0.0196739076981352,202107,226,2
BBSE3,202108,0.0466947620173619,0.0197491105645895,0.0196739076981352,202107,226,3
BEEF11,202108,0.820668693009118,-0.139672994613647,0.0196739076981352,202107,226,1
BEEF3,202108,0.250000016638347,0.0209458470344543,0.0196739076981352,202107,226,3
BEES3,202108,-0.0199581872831013,0.0269414260983467,0.0196739076981352,202107,226,4
BIDI11,202108,-0.31184540492698,0.0549175553023815,0.0196739076981352,202107,226,5
BIDI3,202108,-0.3570826306914,0.018566906452179,0.0196739076981352,202107,226,3
BIDI4,202108,-0.285649202733485,0.0388728491961956,0.0196739076981352,202107,226,5
BKBR3,202108,-0.124733475479744,0.0112548470497131,0.0196739076981352,202107,226,2
BMGB4,202108,-0.107913743502681,0.0242720395326614,0.0196739076981352,202107,226,4
BPAC11,202108,-0.120647107833043,0.0224261730909348,0.0196739076981352,202107,226,3
BPAC3,202108,-0.136752084183426,0.0480517633259296,0.0196739076981352,202107,226,5
BPAC5,202108,-0.109091050335328,0.0486890785396099,0.0196739076981352,202107,226,5
BPAN4,202108,-0.151063829787234,-0.00442262226715684,0.0196739076981352,202107,226,1
BRAP3,202108,-0.0589483048683851,0.0233814753592014,0.0196739076981352,202107,226,4
BRAP4,202108,-0.0650995461928378,0.0132684577256441,0.0196739076981352,202107,226,2
BRDT3,202108,-0.136079440970945,0.00897288881242275,0.0196739076981352,202107,226,1
BRFS3,202108,0.156703672075149,0.0249683633446693,0.0196739076981352,202107,226,4
BRGE3,202108,-0.0183783783783784,0.0307567548006773,0.0196739076981352,202107,226,5
BRIV3,202108,-0.0849342770475228,0.0316808596253395,0.0196739076981352,202107,226,5
BRKM5,202108,-0.100772841260531,0.0337626524269581,0.0196739076981352,202107,226,5
BRML3,202108,-0.105204872646733,0.0135073261335492,0.0196739076981352,202107,226,2
BRPR3,202108,-0.0513738550440999,0.0304477512836456,0.0196739076981352,202107,226,5
BRSR6,202108,-0.045360706609027,0.0249753892421722,0.0196739076981352,202107,226,4
CAML3,202108,0.0462359051231815,0.0273198634386063,0.0196739076981352,202107,226,4
CARD3,202108,-0.0528846153846154,0.0137843368574977,0.0196739076981352,202107,226,2
CCPR3,202108,0.0139720558882237,0.0203279796987772,0.0196739076981352,202107,226,3
CCRO3,202108,-0.0448979591836736,0.018846346065402,0.0196739076981352,202107,226,3
CEAB3,202108,-0.188976475171735,0.0244646612554789,0.0196739076981352,202107,226,4
CEBR3,202108,0.00580502079318301,-0.205932661890984,0.0196739076981352,202107,226,1
CESP3,202108,-0.0721214677351328,0.0497708283364773,0.0196739076981352,202107,226,5
CESP6,202108,0.00725255972696237,0.0151241505518556,0.0196739076981352,202107,226,2
CGRA4,202108,0.0752942491076387,0.027641648426652,0.0196739076981352,202107,226,4
CIEL3,202108,-0.202090592334495,0.0231369454413652,0.0196739076981352,202107,226,4
CLSC3,202108,-0.178140545223021,0.0502179898321629,0.0196739076981352,202107,226,5
CLSC4,202108,-0.0282855395048669,-0.0896066203713417,0.0196739076981352,202107,226,1
CMIG3,202108,0.0233673037453297,0.0266815423965454,0.0196739076981352,202107,226,4
CMIG4,202108,0.038490091611409,0.0186336617916822,0.0196739076981352,202107,226,3
COCE5,202108,-0.0365060710693004,0.0201716739684343,0.0196739076981352,202107,226,3
COGN3,202108,-0.155763260834046,0.0176867861300707,0.0196739076981352,202107,226,2
CPFE3,202108,-0.0220846370612149,0.0250430069863796,0.0196739076981352,202107,226,4
CPLE3,202108,0.119327705110639,0.010700473561883,0.0196739076981352,202107,226,2
CPLE6,202108,0.064327485380117,0.0281116869300604,0.0196739076981352,202107,226,5
CRDE3,202108,-0.0173674588665448,0.0253213234245777,0.0196739076981352,202107,226,4
CRFB3,202108,-0.0214876033057849,0.0234130695462227,0.0196739076981352,202107,226,4
CRIV3,202108,-0.00750469043151969,0.0328166708350182,0.0196739076981352,202107,226,5
CRIV4,202108,-0.00340715502555378,0.0260720103979111,0.0196739076981352,202107,226,4
CRPG5,202108,-0.272019325046305,0.0323188006877899,0.0196739076981352,202107,226,5
CSAN3,202108,0.0421769259529798,-0.00255351606756449,0.0196739076981352,202107,226,1
CSMG3,202108,0.0176822822488665,0.0269664004445076,0.0196739076981352,202107,226,4
CSNA3,202108,-0.175846308354209,0.0116913802921772,0.0196739076981352,202107,226,2
CTNM4,202108,-0.117328537877827,0.0299286432564259,0.0196739076981352,202107,226,5
CVCB3,202108,0.0108032079351805,-0.0305148176848888,0.0196739076981352,202107,226,1
CYRE3,202108,-0.109792337910508,0.0322695896029472,0.0196739076981352,202107,226,5
DASA3,202108,-0.151656891817979,0.0147839589044452,0.0196739076981352,202107,226,2
DEXP3,202108,-0.123552307303348,0.00602298881858587,0.0196739076981352,202107,226,1
DIRR3,202108,-0.10078732134292,0.0261173583567143,0.0196739076981352,202107,226,4
DMMO3,202108,-0.105882352941176,0.0168794747442007,0.0196739076981352,202107,226,2
DMVF3,202108,-0.109090936979668,0.0134927704930305,0.0196739076981352,202107,226,2
EALT4,202108,-0.0309446522358652,0.0290399715304375,0.0196739076981352,202107,226,5
ECOR3,202108,-0.088324843512553,0.0182811673730612,0.0196739076981352,202107,226,2
EGIE3,202108,-0.00239706489860414,0.0206049978733063,0.0196739076981352,202107,226,3
ELET3,202108,0.0233855965984586,0.0204749014228582,0.0196739076981352,202107,226,3
ELET6,202108,0.025152237225311,0.0217178706079721,0.0196739076981352,202107,226,3
EMAE4,202108,-0.101881095345933,-0.010175303556025,0.0196739076981352,202107,226,1
EMBR3,202108,-0.0123825789923144,0.031495213508606,0.0196739076981352,202107,226,5
ENAT3,202108,0.00656455142231938,0.0272714458405972,0.0196739076981352,202107,226,4
ENBR3,202108,-0.00433839479392639,0.0225733071565628,0.0196739076981352,202107,226,3
ENEV3,202108,0.0510529185172635,0.0242685377597809,0.0196739076981352,202107,226,4
ENGI11,202108,-0.00766276042483183,0.0242971517145634,0.0196739076981352,202107,226,4
EQPA3,202108,-0.00394482197403556,0.0278865043073893,0.0196739076981352,202107,226,4
EQTL3,202108,0.000394614060499121,0.0105224316939712,0.0196739076981352,202107,226,2
ETER3,202108,-0.230964638842179,-0.151576638221741,0.0196739076981352,202107,226,1
EUCA4,202108,-0.101010046273603,0.0276941172778606,0.0196739076981352,202107,226,4
EVEN3,202108,-0.0812425192647589,0.0197112523019314,0.0196739076981352,202107,226,3
EZTC3,202108,-0.147761172256942,0.0205826219171286,0.0196739076981352,202107,226,3
FESA4,202108,0.0120507016940805,0.0307873021811247,0.0196739076981352,202107,226,5
FHER3,202108,0.228040521492307,0.0142367044463754,0.0196739076981352,202107,226,2
FLRY3,202108,-0.0650886017709368,0.0250870287418366,0.0196739076981352,202107,226,4
FRAS3,202108,-0.102547780302972,0.0225867629051209,0.0196739076981352,202107,226,3
GEPA4,202108,-0.0766647310393027,0.0304567217826843,0.0196739076981352,202107,226,5
GFSA3,202108,-0.16233766795405,0.0185681320726872,0.0196739076981352,202107,226,3
GGBR3,202108,-0.0312145366117266,0.0180243141949177,0.0196739076981352,202107,226,2
GGBR4,202108,-0.0292736090976629,0.0127304643392563,0.0196739076981352,202107,226,2
GNDI3,202108,-0.066675006254691,0.0242467373609543,0.0196739076981352,202107,226,4
GOAU3,202108,0.00311756585632517,0.0224864818155766,0.0196739076981352,202107,226,3
GOAU4,202108,-0.0235791750465951,0.0159857403486967,0.0196739076981352,202107,226,2
GOLL4,202108,0.0375751503006012,0.0150975566357374,0.0196739076981352,202107,226,2
GRND3,202108,-0.133769751736749,-0.0837452784180641,0.0196739076981352,202107,226,1
GUAR3,202108,-0.121998702141467,0.00204185070469975,0.0196739076981352,202107,226,1
HAPV3,202108,-0.0760150212621761,0.0225538332015276,0.0196739076981352,202107,226,3
HBOR3,202108,-0.223118315460303,0.00544895464554429,0.0196739076981352,202107,226,1
HGTX3,202108,0.00725221595487513,0.0142378192394972,0.0196739076981352,202107,226,2
HYPE3,202108,-0.0878254633571288,0.00976310856640339,0.0196739076981352,202107,226,2
IGTA3,202108,-0.0775080432875109,0.0156076410785317,0.0196739076981352,202107,226,2
INEP3,202108,-0.391608413061283,-0.0208946391940117,0.0196739076981352,202107,226,1
IRBR3,202108,-0.114232227004661,0.0177211612462997,0.0196739076981352,202107,226,2
ITSA3,202108,-0.025043127039025,0.018797755241394,0.0196739076981352,202107,226,3
ITSA4,202108,-0.0346621021179983,0.0226693451404572,0.0196739076981352,202107,226,4
ITUB3,202108,-0.0564387834878586,0.0164691377431154,0.0196739076981352,202107,226,2
ITUB4,202108,-0.0645111829650483,0.02256097830832,0.0196739076981352,202107,226,3
JBSS3,202108,0.189284568495348,0.0154514238238335,0.0196739076981352,202107,226,2
JHSF3,202108,-0.1043875180945,-0.0958337709307671,0.0196739076981352,202107,226,1
JOPA3,202108,-0.142857250598733,0.0284090749919415,0.0196739076981352,202107,226,5
JPSA3,202108,-0.102857142857143,0.0149240735918283,0.0196739076981352,202107,226,2
KEPL3,202108,-0.0591049295014466,-0.159404680132866,0.0196739076981352,202107,226,1
KLBN11,202108,-0.0798172958235958,0.0248618945479393,0.0196739076981352,202107,226,4
KROT11,202108,-0.155763239875389,0.0564352832734585,0.0196739076981352,202107,226,5
LAME3,202108,-0.242268041237113,0.0261447411030531,0.0196739076981352,202107,226,4
LAME4,202108,-0.191275167785235,0.0437798723578453,0.0196739076981352,202107,226,5
LCAM3,202108,-0.0252808988764046,0.00479377061128616,0.0196739076981352,202107,226,1
LEVE3,202108,-0.0462589885818084,0.0304950568825007,0.0196739076981352,202107,226,5
LIGT3,202108,-0.0519855653507705,0.0278347469866276,0.0196739076981352,202107,226,4
LJQQ3,202108,-0.181360197194543,0.0111822634935379,0.0196739076981352,202107,226,2
LLIS3,202108,-0.227436823104693,0.0227550715208054,0.0196739076981352,202107,226,4
LOGG3,202108,-0.0801986681924843,0.0179138220846653,0.0196739076981352,202107,226,2
LOGN3,202108,0.389766273280528,-0.0598204284906387,0.0196739076981352,202107,226,1
LPSB3,202108,-0.362997727823843,-0.154348745942116,0.0196739076981352,202107,226,1
LREN3,202108,-0.0924650965850673,0.0216209813952446,0.0196739076981352,202107,226,3
LUPA3,202108,-0.0557553859658075,0.0335878096520901,0.0196739076981352,202107,226,5
LWSA3,202108,-0.0657411217663897,-0.0724503323435783,0.0196739076981352,202107,226,1
MDIA3,202108,0.0462582939273091,0.0184721015393734,0.0196739076981352,202107,226,3
MDNE3,202108,-0.175861981943868,-0.151619791984558,0.0196739076981352,202107,226,1
MEAL3,202108,-0.125683067584565,0.0293244421482086,0.0196739076981352,202107,226,5
MGLU3,202108,-0.213815752534798,0.00649199029430747,0.0196739076981352,202107,226,1
MILS3,202108,-0.17576564536038,-0.156278923153877,0.0196739076981352,202107,226,1
MOVI3,202108,-0.0700081737277987,0.0120310485363007,0.0196739076981352,202107,226,2
MRFG3,202108,0.252318204001952,0.0199534669518471,0.0196739076981352,202107,226,3
MRVE3,202108,-0.102264438778128,0.0231806430965662,0.0196739076981352,202107,226,4
MTRE3,202108,-0.160000043050891,0.0171174742281437,0.0196739076981352,202107,226,2
MTSA4,202108,-0.0246118638719792,0.0382488779723644,0.0196739076981352,202107,226,5
MULT3,202108,-0.098104456543658,-0.0386798866093159,0.0196739076981352,202107,226,1
MYPK3,202108,0.133675880966443,0.00527500733733177,0.0196739076981352,202107,226,1
NEOE3,202108,-0.0788206979542719,0.0189685765653849,0.0196739076981352,202107,226,3
NTCO3,202108,-0.117202634637737,0.0225329026579857,0.0196739076981352,202107,226,3
ODPV3,202108,0.311553784860558,0.0182793326675892,0.0196739076981352,202107,226,2
OFSA3,202108,0.0441279955414897,-0.0830608010292053,0.0196739076981352,202107,226,1
OIBR3,202108,-0.0990990990990991,0.0486072413623333,0.0196739076981352,202107,226,5
OIBR4,202108,-0.0611111111111111,0.0261662919074297,0.0196739076981352,202107,226,4
OMGE3,202108,-0.0319855159927581,0.0212770309299231,0.0196739076981352,202107,226,3
PARD3,202108,-0.1171875,0.0286662746220827,0.0196739076981352,202107,226,5
PDTC3,202108,0.068799981812232,0.0885744243860245,0.0196739076981352,202107,226,5
PETR3,202108,0.00823784900994995,0.0224632639437914,0.0196739076981352,202107,226,3
PETR4,202108,0.00147111077890782,0.0247555561363697,0.0196739076981352,202107,226,4
PFRM3,202108,-0.0303030167583782,0.0232014525681734,0.0196739076981352,202107,226,4
PNVL3,202108,-0.132042313872318,0.0188887845724821,0.0196739076981352,202107,226,3
POMO4,202108,0.0467628029638978,0.00700667267665267,0.0196739076981352,202107,226,1
POSI3,202108,-0.284717368508127,-0.171773597598076,0.0196739076981352,202107,226,1
PRIO3,202108,0.305164271526069,0.0346351824700832,0.0196739076981352,202107,226,5
PRNR3,202108,-0.0280829161230026,0.0245868973433971,0.0196739076981352,202107,226,4
PSSA3,202108,-0.134860860615344,0.019780645146966,0.0196739076981352,202107,226,3
PTBL3,202108,-0.246443383656137,0.0263997651636601,0.0196739076981352,202107,226,4
QUAL3,202108,-0.0645765414080204,0.0137628372758627,0.0196739076981352,202107,226,2
RADL3,202108,-0.0856807436502213,0.0180206354707479,0.0196739076981352,202107,226,2
RAIL3,202108,-0.103098156881221,0.0137024503201246,0.0196739076981352,202107,226,2
RANI3,202108,-0.100864501364962,0.0212398990988731,0.0196739076981352,202107,226,3
RAPT3,202108,0.0173582427175951,0.0286074969917536,0.0196739076981352,202107,226,5
RAPT4,202108,0.0163934556762786,0.010563493706286,0.0196739076981352,202107,226,2
RCSL4,202108,-0.0779221469773499,0.0313464403152466,0.0196739076981352,202107,226,5
RDNI3,202108,0.0164609053497942,0.0414414666593075,0.0196739076981352,202107,226,5
RENT3,202108,-0.0158919204669665,0.019715778529644,0.0196739076981352,202107,226,3
ROMI3,202108,-0.103018193633729,0.0227619763463736,0.0196739076981352,202107,226,4
RPAD3,202108,0.0280504855264156,0.0235240291804075,0.0196739076981352,202107,226,4
RSID3,202108,-0.149809137729141,0.00819297134876251,0.0196739076981352,202107,226,1
SANB11,202108,-0.156652173402764,0.00633382052183151,0.0196739076981352,202107,226,1
SAPR11,202108,-0.0113519490594677,0.0211846008896828,0.0196739076981352,202107,226,3
SAPR4,202108,-0.0153453807310561,0.0215027220547199,0.0196739076981352,202107,226,3
SBFG3,202108,-0.19475642887599,0.0213197134435177,0.0196739076981352,202107,226,3
SBSP3,202108,0.0675341533086269,0.0180478096008301,0.0196739076981352,202107,226,2
SCAR3,202108,-0.0776942446175448,0.0264322813600302,0.0196739076981352,202107,226,4
SEER3,202108,-0.106317404941875,0.0304238107055426,0.0196739076981352,202107,226,5
SGPS3,202108,-0.136363636363636,-0.142542243003845,0.0196739076981352,202107,226,1
SHOW3,202108,-0.105734727452524,0.0308473035693169,0.0196739076981352,202107,226,5
SHUL4,202108,-0.0698086170772613,0.0210539530962706,0.0196739076981352,202107,226,3
SLCE3,202108,0.119293027328,0.0253819096833468,0.0196739076981352,202107,226,4
SMTO3,202108,0.0883634480532907,0.0288221463561058,0.0196739076981352,202107,226,5
SOMA3,202108,-0.0374787052810903,0.0140874143689871,0.0196739076981352,202107,226,2
SQIA3,202108,-0.0995744680851064,-0.0891801565885544,0.0196739076981352,202107,226,1
STBP3,202108,0.00762388818297333,0.0127471564337611,0.0196739076981352,202107,226,2
SULA11,202108,-0.131856899488927,0.0223151091486216,0.0196739076981352,202107,226,3
SUZB3,202108,-0.106229578500026,0.0236253924667835,0.0196739076981352,202107,226,4
TAEE11,202108,-0.0546031543616584,0.0191101003438234,0.0196739076981352,202107,226,3
TASA3,202108,-0.0559322506216074,-0.122976779937744,0.0196739076981352,202107,226,1
TASA4,202108,-0.0529360492394254,-0.000899918260984123,0.0196739076981352,202107,226,1
TCSA3,202108,-0.137457073391545,0.0110058849677444,0.0196739076981352,202107,226,2
TECN3,202108,-0.134285834565833,0.0829283967614174,0.0196739076981352,202107,226,5
TEND3,202108,-0.128217798419312,0.0152849033474922,0.0196739076981352,202107,226,2
TGMA3,202108,-0.0693739626376658,0.0232324432581663,0.0196739076981352,202107,226,4
TIMS3,202108,-0.0524246892416936,0.0185159873217344,0.0196739076981352,202107,226,3
TOTS3,202108,-0.0861439127418933,0.0305920019745827,0.0196739076981352,202107,226,5
TPIS3,202108,-0.201277948609716,-0.0725769475102425,0.0196739076981352,202107,226,1
TRIS3,202108,-0.0445026140032276,-0.140268951654434,0.0196739076981352,202107,226,1
TRPL4,202108,-0.0113821138211383,0.0286208186298609,0.0196739076981352,202107,226,5
TUPY3,202108,-0.0947036999823844,0.0281740333884954,0.0196739076981352,202107,226,5
UCAS3,202108,-0.10239665918507,-0.163535043597221,0.0196739076981352,202107,226,1
UGPA3,202108,0.0207757871588974,-0.00474082725122571,0.0196739076981352,202107,226,1
UNIP3,202108,-0.124706315808729,-0.145704835653305,0.0196739076981352,202107,226,1
UNIP6,202108,-0.125511441225623,0.0374618731439114,0.0196739076981352,202107,226,5
USIM3,202108,-0.0915300017070456,0.0210843700915575,0.0196739076981352,202107,226,3
USIM5,202108,-0.0732543190607346,-0.00323879299685359,0.0196739076981352,202107,226,1
VALE3,202108,-0.147146399446523,0.02488649263978,0.0196739076981352,202107,226,4
VIVA3,202108,-0.110843428521412,0.0296161882579327,0.0196739076981352,202107,226,5
VIVR3,202108,-0.196551766282544,-0.0341942682862282,0.0196739076981352,202107,226,1
VIVT3,202108,-0.0196659650371489,0.0182988401502371,0.0196739076981352,202107,226,2
VLID3,202108,-0.0881059032534227,0.00597554864361882,0.0196739076981352,202107,226,1
VULC3,202108,0.122751353757243,-0.0136286178603768,0.0196739076981352,202107,226,1
WEGE3,202108,0.115012815074576,0.0126277096569538,0.0196739076981352,202107,226,2
WIZS3,202108,-0.181365576102418,0.0121322190389037,0.0196739076981352,202107,226,2
YDUQ3,202108,-0.0715122643974232,0.0224429033696651,0.0196739076981352,202107,226,3
AALR3,202109,0.28138527673853,-0.0300400611013174,0.0196739076981352,202107,226,3
ABCB4,202109,0.035691651517312,0.00935257971286774,0.0196739076981352,202107,226,4
ABEV3,202109,0.110457512428896,-0.173643469810486,0.0196739076981352,202107,226,1
AGRO3,202109,-0.0876362089545708,0.0147074367851019,0.0196739076981352,202107,226,4
ALPA3,202109,-0.235174240813906,-0.146669194102287,0.0196739076981352,202107,226,1
ALPA4,202109,-0.268371168157731,-0.173520192503929,0.0196739076981352,202107,226,1
ALPK3,202109,-0.23765427867014,-0.159226506948471,0.0196739076981352,202107,226,1
ALSO3,202109,-0.15580985915493,-0.0871682018041611,0.0196739076981352,202107,226,2
ALUP11,202109,-0.0250925883411046,0.00479946890845895,0.0196739076981352,202107,226,4
AMAR3,202109,-0.211132449141692,-0.0117259379476309,0.0196739076981352,202107,226,3
AMBP3,202109,-0.210975872364796,-0.0307814329862595,0.0196739076981352,202107,226,3
AMER3,202109,-0.0394566500438349,0.0569963045418263,0.0196739076981352,202107,226,5
ANIM3,202109,-0.261744915719395,-0.148218765854836,0.0196739076981352,202107,226,1
APER3,202109,-0.129236771519142,0.0135877737775445,0.0196739076981352,202107,226,4
ARZZ3,202109,-0.108241824544467,-0.0848590061068535,0.0196739076981352,202107,226,2
ATOM3,202109,-0.186858316221766,-0.105362810194492,0.0196739076981352,202107,226,2
AZEV4,202109,-0.313953507204003,-0.0279665440320969,0.0196739076981352,202107,226,3
AZUL4,202109,-0.316945893985169,-0.0323912240564823,0.0196739076981352,202107,226,3
B3SA3,202109,-0.0651493134988315,-0.0339472219347954,0.0196739076981352,202107,226,3
BBAS3,202109,-0.0138407549343972,0.0108594633638859,0.0196739076981352,202107,226,4
BBDC3,202109,-0.0472511938859905,-0.029877932742238,0.0196739076981352,202107,226,3
BBDC4,202109,-0.0437973373613204,-0.159327745437622,0.0196739076981352,202107,226,1
BBRK3,202109,-0.163636363636364,-0.13850973546505,0.0196739076981352,202107,226,2
BBSE3,202109,0.107268222690036,-0.0390055552124977,0.0196739076981352,202107,226,3
BEEF11,202109,-0.225375626043406,-0.147345915436745,0.0196739076981352,202107,226,1
BEEF3,202109,-0.0679425962657479,0.0262816566973925,0.0196739076981352,202107,226,5
BEES3,202109,-0.0224664649375224,0.0186598282307386,0.0196739076981352,202107,226,5
BIDI11,202109,-0.239013933547696,-0.107560433447361,0.0196739076981352,202107,226,2
BIDI3,202109,-0.240655737704918,-0.0599650666117668,0.0196739076981352,202107,226,3
BIDI4,202109,-0.220025510204082,-0.0550299324095249,0.0196739076981352,202107,226,3
BKBR3,202109,-0.163215590742996,-0.134809598326683,0.0196739076981352,202107,226,2
BMGB4,202109,-0.180107485725712,-0.120078019797802,0.0196739076981352,202107,226,2
BOAS3,202109,-0.281102362204724,-0.0644116252660751,0.0196739076981352,202107,226,3
BPAC11,202109,-0.0939999063270894,-0.0985807180404663,0.0196739076981352,202107,226,2
BPAC3,202109,-0.0858084776184058,0.0385013297200203,0.0196739076981352,202107,226,5
BPAC5,202109,-0.0425169794253825,0.0300649050623179,0.0196739076981352,202107,226,5
BPAN4,202109,-0.167293233082707,-0.00100098340772092,0.0196739076981352,202107,226,3
BRAP3,202109,-0.0354131353605357,-0.0769926533102989,0.0196739076981352,202107,226,2
BRAP4,202109,-0.0690644207172188,-0.0213698260486126,0.0196739076981352,202107,226,3
BRDT3,202109,-0.0621541081311196,-0.164681747555733,0.0196739076981352,202107,226,1
BRFS3,202109,-0.142488002953119,0.0183257646858692,0.0196739076981352,202107,226,5
BRGE3,202109,-0.0220264317180616,-0.157056376338005,0.0196739076981352,202107,226,1
BRIV3,202109,0.016574585635359,-0.0697814300656319,0.0196739076981352,202107,226,2
BRKM5,202109,-0.0822379870606341,0.00843264162540436,0.0196739076981352,202107,226,4
BRML3,202109,-0.112623762376238,-0.149659976363182,0.0196739076981352,202107,226,1
BRPR3,202109,-0.0919395497012927,-0.079479917883873,0.0196739076981352,202107,226,2
BRSR6,202109,-0.0660377264222352,0.0134159447625279,0.0196739076981352,202107,226,4
CAML3,202109,-0.0192502528738783,0.00521365366876125,0.0196739076981352,202107,226,4
CARD3,202109,-0.14010152284264,-0.167363882064819,0.0196739076981352,202107,226,1
CCRO3,202109,-0.023076923076923,-0.0323051102459431,0.0196739076981352,202107,226,3
CEAB3,202109,-0.159500626734631,0.0467952564358711,0.0196739076981352,202107,226,5
CESP3,202109,0.0795454545454546,0.0447749868035316,0.0196739076981352,202107,226,5
CESP6,202109,0.0800508259212198,0.00630050338804722,0.0196739076981352,202107,226,4
CGRA4,202109,-0.0118161723098706,-0.0888213664293289,0.0196739076981352,202107,226,2
CIEL3,202109,-0.0436681222707423,-0.147074684500694,0.0196739076981352,202107,226,1
CLSC3,202109,-0.155844202186884,0.0307142343372107,0.0196739076981352,202107,226,5
CLSC4,202109,-0.000293838474161423,0.0262478366494179,0.0196739076981352,202107,226,5
CMIG3,202109,-0.0269320213690094,0.0193582884967327,0.0196739076981352,202107,226,5
CMIG4,202109,-0.0819671884255866,0.0175955295562744,0.0196739076981352,202107,226,4
COCE5,202109,-0.088408244211897,-0.150480970740318,0.0196739076981352,202107,226,1
COGN3,202109,-0.0848708601653434,-0.0455053597688675,0.0196739076981352,202107,226,3
CPFE3,202109,-0.0230227442718034,0.000954822869971395,0.0196739076981352,202107,226,3
CPLE3,202109,-0.127392218482374,-0.174336686730385,0.0196739076981352,202107,226,1
CPLE6,202109,-0.186813186813187,-0.0564911998808384,0.0196739076981352,202107,226,3
CRDE3,202109,-0.0460465116279069,0.0102556869387627,0.0196739076981352,202107,226,4
CRFB3,202109,-0.0630630630630631,-0.152018710970879,0.0196739076981352,202107,226,1
CRIV3,202109,-0.0283553875236295,-0.151368632912636,0.0196739076981352,202107,226,1
CRIV4,202109,-0.0410256410256409,0.020566388964653,0.0196739076981352,202107,226,5
CRPG5,202109,0.208308286622689,0.0132634956389666,0.0196739076981352,202107,226,4
CSAN3,202109,-0.138816312266044,-0.158339858055115,0.0196739076981352,202107,226,1
CSMG3,202109,-0.0137683345080299,0.0220528226345778,0.0196739076981352,202107,226,5
CSNA3,202109,-0.20710058177762,0.0327397957444191,0.0196739076981352,202107,226,5
CTNM4,202109,-0.18200406764535,-0.0362481698393822,0.0196739076981352,202107,226,3
CURY3,202109,-0.0651870950218632,0.0119697982445359,0.0196739076981352,202107,226,4
CVCB3,202109,-0.257899640457194,0.0243156254291534,0.0196739076981352,202107,226,5
CYRE3,202109,-0.217222207772028,0.0182250384241343,0.0196739076981352,202107,226,5
DASA3,202109,-0.195082723555626,-0.174039751291275,0.0196739076981352,202107,226,1
DEXP3,202109,-0.228193734012615,-0.0193855240941048,0.0196739076981352,202107,226,3
DIRR3,202109,-0.164623537784411,-0.15906597673893,0.0196739076981352,202107,226,1
DMMO3,202109,-0.131578947368421,-0.00532291084527969,0.0196739076981352,202107,226,3
DMVF3,202109,-0.180533770177062,-0.127468809485435,0.0196739076981352,202107,226,2
DXCO3,202109,-0.0860341656198069,0.0164986271411181,0.0196739076981352,202107,226,4
EALT4,202109,0.0823529800627163,0.0245437938719988,0.0196739076981352,202107,226,5
ECOR3,202109,-0.0879733422582668,0.0186230447143316,0.0196739076981352,202107,226,5
EGIE3,202109,0.0387081117024362,0.00689753144979477,0.0196739076981352,202107,226,4
ELET3,202109,-0.121526876136069,-0.160540074110031,0.0196739076981352,202107,226,1
ELET6,202109,-0.12603305785124,0.0145648242905736,0.0196739076981352,202107,226,4
EMAE4,202109,-0.00429284644269023,-0.114035055041313,0.0196739076981352,202107,226,2
EMBR3,202109,-0.0518806744487678,0.0239460896700621,0.0196739076981352,202107,226,5
ENAT3,202109,-0.073913043478261,0.0283987931907177,0.0196739076981352,202107,226,5
ENBR3,202109,0.0675381263616559,0.00281069241464138,0.0196739076981352,202107,226,4
ENEV3,202109,-0.12568304681991,-0.138984069228172,0.0196739076981352,202107,226,2
ENGI11,202109,-0.103111413632227,0.00190964608918875,0.0196739076981352,202107,226,4
EQPA3,202109,0.0376237807468316,0.0223866887390614,0.0196739076981352,202107,226,5
EQTL3,202109,-0.0974360542773405,-0.163199245929718,0.0196739076981352,202107,226,1
ETER3,202109,-0.11881188196155,0.100175939500332,0.0196739076981352,202107,226,5
EUCA4,202109,-0.105617955985734,-0.0673403218388557,0.0196739076981352,202107,226,3
EVEN3,202109,-0.191157445405784,-0.133091613650322,0.0196739076981352,202107,226,2
EZTC3,202109,-0.200963267586235,-0.070595420897007,0.0196739076981352,202107,226,2
FESA4,202109,-0.154175612214962,0.0183321330696344,0.0196739076981352,202107,226,5
FHER3,202109,-0.353163703050479,-0.104941301047802,0.0196739076981352,202107,226,2
FLRY3,202109,-0.148734444288948,0.00799428299069405,0.0196739076981352,202107,226,4
FRAS3,202109,0.00851681517215441,0.0297025553882122,0.0196739076981352,202107,226,5
GEPA4,202109,-0.0151514992524637,0.0120085077360272,0.0196739076981352,202107,226,4
GFSA3,202109,-0.220930235328832,-0.105368077754974,0.0196739076981352,202107,226,2
GGBR3,202109,0.000899867796699816,-0.153663918375969,0.0196739076981352,202107,226,1
GGBR4,202109,-0.00738005843503164,-0.160156399011612,0.0196739076981352,202107,226,1
GNDI3,202109,-0.139793593352098,-0.147642210125923,0.0196739076981352,202107,226,1
GOAU3,202109,0.0556535639137199,0.0307225827127695,0.0196739076981352,202107,226,5
GOAU4,202109,0.00724636055001038,0.0140989143401384,0.0196739076981352,202107,226,4
GOLL4,202109,-0.267020762916466,-0.151958793401718,0.0196739076981352,202107,226,1
GRND3,202109,-0.0734342227896682,-0.143925830721855,0.0196739076981352,202107,226,1
GUAR3,202109,-0.190687361419069,-0.0439623557031155,0.0196739076981352,202107,226,3
HAPV3,202109,-0.150846227256629,-0.0436031483113766,0.0196739076981352,202107,226,3
HBOR3,202109,-0.173010381138438,-0.020290968939662,0.0196739076981352,202107,226,3
HBSA3,202109,-0.215789458824327,-0.0322555638849735,0.0196739076981352,202107,226,3
HYPE3,202109,-0.12694499487471,0.00553754437714815,0.0196739076981352,202107,226,4
IGTA3,202109,-0.050729232720355,-0.0747814178466797,0.0196739076981352,202107,226,2
IRBR3,202109,-0.00845666653209809,-0.0315634422004223,0.0196739076981352,202107,226,3
ITSA3,202109,-0.0850311893366047,-0.0495473220944405,0.0196739076981352,202107,226,3
ITSA4,202109,-0.0798925021939396,-0.00399715639650822,0.0196739076981352,202107,226,3
ITUB3,202109,-0.220678379375519,0.00580146675929427,0.0196739076981352,202107,226,4
ITUB4,202109,-0.193843674441198,-0.085594967007637,0.0196739076981352,202107,226,2
JBSS3,202109,0.0534124629080117,0.0247423388063908,0.0196739076981352,202107,226,5
JHSF3,202109,-0.131087660262444,0.0226466208696365,0.0196739076981352,202107,226,5
JOPA3,202109,-0.0666666813314961,-0.0282558370381594,0.0196739076981352,202107,226,3
JPSA3,202109,-0.0116148370176097,-0.140628278255463,0.0196739076981352,202107,226,1
JSLG3,202109,-0.223655841774582,0.0250271018594503,0.0196739076981352,202107,226,5
KEPL3,202109,-0.0278147624795145,0.0298430472612381,0.0196739076981352,202107,226,5
KLBN11,202109,-0.0524579402139357,-0.0614994838833809,0.0196739076981352,202107,226,3
KROT11,202109,-0.0848708487084871,-0.139368608593941,0.0196739076981352,202107,226,1
LAME3,202109,0.117913832199546,-0.0305053871124983,0.0196739076981352,202107,226,3
LAME4,202109,0.00207468879668049,-0.104680173099041,0.0196739076981352,202107,226,2
LAVV3,202109,-0.150409313938367,-0.14368100464344,0.0196739076981352,202107,226,1
LCAM3,202109,-0.187731576780568,-0.129217475652695,0.0196739076981352,202107,226,2
LEVE3,202109,-0.0967399917046308,0.0120238568633795,0.0196739076981352,202107,226,4
LIGT3,202109,-0.262757057242166,-0.0676892101764679,0.0196739076981352,202107,226,2
LJQQ3,202109,-0.287384601213693,-0.0430147498846054,0.0196739076981352,202107,226,3
LLIS3,202109,-0.112149532710281,-0.0287369303405285,0.0196739076981352,202107,226,3
LOGG3,202109,-0.0960647020263266,-0.0786716192960739,0.0196739076981352,202107,226,2
LOGN3,202109,-0.0363636016845703,-0.0685341656208038,0.0196739076981352,202107,226,2
LPSB3,202109,-0.102941179683305,-0.134731903672218,0.0196739076981352,202107,226,2
LREN3,202109,-0.0636257884571506,-0.0742378383874893,0.0196739076981352,202107,226,2
LUPA3,202109,0.148571468534924,-0.146189123392105,0.0196739076981352,202107,226,1
LWSA3,202109,-0.200174826780084,0.00976593233644962,0.0196739076981352,202107,226,4
MDIA3,202109,-0.0632565296718759,0.0153221003711224,0.0196739076981352,202107,226,4
MDNE3,202109,-0.329149323128945,-0.0981998518109322,0.0196739076981352,202107,226,2
MEAL3,202109,-0.121875030966475,0.0127939367666841,0.0196739076981352,202107,226,4
MELK3,202109,-0.194507971453488,-0.143862441182137,0.0196739076981352,202107,226,1
MGLU3,202109,-0.246164599344638,-0.134274393320084,0.0196739076981352,202107,226,2
MILS3,202109,-0.187399086971932,0.0285969115793705,0.0196739076981352,202107,226,5
MOVI3,202109,-0.133099741535462,0.0173322428017855,0.0196739076981352,202107,226,4
MRFG3,202109,0.0327357755261106,0.0232719145715237,0.0196739076981352,202107,226,5
MRVE3,202109,-0.174125338773415,-0.136516779661179,0.0196739076981352,202107,226,2
MTRE3,202109,-0.27067662540529,-0.055118415504694,0.0196739076981352,202107,226,3
MTSA4,202109,0.030135631981915,0.0214850641787052,0.0196739076981352,202107,226,5
MULT3,202109,-0.0267994346542713,-0.159532502293587,0.0196739076981352,202107,226,1
MYPK3,202109,-0.0487526748840252,0.0163258071988821,0.0196739076981352,202107,226,4
NEOE3,202109,0.0124101894186806,0.0136517379432917,0.0196739076981352,202107,226,4
NTCO3,202109,-0.146368224709239,-0.165506258606911,0.0196739076981352,202107,226,1
ODPV3,202109,-0.185297691373026,0.0139416120946407,0.0196739076981352,202107,226,4
OFSA3,202109,-0.147920931039619,0.0261855088174343,0.0196739076981352,202107,226,5
OIBR3,202109,-0.11,-0.0462301000952721,0.0196739076981352,202107,226,3
OIBR4,202109,-0.118343195266272,-0.0266304407268763,0.0196739076981352,202107,226,3
OMGE3,202109,0.0202618453865335,-0.029613034799695,0.0196739076981352,202107,226,3
PARD3,202109,-0.0283185840707965,0.0112819410860538,0.0196739076981352,202107,226,4
PETR3,202109,-0.0170515925775496,0.00564117264002562,0.0196739076981352,202107,226,4
PETR4,202109,-0.00293789958207324,0.00462993234395981,0.0196739076981352,202107,226,4
PETZ3,202109,-0.199914748508099,-0.179079592227936,0.0196739076981352,202107,226,1
PFRM3,202109,-0.152777771375813,-0.122347325086594,0.0196739076981352,202107,226,2
PGMN3,202109,-0.240547085732419,-0.0794503763318062,0.0196739076981352,202107,226,2
PLPL3,202109,-0.162534521088741,-0.124404102563858,0.0196739076981352,202107,226,2
PNVL3,202109,-0.121704006135288,-0.0828908234834671,0.0196739076981352,202107,226,2
POMO4,202109,-0.109965469562052,0.0118214208632708,0.0196739076981352,202107,226,4
POSI3,202109,-0.177560941951227,-0.153732240200043,0.0196739076981352,202107,226,1
PRIO3,202109,-0.0619504224362719,-0.171688303351402,0.0196739076981352,202107,226,1
PRNR3,202109,-0.134422073293332,-0.0664838925004005,0.0196739076981352,202107,226,3
PSSA3,202109,-0.0562072489371523,0.00268402136862278,0.0196739076981352,202107,226,4
PTBL3,202109,-0.11889405984252,0.0373401753604412,0.0196739076981352,202107,226,5
QUAL3,202109,-0.144071826634533,-0.139803111553192,0.0196739076981352,202107,226,1
RADL3,202109,-0.005134631476852,-0.167175263166428,0.0196739076981352,202107,226,1
RAIL3,202109,-0.0476474432493854,0.0129943024367094,0.0196739076981352,202107,226,4
RANI3,202109,0.0256409559372632,0.0324592888355255,0.0196739076981352,202107,226,5
RAPT3,202109,-0.0890206553709273,-0.155405327677727,0.0196739076981352,202107,226,1
RAPT4,202109,-0.137521294068292,0.0241483338177204,0.0196739076981352,202107,226,5
RCSL4,202109,0,-0.0247890762984753,0.0196739076981352,202107,226,3
RDNI3,202109,-0.0890688259109311,-0.144324645400047,0.0196739076981352,202107,226,1
RENT3,202109,-0.168349698017156,-0.158010140061378,0.0196739076981352,202107,226,1
ROMI3,202109,-0.145473536779921,0.00564434472471476,0.0196739076981352,202107,226,4
RPAD3,202109,-0.118690301507109,-0.149439260363579,0.0196739076981352,202107,226,1
RSID3,202109,-0.0774410316722631,-0.0598560906946659,0.0196739076981352,202107,226,3
SANB11,202109,0.0130434232240015,-0.0891266241669655,0.0196739076981352,202107,226,2
SAPR11,202109,-0.0474946630121745,0.010375521145761,0.0196739076981352,202107,226,4
SAPR4,202109,-0.0337661808566118,0.0196563471108675,0.0196739076981352,202107,226,5
SBFG3,202109,-0.250805094959108,-0.142392560839653,0.0196739076981352,202107,226,1
SBSP3,202109,-0.0873737143711745,-0.0521649047732353,0.0196739076981352,202107,226,3
SCAR3,202109,0.00543476491909645,0.027205690741539,0.0196739076981352,202107,226,5
SEER3,202109,-0.100000115074829,-0.0436941012740135,0.0196739076981352,202107,226,3
SGPS3,202109,-0.078272604588394,0.0509947873651981,0.0196739076981352,202107,226,5
SHOW3,202109,-0.198396818099186,-0.0587407611310482,0.0196739076981352,202107,226,3
SHUL4,202109,-0.0863790077710627,-0.0431528799235821,0.0196739076981352,202107,226,3
SIMH3,202109,-0.250182928113816,0.0224124304950237,0.0196739076981352,202107,226,5
SLCE3,202109,-0.0442982799788414,0.0307379346340895,0.0196739076981352,202107,226,5
SMTO3,202109,0.0949112490581352,0.0216750800609589,0.0196739076981352,202107,226,5
SOMA3,202109,-0.225958702064897,-0.144383177161217,0.0196739076981352,202107,226,1
SQIA3,202109,-0.197069943289225,-0.123800620436668,0.0196739076981352,202107,226,2
STBP3,202109,-0.350567465321564,0.0306341554969549,0.0196739076981352,202107,226,5
SULA11,202109,0.0192307692307692,0.00275657279416919,0.0196739076981352,202107,226,4
SUZB3,202109,-0.0970285690841822,-0.00212468160316348,0.0196739076981352,202107,226,3
TAEE11,202109,0.0228794580443619,0.0151923066005111,0.0196739076981352,202107,226,4
TASA3,202109,-0.0390483548854964,-0.112505570054054,0.0196739076981352,202107,226,2
TASA4,202109,-0.0432128113918372,-0.00428809598088264,0.0196739076981352,202107,226,3
TCSA3,202109,-0.272908344773784,-0.108714617788792,0.0196739076981352,202107,226,2
TECN3,202109,-0.0264026261127091,-0.0835928991436958,0.0196739076981352,202107,226,2
TEND3,202109,-0.0312323239185127,-0.0882106870412827,0.0196739076981352,202107,226,2
TGMA3,202109,-0.0721210955885562,0.018435288220644,0.0196739076981352,202107,226,5
TIMS3,202109,-0.0451060096034744,0.000260730797890574,0.0196739076981352,202107,226,3
TOTS3,202109,-0.0925208137089251,-0.0952153503894806,0.0196739076981352,202107,226,2
TPIS3,202109,-0.168000030873408,0.0112263094633818,0.0196739076981352,202107,226,4
TRIS3,202109,-0.198630191384045,-0.135452061891556,0.0196739076981352,202107,226,2
TRPL4,202109,0,0.0176196694374084,0.0196739076981352,202107,226,4
TUPY3,202109,0.035696277719113,0.00649473071098328,0.0196739076981352,202107,226,4
UGPA3,202109,-0.114654173300513,-0.11028079688549,0.0196739076981352,202107,226,2
UNIP3,202109,-0.0585287039865539,-0.159902900457382,0.0196739076981352,202107,226,1
UNIP6,202109,-0.0557663053841659,0.0193453431129456,0.0196739076981352,202107,226,5
USIM3,202109,-0.180661621944715,-0.0736111626029015,0.0196739076981352,202107,226,2
USIM5,202109,-0.178039675850456,0.0188023503869772,0.0196739076981352,202107,226,5
VALE3,202109,-0.0607292148009532,0.0109501024708152,0.0196739076981352,202107,226,4
VIVA3,202109,-0.121273780836741,-0.172866299748421,0.0196739076981352,202107,226,1
VIVR3,202109,-0.184549359061738,-0.116584211587906,0.0196739076981352,202107,226,2
VIVT3,202109,0.0707385482163903,-0.0953304022550583,0.0196739076981352,202107,226,2
VLID3,202109,-0.137681062897835,0.00125466543249786,0.0196739076981352,202107,226,4
VULC3,202109,-0.177191009909455,-0.143224909901619,0.0196739076981352,202107,226,1
WEGE3,202109,-0.0663639071179591,-0.164864629507065,0.0196739076981352,202107,226,1
WIZS3,202109,-0.161598609904431,0.0198771934956312,0.0196739076981352,202107,226,5
YDUQ3,202109,-0.122053702266106,0.0122526111081243,0.0196739076981352,202107,226,4
AALR3,202110,0.249999983890637,-0.0996146127581596,0.0196739076981352,202107,226,3
ABCB4,202110,0.114549037540597,-0.204028725624084,0.0196739076981352,202107,226,1
ABEV3,202110,-0.0547380691378112,-0.0399690270423889,0.0196739076981352,202107,226,5
AGRO3,202110,-0.0680918092903321,-0.164848208427429,0.0196739076981352,202107,226,1
ALPA3,202110,-0.0210687668764793,-0.0553762689232826,0.0196739076981352,202107,226,4
ALPA4,202110,0.0186752586989352,-0.0497802309691906,0.0196739076981352,202107,226,4
ALPK3,202110,-0.188259085431806,0.0356916934251785,0.0196739076981352,202107,226,5
ALSO3,202110,0.0719499478623566,-0.0635048225522041,0.0196739076981352,202107,226,4
ALUP11,202110,0.0236285142606125,-0.0732661038637161,0.0196739076981352,202107,226,4
AMAR3,202110,-0.102189797314566,-0.087611086666584,0.0196739076981352,202107,226,4
AMBP3,202110,0.0673884681236436,-0.0599925369024277,0.0196739076981352,202107,226,4
AMER3,202110,0.0208754680009797,-0.020757932215929,0.0196739076981352,202107,226,5
ANIM3,202110,0.296969730577312,-0.0202759727835655,0.0196739076981352,202107,226,5
APER3,202110,-0.189302716325959,-0.0965395048260689,0.0196739076981352,202107,226,3
ARZZ3,202110,-0.0912043301759136,-0.0596840418875217,0.0196739076981352,202107,226,4
AZEV4,202110,-0.0372881738266444,0.117223434150219,0.0196739076981352,202107,226,5
AZUL4,202110,-0.0599115400080419,-0.0984295159578323,0.0196739076981352,202107,226,3
B3SA3,202110,-0.06717028121303,-0.136116087436676,0.0196739076981352,202107,226,2
BBAS3,202110,0.132541968111259,-0.134691148996353,0.0196739076981352,202107,226,2
BBDC3,202110,0.00216170213987876,-0.156528547406197,0.0196739076981352,202107,226,1
BBDC4,202110,0.00142522598508599,-0.103860162198544,0.0196739076981352,202107,226,3
BBRK3,202110,-0.231884057971014,-0.0154557721689343,0.0196739076981352,202107,226,5
BBSE3,202110,-0.0547760993922359,-0.093386322259903,0.0196739076981352,202107,226,3
BEEF11,202110,-0.163793103448276,-0.161200925707817,0.0196739076981352,202107,226,1
BEEF3,202110,-0.0918366472594089,-0.140213519334793,0.0196739076981352,202107,226,2
BEES3,202110,-0.0251524365281741,0.0135844061151147,0.0196739076981352,202107,226,5
BIDI11,202110,0.02056338028169,-0.0594719126820564,0.0196739076981352,202107,226,4
BIDI3,202110,0.0414507772020727,0.0103645883500576,0.0196739076981352,202107,226,5
BIDI4,202110,-0.0228945216680295,0.00974451471120119,0.0196739076981352,202107,226,5
BKBR3,202110,-0.0451237263464338,0.0101228272542357,0.0196739076981352,202107,226,5
BMGB4,202110,-0.0524587399592528,-0.103704258799553,0.0196739076981352,202107,226,3
BOAS3,202110,-0.178532311062432,-0.137617662549019,0.0196739076981352,202107,226,2
BPAC11,202110,-0.0878587763921601,-0.0585009083151817,0.0196739076981352,202107,226,4
BPAC3,202110,-0.0259927615620538,-0.141941949725151,0.0196739076981352,202107,226,2
BPAC5,202110,-0.117229054828017,-0.133147910237312,0.0196739076981352,202107,226,2
BPAN4,202110,-0.152746425884123,-0.108919948339462,0.0196739076981352,202107,226,3
BRAP3,202110,0.0336538428109436,-0.134914875030518,0.0196739076981352,202107,226,2
BRAP4,202110,0.0224004633608441,-0.134726390242577,0.0196739076981352,202107,226,2
BRFS3,202110,-0.149806284976324,-0.157987236976624,0.0196739076981352,202107,226,1
BRGE3,202110,-0.153153153153153,-0.133715689182282,0.0196739076981352,202107,226,2
BRIV3,202110,-0.0489130434782608,-0.102969013154507,0.0196739076981352,202107,226,3
BRKM5,202110,-0.0809768459729653,-0.139873385429382,0.0196739076981352,202107,226,2
BRML3,202110,0.101813110181311,-0.0416957177221775,0.0196739076981352,202107,226,5
BRPR3,202110,-0.00138691194009133,-0.12899661064148,0.0196739076981352,202107,226,2
BRSR6,202110,-0.0725436043051569,-0.163127154111862,0.0196739076981352,202107,226,1
CAML3,202110,-0.0113637533981554,-0.146465450525284,0.0196739076981352,202107,226,1
CARD3,202110,-0.257378984651712,-0.0255109220743179,0.0196739076981352,202107,226,5
CCRO3,202110,0.0769903762029747,-0.0733414813876152,0.0196739076981352,202107,226,4
CEAB3,202110,0.0660065677963373,-0.089237317442894,0.0196739076981352,202107,226,4
CESP3,202110,-0.0522105263157894,-0.0329718589782715,0.0196739076981352,202107,226,5
CESP6,202110,-0.067843137254902,-0.108046941459179,0.0196739076981352,202107,226,3
CGRA4,202110,-0.0369798003478942,0.00720361387357116,0.0196739076981352,202107,226,5
CIEL3,202110,-0.0547945205479452,-0.110159605741501,0.0196739076981352,202107,226,3
CLSC3,202110,-0.0461539328650256,-0.127504035830498,0.0196739076981352,202107,226,2
CLSC4,202110,0.0183822351932812,-0.0942800268530846,0.0196739076981352,202107,226,3
CMIG3,202110,0.0409146037816996,-0.143986225128174,0.0196739076981352,202107,226,1
CMIG4,202110,0.0201861951096245,-0.159576192498207,0.0196739076981352,202107,226,1
COCE5,202110,0.0744870522819685,-0.0645767524838448,0.0196739076981352,202107,226,4
COGN3,202110,0,-0.107377544045448,0.0196739076981352,202107,226,3
CPFE3,202110,0.00342080244894771,-0.134082332253456,0.0196739076981352,202107,226,2
CPLE3,202110,0.033457477344194,-0.174948662519455,0.0196739076981352,202107,226,1
CPLE6,202110,0.0371621621621621,-0.173599451780319,0.0196739076981352,202107,226,1
CRDE3,202110,0.016089712335446,-0.134807541966438,0.0196739076981352,202107,226,2
CRFB3,202110,-0.0787259615384616,-0.0669531673192978,0.0196739076981352,202107,226,4
CRIV4,202110,0.0320855614973261,0.0128299770876765,0.0196739076981352,202107,226,5
CRPG5,202110,-0.40000006806382,0.0300311539322138,0.0196739076981352,202107,226,5
CSAN3,202110,0.0737745557991352,-0.0761860311031342,0.0196739076981352,202107,226,4
CSMG3,202110,-0.0580454833839221,-0.160222411155701,0.0196739076981352,202107,226,1
CSNA3,202110,-0.0447761807754222,-0.108104020357132,0.0196739076981352,202107,226,3
CTNM4,202110,-0.0649999976158142,-0.131933659315109,0.0196739076981352,202107,226,2
CURY3,202110,-0.00148387206587797,-0.0663289353251457,0.0196739076981352,202107,226,4
CVCB3,202110,-0.147150910250599,-0.0789632797241211,0.0196739076981352,202107,226,4
CYRE3,202110,-0.0347763957056337,-0.0306290816515684,0.0196739076981352,202107,226,5
DASA3,202110,-0.00513847226713993,-0.0634034723043442,0.0196739076981352,202107,226,4
DEXP3,202110,-0.0810503624079159,-0.146081849932671,0.0196739076981352,202107,226,1
DIRR3,202110,0.0670859552655898,-0.119129315018654,0.0196739076981352,202107,226,3
DMMO3,202110,-0.0757575757575758,0.104956731200218,0.0196739076981352,202107,226,5
DMVF3,202110,-0.116858176474151,-0.102232374250889,0.0196739076981352,202107,226,3
DXCO3,202110,0.162475830229942,-0.118973679840565,0.0196739076981352,202107,226,3
EALT4,202110,-0.130434752259993,-0.0270552653819323,0.0196739076981352,202107,226,5
ECOR3,202110,0.013431137230024,-0.109564997255802,0.0196739076981352,202107,226,3
EGIE3,202110,-0.00976624693852679,-0.145702362060547,0.0196739076981352,202107,226,1
ELET3,202110,-0.0354714750221695,-0.0612148828804493,0.0196739076981352,202107,226,4
ELET6,202110,-0.0528959810874706,-0.168259024620056,0.0196739076981352,202107,226,1
EMAE4,202110,-0.209894966888047,-0.00898744259029627,0.0196739076981352,202107,226,5
EMBR3,202110,-0.127222982216142,-0.16076198220253,0.0196739076981352,202107,226,1
ENAT3,202110,0.0422535211267607,-0.152793794870377,0.0196739076981352,202107,226,1
ENBR3,202110,0.0918367346938773,-0.147216513752937,0.0196739076981352,202107,226,1
ENEV3,202110,-0.0312499875823653,-0.0626047998666763,0.0196739076981352,202107,226,4
ENGI11,202110,0.149404846621358,-0.0769398882985115,0.0196739076981352,202107,226,4
EQPA3,202110,-0.0163282875695974,-0.13117678463459,0.0196739076981352,202107,226,2
EQTL3,202110,-0.013548773039161,-0.0776033625006676,0.0196739076981352,202107,226,4
ETER3,202110,0.104868954031987,-0.0908882766962051,0.0196739076981352,202107,226,3
EUCA4,202110,0.0502512085406843,-0.119578808546066,0.0196739076981352,202107,226,3
EVEN3,202110,-0.0112539850829846,-0.118051022291183,0.0196739076981352,202107,226,3
EZTC3,202110,-0.00602734812375527,-0.00985468830913305,0.0196739076981352,202107,226,5
FESA4,202110,-0.0831224927118033,-0.158877491950989,0.0196739076981352,202107,226,1
FHER3,202110,0.000531644293767286,-0.119154341518879,0.0196739076981352,202107,226,3
FLRY3,202110,-0.0722251155773359,-0.131949946284294,0.0196739076981352,202107,226,2
FRAS3,202110,-0.117522934873185,-0.149412631988525,0.0196739076981352,202107,226,1
GEPA4,202110,-0.0298460178652756,-0.0390307195484638,0.0196739076981352,202107,226,5
GFSA3,202110,0.0149253411797115,-0.0440220683813095,0.0196739076981352,202107,226,5
GGBR3,202110,0.0265785714904814,-0.0546508692204952,0.0196739076981352,202107,226,4
GGBR4,202110,0.0269869248047721,-0.0567103363573551,0.0196739076981352,202107,226,4
GMAT3,202110,-0.178120565772293,-0.14724500477314,0.0196739076981352,202107,226,1
GNDI3,202110,-0.0423808039887816,-0.0465576983988285,0.0196739076981352,202107,226,4
GOAU3,202110,-0.0683652167640039,-0.137969940900803,0.0196739076981352,202107,226,2
GOAU4,202110,-0.0156625167859832,-0.141312479972839,0.0196739076981352,202107,226,2
GOLL4,202110,0.0540184453227932,-0.102387167513371,0.0196739076981352,202107,226,3
GRND3,202110,-0.00737909372384116,-0.0489890947937965,0.0196739076981352,202107,226,4
GUAR3,202110,-0.0684931506849316,-0.0280909948050976,0.0196739076981352,202107,226,5
HAPV3,202110,-0.0545928055734224,-0.094196155667305,0.0196739076981352,202107,226,3
HBOR3,202110,-0.100418412806141,0.0533486679196358,0.0196739076981352,202107,226,5
HBSA3,202110,-0.0906040198652279,-0.0331388339400291,0.0196739076981352,202107,226,5
HYPE3,202110,-0.0334991131508933,-0.138775259256363,0.0196739076981352,202107,226,2
IGTA3,202110,0.106546426185705,-0.048401340842247,0.0196739076981352,202107,226,4
IRBR3,202110,-0.081023420006902,-0.124858908355236,0.0196739076981352,202107,226,3
ITSA3,202110,-0.0453959731712406,-0.138712227344513,0.0196739076981352,202107,226,2
ITSA4,202110,-0.04166859051891,-0.164907544851303,0.0196739076981352,202107,226,1
ITUB3,202110,-0.0307443868545073,-0.126746281981468,0.0196739076981352,202107,226,2
ITUB4,202110,-0.0276240681382944,-0.143464297056198,0.0196739076981352,202107,226,2
JBSS3,202110,-0.087067861715749,-0.165570631623268,0.0196739076981352,202107,226,1
JHSF3,202110,-0.0581163123363678,-0.123025730252266,0.0196739076981352,202107,226,3
JOPA3,202110,0.0178572845485776,-0.132439762353897,0.0196739076981352,202107,226,2
JPSA3,202110,0.100075815011372,-0.0616040341556072,0.0196739076981352,202107,226,4
JSLG3,202110,0,-0.124088391661644,0.0196739076981352,202107,226,3
KEPL3,202110,-0.116048678716018,-0.13711804151535,0.0196739076981352,202107,226,2
KLBN11,202110,0.0547519518313999,-0.136257395148277,0.0196739076981352,202107,226,2
KROT11,202110,0,-0.10698651522398,0.0196739076981352,202107,226,3
LAME3,202110,0.103448275862069,-0.132441371679306,0.0196739076981352,202107,226,2
LAME4,202110,0.132505175983437,0.0306639391928911,0.0196739076981352,202107,226,5
LAVV3,202110,-0.0739998746854771,-0.0695178508758545,0.0196739076981352,202107,226,4
LCAM3,202110,0.174353775975672,-0.053121704608202,0.0196739076981352,202107,226,4
LEVE3,202110,-0.140551704353297,-0.163557007908821,0.0196739076981352,202107,226,1
LIGT3,202110,0.243801652061639,-0.0603653788566589,0.0196739076981352,202107,226,4
LJQQ3,202110,-0.125215781331302,-0.0266412813216448,0.0196739076981352,202107,226,5
LLIS3,202110,-0.331578947368421,-0.0309881437569857,0.0196739076981352,202107,226,5
LOGG3,202110,-0.0606061183732692,-0.124463573098183,0.0196739076981352,202107,226,3
LOGN3,202110,-0.0259434492743349,-0.118631184101105,0.0196739076981352,202107,226,3
LPSB3,202110,-0.0491803817658209,-0.00706395227462053,0.0196739076981352,202107,226,5
LREN3,202110,-0.0290104099861445,-0.0553003363311291,0.0196739076981352,202107,226,4
LUPA3,202110,-0.140961915737104,-0.134412169456482,0.0196739076981352,202107,226,2
LWSA3,202110,-0.279234896770875,-0.0313132703304291,0.0196739076981352,202107,226,5
MDIA3,202110,-0.102423369172603,-0.0786215588450432,0.0196739076981352,202107,226,4
MDNE3,202110,-0.0249479818976491,0.0992836132645607,0.0196739076981352,202107,226,5
MEAL3,202110,-0.0462633020176321,-0.144973993301392,0.0196739076981352,202107,226,1
MELK3,202110,0.188033961805602,-0.0958479791879654,0.0196739076981352,202107,226,3
MGLU3,202110,-0.278445853567555,-0.0064797387458384,0.0196739076981352,202107,226,5
MILS3,202110,0.107186771647136,-0.129785880446434,0.0196739076981352,202107,226,2
MOVI3,202110,0.129966301954572,-0.14473320543766,0.0196739076981352,202107,226,1
MRFG3,202110,-0.110566037735849,-0.160612016916275,0.0196739076981352,202107,226,1
MRVE3,202110,0.0926109795709544,-0.0349612757563591,0.0196739076981352,202107,226,5
MTRE3,202110,0.212190906780653,-0.0252341032028198,0.0196739076981352,202107,226,5
MTSA4,202110,-0.0424298627468479,0.021354416385293,0.0196739076981352,202107,226,5
MULT3,202110,0.0583150260016276,0.0223161056637764,0.0196739076981352,202107,226,5
MYPK3,202110,-0.139451847939416,-0.165689781308174,0.0196739076981352,202107,226,1
NEOE3,202110,0.121290322580645,-0.153818994760513,0.0196739076981352,202107,226,1
NTCO3,202110,-0.313881748071979,-0.0509011633694172,0.0196739076981352,202107,226,4
ODPV3,202110,-0.0611483967188665,-0.153279647231102,0.0196739076981352,202107,226,1
OFSA3,202110,0.000400073094435571,-0.096479244530201,0.0196739076981352,202107,226,3
OIBR3,202110,-0.0112359550561798,-0.034261304885149,0.0196739076981352,202107,226,5
OIBR4,202110,-0.0805369127516778,-0.12361229211092,0.0196739076981352,202107,226,3
OMGE3,202110,-0.17079132294531,-0.0713095813989639,0.0196739076981352,202107,226,4
PARD3,202110,-0.11976320582878,-0.132790446281433,0.0196739076981352,202107,226,2
PETR3,202110,0.0892663428469074,-0.149497270584106,0.0196739076981352,202107,226,1
PETR4,202110,0.0839778901178427,-0.14573760330677,0.0196739076981352,202107,226,1
PETZ3,202110,-0.02983484283431,-0.0525455884635449,0.0196739076981352,202107,226,4
PFRM3,202110,0.034362549055692,-0.118320100009441,0.0196739076981352,202107,226,3
PGMN3,202110,-0.138771099658644,-0.109230935573578,0.0196739076981352,202107,226,3
PLPL3,202110,0.00657899309068766,0.0834713131189346,0.0196739076981352,202107,226,5
PMAM3,202110,-0.037894700702868,-0.123820528388023,0.0196739076981352,202107,226,3
PNVL3,202110,-0.0192454105365233,-0.107319012284279,0.0196739076981352,202107,226,3
POMO4,202110,-0.00772240210171038,-0.163295596837997,0.0196739076981352,202107,226,1
POSI3,202110,0.0865954802782054,-0.0724449530243874,0.0196739076981352,202107,226,4
PRIO3,202110,-0.135492096371706,-0.0791713818907738,0.0196739076981352,202107,226,4
PRNR3,202110,-0.0377358852827906,-0.158659815788269,0.0196739076981352,202107,226,1
PSSA3,202110,-0.0348051344579442,-0.159469127655029,0.0196739076981352,202107,226,1
PTBL3,202110,-0.0799650729568441,-0.144297450780869,0.0196739076981352,202107,226,1
QUAL3,202110,-0.0806547279318427,-0.0351008661091328,0.0196739076981352,202107,226,5
RADL3,202110,-0.0329801313800772,-0.059156309813261,0.0196739076981352,202107,226,4
RAIL3,202110,0.0988117841236338,-0.130492925643921,0.0196739076981352,202107,226,2
RANI3,202110,0.11764004283185,-0.132977619767189,0.0196739076981352,202107,226,2
RAPT3,202110,0.0407166098843033,-0.143076956272125,0.0196739076981352,202107,226,2
RAPT4,202110,0.0895670007671932,-0.124986179172993,0.0196739076981352,202107,226,3
RCSL3,202110,0.0625001419550511,-0.120647184550762,0.0196739076981352,202107,226,3
RCSL4,202110,-0.0845070223048117,-0.127625420689583,0.0196739076981352,202107,226,2
RDNI3,202110,-0.106666666666667,-0.150381907820702,0.0196739076981352,202107,226,1
RENT3,202110,0.12825599881835,-0.0647568926215172,0.0196739076981352,202107,226,4
ROMI3,202110,-0.0391916282379893,-0.141477197408676,0.0196739076981352,202107,226,2
RPAD3,202110,-0.0247678117038936,-0.145154237747192,0.0196739076981352,202107,226,1
SANB11,202110,-0.0197885187816225,-0.13445208966732,0.0196739076981352,202107,226,2
SAPR11,202110,0.0263015233870656,-0.140216052532196,0.0196739076981352,202107,226,2
SAPR4,202110,0.0215052491771568,-0.138596013188362,0.0196739076981352,202107,226,2
SBFG3,202110,0.162368785502136,-0.0232070665806532,0.0196739076981352,202107,226,5
SBSP3,202110,-0.0431817851080079,-0.14891217648983,0.0196739076981352,202107,226,1
SCAR3,202110,-0.0270271013972558,0.0164981689304113,0.0196739076981352,202107,226,5
SEER3,202110,0.00216134161924675,-0.146247237920761,0.0196739076981352,202107,226,1
SEQL3,202110,-0.246153809593479,-0.00970496982336044,0.0196739076981352,202107,226,5
SGPS3,202110,-0.1800878477306,-0.0816432163119316,0.0196739076981352,202107,226,4
SHOW3,202110,-0.15,-0.125444695353508,0.0196739076981352,202107,226,3
SHUL4,202110,0.0583237795390303,-0.155099183320999,0.0196739076981352,202107,226,1
SIMH3,202110,0.0273170615974672,-0.0552069284021854,0.0196739076981352,202107,226,4
SLCE3,202110,-0.119320759588795,-0.138561546802521,0.0196739076981352,202107,226,2
SMTO3,202110,-0.0490257088606084,-0.169808954000473,0.0196739076981352,202107,226,1
SOMA3,202110,-0.00762195121951215,-0.0560278482735157,0.0196739076981352,202107,226,4
SQIA3,202110,-0.0894643908181282,0.0307041276246309,0.0196739076981352,202107,226,5
STBP3,202110,0.163106796116505,-0.0877422168850899,0.0196739076981352,202107,226,4
SULA11,202110,-0.0388910281093569,-0.132626324892044,0.0196739076981352,202107,226,2
SUZB3,202110,0.140767903342,-0.125090137124062,0.0196739076981352,202107,226,3
SYNE3,202110,-0.0204565380621574,-0.135241210460663,0.0196739076981352,202107,226,2
TAEE11,202110,-0.0163665576165721,-0.137712687253952,0.0196739076981352,202107,226,2
TASA3,202110,0.039233929810724,-0.122206501662731,0.0196739076981352,202107,226,3
TASA4,202110,0.0922926006802407,-0.160265132784843,0.0196739076981352,202107,226,1
TCSA3,202110,-0.0493150854942874,-0.00491212774068117,0.0196739076981352,202107,226,5
TECN3,202110,-0.193220282659049,-0.167598143219948,0.0196739076981352,202107,226,1
TEND3,202110,0.000586244182906759,-0.0631635636091232,0.0196739076981352,202107,226,4
TFCO4,202110,-0.0522639331778918,0.0110247228294611,0.0196739076981352,202107,226,5
TGMA3,202110,-0.134695400532789,-0.067407488822937,0.0196739076981352,202107,226,4
TIMS3,202110,0.229945996231482,-0.141056746244431,0.0196739076981352,202107,226,2
TOTS3,202110,-0.0326618495868561,-0.0665325820446014,0.0196739076981352,202107,226,4
TPIS3,202110,-0.100961492549449,-0.104490913450718,0.0196739076981352,202107,226,3
TRIS3,202110,-0.0700851985275445,0.0656690448522568,0.0196739076981352,202107,226,5
TRPL4,202110,-0.0419407894736842,-0.159267604351044,0.0196739076981352,202107,226,1
TUPY3,202110,-0.0691355373491274,-0.152018919587135,0.0196739076981352,202107,226,1
UGPA3,202110,0.105747281360086,-0.123320244252682,0.0196739076981352,202107,226,3
UNIP3,202110,0.201822462730332,-0.125232383608818,0.0196739076981352,202107,226,3
UNIP6,202110,0.237316804296805,-0.133445233106613,0.0196739076981352,202107,226,2
USIM3,202110,0.00931675380734331,-0.123663797974586,0.0196739076981352,202107,226,3
USIM5,202110,0.0256603791191912,-0.132961705327034,0.0196739076981352,202107,226,2
VALE3,202110,-0.0231812365681923,-0.134800046682358,0.0196739076981352,202107,226,2
VIVA3,202110,-0.0551270581248983,-0.0531440638005734,0.0196739076981352,202107,226,4
VIVR3,202110,-0.273684206257543,0.0538615323603153,0.0196739076981352,202107,226,5
VIVT3,202110,0.104788810150766,-0.139791369438171,0.0196739076981352,202107,226,2
VLID3,202110,0.156862709575179,-0.126457646489143,0.0196739076981352,202107,226,3
VULC3,202110,0.199421993145703,-0.211274608969688,0.0196739076981352,202107,226,1
WEGE3,202110,-0.12891881391005,-0.148568406701088,0.0196739076981352,202107,226,1
WIZS3,202110,-0.151295336787565,-0.119433552026749,0.0196739076981352,202107,226,3
YDUQ3,202110,0.046500296863472,-0.123263373970985,0.0196739076981352,202107,226,3
AALR3,202111,-0.190810796376821,0.0808221995830536,0.0196739076981352,202107,226,5
ABCB4,202111,-0.0626107917314017,0.0254133604466915,0.0196739076981352,202107,226,2
ABEV3,202111,-0.00237923889314895,0.0117694307118654,0.0196739076981352,202107,226,1
AERI3,202111,-0.165605156418708,0.0289665460586548,0.0196739076981352,202107,226,3
AGRO3,202111,0.223024578865534,0.0244378335773945,0.0196739076981352,202107,226,2
ALPA3,202111,-0.0563165402652892,0.0338215306401253,0.0196739076981352,202107,226,3
ALPA4,202111,-0.052954537369258,0.0432182624936104,0.0196739076981352,202107,226,4
ALPK3,202111,0.0473814439473721,0.0624317973852158,0.0196739076981352,202107,226,4
ALSO3,202111,0.0535019455252919,0.0506634078919888,0.0196739076981352,202107,226,4
ALUP11,202111,-0.00618277134300149,0.024798946455121,0.0196739076981352,202107,226,2
AMAR3,202111,0.125716620117177,0.122446350753307,0.0196739076981352,202107,226,5
AMBP3,202111,0.0694726116512909,0.0811970084905624,0.0196739076981352,202107,226,5
AMER3,202111,0.0415566762587718,0.0986940041184425,0.0196739076981352,202107,226,5
ANIM3,202111,-0.0186917098897178,0.0228957999497652,0.0196739076981352,202107,226,2
APER3,202111,0.162694300518135,0.0915384143590927,0.0196739076981352,202107,226,5
ARZZ3,202111,0.143091125670042,0.0799698531627655,0.0196739076981352,202107,226,5
AZEV4,202111,0.531690199366098,-0.0470827519893646,0.0196739076981352,202107,226,1
AZUL4,202111,0.0419161676646707,0.0540067553520203,0.0196739076981352,202107,226,4
B3SA3,202111,0.015474827111162,0.0305271688848734,0.0196739076981352,202107,226,3
BBAS3,202111,-0.0889605556933764,0.0225717853754759,0.0196739076981352,202107,226,1
BBDC3,202111,-0.0351659183140245,0.0268347449600697,0.0196739076981352,202107,226,2
BBDC4,202111,-0.0222512984107577,0.0269818939268589,0.0196739076981352,202107,226,2
BBRK3,202111,0.0377358490566038,0.121251255273819,0.0196739076981352,202107,226,5
BBSE3,202111,-0.00622584338777499,0.0144348535686731,0.0196739076981352,202107,226,1
BEEF11,202111,-0.0670103092783505,0.0677677467465401,0.0196739076981352,202107,226,4
BEEF3,202111,0.235431225754248,0.02889708802104,0.0196739076981352,202107,226,3
BEES3,202111,0.0464156018197264,0.038354430347681,0.0196739076981352,202107,226,4
BIDI11,202111,-0.211426994203698,0.034375511109829,0.0196739076981352,202107,226,3
BIDI3,202111,-0.220563847429519,0.0238939877599478,0.0196739076981352,202107,226,2
BIDI4,202111,-0.201673640167364,0.0232970099896193,0.0196739076981352,202107,226,2
BKBR3,202111,-0.0884146341463413,0.0294457469135523,0.0196739076981352,202107,226,3
BMGB4,202111,0.186844125469274,0.0799905732274056,0.0196739076981352,202107,226,5
BOAS3,202111,-0.2,0.0422440581023693,0.0196739076981352,202107,226,4
BPAC11,202111,0.0181871501016255,0.0350008197128773,0.0196739076981352,202107,226,3
BPAC3,202111,-0.0473246675971923,0.0368801355361939,0.0196739076981352,202107,226,3
BPAC5,202111,0.050961332114883,0.0762751176953316,0.0196739076981352,202107,226,5
BPAN4,202111,-0.0515097690941385,0.0912626683712006,0.0196739076981352,202107,226,5
BRAP3,202111,0.142199448835304,0.029436020180583,0.0196739076981352,202107,226,3
BRAP4,202111,0.218211096972061,0.0264775268733501,0.0196739076981352,202107,226,2
BRFS3,202111,0.140253164556962,0.0287030544131994,0.0196739076981352,202107,226,3
BRGE3,202111,-0.0558510638297872,0.0209609419107437,0.0196739076981352,202107,226,1
BRIV3,202111,-0.165714285714286,0.0270389523357153,0.0196739076981352,202107,226,2
BRKM5,202111,0.301115604676872,0.0316785611212254,0.0196739076981352,202107,226,3
BRML3,202111,0.0518987341772152,0.0287355054169893,0.0196739076981352,202107,226,3
BRPR3,202111,0.0152777956097736,0.0267423000186682,0.0196739076981352,202107,226,2
BRSR6,202111,-0.0280882694668514,0.0256809517741203,0.0196739076981352,202107,226,2
CAML3,202111,0.197914688651685,0.0222344733774662,0.0196739076981352,202107,226,1
CARD3,202111,0.0381558028616853,-0.072466179728508,0.0196739076981352,202107,226,1
CASH3,202111,0.0836119970599465,0.0707690045237541,0.0196739076981352,202107,226,5
CCRO3,202111,-0.0584890333062551,0.0184392388910055,0.0196739076981352,202107,226,1
CEAB3,202111,-0.0479875775807318,0.0678928270936012,0.0196739076981352,202107,226,4
CESP3,202111,-0.0226565970679699,0.0441302284598351,0.0196739076981352,202107,226,4
CESP6,202111,-0.095077829196466,0.0120076108723879,0.0196739076981352,202107,226,1
CGRA4,202111,-0.122401681024462,-0.147226750850678,0.0196739076981352,202107,226,1
CIEL3,202111,0.101449275362319,0.0586789026856422,0.0196739076981352,202107,226,4
CLSC3,202111,0.0228899836637289,0.0718430876731873,0.0196739076981352,202107,226,5
CLSC4,202111,0.0294916204553339,0.0218049511313438,0.0196739076981352,202107,226,1
CMIG3,202111,0.104507568857053,0.0261513218283653,0.0196739076981352,202107,226,2
CMIG4,202111,0.0402261794992163,0.0268640127032995,0.0196739076981352,202107,226,2
COCE5,202111,0.0561816951573351,-0.126461118459702,0.0196739076981352,202107,226,1
COGN3,202111,-0.00806457632305535,0.0540896020829678,0.0196739076981352,202107,226,4
CPFE3,202111,0.0430451518085442,0.0254095923155546,0.0196739076981352,202107,226,2
CPLE3,202111,0.100719321736303,0.0269162263721228,0.0196739076981352,202107,226,2
CPLE6,202111,0.0488599348534202,0.0399581640958786,0.0196739076981352,202107,226,4
CRDE3,202111,-0.203454894433781,-0.0232854597270489,0.0196739076981352,202107,226,1
CRFB3,202111,-0.00521852576647097,0.0631629675626755,0.0196739076981352,202107,226,4
CRIV4,202111,-0.0155440414507771,0.0413052923977375,0.0196739076981352,202107,226,4
CRPG5,202111,0.293171893495991,-0.116120509803295,0.0196739076981352,202107,226,1
CSAN3,202111,0.0382256372420757,0.049241840839386,0.0196739076981352,202107,226,4
CSMG3,202111,-0.00858005830828401,0.0176479164510965,0.0196739076981352,202107,226,1
CSNA3,202111,0.148437582547541,0.081821046769619,0.0196739076981352,202107,226,5
CTNM4,202111,-0.0106951769387781,0.026048531755805,0.0196739076981352,202107,226,2
CURY3,202111,0.0665070312613665,0.0462138801813126,0.0196739076981352,202107,226,4
CVCB3,202111,-0.0146842700953402,0.072746716439724,0.0196739076981352,202107,226,5
CYRE3,202111,0.160294136139859,0.0839604213833809,0.0196739076981352,202107,226,5
DASA3,202111,-0.0230284889764648,0.0803839266300201,0.0196739076981352,202107,226,5
DEXP3,202111,0.293167873481675,0.031477902084589,0.0196739076981352,202107,226,3
DIRR3,202111,0.248526724416079,0.0547825843095779,0.0196739076981352,202107,226,4
DMMO3,202111,-0.147540983606557,-0.0635920092463493,0.0196739076981352,202107,226,1
DMVF3,202111,-0.0867679140526388,0.0809973850846291,0.0196739076981352,202107,226,5
DXCO3,202111,-0.016109374920687,-0.0808274671435356,0.0196739076981352,202107,226,1
EALT4,202111,0.357142771136805,0.0468164831399918,0.0196739076981352,202107,226,4
ECOR3,202111,-0.118072301351266,0.0253413934260607,0.0196739076981352,202107,226,2
EGIE3,202111,-0.00122592972653568,0.0196047481149435,0.0196739076981352,202107,226,1
ELET3,202111,0.0239043824701193,0.029745614156127,0.0196739076981352,202107,226,3
ELET6,202111,0.0299531981279251,0.0340628139674664,0.0196739076981352,202107,226,3
EMAE4,202111,0.266710847743203,-0.227734491229057,0.0196739076981352,202107,226,1
EMBR3,202111,0.296760710553814,0.0342897661030293,0.0196739076981352,202107,226,3
ENAT3,202111,-0.000750750750750706,0.0264230873435736,0.0196739076981352,202107,226,2
ENBR3,202111,-0.0214953271028037,0.0209304373711348,0.0196739076981352,202107,226,1
ENEV3,202111,0.0143369040859989,0.0356074720621109,0.0196739076981352,202107,226,3
ENGI11,202111,-0.0277595145679699,0.027316153049469,0.0196739076981352,202107,226,2
ENJU3,202111,-0.0138408243711932,0.0332794189453125,0.0196739076981352,202107,226,3
EQPA3,202111,0.0260000988081306,0.0168895311653614,0.0196739076981352,202107,226,1
EQTL3,202111,0.00177217907230087,0.0277126505970955,0.0196739076981352,202107,226,2
ETER3,202111,0.440278164911367,0.124898873269558,0.0196739076981352,202107,226,5
EUCA4,202111,0.0874669275991886,0.0813516974449158,0.0196739076981352,202107,226,5
EVEN3,202111,0.0842291181515846,0.0738734379410744,0.0196739076981352,202107,226,5
EZTC3,202111,0.127342846646074,0.0731998309493065,0.0196739076981352,202107,226,5
FESA4,202111,0.128979509393342,0.0301037933677435,0.0196739076981352,202107,226,3
FHER3,202111,-0.0239106728420712,0.0789177790284157,0.0196739076981352,202107,226,5
FLRY3,202111,0.0352235281917328,0.0288830939680338,0.0196739076981352,202107,226,3
FRAS3,202111,0.119868390501958,0.0229206643998623,0.0196739076981352,202107,226,2
GEPA4,202111,0.0497936308990732,0.0218689497560263,0.0196739076981352,202107,226,1
GFSA3,202111,-0.0147058513312544,0.110321715474129,0.0196739076981352,202107,226,5
GGBR3,202111,0.0679657600036108,0.0204820446670055,0.0196739076981352,202107,226,1
GGBR4,202111,0.0565893680806242,0.0212237779051065,0.0196739076981352,202107,226,1
GMAT3,202111,0.0290102096306795,0.0187911298125982,0.0196739076981352,202107,226,1
GNDI3,202111,-0.0180605271721445,0.0428383015096188,0.0196739076981352,202107,226,4
GOAU3,202111,0.111924841092175,0.0129656046628952,0.0196739076981352,202107,226,1
GOAU4,202111,0.0685446106994323,0.0170346181839705,0.0196739076981352,202107,226,1
GOLL4,202111,0.0643750000000001,0.0358689352869988,0.0196739076981352,202107,226,3
GRND3,202111,0.042098661648045,0.0290183424949646,0.0196739076981352,202107,226,3
GUAR3,202111,-0.0343137254901961,0.0620627999305725,0.0196739076981352,202107,226,4
HAPV3,202111,-0.0480963475527134,0.0448199175298214,0.0196739076981352,202107,226,4
HBOR3,202111,0.0883720762543367,0.0978754237294197,0.0196739076981352,202107,226,5
HBSA3,202111,0.273062730302667,0.0997729524970055,0.0196739076981352,202107,226,5
HYPE3,202111,0.0534889510862231,0.0363574251532555,0.0196739076981352,202107,226,3
IRBR3,202111,-0.0672854907227654,0.0458181835711002,0.0196739076981352,202107,226,4
ITSA3,202111,0.0105531950126265,0.02842066437006,0.0196739076981352,202107,226,3
ITSA4,202111,-0.0255878821191011,0.0288712047040463,0.0196739076981352,202107,226,3
ITUB3,202111,-0.0494139132169528,0.0246484149247408,0.0196739076981352,202107,226,2
ITUB4,202111,-0.0631573531181187,0.0276554133743048,0.0196739076981352,202107,226,2
JBSS3,202111,0.0645161290322582,0.0135689098387957,0.0196739076981352,202107,226,1
JHSF3,202111,0.18723376490416,0.061818290501833,0.0196739076981352,202107,226,4
JOPA3,202111,0.0105261817342626,0.0268088690936565,0.0196739076981352,202107,226,2
JSLG3,202111,0.0655092059929323,0.0249858126044273,0.0196739076981352,202107,226,2
KEPL3,202111,0.253282182068672,0.0691667422652245,0.0196739076981352,202107,226,4
KLBN11,202111,0.080218592027633,0.0264790505170822,0.0196739076981352,202107,226,2
KROT11,202111,-0.00806451612903225,0.0573752112686634,0.0196739076981352,202107,226,4
LAME3,202111,0.0863970588235294,0.020389249548316,0.0196739076981352,202107,226,1
LAME4,202111,0.076782449725777,0.0728845149278641,0.0196739076981352,202107,226,5
LAVV3,202111,0.120950490079489,0.0489826686680317,0.0196739076981352,202107,226,4
LCAM3,202111,0.0146741476046612,0.0285938121378422,0.0196739076981352,202107,226,3
LEVE3,202111,0.0515534262130031,0.0282611269503832,0.0196739076981352,202107,226,3
LIGT3,202111,-0.0240864156634736,0.051665760576725,0.0196739076981352,202107,226,4
LJQQ3,202111,0.11704523034946,0.111272588372231,0.0196739076981352,202107,226,5
LLIS3,202111,0.0708661417322836,0.105310961604118,0.0196739076981352,202107,226,5
LOGG3,202111,0.149023014992095,0.0689859762787819,0.0196739076981352,202107,226,4
LOGN3,202111,0.14285718244238,0.036201324313879,0.0196739076981352,202107,226,3
LPSB3,202111,-0.0387930361034677,0.109400302171707,0.0196739076981352,202107,226,5
LREN3,202111,-0.136440436617381,0.0592746213078499,0.0196739076981352,202107,226,4
LUPA3,202111,0.027027094201209,0.0378422439098358,0.0196739076981352,202107,226,4
LWSA3,202111,-0.00227447099038081,0.0733830630779266,0.0196739076981352,202107,226,5
MDIA3,202111,-0.0806763210525127,0.0263094436377287,0.0196739076981352,202107,226,2
MDNE3,202111,0.245202546579004,0.12482376396656,0.0196739076981352,202107,226,5
MEAL3,202111,-0.0932835797659138,0.022496597841382,0.0196739076981352,202107,226,1
MELK3,202111,-0.000672181168395181,0.0367331951856613,0.0196739076981352,202107,226,3
MGLU3,202111,-0.0743589925094009,0.134694471955299,0.0196739076981352,202107,226,5
MILS3,202111,0.163934254378614,0.0796792656183243,0.0196739076981352,202107,226,5
MOVI3,202111,-0.0522248817463743,0.0269608087837696,0.0196739076981352,202107,226,2
MRFG3,202111,-0.0636402206194315,0.0167812071740627,0.0196739076981352,202107,226,1
MRVE3,202111,0.0967716760584993,0.022960914298892,0.0196739076981352,202107,226,2
MTRE3,202111,0.209537297896774,0.0820571258664131,0.0196739076981352,202107,226,5
MTSA4,202111,0.000739512752959248,0.0444694645702839,0.0196739076981352,202107,226,4
MULT3,202111,-0.0193906588639391,0.0609181933104992,0.0196739076981352,202107,226,4
MYPK3,202111,0.134354999371547,0.0242916643619537,0.0196739076981352,202107,226,2
NEOE3,202111,-0.0678941311852704,0.0187442023307085,0.0196739076981352,202107,226,1
NTCO3,202111,-0.0472086923941552,0.0850809216499329,0.0196739076981352,202107,226,5
ODPV3,202111,0.000794281175536149,0.0274668466299772,0.0196739076981352,202107,226,2
OFSA3,202111,0.0318891066193545,0.0270801950246096,0.0196739076981352,202107,226,2
OIBR3,202111,-0.136363636363636,0.122413225471973,0.0196739076981352,202107,226,5
OIBR4,202111,-0.0656934306569343,0.0678820013999939,0.0196739076981352,202107,226,4
OMGE3,202111,0.01584377302874,0.0162568874657154,0.0196739076981352,202107,226,1
PARD3,202111,-0.0015519917227107,0.0203785933554173,0.0196739076981352,202107,226,1
PETR3,202111,0.140755135198378,0.026920136064291,0.0196739076981352,202107,226,2
PETR4,202111,0.0859532792701503,0.0220220517367125,0.0196739076981352,202107,226,1
PETZ3,202111,-0.101043382756727,0.0726732313632965,0.0196739076981352,202107,226,5
PFRM3,202111,0.231732577313623,0.032126571983099,0.0196739076981352,202107,226,3
PGMN3,202111,0.150061307751629,0.0742147564888001,0.0196739076981352,202107,226,5
PLPL3,202111,0.0620915258312444,0.12920144200325,0.0196739076981352,202107,226,5
PMAM3,202111,0.106126835549096,0.0649056062102318,0.0196739076981352,202107,226,4
PNVL3,202111,0.0567296079980577,0.0271435063332319,0.0196739076981352,202107,226,2
POMO4,202111,0.201844766833402,0.024778887629509,0.0196739076981352,202107,226,2
POSI3,202111,0.189956277876331,-0.152586936950684,0.0196739076981352,202107,226,1
PRIO3,202111,0.0187284413664013,0.0376631915569305,0.0196739076981352,202107,226,3
PRNR3,202111,0.0687364541481981,0.0626967400312424,0.0196739076981352,202107,226,4
PSSA3,202111,-0.0601974663499091,0.0287223253399134,0.0196739076981352,202107,226,3
PTBL3,202111,0.165658904430546,0.082581140100956,0.0196739076981352,202107,226,5
QUAL3,202111,0.07438020092652,0.0621838271617889,0.0196739076981352,202107,226,4
RADL3,202111,0.0885455177542649,0.0402432344853878,0.0196739076981352,202107,226,4
RAIL3,202111,0.0108137009228106,0.0277812499552965,0.0196739076981352,202107,226,3
RANI3,202111,-0.0198861323250761,0.025080868974328,0.0196739076981352,202107,226,2
RAPT3,202111,-0.00642703422069313,0.0239175166934729,0.0196739076981352,202107,226,2
RAPT4,202111,-0.00357211187163697,0.0267914664000273,0.0196739076981352,202107,226,2
RCSL3,202111,0.287330248300111,0.0490645878016949,0.0196739076981352,202107,226,4
RCSL4,202111,0.0923076685061675,0.0162762776017189,0.0196739076981352,202107,226,1
RDNI3,202111,0.0149253731343282,0.0310677997767925,0.0196739076981352,202107,226,3
RENT3,202111,0.0393394038620607,0.0286274049431086,0.0196739076981352,202107,226,3
ROMI3,202111,0.18331489927522,0.05494075268507,0.0196739076981352,202107,226,4
RPAD3,202111,-0.0174603103578224,0.0256612226366997,0.0196739076981352,202107,226,2
RRRP3,202111,0.214699493120927,0.0351267233490944,0.0196739076981352,202107,226,3
SANB11,202111,-0.085003058273471,0.0218987595289946,0.0196739076981352,202107,226,1
SAPR11,202111,0.0208220657613512,0.0277422983199358,0.0196739076981352,202107,226,3
SAPR4,202111,0.0184210508653628,0.0237065516412258,0.0196739076981352,202107,226,2
SBFG3,202111,-0.0751849409335933,0.0541086234152317,0.0196739076981352,202107,226,4
SBSP3,202111,0.192992921917918,0.0182801838964224,0.0196739076981352,202107,226,1
SCAR3,202111,0.145000215437324,0.0380667820572853,0.0196739076981352,202107,226,4
SEER3,202111,0.0145067296767354,0.0227032173424959,0.0196739076981352,202107,226,2
SEQL3,202111,0.442857082158779,0.114380218088627,0.0196739076981352,202107,226,5
SGPS3,202111,-0.123214285714286,0.146189287304878,0.0196739076981352,202107,226,5
SHOW3,202111,0.0970588010900162,0.0748359188437462,0.0196739076981352,202107,226,5
SHUL4,202111,-0.0322210158646011,0.0304235387593508,0.0196739076981352,202107,226,3
SIMH3,202111,0.118824952727541,0.0736689642071724,0.0196739076981352,202107,226,5
SLCE3,202111,0.173267267682574,0.0304896496236324,0.0196739076981352,202107,226,3
SMTO3,202111,-0.0190828980693748,0.0136448033154011,0.0196739076981352,202107,226,1
SOMA3,202111,-0.0222734254992318,0.0297299716621637,0.0196739076981352,202107,226,3
SQIA3,202111,0.0685197155785391,-0.10778733342886,0.0196739076981352,202107,226,1
STBP3,202111,0.0734557595993322,0.0366141572594643,0.0196739076981352,202107,226,3
SULA11,202111,0.101362179487179,0.0226051658391953,0.0196739076981352,202107,226,2
SUZB3,202111,0.0703346593500045,0.027264729142189,0.0196739076981352,202107,226,2
SYNE3,202111,0.125737464423713,0.0229176208376884,0.0196739076981352,202107,226,2
TAEE11,202111,0.0482686706482405,0.0193167440593243,0.0196739076981352,202107,226,1
TAEE3,202111,0.0556704833017487,0.0185584872961044,0.0196739076981352,202107,226,1
TASA4,202111,0.108314518781818,0.0324800573289394,0.0196739076981352,202107,226,3
TCSA3,202111,0.040345782516223,0.12828104197979,0.0196739076981352,202107,226,5
TECN3,202111,-0.0252101304280076,0.0234687849879265,0.0196739076981352,202107,226,2
TEND3,202111,-0.0210897485384268,0.0573225393891335,0.0196739076981352,202107,226,4
TFCO4,202111,0.205351896966435,0.07062017172575,0.0196739076981352,202107,226,5
TGMA3,202111,0.199539402881854,0.0613547116518021,0.0196739076981352,202107,226,4
TIMS3,202111,-0.0297262401935591,0.0266849100589752,0.0196739076981352,202107,226,2
TOTS3,202111,-0.092077098049845,0.0698412582278252,0.0196739076981352,202107,226,4
TPIS3,202111,0.128342105199265,0.063794270157814,0.0196739076981352,202107,226,4
TRIS3,202111,0.0937498922489792,0.11543246358633,0.0196739076981352,202107,226,5
TRPL4,202111,0.0433476394849786,0.0201721116900444,0.0196739076981352,202107,226,1
TUPY3,202111,0.0409080179140082,0.0189902037382126,0.0196739076981352,202107,226,1
UGPA3,202111,0.00762292710015955,0.00313285645097494,0.0196739076981352,202107,226,1
UNIP3,202111,0.150698613676027,0.040783915668726,0.0196739076981352,202107,226,4
UNIP6,202111,0.218383972059302,0.0384596027433872,0.0196739076981352,202107,226,4
USIM3,202111,0.12978375722879,0.0351776890456677,0.0196739076981352,202107,226,3
USIM5,202111,0.129643143116837,0.0322045423090458,0.0196739076981352,202107,226,3
VALE3,202111,0.11451047976465,0.0347797609865665,0.0196739076981352,202107,226,3
VBBR3,202111,-0.0107711612214805,0.02839370444417,0.0196739076981352,202107,226,3
VIVA3,202111,0.0496284334129549,0.0297820419073105,0.0196739076981352,202107,226,3
VIVR3,202111,-0.0942028686105866,-0.067111186683178,0.0196739076981352,202107,226,1
VIVT3,202111,-0.0144289808356237,0.0164812095463276,0.0196739076981352,202107,226,1
VLID3,202111,0.0411624918319886,0.0240261387079954,0.0196739076981352,202107,226,2
VULC3,202111,-0.0950494292101243,0.0216543786227703,0.0196739076981352,202107,226,1
WEGE3,202111,0.0242105227683755,0.0464870370924473,0.0196739076981352,202107,226,4
WIZS3,202111,-0.028083028083028,0.13330489397049,0.0196739076981352,202107,226,5
YDUQ3,202111,-0.0581767678410887,0.0305621419101954,0.0196739076981352,202107,226,3
AALR3,202112,-0.0514362354060598,0.0700483024120331,0.0196739076981352,202107,226,3
ABCB4,202112,0.0152744493941877,0.0627610087394714,0.0196739076981352,202107,226,2
ABEV3,202112,-0.0207521808422864,0.0738235786557198,0.0196739076981352,202107,226,4
AERI3,202112,-0.0778625191325524,0.0560379326343536,0.0196739076981352,202107,226,1
AGRO3,202112,-0.0215352645920645,0.0675201416015625,0.0196739076981352,202107,226,2
ALPA3,202112,-0.101831654403078,0.0534666702151299,0.0196739076981352,202107,226,1
ALPA4,202112,-0.129062755934834,0.0730429962277412,0.0196739076981352,202107,226,4
ALPK3,202112,-0.0023809534641025,0.112969428300858,0.0196739076981352,202107,226,5
ALUP11,202112,-0.0161758494449302,0.0661728084087372,0.0196739076981352,202107,226,2
AMAR3,202112,-0.202631599024723,0.109640680253506,0.0196739076981352,202107,226,5
AMBP3,202112,-0.142958985409068,0.0799747630953789,0.0196739076981352,202107,226,5
AMER3,202112,-0.0402153288425052,0.127584710717201,0.0196739076981352,202107,226,5
ANIM3,202112,-0.169047503499667,0.0717646777629852,0.0196739076981352,202107,226,3
AZEV4,202112,-0.211494259825234,0.0827661454677582,0.0196739076981352,202107,226,5
B3SA3,202112,0.101871606569923,0.0725846141576767,0.0196739076981352,202107,226,4
BBAS3,202112,0.0540726418317759,0.0632869675755501,0.0196739076981352,202107,226,2
BBDC3,202112,0.0783318407290714,0.0649341121315956,0.0196739076981352,202107,226,2
BBDC4,202112,0.0874612190334145,0.0670243129134178,0.0196739076981352,202107,226,2
BBSE3,202112,-0.0626506154854443,0.072220966219902,0.0196739076981352,202107,226,4
BEEF3,202112,-0.0311320169689364,0.0639555901288986,0.0196739076981352,202107,226,2
BEES3,202112,0.00393111865921703,0.0729671865701675,0.0196739076981352,202107,226,4
BMGB4,202112,-0.0064103676879228,0.0684012547135353,0.0196739076981352,202107,226,3
BPAC11,202112,-0.0574729478149286,0.0818051397800446,0.0196739076981352,202107,226,5
BPAC3,202112,-0.190527449816907,0.055738277733326,0.0196739076981352,202107,226,1
BPAC5,202112,-0.0784276225428569,0.106566801667213,0.0196739076981352,202107,226,5
BRAP3,202112,0.095041210975459,0.0602289065718651,0.0196739076981352,202107,226,1
BRAP4,202112,0.101240561033328,0.0722063407301903,0.0196739076981352,202107,226,4
BRKM5,202112,-0.0949158739755383,0.0851028189063072,0.0196739076981352,202107,226,5
BRPR3,202112,-0.0670315260703647,0.0665053725242615,0.0196739076981352,202107,226,2
BRSR6,202112,0.0310878857221448,0.063707746565342,0.0196739076981352,202107,226,2
CAML3,202112,-0.122144081017322,0.0609357468783855,0.0196739076981352,202107,226,1
CASH3,202112,-0.206790125484499,0.121609203517437,0.0196739076981352,202107,226,5
CEAB3,202112,-0.105691087856702,0.108616314828396,0.0196739076981352,202107,226,5
CGRA4,202112,0.0010678051613755,0.0231480170041323,0.0196739076981352,202107,226,1
CLSC3,202112,-0.0181517984995743,0.0792467370629311,0.0196739076981352,202107,226,5
CLSC4,202112,-0.0454478064981603,0.066097266972065,0.0196739076981352,202107,226,2
CMIG3,202112,-0.0529157556258911,0.0296197067946196,0.0196739076981352,202107,226,1
CMIG4,202112,-0.028985379461717,0.0727981925010681,0.0196739076981352,202107,226,4
COCE5,202112,-0.0618005583553793,0.0710981264710426,0.0196739076981352,202107,226,3
COGN3,202112,-0.12195105405684,0.0860489383339882,0.0196739076981352,202107,226,5
CPFE3,202112,-0.0327990292981055,0.0719491541385651,0.0196739076981352,202107,226,4
CPLE3,202112,-0.0352869682166527,0.0408757664263248,0.0196739076981352,202107,226,1
CRPG5,202112,-0.0863070383509187,0.0105105619877577,0.0196739076981352,202107,226,1
CSAN3,202112,-0.0216688865513628,0.0694552883505821,0.0196739076981352,202107,226,3
CSMG3,202112,-0.0566484245564384,0.0659675747156143,0.0196739076981352,202107,226,2
CSNA3,202112,0.0374418798802585,0.0923557281494141,0.0196739076981352,202107,226,5
CTNM4,202112,-0.0351351656123089,0.047832801938057,0.0196739076981352,202107,226,1
CURY3,202112,-0.0585714061743143,0.0666118413209915,0.0196739076981352,202107,226,2
CVCB3,202112,-0.127421785826122,0.116961747407913,0.0196739076981352,202107,226,5
CYRE3,202112,-0.100760571716263,0.0729160681366921,0.0196739076981352,202107,226,4
DASA3,202112,-0.105809170852865,0.0687645897269249,0.0196739076981352,202107,226,3
DEXP3,202112,-0.128722351524356,0.0702179446816444,0.0196739076981352,202107,226,3
DIRR3,202112,-0.143981239017196,0.0579122304916382,0.0196739076981352,202107,226,1
DMVF3,202112,-0.0403800652621302,0.0802469700574875,0.0196739076981352,202107,226,5
DXCO3,202112,-0.0641712016232722,0.0627632141113281,0.0196739076981352,202107,226,2
EALT4,202112,-0.0171052394208581,0.077875129878521,0.0196739076981352,202107,226,5
ECOR3,202112,-0.016393618703951,0.0647198259830475,0.0196739076981352,202107,226,2
EGIE3,202112,-0.000520623013109067,0.0709780231118202,0.0196739076981352,202107,226,3
EMAE4,202112,-0.260428808690137,0.0254788920283318,0.0196739076981352,202107,226,1
ENEV3,202112,-0.102473487516302,0.0721198096871376,0.0196739076981352,202107,226,4
ENGI11,202112,-0.0178868821424628,0.0695856213569641,0.0196739076981352,202107,226,3
ENJU3,202112,-0.0526315293113663,0.111390352249146,0.0196739076981352,202107,226,5
EQPA3,202112,-0.0370371137713522,0.0779958218336105,0.0196739076981352,202107,226,5
EQTL3,202112,0.000442450977039766,0.0685159936547279,0.0196739076981352,202107,226,3
ETER3,202112,-0.251431137177479,0.0742728412151337,0.0196739076981352,202107,226,4
EUCA4,202112,-0.0249717196721523,0.0645681843161583,0.0196739076981352,202107,226,2
EVEN3,202112,-0.0500758252035381,0.0700195878744125,0.0196739076981352,202107,226,3
EZTC3,202112,-0.0899756710360694,0.0715733096003532,0.0196739076981352,202107,226,3
FESA4,202112,-0.0585205269499677,0.0752315521240234,0.0196739076981352,202107,226,4
FHER3,202112,-0.034839481097366,0.0789163634181023,0.0196739076981352,202107,226,5
FLRY3,202112,-0.00333543868578967,0.0749089494347572,0.0196739076981352,202107,226,4
FRAS3,202112,-0.0861451645277387,0.071584515273571,0.0196739076981352,202107,226,3
GEPA4,202112,-0.0422959604809161,0.0761949494481087,0.0196739076981352,202107,226,4
GFSA3,202112,-0.134328376468736,0.106038793921471,0.0196739076981352,202107,226,5
GGBR3,202112,0.0191365889310624,0.0354638621211052,0.0196739076981352,202107,226,1
GGBR4,202112,0.0374171727679995,0.0713865906000137,0.0196739076981352,202107,226,3
GMAT3,202112,-0.0447760804421072,0.0738920122385025,0.0196739076981352,202107,226,4
GOAU3,202112,-0.00658520319329403,0.0525482520461083,0.0196739076981352,202107,226,1
GOAU4,202112,0.0316344065505803,0.0710923299193382,0.0196739076981352,202107,226,3
GRND3,202112,-0.0462427788596012,0.068983867764473,0.0196739076981352,202107,226,3
HAPV3,202112,-0.00674375769003288,0.076991967856884,0.0196739076981352,202107,226,5
HBOR3,202112,-0.162393134080528,0.114345416426659,0.0196739076981352,202107,226,5
HBSA3,202112,-0.159420273830299,0.10678032040596,0.0196739076981352,202107,226,5
HYPE3,202112,-0.00955093977234822,0.0747855305671692,0.0196739076981352,202107,226,4
IGTI3,202112,0.142857243053839,0.0689510628581047,0.0196739076981352,202107,226,3
IRBR3,202112,-0.119402935857178,0.075891800224781,0.0196739076981352,202107,226,4
ITSA3,202112,0.0548391878147634,0.0615154020488262,0.0196739076981352,202107,226,2
ITSA4,202112,0.0828666267593781,0.069653794169426,0.0196739076981352,202107,226,3
ITUB3,202112,0.0879623121522051,0.0739750489592552,0.0196739076981352,202107,226,4
ITUB4,202112,0.122664813741312,0.0735806152224541,0.0196739076981352,202107,226,4
JHSF3,202112,-0.130824272554789,0.0635155737400055,0.0196739076981352,202107,226,2
JOPA3,202112,0,0.0469200648367405,0.0196739076981352,202107,226,1
JSLG3,202112,-0.100929678367763,0.0652809292078018,0.0196739076981352,202107,226,2
KEPL3,202112,-0.121103733924095,0.0653922334313393,0.0196739076981352,202107,226,2
KLBN11,202112,-0.0167188118696542,0.0687557607889175,0.0196739076981352,202107,226,3
LAVV3,202112,-0.0346821963575585,0.0753197520971298,0.0196739076981352,202107,226,4
LEVE3,202112,0.04015720047847,0.0691055580973625,0.0196739076981352,202107,226,3
LIGT3,202112,-0.110638303159316,0.0697682425379753,0.0196739076981352,202107,226,3
LJQQ3,202112,-0.184986665193581,0.115963786840439,0.0196739076981352,202107,226,5
LOGG3,202112,-0.0130487850776232,0.0662311464548111,0.0196739076981352,202107,226,2
LOGN3,202112,-0.0923728927939965,0.0692530870437622,0.0196739076981352,202107,226,3
LPSB3,202112,0.062780303711109,0.107917487621307,0.0196739076981352,202107,226,5
LREN3,202112,-0.0192308682309826,0.0686493739485741,0.0196739076981352,202107,226,3
LUPA3,202112,0.103383401532099,0.0586800314486027,0.0196739076981352,202107,226,1
LWSA3,202112,-0.362462031674767,0.110720247030258,0.0196739076981352,202107,226,5
MDIA3,202112,-0.0855237220540718,0.0637076497077942,0.0196739076981352,202107,226,2
MDNE3,202112,-0.00684928541248364,0.0727274417877197,0.0196739076981352,202107,226,4
MEAL3,202112,-0.106995877909675,0.0579730048775673,0.0196739076981352,202107,226,1
MELK3,202112,-0.0307694899615497,0.0620187148451805,0.0196739076981352,202107,226,2
MGLU3,202112,-0.123268700794322,0.133955091238022,0.0196739076981352,202107,226,5
MILS3,202112,-0.154929757511759,0.0558118931949139,0.0196739076981352,202107,226,1
MOVI3,202112,-0.110899845001719,0.0631359964609146,0.0196739076981352,202107,226,2
MRVE3,202112,-0.0758333103040739,0.0610976815223694,0.0196739076981352,202107,226,2
MTRE3,202112,-0.183990106851643,0.0589571669697762,0.0196739076981352,202107,226,1
MTSA4,202112,-0.0402732988425889,0.0675724446773529,0.0196739076981352,202107,226,2
MULT3,202112,-0.0122862279237009,0.0656713619828224,0.0196739076981352,202107,226,2
MYPK3,202112,-0.0156351890961577,0.0724738016724587,0.0196739076981352,202107,226,4
OFSA3,202112,-0.0768625870229699,0.0709927901625633,0.0196739076981352,202107,226,3
OIBR3,202112,-0.0526315789473685,0.112673059105873,0.0196739076981352,202107,226,5
OIBR4,202112,0,0.117017790675163,0.0196739076981352,202107,226,5
PETR3,202112,0.125732974621581,0.065218947827816,0.0196739076981352,202107,226,2
PETR4,202112,0.105448183886528,0.0690593048930168,0.0196739076981352,202107,226,3
PFRM3,202112,-0.167796518973085,0.0593074262142181,0.0196739076981352,202107,226,1
PGMN3,202112,-0.121925141704987,0.0737860649824143,0.0196739076981352,202107,226,4
PLPL3,202112,-0.0307691557609103,0.0986636579036713,0.0196739076981352,202107,226,5
PMAM3,202112,-0.120672537565195,0.0719816014170647,0.0196739076981352,202107,226,4
PNVL3,202112,-0.130630803912702,0.0700195878744125,0.0196739076981352,202107,226,3
POMO4,202112,0.0295077782251003,0.0417560711503029,0.0196739076981352,202107,226,1
POSI3,202112,-0.247706433902303,0.0794996470212936,0.0196739076981352,202107,226,5
PRIO3,202112,0.10788578748583,0.0767843797802925,0.0196739076981352,202107,226,4
PRNR3,202112,-0.133712741435726,0.0681546628475189,0.0196739076981352,202107,226,3
PSSA3,202112,-0.0745700383947302,0.0749657973647118,0.0196739076981352,202107,226,4
PTBL3,202112,-0.210580850017652,0.071374274790287,0.0196739076981352,202107,226,3
QUAL3,202112,-0.0573964107278695,0.0731488093733788,0.0196739076981352,202107,226,4
RADL3,202112,-0.135802637736663,0.074589416384697,0.0196739076981352,202107,226,4
RAIL3,202112,-0.0816440405919922,0.0676863938570023,0.0196739076981352,202107,226,3
RANI3,202112,-0.108695636832126,0.0603601895272732,0.0196739076981352,202107,226,1
RAPT3,202112,0.0167464770146013,0.0461059398949146,0.0196739076981352,202107,226,1
RAPT4,202112,0.0101195303704611,0.0587708614766598,0.0196739076981352,202107,226,1
RCSL3,202112,-0.307557141274229,0.0595287159085274,0.0196739076981352,202107,226,1
RCSL4,202112,-0.190140901354281,0.0578089840710163,0.0196739076981352,202107,226,1
RDOR3,202112,-0.0854339122156279,0.00678823888301849,0.0196739076981352,202107,226,1
RENT3,202112,-0.0326414225753044,0.0592682510614395,0.0196739076981352,202107,226,1
ROMI3,202112,-0.135796056123989,0.0700420215725899,0.0196739076981352,202107,226,3
RPAD3,202112,0,0.0479084067046642,0.0196739076981352,202107,226,1
SANB11,202112,0.0540180721650894,0.0613958090543747,0.0196739076981352,202107,226,2
SAPR11,202112,-0.0423261552095555,0.0663404688239098,0.0196739076981352,202107,226,2
SAPR4,202112,-0.0428527556520217,0.0631574615836144,0.0196739076981352,202107,226,2
SBFG3,202112,-0.0679696958657648,0.0587112493813038,0.0196739076981352,202107,226,1
SBSP3,202112,-0.126182166204141,0.0732136070728302,0.0196739076981352,202107,226,4
SCAR3,202112,-0.11669101177101,0.0630465596914291,0.0196739076981352,202107,226,2
SEER3,202112,-0.0648236001564851,0.0574821121990681,0.0196739076981352,202107,226,1
SEQL3,202112,-0.181046686038835,0.100764200091362,0.0196739076981352,202107,226,5
SHOW3,202112,-0.182305613301573,0.0786511301994324,0.0196739076981352,202107,226,5
SHUL4,202112,-0.015457810052306,0.0695444643497467,0.0196739076981352,202107,226,3
SIMH3,202112,-0.192637073269126,0.0652348548173904,0.0196739076981352,202107,226,2
SLCE3,202112,0.12247396304712,0.0742054805159569,0.0196739076981352,202107,226,4
SMTO3,202112,0.0360043850745058,0.0652087032794952,0.0196739076981352,202107,226,2
SUZB3,202112,0.0442522190793546,0.0696801394224167,0.0196739076981352,202107,226,3
SYNE3,202112,-0.0583332918170997,0.069900244474411,0.0196739076981352,202107,226,3
TAEE11,202112,-0.00661324278286413,0.0704435855150223,0.0196739076981352,202107,226,3
TAEE3,202112,-0.00660075999124044,0.051264401525259,0.0196739076981352,202107,226,1
TASA4,202112,-0.11394963695459,0.0577164702117443,0.0196739076981352,202107,226,1
TCSA3,202112,-0.240997205219029,0.119911462068558,0.0196739076981352,202107,226,5
TECN3,202112,-0.116379307327544,0.0350661389529705,0.0196739076981352,202107,226,1
TEND3,202112,-0.102932354549831,0.0696740821003914,0.0196739076981352,202107,226,3
TFCO4,202112,-0.143518694844663,0.0626011863350868,0.0196739076981352,202107,226,2
TGMA3,202112,-0.154830397329632,0.0733938589692116,0.0196739076981352,202107,226,4
TIMS3,202112,-0.0395437258320362,0.0788369327783585,0.0196739076981352,202107,226,5
TOTS3,202112,-0.120111712728433,0.0763517320156097,0.0196739076981352,202107,226,4
TPIS3,202112,-0.142180040610381,0.0963000506162643,0.0196739076981352,202107,226,5
TRIS3,202112,-0.0941178670586068,0.0637875646352768,0.0196739076981352,202107,226,2
TUPY3,202112,0.0240600176909478,0.0737151131033897,0.0196739076981352,202107,226,4
UGPA3,202112,-0.0949105677006826,0.0621128417551518,0.0196739076981352,202107,226,2
UNIP3,202112,-0.0962210024042875,0.0396056212484837,0.0196739076981352,202107,226,1
UNIP6,202112,-0.089403283185166,0.0815356001257896,0.0196739076981352,202107,226,5
USIM3,202112,0.0124051641970548,0.052586030215025,0.0196739076981352,202107,226,1
USIM5,202112,0.0850924811030884,0.0758243128657341,0.0196739076981352,202107,226,4
VALE3,202112,0.0863263380286961,0.0734007731080055,0.0196739076981352,202107,226,4
VBBR3,202112,-0.0733644002038492,0.0700578764081001,0.0196739076981352,202107,226,3
VIVA3,202112,-0.131289311015704,0.0744681432843208,0.0196739076981352,202107,226,4
VIVT3,202112,-0.0271840891686512,0.0659688711166382,0.0196739076981352,202107,226,2
VLID3,202112,-0.0468072312237989,0.0571718104183674,0.0196739076981352,202107,226,1
VULC3,202112,-0.0568929245738369,0.0155541393905878,0.0196739076981352,202107,226,1
WEGE3,202112,-0.069132590305001,0.0747214332222939,0.0196739076981352,202107,226,4
YDUQ3,202112,-0.080739416562322,0.0688173770904541,0.0196739076981352,202107,226,3
