ticker,ym,tercil_hhi,deg_avg_sub,eigen_cent_sub,n_tickers_subgrupo
ALPA3,201701,3,0.0879293333039311,0.760494215460118,73
BBAS3,201701,3,0.0010225057171598,0.00545150489508674,73
BRIN3,201701,3,0.0492880984104624,0.0875956670184828,73
BRIV3,201701,3,0.0976854918400629,0.503518638816029,73
BRKM3,201701,3,0.0471323407120572,0.0850820956632721,73
CAMB4,201701,3,0.0964629324886628,0.972843201976148,73
CCXC3,201701,3,0.0745132712897653,0.0787694350953245,73
CESP3,201701,3,0.0864950256891765,0.494267873103335,73
CGRA4,201701,3,0.0596505706170405,0.0890056257111126,73
COCE5,201701,3,0.000980754783106545,0.00848937028359713,73
CPFE3,201701,3,0.0025441992735616,0.00337560392616778,73
CPLE3,201701,3,0.0344024572832657,0.0172239949384438,73
CPRE3,201701,3,0.0475323267359824,0.0845440338912884,73
ENEV3,201701,3,0.00346342477548369,0.00948809423739131,73
ENGI4,201701,3,0.0879328843223959,0.760517756965725,73
ENMT3,201701,3,0.0880163838042929,0.761629784243589,73
ENMT4,201701,3,0.0880452010821534,0.761446418117305,73
EUCA4,201701,3,0.0318616596809999,0.0142779155007416,73
FESA4,201701,3,0.0683507223521959,0.19539643728724,73
GOAU3,201701,3,0.000959768925380292,0.00267134675451445,73
GPCP3,201701,3,0.0731346829417731,0.382727026235554,73
GRND3,201701,3,0.0598072827504626,0.34390061247292,73
GSHP3,201701,3,0.0338638364070588,0.007938489368028,73
GUAR4,201701,3,0.0947093756884694,0.546649523495358,73
HBOR3,201701,3,0.086510834038927,0.836366678399161,73
IGBR3,201701,3,0.0268890643413772,0.0254882777254319,73
INEP3,201701,3,0.0374748050144657,0.011164229718606,73
INEP4,201701,3,0.0338748292360764,0.00794832670716224,73
ITSA3,201701,3,0.0821187222729565,0.28626698965512,73
JHSF3,201701,3,0.0116084731964313,0.0381776124964638,73
KLBN3,201701,3,0.0167605450223721,0.00461676349179813,73
KLBN4,201701,3,0.0244183553497123,0.0115143893617038,73
LLIS3,201701,3,0.0745132712897653,0.0787694350953246,73
LPSB3,201701,3,0.000273753427994202,0.0012265831745133,73
LUPA3,201701,3,0.0660900399314352,0.086319881761553,73
MGEL4,201701,3,0.0757040907126183,0.0792621705574825,73
MILS3,201701,3,0.0391050675338323,0.00741045295630561,73
MMXM3,201701,3,0.0270113843575067,0.0255973324024539,73
OGXP3,201701,3,0.00713325244088455,0.00746701131914453,73
OIBR3,201701,3,0.131068515219244,0.949485075973896,73
OIBR4,201701,3,0.0990255591630162,1,73
OSXB3,201701,3,0.0745132712897653,0.0787694350953246,73
PARC3,201701,3,0.0904763773514913,0.757218120904302,73
PDGR3,201701,3,0.0012927147821483,0.00598176618398867,73
PINE4,201701,3,0.0220873787204357,0.0179193973344358,73
PMAM3,201701,3,0.0815526074247242,0.414066336154438,73
PNVL3,201701,3,0.0880390070962546,0.896433123974484,73
POMO3,201701,3,0.00430100405044969,0.00458935041135656,73
POSI3,201701,3,0.000221026870727435,0.000228043905305864,73
PRIO3,201701,3,0.0975467308054118,0.973735044931886,73
PRML3,201701,3,0.0293404879848429,0.0249583797845143,73
PTBL3,201701,3,0.0384940319633827,0.00386624204768742,73
RDNI3,201701,3,0.0548269317941313,0.011251238945656,73
REDE3,201701,3,0.087945061323119,0.760596260547941,73
REDE4,201701,3,0.0879525951144221,0.760634486139612,73
RPMG3,201701,3,0.00162909898679881,0.00460767061224978,73
RSID3,201701,3,0.0891218485882697,0.497513245165581,73
SEDU3,201701,3,0.0294746691194207,0.291271360046639,73
SEER3,201701,3,0.0396188146059289,0.00625412871313783,73
SGPS3,201701,3,0.0973717094314555,0.907807005702222,73
SHOW3,201701,3,0.0394258986465524,0.056152939475569,73
SLCE3,201701,3,0.0404863795661061,0.05436892358474,73
SLED4,201701,3,0.0169821906072188,0.0799362276226211,73
SNSL3,201701,3,0.0956565488201008,0.969504351882279,73
SSBR3,201701,3,0.0721979389850715,0.0924786341635266,73
TESA3,201701,3,0.00573668213576858,0.0309235745637736,73
TIET3,201701,3,0.00609487870261047,0.00110869297493251,73
TIET4,201701,3,0.00801696547156065,0.00284300614371891,73
TPIS3,201701,3,0.0281948108684345,0.0447760649071233,73
TRIS3,201701,3,0.0405728574636042,0.0209446682385968,73
UNIP3,201701,3,0.0757040907126183,0.0792621705574826,73
UNIP6,201701,3,0.0614553149866214,0.111496617691663,73
USIM3,201701,3,0.0991579110300215,0.963162525227538,73
ALPA3,201702,3,0.0864694806585989,0.796641641285277,73
BBAS3,201702,3,0.00100799278975583,0.00542297375781906,73
BPAC11,201702,3,0.000967931036851863,3.54181044828932e-05,73
BPHA3,201702,3,0.000110908431375027,1.49112807712503e-06,73
BRIN3,201702,3,0.0524607950572673,0.128151624824864,73
BRIV3,201702,3,0.101530878054884,0.721770335891575,73
BRKM3,201702,3,0.0481109198291183,0.115037005879168,73
CAMB4,201702,3,0.0909448513538558,0.870562493206836,73
CCXC3,201702,3,0.0847977709722046,0.243553615813542,73
CESP3,201702,3,0.0887539307665263,0.690698692702251,73
CGAS3,201702,3,0.0855260995934287,0.750437116404105,73
CGRA4,201702,3,0.0559295890046986,0.0778076480549817,73
COCE5,201702,3,0.000990151341423419,0.00682231050646806,73
CPFE3,201702,3,0.00255997836955464,0.00739552020714495,73
CPRE3,201702,3,0.0545117756219713,0.115399461038511,73
ENEV3,201702,3,0.0039752024731132,0.0127616435716112,73
ENGI3,201702,3,2.09885422701356e-05,1.02889000666884e-06,73
ENGI4,201702,3,0.0864775161425498,0.796701877148074,73
ENMT3,201702,3,0.086451372347224,0.796454908668539,73
ENMT4,201702,3,0.086546966917401,0.797182382227612,73
EUCA4,201702,3,0.018663341030805,0.0171330611631633,73
FESA4,201702,3,0.0561001855922861,0.101954985485565,73
GOAU3,201702,3,0.0014096156145985,0.00902242308924176,73
GPCP3,201702,3,0.077819373475903,0.528514265699623,73
GRND3,201702,3,0.0651868433066332,0.508066479578997,73
GUAR4,201702,3,0.0962942716816946,0.738679709420691,73
HBOR3,201702,3,0.0792679454104362,0.741661547407964,73
IGBR3,201702,3,0.0299505571075826,0.0284038433249677,73
INEP3,201702,3,0.0359347755447766,0.0268080276927189,73
INEP4,201702,3,0.0339763027838288,0.0220263676715332,73
ITSA3,201702,3,0.0877264509750455,0.390880647479934,73
JHSF3,201702,3,0.000239902817963144,0.00068821117641581,73
JOPA3,201702,3,0.086098388522775,0.24413095237321,73
KLBN3,201702,3,0.0328186581178219,0.0158305262804647,73
KLBN4,201702,3,0.0431917017694292,0.0420203874065466,73
LLIS3,201702,3,0.0847977709722046,0.243553615813542,73
LPSB3,201702,3,0.000293229547441616,0.00121335820423482,73
LUPA3,201702,3,0.0710867522110461,0.219689060214077,73
MGEL4,201702,3,0.086098388522775,0.24413095237321,73
MILS3,201702,3,0.0259033743115257,0.00830576900790726,73
MMXM3,201702,3,0.028472660855053,0.0247463583152056,73
OGXP3,201702,3,0.00440585452443985,0.0126801693439588,73
OIBR3,201702,3,0.12466598825196,1,73
OIBR4,201702,3,0.0947696912489929,0.905944874542826,73
OSXB3,201702,3,0.0847977709722046,0.243553615813542,73
PDGR3,201702,3,0.000359960106356891,0.00195457628550624,73
PINE4,201702,3,0.0217252002655554,0.0197777199901834,73
PMAM3,201702,3,0.0832459630299739,0.592114465326388,73
PNVL3,201702,3,0.0832518829199961,0.80064190182061,73
POMO3,201702,3,0.0401257803352842,0.0344519367348491,73
PRIO3,201702,3,0.0918814682210952,0.872846194164848,73
PRML3,201702,3,0.0292835532787137,0.0282816433714028,73
PTBL3,201702,3,0.0248084177616356,0.00360743949296508,73
RDNI3,201702,3,0.0357384132512157,0.012628338953726,73
REDE3,201702,3,0.0865041176305155,0.796897537719923,73
REDE4,201702,3,0.086517031445317,0.796977134986421,73
RSID3,201702,3,0.0902264474013918,0.694211753900214,73
SANB3,201702,3,0.0328186581178219,0.0158305262804647,73
SCAR3,201702,3,0.0385621365896694,0.0291609291392603,73
SEDU3,201702,3,0.0292162550195223,0.274489746964512,73
SGPS3,201702,3,0.0910621194990761,0.838225088959197,73
SHOW3,201702,3,0.0372474898746468,0.0452282182505281,73
SLED4,201702,3,0.00636471152212313,0.053025328088195,73
SNSL3,201702,3,0.0918034242093354,0.880851715646586,73
SSBR3,201702,3,0.0605919278218823,0.0732817338503017,73
TESA3,201702,3,0.00584396755695755,0.0434413856250665,73
TIET3,201702,3,0.00599207393080121,0.000584964438030795,73
TIET4,201702,3,0.00766228733098662,0.00463188621799397,73
TPIS3,201702,3,0.0126725856987315,0.0637685235078253,73
TRIS3,201702,3,0.039811150064739,0.0250717002124577,73
UNIP3,201702,3,0.086098388522775,0.24413095237321,73
UNIP6,201702,3,0.0567189400512007,0.100180617564937,73
USIM3,201702,3,0.0937788184282841,0.875726512760657,73
ALPA3,201703,3,0.067030567712371,0.072861348314342,71
BBAS3,201703,3,0.000859861907443231,0.00196563130392588,71
BBRK3,201703,3,0.0194850905694069,0.00869706841459617,71
BPAC11,201703,3,0.0069552761825804,0.00708943144948326,71
BPHA3,201703,3,0.0127532892538062,0.00126451510302163,71
BRGE3,201703,3,0.0782636338082473,0.129708636476412,71
BRIV3,201703,3,0.107416200380079,1,71
BRKM3,201703,3,0.036589689499382,0.114386837664463,71
CAMB4,201703,3,0.077761397686801,0.220493247397559,71
CESP3,201703,3,0.0968758728214142,0.984854596602085,71
CGAS3,201703,3,0.0656909269554352,0.0759741479142701,71
CGRA4,201703,3,0.0724861814940674,0.0713192858349108,71
CLSC4,201703,3,0.0416331412498388,0.0277284012727313,71
COCE5,201703,3,0.000979641297666427,0.00169197059085698,71
CPFE3,201703,3,0.00455424429894408,0.00699230660313696,71
CPRE3,201703,3,0.0471045516125813,0.112167040641437,71
CRIV3,201703,3,0.0782636338082473,0.129708636476412,71
ENEV3,201703,3,0.00330459456751722,0.00814682959808776,71
ENGI3,201703,3,7.38121479321266e-06,3.33790119803035e-07,71
ENGI4,201703,3,0.0670374722861006,0.0728669431626713,71
ENMT3,201703,3,0.0672900265485841,0.0736831952253419,71
ENMT4,201703,3,0.0672161209469369,0.0731867121310671,71
EUCA4,201703,3,0.0228576854613293,0.0173396602098135,71
FESA4,201703,3,0.0865678158902685,0.0750469402245769,71
GPCP3,201703,3,0.084099085112474,0.774577029228681,71
GRND3,201703,3,0.0761910624768568,0.766208718717935,71
GUAR4,201703,3,0.102878136164411,0.972782961609602,71
HBOR3,201703,3,0.0667660194565587,0.189651277390928,71
INEP3,201703,3,0.0209016004284262,0.0168165249074637,71
ITSA3,201703,3,0.0885466618710963,0.509221660093166,71
JOPA3,201703,3,0.0782636338082473,0.129708636476412,71
KLBN3,201703,3,0.034932124569166,0.0109708803029183,71
KLBN4,201703,3,0.034932124569166,0.0109708803029183,71
LCAM3,201703,3,0.000820298512934373,0.00241656787795733,71
LOGN3,201703,3,0.000521967106607908,0.000134195354350643,71
LPSB3,201703,3,0.00018663363496679,0.000342462723986489,71
MAGG3,201703,3,0.0627184619173119,0.0611421922958865,71
MILS3,201703,3,0.0276617889725,0.00839988021988668,71
MPLU3,201703,3,0.00795382202623325,0.0186181739776188,71
OGXP3,201703,3,6.29329812395386e-06,4.8891948831967e-06,71
OIBR3,201703,3,0.126095255765138,0.987647406897928,71
PDGR3,201703,3,0.000657797346018036,0.0056069226907045,71
PFRM3,201703,3,0.00349219055892675,0.00503378061850621,71
PINE4,201703,3,0.023084068103119,0.0202029723803487,71
PMAM3,201703,3,0.100628095986196,0.997350734977134,71
PNVL3,201703,3,0.0764795068456917,0.205685234682919,71
POMO3,201703,3,0.0205176044222553,0.0218507934562086,71
PRIO3,201703,3,0.077761397686801,0.220493247397559,71
PRML3,201703,3,0.0314235595882341,0.0255654722963054,71
PTBL3,201703,3,0.0259351876440608,0.00360847614611319,71
RAPT3,201703,3,0.0786885663370215,0.130689840828022,71
RDNI3,201703,3,0.0380957442636923,0.0121306013318705,71
REDE3,201703,3,0.0734489062248666,0.0552999832558876,71
REDE4,201703,3,0.0552340618531087,0.0370064182195911,71
RPAD3,201703,3,0.0782636338082473,0.129708636476412,71
RSID3,201703,3,0.0977953716252199,0.988424503488814,71
SANB3,201703,3,0.034932124569166,0.0109708803029183,71
SCAR3,201703,3,0.0240270854826883,0.0220985417879987,71
SEDU3,201703,3,0.0254570111096372,0.0727056902489856,71
SGPS3,201703,3,0.0684959509210672,0.187641164865501,71
SHOW3,201703,3,0.0520322779214253,0.0505039245620099,71
SLED4,201703,3,0.0466543640411118,0.0370406239966358,71
SNSL3,201703,3,0.0773938428875208,0.227565829817417,71
SSBR3,201703,3,0.0751931842570509,0.0685116565708659,71
TESA3,201703,3,0.0122716670046856,0.121767775368056,71
TIET4,201703,3,0.000908125826379263,0.00192914636584195,71
TPIS3,201703,3,0.020590950056601,0.0717085582673295,71
TRIS3,201703,3,0.0361594781692748,0.0212517774602987,71
UNIP3,201703,3,0.0782636338082473,0.129708636476412,71
UNIP6,201703,3,0.0721332801076836,0.11243824695431,71
USIM3,201703,3,0.0748437489278728,0.220995659907183,71
BBAS3,201704,3,0.00109360515055872,0.0016413456338036,71
BPAC11,201704,3,0.0045778395727377,0.00307718407427216,71
BRGE3,201704,3,0.107879634932827,0.997822638620013,71
BRIV3,201704,3,0.106353265714048,0.266971556801292,71
BRKM3,201704,3,0.0369452314920121,0.023863957157625,71
CAMB4,201704,3,0.0966892042906503,0.0817936827419174,71
CARD3,201704,3,0.0604302094107733,0.0184957264601484,71
CESP3,201704,3,0.0906716813334494,0.136985627931077,71
CGAS3,201704,3,0.0549217199534404,0.0850045215429688,71
CGRA3,201704,3,0.112446445156115,1,71
CGRA4,201704,3,0.0749185069097216,0.105890165055158,71
CLSC4,201704,3,0.0535930556898138,0.0152080988481445,71
COCE5,201704,3,0.00100864484546552,0.000666799569083805,71
CPFE3,201704,3,0.00890656437661252,0.0356963099127281,71
CPLE3,201704,3,0.0416314707641601,0.0972229910742298,71
CPRE3,201704,3,0.0358453998372224,0.0236820875155962,71
CRIV3,201704,3,0.107879634932827,0.997822638620013,71
CTNM4,201704,3,0.108958383962554,0.997576952614436,71
ENEV3,201704,3,0.00325636709470966,0.0017698052442602,71
ENGI3,201704,3,6.97026450447167e-06,1.27336857288805e-06,71
ENGI4,201704,3,0.0523652688358896,0.0227582011271031,71
ENMT3,201704,3,0.0527604127730272,0.0230374496686124,71
ENMT4,201704,3,0.0525811044295056,0.0228577306561986,71
EUCA4,201704,3,0.0389028029095004,0.0904012554667477,71
FESA4,201704,3,0.0934804867668614,0.0695928727324913,71
GOAU3,201704,3,0.00382761602460284,0.0022083236810643,71
GRND3,201704,3,0.0712411769490932,0.122961214661089,71
GUAR4,201704,3,0.0963561734461914,0.141281532783383,71
HBOR3,201704,3,0.085528049010617,0.0770858690151334,71
INEP3,201704,3,0.0204482608394821,0.0515474090920506,71
ITSA3,201704,3,0.105887898026482,0.100129856075424,71
ITUB3,201704,3,0.0921700387731596,0.131799991465734,71
JHSF3,201704,3,0.00760168046968468,0.00438805398448679,71
JOPA3,201704,3,0.107879634932827,0.997822638620013,71
LCAM3,201704,3,0.000703634451657858,0.000223234863944933,71
LOGN3,201704,3,0.000876119007045576,0.000110651807645647,71
LPSB3,201704,3,0.000202370355169584,0.000162644230690017,71
MILS3,201704,3,0.0267694716518943,0.0116649865579658,71
OGXP3,201704,3,2.23304022270982e-06,1.07075797918486e-05,71
OIBR3,201704,3,0.136516350732468,0.162890443733462,71
OIBR4,201704,3,0.103504874570769,0.0888820577678299,71
PDGR3,201704,3,0.000648589912401871,0.000627060805587068,71
PFRM3,201704,3,0.00687686252595135,0.0022019201530937,71
PINE4,201704,3,0.0150118229336346,0.00131464398599117,71
PMAM3,201704,3,0.0958944106800686,0.114405955734075,71
PNVL3,201704,3,0.100584308556052,0.0824519484508747,71
PNVL4,201704,3,0.0897365951796194,0.114321496046811,71
POMO3,201704,3,0.0141687906850365,0.00400138858273814,71
PRIO3,201704,3,0.0966892042906503,0.0817936827419177,71
PRML3,201704,3,0.0198948807014088,0.00344253758600272,71
PTBL3,201704,3,0.0256913546848263,0.0124985744176532,71
RAPT3,201704,3,0.108277436783465,0.997940716441703,71
RDNI3,201704,3,0.0493012365672213,0.0670236555824772,71
REDE3,201704,3,0.078958370542082,0.023544007424073,71
REDE4,201704,3,0.0669859805645123,0.0188805044872689,71
ROMI3,201704,3,0.00452758996687814,0.006780528676428,71
RPAD3,201704,3,0.107879634932827,0.997822638620013,71
RSID3,201704,3,0.0916230537230415,0.135318321284333,71
SEDU3,201704,3,0.0309958922875368,0.0263009954302167,71
SGPS3,201704,3,0.0805159338027106,0.0651762445263726,71
SHOW3,201704,3,0.0610452157482608,0.0622255291523176,71
SLED4,201704,3,0.0619356895694867,0.0174422215941513,71
SNSL3,201704,3,0.0988584954199559,0.0848555534682383,71
SSBR3,201704,3,0.0842029706608869,0.108796577504723,71
TESA3,201704,3,0.00962120230706592,0.0143978468136832,71
TIET4,201704,3,0.00100040454510814,0.000240419606016542,71
TPIS3,201704,3,0.0160379226533328,0.000980654892252618,71
TRIS3,201704,3,0.0164599105690382,0.0136476096346202,71
UNIP3,201704,3,0.107879634932827,0.997822638620013,71
UNIP6,201704,3,0.0719692188967365,0.0735689034426156,71
USIM3,201704,3,0.0963844903631506,0.0829451408054513,71
ALUP3,201705,3,0.0149023559293002,0.00201984070048198,70
ALUP4,201705,3,0.015107651317999,0.00237537580253203,70
BBAS3,201705,3,0.00124914102249795,0.00771947491561727,70
BBTG11,201705,3,0.0304366786668734,0.136947901031786,70
BPAC11,201705,3,0.0251727688282251,0.101801215320824,70
BRAP3,201705,3,0.12786512137932,1,70
BRGE3,201705,3,0.108749590407336,0.843413874917843,70
BRIV3,201705,3,0.114731218985679,0.660733763904078,70
BRKM3,201705,3,0.0288101830367804,0.0684912946259037,70
CAMB4,201705,3,0.115257605164505,0.912275904813,70
CARD3,201705,3,0.0355612015238847,0.0539640084256868,70
CESP3,201705,3,0.0992045813268488,0.552633206285319,70
CGAS3,201705,3,0.0625816874585786,0.142793988379626,70
CGRA3,201705,3,0.114058322078041,0.856511919963398,70
CGRA4,201705,3,0.0889409544528773,0.295368901887921,70
CLSC4,201705,3,0.0329217458943629,0.0449765582058675,70
COCE5,201705,3,0.00284529767980091,0.0211038146117043,70
CPFE3,201705,3,0.00902904239163856,0.0465411941309189,70
CPRE3,201705,3,0.0281031304715052,0.0684022763342737,70
CRIV3,201705,3,0.108749590407336,0.843413874917843,70
CTNM4,201705,3,0.109523114800344,0.843208954135977,70
ENEV3,201705,3,0.0023925076433368,0.00494260192090591,70
ENGI4,201705,3,0.0605345329370605,0.0915320963096921,70
ENMT3,201705,3,0.0606217294946145,0.0933159101102592,70
ENMT4,201705,3,0.0606480819578107,0.0920612041794619,70
EUCA4,201705,3,0.0238561794516066,0.0718482609010219,70
FESA4,201705,3,0.0975637771601045,0.275936862763578,70
FRAS3,201705,3,0.000107859662355742,2.88011065348556e-05,70
GRND3,201705,3,0.0766160664235425,0.436511072969479,70
GUAR4,201705,3,0.100034620422983,0.554263500128359,70
HBOR3,201705,3,0.0974852810766677,0.755569003785113,70
INEP3,201705,3,0.0119752715795814,0.0422853116246428,70
ITSA3,201705,3,0.137261176793258,0.561397031220286,70
ITUB3,201705,3,0.10534521052926,0.584015339576246,70
JHSF3,201705,3,0.0081280373127038,0.023256852193234,70
JOPA3,201705,3,0.108749590407337,0.843413874917844,70
KLBN4,201705,3,0.00197214861950492,0.0138639428665087,70
LCAM3,201705,3,0.000676056401841642,0.000379360328392368,70
LOGN3,201705,3,0.000719729985591002,0.000497618742918362,70
LPSB3,201705,3,0.00015072309557617,0.000865756578151957,70
OGXP3,201705,3,0.000491400756228359,0.000706071885719742,70
OIBR3,201705,3,0.135964260959916,0.826008323356875,70
OIBR4,201705,3,0.120720913279946,0.951329405746902,70
PDGR3,201705,3,0.000522065769928282,0.00285167351627187,70
PFRM3,201705,3,0.00654102988139201,0.0173338945944069,70
PMAM3,201705,3,0.105178224856755,0.557090773592883,70
PNVL3,201705,3,0.116510040609157,0.884395464743538,70
PNVL4,201705,3,0.108051925468054,0.846906108037052,70
POMO3,201705,3,0.0809294631850592,0.24780483315823,70
PRIO3,201705,3,0.113100624916292,0.891661408393495,70
PRML3,201705,3,0.0248155513116186,0.0139594306516032,70
PTBL3,201705,3,0.0126075011935966,0.00970233442909307,70
RAPT3,201705,3,0.109077806799769,0.843900485424848,70
RDNI3,201705,3,0.0293828161675647,0.0513536526768903,70
REDE4,201705,3,0.0605736478431016,0.0915228894076001,70
ROMI3,201705,3,0.00493739664968549,0.0195679313827171,70
RPAD3,201705,3,0.108749590407337,0.843413874917843,70
RSID3,201705,3,0.0983970722863824,0.533312838659526,70
SEDU3,201705,3,0.0322603415690653,0.255649388687952,70
SGPS3,201705,3,0.110068786001227,0.876208054801798,70
SHOW3,201705,3,0.0817979403278151,0.258921145796732,70
SLED4,201705,3,0.0383625215423042,0.0719428713506713,70
SNSL3,201705,3,0.121645106282087,0.958936146142559,70
SSBR3,201705,3,0.0890312702204139,0.266433066974933,70
TESA3,201705,3,0.0120787383589011,0.0653639293039825,70
TPIS3,201705,3,0.0104192807519756,0.00294229907443361,70
TRIS3,201705,3,0.0241809897617053,0.014027257821222,70
UNIP3,201705,3,0.108749590407337,0.843413874917843,70
UNIP6,201705,3,0.0876631537752041,0.287874289129391,70
USIM3,201705,3,0.11579382179908,0.913096324834414,70
BBAS3,201706,3,0.0015153310970036,0.00232980042539661,69
BBTG11,201706,3,0.0298580504082687,0.0206756438892932,69
BPAC11,201706,3,0.0243181399188027,0.0137434399967564,69
BRAP3,201706,3,0.119237753720274,0.164617532950498,69
BRGE3,201706,3,0.112216682674624,0.998529381128994,69
BRIV3,201706,3,0.115504911399701,0.365956076871534,69
BRKM3,201706,3,0.00978916500809082,0.00960747135825684,69
CAMB4,201706,3,0.102303908021491,0.114742434989463,69
CARD3,201706,3,0.0380184387872194,0.0129183693250134,69
CESP3,201706,3,0.0983292670747876,0.2250595530464,69
CGAS3,201706,3,0.0758936688420441,0.103308960981253,69
CGRA3,201706,3,0.116680432547868,1,69
CGRA4,201706,3,0.0770722820943385,0.0920271491480875,69
CLSC4,201706,3,0.034351938181897,0.0104655683632294,69
COCE5,201706,3,0.00392795420297866,0.00430496788348128,69
CPFE3,201706,3,0.0121101424526718,0.0367782794468703,69
CRIV3,201706,3,0.112216682674624,0.998529381128993,69
CTNM4,201706,3,0.112928031081438,0.998270111036515,69
ENEV3,201706,3,0.00146343627518631,0.000761290834097963,69
ENGI4,201706,3,0.0746773003941695,0.0463790584133819,69
ENMT3,201706,3,0.0746256628314837,0.0464249159824044,69
ENMT4,201706,3,0.0747400884614707,0.0464108629736568,69
EUCA4,201706,3,0.0222083888333821,0.0751832735792341,69
FESA4,201706,3,0.0876654789074447,0.0530660088371074,69
FRAS3,201706,3,0.000262081669657869,8.96950574404939e-05,69
GFSA3,201706,3,0.0211732489632134,0.00610278402097967,69
GOAU3,201706,3,0.00460757112756456,0.00515911305670585,69
GRND3,201706,3,0.0750521693199135,0.187526895202722,69
GUAR4,201706,3,0.103022749190147,0.229700933139384,69
HBOR3,201706,3,0.0811111409023173,0.0916398601760882,69
INEP3,201706,3,0.0124395897418549,0.050596469221923,69
ITUB3,201706,3,0.101623590805263,0.223598449671519,69
JHSF3,201706,3,0.0114549511846008,0.00844859374308378,69
JOPA3,201706,3,0.112216682674624,0.998529381128993,69
KLBN4,201706,3,0.0165251683656037,0.0158622706126945,69
LCAM3,201706,3,0.0133756408841959,0.000807717137500349,69
LOGN3,201706,3,0.000740972241766071,0.000129600376927289,69
LPSB3,201706,3,0.000182258392216307,0.000152861755709812,69
MMXM3,201706,3,0.0165251683656037,0.0158622706126945,69
OIBR3,201706,3,0.127211343482181,0.249945361069395,69
OIBR4,201706,3,0.112136895101217,0.126468561337412,69
PDGR3,201706,3,0.000468859300130035,0.00105203789786972,69
PFRM3,201706,3,0.00561611618178438,0.0024533632870408,69
PMAM3,201706,3,0.100954097162303,0.223430017815226,69
PNVL3,201706,3,0.100124130782864,0.106843732313646,69
POMO3,201706,3,0.0688823063776956,0.0540659085756753,69
PRIO3,201706,3,0.102303908021491,0.114742434989463,69
PRML3,201706,3,0.0119955246111926,0.0019538319871398,69
PTBL3,201706,3,0.0142463070359795,0.00662074224932885,69
RAPT3,201706,3,0.112390733748918,0.998573972498976,69
RDNI3,201706,3,0.0277823036976692,0.0468860726236071,69
REDE4,201706,3,0.0747033304113986,0.0463778926944595,69
RLOG3,201706,3,0.0821022578337892,0.0742948161960876,69
ROMI3,201706,3,0.00423742442205198,0.00782342984978281,69
RPAD3,201706,3,0.112216682674624,0.998529381128993,69
RSID3,201706,3,0.0985223021634801,0.214818026792753,69
SANB4,201706,3,0.0253327842863694,0.131341121989892,69
SEDU3,201706,3,0.0298936609445113,0.0336239845230237,69
SGPS3,201706,3,0.0972644897079873,0.10970612476674,69
SHOW3,201706,3,0.0700237277364426,0.0557188293318361,69
SLED4,201706,3,0.0365495641360557,0.0123770575557512,69
SNSL3,201706,3,0.11056384776875,0.124619278193425,69
SSBR3,201706,3,0.0782368113312871,0.0798178096255247,69
TESA3,201706,3,0.0119900911310571,0.0273494241370723,69
TPIS3,201706,3,0.0142445739867867,0.00124333563317532,69
TRIS3,201706,3,0.0136767174934295,0.00702282038202641,69
UNIP3,201706,3,0.112216682674624,0.998529381128994,69
UNIP6,201706,3,0.0751947005835476,0.0658644450498364,69
USIM3,201706,3,0.107233244093493,0.120999993083866,69
BBAS3,201707,3,0.00195373510697951,0.00901473170362816,68
BBRK3,201707,3,0.0255762173601533,0.0784462949613024,68
BBTG11,201707,3,0.0309315632821881,0.0958451743127753,68
BPAC11,201707,3,0.040152182245815,0.171338120226995,68
BRAP3,201707,3,0.126349246683081,0.975368647230371,68
BRGE3,201707,3,0.0985944649401345,0.31873055645745,68
BRIV3,201707,3,0.117173844029761,0.810948499348678,68
BRKM3,201707,3,0.0106603299610526,0.033744391401019,68
CAMB4,201707,3,0.107801744883489,0.873345306344189,68
CARD3,201707,3,0.0590836951293163,0.079100491832339,68
CESP3,201707,3,0.0999293158709799,0.768202659388364,68
CGAS3,201707,3,0.0551996918754929,0.100132256379943,68
CGRA4,201707,3,0.0674537878048265,0.0728983634455942,68
CLSC4,201707,3,0.0566669225151009,0.063888111822228,68
COCE5,201707,3,0.00449055572138825,0.0348188042594137,68
CPFE3,201707,3,0.0141907955019634,0.0199143960325078,68
CRIV3,201707,3,0.0985944649401346,0.31873055645745,68
CTNM4,201707,3,0.0992338175940133,0.31870677628355,68
ENEV3,201707,3,0.00147546622986789,0.00293204112954722,68
ENGI4,201707,3,0.0494156575933291,0.069075811089251,68
ENMT3,201707,3,0.0495337169467875,0.0706082829011104,68
ENMT4,201707,3,0.0495093846698223,0.0694889364243231,68
EUCA4,201707,3,0.0228095407064452,0.0242771558814019,68
FESA4,201707,3,0.0679623660403685,0.146855105716475,68
FRAS3,201707,3,0.0151391728552443,0.000169909879704102,68
GFSA3,201707,3,0.00632996725597413,0.0211466554598012,68
GOAU3,201707,3,0.0111406211748338,0.0163224982777307,68
GRND3,201707,3,0.0757864491691527,0.582283353055832,68
GUAR4,201707,3,0.10245972562929,0.770784595092654,68
HBOR3,201707,3,0.0926191873791144,0.733168302448236,68
INEP3,201707,3,0.0125092401905782,0.0192034222841358,68
ITUB3,201707,3,0.103337822276702,0.777446989480712,68
JHSF3,201707,3,0.0080275993984276,0.0263668788647118,68
JOPA3,201707,3,0.0985944649401345,0.31873055645745,68
JSLG3,201707,3,0.0150400516386335,0.000174973275997469,68
LOGN3,201707,3,0.0010029369664217,0.000646892666030623,68
LPSB3,201707,3,0.000214439156211334,0.00101715109825993,68
MAGG3,201707,3,0.00370030833693116,0.00401164668482836,68
OGXP3,201707,3,1.32899830281954e-05,1.51943185302646e-05,68
OIBR3,201707,3,0.131767189720395,1,68
OIBR4,201707,3,0.120013700924378,0.969958130099999,68
PFRM3,201707,3,0.0147187363133754,0.0288771912003078,68
PMAM3,201707,3,0.100008388194042,0.743386469680523,68
PNVL3,201707,3,0.114616669371304,0.858141913107343,68
POMO3,201707,3,0.0582162969126647,0.047848159391515,68
PRIO3,201707,3,0.10780174488349,0.87334530634419,68
PRML3,201707,3,0.0131144331090708,0.0159914145350172,68
PTBL3,201707,3,0.0130281650430358,0.00451768435175108,68
RAPT3,201707,3,0.0987562218756715,0.318945920378321,68
RDNI3,201707,3,0.0290367222244053,0.016866123480283,68
REDE3,201707,3,0.0683650577076622,0.083252285317332,68
ROMI3,201707,3,0.00625900040199739,0.0143786329422828,68
RPAD3,201707,3,0.0985944649401345,0.31873055645745,68
RSID3,201707,3,0.101209546743076,0.750313581471159,68
SANB4,201707,3,0.0194699221672114,0.0666460622679657,68
SEDU3,201707,3,0.0326399389612589,0.266568734006551,68
SGPS3,201707,3,0.0850575714804596,0.705443710987519,68
SHOW3,201707,3,0.0614749203094511,0.0655096469218539,68
SLED4,201707,3,0.0605417364835305,0.0958408143965847,68
SNSL3,201707,3,0.118716278400752,0.958822369969254,68
SSBR3,201707,3,0.0702930569788935,0.0687127129812983,68
TECN3,201707,3,0.0908156063672004,0.71777893099748,68
TESA3,201707,3,0.0139819906521996,0.104837603316121,68
TPIS3,201707,3,0.016331537033914,0.00566326531184407,68
TRIS3,201707,3,0.016168141944311,0.00891375979504681,68
UNIP3,201707,3,0.0992455713849814,0.319154613171069,68
UNIP6,201707,3,0.0684954450803234,0.111013617100367,68
USIM3,201707,3,0.114235083877371,0.920934411873959,68
BBAS3,201708,3,0.00227333893688118,0.0103565508004039,68
BBRK3,201708,3,0.0220917662894248,0.0753799145983233,68
BRAP3,201708,3,0.128750312770811,0.888134610619649,68
BRGE3,201708,3,0.0987902318503561,0.245826130206933,68
BRIV3,201708,3,0.123057732412953,0.83976469544117,68
BRKM3,201708,3,0.0224317376606592,0.122208299992302,68
CAMB4,201708,3,0.111980931274828,0.79913181420105,68
CARD3,201708,3,0.0593168211840985,0.0881092726623367,68
CELP3,201708,3,0.023280650001665,0.0888415793907034,68
CESP3,201708,3,0.105308217697437,0.809029908758559,68
CGAS3,201708,3,0.0724721756635274,0.171582114565092,68
CGRA4,201708,3,0.0683652529727284,0.0623926785937862,68
CLSC4,201708,3,0.0506256100625943,0.0497476573938637,68
CMIG3,201708,3,0.0398652037993024,0.0834905218098594,68
COCE5,201708,3,0.00567110105770192,0.0400429086402076,68
CPFE3,201708,3,0.0187681508039063,0.0207878867126267,68
CRIV3,201708,3,0.0987902318503561,0.245826130206932,68
CTNM4,201708,3,0.0993914587791472,0.245819119857466,68
ENEV3,201708,3,0.00207548552015504,0.00806353028721335,68
ENGI4,201708,3,0.0700493979958174,0.158883871676401,68
ENMT3,201708,3,0.0700868569146613,0.159925345188374,68
ENMT4,201708,3,0.0701015194436453,0.159161879633463,68
EUCA4,201708,3,0.0227666229276462,0.0228512810992792,68
FESA4,201708,3,0.0494407967748794,0.107808888845706,68
FRAS3,201708,3,0.0155368441926056,0.000142134094653931,68
GOAU3,201708,3,0.0329311698287435,0.0200897193143935,68
GRND3,201708,3,0.0831520376411452,0.634661542994327,68
GUAR4,201708,3,0.106526025520193,0.811407198596208,68
HBOR3,201708,3,0.116754879973836,0.645179522330186,68
INEP3,201708,3,0.0127274560648717,0.0156009566104912,68
ITSA3,201708,3,0.119415805211242,0.77192476339976,68
ITUB3,201708,3,0.1090756651379,0.817824616483457,68
JHSF3,201708,3,0.00407624728074994,0.0225326660316375,68
JOPA3,201708,3,0.0987902318503561,0.245826130206932,68
JSLG3,201708,3,0.0152351915975801,0.000625116425677901,68
LOGN3,201708,3,0.00335875675144083,0.00307332740230411,68
LPSB3,201708,3,0.00043777155147728,0.0012118107697499,68
OGXP3,201708,3,1.04960049480564e-05,1.55279741946738e-05,68
OIBR3,201708,3,0.135515022897932,1,68
OIBR4,201708,3,0.124509206506492,0.885834127622264,68
PFRM3,201708,3,0.0379173737171748,0.0584622988236685,68
PMAM3,201708,3,0.106535516983436,0.79326580888802,68
PNVL3,201708,3,0.115213092206678,0.770167276917093,68
POMO3,201708,3,0.00521612914555753,0.00663780711549233,68
PRIO3,201708,3,0.111985427893335,0.798999400520336,68
PRML3,201708,3,0.00954841386672811,0.0460481258212298,68
PTBL3,201708,3,0.0140179777871168,0.00384356608593625,68
RAPT3,201708,3,0.099023522826273,0.246609660780452,68
RDNI3,201708,3,0.029331183443046,0.0160264578293873,68
REDE3,201708,3,0.0705193992391344,0.159327584460623,68
ROMI3,201708,3,0.0183898033581151,0.0258816772758394,68
RPAD3,201708,3,0.0987902318503561,0.245826130206932,68
RSID3,201708,3,0.105375691740484,0.795540067337342,68
SEDU3,201708,3,0.0355327674777466,0.248052010249751,68
SGPS3,201708,3,0.0952932515460213,0.615997006547679,68
SHOW3,201708,3,0.0661189236916856,0.0599206638147786,68
SLED4,201708,3,0.0434875160332126,0.0692829296621957,68
SNSL3,201708,3,0.123140971974917,0.874392358082174,68
SSBR3,201708,3,0.0727188805446809,0.0618103085625564,68
TECN3,201708,3,0.0934976412841064,0.580679388111589,68
TESA3,201708,3,0.0157061758744329,0.118267629497274,68
TPIS3,201708,3,0.0283861968343557,0.032663927042553,68
TRIS3,201708,3,0.0142569383848772,0.0100294438046068,68
UCAS3,201708,3,0.0690378571237319,0.0516984509497502,68
UNIP3,201708,3,0.0987902318503561,0.245826130206933,68
UNIP6,201708,3,0.0720548433322494,0.112889467151586,68
USIM3,201708,3,0.121954748421355,0.867218640634374,68
VALE5,201708,3,0.0377733560155817,0.0422208613760393,68
AGRO3,201709,3,0.0582297978362397,0.0686369944977892,74
ALPA3,201709,3,0.0748593866394325,0.070284881854527,74
ALUP3,201709,3,0.0412080323454309,0.298538509884536,74
ALUP4,201709,3,0.0846367471479615,0.595095533235267,74
BBAS3,201709,3,0.00649597750127499,0.0114559729653778,74
BEEF3,201709,3,0.00283426522020053,0.00700095237374984,74
BPHA3,201709,3,1.00330614159844e-06,1.02391159143257e-06,74
BRGE3,201709,3,0.0938808827809456,0.0519224605848532,74
BRIV3,201709,3,0.0998465571735001,0.131847313156549,74
BRKM3,201709,3,0.00638263075617027,0.00835167176228139,74
CAMB4,201709,3,0.104514223838585,0.741225783856108,74
CARD3,201709,3,0.0811258387633697,0.0731669015182922,74
CESP3,201709,3,0.0818639768871809,0.124297394611543,74
CGAS3,201709,3,0.0744275889923139,0.0730843649429463,74
CGRA4,201709,3,0.0577965632883883,0.0812804432254566,74
CLSC4,201709,3,0.0376854549029679,0.0363904706114066,74
COCE5,201709,3,0.0053396307011849,0.0357019532476029,74
CPFE3,201709,3,0.00716603254403334,0.00408864176069909,74
CRIV3,201709,3,0.0938808827809456,0.0519224605848532,74
CTNM4,201709,3,0.0946134471092712,0.0519260252071534,74
ENEV3,201709,3,0.00115893063151542,0.00133041273821611,74
ENGI4,201709,3,0.0748936648800576,0.0702498938021257,74
ENMT3,201709,3,0.0749721194667306,0.0718740442852305,74
ENMT4,201709,3,0.0749305257647757,0.07065809988602,74
ETER3,201709,3,0.078264420999898,0.0600761668172167,74
EUCA4,201709,3,0.0239878537777446,0.0110986368368065,74
FESA4,201709,3,0.0493884196343565,0.0939925528240247,74
FRAS3,201709,3,0.000961985153866838,1.77238559271552e-05,74
GGBR3,201709,3,0.098120707282057,0.743220452600395,74
GUAR4,201709,3,0.0821911161454782,0.125931771505509,74
INEP3,201709,3,0.0180448301715471,0.00368384139817718,74
ITUB3,201709,3,0.0915194233639209,0.171251952528104,74
JOPA3,201709,3,0.0938808827809456,0.0519224605848529,74
KEPL3,201709,3,0.00478173167052644,0.0381910055249139,74
KLBN4,201709,3,0.0019919926221453,0.00086851789130237,74
LOGN3,201709,3,0.00879333940037403,0.00652408647996642,74
LPSB3,201709,3,0.00186244065909205,0.00249999010290984,74
OGXP3,201709,3,0.000136480700219856,3.496763135312e-05,74
OIBR3,201709,3,0.1129086806783,0.339838923534036,74
OIBR4,201709,3,0.124698576866344,0.888767025895685,74
PDGR3,201709,3,0.000489960999663881,0.000700356141251845,74
PFRM3,201709,3,0.0483449975214586,0.0635598452374842,74
PMAM3,201709,3,0.100896698956216,0.130338262799736,74
PNVL3,201709,3,0.14658922027373,1,74
POMO3,201709,3,0.00601349025321071,0.00156176807060379,74
POSI3,201709,3,0.0240079469242552,0.0226122392644424,74
PPLA11,201709,3,0.00107650823159696,0.000930315424354514,74
PRIO3,201709,3,0.104504456786291,0.741026973063754,74
PRML3,201709,3,0.0170098238287419,0.0555567891880145,74
PTBL3,201709,3,0.0132844863421709,0.00352095293596616,74
RAPT3,201709,3,0.0939717870000825,0.0519600586322471,74
RDNI3,201709,3,0.0296752809806883,0.00860362582951391,74
REDE3,201709,3,0.0753636662098394,0.0706646276177463,74
ROMI3,201709,3,0.0405874050924492,0.031837494700373,74
RPAD3,201709,3,0.0938808827809456,0.0519224605848529,74
RSID3,201709,3,0.0825020198699244,0.127738752442043,74
SGPS3,201709,3,0.0458090335110299,0.328406996439838,74
SHOW3,201709,3,0.0171134254873781,0.0413966301420449,74
SLED4,201709,3,0.0640275765618741,0.0657502987378718,74
SNSL3,201709,3,0.122248103279772,0.868848783520008,74
SSBR3,201709,3,0.0690353688888345,0.0827761572765749,74
TAEE3,201709,3,0.13197921373595,0.978504140873782,74
TAEE4,201709,3,0.13197921373595,0.978504140873782,74
TCSA3,201709,3,0.0964700745650694,0.382677267192188,74
TECN3,201709,3,0.134794993794312,0.867848700557226,74
TESA3,201709,3,0.012611223190146,0.0184064145712871,74
TPIS3,201709,3,0.067321611596931,0.0508759030010994,74
TRIS3,201709,3,0.0146345125549312,0.00317852881648319,74
UCAS3,201709,3,0.0683940036086193,0.0525333595558342,74
UNIP3,201709,3,0.0938808827809456,0.0519224605848531,74
UNIP6,201709,3,0.060595599179245,0.0961990484787145,74
USIM3,201709,3,0.124050305532769,0.881695526743326,74
VVAR3,201709,3,0.13197921373595,0.978504140873782,74
VVAR4,201709,3,0.13197921373595,0.978504140873782,74
AGRO3,201710,3,0.0731220880876644,0.15604661593056,71
ALPA3,201710,3,0.0787270692990668,0.121670092524567,71
ALUP3,201710,3,0.00193835421381611,0.00476817842272031,71
ALUP4,201710,3,0.0364553564298883,0.103112802800786,71
BBAS3,201710,3,0.00788928266048407,0.021878949033602,71
BEEF3,201710,3,0.00381445634647195,0.007428105091196,71
BRGE3,201710,3,0.0997606107641875,0.999390699977213,71
BRIN3,201710,3,0.0135838302477249,0.0347818794487993,71
BRIV3,201710,3,0.0929658578164497,0.417430789727592,71
CAMB4,201710,3,0.0970749454377755,0.312892275866263,71
CARD3,201710,3,0.0873211199742105,0.211130284810883,71
CESP3,201710,3,0.0735974662028578,0.239646224074279,71
CGAS3,201710,3,0.0860430928524339,0.182133087761338,71
CGRA4,201710,3,0.0753391085793937,0.178999031323599,71
CLSC4,201710,3,0.0453564384414526,0.107276525590066,71
COCE5,201710,3,0.00581664741185338,0.0184662729107506,71
CPFE3,201710,3,0.0140696531126738,0.0479473999812944,71
CRIV3,201710,3,0.0997606107641875,0.999390699977213,71
CTNM4,201710,3,0.100229772593268,0.999348280953926,71
ENGI4,201710,3,0.07875909178256,0.121690950662565,71
ENMT3,201710,3,0.0789454976782697,0.122547126114635,71
ENMT4,201710,3,0.0788320664884183,0.12193454052006,71
ETER3,201710,3,0.0965704259475653,0.247529656177782,71
EUCA4,201710,3,0.0268040011605771,0.076836889433824,71
FESA4,201710,3,0.0587286746313824,0.144647900071081,71
FRAS3,201710,3,0.000142910539480143,4.28799908480874e-05,71
GGBR3,201710,3,0.0666099824284027,0.218442017661359,71
GOAU3,201710,3,0.0155107402453815,0.0222382809325539,71
HBOR3,201710,3,0.0917203975763657,0.282861066935081,71
INEP3,201710,3,0.00971320903328151,0.0639540856643016,71
ITSA3,201710,3,0.0950509034814118,0.298369734507083,71
ITUB3,201710,3,0.083316942684653,0.259385236818799,71
JHSF3,201710,3,0.0282077484422573,0.0697646405350191,71
JOPA3,201710,3,0.0997606107641875,0.999390699977213,71
KEPL3,201710,3,0.00494740882649846,0.017365220082421,71
LOGN3,201710,3,0.00760575185456804,0.0190041729421225,71
LPSB3,201710,3,0.000963021191598173,0.00165519607564606,71
OIBR3,201710,3,0.0992444277154024,0.312581545532228,71
OIBR4,201710,3,0.107853032409384,0.349588724019873,71
PDGR3,201710,3,0.000369651847981814,0.00114017965022267,71
PFRM3,201710,3,0.0591350619265747,0.105715675206849,71
PMAM3,201710,3,0.0907303901333304,0.25953532892443,71
PNVL3,201710,3,0.11121453286661,0.329158286597215,71
POMO3,201710,3,0.00662539533089416,0.0167300831391994,71
POSI3,201710,3,0.0271600580331058,0.067453636716149,71
PPLA11,201710,3,0.0164240893044419,0.023497647526954,71
PRIO3,201710,3,0.0991866673638669,0.317405959962632,71
PRML3,201710,3,0.0199451704280341,0.0530718528499187,71
PTBL3,201710,3,0.0146569107575562,0.0235917125074933,71
RAPT3,201710,3,0.0998804897849049,0.999675339210272,71
RDNI3,201710,3,0.0316944278912552,0.0581317102681142,71
REDE3,201710,3,0.0796125460300765,0.12350650196869,71
ROMI3,201710,3,0.0475728875546404,0.107763703208245,71
RPAD3,201710,3,0.0997606107641876,0.999390699977213,71
RSID3,201710,3,0.078313733308334,0.242278163795596,71
SAPR3,201710,3,0.0809028197430323,0.174266727141641,71
SEDU3,201710,3,0.0144556418500056,0.0470787988404518,71
SGPS3,201710,3,0.0532604701494268,0.131178519328106,71
SHOW3,201710,3,0.0146518964768502,0.0388130132579791,71
SLED4,201710,3,0.0886810535866665,0.366279600929364,71
SNSL3,201710,3,0.104472489774534,0.334672875314074,71
SSBR3,201710,3,0.0822931954469722,0.198971761435176,71
TCSA3,201710,3,0.0964951410118488,0.256045168157715,71
TECN3,201710,3,0.0980377218098645,0.283747499299677,71
TESA3,201710,3,0.0124827841961358,0.0403118161629613,71
TPIS3,201710,3,0.0721476859032449,0.186667629432951,71
TRIS3,201710,3,0.00398388625909694,0.00457044451900238,71
UCAS3,201710,3,0.0746133002529818,0.193927458098256,71
UNIP3,201710,3,0.0999855705351132,1,71
UNIP6,201710,3,0.0766189104503514,0.168090589434641,71
USIM3,201710,3,0.107731303723009,0.344938933199766,71
AGRO3,201711,3,0.0591077737132222,0.120775557454482,73
ALPA3,201711,3,0.0766196970000463,0.134833858381016,73
ALUP3,201711,3,0.00260705646881665,0.0190347388859075,73
ALUP4,201711,3,0.0495556214725124,0.380013525328859,73
BBAS3,201711,3,0.00777049382632489,0.0226242438034795,73
BBTG11,201711,3,0.001401009128049,0.0026345029967102,73
BEEF3,201711,3,0.00691579829086042,0.0185186246271762,73
BRGE3,201711,3,0.0982956209171672,0.350487195071273,73
BRIN3,201711,3,0.0150051723880799,0.0492693665134186,73
BRIV3,201711,3,0.0950744127584138,0.333174105701759,73
CAMB4,201711,3,0.100437452613415,0.767288596698062,73
CARD3,201711,3,0.0835961967380379,0.228638565703971,73
CESP3,201711,3,0.0776360349381721,0.277494678145584,73
CGAS3,201711,3,0.0812828882753557,0.153601571967304,73
CGRA4,201711,3,0.0589173816364829,0.127897661506486,73
CLSC4,201711,3,0.0405038830927543,0.122756165381117,73
COCE5,201711,3,0.00715975655031631,0.0461421781185767,73
CPFE3,201711,3,0.00383072721756543,0.0113897195944216,73
CRIV3,201711,3,0.0982956209171672,0.350487195071273,73
CTNM4,201711,3,0.0987585662309189,0.35045324756718,73
ENGI4,201711,3,0.0766371386559764,0.134797379508494,73
ENMT3,201711,3,0.076569407511024,0.133967502981605,73
ENMT4,201711,3,0.0768160719886136,0.134811405133955,73
ETER3,201711,3,0.119903379431202,0.567916415999398,73
EUCA4,201711,3,0.0277610772811758,0.0414468868116391,73
FESA4,201711,3,0.0534469876988023,0.181962202364372,73
FRAS3,201711,3,4.3365540719026e-05,1.90732104997023e-05,73
GGBR3,201711,3,0.0830326487523392,0.689879112025025,73
GOAU3,201711,3,0.00191368568318634,0.0114556456772974,73
GUAR4,201711,3,0.0809778513047157,0.283053770632551,73
HBOR3,201711,3,0.114169201995133,0.883008632658276,73
INEP3,201711,3,0.00860899441129893,0.0218283549762768,73
ITSA3,201711,3,0.0891191855052939,0.540829873297106,73
ITUB3,201711,3,0.0876669281479997,0.329176302987844,73
JOPA3,201711,3,0.0982956209171672,0.350487195071273,73
LLIS3,201711,3,0.00125740959346951,0.00155653662287633,73
LOGN3,201711,3,0.00675222404526849,0.0181411937342074,73
LPSB3,201711,3,0.00128352777234648,0.0034079898841338,73
OGXP3,201711,3,0.000194013845864468,0.00036729262234558,73
OIBR3,201711,3,0.104737756648863,0.4757340886788,73
OIBR4,201711,3,0.115217155144471,0.880021134834525,73
PFRM3,201711,3,0.0541358129317696,0.108500844323108,73
PMAM3,201711,3,0.0805940308035431,0.260477181400547,73
PNVL3,201711,3,0.131530458181881,1,73
POMO3,201711,3,0.00962395452392261,0.0271857462052349,73
POSI3,201711,3,0.0234999881205486,0.0680233154011556,73
PPLA11,201711,3,0.00240620330286909,0.00336867593751779,73
PRIO3,201711,3,0.103309635356296,0.766532341805899,73
PRML3,201711,3,0.02486948441823,0.105693212139222,73
PTBL3,201711,3,0.0154765795717097,0.0207271199204368,73
RAPT3,201711,3,0.0985020242980437,0.351363840285113,73
RDNI3,201711,3,0.0312046803792261,0.0305431835863201,73
REDE3,201711,3,0.0774807430759712,0.136763869555357,73
ROMI3,201711,3,0.0475563768564655,0.135784768851009,73
RPAD3,201711,3,0.0982956209171672,0.350487195071273,73
RSID3,201711,3,0.0703975817871298,0.250669926908168,73
SAPR3,201711,3,0.00271909925628854,0.00210732404277707,73
SEDU3,201711,3,0.0148769865303289,0.115756211133551,73
SGPS3,201711,3,0.0581254911628166,0.452968405693689,73
SHOW3,201711,3,0.0155330941876113,0.0631349786305724,73
SLED4,201711,3,0.101181384320923,0.303185467475952,73
SMLE3,201711,3,0.0130984228110715,0.00121121717748065,73
SSBR3,201711,3,0.0684888411017056,0.138365288321968,73
TCSA3,201711,3,0.0839605496501691,0.324075802400522,73
TECN3,201711,3,0.118276446137453,0.839637782764184,73
TPIS3,201711,3,0.0635502097019296,0.185859828658039,73
TRIS3,201711,3,0.0152603545808723,0.00294652367633753,73
UCAS3,201711,3,0.0655782446240774,0.193307639287183,73
UNIP3,201711,3,0.0985562961572566,0.352358192654285,73
UNIP6,201711,3,0.0609468322973789,0.139065990257331,73
USIM3,201711,3,0.115959431033862,0.88334514255125,73
VVAR3,201711,3,0.110975383368432,0.89573871943648,73
VVAR4,201711,3,0.110975383368432,0.89573871943648,73
AGRO3,201712,3,0.0623960424143911,0.0394071659088448,72
ALPA3,201712,3,0.0484112329785566,0.0182876450744658,72
BBAS3,201712,3,0.00778278213617276,0.0116356090201327,72
BEEF3,201712,3,0.00258605742128498,0.00176846924153197,72
BRGE3,201712,3,0.114253514816066,0.999914421875576,72
BRIN3,201712,3,0.0148678544991811,0.0159716994818819,72
BRIV3,201712,3,0.0738731977825016,0.243688760965716,72
CAMB4,201712,3,0.0703457420163366,0.035868684051341,72
CARD3,201712,3,0.0915634749711644,0.132362764829708,72
CELP3,201712,3,0.0110844079597042,0.0058782070086434,72
CESP3,201712,3,0.0502885349474933,0.0510577811890645,72
CGAS3,201712,3,0.060299694736876,0.0919193657782244,72
CGRA4,201712,3,0.0635382627522307,0.0569348627906363,72
CLSC4,201712,3,0.0395418362484184,0.0856264432623757,72
COCE5,201712,3,0.00276761401210617,0.00129355359916553,72
CRIV3,201712,3,0.114253514816066,0.999914421875576,72
CTNM4,201712,3,0.114671590754616,0.999861189573478,72
DIRR3,201712,3,0.0370635520839376,0.0469691454926366,72
ENGI4,201712,3,0.0483911678259987,0.0182789250171668,72
ETER3,201712,3,0.0938186530997195,0.111463202552528,72
EUCA4,201712,3,0.0433375465708835,0.0726112397383269,72
FESA4,201712,3,0.0494447045363802,0.085345283592015,72
FRAS3,201712,3,4.7039369916759e-05,1.28334611763789e-05,72
GGBR3,201712,3,0.0676904104074664,0.0331135809072014,72
GOAU3,201712,3,0.00108969165418542,0.000553849227866301,72
GUAR4,201712,3,0.0505990729861179,0.0509875560849089,72
HBOR3,201712,3,0.0961323402142071,0.048472729567795,72
INEP3,201712,3,0.0102192478795916,0.0660752927016387,72
ITSA3,201712,3,0.0692143378921991,0.0931034880286383,72
JHSF3,201712,3,0.0287621955555964,0.0267902817733217,72
JOPA3,201712,3,0.114253514816066,0.999914421875576,72
LCAM3,201712,3,0.00773991830117631,0.00440948537281707,72
LLIS3,201712,3,0.102404545551033,0.929607627205536,72
LOGN3,201712,3,0.0118477868360634,0.0115918705452644,72
LPSB3,201712,3,0.00156770106250378,0.00123615685404947,72
OGXP3,201712,3,0.000195733786836451,0.000118902946037076,72
OIBR3,201712,3,0.0143952792704272,0.0138978458762447,72
PFRM3,201712,3,0.0339148372904603,0.0123029609731,72
PINE4,201712,3,0.0113907057772087,0.0131485158955446,72
PMAM3,201712,3,0.0526276281430464,0.0442364966425982,72
PNVL3,201712,3,0.103663299634803,0.0553344657866278,72
POMO3,201712,3,0.00793169307332014,0.00943059263207486,72
POSI3,201712,3,0.0249586501265198,0.0293217378205058,72
PPLA11,201712,3,0.000119303470742782,0.00050607336295487,72
PRML3,201712,3,0.0427036586306109,0.0547971552736984,72
PTBL3,201712,3,0.0173061663904765,0.0412810405653376,72
QGEP3,201712,3,0.0779665551003704,0.0748445979818513,72
RAPT3,201712,3,0.114407610379026,1,72
RDNI3,201712,3,0.0407680974753161,0.0527905807551028,72
REDE3,201712,3,0.0512093560632748,0.022967633613436,72
ROMI3,201712,3,0.0521445620527952,0.0575870952530051,72
RPAD3,201712,3,0.114253514816066,0.999914421875576,72
RSID3,201712,3,0.0406551176237457,0.0360906052381699,72
SAPR3,201712,3,0.00369945428615562,0.00224776239567521,72
SAPR4,201712,3,0.00414764727204025,0.000702299855698493,72
SEDU3,201712,3,0.0253257107669331,0.0127263567714733,72
SGPS3,201712,3,0.027193877749781,0.0136151068641788,72
SHOW3,201712,3,0.0181927685579003,0.0211592244426385,72
SLED4,201712,3,0.114688132236126,0.519635422773869,72
SMLE3,201712,3,0.0130776465502633,0.000808149421321382,72
SSBR3,201712,3,0.0539156265462205,0.107983848936896,72
TCSA3,201712,3,0.087087843105887,0.0830823993145318,72
TECN3,201712,3,0.104751087578534,0.0659618548108777,72
TESA3,201712,3,0.00891154891073895,0.00870355683326875,72
TPIS3,201712,3,0.0748098641398357,0.101231057730786,72
TRIS3,201712,3,0.0206881601975341,0.00513370290386786,72
UCAS3,201712,3,0.0743849711984806,0.103311082939531,72
UNIP3,201712,3,0.114314360280479,0.999939529354702,72
UNIP6,201712,3,0.0634035249384719,0.0377497356409971,72
USIM3,201712,3,0.0776101995205225,0.0404849214070754,72
VVAR3,201712,3,0.0895319997535807,0.0430348034689105,72
VVAR4,201712,3,0.0895319997535807,0.0430348034689105,72
AGRO3,201801,3,0.0825356637346406,0.0351422153373,72
ALPA3,201801,3,0.0302716010648075,0.00451196196211601,72
BBRK3,201801,3,0.0386182091682853,0.0101557780181051,72
BEEF3,201801,3,0.00324236558200625,0.00173494324643181,72
BRGE3,201801,3,0.114272184196594,0.9998331877259,72
BRIN3,201801,3,0.023720546523006,0.0362602825735424,72
BRIV3,201801,3,0.0678327745029046,0.23150977977875,72
CAMB4,201801,3,0.0777861016692022,0.0438152449890629,72
CARD3,201801,3,0.0613311270958938,0.0977600774466273,72
CELP3,201801,3,0.0155157618142429,0.00837637680419545,72
CESP3,201801,3,0.0448844807976862,0.0434372502053957,72
CGAS3,201801,3,0.0343407986638329,0.12411487042883,72
CGRA4,201801,3,0.0824705776927351,0.0493923118088935,72
CLSC4,201801,3,0.0298798256101997,0.0691205587829254,72
COCE5,201801,3,0.000140163614855972,0.000145372876901142,72
CREM3,201801,3,0.00892952242665343,1.18742694137281e-07,72
CRIV3,201801,3,0.114272184196594,0.9998331877259,72
CTNM4,201801,3,0.114476385611014,1,72
DIRR3,201801,3,0.074181359637345,0.0287209785671262,72
ENEV3,201801,3,0.00882794396409331,0.00951461180666303,72
ENGI4,201801,3,0.03027333257481,0.00451166059059177,72
ETER3,201801,3,0.0750141374657214,0.0991917443359577,72
EUCA4,201801,3,0.0474051146485868,0.0834658562983646,72
FRAS3,201801,3,0.0089315288304013,1.33498232544943e-06,72
GGBR3,201801,3,0.0604399349493366,0.0363460846567126,72
GOAU3,201801,3,0.00261887216817671,0.00136495528301331,72
GUAR4,201801,3,0.0447955377827251,0.0435992170190057,72
HBOR3,201801,3,0.0866562061958549,0.052168547470114,72
INEP3,201801,3,0.0162599734764739,0.137151075303103,72
ITSA3,201801,3,0.064403665250406,0.0826174695344812,72
JOPA3,201801,3,0.114272184196594,0.999833187725901,72
LCAM3,201801,3,0.0114218055360438,0.00449032061995135,72
LLIS3,201801,3,0.104124335223372,0.875979391900184,72
LOGN3,201801,3,0.0326853323589808,0.0389024897702427,72
LPSB3,201801,3,0.00158617699782918,0.00122292184151916,72
MILS3,201801,3,0.0407480456468838,0.0259064980333429,72
MPLU3,201801,3,0.0130416741376033,0.00717928935462723,72
PFRM3,201801,3,0.0603415806961004,0.0216240302839387,72
PINE4,201801,3,0.0119647995786105,0.0142244971267547,72
PMAM3,201801,3,0.0501686711031587,0.0393702435559203,72
PNVL3,201801,3,0.0994328772958,0.0605710224028691,72
PNVL4,201801,3,0.0938529140587457,0.080281760852579,72
POMO3,201801,3,0.00604752458288806,0.00992725405132379,72
POSI3,201801,3,0.0229454933008447,0.0290952065579657,72
PPLA11,201801,3,0.00245550815218949,0.0104281854592485,72
PRIO3,201801,3,0.073358325006171,0.0435304126090594,72
PRML3,201801,3,0.0293290745682965,0.0347789078308174,72
PTBL3,201801,3,0.0318236675836846,0.0457131926002682,72
QGEP3,201801,3,0.0803959207032577,0.0790918700851982,72
RAPT3,201801,3,0.114540040751085,0.999948276691161,72
RDNI3,201801,3,0.0510482821376801,0.0581730522172247,72
ROMI3,201801,3,0.0530680691993205,0.0635605210125266,72
RPAD3,201801,3,0.114272184196594,0.999833187725901,72
RSID3,201801,3,0.0369431365944499,0.030815396003156,72
SAPR3,201801,3,0.00649240272139513,0.00655298297695013,72
SAPR4,201801,3,0.0631585810405049,0.0236516829319706,72
SEDU3,201801,3,0.0112077861382829,0.00631492577465109,72
SGPS3,201801,3,0.0413903237782549,0.0283979812773064,72
SHOW3,201801,3,0.0237198664575905,0.0250306168303225,72
SLED4,201801,3,0.123923268555178,0.596458971269662,72
SMLE3,201801,3,0.00911756115084459,0.00439231849933087,72
SNSL3,201801,3,0.0788084013141013,0.0750022749246876,72
SSBR3,201801,3,0.0547342812325577,0.113336021285374,72
TCSA3,201801,3,0.0971542168488677,0.044946604169669,72
TECN3,201801,3,0.100162059011826,0.0746705155309521,72
TESA3,201801,3,0.0077618774841599,0.0072696777804628,72
TPIS3,201801,3,0.069235352120016,0.103947635606187,72
TRIS3,201801,3,0.0373046235421949,0.0137139575549321,72
UCAS3,201801,3,0.0690003157455886,0.105125892842953,72
UNIP3,201801,3,0.114272184196594,0.999833187725901,72
UNIP6,201801,3,0.0788833697011425,0.0296791313607425,72
USIM3,201801,3,0.0866988711574994,0.0515879930131291,72
AALR3,201802,3,0.0575275637752741,0.0391136179925883,70
ALPA3,201802,3,0.0428545631121916,0.0142595713521042,70
BBRK3,201802,3,0.0430470917656808,0.0163319117725616,70
BEEF3,201802,3,0.00611208570848001,0.00911763644168206,70
BRGE3,201802,3,0.105917965936665,0.999888430185968,70
BRIN3,201802,3,0.0227324538663399,0.0316385021857426,70
BRIV3,201802,3,0.0507792075196294,0.200213297384816,70
CAMB4,201802,3,0.0785703503128433,0.0893413741897159,70
CARD3,201802,3,0.0459602700386426,0.0938019030931677,70
CELP3,201802,3,0.0162091793153989,0.0162642132134873,70
CESP3,201802,3,0.0314904621965978,0.0349908332189478,70
CGAS3,201802,3,0.030639588843996,0.100830892504507,70
CGRA4,201802,3,0.090656143774651,0.152210107859184,70
CLSC4,201802,3,0.032589416099541,0.0916250253811452,70
COCE5,201802,3,0.000381743858853663,0.000374231930368922,70
CREM3,201802,3,0.00916065787175931,3.0024962124648e-07,70
CRIV3,201802,3,0.105917965936666,0.999888430185968,70
CTNM4,201802,3,0.105917965936666,0.999888430185968,70
DIRR3,201802,3,0.0828230884233043,0.11708929743884,70
ENEV3,201802,3,0.00436621725818988,0.00593865544707844,70
ENGI4,201802,3,0.042856848303015,0.0142622779842924,70
EUCA4,201802,3,0.0362751885186557,0.0914492533225125,70
FRAS3,201802,3,0.00916327438528671,3.05152058373342e-06,70
GFSA3,201802,3,0.0411288496854047,0.011050912870323,70
GGBR3,201802,3,0.0608413234831371,0.0765381766668642,70
GOAU3,201802,3,0.00164977237498855,0.00200030778687533,70
IDNT3,201802,3,0.00347488964222995,0.00150118216507332,70
INEP3,201802,3,0.0130147239434759,0.116856681405083,70
ITSA3,201802,3,0.0605754759773359,0.102376387640958,70
JHSF3,201802,3,0.0222658720948171,0.005400566002642,70
JOPA3,201802,3,0.105917965936665,0.999888430185967,70
JPSA3,201802,3,0.0276683516634767,0.00936091961011742,70
KLBN3,201802,3,0.0818430205940547,0.101002960809142,70
KLBN4,201802,3,0.00769081683414721,0.00810899092897184,70
LCAM3,201802,3,0.00681501408402883,0.00545276983369566,70
LOGN3,201802,3,0.0123331418514103,0.0213440802610241,70
LPSB3,201802,3,0.00072093773184442,0.000841333188277323,70
MAGG3,201802,3,0.0434643943250659,0.0123893977384507,70
MILS3,201802,3,0.0387259365611072,0.0185007408865786,70
MPLU3,201802,3,0.0120009645024331,0.00326801599662203,70
PFRM3,201802,3,0.0629089383098781,0.0892299466367103,70
PMAM3,201802,3,0.0573292439799138,0.025392668498326,70
PNVL3,201802,3,0.116496440560106,0.24060382250608,70
PNVL4,201802,3,0.0976892554002062,0.114244704332927,70
POMO3,201802,3,0.00490601929188485,0.0132625522814065,70
POSI3,201802,3,0.00695134518371845,0.00163505603635577,70
PPLA11,201802,3,0.00194282288730884,0.0130099824106819,70
PRIO3,201802,3,0.0600694196537278,0.0548445615611681,70
PRML3,201802,3,0.00702345214687723,0.00594398699585047,70
PTBL3,201802,3,0.0339693484634576,0.0187644495985693,70
RAPT3,201802,3,0.106114491461485,1,70
RDNI3,201802,3,0.0444391267044463,0.0537386365031227,70
ROMI3,201802,3,0.0120741922255496,0.0069370801429752,70
RPAD3,201802,3,0.105917965936666,0.999888430185967,70
RSID3,201802,3,0.0356023352884224,0.0253871604481524,70
SAPR3,201802,3,0.0857321478391184,0.129857625279352,70
SAPR4,201802,3,0.083693934030932,0.118547035654148,70
SEDU3,201802,3,0.0101996450204586,0.0116058364064622,70
SGPS3,201802,3,0.0549540042615192,0.0509394317876469,70
SHOW3,201802,3,0.097695239722991,0.250388748485845,70
SLED4,201802,3,0.0903979131965786,0.585206165256057,70
SMLE3,201802,3,0.027575034275828,0.00943883178084074,70
SNSL3,201802,3,0.0808438699822031,0.0926657464147374,70
SSBR3,201802,3,0.0695735282917187,0.150273770613289,70
TECN3,201802,3,0.0833105022373546,0.0998130953947873,70
TESA3,201802,3,0.00633645290745189,0.00639253654680444,70
TRIS3,201802,3,0.0601996619754328,0.0565038502841458,70
UNIP3,201802,3,0.105917965936666,0.999888430185967,70
UNIP6,201802,3,0.0868192708344328,0.131005710968463,70
USIM3,201802,3,0.0882259070333957,0.101324864110874,70
AGRO3,201803,3,0.111059160163866,0.256231073513316,74
ALPA3,201803,3,0.0265762582875479,0.0726682381777867,74
ALUP3,201803,3,0.00629370455581115,0.0195157438233394,74
ALUP4,201803,3,0.0759524166552661,0.425953166307238,74
BEEF3,201803,3,0.00688668832110844,0.0264932858535083,74
BRGE3,201803,3,0.129573746412143,0.946835292641979,74
BRIN3,201803,3,0.0239648480181931,0.0562764474826707,74
BRIV3,201803,3,0.129573746412143,0.94683529264198,74
CAMB4,201803,3,0.114660624418368,0.633204763500108,74
CARD3,201803,3,0.0555747378234427,0.133332179153514,74
CELP3,201803,3,0.0183417260172476,0.0988969278383752,74
CESP3,201803,3,0.00183826042805678,0.00252468321689472,74
CGAS3,201803,3,0.0347086306377534,0.127853370209581,74
CGRA4,201803,3,0.112991441097723,0.281502069191166,74
CLSC4,201803,3,0.0328125760070094,0.0978040102773734,74
COCE5,201803,3,0.000257496259690832,0.000853122570067597,74
CREM3,201803,3,0.00884001749399018,8.46571934076813e-07,74
CRIV3,201803,3,0.129573746412143,0.946835292641979,74
CTNM4,201803,3,0.129577307486199,0.946837923734344,74
DIRR3,201803,3,0.113570650522958,0.286665313247293,74
ENEV3,201803,3,0.00971327759783784,0.040823961203336,74
ENGI4,201803,3,0.0265862187675898,0.0726486466508574,74
ETER3,201803,3,0.06328098083033,0.135547716157987,74
EUCA4,201803,3,0.0280123565025984,0.0763508595859762,74
FRAS3,201803,3,0.00884294190347429,1.13984950901249e-05,74
GGBR3,201803,3,0.082587429723035,0.46874584158377,74
GOAU3,201803,3,0.00337319608338299,0.0156868040591858,74
HBOR3,201803,3,0.124790206203794,0.599531870528156,74
INEP3,201803,3,0.136184405581559,0.946740222494386,74
ITSA3,201803,3,0.0656828593849381,0.349632368635267,74
JOPA3,201803,3,0.129573746412143,0.946835292641979,74
KLBN3,201803,3,0.132944964626427,0.745837304318535,74
KLBN4,201803,3,0.0549339138520499,0.272722693061618,74
LCAM3,201803,3,0.00317157114921776,0.0067117830710647,74
LOGN3,201803,3,0.0236576203955859,0.0489068451471721,74
LPSB3,201803,3,0.00134621947479116,0.00279042703951346,74
MILS3,201803,3,0.0355586649007262,0.0362208440985353,74
MOAR3,201803,3,0.128748675456801,0.697234258653148,74
MPLU3,201803,3,0.00763335444294014,0.00949206997875421,74
PFRM3,201803,3,0.103678336809821,0.254760612490588,74
PINE4,201803,3,0.00899934778439364,0.0151836770537706,74
PMAM3,201803,3,0.0341032444151975,0.056286960255443,74
PNVL3,201803,3,0.180240103296027,1,74
PNVL4,201803,3,0.153056067587389,0.804499454553778,74
POMO3,201803,3,0.00375471584333921,0.0155875136571497,74
POSI3,201803,3,0.0105315910105841,0.0170907008617162,74
PPLA11,201803,3,0.00252298988825135,0.0160707961764694,74
PRIO3,201803,3,0.107750780572568,0.578616909981985,74
PTBL3,201803,3,0.0256569901195949,0.011949965804244,74
RAPT3,201803,3,0.129573746412143,0.94683529264198,74
RDNI3,201803,3,0.0366878245451051,0.0445540944749344,74
RPAD3,201803,3,0.129573746412143,0.946835292641979,74
RSID3,201803,3,0.0061637756067605,0.0072642719213574,74
SAPR3,201803,3,0.10687443016992,0.251749000805709,74
SAPR4,201803,3,0.102738623735695,0.231758809057657,74
SEDU3,201803,3,0.0137708520326745,0.0760056695653028,74
SGPS3,201803,3,0.114660814987401,0.633205045878317,74
SHOW3,201803,3,0.140994788397576,0.498501481877494,74
SLED4,201803,3,0.117554842185009,0.54834275842042,74
SNSL3,201803,3,0.116529853957716,0.619977307832016,74
SSBR3,201803,3,0.115524593202234,0.27810590589803,74
TAEE3,201803,3,0.132944964626427,0.745837304318535,74
TAEE4,201803,3,0.132944964626427,0.745837304318535,74
TECN3,201803,3,0.145885678488878,0.736098809519353,74
TESA3,201803,3,0.000397691231246734,0.00118301175480575,74
TIET3,201803,3,0.0200162957166354,0.0339483783782089,74
TIET4,201803,3,0.0159975831692438,0.0134559819766455,74
TPIS3,201803,3,0.0587684742981085,0.125820612675163,74
TRIS3,201803,3,0.0503768470972582,0.118438598671982,74
UCAS3,201803,3,0.0588791115127026,0.126263281725914,74
UNIP3,201803,3,0.129573746412143,0.946835292641979,74
UNIP6,201803,3,0.107663775127055,0.25346946848526,74
USIM3,201803,3,0.129492553184062,0.699228360515197,74
VVAR3,201803,3,0.0283535654437534,0.131628272567795,74
AGRO3,201804,3,0.115813591445276,0.349757778448404,74
ALPA3,201804,3,0.0384671873521383,0.00548786781357704,74
ALUP3,201804,3,0.00533175027104518,0.00466338830315969,74
ALUP4,201804,3,0.0396691350966623,0.0142583026237011,74
BBRK3,201804,3,0.0470517962471675,0.0121263548067122,74
BEEF3,201804,3,0.00502991439779582,0.0210278083836383,74
BRGE3,201804,3,0.123101063002277,0.999999998382797,74
BRIN3,201804,3,0.0212543736872638,0.0252172161258739,74
BRIV3,201804,3,0.123101063002277,0.999999998382797,74
CAMB4,201804,3,0.07736707295828,0.0219606893465874,74
CARD3,201804,3,0.0557414191122533,0.0679623152879401,74
CELP3,201804,3,0.0151672116714053,0.00453186203215025,74
CESP3,201804,3,0.0301490220574494,0.00179466994723301,74
CGAS3,201804,3,0.0392831812421231,0.159017959226634,74
CGAS5,201804,3,0.0237495065773452,0.0117386111344837,74
CGRA4,201804,3,0.11310052522082,0.379736899353678,74
CLSC4,201804,3,0.0339854801912622,0.04843985233231,74
COCE5,201804,3,0.00018170722782426,0.000268060378819037,74
CREM3,201804,3,0.00897020329268342,4.64401660224343e-07,74
CRIV3,201804,3,0.123101063002277,0.999999998382797,74
CTNM4,201804,3,0.123107490675517,0.99998061918292,74
DIRR3,201804,3,0.12295789537734,0.387318499946668,74
ENEV3,201804,3,0.00827157827058231,0.0426948278947228,74
ENGI4,201804,3,0.0384842033909515,0.00552406398318711,74
ETER3,201804,3,0.0680194121566554,0.0856953162699492,74
EUCA4,201804,3,0.0421791833264972,0.0923374549947573,74
FRAS3,201804,3,0.00897371084385139,5.81187616767812e-06,74
GGBR3,201804,3,0.0417909784789645,0.00540409851466323,74
GOAU3,201804,3,0.0300441041222307,0.00355753316690899,74
HBOR3,201804,3,0.0819577994672566,0.0240443882981916,74
INEP3,201804,3,0.130401733328079,0.986802552047761,74
ITSA3,201804,3,0.0623284742547899,0.0211054697987161,74
JOPA3,201804,3,0.123101063002277,0.999999998382797,74
KLBN4,201804,3,0.0261377368700987,0.0837426479318791,74
LCAM3,201804,3,0.00215953179989158,0.00399536545579455,74
LOGN3,201804,3,0.0220726053504992,0.0339552271781755,74
LPSB3,201804,3,0.00129238010671338,0.0015967144008759,74
MAGG3,201804,3,0.0296153003110008,0.0268060988843785,74
MILS3,201804,3,0.0346668207966826,0.0213413084186457,74
MOAR3,201804,3,0.0871156274122649,0.0260919017205784,74
MPLU3,201804,3,0.0180726382294361,0.00718042732988887,74
PFRM3,201804,3,0.102632282178002,0.328970445867596,74
PINE4,201804,3,0.022550381995424,0.0124986552459863,74
PMAM3,201804,3,0.0339528499906316,0.0276517430271453,74
PNVL3,201804,3,0.0572727321883339,0.112067230960722,74
POMO3,201804,3,0.0175033281258442,0.00912489384263257,74
POSI3,201804,3,0.0121045586600704,0.0110407250154086,74
PPLA11,201804,3,0.000863734643581941,0.000360476381196916,74
PRIO3,201804,3,0.0363657062111108,0.0389940083498309,74
PTBL3,201804,3,0.0274251019778297,0.0114327825697876,74
QGEP3,201804,3,0.0423143906037639,0.0897842535136525,74
RAPT3,201804,3,0.123101106867358,1,74
RDNI3,201804,3,0.0449754491552051,0.05518599012689,74
RPAD3,201804,3,0.123101063002277,0.999999998382798,74
RSID3,201804,3,0.00664083536860269,0.00238976362339645,74
SAPR3,201804,3,0.107997257554508,0.359395724561056,74
SAPR4,201804,3,0.106592664431792,0.341826065170789,74
SCAR3,201804,3,0.0188071152830443,0.00923801534224383,74
SEDU3,201804,3,0.0143189934954093,0.00901384786535782,74
SGPS3,201804,3,0.0773701512826354,0.0219675658148999,74
SHOW3,201804,3,0.141019182295597,0.570558008487226,74
SLED4,201804,3,0.067722120222875,0.0848654451566428,74
SSBR3,201804,3,0.121356048376241,0.372141232929697,74
TECN3,201804,3,0.0819829349253619,0.0452081789646382,74
TESA3,201804,3,0.000638115569961736,0.000785783826285126,74
TPIS3,201804,3,0.0638887543639899,0.0889063482734072,74
TRIS3,201804,3,0.0527543870700018,0.171811472751937,74
TRPN3,201804,3,0.00976667887026518,0.000762885949451604,74
UCAS3,201804,3,0.0632032638084693,0.0809718033024985,74
UNIP3,201804,3,0.123101063002277,0.999999998382798,74
UNIP6,201804,3,0.110189963121743,0.361294086904692,74
USIM3,201804,3,0.088235195110086,0.0264074396387939,74
USIM6,201804,3,0.0871156274122649,0.0260919017205784,74
VVAR3,201804,3,0.025482753820498,0.079560343053243,74
AGRO3,201805,3,0.117267618528505,0.376497998703568,74
ALPA3,201805,3,0.0255304176628392,0.00441782797860368,74
ALUP3,201805,3,0.00432639968615038,0.00314992835060783,74
ALUP4,201805,3,0.0323328711986956,0.0134124805389057,74
BEEF3,201805,3,0.01869723117184,0.0238828809453434,74
BRGE3,201805,3,0.119659273324461,1,74
BRIN3,201805,3,0.0100227639585824,0.00806482629930013,74
BRIV3,201805,3,0.119659273324461,1,74
CAMB4,201805,3,0.0918889859573138,0.0342030558489228,74
CARD3,201805,3,0.0460627885029953,0.0648184186438791,74
CESP3,201805,3,0.0312743879770287,0.00231473280412483,74
CGAS5,201805,3,0.019683711072929,0.00838626205090544,74
CGRA4,201805,3,0.116195889514541,0.399749379650423,74
CLSC4,201805,3,0.039314887995969,0.0575724836951394,74
COCE5,201805,3,0.00020113232574264,0.000255323827541259,74
CREM3,201805,3,0.00873112563007339,1.33118675234693e-06,74
CRIV3,201805,3,0.119659273324461,1,74
CTNM4,201805,3,0.11967920896703,0.999996996330408,74
DIRR3,201805,3,0.122431959645655,0.403923578157161,74
DMMO3,201805,3,0.0163718824874927,0.00657383458410273,74
ENGI4,201805,3,0.0255437938735683,0.00445174861147249,74
ETER3,201805,3,0.0640995395915029,0.0745319822996825,74
EUCA4,201805,3,0.0466450486849158,0.0998677217542564,74
EVEN3,201805,3,0.020646640298566,0.00802685463270055,74
FRAS3,201805,3,0.00874861722337703,1.68306230617081e-05,74
GGBR3,201805,3,0.0440860970627752,0.00705095102783807,74
GOAU3,201805,3,0.0314111350955222,0.0042659860356493,74
GUAR4,201805,3,0.0918889859573139,0.0342030558489228,74
HBOR3,201805,3,0.080074607711387,0.0291482243319439,74
INEP3,201805,3,0.129434707900923,0.977233426191301,74
ITSA3,201805,3,0.103693981944711,0.0441931045401186,74
JHSF3,201805,3,0.000408748634388259,0.000510132770532039,74
JOPA3,201805,3,0.119659273324461,1,74
KLBN4,201805,3,0.0237557956887464,0.0796283462964413,74
LCAM3,201805,3,0.00483551919376315,0.0101780027044563,74
LOGN3,201805,3,0.011157819707165,0.0194716118973085,74
LPSB3,201805,3,0.000483379961009044,0.000739366257937194,74
MAGG3,201805,3,0.029729754332134,0.0190721189115566,74
MILS3,201805,3,0.0274754120665779,0.0397605873299839,74
MOAR3,201805,3,0.100560539903833,0.0379034363739436,74
MPLU3,201805,3,0.0226951424614805,0.0101276880643206,74
OFSA3,201805,3,0.0475438089419467,0.0860482568872267,74
PFRM3,201805,3,0.0884218600460486,0.281059462360766,74
PINE4,201805,3,0.0266409994825164,0.0132622189483773,74
PMAM3,201805,3,0.0292110963622106,0.0345858715231001,74
PNVL3,201805,3,0.0514784906520722,0.095126062940343,74
POMO3,201805,3,0.00523365726251387,0.00787498536517584,74
POSI3,201805,3,0.0043055242703231,0.00374380006689125,74
PRIO3,201805,3,0.0303151479128085,0.0334511571216224,74
PTBL3,201805,3,0.0752956826854017,0.225155018339677,74
QGEP3,201805,3,0.0432719111877164,0.0930649881865068,74
RAPT3,201805,3,0.121374216186178,0.980376547459488,74
RDNI3,201805,3,0.0477043027998537,0.093007513565062,74
ROMI3,201805,3,0.0164957683519931,0.0488356497729244,74
RPAD3,201805,3,0.119659273324461,1,74
SAPR3,201805,3,0.112040160620152,0.382330477689014,74
SAPR4,201805,3,0.112100713643846,0.373798400325863,74
SEDU3,201805,3,0.0153525216649023,0.0100394195226291,74
SGPS3,201805,3,0.0918964125641924,0.0342099365156533,74
SHOW3,201805,3,0.133512070446213,0.535387406540481,74
SLED4,201805,3,0.0595319049445478,0.0770826437152042,74
SSBR3,201805,3,0.124087784909264,0.382596699530164,74
TECN3,201805,3,0.0793463285477201,0.0378141268080926,74
TESA3,201805,3,0.00096019267107079,0.000854317336759431,74
TPIS3,201805,3,0.055636568691699,0.0682248208634027,74
TRIS3,201805,3,0.0651551402663683,0.195673433926941,74
TRPN3,201805,3,0.00942836402988921,0.000866528821603871,74
UCAS3,201805,3,0.0562057633095267,0.0653071055945498,74
UNIP3,201805,3,0.119659273324461,1,74
UNIP6,201805,3,0.116133382966747,0.38965015924866,74
USIM3,201805,3,0.10112594878764,0.0381142783250162,74
USIM6,201805,3,0.100560539903833,0.0379034363739435,74
VIVR3,201805,3,0.015214381131261,0.00347133450976229,74
VVAR3,201805,3,0.0232610988171469,0.0763777569932327,74
AGRO3,201806,3,0.0939412654725867,0.0546804628600421,71
ALPA3,201806,3,0.0400788869777868,0.00515872891940358,71
BBRK3,201806,3,0.0441199356300067,0.00784114551565764,71
BEEF3,201806,3,0.0230593364386985,0.0351601612486537,71
BRGE3,201806,3,0.140480954404675,1,71
BRIN3,201806,3,0.0298149694903106,0.025989255240896,71
BRIV3,201806,3,0.140480954404675,1,71
BRSR3,201806,3,0.0970280772064075,0.596561789977244,71
CAMB4,201806,3,0.090992548843821,0.0320708466564318,71
CELP3,201806,3,0.0164279155456416,0.00578768445991762,71
CESP3,201806,3,0.0197499637000447,0.00819616135224775,71
CGAS3,201806,3,0.0381984109207265,0.0805587911104712,71
CGAS5,201806,3,0.0321097918894471,0.0168669014900865,71
CGRA4,201806,3,0.0887153179449019,0.0702275770682335,71
CLSC4,201806,3,0.029086114346046,0.0199308534281739,71
COCE5,201806,3,0.000122305715290754,4.88530299442621e-05,71
CREM3,201806,3,0.00884908142894516,5.3841599160873e-07,71
CRIV3,201806,3,0.140480954404675,1,71
CTNM4,201806,3,0.140487089230844,0.999986397449998,71
DIRR3,201806,3,0.0907177197734857,0.069948439820523,71
ENEV3,201806,3,0.0136741065517629,0.0503894528925799,71
ENGI4,201806,3,0.0400878797032536,0.00516200522866158,71
EUCA4,201806,3,0.042065199418303,0.07887849235951,71
EVEN3,201806,3,0.0199447992155399,0.00620610039854169,71
FRAS3,201806,3,0.00885718901106792,7.47979184775558e-06,71
GGBR3,201806,3,0.036256930132634,0.0120126404350818,71
HBOR3,201806,3,0.0969075847573017,0.0317578436565229,71
INEP3,201806,3,0.139602174485709,0.975971010804561,71
ITSA3,201806,3,0.109483287879044,0.0421167531893666,71
JOPA3,201806,3,0.140480954404675,1,71
KLBN4,201806,3,0.0339007659605487,0.0914361094422174,71
LCAM3,201806,3,0.0154219639177256,0.00756571092971551,71
LLIS3,201806,3,0.0914015817402199,0.610530150318841,71
LOGN3,201806,3,0.0222620449096916,0.00960804739412666,71
LPSB3,201806,3,0.000466403758753958,0.000279566170011433,71
MAGG3,201806,3,0.0187510109958686,0.00543071386355245,71
MILS3,201806,3,0.030448288053935,0.0116984776885313,71
MOAR3,201806,3,0.106446093949518,0.0379193462083388,71
MPLU3,201806,3,0.0221571098198347,0.00798175785145248,71
OFSA3,201806,3,0.0630241809908544,0.0993112804113279,71
OGXP3,201806,3,2.2126061298756e-05,1.02888706444942e-05,71
OIBR4,201806,3,0.0355590613042271,0.0124263244038594,71
PFRM3,201806,3,0.0264485244763146,0.0084048417494604,71
PINE4,201806,3,0.0174386769847677,0.00331605504163827,71
PNVL3,201806,3,0.0567476354159508,0.0793190372764378,71
PNVL4,201806,3,0.115328965491267,0.0818921147210144,71
POMO3,201806,3,0.00879003333265255,0.00534184572809807,71
PRIO3,201806,3,0.0412089682631139,0.0127233059807682,71
PTBL3,201806,3,0.0611649036075059,0.0440370470609245,71
QGEP3,201806,3,0.051097758775697,0.0725381127519191,71
RAPT3,201806,3,0.142029573527434,0.968596909831881,71
RDNI3,201806,3,0.0475283380321362,0.0471044089723073,71
ROMI3,201806,3,0.0191603783419231,0.0365960784912935,71
RPAD3,201806,3,0.140480954404675,0.999999999999999,71
SAPR3,201806,3,0.00962447568218659,0.0197604606353103,71
SAPR4,201806,3,0.0659093911123185,0.03631961688021,71
SEDU3,201806,3,0.00575848150260516,0.00473507220424914,71
SGPS3,201806,3,0.090994200608282,0.0320725406096715,71
SHOW3,201806,3,0.103867538004407,0.145338440842818,71
SSBR3,201806,3,0.101754566712835,0.0916499979335764,71
TCSA3,201806,3,0.0584774160354419,0.101772082320983,71
TECN3,201806,3,0.0837821158279233,0.0363158675292124,71
TESA3,201806,3,0.00149621133935709,0.00244690374739614,71
TRIS3,201806,3,0.055613422198825,0.0529756338178884,71
TRPN3,201806,3,0.00841402450603824,0.00240196238218221,71
UNIP3,201806,3,0.140480954404675,1,71
UNIP6,201806,3,0.0947724795077956,0.0654630565277223,71
USIM3,201806,3,0.106900160851711,0.0382833094598021,71
USIM6,201806,3,0.106446093949518,0.0379193462083387,71
VIVR3,201806,3,0.0142159580029728,0.0340207523979873,71
VVAR3,201806,3,0.0336308631502584,0.0899970607858207,71
AGRO3,201807,3,0.092526022677009,0.0619652273478691,72
ALPA3,201807,3,0.0358942849601153,0.00706129587678239,72
ALUP3,201807,3,0.00623683010657766,0.00206055629102078,72
ALUP4,201807,3,0.00987030857196475,0.00238140254859413,72
BEEF3,201807,3,0.0245667654563845,0.022928657777769,72
BRGE3,201807,3,0.136199013216021,1,72
BRIN3,201807,3,0.0297106891206923,0.019450152586739,72
BRIV3,201807,3,0.136199013216021,1,72
BRSR3,201807,3,0.0842391383695932,0.513539251653953,72
CAMB4,201807,3,0.0813467826932553,0.0186812560401501,72
CELP3,201807,3,0.0123999253476318,0.00331672786478976,72
CESP3,201807,3,0.0205357824640759,0.00764479643644115,72
CGAS3,201807,3,0.0354178278120631,0.057653465407139,72
CGRA4,201807,3,0.0860633819122592,0.0735275365169588,72
CLSC4,201807,3,0.0316202711188487,0.0392886303460761,72
COCE5,201807,3,0.000134074361700573,6.11783295445736e-05,72
CREM3,201807,3,0.0176883588299941,0.000594109402600639,72
CRIV3,201807,3,0.136199013216021,1,72
CTNM4,201807,3,0.136210556376666,0.999987285509471,72
DIRR3,201807,3,0.0905837665915515,0.0702353460151368,72
ECOR3,201807,3,0.0749998238328779,0.125362856675906,72
ENEV3,201807,3,0.0147092208951131,0.0644793826255762,72
ENGI4,201807,3,0.035900357757699,0.00706466205254273,72
EUCA4,201807,3,0.0661972607073623,0.123190484056833,72
EVEN3,201807,3,0.0222961011786263,0.00925063513519143,72
FRAS3,201807,3,0.0241752086678365,0.00106005366357295,72
GGBR3,201807,3,0.0262810436377022,0.0103133831400713,72
GUAR4,201807,3,0.0948149207224442,0.0439509143292168,72
HBOR3,201807,3,0.0867593644920404,0.0207070206091499,72
INEP3,201807,3,0.12498145442732,0.887656045453273,72
ITSA3,201807,3,0.100525096093627,0.0292121180618783,72
JOPA3,201807,3,0.136199013216021,1,72
JSLG3,201807,3,0.026657027528936,0.00429287701554887,72
KLBN4,201807,3,0.0280888644570343,0.104299001125179,72
LCAM3,201807,3,0.0021481430394863,0.00100994956928373,72
LLIS3,201807,3,0.0711978022495308,0.475535047320134,72
LOGN3,201807,3,0.0189235260140641,0.0105921745206162,72
LPSB3,201807,3,0.000618744232704808,0.000410959229599834,72
MAGG3,201807,3,0.0168837478475546,0.0109864182996757,72
MILS3,201807,3,0.0190532148283937,0.0140905643893179,72
MOAR3,201807,3,0.0955591466366935,0.0218716938728435,72
MPLU3,201807,3,0.00988354084858617,0.0119780395120125,72
OFSA3,201807,3,0.0585059930898358,0.0789153402297646,72
OGXP3,201807,3,1.85176530797078e-05,1.0027589173895e-05,72
PFRM3,201807,3,0.0596172194719192,0.0153728109819986,72
PINE4,201807,3,0.0248805611093637,0.0652886594041274,72
PNVL3,201807,3,0.0523334971844806,0.0731211169219374,72
POMO3,201807,3,0.00788175598318652,0.00562100390639532,72
PRIO3,201807,3,0.0538560352461306,0.0794460903441212,72
PTBL3,201807,3,0.0810574637063105,0.0775606657118256,72
QGEP3,201807,3,0.0672068101467719,0.107030799534463,72
RAPT3,201807,3,0.136212913129803,0.999999374376445,72
RDNI3,201807,3,0.0677310035481379,0.115711852415651,72
ROMI3,201807,3,0.0202210272197491,0.00876263661722351,72
RPAD3,201807,3,0.136199013216021,1,72
SAPR3,201807,3,0.00981975434395388,0.0177290112220362,72
SAPR4,201807,3,0.0120756333358799,0.00136469128229627,72
SEDU3,201807,3,0.00573765063482635,0.00551590253163879,72
SGPS3,201807,3,0.0813488853467926,0.0186825756779058,72
SHOW3,201807,3,0.100241049621586,0.134585427720824,72
SSBR3,201807,3,0.0697939920877144,0.116173183371843,72
TECN3,201807,3,0.0746719706458102,0.020526074212655,72
TESA3,201807,3,0.00135805893195348,0.00227687598147857,72
TPIS3,201807,3,0.00384568582987242,0.00333061702504995,72
TRIS3,201807,3,0.0684252281073416,0.0415547214198515,72
TRPN3,201807,3,0.0096681845590936,0.00259785746648068,72
UNIP3,201807,3,0.136199013216021,1,72
UNIP6,201807,3,0.0906855212657534,0.0693514195142196,72
USIM3,201807,3,0.095640514044793,0.0223513090278368,72
USIM6,201807,3,0.0955591466366934,0.0218716938728434,72
VIVR3,201807,3,0.0141363689156335,0.0331061802328308,72
VVAR3,201807,3,0.0277897860053475,0.10263191009388,72
AGRO3,201808,3,0.0877980853923434,0.117200620307803,70
ALPA3,201808,3,0.0428177867362673,0.0211653938091648,70
BBRK3,201808,3,0.0384332090647206,0.0212543846049749,70
BEEF3,201808,3,0.018381523924378,0.0177201931799202,70
BRGE3,201808,3,0.132628244027733,1,70
BRIN3,201808,3,0.0295139510948875,0.0246077636865724,70
BRIV3,201808,3,0.132628244027733,1,70
BRSR3,201808,3,0.0628178712668291,0.397717040387474,70
CAMB4,201808,3,0.0951287735674135,0.101595365381544,70
CELP3,201808,3,0.0191552702355703,0.0163771237345361,70
CESP3,201808,3,0.00792468872096757,0.00696298403744285,70
CGAS3,201808,3,0.0355464914666442,0.0658705672670752,70
CGAS5,201808,3,0.0300433019451535,0.0404136760786723,70
CGRA4,201808,3,0.0826991339248001,0.094790939824464,70
CLSC4,201808,3,0.0361490778862189,0.0512274396071873,70
COCE5,201808,3,0.000156092386205596,9.71557477036413e-05,70
CRIV3,201808,3,0.132628244027733,1,70
CTNM4,201808,3,0.132638141700953,0.999995566659784,70
DIRR3,201808,3,0.0877747101738248,0.0963456471767907,70
DMMO3,201808,3,0.0130070649335184,0.012446095725875,70
ELPL3,201808,3,0.0276657793965146,0.0388741899077915,70
ENGI4,201808,3,0.0428249477428489,0.0211673735797672,70
EUCA4,201808,3,0.0704717714617326,0.171893519329356,70
EVEN3,201808,3,0.0176314024546768,0.00412196181715818,70
FRAS3,201808,3,0.0170235897018783,0.00120361087300645,70
GUAR4,201808,3,0.0984633394123311,0.0767610773386142,70
HBOR3,201808,3,0.108321539311651,0.0956596538671926,70
INEP3,201808,3,0.0565989322706155,0.35832398473435,70
ITSA3,201808,3,0.115369355115078,0.125218500957449,70
JOPA3,201808,3,0.132628244027733,1,70
JSLG3,201808,3,0.0177605544156303,0.00355511863666758,70
KLBN4,201808,3,0.0425451364762931,0.144105547819089,70
LCAM3,201808,3,0.0086872649968639,0.0105026609599361,70
LLIS3,201808,3,0.0211347046840227,0.140150359941217,70
LOGN3,201808,3,0.0183064996981578,0.0105882983859985,70
LPSB3,201808,3,0.000739927528780589,0.00161352594484107,70
MAGG3,201808,3,0.0489711812689182,0.17779681828535,70
MILS3,201808,3,0.0159705006159479,0.0270913312866723,70
MOAR3,201808,3,0.11068391880121,0.115906612118293,70
MPLU3,201808,3,0.0281101667114236,0.0542837517106212,70
OFSA3,201808,3,0.0635820222535042,0.112469964585879,70
OGXP3,201808,3,1.38165617256309e-05,1.73737116645194e-05,70
PARD3,201808,3,0.0789755873434324,0.174822981306129,70
PFRM3,201808,3,0.091445054853439,0.0988324021083607,70
PINE4,201808,3,0.0403827981887718,0.119105070186133,70
PNVL3,201808,3,0.0616154454543469,0.109854741186689,70
PNVL4,201808,3,0.128142023549785,0.177147516762701,70
PRIO3,201808,3,0.0617610645260831,0.14108142061956,70
PTBL3,201808,3,0.078130276950571,0.109894773310733,70
QGEP3,201808,3,0.0759021121235267,0.155427268269451,70
RAPT3,201808,3,0.132628244027733,1,70
RDNI3,201808,3,0.0755127630010843,0.172790938165019,70
ROMI3,201808,3,0.0246225820395064,0.0198820290590508,70
RPAD3,201808,3,0.132628244027733,1,70
SAPR4,201808,3,0.0157881643104984,0.00566414641743685,70
SEDU3,201808,3,0.00507862424927365,0.00747408111544738,70
SGPS3,201808,3,0.0951320335412028,0.101598949715198,70
SHOW3,201808,3,0.09232968308891,0.150737291690125,70
SSBR3,201808,3,0.0713092963492294,0.164670915573603,70
TCSA3,201808,3,0.0640050658221519,0.132474453373381,70
TECN3,201808,3,0.0936720840766138,0.100643872390048,70
TESA3,201808,3,0.00146448829808678,0.00258495029516262,70
TRIS3,201808,3,0.059214284822703,0.0508636241814,70
TRPN3,201808,3,0.00363945207911481,0.00171672020046928,70
UNIP3,201808,3,0.132628244027733,1,70
UNIP6,201808,3,0.0837341095758914,0.0809996256337584,70
USIM3,201808,3,0.11068391880121,0.115906612118293,70
USIM6,201808,3,0.11068391880121,0.115906612118293,70
VIVR3,201808,3,0.0118161890564953,0.0265060867759928,70
VVAR3,201808,3,0.0422935057937111,0.142650730543664,70
AGRO3,201809,3,0.0396747718596956,0.134853845926971,70
ALPA3,201809,3,0.0358560210732218,0.0153491264773366,70
BEEF3,201809,3,0.0228272172796849,0.03837704860046,70
BIDI4,201809,3,0.0163959902586308,0.0143428842920432,70
BRGE3,201809,3,0.138362840298299,0.999966836488152,70
BRIN3,201809,3,0.0292690379208505,0.0390345630293263,70
BRIV3,201809,3,0.138362840298299,0.999966836488152,70
BRSR3,201809,3,0.0746785699384527,0.423733812862244,70
CAMB4,201809,3,0.0947028013575847,0.0877274748871139,70
CELP3,201809,3,0.0179227480993772,0.0141464756495393,70
CESP3,201809,3,0.0118068544134643,0.0163562332404502,70
CGAS3,201809,3,0.0358492484076972,0.0824979120512099,70
CGAS5,201809,3,0.0210847777267882,0.0543075324713361,70
CGRA4,201809,3,0.0703067698239604,0.0728434826556672,70
CLSC4,201809,3,0.0144741796619366,0.01708134721769,70
COCE5,201809,3,0.00077686052900321,0.000159184783293184,70
CRIV3,201809,3,0.138362840298299,0.999966836488152,70
CTNM4,201809,3,0.138383064309512,1,70
DIRR3,201809,3,0.0775215492825671,0.0879360721865669,70
ECOR3,201809,3,0.104999957573438,0.344879873035444,70
ELPL3,201809,3,0.0275869785739406,0.0431146324322074,70
ENGI4,201809,3,0.0358649494399217,0.0153654849047952,70
EUCA4,201809,3,0.0986730292565446,0.347427202072149,70
EVEN3,201809,3,0.0246754057912051,0.0220072632504946,70
FJTA4,201809,3,0.0729781036778355,0.316975845762666,70
FRAS3,201809,3,0.0310776820301318,0.00180514480272854,70
GOAU3,201809,3,0.095772074412097,0.33155700265925,70
GUAR4,201809,3,0.0844137505695937,0.0556885990831255,70
HBOR3,201809,3,0.101374180459954,0.0815519418906766,70
IRBR3,201809,3,0.00177803188584285,0.0048607785302459,70
ITSA3,201809,3,0.114652803796733,0.119724910370051,70
JOPA3,201809,3,0.138362840298299,0.999966836488152,70
JSLG3,201809,3,0.0317915690127695,0.00422601057699068,70
KLBN4,201809,3,0.0386398339611308,0.129953277118185,70
LCAM3,201809,3,0.0105304530167691,0.0117445366498289,70
LLIS3,201809,3,0.0271550793434816,0.173013385482757,70
LOGN3,201809,3,0.0203072502361692,0.00883118716693581,70
LPSB3,201809,3,0.00740332905811705,0.0042309848997062,70
MAGG3,201809,3,0.051660425415231,0.19310673482516,70
MOAR3,201809,3,0.108001098722852,0.099155945329915,70
MOVI3,201809,3,0.032133701657739,0.00558266433857863,70
OFSA3,201809,3,0.0639762880355844,0.129074107266589,70
PARD3,201809,3,0.104016668389944,0.339722827803319,70
PFRM3,201809,3,0.0904520763415002,0.0873622418475376,70
PINE4,201809,3,0.0420160497874226,0.124752843327375,70
PNVL3,201809,3,0.0646075626576018,0.108618059545379,70
PNVL4,201809,3,0.125684392383677,0.158626753347708,70
PPLA11,201809,3,0.0789215376144167,0.37197050071828,70
PTBL3,201809,3,0.036820159345527,0.0784886397560132,70
QGEP3,201809,3,0.0991266265664155,0.345100463577113,70
RAPT3,201809,3,0.138362840298299,0.999966836488152,70
RDNI3,201809,3,0.104328126735555,0.350678748605296,70
ROMI3,201809,3,0.0198493627950326,0.019342751622158,70
RPAD3,201809,3,0.138362840298299,0.999966836488152,70
SAPR3,201809,3,0.019659812784793,0.0783656453588891,70
SAPR4,201809,3,0.0130013418663594,0.00254650256443934,70
SEDU3,201809,3,0.0351441547097905,0.0984662487124424,70
SGPS3,201809,3,0.0947144955892411,0.0877506756853197,70
SHOW3,201809,3,0.0810807791744265,0.138392940450305,70
SSBR3,201809,3,0.0981452543134813,0.338867769329869,70
TCSA3,201809,3,0.0590560255657145,0.118926981119097,70
TECN3,201809,3,0.0918530943512846,0.0887550434714445,70
TESA3,201809,3,0.00187824758402084,0.00541250019287602,70
TRIS3,201809,3,0.0524648980449438,0.0440843905787349,70
TRPN3,201809,3,0.00577437356170159,0.00482572435531427,70
UNIP3,201809,3,0.138362840298299,0.999966836488151,70
UNIP6,201809,3,0.068196863927061,0.0562007696878493,70
USIM3,201809,3,0.108001098722853,0.0991559453299151,70
USIM6,201809,3,0.108001098722853,0.0991559453299151,70
VIVR3,201809,3,0.0119221323035026,0.0315151933467075,70
AGRO3,201810,3,0.0711334966101269,0.160288566202828,70
ALPA3,201810,3,0.0371601375860983,0.0371204691305744,70
BEEF3,201810,3,0.0231534814403537,0.0375266742929925,70
BIDI4,201810,3,0.0160300508714259,0.0326720016118151,70
BRAP3,201810,3,0.131482966572715,0.385174576882597,70
BRGE3,201810,3,0.143962215052119,0.99999133141197,70
BRIN3,201810,3,0.0281760789574937,0.0466790665293699,70
BRIV3,201810,3,0.143962215052119,0.999991331411971,70
BRSR3,201810,3,0.0682372910065508,0.433543697750898,70
CAMB4,201810,3,0.0978351082255102,0.273654823467491,70
CELP3,201810,3,0.01913964440619,0.042755719277242,70
CESP3,201810,3,0.0187747891595652,0.0829560858134935,70
CGAS3,201810,3,0.035349705721824,0.0923166288659086,70
CGAS5,201810,3,0.0152902094993831,0.000889372243876374,70
CGRA4,201810,3,0.0848114441507114,0.143734230029153,70
CLSC4,201810,3,0.0252569205785654,0.0180905694065059,70
COCE5,201810,3,0.00097323137199095,0.00122411654438563,70
CRIV3,201810,3,0.143962215052119,0.999991331411971,70
CTNM4,201810,3,0.143974080569314,1,70
DIRR3,201810,3,0.0865106699221315,0.138912726399852,70
DMMO3,201810,3,0.0130350122370768,0.0150796432150984,70
ECOR3,201810,3,0.0933088957089446,0.282945351594129,70
ELPL3,201810,3,0.0350365291941943,0.0825212927460358,70
ENEV3,201810,3,0.0165790074183755,0.0872970359536774,70
ENGI4,201810,3,0.0371666503557457,0.0371243093556845,70
EUCA4,201810,3,0.0879520869234975,0.27796887321255,70
EVEN3,201810,3,0.022099851313303,0.0187472413545672,70
FRAS3,201810,3,0.0145196322350152,0.00125827899282753,70
GOAU3,201810,3,0.0881477386576942,0.282848097196948,70
GUAR4,201810,3,0.0892465031740788,0.0970265390749506,70
HBOR3,201810,3,0.10692745905789,0.21119464516978,70
INEP3,201810,3,0.0141280107574212,0.0149458784137061,70
IRBR3,201810,3,0.00111528338600258,0.00261491258476796,70
ITSA3,201810,3,0.129017460168876,0.363108214229163,70
JOPA3,201810,3,0.143962215052119,0.999991331411971,70
JSLG3,201810,3,0.0164296095518045,0.00944501533949025,70
KLBN4,201810,3,0.0296196250841049,0.132160197152362,70
LCAM3,201810,3,0.0114117438841344,0.0175425427986558,70
LLIS3,201810,3,0.0484959800996983,0.328439206208201,70
LOGN3,201810,3,0.0129644927685952,0.00484685825691552,70
LPSB3,201810,3,0.0106334424655228,0.0101629271294783,70
MAGG3,201810,3,0.0529627149720119,0.201560881719414,70
MOAR3,201810,3,0.122641983392791,0.345536694838369,70
OFSA3,201810,3,0.067070466128175,0.198922919892705,70
OIBR4,201810,3,0.0409063314486087,0.12829325664692,70
PARD3,201810,3,0.0942026769113985,0.291972344904493,70
PFRM3,201810,3,0.089247502758604,0.220849446942393,70
PINE4,201810,3,0.0436602861356477,0.136597132980212,70
PNVL3,201810,3,0.0824068607415044,0.255272427207705,70
PTBL3,201810,3,0.0339224532981782,0.119808594929192,70
RAPT3,201810,3,0.143962215052119,0.99999133141197,70
RDNI3,201810,3,0.0918094967975621,0.285799800294539,70
ROMI3,201810,3,0.0207862285577549,0.0199237355112817,70
RPAD3,201810,3,0.143962215052119,0.999991331411971,70
SAPR4,201810,3,0.0176287147336125,0.000437934716227647,70
SCAR3,201810,3,0.00739564189046791,0.0079036580928643,70
SEDU3,201810,3,0.037931478593903,0.190521886953873,70
SGPS3,201810,3,0.0978416447098152,0.273661271735282,70
SHOW3,201810,3,0.0859594047252074,0.154734397269321,70
SNSL3,201810,3,0.143733403925673,0.622443647059462,70
SSBR3,201810,3,0.100230063520305,0.307532105167605,70
TCSA3,201810,3,0.0589272696774226,0.153827960489212,70
TECN3,201810,3,0.0909239056328373,0.221547052640624,70
TESA3,201810,3,0.00129653821573747,0.00559836486431688,70
TRIS3,201810,3,0.0708193498879529,0.0762378463573182,70
TRPN3,201810,3,0.00246694144209787,0.00439129774869549,70
UNIP3,201810,3,0.143962215052119,0.999991331411971,70
UNIP6,201810,3,0.0797726310560866,0.0930703911229238,70
USIM3,201810,3,0.122638227034149,0.345526685570185,70
USIM6,201810,3,0.122641983392791,0.345536694838369,70
AGRO3,201811,3,0.0741562890917089,0.169925733582502,70
ALPA3,201811,3,0.0375874667297821,0.0530035469942426,70
BEEF11,201811,3,0.0640398348084886,0.470216743507496,70
BEEF3,201811,3,0.00719197409299555,0.0377217199642944,70
BIDI4,201811,3,0.0132456964554147,0.029903038452577,70
BRAP3,201811,3,0.108419900229173,0.300234144156672,70
BRGE3,201811,3,0.120813256715351,1,70
BRIN3,201811,3,0.0284564631431138,0.0601074147938927,70
BRSR3,201811,3,0.0747780534475271,0.540485682225094,70
CAMB4,201811,3,0.0667194437553129,0.163393030282415,70
CELP3,201811,3,0.0160071628094988,0.0316879276208259,70
CESP3,201811,3,0.0577375487323441,0.198415267687783,70
CGAS3,201811,3,0.0338893876264967,0.100626208908601,70
CGAS5,201811,3,0.0233784367827807,0.0260280127814915,70
CGRA4,201811,3,0.111419000973988,0.584882153221762,70
CLSC4,201811,3,0.047712369285875,0.0903608593970897,70
COCE5,201811,3,0.00137003472761698,0.0015569084397211,70
CPRE3,201811,3,0.0593720164966438,0.214766383861034,70
CRIV3,201811,3,0.120813256715351,1,70
DIRR3,201811,3,0.0795090599568842,0.23168169472061,70
DMMO3,201811,3,0.0174127461908568,0.0211792890244968,70
ELPL3,201811,3,0.0401185484152957,0.157698921399267,70
ENGI4,201811,3,0.0375970327173174,0.0530132638168314,70
EUCA4,201811,3,0.0741984654884165,0.310996084528151,70
FRAS3,201811,3,0.0145168423594739,0.00170648495256962,70
GFSA3,201811,3,0.0133326126120702,0.014318598559702,70
GOAU3,201811,3,0.0719743662110271,0.304168437136116,70
GUAR4,201811,3,0.0781126782545525,0.165359068581412,70
HBOR3,201811,3,0.0983338244140955,0.196586515120318,70
IRBR3,201811,3,0.00155387181832812,0.00412278704599663,70
ITSA3,201811,3,0.106381629324658,0.27967629256032,70
JOPA3,201811,3,0.120813256715351,1,70
JSLG3,201811,3,0.016211183941695,0.00983901848724296,70
KLBN4,201811,3,0.0591275997196891,0.217339823384488,70
LCAM3,201811,3,0.0105770827553886,0.0195715051837409,70
LLIS3,201811,3,0.042817996856111,0.338122501838591,70
LOGN3,201811,3,0.012203369406018,0.0174587245222306,70
LPSB3,201811,3,0.0132609282519653,0.0385609777297683,70
MAGG3,201811,3,0.0504769106975535,0.24743763449631,70
MILS3,201811,3,0.0676267549809491,0.172864927354278,70
MOAR3,201811,3,0.10098406863013,0.260656310513848,70
OFSA3,201811,3,0.0590402142564581,0.189300900045793,70
PFRM3,201811,3,0.0780753639241195,0.185786219312029,70
PINE4,201811,3,0.0425784776088701,0.1783428482359,70
PNVL3,201811,3,0.0658710591568452,0.206278374706475,70
POMO3,201811,3,0.0152296285685408,0.0195973182198978,70
PTBL3,201811,3,0.0477970244755486,0.0694234200671105,70
QGEP3,201811,3,0.0786884175955889,0.284630193820762,70
RAPT3,201811,3,0.120813256715351,1,70
RDNI3,201811,3,0.0761980386648329,0.316345805973351,70
ROMI3,201811,3,0.028033923272353,0.0426104521365927,70
RPAD3,201811,3,0.120813256715351,1,70
SAPR4,201811,3,0.0242645060546027,0.0247772485654716,70
SCAR3,201811,3,0.0281070732003407,0.0657699326089764,70
SEDU3,201811,3,0.0380089970611662,0.230062719808914,70
SGPS3,201811,3,0.0667268523205164,0.163411285995341,70
SHOW3,201811,3,0.076253988594215,0.256449569600107,70
SNSL3,201811,3,0.0233106098125899,0.114298765558627,70
SSBR3,201811,3,0.0823642050860281,0.333168950099731,70
TCSA3,201811,3,0.0543831738521501,0.146131604938573,70
TECN3,201811,3,0.0803315490456032,0.188892517595886,70
TESA3,201811,3,0.00161306214139944,0.00931313216258608,70
TRIS3,201811,3,0.067700893758424,0.200667750459948,70
TRPN3,201811,3,0.00512173412573663,0.00925274528035092,70
UNIP3,201811,3,0.120813256715351,1,70
UNIP6,201811,3,0.0716844254484484,0.200877343898774,70
USIM3,201811,3,0.10098406863013,0.260656310513848,70
USIM6,201811,3,0.10098406863013,0.260656310513848,70
VIVT3,201811,3,0.0259502580451653,0.119701213801233,70
VVAR11,201811,3,0.0293187088296895,0.0694341568204703,70
ALPA3,201812,3,0.0354474203533313,0.0158060595902556,71
APER3,201812,3,0.0288015136436328,0.0521382431658096,71
BEEF3,201812,3,0.01258310555685,0.0701191344158233,71
BIDI4,201812,3,0.023189267143376,0.0328158012697975,71
BRAP3,201812,3,0.122811122917323,0.297358876543426,71
BRGE3,201812,3,0.139132836609522,0.999999999999998,71
BRIV3,201812,3,0.139132836609522,1,71
BRSR3,201812,3,0.0771504010591564,0.499562881076577,71
BRSR6,201812,3,0.0919805928570386,0.372198625729803,71
CAMB4,201812,3,0.0720458999072106,0.151717710008626,71
CELP3,201812,3,0.0170826001513163,0.030403358405083,71
CESP3,201812,3,0.0510810928919347,0.17840485874503,71
CGAS3,201812,3,0.0345230028592567,0.0897237704317259,71
CGAS5,201812,3,0.0152203443236955,0.0100401949549932,71
CGRA4,201812,3,0.091467783152378,0.559160564613089,71
CLSC4,201812,3,0.0383420462416489,0.0584535275720298,71
COCE5,201812,3,0.00141198644495068,0.00129307486134428,71
CPLE3,201812,3,0.0747730834397674,0.263591853681867,71
CPRE3,201812,3,0.0545393770364501,0.198075666141097,71
CRIV3,201812,3,0.139132836609522,1,71
DIRR3,201812,3,0.0567557016436672,0.0814687799819335,71
DMMO3,201812,3,0.00940635136787882,0.0118062031392889,71
ELPL3,201812,3,0.0580473972437752,0.383979177487322,71
ENGI4,201812,3,0.035466876339327,0.0158421218122339,71
EUCA4,201812,3,0.0873904478259385,0.357463943069405,71
GGBR3,201812,3,0.0486568809257319,0.106043220071889,71
GOAU3,201812,3,0.0852848666542931,0.34236002764341,71
GSHP3,201812,3,0.0320035591298382,0.0511875389863857,71
GUAR4,201812,3,0.0590426751185458,0.0328791982755112,71
HBOR3,201812,3,0.0981962650536748,0.191992504208026,71
IDNT3,201812,3,0.0516170666735775,0.184204329930474,71
IRBR3,201812,3,0.00145055062724705,0.00366705075166245,71
ITSA3,201812,3,0.116352608608952,0.262124606518272,71
JOPA3,201812,3,0.139132836609522,1,71
JSLG3,201812,3,0.00247421113952595,0.0121220159213773,71
KEPL3,201812,3,0.0295050889523995,0.0217943464557755,71
KLBN4,201812,3,0.054962630827661,0.202061024128214,71
LIQO3,201812,3,0.000335181943760171,0.000506614216543943,71
LLIS3,201812,3,0.0459927744090066,0.318296331749817,71
LOGN3,201812,3,0.013393874756648,0.0173971481687108,71
LPSB3,201812,3,0.0130910649589526,0.0238131372296775,71
MAGG3,201812,3,0.0670373744849781,0.271756569454782,71
MILS3,201812,3,0.0679310070175702,0.173939943531216,71
MOAR3,201812,3,0.11600494847893,0.26133876572189,71
OFSA3,201812,3,0.0642169960668197,0.180708849613318,71
OIBR4,201812,3,0.126330960709944,0.311051047049287,71
PARD3,201812,3,0.0917756773537864,0.364147214562931,71
PFRM3,201812,3,0.0832925542175324,0.171718743727706,71
PINE4,201812,3,0.0609113451634415,0.226187432053622,71
PNVL3,201812,3,0.0736024302463707,0.189572574414259,71
POMO3,201812,3,0.0296295602239477,0.0219488171452591,71
PTBL3,201812,3,0.0343069129261034,0.0338311159543006,71
RAPT3,201812,3,0.139132836609522,1,71
RDNI3,201812,3,0.088133109256813,0.353479301553407,71
ROMI3,201812,3,0.0197606624913348,0.020884211857501,71
RPAD3,201812,3,0.139132836609522,1,71
SAPR4,201812,3,0.0388215658535885,0.0225373126844323,71
SCAR3,201812,3,0.0332489975998752,0.0623771230803544,71
SEDU3,201812,3,0.0487679669371903,0.216724792020424,71
SGPS3,201812,3,0.0720506163975468,0.151726883949354,71
SHOW3,201812,3,0.0527056513984544,0.0874652766568059,71
SNSL3,201812,3,0.0290177716661455,0.129503447356137,71
SSBR3,201812,3,0.0985479898706176,0.366235863642324,71
TCSA3,201812,3,0.0486288250280454,0.134843563402193,71
TECN3,201812,3,0.0920587684336789,0.187768867121343,71
TESA3,201812,3,0.00165412827480576,0.00838264830288978,71
TRPN3,201812,3,0.0108275833691098,0.015231711391885,71
UNIP3,201812,3,0.139132836609522,1,71
UNIP6,201812,3,0.0483104425041356,0.0393611436415693,71
USIM3,201812,3,0.11600494847893,0.26133876572189,71
USIM6,201812,3,0.11600494847893,0.26133876572189,71
ALPA3,201901,3,0.0380446115629379,0.0176790109164234,71
APER3,201901,3,0.0279119789144489,0.0401074999870947,71
BEEF3,201901,3,0.0100986726448437,0.0308285494485584,71
BIDI4,201901,3,0.0219222544972651,0.0249984144043525,71
BRAP3,201901,3,0.116444397319062,0.257440565903888,71
BRGE3,201901,3,0.134551994671193,0.999979640923584,71
BRIV3,201901,3,0.134551994671193,0.999979640923583,71
BRPR3,201901,3,0.0913581168334707,0.438906795291163,71
BRSR3,201901,3,0.0710028046049213,0.457995883067862,71
CAMB4,201901,3,0.058317573105197,0.107338417261192,71
CELP3,201901,3,0.0158510752823861,0.0267849574678134,71
CESP3,201901,3,0.0477822617932309,0.165360627254562,71
CGAS3,201901,3,0.0333286331214219,0.0750738143155476,71
CGAS5,201901,3,0.0325078366349405,0.111007562527855,71
CGRA4,201901,3,0.074133666737202,0.424558873649475,71
CLSC4,201901,3,0.0464888142091346,0.0524830010551747,71
COCE5,201901,3,0.00110524682744875,0.000880022040909856,71
CPLE3,201901,3,0.0839156560389224,0.265081759499074,71
CPRE3,201901,3,0.0554769395776126,0.20092944177659,71
CRIV3,201901,3,0.134551994671193,0.999979640923584,71
CTNM4,201901,3,0.134569429221843,1,71
DMMO3,201901,3,0.00873456675210074,0.0232265845262535,71
ENGI4,201901,3,0.0382263778123373,0.0179836788089062,71
EUCA4,201901,3,0.0784210431769655,0.300420699831588,71
FJTA4,201901,3,0.00907335600328472,0.0239658719097814,71
FRAS3,201901,3,0.00744148079710162,0.0145355635799022,71
GGBR3,201901,3,0.0454299378349086,0.0998533865637004,71
GOAU3,201901,3,0.072786449468539,0.271826824273113,71
GSHP3,201901,3,0.0279434121387765,0.0442266538505455,71
GUAR4,201901,3,0.0429222721224971,0.0229507576925915,71
HBOR3,201901,3,0.100292667752146,0.167542893453834,71
IDNT3,201901,3,0.0610524351633166,0.18562750670915,71
IRBR3,201901,3,0.00206993331798121,0.00547018008728914,71
ITSA3,201901,3,0.115834881321109,0.244610680567824,71
JHSF3,201901,3,0.0404220925634534,0.0240139036947878,71
JOPA3,201901,3,0.134551994671193,0.999979640923584,71
JSLG3,201901,3,0.00261161111715555,0.0133613397008322,71
KLBN4,201901,3,0.0558634230903459,0.205204735439769,71
LLIS3,201901,3,0.0351518928931212,0.244402867310201,71
LOGG3,201901,3,0.0632296820469195,0.170716680209597,71
LOGN3,201901,3,0.019816208388673,0.0197471814390812,71
LPSB3,201901,3,0.00686183699259337,0.00740232364753928,71
MAGG3,201901,3,0.0714476398509197,0.266163762756568,71
MOAR3,201901,3,0.111568016786027,0.230427631072605,71
OFSA3,201901,3,0.059302602160089,0.158063089275602,71
OIBR4,201901,3,0.123158671798391,0.261949142721529,71
PARD3,201901,3,0.0829932199072773,0.305010677803052,71
PFRM3,201901,3,0.0770747610806522,0.144572669842424,71
PINE4,201901,3,0.0655619133396501,0.221257656922334,71
PNVL3,201901,3,0.0751251973525464,0.186433400643272,71
POMO3,201901,3,0.0146926614007504,0.0213554191152975,71
PTBL3,201901,3,0.0406348573665721,0.02637760934393,71
RAPT3,201901,3,0.134551994671193,0.999979640923583,71
RDNI3,201901,3,0.0780295681312092,0.302535160828796,71
ROMI3,201901,3,0.0269062269109593,0.0213810487959478,71
RPAD3,201901,3,0.134551994671193,0.999979640923584,71
SCAR3,201901,3,0.0266220688589029,0.0517596008795909,71
SEDU3,201901,3,0.0446403268196442,0.198886508527579,71
SGPS3,201901,3,0.0583230255022488,0.107347306302577,71
SHOW3,201901,3,0.05096127190766,0.149095441042458,71
SNSL3,201901,3,0.0319714517654398,0.163186930252412,71
SSBR3,201901,3,0.0888841250199752,0.313470850105671,71
TCSA3,201901,3,0.0212128685015356,0.0847284852271633,71
TECN3,201901,3,0.0861092767172676,0.159608266601756,71
TESA3,201901,3,0.00157235084870614,0.0079699680647096,71
TRPN3,201901,3,0.0106576022926002,0.0146187108309331,71
UNIP6,201901,3,0.0488536059573648,0.110815647955848,71
USIM3,201901,3,0.111786933810389,0.231578736018436,71
USIM6,201901,3,0.111568016786027,0.230427631072605,71
VIVR3,201901,3,0.013819932566708,0.0449242612174373,71
WIZS3,201901,3,0.0405520594413992,0.134148075087805,71
AGRO3,201902,3,0.0577869418987261,0.0275424701166583,71
ALPA3,201902,3,0.0202176989849044,0.0294044993130121,71
APER3,201902,3,0.0277452599042357,0.0761064078808562,71
BEEF3,201902,3,0.00743877753630545,0.0366974610702284,71
BPAN4,201902,3,0.0626353953518518,0.0461872408428762,71
BRAP3,201902,3,0.11152556470832,0.640794951366367,71
BRGE3,201902,3,0.126223701810249,1,71
BRIV3,201902,3,0.126223701810249,1,71
BRPR3,201902,3,0.107567624400182,0.591559543850799,71
BRSR3,201902,3,0.0704719964034395,0.49165960044863,71
BRSR6,201902,3,0.0902611897247969,0.483303306337813,71
CAMB4,201902,3,0.0506207525656774,0.249705141172255,71
CELP3,201902,3,0.0126937130686899,0.0682302237822539,71
CESP3,201902,3,0.049895401829955,0.184529517811142,71
CGAS3,201902,3,0.0326026470671829,0.108086246223708,71
CGAS5,201902,3,0.0594184336614901,0.230524366619486,71
CGRA3,201902,3,0.0708834926983013,0.447907705834886,71
CGRA4,201902,3,0.0570619392292568,0.352493884320526,71
CLSC4,201902,3,0.0613736801772174,0.0498348609152734,71
COCE5,201902,3,0.0197342438556334,0.114498006008016,71
CPLE3,201902,3,0.0799475429579997,0.294446603691374,71
CPRE3,201902,3,0.0541054910011212,0.206130598357215,71
CRIV3,201902,3,0.126223701810249,1,71
DMMO3,201902,3,0.00644210806627562,0.0233818856017625,71
ENGI4,201902,3,0.0202960886694312,0.0297607235441667,71
EUCA4,201902,3,0.0860756273872833,0.45894472869197,71
FJTA4,201902,3,0.015785059088938,0.0321478846570233,71
FRAS3,201902,3,0.00460693180711058,0.0131594816990319,71
GFSA3,201902,3,0.0144946057263655,0.0292935809849456,71
GOAU3,201902,3,0.0843934662484862,0.451244368667719,71
GSHP3,201902,3,0.0146578048912778,0.0370087066319996,71
HBOR3,201902,3,0.0845266418236127,0.411320019738599,71
IDNT3,201902,3,0.0524690713335692,0.171422556418862,71
ITSA3,201902,3,0.12980956067741,0.673816128218915,71
JHSF3,201902,3,0.0572832441586097,0.0292275807081371,71
JOPA3,201902,3,0.126223701810249,1,71
JSLG3,201902,3,0.00381444206331154,0.0199820500746248,71
KLBN4,201902,3,0.0542105132978574,0.209094671127848,71
LLIS3,201902,3,0.0329859857606713,0.232749846913051,71
LOGG3,201902,3,0.0770485021574542,0.363192100374053,71
LOGN3,201902,3,0.007048061735347,0.0153588921652397,71
LPSB3,201902,3,0.00596255094163656,0.00817943331487995,71
MAGG3,201902,3,0.00551208024894668,0.0117941517745428,71
MOAR3,201902,3,0.107529687079898,0.61764320404296,71
OFSA3,201902,3,0.0563453827187661,0.26947837066627,71
OIBR4,201902,3,0.0971286104946324,0.564417204353679,71
PARD3,201902,3,0.0889998523885176,0.475851361997131,71
PFRM3,201902,3,0.072873730338656,0.364200702485733,71
PINE4,201902,3,0.055836542388046,0.206771405598729,71
PNVL3,201902,3,0.0766693038451619,0.429219865442238,71
POMO3,201902,3,0.0100779318925237,0.0311777176229233,71
PTBL3,201902,3,0.0555889371770688,0.0313345441416903,71
RAPT3,201902,3,0.126223701810249,1,71
RDNI3,201902,3,0.0874595852334789,0.473847274298727,71
RPAD3,201902,3,0.126223701810249,1,71
SCAR3,201902,3,0.018727968514877,0.0606167952531589,71
SEDU3,201902,3,0.0504917731703519,0.227133358286203,71
SGPS3,201902,3,0.0506395850718933,0.249714930535465,71
SHOW3,201902,3,0.0764755106624522,0.389965146610681,71
SHUL4,201902,3,0.0756375544322206,0.387751441656462,71
SQIA3,201902,3,0.114487956090853,0.791766591252402,71
SSBR3,201902,3,0.0950736177361697,0.479450193600277,71
TCSA3,201902,3,0.0177786018254764,0.105783216546878,71
TECN3,201902,3,0.0817652355391434,0.403647753807998,71
TESA3,201902,3,0.00135626330345598,0.00763792267452743,71
TRPN3,201902,3,0.0068844515389041,0.0122759725547695,71
UNIP6,201902,3,0.076816466173149,0.335131907019601,71
USIM3,201902,3,0.107529687122455,0.617643204116916,71
USIM6,201902,3,0.107529687079898,0.61764320404296,71
VIVR3,201902,3,0.0161407053573055,0.0558498866378126,71
WIZS3,201902,3,0.0406200131184485,0.132332514574144,71
AGRO3,201903,3,0.00522641935136298,0.00706425412318916,71
ALPA3,201903,3,0.0204067719219053,0.0179421377552307,71
APER3,201903,3,0.0268886189384394,0.0338826796352071,71
BPAN4,201903,3,0.0844219493766026,0.332718647092938,71
BRAP3,201903,3,0.115351836875468,0.382161181552106,71
BRPR3,201903,3,0.125701861148561,0.92007544208003,71
BRSR3,201903,3,0.0437298063748657,0.0556139757074767,71
BRSR6,201903,3,0.0878228725755979,0.185607832809972,71
CAMB4,201903,3,0.0473132228804765,0.159924327954217,71
CELP3,201903,3,0.0137476744177047,0.0428641365231746,71
CESP3,201903,3,0.0422726647333362,0.0263184090923392,71
CGAS3,201903,3,0.0301233550910715,0.0388689290878302,71
CGAS5,201903,3,0.0662925681278586,0.0729157088683225,71
CGRA4,201903,3,0.0368131311458428,0.0939605871800834,71
CLSC4,201903,3,0.0793457255844798,0.310992037431342,71
COCE5,201903,3,0.0256657643675702,0.0376169960488537,71
CPRE3,201903,3,0.0474441219761922,0.0290054898477606,71
CRIV3,201903,3,0.0572677147786698,0.107826846722379,71
DIRR3,201903,3,0.133297686913884,0.942092378145537,71
DMMO3,201903,3,0.0120010936460118,0.0701814994302204,71
ENGI4,201903,3,0.0203479750985238,0.0177835078924193,71
EUCA4,201903,3,0.0801927898340205,0.1314445375948,71
FHER3,201903,3,0.0515054617292523,0.0828219533062933,71
FJTA4,201903,3,0.0331655265399819,0.134791681180019,71
FRAS3,201903,3,0.00337142898880808,0.0035849624960836,71
GFSA3,201903,3,0.026933647572711,0.102986732585119,71
GOAU3,201903,3,0.072475404492143,0.121914855622767,71
HBOR3,201903,3,0.100224779046329,0.277594037517456,71
IDNT3,201903,3,0.0443907300201437,0.034420532282382,71
ITSA3,201903,3,0.137929718783388,0.552766405425794,71
JHSF3,201903,3,0.0768109425859083,0.31577536223594,71
JSLG3,201903,3,0.00812066578777523,0.0438505093102229,71
KLBN4,201903,3,0.0472064686268339,0.0287205983524465,71
LEVE3,201903,3,0.107833396741985,0.873988131059266,71
LLIS3,201903,3,0.0216576953424194,0.0319063394917292,71
LOGG3,201903,3,0.114486894745636,0.950210477646384,71
LOGN3,201903,3,0.0368196703719854,0.148855538712227,71
LPSB3,201903,3,0.00362825981775338,0.00648655445363019,71
MOAR3,201903,3,0.112543987938123,0.379418203138668,71
MPLU3,201903,3,0.0851395247698778,0.103179144713657,71
OFSA3,201903,3,0.0605998053929743,0.154246599007403,71
OIBR4,201903,3,0.11270988832408,0.379468707891635,71
PARD3,201903,3,0.0875363939319055,0.152384718238824,71
PFRM3,201903,3,0.091334713579665,0.251845403028928,71
PINE4,201903,3,0.0474522665471244,0.0421596336290789,71
POMO3,201903,3,0.00836798559646926,0.0196488848943708,71
PRIO3,201903,3,0.0700968369917204,0.242703814572468,71
PTBL3,201903,3,0.072255955961983,0.294819260323125,71
RDNI3,201903,3,0.0841881088377991,0.182464494351116,71
RNEW11,201903,3,0.0192139974996257,0.0131060307500304,71
RNEW3,201903,3,0.019236356728829,0.0132996959193575,71
SAPR4,201903,3,0.11874001379929,0.892753646857492,71
SCAR3,201903,3,0.0218831107629849,0.114406057107607,71
SEDU3,201903,3,0.057733587048814,0.0730555149067037,71
SGPS3,201903,3,0.0948671169964235,0.344956286918403,71
SHOW3,201903,3,0.121348073283597,0.955291461502291,71
SHUL4,201903,3,0.112424334875614,0.947722712615331,71
SQIA3,201903,3,0.090155044770315,0.27062821696558,71
SSBR3,201903,3,0.0898689191042244,0.157703285684831,71
TCSA3,201903,3,0.0102292021952053,0.0229852153995601,71
TECN3,201903,3,0.0984893744405383,0.272707755827821,71
TESA3,201903,3,0.000981509718732672,0.000839667476303514,71
TIET3,201903,3,0.0906704642499266,0.25176155571035,71
TIET4,201903,3,0.0835736473881611,0.233689634732503,71
TRIS3,201903,3,0.131849386698707,0.898485783526391,71
TRPN3,201903,3,0.00243299143139649,0.00205428611590047,71
UNIP6,201903,3,0.137575218918714,1,71
USIM3,201903,3,0.112966264190227,0.379930612593096,71
USIM6,201903,3,0.112543987938123,0.379418203138667,71
VIVR3,201903,3,0.0150522375098658,0.00877049100754831,71
WIZS3,201903,3,0.0296255737119341,0.0328058114293716,71
AGRO3,201904,3,0.00457025603778179,0.00516254027123851,72
ALPA3,201904,3,0.0195299943534851,0.012730158322964,72
APER3,201904,3,0.0275416143766873,0.03618878628694,72
BPAN4,201904,3,0.0695155456068284,0.118462701722377,72
BRAP3,201904,3,0.0939059140900588,0.281434353851573,72
BRGE3,201904,3,0.123354394302026,0.444632131875383,72
BRIV3,201904,3,0.123354394302026,0.444632131875383,72
BRPR3,201904,3,0.142295313879851,1,72
BRSR3,201904,3,0.0737781090483473,0.249152692621885,72
BRSR6,201904,3,0.0894863883882252,0.255290085673042,72
CAMB4,201904,3,0.0411856706727092,0.110253231198361,72
CELP3,201904,3,0.0101055609292614,0.0262012465539552,72
CESP3,201904,3,0.0426578404503748,0.0521040588534709,72
CGAS3,201904,3,0.0327689383084736,0.0518073979522473,72
CGRA4,201904,3,0.0503134819135216,0.166217901034446,72
CLSC4,201904,3,0.068018684410136,0.112200005665157,72
COCE5,201904,3,0.05546056129714,0.152053841146948,72
CPRE3,201904,3,0.0254187679557565,0.0658103941942224,72
CRIV3,201904,3,0.123354394302026,0.444632131875383,72
DIRR3,201904,3,0.121851998779405,0.938880182923295,72
DMMO3,201904,3,0.0159119423107144,0.0660013039447023,72
ENGI4,201904,3,0.0195296089407876,0.0127292877264915,72
EUCA4,201904,3,0.080964613271924,0.193947344056796,72
FESA4,201904,3,0.033147471759789,0.118694642401981,72
FHER3,201904,3,0.0614423008401496,0.190742192182688,72
FJTA4,201904,3,0.0229605566769628,0.0872068514231182,72
FRAS3,201904,3,0.00342384575208196,0.0061156295160397,72
GFSA3,201904,3,0.0522556241802087,0.0992205050985488,72
GGBR3,201904,3,0.0386420816535249,0.053059959018758,72
GOAU3,201904,3,0.0743800540814621,0.179534491363617,72
HBOR3,201904,3,0.0710164420313984,0.154488435883901,72
IDNT3,201904,3,0.0414292927557004,0.0559502711120767,72
ITSA3,201904,3,0.146271800642909,0.826107419557634,72
JHSF3,201904,3,0.0654902665619485,0.106540250877772,72
JOPA3,201904,3,0.123354394302026,0.444632131875383,72
JSLG3,201904,3,0.0117928346016489,0.0485996279809479,72
KROT11,201904,3,0.00875924362337229,0.028334676095698,72
LEVE3,201904,3,0.106077959511089,0.890234221038611,72
LLIS3,201904,3,0.0349827883646131,0.115231061522445,72
LOGG3,201904,3,0.108214487008011,0.930588106198944,72
LOGN3,201904,3,0.0613489554047041,0.106732816369552,72
LPSB3,201904,3,0.00347491976451559,0.00363340264527918,72
MAGG3,201904,3,0.000802692294958858,0.00108166821744881,72
MOAR3,201904,3,0.0903986064631251,0.271530446664636,72
OFSA3,201904,3,0.0537497406304094,0.124312610530014,72
PARD3,201904,3,0.0865899235225533,0.2054180145888,72
PFRM3,201904,3,0.0599526435246703,0.12759041399139,72
PINE4,201904,3,0.043867819952364,0.070444460134418,72
POMO3,201904,3,0.00874519139141295,0.0208942035592611,72
PTBL3,201904,3,0.0631338979081871,0.103906073942574,72
RAPT3,201904,3,0.123354394302026,0.444632131875383,72
RDNI3,201904,3,0.0850369939154541,0.247006491345701,72
RNEW11,201904,3,0.0420443925310617,0.0519111529082557,72
RNEW3,201904,3,0.0422876101889258,0.0514970286958085,72
RPAD3,201904,3,0.123354394302026,0.444632131875383,72
SAPR4,201904,3,0.112472918978526,0.871127308858677,72
SCAR3,201904,3,0.0173970065545064,0.0882366176584038,72
SEDU3,201904,3,0.0484599510943888,0.115729851995757,72
SGPS3,201904,3,0.0778569059320212,0.151743212989972,72
SHOW3,201904,3,0.114503015521225,0.930991166653142,72
SHUL4,201904,3,0.112077274727828,0.943706211997515,72
SQIA3,201904,3,0.110741856518914,0.355692949178929,72
SSBR3,201904,3,0.086669851028351,0.208390967342599,72
TCSA3,201904,3,0.012569410322911,0.0367074679128759,72
TECN3,201904,3,0.0685493834042025,0.147223599495993,72
TESA3,201904,3,0.00117902280543599,0.0031982457737764,72
TRPN3,201904,3,0.00499008568124757,0.00510568665391424,72
UNIP6,201904,3,0.128197348515985,0.935833789563999,72
USIM3,201904,3,0.0908968251043849,0.272725424614376,72
USIM6,201904,3,0.0903986064631251,0.271530446664636,72
VIVR3,201904,3,0.000471803783587392,0.00086889789761105,72
WIZS3,201904,3,0.0301287941917222,0.0466141157064018,72
ALPA3,201905,3,0.0202245325500981,0.0358070530326237,73
ALUP3,201905,3,0.0161730595211871,0.028436632538015,73
ALUP4,201905,3,0.129194821456511,0.985355472980131,73
APER3,201905,3,0.02787744634674,0.060283318330742,73
BBTG11,201905,3,0.000745926383619088,0.000414670987845885,73
BPAN4,201905,3,0.086574741207395,0.0437783027669382,73
BRAP3,201905,3,0.11568257920336,0.70941200613235,73
BRPR3,201905,3,0.109264882038329,0.177919578029291,73
BRSR3,201905,3,0.0452038273734553,0.017767063097577,73
BRSR6,201905,3,0.0813738107504731,0.0586476930179718,73
CAMB4,201905,3,0.0541076317767192,0.303886098433295,73
CELP3,201905,3,0.0145264173772712,0.0954103687512579,73
CESP3,201905,3,0.0370166407198458,0.0103288416934174,73
CGAS3,201905,3,0.0311935559851169,0.0619103007246416,73
CGRA4,201905,3,0.0303399184222327,0.0317676293106822,73
CLSC4,201905,3,0.0869632502849749,0.0455132653611826,73
CPRE3,201905,3,0.0127071779482772,0.00693780904411469,73
DIRR3,201905,3,0.106711130374003,0.162005101276159,73
DMMO3,201905,3,0.00182909543850091,0.0016977228207067,73
ENGI4,201905,3,0.0202220128360127,0.0357933275505796,73
EUCA4,201905,3,0.0745109593144182,0.0491253786777515,73
EZTC3,201905,3,0.0101197986242308,0.0298221589010303,73
FESA4,201905,3,0.0392726766208558,0.0152777214093143,73
FHER3,201905,3,0.03843070169858,0.0154869617693009,73
FJTA4,201905,3,0.0397659540271334,0.0123111893798607,73
FRAS3,201905,3,0.00222092121022089,0.00117733173443392,73
GFSA3,201905,3,0.0351529168226053,0.0117839370503709,73
GGBR3,201905,3,0.0409719956820825,0.129075899403915,73
GOAU3,201905,3,0.0709902315813164,0.0734412569179721,73
HBOR3,201905,3,0.138007464753133,0.996196915105084,73
ITSA3,201905,3,0.153464798602794,0.656884527696264,73
JHSF3,201905,3,0.0853046736947997,0.0433691404762208,73
JOPA3,201905,3,0.0458805931651803,0.0263585816094542,73
JSLG3,201905,3,0.0154943396017227,0.0135752646154277,73
KEPL3,201905,3,0.0853049318781429,0.0433922060769734,73
KLBN3,201905,3,0.130296047228415,0.992888273626723,73
KLBN4,201905,3,0.130257137695149,0.992585789194294,73
KROT11,201905,3,0.00498652917966639,0.00256976730205725,73
LEVE3,201905,3,0.08913102716993,0.155827153984128,73
LLIS3,201905,3,0.031397450808799,0.0120657588477817,73
LOGG3,201905,3,0.0968287786389293,0.167331947098645,73
LOGN3,201905,3,0.0746353654380318,0.0384782459915903,73
LPSB3,201905,3,0.0040364503376578,0.00512054112303909,73
MOAR3,201905,3,0.113913785475134,0.709060545543046,73
MOVI3,201905,3,0.0282943851678372,0.0336413145071015,73
OFSA3,201905,3,0.075395947556561,0.443676094480754,73
OIBR4,201905,3,0.113935542311873,0.709094917919142,73
PARD3,201905,3,0.0826824141342598,0.104994941081286,73
PFRM3,201905,3,0.130265591781231,0.991684428585625,73
PINE4,201905,3,0.0136935900905657,0.00608851790227936,73
POMO3,201905,3,6.99034210849176e-05,9.05052276507777e-05,73
PRIO3,201905,3,0.0604914922624862,0.0199031714475412,73
PTBL3,201905,3,0.0795108697500641,0.0433590072768254,73
RDNI3,201905,3,0.0710167298185262,0.046931975076476,73
RNEW11,201905,3,0.0363714472221965,0.0102456779679815,73
RNEW3,201905,3,0.0367633247195694,0.0102645786374757,73
SCAR3,201905,3,0.0159409144202226,0.0135393081775905,73
SGPS3,201905,3,0.0836764718330656,0.300669813751427,73
SHOW3,201905,3,0.0975259842044327,0.175177374597172,73
SHUL4,201905,3,0.0919257973276397,0.164107771269293,73
SQIA3,201905,3,0.0164932219170624,0.0976214203504225,73
SSBR3,201905,3,0.0784030295633536,0.0694252872389796,73
TCSA3,201905,3,0.0174833760651061,0.0221298101813079,73
TECN3,201905,3,0.136019785092416,1,73
TESA3,201905,3,0.00101249561160982,0.000395855454843539,73
TIET3,201905,3,0.130303432008313,0.992884448292124,73
TIET4,201905,3,0.130117024829925,0.991461761848386,73
TRIS3,201905,3,0.0704708795883659,0.0358435638439947,73
TRPN3,201905,3,0.00449199528121493,0.00421337298244391,73
UNIP6,201905,3,0.0959196255817126,0.163701779319474,73
USIM3,201905,3,0.114108312685421,0.709122275302559,73
USIM6,201905,3,0.113913785475134,0.709060545543046,73
WIZS3,201905,3,0.0231193626907886,0.0101583992296418,73
AGRO3,201906,3,0.00496505235833534,0.0267057972744246,74
ALPA3,201906,3,0.0193713026365926,0.0437704932036074,74
ALUP3,201906,3,0.0137338461854189,0.0470628381655776,74
ALUP4,201906,3,0.0891882810238765,0.920479190190221,74
APER3,201906,3,0.0301337013436625,0.0993524972463144,74
AZEV4,201906,3,0.00680055569852028,0.0169249684204525,74
BBTG11,201906,3,0.000553852881965012,0.00193462623128974,74
BRAP3,201906,3,0.0962113870223128,0.902428484979362,74
BRGE3,201906,3,0.0934852339387651,0.236281255285151,74
BRIV3,201906,3,0.0934852339387651,0.236281255285151,74
BRSR3,201906,3,0.0661441025191441,0.155293621836056,74
BRSR6,201906,3,0.0844651346680136,0.265425403947509,74
CAMB4,201906,3,0.0446061333844793,0.399964417139003,74
CEBR3,201906,3,0.0211923993296881,0.0726881031068767,74
CELP3,201906,3,0.011270636755126,0.108812103582956,74
CESP3,201906,3,0.0391607212501032,0.0386535116881511,74
CGAS3,201906,3,0.0310663239045458,0.101762160502307,74
CGRA4,201906,3,0.0538554156645323,0.145331775770826,74
CLSC4,201906,3,0.0781127655134072,0.311281728453029,74
CPRE3,201906,3,0.0214739791346618,0.046679527507743,74
CRIV3,201906,3,0.093485233938765,0.236281255285151,74
DIRR3,201906,3,0.102034123486461,0.628132526392594,74
DMMO3,201906,3,0.0118121134859001,0.0219834004811728,74
ELPL3,201906,3,0.0244803391097411,0.0416760014317513,74
ENGI4,201906,3,0.0192212482235836,0.0436012334998469,74
EUCA4,201906,3,0.0772054628668157,0.228381067048745,74
FHER3,201906,3,0.0381360612434821,0.0985972647735932,74
FJTA4,201906,3,0.0190552096640949,0.0647075559154401,74
FRAS3,201906,3,0.00629289386806383,0.00602818953297885,74
GFSA3,201906,3,0.0168249998547427,0.0531193466477169,74
GGBR3,201906,3,0.043817607771088,0.143744941189167,74
GOAU3,201906,3,0.0743411516086823,0.241720670882128,74
GPCP3,201906,3,0.00316826836918111,0.000525351594416967,74
HBOR3,201906,3,0.107500292300596,1,74
IDNT3,201906,3,0.0179820548855885,0.0310014202017803,74
ITSA3,201906,3,0.100832390837559,0.754102300323245,74
JHSF3,201906,3,0.096908152347727,0.455549670007683,74
JOPA3,201906,3,0.093485233938765,0.236281255285151,74
KEPL3,201906,3,0.0741672432034917,0.30411910212506,74
KLBN4,201906,3,0.00027410734904984,0.000834578634178987,74
KROT11,201906,3,0.00960463341022834,0.0255783884332054,74
LLIS3,201906,3,0.0283284986485122,0.068522824587428,74
LOGG3,201906,3,0.0911245024614105,0.606976634050112,74
LOGN3,201906,3,0.0724299406905675,0.298095075323183,74
LPSB3,201906,3,0.0059709766147323,0.013518825293762,74
MOAR3,201906,3,0.0929658423789872,0.896558408577392,74
OFSA3,201906,3,0.0625666866247505,0.480776349982468,74
OIBR4,201906,3,0.0930645882240135,0.896641904508544,74
PARD3,201906,3,0.0846017588659493,0.28885064634649,74
PFRM3,201906,3,0.0943343393075162,0.958710663646448,74
POMO3,201906,3,0.000154493156703788,0.000279690099965757,74
PTBL3,201906,3,0.0730945961209575,0.300735793661447,74
RDNI3,201906,3,0.075244913759298,0.223808004884584,74
RNEW11,201906,3,0.0383154708300682,0.0379810104417639,74
RNEW3,201906,3,0.0386669149046741,0.0380511133777501,74
RPAD3,201906,3,0.093485233938765,0.236281255285151,74
SAPR4,201906,3,0.0866692907233332,0.542309979194254,74
SCAR3,201906,3,0.0143914773353214,0.0639174369071007,74
SGPS3,201906,3,0.0784182968577015,0.494894309032157,74
SHOW3,201906,3,0.0899884628838372,0.599798279759419,74
SHUL4,201906,3,0.0861664210246555,0.597515866377201,74
SMLE3,201906,3,0.00546489268484335,0.0104841621895841,74
SQIA3,201906,3,0.0148771957126476,0.140922843735254,74
SSBR3,201906,3,0.0813726789906165,0.252048176254463,74
TCSA3,201906,3,0.0148038699715923,0.03669079081237,74
TECN3,201906,3,0.100370089332664,0.996373459074544,74
TESA3,201906,3,0.00160354681160058,0.00334968953406505,74
TIET3,201906,3,0.0937157841637688,0.960325019975479,74
TIET4,201906,3,0.0853647831939125,0.88504174747546,74
TRIS3,201906,3,0.063059529669435,0.246171171605976,74
UNIP6,201906,3,0.0855014683280666,0.594025884356494,74
USIM3,201906,3,0.0938577236015227,0.898478083323323,74
USIM6,201906,3,0.0929658423789873,0.896558408577392,74
WIZS3,201906,3,0.0327887885046992,0.0880076901998737,74
AGRO3,201907,3,0.00402322815836439,0.00714769715999669,74
ALPA3,201907,3,0.0197465036147334,0.0108686883675486,74
ALUP3,201907,3,0.00904176860383282,0.0140379144436333,74
ALUP4,201907,3,0.0985029380203149,0.244166643401125,74
APER3,201907,3,0.0367743889368719,0.0506973539457911,74
AZEV4,201907,3,0.00645193530233296,0.00418483941469112,74
BBTG11,201907,3,0.000687368413291962,0.00199261434107661,74
BEEF11,201907,3,0.123139998517988,0.893831886574695,74
BRAP3,201907,3,0.110368606702914,0.244984590282253,74
BRGE3,201907,3,0.0968617016025228,0.069553714641875,74
BRIV3,201907,3,0.0968617016025228,0.069553714641875,74
BRSR3,201907,3,0.0671410671291566,0.0532269773704069,74
BRSR6,201907,3,0.0798606784257535,0.0631700662840323,74
CAMB4,201907,3,0.0508018855262859,0.139359236111822,74
CEBR3,201907,3,0.0257365781250422,0.0877663060403562,74
CELP3,201907,3,0.0120447598411891,0.0280892631173023,74
CESP3,201907,3,0.037265428749333,0.00885938959585205,74
CGAS3,201907,3,0.0350905303541985,0.043819398995786,74
CGRA4,201907,3,0.0611160024880743,0.107623273482437,74
CLSC4,201907,3,0.123373084233769,0.985699015874752,74
CPLE3,201907,3,0.0398153857022682,0.0376142810593824,74
CPRE3,201907,3,0.0209966542077084,0.0152077517229494,74
CRIV3,201907,3,0.0968617016025229,0.069553714641875,74
DIRR3,201907,3,0.0841467061995869,0.363054744486511,74
ELPL3,201907,3,0.0314692148230339,0.0346575301424903,74
ENGI4,201907,3,0.0197441989755186,0.0108642133238383,74
EUCA4,201907,3,0.0757389683092637,0.0523593443174403,74
FESA4,201907,3,0.0198930249915013,0.027192787734318,74
FHER3,201907,3,0.0447803582650598,0.0386517665632303,74
FJTA4,201907,3,0.0237127359632648,0.0303372173250868,74
FRAS3,201907,3,0.00635008692597905,0.0374628649868214,74
GGBR3,201907,3,0.0393624250405635,0.0417213164281494,74
GOAU3,201907,3,0.0587143929536018,0.051262640384189,74
GPCP3,201907,3,0.000631958349355753,0.000878494491604977,74
HBOR3,201907,3,0.146501144104741,0.507305048370426,74
ITSA3,201907,3,0.110803781160041,0.244656028216744,74
JHSF3,201907,3,0.134055418868139,1,74
JOPA3,201907,3,0.0968617016025228,0.069553714641875,74
JSLG3,201907,3,0.0181367705160443,0.130676131219975,74
KEPL3,201907,3,0.119665633825222,0.982415249016148,74
KLBN3,201907,3,0.0122744237158734,0.00822528366392816,74
KLBN4,201907,3,0.0985001124170878,0.244130561070938,74
KROT11,201907,3,0.0131510965625397,0.0103558915286679,74
LLIS3,201907,3,0.0281787996112259,0.0238633103406059,74
LOGG3,201907,3,0.105849820208031,0.487690530130243,74
LOGN3,201907,3,0.116501550285436,0.953156752088965,74
LPSB3,201907,3,0.00784576977191048,0.00649348500538943,74
MOAR3,201907,3,0.105432841320649,0.242051590417291,74
OFSA3,201907,3,0.0633939260806199,0.12473767100904,74
OIBR4,201907,3,0.10551465373054,0.242076987826355,74
PARD3,201907,3,0.0836239084236344,0.067044488208703,74
PFRM3,201907,3,0.0991250557409748,0.244078335014402,74
PLAS3,201907,3,0.0985029380203149,0.244166643401125,74
PMAM3,201907,3,0.121439772861506,0.982917144075139,74
POMO3,201907,3,0.000353599742682609,0.000125938253846483,74
PTBL3,201907,3,0.118104013984708,0.946928928712773,74
RDNI3,201907,3,0.0736360622646178,0.0480546086698767,74
RNEW11,201907,3,0.0382297048510205,0.00939418316269118,74
RNEW3,201907,3,0.0367142065013943,0.00862556096289238,74
RNEW4,201907,3,0.00237912845010371,0.00687167405649925,74
RPAD3,201907,3,0.0968617016025228,0.0695537146418751,74
SAPR4,201907,3,0.0693047777093396,0.204035465961971,74
SCAR3,201907,3,0.0119738140467865,0.0253644125097448,74
SGPS3,201907,3,0.134378934516795,0.936076855780036,74
SHUL4,201907,3,0.0841898549887103,0.395537751229189,74
SQIA3,201907,3,0.0180506265300691,0.0411000415904416,74
SSBR3,201907,3,0.0892935009546801,0.064547222235454,74
TECN3,201907,3,0.109021354991395,0.263440776962115,74
TESA3,201907,3,0.00175527353753944,0.00126502888951041,74
UCAS3,201907,3,0.124705921177387,0.979362820215229,74
UNIP6,201907,3,0.0642023040760257,0.222507470072765,74
USIM3,201907,3,0.107266026755149,0.243369947622869,74
USIM6,201907,3,0.105432841320649,0.242051590417291,74
WIZS3,201907,3,0.036247567042886,0.182751200739601,74
AGRO3,201908,3,0.114528695339242,0.99355162733684,73
ALPA3,201908,3,0.032696724930463,0.0163200881754699,73
APER3,201908,3,0.0248111711592661,0.0375566561168072,73
BBTG11,201908,3,0.00146865607529251,0.00410259796014845,73
BEEF11,201908,3,0.12071294440975,1,73
BIDI3,201908,3,0.0386751411333069,0.0327681163552244,73
BRAP3,201908,3,0.105387836703476,0.271757203704435,73
BRGE3,201908,3,0.12635426927038,0.579971205247837,73
BRIV3,201908,3,0.12635426927038,0.579971205247837,73
BRSR3,201908,3,0.0816760561047726,0.358617597795157,73
BRSR6,201908,3,0.0929594454898921,0.256884114624865,73
CAMB4,201908,3,0.0512656533134105,0.106223832656821,73
CELP3,201908,3,0.0217173652456006,0.0274858947916891,73
CESP3,201908,3,0.0380333988660355,0.0576900173564738,73
CGRA4,201908,3,0.0485094156932167,0.240877562378418,73
CLSC4,201908,3,0.116136478739477,0.998697537663871,73
CPLE3,201908,3,0.0524368136566614,0.196658303294521,73
CPRE3,201908,3,0.0283824215933575,0.106744113867021,73
CRDE3,201908,3,0.0270569064720501,0.0372842573803394,73
CRIV3,201908,3,0.12635426927038,0.579971205247837,73
CTNM4,201908,3,0.126368549139849,0.580003778441942,73
DIRR3,201908,3,0.0672062021697324,0.334747301831076,73
DMMO3,201908,3,0.0279192020439148,0.0959089412269265,73
ELPL3,201908,3,0.038078121119188,0.135305231517108,73
ENGI4,201908,3,0.0326954151812337,0.0163159266994984,73
EUCA4,201908,3,0.0876302206074593,0.235237519134849,73
FESA4,201908,3,0.0755157822830164,0.582786516781511,73
FHER3,201908,3,0.0590654957910776,0.21506778278191,73
FJTA4,201908,3,0.0297537590104024,0.111836623428752,73
GGBR3,201908,3,0.0280493016356942,0.0707919717844405,73
GOAU3,201908,3,0.085817965702593,0.204495626199352,73
GOAU4,201908,3,0.0956990498077857,0.24458938752919,73
HBOR3,201908,3,0.14819102342923,0.868157161391504,73
IDNT3,201908,3,0.0259455672507597,0.0689836464717713,73
ITSA3,201908,3,0.103033440696734,0.26026388664021,73
JHSF3,201908,3,0.124559944671576,0.960122045070168,73
JOPA3,201908,3,0.12635426927038,0.579971205247837,73
JSLG3,201908,3,0.0100681431883454,0.075559265502847,73
KEPL3,201908,3,0.114299635970952,0.994732894062577,73
KLBN3,201908,3,0.016154769105288,0.00513894944035817,73
KLBN4,201908,3,0.0161648251252648,0.0051638768661987,73
KROT11,201908,3,0.01746135408844,0.0788593039396711,73
LLIS3,201908,3,0.0316031347362538,0.129866334849939,73
LOGG3,201908,3,0.0982305771808829,0.567123689525066,73
LOGN3,201908,3,0.112652365020794,0.964622064745851,73
LPSB3,201908,3,0.0141938012233726,0.0464672348764584,73
MOAR3,201908,3,0.100133193996641,0.253645999161393,73
OFSA3,201908,3,0.0498687341920243,0.140052288185945,73
OIBR4,201908,3,0.104459856256158,0.266172208787508,73
PARD3,201908,3,0.0912034657326347,0.261677324448429,73
PFRM3,201908,3,0.0694430903171142,0.206573119970988,73
PLAS3,201908,3,0.0694161672392267,0.206493526096332,73
POMO3,201908,3,0.00108830938146042,0.00476424843232626,73
PTBL3,201908,3,0.0738187094206758,0.596933434926926,73
RAPT3,201908,3,0.126354314293914,0.579971258999225,73
RDNI3,201908,3,0.0859654407859124,0.230809548153691,73
RNEW11,201908,3,0.0388646919161376,0.0596009937613463,73
RNEW3,201908,3,0.0374564702653408,0.0575718605529,73
RNEW4,201908,3,0.00242273394842031,0.00593765777552379,73
ROMI3,201908,3,0.116856916313865,0.999035799256711,73
RPAD3,201908,3,0.12635426927038,0.579971205247838,73
SCAR3,201908,3,0.00691506708184203,0.028030461345152,73
SGPS3,201908,3,0.0590727636256448,0.133691871116824,73
SHUL4,201908,3,0.0753863044662843,0.473065189859368,73
SMLE3,201908,3,0.00959556553151869,0.0187901886858708,73
SQIA3,201908,3,0.0122322615616373,0.0308163807603877,73
TECN3,201908,3,0.0820211727915776,0.235343295910219,73
TESA3,201908,3,0.002199408433821,0.00876685301011074,73
TUPY3,201908,3,0.048107032052165,0.237692241970558,73
USIM3,201908,3,0.102102806335796,0.259775075820457,73
USIM6,201908,3,0.100133193996641,0.253645999161393,73
VIVT3,201908,3,0.0677599236598322,0.188204847912528,73
WIZS3,201908,3,0.0393638926349244,0.178878958958819,73
AGRO3,201909,3,0.112933350542626,0.989702350202465,72
ALPA3,201909,3,0.0454711724594889,0.0395476652698236,72
APER3,201909,3,0.0121932054005436,0.0415083061691854,72
AZEV4,201909,3,0.00729801979004939,0.0244174058939472,72
BBTG11,201909,3,0.00126251185112782,0.00201329663857373,72
BEEF11,201909,3,0.117304353967152,1,72
BIDI3,201909,3,0.0396798186599339,0.0383051478241944,72
BRAP3,201909,3,0.104057116978571,0.321789486697883,72
BRGE3,201909,3,0.131753310556928,0.597235015310778,72
BRIV3,201909,3,0.131753310556928,0.597235015310778,72
BRSR3,201909,3,0.0822058036802768,0.357230516704502,72
BRSR6,201909,3,0.0779926309084718,0.170389570388779,72
CELP3,201909,3,0.0206844357024418,0.0280167769078735,72
CESP3,201909,3,0.0378189450905116,0.0549673497803567,72
CGRA4,201909,3,0.0459413376671434,0.218864104221369,72
CLSC4,201909,3,0.111963834135886,0.985285568021379,72
CPLE3,201909,3,0.112730957752348,0.4086949956848,72
CPRE3,201909,3,0.0289942361377214,0.104721072326557,72
CRDE3,201909,3,0.0260011090641788,0.0375554657076005,72
CRIV3,201909,3,0.131753310556928,0.597235015310778,72
CTNM4,201909,3,0.131762850024729,0.597258537851235,72
DIRR3,201909,3,0.0409299275277455,0.17986752149557,72
DMMO3,201909,3,0.0334470554273467,0.0828072469812567,72
ELPL3,201909,3,0.0363217987184703,0.123766778709654,72
ENGI4,201909,3,0.0348323806553204,0.0264292876045559,72
EUCA4,201909,3,0.0734312171484266,0.158639027908852,72
FESA4,201909,3,0.0110943698149976,0.0244519499205748,72
FHER3,201909,3,0.0308453645873077,0.110535616371745,72
FJTA4,201909,3,0.0249218007102693,0.0713618384997945,72
GGBR3,201909,3,0.0349218145912617,0.0720253111580045,72
GOAU3,201909,3,0.089450105430503,0.18878570693012,72
GUAR3,201909,3,0.0714525677361541,0.176548176313662,72
HBOR3,201909,3,0.15205496222348,0.949983002120273,72
IDNT3,201909,3,0.0444556839101757,0.124770649038479,72
ITSA3,201909,3,0.100430491698377,0.305745422963702,72
JHSF3,201909,3,0.108184218259447,0.878722700327371,72
JOPA3,201909,3,0.131753310556928,0.597235015310778,72
JSLG3,201909,3,0.0139916707784919,0.103435431540668,72
KLBN3,201909,3,0.0151904911048982,0.00150167061546892,72
KLBN4,201909,3,0.0151882295900634,0.00149537041862525,72
KROT11,201909,3,0.013958912107961,0.0612377742444285,72
LLIS3,201909,3,0.0344954469634003,0.134350903171271,72
LOGN3,201909,3,0.109270984679648,0.953697940166539,72
LPSB3,201909,3,0.00876022800667616,0.0214749878511344,72
MOAR3,201909,3,0.0982063242551693,0.301825934117684,72
MYPK3,201909,3,0.0675382802558592,0.19187283257592,72
OFSA3,201909,3,0.0512994440273056,0.174542642493342,72
OIBR4,201909,3,0.107267938491991,0.33083073104671,72
PARD3,201909,3,0.071340437014704,0.170755191607445,72
PFRM3,201909,3,0.0812940664320261,0.265697037314079,72
PNVL3,201909,3,0.0862036360841383,0.279148291436433,72
POMO3,201909,3,0.00144400830974348,0.00267601978545223,72
PTBL3,201909,3,0.107499418498051,0.934134742347806,72
RAPT3,201909,3,0.131753352234811,0.597235054699414,72
RDNI3,201909,3,0.0721820302558658,0.154886948092473,72
RNEW11,201909,3,0.0394703825379409,0.05994277826841,72
RNEW3,201909,3,0.0372368090906587,0.0551212646100586,72
RNEW4,201909,3,0.00258117453495845,0.00604255403287093,72
ROMI3,201909,3,0.112871775777468,0.985087843958262,72
RPAD3,201909,3,0.131753310556928,0.597235015310778,72
SCAR3,201909,3,0.00431266439178173,0.0115645853953941,72
SGPS3,201909,3,0.123476365731008,0.967378363390821,72
SHUL4,201909,3,0.058450487539724,0.408439892347244,72
TECN3,201909,3,0.0921720195179464,0.297060379955229,72
TESA3,201909,3,0.0022110295945374,0.00849198128996899,72
TIET3,201909,3,0.0815275913343856,0.265773132090184,72
TIET4,201909,3,0.078104728855202,0.254925137457424,72
TRPL4,201909,3,0.00384813235686604,0.00698966063960315,72
USIM3,201909,3,0.100741576684026,0.309767361343353,72
USIM6,201909,3,0.0982063242551693,0.301825934117684,72
VIVT3,201909,3,0.0608751377029297,0.136425997518155,72
WIZS3,201909,3,0.067782174209987,0.246081314224599,72
ALPA3,201910,3,0.046367425221928,0.028022352648633,72
ALUP3,201910,3,0.0391893822932066,0.195170606372784,72
APER3,201910,3,0.0108315216618304,0.0133018756209936,72
AZEV4,201910,3,0.0080459010294194,0.0380581161507601,72
BBTG11,201910,3,0.00119030650286047,0.00140874129830179,72
BEEF11,201910,3,0.0995313198676936,0.109973501483987,72
BIDI3,201910,3,0.038774478135657,0.0232026527715481,72
BRAP3,201910,3,0.078542617302841,0.0611060441667544,72
BRGE3,201910,3,0.147756624186212,0.999965945434385,72
BRIV3,201910,3,0.147756624186211,0.999965945434385,72
BRSR3,201910,3,0.0939996272632225,0.579916562790642,72
BRSR6,201910,3,0.0941598988938212,0.257071151590786,72
CELP3,201910,3,0.01832474930884,0.00267586778078911,72
CESP3,201910,3,0.0132356408501161,0.0697412729728505,72
CGRA4,201910,3,0.0498077662477109,0.299432761768572,72
CLSC4,201910,3,0.0885033409276922,0.0562550891175823,72
CNTO3,201910,3,0.0121489328616028,0.0177652744036391,72
CPLE3,201910,3,0.120445630652731,0.603626814736554,72
CPRE3,201910,3,0.0347090859400708,0.15658024650585,72
CRDE3,201910,3,0.0228348952156462,0.00609612028020746,72
CRIV3,201910,3,0.147756624186212,0.999965945434385,72
CRPG5,201910,3,0.0172915520809681,0.0758086810223611,72
CTNM4,201910,3,0.147826161749981,1,72
DIRR3,201910,3,0.0548828851090351,0.0776084299071199,72
DMMO3,201910,3,0.0385288388315472,0.0560816660650126,72
ELPL3,201910,3,0.0445371154949422,0.195616038364362,72
ENGI4,201910,3,0.0367498120929293,0.0165398534302272,72
EUCA4,201910,3,0.0876353753848011,0.248471893488298,72
FESA4,201910,3,0.0111475183058665,0.00533373729178154,72
FHER3,201910,3,0.037307013243386,0.157668266291358,72
FJTA4,201910,3,0.0278440626301702,0.0251185197074022,72
GGBR3,201910,3,0.0293055828531846,0.0359836319552963,72
GOAU3,201910,3,0.102070386868627,0.197310760299325,72
GOAU4,201910,3,0.090344064514494,0.24730347044293,72
GUAR3,201910,3,0.0762721150029929,0.221993576302994,72
IDNT3,201910,3,0.0449350005801128,0.15005440623651,72
ITSA3,201910,3,0.0755952798136891,0.0383148878173829,72
JHSF3,201910,3,0.096679961686018,0.0567880191921151,72
JOPA3,201910,3,0.147756624186211,0.999965945434385,72
JSLG3,201910,3,0.0285825502625119,0.0219036858694906,72
KLBN3,201910,3,0.015986272867978,0.00329394103674429,72
KLBN4,201910,3,0.0159857506655637,0.0032937958489784,72
KROT11,201910,3,0.0164610277311287,0.110694406574397,72
LLIS3,201910,3,0.0410021467253917,0.196209710631095,72
LOGN3,201910,3,0.0858552572591513,0.0490884933694742,72
LPSB3,201910,3,0.0212741914824594,0.035638269079354,72
MOAR3,201910,3,0.0724919231666201,0.0307653975314893,72
MYPK3,201910,3,0.0586580471041167,0.176927725259637,72
OFSA3,201910,3,0.0438753240419189,0.0792673824995962,72
OIBR4,201910,3,0.0624934004585537,0.0270576476114752,72
PARD3,201910,3,0.0707597809151682,0.189281338099603,72
PFRM3,201910,3,0.0622524350698856,0.0214591977971468,72
POMO3,201910,3,0.00153838899621617,0.000391738851098387,72
PRIO3,201910,3,0.0590358260443185,0.0750998960105275,72
PTBL3,201910,3,0.0859093966235369,0.0546390396193935,72
RAPT3,201910,3,0.147757012881068,0.999965870606913,72
RDNI3,201910,3,0.0863784997500164,0.245424740964654,72
ROMI3,201910,3,0.0894168874845508,0.0495590121471242,72
RPAD3,201910,3,0.147756624186211,0.999965945434385,72
SCAR3,201910,3,0.00577224056237846,0.00794164944954796,72
SGPS3,201910,3,0.0939422264961422,0.050984420371903,72
SHOW3,201910,3,0.0350505556564405,0.147176963639288,72
SHUL4,201910,3,0.0731204998238054,0.0540292019520345,72
TECN3,201910,3,0.0696216805201256,0.0258922821090872,72
TESA3,201910,3,0.00239587050470078,0.0131873512493571,72
TIET3,201910,3,0.0620597599031011,0.0211033130208635,72
TIET4,201910,3,0.058961365106203,0.0200935214726845,72
UNIP3,201910,3,0.149254465112082,0.997799998114431,72
USIM3,201910,3,0.0757015510847496,0.0447405139090612,72
VIVT3,201910,3,0.0740791217727227,0.215251551188596,72
VULC3,201910,3,0.0362229595856133,0.0459081650420752,72
WIZS3,201910,3,0.0639885967911178,0.173886438340608,72
AGRO3,201911,3,0.124826272411604,0.939842465389722,74
ALPA3,201911,3,0.0394482448519238,0.00219075127722579,74
ALUP3,201911,3,0.0520146724740026,0.0328221464526604,74
APER3,201911,3,0.0105061636794871,0.00574024723091014,74
AZEV4,201911,3,0.00550613504584302,0.00381527946081968,74
BBTG11,201911,3,0.00129511357076938,0.000736061608054825,74
BEEF11,201911,3,0.137428994974627,0.967618936183714,74
BIDI3,201911,3,0.0349918221561658,0.00237205909006606,74
BRAP3,201911,3,0.0669703003123537,0.0131992239924978,74
BRGE3,201911,3,0.133077186352276,0.0978855177677872,74
BRIV3,201911,3,0.133077186352276,0.0978855177677872,74
BRSR3,201911,3,0.0942763678436873,0.0688231640045092,74
CELP3,201911,3,0.0171529817079841,0.000762085804955903,74
CESP3,201911,3,0.0243779612835399,0.00881492440791267,74
CGRA4,201911,3,0.0487043141177948,0.0530585767913967,74
CLSC4,201911,3,0.130541243858646,0.997797785760082,74
CNTO3,201911,3,0.00934835155471033,0.00575279418875755,74
CPLE3,201911,3,0.0652011899233496,0.0640189187627541,74
CPRE3,201911,3,0.0405607398373959,0.0236236958250989,74
CRDE3,201911,3,0.0211667853761888,0.00120163131267321,74
CRIV3,201911,3,0.133077186352276,0.0978855177677872,74
CRPG5,201911,3,0.0618542347016492,0.0345359590049515,74
CTNM4,201911,3,0.133100819271209,0.0978949644663049,74
DIRR3,201911,3,0.0569659794442817,0.100729936793765,74
DMMO3,201911,3,0.0355590393874013,0.041810255908791,74
ENAT3,201911,3,0.014551644098181,0.0126897445756523,74
ENGI4,201911,3,0.0328084289353239,0.00155094268252725,74
EUCA4,201911,3,0.130648734491917,0.999226543152429,74
FESA4,201911,3,0.0208890725354378,0.0199900568897694,74
FHER3,201911,3,0.0337601775002328,0.0235088357328545,74
GGBR3,201911,3,0.0244301856569339,0.00356076124018816,74
GOAU3,201911,3,0.0474006126133602,0.00654603500087583,74
IDNT3,201911,3,0.0433607373709734,0.0259490580576405,74
ITSA3,201911,3,0.0587452145377276,0.00874165440330969,74
JOPA3,201911,3,0.133077186352276,0.0978855177677872,74
JSLG3,201911,3,0.0316887790797999,0.127111144367832,74
KEPL3,201911,3,0.129678027219653,0.999320630420901,74
KLBN3,201911,3,0.0150246217898961,0.00044141499222944,74
KLBN4,201911,3,0.0150245277712417,0.00044140532964048,74
KROT11,201911,3,0.0181791411488447,0.01200724430332,74
LLIS3,201911,3,0.0402057159196264,0.02696224739184,74
LPSB3,201911,3,0.0236836694612209,0.0217428041871403,74
MOAR3,201911,3,0.0586233239776765,0.00872854667221412,74
MYPK3,201911,3,0.0487612342064504,0.0305796373995448,74
OFSA3,201911,3,0.0399558312242478,0.014969548566167,74
OIBR4,201911,3,0.0633556596069456,0.0409606693323286,74
PARD3,201911,3,0.0119862379053272,0.00523925920101666,74
PFRM3,201911,3,0.0577833009536816,0.00751655946368979,74
PNVL4,201911,3,0.0265580492011805,0.010498983568466,74
POMO3,201911,3,0.00266415983525437,0.00144332470021978,74
POSI3,201911,3,0.00958991034440501,0.0038561323776754,74
PPLA11,201911,3,0.129136946714327,1,74
PRIO3,201911,3,0.0695718286350984,0.153168146423023,74
PTBL3,201911,3,0.128677972753186,0.95034331114091,74
RAPT3,201911,3,0.133077224397154,0.0978855592114767,74
RDNI3,201911,3,0.0308826096103306,0.0118468257154065,74
RNEW11,201911,3,0.00310759718570516,0.00110812579675563,74
ROMI3,201911,3,0.133532108196267,0.997823148695774,74
RPAD3,201911,3,0.133077186352276,0.0978855177677872,74
SCAR3,201911,3,0.127039473411941,0.979187731230315,74
SGPS3,201911,3,0.13655044640989,0.992563885067799,74
SHUL4,201911,3,0.0906696182353115,0.453391770573953,74
SQIA3,201911,3,0.0397154297072049,0.0483819112213351,74
TASA4,201911,3,0.0504443260801684,0.0533401155224052,74
TECN3,201911,3,0.0628332628788716,0.00822725012424036,74
TESA3,201911,3,0.00239342475370974,0.00156222092713483,74
TIET3,201911,3,0.057471557303315,0.00731764050505403,74
TIET4,201911,3,0.0565703149612187,0.0072298372497731,74
UNIP3,201911,3,0.134589921300697,0.10071156113486,74
USIM3,201911,3,0.0648232368078939,0.0118418682817045,74
VIVT3,201911,3,0.0187700337980318,0.00712394061458059,74
VLID3,201911,3,0.0584604855644422,0.0877905700755341,74
VULC3,201911,3,0.0383577293336552,0.0457358102453604,74
WIZS3,201911,3,0.0573421440761479,0.122266307400976,74
AGRO3,201912,3,0.0805604315117655,0.175806471429066,74
ALPA3,201912,3,0.038853083442584,0.010806293761468,74
ALUP3,201912,3,0.0306734094738377,0.168508920323029,74
APER3,201912,3,0.0131608610950703,0.0167006335602526,74
AZEV4,201912,3,0.00645251377601718,0.0355122479117232,74
BBTG11,201912,3,0.000830163929675815,0.000855569204369045,74
BEEF11,201912,3,0.119517745031189,0.337686617630552,74
BIDI3,201912,3,0.0353881482932063,0.00848379535323436,74
BIOM3,201912,3,8.93187101030042e-06,3.96807927960772e-05,74
BRAP3,201912,3,0.066205185165484,0.0638017295630134,74
BRGE3,201912,3,0.129930618309762,0.999997874301138,74
BRIV3,201912,3,0.129930618309762,0.999997874301138,74
BRSR3,201912,3,0.0901660477011933,0.593650949348067,74
BRSR6,201912,3,0.0647592415727077,0.198391519124657,74
CAML3,201912,3,0.0504666029950346,0.0420904839306071,74
CEAB3,201912,3,0.0190863696421735,0.0547894661796141,74
CESP3,201912,3,0.0252966876503231,0.0843687565285951,74
CGRA4,201912,3,0.0466634997027717,0.299094710564032,74
CLSC4,201912,3,0.112639860317194,0.298479521131602,74
CNTO3,201912,3,0.00882320956933902,0.00926222064332654,74
CPLE3,201912,3,0.0511011296064815,0.222597734421723,74
CPRE3,201912,3,0.0333300366071698,0.132376518021374,74
CRDE3,201912,3,0.0217167146756994,0.00632620429880455,74
CRIV3,201912,3,0.129930618309762,0.999997874301138,74
CRPG5,201912,3,0.0255622238418145,0.00474487874877257,74
CTNM4,201912,3,0.129934382723389,1,74
DIRR3,201912,3,0.0633932286081281,0.103617877205903,74
DMMO3,201912,3,0.0282474077782743,0.0318419772467101,74
ENGI4,201912,3,0.033411038628279,0.00568834372438833,74
EQPA3,201912,3,0.017492503905724,0.00314524730947952,74
EUCA4,201912,3,0.113678817308249,0.301380293420186,74
FESA4,201912,3,0.0242486773071029,0.0109289470767072,74
FHER3,201912,3,0.0346012569333307,0.154110525189558,74
GGBR3,201912,3,0.0223243558792531,0.0299211557548798,74
GOAU3,201912,3,0.0773905201690472,0.147874377096875,74
IDNT3,201912,3,0.0302391205441277,0.0697876998954465,74
ITSA3,201912,3,0.0632228687121286,0.0422081563447011,74
JOPA3,201912,3,0.129930618309762,0.999997874301138,74
JSLG3,201912,3,0.0346965379069483,0.0636621060276737,74
KEPL3,201912,3,0.11156893860233,0.294264007822616,74
KLBN3,201912,3,0.0195610015804141,0.00379401252919243,74
KLBN4,201912,3,0.0196113249412034,0.00391691984129487,74
KROT11,201912,3,0.0136213596255673,0.0896555983620109,74
LPSB3,201912,3,0.026401985569669,0.0462603849105707,74
MOAR3,201912,3,0.0605027613640319,0.0347467027877676,74
NATU3,201912,3,0.00160764403486555,0.00163812403924269,74
OFSA3,201912,3,0.0397107960423178,0.0805203970813451,74
PARD3,201912,3,0.0578082986544728,0.146784119454623,74
PFRM3,201912,3,0.0284864444351724,0.00479516753154605,74
PNVL4,201912,3,0.0278074752114035,0.106728715945555,74
POMO3,201912,3,0.0105384210655833,0.00137148726127801,74
POSI3,201912,3,0.012962933022424,0.0068640724340854,74
PTBL3,201912,3,0.112204758348029,0.290968239970568,74
RAPT3,201912,3,0.129930640820889,0.999997876152411,74
RDNI3,201912,3,0.0542171573331487,0.182540322512742,74
ROMI3,201912,3,0.11406652668491,0.293431366465608,74
RPAD3,201912,3,0.129930618309762,0.999997874301138,74
SAPR3,201912,3,0.0215519093998884,0.0333390978184707,74
SCAR3,201912,3,0.11254059923575,0.28840252338774,74
SGPS3,201912,3,0.117785964114251,0.295114352097353,74
SHOW3,201912,3,0.0346345812113163,0.150960098066352,74
SHUL4,201912,3,0.0796421124675732,0.159729732298058,74
SQIA3,201912,3,0.0248953981361855,0.0463165624337579,74
TASA4,201912,3,0.0359407618870034,0.0599612139139248,74
TECN3,201912,3,0.0498097730590077,0.0229731163340454,74
TESA3,201912,3,0.00226198864127071,0.0137361764711046,74
TIET3,201912,3,0.0417167648858975,0.0162449964115559,74
TIET4,201912,3,0.0333074164847376,0.012492508880139,74
UCAS3,201912,3,0.0267052360340927,0.0630823328950259,74
UNIP3,201912,3,0.131941468988953,0.998916075530644,74
USIM3,201912,3,0.0665107091095544,0.0673005647685771,74
VIVT3,201912,3,0.0509304604296854,0.142546945396511,74
VULC3,201912,3,0.0350262619687506,0.0643493954072017,74
WIZS3,201912,3,0.0403143696189465,0.0921005094104057,74
AGRO3,202001,3,0.0312209037452786,0.0157597303561097,76
ALPA3,202001,3,0.0342409619082288,0.00255055523729737,76
APER3,202001,3,0.0107043944889284,0.0040310580230064,76
AZEV4,202001,3,0.00536051865943672,0.00197456282001485,76
BBTG11,202001,3,0.000884618769149575,0.000200052486682882,76
BEEF11,202001,3,0.137547946276124,0.995540442784877,76
BIDI3,202001,3,0.0231684960954417,0.00113213577007863,76
BIOM3,202001,3,6.75630836225699e-05,7.52960116205418e-07,76
BRAP3,202001,3,0.0588485174908676,0.0106076287232715,76
BRGE3,202001,3,0.123548424298033,0.0473063240063178,76
BRIV3,202001,3,0.123548424298033,0.0473063240063178,76
BRSR3,202001,3,0.0776208891494194,0.0354544579598207,76
BRSR6,202001,3,0.0650000160839974,0.0185488739821839,76
CARD3,202001,3,0.132269657041382,0.981177963196732,76
CEAB3,202001,3,0.0145299628035768,0.0068875637291571,76
CGAS5,202001,3,0.115584165703993,0.699901757462047,76
CGRA4,202001,3,0.0615852192781503,0.0907082537765006,76
CLSC4,202001,3,0.134564812102716,1,76
CPLE3,202001,3,0.0585900295656347,0.0217464767906661,76
CPRE3,202001,3,0.032632979875909,0.0125248340302211,76
CRDE3,202001,3,0.0207523842863335,0.00108890163792954,76
CRIV3,202001,3,0.123548424298033,0.0473063240063179,76
CRPG5,202001,3,0.0437223625990435,0.106641153122544,76
CTNM4,202001,3,0.123551517696231,0.0473083769944229,76
DIRR3,202001,3,0.0408124998455745,0.0282518149481628,76
DMMO11,202001,3,4.28331477548043e-07,1.99412641055995e-08,76
DMMO3,202001,3,0.00403720940967528,0.000956134370372289,76
ENGI4,202001,3,0.0219848515050862,0.000568567241328896,76
EQPA3,202001,3,0.0162276310961569,0.00068909819974359,76
EUCA4,202001,3,0.133175081569572,0.995816167875205,76
FESA4,202001,3,0.0429782791465248,0.197757469085136,76
FHER3,202001,3,0.016242102559715,0.0136893957753785,76
FRAS3,202001,3,0.0221735000977403,0.00760404802991775,76
GGBR3,202001,3,0.0307069368200812,0.00319540993203925,76
GOAU3,202001,3,0.0800725913443653,0.0143225521791547,76
GPCP3,202001,3,0.000691246794963542,0.000138227534486897,76
IDNT3,202001,3,0.0399002573663714,0.015955871479063,76
ITSA3,202001,3,0.0566504277373093,0.00942978060150641,76
JOPA3,202001,3,0.123548424298033,0.0473063240063179,76
KEPL3,202001,3,0.14103497124283,0.997531156960213,76
KLBN3,202001,3,0.0197940902221894,0.0020761570216532,76
KLBN4,202001,3,0.0197937781050391,0.00207613107835339,76
KROT11,202001,3,0.0160081207726317,0.00619924128514058,76
LPSB3,202001,3,0.0150846593621531,0.00275186440682483,76
MOAR3,202001,3,0.0538068468441299,0.00882143848740719,76
NATU3,202001,3,0.001146598071514,0.000125266236401531,76
OFSA3,202001,3,0.0304594267969886,0.00885053308594921,76
PARD3,202001,3,0.0596774351028998,0.0645613443446807,76
PFRM3,202001,3,0.0498330096804153,0.107038490257246,76
PMAM3,202001,3,0.131776178431737,0.997425325509501,76
PNVL4,202001,3,0.013369291804081,0.00553782787557757,76
POMO3,202001,3,0.015210131832088,0.0336904320421335,76
PTBL3,202001,3,0.132815359387722,0.968584318587428,76
RAPT3,202001,3,0.123548424298033,0.0473063240063179,76
RDNI3,202001,3,0.0517584864235807,0.0138378999142227,76
ROMI3,202001,3,0.131806275663878,0.997084571759862,76
RPAD3,202001,3,0.123548424298033,0.0473063240063179,76
RSID3,202001,3,0.0354750591281664,0.0127593363931543,76
SAPR3,202001,3,0.0247920683140969,0.0441865105875976,76
SAPR4,202001,3,0.0149431859910333,0.00716405239129846,76
SCAR3,202001,3,0.133494815145319,0.987492898769963,76
SGPS3,202001,3,0.134798992192938,0.989811764930347,76
SHOW3,202001,3,0.0251238152564603,0.0146351466587638,76
SHUL4,202001,3,0.0504517848192505,0.117591821224729,76
SQIA3,202001,3,0.00509097395866496,0.00916048692320634,76
TASA4,202001,3,0.0105467116434075,0.0103379928069244,76
TECN3,202001,3,0.0474455955637685,0.00578023941011755,76
TESA3,202001,3,0.00215626556840008,0.000819884158601388,76
TGMA3,202001,3,0.0585498634279759,0.02145987153504,76
TIET3,202001,3,0.0390647128037891,0.00433635329498228,76
TIET4,202001,3,0.038122907060134,0.00421448759711646,76
UNIP3,202001,3,0.124624485382711,0.0505544846740435,76
USIM3,202001,3,0.0596462098394279,0.0109563140583077,76
VIVT3,202001,3,0.0488441367430662,0.0111856419522311,76
VULC3,202001,3,0.0191922636494297,0.00908033237057867,76
WIZS3,202001,3,0.0524293127713804,0.0994678874486551,76
AALR3,202002,3,0.0599620307123133,0.00924024770370028,77
AGRO3,202002,3,0.0327870470238455,0.0463456462305971,77
ALPA3,202002,3,0.0252818736147198,0.000636956045652609,77
APER3,202002,3,0.0116337043637047,0.00647897234868311,77
AZEV4,202002,3,0.00412641004157698,0.000549936325324446,77
BBTG11,202002,3,0.000745658339189499,0.000213792705495317,77
BEEF11,202002,3,0.152836743016385,0.999791203753561,77
BIDI3,202002,3,0.022471678143953,0.000335330838619985,77
BIOM3,202002,3,5.34941669371251e-05,2.36356484131647e-07,77
BRAP3,202002,3,0.054796351431585,0.00700366002089248,77
BRGE3,202002,3,0.121570002133126,0.0131156624990457,77
BRIV3,202002,3,0.121570002133126,0.0131156624990456,77
BRSR3,202002,3,0.0754512903785823,0.010607674091213,77
CARD3,202002,3,0.149929342052017,0.970036761376311,77
CEAB3,202002,3,0.00566342668465096,0.000875949450330325,77
CESP3,202002,3,0.0270322253594292,0.0053482054530698,77
CGAS5,202002,3,0.146894846488485,0.930245687539959,77
CGRA4,202002,3,0.0445644181946643,0.0654783263339007,77
CLSC4,202002,3,0.152948953364841,0.999910652373851,77
CPLE3,202002,3,0.0661286589480224,0.00888981591850205,77
CPRE3,202002,3,0.0465761541156091,0.00843433074141402,77
CRDE3,202002,3,0.0187155730045126,0.000580657075213083,77
CRIV3,202002,3,0.121570002133126,0.0131156624990457,77
CTNM4,202002,3,0.121573076297194,0.0131171356852314,77
DIRR3,202002,3,0.0424165676077696,0.0390484698669093,77
DMMO11,202002,3,0.00115072648965649,2.15942932865386e-05,77
ENGI4,202002,3,0.0223701841571363,0.00032883054079228,77
EQPA3,202002,3,0.0156242080703806,0.000423967981793415,77
EUCA4,202002,3,0.152700058904295,0.996917365873448,77
FESA4,202002,3,0.0128117481570338,0.0299970742125479,77
FHER3,202002,3,0.0135183744153922,0.00913922443801146,77
FRAS3,202002,3,0.0433932961375257,0.00914044173150778,77
GFSA3,202002,3,0.0147132544268205,0.00196071452355114,77
GGBR3,202002,3,0.0211613272183987,0.000877975528566419,77
GPCP3,202002,3,0.00131855763375821,5.46480376342408e-05,77
IDNT3,202002,3,0.0529489728971271,0.00810533169884229,77
ITSA3,202002,3,0.0509123905987388,0.00632336698729074,77
JOPA3,202002,3,0.121570002133126,0.0131156624990456,77
KEPL3,202002,3,0.152906347187717,0.972595590237192,77
KLBN3,202002,3,0.00713198426273735,0.00180228160130953,77
KROT11,202002,3,0.0187546079111505,0.00284935693106653,77
LPSB3,202002,3,0.0165938536391509,0.00235014199980924,77
MOAR3,202002,3,0.0494165416467738,0.00621738779879195,77
NATU3,202002,3,0.00137775949955041,0.000184547209738355,77
OFSA3,202002,3,0.0255374496328027,0.00611662067362238,77
PMAM3,202002,3,0.151562023358978,0.999869264704908,77
PNVL4,202002,3,0.0113491687875761,0.00158690630338136,77
POMO3,202002,3,0.00733956646467683,0.022521550947813,77
PPLA11,202002,3,0.150924886824918,1,77
PRNR3,202002,3,0.0987282635340693,0.621422289730836,77
PTBL3,202002,3,0.145270517960241,0.944046617726262,77
RANI3,202002,3,0.0505259036213319,0.0094418814240399,77
RAPT3,202002,3,0.121570002133126,0.0131156624990457,77
RDNI3,202002,3,0.0211546939543492,0.00250778738652046,77
ROMI3,202002,3,0.150916973846861,0.999998252934616,77
RPAD3,202002,3,0.121570002133126,0.0131156624990457,77
RSID3,202002,3,0.0654357733212119,0.0111575530384251,77
SAPR3,202002,3,0.0252979491081549,0.0449373317799945,77
SAPR4,202002,3,0.0122030996447551,0.002680872716589,77
SCAR3,202002,3,0.152090807578715,0.980940303217493,77
SGPS3,202002,3,0.15323696314968,0.992179060899554,77
SHOW3,202002,3,0.0228521255156563,0.0059211680590955,77
SHUL4,202002,3,0.0522147122087084,0.151322463587356,77
SMLE3,202002,3,0.00498953331064294,0.00254260575431473,77
SQIA3,202002,3,0.00527339159638154,0.00781667360274697,77
TASA4,202002,3,0.0218112132215201,0.00232166567812485,77
TECN3,202002,3,0.0427295848066279,0.00279239217852765,77
TESA3,202002,3,0.00224195977322614,0.000248885522651998,77
TGMA3,202002,3,0.0662873509476494,0.00896826936617612,77
TIET3,202002,3,0.0353241371134946,0.00171889499644644,77
TIET4,202002,3,0.0340800172929147,0.0016474817745738,77
UNIP3,202002,3,0.122531522890946,0.0161440843627855,77
USIM3,202002,3,0.0573636200215421,0.00708335015974314,77
VIVT3,202002,3,0.0213966780000038,0.0026434881727312,77
VLID3,202002,3,0.0210501442139167,0.00208759641116718,77
VULC3,202002,3,0.0191770245160317,0.00806256095144542,77
WIZS3,202002,3,0.060152166438915,0.0518053877067262,77
AALR3,202003,3,0.0614491234536849,0.0935866591939258,75
AGRO3,202003,3,0.0402234172291301,0.00766190642943643,75
ALPA3,202003,3,0.0387803166862697,0.0131122122320539,75
APER3,202003,3,0.011721073300736,0.00783808480312097,75
AZEV4,202003,3,0.00430517171384747,0.0261060459656766,75
BBTG11,202003,3,0.00325692353099934,0.000531128444359876,75
BEEF11,202003,3,0.0988779478661784,0.0573966003083226,75
BIDI3,202003,3,0.0201749537067651,0.00163341603992635,75
BRAP3,202003,3,0.0610374961145492,0.0684951529607692,75
BRGE3,202003,3,0.125654450603014,0.999997497335093,75
BRIV3,202003,3,0.125654450603014,0.999997497335093,75
BRSR3,202003,3,0.0681539480333623,0.474720984529677,75
CARD3,202003,3,0.0203933954861308,0.00419950482121698,75
CESP3,202003,3,0.0256436345839125,0.0767150190607159,75
CGRA4,202003,3,0.037398537032876,0.191497933406732,75
CLSC4,202003,3,0.100419294984447,0.0597918224103578,75
CPLE3,202003,3,0.0692803424130843,0.158721565193049,75
CPRE3,202003,3,0.0454685921790906,0.148606856800336,75
CRDE3,202003,3,0.0189985093886122,0.00412229578590425,75
CRIV3,202003,3,0.125654450603014,0.999997497335094,75
CTNM4,202003,3,0.125656217387546,1,75
DIRR3,202003,3,0.0527315461942031,0.0169342276777762,75
DMMO11,202003,3,0.0010090948155989,2.1005603955021e-05,75
ENGI4,202003,3,0.0218790359705455,0.00198025536052319,75
EQPA3,202003,3,0.0155730611555677,0.00180997597033546,75
EUCA4,202003,3,0.10036806200192,0.0622010774993813,75
FHER3,202003,3,0.0249087464598048,0.0381782847912933,75
FRAS3,202003,3,0.0507279769827676,0.202726608423826,75
GFSA3,202003,3,0.0231347793627228,0.0224808529799819,75
GGBR3,202003,3,0.0340683753877589,0.0142372766187615,75
GOAU3,202003,3,0.0504396329969333,0.107674934433563,75
IDNT3,202003,3,0.0583328154902338,0.0837146129805849,75
ITSA3,202003,3,0.0543545737543496,0.0339538086990958,75
ITUB3,202003,3,0.00608541077925459,0.0108112752686135,75
JHSF3,202003,3,0.0937112531202504,0.033515131912415,75
JOPA3,202003,3,0.125654450603014,0.999997497335094,75
KEPL3,202003,3,0.0995823533970387,0.0634711030010258,75
KROT11,202003,3,0.0223743715551593,0.140131089173161,75
LPSB3,202003,3,0.0150543682331781,0.0113675236046064,75
MOAR3,202003,3,0.0523078137903649,0.0286181247382223,75
NATU3,202003,3,0.0136024038621893,0.00531742141476571,75
OFSA3,202003,3,0.0188920702854,0.0369714730592496,75
PCAR4,202003,3,0.0512150962991878,0.1462966473123,75
PNVL3,202003,3,0.019993883319819,0.00918053527536062,75
PNVL4,202003,3,0.0101041957593965,0.0725801239049734,75
POMO3,202003,3,0.00837680121402721,0.0103143395532883,75
POSI3,202003,3,0.0492731971834054,0.167817859122203,75
PRNR3,202003,3,0.0139760539241698,0.0392380391058154,75
PTBL3,202003,3,0.0992835999027803,0.0582402661073748,75
RANI3,202003,3,0.0584488753723665,0.23513313309592,75
RAPT3,202003,3,0.12562440500841,0.999116971966917,75
RDNI3,202003,3,0.031827874465174,0.114467553646847,75
ROMI3,202003,3,0.0987441529154465,0.055776740132432,75
RPAD3,202003,3,0.125654450603014,0.999997497335094,75
RSID3,202003,3,0.0778552725263697,0.39779009751795,75
SAPR3,202003,3,0.0198972630537366,0.00557005024895159,75
SAPR4,202003,3,0.00873571524899136,0.00211110341084015,75
SCAR3,202003,3,0.104559587838312,0.0562125357628576,75
SGPS3,202003,3,0.100641334037168,0.0566866038029375,75
SHOW3,202003,3,0.0200281804095022,0.0849210262272156,75
SHUL4,202003,3,0.0453402132389603,0.0103183949067105,75
SMLE3,202003,3,0.00504987304067186,0.00229582689161901,75
SQIA3,202003,3,0.0143685267493387,0.0241641093102848,75
TASA4,202003,3,0.0246058516703763,0.00803614575710752,75
TECN3,202003,3,0.0256987592681927,0.0141448474034081,75
TESA3,202003,3,0.00200173185044165,0.0127579215123253,75
TGMA3,202003,3,0.0729623229727813,0.139141453850613,75
TIET3,202003,3,0.000147777183761502,6.4773015276643e-05,75
TIET4,202003,3,0.0311738888458235,0.0130018463908405,75
UNIP3,202003,3,0.126327635243638,0.992601414650105,75
USIM3,202003,3,0.0632525267666722,0.0696958071548475,75
VIVT3,202003,3,0.0266819275093317,0.0867799826968621,75
VLID3,202003,3,0.022494543510345,0.00639681068197242,75
VULC3,202003,3,0.0197956454298682,0.0180863780776758,75
WIZS3,202003,3,0.0569059163703733,0.0748576598499834,75
AALR3,202004,3,0.0494747808396792,0.061452013715136,74
ABCB4,202004,3,0.0154622843609233,0.0117007276353374,74
AGRO3,202004,3,0.0429571960376321,0.00633739601624702,74
ALPA3,202004,3,0.0545103133688249,0.0198571980932829,74
APER3,202004,3,0.00673118176491797,0.00738299227372232,74
AZEV4,202004,3,0.00482361189594026,0.0243413311774817,74
BBTG11,202004,3,0.00434693938637234,0.00117490305975966,74
BEEF11,202004,3,0.0746008379491626,0.0177596514944768,74
BIDI3,202004,3,0.0222206136654315,0.002167087469197,74
BKBR3,202004,3,0.0135299880820067,0.0130369121600648,74
BRAP3,202004,3,0.0661697417261056,0.114151258478072,74
BRFS3,202004,3,0.0818532210839895,0.224084856259456,74
BRGE3,202004,3,0.129207624837804,0.999221333508996,74
BRIV3,202004,3,0.129207624837804,0.999221333508996,74
BRSR3,202004,3,0.0831409541045311,0.605251461633976,74
CARD3,202004,3,0.0216694151862635,0.00312585777162186,74
CESP3,202004,3,0.0278446067130211,0.0703694474849831,74
CGRA4,202004,3,0.0624019493466543,0.398002036650184,74
CLSC4,202004,3,0.0749155202767472,0.0181639697959631,74
CMIG3,202004,3,0.0881721212551148,0.25572868303774,74
CPLE3,202004,3,0.0607255487204777,0.142942194819559,74
CPRE3,202004,3,0.0388191636581076,0.106057474030065,74
CRDE3,202004,3,0.0212741713903602,0.00532295061186459,74
CRIV3,202004,3,0.129207624837804,0.999221333508996,74
CTNM4,202004,3,0.129209189248046,0.999223065996504,74
DIRR3,202004,3,0.0530989409500088,0.0198646592815862,74
DMMO11,202004,3,0.00159446573509619,0.000211271871727835,74
DMMO3,202004,3,0.0241930650167109,0.00777795430532359,74
ENAT3,202004,3,0.0306231291858518,0.0520780024587825,74
ENGI4,202004,3,0.0236642641360846,0.00241562320596626,74
EQPA3,202004,3,0.0151984715806795,0.00212378804629348,74
EUCA4,202004,3,0.0761453055966,0.0222883116038309,74
FESA4,202004,3,0.0125601729210846,0.00214681395136339,74
FRAS3,202004,3,0.0323039090659293,0.115001061922834,74
GFSA3,202004,3,0.0170968363445469,0.00379049422453754,74
GGBR3,202004,3,0.0505475256232515,0.0209063931556578,74
GOAU3,202004,3,0.0871041491634303,0.212363286131768,74
IDNT3,202004,3,0.0485143728931128,0.0658948028730241,74
ITSA3,202004,3,0.0570128734740318,0.0553122405485666,74
ITUB3,202004,3,0.00741235245302267,0.0139828092130782,74
JHSF3,202004,3,0.0882185576416982,0.0146206992557931,74
JOPA3,202004,3,0.129207624837804,0.999221333508996,74
KEPL3,202004,3,0.0778443483754429,0.0258947453380175,74
KROT11,202004,3,0.0217974662645458,0.157438138555007,74
LPSB3,202004,3,0.0177380609481893,0.0115683995647199,74
MOAR3,202004,3,0.0512175121594678,0.0408982564789235,74
NATU3,202004,3,0.00128928760544818,0.000795663554408185,74
PARD3,202004,3,0.0651263725978654,0.172489808420007,74
PNVL4,202004,3,0.0121924213589862,0.08819384673434,74
POMO3,202004,3,0.0088100319837009,0.00167728526496504,74
POSI3,202004,3,0.0397395660141469,0.101832453314974,74
PRNR3,202004,3,0.0107121689824905,0.0259693400189331,74
PTBL3,202004,3,0.0132480723578436,0.0394769287146575,74
RANI3,202004,3,0.0375742015876852,0.139533095199696,74
RAPT3,202004,3,0.129354851773257,0.998329030349075,74
RDNI3,202004,3,0.0738130195613957,0.213439590913461,74
RPAD3,202004,3,0.129207624837804,0.999221333508996,74
SAPR3,202004,3,0.0213269248379669,0.00405753430147126,74
SAPR4,202004,3,0.00953677156948818,0.00215943393685362,74
SCAR3,202004,3,0.0809125348392786,0.0172592589807335,74
SGPS3,202004,3,0.0742710184341917,0.015267766514436,74
SHOW3,202004,3,0.0106083918816203,0.0424565069229066,74
SHUL4,202004,3,0.0469923146330737,0.0064307774553082,74
SQIA3,202004,3,0.0171044795038223,0.0217808938045923,74
TASA4,202004,3,0.020135085595089,0.00549393438017716,74
TECN3,202004,3,0.0285676304854418,0.0232055240679171,74
TESA3,202004,3,0.00220165421842299,0.0131602098306978,74
TIET3,202004,3,0.0486795453693304,0.0197030751332393,74
TIET4,202004,3,0.0488064751814347,0.0198119688209351,74
UNIP3,202004,3,0.131055205634299,1,74
USIM3,202004,3,0.0735866585183157,0.0839153222258841,74
VIVT3,202004,3,0.0563374841234459,0.166442763510476,74
VULC3,202004,3,0.0239808202221618,0.0231618502129391,74
WIZS3,202004,3,0.0446776922696292,0.0467121366866674,74
AALR3,202005,3,0.042776788243009,0.0492560262500688,76
ABCB4,202005,3,0.0124195078707076,0.0105045434640218,76
AGRO3,202005,3,0.0578241265429291,0.0135289429510197,76
ALPA3,202005,3,0.0458127015573212,0.0206987184917173,76
ALUP3,202005,3,0.0764195204511868,0.296649159543492,76
APER3,202005,3,0.00582444391010555,0.00196710973857192,76
AZEV4,202005,3,0.00496909738336425,0.0253578641303063,76
BBTG11,202005,3,0.00184596208796543,0.000175534234103916,76
BEEF11,202005,3,0.0620038609060932,0.0325137309457503,76
BIDI3,202005,3,0.0221892141966276,0.00170669236448168,76
BKBR3,202005,3,0.0229723041444956,0.0210983702910788,76
BRAP3,202005,3,0.045458126642518,0.092262902155985,76
BRGE3,202005,3,0.126065249545194,0.998825548452245,76
BRIV3,202005,3,0.126065249545194,0.998825548452244,76
BRSR3,202005,3,0.0430892973327819,0.262126019918677,76
CARD3,202005,3,0.031612600789257,0.00668385462058035,76
CCPR3,202005,3,0.0122882151175112,0.0635104576075912,76
CESP3,202005,3,0.0379400051106509,0.114417866067741,76
CGRA4,202005,3,0.0632220762340047,0.387246057210833,76
CLSC4,202005,3,0.062214693906849,0.0211933053934154,76
CPLE3,202005,3,0.0532045245010104,0.131302066915149,76
CPRE3,202005,3,0.057352828314427,0.185808340041313,76
CRIV3,202005,3,0.126065249545194,0.998825548452244,76
CTNM4,202005,3,0.126070687744163,0.998837207240103,76
DIRR3,202005,3,0.0674447391595625,0.0386938179251079,76
DMMO11,202005,3,0.00155008191169356,0.00013938660970456,76
DMMO3,202005,3,0.0242275265554728,0.00574422511510503,76
ENGI4,202005,3,0.0224970558340564,0.00176709037906228,76
EQPA3,202005,3,0.00160232610694639,0.000862674745952794,76
EUCA4,202005,3,0.0615871651859218,0.0216253202505323,76
FESA4,202005,3,0.0138823110722094,0.00283852709804257,76
FRAS3,202005,3,0.0414174430379484,0.258595600199309,76
GFSA3,202005,3,0.0154251529744863,0.00491374619413759,76
GGBR3,202005,3,0.041219718103651,0.0211379238862064,76
GOAU3,202005,3,0.0443921107502987,0.117483022031813,76
HGTX3,202005,3,0.0277828100355738,0.0358993346231518,76
IDNT3,202005,3,0.0405857931533869,0.0551219387545225,76
ITSA3,202005,3,0.035876310521007,0.030523271323303,76
JHSF3,202005,3,0.0876888055880223,0.0208309258130285,76
JOPA3,202005,3,0.126065249545194,0.998825548452244,76
KEPL3,202005,3,0.0624100753886389,0.0169065402926963,76
KLBN3,202005,3,0.0144619871314206,0.00168715505870887,76
KLBN4,202005,3,0.0160948875383396,0.001795408695949,76
KROT11,202005,3,0.0194785379481584,0.148589289562642,76
LPSB3,202005,3,0.0157526841301402,0.00785180942543744,76
NATU3,202005,3,0.000488720576536551,6.27240033888161e-05,76
PFRM3,202005,3,0.0129926377562901,0.0272673711001665,76
PNVL4,202005,3,0.00933966380348804,0.0694744340940974,76
POMO3,202005,3,0.0061173998695285,0.000897668722930365,76
POSI3,202005,3,0.0134179990878659,0.0020316095386898,76
PRNR3,202005,3,0.00873564578636887,0.0290606563636943,76
RAPT3,202005,3,0.126729663379616,0.998138866472896,76
RDNI3,202005,3,0.0334245930736292,0.117853280845906,76
ROMI3,202005,3,0.0708632953086607,0.272489810168681,76
RPAD3,202005,3,0.126065249545194,0.998825548452245,76
SAPR3,202005,3,0.0315059940616707,0.00794998167913887,76
SCAR3,202005,3,0.0312748277915511,0.00580580946099681,76
SGPS3,202005,3,0.059008423904524,0.013710916376821,76
SHOW3,202005,3,0.00518190317681965,0.00929112362665837,76
SHUL4,202005,3,0.0575945492032711,0.0132040143104096,76
SQIA3,202005,3,0.0158897405868975,0.0133850463541791,76
TAEE4,202005,3,0.0764195204511867,0.296649159543491,76
TASA3,202005,3,0.0764195204511868,0.296649159543491,76
TASA4,202005,3,0.0195886465647429,0.0417161092312833,76
TECN3,202005,3,0.0198755583973286,0.0128716672459102,76
TESA3,202005,3,0.00291279090164494,0.0147968770788958,76
TIET3,202005,3,0.0764195204511868,0.296649159543492,76
TIET4,202005,3,0.0404996407757202,0.0214928514893857,76
TUPY3,202005,3,0.0574643038017426,0.0165695849386998,76
UCAS3,202005,3,0.021925404782781,0.0697457632046837,76
UNIP3,202005,3,0.128572329039193,1,76
USIM3,202005,3,0.0609344083464895,0.0498986179893324,76
VIVT3,202005,3,0.0313416552233654,0.119844248304275,76
VLID3,202005,3,0.0237201690448147,0.00451862239466106,76
VULC3,202005,3,0.0256984274708713,0.0280817502102111,76
WIZS3,202005,3,0.0394948065345813,0.0362654244726521,76
AALR3,202006,3,0.050176176782244,0.0534090252647641,76
AGRO3,202006,3,0.0538230193949757,0.0191203625240069,76
ALPA3,202006,3,0.0446293187601847,0.0193488098996086,76
ALUP3,202006,3,0.078631567638943,0.286256355712946,76
AZEV4,202006,3,0.00497895221955475,0.0238798660956065,76
BBTG11,202006,3,0.00111728432579125,0.000330091821979224,76
BEEF11,202006,3,0.0815207820258037,0.0516388623131814,76
BIDI3,202006,3,0.0239359282421781,0.00287537398452785,76
BKBR3,202006,3,0.0197947721311833,0.0183892024885853,76
BPAC3,202006,3,0.0377555566477811,0.128641286326953,76
BPAC5,202006,3,0.0342181572910793,0.12737559348237,76
BRAP3,202006,3,0.0522070138891145,0.0996647729364426,76
BRGE3,202006,3,0.12796342946837,0.999775401481893,76
BRIV3,202006,3,0.12796342946837,0.999775401481893,76
BRSR3,202006,3,0.0602619808264192,0.356522102012362,76
CARD3,202006,3,0.0895124885063136,0.0451528060256046,76
CCPR3,202006,3,0.0119252738479829,0.0655282067073248,76
CESP3,202006,3,0.0350280348779822,0.113487323639164,76
CGRA4,202006,3,0.0535927664369858,0.380052633751394,76
CLSC4,202006,3,0.0796430312414691,0.0423091024787992,76
COCE5,202006,3,0.0325282884240652,0.0673668812152858,76
CPLE3,202006,3,0.0646369909373363,0.127576045012169,76
CPRE3,202006,3,0.039331615450901,0.0195129659973084,76
CRDE3,202006,3,0.0191230536417542,0.00403529757539245,76
CRIV3,202006,3,0.12796342946837,0.999775401481893,76
CTNM4,202006,3,0.12796342946837,0.999775401481893,76
DIRR3,202006,3,0.0538168336503823,0.0327944509136643,76
DMMO11,202006,3,0.000331785965580086,1.20446083330909e-06,76
DMMO3,202006,3,0.019078621516439,0.0174838219266864,76
ENAT3,202006,3,0.0496242667575473,0.102779342057574,76
ENGI4,202006,3,0.0232238878440532,0.00206055875395726,76
EQPA3,202006,3,0.0142414392605196,0.00141006186988396,76
EUCA4,202006,3,0.0790249961159869,0.0412482493444531,76
FESA4,202006,3,0.0252864934782741,0.0210050940958513,76
FRAS3,202006,3,0.0158071132412961,0.0814023461638947,76
GFSA3,202006,3,0.0120327570776298,0.0202755568000436,76
GGBR3,202006,3,0.0399451077431222,0.019698172624288,76
GOAU3,202006,3,0.0553421403808163,0.127741815867116,76
HGTX3,202006,3,0.0243930175248706,0.0329578405367786,76
IDNT3,202006,3,0.0535481244424039,0.0682868527477906,76
ITSA3,202006,3,0.0392451103599298,0.0399460146825496,76
JOPA3,202006,3,0.12796342946837,0.999775401481893,76
KEPL3,202006,3,0.0921755191868209,0.0513351603078256,76
KLBN4,202006,3,0.0140960628028908,0.0200338809560763,76
KROT11,202006,3,0.0307528168163648,0.200274215041905,76
LPSB3,202006,3,0.0181949130949568,0.00976809377555991,76
NATU3,202006,3,0.000340576109976654,6.82371095798182e-05,76
PFRM3,202006,3,0.0124821295990201,0.0443757241181593,76
PNVL4,202006,3,0.00558442181750104,0.0384808212886412,76
POMO3,202006,3,0.00232522815405636,0.000895929428542162,76
POSI3,202006,3,0.0118037168533896,0.00410605803845553,76
PRNR3,202006,3,0.013311581298705,0.0536427264233732,76
PTBL3,202006,3,0.0785294491582434,0.03910175775638,76
RAPT3,202006,3,0.128576684967442,0.999122525204254,76
RDNI3,202006,3,0.0452778656452443,0.129088525145391,76
ROMI3,202006,3,0.081433036609188,0.184707026912113,76
RPAD3,202006,3,0.12796342946837,0.999775401481893,76
SAPR3,202006,3,0.0574295168193342,0.164059889728635,76
SCAR3,202006,3,0.00807012239877223,0.00438049387429279,76
SGPS3,202006,3,0.0775442452206727,0.0352807403161578,76
SHOW3,202006,3,0.01129401179775,0.0172745565368928,76
SHUL4,202006,3,0.0456793318639334,0.0115674405466759,76
SQIA3,202006,3,0.0137346724080901,0.00878683711370935,76
TAEE4,202006,3,0.078631567638943,0.286256355712945,76
TASA4,202006,3,0.0425693066849942,0.0464143815019351,76
TECN3,202006,3,0.0193991167405136,0.0142589908116647,76
TESA3,202006,3,0.00340005560132698,0.0166664105526926,76
TGMA3,202006,3,0.0721607506313518,0.108607152910865,76
TIET3,202006,3,0.078631567638943,0.286256355712946,76
TIET4,202006,3,0.078631567638943,0.286256355712945,76
TUPY3,202006,3,0.0480371678877793,0.0186000750319918,76
UNIP3,202006,3,0.128968268289511,1,76
USIM3,202006,3,0.0630857323758411,0.0554860455155877,76
VIVT3,202006,3,0.0367276322205265,0.1148020324415,76
VULC3,202006,3,0.0205557283448565,0.0213320606081073,76
WIZS3,202006,3,0.0526702823717164,0.0514024172227512,76
AALR3,202007,3,0.0543357549711787,0.0796655435183761,78
AGRO3,202007,3,0.0614191773814814,0.0346279129807186,78
ALPA3,202007,3,0.067996514021681,0.0677356226523092,78
ALUP3,202007,3,0.0604649437975593,0.282958032236515,78
AZEV4,202007,3,0.00422056469904406,0.0241886325898496,78
BBTG11,202007,3,0.00130062639429541,0.000135545355266733,78
BEEF11,202007,3,0.0784980401539338,0.114296772161549,78
BIDI3,202007,3,0.0205727227455563,0.0031542892566294,78
BKBR3,202007,3,0.0178424723159124,0.0141605866478623,78
BPAC3,202007,3,0.014581104170347,0.00984896814853839,78
BPAC5,202007,3,0.0136848566858271,0.0029355243581209,78
BRAP3,202007,3,0.0478840573346313,0.100944241374864,78
BRGE3,202007,3,0.109776648281845,1,78
BRIV3,202007,3,0.109776648281844,1,78
BRPR3,202007,3,0.0519808225550735,0.018454854404467,78
BRSR3,202007,3,0.0550580604993125,0.36528260029673,78
CARD3,202007,3,0.0928254129010425,0.111402669282323,78
CCPR3,202007,3,0.0114282268758721,0.0691621124667379,78
CESP3,202007,3,0.0415377059938182,0.148019048874921,78
CGRA4,202007,3,0.0476871562825456,0.381474598058901,78
CLSC4,202007,3,0.0770908304418982,0.103862870150105,78
COCE5,202007,3,0.02906012429803,0.058100736100211,78
CPLE3,202007,3,0.0638658889333217,0.157280607295924,78
CRIV3,202007,3,0.109776648281844,1,78
CTNM4,202007,3,0.109776648281844,1,78
DMMO11,202007,3,0.000984807077559396,1.59297799824816e-06,78
DMMO3,202007,3,0.0162699199497689,0.0133402040890245,78
ENAT3,202007,3,0.0354918009519563,0.0970759678622034,78
ENGI4,202007,3,0.020584254975121,0.00316000778330594,78
EQPA3,202007,3,0.00217466885214828,0.00565885779985783,78
EUCA4,202007,3,0.0769803473998111,0.101491630144496,78
FESA4,202007,3,0.0410811032546716,0.0507810238540816,78
FRAS3,202007,3,0.0105557105262428,0.0654526006378231,78
GEPA3,202007,3,0.0135187707764825,0.000437640488207466,78
GEPA4,202007,3,0.0135197371236235,0.000438848539600144,78
GFSA3,202007,3,0.0102893016322421,0.00637950148019759,78
GGBR3,202007,3,0.0689856910374601,0.108391794722686,78
HGTX3,202007,3,0.0193856973840074,0.0298108661910638,78
ITSA3,202007,3,0.0360793192369039,0.0569907294788855,78
JOPA3,202007,3,0.109776648281844,1,78
KEPL3,202007,3,0.0972491733887004,0.118641504190939,78
KLBN4,202007,3,0.0101687816332987,0.0307562729482629,78
KROT11,202007,3,0.0138777231014923,0.0779321862530333,78
LPSB3,202007,3,0.0114888875981677,0.00517850142042595,78
NATU3,202007,3,4.86143217701715e-05,4.44275573222589e-05,78
OIBR4,202007,3,0.055709611357643,0.347622197371546,78
PDTC3,202007,3,0.0527072966572493,0.0850832387146668,78
PFRM3,202007,3,0.066028202848075,0.0844863524308461,78
PNVL4,202007,3,0.00509570203167423,0.0408854237455151,78
POMO3,202007,3,0.00132755240376801,0.000864126430415704,78
POSI3,202007,3,0.0113472411477483,0.00292821222277499,78
PRNR3,202007,3,0.0136842623407236,0.049048165347142,78
PTBL3,202007,3,0.0783339205882343,0.100620314360172,78
RAPT3,202007,3,0.109849952639573,0.999227658913146,78
RDNI3,202007,3,0.0322993419267291,0.121053757531671,78
ROMI3,202007,3,0.0756330080199667,0.12108827480799,78
RPAD3,202007,3,0.109776648281844,1,78
SAPR3,202007,3,0.0720998640806999,0.344652550315161,78
SCAR3,202007,3,0.00937178602257601,0.0100908046241818,78
SGPS3,202007,3,0.0752976746473934,0.0949028813876832,78
SHOW3,202007,3,0.0139940434962326,0.0187741116556807,78
SHUL4,202007,3,0.0438112642693351,0.0150064464962082,78
SQIA3,202007,3,0.0116951534916248,0.00776748431108461,78
SULA3,202007,3,0.063573321596694,0.0682818911948926,78
SULA4,202007,3,0.0635303259352237,0.0681509236347421,78
TAEE4,202007,3,0.0604649437975593,0.282958032236516,78
TASA3,202007,3,0.0604649437975593,0.282958032236516,78
TASA4,202007,3,0.0706373879409332,0.0969968512487202,78
TECN3,202007,3,0.0160633792001283,0.0149643250235693,78
TESA3,202007,3,0.00290050174641026,0.0157952145148024,78
TGMA3,202007,3,0.0664622416220503,0.12639723963749,78
TIET3,202007,3,0.0654582656158665,0.0814318662451614,78
TIET4,202007,3,0.0645515588112827,0.0721393610438672,78
TUPY3,202007,3,0.0455876821513141,0.0181628577667312,78
USIM3,202007,3,0.0740209508912857,0.0859521549188011,78
VIVT3,202007,3,0.0268782441492937,0.105342607217082,78
VULC3,202007,3,0.0182564205930284,0.0208856290720788,78
WIZS3,202007,3,0.0514495959562908,0.0701155619597067,78
AALR3,202008,3,0.0641207880955056,0.122035666944523,79
AGRO3,202008,3,0.0513621294136821,0.0244689631482303,79
ALPA3,202008,3,0.0416341635023615,0.0348392900064516,79
ALUP3,202008,3,0.0779104192230458,0.417710303087201,79
AZEV4,202008,3,0.00405552477756352,0.0255040111938231,79
BBTG11,202008,3,0.000267106436868297,0.000105192153703554,79
BEEF11,202008,3,0.08118809777612,0.0598975252124538,79
BIDI3,202008,3,0.00885284697119094,0.00232470281492156,79
BKBR3,202008,3,0.00505928361728322,0.00849881605997552,79
BPAC3,202008,3,0.0143709925753236,0.00889423689547,79
BPAC5,202008,3,0.0132487533842973,0.00243683677510669,79
BRAP3,202008,3,0.0440353804781476,0.116749603287277,79
BRGE3,202008,3,0.111787343221141,1,79
BRIV3,202008,3,0.111787343221141,1,79
BRPR3,202008,3,0.0493931750311051,0.0113840187565099,79
BRSR3,202008,3,0.0573917294543456,0.403755458516256,79
CAMB3,202008,3,0.0397800015673567,0.268095213904678,79
CARD3,202008,3,0.093186610551268,0.0575007311871193,79
CCPR3,202008,3,0.0102820676378398,0.0692173082412702,79
CESP3,202008,3,0.0529241037495001,0.249223479822285,79
CGRA4,202008,3,0.0648062105462179,0.375442070726275,79
CLSC4,202008,3,0.0819451299273092,0.0578073729803311,79
COCE5,202008,3,0.0240691227482351,0.0468973383669086,79
CPLE3,202008,3,0.0754277094826107,0.193802072168453,79
CRIV3,202008,3,0.111787343221141,1,79
CTNM4,202008,3,0.111787343221141,1,79
DMMO11,202008,3,4.90226023249172e-05,1.53452831916184e-07,79
DMMO3,202008,3,0.0175922741439661,0.00665200701986735,79
EQPA3,202008,3,0.00215988816881495,0.00525565303131037,79
EUCA4,202008,3,0.081276989014863,0.0553814708680521,79
FESA4,202008,3,0.0279971676627457,0.0125248811556293,79
FRAS3,202008,3,0.0100074081111642,0.0576812723598009,79
GEPA3,202008,3,0.013728613824502,0.00122427986376978,79
GEPA4,202008,3,0.0137310201847903,0.00122841475583843,79
GFSA3,202008,3,0.0109062196369944,0.0029007111224653,79
GGBR3,202008,3,0.0431497209889985,0.0659954278769849,79
ITSA3,202008,3,0.036213136676364,0.0684523352329892,79
JOPA3,202008,3,0.111787343221141,1,79
KEPL3,202008,3,0.0891475171042643,0.0626956540376916,79
KLBN3,202008,3,0.0198969656783246,0.0337487418620095,79
KLBN4,202008,3,0.0199470327532975,0.0338191214552779,79
KROT11,202008,3,0.0145654239356835,0.09680494232277,79
LPSB3,202008,3,0.00939436749545771,0.0078240298804967,79
MEAL3,202008,3,0.0711299220226694,0.176388076290893,79
OFSA3,202008,3,0.0358432012048798,0.105575396975707,79
OIBR4,202008,3,0.0557625797838448,0.349622307098511,79
PDTC3,202008,3,0.0624741297769174,0.128594962955111,79
PFRM3,202008,3,0.0322800305114961,0.0449598670353015,79
PNVL4,202008,3,0.00733661123613953,0.0606918539391533,79
POMO3,202008,3,0.000952399693212621,0.00047399258489785,79
POSI3,202008,3,0.0111152314465817,0.00178779056409024,79
PRNR3,202008,3,0.0113871472931544,0.0485225139280141,79
PTBL3,202008,3,0.068050715356717,0.0353787980686736,79
RAPT3,202008,3,0.111951326036829,0.999205900276834,79
RDNI3,202008,3,0.020715470399918,0.105313682235095,79
ROMI3,202008,3,0.0410200989125222,0.0818634745498121,79
RPAD3,202008,3,0.111787343221141,1,79
SAPR3,202008,3,0.0840807144214902,0.385486188522427,79
SCAR3,202008,3,0.00574864296004688,0.00489763061834616,79
SGPS3,202008,3,0.079693445868637,0.0510753690667003,79
SHOW3,202008,3,0.0127972816039255,0.00994922583091772,79
SHUL4,202008,3,0.0465816382144437,0.0106512673951534,79
SQIA3,202008,3,0.012220733530757,0.00941709135198042,79
SULA4,202008,3,0.0386596558981815,0.0349666778099216,79
TAEE4,202008,3,0.0779104192230458,0.417710303087201,79
TASA4,202008,3,0.000278392406972983,0.000337006501013673,79
TECN3,202008,3,0.0169599187514814,0.0171419935366556,79
TESA3,202008,3,0.00310754826714463,0.0187584183582108,79
TGMA3,202008,3,0.0731813496632849,0.171936999762792,79
TIET3,202008,3,0.0783636338878657,0.418072692339447,79
TIET4,202008,3,0.0779104192230458,0.417710303087201,79
TUPY3,202008,3,0.0480680432966503,0.0108210534339244,79
UCAS3,202008,3,0.029980808650112,0.0931630358465958,79
UNIP6,202008,3,0.081004467136475,0.0484226293849926,79
USIM3,202008,3,0.056341527867258,0.0612406165149642,79
VIVT3,202008,3,0.0181460051803341,0.0827181982044615,79
VLID3,202008,3,0.0358023874006979,0.012275597832193,79
VULC3,202008,3,0.0169555759510517,0.0158937887228627,79
WIZS3,202008,3,0.0650935446086611,0.115536741362963,79
AALR3,202009,3,0.0632049577600317,0.0790706634805444,82
AGRO3,202009,3,0.0561181499742888,0.0511356361543509,82
ALPA3,202009,3,0.0432566601206622,0.0616183544707304,82
ALUP3,202009,3,0.109233617650041,0.758574769593577,82
AZEV4,202009,3,0.00467037892382847,0.0290796242177832,82
BBTG11,202009,3,0.00529044684374847,0.00951884020003564,82
BEEF11,202009,3,0.0478970393404256,0.0118375967247486,82
BIDI3,202009,3,0.0107317014969857,0.00280348617906679,82
BKBR3,202009,3,0.0182375391243128,0.0110605559075029,82
BPAC3,202009,3,0.0138423206922909,0.00770400200384979,82
BPAC5,202009,3,0.0129059723355717,0.00240566384017797,82
BRGE3,202009,3,0.122248826503242,1,82
BRIV3,202009,3,0.122248826503242,1,82
BRPR3,202009,3,0.0477320722927717,0.014707825246602,82
BRSR3,202009,3,0.0563651615656672,0.409273993232599,82
CAMB3,202009,3,0.0399660728177555,0.247722760953506,82
CARD3,202009,3,0.0603209156590677,0.014676410063164,82
CCPR3,202009,3,0.0111584981404932,0.0708313813596522,82
CESP3,202009,3,0.0709773286315881,0.445665090142166,82
CLSC4,202009,3,0.0388884246456972,0.110657027947054,82
CMIG3,202009,3,0.0731980627887496,0.236354153334689,82
COCE5,202009,3,0.0269601304326072,0.0443091918337808,82
CPLE3,202009,3,0.0725660225069159,0.12313333599085,82
CRIV3,202009,3,0.122248826503242,1,82
CTNM4,202009,3,0.122248826503242,1,82
DMMO11,202009,3,3.17546563438627e-05,3.46398701739515e-06,82
DMMO3,202009,3,0.0264769239448422,0.0142249599124969,82
ENAT3,202009,3,0.0555320685856392,0.133410948732013,82
EQPA3,202009,3,0.00132627004039556,0.00384410256722067,82
ETER3,202009,3,0.10942075546882,0.758524883589899,82
EUCA4,202009,3,0.0473004508198705,0.00756473796447058,82
FESA4,202009,3,0.0331093887422971,0.0234181118581106,82
FRAS3,202009,3,0.00900705715800037,0.038610884764792,82
GEPA3,202009,3,0.013969976032121,0.00137044732579768,82
GEPA4,202009,3,0.0139753199840389,0.00137482963415923,82
GFSA3,202009,3,0.021369297415549,0.0259201797796599,82
GGBR3,202009,3,0.0447842621839545,0.0904175590530128,82
HGTX3,202009,3,0.0200542104142129,0.0294484478511951,82
ITSA3,202009,3,0.0860625515487796,0.3501724594203,82
JOPA3,202009,3,0.122248826503242,1,82
KLBN3,202009,3,0.0156916384267115,0.0186116778115885,82
KLBN4,202009,3,0.0156063614481912,0.0180794424680171,82
KROT11,202009,3,0.0202892177613825,0.135557159766378,82
LPSB3,202009,3,0.0125154704043715,0.00797955793597633,82
MEAL3,202009,3,0.0695227624936977,0.1314806669738,82
OFSA3,202009,3,0.0347822408180643,0.0600351690204887,82
OIBR4,202009,3,0.0969791185483894,0.681601617436307,82
PARD3,202009,3,0.0668895693928886,0.189908335582728,82
PDTC3,202009,3,0.0608901159235444,0.0905073392977174,82
PFRM3,202009,3,0.0369966036932324,0.0685867585407953,82
POMO3,202009,3,0.000992316067741766,0.00135041501305775,82
POSI3,202009,3,0.0108180727324505,0.00223390493661202,82
PRNR3,202009,3,0.00652766348262539,0.0279920545339849,82
PTBL3,202009,3,0.0556877005190289,0.0111882231733988,82
RAPT3,202009,3,0.122248826503242,1,82
RDNI3,202009,3,0.0626466257357173,0.200034331951927,82
ROMI3,202009,3,0.0657403671509109,0.24915403815673,82
RPAD3,202009,3,0.121850320066711,0.993799040116405,82
SAPR3,202009,3,0.0946223993605942,0.569784393398245,82
SCAR3,202009,3,0.00572504684707454,0.00715253557468703,82
SGPS3,202009,3,0.0472092103554306,0.0059050185501281,82
SHOW3,202009,3,0.0125347340169995,0.00503423901097504,82
SHUL4,202009,3,0.0547351947682306,0.0146622967437982,82
SQIA3,202009,3,0.0107500417491267,0.0055181617076298,82
SULA4,202009,3,0.0403372276046403,0.0622298451504475,82
TAEE4,202009,3,0.109233617650041,0.758574769593576,82
TASA3,202009,3,0.109233617650041,0.758574769593576,82
TASA4,202009,3,0.0465786356333647,0.0633376643244054,82
TECN3,202009,3,0.00542192696837149,0.00520609118494093,82
TESA3,202009,3,0.00341562629523223,0.0223827784017445,82
TGMA3,202009,3,0.0856621218293305,0.160676768529549,82
TIET3,202009,3,0.109725011628356,0.759091389220753,82
TIET4,202009,3,0.109233617650041,0.758574769593576,82
TUPY3,202009,3,0.051338607003554,0.0172390758328547,82
UCAS3,202009,3,0.0297519574984948,0.0641033633596195,82
UNIP3,202009,3,0.122248826503242,1,82
UNIP6,202009,3,0.0107443611145759,0.0142284111893898,82
USIM3,202009,3,0.0624495945913135,0.207374310947806,82
VIVT3,202009,3,0.0394680421761786,0.125071335953538,82
VLID3,202009,3,0.0351059991688009,0.01096742548535,82
VULC3,202009,3,0.0190342241535671,0.0181860756145416,82
WIZS3,202009,3,0.0636590458446977,0.0739567997620846,82
AALR3,202010,3,0.0375255974300577,0.00113964118872398,85
AGRO3,202010,3,0.0440338797348771,0.0589190320960387,85
ALPA3,202010,3,0.0405492499770111,0.00362414887512145,85
AZEV4,202010,3,0.00312223592429225,0.00059280065442445,85
BBTG11,202010,3,0.000405525417262939,0.000159926508271372,85
BEEF11,202010,3,0.0591050091507523,0.0141671148598071,85
BEES3,202010,3,0.142992700674018,0.99982890897101,85
BIDI3,202010,3,0.00929830976207429,0.00251536703696318,85
BKBR3,202010,3,0.00703590238881226,0.00291209874221822,85
BOBR4,202010,3,0.143014633885253,0.999997268446515,85
BPAC3,202010,3,0.0134594670463084,0.000191231850430416,85
BPAC5,202010,3,0.0123754493302906,8.74578332453806e-05,85
BRGE3,202010,3,0.10508842118324,0.0133903377033538,85
BRIV3,202010,3,0.10508842118324,0.0133903377033539,85
BRPR3,202010,3,0.0371054057756116,0.029973174992997,85
BRSR3,202010,3,0.0397947959308682,0.00759940945784497,85
CAMB3,202010,3,0.0368422255111148,0.00545582173400629,85
CARD3,202010,3,0.0725669088245114,0.0186715180800951,85
CCPR3,202010,3,0.0101432428587762,0.00397728778308523,85
CESP3,202010,3,0.0178063370285189,0.0244394407915326,85
CLSC4,202010,3,0.0400601398548676,0.0785674709738288,85
CMIG3,202010,3,0.0510176812564863,0.00439352797338986,85
COCE5,202010,3,0.0359138113065881,0.0790830983948589,85
CRIV3,202010,3,0.10508842118324,0.0133903377033538,85
CRIV4,202010,3,0.143014938559554,1,85
CRPG5,202010,3,0.0498950482427344,0.0636097037484955,85
CTNM4,202010,3,0.10508842118324,0.0133903377033538,85
DMMO11,202010,3,3.02514031399442e-05,4.12246580304045e-08,85
DMMO3,202010,3,0.0192098699992967,0.00115282790201829,85
EALT4,202010,3,0.142986037616017,0.999871409558393,85
EMAE4,202010,3,0.0572968836976842,0.112453356548736,85
ENAT3,202010,3,0.0383527244103507,0.00263670705570603,85
EQPA3,202010,3,0.00128610504342446,0.000337871015325911,85
ETER3,202010,3,0.0500973922891884,0.079949377892308,85
EUCA4,202010,3,0.059853240997178,0.0231984909706346,85
FESA4,202010,3,0.075524659618047,0.0584107964102514,85
FRAS3,202010,3,0.128456471586095,0.904745896079975,85
GEPA3,202010,3,0.0127775533114733,5.78509262353389e-05,85
GEPA4,202010,3,0.012780865776656,5.80417110273065e-05,85
GFSA3,202010,3,0.0172662753568772,0.000991723361399811,85
GGBR3,202010,3,0.0416563449111188,0.00391386250143246,85
GPCP3,202010,3,0.000984127711309462,0.00656690945764397,85
HAGA4,202010,3,0.142980497379251,0.999839487395464,85
ITSA3,202010,3,0.0596414561266865,0.0048422286557899,85
JOPA3,202010,3,0.10508842118324,0.0133903377033538,85
KLBN4,202010,3,0.000736997059030073,0.000333188915985701,85
LPSB3,202010,3,0.0119798325438698,0.0183672235230716,85
LUXM4,202010,3,0.141974949707365,0.99303865674361,85
MEAL3,202010,3,0.0391535023486464,0.00141758346535413,85
MTSA4,202010,3,0.14298527294218,0.99986702274567,85
OFSA3,202010,3,0.0394721733111272,0.0510756892576126,85
OIBR4,202010,3,0.0341127734544234,0.0103986045259444,85
PATI3,202010,3,0.142980497379251,0.999839487395464,85
PDTC3,202010,3,0.0370818932486299,0.00158718081148844,85
PFRM3,202010,3,0.144735103405755,0.998374496870428,85
POSI3,202010,3,0.0104718453457283,0.000573741342878406,85
PRNR3,202010,3,0.0843382820713008,0.56816199383336,85
PTBL3,202010,3,0.0710882026060166,0.0156280362566135,85
RAPT3,202010,3,0.10508842118324,0.0133903377033538,85
RDNI3,202010,3,0.0425833285626287,0.00225625004370864,85
ROMI3,202010,3,0.0724726052453655,0.0173121535243101,85
RPAD3,202010,3,0.10508842118324,0.0133903377033539,85
SCAR3,202010,3,0.14212147063745,0.952641901460113,85
SGPS3,202010,3,0.0693148197958535,0.0818794685662935,85
SHOW3,202010,3,0.0165574055175792,0.0450077778519873,85
SHUL4,202010,3,0.0556413928906584,0.0207495727298327,85
SQIA3,202010,3,0.00881343829272014,0.000642976184662018,85
SULA4,202010,3,0.0378922568261836,0.00342272591942262,85
TASA3,202010,3,0.0397536732148622,0.0124370121641372,85
TASA4,202010,3,0.0446524500282792,0.0104466431436624,85
TECN3,202010,3,0.00506192452977029,0.00354743717622273,85
TESA3,202010,3,0.00327820480264517,0.0089948707500192,85
TIET3,202010,3,0.0346707649800405,0.00977939764876999,85
TPIS3,202010,3,0.142980497379251,0.999839487395464,85
TUPY3,202010,3,0.0424806844967224,0.0082328354710877,85
UCAS3,202010,3,0.0327086450980923,0.0121772960532459,85
UNIP3,202010,3,0.10508842118324,0.0133903377033539,85
UNIP6,202010,3,0.0232938184984923,0.00868216604281028,85
USIM3,202010,3,0.0587811242713699,0.00627887799185333,85
VIVT3,202010,3,0.0238193185561554,0.00137578667482296,85
VLID3,202010,3,0.0303857623850523,0.00512364592947882,85
VULC3,202010,3,0.0162205605324354,0.00268289728731327,85
WHRL4,202010,3,0.0476066843909791,0.0486714932206404,85
WIZS3,202010,3,0.0389416592353796,0.00168796307566844,85
WLMM4,202010,3,0.0438503499547272,0.0243189232178226,85
AALR3,202011,3,0.0584028112531888,0.00476633484527787,86
AGRO3,202011,3,0.0442990964140542,0.119295443900191,86
ALPA3,202011,3,0.0262560000070854,0.00601134727069063,86
ALPK3,202011,3,0.0142602425610685,0.00205683474795633,86
AZEV4,202011,3,0.00300171948313275,0.00208104904351687,86
BBTG11,202011,3,0.000490271535329899,0.00014108879288489,86
BEEF11,202011,3,0.063238774268383,0.0266274582725717,86
BEES3,202011,3,0.138563745888452,0.999060355672232,86
BOBR4,202011,3,0.138456704660685,0.998350854033075,86
BPAC3,202011,3,0.0132071090066371,0.00118261998001649,86
BPAC5,202011,3,0.0123985333642787,0.000454420554522283,86
BRIV3,202011,3,0.0750242762575127,0.0909019139036077,86
BRPR3,202011,3,0.0529885501878585,0.0353941618076224,86
BRSR3,202011,3,0.0300551288151401,0.0283302297825194,86
CAMB3,202011,3,0.0161309767722792,0.0232876313371875,86
CARD3,202011,3,0.0859494411199374,0.0325440295389346,86
CCPR3,202011,3,0.0107957761527893,0.0138672861942299,86
CESP3,202011,3,0.0151645009769056,0.0249360193033966,86
CGRA4,202011,3,0.165097807451283,0.840955397165528,86
CLSC4,202011,3,0.018086251905134,0.0978378093625498,86
CMIG3,202011,3,0.06965443999846,0.0257226322261691,86
COCE5,202011,3,0.0371900861573901,0.0867326981460217,86
CRIV4,202011,3,0.138706498529327,1,86
CRPG5,202011,3,0.0527840840607593,0.0900450797988605,86
CTNM4,202011,3,0.0750242762575127,0.0909019139036078,86
DMMO11,202011,3,6.31700502266384e-05,3.24924407159896e-06,86
DMMO3,202011,3,0.0267930894835039,0.00263363515761714,86
EALT4,202011,3,0.138627819415415,0.99947438306343,86
EMAE4,202011,3,0.0623316430306212,0.155227324587541,86
ENAT3,202011,3,0.0448403500674106,0.012842591020531,86
EQPA3,202011,3,0.00122181883464353,0.000652097375097683,86
ETER3,202011,3,0.0403311024897941,0.120624261984341,86
EUCA4,202011,3,0.0649604085332858,0.0366867975909709,86
FESA4,202011,3,0.083991165537,0.0858482149972087,86
FRAS3,202011,3,0.108278828112657,0.74899575700259,86
GEPA3,202011,3,0.0130022205957701,8.50675312997934e-05,86
GEPA4,202011,3,0.013006465566338,8.5299794827089e-05,86
GFSA3,202011,3,0.0182129687354848,0.00204806705150741,86
GGBR3,202011,3,0.0286499539380407,0.00864294595276226,86
GPCP3,202011,3,0.000954373104852993,0.00490264140247207,86
HGTX3,202011,3,0.0163193878530384,0.00402065803769682,86
ITSA3,202011,3,0.0617279380346231,0.0294730262885958,86
JOPA3,202011,3,0.0750242762575127,0.0909019139036077,86
KEPL3,202011,3,0.0932280716165651,0.0912571929178577,86
KLBN4,202011,3,0.000993101657864752,0.000610830963041806,86
LEVE3,202011,3,0.0550405075321309,0.0132355017592945,86
LOGN3,202011,3,0.0688930760521755,0.00976252848425421,86
LPSB3,202011,3,0.00707367889715852,0.0172597485536542,86
LUXM4,202011,3,0.136264795415817,0.983800799648322,86
MEAL3,202011,3,0.076394534506143,0.00872767589482548,86
MTSA4,202011,3,0.138632142883643,0.999503227660142,86
OIBR4,202011,3,0.0037900012716926,0.00242107363038076,86
PARD3,202011,3,0.0625297994548206,0.0337056157082929,86
PATI3,202011,3,0.138613621353873,0.999379674659004,86
PDTC3,202011,3,0.0548573917425226,0.00530548060235451,86
PFRM3,202011,3,0.138881474838216,0.999499474997167,86
POSI3,202011,3,0.0102051158462833,0.000867828299950959,86
PRNR3,202011,3,0.0778750848803542,0.547609014268614,86
PTBL3,202011,3,0.0828387424672159,0.0280890817974257,86
PTNT4,202011,3,0.0167671467414031,0.0349564918575923,86
RDNI3,202011,3,0.0572324098453155,0.0207769333006474,86
ROMI3,202011,3,0.0851647693301829,0.0308823514882485,86
RPAD3,202011,3,0.0750242762575127,0.0909019139036077,86
RRRP3,202011,3,0.0697893819701279,0.0403728218486958,86
SAPR4,202011,3,0.052918661765475,0.0128771267031274,86
SCAR3,202011,3,0.138616633854212,0.969127359641188,86
SGPS3,202011,3,0.0728649504493752,0.0891782914774821,86
SHOW3,202011,3,0.0158316927086453,0.0427518379872325,86
SHUL4,202011,3,0.0741469432160326,0.032544968198443,86
SQIA3,202011,3,0.00919645706865006,0.000997763359739604,86
TASA3,202011,3,0.0262412524115312,0.0259472343652178,86
TASA4,202011,3,0.0385610079239543,0.0120091220057469,86
TECN3,202011,3,0.003551111345839,0.00333549850954178,86
TESA3,202011,3,0.00350234315911519,0.01497248925475,86
TGMA3,202011,3,0.0669250036841128,0.00722478558576101,86
TPIS3,202011,3,0.138613621353873,0.999379674659005,86
TUPY3,202011,3,0.0585702862863063,0.0146941037639566,86
UNIP3,202011,3,0.0750242762575127,0.0909019139036077,86
UNIP6,202011,3,0.0308345125783491,0.0205182053723355,86
USIM3,202011,3,0.0454812158135412,0.0265786994986922,86
VIVT4,202011,3,0.00759767881963237,0.00772310429342986,86
VLID3,202011,3,0.0459739710689283,0.0111460702017646,86
VULC3,202011,3,0.0213312896222529,0.00507123071103624,86
WHRL4,202011,3,0.0505734025590288,0.0751635210706485,86
WIZS3,202011,3,0.060820230059215,0.00556445167207237,86
WLMM4,202011,3,0.0462608348502609,0.0463498716498786,86
AALR3,202012,3,0.0310271838539255,0.0043186668410758,86
AGRO3,202012,3,0.0681734830738022,0.136192211252736,86
ALPA3,202012,3,0.0279235827725471,0.00782880112805586,86
ALPK3,202012,3,0.014848596461954,0.00136954704821,86
AVLL3,202012,3,0.0864191758095081,0.098895262002236,86
BBTG11,202012,3,0.000566943744618501,0.000121588269097287,86
BEEF11,202012,3,0.0822725338412874,0.0637672506777535,86
BIOM3,202012,3,8.91664807429902e-06,1.42329205879559e-06,86
BOBR4,202012,3,0.12268259325397,0.970413029461302,86
BPAC3,202012,3,0.0430031918933174,0.03835544279098,86
BPAC5,202012,3,0.0430931967391754,0.0384167672566343,86
BRAP3,202012,3,0.0295215324666058,0.0250506928786604,86
BRGE3,202012,3,0.089813213758223,0.128086581143648,86
BRIV3,202012,3,0.0898132137582231,0.128086581143648,86
BRPR3,202012,3,0.0724374397723142,0.0470782591522484,86
BRSR3,202012,3,0.0282287448989503,0.0343835699170701,86
CARD3,202012,3,0.105621670902114,0.0756290733619018,86
CESP3,202012,3,0.0131706023889915,0.0272178833056287,86
CGRA4,202012,3,0.162388277391058,0.891808638837332,86
CLSC4,202012,3,0.0418709598469665,0.109736657515171,86
CMIG3,202012,3,0.0713631928141389,0.0371973230621981,86
COCE5,202012,3,0.0323258954063218,0.0907458336383705,86
CRIV4,202012,3,0.12684729577107,1,86
CRPG5,202012,3,0.0273341488794813,0.0782785795412115,86
CTNM4,202012,3,0.089813213758223,0.128086581143648,86
DIRR3,202012,3,0.071811555462129,0.0254471714353675,86
DMMO11,202012,3,6.85026832195613e-05,6.47133522492307e-06,86
DMMO3,202012,3,0.0411254753140263,0.0062961949171981,86
EALT4,202012,3,0.126773278575817,0.999440904358938,86
EMAE4,202012,3,0.0421357231811263,0.187136071810101,86
ENAT3,202012,3,0.0498727062236032,0.0195581943368262,86
EQPA3,202012,3,0.00160222646443318,0.000851151824093931,86
ETER3,202012,3,0.0810682604098267,0.0636936974501574,86
EUCA4,202012,3,0.0833583953777072,0.0742292448950509,86
FESA4,202012,3,0.0778780030486349,0.115390723697805,86
FRAS3,202012,3,0.115275084206073,0.916079718971735,86
GEPA3,202012,3,0.0147525293041537,0.00669750256070229,86
GEPA4,202012,3,0.0147522043005344,0.00669678336768579,86
GFSA3,202012,3,0.017967416159237,0.00339516046512705,86
GGBR3,202012,3,0.0294485092355821,0.011776000218535,86
GOAU3,202012,3,0.0621169667367864,0.0316429955692604,86
GPCP3,202012,3,0.00122012400563253,0.00901693198852485,86
GUAR3,202012,3,0.0354942568531858,0.00998562071050523,86
HGTX3,202012,3,0.0173878022552899,0.00461372627186888,86
ITSA3,202012,3,0.0749605721474986,0.0441178483141539,86
JOPA3,202012,3,0.089813213758223,0.128086581143648,86
KEPL3,202012,3,0.0841750129832308,0.111710089994083,86
KLBN4,202012,3,0.000735388558501141,0.000594674893054174,86
KROT11,202012,3,0.0127017547425576,0.0154825234500282,86
LEVE3,202012,3,0.073422288188342,0.025747609165843,86
LPSB3,202012,3,0.0132281300116679,0.0189248996525261,86
LUXM4,202012,3,0.125670077584046,0.991778629621724,86
MEAL3,202012,3,0.0732956858669382,0.0167119887517997,86
MTSA4,202012,3,0.126776273498655,0.999463356838387,86
OFSA3,202012,3,0.0385731987165285,0.0632265288646207,86
OIBR4,202012,3,0.00324080211109857,0.00330992058409924,86
PARD3,202012,3,0.0641018499834897,0.042369922653294,86
PATI3,202012,3,0.126756018165569,0.999311685177403,86
PDTC3,202012,3,0.0299363696072624,0.00519459660682743,86
PFRM3,202012,3,0.126756018165569,0.999311685177403,86
POSI3,202012,3,0.010830845470329,0.00143841052039739,86
PRNR3,202012,3,0.0511650474838246,0.333774855359255,86
PTBL3,202012,3,0.108985804964519,0.0735415382563841,86
PTNT4,202012,3,0.00265869984452466,0.021150306280104,86
RAPT3,202012,3,0.089813213758223,0.128086581143648,86
RCSL4,202012,3,0.0396676040608527,0.00610670654744503,86
RDNI3,202012,3,0.0574109787628863,0.0284979196918891,86
ROMI3,202012,3,0.103503777735521,0.0663700814449826,86
RPAD3,202012,3,0.089813213758223,0.128086581143648,86
SAPR4,202012,3,0.0673980181170476,0.0365401946280372,86
SCAR3,202012,3,0.127403945690544,0.974112411559597,86
SGPS3,202012,3,0.0934994504655931,0.143195132923743,86
SHOW3,202012,3,0.0163647277019977,0.0447707671055233,86
SHUL4,202012,3,0.0925930574734464,0.0519887994628776,86
SQIA3,202012,3,0.00868141380601456,0.00127950529691726,86
TASA3,202012,3,0.0161606856706404,0.0208400347259199,86
TASA4,202012,3,0.0421823486736115,0.00796676745419066,86
TECN3,202012,3,0.0117486753711808,0.00487783645840022,86
TESA3,202012,3,0.0035733471563419,0.0182277505745151,86
TPIS3,202012,3,0.126756018165569,0.999311685177403,86
TUPY3,202012,3,0.0781171197244542,0.0275002851207176,86
UCAS3,202012,3,0.0225466373786492,0.0179332109619874,86
USIM3,202012,3,0.0494546246716982,0.0348327710608319,86
VLID3,202012,3,0.0542020849047219,0.0302896030931223,86
VULC3,202012,3,0.0258879013709003,0.00857831758509154,86
WIZS3,202012,3,0.0482843245357288,0.0133799602698541,86
AALR3,202101,3,0.0245638274823571,0.00286334759684971,88
AGRO3,202101,3,0.0653035820024839,0.144460583844909,88
ALPA3,202101,3,0.0254644362982929,0.00806081220867226,88
ALPK3,202101,3,0.0125273606790414,0.00118311703506213,88
AMAR3,202101,3,0.00410859584017108,0.000995535897901747,88
AVLL3,202101,3,0.0835012272653727,0.092176659915453,88
BBTG11,202101,3,0.00656425190719533,0.000822151433148933,88
BEEF11,202101,3,0.0758747759149321,0.0484212344479484,88
BEES3,202101,3,0.12415579631759,0.942396250848886,88
BOAS3,202101,3,0.00649960123589227,0.00560873974740289,88
BOBR4,202101,3,0.0227567722384816,0.181453395963582,88
BPAC3,202101,3,0.0420724255070811,0.0332563594309151,88
BPAC5,202101,3,0.0421468390100489,0.0333010915250353,88
BRAP3,202101,3,0.0257002953399695,0.0220473642894061,88
BRGE3,202101,3,0.0909942387144596,0.117033195152148,88
BRIV3,202101,3,0.0909942387144596,0.117033195152148,88
BRPR3,202101,3,0.0606973475001939,0.0461592954661774,88
BRSR3,202101,3,0.0365091159701576,0.0283110940223862,88
CARD3,202101,3,0.0934850828469528,0.0607963111942737,88
CESP3,202101,3,0.00278456969070491,0.00494199147410309,88
CGRA4,202101,3,0.163880101575973,0.906528656984841,88
CLSC4,202101,3,0.0314714436333793,0.102569012003379,88
CMIG3,202101,3,0.0559127684389588,0.0264473217215585,88
COCE5,202101,3,0.033806635362572,0.0994920014964397,88
CRDE3,202101,3,0.016843841712225,0.0135698911975706,88
CRIV4,202101,3,0.12877475600493,1,88
CRPG5,202101,3,0.0256591238275299,0.0782826576678484,88
CTNM4,202101,3,0.0909942387144596,0.117033195152148,88
DMMO11,202101,3,8.08648814923839e-07,9.5250696035524e-08,88
DMMO3,202101,3,0.0426205141403254,0.00701350124657228,88
EALT4,202101,3,0.128518049245788,0.999088161142661,88
EMAE4,202101,3,0.0421477958686824,0.198357315371419,88
ENAT3,202101,3,0.0551641764352715,0.0173127736517398,88
EQPA3,202101,3,0.0123745884657126,0.00204727672486197,88
ETER3,202101,3,0.0761357908884036,0.0492303410382197,88
EUCA4,202101,3,0.0793239792111368,0.0655981437617805,88
FESA4,202101,3,0.103102557625692,0.122205264469175,88
FRAS3,202101,3,0.123156272151234,0.958160356744125,88
GEPA3,202101,3,0.0191913000506003,0.0130454635976509,88
GEPA4,202101,3,0.0192036139357928,0.0130451546272264,88
GFSA3,202101,3,0.0331630131378572,0.00871778809870506,88
GGBR3,202101,3,0.0304002224175509,0.013691089409866,88
GPCP3,202101,3,0.00133994332028501,0.00687367462147951,88
HGTX3,202101,3,0.0184680140749885,0.00525067997078195,88
ITSA3,202101,3,0.0659811562072561,0.0353888149355561,88
JOPA3,202101,3,0.0909942387144596,0.117033195152148,88
KEPL3,202101,3,0.0774641478540501,0.0938132862517078,88
KLBN4,202101,3,0.000756237943975948,0.000601828094240612,88
KROT11,202101,3,0.0147295444478789,0.0167840331409882,88
LEVE3,202101,3,0.0593938170166376,0.0184772776010804,88
LPSB3,202101,3,0.0086677655313898,0.0201246878830597,88
LUXM4,202101,3,0.129658709911167,0.996465510318772,88
MEAL3,202101,3,0.0562937952130584,0.0135642100459442,88
MMXM3,202101,3,0.0412045911150083,0.0318250768707156,88
MTSA4,202101,3,0.12852530941513,0.999090305055136,88
OIBR4,202101,3,0.00311717207742809,0.00267824811160392,88
PARD3,202101,3,0.0538607014768001,0.0363054896423229,88
PATI3,202101,3,0.128460444819127,0.99887011797927,88
PDTC3,202101,3,0.0224831316644199,0.00353943217465433,88
PFRM3,202101,3,0.128460444819127,0.998870117979271,88
POSI3,202101,3,0.0130733906295742,0.00185262782092231,88
PRNR3,202101,3,0.0597448574211982,0.366945916956447,88
PTBL3,202101,3,0.0945670782619462,0.05663275822941,88
PTNT4,202101,3,0.00296616024562449,0.0233449988696178,88
RAPT3,202101,3,0.0910711295837374,0.117212967907994,88
RCSL4,202101,3,0.0418751567497117,0.00701390427765014,88
RDNI3,202101,3,0.0476113688920877,0.0216536659392619,88
ROMI3,202101,3,0.096536426803165,0.0569521771822086,88
RPAD3,202101,3,0.0909942387144596,0.117033195152148,88
RSID3,202101,3,0.0357394061617375,0.0241223083038796,88
SCAR3,202101,3,0.127949298835107,0.977968075758606,88
SGPS3,202101,3,0.0597423815401641,0.366913278855051,88
SHOW3,202101,3,0.0198435272738427,0.0559538708690093,88
SHUL4,202101,3,0.0735374014047609,0.039646124825591,88
SQIA3,202101,3,0.0107986092275822,0.00181505564251261,88
TASA3,202101,3,0.0357402203835367,0.0241132624904884,88
TASA4,202101,3,0.0443750081156361,0.0082720943358571,88
TECN3,202101,3,0.00938358762169116,0.00446131528858987,88
TESA3,202101,3,0.00685513241121139,0.0222108788116671,88
TGMA3,202101,3,0.0456057446836227,0.0118674731367199,88
TPIS3,202101,3,0.128460444819127,0.99887011797927,88
TUPY3,202101,3,0.0685031599974263,0.0219377531585657,88
UCAS3,202101,3,0.0122646803969103,0.0112918541950792,88
USIM3,202101,3,0.0572502332270581,0.042881703280805,88
VIVT4,202101,3,0.00820862676190097,0.00947705068029064,88
VLID3,202101,3,0.0417934402987337,0.0229214286188508,88
VULC3,202101,3,0.0194774862431361,0.0054622065934465,88
WIZS3,202101,3,0.046044791245254,0.014297612400336,88
AALR3,202102,3,0.0161368228903915,0.000703449148420275,92
ALPA3,202102,3,0.0250497552722608,0.00503352261837143,92
ALPK3,202102,3,0.0121147542545056,0.00110760513052464,92
AMAR3,202102,3,0.00414159879345382,0.000569825346541505,92
AVLL3,202102,3,0.0880969301736007,0.0659391704689498,92
BBTG11,202102,3,0.00864894236851491,0.000977962319201063,92
BEEF11,202102,3,0.0826018386215436,0.0328519581133605,92
BEES3,202102,3,0.12082560159598,0.994565287830053,92
BOAS3,202102,3,0.00783271351715305,0.00432374785990514,92
BPAC3,202102,3,0.0293155531736764,0.0124045122752533,92
BPAC5,202102,3,0.0294927437819014,0.0233565124421584,92
BRAP3,202102,3,0.0236843462387502,0.0141931546229053,92
BRGE3,202102,3,0.0851833558587377,0.0979027791327028,92
BRIV3,202102,3,0.0851833558587377,0.0979027791327029,92
BRPR3,202102,3,0.0689036594319225,0.0476948026303402,92
BRSR3,202102,3,0.0378432546252614,0.0205523798697825,92
BSEV3,202102,3,0.0126218456303228,0.00496744990117664,92
CARD3,202102,3,0.0972370516013406,0.0355625899147099,92
CESP3,202102,3,0.00383976622410135,0.000951824089789126,92
CGRA4,202102,3,0.152567125394274,0.926723013685596,92
CLSC4,202102,3,0.0291109833614717,0.105156311027629,92
CMIG3,202102,3,0.0503565288767986,0.0183412809581221,92
COCE5,202102,3,0.0316075024615485,0.0875210118089517,92
CPLE3,202102,3,0.025961842760363,0.005121559075774,92
CRDE3,202102,3,0.0160416406827712,0.0125792254054379,92
CRIV4,202102,3,0.121466151108832,1,92
CRPG5,202102,3,0.0188022987990183,0.0731511087044288,92
CTNM4,202102,3,0.0851833705553041,0.0979028174573833,92
DIRR3,202102,3,0.0608078631378004,0.0132614564755642,92
DMMO11,202102,3,0.000926914428262829,8.24741917936632e-05,92
DMMO3,202102,3,0.0427112813873162,0.00414474125154838,92
EALT4,202102,3,0.121372528844958,0.999393360179264,92
EMAE4,202102,3,0.0351102092149132,0.198330505320447,92
ENAT3,202102,3,0.0548287582005961,0.0171266471048873,92
EQPA3,202102,3,0.0119506907580409,0.00175350010697928,92
ETER3,202102,3,0.0830021417822525,0.0340429748620332,92
EUCA4,202102,3,0.085678603182521,0.0480288102371546,92
FHER3,202102,3,0.012295505388979,0.0104210210787381,92
FRAS3,202102,3,0.116540801870856,0.962738853133965,92
GEPA4,202102,3,0.00734364178238832,0.0111711294150287,92
GFSA3,202102,3,0.0330690313772655,0.00789403439633547,92
GGBR3,202102,3,0.0292679708069086,0.00950921073976751,92
GPCP3,202102,3,0.00109807668340907,0.00657911748962298,92
HGTX3,202102,3,0.019049091945669,0.00582711568327835,92
ITSA3,202102,3,0.0256939129009495,0.0116158550622806,92
JOPA3,202102,3,0.0851833558587376,0.0979027791327028,92
KEPL3,202102,3,0.0805433564298908,0.0498933646196438,92
KLBN4,202102,3,0.00147067310101631,0.000619421007757224,92
KROT11,202102,3,0.016443816491868,0.0169393667375527,92
LEVE3,202102,3,0.061631857248026,0.0129298644482693,92
LPSB3,202102,3,0.00719607794272626,0.017605334630298,92
LUXM4,202102,3,0.118577982258791,0.977078680759991,92
MEAL3,202102,3,0.0580748667305209,0.0120071331802025,92
MMXM3,202102,3,0.0392817766218597,0.0251077532199746,92
MTSA4,202102,3,0.121381940995767,0.999438735764268,92
NGRD3,202102,3,0.0204697010142294,0.00239815614717641,92
PARD3,202102,3,0.0466474836649772,0.0302685713339217,92
PATI3,202102,3,0.121335726909945,0.999143785460107,92
PDTC3,202102,3,0.0205202786227032,0.00115964654863416,92
PFRM3,202102,3,0.121335726909945,0.999143785460107,92
POSI3,202102,3,0.0214455092684311,0.00178531426882036,92
PRNR3,202102,3,0.056349773330717,0.379275781798565,92
PTBL3,202102,3,0.0912911835929831,0.0297167746426633,92
PTNT4,202102,3,0.00329841806357007,0.0274088452436464,92
RAPT3,202102,3,0.0851833558587376,0.0979027791327028,92
RCSL4,202102,3,0.0419369782570047,0.00391043552511728,92
RDNI3,202102,3,0.0404468643735937,0.0152696706213356,92
RDOR3,202102,3,0.000569787071757241,0.000478131338058761,92
ROMI3,202102,3,0.101364926257629,0.032883794113808,92
RPAD3,202102,3,0.0851833558587377,0.0979027791327028,92
RSID3,202102,3,0.0354263497015171,0.0202692078981756,92
SANB4,202102,3,0.0137029334085844,0.00321713091503761,92
SAPR4,202102,3,0.0460662449040776,0.00781742258583712,92
SCAR3,202102,3,0.121315688993198,0.998990357837441,92
SEQL3,202102,3,0.0877885309736215,0.0531103049933895,92
SGPS3,202102,3,0.0554706464199043,0.371202848207009,92
SHOW3,202102,3,0.0220186058724015,0.0536111059496261,92
SHUL4,202102,3,0.0865164459875036,0.0316922384078849,92
SQIA3,202102,3,0.0150026614887311,0.00172792586588718,92
TASA3,202102,3,0.0354270759427429,0.020260065563884,92
TASA4,202102,3,0.0446643058143105,0.00482825992799287,92
TECN3,202102,3,0.00933966429764149,0.00401086144748238,92
TESA3,202102,3,0.00679827617890537,0.0209940082550949,92
TGMA3,202102,3,0.0390425409621053,0.0087411578755038,92
TPIS3,202102,3,0.121335726909945,0.999143785460107,92
TUPY3,202102,3,0.0733371441730575,0.0162376843724486,92
UCAS3,202102,3,0.0130509593845034,0.0113496115843236,92
USIM3,202102,3,0.0496892125571311,0.0299100287457171,92
VIVT4,202102,3,0.00818047839124813,0.00713119278831128,92
VLID3,202102,3,0.0368111715390458,0.00609041369097953,92
VULC3,202102,3,0.0185920397475428,0.0038196394151562,92
WIZS3,202102,3,0.0351869766033051,0.00571917836076572,92
AALR3,202103,3,0.0323951585838489,0.0085225825230809,95
AERI3,202103,3,0.0881042993046912,0.0762205940889743,95
ALPA3,202103,3,0.0251322467789622,0.00685497613718909,95
ALPK3,202103,3,0.00130535427038037,0.000805584106025361,95
ALUP3,202103,3,0.0106466158083875,0.000416213380437438,95
AMAR3,202103,3,0.00599918157860087,0.00235883976909234,95
ATOM3,202103,3,0.0918285751005884,0.141077118333768,95
AVLL3,202103,3,0.0969156393246434,0.158434817756173,95
AZEV3,202103,3,0.0918550489778068,0.14107609206855,95
BBRK3,202103,3,0.0177928094253475,0.0148677773476178,95
BBTG11,202103,3,0.0119644174691883,0.00268246190786416,95
BEEF11,202103,3,0.0925222805494166,0.129812572080055,95
BEES3,202103,3,0.11322948542655,0.999048385991706,95
BOAS3,202103,3,0.00805467191065876,0.00525382468400991,95
BPAC3,202103,3,0.0347355916710408,0.0366474383247953,95
BPAC5,202103,3,0.0238512053596448,0.0195351951543794,95
BRAP3,202103,3,0.0336036321488641,0.0207724158194495,95
BRKM3,202103,3,0.024010805794316,0.0193539034117368,95
BRPR3,202103,3,0.0675229124339738,0.0696986137900895,95
BRSR3,202103,3,0.0349366375020619,0.0334939904306745,95
BSEV3,202103,3,0.0206881810259923,0.0150416082005459,95
CARD3,202103,3,0.102661769765654,0.129366181094147,95
CESP3,202103,3,0.0141581371230203,0.00350351150351643,95
CGRA4,202103,3,0.114753524786915,0.843916944117417,95
CLSC4,202103,3,0.0273976955252775,0.108465961263114,95
CMIG3,202103,3,0.0464667312270807,0.0255132154582473,95
COCE5,202103,3,0.0372499514547495,0.103912902679359,95
CPLE3,202103,3,0.0348822831345829,0.0140305252456395,95
CRIV4,202103,3,0.112373275213287,1,95
CRPG5,202103,3,0.019936576947585,0.0867869888274708,95
DIRR3,202103,3,0.0575346982387271,0.0302750820938432,95
DMMO11,202103,3,0.00101919422500077,0.000231430833589103,95
DMMO3,202103,3,0.0436059797204599,0.0130553932511172,95
EALT4,202103,3,0.112123698533631,0.999104140207217,95
EMAE4,202103,3,0.0338553938727377,0.213407252194009,95
ENAT3,202103,3,0.0520572390076501,0.0290880391646032,95
EQPA3,202103,3,0.00146606046774752,0.000631372213103265,95
ETER3,202103,3,0.0928545394951965,0.1319286284655,95
EUCA4,202103,3,0.0956529842202034,0.145114638044054,95
FHER3,202103,3,0.0129367625427191,0.00619553740443337,95
FRAS3,202103,3,0.116968420001009,0.985971928532273,95
GEPA4,202103,3,0.00700545106611845,0.0141083907764348,95
GFSA3,202103,3,0.0292223133927042,0.00786078794244797,95
GGBR3,202103,3,0.0255429164439054,0.0101435330293346,95
GPCP3,202103,3,0.00422720513620737,0.0116032256838483,95
IGBR3,202103,3,0.0918285751005884,0.141077118333769,95
INEP3,202103,3,0.0918285751005884,0.141077118333769,95
ITSA3,202103,3,0.0409073283140403,0.0154800602293776,95
KEPL3,202103,3,0.102386362830081,0.139308990450964,95
KLBN4,202103,3,0.0015287334921118,0.00135089539050402,95
KROT11,202103,3,0.00863278618572099,0.0123690473873098,95
LEVE3,202103,3,0.0574536078471699,0.0292807016137186,95
LPSB3,202103,3,0.0137830228324858,0.025292049433106,95
LUPA3,202103,3,0.0149844519412962,0.0120027554864295,95
LUXM4,202103,3,0.112514450541902,0.985378007810557,95
MEAL3,202103,3,0.0563131555482012,0.027871432864103,95
MILS3,202103,3,0.103906137621889,0.182701671125841,95
MMXM3,202103,3,0.0847206003506162,0.130933612121568,95
MTSA4,202103,3,0.112088116473212,0.998942127821948,95
NGRD3,202103,3,0.020825672385859,0.00600528369578032,95
OIBR4,202103,3,0.0227218172631807,0.00658498522398654,95
OSXB3,202103,3,0.0918285751005884,0.141077118333769,95
PARD3,202103,3,0.0497333508889984,0.0373291116236381,95
PDTC3,202103,3,0.0239232463058051,0.00638589120760248,95
PFRM3,202103,3,0.05689837565578,0.313244002294486,95
PNVL4,202103,3,0.0279602077744272,0.24461582069325,95
POSI3,202103,3,0.0248676069590899,0.00780827168714497,95
PRNR3,202103,3,0.0564403162699572,0.416090127182664,95
PTBL3,202103,3,0.0926643948893357,0.115108775682619,95
PTNT4,202103,3,0.00631953038575747,0.0319870324052904,95
RCSL3,202103,3,0.0918285751005884,0.141077118333769,95
RCSL4,202103,3,0.0404770738126168,0.0116518044052542,95
RDNI3,202103,3,0.044109075548937,0.0237994783691393,95
RDOR3,202103,3,0.00052198940249385,0.000480891300003465,95
RSID3,202103,3,0.0918362484654669,0.14107945587638,95
SANB3,202103,3,0.111959480436423,0.998445953749197,95
SAPR11,202103,3,0.0664945014204898,0.0320824373387977,95
SCAR3,202103,3,0.111938059258594,0.998271053726865,95
SEQL3,202103,3,0.0978946215148011,0.146855400964184,95
SGPS3,202103,3,0.0545897583296688,0.397995656524424,95
SHOW3,202103,3,0.0206873637775678,0.0660050352690082,95
SHUL4,202103,3,0.10002724793225,0.0987940760477167,95
SQIA3,202103,3,0.0192527056721232,0.0055272318974621,95
TASA3,202103,3,0.0918285751005884,0.141077118333769,95
TASA4,202103,3,0.0458301647701317,0.0217655704330843,95
TESA3,202103,3,0.00699725645947594,0.0209256019656712,95
TGMA3,202103,3,0.0486035764351063,0.0188752602639905,95
TPIS3,202103,3,0.111959480436423,0.998445953749197,95
UCAS3,202103,3,0.0121147746088882,0.0125460088769358,95
UNIP3,202103,3,0.0359720386906737,0.042945504967765,95
USIM3,202103,3,0.0374560989147242,0.0282502254231451,95
VIVT4,202103,3,0.00461502861285357,0.00505841731012524,95
VLID3,202103,3,0.0291960050332469,0.0200921589671975,95
VULC3,202103,3,0.0162039597891079,0.00794681211482975,95
WIZS3,202103,3,0.0622722268419693,0.0646521172533512,95
AALR3,202104,3,0.0470980757606552,0.0440358565994181,96
ALLD3,202104,3,0.0265030680543372,0.0266279832212785,96
ALPA3,202104,3,0.0245787583661547,0.00630726449329042,96
ALPK3,202104,3,0.00155617473571078,0.00150362735707355,96
ATOM3,202104,3,0.111910277983411,0.1172102371184,96
AVLL3,202104,3,0.117655434317365,1,96
AZEV3,202104,3,0.11203073223465,0.117317304459888,96
BBRK3,202104,3,0.0227410682288885,0.014909311026571,96
BBTG11,202104,3,0.0106720423027115,0.00394058934413906,96
BEEF11,202104,3,0.114301234857092,0.996768279897386,96
BEES3,202104,3,0.083005412912922,0.0910093944996689,96
BOAS3,202104,3,0.0113544329026721,0.0173266670554093,96
BPAC3,202104,3,0.0671968004409263,0.0754415299455145,96
BPAC5,202104,3,0.0495155311757984,0.0540397422342455,96
BRAP3,202104,3,0.0373258795575843,0.017184564445946,96
BRGE3,202104,3,0.0922434631162637,0.0718805855354839,96
BRIV3,202104,3,0.0922434631162637,0.0718805855354838,96
BRPR3,202104,3,0.0644350315249094,0.103819930874609,96
BSEV3,202104,3,0.0450570584265715,0.0483563289496612,96
CARD3,202104,3,0.107100090988432,0.724561290744429,96
CESP3,202104,3,0.00599470929437567,0.00612590625356066,96
CGRA4,202104,3,0.128746264100869,0.11598472893706,96
CLSC4,202104,3,0.0275748540511866,0.0183193759878045,96
CMIG3,202104,3,0.0310018268030737,0.0315411802277331,96
COCE5,202104,3,0.0298352028038535,0.040697497771023,96
CPLE11,202104,3,0.0484173306146415,0.0389527225212056,96
CPLE3,202104,3,0.0515953120253374,0.165361039939827,96
CRIV4,202104,3,0.0825344476442255,0.0908519004049869,96
CRPG5,202104,3,0.0193093430504193,0.0179602852305283,96
CTNM4,202104,3,0.0922453615279351,0.0718821635511973,96
DIRR3,202104,3,0.0579245221803463,0.0968370316164166,96
DMMO11,202104,3,0.000915054593570871,0.000422871970839859,96
DMMO3,202104,3,0.0127781072399146,0.0244275805963688,96
DMVF3,202104,3,0.0299654351646136,0.0585879114264693,96
EALT4,202104,3,0.0756993736868867,0.0841537538340617,96
EMAE4,202104,3,0.0337301717253551,0.0321658723688466,96
ENAT3,202104,3,0.0520038931549313,0.0541542240463613,96
EQPA3,202104,3,0.00136504557614454,0.0008773000928641,96
ETER3,202104,3,0.114468944084901,0.996964485349108,96
EUCA4,202104,3,0.119062328745356,0.990558976404695,96
FRAS3,202104,3,0.0950807377409303,0.107273935675982,96
GEPA4,202104,3,0.0057135809468602,0.0108163487848826,96
GFSA3,202104,3,0.0267124976909875,0.0127487745339871,96
GGBR3,202104,3,0.0280412411169787,0.0104666289517396,96
GPCP3,202104,3,0.10983681155699,0.960876287027164,96
IGBR3,202104,3,0.111910277983412,0.1172102371184,96
INEP3,202104,3,0.111910277983411,0.1172102371184,96
INEP4,202104,3,0.0216604457526618,0.0339839522554109,96
ITSA3,202104,3,0.0283858229891232,0.00761680558062111,96
JOPA3,202104,3,0.0922434631162637,0.0718805855354839,96
KEPL3,202104,3,0.123423354767479,0.928744380805159,96
KLBN4,202104,3,0.00120701446633979,0.00256217776503133,96
KROT11,202104,3,0.0169674014581311,0.0159042690434202,96
LEVE3,202104,3,0.0572486913865808,0.097858261560271,96
LOGN3,202104,3,0.12066392961,0.942759805544744,96
LPSB3,202104,3,0.012719642306352,0.0157590077443138,96
LUPA3,202104,3,0.10065972060118,0.106377524878373,96
MEAL3,202104,3,0.0560641610735309,0.0963242369255584,96
MMXM3,202104,3,0.105810014857172,0.110147925312898,96
MTSA4,202104,3,0.0824286564018183,0.090788505866836,96
NGRD3,202104,3,0.040095723870641,0.122599121538979,96
OIBR4,202104,3,0.0225880416780603,0.0041100383475201,96
OSXB3,202104,3,0.111910277983412,0.1172102371184,96
PARD3,202104,3,0.0321997987463991,0.0221514908548768,96
PDTC3,202104,3,0.0277796620838471,0.0211594130832986,96
PFRM3,202104,3,0.0518608778215698,0.0645681309502756,96
PNVL4,202104,3,0.0544608677043323,0.0578485545683824,96
POSI3,202104,3,0.104851294086766,0.739769527489639,96
PRNR3,202104,3,0.0396594347953062,0.086830930797528,96
PTBL3,202104,3,0.118766738930388,0.86520391464624,96
PTNT4,202104,3,0.00285850711745967,0.0023818792469363,96
RANI3,202104,3,0.127577862743878,0.935707639712476,96
RAPT3,202104,3,0.0922434631162637,0.071880585535484,96
RCSL3,202104,3,0.111910277983411,0.1172102371184,96
RCSL4,202104,3,0.0480846764335062,0.0769934300546717,96
RDNI3,202104,3,0.0415652869522099,0.0555797161626499,96
RDOR3,202104,3,0.000653819160705655,0.0010919486027598,96
RPAD3,202104,3,0.0922434631162637,0.0718805855354839,96
RSID3,202104,3,0.111910277983411,0.1172102371184,96
SANB3,202104,3,0.0823089389658271,0.0907050535165752,96
SAPR11,202104,3,0.0728158572209274,0.126789664626472,96
SCAR3,202104,3,0.0823058426598908,0.0907007675076466,96
SGPS3,202104,3,0.121297710497084,0.896726797553055,96
SHUL4,202104,3,0.108336549771752,0.545457965316727,96
SQIA3,202104,3,0.0214126629930539,0.0889441586716779,96
TASA3,202104,3,0.111910277983411,0.1172102371184,96
TASA4,202104,3,0.051246114837233,0.0804215766065029,96
TESA3,202104,3,0.0080288280872363,0.00846301257296284,96
TGMA3,202104,3,0.0365950257721561,0.020839601138575,96
TPIS3,202104,3,0.0726895231348318,0.0752215473211821,96
UCAS3,202104,3,0.0129713962205699,0.00400020575089491,96
UNIP3,202104,3,0.0486771917937605,0.0708160241112809,96
USIM3,202104,3,0.054403105734347,0.0280843590534625,96
VLID3,202104,3,0.0433816488033944,0.179497459023098,96
VULC3,202104,3,0.014408129896806,0.0235258420403248,96
WIZS3,202104,3,0.118403694266754,0.993551447105434,96
ALPA3,202105,3,0.0232590031275588,0.00636265277248677,97
ALPK3,202105,3,0.00163210084003359,0.00160855306468897,97
ATOM3,202105,3,0.0944664213262278,0.0811212783887259,97
AVLL3,202105,3,0.102478835662263,1,97
AZEV3,202105,3,0.0939673104366221,0.0807426810457778,97
BBTG11,202105,3,0.00849591633788304,0.00429370360917863,97
BEEF11,202105,3,0.0993724113823189,0.995173165659206,97
BEES3,202105,3,0.0880669347769731,0.163928814548624,97
BOAS3,202105,3,0.0109246801999027,0.022636516523815,97
BPAC3,202105,3,0.0475729752228492,0.0604451570163625,97
BRAP3,202105,3,0.0402621621889509,0.0156817727389148,97
BRFS3,202105,3,0.0544760741061204,0.0306038267394745,97
BRGE3,202105,3,0.0707104378107572,0.0403609071928348,97
BRIV3,202105,3,0.0707104378107573,0.0403609071928348,97
BRPR3,202105,3,0.0720514051994508,0.136159108285442,97
BRSR6,202105,3,0.0285454057865525,0.0561817986949547,97
BSEV3,202105,3,0.0945670830949804,0.081284125859535,97
CARD3,202105,3,0.0584531564538738,0.184215722222885,97
CESP3,202105,3,0.00493331778541758,0.00367057314356921,97
CGRA4,202105,3,0.0970059014380201,0.167880818628123,97
CLSC3,202105,3,0.0118101102235401,0.00666981003970606,97
CLSC4,202105,3,0.0374993211105148,0.032251119028125,97
CMIG3,202105,3,0.0528382162017649,0.0420039225351749,97
COCE5,202105,3,0.0358564539735768,0.0471638042251681,97
CPLE11,202105,3,0.048187171551769,0.0342978810749148,97
CPLE3,202105,3,0.0459403051014913,0.172397879309433,97
CRDE3,202105,3,0.0151543225118454,0.00306510561302,97
CRIV4,202105,3,0.0880399865226791,0.164301553255064,97
CRPG5,202105,3,0.019593366275732,0.0272295566207925,97
DIRR3,202105,3,0.0582890359562764,0.118836500605322,97
DMMO11,202105,3,0.00095164729107823,0.000641769071397335,97
DMMO3,202105,3,0.0165735790320136,0.0448777269853693,97
DMVF3,202105,3,0.0281807702783549,0.0557824671697184,97
DOTZ3,202105,3,0.0323998043292272,0.0853762249014039,97
EALT4,202105,3,0.0860507718668069,0.160979073911617,97
ELMD3,202105,3,0.0326626831173372,0.0455129293296402,97
EMAE4,202105,3,0.0354444929599898,0.0499787541108702,97
ENAT3,202105,3,0.0580420076968992,0.0661602753416852,97
EQPA3,202105,3,0.0115483226333675,0.00111940096870948,97
ETER3,202105,3,0.100015147199812,0.995924828271573,97
FHER3,202105,3,0.0625181727130873,0.0793067193602364,97
FRAS3,202105,3,0.091812703900304,0.166347745645237,97
GEPA4,202105,3,0.00525979011538592,0.00864896891983559,97
GFSA3,202105,3,0.0250412288147888,0.0162982430193444,97
GGBR3,202105,3,0.0268741157275916,0.00671214118147799,97
GOAU3,202105,3,0.0574627758618751,0.0249744910024404,97
GPCP3,202105,3,0.00182734254267243,0.00158025205474466,97
IGBR3,202105,3,0.0944664213262278,0.081121278388726,97
INEP3,202105,3,0.0944664213262277,0.0811212783887259,97
ITSA3,202105,3,0.0355725511509186,0.0150176893417905,97
JOPA3,202105,3,0.0707104378107573,0.0403609071928348,97
JSLG3,202105,3,0.0213639924689244,0.0346520808632932,97
KEPL3,202105,3,0.109752939903657,0.954405046323227,97
KROT11,202105,3,0.0153853855250979,0.0119582607324172,97
LEVE3,202105,3,0.0589989202677044,0.122695485643638,97
LOGN3,202105,3,0.106763459639948,0.961787927513907,97
LPSB3,202105,3,0.0332044461945218,0.270243906262405,97
LUPA3,202105,3,0.0172813806553398,0.0233804462697985,97
MEAL3,202105,3,0.0589977605034843,0.123899832094323,97
MILS3,202105,3,0.107706826636577,0.98848743365585,97
MMXM3,202105,3,0.087675673362975,0.0756940995168324,97
MTSA4,202105,3,0.0879831284403649,0.164233978514934,97
NGRD3,202105,3,0.0487291225273557,0.116283453977461,97
OFSA3,202105,3,0.0431294753350219,0.0390534441497668,97
OIBR4,202105,3,0.0258827642806979,0.00628551814403748,97
OSXB3,202105,3,0.0944664213262278,0.0811212783887259,97
PARD3,202105,3,0.0521327896603785,0.0296665379618822,97
PDTC3,202105,3,0.0167682891516847,0.0212595778272494,97
PFRM3,202105,3,0.0868001527964682,0.161443136292124,97
PNVL4,202105,3,0.051556571648137,0.0765000758420109,97
POSI3,202105,3,0.102591822990909,0.732156761697348,97
PRNR3,202105,3,0.0446455826674433,0.113418519445329,97
PTBL3,202105,3,0.101654309323763,0.745450067055376,97
RANI3,202105,3,0.112381347677013,0.959249106437261,97
RAPT3,202105,3,0.0707104378107573,0.0403609071928349,97
RCSL3,202105,3,0.0944664213262278,0.0811212783887259,97
RCSL4,202105,3,0.0436850092734162,0.0910458234480395,97
RDNI3,202105,3,0.0479653103611067,0.0607413646964362,97
RDOR3,202105,3,0.000952067526038808,0.00236638032992779,97
RPAD3,202105,3,0.0707104378107572,0.0403609071928348,97
RSID3,202105,3,0.0944664213262278,0.0811212783887259,97
SAPR11,202105,3,0.0737111338585288,0.158687194336315,97
SCAR3,202105,3,0.0879149251095991,0.164151933158756,97
SGPS3,202105,3,0.10782587837309,0.991795960381479,97
SHUL4,202105,3,0.0969109252991422,0.505549958753834,97
SQIA3,202105,3,0.0313348827041434,0.0895510677414174,97
TASA4,202105,3,0.0451147430999421,0.0921399963487865,97
TECN3,202105,3,0.00428343361881294,0.00311286475446475,97
TESA3,202105,3,0.00633165638381147,0.00853776260188957,97
TGMA3,202105,3,0.0348120092060119,0.0243438160736111,97
TPIS3,202105,3,0.0753176262453694,0.0928328215961804,97
UCAS3,202105,3,0.0225006907959116,0.00988608721423427,97
UNIP3,202105,3,0.0286103136614965,0.0559905145410398,97
USIM3,202105,3,0.0500440677711579,0.0184974541827841,97
VLID3,202105,3,0.0430629550180731,0.178795536204019,97
VULC3,202105,3,0.0162980082553547,0.0301853179852634,97
WIZS3,202105,3,0.103222835704499,0.973768539478862,97
AALR3,202106,3,0.00920361460651062,0.0215259975419483,98
ALLD3,202106,3,0.0846129046367257,0.244165088807331,98
ALPA3,202106,3,0.0226308836764571,0.0114260728971194,98
ALPK3,202106,3,0.00166002524494011,0.00248675887818188,98
AMAR3,202106,3,0.0126133933265413,0.0693297205858803,98
ATOM3,202106,3,0.0926627617656295,0.306886588759979,98
AVLL3,202106,3,0.100058176985103,0.984782287243154,98
AZEV4,202106,3,0.0926627617656294,0.306886588759979,98
BBRK3,202106,3,0.0326811293134826,0.0819591729394029,98
BBTG11,202106,3,0.00944735140977213,0.0107000916384945,98
BEEF11,202106,3,0.0973037482885054,0.977287762904796,98
BEES3,202106,3,0.0929022700381134,0.296792538880785,98
BOAS3,202106,3,0.00843033704612845,0.0262369532596839,98
BPAC3,202106,3,0.0435505319148357,0.110374878710903,98
BPAC5,202106,3,0.00594653078117656,0.0356456452221944,98
BRAP3,202106,3,0.032080612030364,0.024176487774,98
BRFS3,202106,3,0.0452935753700884,0.0527905295714098,98
BRPR3,202106,3,0.0680339147370831,0.146466428614192,98
BSEV3,202106,3,0.0926926045476584,0.306970604453144,98
CARD3,202106,3,0.0720898756245543,0.325234168362228,98
CCPR3,202106,3,0.0640130821661629,0.134880915384796,98
CEBR3,202106,3,0.0236152744974146,0.0167486087374728,98
CESP3,202106,3,0.00418790277616529,0.00843295509143059,98
CGRA4,202106,3,0.0956371607901622,0.291176208072028,98
CLSC3,202106,3,0.0133015231980836,0.0105111674809433,98
CLSC4,202106,3,0.040938027919464,0.0598841199863696,98
CMIG3,202106,3,0.0470542078292901,0.0807327238524996,98
COCE5,202106,3,0.031363769758956,0.0621854061454097,98
CPLE11,202106,3,0.0357234942924568,0.0848928236919259,98
CPLE3,202106,3,0.0592998171038297,0.336301697013084,98
CRDE3,202106,3,0.0148843088809078,0.004942625449808,98
CRIV4,202106,3,0.0929420382490173,0.296891087115568,98
CRPG5,202106,3,0.0218767335776241,0.0507338649405777,98
DEXP3,202106,3,0.068518078370328,0.34738898413912,98
DMMO11,202106,3,0.000851195977426779,0.000823181665507619,98
DMMO3,202106,3,0.0256961212785971,0.0780543562497365,98
DMVF3,202106,3,0.0269491905006182,0.0628807630736485,98
DOTZ3,202106,3,0.0281938643539517,0.100860169921973,98
EALT4,202106,3,0.0923941860403828,0.295288708395331,98
ELMD3,202106,3,0.0326844303830887,0.0700891585567764,98
EMAE4,202106,3,0.0410142830269192,0.0966912929996331,98
ENAT3,202106,3,0.0615111291814622,0.144862899822639,98
EQPA3,202106,3,0.0113883344190894,0.00165685722467776,98
ETER3,202106,3,0.0975017695024938,0.978319607877947,98
FHER3,202106,3,0.0648464077158136,0.154375890737587,98
FRAS3,202106,3,0.0792788402663496,0.256135629020207,98
GEPA4,202106,3,0.00510352932284212,0.0115284915177731,98
GFSA3,202106,3,0.028815800264191,0.0389646706567818,98
GGBR3,202106,3,0.0240037423552768,0.011127000093671,98
GOAU3,202106,3,0.0449284119584769,0.0372533777435805,98
IGBR3,202106,3,0.0926627617656295,0.306886588759979,98
INEP3,202106,3,0.0926627617656295,0.306886588759979,98
ITSA3,202106,3,0.0343201867030898,0.0235334484302337,98
KEPL3,202106,3,0.108080960755389,0.961158443367188,98
KLBN4,202106,3,0.00257670094288475,0.00352593310804063,98
KROT11,202106,3,0.00857313095751444,0.0168157010954761,98
LOGN3,202106,3,0.106971052306823,0.954892626817769,98
LPSB3,202106,3,0.0601067018859961,0.547991332336583,98
LUPA3,202106,3,0.0919517520418481,0.304764142623219,98
MEAL3,202106,3,0.0579620114939302,0.125507047309785,98
MILS3,202106,3,0.108204653991765,0.972916792175227,98
MMXM3,202106,3,0.0849253200195633,0.283500117816184,98
MTSA4,202106,3,0.092915330549669,0.296812671666023,98
NGRD3,202106,3,0.0546288929338495,0.161547766239865,98
OIBR4,202106,3,0.0248862576763475,0.00908635622436795,98
PARD3,202106,3,0.0411250081320488,0.0424265688537319,98
PDTC3,202106,3,0.0136672111913144,0.02528978828749,98
PFRM3,202106,3,0.0928280005572841,0.296585479047875,98
PNVL4,202106,3,0.0620139193806578,0.141311188005129,98
POSI3,202106,3,0.108781467381514,0.788736681833883,98
PRNR3,202106,3,0.042485914340448,0.15971478216169,98
PTBL3,202106,3,0.117699837537529,0.801659677497084,98
RANI3,202106,3,0.125691862751728,1,98
RCSL3,202106,3,0.0926627617656295,0.306886588759979,98
RCSL4,202106,3,0.0561717084484691,0.142466475115945,98
RDNI3,202106,3,0.0454963834561899,0.10597669496777,98
RDOR3,202106,3,0.000833086233607818,0.00157214747754935,98
ROMI3,202106,3,0.0910073854022096,0.552335152549316,98
RSID3,202106,3,0.0498897001959022,0.106477114231464,98
SAPR11,202106,3,0.07075061436081,0.170759900145488,98
SCAR3,202106,3,0.092897586483922,0.296760634120773,98
SGPS3,202106,3,0.104411594870618,0.986311126466712,98
SHUL4,202106,3,0.0776757987483183,0.339707166766871,98
SQIA3,202106,3,0.0314331042191157,0.113822393141453,98
TASA3,202106,3,0.0926627617656295,0.306886588759979,98
TASA4,202106,3,0.067046034536141,0.169484910636796,98
TECN3,202106,3,0.0185149997014096,0.0489779425649458,98
TESA3,202106,3,0.00684467729107397,0.0161971802525571,98
TGMA3,202106,3,0.0467414271892293,0.0611403389671727,98
TPIS3,202106,3,0.121045632558113,0.33307610826447,98
TUPY3,202106,3,0.0707543830107816,0.165429986180516,98
UCAS3,202106,3,0.0337973816675781,0.0494740533766573,98
UNIP3,202106,3,0.0325029923647952,0.074933166352629,98
USIM3,202106,3,0.0322824385488869,0.0240781518056536,98
VIVT4,202106,3,0.0078111468605119,0.00557705092893549,98
VLID3,202106,3,0.0672024147187959,0.338912065656105,98
VULC3,202106,3,0.0142388218359754,0.0294315860020879,98
WIZS3,202106,3,0.0894755560913762,0.764137235493105,98
ALLD3,202107,3,0.0561259410077612,0.225309820446012,101
ALPA3,202107,3,0.0235834999828427,0.0361834358466141,101
ALPK3,202107,3,0.00685196763973836,0.00492356949797696,101
AMAR3,202107,3,0.01330609536391,0.0339723231880839,101
ATOM3,202107,3,0.098690044635748,0.972668295821779,101
AVLL3,202107,3,0.0949796057632575,0.968321324987156,101
AZEV4,202107,3,0.098690044635748,0.972668295821779,101
BBRK3,202107,3,0.0311231038036566,0.0850937098483134,101
BBTG11,202107,3,0.030912440165301,0.0371231907538707,101
BEEF11,202107,3,0.0930413257170755,0.961812461348425,101
BEES3,202107,3,0.0790576857674029,0.292144538308182,101
BIDI3,202107,3,0.0188215306620666,0.0301251488062006,101
BOAS3,202107,3,0.00744431501313994,0.0323665876377831,101
BPAC3,202107,3,0.0205749961607291,0.0761646865210293,101
BRGE3,202107,3,0.0815278492184617,0.508083276555327,101
BRIV3,202107,3,0.0815278492184617,0.508083276555327,101
BRPR3,202107,3,0.058937963533137,0.138958073260931,101
BRSR6,202107,3,0.0350968940992009,0.0678242047315063,101
BSEV3,202107,3,0.0986914214409186,0.972569079095003,101
CARD3,202107,3,0.063755396077993,0.367134321298961,101
CEBR3,202107,3,0.0224711980782018,0.0298792594240631,101
CESP3,202107,3,0.00276419803973065,0.0109158703538914,101
CGRA4,202107,3,0.0823062932917459,0.287619145373661,101
CLSC3,202107,3,0.0110943713546503,0.0113373632306623,101
CLSC4,202107,3,0.0408762422220339,0.0775139931564493,101
CMIG3,202107,3,0.0416421584292168,0.124189143854266,101
COCE5,202107,3,0.0218556807099394,0.0483972400384588,101
CPLE11,202107,3,0.0444638702580797,0.116380412757375,101
CPLE3,202107,3,0.0576384695730539,0.375442496324566,101
CRDE3,202107,3,0.0130605711647046,0.00660752224434081,101
CRIV3,202107,3,0.0815278492184617,0.508083276555327,101
CRIV4,202107,3,0.0791177426756627,0.291695787245306,101
CRPG5,202107,3,0.020249896957776,0.0527913088257848,101
DEXP3,202107,3,0.0635405191508277,0.381882537300336,101
DMMO3,202107,3,0.0252875058210482,0.0788548717420072,101
DMVF3,202107,3,0.0208077306620971,0.0565398460790708,101
EALT4,202107,3,0.0791064092615701,0.291596924884886,101
ELMD3,202107,3,0.0276524846103141,0.0594723217467078,101
EMAE4,202107,3,0.0442925990139666,0.123070583580596,101
ENAT3,202107,3,0.0632707544806,0.181019909645038,101
EQPA3,202107,3,0.010805304523074,0.00281118946457483,101
ETER3,202107,3,0.0942700610245326,0.965673918985154,101
FRAS3,202107,3,0.0510582508082181,0.171434603075101,101
GEPA4,202107,3,0.0042957990792735,0.011175299519517,101
GFSA3,202107,3,0.036293542826378,0.0512463064134517,101
GGBR3,202107,3,0.0254276020065267,0.0542836432221942,101
GOAU3,202107,3,0.0405342941510561,0.0931917324416554,101
GUAR3,202107,3,0.0374830212876302,0.090727828153315,101
INEP3,202107,3,0.0986900446357479,0.972668295821778,101
ITSA3,202107,3,0.0250026292254816,0.0278619075234309,101
JOPA3,202107,3,0.0815278492184617,0.508083276555327,101
JSLG3,202107,3,0.0178287939483295,0.0559220343921128,101
KEPL3,202107,3,0.100558418138014,0.947830697565627,101
KLBN4,202107,3,0.00229658167643321,0.00446578750963663,101
KROT11,202107,3,0.00988586966795108,0.0391176203761884,101
LOGN3,202107,3,0.106348762425633,0.944190029280472,101
LPSB3,202107,3,0.0656983885637939,0.564634355306765,101
LUPA3,202107,3,0.0981011159930194,0.967337598285426,101
MDIA3,202107,3,0.0235079509466589,0.0682372336259478,101
MEAL3,202107,3,0.0555571948460983,0.126119226823503,101
MILS3,202107,3,0.105858387797408,0.96155332304257,101
MMXM3,202107,3,0.0924788766429402,0.915247036729561,101
MTSA4,202107,3,0.0790990948053992,0.29153937743676,101
NGRD3,202107,3,0.0344127940494004,0.106598402848243,101
OIBR4,202107,3,0.0142348641165402,0.00845632861207822,101
PARD3,202107,3,0.0368339991988979,0.0822402925235855,101
PDTC3,202107,3,0.00828259812576796,0.0143760720942663,101
PFRM3,202107,3,0.0555000875535472,0.118096026655225,101
PNVL4,202107,3,0.0639533940374747,0.146274187563462,101
POSI3,202107,3,0.108453050273518,0.870177118428663,101
PRNR3,202107,3,0.0380850873890667,0.15671418551901,101
PTBL3,202107,3,0.121683580874848,0.933962472762205,101
RANI3,202107,3,0.117883858556722,1,101
RAPT3,202107,3,0.0815278492184617,0.508083276555327,101
RCSL3,202107,3,0.0986900446357479,0.972668295821779,101
RCSL4,202107,3,0.0655947131565527,0.168071327858304,101
RDNI3,202107,3,0.0306385256326515,0.113513790485229,101
RDOR3,202107,3,0.000816010305852901,0.00163165034441006,101
ROMI3,202107,3,0.105802341238196,0.785868817046712,101
RPAD3,202107,3,0.0815278492184616,0.508083276555326,101
RSID3,202107,3,0.0547945581872935,0.115757745159281,101
SAPR11,202107,3,0.0688274734077309,0.18084008972237,101
SAPR4,202107,3,0.0228614619919274,0.0486235459376833,101
SCAR3,202107,3,0.0790898455970251,0.291471689004857,101
SGPS3,202107,3,0.0992383938479251,0.97331109543674,101
SHUL4,202107,3,0.0742931511664092,0.378943323674306,101
SQIA3,202107,3,0.0298448557553889,0.131328907100799,101
TASA3,202107,3,0.0986900446357479,0.972668295821779,101
TASA4,202107,3,0.0744782668645296,0.203673106687456,101
TECN3,202107,3,0.0211538194514638,0.179768452360591,101
TESA3,202107,3,0.00794944902248781,0.0259859032427579,101
TGMA3,202107,3,0.0483932021024914,0.0726958148686658,101
TPIS3,202107,3,0.120767045633325,0.735997937821153,101
TUPY3,202107,3,0.0646503624803039,0.150045265382375,101
UCAS3,202107,3,0.0347923321418636,0.147650557940224,101
UNIP3,202107,3,0.0246064070099024,0.0678874481042762,101
USIM3,202107,3,0.0534990944264741,0.188660235543336,101
VIVR3,202107,3,0.0927294256129224,0.913932003716263,101
VIVT4,202107,3,0.00697684538421618,0.00650910318181304,101
VLID3,202107,3,0.0642337833397635,0.351365242021737,101
VULC3,202107,3,0.0116513656027068,0.0250619976956249,101
AGXY3,202108,3,0.0101950685741407,0.0170289427326344,101
ALLD3,202108,3,0.0552979798472403,0.0720228456887531,101
ALPA3,202108,3,0.0235302718737845,0.00986179533186198,101
ALPK3,202108,3,0.00763582919015815,0.0046195377251251,101
AMAR3,202108,3,0.0230880071553092,0.0865994503870505,101
ATOM3,202108,3,0.07529204413857,0.0461178769965491,101
AVLL3,202108,3,0.0929519091175644,0.932478200380824,101
AZEV4,202108,3,0.0752217763960897,0.04608017314919,101
BBRK3,202108,3,0.0418267431000366,0.0850838623640145,101
BBTG11,202108,3,0.00719315835064379,0.00440307025202487,101
BEEF11,202108,3,0.0915313227578305,0.930729571026191,101
BEES3,202108,3,0.0741258552329889,0.106110989878891,101
BIDI3,202108,3,0.0195697525951305,0.0287840976585435,101
BPAC3,202108,3,0.0224816055441536,0.0376366314532275,101
BRAP3,202108,3,0.0413007458135919,0.0270482851642918,101
BRGE3,202108,3,0.07818781931371,0.0476078974095902,101
BRIV3,202108,3,0.0781878193137101,0.0476078974095902,101
BRKM3,202108,3,0.00755375749193714,0.00479007137549395,101
BRPR3,202108,3,0.0601303288841017,0.110122450229349,101
BRSR6,202108,3,0.0373188777826013,0.051648522889781,101
CARD3,202108,3,0.0671871910418246,0.413669316042544,101
CEBR3,202108,3,0.0315294662385706,0.0135269805300835,101
CESP3,202108,3,0.00278208114069016,0.00231280459677525,101
CGRA4,202108,3,0.0752552267008736,0.101243835355198,101
CLSC3,202108,3,0.0101641419536861,0.00754732054027142,101
CLSC4,202108,3,0.0490643913912366,0.0389502662854429,101
CMIG3,202108,3,0.0400536686213931,0.069703068559537,101
COCE5,202108,3,0.0175896339566442,0.0170734329117022,101
CPLE11,202108,3,0.0390147185096027,0.0574564550605358,101
CPLE3,202108,3,0.0620672216251413,0.432835569503679,101
CRDE3,202108,3,0.0131294297573609,0.00230662254825923,101
CRIV3,202108,3,0.0781878193137101,0.0476078974095904,101
CRIV4,202108,3,0.0741800926200779,0.106227319760243,101
CRPG5,202108,3,0.0240169435270106,0.0309996505429502,101
CTNM4,202108,3,0.0781912230844643,0.0476108101850677,101
DEXP3,202108,3,0.0642466288578977,0.42807690713197,101
DMMO3,202108,3,0.0365165521938696,0.0769340334502088,101
DMVF3,202108,3,0.0213455613930295,0.0322745351091168,101
DOTZ3,202108,3,0.0296696322277318,0.111667670884473,101
EALT4,202108,3,0.0741772041494143,0.10622594052685,101
ELMD3,202108,3,0.0273093240045576,0.0352364043496936,101
EMAE4,202108,3,0.0511759897958934,0.0686170661045316,101
ENAT3,202108,3,0.0666783899353948,0.237927403988574,101
EQPA3,202108,3,0.0108806958997814,0.00115977915483384,101
ETER3,202108,3,0.0911128461423246,0.930114856105062,101
FHER3,202108,3,0.0125077946785485,0.0189826562698532,101
FRAS3,202108,3,0.0526075744483319,0.0869279271081568,101
GEPA4,202108,3,0.00465227765876959,0.0109403224882629,101
GFSA3,202108,3,0.0304272299413558,0.0544937915189663,101
GGBR3,202108,3,0.0249312907496711,0.00819201406005541,101
GOAU3,202108,3,0.0446209158036933,0.0291538642540233,101
GUAR3,202108,3,0.0324210967436503,0.0605732542267004,101
INEP3,202108,3,0.07529204413857,0.0461178769965488,101
ITSA3,202108,3,0.0359417997247222,0.0251043655915446,101
JOPA3,202108,3,0.0781878193137101,0.0476078974095903,101
KEPL3,202108,3,0.101005524013536,0.927056129150351,101
KLBN4,202108,3,0.00148429235567161,0.00127801636109792,101
KROT11,202108,3,0.0112303296650483,0.0119974908869949,101
LAND3,202108,3,0.00776494394276087,0.011545358065285,101
LLIS3,202108,3,0.0637829029543026,0.0994353387820385,101
LPSB3,202108,3,0.0696897237792114,0.563443736665229,101
LUPA3,202108,3,0.0254960802400293,0.0167252515425623,101
MEAL3,202108,3,0.0568652958394354,0.105903806895217,101
MILS3,202108,3,0.103853986055565,0.907903641448598,101
MMXM3,202108,3,0.0712503194676603,0.0438347901363979,101
MTSA4,202108,3,0.0741663280207717,0.106218595456966,101
NGRD3,202108,3,0.0437164549921313,0.200473503446216,101
OFSA3,202108,3,0.0491443266136356,0.0383315103652728,101
OIBR4,202108,3,0.0237584218557695,0.00889865755779801,101
PARD3,202108,3,0.039365765413759,0.0355621928295875,101
PFRM3,202108,3,0.0518999133697387,0.0888555707375886,101
POSI3,202108,3,0.109668943317079,0.807832258726112,101
PRNR3,202108,3,0.0381239436096519,0.0863432514706737,101
PTBL3,202108,3,0.123582815481561,1,101
RANI3,202108,3,0.114650758075857,0.974296469972671,101
RCSL4,202108,3,0.063652313470779,0.118869081609367,101
RDNI3,202108,3,0.0231578023179245,0.0378369205910762,101
RDOR3,202108,3,0.000799247976099904,0.00267089172568867,101
ROMI3,202108,3,0.106545655955159,0.835554931600429,101
RPAD3,202108,3,0.07818781931371,0.0476078974095901,101
RSID3,202108,3,0.0518922172709736,0.088853039124141,101
SAPR11,202108,3,0.0637859187733929,0.117066668031538,101
SAPR4,202108,3,0.0269293909047501,0.0366810028159306,101
SCAR3,202108,3,0.0741610427656842,0.106214472532556,101
SGPS3,202108,3,0.0967115665570385,0.930490734504668,101
SHUL4,202108,3,0.0742566498765616,0.373277201543337,101
SQIA3,202108,3,0.0383909444734252,0.142343856115424,101
TASA3,202108,3,0.07529204413857,0.0461178769965486,101
TASA4,202108,3,0.0712491796985065,0.129027678504011,101
TCSA3,202108,3,0.0497821328119629,0.0962046003352626,101
TECN3,202108,3,0.0617974718346574,0.435897661461476,101
TGMA3,202108,3,0.0456720188975956,0.0660788374586332,101
TPIS3,202108,3,0.104924823809078,0.088155661634376,101
TUPY3,202108,3,0.0588426935563597,0.106356020003938,101
UCAS3,202108,3,0.0405504975885985,0.0183199858872469,101
UNIP3,202108,3,0.0240722434418336,0.034946969609684,101
USIM3,202108,3,0.051247118842359,0.0256311098031238,101
VIVR3,202108,3,0.0718127145921122,0.0431186875516485,101
VLID3,202108,3,0.0307827407907073,0.0588719496561044,101
VULC3,202108,3,0.0113789329384179,0.019281686777566,101
WIZS3,202108,3,0.0787278082239671,0.662814293163076,101
ABCB4,202109,3,0.0636546504326195,0.581233956062598,101
AGXY3,202109,3,0.00888934888960766,0.031935252165661,101
ALLD3,202109,3,0.0203387311384271,0.0851036183708821,101
ALPA3,202109,3,0.0235403280987318,0.0401818697684989,101
ALPK3,202109,3,0.00925694644780904,0.0106596144040877,101
AMAR3,202109,3,0.0603199977235237,0.317872394938899,101
ATOM3,202109,3,0.0609993019597107,0.222062706382502,101
AVLL3,202109,3,0.0663482244401911,0.589614386310291,101
AZEV4,202109,3,0.0383937178105859,0.128355707952689,101
BBRK3,202109,3,0.0507283778029909,0.252252405307562,101
BBTG11,202109,3,0.00312806652573098,0.00707772978913488,101
BEEF11,202109,3,0.064941471164753,0.591651220502151,101
BEES3,202109,3,0.068371935870175,0.206090645500861,101
BIDI3,202109,3,0.0185432231711805,0.028574185144712,101
BMGB4,202109,3,0.0679461527481938,0.353616255950438,101
BPAC3,202109,3,0.0221125182595807,0.0799627778234809,101
BRAP3,202109,3,0.0439481487428143,0.111418514449982,101
BRGE3,202109,3,0.0839176671197304,0.422624990525483,101
BRIV3,202109,3,0.0839176671197305,0.422624990525483,101
BRPR3,202109,3,0.0806957165381138,0.334123970285755,101
BRSR6,202109,3,0.0289750364309793,0.132240242570385,101
CARD3,202109,3,0.0755027956461637,0.720184518339137,101
CESP3,202109,3,0.00276392329757754,0.00730547132458546,101
CGRA4,202109,3,0.0748961485238725,0.21145181626636,101
CLSC3,202109,3,0.0128261426802923,0.0281416859697821,101
CLSC4,202109,3,0.0242637241957493,0.075323578466533,101
CMIG3,202109,3,0.0401652281505509,0.167579642327624,101
COCE5,202109,3,0.0164760631911304,0.0458936678223067,101
CPLE11,202109,3,0.0374313077920927,0.213045250350465,101
CPLE3,202109,3,0.0629870130777144,0.694285590971403,101
CRDE3,202109,3,0.0133545348038967,0.00809504127993184,101
CRIV3,202109,3,0.0839176671197304,0.422624990525483,101
CRIV4,202109,3,0.0684904434108978,0.206430290123557,101
CRPG5,202109,3,0.0287729515156068,0.0809266295750774,101
CTNM4,202109,3,0.0839282627340109,0.422644303082002,101
DEXP3,202109,3,0.09767329787863,0.873306200361978,101
DMMO3,202109,3,0.00065413008957704,0.00203004635252294,101
DMVF3,202109,3,0.0225310889218532,0.0630234541448709,101
DOTZ3,202109,3,0.020516439061251,0.151886392492773,101
EALT4,202109,3,0.0684860354750196,0.206419405643025,101
ELMD3,202109,3,0.0268793920155372,0.0905683691681002,101
EMAE4,202109,3,0.0522757760848495,0.165447838394848,101
EQPA3,202109,3,0.0111289552089345,0.00450626407304926,101
ETER3,202109,3,0.0639456685346655,0.586611283930733,101
EVEN3,202109,3,0.0654988703535368,0.273026644707114,101
FHER3,202109,3,0.0191624224168715,0.0640071606890994,101
FRAS3,202109,3,0.0796539121211386,0.339586770186222,101
GEPA4,202109,3,0.00349371933030482,0.00941312720931123,101
GFSA3,202109,3,0.0559252346658988,0.30047349102616,101
GGBR3,202109,3,0.0255699322467187,0.0568712428820229,101
GOAU3,202109,3,0.0424958298757378,0.115134754296935,101
GUAR3,202109,3,0.0376160235575745,0.128216362601718,101
IFCM3,202109,3,0.0197106995016651,0.0612903683582876,101
ITSA3,202109,3,0.0327551379053436,0.0673107843028542,101
JOPA3,202109,3,0.0839176671197304,0.422624990525483,101
JSLG3,202109,3,0.0196180087059822,0.0584271583371711,101
KEPL3,202109,3,0.0868536645651556,0.669941332424747,101
KROT11,202109,3,0.0138725573185547,0.0718379124178684,101
LAND3,202109,3,0.00862831512134393,0.0449655235306656,101
LLIS3,202109,3,0.0661576875015354,0.306141437778415,101
LPSB3,202109,3,0.0408990794116799,0.285686841156623,101
LUPA3,202109,3,0.0359624271361994,0.143931502964324,101
MEAL3,202109,3,0.0634395651266305,0.261516390460016,101
MMXM3,202109,3,0.058639008935417,0.215381509577823,101
MTSA4,202109,3,0.0684706583875138,0.206375284235183,101
NGRD3,202109,3,0.0429084933277156,0.262376282261382,101
OFSA3,202109,3,0.033496321087477,0.0934341139604232,101
OIBR4,202109,3,0.0253616522439927,0.036886478644527,101
PARD3,202109,3,0.0397707310748914,0.122177665162067,101
PFRM3,202109,3,0.0575304272749459,0.323806952249861,101
PMAM3,202109,3,0.097945024519691,0.579049712791704,101
POSI3,202109,3,0.079497713834953,0.696287968348511,101
PRNR3,202109,3,0.033887778543841,0.107588069107857,101
PTBL3,202109,3,0.109520783689437,1,101
RANI3,202109,3,0.0980000684713083,0.940617958959839,101
RAPT3,202109,3,0.0840740973124722,0.422756132148251,101
RCSL3,202109,3,0.0864584372477976,0.536068160761592,101
RCSL4,202109,3,0.0866144821325435,0.536168113404394,101
RDNI3,202109,3,0.0244929482232982,0.0836116948423796,101
RDOR3,202109,3,0.000693227444276933,0.00287803474122037,101
ROMI3,202109,3,0.0983247385986391,0.964657184511603,101
RPAD3,202109,3,0.0839176671197304,0.422624990525483,101
RSID3,202109,3,0.05744547940423,0.323740850527752,101
SAPR11,202109,3,0.0830339338367584,0.370232350336083,101
SCAR3,202109,3,0.0684591033235109,0.206352050810673,101
SGPS3,202109,3,0.0706431017133737,0.594487794928552,101
SHUL4,202109,3,0.0647279710423076,0.271821252573929,101
TASA3,202109,3,0.0609993019597107,0.222062706382502,101
TCSA3,202109,3,0.0661405815511367,0.34151295663095,101
TECN3,202109,3,0.0763853739334509,0.796599156034301,101
TPIS3,202109,3,0.102456005941249,0.571988113509672,101
TUPY3,202109,3,0.0667153917685082,0.287256145643877,101
UNIP3,202109,3,0.025998044684337,0.0744458401490795,101
USIM3,202109,3,0.0531056224527379,0.185864057448256,101
VIVR3,202109,3,0.0596179748294139,0.218245884263745,101
VIVT4,202109,3,0.0065854351039482,0.0125583957556721,101
VLID11,202109,3,0.00087745009587379,0.00380463072181442,101
VLID3,202109,3,0.0490003385096482,0.297478978929234,101
VULC3,202109,3,0.0148926945813635,0.0574544044727751,101
WHRL4,202109,3,0.0578963763823741,0.179213369116723,101
WIZS3,202109,3,0.0516509239365652,0.446645882038172,101
ABCB4,202110,3,0.0653432933060794,0.453526369913256,102
AGXY3,202110,3,0.00629749149003753,0.0181555382324235,102
ALLD3,202110,3,0.0228452209684249,0.0494534004145261,102
ALPA3,202110,3,0.027398369774198,0.0346617146595234,102
ALPK3,202110,3,0.00837180400967256,0.00995738596186425,102
AMAR3,202110,3,0.0404702362274447,0.185201299790996,102
AVLL3,202110,3,0.0825059806143727,0.875842268393152,102
AZEV4,202110,3,0.0266919982367185,0.00600650866690873,102
BBRK3,202110,3,0.0494035060081385,0.1875936661152,102
BBTG11,202110,3,0.00582113679503663,0.0101547352076648,102
BEEF11,202110,3,0.0846709146777327,0.891238688573105,102
BEES3,202110,3,0.0653249518777214,0.127943913615097,102
BIDI3,202110,3,0.0270313383506314,0.0470197776966879,102
BMGB4,202110,3,0.0727876975957206,0.26494307362751,102
BPAC3,202110,3,0.0238961722656204,0.0730436414296664,102
BRIV3,202110,3,0.0463474098350788,0.0482215378702614,102
BRPR3,202110,3,0.0813813885530552,0.226030036024386,102
BRSR6,202110,3,0.0297833306088903,0.114382629264194,102
CARD3,202110,3,0.0662670706912245,0.445138382991435,102
CESP3,202110,3,0.0118932924815685,0.020473019234879,102
CGRA4,202110,3,0.0779359830004017,0.0967629209546059,102
CLSC3,202110,3,0.0137444266971793,0.0210253195611433,102
CLSC4,202110,3,0.0333625384111875,0.0963812871397149,102
CMIG3,202110,3,0.03852280200618,0.0913840625428548,102
COCE5,202110,3,0.0160900861756548,0.0297422365483431,102
CPLE11,202110,3,0.037632731823661,0.17649263839491,102
CPLE3,202110,3,0.0574765892966089,0.52217912823249,102
CRDE3,202110,3,0.012915179583774,0.00444936959177015,102
CRIV4,202110,3,0.0653838382648148,0.128083221127095,102
CRPG5,202110,3,0.0171190606895976,0.0356227464151543,102
DEXP3,202110,3,0.0945945494769289,0.678435960770874,102
DMMO3,202110,3,0.0201728405306123,0.00224174733974531,102
DMVF3,202110,3,0.0280231752927418,0.0635127004590417,102
DOTZ3,202110,3,0.0212351303039946,0.116677599432787,102
EALT4,202110,3,0.0653781000288867,0.128077136881643,102
ELMD3,202110,3,0.0248180726766087,0.0561617797749451,102
EMAE4,202110,3,0.0676197641679855,0.19198481559163,102
EQPA3,202110,3,0.0106880643972621,0.00212284745952455,102
ETER3,202110,3,0.0803843058166786,0.876135773557427,102
EUCA4,202110,3,0.0825400482711921,0.873662930630547,102
EVEN3,202110,3,0.0651275104464682,0.171892095646799,102
FHER3,202110,3,0.011366707463535,0.0159814836531516,102
FRAS3,202110,3,0.0778556605950972,0.260773175389016,102
GEPA4,202110,3,0.00464527872819239,0.0123092867848672,102
GETT3,202110,3,0.075067246812572,0.308611674361543,102
GETT4,202110,3,0.0747740707795888,0.308893676122489,102
GFSA3,202110,3,0.046011414407566,0.189424667671264,102
GGBR3,202110,3,0.0261847456766214,0.0309645422876218,102
GOAU3,202110,3,0.0387895556292401,0.0497075622766711,102
GUAR3,202110,3,0.0489462292021523,0.113558885676524,102
HBOR3,202110,3,0.0487539441931198,0.1399649131159,102
IFCM3,202110,3,0.0278589169903132,0.0588765119058523,102
ITSA3,202110,3,0.0231591065548349,0.0605253197392556,102
JOPA3,202110,3,0.0463474098350788,0.0482215378702614,102
JSLG3,202110,3,0.0173931464447916,0.0301431118070368,102
KEPL3,202110,3,0.104808596998787,0.945263265426803,102
KROT11,202110,3,0.0185424702571658,0.0611100368109055,102
LAND3,202110,3,0.00951640373949417,0.0373025638520978,102
LLIS3,202110,3,0.0590415749878106,0.179684182183586,102
LPSB3,202110,3,0.0555789140126321,0.437137462981245,102
LUPA3,202110,3,0.0205821153024977,0.00198183317765893,102
MEAL3,202110,3,0.0626708727914871,0.163088345417814,102
MELK3,202110,3,0.0763365779717847,0.181494871813012,102
MMXM3,202110,3,0.045458035104793,0.0350320068681252,102
MOVI3,202110,3,0.0279747849680569,0.100491451589871,102
MTSA4,202110,3,0.0653730760702606,0.128071059556688,102
NGRD3,202110,3,0.0503514497697789,0.31416445660762,102
OFSA3,202110,3,0.0359352402392809,0.081832639045732,102
OIBR4,202110,3,0.0120830989370034,0.0100891025712365,102
PARD3,202110,3,0.0402782979965032,0.0664404977426907,102
PFRM3,202110,3,0.0709224509275213,0.308272049326205,102
PMAM3,202110,3,0.106227911548019,0.50642623752631,102
PORT3,202110,3,0.012187937999868,0.020120456106127,102
POSI3,202110,3,0.0783330087592299,0.572259667104665,102
PRNR3,202110,3,0.0308996187442739,0.0815472909163777,102
PTBL3,202110,3,0.122320392715848,0.998564564251675,102
RANI3,202110,3,0.110527390894919,1,102
RAPT3,202110,3,0.0463474098350789,0.0482215378702614,102
RCSL3,202110,3,0.0962373287225247,0.478622046874233,102
RCSL4,202110,3,0.0961098716063768,0.478297102955381,102
RDNI3,202110,3,0.0255869307574164,0.0741605069817606,102
RDOR3,202110,3,0.000642785854694114,0.00189233778623356,102
ROMI3,202110,3,0.107075584542482,0.974297131828192,102
SCAR3,202110,3,0.0653661013978438,0.128062148802122,102
SGPS3,202110,3,0.0856542228973093,0.871088593482294,102
SHUL4,202110,3,0.0629362569466947,0.169390374431119,102
TAEE3,202110,3,0.0473595078672556,0.0364780030518821,102
TASA3,202110,3,0.0473595078672555,0.0364780030518821,102
TCSA3,202110,3,0.0606769130513702,0.244523304181682,102
TECN3,202110,3,0.0636144166917158,0.567502265481358,102
TGMA3,202110,3,0.0409650793774384,0.164591466837083,102
TPIS3,202110,3,0.101161138284274,0.484120531684325,102
TRAD3,202110,3,0.0274767922300446,0.186975954484688,102
TUPY3,202110,3,0.0647086301448752,0.179154049568548,102
UNIP3,202110,3,0.0297646181699489,0.067305020632486,102
USIM3,202110,3,0.047778606315093,0.0761706274971375,102
VIVR3,202110,3,0.0445407588232633,0.0346881497179795,102
VIVT4,202110,3,0.0074017745237291,0.00887623950708013,102
VLID11,202110,3,0.00125346611718027,0.00535272358402923,102
VLID3,202110,3,0.0867490091472285,0.416180533831411,102
VULC3,202110,3,0.0137458577394717,0.0334969256616423,102
WIZS3,202110,3,0.0694270236255023,0.665847774206262,102
AGXY3,202111,3,0.00672035869016772,0.0114000676614595,102
ALLD3,202111,3,0.0269855488790027,0.0291289635625014,102
ALPA3,202111,3,0.0254398133504299,0.00765218290812296,102
ALPK3,202111,3,0.00860355703709559,0.00418131031854217,102
AMAR3,202111,3,0.0445855803504636,0.0764747316982755,102
AVLL3,202111,3,0.112807303045087,0.995805520630779,102
AZEV4,202111,3,0.0129721132736412,0.00128615112905118,102
BBRK3,202111,3,0.0467511781898206,0.0659816936507276,102
BBTG11,202111,3,0.0121978580537314,0.00155831633894286,102
BEEF11,202111,3,0.117044884066029,1,102
BEES3,202111,3,0.0680481742526,0.0706750491041159,102
BIDI3,202111,3,0.0337724200895071,0.0214059405582886,102
BPAC3,202111,3,0.0209487638904854,0.0205671564944534,102
BRPR3,202111,3,0.0792627757538969,0.0709691329217556,102
BRSR6,202111,3,0.0285331212988979,0.0531467999495474,102
CARD3,202111,3,0.0429785208964015,0.0637804686933648,102
CESP3,202111,3,0.0122044989183343,0.00679999492196289,102
CGRA4,202111,3,0.061196540057361,0.0574979927557328,102
CLSC3,202111,3,0.0135050625241888,0.00717171511989629,102
CLSC4,202111,3,0.0349861904881286,0.0403248633668665,102
CMIG3,202111,3,0.035292783632216,0.0310048676074375,102
CMIN3,202111,3,0.00583820311741837,0.00628924799973382,102
COCE5,202111,3,0.0171736729595633,0.0140201937149506,102
CPLE11,202111,3,0.0340186541410794,0.0608388807028546,102
CPLE3,202111,3,0.0434231192583199,0.226836893221041,102
CRDE3,202111,3,0.0126931094689149,0.00226248910741056,102
CRIV4,202111,3,0.0680789655930109,0.0707180116818343,102
CRPG5,202111,3,0.0214685024768928,0.0207111359833066,102
DEXP3,202111,3,0.0838752119598693,0.292895701497897,102
DMMO3,202111,3,0.0109702921691247,0.000768467922488197,102
DMVF3,202111,3,0.0307929153818639,0.0448749738073899,102
DOTZ3,202111,3,0.0281728391054133,0.0397160634892134,102
EALT4,202111,3,0.0680757467083905,0.0707175403791497,102
ELMD3,202111,3,0.0270799870015154,0.0256097506263362,102
EMAE4,202111,3,0.0669219823206242,0.078946439591011,102
EQPA3,202111,3,0.0105428324019714,0.00114543857081539,102
ETER3,202111,3,0.109791168858372,0.993773682789119,102
EUCA4,202111,3,0.111716792300493,0.992521322019381,102
EVEN3,202111,3,0.0649008719493252,0.0494054219806741,102
FHER3,202111,3,0.0101774130388477,0.0073928272468096,102
FRAS3,202111,3,0.0820785553143913,0.11760593507637,102
GEPA4,202111,3,0.00446188064043164,0.0123688398071359,102
GETT3,202111,3,0.0755292710227059,0.121050928216643,102
GETT4,202111,3,0.0755292779372654,0.121050944112212,102
GFSA3,202111,3,0.0563874233838559,0.0826142744567312,102
GGBR3,202111,3,0.0246759549418964,0.00774760260046702,102
GOAU3,202111,3,0.0363231692601812,0.0198667945012081,102
GUAR3,202111,3,0.0579812353829574,0.0426038357225941,102
HBOR3,202111,3,0.0553966533136121,0.0581202889174023,102
IFCM3,202111,3,0.0281029288815943,0.0638435476992575,102
IGTA3,202111,3,0.0121978580537314,0.00155831633894286,102
IGTI3,202111,3,0.0418770184752167,0.0507160763647847,102
ITSA3,202111,3,0.0247110921064877,0.024877513659252,102
JSLG3,202111,3,0.0165108268190533,0.016211124504852,102
KEPL3,202111,3,0.132318642793919,0.988559731265807,102
KROT11,202111,3,0.0144621036030409,0.0218005649435987,102
LAND3,202111,3,0.00923010153640707,0.0137505844229498,102
LLIS3,202111,3,0.0549994619694894,0.0728872835075535,102
LPSB3,202111,3,0.0578045765994371,0.337566446387029,102
LUPA3,202111,3,0.046216023599147,0.0590139775586522,102
LVTC3,202111,3,0.0959028894463406,0.729609984389541,102
MBLY3,202111,3,0.0383373835167868,0.0386379452932836,102
MEAL3,202111,3,0.0622264895919507,0.0461813367710797,102
MELK3,202111,3,0.0732362455905786,0.0641008733341353,102
MILS3,202111,3,0.127089333748318,0.956787356456904,102
MMXM3,202111,3,0.0105247196868903,0.00214990274414761,102
MOSI3,202111,3,0.0249484489270987,0.030890758398232,102
MTSA4,202111,3,0.0680719958377853,0.0707158902461387,102
NGRD3,202111,3,0.0676905517158175,0.104810660276143,102
OFSA3,202111,3,0.038421279989595,0.0409012613342539,102
OIBR4,202111,3,0.0121468583190708,0.00470242747229349,102
PARD3,202111,3,0.0410965522287217,0.0272113550787353,102
PFRM3,202111,3,0.0755672902731799,0.121062088974088,102
PMAM3,202111,3,0.10504815790693,0.192165878814495,102
PORT3,202111,3,0.0132205585594982,0.00988787136117664,102
POSI3,202111,3,0.0751507740103211,0.283760193530356,102
PRNR3,202111,3,0.0360022051820324,0.0781573741857187,102
PTBL3,202111,3,0.133848206393703,0.960768508167806,102
RANI3,202111,3,0.122732467994154,0.917101820371838,102
RCSL3,202111,3,0.0957481267630936,0.183288061826249,102
RCSL4,202111,3,0.0955586638714462,0.183128066500671,102
RDNI3,202111,3,0.0214485800452531,0.021082354603585,102
RDOR3,202111,3,0.000604257893306938,0.000769657907800854,102
ROMI3,202111,3,0.121632781728029,0.861887354513665,102
SCAR3,202111,3,0.0680663604925241,0.0707127740960074,102
SGPS3,202111,3,0.115327491627182,0.99087064630357,102
SHUL4,202111,3,0.0626477427884766,0.0475892798429077,102
TAEE3,202111,3,0.0109161424460958,0.0061010241048484,102
TCSA3,202111,3,0.0645598250325454,0.0921658252106016,102
TECN3,202111,3,0.0479450415027912,0.247636296389462,102
TGMA3,202111,3,0.0433278581815894,0.0662004331011861,102
TPIS3,202111,3,0.0981932474589224,0.18562189274864,102
TRAD3,202111,3,0.0313755608206057,0.198481568622336,102
TUPY3,202111,3,0.0658025265794765,0.0554284338782716,102
UNIP3,202111,3,0.0316103590892793,0.0456448769047579,102
USIM3,202111,3,0.038929542463613,0.0323775078581112,102
VIVR3,202111,3,0.0109768443396,0.00216213075164082,102
VIVT4,202111,3,0.00417935525772339,0.00459074260325699,102
VLID11,202111,3,0.10904207848384,0.992797626738493,102
VLID3,202111,3,0.103383006319832,0.188196408151466,102
VULC3,202111,3,0.0184440303687556,0.0369526822747715,102
WIZS3,202111,3,0.0955964559152054,0.728515734219104,102
AGXY3,202112,3,0.00475807157161321,0.0025212026494933,106
ALPA3,202112,3,0.0156078809943643,0.0140059255107929,106
ALPK3,202112,3,0.00790973880049672,0.00100069777078682,106
ATMP3,202112,3,0.0928809035592116,0.898279217550653,106
AVLL3,202112,3,0.0974328751330985,0.1045267350239,106
AZEV4,202112,3,0.0105965857442125,0.000499907753184962,106
BAHI3,202112,3,0.00992095611730553,0.003788210735313,106
BAUH4,202112,3,0.104256712802198,1,106
BBRK3,202112,3,0.0183285858325672,0.0103628722071939,106
BBTG11,202112,3,0.00208735698556164,0.000331685883725238,106
BEES3,202112,3,0.102958195709996,0.642809273993433,106
BIDI3,202112,3,0.0247858748660691,0.00280917584040627,106
BOBR4,202112,3,0.104256712802198,1,106
BPAC3,202112,3,0.017822585497144,0.00376656326027475,106
BRKM3,202112,3,0.0583850092782878,0.0433984050428017,106
BRPR3,202112,3,0.0681073845681006,0.0191474699171024,106
BRSR6,202112,3,0.0252661112865241,0.00889746497080658,106
CARD3,202112,3,0.0364895580762769,0.0129528082813891,106
CEEB3,202112,3,0.000128986471837174,0.000949453973523166,106
CESP3,202112,3,0.00532339277371706,0.00254519548270739,106
CGRA4,202112,3,0.0292292644472621,0.0746338743974827,106
CLSC3,202112,3,0.00573443503869961,0.00624214498396371,106
CLSC4,202112,3,0.0341132767910872,0.0682428394397277,106
CMIG3,202112,3,0.0277671428238792,0.00710858781030477,106
COCE5,202112,3,0.0149730535063224,0.0204884632253654,106
CPLE11,202112,3,0.034781201435933,0.0369043619945101,106
CPLE3,202112,3,0.0351965082779509,0.0221043922368993,106
CRDE3,202112,3,0.0121778976796346,0.00254450804416552,106
CRIV4,202112,3,0.0794711727250716,0.397205045669902,106
CRPG5,202112,3,0.025849431788251,0.0909685891012635,106
CTSA3,202112,3,0.104256712802198,1,106
DEXP3,202112,3,0.0716734442091443,0.0550754781385072,106
DMMO3,202112,3,0.00189861728070172,0.000918248929156226,106
DMVF3,202112,3,0.0267307524872422,0.00746315323110765,106
DOHL4,202112,3,0.00164682963886015,0.015969122439598,106
DOTZ3,202112,3,0.0260464446460534,0.00727596536527778,106
EALT4,202112,3,0.0743537172728007,0.348327703321096,106
EKTR4,202112,3,0.104256712802198,1,106
ELMD3,202112,3,0.0233576292319696,0.0275818923179203,106
EMAE4,202112,3,0.0678579053186511,0.137414956884726,106
ENMT4,202112,3,0.104256712802198,1,106
EQPA3,202112,3,0.0101659248467505,0.00103456846226363,106
ETER3,202112,3,0.0974707719043787,0.101389501507289,106
EUCA4,202112,3,0.0965743320386086,0.102662145786304,106
EVEN3,202112,3,0.0596414103154091,0.0136023139457643,106
FHER3,202112,3,0.00500345381785768,0.00131741555251322,106
FRAS3,202112,3,0.0732971670969027,0.194244994413195,106
GEPA4,202112,3,0.0040287342165488,0.00220175086210761,106
GETT4,202112,3,0.0583850928111222,0.0433976705463556,106
GFSA3,202112,3,0.0341875851273381,0.0118484652027272,106
GGBR3,202112,3,0.0136386672986586,0.0140300083121105,106
GOAU3,202112,3,0.0299623423078811,0.00653081007887094,106
GUAR3,202112,3,0.0460231772636043,0.00748646084830408,106
IFCM3,202112,3,0.0224971745123111,0.0112221244226451,106
IGTI3,202112,3,0.0110146467476563,0.00245047566017527,106
ITSA3,202112,3,0.0362767275663698,0.0160738939778686,106
JSLG3,202112,3,0.0144303030041414,0.0141633525668586,106
KEPL3,202112,3,0.113489893020346,0.110023401927009,106
KROT11,202112,3,0.00756569768752823,0.00452818003581943,106
KRSA3,202112,3,0.0249716022233278,0.023700961524392,106
LAND3,202112,3,0.00672518049845922,0.00547853804224208,106
LPSB3,202112,3,0.036453686593672,0.0297503254839228,106
LUPA3,202112,3,0.0204913802287814,0.00334617493364831,106
LUXM4,202112,3,0.104256712802198,1,106
LVTC3,202112,3,0.0802509733634942,0.0882359820789325,106
MBLY3,202112,3,0.0275023613190796,0.00483275275368765,106
MEAL3,202112,3,0.0568919927190643,0.011878294282905,106
MELK3,202112,3,0.0628763416712976,0.0141472311956431,106
MGEL4,202112,3,0.00600595392402353,0.0524931791018268,106
MMXM3,202112,3,0.00140977991197692,0.000726208129689907,106
MNPR3,202112,3,0.104256712802198,1,106
MOAR3,202112,3,0.104256712802198,1,106
MTSA4,202112,3,0.0675357394045295,0.284949319248289,106
MWET4,202112,3,0.104256712802198,1,106
NGRD3,202112,3,0.0501415064818288,0.0201191355645974,106
OFSA3,202112,3,0.0327534719063906,0.0225346836323509,106
OIBR4,202112,3,0.0145347781703099,0.00235911213620796,106
PARD3,202112,3,0.0313280055356347,0.00970910704303313,106
PFRM3,202112,3,0.0725724780062783,0.17253864641228,106
PMAM3,202112,3,0.0783652281149664,0.0454670907373509,106
PORT3,202112,3,0.00955981691618186,0.00206902998448306,106
POSI3,202112,3,0.0790304973458214,0.0504929705908766,106
PRNR3,202112,3,0.0301972789317821,0.0680962253515302,106
PTBL3,202112,3,0.113269979104678,0.107931056181911,106
RANI3,202112,3,0.101447270285658,0.100379856539742,106
RCSL3,202112,3,0.0749366985867172,0.0441910412093277,106
RCSL4,202112,3,0.0632481498040437,0.0349639136659474,106
RDNI3,202112,3,0.0198107159014769,0.00501367968208927,106
RDOR3,202112,3,0.000544378107469934,0.000275652596017826,106
ROMI3,202112,3,0.110517091749047,0.104575001388265,106
SAPR4,202112,3,0.0158770067778767,0.00649256637629465,106
SCAR3,202112,3,0.0583823300437135,0.202544441748968,106
SGPS3,202112,3,0.100113928280194,0.110974256162226,106
SHUL4,202112,3,0.0546283915913206,0.014485430133062,106
TAEE3,202112,3,0.0219143546971533,0.0067533762097715,106
TASA3,202112,3,0.0196996446955398,0.00328644810683395,106
TCSA3,202112,3,0.038411411815087,0.0241852647610748,106
TECN3,202112,3,0.0386839314178476,0.0283481067576029,106
TPIS3,202112,3,0.0758550371942003,0.0487611120814436,106
TRAD3,202112,3,0.0485490878037526,0.0410941526516552,106
TUPY3,202112,3,0.0593991583871219,0.0172602082463479,106
UNIP3,202112,3,0.0277004586730796,0.00759525136271645,106
VLID11,202112,3,0.0940095960338269,0.0984734743270268,106
VULC3,202112,3,0.0167423084658904,0.0058795175130434,106
WHRL4,202112,3,0.0895594576501843,0.721854583548811,106
WIZS3,202112,3,0.101074593482111,0.0975327007549295,106
AERI3,202201,3,0.0557062426590948,0.195444134937919,102
AESB3,202201,3,0.0586772603667407,0.16749209923841,102
AGXY3,202201,3,0.00192600183339551,0.00467312453723791,102
ALLD3,202201,3,0.101913775429072,0.443109635085131,102
ALPA3,202201,3,0.0127999016788859,0.00355376349217836,102
ALPK3,202201,3,0.00162169147380444,0.00173846196123588,102
ALUP11,202201,3,0.0559834223458094,0.241863035872538,102
AVLL3,202201,3,0.0889216806940451,0.929971904322016,102
AZEV4,202201,3,0.000268751942051947,0.000271750295747008,102
BAUH4,202201,3,0.0827286340651471,0.138340183815144,102
BBRK3,202201,3,0.00997482741692254,0.0394479611890363,102
BEES3,202201,3,0.0915205775367831,0.181648456133292,102
BOBR4,202201,3,0.0827286340651471,0.138340183815144,102
BPAC11,202201,3,0.00707534534647771,0.012424912182111,102
BPAC3,202201,3,0.0281432935055017,0.0411158361733127,102
BRBI11,202201,3,0.00200569649052649,0.003349342618936,102
BRKM3,202201,3,0.0427842341999843,0.0672707010766514,102
BRPR3,202201,3,0.0829388072154274,0.160974939055418,102
CARD3,202201,3,0.0387974544157025,0.118260747405784,102
CEEB3,202201,3,0.000107116866814353,0.000126948195421529,102
CESP3,202201,3,0.00796333704152898,0.0132030789034172,102
CGRA4,202201,3,0.0234037544005033,0.0205420184930209,102
CLSC4,202201,3,0.0221675340766017,0.0378365141400186,102
CMIG3,202201,3,0.0411519222497203,0.0946929934055542,102
COCE5,202201,3,0.0148020965978421,0.0180369290746861,102
CPLE3,202201,3,0.0377296896765692,0.188220763677592,102
CRIV4,202201,3,0.0737458239826914,0.158400104757989,102
CRPG5,202201,3,0.0200632593525033,0.0285478368938816,102
CTSA3,202201,3,0.0827286340651471,0.138340183815144,102
DEXP3,202201,3,0.0630740520832061,0.304633692267614,102
DMMO3,202201,3,0.0311575531371743,0.0436498765502467,102
DMVF3,202201,3,0.0255519013206282,0.0335802147356012,102
DOHL4,202201,3,0.00127940383269112,0.0021450436320414,102
DOTZ3,202201,3,0.0265761791021271,0.0693955933795872,102
EALT4,202201,3,0.0737616905073093,0.153183757293083,102
EKTR4,202201,3,0.0827286340651471,0.138340183815144,102
ELMD3,202201,3,0.0184501610318555,0.0237136776589145,102
EMAE4,202201,3,0.0550127636191302,0.0855918429682168,102
ENAT3,202201,3,0.0809170322446693,0.268167524797737,102
ENMT4,202201,3,0.0328425331737111,0.0384435123366188,102
EQPA3,202201,3,0.000861411973441751,0.000996826195901462,102
ETER3,202201,3,0.092370321856981,0.947227692791065,102
EUCA4,202201,3,0.0873889100902959,0.924517331554098,102
EVEN3,202201,3,0.0745762013647101,0.144631321252775,102
FHER3,202201,3,0.00288827678135501,0.00311207295200902,102
FRAS3,202201,3,0.086830712371235,0.258941428856066,102
GEPA4,202201,3,0.005521666130459,0.0103474885390977,102
GETT11,202201,3,0.0581484512721347,0.239632960896272,102
GFSA3,202201,3,0.0460288960460282,0.199488651405469,102
GGBR3,202201,3,0.012264498281574,0.00394931206936948,102
GUAR3,202201,3,0.0566125463901299,0.0945349315506614,102
IGTI3,202201,3,0.000153912833184478,0.000390133259987334,102
ITSA3,202201,3,0.0307259715823331,0.0322014381987371,102
JSLG3,202201,3,0.0182268175062907,0.0317149534475904,102
KEPL3,202201,3,0.107614977642753,0.97998397075921,102
KLBN11,202201,3,0.0091672403278408,0.0134616757326095,102
LAND3,202201,3,0.00563599984788765,0.00969997816944148,102
LPSB3,202201,3,0.0319981241411103,0.312542033304746,102
LUPA3,202201,3,0.016960614421661,0.0202037580143049,102
LUXM4,202201,3,0.0827286340651471,0.138340183815144,102
LVTC3,202201,3,0.0936500392048123,0.886732323759742,102
MBLY3,202201,3,0.0172910735894217,0.0178835491361268,102
MEAL3,202201,3,0.0720793768005321,0.136830200643068,102
MELK3,202201,3,0.0754417394637191,0.124009487445164,102
MGEL4,202201,3,0.0052460145328718,0.0123026179363189,102
MNPR3,202201,3,0.0827286340651471,0.138340183815144,102
MOAR3,202201,3,0.0414537448004805,0.0474926203121263,102
MODL11,202201,3,0.00900484923824191,0.0078602352842617,102
MTSA4,202201,3,0.0645216099433133,0.145240765811328,102
MWET4,202201,3,0.0827286340651471,0.138340183815144,102
NGRD3,202201,3,0.0509332330652661,0.181496701058366,102
OIBR4,202201,3,0.0123337231515058,0.00614798666683253,102
PARD3,202201,3,0.0460032759774023,0.104504679848286,102
PFRM3,202201,3,0.0542449890817629,0.0826444065057431,102
PMAM3,202201,3,0.090176751350128,0.439183553022705,102
PORT3,202201,3,0.00657852701060358,0.00556413694915919,102
POSI3,202201,3,0.0762746651026588,0.389015499967111,102
PRNR3,202201,3,0.0313221119261522,0.0871856382502537,102
PTBL3,202201,3,0.109829069558456,0.991585748202259,102
RCSL3,202201,3,0.0906997670568898,0.442079178115712,102
RCSL4,202201,3,0.0907154383795387,0.442129467814162,102
RDNI3,202201,3,0.02874273983155,0.0426508426683323,102
RDOR3,202201,3,0.000502836311808935,0.000562519743187651,102
ROMI3,202201,3,0.10364340772112,0.979089525965128,102
RSID3,202201,3,0.0427821921554018,0.0672701176180759,102
SAPR11,202201,3,0.0890574775818142,0.260118684755345,102
SAPR4,202201,3,0.00323657097212048,0.0127111415537479,102
SCAR3,202201,3,0.0349023399930254,0.0815467990046188,102
SGPS3,202201,3,0.0921679147304464,0.922583200511495,102
SHUL4,202201,3,0.0682050407853152,0.119846106933659,102
SYNE3,202201,3,0.0568449734042205,0.105077910775407,102
TASA4,202201,3,0.10876779097617,0.450055712189524,102
TCSA3,202201,3,0.0514775106343365,0.208237048756979,102
TECN3,202201,3,0.0411017825968167,0.212881261056695,102
TPIS3,202201,3,0.0924921212922253,0.445190301447169,102
TRAD3,202201,3,0.0341537283705514,0.346152775280498,102
TUPY3,202201,3,0.0759696856790377,0.14857863191393,102
UNIP3,202201,3,0.0263062415014372,0.0351318520414098,102
VLID3,202201,3,0.0945191832207025,0.442565745087792,102
VULC3,202201,3,0.0245404179170556,0.0651260669829109,102
WHRL4,202201,3,0.0691033400331752,0.105155185779874,102
WIZS3,202201,3,0.110443500139903,1,102
AERI3,202203,3,0.0500243631873564,0.0602765484035488,101
AESB3,202203,3,0.0623196480807302,0.0957983299165338,101
AGXY3,202203,3,0.0153274066898041,0.0379540668914987,101
ALLD3,202203,3,0.111904170927164,0.326716764724043,101
ALPA3,202203,3,0.0107905364477643,0.00128351642023069,101
ALPK3,202203,3,0.00191251484338493,0.00110740922612703,101
AMAR3,202203,3,0.0445837234634101,0.1402380791712,101
ARML3,202203,3,0.0210858165050728,0.0324397205680847,101
AVLL3,202203,3,0.104930426924712,0.961952961652735,101
AZEV4,202203,3,0.000268048290857098,0.000906878157368136,101
BBRK3,202203,3,0.022966210695463,0.072635294163728,101
BEES3,202203,3,0.0891168536446566,0.0980283107470463,101
BOBR4,202203,3,0.0765461267211833,0.043741378242008,101
BPAC3,202203,3,0.0259906363964051,0.0173883561787104,101
BRBI11,202203,3,0.0015673276193931,0.003542176346778,101
BRKM3,202203,3,0.0382127881982936,0.016643736906138,101
CARD3,202203,3,0.0787376207454481,0.0820455329560707,101
CEEB3,202203,3,0.000139080517935302,5.19190419805584e-05,101
CGRA4,202203,3,0.021113773555482,0.00822771508651422,101
CLSC4,202203,3,0.0311951439450454,0.0208156724417716,101
CMIG3,202203,3,0.0452065672348076,0.077547608596932,101
COCE5,202203,3,0.0153402525508429,0.00984428629351183,101
CPLE11,202203,3,0.0729438411288874,0.222225124430565,101
CPLE3,202203,3,0.0385313524098688,0.112920085285707,101
CRIV4,202203,3,0.067896595025096,0.0946742667551769,101
CRPG5,202203,3,0.0151956658127316,0.0178755316452394,101
CTSA3,202203,3,0.0765461267211833,0.043741378242008,101
DEXP3,202203,3,0.0605059955631439,0.192754672262341,101
DMMO3,202203,3,0.0267511743013592,0.0176222862053305,101
DMVF3,202203,3,0.0204464340102576,0.00571848147176212,101
DOHL4,202203,3,0.00158650078793409,0.000886452896796239,101
DOTZ3,202203,3,0.0210158809207449,0.0274343255846575,101
EALT4,202203,3,0.0655575173735607,0.0938036794666419,101
EKTR4,202203,3,0.0765461267211833,0.043741378242008,101
ELMD3,202203,3,0.0160970813080645,0.0113604972569732,101
EMAE4,202203,3,0.0595206641909242,0.0536028687279008,101
ENMT4,202203,3,0.0304158439975134,0.0119550566300743,101
EQPA3,202203,3,0.000665225933511408,0.000466971795054729,101
ETER3,202203,3,0.1094479508678,0.974114651374727,101
EUCA4,202203,3,0.104948447655128,0.955583004316045,101
EVEN3,202203,3,0.0732887437432515,0.0657440104269183,101
FESA4,202203,3,0.123595508427693,0.339162563109447,101
FHER3,202203,3,0.0145461682707622,0.039597477693505,101
FRAS3,202203,3,0.0647708110923588,0.159375810414148,101
GEPA4,202203,3,0.00264144911447556,0.0148701186079118,101
GETT11,202203,3,0.0663728227475238,0.179255765978825,101
GFSA3,202203,3,0.0446334131692017,0.13163550018159,101
GGBR3,202203,3,0.0124390749668238,0.002204902447781,101
GRND3,202203,3,0.0452368973998975,0.105637080285582,101
IGTI3,202203,3,0.00277837659123473,0.00137707469618082,101
ITSA3,202203,3,0.0112866136747176,0.0009216496660804,101
JSLG3,202203,3,0.0108396713306625,0.0195865081688322,101
KEPL3,202203,3,0.119966146266655,0.974816418265228,101
LAND3,202203,3,0.00508239330910481,0.00319023467281222,101
LOGN3,202203,3,0.123270327426337,0.980286601976163,101
LPSB3,202203,3,0.0430012274163391,0.37413289681376,101
LUXM4,202203,3,0.0765461267211833,0.0437413782420079,101
MDIA3,202203,3,0.102778682216152,0.298065426278801,101
MEAL3,202203,3,0.0722485164437781,0.0649491917873411,101
MELK3,202203,3,0.0716149387003061,0.0489048633727005,101
MGEL4,202203,3,0.00573454932448813,0.00483202165334129,101
MMXM3,202203,3,0.000475463794343098,0.000489196672362362,101
MNPR3,202203,3,0.0765461267211833,0.0437413782420079,101
MOAR3,202203,3,0.0152760202770454,0.006159345682944,101
MODL11,202203,3,0.0732793668857866,0.22741087514738,101
MTSA4,202203,3,0.0661063667940563,0.0884307778119609,101
MWET4,202203,3,0.0765461267211833,0.0437413782420079,101
NGRD3,202203,3,0.0528924659949845,0.126955856262185,101
OIBR4,202203,3,0.0113333747153854,0.00092166419251338,101
PARD3,202203,3,0.0465644724130712,0.0436330707064046,101
PFRM3,202203,3,0.0387337201962551,0.0216563332412989,101
PMAM3,202203,3,0.102361885190059,0.323421787577477,101
PORT3,202203,3,0.0128177639042359,0.0121888429497318,101
POSI3,202203,3,0.0569290711439488,0.152094872831775,101
PRNR3,202203,3,0.103817513138281,0.870939899212606,101
PTBL3,202203,3,0.121732238917667,1,101
RCSL3,202203,3,0.0993550566345211,0.323493565212171,101
RCSL4,202203,3,0.0993588507801528,0.323495568237575,101
RDNI3,202203,3,0.0270347721306106,0.0191834906949886,101
RDOR3,202203,3,0.000195790672248759,0.000150718663211814,101
ROMI3,202203,3,0.12131960212487,0.992350090489217,101
RSID3,202203,3,0.0382130892018877,0.0166454877110318,101
SANB11,202203,3,0.0332196047709813,0.0242237707454939,101
SAPR11,202203,3,0.0859988415805438,0.108790281022602,101
SAPR4,202203,3,0.00441495767018574,0.0136247134508918,101
SCAR3,202203,3,0.0423180669383887,0.0572647792438102,101
SGPS3,202203,3,0.106642746936413,0.956565903177319,101
SHUL4,202203,3,0.0672630389976367,0.049368783643507,101
SULA4,202203,3,0.0382171017271864,0.0166860782673578,101
SYNE3,202203,3,0.0638766055340712,0.0513599270471167,101
TASA4,202203,3,0.1063070950764,0.320244871981169,101
TCSA3,202203,3,0.0556386027260617,0.152628678125789,101
TECN3,202203,3,0.0373810385198122,0.12776843131907,101
TPIS3,202203,3,0.101479461157194,0.325620911273136,101
TRAD3,202203,3,0.0407978264519819,0.356266826151764,101
TUPY3,202203,3,0.0737786307053009,0.0688987382105014,101
UNIP3,202203,3,0.0214795824913331,0.00672100927997644,101
VLID3,202203,3,0.120137411694287,0.877231452051782,101
VULC3,202203,3,0.0312859938043902,0.0779130440046789,101
WHRL4,202203,3,0.0793264109574679,0.0471294931541423,101
WIZS3,202203,3,0.123657958490565,0.970044710064539,101
AERI3,202205,3,0.0414276549534707,0.0323779031285192,102
AGXY3,202205,3,0.00980856377585505,0.0171640307369893,102
ALLD3,202205,3,0.0383184951606123,0.0803614687121976,102
ALPA3,202205,3,0.0119705780635743,0.000678585615802521,102
ALPK3,202205,3,0.0195912067690872,0.00914900854962672,102
ARML3,202205,3,0.0448581483641932,0.0143970061881281,102
AVLL3,202205,3,0.114142870447567,0.997145523141764,102
AZEV4,202205,3,0.000311587095972908,7.93612962249453e-05,102
BIDI11,202205,3,0.00455856790885524,0.00101983758712169,102
BOBR4,202205,3,0.0686507720013,0.0128857508394453,102
BPAC3,202205,3,0.0165551857258597,0.00520363898415974,102
BRBI11,202205,3,0.00242607227567884,0.00364911622635784,102
BRFS3,202205,3,0.0326410306391919,0.0185131368274216,102
CARD3,202205,3,0.098264740049266,0.0676418392654694,102
CEBR6,202205,3,0.0473742429516921,0.0113096035996714,102
CEEB3,202205,3,0.000814942174206585,5.36308758432218e-05,102
CEPE5,202205,3,0.0412748828578188,0.00546428498051107,102
CEPE6,202205,3,0.0406904337322085,0.00547607779583168,102
CGRA4,202205,3,0.0563194556724309,0.0599155622525028,102
CLSA3,202205,3,0.0195008013201054,0.00919572597518301,102
CLSC3,202205,3,0.00201554166590572,0.000553230651409086,102
CLSC4,202205,3,0.0517605940786464,0.0122399919744107,102
CMIG3,202205,3,0.0431043076935617,0.0949235475592502,102
COCE5,202205,3,0.0116871082800769,0.00540637281351235,102
CPLE11,202205,3,0.0466882477896185,0.0749564865954448,102
CRIV4,202205,3,0.0738117313330349,0.0608848696786698,102
CRPG5,202205,3,0.0457073488545045,0.0425595752081942,102
CTSA3,202205,3,0.0686507720013,0.0128857508394453,102
DEXP3,202205,3,0.0458373004436019,0.0931757696809352,102
DMVF3,202205,3,0.0372366705377078,0.00878595976583311,102
DOHL4,202205,3,0.0017190663709186,0.000309647018014133,102
DOTZ3,202205,3,0.0196492596106341,0.0123395309242509,102
EALT4,202205,3,0.0740987480696095,0.0608871941195592,102
EKTR4,202205,3,0.0686507720013,0.0128857508394453,102
ELMD3,202205,3,0.0140900621034616,0.00738360147727517,102
EMAE4,202205,3,0.049360674999282,0.0438866708248603,102
ENMT4,202205,3,0.0629057811148593,0.0121766429368096,102
EQPA3,202205,3,0.000700968037505145,0.000174600291154927,102
ETER3,202205,3,0.115124085983233,0.996811228097906,102
EUCA4,202205,3,0.113340802647724,0.994489567684997,102
EVEN3,202205,3,0.0974130890189669,0.0697598471290989,102
FHER3,202205,3,0.0155919939070755,0.0226437995225364,102
GEPA4,202205,3,0.00219296707699885,0.0135036064623289,102
GETT3,202205,3,0.01715087751103,0.00265096475012957,102
GETT4,202205,3,0.01715087751103,0.00265096475012957,102
GFSA3,202205,3,0.0502655947890164,0.0516828616267928,102
GGBR3,202205,3,0.0126507862409861,0.00102389593914474,102
GUAR3,202205,3,0.0662126185739075,0.0436581499197403,102
IGTI3,202205,3,0.0261239894236018,0.00633146237907177,102
ITSA3,202205,3,0.0147432492355428,0.00130783591526362,102
JSLG3,202205,3,0.0135697277864657,0.0153274287479686,102
KLBN11,202205,3,0.0387161890220709,0.0106012831946759,102
LAND3,202205,3,0.00247393117028296,0.00252385388261907,102
LEVE3,202205,3,0.0971419398030514,0.0775658411679937,102
LOGN3,202205,3,0.119504137687192,0.980496535277389,102
LPSB3,202205,3,0.0254599431716323,0.212696626331757,102
LUPA3,202205,3,0.00682761104074947,0.0130034818682303,102
LUXM4,202205,3,0.0686507720013,0.0128857508394453,102
MEAL3,202205,3,0.0948897893793917,0.0731821300536802,102
MELK3,202205,3,0.0996877679526449,0.0646331062226197,102
MGEL4,202205,3,0.00579600086541484,0.00221952586326693,102
MILS3,202205,3,0.121763774691102,0.978061124934668,102
MMXM3,202205,3,0.00111955272467654,0.000444411569375857,102
MNPR3,202205,3,0.0686507720013,0.0128857508394453,102
MOAR3,202205,3,0.0126859832853431,0.00604064452469697,102
MODL11,202205,3,0.0456834751360982,0.0757308985036692,102
MTSA4,202205,3,0.072007083805871,0.0574640607487039,102
MWET4,202205,3,0.0686507720013,0.0128857508394453,102
NGRD3,202205,3,0.0396416385511801,0.044272685080056,102
OIBR3,202205,3,0.0255912012940944,0.017178788683369,102
OIBR4,202205,3,0.0147931801750777,0.0013079997710131,102
PARD3,202205,3,0.0391918766199953,0.0235605969987814,102
PDTC3,202205,3,0.0207591634640514,0.00931569581308955,102
PFRM3,202205,3,0.023108721936196,0.00809363189606547,102
PMAM3,202205,3,0.0673068817699886,0.111106850052684,102
PORT3,202205,3,0.00527397074907509,0.00152063995278814,102
POSI3,202205,3,0.0397665913742694,0.0584667950364528,102
PRNR3,202205,3,0.116763789776082,0.982144548801914,102
PTBL3,202205,3,0.122429765326703,1,102
RANI3,202205,3,0.120196209490008,0.929662874970368,102
RCSL3,202205,3,0.0693366970055138,0.106231640042994,102
RDNI3,202205,3,0.0165616912834847,0.00520636824343002,102
RDOR3,202205,3,0.000500090177040467,0.000201411712545861,102
ROMI3,202205,3,0.120588029408075,0.995961683064209,102
SAPR11,202205,3,0.0996701987691447,0.0805124619208635,102
SCAR3,202205,3,0.0422062144197832,0.0350120634750061,102
SGPS3,202205,3,0.116439245174227,0.988219753035643,102
SHUL4,202205,3,0.0927505219481791,0.0640753159204132,102
SYNE3,202205,3,0.10561947541464,0.0683287778547152,102
TASA4,202205,3,0.0834558681316711,0.111906114908692,102
TCSA3,202205,3,0.0547699653111417,0.0621264822304697,102
TECN3,202205,3,0.0271661719465442,0.0688206768745058,102
TGMA3,202205,3,0.104849699580231,0.0767572466135025,102
TPIS3,202205,3,0.0698529766034435,0.107454234128087,102
TRAD3,202205,3,0.041933479915859,0.355376601671554,102
TRIS3,202205,3,0.0513065403718145,0.0536734329447209,102
TUPY3,202205,3,0.106444664758179,0.0791568110818261,102
UNIP3,202205,3,0.0400575657708962,0.0110352723083254,102
VIVR3,202205,3,0.051329464275646,0.0604513729037129,102
VLID3,202205,3,0.118073887902308,0.869791636179652,102
VULC3,202205,3,0.0420933824031291,0.111433393887909,102
WIZS3,202205,3,0.115808024210187,0.999437725255482,102
AERI3,202206,3,0.0327884627666478,0.0372543551563349,100
AGXY3,202206,3,0.0175168208213053,0.0293166989768764,100
ALLD3,202206,3,0.0431109202404533,0.0652726907512983,100
ALPA3,202206,3,0.0121910962674502,0.000655839532509305,100
ALUP11,202206,3,0.147551426789055,0.974986548261825,100
ARML3,202206,3,0.0486544578679733,0.0201229968121428,100
AVLL3,202206,3,0.148459225160639,0.995278718656292,100
AZEV4,202206,3,0.000363098835061355,6.70218589238919e-05,100
BEES3,202206,3,0.101667547205434,0.0445726093918281,100
BOAS3,202206,3,0.15431463876663,0.904685359229317,100
BOBR4,202206,3,0.0748386411534731,0.0103744536285739,100
BPAC3,202206,3,0.0154248054520306,0.0112095641399741,100
BRBI11,202206,3,0.0011512337273535,0.00102741016390783,100
CAML3,202206,3,0.0553220430756857,0.0914571452263417,100
CARD3,202206,3,0.101839895107207,0.0306601772379459,100
CEBR6,202206,3,0.0468674035905612,0.00753109072224855,100
CEEB3,202206,3,0.00078179735755594,2.58685000808957e-05,100
CEPE5,202206,3,0.0398310419434153,0.00270236370895917,100
CEPE6,202206,3,0.0392683641180581,0.00270961528928965,100
CGRA4,202206,3,0.062502042932646,0.0471674610091768,100
CLSA3,202206,3,0.0187267491647559,0.00604606936821375,100
CLSC4,202206,3,0.0509825777011422,0.00822237170524103,100
CMIG3,202206,3,0.0631581861617251,0.273279050591552,100
COCE5,202206,3,0.0127939850037734,0.00459823844599211,100
CRIV4,202206,3,0.0808600715028022,0.0479576667318564,100
CRPG5,202206,3,0.0469682534728063,0.0328765347121135,100
CTSA3,202206,3,0.0748386411534732,0.0103744536285739,100
DEXP3,202206,3,0.0697973771130831,0.09122790492722,100
DMVF3,202206,3,0.0284373071557996,0.00435887838901703,100
DOHL4,202206,3,0.00148473239095069,0.000195190864345595,100
DOTZ3,202206,3,0.0183222486048105,0.0112396812685503,100
EALT4,202206,3,0.081434192276818,0.0479730474547784,100
EKTR4,202206,3,0.0748386411534731,0.0103744536285739,100
ELMD3,202206,3,0.0150030960067654,0.00543349304796873,100
EMAE4,202206,3,0.058243062727553,0.0382502269833871,100
ENMT4,202206,3,0.0748386411534731,0.0103744536285739,100
EQPA3,202206,3,0.000768300997857175,0.000266508594907233,100
ETER3,202206,3,0.149717856465521,0.996285743155591,100
EUCA4,202206,3,0.147338310056911,0.994347726684883,100
EVEN3,202206,3,0.100989344259336,0.0307788798019751,100
FHER3,202206,3,0.020988040062798,0.0359155347570387,100
GEPA4,202206,3,0.00149406797035823,0.00954282473938714,100
GETT3,202206,3,0.0161195519024655,0.00117667316400765,100
GETT4,202206,3,0.0161195519024655,0.00117667316400764,100
GFSA3,202206,3,0.0533298599735129,0.0481397541397069,100
GGBR3,202206,3,0.0123866547018786,0.00132158198762665,100
GUAR3,202206,3,0.0729409394772998,0.0217648018082557,100
IGTI3,202206,3,0.0191806787260914,0.00281095977659071,100
ITSA3,202206,3,0.0155754436921331,0.000662582625264665,100
KEPL3,202206,3,0.162094423214508,0.979179108772568,100
LAND3,202206,3,0.00150780418916268,0.0016846756498093,100
LEVE3,202206,3,0.103926845357987,0.0380991400693393,100
LOGN3,202206,3,0.153692936347156,0.991704295081259,100
LPSB3,202206,3,0.0396630586550478,0.249728564932999,100
LUPA3,202206,3,0.00139475118956153,0.000493966758933914,100
LUXM4,202206,3,0.0748386411534731,0.0103744536285739,100
MEAL3,202206,3,0.105491412793534,0.0404796223597191,100
MELK3,202206,3,0.101985678554352,0.0272447080721991,100
MGEL4,202206,3,0.00546804091545836,0.00134620390544817,100
MILS3,202206,3,0.155965312059491,0.987873771998613,100
MMXM3,202206,3,4.2541839050831e-05,1.15003803075317e-05,100
MNPR3,202206,3,0.0748386411534731,0.0103744536285739,100
MOAR3,202206,3,0.00378057772543128,0.00234134086449398,100
MODL11,202206,3,0.0466282189419254,0.0712348669430074,100
MTSA4,202206,3,0.07921373177278,0.0450141479208503,100
MWET4,202206,3,0.0748386411534731,0.0103744536285739,100
NGRD3,202206,3,0.0450275629512779,0.0443281691639112,100
OIBR3,202206,3,0.00898977882545857,0.000274995774691969,100
OIBR4,202206,3,0.0156228528705256,0.000662636682115518,100
PARD3,202206,3,0.031207504492464,0.0290017661688601,100
PDTC3,202206,3,0.00508605770541849,0.00717782198214929,100
PFRM3,202206,3,0.01677897586107,0.00539340919269929,100
PMAM3,202206,3,0.0769173272055251,0.108838735856364,100
PORT3,202206,3,0.0062210985616345,0.00174992047618474,100
POSI3,202206,3,0.0406753036369898,0.0552393799736446,100
PRNR3,202206,3,0.150160850837479,0.988173550564397,100
PTBL3,202206,3,0.161436006742008,0.994419958080307,100
RANI3,202206,3,0.155867585913312,0.934607561180544,100
RCSL3,202206,3,0.0792205457414798,0.10716916963548,100
RDNI3,202206,3,0.0154175675394691,0.0111785736176808,100
RDOR3,202206,3,0.000326346174261133,0.000122133774403792,100
ROMI3,202206,3,0.15468394607274,1,100
SAPR11,202206,3,0.102621972732659,0.0414700047992267,100
SCAR3,202206,3,0.0508737046121676,0.0295643110249069,100
SGPS3,202206,3,0.150294124162677,0.98665639472613,100
SHUL4,202206,3,0.0968361527410111,0.026408655879852,100
SYNE3,202206,3,0.106198427842453,0.0301293562342265,100
TASA4,202206,3,0.0898844640857177,0.112139943999703,100
TCSA3,202206,3,0.0604084240078702,0.0558928502202551,100
TECN3,202206,3,0.0263503375646244,0.060042528136562,100
TGMA3,202206,3,0.105866299932027,0.045251800359497,100
TPIS3,202206,3,0.0801685213462442,0.108049149836419,100
TRAD3,202206,3,0.0765360212222501,0.509160363654602,100
TRIS3,202206,3,0.0558999189150531,0.0508153239926957,100
TUPY3,202206,3,0.111081359777209,0.0418781228794106,100
UNIP3,202206,3,0.0304745579366867,0.00597041336890031,100
VIVR3,202206,3,0.056990574040606,0.0585705715936182,100
VLID3,202206,3,0.145024320696731,0.855166344162411,100
VULC3,202206,3,0.0414834597415649,0.110938281730743,100
WIZS3,202206,3,0.149719364517709,0.998164315017694,100
AERI3,202208,3,0.0388801847795806,0.0402323553004545,99
AESB3,202208,3,0.0490721070810119,0.0513130952752569,99
AGXY3,202208,3,0.00934202744955944,0.014335105313506,99
ALLD3,202208,3,0.0429538556793721,0.0513712516609164,99
ALPA3,202208,3,0.012002934317171,0.000905789043951414,99
AVLL3,202208,3,0.129406933457975,0.995695720648231,99
AZEV4,202208,3,0.000325111526000322,0.00011142172510952,99
BOBR4,202208,3,0.0713467710638278,0.00929683441349845,99
BPAC3,202208,3,0.0211593226603535,0.00977511620984805,99
BPAC5,202208,3,0.00118442170081493,0.00627706257281439,99
CARD3,202208,3,0.0918665786464411,0.135138916471147,99
CASH3,202208,3,0.140051476625486,0.79798674061029,99
CEBR6,202208,3,0.0429696451277826,0.0609518405150733,99
CEEB3,202208,3,0.00087503106749605,0.000368281831095884,99
CEPE5,202208,3,0.0394066653383551,0.0579657334608448,99
CEPE6,202208,3,0.0387454838189146,0.0580736449006123,99
CGRA4,202208,3,0.0464226119947708,0.040080420250769,99
CLSA3,202208,3,0.0141375101715267,0.010104496217186,99
CLSC4,202208,3,0.04966097176032,0.0626570251633998,99
CMIG3,202208,3,0.124390334369093,0.945241550564286,99
COCE5,202208,3,0.0130455030878272,0.00494561815778179,99
CPLE11,202208,3,0.04493945049848,0.077688989237072,99
CRIV4,202208,3,0.0669916253272001,0.042876359664561,99
CRPG5,202208,3,0.0412599991965692,0.0339044797728313,99
CTSA3,202208,3,0.0713467710638278,0.00929683441349846,99
DEXP3,202208,3,0.0600993502952217,0.0759624327695589,99
DMVF3,202208,3,0.0494593521996408,0.0164410628472465,99
DOHL4,202208,3,0.00170740128284366,0.000212097756144791,99
EALT4,202208,3,0.0677339290781265,0.0428878893370427,99
EKTR4,202208,3,0.0713467710638278,0.00929683441349846,99
ELMD3,202208,3,0.0131207554045452,0.00479391141762154,99
EMAE4,202208,3,0.0482254930704375,0.0365051106008156,99
ENGI11,202208,3,0.00211807839852373,0.00563925324133569,99
ENMT4,202208,3,0.0713467710638278,0.00929683441349846,99
EQPA3,202208,3,0.000718064678140039,0.000215014056799831,99
ETER3,202208,3,0.130326706469503,0.997608950385161,99
EUCA4,202208,3,0.129267939946602,0.995126307819131,99
EVEN3,202208,3,0.0910417252260774,0.134821082876806,99
FHER3,202208,3,0.0100716759591809,0.0194174310420341,99
GEPA4,202208,3,0.00124596529109161,0.0091061731556152,99
GETT3,202208,3,0.0154310296873302,0.00103840579461962,99
GETT4,202208,3,0.0154310613478254,0.00103841971383572,99
GFSA3,202208,3,0.0501855713941881,0.0432840072308833,99
GGBR3,202208,3,0.0183274732512854,0.00132008380140322,99
GUAR3,202208,3,0.068749794537247,0.0912158412007689,99
IGTI3,202208,3,0.050192894231893,0.0162372209176521,99
ITSA3,202208,3,0.015185396036714,0.000842660773048367,99
JSLG3,202208,3,0.0173560145166617,0.00980910691947673,99
KEPL3,202208,3,0.143589352832167,0.956209264947547,99
KLBN11,202208,3,0.0331549581769772,0.0326394155754562,99
LAND3,202208,3,0.00100064373217969,0.000958786496512278,99
LEVE3,202208,3,0.0923667397989645,0.137718277911777,99
LOGN3,202208,3,0.135324779540766,0.960155256816843,99
LPSB3,202208,3,0.0257094742479871,0.183585803178862,99
LUPA3,202208,3,0.000502544590714301,0.000486770263409698,99
LUXM4,202208,3,0.0713467710638278,0.00929683441349846,99
MEAL3,202208,3,0.0696507816279457,0.0816446974754554,99
MELK3,202208,3,0.0955397903056379,0.130472374982964,99
MGEL4,202208,3,0.011069387924878,0.00503975169544782,99
MNPR3,202208,3,0.0713467710638278,0.00929683441349845,99
MOAR3,202208,3,0.00242417012706754,0.0037560858352853,99
MODL11,202208,3,0.0500897029696953,0.0189148975101116,99
MTSA4,202208,3,0.0566492608393199,0.0266986639691482,99
MWET4,202208,3,0.0713467710638278,0.00929683441349845,99
NGRD3,202208,3,0.0444742775426151,0.0507814371460418,99
OIBR3,202208,3,0.00843559169244468,0.00128821898002662,99
OIBR4,202208,3,0.015178911318231,0.000816524361962399,99
PARD3,202208,3,0.0412933396201714,0.037427869243977,99
PFRM3,202208,3,0.0261080012452782,0.00721389733375616,99
PMAM3,202208,3,0.0798108064073204,0.0991801154779377,99
PORT3,202208,3,0.00571701636473651,0.00191760785440386,99
POSI3,202208,3,0.036437720054903,0.0491814132087429,99
PRNR3,202208,3,0.130017269059462,0.984533809285148,99
PTBL3,202208,3,0.138900396411007,0.997861009747493,99
RCSL3,202208,3,0.0799951928355746,0.0982119862756843,99
RDNI3,202208,3,0.0210595889584579,0.00972391436258191,99
RDOR3,202208,3,0.000378532821270437,0.000254665503615601,99
ROMI3,202208,3,0.133582571216711,1,99
SAPR11,202208,3,0.0930909095632144,0.142408429694485,99
SAPR4,202208,3,0.000142914497036447,0.000181793573750382,99
SCAR3,202208,3,0.0367367018480608,0.0158182665246249,99
SGPS3,202208,3,0.130054610045114,0.986077116360096,99
SHUL4,202208,3,0.0862865029808785,0.131079071856132,99
SQIA3,202208,3,0.0294340060438421,0.0393900473265049,99
SULA11,202208,3,0.0579642073105723,0.0298512241176626,99
SYNE3,202208,3,0.10024010158913,0.133538158935365,99
TASA4,202208,3,0.09400660323888,0.105595409585352,99
TCSA3,202208,3,0.0610873071606792,0.0556887042162419,99
TECN3,202208,3,0.0152689063930985,0.0671714604138005,99
TGMA3,202208,3,0.158992195649538,0.697301355965468,99
TPIS3,202208,3,0.0819304647791498,0.100585812332732,99
TRAD3,202208,3,0.0562204434398673,0.425103121232642,99
TRIS3,202208,3,0.0531934532308747,0.0473429680614833,99
TUPY3,202208,3,0.108188787752669,0.143274036847868,99
UNIP3,202208,3,0.0506224571229473,0.0173921139638528,99
VIVR3,202208,3,0.0542360916850886,0.052188545958738,99
VLID3,202208,3,0.121065339115758,0.848487366585606,99
VULC3,202208,3,0.0364012528769664,0.105756196188743,99
WIZS3,202208,3,0.131223983667773,0.998908974374228,99
AERI3,202209,3,0.0569565961298865,0.0530657524166365,97
AESB3,202209,3,0.062601275839117,0.0607453991978384,97
AGXY3,202209,3,0.00731797517491568,0.00325809600763485,97
ALLD3,202209,3,0.0155469769127678,0.00995886850246652,97
ALPA3,202209,3,0.0124265196048062,0.000944731465533754,97
ARML3,202209,3,0.0502021706802323,0.0752681025369641,97
AVLL3,202209,3,0.122131112414308,0.997272068432535,97
AZEV4,202209,3,0.00024843563938022,3.76700972329179e-05,97
BOBR4,202209,3,0.0714184899832048,0.00846574672488586,97
BPAC3,202209,3,0.0148126448403774,0.00503247032095766,97
BPAC5,202209,3,0.00211401590167935,0.0117169204355406,97
BRBI11,202209,3,0.000660015667224724,0.000960840677495543,97
BRGE3,202209,3,0.0048818881656818,0.00262972332389468,97
CASH3,202209,3,0.134610729340459,0.713534033905199,97
CEBR6,202209,3,0.0498280271755207,0.0755762305118912,97
CEEB3,202209,3,0.000880288168884173,0.000505446761894122,97
CEPE5,202209,3,0.048019356537556,0.0738842369088473,97
CEPE6,202209,3,0.0473950293026336,0.0740257127787486,97
CLSA3,202209,3,0.0135313254723242,0.00933524227172786,97
CLSC4,202209,3,0.0555929809707902,0.0767633303507378,97
CMIG3,202209,3,0.123437568904097,0.971734483237938,97
COCE5,202209,3,0.0123718511224509,0.00401683850783297,97
CPLE3,202209,3,0.0250482548120882,0.093312070193879,97
CRIV4,202209,3,0.0508919796276293,0.0287325531546855,97
CTSA3,202209,3,0.0714184899832048,0.00846574672488586,97
DEXP3,202209,3,0.00155110794250811,0.00664472914295779,97
DMVF3,202209,3,0.0170731723145636,0.00601635782636643,97
DOHL4,202209,3,0.00140393092180951,0.000159445186517767,97
EALT4,202209,3,0.0508589227409723,0.0287309004064344,97
EKTR4,202209,3,0.0714184899832048,0.00846574672488586,97
ELMD3,202209,3,0.0125971191157592,0.00362088250421282,97
EMAE4,202209,3,0.0312629593188729,0.022405838970279,97
ENGI11,202209,3,0.0121421998087158,0.00444351474477495,97
ENMT4,202209,3,0.0714184899832048,0.00846574672488586,97
EQPA3,202209,3,0.000742966434907847,0.000196375438336619,97
ETER3,202209,3,0.12248218910623,0.998737358238929,97
EUCA4,202209,3,0.122081604604482,0.996537600052008,97
EVEN3,202209,3,0.0799218604705682,0.195792175422187,97
FHER3,202209,3,0.0390944416512124,0.0475547617551339,97
GEPA4,202209,3,0.00176115419708344,0.0112933834629409,97
GETT3,202209,3,0.0265254885764779,0.00168686418980282,97
GETT4,202209,3,0.0265199245676448,0.00168150317833946,97
GFSA3,202209,3,0.0367527532751288,0.0336914778944582,97
GGBR3,202209,3,0.0223265817226269,0.00147757684370761,97
GOAU3,202209,3,0.0519182493965138,0.0428368172323169,97
GUAR3,202209,3,0.0544334274996824,0.0781048529675212,97
HBOR3,202209,3,0.0378753910501665,0.0348807776023275,97
IGTI3,202209,3,0.0287423720271469,0.00219456875194062,97
INEP3,202209,3,0.0210381323980938,0.00434241033278792,97
ITSA3,202209,3,0.0215014804923163,0.00204286041906276,97
JSLG3,202209,3,0.00723098684887703,0.00489173362757895,97
KLBN11,202209,3,0.0526271735033946,0.0465713653449991,97
LAND3,202209,3,0.00144374517532341,0.000918859132994347,97
LEVE3,202209,3,0.0710728791111831,0.122184780084005,97
LOGG3,202209,3,0.0352612243457076,0.032204666566268,97
LOGN3,202209,3,0.113234662255896,0.856749277791542,97
LPSB3,202209,3,0.0380173795314361,0.270727710379703,97
LUXM4,202209,3,0.0714184899832048,0.00846574672488586,97
MEAL3,202209,3,0.0550750069509762,0.0644582217408475,97
MELK3,202209,3,0.0690387468592685,0.11438700770393,97
MGEL4,202209,3,0.00896333337854474,0.00398019816087729,97
MNPR3,202209,3,0.0714184899832048,0.00846574672488586,97
MOAR3,202209,3,0.02270488073652,0.00453173104463719,97
MTSA4,202209,3,0.0477368663555476,0.0186358506004746,97
MWET4,202209,3,0.0714184899832048,0.00846574672488586,97
NGRD3,202209,3,0.0353114044529805,0.0426092223397215,97
OIBR3,202209,3,0.0130682928196989,0.00176479388621177,97
OIBR4,202209,3,0.0179522048146026,0.00145891578375879,97
PARD3,202209,3,0.0636650296344065,0.049530942158657,97
PFRM3,202209,3,0.026097432433618,0.00678162484446506,97
PORT3,202209,3,0.00753255298483244,0.00354888155350202,97
POSI3,202209,3,0.0361427696798209,0.0506881558301311,97
PRNR3,202209,3,0.122287502879291,0.983669502419725,97
PTBL3,202209,3,0.13395380443863,0.99148417733786,97
RCSL3,202209,3,0.0513075095551357,0.0719711089439501,97
RDNI3,202209,3,0.013779756837186,0.00428381029166196,97
RDOR3,202209,3,0.000366223466824561,0.000228043898898883,97
ROMI3,202209,3,0.124910499169798,1,97
SANB11,202209,3,0.0483229268951764,0.0434276522377702,97
SAPR11,202209,3,0.0700543284635445,0.129934708109852,97
SAPR4,202209,3,1.96482734396745e-07,9.90120637699588e-08,97
SCAR3,202209,3,0.0354740133323378,0.0128293617595664,97
SGPS3,202209,3,0.122468027567092,0.986956606441727,97
SHUL4,202209,3,0.0659787829076427,0.116147539091404,97
SQIA3,202209,3,0.0287521812078951,0.0388956097372807,97
SYNE3,202209,3,0.0725871711198231,0.116266646523197,97
TAEE4,202209,3,0.0222451546974202,0.00446409081834033,97
TASA4,202209,3,0.0534560236222528,0.0742417411372731,97
TCSA3,202209,3,0.0312237266708678,0.0331704448085688,97
TECN3,202209,3,0.0269891696235913,0.0963764478536202,97
TGMA3,202209,3,0.14916105567066,0.736549218062504,97
TRAD3,202209,3,0.0563344115323564,0.456485075200946,97
TRIS3,202209,3,0.0407696024545452,0.0363590288856385,97
UNIP3,202209,3,0.0180034772002743,0.00670967315287052,97
VLID3,202209,3,0.122121395210578,0.891634737515911,97
VULC3,202209,3,0.0283704999332376,0.0856276267383037,97
WIZS3,202209,3,0.123845860464553,0.999886918000969,97
AERI3,202210,3,0.0786022981966806,0.0629459413678117,95
AESB3,202210,3,0.0793835264666788,0.0660318513248147,95
AGXY3,202210,3,0.00764891391651639,0.00282919104561565,95
ALLD3,202210,3,0.0214308288294567,0.00578792120446483,95
ALPA3,202210,3,0.0125297321425614,0.000809798165246792,95
ARML3,202210,3,0.0341327081810485,0.0546464792074907,95
AVLL3,202210,3,0.131187871232643,0.997479903334988,95
BEES3,202210,3,0.071620763784522,0.0229715663163556,95
BOBR4,202210,3,0.0567626049560797,0.00546363882347481,95
BPAC3,202210,3,0.00659690800646914,0.00563940625219728,95
BPAC5,202210,3,0.00207961880105022,0.0105587522844066,95
BRBI11,202210,3,0.00118399257441907,0.00286885541056989,95
BRGE3,202210,3,0.00576312553495854,0.00553732907550054,95
CASH3,202210,3,0.125801984666617,0.674917152193044,95
CEBR6,202210,3,0.0317149797099483,0.0532760096267587,95
CEEB3,202210,3,0.000136479101557465,6.96245985036621e-06,95
CLSA3,202210,3,0.0131175880606747,0.00790532745843946,95
CLSC4,202210,3,0.0375636589179376,0.054725546356394,95
CMIG3,202210,3,0.129437497167332,0.974448951120472,95
COCE5,202210,3,0.0133647567995629,0.00428892350032015,95
CPLE11,202210,3,0.0097962662976453,0.0147684306678119,95
CRIV4,202210,3,0.0580219837339146,0.0236027952740663,95
CTSA3,202210,3,0.0567626049560797,0.00546363882347481,95
DEXP3,202210,3,0.00476177089605972,0.00449010829049241,95
DMVF3,202210,3,0.0168073537834629,0.00557369843839358,95
DOHL4,202210,3,0.00112623537043575,9.96217806004289e-05,95
EALT4,202210,3,0.0553817254047289,0.0235134557989495,95
ECOR3,202210,3,0.0811720914170112,0.0601321302937255,95
EKTR4,202210,3,0.0567626049560797,0.00546363882347481,95
ELMD3,202210,3,0.0148239134892579,0.00441393951210365,95
EMAE4,202210,3,0.0369218811551465,0.017663556256433,95
ENGI11,202210,3,0.017423383676104,0.0077067454363734,95
EQPA3,202210,3,0.000727614567654037,0.000155881944930936,95
ETER3,202210,3,0.13132989291015,0.998955854297113,95
EUCA4,202210,3,0.130887010322826,0.997238277953205,95
EVEN3,202210,3,0.0925237901303304,0.197149326277961,95
FHER3,202210,3,0.0426291729582897,0.0461644829804546,95
FRAS3,202210,3,0.00250783471934588,0.00420089265053086,95
GEPA4,202210,3,0.0017105169678086,0.00932337200263289,95
GETT3,202210,3,0.0162028558661172,0.001482126973922,95
GETT4,202210,3,0.0162027251555945,0.00148225611669987,95
GFSA3,202210,3,0.0398826856129515,0.0290323495357998,95
GGBR3,202210,3,0.0187809409909308,0.00155563003933962,95
GOAU3,202210,3,0.0732762553841707,0.0542581738935118,95
GUAR3,202210,3,0.06068714743764,0.0750733139989914,95
HBOR3,202210,3,0.0269739677861215,0.021426746127362,95
INEP3,202210,3,0.0220373381477291,0.00470155442967787,95
ITSA3,202210,3,0.0143418285592657,0.00167655965347104,95
KLBN11,202210,3,0.0736527714680351,0.0565876846237797,95
LAND3,202210,3,0.00187084457427333,0.00156920433140528,95
LEVE3,202210,3,0.0833621647360216,0.120430846890691,95
LOGG3,202210,3,0.035472580705454,0.0282349940150088,95
LOGN3,202210,3,0.135307258596482,0.953101414658654,95
LPSB3,202210,3,0.0424780117722121,0.297115383843334,95
MBLY3,202210,3,0.0193745990564423,0.0188148130577259,95
MEAL3,202210,3,0.0541229201960252,0.0608599680765082,95
MELK3,202210,3,0.0807886494598375,0.114054057650885,95
MGEL4,202210,3,0.00736002102638877,0.00303971755701353,95
MNPR3,202210,3,0.0567626049560797,0.00546363882347481,95
MOAR3,202210,3,0.0234052193868102,0.00482577465546848,95
MTRE3,202210,3,0.0246518528294747,0.0153167534075647,95
MTSA4,202210,3,0.0471279859198247,0.0140400362428965,95
MWET4,202210,3,0.0567626049560797,0.00546363882347481,95
NGRD3,202210,3,0.0435503364033349,0.0454862361623612,95
OIBR4,202210,3,0.0133740947110322,0.00133963689819823,95
PARD3,202210,3,0.0828288409154933,0.060109445407539,95
PFRM3,202210,3,0.0230241957562616,0.00492470256007287,95
PLPL3,202210,3,0.0740280452221293,0.109459202579382,95
PORT3,202210,3,0.00563655489160091,0.00227757679537475,95
POSI3,202210,3,0.0350336588371571,0.0464632569699943,95
PRNR3,202210,3,0.131656390346653,0.98634192544005,95
PTBL3,202210,3,0.133242277436449,0.946662276907312,95
RCSL3,202210,3,0.0565062668266782,0.0712902691066034,95
RDOR3,202210,3,0.000436061094584578,0.000215863544088391,95
ROMI3,202210,3,0.13312444000877,0.999999815097496,95
SANB11,202210,3,0.0722218913754205,0.0549878125112504,95
SAPR11,202210,3,0.0830744952300954,0.127534292798264,95
SAPR4,202210,3,3.85329818369018e-07,1.38401685163693e-07,95
SCAR3,202210,3,0.0217659790369781,0.00567740518582428,95
SGPS3,202210,3,0.131704089019136,0.988825819537676,95
SHUL4,202210,3,0.0779025949933934,0.115660000064168,95
SYNE3,202210,3,0.0845075531834772,0.115813341396431,95
TAEE4,202210,3,0.0225943949459723,0.00468268316080031,95
TASA4,202210,3,0.0602388201271665,0.0727916028078549,95
TCSA3,202210,3,0.0257392325116948,0.0261437008148955,95
TECN3,202210,3,0.0520508216627099,0.0516538560217808,95
TGMA3,202210,3,0.169272217617115,0.693250138074339,95
TRAD3,202210,3,0.133389206590697,0.97810171580977,95
TRIS3,202210,3,0.0420533900996025,0.0293385398508926,95
TRPL3,202210,3,0.00209191995847203,0.000819630880640645,95
UNIP3,202210,3,0.0179939559682333,0.00615413961600368,95
VLID3,202210,3,0.124200224780695,0.919592834207169,95
VULC3,202210,3,0.0298135486821352,0.073054174814726,95
WEST3,202210,3,0.0753125547914866,0.056694972910867,95
WIZS3,202210,3,0.132772940608258,1,95
AESB3,202211,3,0.0640032606852492,0.0667631784897879,95
AGXY3,202211,3,0.00688818998699877,0.00283710560373872,95
ALLD3,202211,3,0.0287998501043914,0.0125395938718199,95
ALPA3,202211,3,0.012817681746393,0.00142697210015466,95
AVLL3,202211,3,0.105094217770182,0.999341565927801,95
BEES3,202211,3,0.0610020451207971,0.0290892889362508,95
BIOM3,202211,3,0.000280898158650207,0.000119059293932429,95
BPAC3,202211,3,0.011395311458244,0.00657347367903768,95
BPAC5,202211,3,0.00195995985285978,0.0132824238065687,95
BRBI11,202211,3,0.00170140033369213,0.00331298800739412,95
BRFS3,202211,3,0.0571566883672763,0.0610043309491367,95
BRGE3,202211,3,0.00681510246215581,0.00669597496244407,95
CEBR6,202211,3,0.0158142396920297,0.00315217016449992,95
CEEB3,202211,3,0.000129131093098113,6.07530734697161e-06,95
CLSA3,202211,3,0.0137952136836244,0.0121635866999382,95
CLSC4,202211,3,0.021020125283882,0.00526469896408023,95
CMIG3,202211,3,0.106493817802584,0.971666662410265,95
COCE5,202211,3,0.0158521293929496,0.0061624514917725,95
CPLE11,202211,3,0.00647521326597982,0.00898658925559175,95
CRIV4,202211,3,0.0536867087339581,0.0293579810612577,95
CTSA3,202211,3,0.0450957501007279,0.00491666967937904,95
DEXP3,202211,3,0.00277899131993302,0.0035271750436178,95
DMVF3,202211,3,0.0185400370798701,0.0110319904802865,95
DOHL4,202211,3,0.000844557683821669,0.000302213908929777,95
DOTZ3,202211,3,0.025347929688707,0.00838859455624501,95
EALT4,202211,3,0.0512091909814449,0.0292971919883793,95
EKTR4,202211,3,0.0450957501007279,0.00491666967937904,95
ELMD3,202211,3,0.0196405635159324,0.00780940616336073,95
ENGI11,202211,3,0.0152911485162482,0.0057619712756652,95
EQPA3,202211,3,0.000855434417179181,0.000174590648585475,95
ETER3,202211,3,0.104777346587353,0.998574643021874,95
EUCA4,202211,3,0.103912964683532,0.998098514396117,95
EVEN3,202211,3,0.082999242918964,0.185172080032809,95
FHER3,202211,3,0.0478874032284391,0.0412521544675312,95
FRAS3,202211,3,0.00239850523485812,0.0025112806379122,95
GEPA4,202211,3,0.00365206108410066,0.0110238275064673,95
GETT11,202211,3,0.00896997761670716,0.00221657904833172,95
GETT3,202211,3,0.0146516590309472,0.000500653222989474,95
GETT4,202211,3,0.0146515325474187,0.000500811560858112,95
GFSA3,202211,3,0.0387330818558619,0.0240706710404543,95
GGBR3,202211,3,0.0190314823025236,0.00125557401644743,95
GOAU3,202211,3,0.0554838975292864,0.0564716632882119,95
GUAR3,202211,3,0.058873766836784,0.10946229836088,95
HBOR3,202211,3,0.0286275323311059,0.0177381571798687,95
INEP3,202211,3,0.0232548123845154,0.00225702502391853,95
ITSA3,202211,3,0.0202019666083801,0.00242073584483244,95
JSLG3,202211,3,0.0153782492834563,0.00763494162115939,95
KLBN11,202211,3,0.0540365925186647,0.0587018146203177,95
LAND3,202211,3,0.00193439518933853,0.00167259437039622,95
LAVV3,202211,3,0.0441320430139851,0.0839796875878101,95
LEVE3,202211,3,0.0831905795023294,0.181475577863238,95
LOGG3,202211,3,0.0365667399573496,0.0234833811055132,95
LOGN3,202211,3,0.0447618366682659,0.0490285787042494,95
LPSB3,202211,3,0.0292939168357575,0.235586391908899,95
MBLY3,202211,3,0.0259042009081673,0.00901994640451872,95
MEAL3,202211,3,0.0588227094157696,0.050884340956223,95
MELK3,202211,3,0.0797399588610814,0.176676016421228,95
MGEL4,202211,3,0.00613490052417345,0.00346330574296896,95
MNPR3,202211,3,0.045095750100728,0.00491666967937906,95
MOAR3,202211,3,0.0226822908562059,0.00238919121434118,95
MTRE3,202211,3,0.0280220348192554,0.0167426293008101,95
MTSA4,202211,3,0.0484111120770078,0.015816865177603,95
MWET4,202211,3,0.0450957501007279,0.00491666967937904,95
NGRD3,202211,3,0.053796031219509,0.035129475698392,95
OIBR3,202211,3,0.0195314886898467,0.00347086412777893,95
OIBR4,202211,3,0.0192688673061021,0.00216761134535949,95
OPCT3,202211,3,0.0409961726625166,0.0697959175817765,95
PARD3,202211,3,0.0608230070572092,0.0636160092017032,95
PFRM3,202211,3,0.0289453205621961,0.00551942637954549,95
PLPL3,202211,3,0.0747907734356248,0.169647042545105,95
PORT3,202211,3,0.00704396323794932,0.00328981042729098,95
POSI3,202211,3,0.0475282392628064,0.0484564062752687,95
PRNR3,202211,3,0.107160255026251,0.989550768067621,95
PTBL3,202211,3,0.0416111180218573,0.090827373702351,95
RCSL3,202211,3,0.0635481939044929,0.0601058310980076,95
RDOR3,202211,3,0.000445407043868569,0.000249349611365801,95
ROMI3,202211,3,0.106840357053182,0.999926427636109,95
SAPR11,202211,3,0.0824369909607173,0.169736403086947,95
SAPR4,202211,3,6.80945162334961e-06,8.99159581421995e-06,95
SCAR3,202211,3,0.0384818246779287,0.0107409734107927,95
SGPS3,202211,3,0.106992048007857,0.991623687901372,95
SHUL4,202211,3,0.0763782872853856,0.177230323883048,95
SYNE3,202211,3,0.0834998621122063,0.177391319321701,95
TAEE4,202211,3,0.0232548123845154,0.00225702502391852,95
TASA4,202211,3,0.0669891095598654,0.0623681856211676,95
TCSA3,202211,3,0.0261018426153492,0.0226460335609547,95
TECN3,202211,3,0.0627855061069631,0.0515286938162054,95
TGMA3,202211,3,0.146969474780801,0.797962073069479,95
TRAD3,202211,3,0.108202860857925,0.981053610012584,95
TRIS3,202211,3,0.0449197933675447,0.0286706119001719,95
UNIP3,202211,3,0.0198600376309607,0.0118425485514644,95
VLID3,202211,3,0.109073018873082,0.907154063674015,95
VULC3,202211,3,0.0278952988585144,0.0969861044447206,95
WEST3,202211,3,0.0567585545825008,0.0580312173624889,95
WIZS3,202211,3,0.105956771942835,1,95
ALLD3,202301,3,0.0294348769790493,0.00838255690091568,107
ALPA3,202301,3,3.41315164122001e-05,3.22554386711922e-06,107
ALPK3,202301,3,0.000435001041967494,8.14752902343451e-05,107
AMAR3,202301,3,0.000430515813845777,8.40139871768791e-05,107
AZEV3,202301,3,0.0170527010446997,8.02259383428922e-05,107
AZEV4,202301,3,0.016135285024908,1.65070858301949e-05,107
BAHI3,202301,3,3.01997886070626e-05,1.86513626942627e-05,107
BAUH4,202301,3,0.00330055799609576,0.00458328923358699,107
BAZA3,202301,3,0.000714769949257727,2.07351234786094e-05,107
BEES3,202301,3,0.0215096814313656,0.00776471611335148,107
BIOM3,202301,3,0.00836280260092105,0.000380724336217793,107
BMGB4,202301,3,0.00173924627066519,0.000251604250702869,107
BOBR4,202301,3,0.0393392190733745,0.0139171932561505,107
BPAC5,202301,3,0.0147941882058943,0.0125419147969122,107
BRBI11,202301,3,0.00432859403775121,0.00252337112521828,107
BRGE3,202301,3,0.0988343600201826,1,107
BRIV3,202301,3,0.0976724188546059,0.950143417556941,107
BRIV4,202301,3,0.0986669667613524,0.996623202656522,107
BRKM5,202301,3,0.0244702858661873,0.0591417383495865,107
CAMB3,202301,3,0.0120464522977382,0.00327345239612347,107
CEBR3,202301,3,0.0533917406201062,0.00888166422915957,107
CEBR5,202301,3,0.0480010235530923,0.0125117681180994,107
CEBR6,202301,3,0.0372394222781584,0.0125045289116341,107
CEEB3,202301,3,0.00595672087762107,0.00224268958322545,107
CGRA3,202301,3,0.015455830195181,0.0367114356541835,107
CGRA4,202301,3,0.0228507771235886,0.0396424150729636,107
CLSC3,202301,3,0.0183672243341061,0.050711965064395,107
CLSC4,202301,3,0.0916034135067274,0.79615311969199,107
CMIG3,202301,3,0.0183254484740072,0.000181577928002485,107
CMIG4,202301,3,0.0198592211501249,0.000565616831944679,107
CRIV4,202301,3,0.0991064547591078,0.997902008887466,107
CRPG5,202301,3,0.038761421041865,0.0015115855931132,107
CRPG6,202301,3,0.0383284675546999,0.00122121414758501,107
CTNM4,202301,3,0.0975713349529702,0.986422517326135,107
CTSA3,202301,3,0.0106195736843878,0.00137989786117571,107
CVCB3,202301,3,0.0147708700277463,0.00165216438689107,107
CXSE3,202301,3,0.00275214582380133,0.000486754745250999,107
DEXP3,202301,3,0.0128296071381441,0.000201534461413794,107
DOHL4,202301,3,0.00248601124375349,0.000130630827639375,107
DXCO3,202301,3,0.00796521903763357,0.000254866551132817,107
EALT4,202301,3,0.0149107698890582,0.00133449388012675,107
EKTR4,202301,3,0.00663432113382489,0.000579796595982644,107
EMAE4,202301,3,0.0415724025771902,0.00264010246814231,107
ENGI4,202301,3,0.0247974031781748,3.7426312743725e-05,107
ENMT3,202301,3,0.0121646925366703,0.000196840279114635,107
ENMT4,202301,3,0.0147266257775372,0.000119021568156193,107
ETER3,202301,3,0.00788059658521539,0.0199266714979536,107
EVEN3,202301,3,0.00332977354159433,0.000311522633999148,107
FBMC4,202301,3,0.0162740592472587,0.00027148674020131,107
FRAS3,202301,3,0.0157566036424704,0.000104380589130193,107
GEPA4,202301,3,0.00920504200935505,0.00283186394791813,107
GFSA3,202301,3,0.0113977154066263,0.0175132821685485,107
GOLL4,202301,3,0.000311450425250369,3.98833872851361e-05,107
IGBR3,202301,3,0.00466231122712249,0.000470781941271398,107
INEP3,202301,3,0.00552804725890814,0.00203274406059952,107
INEP4,202301,3,0.0257358451710005,0.000440343633671108,107
ITSA3,202301,3,0.0059202770601279,0.00188632448864734,107
KLBN3,202301,3,0.0196670444754109,9.28954623896756e-05,107
KLBN4,202301,3,0.014342945996052,0.000146340752775825,107
LAND3,202301,3,0.011394807826267,0.00200737013093732,107
LAVV3,202301,3,0.0159362748529167,8.32673686858599e-05,107
LLIS3,202301,3,0.000108064866851511,4.49079911921702e-06,107
LOGN3,202301,3,0.0984339237910557,0.991275216380733,107
LPSB3,202301,3,0.00227654614756144,0.000260477915507036,107
LUPA3,202301,3,0.0236136907455966,0.000393995414553888,107
LVTC3,202301,3,0.0983109374760394,0.991356733189021,107
MDIA3,202301,3,6.62469538185582e-05,1.1382574976326e-05,107
MGEL4,202301,3,0.00580540483343772,0.000111439009905102,107
MMXM3,202301,3,1.76106568405316e-05,5.56427542932511e-08,107
MNDL3,202301,3,0.0233564460085785,0.000357889376359111,107
MNPR3,202301,3,0.0029290287500691,0.000241204305266791,107
MOAR3,202301,3,0.010356513666311,1.7302068063297e-05,107
MTSA4,202301,3,0.0192221990088227,0.0224273006040381,107
MWET4,202301,3,0.00790201356664124,0.000642216834098838,107
OIBR3,202301,3,0.0143518086014878,0.00365205876081171,107
PDGR3,202301,3,0.0107050435259705,0.000869129257878458,107
PETR3,202301,3,0.0185829195353153,0.000241340294165698,107
PFRM3,202301,3,0.0117009155549531,0.0143003295162544,107
PINE4,202301,3,0.00451629083057081,9.11619534422288e-05,107
PMAM3,202301,3,0.0161470289539135,0.00316900115844052,107
POMO3,202301,3,0.0996331021130757,0.989038312265247,107
PTNT4,202301,3,0.00540497119831046,9.78523483584346e-05,107
RCSL3,202301,3,0.00555284469264414,0.000495012190633781,107
RCSL4,202301,3,0.00770134209111143,0.000635927716685942,107
RDNI3,202301,3,0.0139891180108498,6.28702420500769e-05,107
RDOR3,202301,3,0.000163699767614984,6.68632517081207e-05,107
RNEW3,202301,3,0.00974276639259779,1.41458151687095e-05,107
RNEW4,202301,3,0.0098618983477892,1.74283516552936e-05,107
RPAD3,202301,3,0.098836360457477,0.999920434906825,107
RPAD5,202301,3,0.0988696492318678,0.997038506438372,107
RSUL4,202301,3,0.0139876505180923,0.000527546951034367,107
SAPR11,202301,3,0.00667529092009582,0.000696071369385536,107
SAPR3,202301,3,0.0254186600267962,0.000395045769014946,107
SAPR4,202301,3,0.0112561674491458,0.000195734162579098,107
SCAR3,202301,3,0.0975969481451727,0.85884816488222,107
SEER3,202301,3,0.0129154942999607,0.00302224437882776,107
SHOW3,202301,3,0.00108753575215706,0.000310392717641223,107
SHUL4,202301,3,0.0430886377434275,0.0016114538875504,107
TAEE3,202301,3,0.0209017667046778,4.75158140295315e-05,107
TASA4,202301,3,0.0196541925271054,0.00162690177195584,107
TCSA3,202301,3,0.0170100931702497,0.00382470672874354,107
TECN3,202301,3,0.012660271621277,0.00411628478016697,107
UCAS3,202301,3,0.0141898035971638,0.0011831423887625,107
VIIA3,202301,3,0.00157997613684131,8.23613155202363e-05,107
VIVR3,202301,3,0.00298994396085277,4.38032806854095e-05,107
WHRL4,202301,3,0.0125299777886595,0.0140245368142642,107
WLMM4,202301,3,0.0405880247707232,0.00140388202890488,107
ALLD3,202302,3,0.0288831765013871,0.00826331094936572,106
ALPA3,202302,3,4.99683210928901e-06,1.61616741804652e-06,106
ALPK3,202302,3,0.000421229992638619,8.6504601446882e-05,106
AMAR3,202302,3,0.000576789448437074,0.000193370808962303,106
AZEV3,202302,3,0.0171770140595047,4.51010207769583e-05,106
AZEV4,202302,3,0.0170620196991525,9.17187402017626e-06,106
BAHI3,202302,3,1.99037463650277e-05,7.79593543129146e-06,106
BAUH4,202302,3,0.00224516542621073,0.00444075485828572,106
BAZA3,202302,3,0.000764744250461391,2.27027856081162e-05,106
BEES3,202302,3,0.0207163464316402,0.00728154042802924,106
BIOM3,202302,3,0.00662932549832594,0.000249323714537646,106
BOBR4,202302,3,0.0354671903936581,0.0138295876448537,106
BPAC5,202302,3,0.0148181563168672,0.0115722066141762,106
BRBI11,202302,3,0.00250619511226971,0.00267131144064774,106
BRGE3,202302,3,0.0995509140877647,1,106
BRIV3,202302,3,0.0986496434213968,0.956465709785904,106
BRIV4,202302,3,0.0993894720980088,0.996889491582908,106
BRKM5,202302,3,0.0332978555180789,0.0671623249734981,106
CAMB3,202302,3,0.01020920636171,0.00323422137485529,106
CEBR3,202302,3,0.046272503679436,0.00885908233149142,106
CEBR5,202302,3,0.0416182777652152,0.0125156030982687,106
CEBR6,202302,3,0.0338630691470288,0.0123786704848771,106
CEEB3,202302,3,0.00597650710910445,0.00200550092227878,106
CGRA3,202302,3,0.0171521608862584,0.0365900399418023,106
CGRA4,202302,3,0.023612051297505,0.0396562058627983,106
CLSC3,202302,3,0.0269297696257916,0.0600390184752018,106
CLSC4,202302,3,0.0957372451820792,0.766848021239983,106
CMIG3,202302,3,0.0184996653341199,0.000216140476948842,106
CMIG4,202302,3,0.0212975988854014,0.00082764626742629,106
CRIV4,202302,3,0.0998466382474591,0.998149755495486,106
CRPG5,202302,3,0.0305051310816505,0.0013168083194944,106
CRPG6,202302,3,0.0308650643421218,0.00102725603406332,106
CTNM4,202302,3,0.0984460795105273,0.988475514508799,106
CTSA3,202302,3,0.0105753102762967,0.00130987306056785,106
CVCB3,202302,3,0.0149956305013374,0.00157075547623048,106
CXSE3,202302,3,0.00225963047730282,0.000525221139439011,106
DEXP3,202302,3,0.000458685174472323,3.62454062209416e-05,106
DOHL4,202302,3,0.002682431234296,0.000101399197789023,106
DXCO3,202302,3,0.00830365775939594,0.000291239951593654,106
EALT4,202302,3,0.00355841571390599,0.00103228808650093,106
EKTR4,202302,3,0.00678968697340005,0.000556951938170525,106
EMAE4,202302,3,0.0336962028783269,0.00246748752406047,106
ENGI4,202302,3,0.0192815722774515,3.69486882242073e-05,106
ENMT3,202302,3,0.012271099219579,0.00020368703415631,106
ENMT4,202302,3,0.0150641327731455,0.000130986082988515,106
ETER3,202302,3,0.00884537702601199,0.0179145618896377,106
EVEN3,202302,3,0.00147152552995242,0.000331945991867128,106
FBMC4,202302,3,0.0162725173449749,0.0026982490002724,106
FRAS3,202302,3,0.0155516560728873,0.000124277659057289,106
GEPA4,202302,3,0.0077621459958915,0.0026454180645588,106
GFSA3,202302,3,0.011047708038559,0.0137039900050408,106
GOLL4,202302,3,0.000152498571703053,1.5374980378924e-05,106
INEP3,202302,3,0.00574998000772196,0.00245892053516915,106
INEP4,202302,3,0.0242510585650289,0.00057681702013257,106
ITSA3,202302,3,0.00527658114401323,0.00191594105826504,106
KLBN3,202302,3,0.011241346378769,0.00013140950705632,106
KLBN4,202302,3,0.00903290701600197,0.000137630371144498,106
LAND3,202302,3,0.0114123760101321,0.00183703290750048,106
LAVV3,202302,3,0.0157238036065351,0.000103511404013062,106
LIGT3,202302,3,0.00310227247691073,0.00312742606018777,106
LOGG3,202302,3,0.00187453552435539,0.000363337839364997,106
LOGN3,202302,3,0.0990114505228673,0.991044854836895,106
LPSB3,202302,3,0.000736594456358032,0.00022782434894886,106
LUPA3,202302,3,0.0228406527489039,0.000434198514392056,106
LVTC3,202302,3,0.099167451110381,0.991718588471193,106
MDIA3,202302,3,8.35795399170539e-05,1.06197320697297e-05,106
MGEL4,202302,3,0.00634952168909413,0.0042512098667667,106
MNDL3,202302,3,0.0229285371872591,0.000443313424095741,106
MNPR3,202302,3,0.00171899191834957,0.000209878469716662,106
MOAR3,202302,3,0.0105548710488298,1.85512228332412e-05,106
MTSA4,202302,3,0.013245035042394,0.0206958256956901,106
MWET4,202302,3,0.00817327625614722,0.000624994098302658,106
OIBR4,202302,3,0.00100042402249052,8.83017136793325e-05,106
PDGR3,202302,3,0.00964390700606377,0.000881206850791918,106
PETR3,202302,3,0.0196309234227781,0.00033049246303059,106
PINE4,202302,3,0.00574290541372361,0.000141662439907985,106
POMO3,202302,3,0.100223007276669,0.988830008762877,106
PTNT4,202302,3,0.00568073207361477,7.59768132302516e-05,106
RCSL3,202302,3,0.00537802476183827,0.000786394279133178,106
RDNI3,202302,3,0.0130129571939927,6.40505355596304e-05,106
RDOR3,202302,3,0.000289450115508696,7.386715637469e-05,106
RNEW3,202302,3,0.0101972525693677,1.73596572845039e-05,106
RNEW4,202302,3,0.0102659204697433,2.56096452013036e-05,106
RPAD3,202302,3,0.0995538229300931,0.999944033650087,106
RPAD5,202302,3,0.0996913869369706,0.997195418438342,106
RSUL4,202302,3,0.0124179442037526,0.000500731290427539,106
SANB11,202302,3,0.00707474254846482,0.000998762097135715,106
SANB4,202302,3,0.00204283143562933,6.63508402916675e-05,106
SAPR11,202302,3,0.00324060308579906,0.00103798793902867,106
SAPR3,202302,3,0.0163040316963446,0.000865185503888258,106
SAPR4,202302,3,0.0058378243057532,0.000180925560430017,106
SCAR3,202302,3,0.0988136136736967,0.863878682172054,106
SEER3,202302,3,0.0123210221734778,0.00234550576363383,106
SHOW3,202302,3,0.00113955219666894,0.000301399359003721,106
TAEE3,202302,3,0.0167113292380049,7.17550221707973e-05,106
TAEE4,202302,3,0.0164798320922234,7.39919567797774e-05,106
TCSA3,202302,3,0.015628393547087,0.00288340036129192,106
TECN3,202302,3,0.00537693654966914,0.00372730454027383,106
UCAS3,202302,3,0.0141497348373683,0.00112376190085056,106
UNIP3,202302,3,0.00947168965568663,0.0128247542785705,106
USIM5,202302,3,0.030208235379097,0.0635654414720222,106
VIIA3,202302,3,0.00161518296199682,0.000104667959505614,106
VIVR3,202302,3,0.00250184131145838,0.000213898932385509,106
WHRL4,202302,3,0.0124621596830906,0.0134274391177449,106
WLMM4,202302,3,0.032054306917191,0.00118773740049908,106
YDUQ3,202302,3,0.00264574643614069,0.00052592212119161,106
AGRO3,202303,3,0.00156987765181762,0.000358677088993563,106
ALLD3,202303,3,0.0300079273879837,0.00784005574646209,106
ALPA3,202303,3,7.42650119619675e-06,2.16432537808207e-06,106
ALPK3,202303,3,0.000401851406264719,9.10157201956741e-05,106
AMAR3,202303,3,0.000913489024902943,0.000235783147233063,106
ARML3,202303,3,0.0143729837023561,0.00192676938744785,106
AZEV3,202303,3,0.0161895431049342,7.00571688927072e-06,106
AZEV4,202303,3,0.0163546139738035,8.49715259394032e-06,106
BAHI3,202303,3,3.47566444593807e-05,1.3481247034581e-05,106
BAUH4,202303,3,0.00420525652567245,0.00582393380027542,106
BAZA3,202303,3,0.000991560312104241,3.16526865880841e-05,106
BEES3,202303,3,0.022096435900863,0.00683951675447505,106
BIOM3,202303,3,0.0050595027465695,0.000370265673162172,106
BOBR4,202303,3,0.0296024939803772,0.0134899803430526,106
BPAC5,202303,3,0.0150026704945691,0.0130413494111513,106
BRGE3,202303,3,0.0991253042756862,1,106
BRIV3,202303,3,0.0965781361810954,0.945581888522734,106
BRIV4,202303,3,0.098915529665535,0.996173908739614,106
BRKM5,202303,3,0.0311509412918136,0.066133081055255,106
CAMB3,202303,3,0.00925590668402774,0.00315946192210128,106
CEBR5,202303,3,0.0358586218985728,0.0118966311034073,106
CEBR6,202303,3,0.0320806429377735,0.0110927683400237,106
CEEB3,202303,3,0.00606177531493801,0.0021697799789197,106
CGRA3,202303,3,0.0168671636244885,0.0363176031565235,106
CGRA4,202303,3,0.024374743987248,0.0394016602922844,106
CLSC3,202303,3,0.026352654604712,0.0585150481275384,106
CLSC4,202303,3,0.0946648221499017,0.760647710400094,106
CMIG3,202303,3,0.00939700658999463,0.000176258279858066,106
CMIG4,202303,3,0.0116586269190929,0.000721933891181796,106
CRIV4,202303,3,0.0994434123192407,0.99766098111713,106
CRPG5,202303,3,0.0270915039980245,0.000835020402251013,106
CRPG6,202303,3,0.0292404040264357,0.00066492975995921,106
CTNM4,202303,3,0.0977842038861892,0.985954524497419,106
CTSA3,202303,3,0.011941575031277,0.00147054509207407,106
CVCB3,202303,3,0.0170888995644512,0.00148413501227996,106
CXSE3,202303,3,0.0024888028093033,0.000585220038115924,106
DEXP3,202303,3,0.0132174527892053,0.000178738001099812,106
DOHL4,202303,3,0.00124420541441409,5.59558865309396e-05,106
DXCO3,202303,3,0.000459977688468449,5.20064923765542e-05,106
EALT4,202303,3,0.0150203280480239,0.00108534641178282,106
EKTR4,202303,3,0.00722968501119855,0.000627450473278347,106
EMAE4,202303,3,0.0331953937556124,0.00274019637522798,106
ENGI4,202303,3,0.0251016408306646,3.92354880712192e-05,106
ENMT3,202303,3,0.0128008836626008,0.000202415707954816,106
ENMT4,202303,3,0.0151997309287244,0.000143137407130887,106
ETER3,202303,3,0.0102518758530412,0.0211701339049349,106
EVEN3,202303,3,0.00132970870741868,0.000307930655926004,106
FBMC4,202303,3,0.0171570196559011,0.0106605134412974,106
FRAS3,202303,3,0.015403956703696,3.0312834495718e-05,106
GEPA4,202303,3,0.00809079469092782,0.00304523870974835,106
GFSA3,202303,3,0.00862710836852974,0.0141767362905526,106
INEP3,202303,3,0.00529609148043014,0.002477511331789,106
INEP4,202303,3,0.0251900186438295,0.000660688222610485,106
IRBR3,202303,3,0.0245883868919937,0.0549487472024327,106
ITSA3,202303,3,0.00424517149143671,0.00185538843577698,106
KLBN3,202303,3,0.0100676492720658,0.000151721054902699,106
KLBN4,202303,3,0.00909984764618724,0.000147441394472959,106
LAVV3,202303,3,0.016413648800215,9.57865474677868e-05,106
LIGT3,202303,3,0.00288463959487602,0.00303140620774989,106
LOGG3,202303,3,0.00133064056063121,0.000267194760018479,106
LOGN3,202303,3,0.0983196027630744,0.991057637423831,106
LPSB3,202303,3,0.000706114913290437,0.000205076910159886,106
LUPA3,202303,3,0.0236168492716861,0.000528710260038029,106
LVTC3,202303,3,0.0986869389567222,0.991315580129117,106
MDIA3,202303,3,5.83001376115201e-05,2.03371811726849e-05,106
MGEL4,202303,3,0.00783259951112879,0.0174794488929401,106
MNDL3,202303,3,0.0228823278312892,0.000450481369237588,106
MNPR3,202303,3,0.00186051698582619,0.000152755139727656,106
MOAR3,202303,3,0.0110124983617156,4.71886025353685e-05,106
MTSA4,202303,3,0.020896990482842,0.0248377034989276,106
MWET4,202303,3,0.00952659926355814,0.00076977242312458,106
OIBR4,202303,3,0.000400100650757937,4.01462949227037e-05,106
PDGR3,202303,3,0.00971605901525961,0.00126737927420422,106
PFRM3,202303,3,0.012115477941906,0.0164418163357195,106
POMO3,202303,3,0.100474553170454,0.988250640222777,106
PTBL3,202303,3,0.00561521132547873,0.00499105947529757,106
PTNT4,202303,3,0.00558527019053288,5.59666076360892e-05,106
RCSL3,202303,3,0.00613164322521829,0.000215214836337681,106
RDNI3,202303,3,0.0136601006903264,9.30941964053143e-05,106
RDOR3,202303,3,0.000164413200116368,5.33378413650451e-05,106
RNEW3,202303,3,0.0105103491844602,0.00263393345474089,106
RNEW4,202303,3,0.0102840426396601,0.00261526723418836,106
RPAD3,202303,3,0.0991255456306872,0.999905357767099,106
RPAD5,202303,3,0.0990906990525278,0.996593691493264,106
RSUL4,202303,3,0.0144869043189019,0.00057545585940919,106
SANB3,202303,3,0.00517086589930911,0.00170368077226494,106
SANB4,202303,3,0.00214739925126645,1.40402837671134e-05,106
SAPR3,202303,3,0.0135613111498772,0.000238644996607257,106
SAPR4,202303,3,0.0130031426684238,0.000125062042282041,106
SCAR3,202303,3,0.101185680401008,0.843786930723675,106
SEER3,202303,3,0.0127897037732804,0.00265921690908194,106
SHOW3,202303,3,0.0010250499985328,0.000250233637613219,106
TAEE3,202303,3,0.0195340063097275,3.26526904194436e-05,106
TAEE4,202303,3,0.0193648204086085,3.37560034846263e-05,106
TASA3,202303,3,0.00861616422892396,0.000244834650082068,106
TASA4,202303,3,0.0242782016582362,0.00129169709048231,106
TCSA3,202303,3,0.0172351895051412,0.00346633576804748,106
TECN3,202303,3,0.00675832956263432,0.00414699643105495,106
UCAS3,202303,3,0.0164241037785354,0.00107396907371712,106
UNIP3,202303,3,0.0151412954914855,0.0129489873239193,106
UNIP6,202303,3,0.0160023786605802,0.00140849235850062,106
VIIA3,202303,3,0.000941976463263826,6.39092108824572e-05,106
VIVR3,202303,3,0.000112658336497718,2.94872380214769e-05,106
WHRL4,202303,3,0.0120271820347527,0.0147986449508476,106
WLMM4,202303,3,0.0284830205490855,0.00067114789312793,106
YDUQ3,202303,3,0.00377009335181713,0.000822383949780132,106
AGRO3,202305,3,0.00095231535068809,0.000233586044095501,106
ALLD3,202305,3,0.0289558545011373,0.00584193283108172,106
ALPA3,202305,3,3.50057835705397e-05,3.57265281824573e-06,106
ALPK3,202305,3,0.00086687352743844,0.000215083210756802,106
AMAR3,202305,3,0.000686426167118088,0.000215592188553017,106
AZEV4,202305,3,0.00149605602677282,0.000312724135367293,106
BAHI3,202305,3,0.000150360358790965,9.50363254761723e-06,106
BAUH4,202305,3,0.00222719448534351,0.000595986023591635,106
BAZA3,202305,3,0.000899764245197735,2.80483828388938e-05,106
BEES3,202305,3,0.0173725066111099,0.00540021981392972,106
BOBR4,202305,3,0.0135986242369351,0.000872003065138723,106
BPAC3,202305,3,0.0127666702859669,0.0013797842084685,106
BPAC5,202305,3,0.0151133134366409,0.0119304087372123,106
BRGE3,202305,3,0.0841412743915728,0.999953433397377,106
BRIV3,202305,3,0.0810721025972254,0.939185342382366,106
BRKM3,202305,3,0.0193424355266071,0.0720757081049344,106
BRPR3,202305,3,0.0245801821206939,0.00308177253182179,106
CAMB3,202305,3,0.015789040568692,0.00427174282371091,106
CEBR5,202305,3,0.0290851696425166,0.0119472564155534,106
CEEB3,202305,3,0.00593602813997051,0.00136964953298005,106
CGRA3,202305,3,0.0143909905787644,0.00539364594099825,106
CGRA4,202305,3,0.0214519584786071,0.00632558413238908,106
CLSC3,202305,3,0.0191110916207241,0.0663611711968005,106
CLSC4,202305,3,0.0767530293687181,0.745160062340632,106
CMIG3,202305,3,0.00937399396289239,9.80919699260238e-05,106
CMIG4,202305,3,0.0109334724322327,0.000710637132519251,106
CPLE11,202305,3,0.00996324138173855,0.00101823450150022,106
CRIV4,202305,3,0.0842948853094576,0.99630735616074,106
CRPG5,202305,3,0.0274913448968373,0.000907450531132139,106
CRPG6,202305,3,0.0293093153533559,0.000763009803271359,106
CSED3,202305,3,0.00135948575505932,6.65199222396872e-05,106
CTNM4,202305,3,0.0830128237585449,0.985440441254793,106
CTSA3,202305,3,0.0118478400152775,0.00167117856734175,106
CVCB3,202305,3,0.0125138867582024,0.00123365622127496,106
CXSE3,202305,3,0.00246638311384236,0.000733492612285455,106
DASA3,202305,3,0.0114838931350825,0.000386653067449529,106
DEXP3,202305,3,0.00900579923494522,7.85660602454497e-05,106
DOHL4,202305,3,0.001219592945545,5.56769547374741e-05,106
DXCO3,202305,3,0.000476472184742886,3.67447825815135e-05,106
EALT4,202305,3,0.0103462644287524,0.000543888747971087,106
EKTR4,202305,3,0.0069605443034263,0.000528088797682634,106
EMAE4,202305,3,0.0323613243703122,0.00228888043061093,106
ENMT3,202305,3,0.0131397118879946,3.69957631627634e-05,106
ENMT4,202305,3,0.015547410092555,1.96749674331313e-05,106
ETER3,202305,3,0.00848334649311252,0.0260885345476065,106
FBMC4,202305,3,0.0230797578263275,0.00193135805479984,106
GEPA4,202305,3,0.00783510515793351,0.0024503372470871,106
GFSA3,202305,3,0.00777425626448992,0.00210814995236923,106
IGTI3,202305,3,0.0273041077536154,0.00396221122013507,106
INEP3,202305,3,0.00691960152442002,0.00298745248158314,106
INEP4,202305,3,0.0258068991176576,0.000521137608734252,106
ITSA3,202305,3,0.0032499456030132,0.00192345417304348,106
KLBN3,202305,3,0.0104454318690036,2.3950872618627e-05,106
KLBN4,202305,3,0.0103493650295892,0.000135778768555709,106
LAVV3,202305,3,0.0069043505406907,7.53472580337698e-05,106
LIGT3,202305,3,0.00280141479397614,0.00434330872171596,106
LOGG3,202305,3,0.00121386047169927,0.000362561845672482,106
LOGN3,202305,3,0.0836069888840492,0.989433024143671,106
LPSB3,202305,3,0.000640815279501865,0.000141312425713135,106
LUPA3,202305,3,0.0227552040779322,0.000344549421722483,106
LVTC3,202305,3,0.0837685376539338,0.991513992604605,106
MDIA3,202305,3,0.000144792345036031,2.14585100024094e-05,106
MGEL4,202305,3,0.0242452668812177,0.0030747446213667,106
MNDL3,202305,3,0.0228255852541691,0.000342692352978938,106
MNPR3,202305,3,0.0015725501254326,0.000141921259113044,106
MOAR3,202305,3,0.011779526192529,3.89946967594991e-06,106
MTSA4,202305,3,0.0118538457060867,0.0049480822656501,106
MWET4,202305,3,0.0105813741747819,0.00111852683701951,106
NGRD3,202305,3,0.00310932859548593,0.000156648139567644,106
OIBR3,202305,3,0.0153553023878078,0.00864618246741119,106
PDGR3,202305,3,0.0029080447182577,0.000304891074498398,106
PINE4,202305,3,0.00594442832120641,0.00024765664327198,106
PMAM3,202305,3,0.0242931720358326,0.00222408231310147,106
POMO3,202305,3,0.0854283076024242,0.988427616449187,106
PTBL3,202305,3,0.00614667295944608,0.0025173490187557,106
PTNT4,202305,3,0.00602655491324197,7.25367651223183e-05,106
RCSL3,202305,3,0.00372589854721028,0.00114752033976612,106
RDNI3,202305,3,0.00768076235429013,5.83628154414121e-05,106
RDOR3,202305,3,0.000321864525755052,0.000113663500394916,106
RNEW3,202305,3,0.0105643770835917,0.00310157897497759,106
RNEW4,202305,3,0.0106463457605002,0.00311725011320812,106
RPAD3,202305,3,0.0841561563297551,1,106
RPAD5,202305,3,0.084286460564626,0.995267007663942,106
RSID3,202305,3,0.0178258880002108,0.00330973647286353,106
RSUL4,202305,3,0.0133992441084231,0.000573190993118457,106
SANB3,202305,3,0.0134526767345776,0.0013551208246725,106
SANB4,202305,3,0.00513717887613501,6.05089152070277e-05,106
SAPR11,202305,3,0.00991039803340738,0.00291088641948115,106
SAPR3,202305,3,0.0112066153221493,0.000114978704196244,106
SAPR4,202305,3,0.0123162904229018,0.000124306504495993,106
SCAR3,202305,3,0.030972464568299,0.29852285760917,106
SEER3,202305,3,0.012609683789081,0.00141760253131318,106
SHOW3,202305,3,0.000768237372862001,0.000173589091615873,106
TAEE3,202305,3,0.00701072396791954,4.70397289254374e-05,106
TAEE4,202305,3,0.00681926887934827,5.55092121080194e-05,106
TCSA3,202305,3,0.0163314726370199,0.00205335726136288,106
TECN3,202305,3,0.00323144290534588,0.00268836788017104,106
TPIS3,202305,3,0.000185084979233405,3.84137984235197e-06,106
UCAS3,202305,3,0.0132151952774146,0.000925039659666936,106
UNIP3,202305,3,0.014776312520878,0.00225532296828391,106
UNIP6,202305,3,0.015412169793942,0.000816101141585268,106
VIIA3,202305,3,0.000846523377481647,4.45015256726671e-05,106
VIVR3,202305,3,0.00121663957206652,6.52695689123968e-05,106
WHRL4,202305,3,0.0132466050918236,0.0139912180256137,106
WLMM4,202305,3,0.0282139820747978,0.00077680936638843,106
YDUQ3,202305,3,0.00761028819398301,0.000543416413314142,106
AGRO3,202306,3,0.00203430008999971,0.000126684697094649,106
ALLD3,202306,3,0.0296418035358619,0.00437390916730435,106
ALPA3,202306,3,2.4304042195831e-05,2.26685891662466e-06,106
ALPK3,202306,3,0.00112027106607516,0.000220511695246686,106
AMAR3,202306,3,0.00179109814034018,9.37648068139224e-05,106
AZEV4,202306,3,0.000862407518388978,0.000224636599277211,106
BAHI3,202306,3,7.64448221212743e-06,1.06292575286918e-05,106
BAUH4,202306,3,0.00178454304807565,0.000534718696189242,106
BAZA3,202306,3,0.000994461829658125,2.56417854071526e-05,106
BEES3,202306,3,0.0166190292646776,0.00393044870345724,106
BOBR4,202306,3,0.0123990778444841,0.000730188480391051,106
BPAC3,202306,3,0.00257784817666551,0.000946571712418851,106
BPAC5,202306,3,0.0149494752460764,0.0110645577127271,106
BRGE3,202306,3,0.0852074537154839,0.999978200099413,106
BRIV3,202306,3,0.0819677633942865,0.949236906050658,106
BRKM3,202306,3,0.0178885083820313,0.0676081288385061,106
BRPR3,202306,3,0.0248189317060115,0.00305600758251821,106
CEBR5,202306,3,0.0233895619790479,0.00928264442063232,106
CEEB3,202306,3,0.0119975382026552,0.00131549379850217,106
CGRA3,202306,3,0.0164586762698909,0.0051964675235077,106
CGRA4,202306,3,0.0220931049375157,0.00586958591643209,106
CLSC3,202306,3,0.0167350448897809,0.0603766348565598,106
CLSC4,202306,3,0.0809352446370957,0.810459053860733,106
CMIG3,202306,3,0.0185034287403284,0.000102131995047175,106
CMIG4,202306,3,0.019854340276087,0.00059205448872176,106
CRIV4,202306,3,0.0853627655544573,0.997047345805141,106
CRPG5,202306,3,0.0288358067668642,0.000776928362019308,106
CRPG6,202306,3,0.0300877417154691,0.000663102650795175,106
CSED3,202306,3,0.00126627965867289,5.32749722576348e-05,106
CTNM4,202306,3,0.0842991220561865,0.989124576863073,106
CTSA3,202306,3,0.0109084782334582,0.00126420774135375,106
CXSE3,202306,3,0.0025870851638724,0.000654785715511973,106
DASA3,202306,3,0.0132794583479925,0.000166518234558273,106
DEXP3,202306,3,0.00929850470197113,5.68860769220996e-05,106
DOHL4,202306,3,0.000917085428216738,3.67512410058262e-05,106
DXCO3,202306,3,0.00070763218213583,2.79655517453863e-05,106
EALT4,202306,3,0.0102565314017237,0.000338635473671152,106
EKTR4,202306,3,0.00839843720488653,0.000490116053353577,106
EMAE4,202306,3,0.0339697842313777,0.00173818207838356,106
ENMT3,202306,3,0.0157514958311,4.63672659468957e-05,106
ENMT4,202306,3,0.0166601913097246,2.44010775321747e-05,106
ETER3,202306,3,0.00827935435925744,0.0205566993129483,106
EUCA3,202306,3,0.011307079963481,0.00208847954363624,106
EUCA4,202306,3,0.00564845549755346,0.000668153879722372,106
FBMC4,202306,3,0.0241540780591125,0.00183705163161593,106
FHER3,202306,3,0.0014580604467667,0.00058603461735673,106
FRAS3,202306,3,0.0161120709537142,9.74585002879705e-05,106
GEPA4,202306,3,0.00695314904192065,0.00208989349450316,106
GFSA3,202306,3,0.0107086980506269,0.00264468688439228,106
IGTI3,202306,3,0.0244776236893503,0.00351615372030723,106
INEP3,202306,3,0.00681253943267714,0.0029071984751572,106
INEP4,202306,3,0.0253126689132943,0.000408283426792577,106
ITSA3,202306,3,0.00133416879026211,0.000839019298015152,106
KLBN3,202306,3,0.0111631990237054,2.56200631870808e-05,106
KLBN4,202306,3,0.0101809997347459,0.000130975853224117,106
LAVV3,202306,3,0.0159019329934832,4.10297749107057e-05,106
LIGT3,202306,3,0.00354680303321449,0.00404121957454246,106
LOGG3,202306,3,0.00100065141546655,0.00012536538611923,106
LOGN3,202306,3,0.0846761701236646,0.992107285275767,106
LPSB3,202306,3,0.000438627452407873,0.00014800597286078,106
LUPA3,202306,3,0.0238165726654989,0.000298050950274297,106
LVTC3,202306,3,0.084933461434653,0.993149786953963,106
MDIA3,202306,3,0.000185531583802765,2.01094888031693e-05,106
MGEL4,202306,3,0.0250820032077821,0.00305999394554276,106
MNDL3,202306,3,0.0234558298427479,0.000290606334865801,106
MNPR3,202306,3,0.0015146467853755,0.000108185216453373,106
MOAR3,202306,3,0.0118170458419977,4.77680630628504e-06,106
MTSA4,202306,3,0.00982501447797028,0.00441142181212433,106
MWET4,202306,3,0.0100248858015693,0.000791175558511726,106
NGRD3,202306,3,0.00351862935659395,0.000134553749386203,106
OIBR4,202306,3,0.00108477149222014,3.64903362157391e-05,106
PDGR3,202306,3,0.00639861470820524,0.000459218791534964,106
PETR3,202306,3,0.0192064302608991,0.000167022216769044,106
PINE4,202306,3,0.00175487073409488,3.32561639532438e-05,106
PMAM3,202306,3,0.0242956566706339,0.00157135104492966,106
POMO3,202306,3,0.0863569546923173,0.99005675288864,106
PTNT4,202306,3,0.0060468376210384,0.000123007759169767,106
RCSL3,202306,3,0.0161546023050682,0.000175942910210311,106
RDNI3,202306,3,0.0138943337381975,5.55700193530469e-05,106
RDOR3,202306,3,0.000381780663358287,9.85555652287309e-05,106
RNEW3,202306,3,0.0099364786541978,0.00266536942272693,106
RNEW4,202306,3,0.00967163042265396,0.0026554057377087,106
RPAD3,202306,3,0.0852340182694491,1,106
RPAD5,202306,3,0.0850838223793232,0.996203920993934,106
RSID3,202306,3,0.0145940142366471,0.00257361493916239,106
RSUL4,202306,3,0.0125133230934679,0.00048214249108427,106
SANB11,202306,3,0.00180983908150386,7.52413271215615e-06,106
SANB3,202306,3,0.00242994052086161,5.7962703967831e-05,106
SANB4,202306,3,0.00301505673652917,1.1190456796833e-05,106
SAPR4,202306,3,0.0058778832587903,8.57035146591093e-05,106
SCAR3,202306,3,0.0321937446094131,0.312003388616883,106
SEER3,202306,3,0.0124828638925827,0.000758567381781152,106
SHOW3,202306,3,0.000738433690548612,0.000122179087963709,106
TAEE3,202306,3,0.00197107358408534,2.009094813785e-06,106
TAEE4,202306,3,0.00215906596996334,9.64760754495198e-06,106
TCSA3,202306,3,0.0165395375472425,0.00127656094657449,106
TECN3,202306,3,0.00757549433072506,0.00270781409921831,106
TPIS3,202306,3,3.15308821195794e-05,1.57657838828898e-05,106
TRAD3,202306,3,0.00480424883638286,8.80443424525257e-05,106
UCAS3,202306,3,0.00286733636109662,0.000793746265362437,106
UNIP3,202306,3,0.0152987456043646,0.00221333591302429,106
UNIP6,202306,3,0.0156631349570719,0.000735913628712118,106
VIIA3,202306,3,0.00135065607778288,3.60106743497939e-05,106
VIVR3,202306,3,0.00210144020919996,0.000402722636350267,106
WHRL4,202306,3,0.0106104804008508,0.0126893804187014,106
WLMM4,202306,3,0.0290284843278198,0.000677315526561561,106
AGRO3,202307,3,0.0024236831010856,0.000436684961560633,106
ALLD3,202307,3,0.0289281591041208,0.00478651432984606,106
ALPA3,202307,3,2.74622805357497e-05,2.38509741410573e-06,106
ALPK3,202307,3,0.00102262992646056,0.000203975819591314,106
AMAR3,202307,3,0.00187541230036871,9.81277800684007e-05,106
ATMP3,202307,3,5.26989149856635e-06,2.73357734393369e-05,106
BAHI3,202307,3,6.84764603632021e-06,9.82739722976104e-07,106
BAUH4,202307,3,0.00184550380317318,0.000604562514126468,106
BAZA3,202307,3,0.00400110936493893,0.000110904790436772,106
BEES3,202307,3,0.0168189003888203,0.00429505763065712,106
BMEB4,202307,3,0.00347242428595312,0.0023301008087444,106
BOBR4,202307,3,0.0137234097488007,0.000781847502260338,106
BPAC3,202307,3,0.00346365282293014,0.00151538664398387,106
BPAC5,202307,3,0.0163374940828192,0.0113050751016396,106
BRGE3,202307,3,0.0854603849939734,0.999979094988529,106
BRIV3,202307,3,0.0826805889221093,0.953182960433539,106
BRKM3,202307,3,0.0269970737901329,0.0768206411178997,106
BRPR3,202307,3,0.0248335308941997,0.00347171914022097,106
CAMB3,202307,3,0.0116139124980509,0.00241029110391559,106
CEBR5,202307,3,0.0267670013037924,0.00971971689776624,106
CEEB3,202307,3,0.00557626349130252,0.00124740864797506,106
CGRA3,202307,3,0.0158750889949692,0.0061866855650831,106
CGRA4,202307,3,0.0192352198730341,0.00667921742133109,106
CLSC3,202307,3,0.0264612102434991,0.0706492710444263,106
CLSC4,202307,3,0.0865306810915636,0.813884411893216,106
CMIG3,202307,3,0.0187578907343477,0.000160110649478169,106
CMIG4,202307,3,0.0206258989486604,0.000939801422003423,106
CRIV4,202307,3,0.0856370390454406,0.99734068175485,106
CRPG5,202307,3,0.0307433099663888,0.000911951057608134,106
CRPG6,202307,3,0.0331663753518406,0.000838006037654474,106
CSED3,202307,3,0.00127597046539394,0.000128620100635849,106
CSNA3,202307,3,0.0263655979583149,0.0704433168618831,106
CTNM4,202307,3,0.0847555231461262,0.99040232254146,106
CTSA3,202307,3,0.017178309490281,0.00146564498253245,106
DASA3,202307,3,0.0139479342386694,0.000245508730163838,106
DEXP3,202307,3,0.0113359633953763,9.5865937151632e-05,106
DMVF3,202307,3,0.00515052215992729,0.000212887901458955,106
DOHL4,202307,3,0.000962533939545667,3.6458310701589e-05,106
DXCO3,202307,3,0.00049415230840919,3.81906291146109e-05,106
EALT4,202307,3,0.0104026393962503,0.000393266158137604,106
EKTR4,202307,3,0.00785569614377018,0.000474806355175953,106
EMAE4,202307,3,0.0370521562529703,0.00223600232494783,106
ENMT3,202307,3,0.0162667140158631,5.87028850684716e-05,106
ENMT4,202307,3,0.0166872694866671,2.89424116086716e-05,106
ETER3,202307,3,0.0114017124473077,0.0251608004404154,106
EUCA4,202307,3,0.00475839586479647,0.000727928432724193,106
FBMC4,202307,3,0.024712334994036,0.00203950312081988,106
FHER3,202307,3,0.00284467153802079,0.0012180401429481,106
GEPA4,202307,3,0.00756010812272016,0.00213726771945251,106
GFSA3,202307,3,0.0118986833134409,0.00311715661791779,106
IGTI3,202307,3,0.0246970354224966,0.00350082432280799,106
INEP3,202307,3,0.00655292795221343,0.00289269771996645,106
INEP4,202307,3,0.0238551410660278,0.000468083601155464,106
ITSA3,202307,3,0.00105979873345282,0.000586688923384013,106
KLBN3,202307,3,0.00248823066162143,2.65943258650348e-05,106
LIGT3,202307,3,0.00447789151244659,0.00376158440595461,106
LOGG3,202307,3,0.00103848547685302,0.000187338848702766,106
LOGN3,202307,3,0.0850182063845236,0.992848976827977,106
LPSB3,202307,3,0.000492707617658947,0.000144300603877865,106
LUPA3,202307,3,0.0227025044647542,0.000296416436355767,106
LVTC3,202307,3,0.0852599439725098,0.994312679713072,106
MDIA3,202307,3,0.000129539119037796,2.40029811441838e-05,106
MGEL4,202307,3,0.0250258652141521,0.00344213816400604,106
MNDL3,202307,3,0.02231194803767,0.000288251563941878,106
MNPR3,202307,3,0.0054501141073894,0.000360421912472799,106
MOAR3,202307,3,0.0116567441855884,5.81051238028269e-06,106
MTSA4,202307,3,0.0102818203865506,0.00477909252609738,106
MWET4,202307,3,0.0180136687869979,0.00146679359806999,106
NGRD3,202307,3,0.00481816444529326,0.00015720227609429,106
PDGR3,202307,3,0.0114006885329272,0.000939153952966654,106
PETR3,202307,3,0.0196621401826495,0.000297868790903213,106
PINE4,202307,3,0.00019739039533618,2.80728311651351e-05,106
PMAM3,202307,3,0.0258455167070913,0.00175919727937771,106
POMO3,202307,3,0.0867292163310465,0.989765059303986,106
PTNT4,202307,3,0.00613049220531472,0.000126598016160907,106
RCSL4,202307,3,0.0209555961495086,0.000357313061811747,106
RDNI3,202307,3,0.00289507481503688,5.49266843039721e-05,106
RDOR3,202307,3,0.000415201735920136,0.000118304848616196,106
RNEW3,202307,3,0.00867296140531946,0.00222195031695714,106
RNEW4,202307,3,0.0080147702111111,0.00255383338331685,106
RPAD3,202307,3,0.0854720701474799,1,106
RPAD5,202307,3,0.0857875268043886,0.996574470892762,106
RSID3,202307,3,0.0161774316100407,0.00271372660012975,106
RSUL4,202307,3,0.0133082640096684,0.000528193075534603,106
SANB11,202307,3,0.00311455908518947,0.0007253322629304,106
SANB3,202307,3,0.00265015123080743,0.000116103668768305,106
SANB4,202307,3,0.0030856414956112,1.65939409524742e-05,106
SAPR11,202307,3,0.0056164960163715,0.00616970840236065,106
SAPR4,202307,3,0.00452794439822745,0.000219642236954275,106
SCAR3,202307,3,0.0347476728910564,0.335377639213148,106
SEER3,202307,3,0.00179575920975,6.27902586541361e-05,106
SHOW3,202307,3,0.000739362441489846,0.00013260094825789,106
TAEE3,202307,3,0.00222703224562934,6.01846065777672e-06,106
TAEE4,202307,3,0.000639510666778319,9.32982555128274e-06,106
TASA4,202307,3,0.00712755510993446,0.00071374307075431,106
TCSA3,202307,3,0.00893498253093153,0.000936966947526778,106
TEKA4,202307,3,0.00426541481964951,7.77253079974908e-05,106
TPIS3,202307,3,7.03298811550914e-06,1.48569949762104e-05,106
TRAD3,202307,3,0.00686370484367297,0.000910071231537395,106
UCAS3,202307,3,0.00310520490962872,0.000841019232725875,106
UNIP3,202307,3,0.0150181591645859,0.00246561427964969,106
UNIP6,202307,3,0.0155716127326263,0.000814183941204543,106
VIIA3,202307,3,0.00156959719656468,9.39189456140705e-05,106
VIVR3,202307,3,0.0080217484951557,0.000483906380302557,106
WHRL4,202307,3,0.0160732099358197,0.0132093782928883,106
WLMM4,202307,3,0.0301580781987234,0.000811715139764222,106
AALR3,202308,3,0.00953164904829989,7.80196320834685e-05,107
AGRO3,202308,3,0.00191131617921378,0.000144390311255666,107
ALLD3,202308,3,0.0321147801908037,0.0052232798321385,107
ALPA3,202308,3,2.64626359485599e-05,2.28397173152254e-06,107
ALPK3,202308,3,0.000854464564892451,0.000172400983600966,107
ALUP4,202308,3,0.0104808916951724,2.29353853474723e-05,107
AMAR3,202308,3,0.00157561513761435,7.87787967782786e-05,107
BAHI3,202308,3,7.00669670049879e-06,1.63122015283983e-06,107
BAUH4,202308,3,0.00202097184423342,0.000593006824550395,107
BAZA3,202308,3,0.00103894297464137,3.23515963737444e-05,107
BEES3,202308,3,0.0179805977137572,0.00445122624534803,107
BMEB4,202308,3,0.00894127661805088,0.00601009227651211,107
BOBR4,202308,3,0.0148046829545721,0.0123771449530245,107
BPAC3,202308,3,0.00345273557789988,0.00137428538885419,107
BPAC5,202308,3,0.0191086822840046,0.0114228670710644,107
BRBI11,202308,3,0.0130670738031189,0.00223300179721886,107
BRGE3,202308,3,0.084537412923322,0.99998048165012,107
BRIV3,202308,3,0.082681580041052,0.956505442263707,107
BRKM3,202308,3,0.017690412306055,0.0681241756437191,107
BRPR3,202308,3,0.0245266572714344,0.00300454795054623,107
CEBR5,202308,3,0.0304969401108156,0.0112143975773401,107
CEEB3,202308,3,0.00504710710381628,0.00128505196154915,107
CGRA3,202308,3,0.0156982311472376,0.0058368232110783,107
CGRA4,202308,3,0.0195769119116019,0.00592683251960722,107
CLSC3,202308,3,0.0170397300681851,0.0629164051567911,107
CLSC4,202308,3,0.0798967894490247,0.809209320291694,107
CMIG3,202308,3,6.85702572467271e-05,1.65384015771415e-05,107
CRIV4,202308,3,0.0847801275963536,0.997546002900303,107
CRPG5,202308,3,0.0304409914287974,0.000988301257773767,107
CRPG6,202308,3,0.0361236282922289,0.00103571612214984,107
CSED3,202308,3,0.00083205731236521,0.000106599840516784,107
CTNM4,202308,3,0.0839058446853095,0.991522867350847,107
CTSA3,202308,3,0.0137104671121546,0.0014339121775512,107
CXSE3,202308,3,0.00347804408875424,0.000857539053863588,107
DASA3,202308,3,0.0130036817436729,0.000468394682055083,107
DEXP3,202308,3,0.00915979996283823,7.98645188832525e-05,107
DMVF3,202308,3,0.00494856075800767,0.000287261397320202,107
DOHL4,202308,3,0.000995411711403979,3.96156085369413e-05,107
DXCO3,202308,3,0.00551823228042612,5.81985252588587e-05,107
EALT4,202308,3,0.0103179795571929,0.000490863878909117,107
EKTR4,202308,3,0.00689041248834001,0.000461259269456965,107
EMAE4,202308,3,0.0357159909786405,0.00250998888413988,107
ENBR3,202308,3,0.00225381555781253,4.66758678790023e-05,107
ENMT3,202308,3,0.0152037600622034,5.55693819316442e-06,107
ENMT4,202308,3,0.017781417862639,8.64285573823955e-06,107
ETER3,202308,3,0.00809061576239279,0.0209066492933569,107
EUCA4,202308,3,0.00365119361550964,0.00056224081648594,107
FBMC4,202308,3,0.0242862174643392,0.00175425134896396,107
FESA3,202308,3,0.0119940746875103,7.38014948701637e-05,107
FRAS3,202308,3,0.00669404292322152,0.000136340236714193,107
GEPA4,202308,3,0.00455456636127886,0.00211908024124691,107
GFSA3,202308,3,0.011738338739231,0.00288511881181308,107
IGTI3,202308,3,0.0241909826711925,0.00298207872789268,107
INEP3,202308,3,0.00754814001899731,0.00329371834941258,107
INEP4,202308,3,0.0259159858528671,0.000544960762590709,107
ITSA3,202308,3,0.000579116377868436,0.000242650972925591,107
KLBN11,202308,3,0.00957940314016747,0.00039663193492537,107
KLBN3,202308,3,0.0166616118053542,5.9455291242064e-05,107
KLBN4,202308,3,0.0049171365511072,0.000230380245678598,107
LOGG3,202308,3,0.00107341137714005,0.000150692864159972,107
LOGN3,202308,3,0.0841498531424001,0.992996718764952,107
LPSB3,202308,3,0.000466303946591602,0.000112235118900409,107
LUPA3,202308,3,0.0262493357366957,0.00042346694657567,107
LVTC3,202308,3,0.0844548347408361,0.994866581104339,107
MDIA3,202308,3,0.00016809890280072,1.79088739908308e-05,107
MGEL4,202308,3,0.0244826979873023,0.00297265975512036,107
MNDL3,202308,3,0.0255149612372472,0.000437610303658845,107
MNPR3,202308,3,0.00445534814598054,0.000335202986767281,107
MOAR3,202308,3,0.0143315644741421,1.1232717053261e-05,107
MTSA4,202308,3,0.0107459815327412,0.00451294270334015,107
MWET4,202308,3,0.0137502467410035,0.000902634984681488,107
NGRD3,202308,3,0.00350242902881053,0.000137213549418422,107
PDGR3,202308,3,0.0110739289498533,0.0010201830926893,107
PINE4,202308,3,0.000327661125717646,2.53816457589951e-05,107
PMAM3,202308,3,0.0251242401351773,0.00344588747645129,107
POMO3,202308,3,0.0858176199655875,0.989372314696818,107
PTNT4,202308,3,0.0113972161343123,0.000118895889633442,107
RCSL3,202308,3,0.0264501927156348,0.00049022600601864,107
RDNI3,202308,3,0.00809986012535143,6.1669892593801e-05,107
RDOR3,202308,3,0.000310721218511997,0.000103525600568806,107
REDE3,202308,3,0.00235688614183954,0.000402168915043722,107
RNEW3,202308,3,0.00188430539787919,5.70663816235722e-05,107
RNEW4,202308,3,0.00101246217047949,0.00236596940068672,107
RPAD3,202308,3,0.0845474904181607,1,107
RPAD5,202308,3,0.0849924651319984,0.996839517741646,107
RSUL4,202308,3,0.0117582135978202,0.000580846562681962,107
SANB11,202308,3,0.00283382601266995,1.8003832823222e-05,107
SANB3,202308,3,0.00296271384318148,2.74256333464247e-05,107
SAPR11,202308,3,0.00856641788106849,0.00589058130684771,107
SAPR3,202308,3,0.00475747213278078,0.000118054480943099,107
SCAR3,202308,3,0.0324967798706222,0.316481801008869,107
SEER3,202308,3,0.00164274298232077,5.31147154972753e-05,107
SHOW3,202308,3,0.000695181387182261,0.000133941173520567,107
TAEE3,202308,3,0.00280381064076241,3.14975211956467e-06,107
TAEE4,202308,3,0.00231681308094984,3.81685970687192e-05,107
TCSA3,202308,3,0.00909909092802171,0.000907952552460505,107
TEKA4,202308,3,0.00315715744914399,5.32977693340729e-05,107
TPIS3,202308,3,0.000658945891560455,2.05368518331936e-06,107
TRAD3,202308,3,0.00397385700303362,1.90488186542037e-05,107
UCAS3,202308,3,0.00272216223165252,0.000808373667710503,107
UNIP3,202308,3,0.0151630127401128,0.00221872132010975,107
UNIP6,202308,3,0.0158313182420708,0.000920639586440448,107
VIIA3,202308,3,0.00228977424991838,0.000126483365955183,107
VIVR3,202308,3,0.00563917232200463,0.000283911370687627,107
WHRL4,202308,3,0.0195580801296969,0.0131886688266075,107
WLMM4,202308,3,0.0321405005743592,0.000873013738846728,107
YDUQ3,202308,3,0.00703367187556953,0.000331787113763947,107
AALR3,202310,3,0.0115036312423486,2.53725101066478e-05,106
AGRO3,202310,3,0.00288792707502203,0.00026573595994903,106
ALLD3,202310,3,0.0352852849432237,0.00412635147797811,106
ALPA3,202310,3,3.92055086124461e-05,2.74258131311083e-06,106
ALPK3,202310,3,0.000372958987427178,0.000146281762705964,106
ALSO3,202310,3,0.00012710597958874,8.70181211703675e-06,106
ALUP4,202310,3,0.00918023657332893,2.2380466117149e-05,106
AMAR3,202310,3,0.00113729048268776,2.70660695470222e-05,106
BAHI3,202310,3,4.95107371254876e-06,1.23842323120008e-06,106
BAUH4,202310,3,0.00203231532504306,0.00063625675835559,106
BAZA3,202310,3,0.00115599014739863,3.02103052041992e-05,106
BEES3,202310,3,0.0271922954330022,0.00376809379972401,106
BMEB4,202310,3,0.0136030965398859,0.00631230115636899,106
BOBR4,202310,3,0.00897658830790818,0.000556860640285075,106
BPAC3,202310,3,0.0185509659056902,0.00166404795412728,106
BPAC5,202310,3,0.0258168241078891,0.0120512653320993,106
BRGE3,202310,3,0.0951565800097503,1,106
BRIV3,202310,3,0.0917044477014526,0.955959271629671,106
BRIV4,202310,3,0.0949782990146462,0.996906382865683,106
BRKM3,202310,3,0.026636763903143,0.065662654029482,106
CEBR5,202310,3,0.0259309822503102,0.00804177979782785,106
CEEB3,202310,3,0.00473089274895873,0.00267153685705862,106
CGRA3,202310,3,0.0126627892809503,0.00550786812427781,106
CGRA4,202310,3,0.0160905315799855,0.00563040221301364,106
CLSC3,202310,3,0.0247325663159399,0.0602998058181993,106
CLSC4,202310,3,0.0944040540320507,0.819280600656051,106
CMIG3,202310,3,5.84935314258685e-05,1.63315031726551e-05,106
CPLE11,202310,3,0.00115890700261903,0.000557946042144134,106
CRIV4,202310,3,0.0956951024940107,0.998277287148401,106
CRPG5,202310,3,0.0323725044970336,0.000748643673738186,106
CRPG6,202310,3,0.0380607770324481,0.000787908866887456,106
CSED3,202310,3,0.000981422130012358,0.000100116170544805,106
CSNA3,202310,3,0.0256517847452873,0.0616820768171293,106
CTNM4,202310,3,0.0948089235158983,0.994565742767044,106
CTSA3,202310,3,0.0187067762047142,0.00183360279863416,106
CXSE3,202310,3,0.00646825903488258,0.00115547166057712,106
DASA3,202310,3,0.00396339907358235,0.000250857716475877,106
DEXP3,202310,3,0.00918914943570054,5.70518333823404e-05,106
DOHL4,202310,3,0.0010260763784163,5.351843301449e-05,106
DXCO3,202310,3,0.00554855629943822,5.9638333626382e-05,106
EALT4,202310,3,0.0108904175916761,0.000300659739965104,106
EKTR4,202310,3,0.00729265345192728,0.000706734281376507,106
EMAE4,202310,3,0.0307753546367104,0.00176358623656251,106
ENMT3,202310,3,0.0188788232609778,1.57829791114692e-06,106
ENMT4,202310,3,0.0194675075831604,1.64786822287994e-06,106
ETER3,202310,3,0.00984689977027316,0.0184535722795886,106
EUCA4,202310,3,0.00387797713843199,0.000613542850990916,106
FBMC4,202310,3,0.0169892166301601,0.00173944449642093,106
FESA3,202310,3,0.0130885753525265,6.45904314261973e-05,106
FHER3,202310,3,0.0155717846106923,0.00128873752459525,106
FRAS3,202310,3,0.00782773553951577,0.000244560393937433,106
GEPA4,202310,3,0.00643472927635919,0.00225631761235292,106
IGTI3,202310,3,0.0154931375773306,0.00294129482351064,106
INEP3,202310,3,0.00743855786806197,0.00174092488279971,106
INEP4,202310,3,0.0180905029538409,0.000412168193612595,106
ITSA3,202310,3,0.00047428223708983,0.000212877496529107,106
KLBN11,202310,3,0.00710443844131621,0.000271779274092702,106
KLBN3,202310,3,0.00421530861286571,6.30679816698471e-05,106
LOGG3,202310,3,0.00174606019681839,0.000149587271306282,106
LOGN3,202310,3,0.0946900165410122,0.994802091355086,106
LPSB3,202310,3,0.000463758658092479,0.000142744310029574,106
LVTC3,202310,3,0.0950272763068146,0.995880240510433,106
MDIA3,202310,3,9.24489900378031e-05,1.80291360101967e-05,106
MGEL4,202310,3,0.0156639503413891,0.00293856921553889,106
MNDL3,202310,3,0.0135168536896168,0.000226450197929723,106
MNPR3,202310,3,0.00643470602451549,0.000500289973675074,106
MOAR3,202310,3,0.015112385136032,1.27025162267357e-06,106
MTSA4,202310,3,0.0135175282026483,0.00451148205801748,106
MWET4,202310,3,0.0188181330936176,0.00175624440440692,106
NGRD3,202310,3,0.00398585269842387,0.000150237328700275,106
NINJ3,202310,3,0.0149843429197772,7.08424071553223e-06,106
PINE4,202310,3,0.000271287121940838,1.64232748918887e-05,106
PMAM3,202310,3,0.0133294098353329,0.00130140753872972,106
POMO3,202310,3,0.0979132220062916,0.988719446314379,106
PTNT4,202310,3,0.0135165786761424,0.000273403105001545,106
RCSL3,202310,3,0.00295110781810421,5.14663024348201e-05,106
RCSL4,202310,3,0.0184919978532958,0.00167088855259264,106
RDNI3,202310,3,0.00827459841189757,5.46883361401811e-05,106
RDOR3,202310,3,0.000299953365845425,0.000121668045266848,106
RNEW3,202310,3,0.0010838234713516,5.66171240172834e-05,106
RNEW4,202310,3,0.00143240488089718,0.00534463884383675,106
RPAD3,202310,3,0.0951567724972699,0.999908423465484,106
RPAD5,202310,3,0.0952439294374986,0.997400981809371,106
RSUL4,202310,3,0.0122786498359704,0.00047870300197146,106
SANB3,202310,3,0.0028454944474897,9.91837455418361e-06,106
SANB4,202310,3,6.0278691990975e-05,1.64039718262946e-08,106
SAPR11,202310,3,0.026449614452483,0.00516828018504143,106
SAPR3,202310,3,0.00240144265144277,0.000138512165853445,106
SCAR3,202310,3,0.0365463027460706,0.327922665568295,106
SEER3,202310,3,0.00145750939762196,5.93048650843539e-05,106
SHOW3,202310,3,0.0008033606531873,0.000102796510423265,106
TAEE3,202310,3,0.0135037679088542,0.000105478034402867,106
TAEE4,202310,3,0.00228393635302674,1.90446553929102e-05,106
TCSA3,202310,3,0.00969077416184164,0.000834310110109044,106
TEKA4,202310,3,0.000133744246271206,4.06024430659986e-05,106
TPIS3,202310,3,0.00032295495557985,5.25045854643041e-06,106
TRAD3,202310,3,0.0126576855140759,2.04383300458847e-05,106
UCAS3,202310,3,0.00279178935134432,0.000732117534431793,106
UNIP3,202310,3,0.0132568668294572,0.00196806363702882,106
UNIP6,202310,3,0.018008713954202,0.000835577774897288,106
VIVR3,202310,3,0.0142840400781954,2.33412314341725e-05,106
WEST3,202310,3,0.000582115808638391,0.000402670492839618,106
WHRL3,202310,3,0.0244286499233295,0.0127619351447208,106
WHRL4,202310,3,0.0248482966326539,0.0136873268090154,106
WLMM4,202310,3,0.0338131617058192,0.000654822792032318,106
YDUQ3,202310,3,0.00279977377870753,0.000201680919460062,106
AALR3,202311,3,0.0199982191518364,2.76565049017756e-05,106
AGRO3,202311,3,0.000649278071535508,0.000345968618994652,106
ALLD3,202311,3,0.0270954145192694,0.00394806055879752,106
ALPA3,202311,3,4.16863988282496e-05,3.29599147145168e-06,106
ALPK3,202311,3,0.000582106624554472,0.00017907296267751,106
ALUP4,202311,3,0.00089192620371406,3.01328431950256e-05,106
AMAR3,202311,3,0.000588406085518494,3.83446554451192e-05,106
AZEV3,202311,3,0.00255309434538696,8.28209002033161e-05,106
BAHI3,202311,3,3.24690516693718e-06,9.51613469499114e-07,106
BAUH4,202311,3,0.00189639546738733,0.000375639027096773,106
BAZA3,202311,3,0.00116781477956767,3.26668939383179e-05,106
BEES3,202311,3,0.0213499609000195,0.00332459670572262,106
BMEB4,202311,3,0.0132800784688314,0.00603612671317435,106
BOBR4,202311,3,0.00828844188355884,0.000621115573172994,106
BPAC3,202311,3,0.0244572530551204,0.00178850126449709,106
BPAC5,202311,3,0.0221918939600439,0.0104658720444492,106
BRBI11,202311,3,0.00195984951038288,0.000867379335334852,106
BRGE3,202311,3,0.0946193649004955,1,106
BRIV3,202311,3,0.0893842245066716,0.937637907581553,106
BRIV4,202311,3,0.0944127453349497,0.996599271572379,106
BRKM3,202311,3,0.0184630346476921,0.05875135027336,106
CAMB3,202311,3,0.0109416154362752,0.00175181734524189,106
CEBR3,202311,3,0.043237213073774,0.00144558430527014,106
CEBR5,202311,3,0.0334415211314915,0.00733208099733112,106
CEEB3,202311,3,0.00404856577183775,0.00312790951175395,106
CGRA3,202311,3,0.0130692588636098,0.00413291024211353,106
CGRA4,202311,3,0.0169856365734796,0.00427409635286964,106
CLSC3,202311,3,0.018103190474238,0.0527156688162198,106
CLSC4,202311,3,0.0889555091130681,0.817281823027007,106
CMIG3,202311,3,0.00937022957975541,6.15942236091343e-05,106
CMIG4,202311,3,0.0107315410192585,0.000482937140647653,106
CPLE11,202311,3,0.000774837566706574,4.67894261567901e-05,106
CRIV4,202311,3,0.0951137708938924,0.99835055784426,106
CRPG5,202311,3,0.041919448684071,0.000931637330600638,106
CRPG6,202311,3,0.0464794508222897,0.000967093540631122,106
CSED3,202311,3,0.000961126808102741,0.000127126560460032,106
CTNM4,202311,3,0.0949098026047242,0.999618966316772,106
CTSA3,202311,3,0.0270011482463999,0.00241179137004717,106
CXSE3,202311,3,0.00460375797280881,0.000928572643052173,106
DASA3,202311,3,0.00710942288871428,0.000313038227811895,106
DEXP3,202311,3,0.00894116400534392,0.00112851050148836,106
DOHL4,202311,3,0.00117813690429823,7.35394581335068e-05,106
DXCO3,202311,3,0.0056851814932816,4.86550291808363e-05,106
EALT4,202311,3,0.0104321931336314,0.000379108465237956,106
EKTR4,202311,3,0.00839894962003634,0.000839527517832728,106
EMAE4,202311,3,0.0375681872627873,0.00184545845840124,106
ENGI3,202311,3,0.000235607519340053,5.67723625219207e-08,106
ENGI4,202311,3,0.00320929054445862,0.000164519987862185,106
ENMT3,202311,3,0.0224095568059538,2.63363246377309e-06,106
ENMT4,202311,3,0.0229258468318088,2.85486417068398e-06,106
EQPA5,202311,3,0.0168998682770161,0.00162115833891642,106
ETER3,202311,3,0.00719037210289054,0.0189700128856822,106
FBMC4,202311,3,0.0156534061350702,0.00268399644320825,106
FESA3,202311,3,0.0130843762565361,7.83658252575361e-05,106
FRAS3,202311,3,0.00761231000442839,0.000222009424903693,106
GEPA4,202311,3,0.00484412693852279,0.00160905749922256,106
IGTI3,202311,3,0.015331035030237,0.00511872331837663,106
INEP3,202311,3,0.00499275851679122,0.000985818202238315,106
INEP4,202311,3,0.00922520193317032,0.000385739916914652,106
ITSA3,202311,3,0.000330530786716143,5.00634287797115e-05,106
KLBN11,202311,3,0.00566038396813965,2.32499090786875e-05,106
LOGN3,202311,3,0.0941578528863537,0.995309278965019,106
LPSB3,202311,3,0.00130854209097571,0.000136760352679393,106
LVTC3,202311,3,0.0943762319544949,0.995259153755214,106
MDIA3,202311,3,7.81814202282896e-05,2.79503903434586e-05,106
MERC4,202311,3,0.0168998682770161,0.00162115833891642,106
MGEL4,202311,3,0.0154370544551664,0.00510310465372573,106
MNPR3,202311,3,0.0270011482463999,0.00241179137004717,106
MOAR3,202311,3,0.018781518590625,2.37867025130209e-06,106
MTRE3,202311,3,0.00614743189187915,0.000990730353946267,106
MTSA4,202311,3,0.0104098645875045,0.00271949087188769,106
MWET4,202311,3,0.0270011482463999,0.00241179137004717,106
NGRD3,202311,3,0.0052027423702787,0.000519230171172702,106
NINJ3,202311,3,0.0149696484694233,1.33533164697409e-05,106
PINE4,202311,3,0.000132432847440178,1.90380742415677e-05,106
PMAM3,202311,3,0.0166373727922794,0.00137376272777721,106
POMO3,202311,3,0.09742450011769,0.989952795628565,106
PTNT4,202311,3,0.0132761376900901,0.000360105389164745,106
RCSL3,202311,3,0.0133309432429243,5.33091672005512e-06,106
RCSL4,202311,3,0.0244644765234134,0.00179660928825225,106
RDNI3,202311,3,0.00788705377531684,5.61258560136622e-05,106
RDOR3,202311,3,0.000272880781059469,0.000115962091559361,106
RNEW3,202311,3,0.00369359397341787,0.000115631690079007,106
RNEW4,202311,3,0.0126921115946449,0.000683592191478676,106
RPAD3,202311,3,0.0945976498306011,0.999670073008696,106
RPAD5,202311,3,0.0946400864642608,0.997364099020616,106
RSUL4,202311,3,0.0126775862446159,0.000505416826252968,106
SANB3,202311,3,0.0248799269991171,0.00167031059673818,106
SANB4,202311,3,0.000414252490225256,2.48832216739889e-06,106
SAPR3,202311,3,0.0026527295762644,0.000121154682605742,106
SCAR3,202311,3,0.0309648249497231,0.279057033258095,106
SEER3,202311,3,0.00125223679419487,3.92566765006739e-05,106
SHOW3,202311,3,0.000357002438347457,6.13302580775806e-05,106
TAEE3,202311,3,0.0147016825374904,2.46344807591969e-05,106
TAEE4,202311,3,0.00705643088113232,8.29793797343487e-06,106
TCSA3,202311,3,0.00947508434674815,0.000756369459324778,106
TPIS3,202311,3,1.71729877302294e-06,6.29099321898152e-06,106
TRAD3,202311,3,0.0115421103785818,1.77837540367827e-05,106
UCAS3,202311,3,0.011194244811309,0.000723962278321974,106
UNIP3,202311,3,0.0130345724230359,0.00152507516821605,106
UNIP6,202311,3,0.0180951308930864,0.000713461834911406,106
VIVR3,202311,3,0.0136274933598539,3.6520952936952e-06,106
WHRL3,202311,3,0.0226259683812788,0.0116647430585671,106
WHRL4,202311,3,0.0224274240866426,0.0127127464393488,106
WLMM4,202311,3,0.0428085006365291,0.000840908154069764,106
YDUQ3,202311,3,0.00488844308334817,0.000182445069574171,106
AGRO3,202401,3,0.000924715754847149,0.000618507188869575,107
ALLD3,202401,3,0.0302761436638874,0.00462988934530279,107
ALPA3,202401,3,3.12577028959913e-05,2.43657949737442e-06,107
ALPK3,202401,3,0.000784467710446898,0.00010531471411223,107
ALUP3,202401,3,0.0219809317921296,0.00586789742455585,107
ALUP4,202401,3,0.0228883407850649,0.00565103383417239,107
AMAR3,202401,3,0.00127856264262869,7.07881781575104e-05,107
APER3,202401,3,0.0126645951077299,0.000402046454487026,107
AZEV3,202401,3,0.00156034828538305,7.52986180026206e-05,107
BAHI3,202401,3,1.7230101432618e-05,1.67174873459862e-06,107
BAUH4,202401,3,0.00360135722692018,0.00345686397238675,107
BAZA3,202401,3,0.00124378424973517,1.10027935862336e-05,107
BEES3,202401,3,0.0199915587566372,0.00417552876817577,107
BGIP4,202401,3,0.0015466234143109,2.75051917259642e-05,107
BMEB4,202401,3,0.0142473765156735,0.00581124001800346,107
BMGB4,202401,3,0.00526152799161926,0.000161449322149909,107
BOBR4,202401,3,0.00847329699118216,0.000756532065919818,107
BPAC5,202401,3,0.0191482777165504,0.0082815742911691,107
BRGE3,202401,3,0.101105875554405,1,107
BRIV3,202401,3,0.0957564310831214,0.946660921179045,107
BRIV4,202401,3,0.101585071032858,0.998150808267672,107
BRKM3,202401,3,0.0357241934569269,0.0958971688669579,107
BRKM5,202401,3,0.0575371270009192,0.296706091584237,107
CEEB3,202401,3,0.00431673250583699,0.00309922547244827,107
CGRA3,202401,3,0.0147738066483448,0.0382682905048603,107
CGRA4,202401,3,0.0188494071698118,0.0388498272817235,107
CLSC3,202401,3,0.0350820575254149,0.088165905975442,107
CLSC4,202401,3,0.10401743129254,0.82571382994598,107
CMIG3,202401,3,0.00926589599313624,0.00020418890874692,107
CMIG4,202401,3,0.0106004388274366,0.000981858312298868,107
CRIV4,202401,3,0.102184433043483,0.999222631350432,107
CRPG5,202401,3,0.0284881423893111,0.000284658595566519,107
CRPG6,202401,3,0.0327733874881272,0.00025884705357374,107
CSED3,202401,3,0.000876507002200664,0.000123427981896563,107
CSNA3,202401,3,0.0342544145832757,0.0902151876844326,107
CTNM4,202401,3,0.101246486438445,0.999332010590599,107
CTSA3,202401,3,0.0187432544484823,0.00185523219376518,107
CXSE3,202401,3,0.00607850567707975,0.00127796782553178,107
DASA3,202401,3,0.0137372102365985,0.000248667695199616,107
DEXP3,202401,3,0.00982295821063414,0.00284658075526959,107
DMVF3,202401,3,0.0164731010255375,0.0132297448966662,107
DOHL4,202401,3,0.000884702421001408,4.78202480456252e-05,107
DXCO3,202401,3,0.00547935032968981,0.000121652016743612,107
EALT4,202401,3,0.0104785986404448,0.000640514181431306,107
EKTR4,202401,3,0.0070691971696584,0.000746530642983509,107
EMAE4,202401,3,0.0277223447384935,0.00224721534593153,107
ENMT3,202401,3,0.0142773739297439,3.36139061692888e-06,107
ENMT4,202401,3,0.0130725582883979,3.37915601283439e-06,107
EQPA5,202401,3,0.0131935733533106,0.00152137535242395,107
ETER3,202401,3,0.0109586783008393,0.0271940492754914,107
FBMC4,202401,3,0.0166180529142647,0.0149847980633758,107
FESA3,202401,3,0.0130536210167229,4.34497377485074e-05,107
FHER3,202401,3,0.010464326823149,0.000828197228397463,107
FRAS3,202401,3,0.00746690305072424,0.000174845226180297,107
GEPA4,202401,3,0.00352913575350171,0.00208100721371681,107
IGTI3,202401,3,0.0174158099045738,0.0273234122285636,107
INEP3,202401,3,0.00267440207931786,0.000526147693014789,107
INEP4,202401,3,0.0147432895200386,0.000950791751005668,107
ITSA3,202401,3,0.000335306986722953,0.000123046465657511,107
KLBN11,202401,3,0.00557826707893316,0.000443892599187622,107
LOGN3,202401,3,0.100805309592344,0.996723874032998,107
LPSB3,202401,3,0.000228362453250429,8.55585246896843e-05,107
LUPA3,202401,3,0.0126306115367196,0.000652272087058291,107
LVTC3,202401,3,0.101050064484111,0.996899928020511,107
MDIA3,202401,3,9.39022639449062e-05,8.20158840475581e-05,107
MERC4,202401,3,0.0131935733533106,0.00152137535242395,107
MGEL4,202401,3,0.017131255480607,0.0270204682607943,107
MNPR3,202401,3,0.0096231130242029,0.0011564669442447,107
MOAR3,202401,3,0.00447224960317286,1.55562085165845e-07,107
MTSA4,202401,3,0.0170073546646659,0.0161670971965032,107
MWET4,202401,3,0.0187432544484823,0.00185523219376518,107
NINJ3,202401,3,0.0240235229236445,7.00446618718926e-05,107
OIBR4,202401,3,0.0197220105374036,0.00176391257598187,107
PDGR3,202401,3,0.0237799108442524,1.33213199383176e-05,107
PINE4,202401,3,0.000268698024038157,0.000185094133890393,107
PMAM3,202401,3,0.0240171414940021,0.00174465442344823,107
POMO3,202401,3,0.104312012816148,0.991370354482024,107
PTNT4,202401,3,0.013268160040648,0.000301962152879481,107
RCSL3,202401,3,0.00809846206334495,0.000938881899494941,107
RCSL4,202401,3,0.0238693101541144,0.000448637120156165,107
RDNI3,202401,3,0.00823791409443741,0.000104845229060938,107
RDOR3,202401,3,0.000249213244539931,0.000153459472100099,107
RNEW3,202401,3,0.013095349473667,0.000492728650039996,107
RNEW4,202401,3,0.0315243381763714,0.000520869941735057,107
RPAD3,202401,3,0.101120355884944,0.999510157421098,107
RPAD5,202401,3,0.101172464155836,0.998375544125422,107
RSUL4,202401,3,0.00875453492649215,9.77172866193131e-05,107
SANB3,202401,3,0.0256247317624304,0.00161322695823718,107
SANB4,202401,3,0.000262163844233977,3.75738297670305e-06,107
SCAR3,202401,3,0.104583165653425,0.870953240215431,107
SEER3,202401,3,0.00151152671810605,0.000215052490720253,107
SEQL3,202401,3,0.0279891650373244,0.00157996070407256,107
TAEE3,202401,3,0.0284332108648591,0.00597750247998973,107
TAEE4,202401,3,0.00237987794604661,0.000246746762031208,107
TASA3,202401,3,0.000512927704405952,1.86976010245678e-05,107
TCSA3,202401,3,0.00977536782448398,0.00215084352302753,107
TEKA4,202401,3,0.00872213432779499,0.000129029391924797,107
TPIS3,202401,3,3.84275680910133e-06,1.33956557097601e-05,107
TRAD3,202401,3,0.0208164101051237,5.89857336214134e-05,107
UCAS3,202401,3,0.00907466160910753,0.000615133706815107,107
UNIP3,202401,3,0.0140100247855546,0.0136196384714189,107
UNIP6,202401,3,0.0145329416427236,0.00129940875566555,107
VIVR3,202401,3,0.0243124556555064,1.32513710468275e-05,107
WHRL3,202401,3,0.0215664804086901,0.00988268298926691,107
WHRL4,202401,3,0.0208233836162528,0.0108970668409509,107
WLMM4,202401,3,0.0299833195732809,0.000256528500998479,107
YDUQ3,202401,3,0.00717481922357121,0.000595043731945119,107
AGRO3,202402,3,0.00111772133881013,0.000827453787515836,106
ALLD3,202402,3,0.034434646790006,0.00516596105106636,106
ALPA3,202402,3,4.69008038941042e-05,4.48172600079556e-06,106
ALPK3,202402,3,0.000872116353562686,0.00035905866850908,106
ALUP3,202402,3,0.0380352372756605,0.00272559777833611,106
ALUP4,202402,3,0.0369352088423201,0.00242227852320961,106
AMAR3,202402,3,0.000929973205402102,0.000240706754729911,106
APER3,202402,3,0.00557404754672924,0.000411801344005235,106
AZEV3,202402,3,0.000637950244110236,6.06360725868608e-06,106
BAHI3,202402,3,1.63304361546609e-05,3.15343661114141e-06,106
BAUH4,202402,3,0.00172017480049736,5.70885679786247e-05,106
BAZA3,202402,3,0.00087338019468626,1.65577111810695e-05,106
BEES3,202402,3,0.0258473920182016,0.0032224213598659,106
BGIP4,202402,3,0.00073086724384384,9.69736022925359e-05,106
BMEB4,202402,3,0.0158019936325465,0.0191256684817685,106
BMGB4,202402,3,0.00187304519844252,8.10206848647655e-05,106
BOBR4,202402,3,0.0133590847100646,0.00015100745381146,106
BPAC5,202402,3,0.0193501617036413,0.0237120344423105,106
BRBI11,202402,3,0.00626258230317233,0.0131184058886887,106
BRIV4,202402,3,0.029388550255535,0.00182912018629258,106
BRKM3,202402,3,0.0186174463920599,0.148564169500871,106
CEEB3,202402,3,0.00765200633146266,0.000338107423892181,106
CGRA3,202402,3,0.0112107539638225,2.72987085190022e-05,106
CGRA4,202402,3,0.0116051339429014,2.96521711534343e-05,106
CLSC3,202402,3,0.0202729436908897,0.138123724451752,106
CLSC4,202402,3,0.0504202410230729,0.870017323240986,106
CMIG3,202402,3,0.00942960862983854,5.64799138239644e-05,106
CMIG4,202402,3,0.0106322528270933,0.000247273001591881,106
CRFB3,202402,3,0.000847680865123004,4.28594052942444e-05,106
CRIV4,202402,3,0.0294294857148702,0.00371390956861994,106
CRPG5,202402,3,0.020208127533738,0.000476859811246999,106
CSED3,202402,3,0.00130786975160174,0.00038864894914625,106
CTNM4,202402,3,0.0452881597558807,1,106
CTSA3,202402,3,0.0211901990594184,0.00442261856271729,106
CXSE3,202402,3,0.00578570737072181,0.0018188200220716,106
DASA3,202402,3,0.0144195083838471,0.00052842426625027,106
DEXP3,202402,3,0.00922264541643912,0.00557704325022706,106
DOHL4,202402,3,0.000996167614985875,0.000137950130338044,106
DXCO3,202402,3,0.00566589532401473,0.000220901824056449,106
EALT4,202402,3,0.0110698504767187,0.00133058662939675,106
EKTR4,202402,3,0.00763020693837959,0.00078429512383274,106
EMAE4,202402,3,0.0215469321626629,0.00145275306198173,106
ENGI3,202402,3,0.00996305553308869,5.48498230431699e-05,106
ENGI4,202402,3,0.00982971529595328,3.37151040171244e-05,106
ENMT3,202402,3,0.0146980040358775,4.08463536064917e-06,106
ENMT4,202402,3,0.013436830331047,4.09177722421955e-06,106
EQPA5,202402,3,0.0133144962003527,0.0051714677544613,106
ETER3,202402,3,0.00657354923241396,0.0467947307975657,106
FBMC4,202402,3,0.0161323316588903,0.0100516021368601,106
FESA3,202402,3,0.0111462370792388,0.000160108722511738,106
FHER3,202402,3,0.0178802248827089,0.0040065066186113,106
FRAS3,202402,3,0.0074017423319845,0.000331531421906771,106
GEPA4,202402,3,0.00594449699856854,0.00198902233990691,106
GOLL4,202402,3,0.00665577922747689,0.000828922029654193,106
IGTI3,202402,3,0.0155986674866401,0.0158614167346123,106
INEP3,202402,3,0.0015682869261648,0.000636488098957185,106
ITSA3,202402,3,0.000480073074421664,0.000122543954051038,106
KLBN11,202402,3,0.0059961675841292,0.000586265670971185,106
LIGT3,202402,3,0.00201556428620532,0.00789041860944819,106
LOGN3,202402,3,0.0449388459752779,0.998538996478856,106
LPSB3,202402,3,0.00033189341568521,6.58428436833498e-05,106
LUPA3,202402,3,0.0139983719978666,0.00240487922165667,106
LVTC3,202402,3,0.0451398887414236,0.998032567693732,106
MDIA3,202402,3,0.000124868745875451,3.16260616329369e-05,106
MERC4,202402,3,0.0133144962003527,0.0051714677544613,106
MGEL4,202402,3,0.0156348419398406,0.0157912384145285,106
MNDL3,202402,3,0.0124321559334745,0.000850845651220521,106
MNPR3,202402,3,0.00892609881332303,0.0023442878173627,106
MOAR3,202402,3,0.00535436477448404,4.99739532603918e-07,106
MTSA4,202402,3,0.00911518804716576,0.00108529513452835,106
MWET4,202402,3,0.0211901990594184,0.00442261856271729,106
NGRD3,202402,3,0.00382493042758308,0.00049466371755484,106
NINJ3,202402,3,0.0136515799081958,1.26916286977921e-05,106
OIBR4,202402,3,0.00338283209820201,0.000364018905874031,106
PCAR3,202402,3,0.0200738366617769,0.000803445759633549,106
PDTC3,202402,3,0.0232019751664741,0.000692473759042415,106
PINE4,202402,3,0.000161308209972649,4.22322380319845e-05,106
PMAM3,202402,3,0.0278068706496254,0.000485631530620735,106
POMO3,202402,3,0.0477148407554815,0.976325012053118,106
PTNT4,202402,3,0.0119470402208876,0.000676177364438825,106
RCSL3,202402,3,0.003726733307203,0.00407601151480633,106
RCSL4,202402,3,0.0207942616917636,0.00478089598259925,106
RDNI3,202402,3,0.00796686848116527,0.000278684458597506,106
RDOR3,202402,3,0.000226602845634343,0.000187504928541813,106
RNEW3,202402,3,0.0154842713338537,0.00172471705396108,106
RNEW4,202402,3,0.0323543583405059,0.00171468921019777,106
RPAD5,202402,3,0.045680786166619,0.99949148743918,106
RSID3,202402,3,0.0140921596089788,0.000294175114280685,106
RSUL4,202402,3,0.00451379648804413,0.000128279124274541,106
SANB3,202402,3,0.0466835380232175,0.00450805467080937,106
SANB4,202402,3,0.0104660059233994,0.00117757466640898,106
SAPR3,202402,3,0.00166117910354905,0.000112284363571243,106
SEER3,202402,3,0.00199663356359648,0.000640184726870803,106
TAEE3,202402,3,0.0415927327270015,0.00324027272010816,106
TAEE4,202402,3,0.00105222296787704,7.60625572079849e-05,106
TASA3,202402,3,0.000568045331415967,5.20323938180099e-05,106
TPIS3,202402,3,3.33550404304745e-06,1.88055920885909e-05,106
TRAD3,202402,3,0.0133846984840494,6.29986013590158e-05,106
UCAS3,202402,3,0.00941206769246778,0.00226197431205341,106
UNIP3,202402,3,0.0127319113544915,0.000150314341420735,106
UNIP6,202402,3,0.0126291444196212,0.00051792528228547,106
VIVR3,202402,3,0.0141719036377086,2.19181720031516e-05,106
WEST3,202402,3,0.000917801753505459,0.000768599399014952,106
WHRL3,202402,3,0.0224336360816791,0.0279738205196647,106
WHRL4,202402,3,0.0257002804768588,0.0309099971512135,106
WLMM4,202402,3,0.021545230279338,0.000452437979606508,106
AALR3,202404,3,0.0050979596992148,0.00042852741266272,102
AGRO3,202404,3,0.00137389178520954,0.000565544696438544,102
ALLD3,202404,3,0.02445925630954,0.00319248621703138,102
ALPA3,202404,3,3.81108864429753e-05,5.70356354386277e-06,102
ALPK3,202404,3,0.000268862931290757,0.000483921475852765,102
ALUP3,202404,3,0.0201703545450525,0.00289057833803243,102
ALUP4,202404,3,0.0341880402780965,0.00554673182832496,102
AMAR3,202404,3,0.000926067693030729,0.000467382072056876,102
APER3,202404,3,0.004905627027389,0.000620271366287861,102
AZEV3,202404,3,0.000855286330387563,2.47401715535375e-05,102
BAHI3,202404,3,1.72596531729935e-05,6.29117991920613e-06,102
BAUH4,202404,3,0.00191023711491625,6.21382834397938e-05,102
BAZA3,202404,3,0.00128141788908942,6.95902088491748e-05,102
BEES3,202404,3,0.0189583578844711,0.00210305387260195,102
BGIP4,202404,3,0.000158113322465431,2.4757369816965e-05,102
BIOM3,202404,3,0.00610442281683192,0.000346165203243498,102
BMEB4,202404,3,0.0124700928901137,0.0240146130329572,102
BMGB4,202404,3,0.00793599991450076,0.000987820223520758,102
BOBR4,202404,3,0.0101803923250498,5.61301940012217e-05,102
BPAC5,202404,3,0.0195852843306192,0.0384816065638916,102
BRBI11,202404,3,0.000662141682631628,0.00050742545404044,102
BRKM3,202404,3,0.0196248221846404,0.212430484217072,102
BRSR3,202404,3,0.0225266971000611,0.00578691874584864,102
CEEB3,202404,3,0.00717698595224625,0.000328036316347884,102
CGRA3,202404,3,0.0127713489256124,0.000729292510999926,102
CGRA4,202404,3,0.0169040119266269,0.000798404065927873,102
CLSC3,202404,3,0.0209397707336259,0.199810825619867,102
CLSC4,202404,3,0.0451531621040768,0.911431909986623,102
CMIG3,202404,3,0.0194884518015652,0.00167614502532347,102
CMIG4,202404,3,0.0207473154191913,0.00180618341151843,102
CRPG5,202404,3,0.0293416868858204,0.00247712800756735,102
CRPG6,202404,3,0.0329925321684548,0.00236460079618539,102
CSED3,202404,3,0.000770101519649692,0.000487220283448394,102
CTNM4,202404,3,0.0370518160312128,1,102
CTSA3,202404,3,0.0243114240358447,0.00367244471980589,102
CXSE3,202404,3,0.00505585027223169,0.00248152816238712,102
DASA3,202404,3,0.00198619926927931,0.000170928099823077,102
DEXP3,202404,3,0.0119765881073375,0.0083358365647866,102
DOHL4,202404,3,0.000918865804694984,0.000100705910001772,102
DXCO3,202404,3,0.0065713864850552,0.000289726228782055,102
EALT4,202404,3,0.0105457117413019,0.00216560525821828,102
EKTR4,202404,3,0.00517494258412162,0.000222557245749661,102
EMAE4,202404,3,0.0315352709346131,0.00468134728196051,102
ENGI4,202404,3,0.000429188476520725,1.77171817498249e-05,102
ENMT3,202404,3,0.0168473876423484,3.43824374048613e-05,102
ENMT4,202404,3,0.0157411558771636,3.41539825693315e-05,102
EQPA5,202404,3,0.0137701369689875,0.00836070025882689,102
ETER3,202404,3,0.0074892909238805,0.0745682799252933,102
FBMC4,202404,3,0.0211381348092691,0.0197943189261198,102
FESA3,202404,3,0.0121683866209297,0.000525917012642921,102
GEPA4,202404,3,0.00610927218546045,0.000910943613449824,102
GFSA3,202404,3,0.00832264693693032,0.0124769332883464,102
IGTI3,202404,3,0.0158868971124383,0.0299667028826908,102
INEP3,202404,3,0.00361102508486997,0.00337077972751081,102
ITSA3,202404,3,0.00040757958014373,0.00016683445182432,102
KLBN11,202404,3,0.0065934151905526,0.000248519873139798,102
LIGT3,202404,3,0.00205005227875226,0.0121989996010687,102
LOGN3,202404,3,0.0369324638290389,0.999072678560795,102
LPSB3,202404,3,0.000259163575095881,7.21954876575357e-05,102
LUPA3,202404,3,0.00564394173198888,0.00401050032747503,102
LVTC3,202404,3,0.0371338849439939,0.997892288146693,102
MDIA3,202404,3,5.86471310596285e-05,4.04744962778269e-05,102
MERC4,202404,3,0.0137701369689875,0.00836070025882689,102
MGEL4,202404,3,0.0157545615277494,0.0296292529654756,102
MNPR3,202404,3,0.0233433026638631,0.00390706982262002,102
MOAR3,202404,3,0.0079229965690352,4.08461718452235e-05,102
MTSA4,202404,3,0.00732436777331483,0.000754634641131231,102
MWET4,202404,3,0.0243114240358447,0.00367244471980588,102
NGRD3,202404,3,0.00147259703816919,0.000311838134758949,102
NINJ3,202404,3,0.0132120917270831,2.85894740120497e-05,102
OIBR3,202404,3,0.00672780877042981,0.000703084247331649,102
OIBR4,202404,3,0.0157033215518554,0.00329728816999039,102
PDGR3,202404,3,0.00835962654203128,0.00275776094212715,102
PETR3,202404,3,0.0196733588867693,0.00439728995198279,102
PINE4,202404,3,0.000137274629900773,5.9034338589532e-05,102
PMAM3,202404,3,0.0121861184856741,0.000109959415580707,102
POMO3,202404,3,0.0406778927598196,0.981144253252232,102
PTNT4,202404,3,0.0127343214737677,0.00125978052954103,102
RCSL3,202404,3,0.00336737891025992,0.00204553223666631,102
RCSL4,202404,3,0.0201578623649009,0.00472456621251239,102
RDNI3,202404,3,0.00225321949352002,0.000460721614585945,102
RDOR3,202404,3,0.000201320830790781,0.000232802928183039,102
RSUL4,202404,3,0.00888845704674732,0.000662354034352078,102
SANB3,202404,3,0.0126478776497948,0.00181398085390128,102
SANB4,202404,3,0.0191678179678332,0.0043503591700616,102
SAPR3,202404,3,0.00733945394913096,0.000240781316796147,102
SAPR4,202404,3,0.00839347163958677,0.000282249158583151,102
SEER3,202404,3,0.00157732909119558,0.000105896576924395,102
SEQL3,202404,3,0.00424752120258007,0.000308414695457261,102
SHOW3,202404,3,0.00136968239039422,0.000819091866473093,102
TASA4,202404,3,0.00371115650243112,0.00245318845686334,102
TCSA3,202404,3,0.00839577768650389,0.000587308907780811,102
TPIS3,202404,3,1.18088360770653e-05,2.28367612708661e-05,102
TRAD3,202404,3,0.014210966874577,0.000108246690679715,102
UCAS3,202404,3,0.00836797504260135,0.00357369130003709,102
UNIP3,202404,3,0.0131562947057517,0.000519061040987106,102
UNIP6,202404,3,0.00897699959241172,0.000879398914678647,102
VIVR3,202404,3,0.013609978546945,6.18576945436166e-05,102
WEST3,202404,3,0.00141547103396875,0.000991117564651728,102
WHRL3,202404,3,0.0220119797239143,0.0436894050035046,102
WHRL4,202404,3,0.0218471163885362,0.0413510287359794,102
WLMM4,202404,3,0.0290880866178405,0.00238131951564518,102
AALR3,202405,3,0.00510898390696181,0.000149831239371381,102
AGRO3,202405,3,0.00141619794215627,0.00118312690097388,102
ALPA3,202405,3,4.22467043939039e-05,1.04824236974844e-05,102
ALPK3,202405,3,0.000292771138564872,0.000614275281090391,102
ALUP4,202405,3,0.0397150321009175,0.00989435961957114,102
AMAR3,202405,3,0.000712340073402731,0.000630516011077209,102
APER3,202405,3,0.0203787083692837,0.00394792659772146,102
AZEV3,202405,3,0.00106315496565213,3.81045436069393e-05,102
BAHI3,202405,3,1.67870912490071e-05,5.48442375587414e-06,102
BAUH4,202405,3,0.00190217247784832,7.55342535812428e-05,102
BAZA3,202405,3,0.00131316510978859,0.000398618174744955,102
BEES3,202405,3,0.00877199681646026,0.0020314052811305,102
BGIP4,202405,3,0.000256386058745676,5.90849587448989e-05,102
BMEB4,202405,3,0.013401258424788,0.0241575068683473,102
BMGB4,202405,3,0.00216362490056284,0.000403897086942039,102
BOBR4,202405,3,0.000595365003955507,3.71345601197971e-05,102
BPAC5,202405,3,0.0203317557842912,0.037414841740651,102
BRBI11,202405,3,0.000572521133574908,0.00058848565629414,102
BRKM3,202405,3,0.0286039107114851,0.332655629551516,102
BRSR3,202405,3,0.0312824223652816,0.010276241777399,102
CEBR3,202405,3,0.0401352026250917,0.0234562253531587,102
CEEB3,202405,3,0.00717726675427522,0.000503707022959756,102
CGRA3,202405,3,0.0124624165959213,0.00100445445170675,102
CGRA4,202405,3,0.0167655219239819,0.00106373762933689,102
CLSC3,202405,3,0.0291056605332474,0.312735613526568,102
CLSC4,202405,3,0.0508318375082966,0.986502673486173,102
CMIG3,202405,3,0.00982212674637588,0.000535206966737734,102
CMIG4,202405,3,0.0111198803864568,0.00192269877118239,102
CRPG5,202405,3,0.0378375149195271,0.0205683144722114,102
CRPG6,202405,3,0.0404612344711585,0.0199082582879537,102
CSED3,202405,3,0.000972225821928921,0.000306196071948995,102
CSNA3,202405,3,0.0284900365243301,0.319486613590038,102
CTNM4,202405,3,0.0369878242882338,1,102
CTSA3,202405,3,0.0145913266210664,0.00224605198895706,102
CXSE3,202405,3,0.00297373082427132,0.00193582133863976,102
DASA3,202405,3,0.00262755042949047,0.000360575007585452,102
DEXP3,202405,3,0.0122366960968479,0.0125854539390863,102
DOHL4,202405,3,0.000731066060035434,7.79910856548585e-05,102
DXCO3,202405,3,0.00668856012248781,0.00066957525020632,102
EALT4,202405,3,0.00939336617896741,0.0030722156783723,102
EKTR4,202405,3,0.00479083144750334,0.000172462011686697,102
EMAE4,202405,3,0.0395437203142273,0.0207819713293887,102
ENGI3,202405,3,0.0167717356804645,0.00239277534980409,102
ENGI4,202405,3,0.0101453904943044,0.000676918548868736,102
ENMT3,202405,3,0.0226869949577783,0.000156230241871394,102
ENMT4,202405,3,0.0214125459473135,0.000156717654733781,102
EQPA5,202405,3,0.0173081935529387,0.0143205550720283,102
ETER3,202405,3,0.00984646490714054,0.113763569787092,102
FBMC4,202405,3,0.020615309551712,0.022875374526526,102
FESA3,202405,3,0.0118303903143708,0.0023600224347605,102
GEPA4,202405,3,0.00224011411113989,0.000931275259826914,102
GFSA3,202405,3,0.00828209618706019,0.0181561403522146,102
IGTI3,202405,3,0.0160475367222151,0.0320183598238703,102
INEP3,202405,3,0.00291092510278878,0.00196513733374802,102
ITSA3,202405,3,0.000744320844003932,0.000538184979908777,102
KLBN11,202405,3,0.0067684687194247,0.00135216036678764,102
LIGT3,202405,3,0.00302428694016951,0.0205428841901872,102
LOGN3,202405,3,0.0369158015866797,0.999036695935098,102
LPSB3,202405,3,0.000258883260760926,0.000152846654259692,102
LUPA3,202405,3,0.000720230534912117,6.75593417783216e-05,102
LVTC3,202405,3,0.0370850276137262,0.997851074215006,102
MDIA3,202405,3,4.75506924860417e-05,4.9285506647622e-05,102
MERC4,202405,3,0.0173081935529387,0.0143205550720283,102
MGEL4,202405,3,0.0160027848399647,0.0318267864943611,102
MNPR3,202405,3,0.00376000753345884,0.00230242191591813,102
MOAR3,202405,3,0.00815784022959857,4.43020179166848e-05,102
MTSA4,202405,3,0.00484885815034982,0.000771759699050837,102
MWET4,202405,3,0.0145913266210664,0.00224605198895705,102
NGRD3,202405,3,0.00280673790960095,0.00115612889546077,102
NINJ3,202405,3,0.00971180869391012,2.75782568337029e-05,102
OIBR3,202405,3,0.00337896388676355,0.00105096371763013,102
OIBR4,202405,3,0.0199995905504795,0.0059351725920076,102
PDGR3,202405,3,0.00866797290154287,0.0041948893394902,102
PINE4,202405,3,0.00027239927438792,0.000117829984443169,102
POMO3,202405,3,0.040947346463006,0.982703378170346,102
PTNT4,202405,3,0.0122113941453938,0.00304406135634067,102
RCSL3,202405,3,0.00066294958937555,0.00109688020278591,102
RCSL4,202405,3,0.0174845591272583,0.00380114888234805,102
RDNI3,202405,3,0.00250531983870783,0.000734101532523198,102
RDOR3,202405,3,0.000386351106176264,0.000494006202027786,102
ROMI3,202405,3,0.00240366032507055,0.00866734384920446,102
RSUL4,202405,3,0.0080946180234496,0.00403868894706536,102
SANB3,202405,3,0.0189285463393392,0.0035705734132998,102
SANB4,202405,3,0.0102267102383242,0.00331994861352453,102
SAPR3,202405,3,0.0121841032628237,0.00381784836729553,102
SEER3,202405,3,0.00167200188374498,0.000118751007745012,102
SEQL3,202405,3,0.00817773464103336,0.000939577087498035,102
TAEE3,202405,3,0.0389935323986173,0.0109868021200869,102
TASA3,202405,3,0.0100701471448068,0.00151570822326392,102
TASA4,202405,3,0.0117611111087672,0.00448824323575895,102
TCSA3,202405,3,0.00583061558622402,0.000358109234135374,102
TPIS3,202405,3,0.000572635695513359,3.21238594009596e-05,102
TRAD3,202405,3,0.0187804706788145,0.000366645113152959,102
TRPL3,202405,3,0.00101924932094593,0.000813690338315274,102
UCAS3,202405,3,0.0103276596966981,0.00637888230474032,102
UNIP3,202405,3,0.0129668338705066,0.000711516537169637,102
UNIP6,202405,3,0.00840123585699387,0.00145111157855993,102
VIVR3,202405,3,0.010725590138483,9.17987238896158e-05,102
WEST3,202405,3,0.00152184028415155,0.00112424297363673,102
WHRL3,202405,3,0.0225680612208787,0.041689310098597,102
WHRL4,202405,3,0.0222848644557168,0.0399489221663501,102
WLMM4,202405,3,0.0378454316733693,0.0203315371341629,102
AALR3,202407,3,0.00883800598906898,0.00149436089249038,103
AGRO3,202407,3,0.00196335106651067,0.00106116568058993,103
AGXY3,202407,3,0.0027625430795593,0.00230543279655885,103
ALPA3,202407,3,5.48608941644885e-05,1.57296755497323e-05,103
ALPK3,202407,3,0.000314955038153029,0.000598147805658368,103
ALUP4,202407,3,0.0339523237776718,0.0132234967157428,103
AMAR3,202407,3,0.000543120263266367,0.000554313196025036,103
APER3,202407,3,0.0049244359431309,0.00128938893188231,103
AZEV3,202407,3,0.00115929890789145,4.09776648942882e-05,103
AZEV4,202407,3,0.0171349415528984,0.0028819101824445,103
BAHI3,202407,3,2.93630536113361e-05,7.13093775238623e-06,103
BAUH4,202407,3,0.00186499528108606,7.42293498378451e-05,103
BAZA3,202407,3,0.000830299291128579,2.64693300994283e-05,103
BEES3,202407,3,0.0140855656602049,0.00288195977992361,103
BGIP4,202407,3,0.000407020658077949,0.000128083365825068,103
BMEB4,202407,3,0.014034974926177,0.0291134550190416,103
BMGB4,202407,3,0.0100845620727194,0.000440222268950528,103
BOBR4,202407,3,0.00159425886387306,6.10569369142094e-05,103
BPAC5,202407,3,0.0211958045907799,0.0436527877376588,103
BRKM3,202407,3,0.0278928114952067,0.329579846684088,103
BRSR3,202407,3,0.0326489073993384,0.0134997791138351,103
CEEB3,202407,3,0.0073227349150033,6.74016632511838e-05,103
CGAS5,202407,3,0.000276562459433983,0.00698432231347057,103
CGRA3,202407,3,0.0128778717801415,0.00120469043837583,103
CGRA4,202407,3,0.0164247922718017,0.00121251886072097,103
CLSC3,202407,3,0.0290936044368714,0.310485344681555,103
CLSC4,202407,3,0.0501035555727447,0.983325976489271,103
CMIG3,202407,3,0.0192635035907224,0.00179369894380158,103
CMIG4,202407,3,0.0204089422025586,0.00285018087336933,103
COCE5,202407,3,0.00940215728879372,0.00100266352952079,103
CRPG5,202407,3,0.0198454524943515,0.00119062861623209,103
CSED3,202407,3,0.000863064624159539,0.000947838135547389,103
CSNA3,202407,3,0.028158310352324,0.315517793387011,103
CTNM4,202407,3,0.0367881148840875,1,103
CTSA3,202407,3,0.0141678729340887,0.00271783924443211,103
CXSE3,202407,3,0.00232862328431561,0.00227082828653958,103
DASA3,202407,3,0.00319875091540355,0.000331744881340937,103
DEXP3,202407,3,0.0126160849287111,0.012754290157817,103
DOHL4,202407,3,0.000905444989364447,9.72023127958203e-05,103
DXCO3,202407,3,0.00775661548068344,0.000508260339697064,103
EALT4,202407,3,0.00952872967340677,0.00325901163818426,103
EKTR4,202407,3,0.00434652654008152,9.99995050957628e-05,103
EMAE4,202407,3,0.0251998668948936,0.00283278513179128,103
ENGI3,202407,3,0.0108273432157678,0.000260083482146719,103
ENGI4,202407,3,0.0103731722436829,0.000114190159073397,103
ENMT3,202407,3,0.0161968835084761,0.000124964882315415,103
ENMT4,202407,3,0.0149902680140516,0.000116213417990321,103
EQPA5,202407,3,0.0139270390598631,0.0116066640716627,103
ETER3,202407,3,0.00848530925133223,0.0983268938220817,103
FBMC4,202407,3,0.0155241358825154,0.0143591704609311,103
FESA3,202407,3,0.0106236103040657,0.000293280647620427,103
FHER3,202407,3,0.0354679352678722,0.0124039843019683,103
GEPA4,202407,3,0.00443495570015712,0.000733849252805658,103
GFSA3,202407,3,0.00915155806695414,0.0195045410835739,103
IGTI3,202407,3,0.0161237870038992,0.00563209767883629,103
INEP3,202407,3,0.00667000336687207,0.00484373704962998,103
ITSA3,202407,3,0.00170223323721419,0.00067796041517133,103
KLBN11,202407,3,0.00763833719488343,0.000892394804377348,103
LIGT3,202407,3,0.00257925108720692,0.0202299224069089,103
LOGN3,202407,3,0.0367966694564938,0.999174732235637,103
LPSB3,202407,3,0.000125981170598698,8.33246063841201e-05,103
LUPA3,202407,3,0.00423346853534033,0.00029301183932708,103
LVTC3,202407,3,0.0371670006361045,0.996953064436986,103
MDIA3,202407,3,0.000198023010359,7.72977917811723e-05,103
MERC4,202407,3,0.0139270390598631,0.0116066640716627,103
MGEL4,202407,3,0.00605878730382257,0.0219555033505425,103
MNPR3,202407,3,0.0141678729340888,0.00271783924443211,103
MOAR3,202407,3,0.00822315936207873,0.000177739209955231,103
MTSA4,202407,3,0.00539296052454471,0.00102828902120129,103
MWET4,202407,3,0.0019061013807301,0.017397544528325,103
NGRD3,202407,3,0.00174234919465197,0.00063452582540484,103
NINJ3,202407,3,0.00928325539880461,3.17704385856307e-05,103
OIBR3,202407,3,0.0118311202742297,0.00120329242921225,103
OIBR4,202407,3,0.00309631650329796,6.12959761994548e-06,103
PDGR3,202407,3,0.00887731890961374,0.00210488672757621,103
PETR3,202407,3,0.0201513647453819,0.00382839742263165,103
PINE4,202407,3,0.00020447993084141,7.73963370545206e-05,103
POMO3,202407,3,0.040071107826815,0.981240059619793,103
PTNT4,202407,3,0.0113297653834805,0.000975494123906917,103
RCSL3,202407,3,0.00889662541238654,0.00667787374923745,103
RCSL4,202407,3,0.00757207164131131,0.00316566592902974,103
RDOR3,202407,3,0.00036031369368753,0.000475244755043489,103
ROMI3,202407,3,0.0065682343590538,0.00967915084140429,103
RSUL4,202407,3,0.00355157146944667,0.000224284733765378,103
SANB3,202407,3,0.0237714700574913,0.00842148507710476,103
SANB4,202407,3,0.0242630393144197,0.00860918627215609,103
SEER3,202407,3,0.00203119953045502,0.000135238211060718,103
SHOW3,202407,3,0.000750558315385226,0.00178332501885159,103
TAEE3,202407,3,0.032587168663452,0.0135132219341856,103
TAEE4,202407,3,0.00684129339134054,0.000603674401574411,103
TASA3,202407,3,0.0122792069520889,0.00160904484742519,103
TASA4,202407,3,0.014510636051151,0.00539046985115305,103
TCSA3,202407,3,0.00705946819627497,0.000406449632025462,103
TPIS3,202407,3,0.000375076874791113,2.15091939811472e-05,103
TRAD3,202407,3,0.00495208567196316,7.68626678914267e-05,103
UCAS3,202407,3,0.00792265019491107,0.00526358005358455,103
UNIP3,202407,3,0.0136962931467439,0.000867513529529897,103
UNIP6,202407,3,0.00810488233419933,0.00160775119174354,103
VIVR3,202407,3,0.0101944986361939,0.000122021381976691,103
WEST3,202407,3,0.000985642406517704,0.000813121691590177,103
WHRL3,202407,3,0.0229068522276438,0.0483283690597126,103
WHRL4,202407,3,0.0223895999415848,0.0465924344479562,103
WLMM4,202407,3,0.0204115921907363,0.00107907003532654,103
AALR3,202409,3,0.00450945005474244,0.00216801299000772,98
AGRO3,202409,3,0.00191134183061548,0.00108272505583118,98
AGXY3,202409,3,0.00090547538204345,0.000253718447097612,98
ALPA3,202409,3,4.85908864409764e-05,1.27700152801083e-05,98
ALPK3,202409,3,0.000223485157999287,0.000706767159567394,98
ALUP4,202409,3,0.0387811018385766,0.0168264170164093,98
AMAR3,202409,3,2.10387368635224e-05,9.36741575264663e-05,98
AZEV3,202409,3,0.00430976876394458,0.000234312252944,98
AZEV4,202409,3,0.0270654568709505,0.00211361477842725,98
BAHI3,202409,3,1.4145022714569e-05,5.75545182539177e-06,98
BAUH4,202409,3,0.00265321753929975,7.63813797513938e-05,98
BAZA3,202409,3,0.000789301409789015,2.38838956894508e-05,98
BEES3,202409,3,0.010905178077309,0.00101526515423241,98
BGIP4,202409,3,0.000894077853227684,0.000382404852421061,98
BIOM3,202409,3,0.0120440612598245,0.00136092194757398,98
BMEB4,202409,3,0.011946701703672,0.0193553176644025,98
BMGB4,202409,3,0.0105418048493987,0.00205208963695934,98
BOBR4,202409,3,0.0159061670760931,0.000769227497079124,98
BPAC5,202409,3,0.0216771497233516,0.0342134392466256,98
BRAP3,202409,3,0.0284417707399554,0.0015127516250561,98
BRKM3,202409,3,0.0281490731891632,0.328776462484912,98
BRSR3,202409,3,0.0376031091750552,0.0167959436780012,98
CGRA3,202409,3,0.0213334040890507,0.00103943281338837,98
CGRA4,202409,3,0.0221962814279199,0.00091219581375221,98
CLSC3,202409,3,0.029041521581156,0.309483315791165,98
CLSC4,202409,3,0.0520849022249148,0.982984975224929,98
CMIG3,202409,3,0.0202394785704887,0.00204085149809994,98
CMIG4,202409,3,0.023006388185965,0.00372686175402534,98
COCE5,202409,3,0.00993539729900722,0.0026796972109519,98
CSED3,202409,3,0.000951143766788407,0.00053757686834984,98
CSNA3,202409,3,0.0301810431204583,0.316847153601791,98
CTNM4,202409,3,0.0385164160896537,1,98
CTSA3,202409,3,0.0104140138797065,0.00188401109574079,98
CXSE3,202409,3,0.00219740456633147,0.00187058708247642,98
DASA3,202409,3,0.00273617814134045,0.000286995510156569,98
DEXP3,202409,3,0.0127038661347108,0.0045098996762258,98
DOHL4,202409,3,4.85953260086037e-05,8.40965046902925e-06,98
DOTZ3,202409,3,0.00304710883165772,0.00196556029961188,98
DXCO3,202409,3,0.0105035382920307,0.00046106331261343,98
EALT4,202409,3,0.010055728434315,0.00114887840283798,98
EMAE4,202409,3,0.0166786081379848,0.00183252332776673,98
ENGI4,202409,3,0.000774677371975138,3.1498241152714e-05,98
EQPA5,202409,3,0.0143431444194045,0.0112710680922837,98
ETER3,202409,3,0.00856912580810059,0.0948633144755956,98
EUCA3,202409,3,0.000104999836947554,0.000688891465411681,98
FBMC4,202409,3,0.0120071809121946,0.011169621611139,98
FESA3,202409,3,0.00195524271454579,2.41636622823162e-05,98
FHER3,202409,3,0.032051554647228,0.0150749654815325,98
FRAS3,202409,3,0.00649191414274376,0.000325371273661415,98
FRIO3,202409,3,0.000485188967100104,0.000145495877067011,98
GEPA4,202409,3,0.0113503992451704,0.000981372274541051,98
GFSA3,202409,3,0.00936341020492994,0.00689154877028722,98
GOLL4,202409,3,0.00410165763773145,0.00487292119287983,98
IGTI3,202409,3,0.019856029147895,0.00639779910065923,98
INEP3,202409,3,0.0229958653735603,0.00679475262797995,98
INEP4,202409,3,0.0290181075134675,0.00219070746481367,98
ITSA3,202409,3,0.00157536715279238,0.000703183549088685,98
KLBN11,202409,3,0.0119783671527483,0.000790745745471326,98
LIGT3,202409,3,0.00279546300418884,0.00181599189486373,98
LOGN3,202409,3,0.0384918470419211,0.99917252182463,98
LPSB3,202409,3,0.0001618696003484,7.18260265023456e-05,98
LUPA3,202409,3,0.0198333166720088,0.00081261379657257,98
LVTC3,202409,3,0.0388975735928724,0.996931060296145,98
MDIA3,202409,3,5.4357621228245e-05,2.52895634575286e-05,98
MERC4,202409,3,0.0143431444194045,0.0112710680922837,98
MGEL4,202409,3,0.00564846151358607,0.0175906939160781,98
MNDL3,202409,3,0.0185676604800233,0.000711090095335849,98
MTSA4,202409,3,0.00773599381514951,0.000691706059366764,98
NGRD3,202409,3,0.00442464149987469,0.00114895048227795,98
NINJ3,202409,3,0.00570732510393666,2.35444230386762e-05,98
OIBR3,202409,3,0.0171945019063311,0.00162649229819324,98
OIBR4,202409,3,0.0364451694808789,0.0166304419604625,98
PDGR3,202409,3,0.0104831383453178,0.00188948176128215,98
PETR3,202409,3,0.0210187972060978,0.00388598297422552,98
PINE4,202409,3,0.000260229483420835,8.22123584862361e-05,98
POMO3,202409,3,0.0416550929445075,0.983213819187698,98
PTBL3,202409,3,0.00417366560532806,0.00115228334887448,98
RCSL3,202409,3,0.0182264721328991,0.0109679930288981,98
RDNI3,202409,3,0.00834638788198057,0.000473857422358182,98
RDOR3,202409,3,0.000344101154022341,0.000458998615949535,98
ROMI3,202409,3,0.00541928186634313,0.00582490514364804,98
RSUL4,202409,3,0.000963546138883426,0.000153685789886984,98
SANB3,202409,3,0.0154138934410384,0.00917257122793253,98
SAPR3,202409,3,0.0171002468092444,0.00539017162178588,98
SEER3,202409,3,0.000611587035038632,9.06188474304618e-05,98
SEQL3,202409,3,0.0201927319707351,0.00432875501829057,98
SHOW3,202409,3,0.000838235644861419,0.00257889378479942,98
TAEE3,202409,3,0.013539635423208,0.00601442397578225,98
TASA4,202409,3,0.00594331086241593,0.00266845330299376,98
TPIS3,202409,3,0.000241381774839699,0.000192953634810683,98
TRAD3,202409,3,0.00597979804584796,7.08058109187995e-05,98
UCAS3,202409,3,0.00890151626735485,0.00472325072267781,98
UNIP3,202409,3,0.017874032009923,0.000697290641437829,98
UNIP6,202409,3,0.00812193781910184,0.0011364514818887,98
WEST3,202409,3,0.00047070154141916,0.000626976329441201,98
WHRL3,202409,3,0.0225824780412392,0.0381058097892121,98
WHRL4,202409,3,0.0219315293533431,0.0365573474031758,98
WLMM4,202409,3,0.0100689226382364,0.000449457859410984,98
AALR3,202410,3,0.00379167442343417,0.000145388758048358,98
AESB3,202410,3,0.016319545349754,0.00426736268457229,98
AGRO3,202410,3,0.00103263894792572,0.000282584620030492,98
AGXY3,202410,3,0.000369315568232239,0.00014278216070656,98
ALPA3,202410,3,6.36838289319178e-05,1.02974650783499e-05,98
ALPK3,202410,3,0.000222809108306837,0.000414829569491049,98
ALUP4,202410,3,0.019371744114286,0.00405062915382338,98
AMAR3,202410,3,2.45413763549379e-05,7.24882415829654e-05,98
AMBP3,202410,3,0.00224198690518758,9.96345967463737e-05,98
AZEV3,202410,3,0.00851305716793623,0.000239004489991746,98
AZEV4,202410,3,0.0271429815647489,0.000602749068624179,98
BAHI3,202410,3,5.77256047953495e-06,2.19495648233289e-05,98
BAZA3,202410,3,0.000716374543946021,1.57968304316819e-05,98
BGIP4,202410,3,0.00148587569637862,0.000225633996598665,98
BIOM3,202410,3,0.0126393402755554,0.000603326264949939,98
BMEB4,202410,3,0.0112084592566369,0.0111801480766968,98
BOBR4,202410,3,0.0189725385401978,0.000199194505848321,98
BPAC5,202410,3,0.0210331784307917,0.021976611915001,98
BRKM3,202410,3,0.0181366194316085,0.146157389607618,98
BRSR3,202410,3,0.0354377272289418,0.00714477223191549,98
CGRA3,202410,3,0.0136597470091909,0.000301324046768487,98
CGRA4,202410,3,0.0176708526649432,0.000227342168556445,98
CLSC3,202410,3,0.0195866177613118,0.136402899710576,98
CLSC4,202410,3,0.0538547396718477,0.874766615153405,98
CMIG3,202410,3,0.0202900844048787,0.000622963129303756,98
CMIG4,202410,3,0.0216435641653043,0.000706124371506799,98
COCE5,202410,3,0.00076372620380484,0.00202576554145031,98
CRFB3,202410,3,0.00260115286918443,0.000375383699548229,98
CSED3,202410,3,0.000733409884226552,0.000341457757052057,98
CTNM4,202410,3,0.0486917677754362,0.999931970782858,98
CXSE3,202410,3,0.00190541831618021,0.00113487748392528,98
DASA3,202410,3,0.00475424087344671,0.000364680285756108,98
DEXP3,202410,3,0.0123770346467828,0.00186671953971634,98
DOHL4,202410,3,2.80960556731908e-05,2.6459646556848e-06,98
DXCO3,202410,3,0.00850553974755595,0.000427731415123946,98
EALT4,202410,3,0.00967838528655086,0.000395953808305462,98
EMAE4,202410,3,0.0133442930057202,0.000221031072901739,98
ENGI4,202410,3,0.00109169606268739,1.32492984665908e-05,98
EQPA5,202410,3,0.0171129484574436,0.00659370648490918,98
ETER3,202410,3,0.0052678075584276,0.0348003631208845,98
EUCA3,202410,3,9.84733227206108e-05,0.000502290145133321,98
FBMC4,202410,3,0.00990134244437171,0.000248182542229727,98
FESA3,202410,3,0.00188255668723417,7.44058501859955e-06,98
FHER3,202410,3,0.0332383403323034,0.0043635173944733,98
GEPA4,202410,3,0.0136504600483923,0.000469090130727998,98
GFSA3,202410,3,0.00712999977761581,0.00337356540360309,98
GGBR3,202410,3,0.00312497076922748,0.000721696013487521,98
GOLL4,202410,3,0.00369643790303738,4.66497906843697e-05,98
HBOR3,202410,3,0.00137128392459873,0.00242114895135635,98
IGTI3,202410,3,0.0304278824451011,0.00535250440458594,98
INEP3,202410,3,0.0248451164080349,0.00294404492977921,98
INEP4,202410,3,0.0302114367017656,0.00136519010048383,98
ITSA3,202410,3,0.00142741825413071,7.84638709011968e-05,98
KLBN11,202410,3,0.00842271049168089,0.000155647611662769,98
KLBN3,202410,3,0.0274287617172515,0.00520711759997051,98
LIGT3,202410,3,0.00257892903330069,5.4634183453467e-05,98
LJQQ3,202410,3,0.0484869593089895,0.98516550426559,98
LOGN3,202410,3,0.0487122084929141,1,98
LPSB3,202410,3,0.000408275725740173,0.000433467001814747,98
LUPA3,202410,3,0.0168266749518437,0.000812667102964083,98
LVTC3,202410,3,0.048841740604252,0.996792045636606,98
MDIA3,202410,3,5.17884872546563e-05,5.16179691011331e-05,98
MERC4,202410,3,0.0171129484574436,0.00659370648490918,98
MGEL4,202410,3,0.00993300545343692,0.000973720247123942,98
MNDL3,202410,3,0.0171860791778686,0.000833745072241873,98
MTSA4,202410,3,0.00308756929143663,0.000473470328626045,98
NGRD3,202410,3,0.003216006033106,0.000243922969185191,98
NINJ3,202410,3,0.00546844856298992,1.07127117066708e-05,98
OIBR3,202410,3,0.0219768436251815,0.000406536828460334,98
OIBR4,202410,3,0.0340326229571558,0.00709244026935471,98
PDGR3,202410,3,0.000206540129594698,0.000955552863815408,98
PDTC3,202410,3,0.0142942363322142,0.000433204752608085,98
PETR3,202410,3,0.0205590832247941,0.00220521156675355,98
PINE4,202410,3,0.000184900244808479,6.42704454776506e-05,98
POMO3,202410,3,0.0510199418236975,0.982902142571091,98
PTBL3,202410,3,0.0038361121916721,0.000983422126427744,98
RDNI3,202410,3,0.0012979934703586,0.000164330231659748,98
RDOR3,202410,3,0.000405929032680741,0.00135880445821536,98
ROMI3,202410,3,0.00469135106293471,0.00115180848843374,98
RSUL4,202410,3,0.000895309788249264,0.000115957037919414,98
SANB3,202410,3,0.0171865011791434,0.00152600003048905,98
SAPR3,202410,3,0.035367278695847,0.00569250731071311,98
SEER3,202410,3,0.00236813652406853,0.00018603336527868,98
SEQL3,202410,3,0.0294748419662899,0.00139307020549638,98
SHOW3,202410,3,0.000254873759854267,0.00172034906923427,98
TAEE3,202410,3,0.014447036773746,0.00605896998286101,98
TAEE4,202410,3,0.0273658550408292,0.00788761489350484,98
TASA4,202410,3,0.00604083873310534,0.000942695411643981,98
TCSA3,202410,3,0.00648019293860804,0.000317135653821077,98
TPIS3,202410,3,0.000253907026972529,0.000304093474626715,98
TRAD3,202410,3,0.00576957930449956,8.65269429804301e-05,98
UCAS3,202410,3,0.0131943902938149,0.00421512488596544,98
UNIP3,202410,3,0.0146381276187875,0.000175205796779029,98
UNIP6,202410,3,0.00826064381201537,0.000347913660130555,98
WEST3,202410,3,0.000347720795714868,0.00050661843403571,98
WHRL3,202410,3,0.0227457369154259,0.0245722066110298,98
WHRL4,202410,3,0.0222526244809431,0.0227103374375254,98
WLMM4,202410,3,0.0119626014138207,0.000174426841406078,98
AALR3,202412,3,0.00362617003799682,2.43173197850253e-06,96
AGRO3,202412,3,0.00125195771367192,0.000196389629115007,96
AGXY3,202412,3,0.000597251252072728,0.000167447393851226,96
ALPA3,202412,3,8.40477228616889e-05,2.67300682192893e-05,96
ALPK3,202412,3,0.00021293199237129,0.000311930790024953,96
AMAR3,202412,3,2.76723328436437e-05,5.44171341079073e-05,96
AMBP3,202412,3,0.00370987090701707,3.85990796623238e-05,96
ARML3,202412,3,0.0107987538620114,0.00207376569157688,96
AZEV4,202412,3,0.0144241075482485,0.000456424709253783,96
BAZA3,202412,3,0.000676832224207856,1.8476182460078e-05,96
BIOM3,202412,3,0.0128956832866026,0.000451611828377858,96
BMEB4,202412,3,0.0124140391688991,0.00911754269770133,96
BPAC5,202412,3,0.0239077106287333,0.0179620435566037,96
BRKM3,202412,3,0.0177900944342798,0.109532804373916,96
CGRA3,202412,3,0.0140116867119777,0.0161721197857158,96
CGRA4,202412,3,0.0189618700315613,0.018943505735839,96
CLSC3,202412,3,0.01882419943424,0.100908608999657,96
CLSC4,202412,3,0.065428863229487,0.853070431277316,96
CMIG3,202412,3,0.0207302695211232,0.00025691663006675,96
CMIG4,202412,3,0.0218815323937658,0.000400443882632497,96
CRFB3,202412,3,0.0027505617081319,0.000844335406101993,96
CSED3,202412,3,0.000415386263694515,5.58552324564488e-05,96
CTNM4,202412,3,0.0633726077824929,1,96
CXSE3,202412,3,0.00284945164677821,0.00137959630325043,96
DASA3,202412,3,0.00552435614705697,0.00025073736139479,96
DEXP3,202412,3,0.0123825575795895,0.00149308695100462,96
DOHL4,202412,3,5.07795276543333e-05,3.55004416668908e-06,96
DOTZ3,202412,3,0.00154998920871842,0.00069689449090186,96
DXCO3,202412,3,0.0087016220763646,0.000743935423326415,96
EALT4,202412,3,0.00988164204383623,0.000312418466991664,96
EMAE4,202412,3,0.0128578483553469,0.000181698796877615,96
ENGI4,202412,3,0.000521605086069494,0.000120504856373278,96
EQPA5,202412,3,0.0212009023213979,0.00446270975218739,96
ETER3,202412,3,0.00419756401923194,0.0194506806792579,96
EUCA3,202412,3,4.87820194798641e-05,7.73661540278363e-05,96
FBMC4,202412,3,0.0104517995262895,0.00358901293331328,96
FHER3,202412,3,0.0497634971473551,0.00933360660508334,96
FRAS3,202412,3,0.00327425204393158,0.0116637809164724,96
GEPA4,202412,3,0.0109340537691396,0.000379658334327441,96
GFSA3,202412,3,0.007412984480371,0.00609198346131117,96
GGBR3,202412,3,0.00600765586271856,0.000716405383012036,96
GOLL4,202412,3,0.00504452707008019,6.57735363675734e-05,96
HBOR3,202412,3,0.00378829859392324,0.002063851808334,96
HBSA3,202412,3,0.0641758139312501,0.98799300189031,96
IGTI3,202412,3,0.0246729608484637,0.00533903199004199,96
INEP3,202412,3,0.0282431386519035,0.00238708275974921,96
INEP4,202412,3,0.0319399700175655,0.00104017094956779,96
ITSA3,202412,3,0.00129748478897594,4.5794279989611e-05,96
KLBN11,202412,3,0.00843977895727848,0.000336904186751513,96
KLBN3,202412,3,0.00508430607051358,0.00250369675701162,96
LIGT3,202412,3,0.0031156223765041,0.000208300151849259,96
LJQQ3,202412,3,0.062923274831557,0.986235524268987,96
LOGN3,202412,3,0.0635551353720032,0.999835638953527,96
LPSB3,202412,3,0.000616240252912735,0.000242559149616383,96
LUPA3,202412,3,0.0170368630297267,0.000747040583561327,96
LVTC3,202412,3,0.0632594047147571,0.996086814250746,96
MDIA3,202412,3,7.21702471624414e-05,9.53181970843132e-06,96
MERC4,202412,3,0.0212009023213979,0.00446270975218739,96
MGEL4,202412,3,0.0104471696796036,0.00401955670523578,96
MNDL3,202412,3,0.0172135053959491,0.00074747628787117,96
MTSA4,202412,3,0.00306929452565105,0.00471088703486033,96
NINJ3,202412,3,0.000118630109311723,1.44480756658964e-06,96
OIBR3,202412,3,0.0107690878900912,0.000322608435443436,96
PDGR3,202412,3,0.000110273515976489,0.000919138013466005,96
PDTC3,202412,3,0.00570761418800709,0.000135723778017333,96
PETR3,202412,3,0.0207184582771791,0.00107736591935426,96
PETZ3,202412,3,0.00115488864634016,0.000565437314941529,96
PINE4,202412,3,8.55548780979144e-05,4.29389708019328e-05,96
POMO3,202412,3,0.0652756157632693,0.977419530770777,96
PTBL3,202412,3,0.00217620711429635,0.00147431107893739,96
RCSL3,202412,3,0.0118690323350043,0.000409104259408738,96
RCSL4,202412,3,0.0462518036039218,0.00865809251740091,96
RDNI3,202412,3,0.00347933428951257,0.00276884937765407,96
RDOR3,202412,3,0.000522677931114535,0.00129803869007927,96
RNEW3,202412,3,0.0457378439035312,0.0114160960782056,96
RNEW4,202412,3,0.0497300951890579,0.0101710241263484,96
ROMI3,202412,3,0.00167438287460328,0.000597467180202281,96
RSUL4,202412,3,0.00145698696908163,0.000186105574601741,96
SANB3,202412,3,0.0015093535505204,0.000122245684766824,96
SANB4,202412,3,0.023848715745763,0.00453154266393071,96
SCAR3,202412,3,0.0277614028460651,0.368161308611562,96
SEER3,202412,3,0.00120625689705272,0.000166343813583892,96
SEQL3,202412,3,0.0265030064847845,0.000795314422628643,96
SHOW3,202412,3,9.57778345526406e-05,0.000193975542541957,96
TAEE3,202412,3,0.00177508931603747,0.000128745171035498,96
TAEE4,202412,3,0.0503250104985041,0.00939193331211445,96
TASA4,202412,3,0.00335879245538468,0.000513468820300022,96
TCSA3,202412,3,0.00593444760312351,0.00111857074693858,96
TPIS3,202412,3,0.000385339789696533,0.000745165850070724,96
UCAS3,202412,3,0.0159920133583532,0.00290199060630562,96
UNIP3,202412,3,0.0176190765685755,0.007269583672112,96
UNIP6,202412,3,0.0112031011990595,0.00153198608557445,96
WEST3,202412,3,0.0001566159770284,0.000431741419561121,96
WHRL3,202412,3,0.0244659184047624,0.0196631015150579,96
WHRL4,202412,3,0.0244672388259778,0.0181881293775142,96
WLMM4,202412,3,0.0105157776359464,0.000148767640674921,96
AALR3,202501,3,0.00527045725124598,0.000166158605951973,96
AGRO3,202501,3,0.00101678444342737,0.00010215136697019,96
AGXY3,202501,3,0.000288928547867706,9.36751149454138e-05,96
ALPA3,202501,3,5.04919620910336e-05,1.11425016165369e-05,96
ALPK3,202501,3,0.000171441812598593,0.000340019807593693,96
AMAR3,202501,3,9.48530717052283e-06,9.39743618780351e-06,96
AMBP3,202501,3,0.00192704041286045,6.21549759472359e-06,96
AZEV3,202501,3,0.0088136082795939,0.00020524055430561,96
AZEV4,202501,3,0.0175686749773655,0.000567560219770646,96
BAZA3,202501,3,0.000810244642781735,1.83000629082222e-05,96
BIOM3,202501,3,0.020259805860997,0.000487265995677381,96
BMEB4,202501,3,0.0114148227412439,0.00849886061255092,96
BPAC5,202501,3,0.0233436736462805,0.0181381727067841,96
BRAP3,202501,3,0.0303459944507057,0.0188397885001546,96
BRBI11,202501,3,0.000335446886877264,0.00167769283253148,96
BRKM3,202501,3,0.0180085481251983,0.11106245077198,96
CGRA3,202501,3,0.0237557165413593,0.0196696313790809,96
CGRA4,202501,3,0.0276988652422171,0.0203728382442048,96
CLSC3,202501,3,0.0189020030844031,0.101650307068458,96
CLSC4,202501,3,0.0648935637761379,0.850866126187195,96
CMIG3,202501,3,0.020768902514958,0.000202122415511735,96
CMIG4,202501,3,0.0216856924636124,0.00035318750608209,96
CSED3,202501,3,0.000207670135085798,0.00030788280583356,96
CTNM4,202501,3,0.0626466204546052,1,96
CXSE3,202501,3,0.0024991872011842,0.00132856122873033,96
DASA3,202501,3,0.00347544735509222,0.000334063451625743,96
DEXP3,202501,3,0.0126029901411859,0.00169816292231269,96
DOHL4,202501,3,6.95464407921914e-05,3.83407071161095e-06,96
DOTZ3,202501,3,0.00118547277168122,0.000597406926412538,96
DXCO3,202501,3,0.0115484659972717,0.00228379804631603,96
EALT4,202501,3,0.0096619067590474,0.000333639173560558,96
ENGI4,202501,3,0.00105043042091038,8.56798163673999e-05,96
ENMT3,202501,3,0.00238227993966827,2.16507312604179e-05,96
EQPA5,202501,3,0.0172325776312099,0.00475347103579931,96
ETER3,202501,3,0.00485750093212659,0.0229708952887053,96
EUCA3,202501,3,4.14361697515871e-05,9.37077225199816e-05,96
FBMC4,202501,3,0.00512898408525176,0.00147669728368315,96
FHER3,202501,3,0.0316785624999906,0.00257922808751524,96
GEPA4,202501,3,0.017570269463821,0.000410490182228486,96
GFSA3,202501,3,0.00948346017888316,0.00695168725833912,96
GOLL4,202501,3,0.00362427561677379,0.000218111459694305,96
HBOR3,202501,3,0.00201115479771983,0.000281009016527564,96
HBSA3,202501,3,0.0634394035620424,0.987012118341069,96
IGTI3,202501,3,0.0189965875417859,0.00271253064279185,96
INEP3,202501,3,0.0194827525909487,0.00132594694893258,96
INEP4,202501,3,0.0255640929878265,0.000700608480635092,96
ITSA3,202501,3,0.00143950019620602,7.28893483667695e-05,96
KLBN11,202501,3,0.0123064853362904,0.00163976476751758,96
KLBN3,202501,3,0.00661622229671177,0.000742730886773109,96
LIGT3,202501,3,0.00282115625594538,0.000209361715409906,96
LJQQ3,202501,3,0.0622090881955667,0.987983441226561,96
LOGN3,202501,3,0.062658545726005,0.999363526253407,96
LPSB3,202501,3,5.0372385905862e-05,2.36005310021083e-05,96
LUPA3,202501,3,0.0154113375835598,0.000664210707079315,96
LVTC3,202501,3,0.0625667499741499,0.996744555597933,96
MDIA3,202501,3,0.000292179278695901,1.99539422009767e-05,96
MERC4,202501,3,0.0172325776312099,0.00475347103579931,96
MGEL4,202501,3,0.00430206487392394,0.00289366752071426,96
MNDL3,202501,3,0.0155659213442914,0.000648831955106928,96
MTSA4,202501,3,0.00185193273319328,0.00364520074599948,96
NGRD3,202501,3,0.00786730400881551,0.000721816787828174,96
OIBR3,202501,3,0.0128790549148868,0.000392154013597119,96
OIBR4,202501,3,0.00416368424232167,0.000590402137593881,96
PDGR3,202501,3,4.40831849546741e-05,0.000721391441874403,96
PETR3,202501,3,0.0212810890309376,0.000797924232562695,96
PETZ3,202501,3,0.0121501603030656,0.000449507502124061,96
PINE4,202501,3,0.000113723417554898,4.2475091956107e-05,96
POMO3,202501,3,0.0646190067128091,0.977796299860823,96
PTBL3,202501,3,0.00244152768646801,0.00118669929070579,96
RCSL3,202501,3,0.000689478421350348,7.02514912091075e-05,96
RCSL4,202501,3,0.0152567708115205,0.00284723094138027,96
RDOR3,202501,3,0.000366447825286064,0.00118426664134079,96
RNEW4,202501,3,0.0157567364262408,0.0019253789188558,96
ROMI3,202501,3,0.00722087051265184,0.000482586666651897,96
RSID3,202501,3,0.0233147219912769,0.000515967632130137,96
RSUL4,202501,3,0.00111659645219294,0.000138609668789256,96
SANB3,202501,3,0.0294778003601469,0.00319987135952,96
SANB4,202501,3,0.0347140304665282,0.00365611311489932,96
SAPR3,202501,3,0.0113824554606474,0.00049820483756316,96
SBFG3,202501,3,0.0106806704731448,0.000480837151961419,96
SCAR3,202501,3,0.0236927625353818,0.294272672632866,96
SEER3,202501,3,0.00129810591317363,0.000194960857090152,96
SHOW3,202501,3,9.90831714219854e-05,0.000199720699023656,96
TAEE3,202501,3,0.0170780527092162,0.00602274697854786,96
TAEE4,202501,3,0.0207747725549184,0.00631583203653632,96
TASA4,202501,3,0.00106539582551596,0.000169619553757751,96
TCSA3,202501,3,0.00503737056529115,0.00134622544699395,96
TPIS3,202501,3,0.000409697328920157,0.000848367680275855,96
TRAD3,202501,3,0.00158813605248799,2.9093498189339e-05,96
UCAS3,202501,3,0.0122978634076268,0.0030087568363864,96
UNIP3,202501,3,0.0185215735153621,0.00768962605450652,96
UNIP6,202501,3,0.00815530259006464,0.00114789514679525,96
WEST3,202501,3,0.000310831967921352,0.000203036742097832,96
WHRL3,202501,3,0.0243322508752536,0.0198943585806162,96
WHRL4,202501,3,0.0230342179847647,0.018307882617962,96
WLMM4,202501,3,0.00031409586560945,9.46253238829911e-05,96
AALR3,202502,3,0.00465431514218657,0.000177628524335437,94
AGRO3,202502,3,0.00173502275969416,0.000152929545137622,94
AGXY3,202502,3,0.000367693103707866,0.00010623711313443,94
ALPA3,202502,3,4.54681603662432e-05,9.98050585721979e-06,94
ALPK3,202502,3,0.00022375798362094,0.000294838815463214,94
AMAR3,202502,3,2.54065619030903e-05,0.000126679566592826,94
AMBP3,202502,3,0.00186626878641888,7.89835856559777e-06,94
AZEV3,202502,3,0.00859659359140378,0.000312263578735115,94
BAZA3,202502,3,0.000912467470076564,2.54292900714468e-05,94
BIOM3,202502,3,0.0182082969036385,0.000407795676127266,94
BMEB4,202502,3,0.0124983500044622,0.00901887844844246,94
BPAC5,202502,3,0.0245309848232849,0.0184128313101349,94
BRAP3,202502,3,0.014886545410981,0.000173371183483555,94
BRBI11,202502,3,0.00648143912991699,0.00067545841555878,94
BRKM3,202502,3,0.0180817235730121,0.107306155186082,94
CASH3,202502,3,0.0151201234474385,0.000303590563009769,94
CLSC3,202502,3,0.0192235514169644,0.0986793260211467,94
CLSC4,202502,3,0.0674256556506823,0.864924485859274,94
CMIG3,202502,3,0.0211877944336626,0.000297380906526013,94
CMIG4,202502,3,0.0231673744196727,0.000487192653481943,94
CSED3,202502,3,0.000378134529231528,0.00089054140313101,94
CTNM4,202502,3,0.0646871238666323,1,94
CXSE3,202502,3,0.00435878233121214,0.00153215422396379,94
DASA3,202502,3,0.00557329407562809,0.000160343367571169,94
DEXP3,202502,3,0.0119973698433846,0.00125300385287216,94
DOHL4,202502,3,0.000125039935346951,3.17736280963048e-06,94
DOTZ3,202502,3,0.00127140153528705,0.000546790733213721,94
DXCO3,202502,3,0.0197496202097673,0.00119612511994027,94
EALT4,202502,3,0.0102017040299502,0.000217903473321678,94
EMAE4,202502,3,0.0136522176441428,0.000139594317816971,94
ENGI3,202502,3,0.0136643282873769,0.00350788438528685,94
ENGI4,202502,3,0.0128535636307866,0.00320435939223058,94
ENMT3,202502,3,0.00272445308407846,3.19935252572811e-06,94
EQPA5,202502,3,0.0178635122919679,0.004847635987981,94
ETER3,202502,3,0.00481117617582063,0.0218390590891842,94
FBMC4,202502,3,0.00820494160417108,0.00204707777114591,94
FHER3,202502,3,0.0326408027238497,0.00295370985558666,94
GEPA4,202502,3,0.0132987892941643,0.000353843270662249,94
GFSA3,202502,3,0.00791594879614929,0.00165327607456889,94
GOLL4,202502,3,0.00364487497335304,3.52332087523381e-05,94
HBOR3,202502,3,0.00249932767726951,0.000123394983271517,94
HBSA3,202502,3,0.0644064332712817,0.987592952184019,94
IGTI3,202502,3,0.0171554571443089,0.00396812006962955,94
INEP3,202502,3,0.0190380604559117,0.00147184621539415,94
INEP4,202502,3,0.025883739595459,0.000662257203923437,94
ITSA3,202502,3,0.00147364923125878,5.42275823144475e-05,94
KLBN11,202502,3,0.0206401601028575,0.000599272122301335,94
KLBN3,202502,3,0.00177449411452071,9.29165055934626e-05,94
LAND3,202502,3,0.0197949862722212,0.000376082721518049,94
LIGT3,202502,3,0.00317425520395713,0.000101061941785374,94
LJQQ3,202502,3,0.0643549268924841,0.988499405808436,94
LOGN3,202502,3,0.0648726535524894,0.999619324402567,94
LPSB3,202502,3,9.93414594786513e-05,5.83311998098432e-05,94
LUPA3,202502,3,0.0161023169017354,0.000578424733666466,94
LVTC3,202502,3,0.0646102994415768,0.996729223888029,94
MDIA3,202502,3,0.000241495149262405,1.7364223725631e-05,94
MERC4,202502,3,0.0178635122919679,0.004847635987981,94
MGEL4,202502,3,0.00617912586620409,0.00300819541070271,94
MNDL3,202502,3,0.0160912602622051,0.00055736866684501,94
MTSA4,202502,3,0.0041057000212882,0.00501744379530584,94
NGRD3,202502,3,0.00718432378337177,0.000587797678701873,94
OIBR3,202502,3,0.0130102812791479,0.000326649999128987,94
PDGR3,202502,3,0.00284323967756712,0.00142525866428979,94
PETR3,202502,3,0.0219363305241497,0.00122842630777896,94
PETZ3,202502,3,0.0118955155898364,0.000213126497541314,94
PINE4,202502,3,7.75972182861414e-05,3.81164687616916e-05,94
POMO3,202502,3,0.066288767633955,0.97789194212512,94
PTBL3,202502,3,0.00246898998593831,0.0011805540229415,94
RCSL3,202502,3,0.000835595285763006,0.00107243203822042,94
RCSL4,202502,3,0.0151041686186913,0.00263921914034188,94
RDNI3,202502,3,0.00201913121920838,0.00628598747123063,94
RDOR3,202502,3,0.000344583245010586,0.00103411170526287,94
ROMI3,202502,3,0.00631012729085729,0.000544133691699353,94
RSID3,202502,3,0.0214579676409425,0.00045637762331054,94
RSUL4,202502,3,0.00145127303883479,0.000189734835798445,94
SANB3,202502,3,0.0265535314574188,0.00256739471294394,94
SANB4,202502,3,0.0298192205723836,0.00281558357119605,94
SBFG3,202502,3,0.0107877056325488,0.000276321773907474,94
SCAR3,202502,3,0.0228208854193537,0.339151400936649,94
SEER3,202502,3,0.000821867781164744,0.000104470842192473,94
SHOW3,202502,3,6.95963843900933e-05,0.000178559929825567,94
TAEE3,202502,3,0.00154765539317196,0.000184254015059848,94
TAEE4,202502,3,0.0228314585056999,0.00158213984328217,94
TASA4,202502,3,0.00222840266567971,0.000188528139904567,94
TCSA3,202502,3,0.00314094302189907,0.000974877086917689,94
TPIS3,202502,3,0.000377734155181329,0.000762236743927754,94
TRAD3,202502,3,0.00234123316896186,4.40534539561236e-05,94
UCAS3,202502,3,0.0139077299751142,0.0032501408277793,94
UNIP3,202502,3,0.0155595039442749,0.000127761890889566,94
UNIP6,202502,3,0.00686913881001981,0.000188464228507096,94
WEST3,202502,3,0.000198879752383612,0.000159916331991099,94
WHRL3,202502,3,0.0253355518854295,0.0199341838718612,94
WHRL4,202502,3,0.0251565150045543,0.0184768304833816,94
WLMM4,202502,3,0.0106267429998484,6.82587171021113e-05,94
AALR3,202503,3,0.00281863219072925,1.17174357471711e-06,93
AGRO3,202503,3,0.00142334836767491,0.00037629825228166,93
AGXY3,202503,3,0.000502028066167537,0.000105308852970742,93
ALPA3,202503,3,3.58326012093587e-05,3.99881407480982e-06,93
ALPK3,202503,3,0.000340990905675457,0.000282018143446802,93
AMAR3,202503,3,3.71926896523367e-05,4.80313050463713e-05,93
AMBP3,202503,3,0.00160692843704736,2.67922762604595e-05,93
ARML3,202503,3,0.0123104017149086,0.00247022122024959,93
AVLL3,202503,3,0.00743795335909569,0.000193009896819051,93
BAZA3,202503,3,0.000813972355435185,2.33846674540991e-05,93
BIOM3,202503,3,0.0121611454180771,0.0295567387216377,93
BMEB4,202503,3,0.0116612598816682,0.00724854523089956,93
BPAC5,202503,3,0.0235244374570079,0.0162456513633591,93
BRBI11,202503,3,0.00539137021855633,0.00225145683751109,93
BRKM3,202503,3,0.0288303258286323,0.109597649779399,93
CASH3,202503,3,0.0243446670289013,0.00252909488723222,93
CGRA4,202503,3,0.00926237615277308,0.000624525142638402,93
CLSC3,202503,3,0.0290767654520853,0.100646278762919,93
CLSC4,202503,3,0.0819469924304308,0.855626031391294,93
CMIG3,202503,3,0.0214347107857361,0.000392388148455482,93
CMIG4,202503,3,0.022204205444947,0.00154655729037692,93
COCE5,202503,3,0.000763741771110612,0.00232981240729783,93
CSED3,202503,3,0.000202075850038129,0.000179105093006731,93
CSNA3,202503,3,0.0289654560169722,0.104313895332687,93
CTNM4,202503,3,0.075225959237558,1,93
DASA3,202503,3,0.0108964560260742,0.00109813418730459,93
DEXP3,202503,3,0.013242363790111,0.00138601239770131,93
DOHL4,202503,3,9.78632617112369e-05,1.96600340467e-05,93
DOTZ3,202503,3,0.000540311489780595,0.000402521215055124,93
DXCO3,202503,3,0.00958453325381424,0.000429317797697418,93
EALT4,202503,3,0.0105133023606534,0.000307195361770558,93
EMAE4,202503,3,0.0128001991567158,0.00134970653403903,93
ENGI4,202503,3,6.79732524284385e-05,7.5861525911944e-05,93
ENMT3,202503,3,0.00800290432803422,2.16246209838389e-06,93
EQPA5,202503,3,0.0225160928437367,0.00480250405788401,93
ETER3,202503,3,0.00701744824966858,0.0230390918332765,93
FBMC4,202503,3,0.00861518495424326,0.0121926402453678,93
FRAS3,202503,3,0.0064737508222634,0.00743020407847351,93
GEPA4,202503,3,0.00861749300802833,0.0186282996910527,93
GFSA3,202503,3,0.00517877422728496,0.00253062827425909,93
GOLL4,202503,3,0.00353116723810611,0.000929191772509222,93
HBOR3,202503,3,0.00407290437304655,0.000414911447267113,93
HBSA3,202503,3,0.0746060232671235,0.991454766738534,93
IGTI3,202503,3,0.00494792613222445,0.00148401800703564,93
INEP3,202503,3,0.0161393861502747,0.0147797780905888,93
INEP4,202503,3,0.0189405089145904,0.0138286791282159,93
ITSA3,202503,3,0.00179938391348263,0.000135972171968059,93
KLBN11,202503,3,0.00940340518215748,0.000332129317551676,93
KLBN3,202503,3,0.000302233778456961,1.26797595582992e-05,93
LAME4,202503,3,0.000212030298500207,2.50368141028785e-05,93
LIGT3,202503,3,0.00270356477670307,0.000529288723385413,93
LJQQ3,202503,3,0.0747540279132337,0.988158472389798,93
LOGN3,202503,3,0.0759325390393616,0.999643109843353,93
LPSB3,202503,3,0.000525536825974874,6.31972334425296e-05,93
LUPA3,202503,3,0.00597742211857732,0.00177442483115082,93
LUXM4,202503,3,0.00624743615522201,5.34755718754644e-06,93
LVTC3,202503,3,0.0751979672124177,0.996972332674974,93
MDIA3,202503,3,0.000126334489390724,9.09611388759876e-06,93
MERC4,202503,3,0.0225160928437367,0.004802504057884,93
MGEL4,202503,3,0.0073500719053091,0.0198844360243872,93
MTRE3,202503,3,0.00386643716840316,0.00126363413912127,93
MTSA4,202503,3,0.0014922638611383,0.00357865416228489,93
NGRD3,202503,3,0.00912781829077082,0.00106739287660216,93
OIBR3,202503,3,0.00841679558146931,0.00672393014219836,93
PDGR3,202503,3,1.14205666770949e-05,2.20339550779546e-06,93
PETR3,202503,3,0.0213496813374657,0.00104196587814476,93
PETZ3,202503,3,0.0116650665248552,0.000601292692305152,93
PINE4,202503,3,0.000146910039919729,9.13568990515392e-05,93
POMO3,202503,3,0.0757790272689274,0.973378488076814,93
PTBL3,202503,3,0.000995424153627848,0.000837846072328692,93
RCSL3,202503,3,0.00209021274624795,0.000218237712596029,93
RCSL4,202503,3,0.0229888196589374,0.00281487396942774,93
RDNI3,202503,3,0.00799753286675846,0.0079635019711085,93
RDOR3,202503,3,0.000322151325825632,0.00081546544199651,93
ROMI3,202503,3,0.0072408253193951,0.000372142557394339,93
RSUL4,202503,3,0.00135984225096158,0.000211896017321437,93
SBFG3,202503,3,0.0107958498495125,0.00122716453331083,93
SCAR3,202503,3,0.0240623188046923,0.31190381555251,93
SEER3,202503,3,0.00160185200852599,0.000133842815540014,93
SHOW3,202503,3,5.89103417944399e-05,0.000136212225640653,93
TAEE4,202503,3,0.00623306711823788,0.00109286950960146,93
TASA4,202503,3,0.00195688865332478,0.000577798723527976,93
TCSA3,202503,3,0.00984899946358081,0.00107690759126738,93
TPIS3,202503,3,0.000434867743795081,0.000803472020656661,93
TRAD3,202503,3,0.00186472541548721,3.37249249002008e-05,93
UCAS3,202503,3,0.0173412672040036,0.00857651816995198,93
UNIP3,202503,3,0.00909239231371125,0.000198075881165956,93
UNIP6,202503,3,0.00837410435201832,0.000389392485429257,93
VLID3,202503,3,0.0799922791187085,0.955484126295195,93
WEST3,202503,3,0.000163622929951679,2.28958073757637e-05,93
WHRL3,202503,3,0.0249275543473956,0.0174180353988069,93
WHRL4,202503,3,0.0282960134695921,0.0167087718390197,93
WLMM4,202503,3,0.0107786810712895,0.00030745220873557,93
AALR3,202504,3,0.00697914149599434,0.000422387460575383,94
AGRO3,202504,3,0.00152143254945239,0.0002789345066016,94
AGXY3,202504,3,0.00015182902751705,8.47923610896922e-05,94
ALPA3,202504,3,2.44464677799089e-05,4.2836169275133e-06,94
ALPK3,202504,3,0.000297768216116064,0.000382504798136964,94
ALUP4,202504,3,0.00598108115633023,0.000364363602613085,94
AMAR3,202504,3,2.7809189326952e-05,6.2422209214509e-05,94
AMBP3,202504,3,0.00261981577994037,3.02082853187908e-05,94
BAUH4,202504,3,0.00232630094372437,0.000390710188151391,94
BAZA3,202504,3,0.000797912986166438,2.6196279597766e-05,94
BIOM3,202504,3,0.0125420811231893,0.00029739746010145,94
BMEB4,202504,3,0.0114614535777584,0.00881835511925387,94
BPAC5,202504,3,0.0233413833435804,0.0195554280431059,94
BRBI11,202504,3,0.0050535959800837,0.00142936084997537,94
BRKM3,202504,3,0.0285178084269642,0.140004675461593,94
CASH3,202504,3,0.0303092973162394,0.00346781409799183,94
CLSA3,202504,3,0.0108941469944534,3.85559117142852e-05,94
CLSC3,202504,3,0.0282878988021448,0.128483120633096,94
CLSC4,202504,3,0.0723963451036943,0.857746836133736,94
CMIG3,202504,3,0.0211178280613989,0.000277578123064253,94
CMIG4,202504,3,0.0224746711229322,0.000753441118521294,94
COCE5,202504,3,0.00118183337092905,0.0027324531069299,94
CSED3,202504,3,0.000255187213958366,0.000489322686331098,94
CSNA3,202504,3,0.0294113916213654,0.132376729392514,94
CTNM4,202504,3,0.064203259101703,1,94
DASA3,202504,3,0.00966206537877004,0.00102891780096311,94
DEXP3,202504,3,0.0122889663135524,0.00285596809040861,94
DOHL4,202504,3,0.000167054573972559,6.79168099371493e-06,94
DOTZ3,202504,3,0.000372167046209575,0.000337888126718894,94
DXCO3,202504,3,0.001649172434968,0.000431615608394176,94
EALT4,202504,3,0.00976046860710883,0.00047754014065954,94
ENGI4,202504,3,0.000946251910369089,0.000113480005658003,94
ENMT3,202504,3,0.00795572930346842,9.11042930262996e-06,94
EQPA5,202504,3,0.0174913142740651,0.00514179450688551,94
ETER3,202504,3,0.0066711201697507,0.0287535943020377,94
FBMC4,202504,3,0.00642898428454924,0.000405367594486035,94
FRAS3,202504,3,0.0172112418903742,0.0118605912056153,94
GEPA4,202504,3,0.0100870310395973,0.000191165522662431,94
GFSA3,202504,3,0.00301002328113068,0.00286152735772855,94
GGBR3,202504,3,0.00392715161240041,0.000630970468633417,94
GOLL4,202504,3,0.0062170293226429,0.00140686892669962,94
HBOR3,202504,3,0.00525223299371987,0.000671389490390366,94
HBSA3,202504,3,0.0639531772975068,0.994999113297883,94
INEP3,202504,3,0.00723443324531245,0.000470628397351587,94
ITSA3,202504,3,0.00237239490942175,0.000279064585941857,94
KLBN3,202504,3,0.000201123787053623,2.25705715668653e-05,94
LAME4,202504,3,0.0108941471366671,3.85559387717591e-05,94
LIGT3,202504,3,0.00398689789757628,0.000700556542590965,94
LJQQ3,202504,3,0.0636865787749996,0.986541964549716,94
LOGN3,202504,3,0.0654606609825882,0.998942690265821,94
LPSB3,202504,3,0.000256519087720045,3.86017924348684e-05,94
LUPA3,202504,3,0.00142861155798078,0.00119900702112688,94
LUXM4,202504,3,0.00655302226351868,1.59442108252206e-05,94
LVTC3,202504,3,0.0642591333996918,0.996146060855929,94
MDIA3,202504,3,0.000304298571573177,3.53143737905207e-05,94
MERC4,202504,3,0.0174913142740651,0.00514179450688551,94
MGEL4,202504,3,0.00565006771449581,0.000348257398472435,94
MTSA4,202504,3,0.00267402136131519,0.00124181970109589,94
NGRD3,202504,3,0.0097775199498423,0.0013216497243433,94
OIBR3,202504,3,0.00554269942682628,0.000429241806533685,94
PDGR3,202504,3,1.39826372929071e-05,3.7166151983614e-07,94
PETR3,202504,3,0.0213767674941021,0.00083028472187755,94
PETZ3,202504,3,0.0113842121257981,0.000227385331045885,94
PINE4,202504,3,0.000644860812197332,7.7905611374667e-05,94
PMAM3,202504,3,0.0300544576089317,0.0031526291532621,94
POMO3,202504,3,0.0654423100100935,0.975737849446947,94
PTBL3,202504,3,0.000966009281598433,0.00010189097657889,94
RCSL3,202504,3,0.00108246911608423,0.000788657474657562,94
RCSL4,202504,3,0.0296040416734045,0.00342133123088011,94
RDNI3,202504,3,0.0132502057419541,0.00705603476602708,94
RDOR3,202504,3,0.000453264201433673,0.000874031074736082,94
ROMI3,202504,3,0.00492968657160091,0.00113701837362918,94
RSID3,202504,3,0.0159364428417855,0.000367363281826587,94
RSUL4,202504,3,0.00118340913599527,0.000227959046522004,94
SANB3,202504,3,0.0293339938251529,0.00394643023621933,94
SANB4,202504,3,0.0288748869471071,0.00399331497405469,94
SBFG3,202504,3,0.0107551915230591,0.000211174514240183,94
SCAR3,202504,3,0.0205325378802832,0.316367609443017,94
SEER3,202504,3,0.000103329175459934,0.0001078948745591,94
SHOW3,202504,3,6.27416008765795e-05,0.00022327799533207,94
TAEE3,202504,3,0.0215215949834374,0.00223731691650155,94
TAEE4,202504,3,0.0218197967072922,0.00223095270053267,94
TASA4,202504,3,0.00204317161650463,0.000559221119548133,94
TECN3,202504,3,0.00365345716969607,0.00392660449900776,94
TPIS3,202504,3,0.000444066215825908,0.000945049567090084,94
TRAD3,202504,3,0.00164688373038494,4.41549657904147e-05,94
TRIS3,202504,3,0.017313984572045,0.0117826371813727,94
UCAS3,202504,3,0.0136466509815047,0.00331970809812212,94
UNIP3,202504,3,0.00856594079792771,0.000105711292196391,94
UNIP6,202504,3,0.00915762341227344,0.000251808513951118,94
WEST3,202504,3,0.000638494950981245,8.00242116510985e-05,94
WHRL3,202504,3,0.0245348922741147,0.0209456465763578,94
WHRL4,202504,3,0.0285318033218188,0.0194083135130958,94
WLMM4,202504,3,0.000306755139932748,5.24572408537278e-05,94
AALR3,202506,3,0.00917353915756309,0.000259777072104097,91
AGRO3,202506,3,0.00140152152379789,0.000169558324235045,91
AGXY3,202506,3,6.55327625819244e-05,9.60913235077818e-05,91
ALLD3,202506,3,0.00867349710509031,0.0020877686633066,91
ALPA3,202506,3,2.37185295783847e-05,2.77640372545178e-06,91
ALPK3,202506,3,0.000222657746512486,0.000223221233956652,91
ALUP4,202506,3,0.00134750832321173,0.000136836027868851,91
AMAR3,202506,3,1.13489287440663e-05,3.60151450899782e-05,91
AMBP3,202506,3,0.00373917928766858,2.12178388934986e-05,91
ARML3,202506,3,0.00912971319252973,0.00151667163032276,91
BAUH4,202506,3,0.00239612186154772,0.000433640287208108,91
BAZA3,202506,3,0.000569734466941595,1.34423056854155e-05,91
BIOM3,202506,3,0.0168743688864321,0.0269657346454365,91
BMEB4,202506,3,0.0127385953983293,0.00745760867620316,91
BPAC5,202506,3,0.0249110187867194,0.0158397790430301,91
BRAP3,202506,3,0.00746462083039834,0.000147341571411547,91
BRBI11,202506,3,0.00563361471663636,0.00239178083335697,91
BRKM3,202506,3,0.0296127187060524,0.112722353591931,91
CASH3,202506,3,0.0204611733283183,0.00320580327520473,91
CGAS5,202506,3,4.28259309577195e-05,4.8403945230191e-05,91
CLSC3,202506,3,0.0293625636716614,0.104325210428168,91
CLSC4,202506,3,0.0829583629002395,0.838709613532324,91
CMIG3,202506,3,0.0219392198310257,0.000362426864943413,91
CMIG4,202506,3,0.0241264279175086,0.0018044632759868,91
CSED3,202506,3,0.000398483612024306,0.00164112433241304,91
CSNA3,202506,3,0.0308557539181052,0.106883224525296,91
CTNM4,202506,3,0.0769918306415728,1,91
CXSE3,202506,3,0.00399288471390649,0.00137851844637363,91
DASA3,202506,3,0.00618162395078177,0.000780056023801634,91
DEXP3,202506,3,0.0121796925997886,0.000844009679151034,91
DOHL4,202506,3,0.00149216967127841,5.84234092490241e-05,91
DOTZ3,202506,3,0.000702195748441553,0.00037838031775847,91
DXCO3,202506,3,0.00433538274289977,0.0013034084618636,91
EALT4,202506,3,0.0110677545424693,0.00014344673463958,91
EMAE4,202506,3,0.0135792939057705,0.00164303335332868,91
ENGI4,202506,3,8.5264465122439e-05,9.11520628565208e-05,91
ENMT3,202506,3,0.00873798672146315,1.42206294481669e-06,91
EQPA5,202506,3,0.0156381695767459,0.0034460512916487,91
ETER3,202506,3,0.00683836138327899,0.0226293739688405,91
FBMC4,202506,3,0.00802396421892531,0.00922942492184637,91
FHER3,202506,3,0.0269423678318243,0.0016477508134887,91
GEPA4,202506,3,0.0121589392531319,0.017906173132582,91
GFSA3,202506,3,0.00556467180870231,0.00228097614218846,91
GGBR3,202506,3,0.0414359352777065,0.000790141697861318,91
HBSA3,202506,3,0.0759962569193687,0.984972302717493,91
INEP3,202506,3,0.0093273947870941,0.0120401431529003,91
ITSA3,202506,3,0.000461418343165754,0.000153266744365956,91
KLBN3,202506,3,0.00218150681817306,4.73198205304446e-05,91
LJQQ3,202506,3,0.0762456645810461,0.986382701572978,91
LOGN3,202506,3,0.0769251343049962,0.998979306115616,91
LPSB3,202506,3,0.000249170212682058,6.27557056413932e-05,91
LUPA3,202506,3,0.00359306113399975,0.00172498496882174,91
LUXM4,202506,3,0.00519180118170753,5.68258210669855e-06,91
LVTC3,202506,3,0.0767169765057923,0.99432636173176,91
MDIA3,202506,3,0.00023570945277132,1.78893247050545e-05,91
MERC4,202506,3,0.0156381695767459,0.0034460512916487,91
MGEL4,202506,3,0.00675236259061763,0.0154341955071931,91
MTSA4,202506,3,0.00424190624088415,0.00140319869588132,91
OIBR3,202506,3,0.00904115195238375,0.00778230136901064,91
PDGR3,202506,3,1.57829111397999e-05,2.2742670600535e-06,91
PETR3,202506,3,0.0226344527539208,0.000575263055964777,91
PETZ3,202506,3,0.0143196044129735,0.00207337283954434,91
PMAM3,202506,3,0.0211774944256395,0.00519932875256089,91
POMO3,202506,3,0.0780457209614698,0.978947016863352,91
PTBL3,202506,3,0.00171402170361989,0.00115558365773229,91
RCSL3,202506,3,0.00124272511678171,0.00105960998040403,91
RDOR3,202506,3,0.000252402215072283,0.000521474045567601,91
RSID3,202506,3,0.0205248702616259,0.034898161852509,91
RSUL4,202506,3,0.000773296700293362,0.000130652557941691,91
SANB3,202506,3,0.0394157715511941,0.00164996823617867,91
SANB4,202506,3,0.0381785566120558,0.00165138123229846,91
SAPR3,202506,3,0.0475297508621452,0.00051352066589998,91
SAPR4,202506,3,0.0475866193585362,0.000524953205299066,91
SBFG3,202506,3,0.01301427788751,0.00206248866467288,91
SCAR3,202506,3,0.0260853579128987,0.33845211211625,91
SEER3,202506,3,0.000115458186219965,0.000101065091551025,91
SHOW3,202506,3,6.45914915799357e-05,0.000188308823735854,91
TAEE3,202506,3,0.0440453598860477,0.000519394265891753,91
TAEE4,202506,3,0.0461221420818942,0.00044732489058009,91
TASA4,202506,3,0.00292909033568853,0.000210968128264027,91
TECN3,202506,3,0.00368409331041415,0.00329860961216725,91
TPIS3,202506,3,0.000346445133549007,0.000719974440069058,91
TRAD3,202506,3,0.00361394092654407,3.65458621070993e-06,91
UNIP3,202506,3,0.0123387631730394,0.00015063399460888,91
UNIP6,202506,3,0.00878246074453261,0.000246959376917885,91
VLID3,202506,3,0.0821878991342564,0.966457703954905,91
WEST3,202506,3,0.000218228057367618,1.76389579412452e-05,91
WHRL3,202506,3,0.0260611155021687,0.0170338016439101,91
WHRL4,202506,3,0.0297051560727659,0.0161287477254536,91
WLMM4,202506,3,0.0106328711018115,0.000251669912235262,91
YDUQ3,202506,3,0.00858993463355663,0.0017386183918445,91
AGRO3,202507,3,0.00108617670281136,0.000155679048825994,90
AGXY3,202507,3,2.07704690271417e-05,0.000104205927726603,90
ALPA3,202507,3,3.42445338531844e-05,5.81332462492085e-06,90
ALPK3,202507,3,0.000198976480508899,0.000247216830143967,90
ALUP4,202507,3,0.00167005646792254,3.72861405100573e-05,90
AMAR3,202507,3,1.50656775018651e-05,2.85435297685883e-05,90
AMBP3,202507,3,3.50160379671512e-05,3.90320876020483e-06,90
BAUH4,202507,3,0.0020214885858319,0.000645166421237001,90
BAZA3,202507,3,0.000730540573771285,2.52851900255982e-05,90
BIOM3,202507,3,0.00612073310215571,0.00885730177537541,90
BMEB4,202507,3,0.0129695396775965,0.00721976291762363,90
BPAC5,202507,3,0.0256715994852952,0.0154038627481045,90
BRAP3,202507,3,0.00724043758303995,0.000138777124743915,90
BRBI11,202507,3,0.00689784253982381,0.00219346537606813,90
BRKM3,202507,3,0.0298185832039199,0.109023653286878,90
CLSC3,202507,3,0.029718574091787,0.100953393135461,90
CLSC4,202507,3,0.0852778916376068,0.857797132030897,90
CMIG3,202507,3,0.0222168090667131,0.00021697325484485,90
CMIG4,202507,3,0.0233701725378123,0.00105062769434803,90
COCE5,202507,3,0.00108833406929393,0.00223561009309286,90
CSED3,202507,3,0.000588074456707236,0.00177068984271599,90
CSNA3,202507,3,0.0299484276487878,0.104644734905044,90
CTNM4,202507,3,0.0784944578317133,1,90
CXSE3,202507,3,0.00348071050167073,0.00128191228103494,90
DASA3,202507,3,0.0051409889025356,0.000631048441445284,90
DEXP3,202507,3,0.012337021003703,0.00163110948157362,90
DOHL4,202507,3,0.00245658669790359,7.04548640637574e-05,90
DOTZ3,202507,3,0.000616753262786787,0.000343238629157262,90
DXCO3,202507,3,0.00437554168508547,0.00214076539539984,90
EALT4,202507,3,0.00990820729225406,0.00023028340934418,90
EMAE4,202507,3,0.0140204895399481,0.00148654247881426,90
ENGI4,202507,3,0.000607309292513681,0.000117715546670989,90
ENMT3,202507,3,0.0010180630083674,3.73397969453573e-07,90
EQPA5,202507,3,0.0180635014291967,0.00413815004017427,90
ETER3,202507,3,0.00658706794741653,0.0210449979448861,90
FBMC4,202507,3,0.00857718443926112,0.0103452467725668,90
FHER3,202507,3,0.0386313619770771,0.0019164103415028,90
GEPA4,202507,3,0.00896736514001067,0.0135101144237321,90
GFSA3,202507,3,0.00898203036874281,0.00204710875486366,90
GGBR3,202507,3,0.0228467996879529,0.000848589665625055,90
HBSA3,202507,3,0.076785365517827,0.976444702199967,90
INEP3,202507,3,0.00897399807933476,0.0102851278848921,90
ITSA3,202507,3,0.000816028572844916,0.000158578205805711,90
KLBN3,202507,3,0.00191241998199186,8.36736104681556e-05,90
LIGT3,202507,3,0.00949863138257525,0.00134845993512282,90
LJQQ3,202507,3,0.0773752757807525,0.985339790807596,90
LOGN3,202507,3,0.0784259564733952,0.998843066437172,90
LPSB3,202507,3,0.000213238275237516,6.512319663212e-05,90
LUPA3,202507,3,6.76943077125645e-05,8.44558545880776e-05,90
LVTC3,202507,3,0.0783536631199784,0.995152306853003,90
MDIA3,202507,3,0.000378438334665948,4.5925477777896e-05,90
MERC4,202507,3,0.0180635014291967,0.00413815004017427,90
MGEL4,202507,3,0.00728043871697253,0.0160470749238057,90
MTRE3,202507,3,0.00884594016738449,0.00146079954513263,90
MTSA4,202507,3,0.00263003990106426,0.00226200311962331,90
NGRD3,202507,3,6.97274077982525e-06,2.38529468234414e-06,90
OIBR3,202507,3,0.0124247764528714,0.0109653644852078,90
PDGR3,202507,3,2.99879389930891e-05,2.50438980875266e-05,90
PETR3,202507,3,0.0228392017605456,0.000360739852541232,90
PETZ3,202507,3,0.0146886831370713,0.000762923483348592,90
PMAM3,202507,3,0.0181033494710934,0.00427619127358952,90
POMO3,202507,3,0.07967602300177,0.979574559430451,90
PTBL3,202507,3,0.00211865181850849,0.00100122075691511,90
RCSL3,202507,3,0.00651715523443182,0.000971553175211906,90
RDOR3,202507,3,0.000284162521820821,0.000568212550685296,90
ROMI3,202507,3,0.00805316165344192,0.000984154465542963,90
RSID3,202507,3,0.0158140504624961,0.0293331678979297,90
RSUL4,202507,3,0.00114690666501727,0.000156393505106024,90
SANB3,202507,3,0.0398288084116803,0.00184101252426341,90
SANB4,202507,3,0.0457197489499006,0.00186366575950834,90
SAPR11,202507,3,0.0373003830787507,0.00279028730877426,90
SBFG3,202507,3,0.0123059641267803,0.00120504925520403,90
SCAR3,202507,3,0.0303920490822214,0.387411701369848,90
SEER3,202507,3,0.000253549218525327,0.000121977086977525,90
SHOW3,202507,3,6.39229912581106e-05,0.000177036407956397,90
TAEE3,202507,3,0.0254736425904467,0.000972483714222543,90
TAEE4,202507,3,0.0247614041536947,0.00140987723108935,90
TASA4,202507,3,0.00333111831152678,0.000225991357673787,90
TECN3,202507,3,0.00631201970844197,0.0024889948286886,90
TPIS3,202507,3,0.000394955354449728,0.000708447702983503,90
TRAD3,202507,3,0.00133929251841717,2.67911535319611e-06,90
UCAS3,202507,3,0.0132266762600503,0.00778279433680413,90
UNIP3,202507,3,0.011610654339462,0.000151626233907662,90
UNIP6,202507,3,0.00988613980492998,0.000351042929200847,90
VLID3,202507,3,0.083205133175407,0.967431532474583,90
WEST3,202507,3,0.000406051471334197,1.96579235554578e-05,90
WHRL3,202507,3,0.0264967739871122,0.0164562586660765,90
WHRL4,202507,3,0.0308533389598715,0.0156882187934041,90
WLMM4,202507,3,0.0111135159093251,0.000263171121116828,90
YDUQ3,202507,3,0.00515911516135601,0.00231848499105458,90
AALR3,202509,3,0.000525123973031063,1.40771912590548e-05,90
AESB3,202509,3,0.0115271191415743,3.21877400607491e-05,90
AGRO3,202509,3,0.000828319325934802,0.000119150660427213,90
AGXY3,202509,3,0.000229722498215028,8.19864967483189e-05,90
ALPA3,202509,3,2.77147607498075e-05,2.29577938698793e-06,90
ALPK3,202509,3,0.000276046076196568,0.00011307857822678,90
ALUP4,202509,3,0.00269606300691794,7.04219663601136e-05,90
AMAR3,202509,3,1.88620464047309e-06,1.48391113703053e-05,90
AMBP3,202509,3,0.000246478801863254,1.46083815812075e-06,90
AZEV4,202509,3,0.0109308574284576,0.00926160880150849,90
AZUL4,202509,3,0.00828341506593567,0.00139166527208673,90
BAUH4,202509,3,0.00131004389518487,0.00047648293049774,90
BAZA3,202509,3,0.000466742715602762,1.17877967310677e-05,90
BIOM3,202509,3,0.00982969295201843,0.0271089922604585,90
BMEB4,202509,3,0.0122573444675326,0.0069623210749541,90
BMGB4,202509,3,0.00865514105343693,0.00404779611265567,90
BPAC5,202509,3,0.0246041119117106,0.0154291209430186,90
BRBI11,202509,3,0.00529558216864646,0.00269477457481092,90
BRKM3,202509,3,0.0317423836002227,0.109550242724427,90
CLSC3,202509,3,0.0309799963947959,0.10040090341089,90
CLSC4,202509,3,0.0859839507678745,0.857575873790045,90
CMIG3,202509,3,0.0221896168080337,0.000233052244503616,90
CMIG4,202509,3,0.0242636286929345,0.001022200015234,90
CSED3,202509,3,0.000604342584883191,0.00189802668268083,90
CSNA3,202509,3,0.0317397307805603,0.104389101433675,90
CTNM4,202509,3,0.0780225033942379,1,90
DASA3,202509,3,0.00430078869341186,0.000416185375777782,90
DEXP3,202509,3,0.0104055655187997,0.00125506196591312,90
DOHL4,202509,3,2.68627721273356e-05,5.94189627873839e-06,90
DOTZ3,202509,3,5.19479143198537e-05,0.000134591988886946,90
DXCO3,202509,3,0.00136093888105233,0.00244466268317004,90
EALT4,202509,3,0.009790556722613,0.000203977500286515,90
ENGI4,202509,3,0.000130160749937687,7.96454082659559e-05,90
ENMT3,202509,3,0.00274191824960561,4.34125974122453e-08,90
EQPA5,202509,3,0.0181473338232226,0.0041082488145244,90
ETER3,202509,3,0.00775962398226374,0.023937420375059,90
FBMC4,202509,3,0.00761361189802116,0.0101718851408523,90
FHER3,202509,3,0.0232547390274441,0.00141455959257212,90
GEPA4,202509,3,0.00983885234364779,0.0157719360724415,90
GGBR3,202509,3,0.0228868195913667,0.0010603514222518,90
HBSA3,202509,3,0.0768190468082824,0.980315363160662,90
IFCM3,202509,3,0.00445352448854877,0.00105816824901066,90
ITSA3,202509,3,0.00229653644995934,0.000177118835506299,90
KLBN3,202509,3,0.000472319899126858,3.99491348685668e-05,90
LAME4,202509,3,0.0115271191415743,3.21877400607467e-05,90
LJQQ3,202509,3,0.0775809510693612,0.991503695603095,90
LOGN3,202509,3,0.0783174200793304,0.998796253251903,90
LPSB3,202509,3,6.15699925690367e-05,3.61620859388958e-05,90
LUPA3,202509,3,5.7937395479942e-05,9.15514721513837e-05,90
LVTC3,202509,3,0.0777872674423832,0.996628283134564,90
MDIA3,202509,3,0.000691380921577563,6.19608305357686e-05,90
MERC4,202509,3,0.0181473338232226,0.0041082488145244,90
MGEL4,202509,3,0.00712186272212232,0.0164714196948997,90
MTRE3,202509,3,0.00646778431235265,0.00142377947633229,90
MTSA4,202509,3,0.00213940546289368,0.00294975850768929,90
NGRD3,202509,3,9.09836192747964e-06,7.52059236648912e-06,90
OIBR3,202509,3,0.00798332920776344,0.00731346583893174,90
PDGR3,202509,3,1.69295847089664e-05,2.11287405362171e-06,90
PETR3,202509,3,0.0223723911040508,0.000511687016161342,90
PETZ3,202509,3,0.00294332944910999,0.000291440706691793,90
PMAM3,202509,3,0.0260063782524458,0.00431510846494324,90
POMO3,202509,3,0.0791844174968731,0.977992203682998,90
PTBL3,202509,3,0.00257123203404806,0.000858460997749662,90
RCSL3,202509,3,0.007241877652043,0.000704540232931829,90
RCSL4,202509,3,0.0228297197521196,0.00278769000186694,90
RDNI3,202509,3,0.00217841235621716,0.00832399169113447,90
RDOR3,202509,3,0.000422626475514488,0.000217932820461156,90
ROMI3,202509,3,0.0316730990043867,0.00108851513568914,90
RSUL4,202509,3,0.000753666664833159,0.000117570906677588,90
SANB3,202509,3,0.0402536347431293,0.00162249998077915,90
SANB4,202509,3,0.0471928392443884,0.00135673990919638,90
SCAR3,202509,3,0.0254533674059615,0.320048454003786,90
SEER3,202509,3,0.000233323238742259,0.000168248359523916,90
SHOW3,202509,3,4.90692930555067e-05,0.000106754822556637,90
TAEE3,202509,3,0.0402521181755235,0.00140652781492403,90
TAEE4,202509,3,0.0397546204425595,0.00137786953503253,90
TASA4,202509,3,0.00240224032491909,0.000217468545224074,90
TECN3,202509,3,0.00498719299002521,0.00202482403485938,90
TPIS3,202509,3,0.00123928867974344,0.000730192424227138,90
TRAD3,202509,3,0.00288325029588605,1.00556713766246e-06,90
UCAS3,202509,3,0.0143841187780167,0.00698676043242874,90
UNIP3,202509,3,0.0110749227100595,0.00245878032348368,90
UNIP6,202509,3,0.0166474027900609,0.0218589330408065,90
USIM3,202509,3,0.00483961825839068,0.000623870660807968,90
VLID3,202509,3,0.0820820484074977,0.969841322782369,90
WEST3,202509,3,0.00016867591783325,1.14126465247894e-05,90
WHRL3,202509,3,0.0257566422816295,0.0164720242673462,90
WHRL4,202509,3,0.0298086860560088,0.0160259106159433,90
WLMM4,202509,3,0.000389242663414014,0.000380435025864347,90
YDUQ3,202509,3,0.00851815332290561,0.00424477722037698,90
AALR3,202510,3,0.00273306198155192,2.71656034460372e-05,90
AGRO3,202510,3,0.000128596496271841,0.000103835088408974,90
AGXY3,202510,3,3.33976427813462e-05,0.000113446008170787,90
ALPA3,202510,3,3.5859789231496e-05,3.21617838700202e-06,90
ALPK3,202510,3,0.000145124413529749,5.18660583180141e-06,90
ALUP4,202510,3,0.00405701225904246,0.000302021632169111,90
AMAR3,202510,3,2.93155137153306e-06,5.80551457249074e-08,90
AMBP3,202510,3,0.00209650203543968,2.91170439182686e-06,90
AZEV4,202510,3,0.00568358168275257,0.0048468891148991,90
AZUL4,202510,3,0.00806293210037989,0.00198567302479781,90
BAZA3,202510,3,0.000404759549089627,1.25597675737318e-05,90
BIOM3,202510,3,0.00510377616931563,0.0101450758630093,90
BMEB4,202510,3,0.0116593982985758,0.00916820447288015,90
BMGB4,202510,3,0.0166298016263809,0.00557956698506741,90
BPAC5,202510,3,0.0254613925819226,0.0211372042678576,90
BRAP3,202510,3,0.00336340082746569,0.000303106298703818,90
BRKM3,202510,3,0.0323864605102137,0.143593844718569,90
CLSC3,202510,3,0.0317476473260676,0.132057269527297,90
CLSC4,202510,3,0.0775015209059333,0.875670778176938,90
CMIG3,202510,3,0.02219494730102,0.00026273510382118,90
CMIG4,202510,3,0.0229422887982676,0.00098329157604827,90
CSED3,202510,3,0.000370379366630107,0.00231210693999573,90
CSNA3,202510,3,0.0327671260024323,0.137968026701581,90
CTNM4,202510,3,0.0667746072154089,1,90
DASA3,202510,3,0.000215631911810743,3.66815491269973e-05,90
DEXP3,202510,3,0.010312899174983,0.00156715998995254,90
DOHL4,202510,3,0.000144138015727785,5.79569960150748e-06,90
DOTZ3,202510,3,0.000129546388000917,3.53956070504586e-05,90
EALT4,202510,3,0.00977121814320611,0.000301775650169843,90
ENGI4,202510,3,8.85266118712407e-05,0.0001018696784161,90
ENMT3,202510,3,0.00443004632638043,1.73118673482478e-06,90
EQPA5,202510,3,0.0169237626956235,0.00565029213863352,90
ETER3,202510,3,0.00676413884787457,0.0271185487060217,90
FBMC4,202510,3,0.00747823922852941,0.012474116704824,90
FHER3,202510,3,0.029269288866603,0.00147601432293398,90
GEPA4,202510,3,0.00992479680457672,0.0193497527768772,90
HBSA3,202510,3,0.0661132479914725,0.987034597263332,90
ITSA3,202510,3,0.00227232874477106,0.000256373420512536,90
KLBN3,202510,3,0.0188390989093385,0.00101399617144999,90
KLBN4,202510,3,0.0413679997358821,0.00170477209090931,90
LIGT3,202510,3,0.00325807681093137,0.000583302892104794,90
LJQQ3,202510,3,0.0665179187596598,0.992706581832657,90
LOGN3,202510,3,0.0670982248654138,0.999736380913086,90
LPSB3,202510,3,6.54859509568654e-05,6.63851286151392e-05,90
LUPA3,202510,3,0.0012432301500548,0.00264209886895603,90
MDIA3,202510,3,0.000563617424933034,6.12411935972129e-05,90
MERC4,202510,3,0.0169237626956235,0.00565029213863352,90
MGEL4,202510,3,0.00707594020285013,0.0199986192326783,90
MTRE3,202510,3,0.00169159793091333,0.00112729898824067,90
MTSA4,202510,3,0.00107615534889764,0.00358333707962836,90
NGRD3,202510,3,7.7670755439397e-06,6.74857230749828e-06,90
OIBR3,202510,3,0.00758262079338859,0.00724304229577795,90
ONCO3,202510,3,0.0136683739014362,0.00477832094233916,90
PDGR3,202510,3,0.00730637068458703,0.00905294044555402,90
PETR3,202510,3,0.0226305101545643,0.000486639680534062,90
PETZ3,202510,3,0.00302694998029728,0.00035961583611401,90
PMAM3,202510,3,0.00414890483437846,0.00147546490640649,90
POMO3,202510,3,0.0684539191651299,0.976689165926214,90
PORT3,202510,3,0.0398065175621065,0.00196905124858463,90
PTBL3,202510,3,0.00321679071654982,0.00107204342339556,90
RCSL3,202510,3,0.0085132738387942,0.00093618450065518,90
RCSL4,202510,3,0.00293587600303722,0.000667984444199789,90
RDNI3,202510,3,0.00199679003385642,0.00957551974077359,90
RDOR3,202510,3,0.000233115267077793,0.000156972692511942,90
ROMI3,202510,3,0.00965444662797261,0.000905270294212465,90
RSID3,202510,3,0.0151727063723037,0.0381894539038074,90
RSUL4,202510,3,0.000877815562307479,0.000158541295969224,90
SANB3,202510,3,0.0580986068857641,0.00230590247271342,90
SANB4,202510,3,0.0565872446002863,0.00243109244128149,90
SAPR3,202510,3,0.0401722443106343,0.00210573619912313,90
SAPR4,202510,3,0.0397869494262569,0.00222920712166744,90
SCAR3,202510,3,0.0218272501831163,0.327905186791531,90
SEER3,202510,3,0.00025508030739585,0.000189154145202599,90
SHOW3,202510,3,0.000391983218082939,0.000131537478272122,90
TAEE3,202510,3,0.0317615562883282,0.00286111388491874,90
TAEE4,202510,3,0.0329446607609524,0.00538100211615487,90
TASA4,202510,3,0.00247265563619221,0.000260345093285198,90
TECN3,202510,3,0.00578313966401956,0.00119176108650874,90
TPIS3,202510,3,0.00164411052208472,0.000765719939157263,90
TRAD3,202510,3,0.00447442522983112,4.42549005242355e-06,90
UCAS3,202510,3,0.0111364344266534,0.0075584251231639,90
UNIP3,202510,3,0.0136166788695974,0.00587925904009139,90
UNIP6,202510,3,0.0199212429195581,0.0464053168964992,90
USIM3,202510,3,0.0139005182663096,0.00146679869861374,90
VLID3,202510,3,0.0721405705109068,0.970679449837837,90
WEST3,202510,3,7.54219219076037e-05,1.50446846021819e-05,90
WHRL3,202510,3,0.0256803596258016,0.0224291957214941,90
WHRL4,202510,3,0.0245477385794507,0.021683356924636,90
WLMM4,202510,3,0.000657111438971167,0.00078602272193864,90
YDUQ3,202510,3,0.000545417653392905,0.00164499774988076,90
AESB3,202512,3,0.0115308500568906,3.27729206935813e-05,88
AGRO3,202512,3,0.00701714655081681,0.000132283163330329,88
AGXY3,202512,3,2.5938900592559e-05,0.000107654684672239,88
ALPA3,202512,3,4.11849241734731e-05,2.5905081767371e-06,88
ALPK3,202512,3,5.72495459229228e-05,1.39878626453552e-05,88
ALUP4,202512,3,0.0109501861344007,0.000728810863443894,88
AMAR3,202512,3,4.5393851277618e-06,7.11162521473557e-08,88
AMBP3,202512,3,5.74853819251765e-05,1.94178435954375e-05,88
AZEV4,202512,3,0.0124829632728849,0.0119780495846783,88
AZUL4,202512,3,0.0115308500568906,3.27729206935806e-05,88
BAZA3,202512,3,0.000226818746029602,3.64008891709711e-06,88
BIOM3,202512,3,0.00257337248501384,0.00826003759819396,88
BMEB4,202512,3,0.0113780754931399,0.000371585359959713,88
BPAC5,202512,3,0.025609020404359,0.000926002006458206,88
BRAP3,202512,3,0.00455274763018677,0.00191296515496766,88
BRAP4,202512,3,0.0452276689812509,0.191481749185531,88
BRKM3,202512,3,0.0442220475403485,0.192882091979661,88
CGRA4,202512,3,0.00162626075863771,0.000423746466117498,88
CLSC3,202512,3,0.0425580858269058,0.177939068570893,88
CLSC4,202512,3,0.0859060419199621,0.919970666852664,88
CMIG3,202512,3,0.0227063457423857,0.00025355970023793,88
CMIG4,202512,3,0.0233615884448492,0.000972157273878759,88
CSED3,202512,3,0.000583299187480099,0.00175947801406717,88
CSNA3,202512,3,0.0427410419472583,0.184559405741964,88
CTNM4,202512,3,0.0676855938002056,1,88
DASA3,202512,3,0.000351586538693847,7.30070573527944e-05,88
DEXP3,202512,3,0.0106302486913198,0.00258716861011896,88
DOHL4,202512,3,0.000457594285783379,2.33115442019687e-05,88
DOTZ3,202512,3,0.000315513135044444,1.23355024409107e-05,88
EALT4,202512,3,0.0105237433435984,0.00047021536226387,88
ELET3,202512,3,1.00625275999091e-06,3.0395001233541e-08,88
ENGI4,202512,3,0.000272131537060716,5.71069079290692e-05,88
ENMT3,202512,3,0.00660839742581386,4.24982869854215e-07,88
EQPA5,202512,3,0.0186620600302249,0.00666242865995285,88
ETER3,202512,3,0.00898948553599707,0.0376040426615468,88
FBMC4,202512,3,0.00731307745121337,0.0103701190291558,88
FHER3,202512,3,0.0119154548737959,0.000620894818052219,88
GEPA4,202512,3,0.00626820835076214,0.0157459466865762,88
HBSA3,202512,3,0.0672117983423297,0.988411916116001,88
ITSA3,202512,3,0.000482537104873503,0.000299236341100391,88
KLBN3,202512,3,0.00996859466051938,0.000289523682536175,88
LIGT3,202512,3,0.000847312574823302,0.000579728168022331,88
LJQQ3,202512,3,0.0676610121515693,0.994960114529697,88
LOGN3,202512,3,0.0676263866734194,0.998733167597882,88
LPSB3,202512,3,0.00010673541833809,4.83854340710967e-05,88
LUPA3,202512,3,0.00156954660658412,0.00295142880613165,88
MDIA3,202512,3,2.65423598535659e-05,9.81007571543729e-06,88
MERC4,202512,3,0.018662060030225,0.00666242865995285,88
MGEL4,202512,3,0.00711514106129013,0.0173656313170896,88
MTRE3,202512,3,0.000682513228563208,0.000822758275060861,88
MTSA4,202512,3,0.000427302713516462,0.000280725541554412,88
NGRD3,202512,3,4.19116117570536e-05,4.64296169688036e-05,88
OIBR3,202512,3,0.00793331367367244,0.00924002623053539,88
PETR3,202512,3,0.0227111587765845,0.000453976268403314,88
PETZ3,202512,3,0.00127112241159045,0.00450625789845292,88
PMAM3,202512,3,0.00104028274004074,0.000738589866524191,88
POMO3,202512,3,0.0667061358818335,0.984164898871676,88
PTBL3,202512,3,0.00129490111015586,0.000486736566729632,88
PTNT4,202512,3,0.00398645679197149,0.00395108626911716,88
RCSL3,202512,3,0.0121587396290068,0.000721267944873164,88
RCSL4,202512,3,0.0115588488860757,0.000750597532667725,88
RDOR3,202512,3,0.000135254480325506,0.00012675246818145,88
REDE3,202512,3,0.000295451389723842,0.00057027903613529,88
ROMI3,202512,3,0.00216921554096725,0.000885618687786145,88
RSUL4,202512,3,0.000906179132740709,0.00012498723967068,88
SANB3,202512,3,0.0314132764751628,0.00126408824015267,88
SANB4,202512,3,0.048254834320502,0.00194315458757112,88
SAPR3,202512,3,0.0493261982981507,0.00238356858242549,88
SAPR4,202512,3,0.0494534640202851,0.00245438242614629,88
SCAR3,202512,3,0.0144446687623983,0.217021583731064,88
SEER3,202512,3,0.000403664042528552,0.00015022118825638,88
SEQL3,202512,3,4.93865764791351e-06,3.30563636633953e-06,88
SHOW3,202512,3,0.000351004692266878,2.55147133805404e-05,88
TAEE3,202512,3,0.0451951191936243,0.00293786380120939,88
TAEE4,202512,3,0.0419854888996406,0.00348775688404021,88
TASA4,202512,3,0.00185413823279192,0.000379884449601881,88
TECN3,202512,3,0.00286908804010995,0.000868334593592116,88
TPIS3,202512,3,0.00142286548511816,0.000618261795748549,88
TRAD3,202512,3,0.00672965449327697,2.09987496870521e-06,88
UCAS3,202512,3,0.0135111869820782,0.00942825495796876,88
UNIP3,202512,3,0.0121229805889378,0.00864944639611658,88
UNIP6,202512,3,0.0248178687365428,0.0661556843077611,88
VLID3,202512,3,0.0704776594383892,0.973872697414402,88
WEST3,202512,3,3.72284720655509e-06,8.77613198553295e-06,88
WHRL3,202512,3,0.0249482215548255,0.000844116061841955,88
WHRL4,202512,3,0.023771303796433,0.0015998184009842,88
WLMM4,202512,3,0.00309888024922487,0.00110477506005828,88
YDUQ3,202512,3,0.000544219730546724,0.00231945441341589,88
AGRO3,202603,3,0.00694979799501311,0.00034621711271722,77
ALPA3,202603,3,2.66145436278023e-05,3.41012141929173e-05,77
ALPK3,202603,3,0.000356972112976901,7.13481374441126e-06,77
ALUP4,202603,3,0.0208632695153676,0.032633259246573,77
AMAR3,202603,3,6.41538406688694e-06,6.85458868373186e-07,77
AMBP3,202603,3,0.00010726199686932,3.06136603288837e-05,77
ARML3,202603,3,0.000396013814168602,0.00503689150539683,77
ASAI3,202603,3,0.000470330234896989,0.00117933703709885,77
AZEV4,202603,3,0.0463161318425793,0.0612389432635887,77
BIOM3,202603,3,0.00277087451912627,0.0030042415508855,77
BLAU3,202603,3,0.0190931810891084,0.0144740678098804,77
BMEB4,202603,3,2.92336958366662e-05,9.07997029017427e-06,77
BPAC5,202603,3,0.00964426272438598,0.0146946849987352,77
BRAP4,202603,3,0.0465462166304735,0.995368003747112,77
BRKM3,202603,3,0.045881711666994,1,77
CAMB3,202603,3,0.00197172799796583,0.000518095919638573,77
CGRA3,202603,3,0.0154093632738184,4.20070612326266e-05,77
CGRA4,202603,3,0.0156836328489064,6.80385048840925e-05,77
CLSC4,202603,3,0.0438618126389555,0.999902722235662,77
CMIG3,202603,3,0.0262041427594751,0.00276899329320911,77
CMIG4,202603,3,0.0269312755509338,0.00486348669885852,77
CRPG5,202603,3,0.00653123604009241,0.00619992920187135,77
CSED3,202603,3,0.000169551671729617,0.000308758621533322,77
CSNA3,202603,3,0.0416337926052758,0.94944755096382,77
CTNM4,202603,3,0.0257325519656708,0.0324178803416878,77
CVCB3,202603,3,0.0121714892535281,0.000595956478567052,77
CXSE3,202603,3,0.000400540956727754,0.000579265361886628,77
DASA3,202603,3,0.00384459040559674,2.49820983508069e-05,77
DEXP3,202603,3,0.000701095652689147,0.0097463087867981,77
DMVF3,202603,3,0.00453837403540154,0.000371837033220514,77
DOHL4,202603,3,0.00616995352252828,0.0049577215808157,77
DXCO3,202603,3,0.00155839410088489,0.0287074741145264,77
ENGI4,202603,3,0.000286387981460057,0.000343701931968964,77
ENJU3,202603,3,0.00507016610815773,0.000887683281375876,77
ESPA3,202603,3,0.000824024745313333,0.00093296242562732,77
ETER3,202603,3,0.00932610889909855,0.224775161734905,77
EUCA4,202603,3,0.00107603111782949,0.000209755160628606,77
ITSA3,202603,3,0.00258811427664066,0.00289568756943032,77
ITUB3,202603,3,0.0385157964056749,0.0591662746604155,77
JALL3,202603,3,0.0018500687394096,0.000641384213931683,77
KLBN3,202603,3,0.00843843974202166,0.000279034045663622,77
LIGT3,202603,3,0.0044937525010401,0.00248277846677539,77
LOGN3,202603,3,0.00710780213299602,0.00695079708525151,77
MDIA3,202603,3,1.99551410321098e-05,6.9604386477403e-06,77
MTRE3,202603,3,0.000477216949099719,0.00017964866422942,77
NGRD3,202603,3,4.41398915256738e-05,1.73223929383867e-05,77
OIBR3,202603,3,0.0388433186221571,0.0620839714708141,77
PCAR3,202603,3,0.00167406102339625,0.000640828891726016,77
PETR3,202603,3,0.0263969728771362,0.00331718509581358,77
PFRM3,202603,3,0.00403441534103836,0.000630021630776518,77
PMAM3,202603,3,0.0361155626146873,0.0623697845162358,77
POMO3,202603,3,0.000312851395242755,5.33594977210278e-05,77
PTBL3,202603,3,0.000191701477439421,0.000808573344039488,77
RAIZ4,202603,3,0.0132835495776676,0.0107148988633018,77
RCSL3,202603,3,0.0143195114182905,0.00379111492365129,77
RCSL4,202603,3,0.0168018355368969,0.00682734169128635,77
RECV3,202603,3,0.0191866929946235,0.00227536479011072,77
ROMI3,202603,3,0.0010521188896235,0.00562586381411177,77
SANB4,202603,3,0.00472542184401937,0.000401115471904234,77
SCAR3,202603,3,0.00551291705574482,2.57100360715557e-05,77
SEER3,202603,3,0.000199475455604727,0.000112170258842951,77
SEQL3,202603,3,5.6551992775642e-05,7.07370242512083e-05,77
SHOW3,202603,3,0.00255901631659983,7.4683017289942e-05,77
SIMH3,202603,3,0.00217256474082324,0.00139157450838806,77
SYNE3,202603,3,0.00273408852351458,0.0170039609121446,77
TAEE3,202603,3,0.00898991596364516,0.00152724550950481,77
TASA4,202603,3,0.00171198591000722,0.00220063078991691,77
TCSA3,202603,3,0.00672295256272621,0.00338967215944249,77
TECN3,202603,3,0.00185013775729082,0.000297591098459407,77
UCAS3,202603,3,0.0192266023553049,0.000889513730061352,77
UNIP3,202603,3,0.00987661853468995,0.0903650246740452,77
UNIP6,202603,3,0.0239868231361903,0.367375459887067,77
USIM3,202603,3,0.000398058312519316,0.00157451656547332,77
VBBR3,202603,3,0.00468316381775203,0.0023991093173879,77
VITT3,202603,3,0.00039728767800339,0.000105995756410222,77
VVEO3,202603,3,0.0055264096500779,0.00013833360095844,77
WEST3,202603,3,1.52739109171434e-05,6.87853791744593e-05,77
AGRO3,202604,3,0.00490607705688183,8.00505936481119e-05,77
ALPA3,202604,3,2.69764361323492e-06,6.14749864260503e-07,77
ALPK3,202604,3,4.76865728983721e-05,2.30518239391019e-06,77
ALUP4,202604,3,0.000893084950903003,0.000568358401961356,77
AMAR3,202604,3,1.01565691395081e-06,3.0391511498636e-08,77
AMBP3,202604,3,1.83719259531873e-05,1.8156039251896e-06,77
ARML3,202604,3,0.00058710145189257,0.005797179212928,77
ASAI3,202604,3,0.000599633292979361,0.00132820420586036,77
AVLL3,202604,3,1.99978414666445e-05,4.87653181505007e-06,77
AZEV4,202604,3,0.0313145497161241,0.0160272228234538,77
BAUH4,202604,3,3.23148085662814e-05,3.47677001158213e-06,77
BLAU3,202604,3,0.012078434236457,0.00335511812597247,77
BMEB4,202604,3,2.80669807573192e-05,5.14791412699303e-06,77
BPAC5,202604,3,0.000158700947598049,0.00119739718442085,77
BRAP3,202604,3,0.00484253662850849,0.0181180354727748,77
BRAP4,202604,3,0.0468306882865502,0.99577199679068,77
BRKM3,202604,3,0.0444526820601774,0.999943762339779,77
CAMB3,202604,3,0.00157269808645762,0.000246745097966898,77
CGRA4,202604,3,0.00282236124425024,4.37325766162808e-05,77
CLSC4,202604,3,0.044593918715387,1,77
CMIG3,202604,3,0.0261016133760126,0.00228184735336488,77
CMIG4,202604,3,0.0266407657072397,0.0041265707533939,77
CRPG5,202604,3,0.00297067175633354,0.00105074202159045,77
CSED3,202604,3,0.000151124984050007,0.000335401406795328,77
CSNA3,202604,3,0.0429476684250613,0.963180504925949,77
CTNM4,202604,3,0.0137312328272584,0.000276247137930481,77
CXSE3,202604,3,0.00047355357730526,0.000622430954297356,77
DASA3,202604,3,2.91572119620502e-05,2.18785562453718e-05,77
DEXP3,202604,3,0.00493953986066224,0.0129297663261748,77
DOHL4,202604,3,0.0137312328272584,0.000276247137930481,77
DXCO3,202604,3,0.00167156579183791,0.00870387387278801,77
ENGI3,202604,3,0.00269931088747379,6.31749371212631e-05,77
ENGI4,202604,3,0.00232234903114992,1.40179323730773e-05,77
ENJU3,202604,3,0.00330865640755664,0.000255284801761813,77
ESPA3,202604,3,0.00395671559594123,0.00073599541070181,77
ETER3,202604,3,0.0089858015620183,0.209397791119131,77
EUCA4,202604,3,0.00113793472292599,0.000884576941438576,77
EVEN3,202604,3,0.00426291956392221,0.00226124543699368,77
GRND3,202604,3,0.0394188035532611,0.017288982547703,77
ITSA3,202604,3,0.00331320781227548,6.97230333295956e-05,77
ITUB3,202604,3,0.0352601034371553,0.0191281319603574,77
JALL3,202604,3,0.00122850026197199,0.000259976728382648,77
KLBN3,202604,3,0.00686757284791606,0.000369132216917967,77
LOGN3,202604,3,0.005459047388637,0.00231545097470165,77
MDIA3,202604,3,5.62078961952247e-05,6.04033187209692e-06,77
MRVE3,202604,3,0.00133972683559555,0.000564596574351892,77
MTRE3,202604,3,0.000517576005239109,6.57000986751558e-05,77
NGRD3,202604,3,0.000133427650168569,2.56266735838402e-05,77
OIBR3,202604,3,0.032833004554219,0.0190962894718861,77
PCAR3,202604,3,0.00118319341366343,0.000140401435152654,77
PETR3,202604,3,0.0261183793131748,0.00273155266381707,77
PFRM3,202604,3,0.000412305465298242,0.000466443441707579,77
POMO3,202604,3,0.000235275859844566,0.000305254175366606,77
PTBL3,202604,3,0.000375959980232275,0.000415583964834672,77
RCSL3,202604,3,0.014269101248011,0.000667403043435814,77
RCSL4,202604,3,0.014294625365124,0.0012304682175944,77
RECV3,202604,3,0.0132284226496462,0.00023249639447489,77
ROMI3,202604,3,0.000737399448166429,0.00581924755696283,77
RSID3,202604,3,0.0147488376702116,0.00713637863823937,77
SANB4,202604,3,0.0243208940340808,0.00737462587677532,77
SCAR3,202604,3,0.002768673557967,8.00679726080584e-06,77
SEER3,202604,3,0.000107867267751262,7.42902198062377e-05,77
SEQL3,202604,3,2.75572598628565e-05,2.21056476740845e-05,77
SMTO3,202604,3,0.00336832936792833,0.000779873779332323,77
SOJA3,202604,3,0.00622136874821444,0.0195469318373629,77
SYNE3,202604,3,0.00148597044738069,0.0164455389667394,77
TAEE3,202604,3,0.025240191841162,0.00753901045840716,77
TASA4,202604,3,0.000240529036447111,5.43232728520941e-05,77
TCSA3,202604,3,0.00674936134651795,0.000989450346189514,77
TECN3,202604,3,0.00118293231450992,0.000140388010497762,77
TRIS3,202604,3,0.000315594880821683,0.00013003573042803,77
UCAS3,202604,3,0.0133963985222728,9.87878387362697e-05,77
UNIP3,202604,3,0.0132957446486537,0.0942781414249419,77
UNIP6,202604,3,0.0248892018458584,0.388904373839708,77
USIM3,202604,3,0.000473914274484068,0.00220043962430983,77
VBBR3,202604,3,0.000525242979174132,0.00197288758297512,77
VITT3,202604,3,0.000578045767264776,0.00017782221279966,77
AGRO3,202606,3,0.00268200239139659,0.0289303436433858,62
AMBP3,202606,3,0.0110288735445327,0.0960941328889397,62
ARML3,202606,3,0.00586869897932765,0.0367999390880713,62
AZEV4,202606,3,0.0473011548752033,0.17430104642152,62
BIOM3,202606,3,0.0739199970203903,0.230413277920777,62
BLAU3,202606,3,0.0304814420172253,0.112041912721649,62
BMEB4,202606,3,6.20399613613822e-05,0.000565517005344258,62
BMGB4,202606,3,0.0220937585838633,0.0383720372159862,62
BRAP4,202606,3,0.0605158092342714,0.110637696069131,62
CAML3,202606,3,0.027146722753999,0.0452361052877049,62
CMIG3,202606,3,0.0324845025386318,0.0205922233609198,62
CMIG4,202606,3,0.0331165100649605,0.021709383617126,62
CRPG5,202606,3,0.0308278331924823,0.0266674010280851,62
CSED3,202606,3,0.0001216726325938,0.00117745161664538,62
CSNA3,202606,3,0.0609756270105093,0.115767372579442,62
CVCB3,202606,3,0.000856721903306066,0.00715866574661013,62
CXSE3,202606,3,0.00257943627978708,0.0188393601899813,62
DASA3,202606,3,0.00794397676448323,0.00260508520363748,62
DEXP3,202606,3,0.000100312914645295,0.000823836727623284,62
DXCO3,202606,3,0.00490479951560235,0.0130349984273161,62
ESPA3,202606,3,0.047258330860218,0.149589540244741,62
ETER3,202606,3,0.0214952484946764,0.129301802107624,62
EUCA4,202606,3,0.00705404276677107,0.033543630660385,62
EVEN3,202606,3,0.00664731560416948,0.0220861246236793,62
HAPV3,202606,3,0.00423498649108062,0.00501027697054011,62
HBRE3,202606,3,0.000204582201124119,0.00062856809853394,62
HYPE3,202606,3,0.0715373965075757,0.206455198323857,62
ITUB3,202606,3,0.113617530334231,0.941872212827486,62
KLBN3,202606,3,0.0158887271012276,0.0140976020186614,62
KLBN4,202606,3,0.0227426433239168,0.0636720009356925,62
LIGT3,202606,3,0.0164978574732731,0.0346955580142715,62
LOGN3,202606,3,0.0130078468112184,0.12742833561951,62
LWSA3,202606,3,0.065302647241573,0.179260836803934,62
MATD3,202606,3,0.0540413058018349,0.587555260500388,62
MEAL3,202606,3,0.00314812160942443,0.0295312068523215,62
MOVI3,202606,3,0.0956976282288444,0.89151595723381,62
MTSA4,202606,3,0.0308278331924823,0.0266674010280851,62
ONCO3,202606,3,0.0483784865344112,0.164752774783133,62
OPCT3,202606,3,0.00817162964033082,0.0358562047221063,62
PCAR3,202606,3,0.000860808076864099,0.00169381828247953,62
PETR3,202606,3,0.0382566070948486,0.0730715874811154,62
PMAM3,202606,3,0.0356169791565797,0.189246906867661,62
PTBL3,202606,3,0.00996878592673657,0.0813991973933292,62
QUAL3,202606,3,0.00772872818133867,0.00892612536733381,62
RDOR3,202606,3,0.00602739867176755,0.00820000478490759,62
ROMI3,202606,3,0.0975282740882023,0.998496351544661,62
SANB3,202606,3,0.0975059340568292,1,62
SAPR4,202606,3,0.0282559600382515,0.287638319312263,62
SCAR3,202606,3,0.0022490593026214,0.00244189423532027,62
SHOW3,202606,3,0.0251404984451905,0.0229677273558748,62
SIMH3,202606,3,0.0068151401676437,0.00806192440455769,62
SOJA3,202606,3,0.00769167074332718,0.00802813049020177,62
TASA4,202606,3,0.0965745363295357,0.853434366420311,62
TGMA3,202606,3,0.0222802049185282,0.135331693044193,62
TTEN3,202606,3,0.0693252614940709,0.180920524932019,62
UNIP6,202606,3,0.0259362443040705,0.0481865474051108,62
USIM5,202606,3,0.0601954621093454,0.111020539123746,62
VBBR3,202606,3,0.0301773367467816,0.145957123692009,62
VLID3,202606,3,0.0693733578570503,0.204922143305943,62
VULC3,202606,3,0.0987570902066767,0.979294471796464,62
VVEO3,202606,3,0.0107600057000824,0.0222053760567663,62
WEST3,202606,3,0.01144789581365,0.0839606077644373,62
AGRO3,202607,3,0.00356432667124062,0.0287211119527643,58
ALUP11,202607,3,0.00201611491814168,0.0112048223882364,58
ARML3,202607,3,0.00978827250692607,0.0460260154167964,58
BIOM3,202607,3,0.0486412965387529,0.1096353724416,58
BLAU3,202607,3,0.0112746389225902,0.0371622835277155,58
BMEB4,202607,3,7.3482111807026e-05,0.000548767729869931,58
BMGB4,202607,3,0.0237215796455095,0.0291910198390956,58
BRAP4,202607,3,0.0794593580954038,0.148185643944664,58
CBAV3,202607,3,0.0889977194888301,0.722483062582605,58
CMIG3,202607,3,0.0348574345063979,0.0131799310945311,58
CMIG4,202607,3,0.037334721643146,0.0285991265124273,58
CSED3,202607,3,0.000256490136165497,0.00155706293832611,58
CSNA3,202607,3,0.0769004835302695,0.156677931608148,58
CVCB3,202607,3,0.000246107497976158,0.000563580554550483,58
CXSE3,202607,3,0.00543214823885751,0.0421218502958389,58
DASA3,202607,3,0.0121092390712372,0.00462730066484009,58
DESK3,202607,3,0.126978915661462,0.992663648581902,58
ESPA3,202607,3,0.0359583348255101,0.0439338519706789,58
EUCA4,202607,3,0.00131360335625413,0.00570460137285997,58
EVEN3,202607,3,0.00471036670774562,0.0142944294320087,58
FRAS3,202607,3,0.0119462033596699,0.0183218519736292,58
GMAT3,202607,3,0.0327759217202906,0.0407771994004825,58
HAPV3,202607,3,0.00397901809681739,0.00510617379023103,58
HYPE3,202607,3,0.113697418316083,0.351207976986444,58
IRBR3,202607,3,0.0867148159590975,0.204005909713233,58
ITUB3,202607,3,0.125997634416364,0.902690306923348,58
KLBN3,202607,3,0.0138290183571507,0.0107429081360419,58
KLBN4,202607,3,0.0215168333619109,0.0657216995656006,58
LIGT3,202607,3,0.0178503499446827,0.0119171144589662,58
LWSA3,202607,3,0.0454882392225236,0.0522631427809208,58
MATD3,202607,3,0.0595327738455383,0.486584069919384,58
MEAL3,202607,3,0.00361143040188552,0.0279632030195234,58
MELK3,202607,3,0.000403556089239315,0.00165241059405648,58
MILS3,202607,3,0.130659041640781,0.957027278774979,58
MOVI3,202607,3,0.103538618999631,0.789072343778891,58
NATU3,202607,3,0.00294798173891721,0.00416056448824307,58
ONCO3,202607,3,0.0211264648510564,0.0261528501155238,58
ORVR3,202607,3,0.00213094043210488,0.00231881421723628,58
PCAR3,202607,3,0.000181434933783681,0.000337894946224723,58
PETR3,202607,3,0.0399269804254146,0.0488230369104944,58
PLPL3,202607,3,0.00440276825596373,0.00392406308637702,58
PTBL3,202607,3,0.0122510206617773,0.0775799244105179,58
RAIL3,202607,3,0.0321372544129552,0.229577067795826,58
ROMI3,202607,3,0.127682457429501,1,58
SANB11,202607,3,0.122820620472801,0.957069024675465,58
SAPR11,202607,3,0.127761482276821,0.994707959798273,58
SBFG3,202607,3,0.0255426054901183,0.0328875302636346,58
SCAR3,202607,3,0.000539498645163776,0.000493185684597375,58
SEQL3,202607,3,8.14581469477519e-05,0.000157348703325879,58
SIMH3,202607,3,0.0117391460839365,0.0111037582317834,58
SOJA3,202607,3,0.00514776178974962,0.00325680292831272,58
SUZB3,202607,3,0.00972440117282681,0.0593452051736801,58
UNIP6,202607,3,0.0334904060517546,0.0651140773956042,58
USIM5,202607,3,0.0766367460865262,0.153519996225906,58
VBBR3,202607,3,0.0244615145780839,0.0508576233585597,58
VLID3,202607,3,0.0461426423732741,0.0773623848269463,58
VVEO3,202607,3,0.0123795932401312,0.021626885696448,58
WHRL4,202607,3,0.000857884693738653,0.000652488808038759,58
AALR3,201701,1,0.129272591907965,0.334720226920521,74
ABEV3,201701,1,0.313849527765936,0.913205187983129,74
ALUP11,201701,1,0.11844282654173,0.321409160464754,74
ARZZ3,201701,1,0.13835133230513,0.36258497822974,74
BBDC3,201701,1,0.227121142599439,0.684335501142094,74
BBDC4,201701,1,0.272897677652455,0.812385037487363,74
BBSE3,201701,1,0.254337121069302,0.723938211058352,74
BEEF3,201701,1,0.148484663453975,0.390502447814488,74
BRFS3,201701,1,0.157952014480934,0.459730361992595,74
BRKM5,201701,1,0.215698836871598,0.618952595548187,74
BRML3,201701,1,0.237515581865557,0.658951934144921,74
BTOW3,201701,1,0.142858789988046,0.358480023129246,74
BVMF3,201701,1,0.347286810132344,1,74
CCRO3,201701,1,0.237991166250979,0.700324592878808,74
CESP6,201701,1,0.258556230193949,0.738963003580056,74
CIEL3,201701,1,0.264913524384944,0.741460182640908,74
CMIG4,201701,1,0.154016558664322,0.430168412772798,74
CSAN3,201701,1,0.259923110623712,0.766601847477977,74
CSMG3,201701,1,0.182131855550716,0.498585409656709,74
CSNA3,201701,1,0.158052217352503,0.447404182135187,74
CTIP3,201701,1,0.208882065242075,0.612152545650363,74
CVCB3,201701,1,0.191098924387146,0.518824208405935,74
CYRE3,201701,1,0.171657261629132,0.463360816510719,74
DTEX3,201701,1,0.139549861137234,0.415035051757997,74
ECOR3,201701,1,0.136079317654561,0.372121830396012,74
ELET6,201701,1,0.162350527484241,0.465501521157929,74
EMBR3,201701,1,0.231192643512691,0.709953120627074,74
ENGI11,201701,1,0.232100386606842,0.643094872379327,74
EQTL3,201701,1,0.176925082176104,0.504831040170739,74
ESTC3,201701,1,0.238385450963864,0.655641556300217,74
EZTC3,201701,1,0.186753474438558,0.476224079451652,74
FIBR3,201701,1,0.202199064927331,0.597680970833481,74
FLRY3,201701,1,0.190732445524766,0.514316263543892,74
GGBR4,201701,1,0.170055207368197,0.489045716226226,74
GOAU4,201701,1,0.181402001977961,0.490842222867605,74
HYPE3,201701,1,0.131391728118606,0.365163368631469,74
IGTA3,201701,1,0.177676412165211,0.497915646781751,74
ITSA4,201701,1,0.174444841088392,0.515061962961492,74
ITUB4,201701,1,0.335240915884395,0.970514836802641,74
JBSS3,201701,1,0.274140121683375,0.798286900703995,74
KLBN11,201701,1,0.20052108753663,0.582420685261415,74
KROT3,201701,1,0.332157984330115,0.9484602869546,74
LAME4,201701,1,0.28328634279113,0.830657920619504,74
LIGT3,201701,1,0.196057282936451,0.570370881697882,74
LINX3,201701,1,0.210579866235126,0.631962591883036,74
LREN3,201701,1,0.152788424518622,0.418589016018756,74
MDIA3,201701,1,0.166323478090399,0.468157244631438,74
MRFG3,201701,1,0.145318461624384,0.38036490231738,74
MRVE3,201701,1,0.213699155323259,0.570329842078681,74
MULT3,201701,1,0.206601167168606,0.586306274320379,74
NATU3,201701,1,0.207538625172134,0.587652930810813,74
PCAR4,201701,1,0.241220588716654,0.692828887214079,74
PETR3,201701,1,0.241926536270357,0.719229958488263,74
PETR4,201701,1,0.337438966457802,0.982036878746048,74
POMO4,201701,1,0.104074793042952,0.252545510826085,74
QUAL3,201701,1,0.160179366712319,0.432582826932807,74
RADL3,201701,1,0.200307264677826,0.604941013458966,74
RUMO3,201701,1,0.257444320383984,0.751109523953512,74
SANB11,201701,1,0.21244792914762,0.620343954428603,74
SAPR4,201701,1,0.273891951905857,0.780124448216362,74
SBSP3,201701,1,0.244675226162858,0.739951494276108,74
SMLE3,201701,1,0.186198930519232,0.508462430111479,74
STBP3,201701,1,0.165773665564102,0.465298849531202,74
SULA11,201701,1,0.100427455851626,0.2452665813421,74
SUZB5,201701,1,0.224416960228799,0.627126761992677,74
TIMP3,201701,1,0.190602854338415,0.559726334413453,74
TOTS3,201701,1,0.126989108829305,0.326369477813772,74
UGPA3,201701,1,0.179490844868278,0.507438613659021,74
USIM5,201701,1,0.12078722953634,0.325524800779293,74
VALE3,201701,1,0.30909611291721,0.913914415455868,74
VALE5,201701,1,0.306001708505709,0.901964670434999,74
VIVT4,201701,1,0.26253978295868,0.772031273966025,74
VVAR11,201701,1,0.116712339671411,0.282951986191742,74
WEGE3,201701,1,0.244406781599584,0.682439401177189,74
ABEV3,201702,1,0.287564364585271,0.848102667960086,75
ALSC3,201702,1,0.144605789563938,0.443054815863333,75
ALUP11,201702,1,0.124491333646826,0.36173580658568,75
ANIM3,201702,1,0.147922427735462,0.407804033787201,75
ARZZ3,201702,1,0.108106266829493,0.29510296242244,75
BBDC3,201702,1,0.223603602399387,0.671147818594205,75
BBDC4,201702,1,0.278792765809252,0.853656489745075,75
BBSE3,201702,1,0.276081532396208,0.830943129997392,75
BRFS3,201702,1,0.18010310805312,0.50779114180342,75
BRKM5,201702,1,0.225284927923254,0.659319762953356,75
BRML3,201702,1,0.236663917825458,0.687584020269743,75
BTOW3,201702,1,0.13816121593211,0.373936949884544,75
BVMF3,201702,1,0.341208674904493,1,75
CCRO3,201702,1,0.241369810634031,0.704107358716775,75
CESP6,201702,1,0.226376105405459,0.667438533377844,75
CIEL3,201702,1,0.253245689411689,0.747841572326903,75
CMIG4,201702,1,0.183994720065361,0.525106004951083,75
CPLE6,201702,1,0.117305969966434,0.33032962081619,75
CSAN3,201702,1,0.25103597190505,0.749032360136955,75
CSMG3,201702,1,0.220504811452413,0.659576437943522,75
CSNA3,201702,1,0.175087957768936,0.524670196273116,75
CTIP3,201702,1,0.209044550217362,0.641718109905389,75
CVCB3,201702,1,0.186171906095471,0.523715339796027,75
CYRE3,201702,1,0.177512848477381,0.488037400870667,75
DTEX3,201702,1,0.156430582448327,0.458477895667399,75
ELET6,201702,1,0.180379425193749,0.526054767553385,75
EMBR3,201702,1,0.214383159056728,0.661167263969899,75
ENGI11,201702,1,0.253388950421111,0.735222905242924,75
EQTL3,201702,1,0.192875282985215,0.58227611491506,75
ESTC3,201702,1,0.21232928937531,0.616684412184694,75
EZTC3,201702,1,0.158918342589244,0.422558173950719,75
FIBR3,201702,1,0.136060365586775,0.405951340554669,75
FLRY3,201702,1,0.18713596928156,0.518376458441298,75
GGBR4,201702,1,0.208311027165728,0.609298966699169,75
GOAU4,201702,1,0.184036484168427,0.518910519362371,75
HYPE3,201702,1,0.156359995652327,0.449392141890041,75
IGTA3,201702,1,0.151490195295752,0.431798654804427,75
ITSA4,201702,1,0.201678261763773,0.620637269986108,75
ITUB4,201702,1,0.288751473149721,0.846962455942978,75
JBSS3,201702,1,0.247559908845943,0.735594160820285,75
KLBN11,201702,1,0.181510926872611,0.540230009880447,75
KROT3,201702,1,0.269419194189665,0.773708829896973,75
LAME3,201702,1,0.140312387635613,0.425802085341777,75
LAME4,201702,1,0.284364045736138,0.832350415855778,75
LIGT3,201702,1,0.17307916815168,0.513257839341783,75
LREN3,201702,1,0.163754484469245,0.48187279994897,75
MDIA3,201702,1,0.130528592680605,0.372497857246673,75
MOVI3,201702,1,0.0839878424680201,0.221389502901901,75
MRFG3,201702,1,0.144367670665543,0.410413355468035,75
MRVE3,201702,1,0.223970886504003,0.618799669356322,75
MULT3,201702,1,0.187871651037578,0.563478810020478,75
MYPK3,201702,1,0.182567457800876,0.510994405851939,75
NATU3,201702,1,0.212879785288582,0.616659886904026,75
PARD3,201702,1,0.233402826758148,0.674397222732961,75
PCAR4,201702,1,0.233179475619231,0.691901759362581,75
PETR3,201702,1,0.239756047219574,0.71303903818577,75
PETR4,201702,1,0.334251623044096,0.99055807360415,75
POMO4,201702,1,0.109053811913335,0.279958977197737,75
PSSA3,201702,1,0.176401402316238,0.533477707941432,75
QUAL3,201702,1,0.156626268188555,0.453722615354611,75
RADL3,201702,1,0.232025941232175,0.692178439390143,75
RUMO3,201702,1,0.219856376442904,0.665581667497801,75
SANB11,201702,1,0.188686083782663,0.553846584957871,75
SAPR4,201702,1,0.27439771307473,0.824795261111784,75
SBSP3,201702,1,0.227060465375724,0.690628357146944,75
SMLE3,201702,1,0.20628563605753,0.562426689804794,75
STBP3,201702,1,0.175839894066972,0.509504520828252,75
SULA11,201702,1,0.120841790789815,0.310486685151421,75
SUZB5,201702,1,0.197997732425828,0.57615645538788,75
TIMP3,201702,1,0.199307170753428,0.604206942284378,75
UGPA3,201702,1,0.179141635385503,0.536253701194523,75
VALE5,201702,1,0.292413958240942,0.890511638376731,75
VIVT4,201702,1,0.247966650196859,0.749560268682655,75
VVAR11,201702,1,0.138728670117069,0.353015968224009,75
WEGE3,201702,1,0.214684054877087,0.610626413077408,75
ABEV3,201703,1,0.294178015247292,0.851633588466679,71
ALSC3,201703,1,0.151977450138244,0.43588672968381,71
ARZZ3,201703,1,0.11076393851635,0.294252883953964,71
BBDC3,201703,1,0.254939529953633,0.755523008181019,71
BBDC4,201703,1,0.294594622427059,0.856400749067958,71
BBSE3,201703,1,0.250637274587481,0.736691509043945,71
BRAP4,201703,1,0.105703299285227,0.304680943149258,71
BRFS3,201703,1,0.15929616073523,0.438497087020309,71
BRKM5,201703,1,0.21528947658966,0.610829743712503,71
BRML3,201703,1,0.224546137875137,0.628103974982679,71
BVMF3,201703,1,0.316051749742594,0.893882993292197,71
CCRO3,201703,1,0.245035275357128,0.696953411033148,71
CESP6,201703,1,0.219116896822275,0.616274365063562,71
CIEL3,201703,1,0.239791787528851,0.70109320648092,71
CMIG4,201703,1,0.174285868452241,0.486188505729876,71
CPLE6,201703,1,0.116468104113921,0.315222446698444,71
CSAN3,201703,1,0.216353612571692,0.638533238700249,71
CSMG3,201703,1,0.192618872249047,0.546540286145293,71
CSNA3,201703,1,0.166109645215526,0.489909740484053,71
CVCB3,201703,1,0.182034249628579,0.488899799723633,71
CYRE3,201703,1,0.171095930708864,0.465768161745393,71
ELET6,201703,1,0.170687012703279,0.486678117719885,71
EMBR3,201703,1,0.228072523311703,0.651814355383426,71
ENGI11,201703,1,0.245911726977939,0.692485611658712,71
EQTL3,201703,1,0.201673029993975,0.581134631846537,71
ESTC3,201703,1,0.207703683181629,0.58918803235021,71
EZTC3,201703,1,0.162647345481792,0.436715094481701,71
FIBR3,201703,1,0.185605317623128,0.533083619319869,71
FLRY3,201703,1,0.189655652912446,0.515951910898636,71
GGBR4,201703,1,0.195792791373028,0.559212833410358,71
GOAU4,201703,1,0.20314195837291,0.567900929223239,71
HYPE3,201703,1,0.135745962096952,0.384566861557572,71
IGTA3,201703,1,0.202683144436901,0.566623164474057,71
ITSA4,201703,1,0.221152529509255,0.643238091046746,71
ITUB4,201703,1,0.345944717472018,0.984153623018684,71
JBSS3,201703,1,0.242118718237076,0.707443187316439,71
KLBN11,201703,1,0.140489249765756,0.403355408260811,71
KROT3,201703,1,0.284227859468291,0.805104425569767,71
LAME3,201703,1,0.14887735836486,0.433253749325667,71
LAME4,201703,1,0.280854201222978,0.800993657021102,71
LIGT3,201703,1,0.141085296666296,0.391852433493937,71
LINX3,201703,1,0.179103547041067,0.516591902828784,71
LREN3,201703,1,0.183728149308396,0.520740184640159,71
MOVI3,201703,1,0.0676326329586614,0.173032803259442,71
MRFG3,201703,1,0.128300045647391,0.338753818092273,71
MRVE3,201703,1,0.229538322646598,0.627784914454962,71
MULT3,201703,1,0.17838217454903,0.506420924426202,71
MYPK3,201703,1,0.176212709152312,0.481724900625938,71
NATU3,201703,1,0.156253760654698,0.43988044215343,71
PARD3,201703,1,0.218538804073923,0.609603286353589,71
PCAR4,201703,1,0.224508053506451,0.640763896758577,71
PETR3,201703,1,0.270483320470489,0.800735624140266,71
PETR4,201703,1,0.349786085120329,1,71
POMO4,201703,1,0.106052250105249,0.260059899755629,71
PSSA3,201703,1,0.153185477604582,0.420949639833939,71
QUAL3,201703,1,0.169084983966799,0.482091054570026,71
RADL3,201703,1,0.25445681317421,0.735096123183951,71
RAIL3,201703,1,0.236115612449066,0.689916648584971,71
RENT3,201703,1,0.166995356757763,0.484307932409774,71
SANB11,201703,1,0.148435247533154,0.410078775724798,71
SAPR4,201703,1,0.223737743502172,0.660863607936256,71
SBSP3,201703,1,0.245205153464047,0.72233488509612,71
STBP3,201703,1,0.167340342117119,0.46659662123825,71
SULA11,201703,1,0.113966185045065,0.290231640639161,71
SUZB5,201703,1,0.2153064023515,0.627307753309294,71
TIMP3,201703,1,0.21345361912058,0.627287421554747,71
UGPA3,201703,1,0.203552988401847,0.580962322314295,71
VALE3,201703,1,0.30490638256844,0.899274091384325,71
VALE5,201703,1,0.286596747894636,0.847282851829879,71
VIVT4,201703,1,0.257793881539953,0.75354802368283,71
WEGE3,201703,1,0.250247774671037,0.725708077268845,71
ABEV3,201704,1,0.233849997877451,0.641596521735874,71
ALUP11,201704,1,0.146799944716177,0.382118115171414,71
AZUL4,201704,1,0.196702406088643,0.557144897327967,71
BBDC3,201704,1,0.253447664859065,0.712432008714256,71
BBDC4,201704,1,0.285694528530197,0.78203549833062,71
BBSE3,201704,1,0.279668612039881,0.770738968172411,71
BRFS3,201704,1,0.126377073169448,0.346139019309454,71
BRKM5,201704,1,0.252778270600398,0.680505088649303,71
BRML3,201704,1,0.226990611094478,0.604736155086634,71
BTOW3,201704,1,0.178280332982294,0.461195456930893,71
BVMF3,201704,1,0.374401917097968,1,71
CCRO3,201704,1,0.234576690638791,0.634162064532567,71
CESP6,201704,1,0.233112012721902,0.645595413030639,71
CIEL3,201704,1,0.258045816187062,0.705375625760756,71
CMIG4,201704,1,0.191512247146704,0.511139976719728,71
CPLE6,201704,1,0.129829637748306,0.336570497080875,71
CSNA3,201704,1,0.181997260221735,0.507015568370793,71
CVCB3,201704,1,0.237890388647302,0.629452779367115,71
CYRE3,201704,1,0.178911380603163,0.454438894810436,71
DTEX3,201704,1,0.199134739053438,0.525982345069152,71
EMBR3,201704,1,0.293880463787731,0.821663919543962,71
ENGI11,201704,1,0.235693783137715,0.636593643721944,71
EQTL3,201704,1,0.194665140480215,0.521999101925169,71
ESTC3,201704,1,0.244132552191942,0.678817062608681,71
EZTC3,201704,1,0.157448252975849,0.392608916495252,71
FIBR3,201704,1,0.240638807403416,0.662006425372586,71
FLRY3,201704,1,0.182746566133619,0.460776874698184,71
GGBR4,201704,1,0.203613380137846,0.544357018726695,71
GOAU4,201704,1,0.205248900168709,0.530522038624588,71
HYPE3,201704,1,0.141972780024247,0.387597624821005,71
IGTA3,201704,1,0.207961398230482,0.563266189405753,71
ITSA4,201704,1,0.236458843498511,0.636077046242572,71
ITUB4,201704,1,0.351482387256154,0.94136812986073,71
JBSS3,201704,1,0.23589004491069,0.643866003257997,71
KROT3,201704,1,0.298921185974189,0.799581354001384,71
LAME3,201704,1,0.137207548847724,0.375550612366275,71
LAME4,201704,1,0.304312875925611,0.830127204985722,71
LIGT3,201704,1,0.209335290318443,0.555705257261928,71
LINX3,201704,1,0.163585292458627,0.433274573536637,71
LREN3,201704,1,0.18552805678032,0.493502628136256,71
MDIA3,201704,1,0.147009936698716,0.379386102911811,71
MGLU3,201704,1,0.122201838881494,0.302680208457664,71
MRFG3,201704,1,0.22075579072655,0.569517990149512,71
MRVE3,201704,1,0.222627729696088,0.57051098725512,71
MULT3,201704,1,0.188377963317768,0.520410235309389,71
MYPK3,201704,1,0.176758165607261,0.450558215797052,71
NATU3,201704,1,0.207551974928685,0.546381067858133,71
PARD3,201704,1,0.238126383003021,0.627605519212441,71
PCAR4,201704,1,0.268141163090069,0.75083066798044,71
PETR3,201704,1,0.267592770988717,0.746160360445536,71
PETR4,201704,1,0.35448344923701,0.96167595633325,71
PSSA3,201704,1,0.143451417565516,0.371820305415727,71
QUAL3,201704,1,0.174590307240489,0.470092417375472,71
RADL3,201704,1,0.236492993550654,0.642972544047402,71
RAIL3,201704,1,0.23958201419725,0.679128846428526,71
RENT3,201704,1,0.19088023098947,0.519988276065796,71
SANB11,201704,1,0.206970284688598,0.547047828205987,71
SBSP3,201704,1,0.232151357617608,0.659914189863309,71
SMLE3,201704,1,0.123144369235601,0.321779361137923,71
STBP3,201704,1,0.161498915105924,0.418343042686857,71
SULA11,201704,1,0.128153286784166,0.311135377674543,71
SUZB5,201704,1,0.227110179975138,0.63763110605346,71
TIMP3,201704,1,0.24992457200368,0.682451949449524,71
TOTS3,201704,1,0.124595975177465,0.329182592400207,71
UGPA3,201704,1,0.174281260063902,0.47267076047513,71
USIM5,201704,1,0.195178858817785,0.520717066634895,71
VALE3,201704,1,0.315599694131213,0.876433999483476,71
VALE5,201704,1,0.215800417823895,0.600814084873659,71
VIVT4,201704,1,0.256517856433435,0.69834426705855,71
VVAR11,201704,1,0.158404985879298,0.392320622946947,71
WEGE3,201704,1,0.239137803103579,0.66681561076911,71
ABEV3,201705,1,0.311082434686616,0.877765997865494,70
ALSC3,201705,1,0.125440632300111,0.359635286510875,70
ARZZ3,201705,1,0.111843504034746,0.279680392217085,70
BBDC3,201705,1,0.260894874396186,0.758824323963775,70
BBDC4,201705,1,0.298591530030147,0.85004146463218,70
BBSE3,201705,1,0.320211895162782,0.902839199689826,70
BRAP4,201705,1,0.129491744448931,0.356537081776156,70
BRFS3,201705,1,0.309332803509108,0.858557691986042,70
BRKM5,201705,1,0.215496241171598,0.594781921078919,70
BRML3,201705,1,0.231220512623726,0.654655452199415,70
BTOW3,201705,1,0.19305393101937,0.509144709280577,70
BVMF3,201705,1,0.360393970223536,1,70
CCRO3,201705,1,0.228218278342117,0.640295596228997,70
CESP6,201705,1,0.23648676995631,0.657152533348942,70
CIEL3,201705,1,0.311543953066233,0.887554762118039,70
CSAN3,201705,1,0.214919704168071,0.624513950598111,70
CSMG3,201705,1,0.157939817132878,0.429466925984094,70
CSNA3,201705,1,0.179426782572424,0.511438155540668,70
CVCB3,201705,1,0.263042635574756,0.716958489635461,70
CYRE3,201705,1,0.171062594911572,0.455461299603985,70
DTEX3,201705,1,0.227148530718386,0.614988222056374,70
EMBR3,201705,1,0.278736171660728,0.784857752312011,70
ENGI11,201705,1,0.229277567312157,0.644814746897298,70
EQTL3,201705,1,0.189873166962972,0.545960008443957,70
ESTC3,201705,1,0.213772989354348,0.585079313098957,70
EZTC3,201705,1,0.167641298685711,0.429605826731853,70
FIBR3,201705,1,0.283676995982568,0.788495135213271,70
FLRY3,201705,1,0.192178631599613,0.494465727291218,70
GGBR4,201705,1,0.178776444047658,0.484885915213487,70
GOAU4,201705,1,0.180158244687974,0.463654775911112,70
HYPE3,201705,1,0.154761092136199,0.442943355325625,70
IGTA3,201705,1,0.2016405689336,0.560291046046823,70
ITSA4,201705,1,0.22369344446204,0.639855160157074,70
ITUB4,201705,1,0.353356037708516,0.986296586595212,70
JBSS3,201705,1,0.268192570089773,0.766622247067623,70
KLBN11,201705,1,0.185167962288314,0.528808659228536,70
KROT3,201705,1,0.335585273951429,0.931998351639428,70
LAME4,201705,1,0.315513681552597,0.876725357032384,70
LIGT3,201705,1,0.194301245757889,0.54802855965378,70
LINX3,201705,1,0.163295574466299,0.439952100490992,70
LREN3,201705,1,0.190453578905159,0.524179937233213,70
MRFG3,201705,1,0.215989242966938,0.588462846343608,70
MRVE3,201705,1,0.230100947203256,0.604339908905123,70
MULT3,201705,1,0.232761946861335,0.649599323451349,70
MYPK3,201705,1,0.144189878130759,0.375567897615754,70
NATU3,201705,1,0.218109087179806,0.593282064493026,70
PARD3,201705,1,0.241941972095424,0.661558984499614,70
PCAR4,201705,1,0.252997588871766,0.710266368945909,70
PETR3,201705,1,0.250402639686816,0.729421354420707,70
PETR4,201705,1,0.346390903542215,0.980085634235921,70
PSSA3,201705,1,0.188920783302445,0.525836538200081,70
QUAL3,201705,1,0.194746099386029,0.528395748547654,70
RADL3,201705,1,0.207137611875547,0.586124226751927,70
RAIL3,201705,1,0.253479559857233,0.710134700825617,70
RENT3,201705,1,0.196856237013889,0.549717103804396,70
SANB11,201705,1,0.225246630656026,0.61564948898825,70
SAPR4,201705,1,0.243867151615802,0.690827173857487,70
SBSP3,201705,1,0.170566280427247,0.491441258404412,70
STBP3,201705,1,0.149442949102141,0.400720613830193,70
SULA11,201705,1,0.173952504400271,0.462443209893966,70
SUZB5,201705,1,0.245200497218334,0.695600526412462,70
TIET11,201705,1,0.146815480343412,0.37813536385374,70
TIMP3,201705,1,0.224559028199522,0.641459563450676,70
UGPA3,201705,1,0.191037036660658,0.532081431811906,70
USIM5,201705,1,0.131855943013145,0.344455354334611,70
VALE3,201705,1,0.307778523355615,0.874224204768678,70
VALE5,201705,1,0.246799645146458,0.716618377417115,70
VIVT4,201705,1,0.262691111666292,0.734375983999861,70
VVAR11,201705,1,0.130384845475632,0.342215612348225,70
WEGE3,201705,1,0.280212828047673,0.780928596008565,70
ABEV3,201706,1,0.32976099025772,0.935100322125709,69
ALSC3,201706,1,0.139130804031046,0.392508045010567,69
ARZZ3,201706,1,0.154769610810167,0.415114868383704,69
BBDC3,201706,1,0.273526253699745,0.803258799264674,69
BBDC4,201706,1,0.304760684347725,0.860429438825019,69
BBSE3,201706,1,0.277385899017942,0.778338758012721,69
BRAP4,201706,1,0.149724343277759,0.417264995110014,69
BRFS3,201706,1,0.193564976269346,0.54504827510713,69
BRKM5,201706,1,0.232635394391268,0.640510472092924,69
BRML3,201706,1,0.232226271465197,0.650875799238643,69
BTOW3,201706,1,0.144041226493205,0.373624109790698,69
BVMF3,201706,1,0.358251676145641,1,69
CCRO3,201706,1,0.253068468494105,0.713848723136478,69
CESP6,201706,1,0.250334149163012,0.694569213266174,69
CIEL3,201706,1,0.300008401175182,0.853799229035009,69
CMIG4,201706,1,0.202859747895157,0.544204104049132,69
CSAN3,201706,1,0.21051695217585,0.607198632685705,69
CSNA3,201706,1,0.227096246038804,0.653742296950535,69
CVCB3,201706,1,0.254498675109357,0.694240514039349,69
CYRE3,201706,1,0.173493549014451,0.476454808080163,69
DTEX3,201706,1,0.203658588389791,0.5418263753584,69
ECOR3,201706,1,0.198480209831077,0.546552564472878,69
ELET6,201706,1,0.215717322941725,0.60688606346604,69
EMBR3,201706,1,0.285360430314952,0.809174947326606,69
ENGI11,201706,1,0.217213064328987,0.60721139512546,69
EQTL3,201706,1,0.209817476278537,0.598559301034706,69
ESTC3,201706,1,0.214288781670532,0.579114996765487,69
EZTC3,201706,1,0.188600521301131,0.486885070326256,69
FIBR3,201706,1,0.226428817241931,0.632154067306323,69
FLRY3,201706,1,0.210847339371463,0.547443571677811,69
GGBR4,201706,1,0.205531955632232,0.579582949539393,69
GOAU4,201706,1,0.204969882798938,0.5571948586911,69
IGTA3,201706,1,0.204414774668198,0.571424446508935,69
ITSA4,201706,1,0.219067333239733,0.631155911988977,69
ITUB4,201706,1,0.326135391050813,0.909495392542435,69
JBSS3,201706,1,0.300340739307074,0.863034305798353,69
KROT3,201706,1,0.320597213373226,0.885117325824711,69
LAME4,201706,1,0.261418435130905,0.730764746244626,69
LIGT3,201706,1,0.189425716629652,0.524172423029413,69
LINX3,201706,1,0.184720028796993,0.502388681154081,69
LREN3,201706,1,0.244400661478161,0.676565392517782,69
MDIA3,201706,1,0.146445324521582,0.418470289667686,69
MRFG3,201706,1,0.193113671580679,0.53941447037786,69
MRVE3,201706,1,0.248472515754691,0.654672569261705,69
MULT3,201706,1,0.218866754849601,0.610552607198378,69
MYPK3,201706,1,0.173944411029316,0.460876867516251,69
PARD3,201706,1,0.230947179492608,0.626982646355684,69
PCAR4,201706,1,0.252897457382029,0.708900299255452,69
PETR3,201706,1,0.254565452122189,0.746367575310511,69
PETR4,201706,1,0.355502814201378,0.998119488341491,69
PSSA3,201706,1,0.17502800653543,0.483583284182686,69
QUAL3,201706,1,0.210660573594716,0.590589454888492,69
RADL3,201706,1,0.218094844947082,0.625923235469669,69
RAIL3,201706,1,0.262428631651262,0.730651937029078,69
RENT3,201706,1,0.218382716252746,0.59267528628317,69
SANB11,201706,1,0.269158295367842,0.738875245967749,69
SAPR4,201706,1,0.232318525779725,0.655518926986635,69
SMLE3,201706,1,0.138368602938529,0.370867582476454,69
STBP3,201706,1,0.139330471434674,0.381021317053336,69
SULA11,201706,1,0.164525592015701,0.428689786411825,69
SUZB5,201706,1,0.187467747071101,0.532480596976603,69
TIET11,201706,1,0.145060362589911,0.376249841572353,69
UGPA3,201706,1,0.211485050136419,0.597520892782223,69
USIM5,201706,1,0.191714123563763,0.536460482266685,69
VALE3,201706,1,0.224077190606065,0.640396737608156,69
VALE5,201706,1,0.25060786757832,0.724652204731242,69
VIVT4,201706,1,0.255352040054203,0.720231165879619,69
VVAR11,201706,1,0.143268510013649,0.369506729512896,69
WEGE3,201706,1,0.271293050147951,0.768559580216708,69
ABEV3,201707,1,0.339509087978882,0.886970430766157,69
ALSC3,201707,1,0.149937443474391,0.385934158591947,69
ARZZ3,201707,1,0.161320666950216,0.376716148436613,69
BBDC3,201707,1,0.273332959556939,0.735532183254291,69
BBDC4,201707,1,0.324538431318551,0.851176205405917,69
BBSE3,201707,1,0.284135546218037,0.733067096378366,69
BRFS3,201707,1,0.189352534255345,0.487225635243495,69
BRKM5,201707,1,0.248194012252142,0.624360027457836,69
BRML3,201707,1,0.256970291999745,0.677056923077265,69
BTOW3,201707,1,0.152932386565111,0.358164509410655,69
BVMF3,201707,1,0.360906930027552,0.935252238979212,69
CCRO3,201707,1,0.270043806738386,0.691997664627852,69
CESP6,201707,1,0.234952165913071,0.604637553057324,69
CIEL3,201707,1,0.297885471959418,0.782223587834496,69
CMIG4,201707,1,0.206025458948227,0.504596239824722,69
CRFB3,201707,1,0.301034396265884,0.79152397223892,69
CSNA3,201707,1,0.221921899573737,0.592348315349305,69
CVCB3,201707,1,0.278589418534686,0.687495820998993,69
DTEX3,201707,1,0.189447539575412,0.447448882759666,69
ECOR3,201707,1,0.194209852256795,0.481700060173986,69
ELET6,201707,1,0.241016469331435,0.634540029734057,69
EMBR3,201707,1,0.24543576781373,0.611583049191505,69
ENGI11,201707,1,0.228941473554506,0.589313252628633,69
EQTL3,201707,1,0.236187439570952,0.630685433234052,69
ESTC3,201707,1,0.210101971083329,0.511275223527146,69
EZTC3,201707,1,0.17237223998848,0.39838848058164,69
FIBR3,201707,1,0.195955643818092,0.503867660271964,69
FLRY3,201707,1,0.204269766735552,0.467323079351823,69
GGBR4,201707,1,0.197282836397282,0.511390185729363,69
GOAU4,201707,1,0.171618403849076,0.420779026151147,69
IGTA3,201707,1,0.237107086901595,0.613246182160943,69
IRBR3,201707,1,0.218008579442861,0.550948893749156,69
ITSA4,201707,1,0.222202148908516,0.601014301605596,69
ITUB4,201707,1,0.329852928445563,0.842585746222312,69
JBSS3,201707,1,0.261176803157932,0.70895399309107,69
KROT3,201707,1,0.313523285409668,0.813856329947618,69
LAME4,201707,1,0.290436089280938,0.755901343305726,69
LIGT3,201707,1,0.16006823787062,0.40335777408692,69
LINX3,201707,1,0.176286779284461,0.433324400866116,69
LREN3,201707,1,0.239836134797886,0.605859072258949,69
MDIA3,201707,1,0.160245881819178,0.419095268870608,69
MGLU3,201707,1,0.13074421938799,0.295400220066903,69
MRFG3,201707,1,0.195935302933889,0.492178213909181,69
MRVE3,201707,1,0.255012053512398,0.604779452150383,69
MULT3,201707,1,0.209393078275571,0.524911357555891,69
MYPK3,201707,1,0.179986466001178,0.425256133715066,69
OMGE3,201707,1,0.22006373195369,0.564688911663212,69
PARD3,201707,1,0.215218961749219,0.53468762131524,69
PCAR4,201707,1,0.223983563197157,0.56923910769945,69
PETR3,201707,1,0.317798137348433,0.846320519208536,69
PETR4,201707,1,0.391676903008527,1,69
PSSA3,201707,1,0.181380697058772,0.456289115651712,69
QUAL3,201707,1,0.213471363674583,0.543134201490996,69
RADL3,201707,1,0.191724892055346,0.494823393236865,69
RAIL3,201707,1,0.220326913603092,0.541367735858091,69
RENT3,201707,1,0.241488608691957,0.585398245263688,69
SANB11,201707,1,0.279214609277342,0.700734184403788,69
SBSP3,201707,1,0.207209699287817,0.554784268648644,69
SMLE3,201707,1,0.163852489238994,0.397634055997368,69
STBP3,201707,1,0.125083714121523,0.307371489401173,69
SUZB5,201707,1,0.255565445396423,0.670913562516746,69
TIET11,201707,1,0.155302731776275,0.360975967552124,69
UGPA3,201707,1,0.214242810448851,0.557490698741369,69
USIM5,201707,1,0.246683795231649,0.646133642482501,69
VALE3,201707,1,0.295692056136187,0.77337808166367,69
VALE5,201707,1,0.27598129211191,0.749554845010372,69
VIVT4,201707,1,0.228646064578142,0.584413227206433,69
VVAR11,201707,1,0.153958702832793,0.352866895933064,69
WEGE3,201707,1,0.256727819306624,0.658990038754349,69
ABEV3,201708,1,0.305059450763446,0.825467140190752,69
ALSC3,201708,1,0.14896931907975,0.410342416946008,69
ARZZ3,201708,1,0.139521558451338,0.341351558030576,69
BBDC3,201708,1,0.233454417466164,0.653457114278671,69
BBDC4,201708,1,0.295984887080266,0.804412034687146,69
BBSE3,201708,1,0.277152727276586,0.767473166085543,69
BRAP4,201708,1,0.17355990815967,0.472581538817096,69
BRFS3,201708,1,0.205770698930241,0.548076626472806,69
BRKM5,201708,1,0.260943915441241,0.694270342402125,69
BRML3,201708,1,0.260714899810295,0.714757172554815,69
BTOW3,201708,1,0.201225149006918,0.508025893274072,69
BVMF3,201708,1,0.355061787227489,0.965768712567827,69
CCRO3,201708,1,0.283061485258948,0.759999478931942,69
CESP6,201708,1,0.228601558190222,0.641224879888517,69
CIEL3,201708,1,0.292882156345356,0.803586664703482,69
CMIG4,201708,1,0.171747090123616,0.457970133790592,69
CRFB3,201708,1,0.281891506340197,0.774547825907451,69
CSAN3,201708,1,0.216220948477466,0.60269139910138,69
CSNA3,201708,1,0.197461443724866,0.539076804798886,69
CVCB3,201708,1,0.289242649085392,0.764279477915397,69
CYRE3,201708,1,0.167606064516692,0.440834404790998,69
DTEX3,201708,1,0.191136971761636,0.474500344493014,69
ELET6,201708,1,0.2044709723618,0.553846075070703,69
EMBR3,201708,1,0.231757564865852,0.614427660362774,69
ENGI11,201708,1,0.222158416246544,0.620436648633658,69
EQTL3,201708,1,0.231616614049122,0.642876299471156,69
ESTC3,201708,1,0.316542178433502,0.842682059736733,69
EZTC3,201708,1,0.158806628778341,0.396148948706182,69
FIBR3,201708,1,0.185213435343694,0.502636596982836,69
FLRY3,201708,1,0.208433813736479,0.511970649313147,69
GGBR4,201708,1,0.276688367140091,0.74363325746321,69
GOAU4,201708,1,0.230226530475952,0.608204361558445,69
GOLL4,201708,1,0.178959239866532,0.455696757260288,69
IGTA3,201708,1,0.198748139274803,0.539010699762643,69
IRBR3,201708,1,0.233009593336124,0.618852020188701,69
ITSA4,201708,1,0.229327859687324,0.632301936383271,69
ITUB4,201708,1,0.313989771888344,0.85265743283262,69
KROT3,201708,1,0.274143562419215,0.747591410899806,69
LAME4,201708,1,0.265253139396767,0.713371960804463,69
LREN3,201708,1,0.253134149899168,0.693738005361045,69
MDIA3,201708,1,0.212243456244341,0.566467669380745,69
MGLU3,201708,1,0.152226234884153,0.374353829382108,69
MRFG3,201708,1,0.214700011621218,0.581367451281752,69
MRVE3,201708,1,0.229334153871753,0.580294109250944,69
MULT3,201708,1,0.248281920329982,0.685206897018023,69
MYPK3,201708,1,0.189663791215411,0.480300279896376,69
OMGE3,201708,1,0.204121091317205,0.556022991762671,69
PARD3,201708,1,0.243892646301283,0.671123376781953,69
PCAR4,201708,1,0.223077186614387,0.594511871580679,69
PETR3,201708,1,0.275390189387585,0.760806686426083,69
PETR4,201708,1,0.375124967036414,1,69
PSSA3,201708,1,0.194373663874138,0.517167019270639,69
QUAL3,201708,1,0.192828893402618,0.516383431203798,69
RADL3,201708,1,0.209963465974229,0.571251162740696,69
RAIL3,201708,1,0.253529847117528,0.692367039561955,69
RAPT4,201708,1,0.138400090846821,0.331999760948729,69
RENT3,201708,1,0.230953174712347,0.586507179598994,69
SANB11,201708,1,0.273156513219651,0.718921072782164,69
SBSP3,201708,1,0.171478279740121,0.46636814198822,69
SMLE3,201708,1,0.212962569599249,0.566687670889088,69
STBP3,201708,1,0.15645783561096,0.420153602568868,69
SULA11,201708,1,0.169991514399707,0.431059499831567,69
SUZB5,201708,1,0.266369382393361,0.746181718157799,69
TIET11,201708,1,0.161317536751869,0.405823235606747,69
UGPA3,201708,1,0.215430826095852,0.593001074258235,69
USIM5,201708,1,0.204955603076401,0.545493442424384,69
VIVT4,201708,1,0.255780067921779,0.686620882913517,69
VVAR11,201708,1,0.161963284978219,0.416910393460627,69
WEGE3,201708,1,0.291651081896817,0.793694612769405,69
ABEV3,201709,1,0.274769166787253,0.683249914950994,74
ALSC3,201709,1,0.182890153283575,0.466351440817186,74
ARZZ3,201709,1,0.13704882005702,0.313699066925384,74
AZUL4,201709,1,0.28857133447945,0.730249391466272,74
BBDC3,201709,1,0.215877210808225,0.55090708833799,74
BBDC4,201709,1,0.333760961289129,0.843921437132942,74
BBSE3,201709,1,0.287977822446464,0.742950328515581,74
BRAP4,201709,1,0.188569313665188,0.471857921501006,74
BRFS3,201709,1,0.243710594365808,0.608401893545231,74
BRKM5,201709,1,0.253034878366557,0.619986915450641,74
BRML3,201709,1,0.268716023954101,0.692539509692125,74
BRPR3,201709,1,0.189007929523399,0.433051477756104,74
BTOW3,201709,1,0.189337068747509,0.443619259532075,74
BVMF3,201709,1,0.39706844752119,1,74
CAML3,201709,1,0.323932767206497,0.836346545273744,74
CCRO3,201709,1,0.248272244834593,0.605231110319376,74
CESP6,201709,1,0.17847079062991,0.451619042780098,74
CIEL3,201709,1,0.275875816957471,0.680591971979576,74
CRFB3,201709,1,0.314145879104034,0.810433971284738,74
CSAN3,201709,1,0.26003442166343,0.672191401736769,74
CSNA3,201709,1,0.201681857992917,0.482424462178465,74
CVCB3,201709,1,0.273450165954521,0.668100905736275,74
CYRE3,201709,1,0.213372815260898,0.514501165841587,74
ELET6,201709,1,0.209848275461136,0.51425322715973,74
EMBR3,201709,1,0.257957778915243,0.634921588858455,74
ENGI11,201709,1,0.231779578675797,0.595869769586465,74
EQTL3,201709,1,0.269759990580436,0.69482295037278,74
ESTC3,201709,1,0.345510098668089,0.875767621441768,74
EZTC3,201709,1,0.188711646911284,0.445152841587252,74
FIBR3,201709,1,0.225592878751652,0.541977509197661,74
FLRY3,201709,1,0.302569597064898,0.729570318326785,74
GGBR4,201709,1,0.254895801478178,0.630860248397379,74
GOAU4,201709,1,0.200796288103134,0.490603013383945,74
HYPE3,201709,1,0.188230416997925,0.483408179769085,74
IGTA3,201709,1,0.223596922729295,0.557035600308799,74
IRBR3,201709,1,0.234220146289981,0.579928107579055,74
ITSA4,201709,1,0.264483882456202,0.666667056280272,74
ITUB4,201709,1,0.345201279789252,0.869028176555647,74
KROT3,201709,1,0.263566617828754,0.66627282429486,74
LAME4,201709,1,0.311994085292335,0.774959501930985,74
LINX3,201709,1,0.233648480385735,0.555833538512355,74
LREN3,201709,1,0.283256882984474,0.716225911803034,74
MDIA3,201709,1,0.227326111039645,0.579351860323359,74
MGLU3,201709,1,0.274890320283257,0.678548254783195,74
MRFG3,201709,1,0.212184051874856,0.530341039837992,74
MRVE3,201709,1,0.196917284294817,0.470943258067177,74
MULT3,201709,1,0.247710621617035,0.634087644076993,74
MYPK3,201709,1,0.189811922275005,0.436964027145115,74
OMGE3,201709,1,0.237613684940311,0.61052077344834,74
PARD3,201709,1,0.271084783357315,0.691015642194945,74
PCAR4,201709,1,0.244843848730884,0.604224888956154,74
PETR3,201709,1,0.266270721698783,0.666316381086528,74
PETR4,201709,1,0.355271291528033,0.890543551431261,74
PSSA3,201709,1,0.189966735127979,0.458892186500879,74
QUAL3,201709,1,0.187503976580471,0.47323896691106,74
RADL3,201709,1,0.215924902365451,0.53119518209385,74
RAIL3,201709,1,0.300146705240064,0.764014298166137,74
RAPT4,201709,1,0.148377482907487,0.331476163591028,74
RENT3,201709,1,0.267754780467101,0.656149516370822,74
SANB11,201709,1,0.245436920726567,0.622698415834196,74
SAPR4,201709,1,0.27278679957992,0.704572249130603,74
SEER3,201709,1,0.255407835638852,0.612024755935326,74
SMLE3,201709,1,0.240019842712962,0.57726630254661,74
STBP3,201709,1,0.181778495136793,0.45789941177951,74
SULA11,201709,1,0.181533181305496,0.422759367136857,74
TIET11,201709,1,0.152078941360818,0.344408550663868,74
TUPY3,201709,1,0.130848852181444,0.302644290815101,74
UGPA3,201709,1,0.240816360903606,0.607931399406097,74
USIM5,201709,1,0.205231063732484,0.522549745796611,74
VALE3,201709,1,0.276646062124976,0.700127404706973,74
VIVT4,201709,1,0.272923155996509,0.671070627034585,74
VVAR11,201709,1,0.218765226697285,0.518384010594505,74
WEGE3,201709,1,0.292451679963316,0.738040817998,74
WIZS3,201709,1,0.227415195540414,0.558452393985949,74
ABEV3,201710,1,0.258049590201326,0.706691022615987,72
ALSC3,201710,1,0.154825381175299,0.42652863452714,72
ARZZ3,201710,1,0.13890148053323,0.353913993207055,72
BBDC4,201710,1,0.324927522820121,0.89241006296205,72
BBSE3,201710,1,0.261084025549897,0.722700943713063,72
BRAP4,201710,1,0.168684935333888,0.463982160984248,72
BRFS3,201710,1,0.239130754691409,0.657549258400616,72
BRKM5,201710,1,0.210919412363277,0.54323859636407,72
BRML3,201710,1,0.211212505235894,0.599199761225504,72
BTOW3,201710,1,0.201797081410936,0.51861497048958,72
BVMF3,201710,1,0.365424883691821,1,72
CAML3,201710,1,0.262984408095131,0.740759256684262,72
CCRO3,201710,1,0.242026279846785,0.633413583420388,72
CESP6,201710,1,0.201914535109435,0.569873463495342,72
CIEL3,201710,1,0.304027278725924,0.832123267503561,72
CMIG4,201710,1,0.144586140090357,0.374760170937935,72
CPLE6,201710,1,0.183046480220629,0.457721579241267,72
CRFB3,201710,1,0.251916760200234,0.705407685857621,72
CSNA3,201710,1,0.209562270713942,0.569217350549956,72
CVCB3,201710,1,0.254079671417698,0.679687990953559,72
CYRE3,201710,1,0.210760944273185,0.564172472451789,72
ECOR3,201710,1,0.236273781755419,0.636076751837335,72
EGIE3,201710,1,0.142789626825006,0.380395327321578,72
ELET3,201710,1,0.211395629906406,0.591500492219448,72
ELET6,201710,1,0.250912111683276,0.682584886988625,72
EMBR3,201710,1,0.238005849512566,0.646527897675425,72
ENGI11,201710,1,0.214617325177058,0.597622514552279,72
EQTL3,201710,1,0.234417932443427,0.66092774063624,72
ESTC3,201710,1,0.318135708846578,0.862584162101993,72
EZTC3,201710,1,0.175829755193817,0.446099847206442,72
FIBR3,201710,1,0.210275434520176,0.563875445206744,72
FLRY3,201710,1,0.237675874756524,0.617016683143865,72
GGBR4,201710,1,0.256193253668196,0.697651727850206,72
GOAU4,201710,1,0.210021970417749,0.568182386045463,72
GOLL4,201710,1,0.207302577375742,0.547353495371579,72
IGTA3,201710,1,0.207628561277252,0.570272571275964,72
IRBR3,201710,1,0.21099833509641,0.569693834172431,72
ITSA4,201710,1,0.215600277354129,0.594641745725725,72
ITUB4,201710,1,0.324073876408054,0.891421531253219,72
KROT3,201710,1,0.264566768536094,0.730015655490343,72
LAME4,201710,1,0.275684245892907,0.747739784205856,72
LINX3,201710,1,0.206108047249523,0.549118207114016,72
LREN3,201710,1,0.273427819995623,0.753202740665097,72
MGLU3,201710,1,0.224765544811919,0.617235057801433,72
MRFG3,201710,1,0.146554353900396,0.378377211892816,72
MRVE3,201710,1,0.186486826683764,0.484811631642657,72
MULT3,201710,1,0.230392239519337,0.64232626907648,72
MYPK3,201710,1,0.1928522664028,0.502483923097846,72
OMGE3,201710,1,0.236830483558477,0.658417425782797,72
PARD3,201710,1,0.245728453325841,0.692137744296188,72
PCAR4,201710,1,0.233754075259732,0.645968889581977,72
PETR3,201710,1,0.245963428370707,0.675982885090464,72
PETR4,201710,1,0.327114511953478,0.898585704293553,72
PSSA3,201710,1,0.18050474124366,0.488210149665987,72
RADL3,201710,1,0.198495327418503,0.53955607178717,72
RAIL3,201710,1,0.27261560855747,0.751888905363878,72
RAPT4,201710,1,0.150323617264723,0.372933752286449,72
RENT3,201710,1,0.248408297120029,0.672162926033763,72
SANB11,201710,1,0.204209070332275,0.543235830202893,72
SAPR4,201710,1,0.228032966408951,0.636363189760805,72
SEER3,201710,1,0.239951526191053,0.639524135553995,72
SMLS3,201710,1,0.254661848072727,0.665036735839136,72
STBP3,201710,1,0.175422263054402,0.483713042098114,72
TAEE11,201710,1,0.168341162906374,0.418660831053555,72
TIET11,201710,1,0.149909370537844,0.355315319959441,72
UGPA3,201710,1,0.232023416802983,0.649082733296409,72
USIM5,201710,1,0.20314807785419,0.556566538961311,72
VALE3,201710,1,0.264644258795392,0.723952041296795,72
VIVT4,201710,1,0.267954985905794,0.716367985335792,72
VVAR11,201710,1,0.169647940912533,0.449116345996455,72
WEGE3,201710,1,0.250152198819328,0.69091929779378,72
WIZS3,201710,1,0.171588783720941,0.454561132577916,72
ABEV3,201711,1,0.254557220961595,0.6958323850705,73
ALSC3,201711,1,0.142420961181116,0.380442625848542,73
ARZZ3,201711,1,0.130983105332034,0.307882790116567,73
AZUL4,201711,1,0.259948891501247,0.723163074536118,73
BBDC4,201711,1,0.33935324248071,0.927786109305394,73
BBSE3,201711,1,0.287122620314965,0.793235205322404,73
BRAP4,201711,1,0.157398965383911,0.427379331710203,73
BRFS3,201711,1,0.207043640291199,0.557968050629704,73
BRKM5,201711,1,0.224097296249286,0.586466193655605,73
BRML3,201711,1,0.210709199481631,0.584727990809142,73
BTOW3,201711,1,0.190743833373089,0.468772071927787,73
BVMF3,201711,1,0.370738994658993,1,73
CAML3,201711,1,0.291272217749271,0.81164906882633,73
CCRO3,201711,1,0.256224053402504,0.670531363649937,73
CIEL3,201711,1,0.230515337107542,0.626452158664574,73
CSAN3,201711,1,0.2364714606594,0.668979197425045,73
CVCB3,201711,1,0.258655999806083,0.674861633650065,73
CYRE3,201711,1,0.189101006214561,0.505357587556802,73
ECOR3,201711,1,0.206205290918613,0.534299858086311,73
EGIE3,201711,1,0.163004056597019,0.42652432202419,73
ELET3,201711,1,0.247258519991174,0.685185186337088,73
ELET6,201711,1,0.290505515410123,0.802969925608574,73
EMBR3,201711,1,0.239433015852333,0.653893305641541,73
ENGI11,201711,1,0.201989849838934,0.546402162941316,73
EQTL3,201711,1,0.232004539667358,0.641244546270014,73
ESTC3,201711,1,0.33621780081235,0.898138568924781,73
EZTC3,201711,1,0.165069097289986,0.397285499189301,73
FIBR3,201711,1,0.203854430657564,0.542472118320415,73
FLRY3,201711,1,0.212247563931768,0.540231960867951,73
GGBR4,201711,1,0.276740465253354,0.736476134403161,73
GOAU4,201711,1,0.191204892662579,0.504920034747187,73
HYPE3,201711,1,0.196413345635063,0.541901436647932,73
IGTA3,201711,1,0.220198554774235,0.595432301219899,73
IRBR3,201711,1,0.202448315342893,0.539310220729118,73
ITSA4,201711,1,0.205893431847784,0.552513470386065,73
ITUB4,201711,1,0.288967178421518,0.787672132668419,73
KLBN11,201711,1,0.206513503871857,0.561863172589777,73
KROT3,201711,1,0.268188443016846,0.734839563353072,73
LAME4,201711,1,0.25848031526943,0.697226246177414,73
LINX3,201711,1,0.231215899533354,0.595409612712129,73
LREN3,201711,1,0.26122205316719,0.707958884569204,73
MDIA3,201711,1,0.147104539757221,0.384285611116899,73
MEAL3,201711,1,0.206991546389091,0.53088122099782,73
MGLU3,201711,1,0.212969629401788,0.56742221831725,73
MRFG3,201711,1,0.178890845865654,0.459895006620615,73
MRVE3,201711,1,0.206904132964564,0.523725660058968,73
MYPK3,201711,1,0.216190279602993,0.540272183026578,73
ODPV3,201711,1,0.173850407570506,0.412544601362557,73
OMGE3,201711,1,0.231573190886588,0.647282435885146,73
PARD3,201711,1,0.233889702233729,0.640758418431695,73
PCAR4,201711,1,0.236839038196953,0.662991624035023,73
PETR3,201711,1,0.267711797485957,0.738746720747274,73
PETR4,201711,1,0.327407092754691,0.88715369816864,73
RADL3,201711,1,0.196827313005071,0.533056594260763,73
RAIL3,201711,1,0.273143104284501,0.751003117033832,73
RAPT4,201711,1,0.147132633731656,0.349033609938273,73
RENT3,201711,1,0.251652540212656,0.672644559398599,73
SAPR11,201711,1,0.240410576187071,0.672191577041153,73
SEER3,201711,1,0.226536444974655,0.590288554448747,73
SMLS3,201711,1,0.258553038363488,0.662291255027282,73
STBP3,201711,1,0.157242114462222,0.421199756243419,73
TAEE11,201711,1,0.181188480828288,0.450770134680522,73
TIET11,201711,1,0.150720864528073,0.35870600708934,73
TIMP3,201711,1,0.217777393894966,0.597911245309377,73
TOTS3,201711,1,0.180780406665024,0.454692174155746,73
UGPA3,201711,1,0.234481999130966,0.648766854693415,73
USIM5,201711,1,0.176365109417594,0.479771468459339,73
VALE3,201711,1,0.321507839844417,0.876774698616382,73
VIVT4,201711,1,0.242846331308056,0.646435817293131,73
VULC3,201711,1,0.151817306075156,0.413845690040594,73
VVAR11,201711,1,0.188752592497547,0.494216610747859,73
WEGE3,201711,1,0.207185820648383,0.558094940802437,73
WIZS3,201711,1,0.210306534805343,0.561158603365814,73
ABEV3,201712,1,0.229072716090161,0.645222884799149,72
ALSC3,201712,1,0.143423507516623,0.405033849729078,72
ARZZ3,201712,1,0.109829823196702,0.27442640033368,72
BBDC4,201712,1,0.33190173898797,0.921595170441432,72
BBSE3,201712,1,0.269621995659719,0.760481881414516,72
BRAP4,201712,1,0.136915711851651,0.379766474447775,72
BRDT3,201712,1,0.22620974592674,0.60991787586445,72
BRFS3,201712,1,0.18429144708106,0.508425960867065,72
BRKM5,201712,1,0.227349303196329,0.62071056055703,72
BRML3,201712,1,0.196462103623585,0.540507707603245,72
BTOW3,201712,1,0.195078626507622,0.511594965213896,72
BVMF3,201712,1,0.358690848485928,0.986239650215899,72
CCRO3,201712,1,0.260550255479381,0.717327191122147,72
CIEL3,201712,1,0.236199196175938,0.68065560068379,72
CPLE6,201712,1,0.169421003979522,0.431603796886496,72
CSAN3,201712,1,0.218041484355137,0.618847523310022,72
CSMG3,201712,1,0.170455864123507,0.465387100530267,72
CSNA3,201712,1,0.180763736612066,0.510998047279309,72
CVCB3,201712,1,0.246527459581751,0.669783513446709,72
CYRE3,201712,1,0.167037121788717,0.445992846174061,72
EGIE3,201712,1,0.158979211010726,0.438103832282558,72
ELET3,201712,1,0.207281776118349,0.567073979518015,72
ELET6,201712,1,0.263275469977649,0.734847226276471,72
EMBR3,201712,1,0.26278131644809,0.741718876884458,72
ENGI11,201712,1,0.194619118219591,0.532305875149735,72
EQTL3,201712,1,0.219870326292992,0.607367811342662,72
ESTC3,201712,1,0.30627453910398,0.852579605745919,72
EZTC3,201712,1,0.163652827623164,0.415350338920204,72
FIBR3,201712,1,0.222519896840551,0.609781056400448,72
FLRY3,201712,1,0.211005192440425,0.570769414350504,72
GGBR4,201712,1,0.259882923042387,0.703676240114045,72
GOAU4,201712,1,0.170808811429965,0.458263851175143,72
HYPE3,201712,1,0.187647929267997,0.531720991251119,72
IGTA3,201712,1,0.229235656504231,0.653088386403289,72
IRBR3,201712,1,0.216397896487184,0.600503835161752,72
ITSA4,201712,1,0.198820588630319,0.548758865114442,72
ITUB4,201712,1,0.29693721085888,0.835259121486202,72
JBSS3,201712,1,0.251556024377084,0.732634337893538,72
KLBN11,201712,1,0.22631304396648,0.636693708887666,72
KROT3,201712,1,0.234023245763911,0.658076126924436,72
LAME4,201712,1,0.282398103163952,0.779471044692815,72
LINX3,201712,1,0.218565425372121,0.585315592837086,72
LREN3,201712,1,0.228061863002118,0.630239784938167,72
MDIA3,201712,1,0.132076439407912,0.365865799042978,72
MGLU3,201712,1,0.215482815705,0.582250894473182,72
MRFG3,201712,1,0.14765234604997,0.380701388970818,72
MRVE3,201712,1,0.209992610781318,0.563044200561148,72
MYPK3,201712,1,0.194803752688741,0.514381602229723,72
PCAR4,201712,1,0.233942163322278,0.676684868667674,72
PETR3,201712,1,0.235606800846939,0.671763441249965,72
PETR4,201712,1,0.36058337579899,1,72
QUAL3,201712,1,0.127115966990666,0.338487121923638,72
RAIL3,201712,1,0.23490798583198,0.658769176900947,72
RENT3,201712,1,0.23281740750302,0.636205788883963,72
SAPR11,201712,1,0.255419270624572,0.715297759389531,72
SEER3,201712,1,0.214028963044919,0.568993544183745,72
SMLS3,201712,1,0.243798719736808,0.655013414552745,72
SMTO3,201712,1,0.19351792885068,0.513197597013127,72
STBP3,201712,1,0.150236502821417,0.400024786629354,72
SUZB3,201712,1,0.23372179402281,0.679027333374615,72
TAEE11,201712,1,0.165663411267191,0.441370213205246,72
TEND3,201712,1,0.171207578674931,0.465405207350924,72
TIET11,201712,1,0.173370163076231,0.4327337622413,72
TIMP3,201712,1,0.207465797226307,0.574966080637925,72
TOTS3,201712,1,0.14957258193341,0.377982773403461,72
UGPA3,201712,1,0.20265140507014,0.560969214848281,72
USIM5,201712,1,0.206903139435634,0.579396289900906,72
VALE3,201712,1,0.331319237009127,0.937333472885965,72
VIVT4,201712,1,0.228211213688172,0.626723827946219,72
VULC3,201712,1,0.144775105197658,0.388339575761426,72
VVAR11,201712,1,0.236473258304479,0.665091987359819,72
WEGE3,201712,1,0.224863249640392,0.625708920427406,72
ABEV3,201801,1,0.205269967129777,0.551953071238839,72
ALSC3,201801,1,0.142437828950511,0.381128707263937,72
ARZZ3,201801,1,0.126500087820126,0.303102147170757,72
AZUL4,201801,1,0.233338216119522,0.607869125629949,72
BBDC4,201801,1,0.329411197500394,0.871805625747206,72
BBSE3,201801,1,0.211184987921786,0.557169050600632,72
BRAP4,201801,1,0.160670786529052,0.427951119622178,72
BRDT3,201801,1,0.212194577453357,0.538529698985434,72
BRFS3,201801,1,0.125653605853037,0.333232491078065,72
BRKM5,201801,1,0.240398200560709,0.630413495391161,72
BRML3,201801,1,0.205265895476074,0.541052480747697,72
BTOW3,201801,1,0.220996315200111,0.558641061961255,72
BVMF3,201801,1,0.353873455937577,0.930643657362329,72
CCRO3,201801,1,0.23552601916301,0.633336666573981,72
CESP6,201801,1,0.22961859887553,0.6109064057342,72
CIEL3,201801,1,0.227344074217075,0.608206579488862,72
CSAN3,201801,1,0.201117289047883,0.534017205702087,72
CSMG3,201801,1,0.206388311393502,0.543585252626537,72
CVCB3,201801,1,0.230726559970807,0.600456328941192,72
CYRE3,201801,1,0.176268286107812,0.453458301325935,72
ECOR3,201801,1,0.213695337068668,0.553540967020359,72
EGIE3,201801,1,0.169003338474944,0.445804848856227,72
ELET3,201801,1,0.201832844021397,0.5315865633904,72
ELET6,201801,1,0.230544327910478,0.598352304089841,72
EMBR3,201801,1,0.23623448122956,0.637897341776055,72
ENBR3,201801,1,0.154395614478529,0.391688130383886,72
ENGI11,201801,1,0.187193157647799,0.489143679772634,72
EQTL3,201801,1,0.226237594449753,0.60292276987987,72
ESTC3,201801,1,0.290872268948388,0.774974021254085,72
EZTC3,201801,1,0.15954116651418,0.379590995892975,72
FIBR3,201801,1,0.240833314326573,0.636075367636683,72
FLRY3,201801,1,0.214895654155227,0.552406330757887,72
GGBR4,201801,1,0.269393397847444,0.709606830616979,72
GOAU4,201801,1,0.226191545812757,0.573586882322937,72
GOLL4,201801,1,0.186255070062671,0.468674542300037,72
IGTA3,201801,1,0.212290892918357,0.564188852665395,72
IRBR3,201801,1,0.178175251276322,0.454558220500217,72
ITSA4,201801,1,0.166692143353549,0.44333545389068,72
ITUB4,201801,1,0.318411686316923,0.850704797792605,72
JBSS3,201801,1,0.249069695077619,0.683155088149174,72
KROT3,201801,1,0.226478614706741,0.606388374781846,72
LAME4,201801,1,0.216001607767963,0.565058502786519,72
LINX3,201801,1,0.228334130254019,0.579295958993547,72
LREN3,201801,1,0.217506183880144,0.582911294237647,72
MDIA3,201801,1,0.169638001072512,0.455188736215621,72
MEAL3,201801,1,0.209377046689452,0.545471262697661,72
MGLU3,201801,1,0.250624521441105,0.652725542687223,72
MRVE3,201801,1,0.221926425068238,0.546119080643667,72
MYPK3,201801,1,0.216121155079974,0.541854004859654,72
OMGE3,201801,1,0.2186719084272,0.573517569182961,72
PARD3,201801,1,0.252403541446343,0.664304611116943,72
PCAR4,201801,1,0.232595576301715,0.619142982415103,72
PETR3,201801,1,0.219035332435101,0.599425154625679,72
PETR4,201801,1,0.380378770121722,1,72
RAIL3,201801,1,0.269360211066652,0.714062884377744,72
RAPT4,201801,1,0.144726761067257,0.343875129499153,72
RENT3,201801,1,0.240798597069226,0.632119545426581,72
SBSP3,201801,1,0.212369039735988,0.56356157578096,72
SEER3,201801,1,0.226051908039519,0.572343814983422,72
SMLS3,201801,1,0.232809456191764,0.597722004269909,72
SMTO3,201801,1,0.204629720916927,0.523182034599949,72
STBP3,201801,1,0.15760153851623,0.40680965314507,72
SULA11,201801,1,0.190031804799214,0.478835208059945,72
TEND3,201801,1,0.184813923427071,0.470594318942721,72
TIET11,201801,1,0.148614569221571,0.356097936842106,72
TIMP3,201801,1,0.191148232094027,0.510610132640223,72
UGPA3,201801,1,0.233808090913843,0.622167351038045,72
USIM5,201801,1,0.219141861715492,0.590322722920967,72
VALE3,201801,1,0.316138987675018,0.84938266165675,72
VIVT4,201801,1,0.188490414864502,0.497569088735128,72
VVAR11,201801,1,0.178854012172204,0.470039022915294,72
WEGE3,201801,1,0.244115354704538,0.651717345811268,72
ABEV3,201802,1,0.228894139892004,0.655168589045825,70
ALSC3,201802,1,0.125759062874712,0.342165058855421,70
AZUL4,201802,1,0.240557349708831,0.679366314734872,70
BBDC4,201802,1,0.297211162131188,0.81830833977296,70
BBSE3,201802,1,0.202328961996677,0.559468197036045,70
BRAP4,201802,1,0.179367483437612,0.522156145651797,70
BRFS3,201802,1,0.142808457643961,0.394544590713017,70
BRKM5,201802,1,0.230837480467015,0.659190347905554,70
BRML3,201802,1,0.213462410397898,0.585078739520985,70
BTOW3,201802,1,0.276242402302302,0.772201571119935,70
BVMF3,201802,1,0.31201766615214,0.875366864687071,70
CCRO3,201802,1,0.234360263410164,0.666842668496221,70
CESP6,201802,1,0.24346031481383,0.707723975805796,70
CIEL3,201802,1,0.225629811845684,0.640580220223146,70
CRFB3,201802,1,0.147013926084735,0.391206547218218,70
CVCB3,201802,1,0.236663002618623,0.67835035522261,70
CYRE3,201802,1,0.179659384544628,0.490758757095385,70
DTEX3,201802,1,0.169886457207041,0.449240413228217,70
EGIE3,201802,1,0.210616819429352,0.593984891498788,70
ELET6,201802,1,0.222739200696627,0.608504424233626,70
EMBR3,201802,1,0.250677679846388,0.715641310154984,70
ENBR3,201802,1,0.126643743223361,0.325369614942856,70
ENGI11,201802,1,0.229651745858392,0.634514523898252,70
EQTL3,201802,1,0.233113159906534,0.653394570027881,70
ESTC3,201802,1,0.27638413882268,0.792339091168396,70
EVEN3,201802,1,0.223739994434555,0.605681188475249,70
EZTC3,201802,1,0.152976194780633,0.403608347558915,70
FIBR3,201802,1,0.252334059234522,0.715169070413386,70
FLRY3,201802,1,0.192468270738815,0.525777442161119,70
GGBR4,201802,1,0.283613825800305,0.812074341862893,70
GOAU4,201802,1,0.235671811819804,0.638427592747211,70
GOLL4,201802,1,0.184538499074882,0.500542159530309,70
HYPE3,201802,1,0.23332995605623,0.664983804834749,70
IGTA3,201802,1,0.210628216047524,0.587763059238889,70
IRBR3,201802,1,0.168941716544231,0.463465820602933,70
ITSA4,201802,1,0.192195572213174,0.540353965623773,70
ITUB4,201802,1,0.336326221383317,0.948564528455751,70
JBSS3,201802,1,0.245635543533731,0.713876590444682,70
KLBN11,201802,1,0.176670528524033,0.501029050054988,70
KROT3,201802,1,0.196410758390697,0.55051250632678,70
LAME4,201802,1,0.241893227792654,0.687307471711302,70
LINX3,201802,1,0.203841393784614,0.557616254420839,70
LREN3,201802,1,0.21519468909043,0.62910170809346,70
MDIA3,201802,1,0.137504609544467,0.367671473819081,70
MGLU3,201802,1,0.237832083203826,0.666189635489188,70
MRVE3,201802,1,0.206672096816127,0.554827451029139,70
MULT3,201802,1,0.213114897501579,0.623256740693388,70
MYPK3,201802,1,0.202844929360978,0.562400563259175,70
OMGE3,201802,1,0.195675618170067,0.527631115004474,70
PARD3,201802,1,0.237758753364778,0.675715148211518,70
PCAR4,201802,1,0.141443604112843,0.38449873991462,70
PETR3,201802,1,0.221827821310757,0.630004656195998,70
PETR4,201802,1,0.359050716866344,1,70
QUAL3,201802,1,0.122170541440354,0.325095304809946,70
RAIL3,201802,1,0.256733742261932,0.745559804070254,70
RENT3,201802,1,0.224648760185397,0.629394648244627,70
SBSP3,201802,1,0.253479469292517,0.71505638329849,70
SEER3,201802,1,0.193398053003861,0.525338665334305,70
SMLS3,201802,1,0.273562651526475,0.748373704363093,70
STBP3,201802,1,0.172942110822755,0.473994571777343,70
SULA11,201802,1,0.118655868776881,0.303211656658429,70
TEND3,201802,1,0.175040170794449,0.48891008438429,70
TIMP3,201802,1,0.171655159387762,0.485351670588041,70
UGPA3,201802,1,0.226259059266249,0.630382426106004,70
USIM5,201802,1,0.231707963595274,0.673819077324293,70
VALE3,201802,1,0.269916351407637,0.766956796816227,70
VIVT4,201802,1,0.183566245471268,0.518386888819508,70
VULC3,201802,1,0.164586989132878,0.447765162077784,70
VVAR11,201802,1,0.188297824984465,0.53237596934361,70
WEGE3,201802,1,0.175350722962266,0.480902330232211,70
ABEV3,201803,1,0.291187999802199,0.809359054509097,74
ALSC3,201803,1,0.149172678840616,0.410711981154624,74
ARZZ3,201803,1,0.156675478314372,0.407537959564921,74
AZUL4,201803,1,0.225899057337606,0.585503769989168,74
B3SA3,201803,1,0.321579091002963,0.868286002526751,74
BBDC3,201803,1,0.18008169867494,0.492379670883295,74
BBDC4,201803,1,0.309623320874001,0.818734205499603,74
BBSE3,201803,1,0.258918722198338,0.682171378630471,74
BRAP4,201803,1,0.147807085854664,0.398097449255394,74
BRFS3,201803,1,0.177212855432769,0.496334555517633,74
BRKM5,201803,1,0.225742057302004,0.625185380738919,74
BRML3,201803,1,0.183321311725453,0.474542776917584,74
BTOW3,201803,1,0.256107033363083,0.683725596837717,74
CCRO3,201803,1,0.178774855328865,0.490747137977177,74
CESP6,201803,1,0.255707782992753,0.686790879004662,74
CIEL3,201803,1,0.238655924186513,0.664036154404175,74
CMIG4,201803,1,0.233044665001806,0.65049365886496,74
CRFB3,201803,1,0.119121860224518,0.296864056140241,74
CSAN3,201803,1,0.148272726775358,0.393135611315199,74
CSMG3,201803,1,0.2396443272224,0.65347084941819,74
CSNA3,201803,1,0.168993288516059,0.457928085626796,74
CVCB3,201803,1,0.261854400080462,0.716602353545107,74
CYRE3,201803,1,0.180408803052292,0.460083106133531,74
EGIE3,201803,1,0.208493064310958,0.584269578274857,74
ELET6,201803,1,0.185113087467151,0.475561907034211,74
EMBR3,201803,1,0.294181576177742,0.819541345524373,74
ENBR3,201803,1,0.127959677383596,0.314857149761996,74
ENGI11,201803,1,0.238137953462521,0.614605354180282,74
EQTL3,201803,1,0.206870729897269,0.552862773352642,74
ESTC3,201803,1,0.28314313614516,0.799596398075581,74
EZTC3,201803,1,0.158105951962054,0.396129095524226,74
FIBR3,201803,1,0.238695332238199,0.649047202398473,74
FLRY3,201803,1,0.215022365714406,0.576237382444129,74
GGBR4,201803,1,0.270966533142818,0.725032677093204,74
GOAU4,201803,1,0.186351157290614,0.471166803306388,74
GOLL4,201803,1,0.153041357224068,0.385591747431274,74
HYPE3,201803,1,0.223769848114058,0.601107472191014,74
IGTA3,201803,1,0.190883135166776,0.50362318695959,74
IRBR3,201803,1,0.196803980367993,0.526650388754092,74
ITSA4,201803,1,0.196432366436317,0.535675429776172,74
ITUB4,201803,1,0.364250449197853,1,74
KLBN11,201803,1,0.23771766623317,0.671030139740093,74
KROT3,201803,1,0.24367464170735,0.679911400570436,74
LAME4,201803,1,0.229318261821227,0.608743379215897,74
LINX3,201803,1,0.203038527187886,0.512385719215609,74
LREN3,201803,1,0.227114286345916,0.638335746034051,74
MEAL3,201803,1,0.200901566057627,0.550584411061435,74
MGLU3,201803,1,0.244946991739855,0.661499427832612,74
MRVE3,201803,1,0.213843289377699,0.549958276649919,74
MULT3,201803,1,0.208287556452616,0.567081287647362,74
MYPK3,201803,1,0.218458037315907,0.573981911902722,74
OMGE3,201803,1,0.190866917059945,0.486077724043571,74
PARD3,201803,1,0.213485164677659,0.557840832438778,74
PCAR4,201803,1,0.174413403989624,0.460292906411953,74
PETR3,201803,1,0.2588294178683,0.733950718209512,74
PETR4,201803,1,0.35909446299226,0.966813944677946,74
QUAL3,201803,1,0.204406513077977,0.514660676090811,74
RAIL3,201803,1,0.229767715588534,0.629832202499202,74
RAPT4,201803,1,0.142375762373101,0.346551835849714,74
RENT3,201803,1,0.260254439454351,0.707578962489006,74
SBSP3,201803,1,0.236349285151358,0.645635796291471,74
SMLS3,201803,1,0.183530017073347,0.458653099924936,74
STBP3,201803,1,0.151598430630348,0.385479302538632,74
SULA11,201803,1,0.265964562557384,0.730486804551138,74
SUZB3,201803,1,0.285868688049332,0.792526231338058,74
TAEE11,201803,1,0.183590625254144,0.472849768001371,74
TEND3,201803,1,0.189720224657625,0.50021120939117,74
TIMP3,201803,1,0.231442911255458,0.625644452594677,74
TRPL4,201803,1,0.178257178005393,0.4623114477556,74
USIM5,201803,1,0.222858077137057,0.635132533618484,74
VALE3,201803,1,0.338357376461674,0.937670803990459,74
VIVT4,201803,1,0.195462278012974,0.530747202618163,74
VVAR11,201803,1,0.197355701327011,0.532277924220541,74
WEGE3,201803,1,0.192690830054138,0.529420752033294,74
ABEV3,201804,1,0.229842086930994,0.598388630001738,74
ALSC3,201804,1,0.149471482735451,0.380914564765066,74
ARZZ3,201804,1,0.130113430089914,0.314385130635702,74
B3SA3,201804,1,0.341154322108134,0.870328215779537,74
BBAS3,201804,1,0.21826795052337,0.553868398948971,74
BBDC3,201804,1,0.172519628828121,0.442030775567598,74
BBDC4,201804,1,0.335461277119015,0.828102235465505,74
BBSE3,201804,1,0.232185326166206,0.581567407606297,74
BRAP4,201804,1,0.19190259129843,0.490822630654249,74
BRDT3,201804,1,0.190043569686329,0.476147634707511,74
BRFS3,201804,1,0.189902432620496,0.499420889454751,74
BRKM5,201804,1,0.241153154611721,0.627418454791565,74
BRML3,201804,1,0.178717837788009,0.425946405986814,74
BTOW3,201804,1,0.275145000755383,0.695007498158524,74
CCRO3,201804,1,0.150802405822376,0.383395491031965,74
CESP6,201804,1,0.27905418890319,0.703613088657343,74
CIEL3,201804,1,0.248731707909789,0.639870901942644,74
CMIG4,201804,1,0.228155803951428,0.585912934861638,74
CRFB3,201804,1,0.127825127624609,0.2964117639516,74
CSMG3,201804,1,0.223922478554701,0.576228913398492,74
CSNA3,201804,1,0.188879625116514,0.486022087078954,74
CVCB3,201804,1,0.246542907660689,0.633586095525095,74
CYRE3,201804,1,0.203890455880467,0.515254657421956,74
ELET3,201804,1,0.154526165151111,0.369088794892968,74
ELET6,201804,1,0.198152073930596,0.472694093260306,74
EMBR3,201804,1,0.28486418351203,0.739781160080153,74
ENBR3,201804,1,0.127004413558918,0.297075342477218,74
ENGI11,201804,1,0.251304629444765,0.6075159053806,74
EQTL3,201804,1,0.215743262702597,0.534341160026766,74
ESTC3,201804,1,0.262133407817074,0.687967295782363,74
EZTC3,201804,1,0.145303171801751,0.350112630368596,74
FIBR3,201804,1,0.17986461092403,0.45909058455802,74
FLRY3,201804,1,0.218007365071643,0.547580166059578,74
GGBR4,201804,1,0.282823962141446,0.721588421543658,74
GOAU4,201804,1,0.205938080926922,0.504304753462416,74
HAPV3,201804,1,0.263971521052019,0.660035886992847,74
IGTA3,201804,1,0.182663982469789,0.444222801371885,74
IRBR3,201804,1,0.206684332222491,0.523974083631365,74
ITSA4,201804,1,0.208618114556158,0.529545287996177,74
ITUB4,201804,1,0.390951812850492,1,74
KLBN11,201804,1,0.263492485106194,0.677096121416565,74
KROT3,201804,1,0.250771817327982,0.642823353382882,74
LAME4,201804,1,0.279236535232504,0.711364580081178,74
LINX3,201804,1,0.197784574409482,0.472576697788329,74
LREN3,201804,1,0.242356647881672,0.633629481257592,74
MEAL3,201804,1,0.200999488951821,0.517213125717992,74
MGLU3,201804,1,0.224429697360848,0.577710436097629,74
MRFG3,201804,1,0.194887653915642,0.48928662945878,74
MRVE3,201804,1,0.211538053288674,0.515838589315849,74
MULT3,201804,1,0.215375276362612,0.560754254017654,74
MYPK3,201804,1,0.221277751032226,0.563623954277713,74
OMGE3,201804,1,0.19003547595149,0.454258563816457,74
PCAR4,201804,1,0.241272141548277,0.611863382600547,74
PETR3,201804,1,0.25320498672514,0.654029832139948,74
PETR4,201804,1,0.386587872511908,0.98074571218562,74
QUAL3,201804,1,0.246976162785025,0.61703927864859,74
RADL3,201804,1,0.169538823798986,0.437113618049923,74
RAIL3,201804,1,0.259272347838219,0.663966212709629,74
RENT3,201804,1,0.276550688051252,0.698546259092971,74
SBSP3,201804,1,0.281516944834094,0.72672143870944,74
SMLS3,201804,1,0.201174349058507,0.487255920824042,74
STBP3,201804,1,0.15078488918068,0.37882669101166,74
SULA11,201804,1,0.253678735128785,0.647676482458678,74
SUZB3,201804,1,0.286762084198475,0.746702805803419,74
TAEE11,201804,1,0.195306587761478,0.475363430008752,74
TEND3,201804,1,0.201640459327913,0.512850462384773,74
TIMP3,201804,1,0.238942703052197,0.595294610312617,74
TRPL4,201804,1,0.181779306920527,0.439372960010105,74
UGPA3,201804,1,0.271698971571698,0.682533499292426,74
USIM5,201804,1,0.196540436093057,0.517632741930402,74
VALE3,201804,1,0.353005076978827,0.905289527459142,74
VIVT4,201804,1,0.223933157022098,0.572649808448276,74
VVAR11,201804,1,0.190083166227935,0.477528917357109,74
WEGE3,201804,1,0.185786340228617,0.469970562870428,74
ABEV3,201805,1,0.278538990700539,0.755093418215603,74
ALSC3,201805,1,0.159905950318567,0.425963827578858,74
ARZZ3,201805,1,0.121866343218787,0.290063359657063,74
B3SA3,201805,1,0.351375177343902,0.946483419065637,74
BBAS3,201805,1,0.342559012958004,0.911949293356244,74
BBDC4,201805,1,0.336338355039142,0.887463383991613,74
BBSE3,201805,1,0.259498775101272,0.687384082132548,74
BRAP4,201805,1,0.184657244941954,0.506566638961621,74
BRFS3,201805,1,0.224523493298272,0.622512666465502,74
BRKM5,201805,1,0.247770905683771,0.665317624615766,74
BRML3,201805,1,0.157998816432519,0.405444244417032,74
BTOW3,201805,1,0.246982358109685,0.654308752691412,74
CCRO3,201805,1,0.15756253202653,0.414802322533105,74
CESP6,201805,1,0.260167604110208,0.710153669521168,74
CIEL3,201805,1,0.219352737697257,0.609659360610347,74
CMIG4,201805,1,0.243247194276926,0.663100150854774,74
CRFB3,201805,1,0.129417227094975,0.3151936826554,74
CSAN3,201805,1,0.123913226818079,0.323659650757089,74
CSMG3,201805,1,0.221682689694523,0.600110141033956,74
CSNA3,201805,1,0.159896593060944,0.436879885834658,74
CVCB3,201805,1,0.239056015962064,0.640135757962697,74
CYRE3,201805,1,0.195982682078123,0.522319389132497,74
DTEX3,201805,1,0.196713783610127,0.498125561839509,74
ELET6,201805,1,0.165877865564061,0.429287977700546,74
EMBR3,201805,1,0.305955910583949,0.819821880489454,74
ENBR3,201805,1,0.148710372494548,0.371970725025515,74
ENGI11,201805,1,0.237104606313772,0.619590368671813,74
EQTL3,201805,1,0.207002165211923,0.541150414205912,74
ESTC3,201805,1,0.259306934274429,0.704484162305833,74
EZTC3,201805,1,0.135559182621283,0.329655140401015,74
FIBR3,201805,1,0.205555235451435,0.558070736988609,74
FLRY3,201805,1,0.226516423966424,0.580015320576825,74
GGBR4,201805,1,0.265273494528932,0.736250226830761,74
GOAU4,201805,1,0.221106529699645,0.589951387815585,74
GOLL4,201805,1,0.151068197517167,0.373413781822731,74
HAPV3,201805,1,0.277929053955684,0.748466616478417,74
HYPE3,201805,1,0.198411912515291,0.536072614043063,74
IGTA3,201805,1,0.159078100947385,0.413278077414174,74
IRBR3,201805,1,0.182655620347899,0.495623457431742,74
ITSA4,201805,1,0.187866598043264,0.495891687546353,74
ITUB4,201805,1,0.365553777951743,1,74
JBSS3,201805,1,0.26942236233848,0.74579763463516,74
KLBN11,201805,1,0.263268374918402,0.731451991159961,74
KROT3,201805,1,0.229252085271176,0.624111449309195,74
LAME4,201805,1,0.243324756021704,0.645202439354274,74
LINX3,201805,1,0.19412825672395,0.48418695216307,74
LREN3,201805,1,0.233394707796413,0.652652350101858,74
MEAL3,201805,1,0.201882003265852,0.535577763434463,74
MGLU3,201805,1,0.164219615918678,0.452453079315828,74
MRFG3,201805,1,0.257709774974614,0.688931238239763,74
MRVE3,201805,1,0.179660687831147,0.460134609209519,74
MYPK3,201805,1,0.22283392738488,0.587395170796112,74
OMGE3,201805,1,0.192167835345284,0.494138894525818,74
PCAR4,201805,1,0.245842510073692,0.655903005324371,74
PETR3,201805,1,0.261499387005929,0.705340808282726,74
PETR4,201805,1,0.358033330420689,0.977382007042133,74
QUAL3,201805,1,0.235704625766226,0.620604052348543,74
RADL3,201805,1,0.224184199764088,0.623188830132787,74
RAIL3,201805,1,0.256745598741116,0.709199542138622,74
RENT3,201805,1,0.257237964236547,0.686065994833181,74
SBSP3,201805,1,0.242916395697087,0.638808316536032,74
SMLS3,201805,1,0.209350817342482,0.528678315567493,74
SUZB3,201805,1,0.277116528151423,0.776117484303831,74
TEND3,201805,1,0.189267664920205,0.498121580284525,74
TIET11,201805,1,0.124161493439208,0.281858670709835,74
TIMP3,201805,1,0.274787862118089,0.739833014091765,74
TOTS3,201805,1,0.147817960046477,0.367693815783539,74
TRPL4,201805,1,0.165139871776275,0.418290288062127,74
UGPA3,201805,1,0.263845032621661,0.715645544075958,74
USIM5,201805,1,0.148610913118664,0.401463225208955,74
VALE3,201805,1,0.356455602877032,0.969254042484409,74
VIVT4,201805,1,0.192545500535116,0.515962693667197,74
VVAR11,201805,1,0.183404441136838,0.482702576232669,74
WEGE3,201805,1,0.210842206391173,0.570295990277096,74
ABEV3,201806,1,0.239888571588659,0.589875090006256,71
B3SA3,201806,1,0.356532795889414,0.890122197288512,71
BBAS3,201806,1,0.313507462249821,0.804839404977734,71
BBDC4,201806,1,0.324121656294463,0.82153496577898,71
BBSE3,201806,1,0.245419667420681,0.624979706557786,71
BRAP4,201806,1,0.276871465446929,0.718817636399928,71
BRDT3,201806,1,0.155893105356904,0.386794632304905,71
BRFS3,201806,1,0.25855974073227,0.648977784051558,71
BRKM5,201806,1,0.216683964739212,0.540112216298203,71
BTOW3,201806,1,0.271792664032529,0.698653217256547,71
CCRO3,201806,1,0.265322715976548,0.685878119460327,71
CESP6,201806,1,0.277561392164699,0.735336844225702,71
CIEL3,201806,1,0.232368542767198,0.612607339725508,71
CMIG4,201806,1,0.242443328057969,0.607124054413401,71
CRFB3,201806,1,0.174440146296749,0.41990750644619,71
CSAN3,201806,1,0.141175064191567,0.339538068603813,71
CSMG3,201806,1,0.229406624777251,0.584328355641464,71
CSNA3,201806,1,0.12847060725176,0.328865340355242,71
CVCB3,201806,1,0.256607924320471,0.653191939092512,71
CYRE3,201806,1,0.214534903234545,0.531049760040228,71
DTEX3,201806,1,0.167413460898789,0.403650140377745,71
ELET6,201806,1,0.196987647002494,0.495939586830199,71
EMBR3,201806,1,0.292600483503595,0.74704640169784,71
ENBR3,201806,1,0.186766887974618,0.468859007779899,71
ENGI11,201806,1,0.274631047767871,0.700217310666387,71
EQTL3,201806,1,0.215350207358821,0.542337979480169,71
ESTC3,201806,1,0.248793668501547,0.623261593376776,71
FIBR3,201806,1,0.230410801878965,0.578798455821036,71
FLRY3,201806,1,0.214332899946665,0.519546429614683,71
GGBR4,201806,1,0.278052012959685,0.727140386734683,71
GOAU4,201806,1,0.246210952079959,0.640197359329486,71
GOLL4,201806,1,0.116219451901723,0.272852874747409,71
HAPV3,201806,1,0.257551943121107,0.665207404832789,71
HYPE3,201806,1,0.185972082501359,0.462512503503879,71
ITSA4,201806,1,0.195165586578075,0.481322604613661,71
ITUB4,201806,1,0.361330925637396,0.939173745221329,71
JBSS3,201806,1,0.257204944650999,0.667071490957497,71
KLBN11,201806,1,0.231572566028291,0.581265417801166,71
KROT3,201806,1,0.205223117968569,0.548814049191035,71
LAME4,201806,1,0.284075357796124,0.716189419258769,71
LINX3,201806,1,0.178258114814116,0.442971075297842,71
LREN3,201806,1,0.237431404704507,0.630006279764242,71
MGLU3,201806,1,0.239886531665104,0.604907234047137,71
MRFG3,201806,1,0.247092338023627,0.643206876619029,71
MRVE3,201806,1,0.177120894865799,0.428977397001094,71
MULT3,201806,1,0.189816241081068,0.456597115120032,71
MYPK3,201806,1,0.237183091831812,0.614635313568016,71
OMGE3,201806,1,0.188598181250809,0.47894818148562,71
PCAR4,201806,1,0.252799680847405,0.647463801506449,71
PETR3,201806,1,0.239243824768051,0.603393249714006,71
PETR4,201806,1,0.386205383724067,1,71
QUAL3,201806,1,0.278304565161744,0.704840958582863,71
RADL3,201806,1,0.17817211942394,0.446642248087169,71
RAIL3,201806,1,0.263019187699061,0.696864330955633,71
RENT3,201806,1,0.262444068834876,0.657014400183907,71
SAPR11,201806,1,0.174522574398643,0.437140948636194,71
SBSP3,201806,1,0.232003179308753,0.571940578889688,71
SEER3,201806,1,0.149440572645027,0.377895520318375,71
SMLS3,201806,1,0.245042203556983,0.603061937177762,71
STBP3,201806,1,0.146908986660299,0.363547794253033,71
SUZB3,201806,1,0.298011253800087,0.79571344550989,71
TAEE11,201806,1,0.174111525513609,0.423804371307059,71
TIET11,201806,1,0.129517141355237,0.298483341841729,71
TIMP3,201806,1,0.264974605140595,0.70052598749864,71
TRPL4,201806,1,0.196453211226652,0.469529817138581,71
UGPA3,201806,1,0.216248882116024,0.54335687449986,71
USIM5,201806,1,0.189515400607638,0.507093123231891,71
VALE3,201806,1,0.335995295354312,0.840686034303283,71
VIVT4,201806,1,0.18211706060742,0.455184924227313,71
VVAR11,201806,1,0.186642448099044,0.465085211069691,71
WEGE3,201806,1,0.175006324181016,0.436870167829605,71
ABEV3,201807,1,0.253689853471009,0.649534600193519,72
ALSC3,201807,1,0.123968821115313,0.313289819135598,72
B3SA3,201807,1,0.363766478785733,0.938152305201297,72
BBAS3,201807,1,0.347507115433175,0.913167627400181,72
BBDC4,201807,1,0.335397053526531,0.856042719588811,72
BBSE3,201807,1,0.23874892777404,0.61501367959915,72
BRAP4,201807,1,0.25885590880516,0.69923599191015,72
BRFS3,201807,1,0.204867088108025,0.555197154473482,72
BRKM5,201807,1,0.271098480371752,0.701986028377244,72
BRML3,201807,1,0.164822248949643,0.420244425738299,72
BTOW3,201807,1,0.271312573017225,0.714103989771703,72
CCRO3,201807,1,0.280243773706628,0.746514690605983,72
CIEL3,201807,1,0.241904788885484,0.642408921985932,72
CMIG4,201807,1,0.260764646108249,0.68280608661157,72
CPLE6,201807,1,0.154945676368563,0.382172742072794,72
CSAN3,201807,1,0.166423291630686,0.412255798480914,72
CSMG3,201807,1,0.264901617369837,0.699982603552454,72
CSNA3,201807,1,0.14742373496754,0.38966694114561,72
CVCB3,201807,1,0.258682081985612,0.66551180838113,72
CYRE3,201807,1,0.208550390485765,0.521101514938402,72
DTEX3,201807,1,0.169751898370511,0.421508708467588,72
ELET3,201807,1,0.152193565632279,0.397276835498819,72
ELET6,201807,1,0.222737476208522,0.556103840405933,72
EMBR3,201807,1,0.262474486739079,0.703587441496603,72
ENBR3,201807,1,0.208946442375372,0.520545512654356,72
ENGI11,201807,1,0.255339643755081,0.661791173830796,72
EQTL3,201807,1,0.217727619089866,0.546989720839281,72
ESTC3,201807,1,0.212242993120163,0.535809808048012,72
FIBR3,201807,1,0.199971624126481,0.509704171118389,72
FLRY3,201807,1,0.211266535058829,0.531589950757541,72
GGBR4,201807,1,0.316667380903686,0.849297308649487,72
GOAU4,201807,1,0.235096635931408,0.630314885965926,72
HAPV3,201807,1,0.266212185434157,0.705815405186363,72
HYPE3,201807,1,0.188754254986143,0.482729713055791,72
IGTA3,201807,1,0.200741418862658,0.523402072176693,72
ITUB4,201807,1,0.371964738744496,0.981331172113829,72
JBSS3,201807,1,0.24097420050222,0.655921382611711,72
KLBN11,201807,1,0.201438504186558,0.514747683867319,72
KROT3,201807,1,0.284033706525694,0.762421957809055,72
LAME4,201807,1,0.252972712690752,0.667931922329094,72
LINX3,201807,1,0.207162316175286,0.543641667062406,72
LREN3,201807,1,0.262381864193298,0.717326129790082,72
MGLU3,201807,1,0.207219054255069,0.557808377151427,72
MRFG3,201807,1,0.258839201975925,0.705472292610172,72
MRVE3,201807,1,0.196207574281615,0.499487981113542,72
MULT3,201807,1,0.17666340956597,0.450393132763866,72
MYPK3,201807,1,0.233471310252566,0.634196807483315,72
OMGE3,201807,1,0.200110582560966,0.502711494423325,72
PCAR4,201807,1,0.311044283550494,0.813494476096331,72
PETR3,201807,1,0.258093863348738,0.669829214539957,72
PETR4,201807,1,0.377328575766125,1,72
PSSA3,201807,1,0.142475938254672,0.364762706616715,72
QUAL3,201807,1,0.282197456290956,0.731710372898317,72
RADL3,201807,1,0.169557308841539,0.444894762327414,72
RAIL3,201807,1,0.274820297281821,0.75192245872369,72
RAPT4,201807,1,0.141684576782139,0.351492633496165,72
RENT3,201807,1,0.254340240152332,0.660887608611219,72
SBSP3,201807,1,0.25929177338834,0.682585262956334,72
SEER3,201807,1,0.165003065924452,0.421657595883041,72
SMLS3,201807,1,0.257382299749938,0.637508657471247,72
SULA11,201807,1,0.179390347429024,0.457144134598578,72
SUZB3,201807,1,0.299342233333591,0.832188353613404,72
TAEE11,201807,1,0.172247737664166,0.4284594823451,72
TIET11,201807,1,0.107275796591903,0.252941311605657,72
TIMP3,201807,1,0.300489190794667,0.821624077426758,72
TRPL4,201807,1,0.178791522227277,0.44134287335301,72
UGPA3,201807,1,0.249536087182959,0.647127945274239,72
USIM5,201807,1,0.240286488141397,0.64363082331001,72
VALE3,201807,1,0.235702296846812,0.637043194478299,72
VIVT4,201807,1,0.224583841563713,0.564795445357737,72
VVAR11,201807,1,0.210251180300061,0.55767187196612,72
WEGE3,201807,1,0.225380695663596,0.58632675107288,72
ABEV3,201808,1,0.227762411490906,0.614796681914745,71
ALSC3,201808,1,0.122290413095644,0.334197539841095,71
B3SA3,201808,1,0.349001830057611,0.962740570197571,71
BBAS3,201808,1,0.325753487445325,0.902368593497711,71
BBDC3,201808,1,0.154955482437639,0.417393211708896,71
BBDC4,201808,1,0.346267643871861,0.948354163623608,71
BBSE3,201808,1,0.261591804694246,0.718570685319459,71
BRAP4,201808,1,0.272106047956409,0.787269179369253,71
BRFS3,201808,1,0.218974535219362,0.624771111404361,71
BRKM5,201808,1,0.268666318088367,0.738393608856808,71
BRML3,201808,1,0.14179240945178,0.39438195569018,71
BTOW3,201808,1,0.261477231380804,0.720362156412149,71
CCRO3,201808,1,0.183215057529469,0.499846669841759,71
CESP6,201808,1,0.272071732899228,0.804642588612854,71
CIEL3,201808,1,0.212316564092832,0.602161627348989,71
CMIG4,201808,1,0.269938940423319,0.744491130591702,71
CPLE6,201808,1,0.119670856118429,0.30515881277118,71
CRFB3,201808,1,0.128325188509221,0.341930158396314,71
CSAN3,201808,1,0.141621891305541,0.362998803280831,71
CSMG3,201808,1,0.242700716420779,0.70097565124968,71
CSNA3,201808,1,0.148820134714606,0.415871481600529,71
CVCB3,201808,1,0.176043171435025,0.471806938714607,71
CYRE3,201808,1,0.197977127455157,0.536266238630355,71
DTEX3,201808,1,0.158043734970057,0.420249214244499,71
ELET6,201808,1,0.158496456165447,0.433510495065485,71
EMBR3,201808,1,0.236601621545282,0.642010676944896,71
ENGI11,201808,1,0.231705899780332,0.647703206467969,71
EQTL3,201808,1,0.206319482332646,0.556925632916315,71
ESTC3,201808,1,0.211213845858486,0.572842738044818,71
FIBR3,201808,1,0.222122151690802,0.617759540697847,71
FLRY3,201808,1,0.214611481280906,0.578459301058862,71
GGBR4,201808,1,0.296286090093154,0.878691222220545,71
GOAU4,201808,1,0.250919070765116,0.75306064390383,71
HAPV3,201808,1,0.259014360825427,0.755372496358946,71
ITUB4,201808,1,0.316934282872539,0.892117108977949,71
JBSS3,201808,1,0.253430992558947,0.719963962834509,71
KLBN11,201808,1,0.243595472132367,0.681529024694234,71
KROT3,201808,1,0.190151456469395,0.512531542767707,71
LAME4,201808,1,0.282523313303973,0.782213303746092,71
LIGT3,201808,1,0.266939360503698,0.796260559878254,71
LINX3,201808,1,0.204253245817075,0.572671957326195,71
LREN3,201808,1,0.268444135026125,0.790100619403494,71
MGLU3,201808,1,0.191960589472717,0.554853871207337,71
MRVE3,201808,1,0.205741274833663,0.540402395662546,71
MULT3,201808,1,0.218816550117499,0.629624257823191,71
MYPK3,201808,1,0.22514388216048,0.64611375261585,71
OMGE3,201808,1,0.194409422631391,0.537007011237188,71
PCAR4,201808,1,0.274454190133739,0.770280340405864,71
PETR3,201808,1,0.246257039593838,0.673864750810548,71
PETR4,201808,1,0.348593446618402,1,71
PSSA3,201808,1,0.110044262165059,0.286374081672165,71
QUAL3,201808,1,0.249589947173278,0.683488289690016,71
RADL3,201808,1,0.169750239439669,0.461612393415852,71
RAIL3,201808,1,0.273881582579695,0.806509731882107,71
RAPT4,201808,1,0.174523547685149,0.474929935198381,71
RENT3,201808,1,0.26729822484265,0.734913073335914,71
SAPR11,201808,1,0.129882049457992,0.341939705394898,71
SBSP3,201808,1,0.244171314739602,0.683033653930248,71
SEER3,201808,1,0.161132327813342,0.447538194398598,71
SMLS3,201808,1,0.229926342069361,0.602097540026768,71
SUZB3,201808,1,0.301574995347822,0.902927566885124,71
TAEE11,201808,1,0.182593827407663,0.492819088198864,71
TIMP3,201808,1,0.303349884010209,0.895079133503667,71
TRPL4,201808,1,0.17200085293187,0.447836817714575,71
TUPY3,201808,1,0.108212316172215,0.266359303886218,71
UGPA3,201808,1,0.252535535207171,0.717678648075555,71
USIM5,201808,1,0.168509809623612,0.468003487651962,71
VALE3,201808,1,0.328075085397517,0.908496637154769,71
VIVT4,201808,1,0.16772064279875,0.447179640124911,71
VVAR11,201808,1,0.215320111424206,0.61752161490319,71
WEGE3,201808,1,0.194539031080279,0.526650011502792,71
ABEV3,201809,1,0.283647906443763,0.762862897886427,70
ALSC3,201809,1,0.129799683003388,0.323069200580191,70
ALUP11,201809,1,0.126607441574951,0.307910133498593,70
ARZZ3,201809,1,0.146540772540266,0.380894527199332,70
B3SA3,201809,1,0.361141197711267,0.953027179247279,70
BBAS3,201809,1,0.348882906183251,0.921795893454706,70
BBDC3,201809,1,0.168533884432696,0.427757580050486,70
BBDC4,201809,1,0.368870503200034,0.965776361208166,70
BBSE3,201809,1,0.236957899448933,0.628539934867061,70
BRAP4,201809,1,0.214255795548943,0.589137990731526,70
BRFS3,201809,1,0.245884749352452,0.668478771651477,70
BRKM5,201809,1,0.248609060770865,0.648564775335216,70
BRML3,201809,1,0.163815223245336,0.429668060852561,70
BTOW3,201809,1,0.230719415426455,0.619615645068061,70
CCRO3,201809,1,0.196452312290064,0.513511728221254,70
CESP6,201809,1,0.288394672184753,0.808213824751832,70
CIEL3,201809,1,0.217329583021843,0.569583769558872,70
CMIG4,201809,1,0.241486787158413,0.63440766105942,70
CPLE6,201809,1,0.126675256900507,0.302781079849008,70
CRFB3,201809,1,0.163486883733088,0.399955252526943,70
CSAN3,201809,1,0.132766326925654,0.329464793767436,70
CSMG3,201809,1,0.250550364168724,0.70257613566134,70
CSNA3,201809,1,0.154061008017272,0.433780225368664,70
CVCB3,201809,1,0.168542872721278,0.429717364066758,70
CYRE3,201809,1,0.208508070338028,0.540913951009068,70
EGIE3,201809,1,0.148575744780383,0.372052426656735,70
ELET3,201809,1,0.174459330471938,0.456907720663174,70
ELET6,201809,1,0.173130225260543,0.438723121093632,70
EMBR3,201809,1,0.223847566119664,0.579868881295124,70
ENGI11,201809,1,0.254771244287272,0.675518440954152,70
EQTL3,201809,1,0.226514953982473,0.586356055730754,70
ESTC3,201809,1,0.241191269035992,0.626149551123312,70
FIBR3,201809,1,0.160106153226828,0.415803401032963,70
FLRY3,201809,1,0.198912694373867,0.504470826533198,70
GGBR4,201809,1,0.307827683983047,0.887330358189504,70
GOLL4,201809,1,0.118408125535897,0.30367620020797,70
HAPV3,201809,1,0.268822687848247,0.756175518414059,70
IGTA3,201809,1,0.195129207004386,0.523888258202037,70
ITUB4,201809,1,0.350722271871448,0.972309406014701,70
JBSS3,201809,1,0.228013131504795,0.616798603894901,70
KLBN11,201809,1,0.206359146253284,0.546643178925783,70
KROT3,201809,1,0.257701507271765,0.718380402491547,70
LAME4,201809,1,0.287658103100136,0.782508934092755,70
LIGT3,201809,1,0.249782622048174,0.725173688387136,70
LREN3,201809,1,0.295313432519691,0.830402773734367,70
MGLU3,201809,1,0.20816155899078,0.573577364853484,70
MRVE3,201809,1,0.152970941771658,0.372950994065747,70
MULT3,201809,1,0.244797995133264,0.708854768741739,70
MYPK3,201809,1,0.223049308291877,0.620040854662565,70
OMGE3,201809,1,0.20115075201482,0.51890118719154,70
PCAR4,201809,1,0.274200991126138,0.748598443595096,70
PETR3,201809,1,0.221443819018488,0.588418534141188,70
PETR4,201809,1,0.36713086753162,1,70
PSSA3,201809,1,0.117884176295064,0.310233698687542,70
QUAL3,201809,1,0.215301088860342,0.579595812647307,70
RADL3,201809,1,0.246974566711417,0.721640521411702,70
RAIL3,201809,1,0.270734754895219,0.774275142867068,70
RAPT4,201809,1,0.157168028667316,0.395733832547772,70
RENT3,201809,1,0.275754578586853,0.736058771035686,70
SEER3,201809,1,0.167352360479618,0.433184670556776,70
SMLS3,201809,1,0.210821438697728,0.525415839625538,70
TAEE11,201809,1,0.179272899929607,0.447995766100942,70
TIMP3,201809,1,0.280280065402841,0.801286195002603,70
TRPL4,201809,1,0.141165018234415,0.351456557190249,70
UGPA3,201809,1,0.245546118229003,0.643535321681755,70
USIM5,201809,1,0.20079498074025,0.527706198790359,70
VALE3,201809,1,0.336296528675777,0.882844518609225,70
VIVT4,201809,1,0.172393773304729,0.429317938120114,70
VVAR11,201809,1,0.202990449016759,0.565989494846925,70
WEGE3,201809,1,0.187524400045045,0.491783268976663,70
ABEV3,201810,1,0.261804652314146,0.697608710099512,70
ALSC3,201810,1,0.143590872407088,0.396776322802828,70
AZUL4,201810,1,0.265085965650085,0.730760285480604,70
B3SA3,201810,1,0.349231482778035,0.943408582636038,70
BBAS3,201810,1,0.287926119215416,0.803437322312444,70
BBDC3,201810,1,0.186755007043314,0.499814888351282,70
BBDC4,201810,1,0.370123507316474,1,70
BBSE3,201810,1,0.233431753076343,0.645766566662675,70
BRAP4,201810,1,0.257002766591367,0.736567506261305,70
BRDT3,201810,1,0.313500537765199,0.902470717344229,70
BRFS3,201810,1,0.214005111895849,0.571416080846332,70
BRKM5,201810,1,0.316601316298291,0.870488981061272,70
BRML3,201810,1,0.167326981189583,0.442389579959375,70
BTOW3,201810,1,0.230689934827347,0.626421339690945,70
CCRO3,201810,1,0.260482124983117,0.685982805670941,70
CIEL3,201810,1,0.240155655092837,0.654072801682623,70
CMIG4,201810,1,0.272416605586689,0.75539115217488,70
CPLE6,201810,1,0.154309635655377,0.401364292150775,70
CSAN3,201810,1,0.119987025029017,0.304723106189151,70
CSMG3,201810,1,0.324792119151786,0.939954122814399,70
CSNA3,201810,1,0.163965110854296,0.444923940394407,70
CVCB3,201810,1,0.195632913160623,0.509133790058181,70
CYRE3,201810,1,0.251401615800881,0.669154476943874,70
EGIE3,201810,1,0.16727255905661,0.439673031570627,70
ELET3,201810,1,0.154776540877099,0.414688407155421,70
ELET6,201810,1,0.269155816810873,0.710749416358579,70
EMBR3,201810,1,0.233198078940514,0.630190959660073,70
ENBR3,201810,1,0.223015045300761,0.58650534584544,70
ENGI11,201810,1,0.231132132245594,0.630889093242007,70
EQTL3,201810,1,0.216729273637023,0.571153017924608,70
ESTC3,201810,1,0.198799181236216,0.520711412515715,70
EZTC3,201810,1,0.161486386930793,0.424494619373045,70
FIBR3,201810,1,0.184253279381916,0.504530494100481,70
FLRY3,201810,1,0.168267952169083,0.434250045250172,70
GGBR4,201810,1,0.333813333313914,0.956153756868211,70
HAPV3,201810,1,0.287714956413008,0.821533777689432,70
IGTA3,201810,1,0.178964435527762,0.473761959519531,70
ITUB4,201810,1,0.352454921313881,0.951651622203258,70
JBSS3,201810,1,0.324788734552932,0.934581762180391,70
KLBN11,201810,1,0.203106703354185,0.545843123711567,70
KROT3,201810,1,0.326172599080428,0.928562125044835,70
LAME4,201810,1,0.289568297286015,0.778005466307606,70
LIGT3,201810,1,0.301682135445031,0.897565890248845,70
LINX3,201810,1,0.261969061562724,0.747899715589441,70
LREN3,201810,1,0.287319288174767,0.825953453023124,70
MGLU3,201810,1,0.216434041225793,0.608887731176349,70
MRFG3,201810,1,0.219215624328695,0.625602747300742,70
MRVE3,201810,1,0.184476232813815,0.475975531238323,70
MULT3,201810,1,0.248051749481057,0.722578113151811,70
MYPK3,201810,1,0.266603063264217,0.792713830861706,70
PCAR4,201810,1,0.334468009312463,0.946286805356605,70
PETR3,201810,1,0.290990940037279,0.779406451428976,70
PETR4,201810,1,0.331304031077807,0.951608995049077,70
QUAL3,201810,1,0.211873772741194,0.607264054713623,70
RADL3,201810,1,0.200119062752662,0.5496802706322,70
RAIL3,201810,1,0.339524632229563,0.974925710343041,70
RAPT4,201810,1,0.145599186747306,0.382453631850304,70
RENT3,201810,1,0.282358030938288,0.775041784141712,70
SAPR11,201810,1,0.182502015275283,0.525024058050301,70
SBSP3,201810,1,0.256894668466475,0.707317590986511,70
SEER3,201810,1,0.171060950128706,0.458734859573767,70
SUZB3,201810,1,0.341063326582251,0.970428416263879,70
TAEE11,201810,1,0.237552341440023,0.670845304667258,70
TRPL4,201810,1,0.132247738843469,0.345150114733723,70
UGPA3,201810,1,0.271936418561641,0.750122500829114,70
USIM5,201810,1,0.217525109338898,0.576216248651053,70
VALE3,201810,1,0.340111504816614,0.926822421252781,70
VIVT4,201810,1,0.224433331179052,0.595792439947848,70
VVAR11,201810,1,0.262967805121155,0.780917920970668,70
WEGE3,201810,1,0.188448920832882,0.507405910259835,70
ABEV3,201811,1,0.254865934918565,0.665902556587429,71
ALSC3,201811,1,0.130320964705645,0.363788230299133,71
ARZZ3,201811,1,0.17105868902188,0.446362804834738,71
AZUL4,201811,1,0.292450812186263,0.827142747277187,71
B3SA3,201811,1,0.336100261463882,0.899901705417714,71
BBAS3,201811,1,0.3032924153819,0.842201905361843,71
BBDC3,201811,1,0.203368267666582,0.540425291608132,71
BBDC4,201811,1,0.373035609916716,1,71
BBSE3,201811,1,0.198220239581451,0.560898882910729,71
BRAP4,201811,1,0.230904596509142,0.658148238872206,71
BRDT3,201811,1,0.292517661227183,0.840023269604448,71
BRFS3,201811,1,0.231855972184162,0.616172414974685,71
BRKM5,201811,1,0.306809092650437,0.836297663866811,71
BRML3,201811,1,0.178228324863673,0.458070798141008,71
BTOW3,201811,1,0.26395299784455,0.752475639516372,71
CCRO3,201811,1,0.29704598090137,0.807990340049876,71
CIEL3,201811,1,0.279297722020746,0.789313262092268,71
CMIG4,201811,1,0.288056128483214,0.798843304555576,71
CPLE6,201811,1,0.152734257893364,0.385516463841646,71
CRFB3,201811,1,0.212298437387185,0.612159140626784,71
CSAN3,201811,1,0.130953269536308,0.333730632757903,71
CSMG3,201811,1,0.279741793485729,0.788353059872063,71
CSNA3,201811,1,0.119394094190564,0.318839156523277,71
CVCB3,201811,1,0.213521336134157,0.556472698885293,71
CYRE3,201811,1,0.216455407687878,0.555352387078863,71
EGIE3,201811,1,0.160592330106449,0.41891171510104,71
ELET3,201811,1,0.164368089557262,0.436170384395599,71
ELET6,201811,1,0.278793436906716,0.746716272803247,71
EMBR3,201811,1,0.206471737791761,0.545192239188627,71
ENBR3,201811,1,0.19456941864762,0.501132558278602,71
ENGI11,201811,1,0.233396740568227,0.622791044128607,71
EQTL3,201811,1,0.225234493843364,0.583188116455432,71
ESTC3,201811,1,0.242941596516634,0.671910975393542,71
EZTC3,201811,1,0.160530633472854,0.418882733030934,71
FIBR3,201811,1,0.198149128779159,0.566305525216138,71
FLRY3,201811,1,0.172934212130244,0.442073299961835,71
GGBR4,201811,1,0.307446204570095,0.873197060805776,71
HAPV3,201811,1,0.27762666920456,0.80096600376559,71
IGTA3,201811,1,0.191850962669517,0.498452678299196,71
ITUB4,201811,1,0.353518178877128,0.953776437751906,71
JBSS3,201811,1,0.27636591030025,0.757062612310919,71
KLBN11,201811,1,0.230099341803251,0.65737092341577,71
KROT3,201811,1,0.320878493198509,0.898895260847985,71
LAME4,201811,1,0.314997638023022,0.881636903345027,71
LIGT3,201811,1,0.256312999598277,0.727747315003274,71
LINX3,201811,1,0.227260029184254,0.615891306065827,71
LREN3,201811,1,0.284586603171351,0.804719786818116,71
MGLU3,201811,1,0.223969765013453,0.616705124339429,71
MRVE3,201811,1,0.100158245361901,0.250252662004261,71
MULT3,201811,1,0.25537450891958,0.735913442609993,71
ODPV3,201811,1,0.226082866952313,0.614711122262183,71
PCAR4,201811,1,0.303584626562574,0.855756222238039,71
PETR3,201811,1,0.295580491101668,0.793776347678079,71
PETR4,201811,1,0.315898653795172,0.88831117932765,71
POMO4,201811,1,0.121934608642391,0.321709056994819,71
QUAL3,201811,1,0.16227636274739,0.460530646051763,71
RADL3,201811,1,0.184768188661316,0.520328792722791,71
RAIL3,201811,1,0.325814685853286,0.925054008480209,71
RAPT4,201811,1,0.146688070529569,0.377556416374917,71
RENT3,201811,1,0.327111555474575,0.886135757833435,71
SBSP3,201811,1,0.17887273530268,0.473840469682719,71
SEER3,201811,1,0.153468526415254,0.401473536822194,71
SMLS3,201811,1,0.203759687228922,0.525857790804596,71
SULA11,201811,1,0.186649589931983,0.49017976154801,71
SUZB3,201811,1,0.249833108798493,0.659154901702026,71
TAEE11,201811,1,0.219378368852345,0.599888733005389,71
UGPA3,201811,1,0.225938328957086,0.594305662438304,71
USIM5,201811,1,0.176928985362559,0.458115470413891,71
VALE3,201811,1,0.344369889728085,0.918025669853769,71
VIVT4,201811,1,0.20848369292732,0.551564641554225,71
WEGE3,201811,1,0.228197966061569,0.637353347229154,71
ABEV3,201812,1,0.252847514894,0.631018498126504,71
ALSC3,201812,1,0.123925470358859,0.315513730889044,71
ARZZ3,201812,1,0.242258248024322,0.625944302213836,71
AZUL4,201812,1,0.316804570004156,0.834673305599124,71
B3SA3,201812,1,0.364219242646608,0.91607532172701,71
BBAS3,201812,1,0.32223476304541,0.830354172471386,71
BBDC3,201812,1,0.241798195208129,0.603613665773465,71
BBDC4,201812,1,0.392270014852044,0.979695967791299,71
BBSE3,201812,1,0.211032691934581,0.534293658366845,71
BRAP4,201812,1,0.261565630378917,0.696868639925452,71
BRDT3,201812,1,0.283621526177115,0.755772010037876,71
BRFS3,201812,1,0.250251865106813,0.627853382187137,71
BRKM5,201812,1,0.307070079258057,0.779364361619431,71
BRML3,201812,1,0.186075221610983,0.464065425518985,71
BTOW3,201812,1,0.222204271455081,0.591843873977274,71
CCRO3,201812,1,0.283995491779409,0.701623303953163,71
CIEL3,201812,1,0.266823378778676,0.701532612715976,71
CMIG4,201812,1,0.311614805028793,0.80442902784647,71
CPLE6,201812,1,0.173260052780053,0.412624386028689,71
CSAN3,201812,1,0.135268967969124,0.325263567861672,71
CSMG3,201812,1,0.285940644907847,0.757471941235122,71
CSNA3,201812,1,0.161389856992057,0.404751661900273,71
CVCB3,201812,1,0.212248125296713,0.518184580956332,71
CYRE3,201812,1,0.25977244400952,0.638523199899477,71
EGIE3,201812,1,0.163645838539422,0.391977425958115,71
ELET3,201812,1,0.185844365134934,0.470344842850456,71
ELET6,201812,1,0.263534827249112,0.663826832500528,71
EMBR3,201812,1,0.279242408786299,0.69084683427698,71
ENBR3,201812,1,0.220690554718597,0.529284727211449,71
ENGI11,201812,1,0.254393091117544,0.649191858195323,71
EQTL3,201812,1,0.235971277162733,0.582120078883665,71
EZTC3,201812,1,0.160970594498796,0.387666990101986,71
FIBR3,201812,1,0.192203553689524,0.494767237752542,71
FLRY3,201812,1,0.195114496078829,0.471081513591496,71
GGBR4,201812,1,0.3194846469309,0.837705873757359,71
GNDI3,201812,1,0.24054778151804,0.615795156199209,71
HAPV3,201812,1,0.281062908870101,0.759503120819839,71
IGTA3,201812,1,0.221451489959486,0.554748391422773,71
ITSA4,201812,1,0.18983070370071,0.48642922113474,71
ITUB4,201812,1,0.392059977721592,1,71
JBSS3,201812,1,0.31717711264869,0.803418725383997,71
KROT3,201812,1,0.296068243964727,0.768779263171218,71
LAME4,201812,1,0.317868898046644,0.825351206649628,71
LCAM3,201812,1,0.229400608878508,0.565604700850267,71
LIGT3,201812,1,0.260413011239101,0.68593135331106,71
LINX3,201812,1,0.243699984675954,0.630186070540724,71
LREN3,201812,1,0.299134134754667,0.798729615246795,71
MGLU3,201812,1,0.215842069346736,0.562929004369618,71
MRVE3,201812,1,0.110651807751331,0.260767658391749,71
MULT3,201812,1,0.279397478782206,0.747340643318692,71
PCAR4,201812,1,0.294478950453367,0.768714667436754,71
PETR3,201812,1,0.289135722054026,0.721214802297443,71
PETR4,201812,1,0.307552721125593,0.815476476526061,71
PSSA3,201812,1,0.10423372858176,0.248872771607238,71
QUAL3,201812,1,0.168069991556001,0.444988574778153,71
RADL3,201812,1,0.235232045158151,0.633391947854223,71
RAIL3,201812,1,0.336051648819791,0.896138798651072,71
RAPT4,201812,1,0.193028454846389,0.472628668544676,71
RENT3,201812,1,0.309327890901849,0.781888046170541,71
SBSP3,201812,1,0.219430356439458,0.543883190266357,71
SEER3,201812,1,0.147183522276958,0.36183917039227,71
SMLS3,201812,1,0.192237994110945,0.463280317166677,71
SULA11,201812,1,0.182073294259816,0.444719236873734,71
SUZB3,201812,1,0.256667439813934,0.631198081659242,71
TAEE11,201812,1,0.221896613370313,0.564885389346684,71
UGPA3,201812,1,0.20645913216608,0.513197329138694,71
USIM5,201812,1,0.186974334481608,0.470758629797287,71
VALE3,201812,1,0.351356555183766,0.87293215749546,71
VIVT4,201812,1,0.20899534654209,0.516022852484369,71
VVAR3,201812,1,0.243540092305945,0.619313940801988,71
WEGE3,201812,1,0.208837255024283,0.530093985455553,71
ABEV3,201901,1,0.330641602845368,0.824672248768478,71
ARZZ3,201901,1,0.265400328452054,0.666560628366548,71
AZUL4,201901,1,0.338927246191471,0.85236942912799,71
B3SA3,201901,1,0.349236112342678,0.855882745578767,71
BBAS3,201901,1,0.332854192069278,0.827267882459929,71
BBDC3,201901,1,0.262333940326706,0.647951442638561,71
BBDC4,201901,1,0.39978998141274,0.986412319915435,71
BBSE3,201901,1,0.268369149074575,0.666163270849904,71
BRAP4,201901,1,0.272521813191727,0.688039257215251,71
BRDT3,201901,1,0.33171378849162,0.857494434785912,71
BRFS3,201901,1,0.322115306721234,0.810753399628265,71
BRKM5,201901,1,0.330036284318192,0.826357791723076,71
BRML3,201901,1,0.213225907070667,0.53411128923131,71
BTOW3,201901,1,0.197356959463265,0.488639746835102,71
CCRO3,201901,1,0.288871387367657,0.743415797739382,71
CIEL3,201901,1,0.233912235118442,0.579093785984483,71
CMIG4,201901,1,0.287230769480712,0.71827442559581,71
CPLE6,201901,1,0.162577157402744,0.380431074913976,71
CRFB3,201901,1,0.161366675052736,0.39854209093757,71
CSAN3,201901,1,0.168608824221733,0.391614648226174,71
CSMG3,201901,1,0.308826042878625,0.782685849041939,71
CSNA3,201901,1,0.288026835448962,0.717637277762953,71
CVCB3,201901,1,0.211389081098073,0.501959804980786,71
CYRE3,201901,1,0.269417336323813,0.642512303016738,71
EGIE3,201901,1,0.209313968490374,0.494268444373912,71
ELET3,201901,1,0.277483643972886,0.715226483261458,71
ELET6,201901,1,0.221188691232962,0.534241836717787,71
EMBR3,201901,1,0.33616855910339,0.839256045337304,71
ENBR3,201901,1,0.206643144357605,0.488397284719728,71
ENGI11,201901,1,0.268286706237932,0.669127384151037,71
EQTL3,201901,1,0.249938668150296,0.605269741871137,71
EZTC3,201901,1,0.173322901932801,0.408905645966898,71
FLRY3,201901,1,0.278607720054999,0.665801422936631,71
GGBR4,201901,1,0.290203414608567,0.72420194697804,71
HAPV3,201901,1,0.290322401776738,0.740259068566417,71
HYPE3,201901,1,0.23424576142481,0.553117280273383,71
IGTA3,201901,1,0.237904795004721,0.585708232732611,71
ITSA4,201901,1,0.299207431571111,0.748456509001058,71
ITUB4,201901,1,0.389603203549868,0.962952614350376,71
JBSS3,201901,1,0.322554757271607,0.79964824173941,71
KLBN11,201901,1,0.252967981525257,0.626824067292955,71
KROT3,201901,1,0.300554165605139,0.771265741291822,71
LAME4,201901,1,0.308237200227797,0.75563804805268,71
LCAM3,201901,1,0.1678895215877,0.389485874924634,71
LIGT3,201901,1,0.288609389182476,0.709181544771523,71
LINX3,201901,1,0.262172609332632,0.668933627724806,71
LREN3,201901,1,0.31323698132081,0.798712884245263,71
MGLU3,201901,1,0.216623563102938,0.544621121800096,71
MRFG3,201901,1,0.235360029608015,0.573264570186615,71
MRVE3,201901,1,0.214122734802403,0.484648198535946,71
MULT3,201901,1,0.225083936627857,0.578434137546628,71
PCAR4,201901,1,0.289618231680047,0.747253994047141,71
PETR3,201901,1,0.297973743078108,0.738767825680243,71
PETR4,201901,1,0.370487678063976,0.925413827881527,71
PSSA3,201901,1,0.123514885015318,0.287359868016476,71
QUAL3,201901,1,0.196396792285262,0.499927593156077,71
RADL3,201901,1,0.21535633257661,0.533932783868121,71
RAIL3,201901,1,0.38291281080962,0.964385542341708,71
RAPT4,201901,1,0.199405286793776,0.467719360506241,71
RENT3,201901,1,0.344561036934986,0.851018728502522,71
SBSP3,201901,1,0.352359316045257,0.883290930518296,71
SEER3,201901,1,0.132434769796227,0.309414421172771,71
SULA11,201901,1,0.137435027486741,0.301059745732036,71
SUZB3,201901,1,0.266558666406187,0.678788048291586,71
TOTS3,201901,1,0.172120789749581,0.403293255843482,71
UGPA3,201901,1,0.202161750658643,0.492886205044121,71
USIM5,201901,1,0.150482374400714,0.358333352748626,71
VALE3,201901,1,0.402165932343389,1,71
VIVT4,201901,1,0.195818201548705,0.488535451283662,71
VVAR3,201901,1,0.201053771659644,0.48438963413437,71
WEGE3,201901,1,0.233437316973778,0.576961097201819,71
ABEV3,201902,1,0.287689848392776,0.672146875497291,72
ALSC3,201902,1,0.141900093112329,0.325330429841243,72
ARZZ3,201902,1,0.224004189594549,0.511983705220051,72
AZUL4,201902,1,0.34374397898998,0.838054949873987,72
B3SA3,201902,1,0.343747005436953,0.808839161769798,72
BBAS3,201902,1,0.324448002705105,0.765049163308649,72
BBDC3,201902,1,0.262635805077307,0.607028451739144,72
BBDC4,201902,1,0.373813152595232,0.865462205735453,72
BBSE3,201902,1,0.280177842739763,0.661202524086826,72
BRAP4,201902,1,0.279896862059765,0.708881521441297,72
BRDT3,201902,1,0.37845194942289,0.925919837910509,72
BRFS3,201902,1,0.285582792672105,0.727726112636496,72
BRKM5,201902,1,0.30046687282627,0.695255210185464,72
BTOW3,201902,1,0.253660746817994,0.616730996101355,72
CCRO3,201902,1,0.27705964904026,0.648801916831754,72
CIEL3,201902,1,0.23840982696429,0.559263207761139,72
CMIG4,201902,1,0.317274659527498,0.762784268245029,72
CPFE3,201902,1,0.149829448800796,0.338113077146621,72
CPLE6,201902,1,0.192881528307706,0.424020960353575,72
CRFB3,201902,1,0.110113865140014,0.239489978404905,72
CSAN3,201902,1,0.158152075645138,0.343552423587205,72
CSMG3,201902,1,0.33140337348518,0.798656477604327,72
CSNA3,201902,1,0.283356779944283,0.677781863373764,72
CVCB3,201902,1,0.195369841293102,0.435754165547579,72
CYRE3,201902,1,0.253279413936899,0.56899126986545,72
EGIE3,201902,1,0.15143775225922,0.340827222628897,72
ELET3,201902,1,0.252074225596735,0.609517784217003,72
ELET6,201902,1,0.223435430946397,0.513053761603635,72
EMBR3,201902,1,0.284038671133287,0.655890321775267,72
ENBR3,201902,1,0.212029557909072,0.472790794644139,72
ENGI11,201902,1,0.273172807952398,0.647964467941158,72
EQTL3,201902,1,0.236673222527714,0.538539209311075,72
FLRY3,201902,1,0.214445468471363,0.482072481397288,72
GGBR4,201902,1,0.260375625417842,0.592107932328998,72
GNDI3,201902,1,0.159032551856058,0.351701491255896,72
HAPV3,201902,1,0.2754967549667,0.708456329639708,72
HYPE3,201902,1,0.261077702407875,0.598150631745668,72
IGTA3,201902,1,0.240133158791867,0.566879411700464,72
IRBR3,201902,1,0.235411719257344,0.547401827070438,72
ITSA4,201902,1,0.328277679243829,0.818504667274055,72
ITUB4,201902,1,0.308411530678209,0.74850827262674,72
JBSS3,201902,1,0.335379965812426,0.795158580954778,72
JPSA3,201902,1,0.225811224312058,0.530759534194443,72
KLBN11,201902,1,0.247296705687704,0.582720008985742,72
KROT3,201902,1,0.294431855101563,0.693048570265691,72
LAME4,201902,1,0.3030060870552,0.738122936121418,72
LCAM3,201902,1,0.156173866063984,0.333779595783819,72
LIGT3,201902,1,0.292080803784172,0.698087992492642,72
LINX3,201902,1,0.235440420691847,0.557297943530555,72
LREN3,201902,1,0.299113215588069,0.748485798609966,72
MGLU3,201902,1,0.214723696933617,0.507208767385971,72
MRVE3,201902,1,0.171667807332442,0.369288882498933,72
MULT3,201902,1,0.245761852979704,0.62789956605446,72
PCAR4,201902,1,0.256628857138782,0.609794511884857,72
PETR3,201902,1,0.275614680305844,0.643409544587275,72
PETR4,201902,1,0.409671159377474,1,72
QUAL3,201902,1,0.187911653986573,0.437587880050562,72
RADL3,201902,1,0.227111023470452,0.532717375440751,72
RAIL3,201902,1,0.372362912835118,0.918308483073979,72
RAPT4,201902,1,0.143963204109389,0.325566180432845,72
RENT3,201902,1,0.341120367220793,0.78881915450425,72
SAPR11,201902,1,0.216615688321416,0.513510815954317,72
SBSP3,201902,1,0.298253287887405,0.737798335186424,72
SEER3,201902,1,0.119138116424791,0.256127617230903,72
SULA11,201902,1,0.18335596971468,0.416400409984278,72
TIMP3,201902,1,0.291352175206806,0.727438901281948,72
UGPA3,201902,1,0.179605623887734,0.410720823381372,72
USIM5,201902,1,0.190802613032295,0.43048349729534,72
VALE3,201902,1,0.379436516227392,0.87853564819445,72
VIVT4,201902,1,0.160001940807414,0.374191860810928,72
VVAR3,201902,1,0.196190597185094,0.451384589994982,72
WEGE3,201902,1,0.238108765146168,0.570664201809428,72
ABEV3,201903,1,0.259453687952449,0.645928679697347,73
ALSC3,201903,1,0.120289526324771,0.277070719699644,73
ARZZ3,201903,1,0.186998649981081,0.410810997509167,73
AZUL4,201903,1,0.320246124472481,0.803971075670716,73
B3SA3,201903,1,0.354830092926029,0.872130087956749,73
BBAS3,201903,1,0.324748658361832,0.786576204808053,73
BBDC3,201903,1,0.231557793621753,0.542095790870629,73
BBDC4,201903,1,0.381861966679726,0.910504506731703,73
BBSE3,201903,1,0.189858206151222,0.447734356861611,73
BKBR3,201903,1,0.13245043817054,0.311289097125695,73
BRAP4,201903,1,0.280817705286971,0.730720162232287,73
BRDT3,201903,1,0.313392521620293,0.804602635339819,73
BRFS3,201903,1,0.290210202520915,0.767954384519184,73
BRKM5,201903,1,0.266281991978187,0.622078733319545,73
BTOW3,201903,1,0.201608595074101,0.462336817409519,73
CCRO3,201903,1,0.262899804231595,0.632629018396874,73
CIEL3,201903,1,0.276894299287477,0.719485680929429,73
CMIG4,201903,1,0.306610829443691,0.786602209108293,73
CPFE3,201903,1,0.152819390096037,0.33703451733764,73
CPLE6,201903,1,0.148865157645417,0.351716559656168,73
CRFB3,201903,1,0.107205834168582,0.236326955268732,73
CSAN3,201903,1,0.1453035967984,0.334490960406936,73
CSMG3,201903,1,0.319133253791712,0.784639187359287,73
CSNA3,201903,1,0.25576447710423,0.658708063833908,73
CVCB3,201903,1,0.198668181207391,0.467814460857907,73
CYRE3,201903,1,0.250503960406994,0.584481487678847,73
EGIE3,201903,1,0.169213210075908,0.381947907585122,73
ELET3,201903,1,0.219029531213033,0.537964693092137,73
ELET6,201903,1,0.239491636532071,0.561190392132089,73
EMBR3,201903,1,0.244202850740986,0.580160321815098,73
ENBR3,201903,1,0.250854821751306,0.584242125634375,73
ENGI11,201903,1,0.289430776619811,0.704846483577082,73
EQTL3,201903,1,0.233449315940732,0.548443124286729,73
EVEN3,201903,1,0.13925048795155,0.310447621836097,73
FLRY3,201903,1,0.170637745139245,0.406225111188588,73
GGBR4,201903,1,0.239930627648416,0.577838279013863,73
GNDI3,201903,1,0.204211132088455,0.467381796956797,73
HAPV3,201903,1,0.318588701341011,0.816992124479987,73
HYPE3,201903,1,0.189225366137218,0.446056380722824,73
IGTA3,201903,1,0.23197539116799,0.558154853599881,73
IRBR3,201903,1,0.191669737435084,0.464952326913693,73
ITSA4,201903,1,0.297528053264459,0.719687121210305,73
ITUB4,201903,1,0.375772503870445,0.945628628099739,73
JBSS3,201903,1,0.328118423557637,0.790521943322841,73
JPSA3,201903,1,0.205187093539208,0.49688421345209,73
KLBN11,201903,1,0.222055860873488,0.552820068046008,73
KROT3,201903,1,0.302840845616542,0.732628083800661,73
LAME4,201903,1,0.300022222173816,0.772033262492716,73
LCAM3,201903,1,0.148847722880169,0.323518706239728,73
LIGT3,201903,1,0.234933564216179,0.56930114219072,73
LINX3,201903,1,0.236513354654491,0.559441285858284,73
LREN3,201903,1,0.326998344955769,0.829823262349572,73
MGLU3,201903,1,0.277555601967597,0.645390760651806,73
MRVE3,201903,1,0.182665161972972,0.41461035855332,73
MULT3,201903,1,0.258293538800225,0.675265885869903,73
PCAR4,201903,1,0.235751974333803,0.567716921776212,73
PETR3,201903,1,0.312961192021957,0.787252164258441,73
PETR4,201903,1,0.396953266767163,1,73
RADL3,201903,1,0.21137597434493,0.5363831707189,73
RAIL3,201903,1,0.316583051313356,0.824046886802538,73
RENT3,201903,1,0.335726820486398,0.794836534232223,73
RLOG3,201903,1,0.190002382008652,0.453998967018227,73
SAPR11,201903,1,0.187117572229696,0.451216501623134,73
SBSP3,201903,1,0.228242957693448,0.579633387913913,73
SEER3,201903,1,0.105698647545779,0.24206564450889,73
STBP3,201903,1,0.175299290673127,0.389514428469256,73
SULA11,201903,1,0.108725887291826,0.230475256938209,73
SUZB3,201903,1,0.304359547671716,0.78927542466939,73
UGPA3,201903,1,0.301477826219102,0.734610772225157,73
USIM5,201903,1,0.180825793294944,0.422762905155824,73
VALE3,201903,1,0.37387263306839,0.905049093103408,73
VIVT4,201903,1,0.196745096530219,0.471687918117981,73
WEGE3,201903,1,0.219411783307144,0.541477759353568,73
ABEV3,201904,1,0.256129752426281,0.590482054409782,72
ALSC3,201904,1,0.138122923557074,0.301707327825398,72
ARZZ3,201904,1,0.167412269626111,0.345602734685774,72
AZUL4,201904,1,0.303656492309154,0.752183198079611,72
B3SA3,201904,1,0.36081989815905,0.841548456658802,72
BBAS3,201904,1,0.328903706488831,0.771903086510446,72
BBDC3,201904,1,0.227742362320421,0.504505671885841,72
BBDC4,201904,1,0.372926016003064,0.832464413045201,72
BBSE3,201904,1,0.193715982485959,0.457642477794569,72
BIDI4,201904,1,0.174274208471719,0.385854231373341,72
BPAC11,201904,1,0.280599036109021,0.686580632706585,72
BRDT3,201904,1,0.326823208408969,0.804923671550265,72
BRFS3,201904,1,0.323136124002917,0.77901614507946,72
BRKM5,201904,1,0.237791840084883,0.553492528195185,72
BTOW3,201904,1,0.164265240458312,0.378118957997598,72
CCRO3,201904,1,0.229587242172307,0.534398025195477,72
CESP6,201904,1,0.314025059917711,0.79997163167068,72
CIEL3,201904,1,0.289756035746129,0.723521491260252,72
CMIG4,201904,1,0.30944987706619,0.772485531508352,72
CNTO3,201904,1,0.155556295538164,0.336244789990172,72
CPLE6,201904,1,0.159578028686421,0.338895218615243,72
CRFB3,201904,1,0.122884418910694,0.266437175315565,72
CSAN3,201904,1,0.140175991159586,0.30352638112949,72
CSMG3,201904,1,0.33055352540843,0.787641694843797,72
CSNA3,201904,1,0.282489878320714,0.697873427888102,72
CVCB3,201904,1,0.18625071200854,0.406344094744348,72
CYRE3,201904,1,0.234773941101847,0.515098704310823,72
ELET3,201904,1,0.209704003322843,0.469332880085915,72
ELET6,201904,1,0.217186739142665,0.475733420203611,72
EMBR3,201904,1,0.216141622069996,0.488292541327016,72
ENBR3,201904,1,0.220543939385902,0.491805019849724,72
ENEV3,201904,1,0.25200522470818,0.562054098890173,72
ENGI11,201904,1,0.306923140235267,0.705890502294578,72
EQTL3,201904,1,0.24377822040534,0.535837609044604,72
EVEN3,201904,1,0.161761420569804,0.342908427944363,72
FLRY3,201904,1,0.188378103110604,0.420885507549634,72
GGBR4,201904,1,0.235068183600231,0.525452501972072,72
GNDI3,201904,1,0.199977712528761,0.434541301640706,72
GOLL4,201904,1,0.146137880902022,0.304703835055399,72
HAPV3,201904,1,0.337838052737524,0.836855170315172,72
HYPE3,201904,1,0.223221612817528,0.509958849907576,72
IGTA3,201904,1,0.211931292186057,0.484641689507098,72
IRBR3,201904,1,0.214921979084274,0.475281846682051,72
ITSA4,201904,1,0.26522522020016,0.616086190503633,72
ITUB4,201904,1,0.389195446960319,0.94081863033817,72
JBSS3,201904,1,0.364118216632394,0.866751327012523,72
KLBN11,201904,1,0.268976509832038,0.667485752430877,72
KROT3,201904,1,0.239974597060706,0.540726347205227,72
LCAM3,201904,1,0.14418610007858,0.296672318774785,72
LINX3,201904,1,0.203167388960018,0.454099559337631,72
LREN3,201904,1,0.34279171989206,0.834093207660268,72
MGLU3,201904,1,0.249570579100863,0.554805557506471,72
MRFG3,201904,1,0.127472645265226,0.271017742312957,72
MULT3,201904,1,0.269132879692457,0.662969331740102,72
PCAR4,201904,1,0.217164921958762,0.501942229069506,72
PETR3,201904,1,0.343150111347757,0.836371561416128,72
PETR4,201904,1,0.413308420304713,1,72
RADL3,201904,1,0.179735529627835,0.398274115113181,72
RAIL3,201904,1,0.318375816983593,0.808996958809936,72
RENT3,201904,1,0.307848531231989,0.686356474058394,72
SBSP3,201904,1,0.211213753944056,0.52572129574849,72
SEER3,201904,1,0.101092444054102,0.212552687932618,72
STBP3,201904,1,0.152356977045697,0.322626961931586,72
SULA11,201904,1,0.151650251834617,0.300254368298523,72
SUZB3,201904,1,0.310257252489112,0.786547081602036,72
TOTS3,201904,1,0.16844098112549,0.352196354897697,72
UGPA3,201904,1,0.291828201265263,0.724478742995526,72
USIM5,201904,1,0.133979311679625,0.286908230541851,72
VALE3,201904,1,0.384126839658569,0.871880865190782,72
VIVT4,201904,1,0.190394007452674,0.443458550593626,72
VVAR3,201904,1,0.209254320048846,0.504768652719214,72
WEGE3,201904,1,0.195252051688789,0.428003194641562,72
ABEV3,201905,1,0.265626307742632,0.645844929646804,73
ALSC3,201905,1,0.122515710798406,0.277603985825421,73
ARZZ3,201905,1,0.179334996517739,0.391818976344979,73
AZUL4,201905,1,0.319800974813411,0.798702699474362,73
B3SA3,201905,1,0.362057164178524,0.867368310885187,73
BBAS3,201905,1,0.324522287274022,0.796761713993872,73
BBDC3,201905,1,0.25765656968441,0.607926184738604,73
BBDC4,201905,1,0.363116302658806,0.862171294084283,73
BBSE3,201905,1,0.188850130222508,0.436146075858741,73
BIDI4,201905,1,0.162175196557197,0.380200293544423,73
BPAC11,201905,1,0.27997783277746,0.711275784702557,73
BRDT3,201905,1,0.290031133135124,0.759865142111759,73
BRKM5,201905,1,0.212284516640311,0.512114553686334,73
BTOW3,201905,1,0.175363010807324,0.416361939536156,73
CCRO3,201905,1,0.250364189890473,0.624377310860782,73
CESP6,201905,1,0.30385019159881,0.793447056399408,73
CIEL3,201905,1,0.288068965414267,0.744123260113482,73
CMIG4,201905,1,0.31219626551659,0.803071882194955,73
CNTO3,201905,1,0.140723094744781,0.308206951607892,73
CPLE6,201905,1,0.163862834528429,0.355153046513002,73
CRFB3,201905,1,0.116759159909987,0.266313857686728,73
CSAN3,201905,1,0.159656042575683,0.349668811957306,73
CSMG3,201905,1,0.323932155187304,0.824791166541832,73
CSNA3,201905,1,0.214070462513978,0.508751037980179,73
CVCB3,201905,1,0.150586391676772,0.329912575279572,73
CYRE3,201905,1,0.201767677786835,0.478946109114968,73
ELET3,201905,1,0.226091217153662,0.532763250435422,73
ELET6,201905,1,0.249206466374595,0.57896707174793,73
EMBR3,201905,1,0.247607406853285,0.609608124370072,73
ENBR3,201905,1,0.235493952754115,0.559039973401633,73
ENEV3,201905,1,0.238164091703677,0.554015894464859,73
ENGI11,201905,1,0.333383399800651,0.807143619207624,73
EQTL3,201905,1,0.25112590358364,0.571697435061987,73
EVEN3,201905,1,0.166250079206659,0.376243607032877,73
GGBR4,201905,1,0.230976115553539,0.532999940485929,73
HAPV3,201905,1,0.296018284431898,0.756677435568203,73
HYPE3,201905,1,0.195269587698742,0.465167714254253,73
IGTA3,201905,1,0.220873139916704,0.526065226397595,73
IRBR3,201905,1,0.231446001567653,0.547506259145345,73
ITSA4,201905,1,0.271053785821708,0.666955010029142,73
ITUB4,201905,1,0.382115012769363,0.965541656102544,73
JBSS3,201905,1,0.307906083762613,0.766139946095414,73
KLBN11,201905,1,0.23794123237623,0.603386248917373,73
KROT3,201905,1,0.262285089163623,0.623569217620101,73
LCAM3,201905,1,0.139350194415029,0.290477636699876,73
LINX3,201905,1,0.198612182384913,0.472689409623505,73
LREN3,201905,1,0.351636030922131,0.885722561106026,73
MDIA3,201905,1,0.114405963555968,0.248226233808301,73
MGLU3,201905,1,0.262173226562565,0.617130706685599,73
MRFG3,201905,1,0.189287302854001,0.461828968205852,73
MULT3,201905,1,0.231844716342484,0.596510071075208,73
NATU3,201905,1,0.272469494269598,0.675799974559273,73
PCAR4,201905,1,0.262098614241101,0.632877032621258,73
PETR3,201905,1,0.342129435904473,0.860714218983123,73
PETR4,201905,1,0.398050181880142,1,73
PSSA3,201905,1,0.157634671207185,0.392710512866318,73
RADL3,201905,1,0.267716626163765,0.657737820388011,73
RAIL3,201905,1,0.313115282637108,0.819977272569878,73
RENT3,201905,1,0.309722685718482,0.715035979608347,73
SAPR11,201905,1,0.145289473171181,0.309358119614981,73
SEER3,201905,1,0.114054713124052,0.249595914158289,73
SMLS3,201905,1,0.207565205812003,0.484783237243094,73
STBP3,201905,1,0.142207528484739,0.325821360482417,73
SULA11,201905,1,0.159514637236331,0.342093713261452,73
SUZB3,201905,1,0.302012201890344,0.72483392741608,73
TIMP3,201905,1,0.315287845478129,0.81355804201153,73
TOTS3,201905,1,0.21216214613851,0.481186331143036,73
UGPA3,201905,1,0.249544269151947,0.586430198488145,73
USIM5,201905,1,0.149050499859432,0.344876253776085,73
VALE3,201905,1,0.373751550789544,0.892334941918018,73
VIVT4,201905,1,0.188130430687453,0.461746149596449,73
VVAR3,201905,1,0.196591727753163,0.469566163647039,73
WEGE3,201905,1,0.191277547056609,0.450728779903019,73
ABEV3,201906,1,0.252402142554876,0.627668310010017,74
ALSC3,201906,1,0.192261512209601,0.505103618109559,74
ARZZ3,201906,1,0.149573057354176,0.352089803067065,74
AZUL4,201906,1,0.339200922273543,0.881912271772114,74
B3SA3,201906,1,0.397450947581582,1,74
BBAS3,201906,1,0.297704213895992,0.748872341990117,74
BBDC3,201906,1,0.261978709781047,0.647600240586458,74
BBDC4,201906,1,0.377964102820331,0.920966610332879,74
BBSE3,201906,1,0.220344358780399,0.541902568489606,74
BPAC11,201906,1,0.346723029043943,0.911882161576502,74
BRDT3,201906,1,0.281323296183627,0.743903175261842,74
BRKM5,201906,1,0.186137809849847,0.46184945213391,74
BTOW3,201906,1,0.204675288387229,0.493454416268853,74
CCRO3,201906,1,0.261675669314713,0.685053856085947,74
CESP6,201906,1,0.309852771143102,0.828054235200158,74
CIEL3,201906,1,0.267366231352055,0.664926549484983,74
CMIG4,201906,1,0.282152107861118,0.744197284576838,74
CNTO3,201906,1,0.144937390976888,0.340553791728203,74
CPFE3,201906,1,0.351946903645324,0.90441011272519,74
CSAN3,201906,1,0.190995391016372,0.456973119936005,74
CSMG3,201906,1,0.348786512012229,0.900016555065789,74
CSNA3,201906,1,0.214003567563249,0.522623946152887,74
CYRE3,201906,1,0.203937512967265,0.498474482273798,74
ELET3,201906,1,0.210931806742539,0.523801889200187,74
ELET6,201906,1,0.259306381876147,0.625664408314365,74
EMBR3,201906,1,0.245272903700629,0.602020282647429,74
ENBR3,201906,1,0.268603894127734,0.695622641029534,74
ENEV3,201906,1,0.233504751794019,0.572263923802017,74
ENGI11,201906,1,0.275954978849225,0.675142487044243,74
EQTL3,201906,1,0.260838818424854,0.634256185889151,74
ESTC3,201906,1,0.191713600028479,0.460012666599508,74
EVEN3,201906,1,0.186916866643604,0.453161316768143,74
GGBR4,201906,1,0.290532282786648,0.722399697520996,74
GNDI3,201906,1,0.189962331034458,0.469296646005177,74
GOLL4,201906,1,0.225423202920653,0.542381413037516,74
HAPV3,201906,1,0.304149304568794,0.790931031854427,74
IGTA3,201906,1,0.278399134570523,0.700144324187072,74
IRBR3,201906,1,0.22485015781296,0.547702734596069,74
ITSA4,201906,1,0.271594768793273,0.673371487060421,74
ITUB4,201906,1,0.371280806979942,0.937112541220605,74
JBSS3,201906,1,0.260910538034593,0.640158642366181,74
JPSA3,201906,1,0.204119031793508,0.507078143035287,74
KLBN11,201906,1,0.232787243802611,0.591965587548727,74
KROT3,201906,1,0.272691176093882,0.670420807414701,74
LAME4,201906,1,0.248385135934448,0.658760719647678,74
LCAM3,201906,1,0.140569300695614,0.326556053795922,74
LIGT3,201906,1,0.245576664969992,0.622546928472627,74
LINX3,201906,1,0.234581183768264,0.605504893276753,74
LREN3,201906,1,0.328307840876483,0.848619200875196,74
MDIA3,201906,1,0.125391027025836,0.294040860392014,74
MGLU3,201906,1,0.270126715003529,0.660080703561635,74
MRFG3,201906,1,0.211336292934886,0.530078397323748,74
MULT3,201906,1,0.210331024464922,0.548161869797987,74
NATU3,201906,1,0.246534110000068,0.648386389440764,74
NEOE3,201906,1,0.345662287809524,0.898102944649728,74
PCAR4,201906,1,0.295928255456799,0.760990941976427,74
PETR3,201906,1,0.365707908702176,0.944091537387622,74
PETR4,201906,1,0.387567823626038,0.989949231476005,74
RADL3,201906,1,0.227532733639285,0.559521705137265,74
RAPT4,201906,1,0.178476392002215,0.418681636699327,74
RENT3,201906,1,0.316859769090169,0.789884842986666,74
SAPR11,201906,1,0.128236383321773,0.305303141709394,74
SEER3,201906,1,0.129230342629018,0.297875185070051,74
SMLS3,201906,1,0.293475472674824,0.7494063147986,74
SMTO3,201906,1,0.210686653136348,0.525720473531683,74
STBP3,201906,1,0.138501996888951,0.334461868171399,74
SUZB3,201906,1,0.299622971756557,0.730164398554666,74
TOTS3,201906,1,0.21838511875957,0.532938261772723,74
UGPA3,201906,1,0.285666112599612,0.7344493850019,74
USIM5,201906,1,0.161165996310868,0.395352528469066,74
VALE3,201906,1,0.353150664543466,0.866013413963137,74
VIVT4,201906,1,0.175106659043406,0.435747235039362,74
VVAR3,201906,1,0.256701648606606,0.640889639583438,74
WEGE3,201906,1,0.157343642602689,0.370991503007502,74
ABEV3,201907,1,0.280941966930458,0.679407862612386,75
ARZZ3,201907,1,0.160349965681609,0.371242643899071,75
AZUL4,201907,1,0.363389217202894,0.918064789020244,75
B3SA3,201907,1,0.393423292985683,0.966019509951139,75
BBAS3,201907,1,0.368796990380528,0.900928328206117,75
BBDC3,201907,1,0.297897840069267,0.726598226691191,75
BBDC4,201907,1,0.358644407398504,0.858632540360114,75
BBSE3,201907,1,0.223601404856292,0.542215217647154,75
BPAC11,201907,1,0.338507301677651,0.893861384912025,75
BRDT3,201907,1,0.33758048755586,0.845517600430666,75
BRFS3,201907,1,0.312852047241859,0.829872040294121,75
BRKM5,201907,1,0.207393541402606,0.509055425555647,75
BRML3,201907,1,0.223639441302455,0.556000051900205,75
BTOW3,201907,1,0.219952408597253,0.525985215567617,75
CCRO3,201907,1,0.207985907971906,0.492629425850125,75
CESP6,201907,1,0.334428029882628,0.891680689361371,75
CIEL3,201907,1,0.22917255516341,0.570836133381967,75
CMIG4,201907,1,0.295840658981618,0.78882203129639,75
CPFE3,201907,1,0.353122351573329,0.899681739334739,75
CSAN3,201907,1,0.189849709667043,0.432200045356939,75
CSMG3,201907,1,0.339801469139479,0.873379517966964,75
CSNA3,201907,1,0.268884067693887,0.659235181376263,75
CVCB3,201907,1,0.151427301306985,0.34153798918981,75
CYRE3,201907,1,0.220438623361143,0.516483908762017,75
ELET3,201907,1,0.212782257189118,0.536324923453706,75
ELET6,201907,1,0.206515427790194,0.484320769342955,75
EMBR3,201907,1,0.241493447885599,0.579559111801035,75
ENBR3,201907,1,0.264464837596425,0.68357105660687,75
ENGI11,201907,1,0.229535566906964,0.546626858520162,75
EQTL3,201907,1,0.249832524716051,0.584845876839998,75
EVEN3,201907,1,0.189328313435709,0.44602064198984,75
GGBR4,201907,1,0.333333731860737,0.830317784190958,75
GNDI3,201907,1,0.168881032868553,0.396356878929741,75
HAPV3,201907,1,0.329810200018242,0.857390326395764,75
IGTA3,201907,1,0.276687815263828,0.683065727208789,75
IRBR3,201907,1,0.311298910040402,0.756269083047604,75
ITSA4,201907,1,0.265069307655682,0.652564817154271,75
ITUB4,201907,1,0.38376342330218,0.962551629058086,75
JBSS3,201907,1,0.301127730673065,0.728216763144997,75
JPSA3,201907,1,0.195998956241926,0.476398150221065,75
KLBN11,201907,1,0.157851529180123,0.380768981093473,75
KROT3,201907,1,0.225224836929511,0.53078370556266,75
LAME4,201907,1,0.243971909257708,0.6148480346105,75
LCAM3,201907,1,0.119123752150665,0.263750209679525,75
LIGT3,201907,1,0.294551284969312,0.726607721839517,75
LREN3,201907,1,0.364590236460582,0.942507099540405,75
MDIA3,201907,1,0.155773907398498,0.348598324104216,75
MGLU3,201907,1,0.265336167971607,0.634686550107093,75
MOVI3,201907,1,0.162219775699925,0.416663650134286,75
MRFG3,201907,1,0.153434571866908,0.357565618966075,75
NATU3,201907,1,0.240760854422228,0.61107382783515,75
NEOE3,201907,1,0.335295472200935,0.84495613048929,75
PCAR4,201907,1,0.249811940107843,0.604648563278336,75
PETR3,201907,1,0.388468979240188,0.977236546175733,75
PETR4,201907,1,0.388019533905057,1,75
PSSA3,201907,1,0.2039885604068,0.51566955470729,75
RADL3,201907,1,0.320521121843294,0.819126542299685,75
RAPT4,201907,1,0.109673528293739,0.240445309162777,75
RENT3,201907,1,0.310624177590405,0.742231085756095,75
SANB11,201907,1,0.255480919313467,0.636014538556636,75
SAPR11,201907,1,0.112899912614303,0.254822926867632,75
SBSP3,201907,1,0.349687077398008,0.918420751192093,75
SEER3,201907,1,0.112498976272711,0.2461502486329,75
SMLS3,201907,1,0.269387187784529,0.66078637439277,75
STBP3,201907,1,0.14879164006672,0.346646779132155,75
SULA11,201907,1,0.22469698547074,0.549711296291159,75
SUZB3,201907,1,0.292074964108891,0.705665223132395,75
TIMP3,201907,1,0.358542448042962,0.937861841621782,75
TOTS3,201907,1,0.225712275759032,0.533955763606364,75
UGPA3,201907,1,0.289602446123724,0.72765719684714,75
USIM5,201907,1,0.117991035514377,0.272485440907834,75
VALE3,201907,1,0.337051207159202,0.80757657626741,75
VVAR3,201907,1,0.233640216211993,0.562353512393276,75
WEGE3,201907,1,0.182272950972407,0.425326243109677,75
YDUQ3,201907,1,0.181427939720281,0.420454273158743,75
ABEV3,201908,1,0.267414907687682,0.666112335747869,73
ARZZ3,201908,1,0.190436092697977,0.446254509063381,73
AZUL4,201908,1,0.313549551252149,0.801953689584002,73
B3SA3,201908,1,0.404232026035891,1,73
BBAS3,201908,1,0.333943761023717,0.831808942523009,73
BBDC3,201908,1,0.266431647436484,0.660005963160829,73
BBDC4,201908,1,0.342553293653474,0.819351778320524,73
BBSE3,201908,1,0.216696220477175,0.525370875545571,73
BIDI11,201908,1,0.183703848924571,0.4353748541368,73
BPAC11,201908,1,0.319948578038528,0.834121472354875,73
BRDT3,201908,1,0.34151485423055,0.863307528334173,73
BRFS3,201908,1,0.302131021934546,0.806776915451182,73
BRKM5,201908,1,0.127166865811144,0.293059832295642,73
BTOW3,201908,1,0.237048831184548,0.577364602297512,73
CCRO3,201908,1,0.186904088343433,0.450403292990065,73
CESP6,201908,1,0.300154001158506,0.795846698832391,73
CIEL3,201908,1,0.182189098201907,0.423160346472983,73
CPFE3,201908,1,0.321242250716299,0.838528892522064,73
CRFB3,201908,1,0.157031788777904,0.381555904207362,73
CSAN3,201908,1,0.188648021869743,0.439658237354487,73
CSMG3,201908,1,0.313588990276586,0.801729275656368,73
CSNA3,201908,1,0.186732787327681,0.429563553395285,73
CVCB3,201908,1,0.181152835713404,0.41256758870342,73
CYRE3,201908,1,0.204640372786724,0.496294646497428,73
ELET3,201908,1,0.215000900558774,0.536961181778796,73
ELET6,201908,1,0.261317222577405,0.626615408926472,73
EMBR3,201908,1,0.237738254376391,0.580022351255574,73
ENBR3,201908,1,0.256281194381315,0.627543485141686,73
EQTL3,201908,1,0.244370527267848,0.57824196138501,73
EVEN3,201908,1,0.193693820992063,0.447540555537001,73
GGBR4,201908,1,0.251198738088523,0.606164672936268,73
GNDI3,201908,1,0.234274170121549,0.559739228612497,73
GOLL4,201908,1,0.256428978926329,0.641045982163201,73
HAPV3,201908,1,0.329773487600948,0.852172773950137,73
IGTA3,201908,1,0.240414249536977,0.589636586057766,73
IRBR3,201908,1,0.264297677301771,0.633168059831409,73
ITSA4,201908,1,0.293151226545886,0.718683729115463,73
ITUB4,201908,1,0.354299011337363,0.907784177952392,73
JBSS3,201908,1,0.32749125451138,0.791016573207212,73
JPSA3,201908,1,0.208150128908151,0.495458790655541,73
KROT3,201908,1,0.358358557457694,0.885666935969619,73
LAME4,201908,1,0.2770323746629,0.666968712769381,73
LCAM3,201908,1,0.122583035434961,0.268791228534294,73
LIGT3,201908,1,0.243157190343142,0.610509465618227,73
LREN3,201908,1,0.360418892350991,0.922562669796089,73
MDIA3,201908,1,0.138016751755692,0.315773235530112,73
MGLU3,201908,1,0.27248254828548,0.659981671311535,73
MRFG3,201908,1,0.162587240850639,0.397567316219176,73
NATU3,201908,1,0.214959014047585,0.533747213834012,73
NEOE3,201908,1,0.287094816694297,0.721974098758217,73
OIBR3,201908,1,0.135745218233845,0.318447062908309,73
PCAR4,201908,1,0.224677297006627,0.526847798713056,73
PETR3,201908,1,0.374517609172271,0.939687920171954,73
PETR4,201908,1,0.367986434135467,0.938243928457172,73
RADL3,201908,1,0.226180814131352,0.548291339479221,73
RAPT4,201908,1,0.0980607927531816,0.218163280203518,73
RENT3,201908,1,0.312420887208587,0.757872574316078,73
SANB11,201908,1,0.202940966856555,0.478765911446991,73
SAPR11,201908,1,0.142011493096085,0.33542719325508,73
SBSP3,201908,1,0.31420835208135,0.825126460038985,73
SEER3,201908,1,0.128208613027897,0.291966280383953,73
STBP3,201908,1,0.193141383392743,0.467792186421689,73
SULA11,201908,1,0.207940030630447,0.523706393232292,73
SUZB3,201908,1,0.267767281699945,0.651231729571298,73
TIMP3,201908,1,0.317513015115645,0.832989895807276,73
TOTS3,201908,1,0.236426509806501,0.566077214970465,73
UGPA3,201908,1,0.282530608452416,0.677755673599717,73
USIM5,201908,1,0.115270610618503,0.264240207652328,73
VALE3,201908,1,0.353082179409898,0.849458738031338,73
VIVT4,201908,1,0.199301709425743,0.484667642015632,73
VVAR3,201908,1,0.23081290727351,0.550719539797907,73
WEGE3,201908,1,0.209581957512519,0.493913641446359,73
YDUQ3,201908,1,0.194834842186692,0.448397593163588,73
ABEV3,201909,1,0.262062858034242,0.676198667515905,73
ARZZ3,201909,1,0.211887114563757,0.514010197823756,73
AZUL4,201909,1,0.290450425548246,0.763616392484904,73
B3SA3,201909,1,0.389809177224749,0.987545399978158,73
BBAS3,201909,1,0.249944091370756,0.59783720520947,73
BBDC3,201909,1,0.241848007406737,0.607524708788243,73
BBDC4,201909,1,0.316336407979846,0.757354219728863,73
BBSE3,201909,1,0.174331278669236,0.419957762372599,73
BEEF3,201909,1,0.138821991398651,0.319315373883358,73
BIDI11,201909,1,0.182675495601697,0.438233063645714,73
BPAC11,201909,1,0.302119624830568,0.801673720450015,73
BPAN4,201909,1,0.146494163144738,0.336507859002114,73
BRDT3,201909,1,0.360656029417022,0.927838734830047,73
BRFS3,201909,1,0.310190722373917,0.847339459292102,73
BRKM5,201909,1,0.129653104555198,0.300546054670285,73
BRPR3,201909,1,0.167138058280498,0.39192094775662,73
BTOW3,201909,1,0.225080676041152,0.557307287416855,73
CCRO3,201909,1,0.184025422086715,0.460966964921316,73
CESP6,201909,1,0.290337653178601,0.784943600876757,73
CIEL3,201909,1,0.227758214859545,0.55887988809139,73
CPFE3,201909,1,0.280457175483456,0.768644953033193,73
CPLE6,201909,1,0.126217664183415,0.29338695755641,73
CRFB3,201909,1,0.160307851125696,0.383705019897036,73
CSAN3,201909,1,0.178663391145514,0.423102940663788,73
CSMG3,201909,1,0.289126935013054,0.745909344101759,73
CSNA3,201909,1,0.207206950800242,0.53349844237466,73
CVCB3,201909,1,0.222808079377121,0.51707014373231,73
CYRE3,201909,1,0.226366634907495,0.572439226012763,73
ELET3,201909,1,0.197391526248376,0.49365992504219,73
ELET6,201909,1,0.255612750102346,0.612399716422375,73
EMBR3,201909,1,0.201468907177295,0.498309126259837,73
ENBR3,201909,1,0.246677037694782,0.59965739304611,73
EQTL3,201909,1,0.251104831021524,0.607836230226173,73
EVEN3,201909,1,0.202851579213792,0.469205439308977,73
GGBR4,201909,1,0.293084637174172,0.770874476877651,73
GNDI3,201909,1,0.26437622150242,0.630832301879069,73
HAPV3,201909,1,0.336583561137291,0.897270264599174,73
IGTA3,201909,1,0.239120955700163,0.582292566111498,73
IRBR3,201909,1,0.257820999134578,0.636834832595958,73
ITSA4,201909,1,0.292727902285476,0.721834309309083,73
ITUB4,201909,1,0.361199000044981,0.94539705670318,73
JBSS3,201909,1,0.339566663209709,0.833017177155252,73
JPSA3,201909,1,0.184658800226017,0.424123745407317,73
KROT3,201909,1,0.286493535393059,0.70711397057035,73
LAME4,201909,1,0.25442323933285,0.616698954805997,73
LCAM3,201909,1,0.110994887282514,0.238408893666443,73
LIGT3,201909,1,0.2442417740428,0.621407954256472,73
LREN3,201909,1,0.383031137919134,1,73
MDIA3,201909,1,0.14734831644213,0.330551827179322,73
MGLU3,201909,1,0.271311752026421,0.672655231544125,73
MRFG3,201909,1,0.17218424134022,0.426945406677928,73
NATU3,201909,1,0.279438743743456,0.694043633651692,73
OIBR3,201909,1,0.114728083727984,0.259136070408754,73
OMGE3,201909,1,0.192356022394261,0.487369321635325,73
PCAR4,201909,1,0.173140318756471,0.389392925464063,73
PETR3,201909,1,0.371244734053521,0.934487280238096,73
PETR4,201909,1,0.379822576432493,0.990496347976998,73
RADL3,201909,1,0.28258521257949,0.744742826586897,73
RAIL3,201909,1,0.305325989160783,0.825964987599034,73
RENT3,201909,1,0.312140846031128,0.765707905280439,73
SANB11,201909,1,0.169978170439278,0.419921641926975,73
SBSP3,201909,1,0.328663211082295,0.87775912309355,73
SEER3,201909,1,0.116535930214361,0.258988087660413,73
SMLS3,201909,1,0.217526040652625,0.524868434112993,73
SULA11,201909,1,0.227994133419545,0.573369221855269,73
SUZB3,201909,1,0.295581355153349,0.780416230292127,73
TOTS3,201909,1,0.220945066614782,0.544384997190864,73
TRIS3,201909,1,0.141318976053121,0.307814160481344,73
USIM5,201909,1,0.108396338036102,0.245993242372688,73
VALE3,201909,1,0.360407613956582,0.879775522431921,73
VVAR3,201909,1,0.201477269446631,0.45576354983857,73
WEGE3,201909,1,0.174007200398463,0.419411942766861,73
YDUQ3,201909,1,0.185250236031557,0.426245103038746,73
ABEV3,201910,1,0.241855487320186,0.626940938443797,73
ALSO3,201910,1,0.209918994956488,0.53487243888232,73
ARZZ3,201910,1,0.225071844300435,0.548268157033558,73
AZUL4,201910,1,0.304196464325964,0.796370912942735,73
B3SA3,201910,1,0.385519660201982,0.996240815628953,73
BBAS3,201910,1,0.37056385203693,0.921530284195021,73
BBDC3,201910,1,0.242295233396629,0.623147207970653,73
BBDC4,201910,1,0.337109564226304,0.848000881753162,73
BBSE3,201910,1,0.227956194332431,0.588517396090224,73
BEEF3,201910,1,0.110919730361218,0.257209610100744,73
BMGB11,201910,1,0.24818389361831,0.688837048745308,73
BPAC11,201910,1,0.32186433522384,0.855611403546684,73
BPAN4,201910,1,0.151969213969671,0.359397219515188,73
BRDT3,201910,1,0.342878108955166,0.898488595927147,73
BRKM5,201910,1,0.146241816777542,0.352403817865221,73
BTOW3,201910,1,0.238631346765452,0.624973798245627,73
CEAB3,201910,1,0.227680087675554,0.58134373832818,73
CESP6,201910,1,0.291973309346948,0.787218765827743,73
CIEL3,201910,1,0.29843047712055,0.774271953703562,73
COGN3,201910,1,0.257482397204859,0.638341984266361,73
CPFE3,201910,1,0.261135847359213,0.704205003234122,73
CPLE6,201910,1,0.153014502371145,0.357324700898867,73
CRFB3,201910,1,0.13825417019511,0.341866115851801,73
CSAN3,201910,1,0.15583870508004,0.381459453839477,73
CSMG3,201910,1,0.285630408550644,0.750879997065899,73
CSNA3,201910,1,0.124685107326443,0.312577323943585,73
CVCB3,201910,1,0.225062262642949,0.535001660632431,73
CYRE3,201910,1,0.242043135789515,0.609335088848317,73
ELET3,201910,1,0.202108197106528,0.517922270354553,73
ELET6,201910,1,0.24484493267329,0.615419176707323,73
EMBR3,201910,1,0.190025089494042,0.477880674492223,73
ENBR3,201910,1,0.229785691373483,0.576630126080305,73
EQTL3,201910,1,0.22499923528931,0.56422124941431,73
EVEN3,201910,1,0.166749930112974,0.399927302688075,73
GNDI3,201910,1,0.250390921795656,0.615804639176099,73
GOLL4,201910,1,0.207374586200283,0.495548310358535,73
HAPV3,201910,1,0.311314044030075,0.842040131648744,73
HBOR3,201910,1,0.17489365084808,0.433821524275193,73
IGTA3,201910,1,0.201730783422592,0.508501761208213,73
IRBR3,201910,1,0.232333105423147,0.572577259192525,73
ITSA4,201910,1,0.292402486740311,0.743888552678682,73
ITUB4,201910,1,0.359625100287782,0.946105896654898,73
JBSS3,201910,1,0.36237381775089,0.908556153219281,73
LAME4,201910,1,0.281576256610526,0.743203641352302,73
LIGT3,201910,1,0.205062143965234,0.535943716560715,73
LREN3,201910,1,0.374163832346508,0.988970234150977,73
MGLU3,201910,1,0.243563825523645,0.6141935389216,73
NATU3,201910,1,0.211277397666764,0.520460689842963,73
OMGE3,201910,1,0.182688579532174,0.475789739180366,73
PCAR4,201910,1,0.162851143003164,0.38418784114955,73
PETR3,201910,1,0.343913644607066,0.891957910258879,73
PETR4,201910,1,0.379779904641372,1,73
PSSA3,201910,1,0.122761082030869,0.296855779039565,73
QUAL3,201910,1,0.201636857809602,0.481523484406791,73
RADL3,201910,1,0.314250965967147,0.830102125192627,73
RAIL3,201910,1,0.293699710853289,0.798271554093178,73
RENT3,201910,1,0.326890226072141,0.818854022487488,73
SANB11,201910,1,0.186058558229538,0.456289756566747,73
SAPR11,201910,1,0.127641774563656,0.291033400053356,73
SBSP3,201910,1,0.282850424880649,0.754009169195504,73
SEER3,201910,1,0.125778330743235,0.30333571107097,73
SMTO3,201910,1,0.166358057427591,0.420089869079021,73
SULA11,201910,1,0.265646529913788,0.670501334460871,73
TOTS3,201910,1,0.253850044779216,0.623462781260637,73
TRIS3,201910,1,0.150220058385347,0.356549906060438,73
UGPA3,201910,1,0.206791326490736,0.522862357557177,73
USIM5,201910,1,0.100656344771539,0.234195111796755,73
VALE3,201910,1,0.36993891048089,0.939460484355723,73
VIVA3,201910,1,0.280870759081195,0.70827501231613,73
VIVT4,201910,1,0.159368798185906,0.403955485678754,73
VVAR3,201910,1,0.176474683319802,0.41315511046393,73
WEGE3,201910,1,0.175472239121949,0.438901916496616,73
YDUQ3,201910,1,0.197139813165083,0.464007423520265,73
ABEV3,201911,1,0.220906282089373,0.595304586608676,74
ALSO3,201911,1,0.217151865325714,0.562662174690474,74
ALUP11,201911,1,0.119237750274056,0.279920677132102,74
ARZZ3,201911,1,0.219467581746435,0.553288493160858,74
AZUL4,201911,1,0.246391262309083,0.638089244440895,74
B3SA3,201911,1,0.382637029124872,0.995623354501026,74
BBAS3,201911,1,0.367563546093452,0.938307031955422,74
BBDC3,201911,1,0.250052315061337,0.673776142767124,74
BBDC4,201911,1,0.351372161557032,0.917026493078499,74
BBSE3,201911,1,0.171857766831962,0.453431701397015,74
BMGB4,201911,1,0.177866260936981,0.448366862079274,74
BPAC11,201911,1,0.270753943280708,0.693789969827903,74
BRAP4,201911,1,0.254888534171692,0.659776521752071,74
BRDT3,201911,1,0.331999837746397,0.852337356440065,74
BRFS3,201911,1,0.18658013704366,0.503338895843715,74
BRKM5,201911,1,0.197642929250376,0.507997920999276,74
BRPR3,201911,1,0.229603924370124,0.591277067844337,74
BTOW3,201911,1,0.203812010658246,0.532439327807609,74
CESP6,201911,1,0.271409873721279,0.692757549682541,74
CMIG4,201911,1,0.213897471968911,0.538229444724142,74
COGN3,201911,1,0.283444569941934,0.719018581500241,74
CPFE3,201911,1,0.20457693590526,0.524596199967804,74
CPLE6,201911,1,0.157118225661791,0.3833816567791,74
CSAN3,201911,1,0.150923741826641,0.398803255887949,74
CSMG3,201911,1,0.256119337738862,0.656182143865083,74
CSNA3,201911,1,0.129411559545701,0.338265604827522,74
CVCB3,201911,1,0.210594764349199,0.508165633324821,74
CYRE3,201911,1,0.247979207380228,0.639878521268635,74
ELET3,201911,1,0.257910831491765,0.667823667951321,74
ELET6,201911,1,0.279595560308766,0.737988375616941,74
EMBR3,201911,1,0.258561282867558,0.681756018883978,74
ENBR3,201911,1,0.236740246628866,0.588114428005049,74
EQTL3,201911,1,0.236551622135065,0.621769423296315,74
EVEN3,201911,1,0.146581322359044,0.356982314539096,74
GGBR4,201911,1,0.247686396567133,0.649565555335067,74
GNDI3,201911,1,0.241146514222524,0.613496856337378,74
GOLL4,201911,1,0.195849484074575,0.477182910166398,74
HAPV3,201911,1,0.295047655340922,0.751763509066989,74
IGTA3,201911,1,0.202235143666445,0.534709021977671,74
ITSA4,201911,1,0.323416423157274,0.855519850374458,74
ITUB4,201911,1,0.329536004523824,0.862859607350081,74
JBSS3,201911,1,0.34375124587181,0.877000681538395,74
LAME4,201911,1,0.254910045445949,0.648051131023678,74
LIGT3,201911,1,0.170253699691685,0.439921785538654,74
LOGG3,201911,1,0.151688130780455,0.380347603198383,74
LREN3,201911,1,0.350601197923829,0.916305337753732,74
MGLU3,201911,1,0.313296178457053,0.797388189199723,74
MRFG3,201911,1,0.134864473311208,0.326135648672133,74
NATU3,201911,1,0.245177384822149,0.628035117442033,74
OMGE3,201911,1,0.171898396824437,0.455583515513404,74
PCAR4,201911,1,0.164887047327422,0.41873607974233,74
PETR3,201911,1,0.318889392194262,0.838381062518555,74
PETR4,201911,1,0.378423955440625,0.978500164245027,74
QUAL3,201911,1,0.209825708320194,0.524419328501852,74
RADL3,201911,1,0.295361764435143,0.769561462426354,74
RAIL3,201911,1,0.232240088411062,0.60664181698576,74
RENT3,201911,1,0.330946478726379,0.85714754459332,74
SANB11,201911,1,0.20011334728224,0.510025688376893,74
SAPR11,201911,1,0.130744650443786,0.309485806147134,74
SBSP3,201911,1,0.251209536300938,0.646298325440655,74
SEER3,201911,1,0.136742460120799,0.331994000812632,74
SMTO3,201911,1,0.180067592926782,0.469104849474292,74
SULA11,201911,1,0.266204157017464,0.693064256286682,74
TIMP3,201911,1,0.278734063034894,0.731837163981051,74
TOTS3,201911,1,0.245952359799634,0.621350463826504,74
TRIS3,201911,1,0.152729260950493,0.37156128310383,74
UGPA3,201911,1,0.261399364019312,0.683355920755954,74
USIM5,201911,1,0.180243966751687,0.449057432858245,74
VALE3,201911,1,0.386154610757228,1,74
VIVA3,201911,1,0.268777799761191,0.687713511730571,74
VIVT4,201911,1,0.182010611239382,0.488056639354255,74
VVAR3,201911,1,0.238925863971215,0.58865114301554,74
WEGE3,201911,1,0.226832179943355,0.593404954013089,74
YDUQ3,201911,1,0.203987956417156,0.501327835275646,74
ABEV3,201912,1,0.191194416789258,0.482821024035632,74
ALSO3,201912,1,0.251758413825936,0.626254806627039,74
ALUP11,201912,1,0.116716223096465,0.265767748648572,74
AMAR3,201912,1,0.184597963517509,0.441234026790329,74
AZUL4,201912,1,0.265057642537428,0.693119927046707,74
B3SA3,201912,1,0.373302106093198,0.946133831171796,74
BBAS3,201912,1,0.366328710031697,0.922348717123237,74
BBDC3,201912,1,0.227710343635051,0.587140375975802,74
BBDC4,201912,1,0.340509488202515,0.85481548569887,74
BBSE3,201912,1,0.172813211833763,0.435979057738101,74
BMGB4,201912,1,0.169351508221975,0.407798503884244,74
BPAC11,201912,1,0.315365001333318,0.816193487304964,74
BPAN4,201912,1,0.153304361914327,0.352906723647018,74
BRAP4,201912,1,0.286780054227482,0.749265448547324,74
BRDT3,201912,1,0.353374215953886,0.899506012905919,74
BRPR3,201912,1,0.284452703501776,0.719797722769947,74
BTOW3,201912,1,0.282201533274751,0.738487049427959,74
CESP6,201912,1,0.301821699370897,0.777760662588966,74
CMIG4,201912,1,0.257179350675783,0.67036370762289,74
COGN3,201912,1,0.246613610524155,0.611258192529057,74
CPFE3,201912,1,0.252318058859941,0.645013890400669,74
CPLE6,201912,1,0.179077254775068,0.431638105615046,74
CRFB3,201912,1,0.20714329115583,0.522532950024,74
CSMG3,201912,1,0.278636512361517,0.716557582715724,74
CSNA3,201912,1,0.176224473069964,0.445764461555928,74
CVCB3,201912,1,0.222236839365527,0.523276585334117,74
CYRE3,201912,1,0.222999051526284,0.570472805474631,74
ELET3,201912,1,0.267497661355536,0.670026621903333,74
ELET6,201912,1,0.272862367458767,0.691818258647439,74
EMBR3,201912,1,0.25871255571611,0.656640695027559,74
ENBR3,201912,1,0.252441520517956,0.620998775989948,74
EQTL3,201912,1,0.225896932571408,0.583658022019575,74
EVEN3,201912,1,0.156328032900793,0.359784135062797,74
GGBR4,201912,1,0.355392197636443,0.9101273940668,74
GNDI3,201912,1,0.318942312470739,0.810298362988264,74
GOLL4,201912,1,0.21926070710326,0.52437893561397,74
HAPV3,201912,1,0.311725406592335,0.806701841966992,74
IGTA3,201912,1,0.189089902036861,0.488880458391188,74
ITSA4,201912,1,0.305483450665234,0.77616465042656,74
ITUB4,201912,1,0.312586177092845,0.789708427401489,74
JBSS3,201912,1,0.329213668501438,0.807746586218044,74
LAME4,201912,1,0.330898621232136,0.853363557675948,74
LCAM3,201912,1,0.234064677776742,0.563216455120786,74
LIGT3,201912,1,0.209243842628632,0.513723983714441,74
LREN3,201912,1,0.331038864701378,0.849886660011967,74
MGLU3,201912,1,0.304487426880984,0.753855425551741,74
MRFG3,201912,1,0.242437111801701,0.602776913803002,74
NEOE3,201912,1,0.29049567489075,0.746516095620911,74
NTCO3,201912,1,0.266068870897703,0.668841982784825,74
OIBR3,201912,1,0.130778944776575,0.308968502897537,74
OMGE3,201912,1,0.181376983627202,0.471562750756822,74
PCAR4,201912,1,0.156095941184683,0.391815335082611,74
PETR3,201912,1,0.308305991327199,0.798287293774822,74
PETR4,201912,1,0.37345088481869,0.963361500967937,74
RADL3,201912,1,0.279262429365509,0.699351622974721,74
RAIL3,201912,1,0.244856258284328,0.629078797734727,74
RENT3,201912,1,0.302112152096661,0.76917841388215,74
SANB11,201912,1,0.194726162934021,0.496407908832349,74
SAPR11,201912,1,0.141041113410794,0.322994961294997,74
SEER3,201912,1,0.170990475714485,0.399958967712347,74
SLCE3,201912,1,0.118171994810504,0.270283077271004,74
SMTO3,201912,1,0.212931002078123,0.544426158493164,74
SULA11,201912,1,0.287111429390869,0.738019991138734,74
TIMP3,201912,1,0.308372854789849,0.806473667908902,74
TOTS3,201912,1,0.247265819545138,0.613497113078603,74
TRIS3,201912,1,0.147212643931564,0.337266464529551,74
UGPA3,201912,1,0.245737524857728,0.637883819468575,74
USIM5,201912,1,0.210211719418239,0.509220264766341,74
VALE3,201912,1,0.401059230855757,1,74
VIVA3,201912,1,0.26369146674491,0.670377065836218,74
VIVT4,201912,1,0.159609617925499,0.408324547368533,74
VVAR3,201912,1,0.228878358499683,0.553647263530238,74
WEGE3,201912,1,0.222724585212164,0.568741939547272,74
YDUQ3,201912,1,0.181357362246193,0.434499506579297,74
ABEV3,202001,1,0.198634588287157,0.540112407464911,76
ALSO3,202001,1,0.257263218869277,0.67505465400918,76
AMAR3,202001,1,0.159815063136255,0.392245651754899,76
AZUL4,202001,1,0.294890454574938,0.818205408947178,76
B3SA3,202001,1,0.375138254184469,1,76
BBAS3,202001,1,0.346277049392964,0.912168450555169,76
BBDC3,202001,1,0.224067188566481,0.615146530300612,76
BBDC4,202001,1,0.300376326646092,0.790287372077074,76
BBSE3,202001,1,0.171895376670481,0.454313398339118,76
BMGB4,202001,1,0.135997904780098,0.341721142794147,76
BPAC11,202001,1,0.327524449639592,0.9102576150492,76
BPAN4,202001,1,0.177339963262541,0.421778312207822,76
BRDT3,202001,1,0.317462826397738,0.85077053018219,76
BRKM5,202001,1,0.241637656857469,0.674837457050809,76
BRPR3,202001,1,0.192217333214452,0.498648135176421,76
BTOW3,202001,1,0.268938026224038,0.741794797657148,76
CESP6,202001,1,0.294793456340947,0.803761331488493,76
CIEL3,202001,1,0.17890483256771,0.475978840175805,76
CMIG4,202001,1,0.252646612991631,0.698288875961107,76
COGN3,202001,1,0.239268189406178,0.631827228408887,76
CPFE3,202001,1,0.286357342321602,0.779653493323565,76
CPLE6,202001,1,0.17448567135238,0.447911995042,76
CSAN3,202001,1,0.155206813673758,0.423607218332303,76
CSMG3,202001,1,0.257322259387181,0.686948313248811,76
CVCB3,202001,1,0.205688266917319,0.488122356641916,76
CYRE3,202001,1,0.247606254564713,0.670655791572809,76
ELET3,202001,1,0.21995637465933,0.569348765588535,76
ELET6,202001,1,0.278256013428621,0.739320540102922,76
EMBR3,202001,1,0.236408087864949,0.633243597240149,76
ENBR3,202001,1,0.247722664756015,0.640304451005394,76
EQTL3,202001,1,0.232614660190649,0.615413033178686,76
GGBR4,202001,1,0.332118696917502,0.914985624078337,76
GNDI3,202001,1,0.310081906856266,0.820555371297716,76
GOLL4,202001,1,0.204079025033548,0.491462617052797,76
HAPV3,202001,1,0.302760775222095,0.834238801326078,76
IGTA3,202001,1,0.23575480874484,0.616559974929971,76
ITSA4,202001,1,0.287590831671074,0.763496836889822,76
ITUB4,202001,1,0.346444871282619,0.951945812170268,76
JBSS3,202001,1,0.346823797130003,0.903733398324014,76
LAME3,202001,1,0.213443874316778,0.553290606165696,76
LAME4,202001,1,0.293543551056554,0.807047220648637,76
LCAM3,202001,1,0.225327831760203,0.565901335178532,76
LIGT3,202001,1,0.214323325691758,0.528001798632379,76
LREN3,202001,1,0.360489618353376,0.98092313210522,76
MDIA3,202001,1,0.14895791471498,0.382173778122907,76
MGLU3,202001,1,0.296799473179869,0.769914266395982,76
MILS3,202001,1,0.139559102632995,0.329210213267676,76
NEOE3,202001,1,0.297764166752756,0.814361663940903,76
NTCO3,202001,1,0.262428265939043,0.688561167677155,76
OIBR3,202001,1,0.132494446980051,0.33037459371666,76
OMGE3,202001,1,0.164021414896904,0.435995030490049,76
PETR3,202001,1,0.316711622821434,0.866096912449881,76
PETR4,202001,1,0.360605363872872,0.991199872615181,76
QUAL3,202001,1,0.237476853540677,0.622408807490006,76
RADL3,202001,1,0.304299807299036,0.830024260391229,76
RAIL3,202001,1,0.267465141713758,0.753400996958491,76
RENT3,202001,1,0.332647004211409,0.874288647857603,76
SANB11,202001,1,0.211452831675329,0.580754299282229,76
SAPR11,202001,1,0.145244566815147,0.349208727433771,76
SBSP3,202001,1,0.293889923959832,0.818534716686634,76
SEER3,202001,1,0.17045594132415,0.402033902059681,76
SMLS3,202001,1,0.219914510192495,0.556653781718457,76
SMTO3,202001,1,0.201332346346103,0.528006721931023,76
SULA11,202001,1,0.311449525602004,0.831873740570419,76
SUZB3,202001,1,0.241838910932548,0.666715334545902,76
TIMP3,202001,1,0.310266497948117,0.853184890039257,76
TOTS3,202001,1,0.210755946845131,0.569969095626937,76
TRIS3,202001,1,0.131586911687622,0.302323796294509,76
UGPA3,202001,1,0.269637501511474,0.734020350297554,76
USIM5,202001,1,0.255711163907153,0.657455529510809,76
VALE3,202001,1,0.376640848175741,0.991339415151491,76
VIVA3,202001,1,0.262644537304943,0.707395112182141,76
VIVT4,202001,1,0.160778684260887,0.431268973086867,76
VVAR3,202001,1,0.256305276577728,0.677996810421168,76
WEGE3,202001,1,0.24061773458637,0.642334822326533,76
YDUQ3,202001,1,0.196760667576195,0.505852492410515,76
ABEV3,202002,1,0.206205922643102,0.554588906626284,78
ALPA4,202002,1,0.187587513532884,0.520454174569734,78
ALSO3,202002,1,0.222791000560639,0.578997131480352,78
ARZZ3,202002,1,0.185092146680255,0.465793293192246,78
AZUL4,202002,1,0.24372012264708,0.698896335036006,78
B3SA3,202002,1,0.361769523162976,1,78
BBAS3,202002,1,0.315418876037245,0.857275660418579,78
BBDC3,202002,1,0.191327575392896,0.519795999338174,78
BBDC4,202002,1,0.284537574382246,0.76815385805836,78
BBSE3,202002,1,0.129559161938084,0.338745910015795,78
BMGB4,202002,1,0.116466312595589,0.30340360967936,78
BPAC11,202002,1,0.286352730345599,0.801677865405008,78
BRAP4,202002,1,0.260158897028544,0.717030781391586,78
BRDT3,202002,1,0.327865426171023,0.90352023017865,78
BTOW3,202002,1,0.219041409637565,0.616288746079102,78
CCRO3,202002,1,0.201702267133135,0.544577557552094,78
CESP6,202002,1,0.278986318699739,0.7886882625061,78
CIEL3,202002,1,0.168964979662909,0.453307355560282,78
CMIG4,202002,1,0.221415173180637,0.635576798252255,78
COGN3,202002,1,0.195130331042732,0.532710631184995,78
CPFE3,202002,1,0.265857232862204,0.753338483822057,78
CPLE6,202002,1,0.177908449859839,0.45806611123518,78
CSAN3,202002,1,0.186103933746762,0.502892223849579,78
CSMG3,202002,1,0.253545239268612,0.679426641297979,78
CSNA3,202002,1,0.104024347371997,0.266572975791256,78
CVCB3,202002,1,0.186871504141456,0.448696555898343,78
CYRE3,202002,1,0.210185394355643,0.558126844231156,78
ELET3,202002,1,0.249458331388609,0.669735109225599,78
ELET6,202002,1,0.251774800187013,0.678164561481775,78
EMBR3,202002,1,0.208994592934305,0.570203369258775,78
ENBR3,202002,1,0.238197568277952,0.611011823231999,78
EQTL3,202002,1,0.224243605177106,0.62521460397299,78
GGBR4,202002,1,0.253783856216387,0.738061216294813,78
GNDI3,202002,1,0.298135664064921,0.810980568886183,78
GOLL4,202002,1,0.205042109592373,0.5134239799145,78
HAPV3,202002,1,0.298203021184582,0.836734729085782,78
HBOR3,202002,1,0.157448673626749,0.392437065069039,78
HYPE3,202002,1,0.176519328025899,0.471735538760468,78
IGTA3,202002,1,0.215728569738842,0.581931005256871,78
ITSA4,202002,1,0.145343278049172,0.388178185352474,78
ITUB4,202002,1,0.17804424664646,0.491240672756284,78
JBSS3,202002,1,0.279212853386621,0.730586099673812,78
JSLG3,202002,1,0.122983339781803,0.289242104889216,78
LAME3,202002,1,0.206679204086126,0.55828932236887,78
LAME4,202002,1,0.27390732019946,0.789496512630835,78
LCAM3,202002,1,0.197742932945504,0.500644823109276,78
LIGT3,202002,1,0.199394624077872,0.52290967067226,78
LREN3,202002,1,0.336306794524541,0.949278793361169,78
LWSA3,202002,1,0.185551755899563,0.485969969252142,78
MDNE3,202002,1,0.173051901638236,0.41969398267659,78
MGLU3,202002,1,0.278779498250519,0.752778243787535,78
MILS3,202002,1,0.139763617847331,0.342228173270826,78
NEOE3,202002,1,0.247728710303219,0.690343253982146,78
NTCO3,202002,1,0.257428628669642,0.711561292827063,78
OIBR3,202002,1,0.130967245191102,0.343289626919611,78
OMGE3,202002,1,0.150310516542203,0.416926738106332,78
PCAR4,202002,1,0.187643859770434,0.500944408602453,78
PETR3,202002,1,0.342625860030727,0.935697029424792,78
PETR4,202002,1,0.301977433517565,0.868746364951959,78
QUAL3,202002,1,0.218488740044374,0.573473113468795,78
RADL3,202002,1,0.277088107486233,0.777497115927771,78
RENT3,202002,1,0.304926970631948,0.841341638367829,78
SANB11,202002,1,0.176595835327859,0.484479957061182,78
SAPR11,202002,1,0.140973937502554,0.346813875617141,78
SBSP3,202002,1,0.245857706711868,0.690891048973309,78
SEER3,202002,1,0.164295629050581,0.393610304211391,78
SULA11,202002,1,0.278775934492899,0.742358383334841,78
SUZB3,202002,1,0.240618857161964,0.67677856501529,78
TIMP3,202002,1,0.281342694445988,0.796799363238595,78
TOTS3,202002,1,0.210370377276151,0.567204743578806,78
TRIS3,202002,1,0.13882244621245,0.323525968621674,78
USIM5,202002,1,0.206395758226053,0.521502475187339,78
VALE3,202002,1,0.357624853840915,0.965536027195862,78
VIVA3,202002,1,0.237514917369108,0.649691656897246,78
VIVT4,202002,1,0.144135305243906,0.378818506311299,78
VVAR3,202002,1,0.234169281600087,0.628705528073058,78
WEGE3,202002,1,0.224189845761652,0.619599011717102,78
YDUQ3,202002,1,0.204324668082862,0.530495390917451,78
ABEV3,202003,1,0.242243071267732,0.621858841724951,76
ALPA4,202003,1,0.225325132424845,0.582937804323171,76
ALSO3,202003,1,0.213003471229712,0.52583798589775,76
AZUL4,202003,1,0.211878518305365,0.558168627259083,76
B3SA3,202003,1,0.329267470084404,0.837907452206261,76
BBAS3,202003,1,0.369107156999621,0.933900932256994,76
BBDC3,202003,1,0.221606200000464,0.572389073325953,76
BBDC4,202003,1,0.331349164959433,0.839628572079471,76
BBSE3,202003,1,0.212678168989086,0.537416390393438,76
BPAC11,202003,1,0.275475836751566,0.707679902205537,76
BRAP4,202003,1,0.206119574119108,0.496246070257859,76
BRDT3,202003,1,0.29800911296715,0.76412873869227,76
BRKM5,202003,1,0.212123596934452,0.526279746187939,76
BTOW3,202003,1,0.189488950889308,0.500258912789743,76
CESP6,202003,1,0.249165322255058,0.615598268261094,76
CIEL3,202003,1,0.210954956174413,0.524187360589408,76
CMIG4,202003,1,0.196658809419142,0.49129951393232,76
COGN3,202003,1,0.266833957121094,0.681393626724264,76
CPFE3,202003,1,0.200177274671036,0.503943520141145,76
CPLE6,202003,1,0.165842820733402,0.397549009967298,76
CSAN3,202003,1,0.203152964344437,0.513137132679682,76
CSMG3,202003,1,0.234414942404621,0.56466342876365,76
CSNA3,202003,1,0.214910175594641,0.538778395617083,76
CYRE3,202003,1,0.225447110912956,0.559931881140171,76
EGIE3,202003,1,0.150757025231597,0.371215281342662,76
ELET3,202003,1,0.257402557954407,0.640930149734248,76
ELET6,202003,1,0.270397768521999,0.678559985964157,76
EMBR3,202003,1,0.210842703215461,0.537617355403586,76
ENBR3,202003,1,0.258667718853614,0.615750506393248,76
ENEV3,202003,1,0.238350324218568,0.608534353281603,76
EQTL3,202003,1,0.263153574148614,0.668501994270157,76
GGBR4,202003,1,0.211347099692641,0.540941456821579,76
GNDI3,202003,1,0.283360648925607,0.717180049428175,76
GOLL4,202003,1,0.160552866030308,0.36949371192047,76
HAPV3,202003,1,0.249346983943426,0.640422036514032,76
HBOR3,202003,1,0.145086684956963,0.350153144982315,76
HYPE3,202003,1,0.208244796057106,0.517870322747523,76
IGTA3,202003,1,0.240518817504471,0.60249543903511,76
IRBR3,202003,1,0.244020884660598,0.641439652194057,76
ITSA4,202003,1,0.262039639574198,0.658227790561389,76
ITUB4,202003,1,0.293232424911792,0.758009459633519,76
JBSS3,202003,1,0.317464752532827,0.806444391513427,76
KLBN11,202003,1,0.119842767035558,0.303050029496901,76
LAME4,202003,1,0.232154889567,0.598471221592923,76
LCAM3,202003,1,0.200470175641163,0.47323782068214,76
LIGT3,202003,1,0.21483225810978,0.515645879282641,76
LREN3,202003,1,0.320166283668003,0.819141135033874,76
LWSA3,202003,1,0.190590455816818,0.469220055705824,76
MGLU3,202003,1,0.272008481245645,0.695140628325974,76
MRFG3,202003,1,0.193857386209593,0.458555121066648,76
NEOE3,202003,1,0.252025834014729,0.644030747242732,76
NTCO3,202003,1,0.279943914729022,0.719702316584924,76
OIBR3,202003,1,0.122115220209826,0.310406824549567,76
OMGE3,202003,1,0.146221177798523,0.369366276617446,76
PCAR3,202003,1,0.282032376824027,0.711370844837124,76
PETR3,202003,1,0.312317031824136,0.796198710640988,76
PETR4,202003,1,0.347752017321308,0.892246330911795,76
QUAL3,202003,1,0.275948356008041,0.692002028610678,76
RADL3,202003,1,0.261902884341438,0.665956896027771,76
RAIL3,202003,1,0.235809514901657,0.611378289827319,76
RENT3,202003,1,0.294981196908028,0.759560907416495,76
SAPR11,202003,1,0.170447155440615,0.405979841478969,76
SBSP3,202003,1,0.294741883900944,0.755760796178091,76
SEER3,202003,1,0.120237433224921,0.281943909184618,76
SMLS3,202003,1,0.208787923723956,0.503814410459185,76
SULA11,202003,1,0.300686070407537,0.744061812387917,76
SUZB3,202003,1,0.28431997520742,0.724255848955324,76
TIMP3,202003,1,0.290347659395652,0.723577451211465,76
TOTS3,202003,1,0.196468321913732,0.508493443538007,76
UGPA3,202003,1,0.221144087191449,0.578051442488252,76
USIM5,202003,1,0.191292216232063,0.442296658886246,76
VALE3,202003,1,0.39447159825922,1,76
VIVT4,202003,1,0.204229831325229,0.517347222455685,76
VVAR3,202003,1,0.189343187268956,0.482125665142012,76
WEGE3,202003,1,0.243653480846053,0.626161894380702,76
YDUQ3,202003,1,0.204792127587091,0.500499025406318,76
ABEV3,202004,1,0.260756742983742,0.635153328068813,74
ALPA4,202004,1,0.239437163036482,0.599597737266254,74
ALSO3,202004,1,0.235949522935609,0.559276302378158,74
AZUL4,202004,1,0.264766599890999,0.66177306487035,74
B3SA3,202004,1,0.315753544984094,0.769837987427637,74
BBAS3,202004,1,0.341309783461656,0.827562831910795,74
BBDC3,202004,1,0.224826332588901,0.550481767660497,74
BBDC4,202004,1,0.337435858663114,0.813807556456477,74
BBSE3,202004,1,0.218835815163351,0.526247206791281,74
BPAC11,202004,1,0.303931442933633,0.737928766710878,74
BRDT3,202004,1,0.303052161780196,0.744156975718224,74
BRKM5,202004,1,0.250113979720669,0.595924370888929,74
BTOW3,202004,1,0.196064194097379,0.483196902426887,74
CESP6,202004,1,0.269330018333049,0.644714649627572,74
CIEL3,202004,1,0.198277822869619,0.468482052895675,74
CMIG4,202004,1,0.169910955377964,0.400740836092789,74
COGN3,202004,1,0.2774587067193,0.639843818314753,74
CPFE3,202004,1,0.215599467374827,0.514485240320249,74
CPLE6,202004,1,0.139935335303621,0.326572210298482,74
CSAN3,202004,1,0.197989108782633,0.469405067324886,74
CSNA3,202004,1,0.211288427899418,0.479790816960058,74
CYRE3,202004,1,0.258318310925052,0.613759400271425,74
EGIE3,202004,1,0.177865303409417,0.421466361388335,74
ELET3,202004,1,0.274086867351055,0.647456466572927,74
ELET6,202004,1,0.263904072264148,0.636801405671995,74
EMBR3,202004,1,0.217538256846259,0.511134450170601,74
ENBR3,202004,1,0.244955929296689,0.556791175113378,74
EQTL3,202004,1,0.270158251592789,0.654377078920853,74
GGBR4,202004,1,0.250464426056703,0.619545045405933,74
GNDI3,202004,1,0.306415371486058,0.743133760038314,74
GOLL4,202004,1,0.2016918955279,0.455620387368342,74
HAPV3,202004,1,0.246787853886773,0.607422745920792,74
HBOR3,202004,1,0.159664157771321,0.366844904896471,74
HYPE3,202004,1,0.210840859877222,0.495514394506966,74
IGTA3,202004,1,0.250023444477521,0.609753449222544,74
IRBR3,202004,1,0.265368499813993,0.659739222506103,74
ITSA4,202004,1,0.270563020999456,0.649820798731411,74
ITUB4,202004,1,0.328235400648726,0.809657098182258,74
JBSS3,202004,1,0.323213337671294,0.780656190726618,74
KLBN11,202004,1,0.118491244072801,0.286429521393244,74
LAME4,202004,1,0.239837930548998,0.607768485778134,74
LCAM3,202004,1,0.200380005552994,0.453256646790356,74
LIGT3,202004,1,0.237879170497177,0.568251332154051,74
LREN3,202004,1,0.340666994933143,0.835665071720985,74
LWSA3,202004,1,0.243010660853491,0.568136946502684,74
MGLU3,202004,1,0.3031272314145,0.744920966632116,74
MOVI3,202004,1,0.158209353029323,0.343439369929017,74
NEOE3,202004,1,0.28986735955342,0.706890637230207,74
NTCO3,202004,1,0.299704881329194,0.744847063386889,74
OIBR3,202004,1,0.144222644743777,0.350042308955302,74
OMGE3,202004,1,0.160602621325952,0.383682875091763,74
PCAR3,202004,1,0.285955872411175,0.711854610543295,74
PETR3,202004,1,0.310108970723618,0.758108759679176,74
PETR4,202004,1,0.380939756664764,0.931444778627056,74
QUAL3,202004,1,0.272402724675795,0.669234763458975,74
RADL3,202004,1,0.265540691994088,0.657011631308446,74
RAIL3,202004,1,0.231636008440515,0.575004514350618,74
RAPT4,202004,1,0.124534357849903,0.271756192906182,74
RENT3,202004,1,0.293464523607438,0.720447805150807,74
SAPR11,202004,1,0.164707183156517,0.370570629563426,74
SBSP3,202004,1,0.272621538874233,0.67558890367782,74
SEER3,202004,1,0.135915622915108,0.310896671656761,74
STBP3,202004,1,0.196212197936437,0.437355948310116,74
SULA11,202004,1,0.306426133861096,0.737760438235711,74
SUZB3,202004,1,0.277801105355348,0.680202512264004,74
TIMP3,202004,1,0.259856584925217,0.620950221725778,74
TOTS3,202004,1,0.215614901951561,0.53145005609369,74
UGPA3,202004,1,0.241571268852271,0.602283216334549,74
VALE3,202004,1,0.413787415402217,1,74
VIVA3,202004,1,0.278555936786195,0.693698103878678,74
VIVT4,202004,1,0.186822455317382,0.447672448886843,74
VVAR3,202004,1,0.215066866451568,0.509943367032462,74
WEGE3,202004,1,0.257692189239778,0.638300830498445,74
YDUQ3,202004,1,0.186850792048547,0.433157631704221,74
ABEV3,202005,1,0.230988460027325,0.574465359046409,76
ALPA4,202005,1,0.244644178816512,0.649238318817791,76
ALSO3,202005,1,0.205917139908743,0.512438681035101,76
ALUP11,202005,1,0.135812821765688,0.298743712463954,76
AZUL4,202005,1,0.240296808528615,0.558983880686048,76
B3SA3,202005,1,0.34430574614622,0.880313057967254,76
BBAS3,202005,1,0.336128152549753,0.851613184354367,76
BBDC3,202005,1,0.190139657650383,0.473586335247103,76
BBDC4,202005,1,0.309666539599255,0.767401596672343,76
BBSE3,202005,1,0.199869746341738,0.485140029038872,76
BPAC11,202005,1,0.305517061822388,0.772535217379204,76
BRDT3,202005,1,0.284474306516853,0.725621362008567,76
BRKM5,202005,1,0.214566527838608,0.525196462156659,76
BRPR3,202005,1,0.163101580055107,0.386845435558681,76
BTOW3,202005,1,0.174605541430897,0.4400268237978,76
CESP6,202005,1,0.291126789943718,0.724332547129575,76
CIEL3,202005,1,0.196251479766886,0.484244851375363,76
CMIG4,202005,1,0.212411629717338,0.540611886315329,76
CNTO3,202005,1,0.200275839683081,0.50104776128678,76
COGN3,202005,1,0.262809292546061,0.637684865117445,76
CPFE3,202005,1,0.197489962354725,0.482453097682304,76
CPLE6,202005,1,0.14388215586935,0.343287520925381,76
CSAN3,202005,1,0.171958627234146,0.428670612108805,76
CSMG3,202005,1,0.214116613459936,0.510752878622908,76
CSNA3,202005,1,0.223502785577378,0.527343156226335,76
CYRE3,202005,1,0.208363194050172,0.507477021783765,76
EGIE3,202005,1,0.181898074344977,0.436290327564728,76
ELET3,202005,1,0.248785933771653,0.610689702302398,76
ELET6,202005,1,0.266635600209187,0.667860159624511,76
EMBR3,202005,1,0.199821109711398,0.45607539758583,76
ENBR3,202005,1,0.228734561496589,0.542222205944938,76
EQTL3,202005,1,0.275546772280613,0.708576924904888,76
GGBR4,202005,1,0.272460417750836,0.699118968735189,76
GNDI3,202005,1,0.306642296949099,0.77900164240021,76
GOLL4,202005,1,0.169950924115902,0.387220058109288,76
HAPV3,202005,1,0.230879016394599,0.586597322274943,76
HBOR3,202005,1,0.146764640308719,0.344747421148313,76
HYPE3,202005,1,0.223293190045807,0.547418874090664,76
IGTA3,202005,1,0.242625581241817,0.628064956414842,76
IRBR3,202005,1,0.173066820457551,0.44241386385324,76
ITSA4,202005,1,0.246509309035587,0.614355904277459,76
ITUB4,202005,1,0.287457587477442,0.726121950407183,76
JBSS3,202005,1,0.296859866380537,0.738360578450562,76
KLBN11,202005,1,0.141117584592113,0.350305134167902,76
LAME4,202005,1,0.244458400736197,0.632013140115995,76
LCAM3,202005,1,0.185506149707066,0.448577050612314,76
LIGT3,202005,1,0.248641693697723,0.631884833234356,76
LREN3,202005,1,0.314529131867706,0.801547434957302,76
LWSA3,202005,1,0.246907901908563,0.605995068051241,76
MGLU3,202005,1,0.294693012468867,0.75725364325637,76
MOVI3,202005,1,0.125971112674294,0.272705835474701,76
NEOE3,202005,1,0.266288410411769,0.661942400639682,76
NTCO3,202005,1,0.293619035467999,0.778424197009367,76
OMGE3,202005,1,0.186608265702211,0.477956152188174,76
PCAR3,202005,1,0.258633836221634,0.685957889850459,76
PETR3,202005,1,0.2483016400013,0.629314075238079,76
PETR4,202005,1,0.334525341421053,0.852054577989363,76
QUAL3,202005,1,0.248707842691201,0.649565442036257,76
RADL3,202005,1,0.216536850303736,0.56634283258511,76
RAIL3,202005,1,0.244877833995146,0.617254407595711,76
RAPT4,202005,1,0.132213985793079,0.299845846819612,76
RENT3,202005,1,0.275547753239298,0.706794273831648,76
SAPR11,202005,1,0.185400822890547,0.442758422286436,76
SBSP3,202005,1,0.309510529484632,0.794299192325922,76
SEER3,202005,1,0.146120338846801,0.338878701099542,76
STBP3,202005,1,0.164136929789955,0.371183218928421,76
SULA11,202005,1,0.307153323793343,0.775095443040343,76
SUZB3,202005,1,0.20868267474426,0.531599124343992,76
TIMP3,202005,1,0.243196710579342,0.603012318075824,76
UGPA3,202005,1,0.229532480378789,0.596282343081623,76
VALE3,202005,1,0.398946097718576,1,76
VIVA3,202005,1,0.282350287023536,0.739196531115547,76
VIVT4,202005,1,0.196180824333941,0.47465019065307,76
VVAR3,202005,1,0.252260247368856,0.606709469822848,76
WEGE3,202005,1,0.212211344153539,0.542088818093074,76
YDUQ3,202005,1,0.192377524079844,0.473357915841,76
ABEV3,202006,1,0.215989821487635,0.55585836877837,76
ALPA4,202006,1,0.231013535643276,0.624437122552306,76
ALSO3,202006,1,0.202841662987405,0.528393345306945,76
ALUP11,202006,1,0.134600690912286,0.310684434813308,76
AZUL4,202006,1,0.227747570041644,0.562658179511871,76
B3SA3,202006,1,0.363383556821647,0.947121972332811,76
BBAS3,202006,1,0.338612011255941,0.868480532305585,76
BBDC3,202006,1,0.154783328222132,0.38445981554626,76
BBDC4,202006,1,0.292438156733117,0.745961978633989,76
BBSE3,202006,1,0.176147353207793,0.443293224979986,76
BPAC11,202006,1,0.333641951613591,0.868662403339451,76
BRAP4,202006,1,0.268560877682465,0.660451761904221,76
BRDT3,202006,1,0.302445369501467,0.785188645226862,76
BRKM5,202006,1,0.156437041923465,0.390912436929541,76
BTOW3,202006,1,0.254085250940565,0.652293661110296,76
CESP6,202006,1,0.269463169220974,0.680802880640123,76
CIEL3,202006,1,0.137108499128769,0.344178520857375,76
CMIG4,202006,1,0.202250367004438,0.519250416115751,76
CNTO3,202006,1,0.231824275591033,0.595048590741849,76
COGN3,202006,1,0.250285177397139,0.611363956059934,76
CPFE3,202006,1,0.189017672071958,0.471916228711054,76
CSAN3,202006,1,0.183480815968972,0.474130826519878,76
CSMG3,202006,1,0.212890013054968,0.518081514180696,76
CSNA3,202006,1,0.19240752063147,0.45687349552588,76
CYRE3,202006,1,0.247364879722083,0.608835679680977,76
EGIE3,202006,1,0.16226665441552,0.391636984076329,76
ELET3,202006,1,0.215431508675935,0.547457140390694,76
ELET6,202006,1,0.254385567079183,0.641583999257672,76
EMBR3,202006,1,0.167050665699934,0.380107384275254,76
ENBR3,202006,1,0.229173617319481,0.562139668150725,76
EQTL3,202006,1,0.270852731739929,0.709782471814175,76
GGBR4,202006,1,0.265485785193439,0.689358646932132,76
GNDI3,202006,1,0.327314494697678,0.850003988060091,76
GOLL4,202006,1,0.199540319524594,0.48190866533587,76
HAPV3,202006,1,0.253451284069124,0.668212088012206,76
HYPE3,202006,1,0.210982610198654,0.537400466759124,76
IGTA3,202006,1,0.240618380820408,0.618432031666184,76
IRBR3,202006,1,0.172466045222441,0.459206312593165,76
ITSA4,202006,1,0.236937972677145,0.597501135778421,76
ITUB4,202006,1,0.358752614277452,0.915895467107155,76
JBSS3,202006,1,0.271959940181802,0.70537178352773,76
KLBN11,202006,1,0.158168549554317,0.409957331477076,76
LAME4,202006,1,0.205128897110151,0.544534936983319,76
LCAM3,202006,1,0.203993022868406,0.508768616618214,76
LIGT3,202006,1,0.24905606140495,0.628813189372971,76
LREN3,202006,1,0.31197768821597,0.816132646067138,76
LWSA3,202006,1,0.22750798268145,0.587341680791889,76
MGLU3,202006,1,0.276427798159059,0.714770392188154,76
MOVI3,202006,1,0.168706132983185,0.398753652668477,76
MULT3,202006,1,0.16480233643456,0.431452640629245,76
NEOE3,202006,1,0.263513379755608,0.682582845508258,76
NTCO3,202006,1,0.309431817677158,0.822767844010988,76
OMGE3,202006,1,0.190219853538633,0.499479684622704,76
PCAR3,202006,1,0.269136173670331,0.717266009857572,76
PETR3,202006,1,0.260657181367089,0.670695394383533,76
PETR4,202006,1,0.306605200108885,0.807853340592027,76
QUAL3,202006,1,0.234307214427995,0.614925333885378,76
RADL3,202006,1,0.226924494380397,0.615039126075981,76
RAIL3,202006,1,0.232202959107972,0.610250075740551,76
RAPT4,202006,1,0.138396832379192,0.332600811381903,76
RENT3,202006,1,0.284295204542804,0.733842976908654,76
SAPR11,202006,1,0.154180515944527,0.361227961707306,76
SBSP3,202006,1,0.302977333005352,0.803763615795709,76
SEER3,202006,1,0.175737564433163,0.413348800414,76
STBP3,202006,1,0.180540383629424,0.427400983616145,76
SULA11,202006,1,0.280631966217693,0.720553685790525,76
SUZB3,202006,1,0.233772426846919,0.614076779760602,76
TIMP3,202006,1,0.272204545042018,0.694485164294819,76
UGPA3,202006,1,0.205344748363319,0.553286150495857,76
USIM5,202006,1,0.201591692120327,0.469113643488534,76
VALE3,202006,1,0.392165469441549,1,76
VIVA3,202006,1,0.285673850711288,0.763350681061633,76
VIVT4,202006,1,0.203132441858894,0.49815024398162,76
VVAR3,202006,1,0.30239067935782,0.766031679842862,76
WEGE3,202006,1,0.212832051652049,0.550344675107318,76
YDUQ3,202006,1,0.192256404706266,0.490107303871014,76
ABEV3,202007,1,0.259530392040043,0.668876414724304,79
ALPA4,202007,1,0.231875616280806,0.624516221318574,79
ALSO3,202007,1,0.212681776332281,0.553160385579515,79
ALUP11,202007,1,0.121756230576262,0.278017901152746,79
AMBP3,202007,1,0.238178301954727,0.633172205604171,79
ARZZ3,202007,1,0.174345984824811,0.447755470207682,79
AZUL4,202007,1,0.218150134571537,0.542085682803287,79
B3SA3,202007,1,0.353943676826979,0.926059732129511,79
BBAS3,202007,1,0.30391982126122,0.774699189893598,79
BBDC3,202007,1,0.147138309689912,0.362442022668332,79
BBDC4,202007,1,0.297834793667179,0.763079486106208,79
BBSE3,202007,1,0.176170671181136,0.447287102363449,79
BPAC11,202007,1,0.375888812239559,0.978661852935731,79
BRAP4,202007,1,0.26477693638701,0.664457765147213,79
BRDT3,202007,1,0.303085521932674,0.794448008620257,79
BRKM5,202007,1,0.216057595167365,0.555543188348917,79
BTOW3,202007,1,0.241631756508878,0.616424291262535,79
CESP6,202007,1,0.302361712143808,0.768975959018953,79
CIEL3,202007,1,0.138833463821892,0.345295925279003,79
CMIG4,202007,1,0.171790152797632,0.443955193836867,79
CNTO3,202007,1,0.225307766114429,0.584337035172576,79
COGN3,202007,1,0.24804366924969,0.616014699708643,79
CPFE3,202007,1,0.185584989714244,0.459426944808988,79
CPLE6,202007,1,0.117888435909443,0.269677078105236,79
CSAN3,202007,1,0.187038025009074,0.477567944483881,79
CSMG3,202007,1,0.196832961330587,0.469300749220758,79
CSNA3,202007,1,0.199624681863245,0.4997804274844,79
CYRE3,202007,1,0.26415646262704,0.654961660322839,79
EGIE3,202007,1,0.154188596774257,0.365319338540615,79
ELET3,202007,1,0.212371055729788,0.525987936998796,79
ELET6,202007,1,0.255412846151734,0.660959531357961,79
ENBR3,202007,1,0.209977983294643,0.512958125203634,79
EQTL3,202007,1,0.277742699293962,0.72264293113052,79
FLRY3,202007,1,0.208917087834205,0.486850464406909,79
GGBR4,202007,1,0.267080387814057,0.698340595353129,79
GNDI3,202007,1,0.343042322677929,0.888913501995586,79
HAPV3,202007,1,0.234067485212267,0.623022708974598,79
HYPE3,202007,1,0.228451967444034,0.574670258167107,79
IGTA3,202007,1,0.210940743554945,0.520518021405568,79
IRBR3,202007,1,0.138620061689108,0.344853260187417,79
ITSA4,202007,1,0.251330829756648,0.645031478853055,79
ITUB4,202007,1,0.34566798079251,0.890507092246587,79
JBSS3,202007,1,0.293378046732993,0.758803339020814,79
KLBN11,202007,1,0.147012657145479,0.394541909310996,79
LAME4,202007,1,0.251096781822178,0.660983554423317,79
LCAM3,202007,1,0.191475734342265,0.473636673660416,79
LIGT3,202007,1,0.212002663198435,0.557677343307612,79
LREN3,202007,1,0.32789817254224,0.868891889057883,79
LWSA3,202007,1,0.226222708679383,0.582674055556798,79
MGLU3,202007,1,0.291716342005115,0.761215014880186,79
MOVI3,202007,1,0.157618635109912,0.375427855554041,79
MRFG3,202007,1,0.184272809409039,0.439678283767698,79
MULT3,202007,1,0.176535409931563,0.469533458846338,79
NEOE3,202007,1,0.251247719051384,0.641244853905739,79
NTCO3,202007,1,0.319555272278051,0.8457416482985,79
OIBR3,202007,1,0.191387340593734,0.491335387846009,79
OMGE3,202007,1,0.197079748260449,0.516755876113742,79
PCAR3,202007,1,0.264327407489194,0.696194423121968,79
PETR3,202007,1,0.270127814839793,0.70709469942615,79
PETR4,202007,1,0.306415801872514,0.809914925719255,79
PNVL3,202007,1,0.229829158022378,0.58885350052771,79
QUAL3,202007,1,0.254999908957517,0.657625513822103,79
RAIL3,202007,1,0.268119500540627,0.711119057753949,79
RAPT4,202007,1,0.135018849882149,0.325016722604318,79
RENT3,202007,1,0.296113974035655,0.780656583553785,79
SAPR11,202007,1,0.148345759927272,0.337033508745292,79
SBSP3,202007,1,0.298301530161885,0.793926123975856,79
SEER3,202007,1,0.180127719014613,0.429722554502351,79
SOMA3,202007,1,0.287835391862956,0.761574362316587,79
STBP3,202007,1,0.174109004797921,0.409487716798886,79
SULA11,202007,1,0.291593202000322,0.739852436942968,79
SUZB3,202007,1,0.249385071557047,0.65945444691401,79
TIMP3,202007,1,0.298116630697216,0.760732963004548,79
UGPA3,202007,1,0.177920129085212,0.484614219286212,79
USIM5,202007,1,0.195488592206347,0.464435220484671,79
VALE3,202007,1,0.392076342616399,1,79
VIVA3,202007,1,0.275976023753635,0.741745165461198,79
VVAR3,202007,1,0.262167865602083,0.64479514403782,79
WEGE3,202007,1,0.221997687196788,0.584775964852635,79
ABEV3,202008,1,0.208785996276413,0.568837332401644,79
ALPA4,202008,1,0.210234176569711,0.587994915500746,79
ALUP11,202008,1,0.108832238649672,0.24700209384912,79
AMBP3,202008,1,0.233584891843079,0.638993040363084,79
AZUL4,202008,1,0.232588488476688,0.585740537828698,79
B3SA3,202008,1,0.330865992169398,0.880549920039141,79
BBAS3,202008,1,0.256705787874211,0.670071903952196,79
BBDC4,202008,1,0.241435438845254,0.612663328477106,79
BBSE3,202008,1,0.164896986312512,0.406378717767094,79
BPAC11,202008,1,0.370745961371374,0.977081110704846,79
BRAP4,202008,1,0.222384908225392,0.566665849870378,79
BRDT3,202008,1,0.272079583875263,0.712916042475298,79
BRKM5,202008,1,0.114545604736233,0.291792348180492,79
BTOW3,202008,1,0.219634609707912,0.567585117452293,79
CCRO3,202008,1,0.199705017812425,0.503768109197648,79
CESP6,202008,1,0.276484716507136,0.693927907815932,79
CIEL3,202008,1,0.123191981510072,0.306565223407543,79
CMIG4,202008,1,0.126627769137526,0.314144108903464,79
CNTO3,202008,1,0.226957168968666,0.596143465409833,79
COGN3,202008,1,0.208106569869823,0.538587579131038,79
CPFE3,202008,1,0.181860348401019,0.447929523945907,79
CSAN3,202008,1,0.188968981813955,0.482962697615469,79
CSMG3,202008,1,0.17939873227069,0.427138649000962,79
CSNA3,202008,1,0.198581795220386,0.488524512320845,79
CYRE3,202008,1,0.215553482953006,0.531892898626103,79
EGIE3,202008,1,0.14411269804298,0.340873501853704,79
ELET3,202008,1,0.238775119008186,0.610074943647392,79
ELET6,202008,1,0.247945719145911,0.623886771107747,79
ENBR3,202008,1,0.200792363116336,0.479063641431201,79
EQTL3,202008,1,0.277542389838491,0.74056322186815,79
FLRY3,202008,1,0.172199873692215,0.397148360625376,79
GGBR4,202008,1,0.278729869736215,0.753718291344721,79
GNDI3,202008,1,0.351317695010081,0.928398171241632,79
GOLL4,202008,1,0.205524889054019,0.513295829914718,79
HAPV3,202008,1,0.221246515729995,0.600932922410436,79
HYPE3,202008,1,0.200678484287297,0.508357673941789,79
IGTA3,202008,1,0.188383943858309,0.451663381068032,79
ITSA4,202008,1,0.261728415981537,0.674473444815343,79
ITUB4,202008,1,0.293966603002544,0.763490609633131,79
JBSS3,202008,1,0.287317657182849,0.74420005815411,79
KLBN11,202008,1,0.169638648691052,0.453050867992297,79
LAME4,202008,1,0.220574253696512,0.593024271021057,79
LCAM3,202008,1,0.197460373745954,0.491272323691748,79
LJQQ3,202008,1,0.262342681008312,0.699900220580253,79
LREN3,202008,1,0.312435727869459,0.841025515692904,79
LWSA3,202008,1,0.173888025939192,0.429470175881819,79
MDNE3,202008,1,0.154592498947323,0.383482617507147,79
MGLU3,202008,1,0.3079337209758,0.82933036133155,79
MOVI3,202008,1,0.150156718319147,0.353152180617899,79
MRFG3,202008,1,0.185640822136972,0.46370831885276,79
MULT3,202008,1,0.217318595145836,0.586336697364391,79
NEOE3,202008,1,0.203041953812921,0.516345642585633,79
NTCO3,202008,1,0.322357406866686,0.871221844899092,79
OIBR3,202008,1,0.18994138304359,0.495382097270726,79
OMGE3,202008,1,0.186975340309728,0.505747989986459,79
PCAR3,202008,1,0.155268488660003,0.384128877847042,79
PETR3,202008,1,0.253569148373701,0.677341304560527,79
PETR4,202008,1,0.289237404766279,0.775158415944415,79
PNVL3,202008,1,0.202738128887714,0.540518358963035,79
QUAL3,202008,1,0.234784018867263,0.611452970393315,79
RAIL3,202008,1,0.292353725259998,0.781870156473868,79
RAPT4,202008,1,0.106546929771052,0.244341895256249,79
RENT3,202008,1,0.289243663079134,0.789911894542414,79
SBSP3,202008,1,0.271812248692459,0.727392228184947,79
SEER3,202008,1,0.165382324579896,0.401414714680732,79
SMTO3,202008,1,0.101446071747437,0.231328600331758,79
SOMA3,202008,1,0.27597241342737,0.741209541854464,79
STBP3,202008,1,0.172979455804944,0.4036147707036,79
SULA11,202008,1,0.243717309240204,0.612228659720429,79
SUZB3,202008,1,0.242295701182718,0.645245082290495,79
TIMP3,202008,1,0.290695754596066,0.734459896037454,79
TOTS3,202008,1,0.205631616166119,0.557856210183068,79
UGPA3,202008,1,0.157581904755676,0.433361262674318,79
USIM5,202008,1,0.163385739404406,0.398196640575019,79
VALE3,202008,1,0.385285416359209,1,79
VIVA3,202008,1,0.239665548791094,0.661307658223872,79
VVAR3,202008,1,0.28357608007682,0.71112498541215,79
WEGE3,202008,1,0.216542514272778,0.583046255965346,79
YDUQ3,202008,1,0.158636432930807,0.410149145630972,79
ALPA4,202009,1,0.201766037637909,0.61876865157148,82
ALUP11,202009,1,0.110013478640405,0.265224769139879,82
AMBP3,202009,1,0.223837996349046,0.685348217316906,82
B3SA3,202009,1,0.321403413645443,0.938069871662206,82
BBAS3,202009,1,0.244955000080354,0.671381946164514,82
BBDC4,202009,1,0.23962372603279,0.648668695673155,82
BBSE3,202009,1,0.141796344351159,0.352972139191934,82
BOAS3,202009,1,0.222144678545154,0.605947337687451,82
BPAC11,202009,1,0.346986411822709,1,82
BRAP4,202009,1,0.206034069857926,0.586507849049195,82
BRDT3,202009,1,0.270714517792602,0.764842254533164,82
BRKM5,202009,1,0.124477327336651,0.323214349535427,82
BTOW3,202009,1,0.196575393244279,0.551833544557754,82
CCRO3,202009,1,0.169762802837767,0.421436525160577,82
CESP6,202009,1,0.226093066467369,0.603093747973973,82
CIEL3,202009,1,0.0989413864120816,0.255637391104627,82
CMIG4,202009,1,0.132773957198173,0.341153038859518,82
CNTO3,202009,1,0.223222468861001,0.639971098598524,82
CPFE3,202009,1,0.195624705248833,0.513476630132367,82
CRFB3,202009,1,0.217291738775595,0.638885562267224,82
CSAN3,202009,1,0.175767099077033,0.495766815160193,82
CSMG3,202009,1,0.119549286479822,0.278825305701671,82
CSNA3,202009,1,0.172676979469273,0.474115585662664,82
CYRE3,202009,1,0.224985193648409,0.629783672276448,82
EGIE3,202009,1,0.160159843229022,0.407724160548509,82
ELET3,202009,1,0.248444678026513,0.672347934830277,82
ELET6,202009,1,0.241230852864849,0.657288818104999,82
ENBR3,202009,1,0.179400304171665,0.444297266553472,82
ENEV3,202009,1,0.218827248862859,0.637543543118938,82
EQTL3,202009,1,0.26552116076858,0.763066449498959,82
EVEN3,202009,1,0.113418555269265,0.285866892372301,82
FLRY3,202009,1,0.16474978207855,0.398585474939734,82
GGBR4,202009,1,0.258469231384102,0.754005481269823,82
GNDI3,202009,1,0.341462405254109,0.987176663603347,82
HAPV3,202009,1,0.220818217714818,0.643130916213326,82
HBSA3,202009,1,0.229360124314599,0.692292956094671,82
HYPE3,202009,1,0.192387752089764,0.523370604834356,82
IGTA3,202009,1,0.199819344892849,0.495227231779535,82
ITSA4,202009,1,0.226104758776051,0.619803077490841,82
ITUB4,202009,1,0.286487081880711,0.795266710802223,82
JBSS3,202009,1,0.274266850075133,0.769909674492778,82
KLBN11,202009,1,0.169967622984666,0.489546944981241,82
LAME4,202009,1,0.199088042943084,0.561669567090582,82
LAVV3,202009,1,0.206544545079412,0.547313525345289,82
LCAM3,202009,1,0.191678822271444,0.517186116493813,82
LJQQ3,202009,1,0.271046323905882,0.78107300341259,82
LREN3,202009,1,0.2889264909177,0.82999821648689,82
LWSA3,202009,1,0.17837672498182,0.459609337940588,82
MDNE3,202009,1,0.144247064979368,0.381332321459755,82
MGLU3,202009,1,0.290404169921967,0.856977839899322,82
MOVI3,202009,1,0.130428775858718,0.316331696054175,82
MRFG3,202009,1,0.165334824471158,0.424194707178197,82
MULT3,202009,1,0.214251921570572,0.602579972467564,82
NEOE3,202009,1,0.167767703167246,0.44721060411354,82
NTCO3,202009,1,0.322720670671517,0.946658055216921,82
OIBR3,202009,1,0.197835832648777,0.546824484989026,82
OMGE3,202009,1,0.194033179426251,0.582854207077666,82
PCAR3,202009,1,0.16579277246711,0.427542469076674,82
PETR3,202009,1,0.222439210814117,0.648186469143949,82
PETR4,202009,1,0.265458811383348,0.770100146350714,82
PETZ3,202009,1,0.269484388686216,0.804286164745368,82
QUAL3,202009,1,0.228391166942079,0.631838760825233,82
RADL3,202009,1,0.226025778113712,0.680873511379543,82
RAIL3,202009,1,0.27205852276992,0.789966424266426,82
RAPT4,202009,1,0.076917738341498,0.172291432274483,82
RENT3,202009,1,0.290383258508573,0.865288290824488,82
SBSP3,202009,1,0.269341012216725,0.766550473448598,82
SMTO3,202009,1,0.0983139622023477,0.234000826033381,82
SOMA3,202009,1,0.259817527709604,0.766584076169404,82
STBP3,202009,1,0.166333837915459,0.444175567623624,82
SULA11,202009,1,0.218126540585867,0.595156608502081,82
SUZB3,202009,1,0.204463243268161,0.597163157391636,82
TAEE11,202009,1,0.157821693073331,0.378267082121794,82
TIMP3,202009,1,0.257760426863355,0.709495954208719,82
TOTS3,202009,1,0.201594917981119,0.594865459636841,82
UGPA3,202009,1,0.140043212272561,0.402906773258592,82
USIM5,202009,1,0.174944051388918,0.466092807047967,82
VALE3,202009,1,0.351977907379867,0.984429229245013,82
VIVA3,202009,1,0.216748983161348,0.64207832230854,82
VVAR3,202009,1,0.234815157545869,0.651536491155926,82
WEGE3,202009,1,0.22812092305059,0.662842285276672,82
YDUQ3,202009,1,0.193261008325158,0.499266762436464,82
ALPA4,202010,1,0.195705724132253,0.64847072981023,86
ALUP11,202010,1,0.1196402170879,0.31614936548843,86
AZUL4,202010,1,0.167873964840952,0.460515685126665,86
B3SA3,202010,1,0.291583720557971,0.911832971001584,86
BBAS3,202010,1,0.247125964500884,0.716363026577724,86
BBDC3,202010,1,0.116733845177616,0.331778970820564,86
BBDC4,202010,1,0.235009761391435,0.675902590564435,86
BBSE3,202010,1,0.127623077211622,0.342445511819111,86
BOAS3,202010,1,0.180282089271498,0.537325711408163,86
BPAC11,202010,1,0.311275371468292,0.97512013478283,86
BRAP4,202010,1,0.170869819558695,0.49438663299942,86
BRDT3,202010,1,0.245474556694381,0.75613222645348,86
BRKM5,202010,1,0.140378043453475,0.396653271628581,86
BTOW3,202010,1,0.189164004015562,0.569417540528674,86
CCRO3,202010,1,0.133192006123547,0.354853956944352,86
CESP6,202010,1,0.208308201442168,0.613961393709861,86
CIEL3,202010,1,0.113763147813273,0.308160234964322,86
CMIG4,202010,1,0.127632098514481,0.364481946314164,86
CNTO3,202010,1,0.194729534716183,0.606270653898472,86
COGN3,202010,1,0.175343108490691,0.521094467072581,86
CPFE3,202010,1,0.182757136085432,0.521410077108746,86
CRFB3,202010,1,0.202784230654403,0.63073160355586,86
CSAN3,202010,1,0.164912486698243,0.513182975575882,86
CSMG3,202010,1,0.13187472322126,0.338332343896327,86
CSNA3,202010,1,0.181291773695427,0.53255428924884,86
CYRE3,202010,1,0.219718931957441,0.65962169163089,86
EGIE3,202010,1,0.130186871847513,0.346838320584703,86
ELET3,202010,1,0.234335993509575,0.693475702161952,86
ELET6,202010,1,0.226576996205986,0.656143645057478,86
EMBR3,202010,1,0.154345898207368,0.39780308491859,86
ENEV3,202010,1,0.209741731916332,0.664021172221121,86
EQTL3,202010,1,0.248078786163757,0.772046529754683,86
EVEN3,202010,1,0.130916120304986,0.343858203689545,86
FLRY3,202010,1,0.179889600689607,0.468991498154183,86
GGBR4,202010,1,0.187074075924555,0.585049082326313,86
GMAT3,202010,1,0.217603560702359,0.709553437896545,86
GNDI3,202010,1,0.313082880566617,0.980127938586542,86
HAPV3,202010,1,0.228774903773286,0.711258385304756,86
HYPE3,202010,1,0.183102090663923,0.550095008891957,86
IGTA3,202010,1,0.17994535345838,0.480732482247024,86
ITSA4,202010,1,0.192348065778311,0.574610871179267,86
ITUB4,202010,1,0.264358606013158,0.797686983533745,86
JBSS3,202010,1,0.256318055467118,0.752954291012417,86
KLBN11,202010,1,0.152850847965069,0.472331945661087,86
LAME4,202010,1,0.163709782480663,0.498337139793545,86
LAVV3,202010,1,0.189386029567551,0.549461252492977,86
LCAM3,202010,1,0.22444039599021,0.662287630496698,86
LJQQ3,202010,1,0.239454330687089,0.733696243320729,86
LREN3,202010,1,0.269017248938933,0.845975518503463,86
LWSA3,202010,1,0.167646364758252,0.472265803848761,86
MDNE3,202010,1,0.156092109363595,0.440123691135991,86
MGLU3,202010,1,0.265584200621826,0.84095768147963,86
MOVI3,202010,1,0.152102723636764,0.384778633637639,86
MRFG3,202010,1,0.133187180846884,0.364768755986927,86
MULT3,202010,1,0.200836643093633,0.611288870028528,86
NEOE3,202010,1,0.169376887978404,0.483623647210638,86
NTCO3,202010,1,0.313070024106348,0.98938798679532,86
OIBR3,202010,1,0.168361470823668,0.505985192880057,86
OMGE3,202010,1,0.170330971391501,0.550274016077591,86
PCAR3,202010,1,0.158431954076705,0.445692197505156,86
PETR3,202010,1,0.200685393875499,0.622090090106958,86
PETR4,202010,1,0.25711603159379,0.782901507340779,86
PETZ3,202010,1,0.239198688627406,0.769671658338046,86
QUAL3,202010,1,0.22702361150508,0.678508414418515,86
RADL3,202010,1,0.19247635169929,0.62703280404633,86
RAIL3,202010,1,0.239206995295973,0.753702822427259,86
RAPT4,202010,1,0.100069904684657,0.252637439181322,86
RENT3,202010,1,0.251648200024142,0.802566757063292,86
SBSP3,202010,1,0.211676811304944,0.645535945610126,86
SIMH3,202010,1,0.137126336968169,0.345040759622839,86
SMTO3,202010,1,0.105104072081405,0.271609899021265,86
SOMA3,202010,1,0.217993270880402,0.698883584539422,86
STBP3,202010,1,0.168227777802608,0.488641927912618,86
SULA11,202010,1,0.20531312407281,0.616091995607898,86
SUZB3,202010,1,0.218503687502358,0.678566434301907,86
TEND3,202010,1,0.156662037845442,0.484928823047807,86
TFCO4,202010,1,0.11359918072023,0.321665248686799,86
TIMS3,202010,1,0.225060405341652,0.665962520123095,86
TRPL4,202010,1,0.0893289706442619,0.214476575115315,86
UGPA3,202010,1,0.153115088633717,0.474168061009974,86
USIM5,202010,1,0.203874976497374,0.57796068677873,86
VALE3,202010,1,0.334125304731107,1,86
VIVA3,202010,1,0.200333708081403,0.645732885541467,86
VVAR3,202010,1,0.237422939138204,0.708020145545712,86
WEGE3,202010,1,0.189415746385574,0.585974107405353,86
YDUQ3,202010,1,0.205657936104691,0.541351015936762,86
ALPA4,202011,1,0.20168161719249,0.65656793591918,86
ALUP11,202011,1,0.120084393239517,0.320117186069744,86
ANIM3,202011,1,0.182822416654986,0.571735012213463,86
ARZZ3,202011,1,0.178941817132792,0.520185644194783,86
AZUL4,202011,1,0.212254181698914,0.592925833893496,86
B3SA3,202011,1,0.308433124590874,0.950538358384044,86
BBAS3,202011,1,0.244458624672731,0.719653960706768,86
BBDC3,202011,1,0.121509188638315,0.337102070193599,86
BBDC4,202011,1,0.238367505858802,0.698304116414115,86
BBSE3,202011,1,0.124578592065096,0.332614687134233,86
BEEF3,202011,1,0.143662617862171,0.356879069230337,86
BPAC11,202011,1,0.294705382183052,0.915000295033436,86
BRDT3,202011,1,0.254183572647732,0.767492807218965,86
BRKM5,202011,1,0.116276563352893,0.329897823026985,86
CCRO3,202011,1,0.144812049194846,0.422579135739452,86
CESP6,202011,1,0.20569217393309,0.605687929229675,86
CIEL3,202011,1,0.108236236502851,0.297900041710225,86
CMIG4,202011,1,0.141595514667189,0.408848103192326,86
CNTO3,202011,1,0.189134124282313,0.573356226644869,86
CPFE3,202011,1,0.168897718468698,0.485951337857832,86
CRFB3,202011,1,0.194263979948714,0.596680136126206,86
CSMG3,202011,1,0.130923475380743,0.333750465812858,86
CSNA3,202011,1,0.155926263435726,0.441394122916039,86
CYRE3,202011,1,0.211934854728073,0.622039535776029,86
EGIE3,202011,1,0.114482277695465,0.298085166725159,86
ELET3,202011,1,0.233343808955835,0.670528269151013,86
ELET6,202011,1,0.215620431648176,0.620623434589569,86
EMBR3,202011,1,0.172287526809374,0.444732494269242,86
ENEV3,202011,1,0.210020126416066,0.658709742297491,86
ENJU3,202011,1,0.199653646411781,0.594563184066279,86
EQTL3,202011,1,0.251636226411996,0.770224359795655,86
EVEN3,202011,1,0.13866487911101,0.358277152252636,86
FLRY3,202011,1,0.181104012355508,0.462783899790701,86
GGBR4,202011,1,0.175679481186221,0.532427885633469,86
GMAT3,202011,1,0.207005713125243,0.665948511284418,86
GNDI3,202011,1,0.286530116104096,0.89023989065296,86
GOLL4,202011,1,0.171512494535132,0.460141428232786,86
HAPV3,202011,1,0.236048041431096,0.726849394962444,86
HBSA3,202011,1,0.186958418481838,0.600757414573741,86
HYPE3,202011,1,0.174231168066552,0.529046749768603,86
IGTA3,202011,1,0.183657797840763,0.497367712115251,86
IRBR3,202011,1,0.152010968503489,0.420276588001682,86
ITSA4,202011,1,0.229560778837864,0.68600731167224,86
ITUB4,202011,1,0.281613397088714,0.817458338451052,86
JBSS3,202011,1,0.248448189329502,0.710217188288078,86
JSLG3,202011,1,0.130146515230748,0.340955266445638,86
LAME4,202011,1,0.160272407516372,0.490605024001785,86
LAVV3,202011,1,0.196162211134303,0.574697016088462,86
LCAM3,202011,1,0.254325405397597,0.741876543682912,86
LINX3,202011,1,0.217069488746874,0.625616362491668,86
LJQQ3,202011,1,0.246057507538351,0.748795464507687,86
LREN3,202011,1,0.285881260806778,0.883046438888401,86
LWSA3,202011,1,0.163880085600585,0.460047090385603,86
MDNE3,202011,1,0.164499186024664,0.453613021332564,86
MGLU3,202011,1,0.275147361270971,0.838729069206046,86
MOVI3,202011,1,0.153632969178238,0.380657965765473,86
MULT3,202011,1,0.197265998625691,0.588814886506331,86
NEOE3,202011,1,0.159577674371962,0.459790533217497,86
NTCO3,202011,1,0.316761690825547,0.984684812765285,86
OIBR3,202011,1,0.168530278030583,0.504739306039006,86
OMGE3,202011,1,0.156197668462804,0.492064490996134,86
PCAR3,202011,1,0.16128822461709,0.458509556329524,86
PETR3,202011,1,0.250706107794782,0.7460467743773,86
PETR4,202011,1,0.288260150676653,0.875975958357128,86
PETZ3,202011,1,0.230975815221347,0.726332782068541,86
QUAL3,202011,1,0.236151863130581,0.701327248407236,86
RADL3,202011,1,0.187949398249896,0.614909195335188,86
RAIL3,202011,1,0.2484294329992,0.767229564113134,86
RENT3,202011,1,0.260063005488919,0.812381892432852,86
SBSP3,202011,1,0.204647571156064,0.615966178634074,86
SIMH3,202011,1,0.153729526477171,0.381091315952374,86
SMTO3,202011,1,0.127681540918667,0.335578878993744,86
STBP3,202011,1,0.161142585327555,0.471426442117757,86
SULA11,202011,1,0.192203016499251,0.573810922372351,86
SUZB3,202011,1,0.245074740570627,0.748708918037073,86
TAEE11,202011,1,0.152623769953232,0.390354380736937,86
TEND3,202011,1,0.165393030401465,0.50719022956048,86
TFCO4,202011,1,0.126829985394975,0.352719153195752,86
TIMS3,202011,1,0.206505093364513,0.620631213461003,86
UGPA3,202011,1,0.151961539615872,0.470186466474404,86
USIM5,202011,1,0.182582808812483,0.528986308758572,86
VALE3,202011,1,0.335684150284418,1,86
VIVA3,202011,1,0.208878825525067,0.658150037032287,86
VVAR3,202011,1,0.2376406589015,0.689742601557845,86
WEGE3,202011,1,0.160994471700777,0.509596409722007,86
YDUQ3,202011,1,0.190100534568859,0.497836005275462,86
ALPA4,202012,1,0.226905670528159,0.718547152109218,86
ALUP11,202012,1,0.135148668895091,0.345098570688878,86
ANIM3,202012,1,0.192787199700457,0.592154686032201,86
AZUL4,202012,1,0.168893417502352,0.417586470739851,86
B3SA3,202012,1,0.304871750632186,0.920165728029563,86
BBAS3,202012,1,0.262826700826852,0.742507944353754,86
BBDC3,202012,1,0.127204806922538,0.35288077895944,86
BBDC4,202012,1,0.252521110036198,0.740245766041865,86
BBSE3,202012,1,0.119176814814237,0.328634860635657,86
BEEF3,202012,1,0.148253380213148,0.354474149601507,86
BPAC11,202012,1,0.311333919895242,0.941553203294455,86
BRDT3,202012,1,0.24034274459087,0.704164717820251,86
BRKM5,202012,1,0.125398680232381,0.362956527139086,86
CCRO3,202012,1,0.156910609014613,0.423822871705071,86
CESP6,202012,1,0.199879495327842,0.571299562688296,86
CIEL3,202012,1,0.164916713512125,0.426120443548511,86
CMIG4,202012,1,0.137963373441157,0.392543786282118,86
CPFE3,202012,1,0.178028629857579,0.51171353532998,86
CRFB3,202012,1,0.177938379528895,0.517434179148414,86
CSAN3,202012,1,0.162563822082222,0.48804967480876,86
CSMG3,202012,1,0.129853365802397,0.332453247475723,86
CSNA3,202012,1,0.233541012592162,0.661767935167121,86
CYRE3,202012,1,0.205565275400106,0.598926687215288,86
ELET3,202012,1,0.226982832360176,0.642561640521657,86
ELET6,202012,1,0.212738079250597,0.602232899046716,86
EMBR3,202012,1,0.205547043202932,0.529211721204188,86
ENEV3,202012,1,0.223633249109829,0.687433664071691,86
ENJU3,202012,1,0.198908241291318,0.570426089987874,86
EQTL3,202012,1,0.257856274304792,0.769627131633238,86
FLRY3,202012,1,0.187127987332372,0.478345173986527,86
GGBR4,202012,1,0.189323167145514,0.556480676844373,86
GMAT3,202012,1,0.208736646303688,0.651485728370193,86
GNDI3,202012,1,0.31227731849427,0.952232358565163,86
GOLL4,202012,1,0.155679050221724,0.373054028410114,86
HAPV3,202012,1,0.224849501218946,0.670136002724613,86
HBSA3,202012,1,0.199176461717349,0.619944608144943,86
HYPE3,202012,1,0.224461523259974,0.664923822950709,86
IGTA3,202012,1,0.180138420377516,0.474447656508483,86
ITSA4,202012,1,0.249175547262564,0.74024044774617,86
ITUB4,202012,1,0.286923775350066,0.845973728332823,86
JBSS3,202012,1,0.247586865625638,0.692672264135798,86
JSLG3,202012,1,0.114606267704161,0.27955497590319,86
KLBN11,202012,1,0.158584043811754,0.487108267798014,86
LAVV3,202012,1,0.197182782755708,0.553652112880533,86
LCAM3,202012,1,0.253777211899372,0.713438301580081,86
LINX3,202012,1,0.207230063675466,0.591908751058258,86
LJQQ3,202012,1,0.247839508205239,0.734790936644996,86
LREN3,202012,1,0.286878754647065,0.863995295767379,86
LWSA3,202012,1,0.173071162395284,0.453432100014592,86
MDIA3,202012,1,0.155377925099428,0.441217891511767,86
MDNE3,202012,1,0.161504319829911,0.435885859897042,86
MGLU3,202012,1,0.277291820302693,0.835948746614415,86
MOVI3,202012,1,0.143487326034713,0.338683910336557,86
MRFG3,202012,1,0.161602505667974,0.429530767403875,86
MULT3,202012,1,0.211392052852548,0.612103603935232,86
NTCO3,202012,1,0.323205636345436,0.988108200170981,86
OIBR3,202012,1,0.159824424151645,0.464148986184088,86
OMGE3,202012,1,0.176875000069357,0.539687400179118,86
PCAR3,202012,1,0.157711643716332,0.431229511984278,86
PETR3,202012,1,0.262284852447871,0.75916132153144,86
PETR4,202012,1,0.293682488619111,0.876579288272286,86
PETZ3,202012,1,0.239890506222451,0.743573021694371,86
QUAL3,202012,1,0.249808540362977,0.719226860697943,86
RADL3,202012,1,0.215771109709055,0.68532336128396,86
RAIL3,202012,1,0.251466693063616,0.749423677348907,86
RDOR3,202012,1,0.270951341850752,0.806016550621369,86
RENT3,202012,1,0.263052876147448,0.811722443125633,86
SBSP3,202012,1,0.200619646075364,0.579234458186975,86
SIMH3,202012,1,0.153398616567163,0.363702422629053,86
SMLS3,202012,1,0.141496943894437,0.345706270826632,86
SMTO3,202012,1,0.126484053666564,0.317126056879582,86
SOMA3,202012,1,0.205556249080197,0.640085738292237,86
STBP3,202012,1,0.179316394898055,0.502828116045315,86
SULA11,202012,1,0.180289543984953,0.519930473103964,86
SUZB3,202012,1,0.267410613299212,0.78280218719398,86
TEND3,202012,1,0.156345056670384,0.45640642187662,86
TFCO4,202012,1,0.126300201766466,0.344329689563884,86
TIMS3,202012,1,0.224349092584731,0.644165234095468,86
UGPA3,202012,1,0.166857885122692,0.5004926262558,86
USIM5,202012,1,0.175191799288503,0.494334060442223,86
VALE3,202012,1,0.339368337063504,1,86
VIVA3,202012,1,0.202354928078037,0.62370293154356,86
VIVT3,202012,1,0.150959073726596,0.438276214426698,86
VVAR3,202012,1,0.210880595181257,0.61003424681095,86
WEGE3,202012,1,0.165937179805492,0.514553657369191,86
YDUQ3,202012,1,0.163622269784239,0.415788244493662,86
ALPA4,202101,1,0.244073876194198,0.709242850478149,88
ALUP11,202101,1,0.144383420115144,0.360668134524316,88
AZUL4,202101,1,0.216825106504351,0.53848858050552,88
B3SA3,202101,1,0.321206359656611,0.893217141267778,88
BBAS3,202101,1,0.251563443578414,0.660091172761016,88
BBDC3,202101,1,0.149362006919129,0.398916290907109,88
BBDC4,202101,1,0.269038695293538,0.738201159692306,88
BBSE3,202101,1,0.166397237547682,0.437729459879626,88
BEEF3,202101,1,0.194688965555285,0.473481583549796,88
BIDI11,202101,1,0.22399064893348,0.640058857596168,88
BPAC11,202101,1,0.319046322223137,0.890740730511187,88
BRDT3,202101,1,0.261573367383891,0.717246076960117,88
BRKM5,202101,1,0.198954747170942,0.549837941022184,88
BTOW3,202101,1,0.209195245524282,0.571684859370317,88
CCRO3,202101,1,0.17289653739422,0.443574847215467,88
CESP6,202101,1,0.219830325234162,0.592201304956448,88
CIEL3,202101,1,0.201942179114597,0.507676206349212,88
CMIG4,202101,1,0.137698271051855,0.364565607764789,88
COGN3,202101,1,0.221329090613619,0.588840342805342,88
CPFE3,202101,1,0.206763396596095,0.552782962111301,88
CRFB3,202101,1,0.203200652969557,0.543768354117363,88
CSAN3,202101,1,0.17676487303723,0.485895327923915,88
CSMG3,202101,1,0.162397435622041,0.419604896797918,88
CSNA3,202101,1,0.217180519565165,0.583505121260898,88
CYRE3,202101,1,0.23166310311541,0.619262887263591,88
ELET3,202101,1,0.22086300955838,0.579520734528414,88
ELET6,202101,1,0.205797765091411,0.533506811036101,88
EMBR3,202101,1,0.229915928315012,0.571853123744235,88
ENEV3,202101,1,0.248294199696956,0.705777990366584,88
ENJU3,202101,1,0.197576624820966,0.532647467501382,88
EQTL3,202101,1,0.240627529320621,0.662228982310272,88
ESPA3,202101,1,0.289112890697077,0.822773887617563,88
EZTC3,202101,1,0.183972620379577,0.511579218821615,88
FLRY3,202101,1,0.206643973240119,0.523511412631735,88
GGBR4,202101,1,0.248978165606486,0.700412653274823,88
GMAT3,202101,1,0.217755770285043,0.625526316206053,88
GNDI3,202101,1,0.310381574554328,0.87941725082411,88
GOLL4,202101,1,0.173480030977447,0.417878345270825,88
HAPV3,202101,1,0.254763461037649,0.696646483081216,88
HBSA3,202101,1,0.196769080331649,0.568886303419896,88
HYPE3,202101,1,0.24184475642694,0.657164910478765,88
IGTA3,202101,1,0.211422868893652,0.540710506621458,88
IRBR3,202101,1,0.140826279815204,0.384056374424109,88
ITSA4,202101,1,0.270996121039518,0.727069309628868,88
ITUB4,202101,1,0.28566983982697,0.784361377376058,88
JBSS3,202101,1,0.250592174347703,0.667307594728422,88
KLBN11,202101,1,0.163576287827892,0.471699119416414,88
LAVV3,202101,1,0.207876888281307,0.549738659000055,88
LCAM3,202101,1,0.248034799353918,0.652039788518793,88
LINX3,202101,1,0.218933266720144,0.592599128641488,88
LJQQ3,202101,1,0.24030278339542,0.657123186725185,88
LREN3,202101,1,0.309193884919119,0.863776890210542,88
LWSA3,202101,1,0.196206239874509,0.508595451069941,88
MDNE3,202101,1,0.159050536453922,0.412774795001011,88
MGLU3,202101,1,0.289412876979875,0.810583450579212,88
MOVI3,202101,1,0.165985603371008,0.399537892276049,88
MRFG3,202101,1,0.164226347013297,0.414925055960602,88
MULT3,202101,1,0.224122936577215,0.602574757591579,88
NTCO3,202101,1,0.331840555106314,0.935378316465266,88
OMGE3,202101,1,0.209121041672256,0.571589799416276,88
PCAR3,202101,1,0.19668998943602,0.505074607270823,88
PETR3,202101,1,0.296538969520875,0.807860687054987,88
PETR4,202101,1,0.328169743344355,0.901898803268003,88
PETZ3,202101,1,0.228102070237557,0.652263512044001,88
PRIO3,202101,1,0.178319439514303,0.501934658748637,88
QUAL3,202101,1,0.258612730630722,0.702080819942108,88
RADL3,202101,1,0.237851312254017,0.693517746350674,88
RAIL3,202101,1,0.24408328485763,0.680692519631433,88
RDOR3,202101,1,0.25830456232415,0.722744203017745,88
RENT3,202101,1,0.287905495140726,0.819754080949155,88
SBSP3,202101,1,0.212529849254336,0.577778340287672,88
SIMH3,202101,1,0.147555918738686,0.353588727128053,88
SMTO3,202101,1,0.133446507194057,0.325104034765221,88
SOMA3,202101,1,0.214691435789964,0.618677054792627,88
STBP3,202101,1,0.187661469606402,0.497497118029007,88
SULA11,202101,1,0.189239472282637,0.511457702452925,88
SUZB3,202101,1,0.302430002724839,0.828096343375986,88
TEND3,202101,1,0.145563371121266,0.396120155068983,88
TFCO4,202101,1,0.133263750761218,0.348264856405029,88
TIMS3,202101,1,0.224663197235991,0.609001515508868,88
UGPA3,202101,1,0.193569973831982,0.531184539858102,88
USIM5,202101,1,0.179125021866394,0.476926139257065,88
VALE3,202101,1,0.368458974381607,1,88
VIVA3,202101,1,0.20659732303416,0.58844876999839,88
VIVT3,202101,1,0.148832217283907,0.387888058661107,88
VVAR3,202101,1,0.218390822263671,0.586408809637143,88
WEGE3,202101,1,0.199516660781202,0.571171506485398,88
YDUQ3,202101,1,0.151223501346188,0.381811142653936,88
ALPA4,202102,1,0.250689567082098,0.723415172886427,92
ALUP11,202102,1,0.14647094227459,0.361719378018416,92
ANIM3,202102,1,0.213118804129263,0.60349886238983,92
B3SA3,202102,1,0.306507741615583,0.85133190581111,92
BBAS3,202102,1,0.229417060788905,0.595148938281423,92
BBDC3,202102,1,0.142972926396219,0.375596405859975,92
BBDC4,202102,1,0.275583506339685,0.745867216547169,92
BBSE3,202102,1,0.171407252110099,0.447103656357579,92
BEEF3,202102,1,0.164287581401803,0.395864602593362,92
BIDI11,202102,1,0.241167127904951,0.6781624397057,92
BMOB3,202102,1,0.208759378215954,0.592284312819839,92
BPAC11,202102,1,0.335906230573639,0.929905935319082,92
BPAN4,202102,1,0.124871275404753,0.316980095309137,92
BRDT3,202102,1,0.231142924719694,0.618041791823612,92
BTOW3,202102,1,0.225745845600001,0.588189346102318,92
CCRO3,202102,1,0.166236894183815,0.41709575993084,92
CESP6,202102,1,0.216072591945693,0.571860191677818,92
CIEL3,202102,1,0.188036385633278,0.468382192011669,92
CMIG4,202102,1,0.129397798709854,0.341594616173317,92
COGN3,202102,1,0.203921575598766,0.518811767663218,92
CRFB3,202102,1,0.173447979531336,0.469201267968614,92
CSAN3,202102,1,0.201137546558731,0.543593254548022,92
CSMG3,202102,1,0.159921454702513,0.397569988146726,92
CSNA3,202102,1,0.205537482368234,0.544485851167949,92
CYRE3,202102,1,0.242890735443777,0.647285836153868,92
ELET3,202102,1,0.234705293092228,0.605163902940461,92
ELET6,202102,1,0.227033656928279,0.591339473910669,92
EMBR3,202102,1,0.208377852999268,0.51258303086145,92
ENEV3,202102,1,0.265645184089531,0.744989578450889,92
ENJU3,202102,1,0.184253529310502,0.498713117969473,92
EQTL3,202102,1,0.233939314112248,0.636764634652829,92
ESPA3,202102,1,0.24985665420764,0.709448805690881,92
EZTC3,202102,1,0.206548145924668,0.553721603302684,92
FLRY3,202102,1,0.217271218446254,0.545023308636528,92
GGBR4,202102,1,0.231334001829783,0.650704310064942,92
GMAT3,202102,1,0.211946788703437,0.590819174427847,92
GNDI3,202102,1,0.315818687349622,0.888966402677067,92
GOLL4,202102,1,0.165274533803621,0.390624160836914,92
HAPV3,202102,1,0.252170703424522,0.668919264666497,92
HBSA3,202102,1,0.185202452349183,0.52887226848773,92
HYPE3,202102,1,0.229429425431537,0.610390834392386,92
IGTA3,202102,1,0.219677702667535,0.567620231965089,92
INTB3,202102,1,0.241911782962215,0.62593778626736,92
ITSA4,202102,1,0.250415493870243,0.668427878683645,92
ITUB4,202102,1,0.295229840453766,0.800946205971927,92
JALL3,202102,1,0.155973200030675,0.382731616070116,92
JBSS3,202102,1,0.255177855070333,0.675156090850273,92
KLBN11,202102,1,0.227268848496301,0.62697259397127,92
LAVV3,202102,1,0.219518139283324,0.57724899480784,92
LCAM3,202102,1,0.2446171293176,0.63568416258,92
LINX3,202102,1,0.213337277277781,0.579140487713544,92
LJQQ3,202102,1,0.223198977434981,0.591951494003007,92
LREN3,202102,1,0.291345542358599,0.800541893869232,92
LWSA3,202102,1,0.236868588134487,0.598425494293616,92
MDNE3,202102,1,0.159419414585306,0.401153285201838,92
MGLU3,202102,1,0.266250856051708,0.739750393397117,92
MOSI3,202102,1,0.168494244132545,0.476855282185141,92
MOVI3,202102,1,0.139767261761303,0.327050632761078,92
MRFG3,202102,1,0.167910221679544,0.423781894808284,92
MULT3,202102,1,0.206506327711034,0.549036495775528,92
NTCO3,202102,1,0.342066557981396,0.95306309727055,92
OMGE3,202102,1,0.211896292363125,0.56661065767034,92
OPCT3,202102,1,0.241328731765751,0.612204203292898,92
ORVR3,202102,1,0.129164598540248,0.317935306520379,92
PCAR3,202102,1,0.242380460127962,0.624700574260311,92
PETR3,202102,1,0.277991188094812,0.742361145269735,92
PETR4,202102,1,0.303787219968183,0.82695628380061,92
PETZ3,202102,1,0.242232691525659,0.681051571505982,92
PRIO3,202102,1,0.211874674251071,0.583419765175087,92
QUAL3,202102,1,0.237723242635416,0.646109818392916,92
RADL3,202102,1,0.241028835311683,0.698596726599343,92
RAIL3,202102,1,0.233523273776904,0.650007814814817,92
RENT3,202102,1,0.305439294849085,0.865336429305553,92
SBSP3,202102,1,0.234802434176889,0.608400258111459,92
SIMH3,202102,1,0.146480499674667,0.341052489391445,92
SLCE3,202102,1,0.144223561475394,0.353806236772051,92
SMTO3,202102,1,0.144890380059376,0.345210608001116,92
SOMA3,202102,1,0.222413744109701,0.633927833639916,92
STBP3,202102,1,0.190284729500575,0.499106366169708,92
SULA11,202102,1,0.185681357354868,0.503004176084003,92
SUZB3,202102,1,0.278181098683701,0.747706578871312,92
TFCO4,202102,1,0.129110464321524,0.322319696932924,92
TOTS3,202102,1,0.195080642315189,0.559245239652991,92
UGPA3,202102,1,0.20097922044808,0.541115973883632,92
USIM5,202102,1,0.166893917032746,0.442005393285393,92
VALE3,202102,1,0.370384166143524,1,92
VIVA3,202102,1,0.190934087520521,0.534907567846405,92
VIVT3,202102,1,0.159384255589034,0.416002030925432,92
VVAR3,202102,1,0.18510427520074,0.492486782902323,92
WEGE3,202102,1,0.219191912741275,0.623536347798369,92
WEST3,202102,1,0.200581231194392,0.534361362016805,92
YDUQ3,202102,1,0.173309734298777,0.439918812077142,92
ALPA4,202103,1,0.251286549949879,0.776484108631212,95
ALSO3,202103,1,0.161082787078671,0.447705025045381,95
ALUP11,202103,1,0.158500805457233,0.427305233149735,95
ANIM3,202103,1,0.213941237771954,0.65924567483024,95
ARZZ3,202103,1,0.159222451851527,0.446203858929486,95
ASAI3,202103,1,0.228731282789368,0.6331403447954,95
AZUL4,202103,1,0.209870984557171,0.56082511968568,95
B3SA3,202103,1,0.313667714506683,0.919454813147864,95
BBAS3,202103,1,0.210381738149103,0.583044804353312,95
BBDC3,202103,1,0.150812046428803,0.417220391161288,95
BBDC4,202103,1,0.242081565097068,0.715077026169029,95
BBSE3,202103,1,0.168070329137434,0.471334669329897,95
BEEF3,202103,1,0.169291664146981,0.450081167185793,95
BIDI11,202103,1,0.262047518653147,0.797421190312529,95
BMOB3,202103,1,0.188427828522061,0.559894996631146,95
BPAC11,202103,1,0.321744209317529,0.943165550749967,95
BPAN4,202103,1,0.126466651821015,0.349201031211142,95
BRDT3,202103,1,0.238113056171337,0.684075648297816,95
BRML3,202103,1,0.203256465029808,0.627680124465655,95
BTOW3,202103,1,0.207484337214909,0.584108489943745,95
CCRO3,202103,1,0.188568302004755,0.537882548576774,95
CESP6,202103,1,0.220531986486581,0.619467858698926,95
CIEL3,202103,1,0.182844076067935,0.487450435179678,95
COGN3,202103,1,0.219165834774813,0.640384739876108,95
CRFB3,202103,1,0.180096668071594,0.519609520749404,95
CSAN3,202103,1,0.167240548399881,0.509374815733845,95
CSNA3,202103,1,0.188917062847336,0.539085969516979,95
CVCB3,202103,1,0.174002146492799,0.494644162091866,95
CYRE3,202103,1,0.233014438770687,0.663259862219001,95
ELET3,202103,1,0.236727289241184,0.664362848832592,95
ELET6,202103,1,0.219860670043562,0.611507789316057,95
EMBR3,202103,1,0.250013241519675,0.668766185345456,95
ENBR3,202103,1,0.152925147438793,0.403385086907403,95
ENEV3,202103,1,0.272308015521576,0.825370790678635,95
ENJU3,202103,1,0.174028343317474,0.510449881754608,95
EQTL3,202103,1,0.243413034495718,0.71047764475549,95
ESPA3,202103,1,0.241342347733215,0.735827902661446,95
EZTC3,202103,1,0.195188252055816,0.553984486558563,95
FLRY3,202103,1,0.197575991949995,0.518959245771122,95
GGBR4,202103,1,0.256627748426759,0.766791202319409,95
GMAT3,202103,1,0.209684718614953,0.63071942430564,95
GNDI3,202103,1,0.317458383941765,0.940603418546577,95
GOLL4,202103,1,0.179678565625768,0.465747779486072,95
HAPV3,202103,1,0.231136885096189,0.654770482467002,95
HBSA3,202103,1,0.169259867376801,0.508767965129815,95
HYPE3,202103,1,0.22649094380424,0.653126471682622,95
IGTA3,202103,1,0.23025035041563,0.626338872913218,95
INTB3,202103,1,0.233712168019338,0.65260263741272,95
ITSA4,202103,1,0.25073819936941,0.713396762151436,95
ITUB4,202103,1,0.215025346765094,0.625478455337347,95
JALL3,202103,1,0.140961612628306,0.380938766998522,95
JBSS3,202103,1,0.252583472442845,0.70817675883365,95
KLBN11,202103,1,0.157543808576291,0.4762078356805,95
LAVV3,202103,1,0.219063771897432,0.630645153329201,95
LCAM3,202103,1,0.243525860386845,0.67780772012828,95
LINX3,202103,1,0.206967373976418,0.61745138112302,95
LJQQ3,202103,1,0.20669831519137,0.587453376941428,95
LREN3,202103,1,0.310170095562841,0.9139333176256,95
LWSA3,202103,1,0.249818909979717,0.678647541553859,95
MDNE3,202103,1,0.159808016306951,0.434058509802517,95
MGLU3,202103,1,0.251035967180781,0.73451734860691,95
MOVI3,202103,1,0.142686692770168,0.36442943074564,95
MRFG3,202103,1,0.168826292291272,0.46524465277528,95
MULT3,202103,1,0.252093967101932,0.724299775882191,95
NTCO3,202103,1,0.323964817766839,0.975669592978348,95
OIBR3,202103,1,0.151896284872142,0.43907396792949,95
OMGE3,202103,1,0.219559951846349,0.630226585418436,95
OPCT3,202103,1,0.239941109316496,0.666190294470228,95
PETR3,202103,1,0.242335897158934,0.680951367348801,95
PETR4,202103,1,0.234706422803232,0.681423140581663,95
PETZ3,202103,1,0.245837678162084,0.735051455717841,95
PRIO3,202103,1,0.210629165105228,0.619607587852954,95
QUAL3,202103,1,0.238900549657059,0.710984635565762,95
RADL3,202103,1,0.24548691283534,0.762789905795494,95
RAIL3,202103,1,0.215031517943454,0.636672702685379,95
RENT3,202103,1,0.286959240278028,0.866965417394938,95
SBFG3,202103,1,0.165391224597884,0.481060745074804,95
SBSP3,202103,1,0.195681039089305,0.549165232366994,95
SEER3,202103,1,0.173761348731981,0.477066696587767,95
SIMH3,202103,1,0.134454389119747,0.343063012175616,95
SMTO3,202103,1,0.127287179399701,0.332080125428159,95
SOMA3,202103,1,0.228157132731281,0.70081870323187,95
STBP3,202103,1,0.186675668115667,0.532423599064923,95
SULA11,202103,1,0.187288485945542,0.545901563052576,95
SUZB3,202103,1,0.231878081349006,0.667729731013219,95
TFCO4,202103,1,0.117703327331866,0.317361276186242,95
UGPA3,202103,1,0.177427576712934,0.511458119785663,95
USIM5,202103,1,0.188024229855215,0.528083150536912,95
VALE3,202103,1,0.346861304496524,1,95
VIVA3,202103,1,0.205216714987105,0.619643606875199,95
VIVT3,202103,1,0.119940381238941,0.330700215035465,95
VVAR3,202103,1,0.160568133126674,0.463570838357487,95
WEGE3,202103,1,0.18532022500337,0.566785027022419,95
WEST3,202103,1,0.179831801981929,0.508228206792571,95
YDUQ3,202103,1,0.23793924089858,0.680609805659115,95
ALPA4,202104,1,0.255251021180483,0.763151911424439,97
ALSO3,202104,1,0.170005033209134,0.459189689980332,97
ALUP11,202104,1,0.219125220612947,0.601261479215308,97
ANIM3,202104,1,0.210443738548363,0.624404790091391,97
ARZZ3,202104,1,0.1591827269301,0.439822637278562,97
ASAI3,202104,1,0.227368260878794,0.608157351464507,97
AZUL4,202104,1,0.206508461103359,0.534314156227329,97
B3SA3,202104,1,0.311141910342648,0.883238457706169,97
BBAS3,202104,1,0.211441819177286,0.564055569582848,97
BBDC3,202104,1,0.179996349201104,0.479197416701639,97
BBDC4,202104,1,0.259775777810166,0.74058459110152,97
BBSE3,202104,1,0.160925583108167,0.42793947772696,97
BEEF3,202104,1,0.162503173013468,0.412583314441397,97
BIDI11,202104,1,0.288575661129148,0.846446652459953,97
BLAU3,202104,1,0.197543610076321,0.550439117595766,97
BPAC11,202104,1,0.337994867669106,0.956687235038802,97
BPAN4,202104,1,0.16366164776349,0.436951058323777,97
BRDT3,202104,1,0.236495136870458,0.655607902660167,97
BRML3,202104,1,0.204661546543533,0.602792736755238,97
BTOW3,202104,1,0.194219409150302,0.518971965672391,97
CCRO3,202104,1,0.199147176604909,0.554966641234412,97
CESP6,202104,1,0.214350625592163,0.591659452630682,97
CIEL3,202104,1,0.168111968420926,0.432893697083653,97
CMIG4,202104,1,0.157549590827521,0.418460792663237,97
CRFB3,202104,1,0.169488846463586,0.475710312951694,97
CSAN3,202104,1,0.185412745029523,0.544514170267611,97
CSNA3,202104,1,0.179388805851853,0.488637342956962,97
CVCB3,202104,1,0.200708965667679,0.538463407090017,97
CYRE3,202104,1,0.23754977977643,0.650640468036186,97
DASA3,202104,1,0.0905899329163458,0.240624791495298,97
ELET3,202104,1,0.256391197913865,0.696898238620101,97
ELET6,202104,1,0.210533384780939,0.559209874169032,97
EMBR3,202104,1,0.24594811969485,0.636503009301686,97
ENBR3,202104,1,0.149802045657033,0.376359371614941,97
ENEV3,202104,1,0.25622389032726,0.757705960047164,97
ENJU3,202104,1,0.1909153943629,0.534792334054646,97
EQTL3,202104,1,0.245446265243528,0.697007367610307,97
ESPA3,202104,1,0.244256606006467,0.720999164252278,97
EZTC3,202104,1,0.19511766428079,0.537619998153998,97
FLRY3,202104,1,0.18034875701377,0.454076818691291,97
GGBR4,202104,1,0.268541151573749,0.763949149132838,97
GGPS3,202104,1,0.206256106148953,0.600809175048834,97
GMAT3,202104,1,0.217548799517958,0.627216409658019,97
GNDI3,202104,1,0.327810548257644,0.944364073918415,97
HAPV3,202104,1,0.251329297078138,0.687990860399308,97
HBSA3,202104,1,0.177828099463087,0.511085168515013,97
HYPE3,202104,1,0.23256094863279,0.644006234001342,97
IGTA3,202104,1,0.228419396603461,0.617521638267639,97
INTB3,202104,1,0.235095320251758,0.635041766491777,97
ITSA4,202104,1,0.259075230640607,0.704140651165209,97
ITUB4,202104,1,0.239276481832444,0.663602770965739,97
JALL3,202104,1,0.132299622589533,0.343857849929275,97
JBSS3,202104,1,0.202759983921011,0.542047631746482,97
KLBN11,202104,1,0.169164809309012,0.485261621640296,97
LAVV3,202104,1,0.222824549780836,0.616584604472189,97
LCAM3,202104,1,0.246033797463756,0.66031431342651,97
LINX3,202104,1,0.201447869248855,0.578496473422585,97
LJQQ3,202104,1,0.210709201067971,0.581149072290117,97
LREN3,202104,1,0.32641257624345,0.938021862120327,97
LWSA3,202104,1,0.269016940013089,0.703045179716344,97
MDNE3,202104,1,0.159405296208613,0.414864320282134,97
MGLU3,202104,1,0.250365381659323,0.704117909537454,97
MOVI3,202104,1,0.154507673908647,0.37582385491098,97
MRFG3,202104,1,0.163790695134607,0.432507274879873,97
MULT3,202104,1,0.260224406848128,0.718657185577259,97
NTCO3,202104,1,0.345503072569176,1,97
OMGE3,202104,1,0.222917309842116,0.620831630917383,97
OPCT3,202104,1,0.226641850272005,0.609693270818267,97
PCAR3,202104,1,0.214495846710993,0.555279598355608,97
PETR3,202104,1,0.250005193917246,0.6722039525378,97
PETR4,202104,1,0.269550770635546,0.756835450790836,97
PETZ3,202104,1,0.257308875372025,0.7446951754268,97
PGMN3,202104,1,0.143904736883178,0.384270075803375,97
PRIO3,202104,1,0.226541074073344,0.646928656376055,97
QUAL3,202104,1,0.223539609164023,0.647054791491543,97
RADL3,202104,1,0.258852516882921,0.7712249939126,97
RAIL3,202104,1,0.216026101703975,0.622429651053159,97
RENT3,202104,1,0.291665164702227,0.857545970171342,97
SBFG3,202104,1,0.170843521283573,0.478916449781733,97
SBSP3,202104,1,0.214069209596349,0.570264100235131,97
SEER3,202104,1,0.120298468986687,0.307061582804933,97
SIMH3,202104,1,0.132289724675287,0.323148169037503,97
SMTO3,202104,1,0.120384304011946,0.298632695895309,97
SOMA3,202104,1,0.23457158659121,0.690079377584785,97
STBP3,202104,1,0.201630784079307,0.553079847033437,97
SULA11,202104,1,0.190705726275843,0.53218205929733,97
SUZB3,202104,1,0.228844911717615,0.63281824906569,97
TFCO4,202104,1,0.119629573960624,0.304580989091223,97
UGPA3,202104,1,0.178670809001744,0.500285310676042,97
USIM5,202104,1,0.15969491483999,0.443598846205836,97
VALE3,202104,1,0.34596490398135,0.967737011043486,97
VIVA3,202104,1,0.21485828453331,0.623873463635665,97
VIVT3,202104,1,0.117747197794142,0.306764722221217,97
VVAR3,202104,1,0.153977637349767,0.432771093260999,97
WEGE3,202104,1,0.167882932832673,0.497079155897401,97
WEST3,202104,1,0.184693960366383,0.497153390766917,97
YDUQ3,202104,1,0.217454902365731,0.60643315482512,97
ALPA4,202105,1,0.249928557645931,0.747015434317533,97
ALSO3,202105,1,0.177891031299652,0.49175521028339,97
ALUP11,202105,1,0.214246432565995,0.600226121067537,97
ANIM3,202105,1,0.197322946577484,0.578164420450484,97
ARZZ3,202105,1,0.16766340953365,0.472436485398114,97
ASAI3,202105,1,0.234349314333061,0.665113176609723,97
AZUL4,202105,1,0.22284501927474,0.59462095726093,97
B3SA3,202105,1,0.326206116400427,0.941357964989414,97
BBAS3,202105,1,0.24507440308846,0.672763555081423,97
BBDC3,202105,1,0.196135851950099,0.546710524776896,97
BBDC4,202105,1,0.269780803136855,0.768093962418578,97
BBSE3,202105,1,0.160148944496414,0.443326764383186,97
BEEF3,202105,1,0.164047898968817,0.433504074817411,97
BIDI11,202105,1,0.296454169082481,0.864839899652053,97
BLAU3,202105,1,0.192805386748409,0.544635445658321,97
BPAC11,202105,1,0.345711860654771,0.988571848504968,97
BPAN4,202105,1,0.222188864835883,0.600485601684263,97
BRDT3,202105,1,0.241491651616885,0.684020346974048,97
BRML3,202105,1,0.194445639301953,0.569181751211756,97
BTOW3,202105,1,0.202108962572995,0.560216863122914,97
CCRO3,202105,1,0.222940278653166,0.62661294094256,97
CESP6,202105,1,0.202189765512716,0.566369953685724,97
CIEL3,202105,1,0.190668298704796,0.507810311512237,97
CMIG4,202105,1,0.178096600568369,0.490393822314939,97
COGN3,202105,1,0.229598083536029,0.633217498682142,97
CRFB3,202105,1,0.169013784294485,0.478651788585413,97
CSAN3,202105,1,0.189966976288712,0.560507813401496,97
CSNA3,202105,1,0.177868069465462,0.500435010831082,97
CVCB3,202105,1,0.211593727922859,0.585423087482011,97
CYRE3,202105,1,0.245914675051566,0.677863972687837,97
DASA3,202105,1,0.0999314828466449,0.276747821623212,97
ELET3,202105,1,0.269884017821908,0.754670699489839,97
ELET6,202105,1,0.240624736474981,0.655067426426675,97
EMBR3,202105,1,0.264741348049213,0.712688214522699,97
ENBR3,202105,1,0.143007635520781,0.376141845864213,97
ENEV3,202105,1,0.244285448392558,0.716774028293133,97
ENJU3,202105,1,0.182186059339178,0.517799560700016,97
EQTL3,202105,1,0.245778406639651,0.705257549965548,97
ESPA3,202105,1,0.217001854311766,0.643960113967254,97
EUCA4,202105,1,0.109063491751846,0.300004548619897,97
EZTC3,202105,1,0.208492591094398,0.579947057374424,97
FLRY3,202105,1,0.203877988852888,0.538349477782435,97
GGBR4,202105,1,0.270030978465988,0.773738817809006,97
GGPS3,202105,1,0.210979260637154,0.626481063682398,97
GMAT3,202105,1,0.209147774399882,0.610698169259072,97
GNDI3,202105,1,0.332007049891698,0.965218358001221,97
HAPV3,202105,1,0.250283384384312,0.697319111556149,97
HBSA3,202105,1,0.172974318190898,0.511069962302567,97
HYPE3,202105,1,0.243534810459924,0.680293530317666,97
IGTA3,202105,1,0.228195706438293,0.631609227120353,97
INTB3,202105,1,0.210018753586508,0.599014406709627,97
IRBR3,202105,1,0.198453525763441,0.527168912731753,97
ITSA4,202105,1,0.267436000598818,0.740525829647901,97
ITUB4,202105,1,0.299702264422294,0.844657096353737,97
JALL3,202105,1,0.127670566306618,0.340796272602665,97
JBSS3,202105,1,0.209158220139255,0.5726630481415,97
KLBN11,202105,1,0.194235805513109,0.550587713900314,97
LAVV3,202105,1,0.207434165900408,0.584011297364013,97
LCAM3,202105,1,0.25680699321066,0.702541965468783,97
LJQQ3,202105,1,0.212558087566897,0.593719887078199,97
LREN3,202105,1,0.321538088209002,0.940734288398904,97
LWSA3,202105,1,0.256548465084582,0.686612580910889,97
MDNE3,202105,1,0.153837363119225,0.413393318387994,97
MGLU3,202105,1,0.24298456340969,0.697209668763928,97
MOVI3,202105,1,0.168446590651949,0.429564574254023,97
MRFG3,202105,1,0.170291746417603,0.457388211379147,97
MULT3,202105,1,0.253506774275931,0.699811823177936,97
NTCO3,202105,1,0.338980911794893,0.986362774967175,97
OMGE3,202105,1,0.221447888731345,0.626475355449844,97
OPCT3,202105,1,0.190727461772974,0.518053058905748,97
PCAR3,202105,1,0.22033146410982,0.591713575390026,97
PETR3,202105,1,0.256005212734208,0.706772694380108,97
PETR4,202105,1,0.324327660296812,0.929910010771012,97
PETZ3,202105,1,0.274788948981525,0.797965385247341,97
PRIO3,202105,1,0.225804393330522,0.657437985359565,97
QUAL3,202105,1,0.219704218298663,0.627811863240405,97
RADL3,202105,1,0.244506553208334,0.729853203339043,97
RAIL3,202105,1,0.241615066418043,0.70085096819864,97
RECV3,202105,1,0.208276543861523,0.571635163960618,97
RENT3,202105,1,0.278521795513442,0.82289107470655,97
SBFG3,202105,1,0.189802771868511,0.523027737440261,97
SBSP3,202105,1,0.236442269566531,0.648336380309708,97
SEER3,202105,1,0.142663542683852,0.369585744754657,97
SIMH3,202105,1,0.145263478045024,0.373067413058108,97
SMTO3,202105,1,0.140923427850394,0.36616998405077,97
SOMA3,202105,1,0.214826893306048,0.623520267328354,97
STBP3,202105,1,0.216974870371995,0.596946916431218,97
SULA11,202105,1,0.210744704833842,0.589900867300456,97
SUZB3,202105,1,0.23258061518274,0.660920268792802,97
UGPA3,202105,1,0.178975663791202,0.505464224890427,97
USIM5,202105,1,0.153261012028198,0.430273903721398,97
VALE3,202105,1,0.351980849411156,1,97
VIVA3,202105,1,0.229136598102541,0.655760118033312,97
VIVT3,202105,1,0.144438283548592,0.39500837509818,97
VVAR3,202105,1,0.158536535777033,0.44883077441501,97
WEGE3,202105,1,0.179747874552538,0.539296308519579,97
YDUQ3,202105,1,0.242371356570482,0.653892066498814,97
AGRO3,202106,1,0.14258787016593,0.398464751204951,98
ALPA4,202106,1,0.230478163129997,0.739282774855651,98
ALSO3,202106,1,0.161919022263945,0.488150940235483,98
ALUP11,202106,1,0.205694831130246,0.609034413408484,98
ANIM3,202106,1,0.205190140794602,0.631368514017826,98
ARZZ3,202106,1,0.146840316369588,0.427025471410304,98
ASAI3,202106,1,0.203691823946292,0.616090253474214,98
AZUL4,202106,1,0.210786058670363,0.594592999159566,98
B3SA3,202106,1,0.289187695660312,0.873367638291727,98
BBAS3,202106,1,0.220204299748495,0.645979557613196,98
BBDC3,202106,1,0.187162452689813,0.553262531006751,98
BBDC4,202106,1,0.21615279103896,0.65942637993626,98
BBSE3,202106,1,0.136436709381035,0.391356337297226,98
BEEF3,202106,1,0.144647050706917,0.403610305602688,98
BIDI11,202106,1,0.267315673262913,0.831312688280356,98
BLAU3,202106,1,0.182410269147801,0.542059417956124,98
BPAC11,202106,1,0.329056589230543,1,98
BPAN4,202106,1,0.223352845251263,0.642992629673669,98
BRDT3,202106,1,0.237571965337163,0.720476895635293,98
BRML3,202106,1,0.173285213200965,0.538763083573235,98
BTOW3,202106,1,0.209553725829216,0.614618753394749,98
CCRO3,202106,1,0.210744982679422,0.623867501482704,98
CESP6,202106,1,0.175542450604457,0.528835988508848,98
CIEL3,202106,1,0.168103131893256,0.472765376204882,98
CMIG4,202106,1,0.161969595080542,0.474880665505646,98
CPLE6,202106,1,0.131936114593209,0.38098360544348,98
CRFB3,202106,1,0.163046970874776,0.49050403454325,98
CSAN3,202106,1,0.194751541464781,0.608528595549043,98
CSNA3,202106,1,0.177741894455636,0.524762160282993,98
CVCB3,202106,1,0.191726138268924,0.562669923819458,98
CYRE3,202106,1,0.239904478858638,0.676596643062495,98
DASA3,202106,1,0.101218876845568,0.288577055398142,98
ELET3,202106,1,0.280458153937729,0.844759396138561,98
ELET6,202106,1,0.247280046228748,0.730236000816395,98
EMBR3,202106,1,0.254100190304083,0.721893694699451,98
ENEV3,202106,1,0.226087726949333,0.710193710049106,98
ENJU3,202106,1,0.173775148611689,0.525111906690647,98
EQTL3,202106,1,0.246681293917026,0.754556084896693,98
ESPA3,202106,1,0.210885141869191,0.66692824200237,98
EUCA4,202106,1,0.104032335343305,0.308093402699487,98
EZTC3,202106,1,0.235723220247037,0.68760438642256,98
FLRY3,202106,1,0.18522169786894,0.514963406072655,98
GGBR4,202106,1,0.245784552224811,0.736823432103741,98
GGPS3,202106,1,0.205612249811399,0.64442786592645,98
GMAT3,202106,1,0.203137834750976,0.63067881091798,98
GNDI3,202106,1,0.318974691103807,0.98319507474748,98
GOLL4,202106,1,0.214174690727574,0.60428866552344,98
HAPV3,202106,1,0.261752658104369,0.774755441697683,98
HBSA3,202106,1,0.16172628612075,0.499515076870624,98
HYPE3,202106,1,0.247691869842045,0.733766672597163,98
IGTA3,202106,1,0.196267400933142,0.564721293234518,98
INTB3,202106,1,0.179701997244882,0.553415041562233,98
IRBR3,202106,1,0.171488360883413,0.487503909392688,98
ITSA4,202106,1,0.234684319697157,0.689881120277921,98
ITUB4,202106,1,0.287581746624744,0.850329674299407,98
JALL3,202106,1,0.132136708729812,0.374678734130315,98
JBSS3,202106,1,0.190512160079903,0.552802283690175,98
KLBN11,202106,1,0.170256283734235,0.488158026624802,98
LAVV3,202106,1,0.184616243317159,0.544373419504853,98
LCAM3,202106,1,0.253006330812432,0.740076342512843,98
LJQQ3,202106,1,0.208977577902716,0.61117503187934,98
LREN3,202106,1,0.295995557491519,0.911902329088026,98
LWSA3,202106,1,0.246315326948561,0.698901166882145,98
MDNE3,202106,1,0.152278558284546,0.434411592106933,98
MGLU3,202106,1,0.244335049905409,0.735039800325071,98
MOVI3,202106,1,0.149115257096293,0.407691130023824,98
MRFG3,202106,1,0.184806980975204,0.532697665703072,98
MULT3,202106,1,0.207166039327198,0.597842646597816,98
NTCO3,202106,1,0.315991595122099,0.979034037002345,98
OMGE3,202106,1,0.225626674506286,0.682369549124316,98
OPCT3,202106,1,0.185508235829817,0.534078270501935,98
PCAR3,202106,1,0.167393696442205,0.486574603950967,98
PETR3,202106,1,0.24953842787906,0.729686580025703,98
PETR4,202106,1,0.322602405618453,0.974104552457107,98
PETZ3,202106,1,0.252594732019287,0.779697087034441,98
PRIO3,202106,1,0.213456786808352,0.661939875576945,98
QUAL3,202106,1,0.203107711901842,0.619284892874021,98
RADL3,202106,1,0.232334024983522,0.736128217204886,98
RAIL3,202106,1,0.189813944484839,0.586625120083834,98
RECV3,202106,1,0.217655453865745,0.638522612864628,98
RENT3,202106,1,0.257787284875859,0.816844958910337,98
SBFG3,202106,1,0.182720990043779,0.538410699855716,98
SBSP3,202106,1,0.213491188474112,0.620456284280174,98
SIMH3,202106,1,0.145426478954389,0.391789863961802,98
SOMA3,202106,1,0.199512145011342,0.619540838598441,98
STBP3,202106,1,0.209700349015155,0.614705543937994,98
SULA11,202106,1,0.205691254381082,0.61124053269209,98
SUZB3,202106,1,0.204930016235873,0.609764258500292,98
TAEE11,202106,1,0.180173551160368,0.513743874654061,98
TFCO4,202106,1,0.115272547290676,0.31662720474614,98
UGPA3,202106,1,0.166435458366646,0.504869718155358,98
VALE3,202106,1,0.331610932173456,0.989680827206352,98
VIVA3,202106,1,0.218374017036975,0.662029497670049,98
VIVT3,202106,1,0.141641683382958,0.405787004125683,98
VVAR3,202106,1,0.17991559512321,0.540975809210022,98
WEGE3,202106,1,0.176081968809757,0.561704616060418,98
WEST3,202106,1,0.161957705758472,0.479692624376996,98
YDUQ3,202106,1,0.201152923192782,0.569440584464772,98
ALPA4,202107,1,0.249016287308299,0.766109929661979,102
ALSO3,202107,1,0.178169943491662,0.510840175957952,102
ALUP11,202107,1,0.220773969162185,0.640788974117647,102
AMBP3,202107,1,0.209292556864595,0.609516326536731,102
AMER3,202107,1,0.178537991166998,0.503656301042298,102
ANIM3,202107,1,0.206805879418277,0.613968926111979,102
ASAI3,202107,1,0.222004738490677,0.64015040563122,102
AZUL4,202107,1,0.172103245615965,0.447691993052884,102
B3SA3,202107,1,0.266561380682771,0.753837161902463,102
BBAS3,202107,1,0.193587476494628,0.541703918005841,102
BBDC3,202107,1,0.177327740286977,0.49933856719688,102
BBDC4,202107,1,0.219830924574691,0.637662780748164,102
BBSE3,202107,1,0.14518124549023,0.397730108634786,102
BIDI11,202107,1,0.270788651985373,0.817452451491466,102
BLAU3,202107,1,0.191188536967092,0.549786265548919,102
BPAC11,202107,1,0.327046678993914,0.949948363148927,102
BPAN4,202107,1,0.198265592154458,0.530565242663714,102
BRDT3,202107,1,0.297627709108172,0.866614038267148,102
BRIT3,202107,1,0.207154939789031,0.626687501771916,102
BRML3,202107,1,0.180328160455196,0.539064927816471,102
CASH3,202107,1,0.191759578521544,0.558150366131273,102
CCRO3,202107,1,0.195949398474425,0.552190549037305,102
CESP6,202107,1,0.167803149294951,0.482260819914633,102
CLSA3,202107,1,0.151087509242846,0.435556846026742,102
CMIG4,202107,1,0.146418228672169,0.407232228187151,102
CPLE6,202107,1,0.131173880415377,0.353660120798435,102
CRFB3,202107,1,0.168174670667915,0.475016932679786,102
CSAN3,202107,1,0.21198838194954,0.625512954665953,102
CSNA3,202107,1,0.166874026680091,0.461784464548658,102
CVCB3,202107,1,0.17244826612995,0.466188994422733,102
CYRE3,202107,1,0.239623646564007,0.644947079949768,102
DASA3,202107,1,0.106752789305524,0.292676516662419,102
DESK3,202107,1,0.199255473518422,0.582164424875282,102
ELET3,202107,1,0.275334652700746,0.786063009144339,102
ELET6,202107,1,0.216145036186753,0.6168459784616,102
EMBR3,202107,1,0.216257230902677,0.586621304855003,102
ENEV3,202107,1,0.231915896863865,0.700925251363737,102
ENJU3,202107,1,0.180291703046724,0.526617597211325,102
EQTL3,202107,1,0.25249216573984,0.739907949661578,102
ESPA3,202107,1,0.236081660633348,0.722365067854888,102
EUCA4,202107,1,0.0929988858549909,0.263207174551,102
EZTC3,202107,1,0.224102189065619,0.617121835074929,102
FLRY3,202107,1,0.159233500058143,0.416732375052158,102
GGBR4,202107,1,0.251030538625029,0.716681859835996,102
GGPS3,202107,1,0.211526228852117,0.642789104213206,102
GMAT3,202107,1,0.194955279013266,0.569581153528458,102
GNDI3,202107,1,0.321783736750598,0.959443424048022,102
HAPV3,202107,1,0.23814467535781,0.676296981970517,102
HBSA3,202107,1,0.184290671505044,0.527450909513029,102
HYPE3,202107,1,0.237598783137648,0.686628545092959,102
IGTA3,202107,1,0.180584072766326,0.477331869429295,102
INTB3,202107,1,0.166927952520503,0.499555127665007,102
IRBR3,202107,1,0.147772502541639,0.393878502894893,102
ITSA4,202107,1,0.23488360754125,0.664090269172236,102
ITUB4,202107,1,0.299919474093001,0.856097860980487,102
JALL3,202107,1,0.143320498891565,0.384339358090369,102
JBSS3,202107,1,0.189374653097259,0.52401806835265,102
KLBN11,202107,1,0.185917685860108,0.498611224266737,102
LAME3,202107,1,0.126183271457358,0.341022358687353,102
LAVV3,202107,1,0.194804198853381,0.549421814120114,102
LCAM3,202107,1,0.247679383126325,0.690199046764306,102
LJQQ3,202107,1,0.214879115850427,0.602354321504133,102
LREN3,202107,1,0.288463705205323,0.841043490936669,102
LWSA3,202107,1,0.219781956703474,0.588822387640446,102
MDNE3,202107,1,0.145744091670527,0.404803347290959,102
MGLU3,202107,1,0.254704653744341,0.726131415571257,102
MLAS3,202107,1,0.196810775247537,0.583489739917613,102
MOVI3,202107,1,0.136533319609152,0.35515590739752,102
MULT3,202107,1,0.184325616707544,0.50075723563277,102
NTCO3,202107,1,0.336446427551115,1,102
OMGE3,202107,1,0.243040289172915,0.709096473062098,102
OPCT3,202107,1,0.184168428114697,0.500137286842883,102
PETR3,202107,1,0.220608907183092,0.610302772128605,102
PETR4,202107,1,0.306667079101335,0.881538035873872,102
PETZ3,202107,1,0.259504696666345,0.766780787307249,102
PRIO3,202107,1,0.228887491369338,0.690068509856374,102
QUAL3,202107,1,0.197645391079137,0.592052619050181,102
RADL3,202107,1,0.237456001377357,0.716261944588781,102
RAIL3,202107,1,0.198225773152774,0.58494432254242,102
RECV3,202107,1,0.213844267574573,0.606335277469404,102
RENT3,202107,1,0.280691667132888,0.847263344549212,102
SBFG3,202107,1,0.165641927324328,0.470672235420481,102
SBSP3,202107,1,0.208699992330039,0.570807579567686,102
SIMH3,202107,1,0.136056489520135,0.34697433633525,102
SLCE3,202107,1,0.14780328625328,0.387235519247563,102
SMFT3,202107,1,0.210786636573782,0.654391766258705,102
SOMA3,202107,1,0.238534277794798,0.719255098601709,102
STBP3,202107,1,0.189185859579947,0.520347844802386,102
SULA11,202107,1,0.211994227759609,0.606664601435108,102
SUZB3,202107,1,0.211775700715613,0.601634518966209,102
TEND3,202107,1,0.156251335791572,0.445695349682513,102
TFCO4,202107,1,0.110928159357673,0.292856542007079,102
TOTS3,202107,1,0.182307901754729,0.540474895202379,102
TTEN3,202107,1,0.16641378403384,0.478220656953201,102
UGPA3,202107,1,0.181449508284636,0.51342201575821,102
USIM5,202107,1,0.111636120944644,0.325047362466321,102
VALE3,202107,1,0.309155630097521,0.875535837334679,102
VIVA3,202107,1,0.235183764632255,0.685919702139849,102
VIVT3,202107,1,0.124373964499258,0.343701581559486,102
WEGE3,202107,1,0.190361381707301,0.561694944518663,102
WEST3,202107,1,0.177574679403878,0.493617716926739,102
YDUQ3,202107,1,0.179042019922993,0.474064185549695,102
ALPA4,202108,1,0.219055745473342,0.714965403255241,102
ALSO3,202108,1,0.174986498221811,0.537269638875333,102
ALUP11,202108,1,0.215967237936687,0.670588078929576,102
AMBP3,202108,1,0.203914420066584,0.640877005453291,102
AMER3,202108,1,0.204777651523131,0.609136316752721,102
ANIM3,202108,1,0.189282517833456,0.599386902774696,102
ASAI3,202108,1,0.229233834378446,0.705697102689363,102
AZUL4,202108,1,0.195286167524131,0.550104479688108,102
B3SA3,202108,1,0.279645415835851,0.857594233512866,102
BBAS3,202108,1,0.21678009282457,0.650095463021736,102
BBDC3,202108,1,0.187655687395561,0.578031312702861,102
BBDC4,202108,1,0.232443387209915,0.714518280435606,102
BBSE3,202108,1,0.161016876367896,0.483412111007371,102
BEEF3,202108,1,0.163837496516838,0.463302395543085,102
BIDI11,202108,1,0.282561941034594,0.894678605749685,102
BPAC11,202108,1,0.311060898964437,0.965360514949954,102
BPAC5,202108,1,0.0722943789342647,0.225988548128635,102
BPAN4,202108,1,0.168873185531316,0.484228170888786,102
BRAP4,202108,1,0.173068838798,0.505567233909643,102
BRDT3,202108,1,0.27113743572662,0.840032147810005,102
BRML3,202108,1,0.179357010117944,0.559067786365101,102
CASH3,202108,1,0.174643235291945,0.534642367316096,102
CCRO3,202108,1,0.194444865917995,0.600739875121936,102
CEAB3,202108,1,0.0990432982108678,0.288074926082962,102
CESP6,202108,1,0.150192481098977,0.460277966576916,102
CIEL3,202108,1,0.219039165301341,0.632750587803602,102
CMIG4,202108,1,0.172242373717287,0.509554499036643,102
COGN3,202108,1,0.180118800565295,0.510414306592287,102
CPLE6,202108,1,0.13107560627781,0.390717101205395,102
CRFB3,202108,1,0.163735485595698,0.492034958872686,102
CSAN3,202108,1,0.20953537011492,0.651376037613165,102
CSNA3,202108,1,0.161362955422096,0.47255167700285,102
CVCB3,202108,1,0.176875032519844,0.518041652358827,102
CYRE3,202108,1,0.256771228607701,0.771743108719878,102
DASA3,202108,1,0.122242489708426,0.35748231308327,102
DESK3,202108,1,0.169585063229617,0.528345936362902,102
ELET3,202108,1,0.25352959082197,0.7807445983162,102
ELET6,202108,1,0.215108616306782,0.657787175869629,102
EMBR3,202108,1,0.231880854946058,0.675160185465839,102
ENEV3,202108,1,0.214658586801209,0.688393150438991,102
EQTL3,202108,1,0.246444655401399,0.770121623313957,102
ESPA3,202108,1,0.208220850518862,0.673087470907505,102
EUCA4,202108,1,0.0922131286563836,0.280996725469879,102
EZTC3,202108,1,0.225451764466415,0.686559314367985,102
FLRY3,202108,1,0.203006444200754,0.575010002111911,102
GGBR4,202108,1,0.236675963768217,0.715391902535953,102
GGPS3,202108,1,0.195794828769794,0.625680898591274,102
GNDI3,202108,1,0.298816293706371,0.951294074121542,102
GOLL4,202108,1,0.186640490950588,0.539517167783804,102
HAPV3,202108,1,0.227678759200257,0.684380714990778,102
HBSA3,202108,1,0.178543279621142,0.532528332923732,102
HYPE3,202108,1,0.233463650629417,0.712429460180287,102
IGTA3,202108,1,0.2214758597311,0.659886036801445,102
INTB3,202108,1,0.179572695033927,0.562375223439899,102
IRBR3,202108,1,0.186295976924076,0.536742848092454,102
ITSA4,202108,1,0.259808752714024,0.792588327005368,102
ITUB4,202108,1,0.300868851875337,0.918848972963431,102
JBSS3,202108,1,0.170843022660138,0.507282157093858,102
KLBN11,202108,1,0.199081222498852,0.576052715356983,102
LAVV3,202108,1,0.196798355358437,0.601168680901992,102
LCAM3,202108,1,0.225825662212253,0.680769935305395,102
LJQQ3,202108,1,0.198507145850878,0.575792042677811,102
LREN3,202108,1,0.28004230799074,0.862606796578307,102
LWSA3,202108,1,0.202695794361587,0.582129474087465,102
MDNE3,202108,1,0.129325449868885,0.375229228281209,102
MGLU3,202108,1,0.239237951519872,0.721073727425302,102
MLAS3,202108,1,0.187225186044654,0.599168220044929,102
MOVI3,202108,1,0.151024616373641,0.416583581999881,102
MRFG3,202108,1,0.157330087717334,0.459042024340224,102
MULT3,202108,1,0.173931486700734,0.496753997186876,102
NTCO3,202108,1,0.319143449494308,1,102
OMGE3,202108,1,0.235213766135781,0.73781812564614,102
OPCT3,202108,1,0.164513510743767,0.485850676937635,102
PCAR3,202108,1,0.142521742575395,0.413777000972568,102
PETR3,202108,1,0.235804777330241,0.705059073525742,102
PETR4,202108,1,0.308950189803351,0.945845258090038,102
PETZ3,202108,1,0.270890750090768,0.846887389213912,102
PRIO3,202108,1,0.241407926568702,0.769431927565963,102
RADL3,202108,1,0.232603337241819,0.743096855125277,102
RAIL3,202108,1,0.202716932602324,0.631715895551111,102
RAIZ4,202108,1,0.171915831604716,0.508531311312286,102
RECV3,202108,1,0.205438029279442,0.626975904080722,102
RENT3,202108,1,0.253193619162743,0.814218025454684,102
SBFG3,202108,1,0.159489224057802,0.475060429940315,102
SBSP3,202108,1,0.239220219734299,0.710347169206348,102
SIMH3,202108,1,0.129139558130337,0.354249066310367,102
SLCE3,202108,1,0.156341148158253,0.443749380016952,102
SMFT3,202108,1,0.224499742093054,0.725579075196365,102
SOMA3,202108,1,0.224519380047636,0.710413985192214,102
STBP3,202108,1,0.188510560923304,0.554404000393617,102
SULA11,202108,1,0.197899031114766,0.607135410381342,102
SUZB3,202108,1,0.229279927728104,0.689383776238793,102
TEND3,202108,1,0.148917640712039,0.460790044412647,102
TFCO4,202108,1,0.104709898566463,0.293793937175278,102
TOTS3,202108,1,0.187505888346345,0.59326558197865,102
TTEN3,202108,1,0.153796865516763,0.472527486023887,102
UGPA3,202108,1,0.158342565968296,0.482940421906715,102
VALE3,202108,1,0.282100821277751,0.851539839818462,102
VIVA3,202108,1,0.233230263556505,0.720382738368914,102
VIVT3,202108,1,0.151665673689772,0.458430243532887,102
WEGE3,202108,1,0.199454941939904,0.630569510508191,102
YDUQ3,202108,1,0.20570233658596,0.579242300395511,102
AESB3,202109,1,0.181665079057854,0.523584974298804,102
ALPA4,202109,1,0.231463610220556,0.744987855021572,102
ALUP11,202109,1,0.209151811000481,0.638321621947278,102
AMBP3,202109,1,0.203811860241673,0.631878256453978,102
AMER3,202109,1,0.207854607871497,0.612064969878649,102
ANIM3,202109,1,0.200692033470524,0.63510138148947,102
ASAI3,202109,1,0.247305539778253,0.761748112224814,102
AZUL4,202109,1,0.209659652527749,0.591830675504752,102
B3SA3,202109,1,0.290609314300895,0.882033255911432,102
BBAS3,202109,1,0.235860786286041,0.69815719937618,102
BBDC3,202109,1,0.185331975336625,0.559275684345034,102
BBDC4,202109,1,0.253102163449387,0.76373819306701,102
BBSE3,202109,1,0.176358748554119,0.519628729918499,102
BEEF3,202109,1,0.198975314043351,0.552840675992234,102
BIDI11,202109,1,0.307675089867692,0.959871561141836,102
BPAC11,202109,1,0.304424234809911,0.933561112430212,102
BPAC5,202109,1,0.0455113805856751,0.136181158569044,102
BPAN4,202109,1,0.167045810190058,0.48296835629967,102
BRAP4,202109,1,0.192985126724147,0.561776332261038,102
BRDT3,202109,1,0.270973329817725,0.832137944551381,102
BRML3,202109,1,0.188301943958694,0.587333060057644,102
CCRO3,202109,1,0.194198126802722,0.587320847212054,102
CESP6,202109,1,0.178477910583578,0.532677286764406,102
CIEL3,202109,1,0.190231716123309,0.535145754093745,102
CMIG4,202109,1,0.172622502138952,0.502715571150213,102
COGN3,202109,1,0.206573653444513,0.590179039801157,102
CSAN3,202109,1,0.205576375537085,0.633036253910838,102
CSNA3,202109,1,0.163386137158772,0.484668537531371,102
CVCB3,202109,1,0.163257403818788,0.459201083860129,102
CYRE3,202109,1,0.246319565271753,0.747006256588921,102
DASA3,202109,1,0.120955757921032,0.335068918799459,102
DESK3,202109,1,0.177232933221612,0.54596808639811,102
EGIE3,202109,1,0.169442771986446,0.511427427757013,102
ELET3,202109,1,0.272322489458336,0.82271741403048,102
ELET6,202109,1,0.198013712499531,0.585313624833788,102
EMBR3,202109,1,0.199575287385715,0.58236430269349,102
ENBR3,202109,1,0.149515023913136,0.426000825407067,102
ENEV3,202109,1,0.231644384172301,0.73648694738875,102
EQTL3,202109,1,0.250313809730577,0.764993551245017,102
ESPA3,202109,1,0.21853632493023,0.695077062748818,102
EUCA4,202109,1,0.0960299314846421,0.284636364195286,102
EZTC3,202109,1,0.243837501585226,0.716957258440175,102
FLRY3,202109,1,0.185426245729981,0.514031322263411,102
GGBR4,202109,1,0.249920956274767,0.765654884350068,102
GGPS3,202109,1,0.179729055026074,0.567824682203387,102
GNDI3,202109,1,0.300617228483011,0.941856072890988,102
GOLL4,202109,1,0.180497002747519,0.515292219977677,102
HAPV3,202109,1,0.229655955804704,0.67841504207903,102
HBSA3,202109,1,0.196609675056847,0.593635166545081,102
HYPE3,202109,1,0.23969301396879,0.718583087869139,102
IGTA3,202109,1,0.195860622055654,0.568792071675684,102
INTB3,202109,1,0.193509676203133,0.579862511903409,102
ITSA4,202109,1,0.221573837180039,0.662489777996156,102
ITUB4,202109,1,0.308096034578433,0.940187160146502,102
JBSS3,202109,1,0.208237945328332,0.626852048023179,102
KLBN11,202109,1,0.170897153186232,0.489982650124753,102
LAVV3,202109,1,0.195428389026265,0.584543384575078,102
LCAM3,202109,1,0.21546750373575,0.644837154390056,102
LIGT3,202109,1,0.224239708086642,0.695384062171976,102
LJQQ3,202109,1,0.188936305891137,0.548067415368223,102
LREN3,202109,1,0.279437144427221,0.854402040027787,102
LWSA3,202109,1,0.209385811952386,0.601834216932673,102
MDNE3,202109,1,0.124490308997735,0.354951230222421,102
MGLU3,202109,1,0.206279226993034,0.602915840407103,102
MLAS3,202109,1,0.173157651040181,0.54892748717213,102
MRFG3,202109,1,0.162874566903061,0.471634625473558,102
MULT3,202109,1,0.153069095470399,0.420368205238078,102
NTCO3,202109,1,0.321559400698769,1,102
OMGE3,202109,1,0.245550362102449,0.748727327370882,102
OPCT3,202109,1,0.161378571101688,0.45692913784181,102
PCAR3,202109,1,0.132898663605479,0.376615512837399,102
PETR3,202109,1,0.236867033566564,0.703706383642126,102
PETR4,202109,1,0.30962054783486,0.93576539307778,102
PETZ3,202109,1,0.253399245995773,0.788385740023966,102
PRIO3,202109,1,0.208923409662935,0.666802876309008,102
RADL3,202109,1,0.23554008823389,0.724068464935332,102
RAIL3,202109,1,0.21496138432729,0.67587700200556,102
RAIZ4,202109,1,0.162031292088154,0.463677662112984,102
RECV3,202109,1,0.217828229284312,0.654887007339677,102
RENT3,202109,1,0.246712669544009,0.786073048572322,102
SBFG3,202109,1,0.142744984786337,0.422543402589812,102
SBSP3,202109,1,0.195786453896904,0.572514338454418,102
SIMH3,202109,1,0.114211696826027,0.29679495988883,102
SMFT3,202109,1,0.21504637405047,0.692510244194733,102
SMTO3,202109,1,0.126464327445271,0.344788057544521,102
SOMA3,202109,1,0.214717089521672,0.684543397489218,102
STBP3,202109,1,0.176420077558562,0.504899659481876,102
SULA11,202109,1,0.20529140279358,0.605610663641545,102
SUZB3,202109,1,0.24332596563929,0.735290110051086,102
TAEE11,202109,1,0.18542651739297,0.533007999848535,102
TEND3,202109,1,0.150665843288443,0.450534624512152,102
TOTS3,202109,1,0.193505299060804,0.611503182548811,102
TTEN3,202109,1,0.154553270183407,0.467933957069279,102
UGPA3,202109,1,0.142650266669462,0.431136464767432,102
USIM5,202109,1,0.152140795270993,0.445362345588547,102
VALE3,202109,1,0.293309436638157,0.870716938625165,102
VAMO3,202109,1,0.147588382196494,0.410139585786402,102
VITT3,202109,1,0.126819479290597,0.36333559564239,102
VIVA3,202109,1,0.230412090316828,0.710264693421769,102
VIVT3,202109,1,0.20081602585449,0.59888254768025,102
WEGE3,202109,1,0.19366108253501,0.600944695303691,102
YDUQ3,202109,1,0.175186646394496,0.488348968397571,102
ABEV3,202110,1,0.194423684603537,0.635226023060065,102
ALPA4,202110,1,0.233165216912175,0.754786864351319,102
ALUP11,202110,1,0.189262516012527,0.574219137953656,102
AMBP3,202110,1,0.195894929832318,0.609446009846228,102
AMER3,202110,1,0.181297936546094,0.529170076850677,102
ANIM3,202110,1,0.197269883334871,0.632266686389808,102
ARZZ3,202110,1,0.12831600060488,0.369535871883473,102
ASAI3,202110,1,0.228035332138175,0.707178673868047,102
B3SA3,202110,1,0.266044782614677,0.797659882227452,102
BBAS3,202110,1,0.241001222969675,0.723792416926317,102
BBDC3,202110,1,0.182865874161113,0.546931181324184,102
BBDC4,202110,1,0.256654439087598,0.773105693558178,102
BBSE3,202110,1,0.13721061319926,0.396637634807901,102
BEEF3,202110,1,0.1541510284827,0.423008649046605,102
BIDI11,202110,1,0.285186909733017,0.891491509005091,102
BPAC11,202110,1,0.311255606181452,0.945947649162137,102
BPAC5,202110,1,0.0410624487226562,0.123346216616073,102
BPAN4,202110,1,0.166087767313926,0.486654091238376,102
BRAP4,202110,1,0.1919270747319,0.55156519029424,102
BRML3,202110,1,0.195754615251653,0.634685270666027,102
CCRO3,202110,1,0.185983663801199,0.561618274773967,102
CESP6,202110,1,0.179647336299353,0.547044552893994,102
CIEL3,202110,1,0.172130472862766,0.484920504803591,102
CMIG4,202110,1,0.159341256416276,0.458469742548763,102
COGN3,202110,1,0.198243985272569,0.56054648015761,102
CSAN3,202110,1,0.197843934346673,0.608660323294112,102
CSNA3,202110,1,0.162028836631132,0.478339358787592,102
CYRE3,202110,1,0.24564429773866,0.721266235352588,102
DASA3,202110,1,0.11531559730806,0.317984765398967,102
DESK3,202110,1,0.180319255967573,0.561897174109926,102
EGIE3,202110,1,0.159542027103529,0.480210117528872,102
ELET3,202110,1,0.220811407081977,0.670170940912533,102
ELET6,202110,1,0.194550466933841,0.572095319576876,102
EMBR3,202110,1,0.182988045458316,0.529427483734566,102
ENBR3,202110,1,0.163675799790067,0.464084246622019,102
ENEV3,202110,1,0.225751793828498,0.727159605588244,102
ENGI11,202110,1,0.161240802119463,0.482777744251176,102
ENJU3,202110,1,0.145282771713906,0.442648400560959,102
EQTL3,202110,1,0.233753938822771,0.718828273288854,102
ESPA3,202110,1,0.216789048788782,0.703788771627162,102
EZTC3,202110,1,0.209199852430614,0.604580969238023,102
FLRY3,202110,1,0.179699546959928,0.499256716753517,102
GGBR4,202110,1,0.239169772531788,0.73589627586352,102
GGPS3,202110,1,0.174967344336283,0.55817641712805,102
GMAT3,202110,1,0.157454235586906,0.47599878706894,102
GNDI3,202110,1,0.293428920424588,0.921973735938042,102
GOLL4,202110,1,0.213820115305121,0.605680073001671,102
HAPV3,202110,1,0.22698505226829,0.668683681201348,102
HBSA3,202110,1,0.171460017058071,0.507483106694802,102
HYPE3,202110,1,0.216694226112485,0.642415342745547,102
IGTA3,202110,1,0.222662202902558,0.680704819414266,102
INTB3,202110,1,0.163510563439041,0.495384036641401,102
IRBR3,202110,1,0.183491829353933,0.522083638584567,102
ITSA4,202110,1,0.205909556782547,0.610306798253667,102
ITUB4,202110,1,0.279972441747804,0.841624071831262,102
JBSS3,202110,1,0.199703399238435,0.588666674977074,102
KLBN11,202110,1,0.164595010285908,0.468228624954021,102
LAVV3,202110,1,0.176003108600634,0.524394408396541,102
LCAM3,202110,1,0.19946674828906,0.596154225231604,102
LIGT3,202110,1,0.208139558106851,0.626626143824113,102
LJQQ3,202110,1,0.166842415595013,0.466171661788679,102
LREN3,202110,1,0.262991977218613,0.787604088433897,102
LWSA3,202110,1,0.214774530323004,0.610775262580792,102
MDNE3,202110,1,0.114928021931946,0.332818374650884,102
MGLU3,202110,1,0.19882077487611,0.576270466316653,102
MULT3,202110,1,0.138647197718308,0.387522499733318,102
NTCO3,202110,1,0.319969167300942,1,102
OMGE3,202110,1,0.238207994596363,0.729209617510337,102
OPCT3,202110,1,0.147077468859247,0.418712088504522,102
PCAR3,202110,1,0.141653508982472,0.405204590165128,102
PETR3,202110,1,0.236743238523483,0.702679201259932,102
PETR4,202110,1,0.282673419295003,0.849613583086928,102
PETZ3,202110,1,0.241881695071405,0.755702340749037,102
PRIO3,202110,1,0.197466861872313,0.634471385879736,102
RADL3,202110,1,0.226187177107382,0.711822838525627,102
RAIL3,202110,1,0.205283686661079,0.634166499701753,102
RAIZ4,202110,1,0.151861238859742,0.439419863008075,102
RECV3,202110,1,0.173564345493366,0.512959081150399,102
RENT3,202110,1,0.242754830230513,0.781024025305145,102
RRRP3,202110,1,0.206974233613586,0.577507255563043,102
SBFG3,202110,1,0.158780326791041,0.468366831111736,102
SBSP3,202110,1,0.182688064291442,0.536361380491084,102
SLCE3,202110,1,0.158597371914795,0.432002577228166,102
SMFT3,202110,1,0.217676926805613,0.713182740412569,102
SMTO3,202110,1,0.127725841639486,0.345220690086784,102
SOMA3,202110,1,0.220476969389773,0.717921732126696,102
STBP3,202110,1,0.1777057725575,0.510823015959703,102
SULA11,202110,1,0.200574802629525,0.580893914917703,102
SUZB3,202110,1,0.234097236818927,0.701803208458312,102
TAEE11,202110,1,0.189754776222551,0.552682630167792,102
TEND3,202110,1,0.116028306028104,0.342758439745452,102
TOTS3,202110,1,0.184798008942638,0.573630860042569,102
TTEN3,202110,1,0.137770714426881,0.417753694125766,102
USIM5,202110,1,0.139385179333672,0.40973410209104,102
VALE3,202110,1,0.272133014915268,0.809236567049263,102
VAMO3,202110,1,0.137851218746767,0.381320554068058,102
VBBR3,202110,1,0.255049438766163,0.775579165053175,102
VITT3,202110,1,0.124730717965994,0.357704904913306,102
VIVA3,202110,1,0.242814926486441,0.751114409190101,102
VIVT3,202110,1,0.175016772642856,0.523244042449451,102
WEGE3,202110,1,0.176404846108678,0.548007209350105,102
YDUQ3,202110,1,0.18473452901307,0.513498906855335,102
ABEV3,202111,1,0.210663332269874,0.697835515566204,102
ALPA4,202111,1,0.219115850073623,0.728654672614961,102
ALUP11,202111,1,0.174909244572057,0.54109312491378,102
AMBP3,202111,1,0.186246518577709,0.594181345529671,102
AMER3,202111,1,0.241086538239779,0.740957923957794,102
ANIM3,202111,1,0.189238440975757,0.621730723717278,102
ARZZ3,202111,1,0.145770208260297,0.428597204966392,102
ASAI3,202111,1,0.218053763687146,0.69877816043784,102
AZUL4,202111,1,0.223255860244793,0.669066459825926,102
B3SA3,202111,1,0.27773090193494,0.882743490955735,102
BBAS3,202111,1,0.263591226235377,0.823025985109025,102
BBDC3,202111,1,0.198426633223156,0.621960327655278,102
BBDC4,202111,1,0.27810626685199,0.878683470166584,102
BBSE3,202111,1,0.144645790915464,0.45037817964147,102
BEEF3,202111,1,0.147591030276761,0.427840323774018,102
BIDI11,202111,1,0.284890788170381,0.917196459592457,102
BPAC11,202111,1,0.317553672227246,1,102
BPAN4,202111,1,0.149284920644707,0.470278310763266,102
BRAP4,202111,1,0.182905737958333,0.565502279543346,102
BRML3,202111,1,0.192336987251233,0.638192349112345,102
CCRO3,202111,1,0.181353575465742,0.580491526868313,102
CEAB3,202111,1,0.0954662503467734,0.283280089783636,102
CESP6,202111,1,0.17217556294737,0.536073718986646,102
CIEL3,202111,1,0.159865041105376,0.478544689620419,102
CMIG4,202111,1,0.183515726957102,0.564895337950741,102
COGN3,202111,1,0.214919511462126,0.647991272479325,102
CPFE3,202111,1,0.186597982392785,0.587607924251365,102
CSAN3,202111,1,0.193861835116267,0.619913377245659,102
CSNA3,202111,1,0.183351083734297,0.573999529952994,102
CYRE3,202111,1,0.236353981527257,0.707330729973778,102
DASA3,202111,1,0.104753705300993,0.307171277938099,102
DESK3,202111,1,0.17184850121892,0.554293318033812,102
EGIE3,202111,1,0.180344144395955,0.57087378055047,102
ELET3,202111,1,0.221730684468578,0.696648779696008,102
ELET6,202111,1,0.21227584733644,0.663727918607176,102
EMBR3,202111,1,0.200251494999029,0.622417845508056,102
ENBR3,202111,1,0.17902093574826,0.534507699237144,102
ENEV3,202111,1,0.242985818441284,0.798707341338319,102
ENGI11,202111,1,0.173056860992975,0.543838768757574,102
ENJU3,202111,1,0.141607943869321,0.442240453254398,102
EQTL3,202111,1,0.224160500123158,0.712753097617563,102
ESPA3,202111,1,0.200162813715193,0.663433276523555,102
EZTC3,202111,1,0.199364612606312,0.603174318212893,102
FLRY3,202111,1,0.193871470021129,0.567393372991302,102
GGBR4,202111,1,0.23156434292405,0.745441429772488,102
GGPS3,202111,1,0.164653238417362,0.534379879689845,102
GNDI3,202111,1,0.294803717859911,0.949229371574076,102
GOAU4,202111,1,0.193028389541782,0.594835516033467,102
GOLL4,202111,1,0.199537613247434,0.601304044171334,102
HAPV3,202111,1,0.238396084510365,0.739475557236406,102
HBSA3,202111,1,0.163250872960352,0.49913698452609,102
HYPE3,202111,1,0.203834672907948,0.62961094675174,102
IGTI11,202111,1,0.233505481540321,0.736810814091469,102
INTB3,202111,1,0.16284766499441,0.511419000359319,102
IRBR3,202111,1,0.192562813967268,0.572021807400239,102
ITSA4,202111,1,0.249305283773001,0.781272472027192,102
ITUB4,202111,1,0.305376443069021,0.966713070145874,102
JBSS3,202111,1,0.209627517389158,0.659772818639728,102
KLBN11,202111,1,0.170544849722684,0.518594988917725,102
LAME3,202111,1,0.139978202966216,0.412451281819199,102
LAVV3,202111,1,0.160659690334249,0.495527252277004,102
LCAM3,202111,1,0.214822192635873,0.666362155362188,102
LIGT3,202111,1,0.182391394869657,0.562807150582252,102
LJQQ3,202111,1,0.166318611927954,0.489433678033397,102
LREN3,202111,1,0.279492214914468,0.878484328790368,102
LWSA3,202111,1,0.223048516631308,0.665518303793956,102
MDNE3,202111,1,0.114137046526012,0.346225545220347,102
MGLU3,202111,1,0.208507978199712,0.645813037956932,102
MULT3,202111,1,0.149990183737441,0.448826292359246,102
NTCO3,202111,1,0.312534795812057,0.999254275114469,102
OMGE3,202111,1,0.238306920262383,0.755931429100739,102
PCAR3,202111,1,0.134461053364276,0.405538964816591,102
PETR3,202111,1,0.264950959848705,0.840129712307329,102
PETR4,202111,1,0.293575606219827,0.919886655995898,102
PETZ3,202111,1,0.242710254245364,0.784752580870539,102
PRIO3,202111,1,0.19423613117039,0.632727903534464,102
RADL3,202111,1,0.212701111615128,0.688094499649988,102
RAIL3,202111,1,0.197443521993345,0.626963707055671,102
RENT3,202111,1,0.241253190762272,0.788526498686573,102
SBFG3,202111,1,0.163789702590313,0.498827993509452,102
SBSP3,202111,1,0.171109210058236,0.538568359296798,102
SLCE3,202111,1,0.156588806147199,0.451605839873458,102
SMFT3,202111,1,0.222623158000926,0.736709629694032,102
SMTO3,202111,1,0.129729154152275,0.366287843030397,102
SOMA3,202111,1,0.216872988732639,0.717121319763471,102
STBP3,202111,1,0.173466482594388,0.516406921456283,102
SULA11,202111,1,0.180606611868697,0.5421479263817,102
SUZB3,202111,1,0.251640906387032,0.782223430200955,102
TAEE11,202111,1,0.198780359134643,0.601376770537221,102
TEND3,202111,1,0.143459339622753,0.441737343932446,102
TIMS3,202111,1,0.178585594585213,0.56037969999063,102
TOTS3,202111,1,0.199468696098859,0.643253982094154,102
TTEN3,202111,1,0.124757863993653,0.390952253825792,102
UGPA3,202111,1,0.140151078413256,0.453611703100097,102
USIM5,202111,1,0.156429258937053,0.480693646812491,102
VALE3,202111,1,0.287170562498128,0.907740496033097,102
VAMO3,202111,1,0.131572010373589,0.378719686526115,102
VBBR3,202111,1,0.261140691669841,0.822350778777906,102
VIVA3,202111,1,0.24197932951667,0.76309681040557,102
VIVT3,202111,1,0.217249539048727,0.687952762238558,102
WEGE3,202111,1,0.199420429186372,0.643130262253695,102
YDUQ3,202111,1,0.194519916915046,0.574523410619476,102
AALR3,202112,1,0.103486571755225,0.299233697265591,106
ABEV3,202112,1,0.209273693892086,0.699726730006009,106
ALPA4,202112,1,0.209783931529993,0.703414375370938,106
ALUP11,202112,1,0.146271508153421,0.4466870815127,106
AMBP3,202112,1,0.177199779963303,0.561323521917209,106
AMER3,202112,1,0.230464638280309,0.715958778816942,106
ANIM3,202112,1,0.172781916676587,0.576014884433446,106
ARZZ3,202112,1,0.155137459585461,0.445451725700151,106
ASAI3,202112,1,0.222676398156774,0.714597103287393,106
AZUL4,202112,1,0.212002966220901,0.644071286602228,106
B3SA3,202112,1,0.263401163577794,0.836550121707222,106
BBAS3,202112,1,0.261997587480648,0.822363756177397,106
BBDC3,202112,1,0.172446658269391,0.536164887953801,106
BBDC4,202112,1,0.255753986907598,0.80735500184327,106
BBSE3,202112,1,0.160221839935152,0.483166089587907,106
BIDI11,202112,1,0.265714653652582,0.863967035546044,106
BLAU3,202112,1,0.171129566047741,0.522923950854256,106
BPAC11,202112,1,0.315445215451664,1,106
BRAP4,202112,1,0.141189047454602,0.438679246639568,106
BRML3,202112,1,0.184932046121093,0.61953285107902,106
CCRO3,202112,1,0.185784500001933,0.596123988305769,106
CEAB3,202112,1,0.094490047843647,0.286052594206938,106
CESP6,202112,1,0.169804601586531,0.523020698794581,106
CIEL3,202112,1,0.175113958885818,0.518904523421701,106
CMIG4,202112,1,0.179614492395504,0.561607335247296,106
CMIN3,202112,1,0.149563055358906,0.477427153695215,106
COGN3,202112,1,0.209803214158696,0.646724294776994,106
CPFE3,202112,1,0.202641283180537,0.644346123665285,106
CPLE6,202112,1,0.141431159450421,0.440365282759789,106
CRFB3,202112,1,0.183907505989081,0.583225146962397,106
CSAN3,202112,1,0.198554723369372,0.642387436713082,106
CVCB3,202112,1,0.14770671781963,0.456489576237439,106
CYRE3,202112,1,0.23287374535418,0.722152425654074,106
DESK3,202112,1,0.15947541576202,0.523701354147555,106
EGIE3,202112,1,0.169988435726785,0.535994806978435,106
ELET3,202112,1,0.235353079495885,0.748052989058279,106
ELET6,202112,1,0.218785177089697,0.671564440741084,106
EMBR3,202112,1,0.203673076089764,0.647334648187806,106
ENBR3,202112,1,0.190806872970787,0.576268350161735,106
ENEV3,202112,1,0.228614434942834,0.767991528261031,106
ENGI11,202112,1,0.178828079849072,0.582975630586284,106
ENJU3,202112,1,0.136580039495839,0.424242874866668,106
EQTL3,202112,1,0.235910400346644,0.743890607517884,106
ESPA3,202112,1,0.210966619373963,0.689521031550746,106
EZTC3,202112,1,0.173984157404587,0.528229219681746,106
FLRY3,202112,1,0.145577736364846,0.425419363252886,106
GGBR4,202112,1,0.2235451767025,0.731659465993645,106
GGPS3,202112,1,0.168165670846918,0.535300976904888,106
GNDI3,202112,1,0.289682433742245,0.936559582200633,106
GOLL4,202112,1,0.160878348101097,0.488947150077026,106
HAPV3,202112,1,0.237322639061268,0.749433515346476,106
HBSA3,202112,1,0.164692394054171,0.520344134313873,106
HYPE3,202112,1,0.18384962771149,0.567912763748381,106
IGTI11,202112,1,0.22966324560485,0.725771283992061,106
INTB3,202112,1,0.162732836652561,0.505275711495757,106
IRBR3,202112,1,0.173977666033687,0.516341600921128,106
ITSA4,202112,1,0.219613470088679,0.684281295679998,106
ITUB4,202112,1,0.311080315185505,0.987674425803956,106
JBSS3,202112,1,0.204148587558187,0.653967318102009,106
KLBN11,202112,1,0.16208647116504,0.497247152214312,106
LAVV3,202112,1,0.147213973749021,0.451273790485044,106
LCAM3,202112,1,0.200607583711587,0.628293850350894,106
LJQQ3,202112,1,0.163450450279264,0.49251473754234,106
LREN3,202112,1,0.26854486301707,0.857599058510145,106
LWSA3,202112,1,0.206178076393431,0.619626661731422,106
MDNE3,202112,1,0.117763796975667,0.354630827250662,106
MEGA3,202112,1,0.234432285080155,0.753122947207032,106
MGLU3,202112,1,0.241895916719403,0.762107151018476,106
MLAS3,202112,1,0.148366160920426,0.489589036416269,106
MULT3,202112,1,0.154452773521815,0.461352226670049,106
NTCO3,202112,1,0.290829216951847,0.941986807519105,106
PETR3,202112,1,0.225663776563724,0.717513571829323,106
PETR4,202112,1,0.283233332865886,0.902428619684622,106
PETZ3,202112,1,0.243789145018515,0.791634197093985,106
PRIO3,202112,1,0.184860057714689,0.600997290110022,106
RADL3,202112,1,0.217988251182476,0.710323915972589,106
RAIL3,202112,1,0.210705127732215,0.6850199790515,106
RAIZ4,202112,1,0.135690835373512,0.420548778646673,106
RECV3,202112,1,0.210013693064069,0.666150174496389,106
RENT3,202112,1,0.243002029747741,0.798436413705971,106
RRRP3,202112,1,0.214527235542374,0.665927634525535,106
SANB11,202112,1,0.158810529519432,0.489717119073607,106
SBFG3,202112,1,0.152924932845493,0.468806925881133,106
SBSP3,202112,1,0.170946160184498,0.528568161730939,106
SLCE3,202112,1,0.1509568554543,0.428867026461749,106
SMFT3,202112,1,0.215237659038391,0.719134144972354,106
SMTO3,202112,1,0.135010828856242,0.378605767761838,106
SOMA3,202112,1,0.209548997385937,0.696869851733873,106
SULA11,202112,1,0.16126962190977,0.479944848752878,106
SUZB3,202112,1,0.24717529729705,0.794590228293233,106
TAEE11,202112,1,0.17542971437552,0.539122329668386,106
TEND3,202112,1,0.127221282765933,0.396400780877983,106
TFCO4,202112,1,0.100397861141463,0.280951472026541,106
TIMS3,202112,1,0.181436573303129,0.587260322679882,106
TOTS3,202112,1,0.197386498715976,0.650581843737122,106
TTEN3,202112,1,0.121332257753198,0.373403421044937,106
UGPA3,202112,1,0.136350929555641,0.433720551087102,106
USIM5,202112,1,0.172448563805856,0.532928166733734,106
VALE3,202112,1,0.283444601183542,0.892992282288402,106
VAMO3,202112,1,0.11640937473126,0.327451930094872,106
VBBR3,202112,1,0.266016047635503,0.859137957641435,106
VITT3,202112,1,0.110802211310627,0.330548810178242,106
VIVA3,202112,1,0.24769342787953,0.781184887976337,106
VIVT3,202112,1,0.178786954354311,0.55503232676935,106
WEGE3,202112,1,0.197366934712773,0.636800943936099,106
YDUQ3,202112,1,0.205922556786507,0.628265793299039,106
AALR3,202201,1,0.0799620564996855,0.237041678417473,102
ABEV3,202201,1,0.171885107194585,0.636123977518266,102
AGRO3,202201,1,0.1166945816337,0.33498994861629,102
ALPA4,202201,1,0.203989246981346,0.74154822517973,102
AMBP3,202201,1,0.18269908714824,0.603186560520156,102
AMER3,202201,1,0.200186145873713,0.723144223448712,102
ANIM3,202201,1,0.147237857855823,0.531172278203839,102
ARZZ3,202201,1,0.150382519900537,0.442228810318953,102
ASAI3,202201,1,0.193798692158654,0.686369449399088,102
B3SA3,202201,1,0.191093954387723,0.628208641651528,102
BBAS3,202201,1,0.187420205368545,0.596594784959017,102
BBDC3,202201,1,0.118362459472855,0.385300128213744,102
BBDC4,202201,1,0.164734145168146,0.522114740800594,102
BBSE3,202201,1,0.130697202016803,0.418947790206174,102
BLAU3,202201,1,0.114825776511699,0.348324047032841,102
BPAC5,202201,1,0.0341663078902629,0.115163462427008,102
BRAP4,202201,1,0.17122020750628,0.58394000119352,102
BRIT3,202201,1,0.164462497226077,0.604608692669872,102
BRML3,202201,1,0.190127183502769,0.689564025720384,102
CBAV3,202201,1,0.161911455803302,0.533571449439393,102
CEAB3,202201,1,0.110852232872189,0.356721416736876,102
CESP6,202201,1,0.174096808977427,0.589063323524012,102
CIEL3,202201,1,0.133110815622289,0.391950686681657,102
CMIN3,202201,1,0.0970608998628645,0.339980233915524,102
CPFE3,202201,1,0.184818154469199,0.616721957133317,102
CRFB3,202201,1,0.199865954363311,0.714207799328611,102
CSAN3,202201,1,0.177857056286407,0.617027813532438,102
CYRE3,202201,1,0.217567361052531,0.714221241864425,102
DASA3,202201,1,0.0832313095245033,0.265396280336087,102
DESK3,202201,1,0.157933429350829,0.559915244106799,102
DXCO3,202201,1,0.13436739591218,0.422668324126125,102
ELET3,202201,1,0.173262736351701,0.573086664631795,102
ELET6,202201,1,0.160545077363269,0.519407313576648,102
EMBR3,202201,1,0.200505431848494,0.707242603856999,102
ENBR3,202201,1,0.179788084683593,0.622814415991267,102
ENEV3,202201,1,0.199705695014791,0.727010615950832,102
ENJU3,202201,1,0.152175332157035,0.525353359601274,102
EQTL3,202201,1,0.225602773488912,0.780243785299252,102
ESPA3,202201,1,0.165980557911812,0.563252771457908,102
EZTC3,202201,1,0.129260719936042,0.386943493119889,102
FLRY3,202201,1,0.107046706850088,0.306029892493007,102
GGBR4,202201,1,0.19301399441823,0.676297144065823,102
GGPS3,202201,1,0.162844874611043,0.566376414723735,102
GMAT3,202201,1,0.185031578344204,0.654779265715385,102
GNDI3,202201,1,0.266492299778371,0.935781505929108,102
GOAU4,202201,1,0.21031111345312,0.759640589171548,102
GOLL4,202201,1,0.136189391079842,0.423268337842448,102
HBSA3,202201,1,0.15979415586046,0.539848144982511,102
HYPE3,202201,1,0.19122088372296,0.65617423368198,102
INTB3,202201,1,0.134202719042456,0.452162962087478,102
ITSA4,202201,1,0.215661505412281,0.723492784289881,102
ITUB4,202201,1,0.287676735305622,1,102
JBSS3,202201,1,0.145518264060941,0.472443165632888,102
LAVV3,202201,1,0.148197954468586,0.502123966232517,102
LCAM3,202201,1,0.200397810379819,0.667728086214186,102
LIGT3,202201,1,0.191255494458514,0.687808829092452,102
LJQQ3,202201,1,0.184367097443084,0.599684420142398,102
LREN3,202201,1,0.260222518858622,0.909455005769969,102
LWSA3,202201,1,0.202781116297998,0.656566816145592,102
MDNE3,202201,1,0.123495349919904,0.38155482855985,102
MEGA3,202201,1,0.209441234579749,0.758179841265166,102
MGLU3,202201,1,0.0738375134811692,0.246763618749749,102
MLAS3,202201,1,0.165774610252105,0.58930931472609,102
MULT3,202201,1,0.178540329388704,0.569807726260539,102
NTCO3,202201,1,0.222005218797355,0.764780852539627,102
OPCT3,202201,1,0.126658632253116,0.39929021179488,102
ORVR3,202201,1,0.118026097065587,0.351073776802447,102
PCAR3,202201,1,0.133142724855296,0.413454343028288,102
PETR3,202201,1,0.196218981013579,0.689488981479212,102
PETR4,202201,1,0.25519205459459,0.897458404863841,102
PETZ3,202201,1,0.207813420780931,0.751635575596441,102
PRIO3,202201,1,0.175561729503426,0.633104005936764,102
RADL3,202201,1,0.197211407315111,0.692865044564724,102
RAIL3,202201,1,0.214180698839859,0.763549146457494,102
RECV3,202201,1,0.20948192696561,0.725533116306302,102
RENT3,202201,1,0.226184995250305,0.810631803834979,102
RRRP3,202201,1,0.217910053797996,0.769994391188878,102
SBFG3,202201,1,0.141257994732594,0.449181751748449,102
SBSP3,202201,1,0.135120043562006,0.419464215908307,102
SIMH3,202201,1,0.0899540323772695,0.243910481294987,102
SLCE3,202201,1,0.152653386822043,0.463708136316426,102
SMFT3,202201,1,0.196412258984808,0.731728479606405,102
SMTO3,202201,1,0.138612864246188,0.405265582936823,102
SOMA3,202201,1,0.213383505149042,0.775965502844072,102
STBP3,202201,1,0.142554301239462,0.441674491791672,102
SUZB3,202201,1,0.192868931900311,0.710978013451264,102
TEND3,202201,1,0.130900583297464,0.446857860197362,102
TFCO4,202201,1,0.0985436409182977,0.279371028078509,102
TIMS3,202201,1,0.208255619523711,0.747020853587352,102
TOTS3,202201,1,0.140691168525599,0.490742383725693,102
TTEN3,202201,1,0.123687551836817,0.422890297057526,102
UGPA3,202201,1,0.0951895304335269,0.33110499528056,102
USIM5,202201,1,0.180316238784798,0.586593847032271,102
VALE3,202201,1,0.232286449945529,0.767311106344575,102
VAMO3,202201,1,0.130234389000277,0.379481394000222,102
VBBR3,202201,1,0.214475279117752,0.74503117256105,102
VITT3,202201,1,0.116535632332379,0.362086548171017,102
VIVA3,202201,1,0.227373458503337,0.789073192062922,102
VIVT3,202201,1,0.100300164175097,0.316623994584166,102
WEGE3,202201,1,0.146631684326819,0.492571164422365,102
WEST3,202201,1,0.188972020734633,0.685261353686392,102
YDUQ3,202201,1,0.133380697154304,0.397221683300398,102
ABEV3,202203,1,0.147236570641158,0.519033019115906,101
ALPA4,202203,1,0.177152900194359,0.618635727294851,101
ALSO3,202203,1,0.166232360066356,0.541309162356634,101
AMBP3,202203,1,0.162161200375772,0.495825177499545,101
AMER3,202203,1,0.188564895743129,0.658146476180961,101
ANIM3,202203,1,0.12790370576341,0.441672458800744,101
ARZZ3,202203,1,0.163551497245715,0.476607049179748,101
ASAI3,202203,1,0.205619896991055,0.682418758218083,101
B3SA3,202203,1,0.147324019773811,0.46359555960058,101
BBAS3,202203,1,0.22803767473918,0.702168092954548,101
BBDC3,202203,1,0.114839445849178,0.352081390411679,101
BBDC4,202203,1,0.171109079224132,0.516210069590936,101
BBSE3,202203,1,0.145400259159505,0.42473335944218,101
BEEF3,202203,1,0.098776209296585,0.26539867556741,101
BLAU3,202203,1,0.133480963186785,0.385466926229864,101
BMGB4,202203,1,0.081783673890563,0.252016921088989,101
BRAP4,202203,1,0.153632040697437,0.51445903995996,101
BRIT3,202203,1,0.161341930489987,0.567016215974034,101
BRML3,202203,1,0.179363704468949,0.629531218427485,101
CBAV3,202203,1,0.173727541177541,0.546811147712824,101
CCRO3,202203,1,0.144291260493455,0.446950509857901,101
CEAB3,202203,1,0.112109755696024,0.326710082689644,101
CIEL3,202203,1,0.160093390015842,0.443399126188444,101
CMIN3,202203,1,0.0970473281184576,0.322272209817096,101
COGN3,202203,1,0.0988601607424946,0.264933493134332,101
CPFE3,202203,1,0.188919533957706,0.570630126385579,101
CPLE6,202203,1,0.102080831847039,0.302638051352147,101
CSAN3,202203,1,0.173260032816905,0.576933050568004,101
CYRE3,202203,1,0.206414225190749,0.641586375341244,101
DASA3,202203,1,0.0986646875577344,0.301108044820706,101
DESK3,202203,1,0.144402799066567,0.496667880134292,101
DIRR3,202203,1,0.165756195180261,0.525968508119149,101
DXCO3,202203,1,0.140064025402127,0.413051608429604,101
ELET3,202203,1,0.204323374338974,0.629508561888808,101
ELET6,202203,1,0.171343782280642,0.516924276989235,101
EMBR3,202203,1,0.18997244380684,0.649490232095758,101
ENBR3,202203,1,0.172843830749382,0.559033553350497,101
ENEV3,202203,1,0.211849468677866,0.739386110990064,101
ENJU3,202203,1,0.146143690582078,0.464848159816849,101
EQTL3,202203,1,0.227890649651251,0.759004471645273,101
FLRY3,202203,1,0.106319212457868,0.279824018360423,101
GGBR4,202203,1,0.185127981060282,0.596952726623487,101
GGPS3,202203,1,0.160833587947056,0.532233309248089,101
GMAT3,202203,1,0.16612886631706,0.56497309651068,101
GOAU4,202203,1,0.207626564086373,0.710447869164226,101
GOLL4,202203,1,0.143568460054467,0.404525525734922,101
HAPV3,202203,1,0.290752738070152,1,101
HBSA3,202203,1,0.160596234222815,0.519563768102706,101
HYPE3,202203,1,0.181557679722646,0.584825379955775,101
INTB3,202203,1,0.136635641878691,0.436030946217689,101
ITSA4,202203,1,0.220504545781296,0.716178460891031,101
ITUB4,202203,1,0.267440370120982,0.887082611159963,101
JALL3,202203,1,0.153998671863306,0.450767701245685,101
JBSS3,202203,1,0.120813892805648,0.363224924961734,101
LAVV3,202203,1,0.143120936124707,0.447978468948737,101
LCAM3,202203,1,0.197161667188583,0.626205584126594,101
LJQQ3,202203,1,0.181144617566058,0.564432274437971,101
LREN3,202203,1,0.272372893068936,0.928429471071205,101
LWSA3,202203,1,0.190903980848392,0.607087704475139,101
MDNE3,202203,1,0.117022757847952,0.352996499035575,101
MEGA3,202203,1,0.2008206325404,0.694063078151259,101
MGLU3,202203,1,0.0878658482528585,0.266852880157326,101
MLAS3,202203,1,0.158786563837821,0.538701425152708,101
MULT3,202203,1,0.14298420053972,0.42258779365723,101
NINJ3,202203,1,0.0892986317181611,0.278127891212168,101
NTCO3,202203,1,0.196036868748646,0.647224747215179,101
ORVR3,202203,1,0.135577780487388,0.426539589451703,101
PCAR3,202203,1,0.146478045999548,0.433911473123841,101
PETR3,202203,1,0.192930804727352,0.642509748622173,101
PETR4,202203,1,0.259932387506662,0.878133136335571,101
PETZ3,202203,1,0.22612004825536,0.755664289048907,101
PRIO3,202203,1,0.201999908788146,0.683421797193192,101
RADL3,202203,1,0.178719447710655,0.600259636502052,101
RAIL3,202203,1,0.155191268655649,0.532043503001921,101
RAPT4,202203,1,0.125432640185072,0.367489984037996,101
RECV3,202203,1,0.195727972671626,0.658329654122631,101
RENT3,202203,1,0.219973317550511,0.766896255439498,101
RRRP3,202203,1,0.218229675653725,0.725938991594491,101
SBFG3,202203,1,0.159952219376281,0.499724170640961,101
SBSP3,202203,1,0.139579672180636,0.415862552615231,101
SIMH3,202203,1,0.0996883304920667,0.262603808518584,101
SLCE3,202203,1,0.171291086611597,0.484342972938418,101
SMFT3,202203,1,0.184429872333451,0.665937189577941,101
SMTO3,202203,1,0.132546293227811,0.361288692800629,101
SOMA3,202203,1,0.227334648803542,0.779427024976572,101
STBP3,202203,1,0.14685844787084,0.433226810613951,101
SUZB3,202203,1,0.179390460127819,0.643953518090119,101
TEND3,202203,1,0.111171227138118,0.362334017820444,101
TFCO4,202203,1,0.0987911289598483,0.279109093383422,101
TIMS3,202203,1,0.19331086539065,0.660421928575925,101
TOTS3,202203,1,0.144318550361963,0.474010654703104,101
TTEN3,202203,1,0.133248023217124,0.425471342818605,101
USIM5,202203,1,0.193622930538552,0.628766270121931,101
VALE3,202203,1,0.235716967460306,0.735152813195193,101
VAMO3,202203,1,0.134766256226202,0.382975266865069,101
VBBR3,202203,1,0.251693373354553,0.855675654497775,101
VITT3,202203,1,0.109273147892133,0.32334838985027,101
VIVA3,202203,1,0.247275525405783,0.803697396798588,101
VIVT3,202203,1,0.103333469818841,0.292042275848927,101
WEGE3,202203,1,0.152614840158074,0.485912070792239,101
YDUQ3,202203,1,0.14124879347936,0.395268690434212,101
ABEV3,202205,1,0.158968982185341,0.673806235969657,102
ALPA4,202205,1,0.167408550422444,0.705846965799939,102
ALSO3,202205,1,0.131419255588334,0.488379330424921,102
AMBP3,202205,1,0.123991097970084,0.444037121884608,102
AMER3,202205,1,0.15767984671104,0.623296936266745,102
ANIM3,202205,1,0.108448702040597,0.458108662353805,102
ARZZ3,202205,1,0.163204401153591,0.550630931795492,102
ASAI3,202205,1,0.193854590750449,0.734022298802662,102
B3SA3,202205,1,0.122035243098729,0.430701696140673,102
BBAS3,202205,1,0.207516630390226,0.742892544030514,102
BBDC3,202205,1,0.110617309308005,0.384431275457304,102
BBDC4,202205,1,0.150183721051295,0.52859535493121,102
BBSE3,202205,1,0.0973947989133457,0.317994116899004,102
BEEF3,202205,1,0.122967178546312,0.38006411924031,102
BLAU3,202205,1,0.13283875851508,0.456349918630198,102
BMGB4,202205,1,0.0712451789951377,0.251074984294713,102
BPAN4,202205,1,0.110152035396196,0.399901695901352,102
BRAP4,202205,1,0.0893435639493786,0.294239662782121,102
BRIT3,202205,1,0.146831384609894,0.621281335379591,102
BRML3,202205,1,0.16482654993085,0.657844534527769,102
CBAV3,202205,1,0.163666050676601,0.558851374135847,102
CCRO3,202205,1,0.138884813172694,0.551084684667085,102
CEAB3,202205,1,0.0762859777474468,0.250589577120856,102
CIEL3,202205,1,0.13109397431704,0.420431117385452,102
CMIN3,202205,1,0.0819668237345792,0.303514738274876,102
CPFE3,202205,1,0.126334473305798,0.421180211483445,102
CPLE6,202205,1,0.0766913594210139,0.258727088078345,102
CSAN3,202205,1,0.162630592429882,0.616851183972266,102
CYRE3,202205,1,0.16673326185161,0.533372648197061,102
DASA3,202205,1,0.0905898344783517,0.307374442586455,102
DESK3,202205,1,0.129304744796117,0.541809502842281,102
DIRR3,202205,1,0.169198588197717,0.59547178849261,102
ELET3,202205,1,0.204846096782712,0.74809071571688,102
ELET6,202205,1,0.173866022611619,0.614812242861593,102
ENBR3,202205,1,0.158170571509959,0.550972317996853,102
ENEV3,202205,1,0.20748442778714,0.867383426401203,102
ENJU3,202205,1,0.100838812994502,0.396421464066229,102
EQTL3,202205,1,0.216245829730603,0.851050653404637,102
FIQE3,202205,1,0.13378417462704,0.466747772157457,102
FLRY3,202205,1,0.0949196687728258,0.283148832187539,102
GGBR4,202205,1,0.169212292561503,0.615052723474029,102
GGPS3,202205,1,0.157265920901766,0.592929991284824,102
GMAT3,202205,1,0.14611084094296,0.56081331147379,102
GOAU4,202205,1,0.184204813716882,0.693368616736505,102
GOLL4,202205,1,0.0921582130261336,0.288570449148882,102
HAPV3,202205,1,0.231511953411458,0.925793063147154,102
HBSA3,202205,1,0.138845699990015,0.494841690267904,102
HYPE3,202205,1,0.178180368000956,0.658469709447848,102
INTB3,202205,1,0.126851521450206,0.469781059985609,102
ITSA4,202205,1,0.181965332029439,0.646100993231617,102
ITUB4,202205,1,0.259864441185704,1,102
JALL3,202205,1,0.147970991849008,0.498501649849702,102
JBSS3,202205,1,0.125295419751898,0.429751442220996,102
LAVV3,202205,1,0.0982636737181186,0.340587639733019,102
LCAM3,202205,1,0.182562027888293,0.677640282331935,102
LJQQ3,202205,1,0.122095256448692,0.399575405266815,102
LREN3,202205,1,0.255652781689353,0.984061912871186,102
LWSA3,202205,1,0.1388173031437,0.525107758937968,102
MDNE3,202205,1,0.108678368677965,0.373117991056717,102
MEGA3,202205,1,0.176936832380557,0.742550047888361,102
MGLU3,202205,1,0.0997226675316394,0.342060085785573,102
MLAS3,202205,1,0.125764800203674,0.479389097464405,102
MOVI3,202205,1,0.106081509832749,0.357200491230429,102
MULT3,202205,1,0.155733779765966,0.582452529651202,102
NINJ3,202205,1,0.0819612431257854,0.286020217887957,102
NTCO3,202205,1,0.171360708775118,0.662372697060625,102
ORVR3,202205,1,0.123230192052491,0.418117712218843,102
PCAR3,202205,1,0.135148821170556,0.460976928583558,102
PETR3,202205,1,0.152286155859747,0.571320711146393,102
PETR4,202205,1,0.208886037316491,0.811256351552337,102
PETZ3,202205,1,0.194194984636821,0.778917980253251,102
PRIO3,202205,1,0.181650035363841,0.713376003297405,102
RADL3,202205,1,0.158438723646349,0.627877840211671,102
RAIL3,202205,1,0.140636763024432,0.545340661606043,102
RAIZ4,202205,1,0.138201872967734,0.49151402177724,102
RAPT4,202205,1,0.122251158145295,0.384945438671154,102
RECV3,202205,1,0.203868012684647,0.754230964966424,102
RENT3,202205,1,0.211186718088714,0.864329595272561,102
RRRP3,202205,1,0.182951764557815,0.685361465248008,102
SBFG3,202205,1,0.176346052261921,0.641745977781382,102
SBSP3,202205,1,0.19827019313211,0.709121912453071,102
SIMH3,202205,1,0.102057114276248,0.299197272749877,102
SLCE3,202205,1,0.166521692765107,0.531653537561871,102
SMFT3,202205,1,0.180148099061025,0.770778767856832,102
SMTO3,202205,1,0.111800900037864,0.338187248266257,102
SOMA3,202205,1,0.212097534402927,0.860737084478704,102
STBP3,202205,1,0.137469882082287,0.466595780218799,102
SUZB3,202205,1,0.156342409130376,0.633080206984179,102
TEND3,202205,1,0.0825479973149892,0.272295122925057,102
TFCO4,202205,1,0.0869014400447237,0.276179870134687,102
TIMS3,202205,1,0.154281424498132,0.592545519533574,102
TOTS3,202205,1,0.124090309994178,0.466496846847237,102
TTEN3,202205,1,0.104140294329425,0.372133828915003,102
USIM5,202205,1,0.141387903386074,0.527661270199343,102
VALE3,202205,1,0.227007029529304,0.842479164661253,102
VAMO3,202205,1,0.131511647161299,0.417042309336305,102
VBBR3,202205,1,0.210701211383288,0.818769631625929,102
VITT3,202205,1,0.100305167507191,0.322909400708395,102
VIVA3,202205,1,0.229822954918195,0.871975781887219,102
VIVT3,202205,1,0.127821382365517,0.40475378433705,102
WEGE3,202205,1,0.126122392290515,0.469550057575454,102
YDUQ3,202205,1,0.141228953101321,0.445363296916391,102
ABEV3,202206,1,0.156074605753379,0.651595192969941,100
ALPA4,202206,1,0.17139487997047,0.706037396889233,100
ALSO3,202206,1,0.138245588154966,0.507532333464277,100
AMBP3,202206,1,0.107161344813646,0.371455117291652,100
AMER3,202206,1,0.153108570775662,0.547084082232213,100
ARZZ3,202206,1,0.162637630539291,0.537951988209995,100
ASAI3,202206,1,0.191883513377798,0.701311408151913,100
B3SA3,202206,1,0.12834108245794,0.425941068831017,100
BBAS3,202206,1,0.201428066081631,0.69570381259725,100
BBDC3,202206,1,0.114979240381905,0.384526765785798,100
BBDC4,202206,1,0.15085877200114,0.497576086182308,100
BBSE3,202206,1,0.107135805729548,0.341326347989574,100
BEEF3,202206,1,0.117792280460458,0.350161997224497,100
BLAU3,202206,1,0.150887764613991,0.519380667789412,100
BMGB4,202206,1,0.0756632408319204,0.249318696508448,100
BRAP4,202206,1,0.0971214546865704,0.302710002643455,100
BRIT3,202206,1,0.142851421499142,0.588390284996144,100
BRML3,202206,1,0.176641075585075,0.667886380906771,100
CBAV3,202206,1,0.145386739837661,0.45799779372083,100
CCRO3,202206,1,0.142051931841736,0.53083694956464,100
CIEL3,202206,1,0.129757790048053,0.387871291097749,100
CMIN3,202206,1,0.089626427516088,0.292752178690002,100
CPFE3,202206,1,0.114185331854939,0.355303614704179,100
CPLE6,202206,1,0.0834720016621581,0.264395216679773,100
CSAN3,202206,1,0.147330003545506,0.52883419369569,100
CYRE3,202206,1,0.155302423639249,0.453559044795972,100
DASA3,202206,1,0.0810371905554547,0.25810437572114,100
DESK3,202206,1,0.123031063812731,0.521550555841812,100
DIRR3,202206,1,0.181579222332325,0.641742162495162,100
DXCO3,202206,1,0.16698198423442,0.557796958858327,100
ELET3,202206,1,0.283402100017926,1,100
ELET6,202206,1,0.163140299157961,0.576394261260663,100
EMBR3,202206,1,0.156871832235181,0.541796064027643,100
ENBR3,202206,1,0.150808304491667,0.477529825932177,100
ENEV3,202206,1,0.225695664299391,0.902155521977991,100
ENJU3,202206,1,0.103646493835877,0.389750817858738,100
EQTL3,202206,1,0.230542602617383,0.878278220341752,100
FIQE3,202206,1,0.140155573710675,0.487990736297475,100
FLRY3,202206,1,0.105936015974093,0.29790744882016,100
GGBR4,202206,1,0.134168914264326,0.445491164305736,100
GGPS3,202206,1,0.147933144235613,0.533726997145849,100
GMAT3,202206,1,0.146633895365672,0.531195104944394,100
GOAU4,202206,1,0.189999919443141,0.645935362111082,100
GOLL4,202206,1,0.0978710975377935,0.286578267963815,100
HAPV3,202206,1,0.225899970613506,0.86070274692218,100
HBSA3,202206,1,0.135363416474678,0.460776251356547,100
HYPE3,202206,1,0.17537906319573,0.603417286250054,100
INTB3,202206,1,0.120810293383832,0.424324158375064,100
ITSA4,202206,1,0.204154462740435,0.706690952830033,100
ITUB4,202206,1,0.263117355805493,0.963212876363052,100
JALL3,202206,1,0.153768207097995,0.524751888414929,100
JBSS3,202206,1,0.113901716657288,0.358612084343784,100
LAVV3,202206,1,0.0951254846888278,0.309617974398193,100
LCAM3,202206,1,0.223835286945197,0.857040494472584,100
LJQQ3,202206,1,0.120291546143273,0.372539423842014,100
LREN3,202206,1,0.266995614250436,0.965837991280388,100
LWSA3,202206,1,0.136313841305794,0.476028064719417,100
MDNE3,202206,1,0.108472783946655,0.349064068775188,100
MEGA3,202206,1,0.146238042211897,0.53039781426106,100
MLAS3,202206,1,0.121707507208276,0.454913990782275,100
MOVI3,202206,1,0.113646571647525,0.376427440991307,100
MRVE3,202206,1,0.181518562984414,0.732713475998662,100
MULT3,202206,1,0.128566178493065,0.456457152816266,100
NINJ3,202206,1,0.0850428596929969,0.290958347466755,100
NTCO3,202206,1,0.190679050618017,0.69912020319497,100
ORVR3,202206,1,0.110598332490797,0.374429187895283,100
PCAR3,202206,1,0.145728118043845,0.506501862685725,100
PETR3,202206,1,0.145244400974114,0.493858035783029,100
PETR4,202206,1,0.202314984526129,0.736180588969932,100
PETZ3,202206,1,0.197960628784989,0.78267079026526,100
PRIO3,202206,1,0.180951252651595,0.696034235569144,100
RADL3,202206,1,0.15510384387708,0.589435512457214,100
RAIL3,202206,1,0.126717978335886,0.468503470238216,100
RECV3,202206,1,0.237556443503809,0.847719787658115,100
RENT3,202206,1,0.222785861688092,0.857211288462266,100
RRRP3,202206,1,0.185112812219575,0.636774708269278,100
SBFG3,202206,1,0.180819204895528,0.635505086994841,100
SBSP3,202206,1,0.182351579112965,0.633990811013394,100
SIMH3,202206,1,0.101455270755946,0.286538101428138,100
SLCE3,202206,1,0.16765921070095,0.543889446423685,100
SMFT3,202206,1,0.17445404418645,0.736163695892964,100
SMTO3,202206,1,0.101466378406208,0.29823991059443,100
SOMA3,202206,1,0.220596216823557,0.872539698054291,100
STBP3,202206,1,0.128857969079919,0.424881097576887,100
SUZB3,202206,1,0.136877394887297,0.509622992722983,100
TEND3,202206,1,0.0722215914060942,0.229752104999327,100
TFCO4,202206,1,0.0917274356544414,0.282526075195491,100
TIMS3,202206,1,0.202734411304042,0.677757126685098,100
TOTS3,202206,1,0.118662514719775,0.421700226961256,100
TTEN3,202206,1,0.103463062926424,0.360057259316228,100
USIM3,202206,1,0.0521820324067398,0.175620539153335,100
USIM5,202206,1,0.102694472572139,0.333155829707453,100
VALE3,202206,1,0.220566872602404,0.776722258856833,100
VAMO3,202206,1,0.125248604217025,0.388779140034878,100
VBBR3,202206,1,0.191890765432861,0.693747747463428,100
VIIA3,202206,1,0.114155917533413,0.364159929447906,100
VIVA3,202206,1,0.239615310403277,0.889540767038291,100
VIVT3,202206,1,0.149538562982674,0.48002501831445,100
WEGE3,202206,1,0.104667753404767,0.371952687051539,100
YDUQ3,202206,1,0.131859042963466,0.395776455635284,100
ALPA4,202208,1,0.139268245106948,0.593359025173267,100
ALSO3,202208,1,0.138328162837721,0.502061130336715,100
AMBP3,202208,1,0.0955822693434554,0.323860463025546,100
AMER3,202208,1,0.187076979758684,0.676554470666635,100
ARZZ3,202208,1,0.196207527274146,0.672373900466458,100
ASAI3,202208,1,0.191904359003746,0.697780312321124,100
B3SA3,202208,1,0.170606950292007,0.552533999761309,100
BBAS3,202208,1,0.217009383679102,0.754897591069102,100
BBDC3,202208,1,0.10040405573361,0.335677311902961,100
BBDC4,202208,1,0.181783412555613,0.598147683354846,100
BBSE3,202208,1,0.136894287560971,0.426640977980616,100
BEEF3,202208,1,0.148629671443086,0.4437106965396,100
BLAU3,202208,1,0.182159152749542,0.639498427570151,100
BMGB4,202208,1,0.127572422260852,0.359195046527214,100
BPAN4,202208,1,0.0981797852392626,0.277310093889897,100
BRAP4,202208,1,0.127119597431322,0.384246154782405,100
BRKM5,202208,1,0.0986540915831432,0.312797221832852,100
BRML3,202208,1,0.140299228940769,0.476701182466744,100
CBAV3,202208,1,0.131511690379151,0.430838584856279,100
CCRO3,202208,1,0.138719898511143,0.495233917698283,100
CIEL3,202208,1,0.1486039816107,0.48288865366584,100
CMIN3,202208,1,0.0786448315056301,0.263627356317172,100
COGN3,202208,1,0.122803287742915,0.331033139763238,100
CPFE3,202208,1,0.131935728915189,0.416568174211697,100
CPLE6,202208,1,0.0918791357802944,0.282665330573724,100
CSAN3,202208,1,0.141660861953802,0.496566480047498,100
CSMG3,202208,1,0.161352909348411,0.536393987160119,100
CYRE3,202208,1,0.179436708022603,0.567420251701588,100
DASA3,202208,1,0.069805363612327,0.219534642959321,100
DIRR3,202208,1,0.169274913687882,0.600231196604324,100
DXCO3,202208,1,0.149019798575616,0.483056630906163,100
EGIE3,202208,1,0.101545485865216,0.315341455153365,100
ELET3,202208,1,0.272780281637041,0.986764272546495,100
ELET6,202208,1,0.15454501125386,0.531080887968701,100
ENBR3,202208,1,0.154409684005629,0.506595475798419,100
ENEV3,202208,1,0.19148309092237,0.771437865307807,100
ENJU3,202208,1,0.0981763836548703,0.358105668770311,100
EQTL3,202208,1,0.202290994151743,0.77572052190195,100
FIQE3,202208,1,0.12660611384075,0.422233432519281,100
FLRY3,202208,1,0.140559766874623,0.385456830151614,100
GGBR4,202208,1,0.158225921616236,0.590574011138356,100
GGPS3,202208,1,0.158167583704961,0.552352329783855,100
GMAT3,202208,1,0.133162342422036,0.481944725317304,100
GOAU4,202208,1,0.173756808533999,0.600554588832631,100
GOLL4,202208,1,0.0972512388745295,0.277070431341891,100
HAPV3,202208,1,0.195833125350147,0.748541972835847,100
HBSA3,202208,1,0.132287395537701,0.478214323951074,100
HYPE3,202208,1,0.171506469329818,0.600339435393365,100
INTB3,202208,1,0.121105228603641,0.412517251949279,100
IRBR3,202208,1,0.128737343186034,0.350639625022986,100
ITSA4,202208,1,0.204490677318454,0.70146556434506,100
ITUB3,202208,1,0.0627018848027434,0.195127459906077,100
ITUB4,202208,1,0.275811335284698,1,100
JBSS3,202208,1,0.139922050482991,0.445410799000636,100
LAVV3,202208,1,0.0884543128947433,0.26900095961252,100
LJQQ3,202208,1,0.155702571035496,0.519335714029633,100
LREN3,202208,1,0.268870777129226,0.978813192465925,100
LWSA3,202208,1,0.123657414906507,0.428736616514128,100
MDIA3,202208,1,0.114659984555741,0.331893537150177,100
MDNE3,202208,1,0.09674184284952,0.321426030931365,100
MGLU3,202208,1,0.0976096662130688,0.320875272350457,100
MLAS3,202208,1,0.1174486919826,0.436380907027052,100
MULT3,202208,1,0.139310521236511,0.463277211472081,100
NINJ3,202208,1,0.083648657453548,0.266826520701179,100
NTCO3,202208,1,0.135898511044978,0.486813064961358,100
ORVR3,202208,1,0.126569179780163,0.449717343605115,100
PCAR3,202208,1,0.153031789931532,0.496430527259044,100
PETR3,202208,1,0.151328733455703,0.520287387759218,100
PETR4,202208,1,0.167803533257633,0.600510051853706,100
PETZ3,202208,1,0.149392645826875,0.607061790794551,100
PRIO3,202208,1,0.168738202916665,0.644338475592411,100
RADL3,202208,1,0.138281401661735,0.506771364893051,100
RAIL3,202208,1,0.149002059913973,0.548456851291588,100
RAIZ4,202208,1,0.149926712760876,0.467604793157921,100
RECV3,202208,1,0.241994736796791,0.905495249098167,100
RENT3,202208,1,0.225133319794612,0.844792473192901,100
RRRP3,202208,1,0.182970067817285,0.634676183033539,100
SBFG3,202208,1,0.184050643407353,0.659046688075344,100
SBSP3,202208,1,0.205780905945262,0.706984287291666,100
SEER3,202208,1,0.124676631344565,0.361663232433044,100
SEQL3,202208,1,0.0994289060363379,0.292333062578291,100
SIMH3,202208,1,0.101820003840945,0.298920973935321,100
SLCE3,202208,1,0.166303188093294,0.536564584393878,100
SMTO3,202208,1,0.111915452732009,0.334004816597904,100
SOMA3,202208,1,0.189132136302592,0.744913920939704,100
STBP3,202208,1,0.130559179055541,0.429961567250265,100
SUZB3,202208,1,0.123865427513369,0.469349975750947,100
TEND3,202208,1,0.066435394358493,0.193520183234444,100
TFCO4,202208,1,0.102762068514409,0.322374045631119,100
TIMS3,202208,1,0.154656318534451,0.535159652228155,100
TOTS3,202208,1,0.119888057551459,0.429510475307886,100
TTEN3,202208,1,0.124236495921413,0.426009149176649,100
VALE3,202208,1,0.174645847706468,0.573233047601608,100
VAMO3,202208,1,0.110750097445121,0.350819280301257,100
VBBR3,202208,1,0.200125734356078,0.725949705378332,100
VIIA3,202208,1,0.114880199173717,0.325032905702515,100
VIVA3,202208,1,0.211560319255875,0.801230513147079,100
VIVT3,202208,1,0.127368496978047,0.394896337108491,100
WEGE3,202208,1,0.111024219585437,0.375548841144726,100
YDUQ3,202208,1,0.146904442819509,0.423403460711277,100
ABEV3,202209,1,0.1513568477728,0.57074581775378,97
ALPA4,202209,1,0.147083324411672,0.590397077043319,97
ALSO3,202209,1,0.143595284301923,0.46522581650963,97
AMBP3,202209,1,0.111744344635167,0.348555378881129,97
AMER3,202209,1,0.18129786665645,0.587385859151509,97
ARZZ3,202209,1,0.198312802023443,0.616663105558283,97
ASAI3,202209,1,0.189831519533575,0.628520618701118,97
B3SA3,202209,1,0.194160895133792,0.625152506245042,97
BBAS3,202209,1,0.211134698919336,0.652603729169185,97
BBDC3,202209,1,0.117432711462996,0.352919819253328,97
BBDC4,202209,1,0.175934398764468,0.523897907832547,97
BBSE3,202209,1,0.131134042885613,0.369221260405375,97
BEEF3,202209,1,0.121850553342706,0.322225839999646,97
BLAU3,202209,1,0.179697674749,0.601393275071084,97
BMGB4,202209,1,0.0896560176293608,0.25103844538899,97
BRAP4,202209,1,0.140614422823068,0.367575866502873,97
BRKM5,202209,1,0.101264617409236,0.282511068266682,97
BRML3,202209,1,0.167325598123657,0.529602348134672,97
BRPR3,202209,1,0.105958861082792,0.324492855236128,97
CBAV3,202209,1,0.113409730199506,0.324481299260224,97
CCRO3,202209,1,0.187199854010929,0.604427907024283,97
CEAB3,202209,1,0.0733044502060242,0.190131532962363,97
CIEL3,202209,1,0.1552398294919,0.476354748292312,97
CMIN3,202209,1,0.0801361445520355,0.240151589691243,97
COGN3,202209,1,0.133185341065631,0.403069322355921,97
CPFE3,202209,1,0.128679770976999,0.366569528547567,97
CPLE6,202209,1,0.146923414736397,0.45447478876172,97
CSAN3,202209,1,0.151530802992582,0.495635087984663,97
CSMG3,202209,1,0.154743462431362,0.4601467736096,97
CYRE3,202209,1,0.247667163220399,0.757730884939731,97
DASA3,202209,1,0.0550393750488112,0.161034079115857,97
DIRR3,202209,1,0.178186687010413,0.579085567332042,97
EGIE3,202209,1,0.102012491946897,0.300661153698612,97
ELET3,202209,1,0.299069382458459,1,97
ELET6,202209,1,0.166797855372618,0.524260453441017,97
ENEV3,202209,1,0.204011546962334,0.767641959755211,97
ENJU3,202209,1,0.0931192863849271,0.311734910339579,97
EQTL3,202209,1,0.216969494550693,0.77515842089451,97
FLRY3,202209,1,0.117107219711446,0.311615891165603,97
GGBR4,202209,1,0.164933123808971,0.575024395669595,97
GGPS3,202209,1,0.166499570405378,0.544877692280022,97
GMAT3,202209,1,0.135671447896498,0.45009376425201,97
GOAU4,202209,1,0.158893181523678,0.492506745560848,97
GOLL4,202209,1,0.0840333379170263,0.216364273130779,97
HAPV3,202209,1,0.2133529726933,0.764542890447419,97
HBSA3,202209,1,0.135930473801955,0.454251204687506,97
HYPE3,202209,1,0.167274611785319,0.534930157226984,97
IGTI11,202209,1,0.112129118465408,0.346268218478479,97
INTB3,202209,1,0.117360817447297,0.361239266976797,97
IRBR3,202209,1,0.149956219147118,0.41081682991157,97
ITSA4,202209,1,0.242706434355492,0.79813653767207,97
ITUB4,202209,1,0.280671867109477,0.933438442810855,97
JBSS3,202209,1,0.149933480385746,0.427882627174395,97
LJQQ3,202209,1,0.112618139020802,0.306353533104835,97
LREN3,202209,1,0.260822720358259,0.87563422784384,97
LWSA3,202209,1,0.127912042063074,0.410426009924931,97
MDIA3,202209,1,0.111302752191109,0.292556621834984,97
MDNE3,202209,1,0.101854481956325,0.306076552373705,97
MGLU3,202209,1,0.099538032492189,0.293827260594449,97
MLAS3,202209,1,0.110956762597329,0.3818174348584,97
MULT3,202209,1,0.137807403834269,0.422980085258873,97
NINJ3,202209,1,0.0770901433117901,0.22246629844822,97
NTCO3,202209,1,0.19563062376211,0.659245146880599,97
PCAR3,202209,1,0.159234639233221,0.489553580691379,97
PETR3,202209,1,0.140547659862725,0.436283822397248,97
PETR4,202209,1,0.130852838957105,0.40751805983279,97
PETZ3,202209,1,0.150663254503471,0.580410259247797,97
PRIO3,202209,1,0.181048103097807,0.64603741971118,97
RADL3,202209,1,0.14479790425657,0.49235180363764,97
RAIL3,202209,1,0.165893919976479,0.561080868706788,97
RAIZ4,202209,1,0.164412315114022,0.484452502284944,97
RAPT4,202209,1,0.112372939411873,0.300537188713912,97
RECV3,202209,1,0.240368435738267,0.83678817184324,97
RENT3,202209,1,0.234379515894568,0.825421739101743,97
RRRP3,202209,1,0.185436587563358,0.579132069939396,97
SBFG3,202209,1,0.199829574459927,0.65391770449155,97
SBSP3,202209,1,0.195413518678592,0.612496394676267,97
SEER3,202209,1,0.113752830093026,0.279230712363343,97
SEQL3,202209,1,0.0943684766535837,0.252641939414531,97
SIMH3,202209,1,0.104156210048496,0.268702303669773,97
SLCE3,202209,1,0.190226048650004,0.563567948882748,97
SMTO3,202209,1,0.115186123876369,0.311466421373057,97
SOMA3,202209,1,0.211439219338522,0.771527223627813,97
STBP3,202209,1,0.134855735554037,0.395619843273519,97
TEND3,202209,1,0.0524201029780361,0.136309773156203,97
TFCO4,202209,1,0.098875146880767,0.276816489679572,97
TIMS3,202209,1,0.157765318218825,0.483426253331524,97
TOTS3,202209,1,0.130791096735931,0.429998647323928,97
TTEN3,202209,1,0.122682412215102,0.38620071857374,97
VALE3,202209,1,0.190601403493214,0.558639084172822,97
VAMO3,202209,1,0.123933979163428,0.348169944511857,97
VBBR3,202209,1,0.215717579037239,0.721044884723435,97
VIIA3,202209,1,0.0990133796228369,0.254070571268611,97
VIVA3,202209,1,0.2261366073842,0.790808054784709,97
VIVT3,202209,1,0.105904736547586,0.294432206813317,97
WEGE3,202209,1,0.109753786066903,0.348696413086609,97
YDUQ3,202209,1,0.152413569514044,0.460976222263136,97
ABEV3,202210,1,0.142130225713804,0.570272157016135,96
ALPA4,202210,1,0.143552167021395,0.611407037293342,96
ALSO3,202210,1,0.155593111853721,0.556057612359079,96
AMBP3,202210,1,0.0620783526707655,0.208606927302199,96
AMER3,202210,1,0.199548056032222,0.725531554424392,96
ARZZ3,202210,1,0.19591020458452,0.676428907636983,96
ASAI3,202210,1,0.195908027648132,0.724781730535046,96
B3SA3,202210,1,0.203155369831019,0.700216360343108,96
BBAS3,202210,1,0.203104872461125,0.705153524272734,96
BBDC3,202210,1,0.118330427111414,0.387963480384215,96
BBDC4,202210,1,0.158136704959501,0.52522479653593,96
BBSE3,202210,1,0.166242891990263,0.531705119937962,96
BEEF3,202210,1,0.150045229886089,0.427924838020137,96
BLAU3,202210,1,0.17849093565315,0.651631827084932,96
BMGB4,202210,1,0.0625672811681819,0.208537299296051,96
BPAN4,202210,1,0.0976671308618911,0.268871092422056,96
BRAP4,202210,1,0.146004033137092,0.429447931480198,96
BRKM5,202210,1,0.1134369198402,0.340287624417282,96
BRML3,202210,1,0.168472962776207,0.566035161785258,96
BRPR3,202210,1,0.125110032041183,0.412481259409035,96
CBAV3,202210,1,0.137470984505536,0.438016655570252,96
CCRO3,202210,1,0.183526189440176,0.647485806838084,96
CIEL3,202210,1,0.128457980655979,0.423444005807326,96
CMIN3,202210,1,0.0889499817804393,0.310057507390643,96
COGN3,202210,1,0.136784762625786,0.390333156415678,96
CPFE3,202210,1,0.136950193441075,0.424458032375635,96
CRFB3,202210,1,0.155163956824068,0.56256963047077,96
CSAN3,202210,1,0.133835793535592,0.440524391820396,96
CSMG3,202210,1,0.208423940810912,0.742847679029731,96
CYRE3,202210,1,0.21044666222509,0.670650185074567,96
DASA3,202210,1,0.0533657961333096,0.168546121883726,96
DIRR3,202210,1,0.189951806112621,0.656515246003834,96
EGIE3,202210,1,0.100256340464145,0.336810046920943,96
ELET3,202210,1,0.276263721880195,1,96
ELET6,202210,1,0.160571010202425,0.558031871705722,96
ENBR3,202210,1,0.167587011235402,0.573395880942653,96
ENEV3,202210,1,0.186213385531726,0.749590978870412,96
ENJU3,202210,1,0.0902476496635226,0.331920224350637,96
EQTL3,202210,1,0.201036860008307,0.768827275395789,96
EZTC3,202210,1,0.112812815390928,0.326866822411666,96
FLRY3,202210,1,0.118593661079722,0.329421999309633,96
GGBR4,202210,1,0.16052934537413,0.600820849362047,96
GGPS3,202210,1,0.17727612929835,0.608082924532531,96
GMAT3,202210,1,0.142295040371258,0.519792715973558,96
GOAU4,202210,1,0.199938956733054,0.695771835289548,96
GOLL4,202210,1,0.0736056912343491,0.212846101479817,96
HAPV3,202210,1,0.229319896380795,0.87403746095396,96
HBSA3,202210,1,0.133829245370876,0.482882590749656,96
HYPE3,202210,1,0.186287995181416,0.649563821006714,96
INTB3,202210,1,0.130209646037048,0.413736207226579,96
ITSA4,202210,1,0.223378468110052,0.820397103136657,96
ITUB4,202210,1,0.265292056396257,0.972303394449458,96
JBSS3,202210,1,0.131159069716896,0.416807818255401,96
LJQQ3,202210,1,0.10963416032412,0.326223141920563,96
LREN3,202210,1,0.269797927589721,0.994428910858714,96
LWSA3,202210,1,0.136432466133817,0.478728576191018,96
MATD3,202210,1,0.106258608443351,0.367556445596149,96
MDIA3,202210,1,0.0995830767754835,0.282653609672153,96
MDNE3,202210,1,0.0944930583856304,0.314580584746641,96
MGLU3,202210,1,0.10800439566604,0.36220331829028,96
MULT3,202210,1,0.143319711133258,0.474045833968935,96
NINJ3,202210,1,0.0707266456226585,0.224693447255329,96
NTCO3,202210,1,0.178374012860539,0.658440865500292,96
ORVR3,202210,1,0.136059347888875,0.49137497659385,96
PCAR3,202210,1,0.154196627560131,0.508133007481137,96
PETR3,202210,1,0.180253545638551,0.636968348200567,96
PETR4,202210,1,0.130415121769298,0.449646306008787,96
PRIO3,202210,1,0.182496006842297,0.710401660215747,96
PSSA3,202210,1,0.144438076238591,0.519492429832583,96
RADL3,202210,1,0.12444019117421,0.419033986244959,96
RAIL3,202210,1,0.161194033781471,0.575961132920629,96
RAIZ4,202210,1,0.165174773668499,0.519048256445481,96
RAPT4,202210,1,0.154895671059862,0.479654384360922,96
RECV3,202210,1,0.244511529695819,0.926783906517175,96
RENT3,202210,1,0.221929890069549,0.834467403753091,96
RRRP3,202210,1,0.19849740765366,0.695751815534148,96
SBFG3,202210,1,0.210084296717735,0.756672366205339,96
SBSP3,202210,1,0.237832848576013,0.834620210471756,96
SIMH3,202210,1,0.103556560851225,0.296824792716989,96
SLCE3,202210,1,0.184566775218266,0.58801749015582,96
SMTO3,202210,1,0.117373014865024,0.355262320510138,96
SOMA3,202210,1,0.201401203871415,0.784925982021639,96
STBP3,202210,1,0.12373210863371,0.399139064670779,96
TEND3,202210,1,0.0418681773596615,0.120352889718112,96
TFCO4,202210,1,0.102478439755998,0.300461013165644,96
TIMS3,202210,1,0.165370237791565,0.553523609253024,96
TOTS3,202210,1,0.127848643373108,0.44669737509471,96
TTEN3,202210,1,0.141569394011818,0.454962016251969,96
USIM3,202210,1,0.0711158206815126,0.21203167353015,96
VALE3,202210,1,0.197521847773204,0.683863188338406,96
VAMO3,202210,1,0.119365670549064,0.362352297479673,96
VBBR3,202210,1,0.226843862589949,0.833240459106592,96
VIVA3,202210,1,0.228910372971601,0.868014925907908,96
VIVT3,202210,1,0.0998621957668467,0.315591922151638,96
VVEO3,202210,1,0.105334378406787,0.338631895602275,96
WEGE3,202210,1,0.103001939527593,0.326295993825356,96
ABEV3,202211,1,0.163015024618213,0.634348127442877,95
ALSO3,202211,1,0.139207961836955,0.473176611233894,95
AMBP3,202211,1,0.0590101904051575,0.202498738287518,95
AMER3,202211,1,0.18050563955822,0.659982411056586,95
ARZZ3,202211,1,0.201054353894727,0.708796353396775,95
ASAI3,202211,1,0.173755046497661,0.6331681025341,95
B3SA3,202211,1,0.183464785306444,0.693353761152142,95
BBAS3,202211,1,0.185606958408472,0.638823255004648,95
BBDC3,202211,1,0.0937927413710571,0.297439455286866,95
BBDC4,202211,1,0.159580816402972,0.523281932826251,95
BBSE3,202211,1,0.198445992414992,0.665595933159443,95
BEEF3,202211,1,0.141584252200298,0.411723500067137,95
BLAU3,202211,1,0.183067195134983,0.685574441125423,95
BMGB4,202211,1,0.0558833352323218,0.185736736575138,95
BPAC11,202211,1,0.0655006817318337,0.223989191406465,95
BPAN4,202211,1,0.100060547082544,0.296999972928023,95
BRAP4,202211,1,0.137594355921208,0.41506760745277,95
BRKM5,202211,1,0.106761247956485,0.318484727257962,95
BRML3,202211,1,0.17426858670215,0.619017415179642,95
BRPR3,202211,1,0.130361238936141,0.45319900721968,95
CBAV3,202211,1,0.132002000799916,0.447429463888797,95
CCRO3,202211,1,0.182874701017024,0.670996863316467,95
CIEL3,202211,1,0.171253609873747,0.611849083683661,95
CMIG4,202211,1,0.184252026024833,0.678333743583554,95
CPFE3,202211,1,0.136661307938041,0.434192108883081,95
CPLE6,202211,1,0.184503721030969,0.671446716615153,95
CRFB3,202211,1,0.156202081058217,0.571214983800193,95
CSAN3,202211,1,0.133189045178189,0.434694665190454,95
CSMG3,202211,1,0.197848297884498,0.702675437883095,95
CYRE3,202211,1,0.198890693549924,0.649839947396054,95
DASA3,202211,1,0.0460331082141017,0.156771434656575,95
DIRR3,202211,1,0.187962584692863,0.672492734080246,95
EGIE3,202211,1,0.0881295652131324,0.289271834207599,95
ELET3,202211,1,0.27636601617256,1,95
ELET6,202211,1,0.149820191482907,0.525885668259615,95
ENBR3,202211,1,0.170615248470101,0.592718078470697,95
ENEV3,202211,1,0.179941956998458,0.72153795095167,95
ENJU3,202211,1,0.0952649217060512,0.328292022698128,95
EQTL3,202211,1,0.195207524155241,0.736673691843023,95
EZTC3,202211,1,0.0840582676991304,0.237139748261832,95
FLRY3,202211,1,0.116689401403206,0.316772478595953,95
GGBR4,202211,1,0.193625136524168,0.697502887903846,95
GGPS3,202211,1,0.146816621979565,0.502126436606579,95
GMAT3,202211,1,0.141401930152332,0.514422189027552,95
GOAU4,202211,1,0.212504342262921,0.762645180240622,95
HAPV3,202211,1,0.213532348110738,0.820823597518148,95
HBSA3,202211,1,0.121436876929898,0.410836425379011,95
HYPE3,202211,1,0.186292083868329,0.646136408191928,95
INTB3,202211,1,0.113897603965964,0.365503234741871,95
ITSA4,202211,1,0.211106361404386,0.810726363066439,95
ITUB4,202211,1,0.259550897612632,0.908303912549241,95
JBSS3,202211,1,0.114605178482696,0.354923042057844,95
LREN3,202211,1,0.230798451231095,0.82405050145596,95
LWSA3,202211,1,0.122566342830367,0.448525918412765,95
MATD3,202211,1,0.117647043002953,0.42648348561096,95
MDIA3,202211,1,0.081890302732845,0.226825936595486,95
MDNE3,202211,1,0.087696183077834,0.29980807866873,95
MEGA3,202211,1,0.106740969034852,0.363195606029283,95
MGLU3,202211,1,0.0907912816564298,0.305599118888762,95
MULT3,202211,1,0.135312075704872,0.443147433703437,95
NINJ3,202211,1,0.065470738037827,0.207071063608754,95
NTCO3,202211,1,0.198894716316215,0.759368680746663,95
ORVR3,202211,1,0.116935535074547,0.393324188002358,95
PCAR3,202211,1,0.164505829098164,0.592016690848666,95
PETR3,202211,1,0.142365620049234,0.48856571020468,95
PETR4,202211,1,0.144944327001894,0.504444078607127,95
PRIO3,202211,1,0.178200733835251,0.663584041580936,95
PSSA3,202211,1,0.151133364976583,0.528725180403322,95
RADL3,202211,1,0.127520429047089,0.416813328960411,95
RAIL3,202211,1,0.135432221925762,0.470931166615548,95
RAIZ4,202211,1,0.168417248281954,0.612926884990916,95
RAPT4,202211,1,0.157997103332081,0.540457840211278,95
RECV3,202211,1,0.22252377467051,0.847885949200881,95
RENT3,202211,1,0.210977358834438,0.792436932944206,95
RRRP3,202211,1,0.187736225758784,0.693724183183212,95
SBFG3,202211,1,0.203500830655603,0.751870736346098,95
SBSP3,202211,1,0.232276330832166,0.816220094798667,95
SIMH3,202211,1,0.0852988662689673,0.24872263927087,95
SLCE3,202211,1,0.189003579269062,0.65924229815429,95
SMTO3,202211,1,0.130986979726365,0.409033961554953,95
SOMA3,202211,1,0.206835459749481,0.813798517504553,95
STBP3,202211,1,0.121327259062398,0.389398671850306,95
TFCO4,202211,1,0.0924650936346779,0.271700215773207,95
TIMS3,202211,1,0.162539261684576,0.555986274197884,95
TOTS3,202211,1,0.123192398335342,0.422679411603669,95
TTEN3,202211,1,0.0887426264907414,0.247573678760787,95
USIM3,202211,1,0.0682538925712344,0.203360393634046,95
VALE3,202211,1,0.216092005134615,0.760377612261291,95
VAMO3,202211,1,0.104773547279811,0.327685053448914,95
VBBR3,202211,1,0.241351607187455,0.881295894319037,95
VIVA3,202211,1,0.220560334757571,0.822109839319702,95
VIVT3,202211,1,0.10166562670838,0.322591769092298,95
VVEO3,202211,1,0.131710064822605,0.459478084559554,95
WEGE3,202211,1,0.105008995650139,0.335084868248684,95
YDUQ3,202211,1,0.106508679825538,0.337202783732533,95
AALR3,202301,1,0.0597437151842679,0.239549829557605,107
ABEV3,202301,1,0.133159870910901,0.667812901975432,107
ALPA4,202301,1,0.13698929040174,0.723706648234069,107
ALSO3,202301,1,0.146424921131738,0.617244879744529,107
AMBP3,202301,1,0.0379039981394152,0.134450157802836,107
ANIM3,202301,1,0.109203247402354,0.572092954825843,107
ARZZ3,202301,1,0.17103815269347,0.824896348447064,107
ASAI3,202301,1,0.150910393679124,0.712442597133394,107
AZUL4,202301,1,0.123811540023616,0.565778565263074,107
B3SA3,202301,1,0.197086123946552,0.948977064744769,107
BBAS3,202301,1,0.174650881563616,0.790187118263704,107
BBDC4,202301,1,0.109469369019406,0.519996166177134,107
BBSE3,202301,1,0.152590103189874,0.696957517970697,107
BEEF3,202301,1,0.11037456008875,0.457326143902256,107
BLAU3,202301,1,0.099880930378484,0.367116624957457,107
BMOB3,202301,1,0.0799192229244194,0.273904685011506,107
BOAS3,202301,1,0.0571978259316692,0.208904489849748,107
BPAC11,202301,1,0.0504063229571292,0.240335876319783,107
BRIT3,202301,1,0.105751660394645,0.480938514282231,107
BRPR3,202301,1,0.0701612306867001,0.283278764633738,107
CASH3,202301,1,0.087032546787169,0.332816262161329,107
CBAV3,202301,1,0.107520614220514,0.457775124391088,107
CCRO3,202301,1,0.13338606083728,0.571215815946543,107
CIEL3,202301,1,0.102715828222309,0.459684176108657,107
CMIN3,202301,1,0.108320046402064,0.492089020644134,107
CPFE3,202301,1,0.113595957682865,0.523984966334598,107
CPLE3,202301,1,0.0894205608606905,0.342921888030839,107
CPLE6,202301,1,0.11410069936811,0.482230428620986,107
CSAN3,202301,1,0.129449575853113,0.658609989272193,107
CSMG3,202301,1,0.14696805160778,0.600101563575809,107
CURY3,202301,1,0.0880145575590281,0.362560060612165,107
CYRE3,202301,1,0.108234072973354,0.572405923813277,107
DESK3,202301,1,0.0944724348118652,0.438930051634835,107
DIRR3,202301,1,0.0613596340430952,0.251055151562051,107
EGIE3,202301,1,0.0931515028580482,0.463970939429838,107
ELET3,202301,1,0.0652090921624416,0.31595882043291,107
ELET6,202301,1,0.0695677315968691,0.31806171784259,107
EMBR3,202301,1,0.135544964299815,0.612694614557275,107
ENBR3,202301,1,0.121078271926119,0.53813437269816,107
ENEV3,202301,1,0.169773595010726,0.871323943890793,107
ENJU3,202301,1,0.0776960181918236,0.387549424665368,107
EQTL3,202301,1,0.157877856538041,0.75597244142226,107
GGBR4,202301,1,0.172857566455073,0.823262512757411,107
GGPS3,202301,1,0.107789262120472,0.494736876222451,107
GMAT3,202301,1,0.117578151718089,0.531669629997632,107
GOAU4,202301,1,0.182482830406808,0.842167197248909,107
HAPV3,202301,1,0.200149153825117,0.969426418656308,107
HBRE3,202301,1,0.0532171650247291,0.25330183712411,107
HYPE3,202301,1,0.107386797726459,0.464946815094025,107
IGTI11,202301,1,0.100904955609965,0.433149776686164,107
INTB3,202301,1,0.0824253266646913,0.382948571935016,107
ITSA4,202301,1,0.202435821928142,0.992662530951732,107
ITUB4,202301,1,0.219019919609462,1,107
JALL3,202301,1,0.0874523217834243,0.337923806742573,107
JBSS3,202301,1,0.133054694044143,0.590918235308988,107
LREN3,202301,1,0.174747940782005,0.809516815232319,107
LWSA3,202301,1,0.0978100913259338,0.46876077544591,107
MDNE3,202301,1,0.0686571985359145,0.27563012539199,107
MGLU3,202301,1,0.123633335724727,0.617507869851236,107
MILS3,202301,1,0.0346999065807984,0.119909398616292,107
MLAS3,202301,1,0.0800726852584057,0.327820233931555,107
MRFG3,202301,1,0.109605289309789,0.493364562399784,107
MRVE3,202301,1,0.106752019742469,0.513706076074526,107
MULT3,202301,1,0.110733629115345,0.523799756233004,107
NEOE3,202301,1,0.0610100126858688,0.220461034715658,107
NINJ3,202301,1,0.0659548848445263,0.294608958458036,107
NTCO3,202301,1,0.144030155798667,0.743232506862853,107
ODPV3,202301,1,0.059000375402718,0.204734336061441,107
ONCO3,202301,1,0.132379202897249,0.658973477954393,107
OPCT3,202301,1,0.0351141167322382,0.11457650409693,107
ORVR3,202301,1,0.0512502967450723,0.163855667606004,107
PARD3,202301,1,0.0782406062853371,0.321866381005345,107
PETR4,202301,1,0.0975311843623935,0.461497417207336,107
PETZ3,202301,1,0.110222507434354,0.554704046403996,107
PGMN3,202301,1,0.0402503259370222,0.14953364568031,107
PNVL3,202301,1,0.0585514367590946,0.202832625758258,107
PRIO3,202301,1,0.152191476274652,0.710433583841071,107
PSSA3,202301,1,0.130842293564912,0.549752230837977,107
RADL3,202301,1,0.132793770120802,0.684084244118667,107
RAIL3,202301,1,0.0878514616361725,0.404693332014053,107
RAIZ4,202301,1,0.101837500221439,0.419404438255915,107
RANI3,202301,1,0.0507025418451495,0.193208372986843,107
RECV3,202301,1,0.133136297066944,0.63702491585418,107
RENT3,202301,1,0.189444222601331,0.948935461102469,107
RRRP3,202301,1,0.129498761617765,0.548687632073283,107
SBFG3,202301,1,0.121583026979321,0.507802028968,107
SBSP3,202301,1,0.167466340533111,0.726112398876621,107
SEQL3,202301,1,0.0709636093087004,0.266437494446601,107
SIMH3,202301,1,0.0439389091794964,0.152169918684925,107
SLCE3,202301,1,0.131742072992934,0.536297614455797,107
SMFT3,202301,1,0.153206181740315,0.788841588785117,107
SMTO3,202301,1,0.105045141718666,0.440474851682943,107
SOJA3,202301,1,0.0631103989330622,0.231688269362793,107
SOMA3,202301,1,0.14043197920829,0.65905129592428,107
SQIA3,202301,1,0.0396139573434691,0.140988330863454,107
SUZB3,202301,1,0.110500108249875,0.526943127013904,107
TFCO4,202301,1,0.0630459433998984,0.245452343475334,107
TIMS3,202301,1,0.107484448938345,0.477539086231278,107
TOTS3,202301,1,0.124282665753491,0.591926156762246,107
TTEN3,202301,1,0.0579920416412414,0.196860317070763,107
VALE3,202301,1,0.137053712318318,0.652171986993303,107
VAMO3,202301,1,0.0945108793818923,0.39575221244724,107
VBBR3,202301,1,0.14199656281588,0.698281241657058,107
VITT3,202301,1,0.101988051789665,0.358493101693328,107
VIVA3,202301,1,0.158859215649924,0.71683964187292,107
VVEO3,202301,1,0.126877019720747,0.629191808292346,107
WEGE3,202301,1,0.162393164154255,0.817713461018049,107
AALR3,202302,1,0.0641614354246824,0.259226799557671,106
ABEV3,202302,1,0.132314225780104,0.641305421980457,106
ALPA4,202302,1,0.122255320365877,0.626996980348367,106
ALSO3,202302,1,0.14390230120008,0.596999313902494,106
AMBP3,202302,1,0.0397540605588575,0.130674395432198,106
ANIM3,202302,1,0.114954336750144,0.568190228115729,106
ARZZ3,202302,1,0.165818693273693,0.77132565775584,106
ASAI3,202302,1,0.144748674579941,0.663912391790466,106
AZUL4,202302,1,0.142665962969123,0.616386635016893,106
B3SA3,202302,1,0.197645232287371,0.930131522991631,106
BBAS3,202302,1,0.148928157920346,0.662953626852207,106
BBDC4,202302,1,0.110072091806972,0.514542201931683,106
BBSE3,202302,1,0.143777045340675,0.63515102650747,106
BEEF3,202302,1,0.116549548972606,0.466619506034095,106
BLAU3,202302,1,0.107142203396429,0.3847127292583,106
BMOB3,202302,1,0.0729806122033294,0.254435722587715,106
BOAS3,202302,1,0.045690505376669,0.165230358119221,106
BRIT3,202302,1,0.106076504804992,0.462839347311584,106
BRPR3,202302,1,0.0693976778310584,0.267896135136031,106
CASH3,202302,1,0.0728909133367017,0.249639948393128,106
CBAV3,202302,1,0.107364705307013,0.438964622835818,106
CCRO3,202302,1,0.1484289376387,0.644482768799295,106
CIEL3,202302,1,0.115210817657166,0.48414145725757,106
CMIN3,202302,1,0.11324659502248,0.463564273593978,106
CPFE3,202302,1,0.111549901676185,0.496857834261081,106
CPLE3,202302,1,0.0869364555640557,0.323441561486264,106
CPLE6,202302,1,0.116313436524114,0.476835027248864,106
CSAN3,202302,1,0.121377428794556,0.600234146768476,106
CSMG3,202302,1,0.136593200909434,0.517329920876863,106
CURY3,202302,1,0.0960145126469075,0.384708559085092,106
DESK3,202302,1,0.0874329298197501,0.390841333380372,106
DIRR3,202302,1,0.0646972261778622,0.251547670802518,106
EGIE3,202302,1,0.107433811155811,0.495597539349096,106
ELET3,202302,1,0.0580211278453961,0.267829724307375,106
ELET6,202302,1,0.0598494914443252,0.258717006309242,106
EMBR3,202302,1,0.136968623652688,0.599430326067167,106
ENBR3,202302,1,0.119566718546637,0.508261451525589,106
ENEV3,202302,1,0.160438593903703,0.797968529803779,106
ENJU3,202302,1,0.0631130821417641,0.300062080625149,106
EQTL3,202302,1,0.159535419405764,0.746036027452868,106
GGBR4,202302,1,0.150408340574203,0.692465344958289,106
GGPS3,202302,1,0.10423703790854,0.462839853776486,106
GMAT3,202302,1,0.113427042028921,0.504163343397658,106
GOAU4,202302,1,0.181737197370713,0.796308446901262,106
HAPV3,202302,1,0.201394447743248,0.941076403728534,106
HBRE3,202302,1,0.0519649049175031,0.234255115263754,106
IGTI11,202302,1,0.0797800597536741,0.337251744024496,106
INTB3,202302,1,0.0759166047975064,0.348825802088161,106
ITSA4,202302,1,0.197273496396232,0.939386442374775,106
ITUB4,202302,1,0.22279940008875,1,106
JALL3,202302,1,0.0846975356024281,0.313864990278111,106
JBSS3,202302,1,0.132680399737004,0.576169745131644,106
LREN3,202302,1,0.171539759530014,0.775669296366837,106
LWSA3,202302,1,0.100266755750936,0.455079549994648,106
MDNE3,202302,1,0.0703516474322395,0.266284790829808,106
MGLU3,202302,1,0.10513362816795,0.494272321790642,106
MILS3,202302,1,0.0382656723572125,0.121941199464897,106
MLAS3,202302,1,0.0786757867345726,0.31518015626174,106
MRFG3,202302,1,0.0996432255594299,0.440911714093739,106
MRVE3,202302,1,0.121331663914593,0.533024439501499,106
MULT3,202302,1,0.106870291008849,0.497200913998143,106
NINJ3,202302,1,0.0657747056028132,0.285259052068,106
NTCO3,202302,1,0.15064159175974,0.731155193591464,106
ODPV3,202302,1,0.0615599810996847,0.219572101873573,106
ONCO3,202302,1,0.128666768549259,0.620125461211002,106
OPCT3,202302,1,0.0373307871312336,0.115570879427318,106
ORVR3,202302,1,0.0561289243851151,0.180158043200209,106
PARD3,202302,1,0.0801341820117926,0.32467841376317,106
PETR4,202302,1,0.0949333852226239,0.441017900705069,106
PETZ3,202302,1,0.109089862952442,0.539843122994376,106
PGMN3,202302,1,0.0380841125482069,0.134745700339576,106
PNVL3,202302,1,0.0616788818861785,0.219898353055377,106
POMO4,202302,1,0.0591456378074448,0.178280578176473,106
PRIO3,202302,1,0.138467242017367,0.635334070617566,106
PSSA3,202302,1,0.138237873057678,0.562516015178131,106
RADL3,202302,1,0.131521435249983,0.652748766487619,106
RAIL3,202302,1,0.0963999814628277,0.421920363234591,106
RAIZ4,202302,1,0.13284652253469,0.532588728224775,106
RANI3,202302,1,0.055893159501225,0.185713720116676,106
RAPT4,202302,1,0.0454249098764243,0.16308047857767,106
RECV3,202302,1,0.128940663002583,0.604877820554411,106
RENT3,202302,1,0.177052392864247,0.84452364201576,106
ROMI3,202302,1,0.0664518461587154,0.210154735200538,106
RRRP3,202302,1,0.126721884933464,0.526903857249032,106
SBFG3,202302,1,0.118004856988679,0.480923929309537,106
SBSP3,202302,1,0.166757801789481,0.7058903506011,106
SEQL3,202302,1,0.0800734779621659,0.282388214341685,106
SIMH3,202302,1,0.0446324743407508,0.13833401320614,106
SLCE3,202302,1,0.14198703404368,0.562810694629407,106
SMFT3,202302,1,0.146306080394887,0.730794986391667,106
SMTO3,202302,1,0.0893069332679166,0.367006725395642,106
SOJA3,202302,1,0.0654493542071099,0.222115787112529,106
SOMA3,202302,1,0.134635248169062,0.620180831913629,106
SUZB3,202302,1,0.118257617650642,0.547708904755007,106
TFCO4,202302,1,0.0684424939123838,0.252221229640853,106
TIMS3,202302,1,0.128282734592074,0.564512501046676,106
TOTS3,202302,1,0.122533676009944,0.5728649153763,106
TTEN3,202302,1,0.0536116503219611,0.172420925189829,106
VALE3,202302,1,0.126270758310047,0.585061859360771,106
VAMO3,202302,1,0.0962557126662318,0.383561965429941,106
VBBR3,202302,1,0.127207468584506,0.608203643764956,106
VITT3,202302,1,0.108921038764562,0.369620233073251,106
VIVA3,202302,1,0.158767585093379,0.685973196909125,106
VIVT3,202302,1,0.108914578897581,0.523898108358156,106
VVEO3,202302,1,0.116137067612791,0.557926777509942,106
WEGE3,202302,1,0.166047475083186,0.797741426743821,106
AALR3,202303,1,0.0734838914120521,0.299513468192125,106
ABEV3,202303,1,0.133922990258567,0.649563408862319,106
ALPA4,202303,1,0.13500218715946,0.705605656005848,106
ALSO3,202303,1,0.13780412385408,0.571591715178769,106
ALUP11,202303,1,0.0499343331183886,0.192939381116373,106
AMBP3,202303,1,0.0411641050232128,0.13673707526488,106
ANIM3,202303,1,0.100306261289763,0.50682078807915,106
ARZZ3,202303,1,0.166787223092542,0.79348664478977,106
ASAI3,202303,1,0.181520898830303,0.836240019058293,106
AZUL4,202303,1,0.150538767026759,0.66220005840956,106
B3SA3,202303,1,0.188700654468941,0.898565133939903,106
BBAS3,202303,1,0.159731694393928,0.709179548245595,106
BBDC4,202303,1,0.105394669900103,0.500439456454744,106
BBSE3,202303,1,0.141103942918456,0.632375574005793,106
BEEF3,202303,1,0.149427191479223,0.599386238878622,106
BLAU3,202303,1,0.105128074763532,0.380149648998891,106
BMOB3,202303,1,0.073540212572862,0.262797453876259,106
BOAS3,202303,1,0.0529073738688471,0.204728330824804,106
BRIT3,202303,1,0.0977189751077237,0.429883340870628,106
BRPR3,202303,1,0.0738394935268633,0.282673003277903,106
CASH3,202303,1,0.084391309285322,0.307430771349047,106
CBAV3,202303,1,0.0981807035187965,0.412546379612308,106
CCRO3,202303,1,0.158989741312512,0.763358650003508,106
CIEL3,202303,1,0.115015483904798,0.499465030155244,106
CLSA3,202303,1,0.073064287455245,0.304796114572668,106
CMIN3,202303,1,0.117785761063925,0.521023003877992,106
CPFE3,202303,1,0.0848906982704571,0.398917507816249,106
CPLE6,202303,1,0.112997613175597,0.480630282849587,106
CSAN3,202303,1,0.132252382065202,0.666339363691952,106
CSMG3,202303,1,0.0859889045799086,0.317720887027662,106
CURY3,202303,1,0.113051421316332,0.441659129140877,106
CYRE3,202303,1,0.123059765855964,0.631119560112586,106
DESK3,202303,1,0.0886047696017866,0.403433386996555,106
DIRR3,202303,1,0.0679906983372143,0.266644135111044,106
EGIE3,202303,1,0.0924640233979241,0.433836405911315,106
ELET3,202303,1,0.0659722291454548,0.301852812440877,106
ELET6,202303,1,0.0566845386505247,0.253708707231076,106
EMBR3,202303,1,0.122136644899316,0.556778994997943,106
ENBR3,202303,1,0.110903344245998,0.438534119606077,106
ENEV3,202303,1,0.158146155999886,0.801196977916177,106
ENGI11,202303,1,0.0942604233450558,0.416978720258123,106
ENJU3,202303,1,0.0728918265169146,0.341506329159257,106
EQTL3,202303,1,0.149342089302934,0.704082210324585,106
GGBR4,202303,1,0.163782776182732,0.747858083325152,106
GGPS3,202303,1,0.0994447810284029,0.433982606046648,106
GOAU4,202303,1,0.183857555639482,0.844513512903043,106
HAPV3,202303,1,0.193706146439131,0.870540641201371,106
HBRE3,202303,1,0.0531151702030523,0.242106078122523,106
HYPE3,202303,1,0.134510944350204,0.614691182139567,106
IGTI11,202303,1,0.0792604725847132,0.321126783801075,106
INTB3,202303,1,0.0804131709669901,0.361320654442346,106
ITSA4,202303,1,0.19414332421474,0.932470813923551,106
ITUB4,202303,1,0.220827985475913,1,106
JALL3,202303,1,0.0803584214932649,0.302161463875724,106
JBSS3,202303,1,0.139869581284871,0.616708929168309,106
LREN3,202303,1,0.170417488910573,0.773568677674846,106
LWSA3,202303,1,0.11137286193038,0.508488856016967,106
MDNE3,202303,1,0.0699535869845831,0.270467484490784,106
MGLU3,202303,1,0.110549226041038,0.532524883848807,106
MILS3,202303,1,0.0260807842153305,0.0913736988211104,106
MLAS3,202303,1,0.07457012635217,0.303168708318271,106
MRFG3,202303,1,0.101256898196518,0.463496763363837,106
MRVE3,202303,1,0.150043612989974,0.639264723188305,106
MULT3,202303,1,0.107608419331773,0.492387108927344,106
NINJ3,202303,1,0.0656806401043217,0.293075112336299,106
NTCO3,202303,1,0.158255995724244,0.789531601972641,106
ODPV3,202303,1,0.0562594832084224,0.190249035595106,106
ONCO3,202303,1,0.112448871936348,0.552982640998791,106
OPCT3,202303,1,0.0492728461445491,0.191193794548255,106
ORVR3,202303,1,0.0500234370942511,0.162262997302269,106
PGMN3,202303,1,0.0354045550236009,0.118022039088275,106
PNVL3,202303,1,0.0677656141439455,0.243875576313289,106
POMO4,202303,1,0.0675445381843705,0.208897933682173,106
PRIO3,202303,1,0.128004839092548,0.565320246261661,106
PSSA3,202303,1,0.119532888478213,0.500024653836562,106
RADL3,202303,1,0.13926121570292,0.708866962270405,106
RAIL3,202303,1,0.0972125935345914,0.416946096656812,106
RAIZ4,202303,1,0.115101425100449,0.458082579326485,106
RANI3,202303,1,0.0539663398714301,0.178891123869438,106
RAPT4,202303,1,0.0637680468286992,0.233352783157561,106
RECV3,202303,1,0.122920134492434,0.568722953116818,106
RENT3,202303,1,0.150125727368949,0.71162993777732,106
ROMI3,202303,1,0.0508404760953224,0.1706982025523,106
RRRP3,202303,1,0.131473014136788,0.559685325058195,106
SBFG3,202303,1,0.127194988957421,0.505037456025766,106
SBSP3,202303,1,0.17079305154232,0.72375528927769,106
SEQL3,202303,1,0.0545758776765122,0.198329163772532,106
SIMH3,202303,1,0.0469996528456705,0.151030892185215,106
SLCE3,202303,1,0.136240828290888,0.548722558940015,106
SMFT3,202303,1,0.150787540792778,0.737790564219556,106
SMTO3,202303,1,0.0998107519501948,0.413515770931269,106
SOJA3,202303,1,0.0569999634548641,0.203559304418247,106
SOMA3,202303,1,0.121602550614755,0.569949817121092,106
SUZB3,202303,1,0.113313183118956,0.539877097353187,106
TFCO4,202303,1,0.0666625173881154,0.261593747528956,106
TIMS3,202303,1,0.131247653360739,0.57696537067953,106
TOTS3,202303,1,0.115436394379189,0.546276604966235,106
TTEN3,202303,1,0.0556189188002698,0.186791631426359,106
VALE3,202303,1,0.125890650368677,0.594388285885685,106
VAMO3,202303,1,0.0990047796105511,0.410178462958139,106
VBBR3,202303,1,0.147114475925041,0.716578243219744,106
VITT3,202303,1,0.105569053422488,0.374403393813214,106
VIVA3,202303,1,0.159901570182089,0.673369031568706,106
VIVT3,202303,1,0.114981239729773,0.53489374128155,106
VVEO3,202303,1,0.134139278235228,0.663690502466145,106
WEGE3,202303,1,0.161827547711125,0.795588036497165,106
AALR3,202305,1,0.068797484169241,0.28274997809635,106
ABEV3,202305,1,0.133532279282479,0.645970407845127,106
ALPA4,202305,1,0.126453844363394,0.653589314854009,106
ALSO3,202305,1,0.141250725109894,0.594028795916659,106
AMBP3,202305,1,0.0404634377943106,0.144932898182325,106
ARZZ3,202305,1,0.162487066029686,0.764591794140721,106
ASAI3,202305,1,0.174452428776717,0.782130439033604,106
AZUL4,202305,1,0.164841746791499,0.70227307569806,106
B3SA3,202305,1,0.20282733701953,0.942790579543101,106
BBAS3,202305,1,0.127937552210856,0.574809120249538,106
BBDC3,202305,1,0.093362663154468,0.397880122015109,106
BBDC4,202305,1,0.0969336491439167,0.465976385984606,106
BBSE3,202305,1,0.147645793114302,0.645697371909873,106
BEEF3,202305,1,0.141236729796574,0.56811408235999,106
BLAU3,202305,1,0.0930538648898394,0.320903024338352,106
BMOB3,202305,1,0.0886729699759759,0.306240463450613,106
BOAS3,202305,1,0.065612981144093,0.263485033241862,106
BRIT3,202305,1,0.0844747784593134,0.368366497313375,106
BRSR6,202305,1,0.0669933082966884,0.222599429623975,106
CASH3,202305,1,0.0901794033315743,0.334948721201054,106
CBAV3,202305,1,0.088359399046505,0.386810462794363,106
CCRO3,202305,1,0.143333698719204,0.695438664237155,106
CEAB3,202305,1,0.0644042813092233,0.228455755348608,106
CIEL3,202305,1,0.1131441306291,0.484477788613875,106
CLSA3,202305,1,0.0589739427330697,0.248929358140686,106
CMIN3,202305,1,0.126073213645468,0.570752414706561,106
CPFE3,202305,1,0.1078581534985,0.475137135209034,106
CPLE6,202305,1,0.121006240180085,0.514650204924657,106
CSAN3,202305,1,0.127522551983994,0.640627862256068,106
CSMG3,202305,1,0.118188769491467,0.437864957407531,106
CURY3,202305,1,0.0975233393360292,0.407492003997952,106
CYRE3,202305,1,0.140818297219793,0.683476184922375,106
DESK3,202305,1,0.0898704101512618,0.400749251206968,106
DIRR3,202305,1,0.074090947096905,0.293258165606139,106
EGIE3,202305,1,0.108237163970202,0.492454449859693,106
ELET3,202305,1,0.0718358617604482,0.324812317970027,106
EMBR3,202305,1,0.127749338682272,0.579676798892644,106
ENBR3,202305,1,0.112885782524019,0.444288602157205,106
ENEV3,202305,1,0.155913463206004,0.774453513389923,106
ENJU3,202305,1,0.0621462108507966,0.30231421426503,106
EQTL3,202305,1,0.134477255253948,0.631591341649835,106
EZTC3,202305,1,0.0433801426773138,0.18081783773587,106
FLRY3,202305,1,0.123897125341583,0.582008692598979,106
GGBR4,202305,1,0.179051212774201,0.825288346071043,106
GGPS3,202305,1,0.0896400113903033,0.398985239138271,106
GOAU4,202305,1,0.187792971056779,0.860241483127299,106
GOLL4,202305,1,0.104234579687548,0.469232696505516,106
HAPV3,202305,1,0.178002878074954,0.814137599969675,106
HBRE3,202305,1,0.0553830565349809,0.261242460161395,106
HYPE3,202305,1,0.144775332237953,0.665581396404112,106
IGTI11,202305,1,0.0706214532934053,0.293581420154008,106
INTB3,202305,1,0.0712946630442524,0.315144933498793,106
ITSA4,202305,1,0.210876553989278,0.974669328953224,106
ITUB4,202305,1,0.220042735259388,1,106
JALL3,202305,1,0.0900909347382422,0.333590124076297,106
JBSS3,202305,1,0.126074117814259,0.553132277059749,106
LREN3,202305,1,0.187944805970712,0.868117804021756,106
LWSA3,202305,1,0.12459537159844,0.565828191873248,106
MDNE3,202305,1,0.0632068323243115,0.253333040014254,106
MGLU3,202305,1,0.111896258351172,0.522202888346735,106
MILS3,202305,1,0.0228204364552186,0.077769179743152,106
MLAS3,202305,1,0.0765645632384804,0.317233164949517,106
MRVE3,202305,1,0.126219051465576,0.52709859368526,106
MULT3,202305,1,0.118860500117243,0.540617151376271,106
NEOE3,202305,1,0.0745979117218972,0.265081389433952,106
NINJ3,202305,1,0.0402493832330204,0.16884121029437,106
NTCO3,202305,1,0.141045363860105,0.69631513783821,106
ODPV3,202305,1,0.0676537700161921,0.25142030446871,106
ONCO3,202305,1,0.117499748355739,0.571360729585403,106
OPCT3,202305,1,0.0542816061591637,0.204291039951456,106
ORVR3,202305,1,0.0574664159575562,0.184681057910481,106
PETZ3,202305,1,0.0960813522681192,0.460160597957956,106
PNVL3,202305,1,0.114175133882557,0.419243783175384,106
POMO4,202305,1,0.0760565205371627,0.261339924238061,106
PRIO3,202305,1,0.141226265803516,0.637333575288847,106
PSSA3,202305,1,0.132853353198891,0.568878724055763,106
RADL3,202305,1,0.131801843253186,0.666415451965043,106
RAIL3,202305,1,0.0993297818459928,0.449151817775498,106
RAIZ4,202305,1,0.112140824538252,0.442433704519156,106
RANI3,202305,1,0.0561173918556935,0.18694010896263,106
RAPT4,202305,1,0.0995998613128487,0.356966113023043,106
RECV3,202305,1,0.12612976290956,0.577724195079938,106
RENT3,202305,1,0.181912366008228,0.875165714265917,106
ROMI3,202305,1,0.0704609137131598,0.233152434784548,106
RRRP3,202305,1,0.125490881712113,0.568692189253082,106
SBFG3,202305,1,0.128457588647834,0.495865893978636,106
SBSP3,202305,1,0.172265748844955,0.734860397448585,106
SIMH3,202305,1,0.0572470311305545,0.209831465205246,106
SLCE3,202305,1,0.120121212505091,0.464796460193143,106
SMFT3,202305,1,0.158124853102397,0.745351943841155,106
SMTO3,202305,1,0.106921283998809,0.436532056901157,106
SOJA3,202305,1,0.0565633657517005,0.196970766524793,106
SOMA3,202305,1,0.117143035257799,0.538481833565858,106
SQIA3,202305,1,0.0484583577009919,0.164201109576638,106
SUZB3,202305,1,0.131774285863371,0.640036474299241,106
TFCO4,202305,1,0.0698617193480156,0.26791539613463,106
TIMS3,202305,1,0.157902465896963,0.711251857420849,106
TOTS3,202305,1,0.117205117388679,0.557362088838456,106
TTEN3,202305,1,0.0505771386578641,0.163709623173257,106
VALE3,202305,1,0.118059168173187,0.564939522238889,106
VAMO3,202305,1,0.100295746785943,0.427006542267408,106
VBBR3,202305,1,0.139060344815312,0.681702562074319,106
VITT3,202305,1,0.113419538235222,0.396599507583351,106
VIVA3,202305,1,0.156292316790144,0.681862506386822,106
VIVT3,202305,1,0.124896265214362,0.576851168878605,106
WEGE3,202305,1,0.176936605580776,0.854456839808046,106
AALR3,202306,1,0.0729035984286966,0.312772508551019,106
ABEV3,202306,1,0.125659666440566,0.627501944327479,106
ALSO3,202306,1,0.150593083655681,0.674915058068405,106
AMBP3,202306,1,0.0400243439980696,0.15010806604788,106
ANIM3,202306,1,0.0725467774461281,0.363454600921617,106
ARZZ3,202306,1,0.164112073569,0.781447944709453,106
ASAI3,202306,1,0.179554178545383,0.833656935267837,106
AZUL4,202306,1,0.168220764315008,0.742827323444387,106
B3SA3,202306,1,0.20126424876646,0.954259750071432,106
BBAS3,202306,1,0.160470646951381,0.742739029735763,106
BBDC4,202306,1,0.101138165942775,0.497504699357449,106
BBSE3,202306,1,0.122926459766646,0.568569462438552,106
BEEF3,202306,1,0.133366521352064,0.566745258199678,106
BLAU3,202306,1,0.0620595641997046,0.209683108430961,106
BMOB3,202306,1,0.0939412899454775,0.356057094644582,106
BOAS3,202306,1,0.0778460575434767,0.329543728856151,106
BPAC11,202306,1,0.118089507549212,0.56865642014254,106
BRIT3,202306,1,0.0751183132126237,0.337928498891789,106
BRKM5,202306,1,0.0744240349184793,0.347632230823769,106
BRSR6,202306,1,0.0896809473412503,0.306207814207613,106
CASH3,202306,1,0.116920237542301,0.485940591231341,106
CBAV3,202306,1,0.0806702971447742,0.353067364100055,106
CCRO3,202306,1,0.151976082050088,0.729393273905902,106
CEAB3,202306,1,0.0627046599508098,0.230927641152586,106
CIEL3,202306,1,0.137713290307563,0.612979849136436,106
CMIN3,202306,1,0.131419363060612,0.604869492021736,106
CPFE3,202306,1,0.108847258727028,0.499312839559842,106
CPLE6,202306,1,0.119301657992656,0.543597660931398,106
CSAN3,202306,1,0.136705621789763,0.678913828587448,106
CSMG3,202306,1,0.11751377702669,0.464527447354505,106
CURY3,202306,1,0.114015746593182,0.504222837124335,106
CYRE3,202306,1,0.166615728812169,0.773491451088417,106
DESK3,202306,1,0.0873628796773452,0.401968836851445,106
DIRR3,202306,1,0.0868029757734407,0.37553797652042,106
EGIE3,202306,1,0.098191632861935,0.472282225084816,106
ELET3,202306,1,0.0602308422048958,0.285863152563584,106
EMBR3,202306,1,0.0986225551629269,0.467161238344546,106
ENAT3,202306,1,0.0814816966838776,0.33927263739527,106
ENBR3,202306,1,0.0907381569348013,0.393520846207189,106
ENEV3,202306,1,0.141448831537547,0.709134441688979,106
ENJU3,202306,1,0.0662834592348174,0.331887772047839,106
EQTL3,202306,1,0.136652684082639,0.661327105585229,106
FLRY3,202306,1,0.135764904087725,0.641496528683846,106
GGBR4,202306,1,0.171391764154594,0.815758976184775,106
GGPS3,202306,1,0.112360818056255,0.515915240256758,106
GMAT3,202306,1,0.0974488680081367,0.462955780347713,106
GOAU4,202306,1,0.182225416972821,0.847847122549089,106
GUAR3,202306,1,0.0497612583928441,0.187728046001265,106
HAPV3,202306,1,0.161314208788313,0.760331198245869,106
HBRE3,202306,1,0.0558079880551451,0.271120070234239,106
HYPE3,202306,1,0.155261491136092,0.709076484461606,106
INTB3,202306,1,0.0767812701966632,0.34657703690803,106
IRBR3,202306,1,0.0643624587019643,0.287365363074716,106
ITSA4,202306,1,0.202453100649253,0.962138128280131,106
ITUB4,202306,1,0.213536982895279,1,106
JALL3,202306,1,0.0973280879786772,0.397749684363796,106
JBSS3,202306,1,0.132327652078478,0.591313147235427,106
LREN3,202306,1,0.189942769370465,0.89368143165812,106
LWSA3,202306,1,0.121857896509635,0.567393983560548,106
MDNE3,202306,1,0.0611776569031484,0.262078781157198,106
MGLU3,202306,1,0.0936549724393287,0.454921411971169,106
MILS3,202306,1,0.0381260502801821,0.129757581718037,106
MRVE3,202306,1,0.118623270438179,0.531778917507783,106
MULT3,202306,1,0.136124143722668,0.63081580862703,106
NEOE3,202306,1,0.0930630624633391,0.387515737257951,106
NINJ3,202306,1,0.0408767649447827,0.183060125097023,106
NTCO3,202306,1,0.128397490320231,0.644968065694143,106
ODPV3,202306,1,0.0680890060185906,0.272112481864376,106
ONCO3,202306,1,0.125902899169743,0.584122682631196,106
OPCT3,202306,1,0.0551189963515142,0.205471292402936,106
ORVR3,202306,1,0.0546176092521524,0.184297861919465,106
PETZ3,202306,1,0.0929513045433435,0.456754638615759,106
PNVL3,202306,1,0.12187230748876,0.485052213916971,106
POMO4,202306,1,0.0832705074161089,0.304022458452891,106
PRIO3,202306,1,0.170277459788102,0.792910041033638,106
PSSA3,202306,1,0.142827785278711,0.621510448557058,106
RADL3,202306,1,0.122449474313498,0.624804698352613,106
RAIL3,202306,1,0.106114039002541,0.498938774831149,106
RAIZ4,202306,1,0.11553002335872,0.508692560000252,106
RANI3,202306,1,0.0599927315522482,0.213383721175143,106
RAPT4,202306,1,0.106200830870889,0.405642564576294,106
RECV3,202306,1,0.143378667790483,0.670159693459662,106
RENT3,202306,1,0.193469984370694,0.939151836535352,106
ROMI3,202306,1,0.0798146406630555,0.281361672494647,106
RRRP3,202306,1,0.0847003681870702,0.336504829260767,106
SBFG3,202306,1,0.134899412586497,0.578540924402253,106
SBSP3,202306,1,0.182195191968802,0.810061619477522,106
SIMH3,202306,1,0.0608484237155596,0.239220226677278,106
SLCE3,202306,1,0.127911646183702,0.549809659405924,106
SMFT3,202306,1,0.150358406988832,0.720328651331452,106
SMTO3,202306,1,0.0885876275845492,0.362985354498806,106
SOJA3,202306,1,0.0545463971179434,0.202217220802747,106
SOMA3,202306,1,0.12703401846853,0.600287290747616,106
SQIA3,202306,1,0.0470797549083729,0.165418913367161,106
SUZB3,202306,1,0.118944397638812,0.583026679782444,106
TFCO4,202306,1,0.07217738314056,0.290152584540152,106
TIMS3,202306,1,0.147190472373358,0.685224000503852,106
TOTS3,202306,1,0.124681686313709,0.594962252049589,106
TTEN3,202306,1,0.0496881806930633,0.16649402578915,106
VALE3,202306,1,0.120317946968544,0.582234531914555,106
VAMO3,202306,1,0.0992487315785647,0.43710120517369,106
VBBR3,202306,1,0.137016684797652,0.680915681832902,106
VITT3,202306,1,0.113370095096732,0.431425306517737,106
VIVA3,202306,1,0.172727996872199,0.788187466721562,106
VIVT3,202306,1,0.130931517209787,0.620130561340285,106
WEGE3,202306,1,0.172951432157236,0.855143335882911,106
AALR3,202307,1,0.0768319233700633,0.336967328889659,106
ABEV3,202307,1,0.12467054463456,0.650672902066954,106
ALSO3,202307,1,0.170296476792761,0.799823171511782,106
AMBP3,202307,1,0.0365652028710125,0.138165613016819,106
ANIM3,202307,1,0.0794626025370283,0.402094622664977,106
ARZZ3,202307,1,0.155891166430999,0.774674382602494,106
ASAI3,202307,1,0.181370603600768,0.873563790503386,106
AZUL4,202307,1,0.148604784020539,0.698628112267439,106
B3SA3,202307,1,0.113650833642227,0.567417353477431,106
BBAS3,202307,1,0.116791833999457,0.571743798502241,106
BBDC4,202307,1,0.100845984237709,0.511143058255609,106
BBSE3,202307,1,0.115371623912819,0.549681606431318,106
BEEF3,202307,1,0.120484231171797,0.52542871576113,106
BOAS3,202307,1,0.0602312085817163,0.257276923451885,106
BPAC11,202307,1,0.128640099880141,0.62900939782535,106
BRFS3,202307,1,0.121315701071766,0.61317126340398,106
BRIT3,202307,1,0.0642367613058768,0.30684092200404,106
BRSR6,202307,1,0.0829162417952425,0.316229530251234,106
CASH3,202307,1,0.110200351673625,0.480024324915314,106
CBAV3,202307,1,0.0555879584153891,0.226881774185325,106
CCRO3,202307,1,0.142532809931021,0.71072090567046,106
CEAB3,202307,1,0.0465450450318154,0.190668114866968,106
CIEL3,202307,1,0.125620062190566,0.586616220429053,106
CMIN3,202307,1,0.133313640525595,0.654306363586082,106
CPFE3,202307,1,0.121537490395924,0.565985636461776,106
CPLE3,202307,1,0.0864217586417801,0.405801772631086,106
CPLE6,202307,1,0.100663684906777,0.481173411960252,106
CSAN3,202307,1,0.140397151443543,0.717575952213947,106
CSMG3,202307,1,0.119852988137325,0.501245800639697,106
CURY3,202307,1,0.108487841123999,0.495867888306415,106
CYRE3,202307,1,0.177136954730618,0.835360165054884,106
DESK3,202307,1,0.07970089458806,0.382490245682487,106
DIRR3,202307,1,0.0717877683344769,0.324177530873166,106
EGIE3,202307,1,0.10297303739269,0.484306258212313,106
ELET3,202307,1,0.0597805391033599,0.29400915301572,106
EMBR3,202307,1,0.109773809945668,0.540042310928726,106
ENAT3,202307,1,0.0767008416608231,0.353252159803396,106
ENBR3,202307,1,0.0666186301693268,0.290621902164409,106
ENEV3,202307,1,0.133504598948357,0.69194922927361,106
ENJU3,202307,1,0.0620164052565199,0.330208554039889,106
EQTL3,202307,1,0.12617600247341,0.641371513369551,106
EZTC3,202307,1,0.0655875167527276,0.284334723838991,106
FLRY3,202307,1,0.149834051783716,0.729955662446454,106
GGBR4,202307,1,0.171190062753878,0.837112072533902,106
GGPS3,202307,1,0.12028887095333,0.579758361911168,106
GMAT3,202307,1,0.0984782701691346,0.502596932668237,106
GOAU4,202307,1,0.187349962727032,0.909874759697713,106
GOLL4,202307,1,0.0939078951270363,0.43298621940657,106
HAPV3,202307,1,0.15388824564477,0.755711393236063,106
HBRE3,202307,1,0.0535406695440632,0.275128906296863,106
HYPE3,202307,1,0.164080826729794,0.772637455171044,106
INTB3,202307,1,0.0786095502421032,0.372716410304842,106
IRBR3,202307,1,0.0802675020277419,0.362283320655766,106
ITSA4,202307,1,0.193027342123193,0.946357474373578,106
ITUB4,202307,1,0.204359140030381,1,106
JALL3,202307,1,0.0804044428798407,0.338683562361369,106
JBSS3,202307,1,0.132192483376265,0.618570653163034,106
JHSF3,202307,1,0.0711368468571339,0.271478439711966,106
LREN3,202307,1,0.197829276863765,0.961616758732124,106
LWSA3,202307,1,0.120000608143641,0.588532034015519,106
MDNE3,202307,1,0.0654797062906283,0.289847657230775,106
MGLU3,202307,1,0.103011877545494,0.507565585729709,106
MILS3,202307,1,0.0452396684342653,0.16410890359529,106
MLAS3,202307,1,0.0705611676078708,0.306445657170758,106
MRVE3,202307,1,0.133915586876504,0.610714836793289,106
MULT3,202307,1,0.128782873018179,0.617061984099428,106
NEOE3,202307,1,0.0891441321289225,0.400484817415191,106
NINJ3,202307,1,0.0370705670171326,0.172621226487258,106
NTCO3,202307,1,0.123379275606081,0.641973512946634,106
ODPV3,202307,1,0.0677669303323647,0.280999117596886,106
ONCO3,202307,1,0.136520018795622,0.666206792498261,106
OPCT3,202307,1,0.0559756720544721,0.221310148360566,106
ORVR3,202307,1,0.0474306002514079,0.165324783716656,106
PLPL3,202307,1,0.0514145969341359,0.188956903947481,106
PNVL3,202307,1,0.116898179099133,0.498204744308953,106
POMO4,202307,1,0.0871655783990008,0.337852305975243,106
PRIO3,202307,1,0.158092331966179,0.785511978012889,106
PSSA3,202307,1,0.129881030869996,0.60186452376267,106
RADL3,202307,1,0.116802036337186,0.61618338047282,106
RAIL3,202307,1,0.145582939213734,0.702167372739771,106
RANI3,202307,1,0.0595440439117368,0.229856636191538,106
RAPT4,202307,1,0.108015237193343,0.43726395727577,106
RECV3,202307,1,0.139225289150581,0.681044794403174,106
RENT3,202307,1,0.185876704819998,0.934753166451661,106
RRRP3,202307,1,0.0946131691663722,0.406899576225359,106
SBFG3,202307,1,0.12521564664918,0.560737937298372,106
SBSP3,202307,1,0.168502679913644,0.772123844998763,106
SIMH3,202307,1,0.0669943861355543,0.270188818394537,106
SLCE3,202307,1,0.125886985454702,0.561909054393644,106
SMFT3,202307,1,0.145149513922266,0.720336539370357,106
SMTO3,202307,1,0.0946492569949064,0.39951881392214,106
SOJA3,202307,1,0.0564715216509563,0.219593416692108,106
SOMA3,202307,1,0.113411944742053,0.562735221245997,106
SQIA3,202307,1,0.0488072559369101,0.182148662294599,106
SUZB3,202307,1,0.118275130573036,0.603624537661045,106
TFCO4,202307,1,0.0729866837393275,0.309814867238938,106
TIMS3,202307,1,0.138603512673405,0.678321554054021,106
TOTS3,202307,1,0.118773867914215,0.580075247549357,106
TTEN3,202307,1,0.0497425803681938,0.172816834141327,106
VALE3,202307,1,0.131707072208219,0.656442836835824,106
VAMO3,202307,1,0.0923013511120856,0.419741050228685,106
VBBR3,202307,1,0.114993670809262,0.596973990019552,106
VITT3,202307,1,0.110211913656896,0.433246383656696,106
VIVA3,202307,1,0.160483198067854,0.762374937653891,106
VIVT3,202307,1,0.130910292476043,0.636814614225371,106
WEGE3,202307,1,0.165266931482823,0.844967612822075,106
ABEV3,202308,1,0.121092918026492,0.628789115368531,107
ALSO3,202308,1,0.167078412564666,0.763016785957778,107
AMBP3,202308,1,0.0368007150397305,0.140058726665737,107
ANIM3,202308,1,0.122615116575051,0.595545844752473,107
ARZZ3,202308,1,0.150142760024483,0.754728636052692,107
ASAI3,202308,1,0.172425784811645,0.829494120292432,107
AZUL4,202308,1,0.12532265936698,0.580475538712219,107
B3SA3,202308,1,0.167607624574626,0.814516149341427,107
BBAS3,202308,1,0.0929947233707083,0.440604201716583,107
BBDC4,202308,1,0.100714503921193,0.488746197712611,107
BBSE3,202308,1,0.114958209861308,0.541136508230762,107
BEEF3,202308,1,0.120152160510657,0.516703679773772,107
BMOB3,202308,1,0.0969680186372561,0.375118248613457,107
BRFS3,202308,1,0.126487657122102,0.624240568658668,107
BRIT3,202308,1,0.0691079693377227,0.335450016124209,107
BRSR6,202308,1,0.0797274707325157,0.281881469084725,107
CASH3,202308,1,0.0864684141835522,0.36712432782277,107
CIEL3,202308,1,0.119127065172822,0.549140944829645,107
CMIN3,202308,1,0.128741410969506,0.604071095801613,107
CPFE3,202308,1,0.111191541714731,0.493830626624358,107
CPLE3,202308,1,0.142493905790083,0.662554348114138,107
CPLE6,202308,1,0.123186015684975,0.576252560572369,107
CSAN3,202308,1,0.143447976020359,0.737246898442849,107
CSMG3,202308,1,0.10226718481706,0.411410240150826,107
CURY3,202308,1,0.109460860716199,0.487613236064609,107
CYRE3,202308,1,0.175153997218072,0.825737943814004,107
DESK3,202308,1,0.0851590284830674,0.420904062357434,107
DIRR3,202308,1,0.0718049574167163,0.317947726442936,107
EGIE3,202308,1,0.0930414262439489,0.440588421934802,107
ELET3,202308,1,0.0601718027587948,0.292657810017691,107
EMBR3,202308,1,0.109474131928461,0.528511927090922,107
ENAT3,202308,1,0.0825018414542335,0.37132157090557,107
ENEV3,202308,1,0.13832671237391,0.728060465659979,107
ENJU3,202308,1,0.0608895181754598,0.327930830227061,107
EQTL3,202308,1,0.132978054500907,0.673752104003232,107
EZTC3,202308,1,0.0627884997392993,0.280976967479537,107
FLRY3,202308,1,0.147730801725976,0.705782284993519,107
GGBR4,202308,1,0.157684644859645,0.761941971337402,107
GGPS3,202308,1,0.120405209594939,0.580975479902299,107
GMAT3,202308,1,0.0975732035284341,0.49561477058034,107
GOAU4,202308,1,0.179465760227536,0.873432924054041,107
GOLL4,202308,1,0.086349673353556,0.383292758677967,107
GUAR3,202308,1,0.0606617156720105,0.21247243062968,107
HAPV3,202308,1,0.161602825300559,0.793978299796374,107
HBRE3,202308,1,0.0554557788800273,0.283907167041918,107
HBSA3,202308,1,0.0449467966824131,0.169324960899131,107
HYPE3,202308,1,0.136403556483688,0.624212177883099,107
INTB3,202308,1,0.078124650970261,0.373421758371993,107
IRBR3,202308,1,0.0701828559652956,0.310421452597893,107
ITSA4,202308,1,0.188303974488373,0.933655571361985,107
ITUB4,202308,1,0.206343560554303,1,107
JALL3,202308,1,0.0493947918257361,0.195299154187019,107
JBSS3,202308,1,0.122013637599473,0.555804596575432,107
JHSF3,202308,1,0.058255622848367,0.202667103854294,107
LREN3,202308,1,0.185350024771605,0.907161321299386,107
LWSA3,202308,1,0.127781752801346,0.605508370326612,107
MDNE3,202308,1,0.061950358262919,0.266444896307942,107
MILS3,202308,1,0.0436125522715569,0.162434794587614,107
MLAS3,202308,1,0.0724173182155928,0.302135936942719,107
MOVI3,202308,1,0.0704831147266975,0.297007974055134,107
MRFG3,202308,1,0.117476288622037,0.564970587639893,107
MRVE3,202308,1,0.117847458202281,0.550759246266382,107
MULT3,202308,1,0.0985253965039282,0.47765033095593,107
NEOE3,202308,1,0.0914601308388558,0.39219858099372,107
NINJ3,202308,1,0.0338334537891438,0.155931281615562,107
NTCO3,202308,1,0.120062359911054,0.637708077902978,107
ONCO3,202308,1,0.12750827022077,0.616294652218062,107
OPCT3,202308,1,0.0581907029981676,0.228554847890397,107
ORVR3,202308,1,0.0501433669361632,0.162105081400785,107
PETR4,202308,1,0.0976534663939315,0.491535418241487,107
PETZ3,202308,1,0.109807703093828,0.547523445332178,107
PLPL3,202308,1,0.0495522478432448,0.172261030998868,107
PNVL3,202308,1,0.106482907978362,0.444653231597725,107
POMO4,202308,1,0.0866916986411921,0.309414113114906,107
PRIO3,202308,1,0.153355393204094,0.751157071527793,107
PSSA3,202308,1,0.124763303284919,0.552552812775887,107
RADL3,202308,1,0.115384527345189,0.618033225752112,107
RAIL3,202308,1,0.15656172444569,0.751270064832199,107
RAIZ4,202308,1,0.115997695749189,0.535308799531945,107
RANI3,202308,1,0.0539675787776934,0.198117325869058,107
RAPT4,202308,1,0.10103696567131,0.38141087581948,107
RECV3,202308,1,0.143582495159755,0.704526844253285,107
RENT3,202308,1,0.191728982388654,0.966404440091707,107
ROMI3,202308,1,0.0640736429481633,0.240037000394131,107
RRRP3,202308,1,0.0889388281916008,0.364490383870412,107
SBFG3,202308,1,0.11425078817671,0.500683012006886,107
SBSP3,202308,1,0.172346604408253,0.78844894057663,107
SIMH3,202308,1,0.0638389670556422,0.241576568518231,107
SLCE3,202308,1,0.11235983426306,0.48866932380914,107
SMFT3,202308,1,0.153240217835618,0.772905162411962,107
SMTO3,202308,1,0.0832182184669522,0.353681116141944,107
SOJA3,202308,1,0.0546176086942585,0.209582049269766,107
SOMA3,202308,1,0.119704818038243,0.59830647599486,107
SQIA3,202308,1,0.046215417991872,0.174977495061404,107
SUZB3,202308,1,0.124672532305624,0.629277479427514,107
TFCO4,202308,1,0.0757405395518599,0.31398680066928,107
TIMS3,202308,1,0.136650295882893,0.635451296113559,107
TOTS3,202308,1,0.118695161760353,0.567382618688841,107
TTEN3,202308,1,0.0494206255599674,0.163194194059452,107
VALE3,202308,1,0.127040980036842,0.621572340559784,107
VAMO3,202308,1,0.0889411602672343,0.398421510128511,107
VBBR3,202308,1,0.122640685494461,0.639014504884109,107
VITT3,202308,1,0.10468251971752,0.410833314195195,107
VIVA3,202308,1,0.153892060220747,0.718024435708727,107
VIVT3,202308,1,0.113905502998963,0.532936495099775,107
VVEO3,202308,1,0.133285131799197,0.6884693430388,107
WEGE3,202308,1,0.158510657338815,0.809848541653574,107
ABEV3,202310,1,0.143174024948221,0.744403047293037,107
ALPA4,202310,1,0.102315457526527,0.592841117815181,107
AMBP3,202310,1,0.0424075901758271,0.152594135969021,107
ANIM3,202310,1,0.110374780533318,0.53820509011162,107
ARZZ3,202310,1,0.154994000916365,0.801403234507795,107
ASAI3,202310,1,0.159919374985226,0.805986666291606,107
AZUL4,202310,1,0.107135622153452,0.513503631767243,107
B3SA3,202310,1,0.168176538584215,0.865509656667899,107
BBAS3,202310,1,0.0965160885999777,0.480406774143692,107
BBDC3,202310,1,0.0873498148294234,0.413403729591663,107
BBDC4,202310,1,0.102899044692629,0.518104360101902,107
BBSE3,202310,1,0.117060704558832,0.574253278356134,107
BEEF3,202310,1,0.133554832940082,0.587215881621858,107
BMOB3,202310,1,0.0893841655871903,0.375000249001606,107
BRIT3,202310,1,0.0837420570574501,0.40197734801807,107
CASH3,202310,1,0.0742787408522509,0.29974588559751,107
CBAV3,202310,1,0.0530205579015891,0.205424148724388,107
CIEL3,202310,1,0.120043314450957,0.552840946889117,107
CMIN3,202310,1,0.122431201416619,0.580190879092068,107
CPFE3,202310,1,0.104008924598362,0.482101128943712,107
CPLE3,202310,1,0.131552969047971,0.625985759763971,107
CPLE6,202310,1,0.12618309530027,0.60913525650936,107
CSAN3,202310,1,0.140766615225107,0.759878187853261,107
CSMG3,202310,1,0.0839692391999986,0.346740239075443,107
CURY3,202310,1,0.0967199064273895,0.439559640249054,107
CYRE3,202310,1,0.17616151516698,0.850937380843054,107
DESK3,202310,1,0.090279440218481,0.46814028656134,107
DIRR3,202310,1,0.0722484513293513,0.327946774249381,107
EGIE3,202310,1,0.0876415388959155,0.432995468505641,107
ELET3,202310,1,0.0650625651391416,0.325546135334845,107
EMBR3,202310,1,0.119151129787221,0.583316875607257,107
ENAT3,202310,1,0.0983331079123357,0.438980916175961,107
ENEV3,202310,1,0.146305045443729,0.820986823696058,107
ENJU3,202310,1,0.0554575027613468,0.313591386654469,107
EQTL3,202310,1,0.131484270613175,0.696355484510865,107
EZTC3,202310,1,0.0435577820722945,0.189099705289382,107
FLRY3,202310,1,0.145992353870796,0.709232417618648,107
GGBR4,202310,1,0.149812324286049,0.719514626494536,107
GGPS3,202310,1,0.105418054934662,0.539952479613629,107
GMAT3,202310,1,0.0981107390449241,0.510551851253593,107
GOAU4,202310,1,0.176288023977147,0.870939189709567,107
GOLL4,202310,1,0.0908620347837864,0.421292249546308,107
HAPV3,202310,1,0.170660735495158,0.873902712407149,107
HBRE3,202310,1,0.0562344592782792,0.305973560766769,107
HBSA3,202310,1,0.0434431862598914,0.172350343638686,107
HYPE3,202310,1,0.120751401098941,0.568550141687555,107
INTB3,202310,1,0.0791814706958341,0.39899075724499,107
IRBR3,202310,1,0.0686565032481077,0.316602148783736,107
ITSA4,202310,1,0.194103810408101,1,107
ITUB3,202310,1,0.0486821809798592,0.19203294609621,107
ITUB4,202310,1,0.195351758634069,0.980901281656721,107
JALL3,202310,1,0.0472556672973352,0.189499015051163,107
JBSS3,202310,1,0.118171954454056,0.564541130377749,107
JHSF3,202310,1,0.0506373321137511,0.174103423789221,107
KRSA3,202310,1,0.0373969527311887,0.127708253500079,107
LREN3,202310,1,0.150900133673752,0.741062069427543,107
LWSA3,202310,1,0.111993515917779,0.554187588359386,107
MDNE3,202310,1,0.0579132808458928,0.246079503300063,107
MILS3,202310,1,0.0430107789228248,0.144815370023496,107
MLAS3,202310,1,0.0688033851375772,0.272382088264918,107
MOVI3,202310,1,0.0539724372546679,0.22329395866409,107
MRVE3,202310,1,0.104247138045687,0.491143576457872,107
MULT3,202310,1,0.0899136047053437,0.444144385966916,107
NEOE3,202310,1,0.0854411555588287,0.370492617438515,107
NTCO3,202310,1,0.117454518041261,0.652923416091046,107
ONCO3,202310,1,0.118890778812831,0.597717589866617,107
OPCT3,202310,1,0.0677525307187038,0.250398107967584,107
ORVR3,202310,1,0.0489836881015411,0.163880813346398,107
PETR4,202310,1,0.103482935674842,0.533487900042142,107
PETZ3,202310,1,0.109504196179416,0.588548673283465,107
PLPL3,202310,1,0.0427132172817796,0.154402947392958,107
PNVL3,202310,1,0.0905054069827801,0.388266115526613,107
POMO4,202310,1,0.0785338452997304,0.28875703054661,107
PRIO3,202310,1,0.138097948135959,0.69669917028556,107
PRNR3,202310,1,0.0416772726620204,0.129548330760497,107
PSSA3,202310,1,0.118237824792684,0.536776863518063,107
RADL3,202310,1,0.127564813376329,0.711866466050059,107
RAIL3,202310,1,0.166496270994649,0.854215833978365,107
RAIZ4,202310,1,0.124590855163464,0.614304943289143,107
RAPT4,202310,1,0.0932106658872201,0.362178679590426,107
RECV3,202310,1,0.136452011138497,0.708748957435916,107
RENT3,202310,1,0.18953836987707,0.998991763247667,107
RRRP3,202310,1,0.0845373098150742,0.379660486054057,107
SBFG3,202310,1,0.110431543972209,0.48468499054845,107
SBSP3,202310,1,0.170398774795568,0.79764569712755,107
SIMH3,202310,1,0.0593815981636616,0.207286071303961,107
SLCE3,202310,1,0.111333790735304,0.495787620414056,107
SMFT3,202310,1,0.145000889737312,0.77945985284136,107
SMTO3,202310,1,0.0620680044865098,0.267194875441419,107
SOJA3,202310,1,0.0538373780723033,0.209763068151723,107
SOMA3,202310,1,0.126449740953755,0.657260603236512,107
SQIA3,202310,1,0.0628656134772656,0.257726796290859,107
SUZB3,202310,1,0.101890229299605,0.519701964467273,107
TEND3,202310,1,0.0415866032952235,0.169803644581915,107
TFCO4,202310,1,0.0714599541594447,0.303244892376444,107
TIMS3,202310,1,0.145103838645506,0.7066864984152,107
TOTS3,202310,1,0.107703787883595,0.527937583609912,107
TRIS3,202310,1,0.0363493641724686,0.13411241539688,107
TTEN3,202310,1,0.0448169777331903,0.154443702043674,107
VALE3,202310,1,0.140408389294635,0.708603927709665,107
VAMO3,202310,1,0.0856917786895329,0.381672722170899,107
VBBR3,202310,1,0.1284485205204,0.704309144101614,107
VITT3,202310,1,0.0996584138593016,0.398732036159425,107
VIVA3,202310,1,0.139943349766065,0.672803713549258,107
VIVT3,202310,1,0.113186190435055,0.545677668182375,107
VVEO3,202310,1,0.139264403920083,0.752963379793697,107
WEGE3,202310,1,0.151752799034046,0.816977638960306,107
ABEV3,202311,1,0.150162285377661,0.77742832379941,106
ALPA4,202311,1,0.103263270808552,0.553642032523133,106
AMBP3,202311,1,0.0381762743315751,0.140175266935504,106
ANIM3,202311,1,0.0838908604204006,0.387435585725652,106
ARZZ3,202311,1,0.144096808308217,0.723496496208391,106
ASAI3,202311,1,0.151238641958286,0.735262396576565,106
AZUL4,202311,1,0.131628119203416,0.635673998411314,106
B3SA3,202311,1,0.178225348840221,0.8982964607386,106
BBAS3,202311,1,0.106899013161612,0.512294798114573,106
BBDC3,202311,1,0.0912809520098415,0.428649547481013,106
BBDC4,202311,1,0.109335617130616,0.551232918094114,106
BBSE3,202311,1,0.102450194831188,0.51283888281645,106
BEEF3,202311,1,0.113668653646016,0.486494637087357,106
BMOB3,202311,1,0.0807519315354122,0.323949346509902,106
BRIT3,202311,1,0.0809458971862478,0.386368132446507,106
CASH3,202311,1,0.0819799501515127,0.3321186122646,106
CBAV3,202311,1,0.064234125756643,0.254480147158674,106
CIEL3,202311,1,0.13334695407119,0.596478467148045,106
CMIN3,202311,1,0.134521303762408,0.66002761965838,106
CPFE3,202311,1,0.114349098201968,0.527612619195619,106
CPLE3,202311,1,0.129745331679968,0.616197491842031,106
CPLE6,202311,1,0.130159954197024,0.621059737732278,106
CSAN3,202311,1,0.141252474303655,0.710946963520305,106
CSMG3,202311,1,0.0986347448531632,0.411131379141855,106
CURY3,202311,1,0.0935685265446062,0.430179336438504,106
CVCB3,202311,1,0.0720226174169863,0.31977511953793,106
CYRE3,202311,1,0.153380583106171,0.732623807569868,106
DESK3,202311,1,0.086193703936002,0.446268545228702,106
DIRR3,202311,1,0.0743956146278827,0.32819106611707,106
EGIE3,202311,1,0.106400301047775,0.530425021059561,106
ELET3,202311,1,0.0627376596470715,0.308566791752885,106
EMBR3,202311,1,0.110854379975553,0.548169979980911,106
ENAT3,202311,1,0.10292483882642,0.470795514613862,106
ENEV3,202311,1,0.150834904660455,0.801176614741457,106
ENJU3,202311,1,0.0573496444156731,0.312626614281419,106
EQTL3,202311,1,0.140280909263981,0.710370475118881,106
EZTC3,202311,1,0.0586621593072233,0.26314418627544,106
FLRY3,202311,1,0.14600328854727,0.701040108004872,106
GGBR4,202311,1,0.147377874916955,0.706385955994572,106
GGPS3,202311,1,0.113897535487947,0.558905002849742,106
GMAT3,202311,1,0.099774605394915,0.500324042771307,106
GOAU4,202311,1,0.177811831360113,0.853884250105927,106
GOLL4,202311,1,0.129696165262248,0.59037096601798,106
HAPV3,202311,1,0.178403586244028,0.894179974049436,106
HBRE3,202311,1,0.0571911327286688,0.304949610998408,106
HYPE3,202311,1,0.124003468909718,0.578293273961766,106
IGTI11,202311,1,0.082977090526419,0.357627287931221,106
INTB3,202311,1,0.0951014764931112,0.456541006577209,106
IRBR3,202311,1,0.0712114320989174,0.328917598023051,106
ITSA4,202311,1,0.189440834388534,0.948692967569028,106
ITUB3,202311,1,0.0608539641783136,0.240991325386879,106
ITUB4,202311,1,0.198637984277494,0.982422304076183,106
JALL3,202311,1,0.0468309773378505,0.182565757203667,106
JBSS3,202311,1,0.132133496251837,0.625503035764523,106
JHSF3,202311,1,0.0471964974298448,0.168006457214516,106
LREN3,202311,1,0.149233213573561,0.740399074181605,106
LWSA3,202311,1,0.12404951213552,0.588742052070836,106
MDNE3,202311,1,0.0557474613258183,0.232632007239671,106
MILS3,202311,1,0.0391593559009145,0.135249967391705,106
MLAS3,202311,1,0.0639681911272821,0.260446311763725,106
MOVI3,202311,1,0.0497049660776147,0.19620806199366,106
MRVE3,202311,1,0.109338326923986,0.503187714809929,106
MULT3,202311,1,0.0882521910778267,0.432651299930795,106
NEOE3,202311,1,0.0918493950389073,0.395851245352717,106
NTCO3,202311,1,0.117874603391826,0.613353947925249,106
ONCO3,202311,1,0.120551456988391,0.603870296716972,106
OPCT3,202311,1,0.0675255001055735,0.242082349745999,106
ORVR3,202311,1,0.0451754024617233,0.156779692169557,106
PETR4,202311,1,0.10891686204507,0.538855367497859,106
PETZ3,202311,1,0.0960255778897082,0.515415201458465,106
PLPL3,202311,1,0.0411759041360651,0.153458483381356,106
PNVL3,202311,1,0.0947972089940862,0.391648928111795,106
POMO4,202311,1,0.0866764586790045,0.325902989233294,106
PRIO3,202311,1,0.155946205915521,0.756274565575898,106
PRNR3,202311,1,0.0372282628784589,0.11955044419993,106
PSSA3,202311,1,0.119508330009176,0.534194977510587,106
RADL3,202311,1,0.121806011226075,0.648178064714472,106
RAIL3,202311,1,0.176947803541344,0.88895695499877,106
RAIZ4,202311,1,0.125154795326251,0.598303462047356,106
RAPT4,202311,1,0.0910243574415271,0.346656648100664,106
RECV3,202311,1,0.135907569992776,0.674512409266431,106
RENT3,202311,1,0.196797924950787,1,106
RRRP3,202311,1,0.0755433932921353,0.330100127316338,106
SBFG3,202311,1,0.098894854375735,0.407755009935256,106
SBSP3,202311,1,0.171195114911361,0.793583102695279,106
SIMH3,202311,1,0.0553746668207152,0.199872428724182,106
SLCE3,202311,1,0.113318967118443,0.487582391878509,106
SMFT3,202311,1,0.154325440913849,0.802209656971672,106
SMTO3,202311,1,0.0409725753978907,0.180354667431348,106
SOJA3,202311,1,0.0477238894785157,0.1797646263474,106
SOMA3,202311,1,0.121196253159099,0.610668965730548,106
SUZB3,202311,1,0.117401634005675,0.592854238399505,106
TEND3,202311,1,0.0522825383620856,0.214844420355298,106
TFCO4,202311,1,0.0642317701964242,0.271240414144555,106
TIMS3,202311,1,0.160821458830235,0.780026146292411,106
TOTS3,202311,1,0.112888315406516,0.555946929328051,106
TTEN3,202311,1,0.0417957025918009,0.141060409341485,106
UGPA3,202311,1,0.0581304846700443,0.291752617603569,106
VALE3,202311,1,0.150529632522601,0.75698010611621,106
VAMO3,202311,1,0.0900563330393927,0.391154223618878,106
VBBR3,202311,1,0.122721253345559,0.643486314398271,106
VITT3,202311,1,0.0935472909652744,0.369905050655398,106
VIVA3,202311,1,0.149986962363504,0.701207099485366,106
VIVT3,202311,1,0.123918415308066,0.604216989838205,106
VVEO3,202311,1,0.140618980751819,0.717744092002413,106
WEGE3,202311,1,0.157516879281841,0.817982267899681,106
ABEV3,202401,1,0.126579281807156,0.650419765883622,107
AESB3,202401,1,0.0956022756473533,0.499205259608726,107
ALPA4,202401,1,0.102321335446569,0.547674022929602,107
AMBP3,202401,1,0.036161402868229,0.127323707282212,107
ANIM3,202401,1,0.066516660328163,0.270190676661473,107
ARZZ3,202401,1,0.133223491186699,0.673116817268386,107
ASAI3,202401,1,0.15888982766392,0.781724391746318,107
AZUL4,202401,1,0.139111815858314,0.649352347086703,107
B3SA3,202401,1,0.142416517997572,0.69454677733149,107
BBAS3,202401,1,0.0968590739208809,0.46725579806377,107
BBDC3,202401,1,0.0799599571839442,0.378641778094986,107
BBDC4,202401,1,0.108866753860581,0.540751169175796,107
BBSE3,202401,1,0.111639228359913,0.55544636911437,107
BEEF3,202401,1,0.0970175443636543,0.434263928150801,107
BMOB3,202401,1,0.0860598847328705,0.374110009073615,107
BRIT3,202401,1,0.0712767435753251,0.331886127203563,107
CASH3,202401,1,0.0406045570827421,0.138231262392495,107
CBAV3,202401,1,0.0429463363721674,0.153245081168406,107
CIEL3,202401,1,0.109749359799296,0.504174861251795,107
CMIN3,202401,1,0.126717249014916,0.618824404092679,107
CPFE3,202401,1,0.0988542003029101,0.4665630362129,107
CPLE3,202401,1,0.135559425994051,0.670937936312949,107
CPLE6,202401,1,0.137196835103462,0.677757626440094,107
CSAN3,202401,1,0.138286195455802,0.708043402127639,107
CSMG3,202401,1,0.0810647686026472,0.329140114035191,107
CURY3,202401,1,0.0858792581473298,0.397369984650799,107
CVCB3,202401,1,0.0732084305464603,0.339193226102273,107
CYRE3,202401,1,0.128114982511468,0.571809037986212,107
DESK3,202401,1,0.0768851990604388,0.397288810566575,107
DIRR3,202401,1,0.063418593279822,0.290927010568519,107
EGIE3,202401,1,0.0827883416796603,0.421817356787035,107
ELET3,202401,1,0.056457502337864,0.275681606500787,107
EMBR3,202401,1,0.113739470171601,0.58340256337957,107
ENAT3,202401,1,0.113772826303348,0.514823512939333,107
ENEV3,202401,1,0.137009156108506,0.737566417807215,107
ENGI11,202401,1,0.0728664845624024,0.365435731025392,107
ENJU3,202401,1,0.0510825422442656,0.272955815730497,107
EQTL3,202401,1,0.130557132228732,0.668701646116062,107
EZTC3,202401,1,0.0540827591729461,0.244396542847998,107
FLRY3,202401,1,0.142428108519125,0.699997950523265,107
GGBR4,202401,1,0.143234818697676,0.692731167074351,107
GGPS3,202401,1,0.109363691856593,0.547877413191676,107
GMAT3,202401,1,0.101737428469767,0.523966302760303,107
GOAU4,202401,1,0.171497186375907,0.873892550630069,107
HAPV3,202401,1,0.168157404574651,0.856691803648674,107
HBRE3,202401,1,0.0486254890604355,0.254072043022723,107
HYPE3,202401,1,0.104232939771489,0.481539618326764,107
INTB3,202401,1,0.0939325358476465,0.470022960541867,107
ITSA4,202401,1,0.178681190510773,0.900362287730663,107
ITUB3,202401,1,0.0660337759727343,0.274707127930329,107
ITUB4,202401,1,0.201088763943813,1,107
JALL3,202401,1,0.041014381049814,0.155454437368065,107
JBSS3,202401,1,0.118755070965776,0.553317051760098,107
JHSF3,202401,1,0.0419363753148338,0.149377642698334,107
LREN3,202401,1,0.14261373520416,0.723199531178031,107
LWSA3,202401,1,0.122139679492384,0.547556958126075,107
MDNE3,202401,1,0.059265087378079,0.240928515754369,107
MGLU3,202401,1,0.0502695898888208,0.247767446003531,107
MILS3,202401,1,0.0381862456656972,0.130945302177037,107
MLAS3,202401,1,0.05609816052658,0.228267781410177,107
MOVI3,202401,1,0.038819595088401,0.142265985758928,107
MRVE3,202401,1,0.125607383906174,0.563341516408338,107
MULT3,202401,1,0.0857325431170899,0.413813666236656,107
NEOE3,202401,1,0.0909459278366053,0.399250367904275,107
NTCO3,202401,1,0.106753889312807,0.576231301985416,107
ONCO3,202401,1,0.116188576920948,0.591748207448469,107
OPCT3,202401,1,0.0608693162676457,0.23170107224695,107
ORVR3,202401,1,0.0654214456988999,0.261206189680941,107
PETR4,202401,1,0.109221155419122,0.547012035615501,107
PNVL3,202401,1,0.104212641017245,0.462811742310596,107
POMO4,202401,1,0.105869223286261,0.424646902178611,107
POSI3,202401,1,0.0355202311201924,0.128792413415785,107
PRIO3,202401,1,0.13933455036795,0.692783634979088,107
PRNR3,202401,1,0.0410783583739434,0.131182529750007,107
PSSA3,202401,1,0.126021626224032,0.589961026340281,107
RADL3,202401,1,0.115963939380851,0.627449970245112,107
RAIL3,202401,1,0.169236885706498,0.854799773833669,107
RAIZ4,202401,1,0.0931635132961285,0.44215274198751,107
RAPT4,202401,1,0.0885949793474889,0.341163361700781,107
RECV3,202401,1,0.118877417692203,0.593622980257237,107
RENT3,202401,1,0.176090174302118,0.89810181336061,107
RRRP3,202401,1,0.095835920009135,0.430999568106255,107
SBFG3,202401,1,0.0951542209604218,0.383336088510001,107
SBSP3,202401,1,0.166520833149316,0.768299689704694,107
SIMH3,202401,1,0.0484443960280518,0.149265645340053,107
SLCE3,202401,1,0.117322719178842,0.522871030609731,107
SMFT3,202401,1,0.144587964031628,0.73709787494281,107
SMTO3,202401,1,0.0417723982818924,0.183856305613516,107
SOJA3,202401,1,0.0435668034450715,0.172419166585113,107
SOMA3,202401,1,0.124613782649786,0.625433241672346,107
SUZB3,202401,1,0.123477585987212,0.647854808509095,107
TEND3,202401,1,0.0629835371815409,0.248435936126882,107
TFCO4,202401,1,0.0658824083855967,0.28129947740354,107
TIMS3,202401,1,0.151351129448591,0.747074981399894,107
TOTS3,202401,1,0.093827136706657,0.461774493536993,107
TRIS3,202401,1,0.0340919721186852,0.129232541818186,107
TTEN3,202401,1,0.0460924958965269,0.164509794216519,107
UGPA3,202401,1,0.0657792098856332,0.338174469249877,107
USIM5,202401,1,0.0858744770100477,0.436969897426276,107
VALE3,202401,1,0.132149935968393,0.66396034767002,107
VAMO3,202401,1,0.0856352715172944,0.359314473885265,107
VBBR3,202401,1,0.111321264075439,0.600513231416028,107
VITT3,202401,1,0.0812584917431306,0.341709609881372,107
VIVA3,202401,1,0.136046700314653,0.627500517945988,107
VIVT3,202401,1,0.122658233594284,0.596087731497391,107
VVEO3,202401,1,0.11159164017677,0.605388635542575,107
WEGE3,202401,1,0.139196029062963,0.734237028966756,107
ABEV3,202402,1,0.126851390097576,0.622750302725006,106
AESB3,202402,1,0.102189906268224,0.506162874643212,106
ALPA4,202402,1,0.102048992380347,0.532338737194845,106
AMBP3,202402,1,0.0349699072888219,0.125455492617627,106
ANIM3,202402,1,0.0805416766363903,0.332541061860899,106
ARZZ3,202402,1,0.149940273856161,0.702709612110503,106
ASAI3,202402,1,0.157698764237611,0.765287131056652,106
AZUL4,202402,1,0.131604419595995,0.586811578934285,106
B3SA3,202402,1,0.146292352319148,0.70989052916164,106
BBAS3,202402,1,0.0870341886871553,0.414924733613336,106
BBDC3,202402,1,0.0739455915170922,0.343968348691047,106
BBDC4,202402,1,0.11308894701346,0.535752209141765,106
BBSE3,202402,1,0.123498538045826,0.583366008035501,106
BEEF3,202402,1,0.0665976481946276,0.264702379030774,106
BMOB3,202402,1,0.0862751281082863,0.363056653265646,106
BRIT3,202402,1,0.0646172552603266,0.318335063539824,106
BRSR6,202402,1,0.077816534938537,0.28862119717659,106
CASH3,202402,1,0.0410069962716311,0.130786696656779,106
CIEL3,202402,1,0.0898243910932586,0.399506675276371,106
CMIN3,202402,1,0.127185191392748,0.599059389708819,106
CPFE3,202402,1,0.0892535426138627,0.404450896931045,106
CPLE3,202402,1,0.13472450710098,0.658079077713177,106
CPLE6,202402,1,0.14405295853486,0.690144928523183,106
CSAN3,202402,1,0.142844794676354,0.717249994708309,106
CSMG3,202402,1,0.0848514357622208,0.331261831700048,106
CURY3,202402,1,0.0874284841534095,0.386146588113935,106
CVCB3,202402,1,0.078843516415545,0.357408063921336,106
CYRE3,202402,1,0.123791108942594,0.549972636888295,106
DESK3,202402,1,0.0719997450715018,0.370068367751892,106
DIRR3,202402,1,0.060557235165061,0.265863782127992,106
EGIE3,202402,1,0.0840994198194842,0.413755054238763,106
ELET3,202402,1,0.056732317596649,0.271346855152499,106
EMBR3,202402,1,0.115310652772602,0.571269338591299,106
ENAT3,202402,1,0.0713006271340656,0.327599776072951,106
ENEV3,202402,1,0.129674864536095,0.68017587919575,106
ENGI11,202402,1,0.0354284666347513,0.15643069215868,106
ENJU3,202402,1,0.0543531486483933,0.273878540955784,106
EQTL3,202402,1,0.133204549675371,0.681846801356406,106
EZTC3,202402,1,0.0480026448387407,0.214503850208853,106
FLRY3,202402,1,0.126761455139022,0.614535611801963,106
GGBR4,202402,1,0.154929988242803,0.726265984671674,106
GGPS3,202402,1,0.107163410277808,0.525045463066165,106
GMAT3,202402,1,0.107554352446275,0.554428078597623,106
GOAU4,202402,1,0.168133833577858,0.826942098958701,106
HAPV3,202402,1,0.165667303782501,0.829877195651189,106
HBRE3,202402,1,0.0461147475316831,0.238722332426377,106
HYPE3,202402,1,0.109325435570256,0.484207992031743,106
INTB3,202402,1,0.100713697185208,0.508843283972909,106
ITSA4,202402,1,0.178988989388201,0.87552043060076,106
ITUB3,202402,1,0.0622802467908957,0.257270959089524,106
ITUB4,202402,1,0.206163189159103,1,106
JALL3,202402,1,0.0418316455593617,0.155006125215445,106
JBSS3,202402,1,0.11506986464192,0.519039892861641,106
JHSF3,202402,1,0.0384528722846767,0.133640032624123,106
LREN3,202402,1,0.129539164028259,0.63586865105474,106
LWSA3,202402,1,0.128671477237062,0.562059643307469,106
MDNE3,202402,1,0.0586640195224454,0.234273150598841,106
MGLU3,202402,1,0.0443338772305305,0.214932613901116,106
MILS3,202402,1,0.038521657952042,0.133082591565031,106
MLAS3,202402,1,0.0586027122307406,0.225605840518939,106
MRVE3,202402,1,0.129411762010194,0.560585382293238,106
MULT3,202402,1,0.0820471012864581,0.397181637569423,106
NEOE3,202402,1,0.100564587673478,0.416287284986447,106
NTCO3,202402,1,0.100003931188208,0.526160824407199,106
ONCO3,202402,1,0.107370023452092,0.519734188506975,106
OPCT3,202402,1,0.063382234187077,0.241944331969631,106
ORVR3,202402,1,0.0695972838477849,0.269152287115196,106
PETR4,202402,1,0.11158168254586,0.565439620610374,106
PNVL3,202402,1,0.103157757912359,0.445520137023552,106
POMO4,202402,1,0.106416014433739,0.411355734076137,106
POSI3,202402,1,0.0343950782702818,0.120603809605435,106
PRIO3,202402,1,0.149374468126125,0.742661663912433,106
PRNR3,202402,1,0.0497181839875577,0.169532122763833,106
PSSA3,202402,1,0.129343127535491,0.585676238679682,106
RADL3,202402,1,0.111723418211058,0.589101493382035,106
RAIL3,202402,1,0.164670458638831,0.814206230057859,106
RAIZ4,202402,1,0.0703672998738687,0.319997473649942,106
RAPT4,202402,1,0.0876246173535847,0.323653249449718,106
RECV3,202402,1,0.119529620172321,0.583318320878644,106
RENT3,202402,1,0.18475972314482,0.920986945480889,106
RRRP3,202402,1,0.0891805812450747,0.383260137207438,106
SBFG3,202402,1,0.0747781891975597,0.268754276028435,106
SBSP3,202402,1,0.159619058945447,0.700198475994794,106
SIMH3,202402,1,0.0409464585953672,0.124737904464531,106
SLCE3,202402,1,0.116685958966397,0.498525907054226,106
SMFT3,202402,1,0.147636319536506,0.737959504464634,106
SMTO3,202402,1,0.0489677379507631,0.209681050867439,106
SOJA3,202402,1,0.046291603809132,0.170880335171366,106
SOMA3,202402,1,0.135185010558775,0.68377503397463,106
SUZB3,202402,1,0.130272733925187,0.666003265219702,106
TEND3,202402,1,0.0638994020675035,0.242640471334405,106
TFCO4,202402,1,0.0639072506367629,0.270961151472786,106
TIMS3,202402,1,0.155475608941917,0.735702593295623,106
TOTS3,202402,1,0.0968577648267132,0.476082852481382,106
TRPL4,202402,1,0.0636485543518263,0.295692801594486,106
TTEN3,202402,1,0.0433462680248546,0.151032070346499,106
UGPA3,202402,1,0.0744401464157576,0.37616542145224,106
USIM5,202402,1,0.0907006904622125,0.440298112560944,106
VALE3,202402,1,0.108247293723482,0.526082643621279,106
VAMO3,202402,1,0.081656745854817,0.337942652405413,106
VBBR3,202402,1,0.108987702169985,0.56706508334891,106
VITT3,202402,1,0.076270279161041,0.312835905643119,106
VIVA3,202402,1,0.119943605950343,0.545109706204883,106
VIVT3,202402,1,0.125554285126159,0.593602897368176,106
VVEO3,202402,1,0.111755821192543,0.581074222320335,106
WEGE3,202402,1,0.141760524391031,0.726006082673897,106
ABEV3,202404,1,0.129177899871925,0.661893802932944,102
AESB3,202404,1,0.104302900702472,0.486919230779159,102
ALPA4,202404,1,0.0986890801060458,0.512967355978254,102
AMBP3,202404,1,0.0406718140341982,0.145882089875122,102
ANIM3,202404,1,0.0708453002389339,0.274051430786504,102
ARZZ3,202404,1,0.128790449301817,0.59108048696826,102
ASAI3,202404,1,0.157355834607879,0.789196338667205,102
AZUL4,202404,1,0.13287335828702,0.617615779793348,102
B3SA3,202404,1,0.176902129765341,0.897460147513936,102
BBAS3,202404,1,0.0879437170056485,0.447304338220644,102
BBDC3,202404,1,0.0960051245958691,0.443218067664674,102
BBDC4,202404,1,0.113176686959144,0.562993745486321,102
BBSE3,202404,1,0.120229795310811,0.575661893446438,102
BRIT3,202404,1,0.0663263580148175,0.346020343762764,102
CASH3,202404,1,0.0434084353861707,0.126527993564712,102
CBAV3,202404,1,0.0652650370878449,0.241125548114902,102
CEAB3,202404,1,0.0589185603354054,0.193692012224632,102
CIEL3,202404,1,0.118698346266722,0.513505434398449,102
CMIN3,202404,1,0.120254133693668,0.559738225463033,102
CPFE3,202404,1,0.0995444707731884,0.44336545202691,102
CPLE3,202404,1,0.151580795268857,0.723161352120078,102
CPLE6,202404,1,0.137084276770245,0.687206168645251,102
CSAN3,202404,1,0.123598933054901,0.616919819888745,102
CSMG3,202404,1,0.0895245350162559,0.331930239183086,102
CURY3,202404,1,0.0925908092379868,0.422332197197447,102
CYRE3,202404,1,0.135705633346317,0.610053712155515,102
DESK3,202404,1,0.0734803010988252,0.386715752263826,102
DIRR3,202404,1,0.0698307650955536,0.311492752835882,102
EGIE3,202404,1,0.0765753177444467,0.385678788130414,102
ELET3,202404,1,0.0635695943578453,0.307929582466722,102
ENAT3,202404,1,0.0566742609473053,0.240284575682108,102
ENEV3,202404,1,0.128079245401748,0.673826959816846,102
ENJU3,202404,1,0.0425602785565433,0.215409474731675,102
EQTL3,202404,1,0.126266753417953,0.676261467988839,102
EZTC3,202404,1,0.0373138976227884,0.166731619412478,102
FLRY3,202404,1,0.0847431419548423,0.418817905449863,102
GGBR4,202404,1,0.167848187746408,0.779672420191834,102
GGPS3,202404,1,0.114273920966007,0.571125701813033,102
GMAT3,202404,1,0.109886010332363,0.571709011968759,102
GOAU4,202404,1,0.162713794106021,0.786454210844672,102
GUAR3,202404,1,0.0675146809910947,0.222873830752242,102
HAPV3,202404,1,0.167415408860448,0.822872278008831,102
HBRE3,202404,1,0.0381653846090811,0.196439304816095,102
HYPE3,202404,1,0.132956192269067,0.591361074921409,102
INTB3,202404,1,0.0981467352303176,0.505035267721835,102
ITSA4,202404,1,0.184476673980702,0.917222804147886,102
ITUB3,202404,1,0.0666314860373573,0.276227904488715,102
ITUB4,202404,1,0.204384679990627,1,102
JALL3,202404,1,0.0466461751524113,0.163683602850992,102
JBSS3,202404,1,0.11916130114542,0.606283962889608,102
KRSA3,202404,1,0.0311185124230942,0.112825908419802,102
LREN3,202404,1,0.118782352888619,0.559298931659884,102
LWSA3,202404,1,0.118853081349904,0.533989841631726,102
MDNE3,202404,1,0.0643259217132229,0.252427193696749,102
MILS3,202404,1,0.0452065417002296,0.154122080035724,102
MLAS3,202404,1,0.0583274264564408,0.212640359449039,102
MRVE3,202404,1,0.100913308314529,0.428737494919212,102
MULT3,202404,1,0.101786629274021,0.48579123076261,102
NEOE3,202404,1,0.0896709494906351,0.374000260453589,102
NTCO3,202404,1,0.0978741357828159,0.523783624491708,102
ONCO3,202404,1,0.0833380881578076,0.389356039271377,102
OPCT3,202404,1,0.0666387136782706,0.246440709331361,102
ORVR3,202404,1,0.0802316239100361,0.316327455749474,102
PCAR3,202404,1,0.111771570466283,0.486711678374307,102
PETR4,202404,1,0.114338574594484,0.610764507067818,102
PNVL3,202404,1,0.104364322749783,0.450738029816047,102
POMO4,202404,1,0.104322374817907,0.393897419920215,102
POSI3,202404,1,0.0605039158223978,0.212229523266033,102
PRIO3,202404,1,0.14084824534472,0.730147095931609,102
PRNR3,202404,1,0.056409491400929,0.203896914873482,102
PSSA3,202404,1,0.127478701522528,0.563646209741845,102
RADL3,202404,1,0.112359842724015,0.598274258641271,102
RAIL3,202404,1,0.178366369206938,0.90490044811166,102
RAIZ4,202404,1,0.0795573685937982,0.343438693597099,102
RAPT4,202404,1,0.0846338038137053,0.292221519395165,102
RECV3,202404,1,0.105255659877909,0.533612212352029,102
RENT3,202404,1,0.181551009402639,0.931961763823014,102
RRRP3,202404,1,0.0818153914407176,0.374427678989495,102
SBFG3,202404,1,0.0753863494701362,0.279486649488609,102
SBSP3,202404,1,0.182649354442147,0.855002735202401,102
SIMH3,202404,1,0.0391567973286026,0.126104041620681,102
SLCE3,202404,1,0.112301281234286,0.473664734973584,102
SMFT3,202404,1,0.150335306373644,0.77975141293116,102
SMTO3,202404,1,0.0413829015694802,0.172980108497695,102
SOJA3,202404,1,0.060058985787956,0.22627279219869,102
SOMA3,202404,1,0.144029045684965,0.734113228298209,102
SUZB3,202404,1,0.115295249667926,0.577652130871991,102
TEND3,202404,1,0.0552654725149357,0.201532267783864,102
TFCO4,202404,1,0.0617982763171287,0.258611128610647,102
TIMS3,202404,1,0.13826673719301,0.662161281285694,102
TOTS3,202404,1,0.0995721904900022,0.498126938469812,102
TRPL4,202404,1,0.0773719557143861,0.363904618689692,102
TTEN3,202404,1,0.042894149919646,0.157443632405739,102
UGPA3,202404,1,0.0717331766063314,0.367850922844783,102
VALE3,202404,1,0.112828053890388,0.568398284179741,102
VAMO3,202404,1,0.0801950910884415,0.327062559971197,102
VBBR3,202404,1,0.103655182224414,0.539754279486405,102
VITT3,202404,1,0.072171901187311,0.293744675661186,102
VIVA3,202404,1,0.110116334257291,0.498881198566005,102
VIVT3,202404,1,0.134821991060949,0.627863702000368,102
VVEO3,202404,1,0.098510983138906,0.517427085651384,102
WEGE3,202404,1,0.158657080411835,0.825220863363647,102
ABEV3,202405,1,0.130683612066004,0.657039733949713,103
AESB3,202405,1,0.0869091427793274,0.3976956504927,103
ALPA4,202405,1,0.0934492803781794,0.455053771468744,103
AMBP3,202405,1,0.0378281296591786,0.130034310042078,103
ANIM3,202405,1,0.0823156328071375,0.323495727142323,103
ARZZ3,202405,1,0.124572062310752,0.567363356707057,103
ASAI3,202405,1,0.166594007198622,0.837117068939733,103
AZUL4,202405,1,0.142933546287785,0.676095381856315,103
B3SA3,202405,1,0.154462071969881,0.760596041318094,103
BBAS3,202405,1,0.0681064458545505,0.34099828273779,103
BBDC3,202405,1,0.093223422007279,0.430791485974566,103
BBDC4,202405,1,0.126686140919624,0.623588697413819,103
BBSE3,202405,1,0.136603423716289,0.657815502151359,103
BPAC11,202405,1,0.0903938161221031,0.446059833901086,103
BRIT3,202405,1,0.0617076844388991,0.307880264865074,103
CASH3,202405,1,0.0388661867666406,0.118154124973146,103
CBAV3,202405,1,0.0653167318444106,0.241635433198874,103
CEAB3,202405,1,0.0544092271290682,0.175380000377057,103
CIEL3,202405,1,0.117258059710483,0.529026442304433,103
CMIN3,202405,1,0.1123750693956,0.507751092521883,103
CPFE3,202405,1,0.106989692314539,0.467557398178829,103
CPLE3,202405,1,0.154193707881251,0.759568610749053,103
CPLE6,202405,1,0.139459141530857,0.705225976013986,103
CSAN3,202405,1,0.117856697226124,0.551499193011,103
CSMG3,202405,1,0.0938202966630221,0.35024031628565,103
CURY3,202405,1,0.0877119254402973,0.403092019677268,103
CYRE3,202405,1,0.112071799930129,0.497815723500319,103
DESK3,202405,1,0.0721078383158006,0.35376288826947,103
DIRR3,202405,1,0.0814356700481154,0.375382938109135,103
ECOR3,202405,1,0.0784880327954696,0.35940725064984,103
EGIE3,202405,1,0.0791937186599694,0.388344939244167,103
ELET3,202405,1,0.0697444851949182,0.342519980453877,103
ENEV3,202405,1,0.117658162862756,0.580697152086572,103
ENJU3,202405,1,0.0378743590646013,0.182143641062396,103
EQTL3,202405,1,0.122651120971345,0.615683143506196,103
EZTC3,202405,1,0.0432283381501908,0.189356588749887,103
FLRY3,202405,1,0.0851118039625403,0.415611459741972,103
GGBR4,202405,1,0.159765222712981,0.74171258108833,103
GGPS3,202405,1,0.114472281656121,0.549423664011415,103
GMAT3,202405,1,0.106927147573502,0.526766966785904,103
GOAU4,202405,1,0.153278625361146,0.730846402396262,103
GUAR3,202405,1,0.0699971891737068,0.229891158363473,103
HAPV3,202405,1,0.161784858650042,0.769687524799473,103
HBRE3,202405,1,0.0358421517629813,0.180187963456667,103
HYPE3,202405,1,0.134831430778386,0.601579083441413,103
INTB3,202405,1,0.0942101014464463,0.462587104724869,103
ITSA4,202405,1,0.181541011644251,0.875141690918149,103
ITUB3,202405,1,0.0727020835600506,0.31082651129057,103
ITUB4,202405,1,0.204717936400927,1,103
JALL3,202405,1,0.0445712237238118,0.15136674623202,103
JBSS3,202405,1,0.118222627912731,0.602202103720719,103
LREN3,202405,1,0.111313705761886,0.509325260506132,103
LWSA3,202405,1,0.115510663468648,0.499176736535159,103
MDNE3,202405,1,0.0637267377232514,0.248943518076875,103
MILS3,202405,1,0.0412119797547875,0.141988410911192,103
MLAS3,202405,1,0.0638727409565754,0.238354317209069,103
MRVE3,202405,1,0.106489491752362,0.446885250676087,103
MULT3,202405,1,0.089685710732166,0.437320492984705,103
NEOE3,202405,1,0.0962184210958864,0.398869716423997,103
NTCO3,202405,1,0.0845989136239238,0.428123153880697,103
ONCO3,202405,1,0.0736729092063317,0.332767946170271,103
OPCT3,202405,1,0.0668518471930468,0.243240458108707,103
ORVR3,202405,1,0.0889017724795932,0.361644087757157,103
PCAR3,202405,1,0.12939118094104,0.588986182201934,103
PETR4,202405,1,0.102241162890649,0.52485156545637,103
PNVL3,202405,1,0.111595740460485,0.499283961379312,103
POMO4,202405,1,0.0999961720545033,0.375133294960024,103
POSI3,202405,1,0.0547714788353044,0.185450711993969,103
PRIO3,202405,1,0.150944010595278,0.742455261160969,103
PRNR3,202405,1,0.0560727221320497,0.218490729799331,103
PSSA3,202405,1,0.12915099289249,0.585285099751363,103
RADL3,202405,1,0.106134360225926,0.536342366860623,103
RAIL3,202405,1,0.178826369329924,0.868285412830537,103
RAIZ4,202405,1,0.0681496416391337,0.304273778814263,103
RAPT4,202405,1,0.0798017040013845,0.279392538746407,103
RECV3,202405,1,0.0964675973289983,0.463171972876085,103
RENT3,202405,1,0.164103991300458,0.799231838158188,103
RRRP3,202405,1,0.0924632464055618,0.440781897191638,103
SBFG3,202405,1,0.0789110151471245,0.308312903314659,103
SBSP3,202405,1,0.183774254913818,0.840673780458592,103
SIMH3,202405,1,0.0504470647122135,0.167265433212102,103
SLCE3,202405,1,0.123703159686354,0.54484287116319,103
SMFT3,202405,1,0.141577774682992,0.709718032239078,103
SMTO3,202405,1,0.0387598347296727,0.1456671113205,103
SOJA3,202405,1,0.0630016881891231,0.233396535722566,103
SOMA3,202405,1,0.131092358775194,0.64145737590487,103
SUZB3,202405,1,0.123594546838826,0.592734120099666,103
TEND3,202405,1,0.0401636977996705,0.159263457000488,103
TFCO4,202405,1,0.060854724968841,0.245632327677751,103
TIMS3,202405,1,0.145477551930641,0.666193145841597,103
TOTS3,202405,1,0.106694224855901,0.531296350226891,103
TRPL4,202405,1,0.0659151151093678,0.310533145722288,103
TTEN3,202405,1,0.0324761687988407,0.117361487581773,103
TUPY3,202405,1,0.0492425199637428,0.166053097302287,103
UGPA3,202405,1,0.0753255648195447,0.376716994380502,103
VALE3,202405,1,0.110447560323772,0.549708258322385,103
VAMO3,202405,1,0.083556766122232,0.354457012684323,103
VITT3,202405,1,0.0648231172101293,0.262542501035743,103
VIVA3,202405,1,0.120571741441974,0.543488172383994,103
VIVT3,202405,1,0.157065805793471,0.748551863262225,103
VVEO3,202405,1,0.08529592599908,0.424618670054248,103
WEGE3,202405,1,0.151317306461974,0.765561878101486,103
YDUQ3,202405,1,0.137749086456677,0.650733299455955,103
ABEV3,202407,1,0.120564600750619,0.631435402078523,103
AESB3,202407,1,0.111541341817223,0.522195523320965,103
ALPA4,202407,1,0.0748703074175463,0.38632592248004,103
AMER3,202407,1,0.0232631911350255,0.119071838164054,103
ANIM3,202407,1,0.0757615734681513,0.290539722844883,103
ARZZ3,202407,1,0.076876666387224,0.337447372338446,103
ASAI3,202407,1,0.13145648586565,0.674676328065509,103
AZUL4,202407,1,0.10504294894681,0.48676883961109,103
B3SA3,202407,1,0.161215151098637,0.862113570278992,103
BBAS3,202407,1,0.0669697189117401,0.349053632284039,103
BBDC3,202407,1,0.0775627732765194,0.378009854711345,103
BBDC4,202407,1,0.122025386695097,0.615426723042818,103
BBSE3,202407,1,0.133304154915273,0.642565755941431,103
BPAC11,202407,1,0.0560950228581505,0.274281417235495,103
BRIT3,202407,1,0.0629290201636417,0.343444870051323,103
CBAV3,202407,1,0.0640305210625158,0.249293396326048,103
CIEL3,202407,1,0.102711652429572,0.475293643626438,103
CMIN3,202407,1,0.0907290366112449,0.41104942007524,103
CPFE3,202407,1,0.101445355396029,0.438651877435508,103
CPLE3,202407,1,0.1442811156122,0.7295223533359,103
CPLE6,202407,1,0.144203199461366,0.756439440315146,103
CSAN3,202407,1,0.115016431797336,0.548866248935975,103
CSMG3,202407,1,0.0788322097878257,0.274276539289983,103
CURY3,202407,1,0.0857486986783142,0.408836788663631,103
CYRE3,202407,1,0.126724244162872,0.617865320041453,103
DESK3,202407,1,0.0765043793041278,0.378019387357136,103
DIRR3,202407,1,0.0641351470162557,0.296834511999858,103
EGIE3,202407,1,0.0736323314707259,0.357549390879641,103
ELET3,202407,1,0.0773825143442885,0.388780450478071,103
ENAT3,202407,1,0.107713909964275,0.506149938787442,103
ENEV3,202407,1,0.115537733657273,0.607975749825352,103
EQTL3,202407,1,0.1293782550564,0.728133927685754,103
EZTC3,202407,1,0.0417314475505378,0.166735912561893,103
FLRY3,202407,1,0.0721933547427674,0.355599327480581,103
GGBR4,202407,1,0.161614096590139,0.756867976465034,103
GGPS3,202407,1,0.105378503255863,0.52931113087621,103
GMAT3,202407,1,0.109939459165567,0.59779675907172,103
GOAU4,202407,1,0.14635199193161,0.711436697392766,103
GUAR3,202407,1,0.0549847903837209,0.171741161223299,103
HAPV3,202407,1,0.15493568107235,0.778398782490357,103
HBRE3,202407,1,0.040590728324046,0.217896557934482,103
IGTI11,202407,1,0.0807105889748521,0.354304187170266,103
INTB3,202407,1,0.0878427720913972,0.49301135581996,103
ITSA4,202407,1,0.190214346951981,0.950480103673655,103
ITUB3,202407,1,0.082140793683387,0.360282428632488,103
ITUB4,202407,1,0.188340311480963,0.951354492048896,103
JALL3,202407,1,0.0436193531044772,0.143529563103534,103
JBSS3,202407,1,0.133686098171215,0.69493106377088,103
JSLG3,202407,1,0.0405579698320993,0.141574174227616,103
KRSA3,202407,1,0.0262866099172291,0.0921157685359289,103
LREN3,202407,1,0.125052996948427,0.595384911666807,103
LWSA3,202407,1,0.0930370129388448,0.407927974474929,103
MDNE3,202407,1,0.0582852525091759,0.223950734088972,103
MILS3,202407,1,0.0273272028546243,0.0861345880851721,103
MLAS3,202407,1,0.0569172768473668,0.214368106464672,103
MRFG3,202407,1,0.0819555195318872,0.369465572465338,103
MRVE3,202407,1,0.0634054426599602,0.255483274659079,103
MULT3,202407,1,0.0999837861190245,0.504932028445561,103
NEOE3,202407,1,0.0970971333154378,0.401061755600616,103
NTCO3,202407,1,0.0754039322435651,0.40055555912449,103
OPCT3,202407,1,0.071831376054859,0.262271127541318,103
ORVR3,202407,1,0.0915204848193449,0.367808804978674,103
PCAR3,202407,1,0.104922891380745,0.506472132899929,103
PETR4,202407,1,0.125256241441983,0.69605373979732,103
PLPL3,202407,1,0.0575904529994311,0.225041989707651,103
PNVL3,202407,1,0.112351413376529,0.497669613472544,103
POMO4,202407,1,0.0925426039871796,0.338803053786907,103
POSI3,202407,1,0.0565922200423731,0.182966718783816,103
PRIO3,202407,1,0.172187893635194,0.906781434754235,103
PRNR3,202407,1,0.0572296599764975,0.223171187213916,103
PSSA3,202407,1,0.128576950350009,0.576328754415694,103
RADL3,202407,1,0.0964869175772519,0.506854422773226,103
RAIL3,202407,1,0.160142936697143,0.861294778109698,103
RAIZ4,202407,1,0.0551706508126034,0.254251842687034,103
RAPT4,202407,1,0.0741377606107056,0.250154493922144,103
RECV3,202407,1,0.0854782444919535,0.466198204618866,103
RENT3,202407,1,0.164816178367195,0.883631769457671,103
RRRP3,202407,1,0.0458872796577567,0.195819235458316,103
SBFG3,202407,1,0.0529074154807895,0.195679469267,103
SBSP3,202407,1,0.206089278330148,1,103
SIMH3,202407,1,0.0493695240277367,0.166305944707406,103
SLCE3,202407,1,0.109203904728366,0.451494811802996,103
SMFT3,202407,1,0.142843804625156,0.751562209668619,103
SMTO3,202407,1,0.0516274574730145,0.200719391503602,103
SOJA3,202407,1,0.0526126863632479,0.202844016582007,103
SOMA3,202407,1,0.135245260559419,0.72634405176163,103
SUZB3,202407,1,0.125297307353747,0.609740514130849,103
TEND3,202407,1,0.0374876147541151,0.135856778286019,103
TFCO4,202407,1,0.0566394237540338,0.237697957183522,103
TIMS3,202407,1,0.123815928408008,0.578067413200987,103
TOTS3,202407,1,0.102114765566057,0.533368695488061,103
TRPL4,202407,1,0.106631711584514,0.528121249383006,103
TTEN3,202407,1,0.0365186183398656,0.123831348674517,103
TUPY3,202407,1,0.0563754139054768,0.18995651956358,103
UGPA3,202407,1,0.0742601694370522,0.387156472123536,103
VALE3,202407,1,0.104086923964588,0.536714946929456,103
VAMO3,202407,1,0.0742447674558257,0.300473585355556,103
VBBR3,202407,1,0.0856146484082554,0.438753844522864,103
VITT3,202407,1,0.0503060357393406,0.187335261990975,103
VIVA3,202407,1,0.133943739337984,0.600777999534229,103
VIVT3,202407,1,0.146245011481936,0.751795898385039,103
WEGE3,202407,1,0.145064290097892,0.757650363061756,103
YDUQ3,202407,1,0.130473339232233,0.609452592719263,103
ABEV3,202409,1,0.114952976644787,0.588640574345574,98
AESB3,202409,1,0.100673436253931,0.470938042628249,98
ALPA4,202409,1,0.0772495263067292,0.385634417098413,98
ANIM3,202409,1,0.0535285768171806,0.178950335249111,98
ASAI3,202409,1,0.101535535000039,0.505404383380569,98
AZUL4,202409,1,0.127206344175089,0.578652602773338,98
B3SA3,202409,1,0.142378799839661,0.725954742115438,98
BBAS3,202409,1,0.0938792796254277,0.454818291335026,98
BBDC3,202409,1,0.0811534327284083,0.39336956753226,98
BBDC4,202409,1,0.144446720272645,0.726215862300194,98
BBSE3,202409,1,0.123065740530678,0.583840008053346,98
BEEF3,202409,1,0.0724070006621145,0.299946707675041,98
BPAC11,202409,1,0.106196719409761,0.522916660424282,98
BRIT3,202409,1,0.0571071380800875,0.298770067166506,98
CBAV3,202409,1,0.0612606427024085,0.216229030939859,98
CEAB3,202409,1,0.0501853163935869,0.157451193060135,98
CLSA3,202409,1,0.0450563933069962,0.166047838574482,98
CMIN3,202409,1,0.0962152569438667,0.433388929088949,98
CPFE3,202409,1,0.09771951527865,0.409532462711431,98
CPLE3,202409,1,0.126602731669171,0.621545535541804,98
CPLE6,202409,1,0.161414777897587,0.820724989167549,98
CSAN3,202409,1,0.108507152812513,0.496268869729642,98
CSMG3,202409,1,0.0690150805364651,0.235575648936387,98
CURY3,202409,1,0.0814250696320283,0.394696792667268,98
CYRE3,202409,1,0.133435957948289,0.639089377992278,98
DESK3,202409,1,0.0714662293176566,0.339820139453967,98
DIRR3,202409,1,0.0604732851870202,0.276460295800352,98
EGIE3,202409,1,0.0702778995122629,0.343873984644327,98
ELET3,202409,1,0.0804310297850488,0.40125563170958,98
ENEV3,202409,1,0.117276343624679,0.607742086537929,98
EQTL3,202409,1,0.113066082063572,0.582536652890262,98
EZTC3,202409,1,0.0374850696023323,0.142920966068052,98
FLRY3,202409,1,0.0743268832163227,0.353633247742259,98
GGBR4,202409,1,0.143286633470649,0.64764684348655,98
GGPS3,202409,1,0.130570626550352,0.647872489737367,98
GMAT3,202409,1,0.10531927410714,0.511606243528084,98
GOAU4,202409,1,0.128820657483905,0.616053063122725,98
GUAR3,202409,1,0.0579969514464461,0.184658814197575,98
HAPV3,202409,1,0.165416833196161,0.79638834980461,98
HBRE3,202409,1,0.0395474389370236,0.203721864893779,98
IGTI11,202409,1,0.0847156641089022,0.371575942129708,98
INTB3,202409,1,0.086279295726406,0.42677744996858,98
IRBR3,202409,1,0.0542462153696815,0.24162748236591,98
ITSA4,202409,1,0.193567906780292,0.947807215045797,98
ITUB3,202409,1,0.0943623437615592,0.438429348314945,98
ITUB4,202409,1,0.177538413132437,0.891160502346782,98
JALL3,202409,1,0.045157061242479,0.142123820386971,98
JBSS3,202409,1,0.119330530594625,0.60113701042939,98
JSLG3,202409,1,0.0450982849508203,0.14057560652088,98
KRSA3,202409,1,0.0270773152406633,0.0794745018468573,98
LEVE3,202409,1,0.0500274003521404,0.153691646378963,98
LREN3,202409,1,0.121104024483985,0.558981649420102,98
LWSA3,202409,1,0.0779708852303604,0.324875561900396,98
MATD3,202409,1,0.0813751435423255,0.339036274910873,98
MDNE3,202409,1,0.0587255629610492,0.210578080596686,98
MILS3,202409,1,0.023892143437419,0.0680585788778195,98
MRFG3,202409,1,0.0797552198853184,0.351913251301139,98
MRVE3,202409,1,0.0704792702055679,0.272223348588086,98
MULT3,202409,1,0.0952476006476934,0.482476126675141,98
NEOE3,202409,1,0.0965499769433468,0.402686384757151,98
NTCO3,202409,1,0.0806040607708036,0.425939247159801,98
OPCT3,202409,1,0.0685155504079794,0.248117070543292,98
ORVR3,202409,1,0.075376918605531,0.265190652583861,98
PCAR3,202409,1,0.0549763804270764,0.218644300424437,98
PETR4,202409,1,0.0946290903679887,0.485956727151674,98
PLPL3,202409,1,0.0633213291823142,0.258004496559547,98
PNVL3,202409,1,0.100809788545379,0.429361625077665,98
POMO4,202409,1,0.0947037171853121,0.365156862770797,98
PRIO3,202409,1,0.182323030652582,0.910472135106853,98
PRNR3,202409,1,0.060162858828091,0.238272081240534,98
PSSA3,202409,1,0.127474121525809,0.559124411620186,98
RADL3,202409,1,0.0934619967212917,0.485925878508889,98
RAIL3,202409,1,0.140507864855858,0.688031381015597,98
RAIZ4,202409,1,0.0479089652060834,0.218194713508433,98
RAPT4,202409,1,0.0771427382660407,0.254464990315261,98
RENT3,202409,1,0.141763720981963,0.732376186482755,98
SBSP3,202409,1,0.209742283347771,1,98
SIMH3,202409,1,0.0391698821364282,0.12093921122446,98
SLCE3,202409,1,0.105348744886223,0.440018403433243,98
SMFT3,202409,1,0.143448172402477,0.747309031285245,98
SMTO3,202409,1,0.0591015123472258,0.200290105659207,98
SOJA3,202409,1,0.0348237147698824,0.141301267644559,98
SUZB3,202409,1,0.119548778502064,0.570754663799206,98
TEND3,202409,1,0.0449690830782439,0.145139875369491,98
TFCO4,202409,1,0.054312898838856,0.212489774330945,98
TIMS3,202409,1,0.118169338600467,0.537463120600696,98
TOTS3,202409,1,0.0987524245679283,0.510845993285881,98
TRPL4,202409,1,0.0535224917738341,0.257974913210398,98
TTEN3,202409,1,0.0437775897066367,0.140663648943586,98
TUPY3,202409,1,0.0655970807756637,0.207098036491818,98
UGPA3,202409,1,0.0790099339091384,0.402528927538705,98
USIM5,202409,1,0.0775949381342561,0.324971382711939,98
VALE3,202409,1,0.130895607087942,0.646285022030513,98
VAMO3,202409,1,0.0732932252391396,0.271773899289752,98
VIVA3,202409,1,0.151963200346662,0.679592113096438,98
VIVT3,202409,1,0.143528682926416,0.701536877342795,98
WEGE3,202409,1,0.14495379048421,0.748075804575063,98
YDUQ3,202409,1,0.114728192336603,0.485100604771046,98
ABEV3,202410,1,0.0846597738621879,0.453177367221425,98
ALPA4,202410,1,0.0831744790803771,0.429467303527966,98
ANIM3,202410,1,0.0497259526674454,0.169247307996897,98
ASAI3,202410,1,0.107949400188258,0.551506562528353,98
AZUL4,202410,1,0.116375646829473,0.557654599090982,98
B3SA3,202410,1,0.146671968947239,0.776024121925702,98
BBAS3,202410,1,0.0822064453617855,0.421012353393933,98
BBDC3,202410,1,0.0782673752705528,0.393050847606273,98
BBDC4,202410,1,0.132863557202363,0.690174767068443,98
BBSE3,202410,1,0.108112371260278,0.530501805027237,98
BEEF3,202410,1,0.0706777705418521,0.292569461789721,98
BLAU3,202410,1,0.0420263780224262,0.124986212617484,98
BPAC11,202410,1,0.0815279040431766,0.416023168981909,98
BRIT3,202410,1,0.0589097253692464,0.336756410054343,98
CBAV3,202410,1,0.0542408535388021,0.199790663800428,98
CEAB3,202410,1,0.038898206903578,0.120175650816117,98
CLSA3,202410,1,0.0858598611734545,0.418202800234137,98
CMIN3,202410,1,0.0949193767161064,0.418079356936358,98
CPFE3,202410,1,0.0892889041768139,0.373776584869567,98
CPLE3,202410,1,0.124201594762623,0.647114239603806,98
CPLE6,202410,1,0.157104539739618,0.850689936147427,98
CSAN3,202410,1,0.113139077527164,0.544816063457611,98
CSMG3,202410,1,0.0811320131694442,0.304851769106405,98
CURY3,202410,1,0.0756538842165653,0.383526883909949,98
CYRE3,202410,1,0.124243072471393,0.627088535716761,98
DESK3,202410,1,0.0748933873654226,0.37985123168008,98
DIRR3,202410,1,0.0484124143500419,0.230219434603938,98
ECOR3,202410,1,0.0790325181665034,0.361491899907078,98
EGIE3,202410,1,0.0685241387226651,0.338049782774586,98
ELET3,202410,1,0.0797151285459997,0.417750352035501,98
EMBR3,202410,1,0.123268781360948,0.608673691152982,98
ENEV3,202410,1,0.125652509667193,0.68780985108508,98
EQTL3,202410,1,0.106338605211914,0.574316576341602,98
EZTC3,202410,1,0.0366826495559147,0.14726300498628,98
FLRY3,202410,1,0.0719580620288869,0.359117090258323,98
GGBR4,202410,1,0.141845897274034,0.688947213685217,98
GGPS3,202410,1,0.125098426868039,0.656969124255937,98
GMAT3,202410,1,0.100818083758213,0.51504263515408,98
GOAU4,202410,1,0.133085760561008,0.662428769408292,98
GUAR3,202410,1,0.0504917967323632,0.164033671806408,98
HAPV3,202410,1,0.157552337116384,0.809626692061282,98
HBRE3,202410,1,0.0401002894236054,0.214652145327205,98
INTB3,202410,1,0.0815513371704348,0.424309170569266,98
ITSA4,202410,1,0.194585393699884,1,98
ITUB3,202410,1,0.0838846112589823,0.402422771866567,98
ITUB4,202410,1,0.167258845705528,0.884405525526553,98
JALL3,202410,1,0.0393515880146252,0.137145403888913,98
JBSS3,202410,1,0.127213732340399,0.66491648518485,98
JSLG3,202410,1,0.0450108583227765,0.138461650110397,98
KRSA3,202410,1,0.0270685831661128,0.0835968209925024,98
LEVE3,202410,1,0.0506941685933871,0.157134568813221,98
LREN3,202410,1,0.130613014692817,0.630812118907723,98
LWSA3,202410,1,0.092193993932911,0.393680159388192,98
MATD3,202410,1,0.0799894779813963,0.336806987713235,98
MDNE3,202410,1,0.0612954245523114,0.237427311286003,98
MRFG3,202410,1,0.0863656986890754,0.387621494710882,98
MRVE3,202410,1,0.0661237462085883,0.252595787891353,98
MULT3,202410,1,0.0933308763569629,0.489916720790777,98
NEOE3,202410,1,0.0785687547207222,0.325794509972794,98
NTCO3,202410,1,0.0915793632613504,0.509555293603683,98
OPCT3,202410,1,0.0671744333548878,0.259214828032172,98
ORVR3,202410,1,0.078477600653598,0.317883864001329,98
PCAR3,202410,1,0.0403917234786197,0.173753957552505,98
PETR4,202410,1,0.0895321429051283,0.477978193234072,98
PLPL3,202410,1,0.0619608349880752,0.251911544797463,98
PNVL3,202410,1,0.097338716489568,0.418750604337009,98
POMO4,202410,1,0.0962051121238022,0.39732245417551,98
PRIO3,202410,1,0.177331684619604,0.921316529891754,98
PRNR3,202410,1,0.0560964380633264,0.233843529072583,98
PSSA3,202410,1,0.130743709849536,0.587617976665096,98
RADL3,202410,1,0.0983337088197763,0.544657908830845,98
RAIL3,202410,1,0.154054921171188,0.781106557783666,98
RAIZ4,202410,1,0.0486038153227249,0.227854292096086,98
RAPT4,202410,1,0.0594077470881128,0.211987890848714,98
RENT3,202410,1,0.151724701899421,0.827857111649196,98
SBSP3,202410,1,0.194916921151963,0.975641731001426,98
SIMH3,202410,1,0.0366880109197219,0.118200418873525,98
SLCE3,202410,1,0.11421313985431,0.503341146794003,98
SMFT3,202410,1,0.144416309927323,0.788829899414,98
SMTO3,202410,1,0.0591252806299575,0.214239343050944,98
SOJA3,202410,1,0.0356036896138368,0.148992937039273,98
SUZB3,202410,1,0.126195632401229,0.627868195840894,98
TEND3,202410,1,0.043005121591627,0.158715307560932,98
TFCO4,202410,1,0.0544365394198868,0.233968091739674,98
TIMS3,202410,1,0.121110793326058,0.587658255756112,98
TOTS3,202410,1,0.0923270289914691,0.494237204156198,98
TRPL4,202410,1,0.0833087172966192,0.438330089010274,98
TTEN3,202410,1,0.0429482995825863,0.144721658243173,98
TUPY3,202410,1,0.0588485151494837,0.18274165542846,98
UGPA3,202410,1,0.0822794358251605,0.43755936357672,98
USIM5,202410,1,0.0744372522724181,0.338826529284432,98
VALE3,202410,1,0.122957763803916,0.645926436217969,98
VAMO3,202410,1,0.0633946826532273,0.255297565573944,98
VBBR3,202410,1,0.084964655918645,0.456100543115252,98
VIVA3,202410,1,0.1345125001916,0.639852853121856,98
VIVT3,202410,1,0.133614183370916,0.693295516017609,98
VVEO3,202410,1,0.0787218493256864,0.435130133640901,98
WEGE3,202410,1,0.152431331112708,0.821742247012059,98
ABEV3,202412,1,0.104877970917485,0.586084065628436,96
ALPA4,202412,1,0.0847307020669312,0.488635542112443,96
ALUP11,202412,1,0.0784629895426491,0.409437570856885,96
AMER3,202412,1,0.0261592185295099,0.0960791920957898,96
ASAI3,202412,1,0.108267732153131,0.607895458226394,96
B3SA3,202412,1,0.0977887174029467,0.551433881022892,96
BBAS3,202412,1,0.0788688096572548,0.406269599386197,96
BBDC3,202412,1,0.0681999398680109,0.351139827401889,96
BBDC4,202412,1,0.0958441554984727,0.472604474605672,96
BBSE3,202412,1,0.115666640347241,0.566717644078001,96
BEEF3,202412,1,0.0494999468849096,0.188370041671411,96
BLAU3,202412,1,0.0451309374545417,0.124332737121337,96
CBAV3,202412,1,0.0484884670698482,0.158417271313707,96
CEAB3,202412,1,0.0450173551577591,0.145535727499512,96
CLSA3,202412,1,0.0668725378909341,0.274947898091264,96
CMIN3,202412,1,0.0706010349228102,0.306713223050968,96
CPFE3,202412,1,0.0800020107116769,0.327283728714294,96
CPLE3,202412,1,0.118479687407815,0.631366350420318,96
CPLE6,202412,1,0.150207836611167,0.830507926804762,96
CSAN3,202412,1,0.101820263087893,0.516957910831801,96
CSMG3,202412,1,0.0775314509967298,0.304473776381517,96
CURY3,202412,1,0.0677135056566236,0.373431978988581,96
CYRE3,202412,1,0.129325334623751,0.703210351944686,96
DESK3,202412,1,0.068193990744439,0.36775946822018,96
DIRR3,202412,1,0.0490105683120618,0.237587924525874,96
ECOR3,202412,1,0.0725547802421005,0.28473562091979,96
EGIE3,202412,1,0.0485274748793977,0.252113798625147,96
ELET3,202412,1,0.0793686584124446,0.437883990482341,96
ELMD3,202412,1,0.0665509228115137,0.290916742506344,96
EMBR3,202412,1,0.119337021076432,0.56355226881431,96
ENEV3,202412,1,0.115103857079624,0.699406916937506,96
EQTL3,202412,1,0.108538432794728,0.620593105130867,96
EZTC3,202412,1,0.0317441367988307,0.121364510363312,96
GGBR4,202412,1,0.125374568176036,0.607017475664519,96
GGPS3,202412,1,0.126948000959304,0.714844373475147,96
GMAT3,202412,1,0.104065893958125,0.547449988143283,96
GOAU4,202412,1,0.12429030052214,0.658305749135603,96
GUAR3,202412,1,0.0560163126712534,0.178863260539456,96
HAPV3,202412,1,0.133701059683451,0.705045733819751,96
HBRE3,202412,1,0.033181162062822,0.19038350021508,96
INTB3,202412,1,0.0958995962970655,0.518334522647473,96
IRBR3,202412,1,0.0769180995940427,0.327578303595689,96
ITSA4,202412,1,0.184016292808019,1,96
ITUB3,202412,1,0.0655908414276345,0.299525708459387,96
ITUB4,202412,1,0.162304816171313,0.875540528041729,96
JALL3,202412,1,0.033861182298383,0.130771595271258,96
JBSS3,202412,1,0.124815297382447,0.66031597246723,96
JSLG3,202412,1,0.0402965145934463,0.116705328949478,96
KRSA3,202412,1,0.0184520987737815,0.0503551854810346,96
LEVE3,202412,1,0.0592164584376336,0.18404994063043,96
LREN3,202412,1,0.10129993279677,0.435059335722317,96
LWSA3,202412,1,0.0518373118735036,0.197658902530872,96
MATD3,202412,1,0.0537887075373396,0.221591741469932,96
MDNE3,202412,1,0.0514864057798954,0.186253216772501,96
MILS3,202412,1,0.0248136672064415,0.0707810134489655,96
MRFG3,202412,1,0.0787286191139939,0.315274641568905,96
MRVE3,202412,1,0.0667064214746515,0.245130089026995,96
MULT3,202412,1,0.0954156226391088,0.528692217065646,96
NEOE3,202412,1,0.0725844230502006,0.276945855815677,96
NTCO3,202412,1,0.0905709101106181,0.555253221280277,96
ONCO3,202412,1,0.0675643101129035,0.263705260712181,96
OPCT3,202412,1,0.0614714684616199,0.239096718418559,96
ORVR3,202412,1,0.0581351181543489,0.205099322074458,96
PCAR3,202412,1,0.0239388351920586,0.0964956079536343,96
PETR4,202412,1,0.0965183482906851,0.534109622166767,96
PLPL3,202412,1,0.0676285473134509,0.292118040347387,96
PNVL3,202412,1,0.0909319645683256,0.39272831652328,96
POMO4,202412,1,0.0983905012304762,0.417607039090876,96
PRIO3,202412,1,0.160274295555337,0.855637374026068,96
PRNR3,202412,1,0.0571742451119994,0.24423856041948,96
PSSA3,202412,1,0.11557872503743,0.505511921076235,96
RADL3,202412,1,0.094565508550653,0.567586615687705,96
RAIL3,202412,1,0.135151735683845,0.709343233900394,96
RAIZ4,202412,1,0.0344876763493374,0.162298241702046,96
RAPT4,202412,1,0.0755289014218124,0.247973372180525,96
RENT3,202412,1,0.128210358020536,0.771280075846646,96
SBSP3,202412,1,0.182576747201028,0.944861218371111,96
SIMH3,202412,1,0.0361504284821165,0.108001520563362,96
SLCE3,202412,1,0.112691328272032,0.53317980857104,96
SMFT3,202412,1,0.129723093694399,0.739945499582815,96
SMTO3,202412,1,0.0626184783448023,0.233227915917698,96
SOJA3,202412,1,0.039483569265738,0.16944325293554,96
SUZB3,202412,1,0.122463593000665,0.620529613042436,96
TEND3,202412,1,0.037394616223973,0.125856258814883,96
TFCO4,202412,1,0.0630253608048548,0.268040900241486,96
TGMA3,202412,1,0.0619759398239495,0.186282725850198,96
TIMS3,202412,1,0.127020036607189,0.637207974070648,96
TOTS3,202412,1,0.0796852784335617,0.433330271967022,96
TTEN3,202412,1,0.0398230740501066,0.128383500957144,96
TUPY3,202412,1,0.0621212868607322,0.191985198684154,96
UGPA3,202412,1,0.072000652792567,0.398766601629851,96
VALE3,202412,1,0.0986006315977984,0.527942706809576,96
VAMO3,202412,1,0.0456314108065209,0.186489457909733,96
VIVA3,202412,1,0.120568107858478,0.58210835470789,96
VIVT3,202412,1,0.118676707042568,0.635894276272626,96
WEGE3,202412,1,0.141333796403889,0.805610761448216,96
ABEV3,202501,1,0.120787202411058,0.603547942387484,96
ALPA4,202501,1,0.0825616338334386,0.459530260642416,96
ALUP11,202501,1,0.0686443532616771,0.300993992565473,96
AMER3,202501,1,0.0428776234004114,0.145187037334863,96
ASAI3,202501,1,0.120796677845541,0.649685680744063,96
BBAS3,202501,1,0.0892482876343434,0.401541982013826,96
BBDC3,202501,1,0.107101053881653,0.552338498605965,96
BBDC4,202501,1,0.119752817909436,0.548189802487462,96
BBSE3,202501,1,0.118213654028281,0.535683231959003,96
BEEF3,202501,1,0.0691679199921514,0.258759044906452,96
BLAU3,202501,1,0.045781556810237,0.131980238540267,96
BPAC11,202501,1,0.0820609325667291,0.387848020317603,96
CBAV3,202501,1,0.0629776070008095,0.197074908843312,96
CEAB3,202501,1,0.0688955923298306,0.242226216025449,96
CLSA3,202501,1,0.0675133085087292,0.233288494447321,96
CMIN3,202501,1,0.0796493742435106,0.343581845804659,96
CPFE3,202501,1,0.0791530183494568,0.300406141087459,96
CPLE3,202501,1,0.12934716798935,0.644947926459136,96
CPLE6,202501,1,0.150646697254127,0.778140212474902,96
CSAN3,202501,1,0.0927433245838017,0.434254037274189,96
CSMG3,202501,1,0.0797603999347086,0.305607215038027,96
CURY3,202501,1,0.0733366379106479,0.333069177280492,96
CYRE3,202501,1,0.147742964460727,0.752790302778104,96
DESK3,202501,1,0.0691133655083132,0.352523553957556,96
DIRR3,202501,1,0.0588934518196403,0.273061495965108,96
EGIE3,202501,1,0.0516315356481097,0.240498604928737,96
ELET3,202501,1,0.0698988948817231,0.335528487361793,96
ELMD3,202501,1,0.0705452379369361,0.279894199471601,96
EMBR3,202501,1,0.119735478073684,0.51828804230953,96
ENEV3,202501,1,0.125025451057633,0.706277909591177,96
EQTL3,202501,1,0.0907396752461736,0.431889094209503,96
EZTC3,202501,1,0.0270064411208196,0.0898017023629729,96
FLRY3,202501,1,0.0637222612616085,0.273225189678595,96
GGBR4,202501,1,0.137191226884554,0.604284584552173,96
GGPS3,202501,1,0.139185262300869,0.720073097051499,96
GMAT3,202501,1,0.096218578357037,0.409532473841313,96
GOAU4,202501,1,0.133536913189221,0.664444716025077,96
GUAR3,202501,1,0.0550018884973458,0.162940081102133,96
HAPV3,202501,1,0.141865911359909,0.699225149817372,96
HBRE3,202501,1,0.0339226377638284,0.181149747132129,96
INTB3,202501,1,0.104101927807934,0.478715425332915,96
IRBR3,202501,1,0.0606308944921275,0.285418965619797,96
ITSA4,202501,1,0.198101975866031,1,96
ITUB3,202501,1,0.0855981913867143,0.369544924768388,96
ITUB4,202501,1,0.158952373936226,0.792318112904476,96
JALL3,202501,1,0.0333371616694658,0.116786100247873,96
JBSS3,202501,1,0.133468950155252,0.650580585769699,96
KRSA3,202501,1,0.0172624509212078,0.0448619183136769,96
LEVE3,202501,1,0.051855317673921,0.143530150634869,96
LREN3,202501,1,0.0917787146919452,0.368112704033834,96
LWSA3,202501,1,0.0514343993341999,0.194452244565668,96
MATD3,202501,1,0.0504483974123226,0.189941680449123,96
MDNE3,202501,1,0.0516952534692398,0.164618647404059,96
MRFG3,202501,1,0.0686140109507689,0.268808955920717,96
MRVE3,202501,1,0.0464376942373883,0.156571655454077,96
MULT3,202501,1,0.0930694943432587,0.460804523733376,96
NEOE3,202501,1,0.073167822985879,0.26227832389681,96
NTCO3,202501,1,0.104310098764271,0.589694347680334,96
ODPV3,202501,1,0.0482806902692517,0.141239421287546,96
OPCT3,202501,1,0.0601305515695678,0.239871598087243,96
ORVR3,202501,1,0.0530746084406127,0.182318048030896,96
PCAR3,202501,1,0.0302278020330312,0.118129548898045,96
PETR4,202501,1,0.0873713447030188,0.39498189350278,96
PLPL3,202501,1,0.0921910390239213,0.392420028531064,96
PNVL3,202501,1,0.0898569279263617,0.368656692407982,96
POMO4,202501,1,0.119592709680108,0.4723329070434,96
PRIO3,202501,1,0.177684852075059,0.859641967915401,96
PRNR3,202501,1,0.065007316884439,0.274012694756069,96
PSSA3,202501,1,0.117095955630909,0.498786928600756,96
RADL3,202501,1,0.0903860175177477,0.493403441730488,96
RAIL3,202501,1,0.148264741568469,0.698096872373055,96
RAIZ4,202501,1,0.0417988165559191,0.178180380530043,96
RAPT4,202501,1,0.055225898843986,0.173467437014798,96
RENT3,202501,1,0.142221098293819,0.777732245544096,96
SANB11,202501,1,0.0980320637088931,0.453651438577298,96
SBSP3,202501,1,0.152936375124678,0.694516926028464,96
SIMH3,202501,1,0.0381320852064337,0.112237599588675,96
SLCE3,202501,1,0.116641323222673,0.525186095656047,96
SMFT3,202501,1,0.138263855383943,0.722854432447236,96
SMTO3,202501,1,0.0636369432661213,0.2326285030497,96
SOJA3,202501,1,0.0309188363516711,0.129731160443341,96
SUZB3,202501,1,0.115165866213494,0.549970730952324,96
TEND3,202501,1,0.0510970773105484,0.161653034889867,96
TFCO4,202501,1,0.0646647758765409,0.242177188549114,96
TIMS3,202501,1,0.133965299937845,0.605987654938387,96
TOTS3,202501,1,0.0903737332895457,0.442871146202608,96
TTEN3,202501,1,0.0406024249593663,0.123768834728253,96
TUPY3,202501,1,0.0556930080579696,0.151876479573039,96
UGPA3,202501,1,0.0823929992099956,0.390666671809985,96
USIM5,202501,1,0.0701939142132971,0.270470268257379,96
VALE3,202501,1,0.108698947431027,0.538117559404657,96
VAMO3,202501,1,0.0538524198769412,0.202092734493575,96
VBBR3,202501,1,0.0845160769331201,0.462300648833982,96
VIVA3,202501,1,0.128130607556461,0.577463944704799,96
VIVT3,202501,1,0.114443812943642,0.557840426568301,96
WEGE3,202501,1,0.1621347087576,0.828401137566828,96
ABEV3,202502,1,0.107564364450098,0.549596742082504,95
ALPA4,202502,1,0.0925827658272678,0.544150697130009,95
AMER3,202502,1,0.0341036943833274,0.120497312898317,95
ASAI3,202502,1,0.132699566561451,0.736308579702783,95
AZUL4,202502,1,0.0857626046560024,0.338039964169538,95
BBAS3,202502,1,0.0717437132679342,0.324841371530961,95
BBDC3,202502,1,0.117920058244463,0.604163321918006,95
BBDC4,202502,1,0.122826861500788,0.576088073311476,95
BBSE3,202502,1,0.112327774752121,0.515348600574942,95
BEEF3,202502,1,0.072190967034309,0.287570476373557,95
BLAU3,202502,1,0.0464451818171541,0.136617665992795,95
BPAC11,202502,1,0.0978561923420729,0.475959472315785,95
BRFS3,202502,1,0.0985824089359235,0.387794560304631,95
CBAV3,202502,1,0.0567376212065081,0.175570441500854,95
CCRO3,202502,1,0.132910976444953,0.784880303765889,95
CEAB3,202502,1,0.0521778457837867,0.165534223196463,95
CLSA3,202502,1,0.0764440279106268,0.263240007715319,95
CMIN3,202502,1,0.0814719603662317,0.366028871640638,95
CPFE3,202502,1,0.0886226507445707,0.341052597988909,95
CPLE3,202502,1,0.122324223783248,0.601640213312139,95
CPLE6,202502,1,0.149590975314616,0.783110259831394,95
CSAN3,202502,1,0.0834749287795549,0.402550077293607,95
CURY3,202502,1,0.0694520253643367,0.324365949504295,95
CYRE3,202502,1,0.145280150542137,0.75623588753523,95
DESK3,202502,1,0.0729030750413343,0.362215451211572,95
DIRR3,202502,1,0.052944517823704,0.24567838845181,95
ECOR3,202502,1,0.0846070882884982,0.310729775317982,95
EGIE3,202502,1,0.0658083598321358,0.304499622079229,95
ELET3,202502,1,0.0673165915993961,0.324715941225262,95
ELMD3,202502,1,0.0604636343490504,0.232444174798155,95
EMBR3,202502,1,0.119739932855929,0.519014544187114,95
ENEV3,202502,1,0.136311415026291,0.799730163456821,95
EQTL3,202502,1,0.075839678043843,0.368941628790953,95
EZTC3,202502,1,0.0357843908043206,0.125919982587275,95
GGBR4,202502,1,0.149914391486987,0.686212204678273,95
GGPS3,202502,1,0.138672409021892,0.720954394032008,95
GMAT3,202502,1,0.0815299512055868,0.348422151636358,95
GOAU4,202502,1,0.140494108733441,0.717251392232808,95
GUAR3,202502,1,0.0504250155183407,0.148107972859242,95
HAPV3,202502,1,0.14756998047846,0.711100437151357,95
HBRE3,202502,1,0.0290786043753445,0.155598350899835,95
INTB3,202502,1,0.089493182630498,0.40071884055146,95
IRBR3,202502,1,0.0687876684630621,0.315164061499417,95
ITSA4,202502,1,0.194137502689842,1,95
ITUB3,202502,1,0.0817989419081648,0.352214050524279,95
ITUB4,202502,1,0.170182599763407,0.851344850521551,95
JALL3,202502,1,0.030752986747249,0.104705893514547,95
JBSS3,202502,1,0.15674006108551,0.759223569400283,95
KRSA3,202502,1,0.0184898797521624,0.0440328282457303,95
LEVE3,202502,1,0.0531342212346808,0.14798526798416,95
LREN3,202502,1,0.127958634594823,0.508399953389086,95
LWSA3,202502,1,0.0746029714552545,0.285877412750044,95
MATD3,202502,1,0.0535563865068231,0.190871781449829,95
MDNE3,202502,1,0.0535010375902056,0.169136930362001,95
MRFG3,202502,1,0.0860707844743743,0.330974378012452,95
MRVE3,202502,1,0.0656919153854568,0.234024309387464,95
MULT3,202502,1,0.0995752871100061,0.49019591448144,95
NEOE3,202502,1,0.0965184979411927,0.381097824788664,95
NTCO3,202502,1,0.115853050022057,0.685955372092219,95
ODPV3,202502,1,0.044725013973156,0.126576181378947,95
OPCT3,202502,1,0.06070277707051,0.24206180150867,95
ORVR3,202502,1,0.0504304758701977,0.158156926424787,95
PCAR3,202502,1,0.0305069601566664,0.116893688382214,95
PLPL3,202502,1,0.0812560819549479,0.302992449505617,95
PNVL3,202502,1,0.0885058420912939,0.353372354149484,95
POMO4,202502,1,0.110269199660684,0.4493901943622,95
PRIO3,202502,1,0.172111649518069,0.829135837208908,95
PRNR3,202502,1,0.0582258487413794,0.227965745695825,95
PSSA3,202502,1,0.116551770407086,0.494440268213996,95
RADL3,202502,1,0.0954015455750069,0.538670901458313,95
RAIL3,202502,1,0.152655451950633,0.741483873883657,95
RAPT4,202502,1,0.0458687971065734,0.142573840930758,95
RENT3,202502,1,0.149025290718197,0.838610875841615,95
SBSP3,202502,1,0.134561468306556,0.611916811103777,95
SIMH3,202502,1,0.0286905300263903,0.0715465273312983,95
SLCE3,202502,1,0.105709858560935,0.482841948468224,95
SMFT3,202502,1,0.13867030476008,0.717882593065486,95
SMTO3,202502,1,0.0659275190010767,0.245374473965427,95
SOJA3,202502,1,0.0367451616204986,0.144841712500239,95
SUZB3,202502,1,0.128108979542124,0.615095294573195,95
TEND3,202502,1,0.0402731722128082,0.125304807053025,95
TFCO4,202502,1,0.0633056634167585,0.230363431760996,95
TGMA3,202502,1,0.0476805744616404,0.117560446506489,95
TIMS3,202502,1,0.13919470528286,0.643772717922531,95
TOTS3,202502,1,0.121836371126122,0.62021150249828,95
TTEN3,202502,1,0.0498000510653305,0.145726343383428,95
TUPY3,202502,1,0.0536549315370272,0.139417713681208,95
UGPA3,202502,1,0.0809892354728281,0.38351230665455,95
USIM5,202502,1,0.0823990274210421,0.316071926349814,95
VALE3,202502,1,0.121517354302109,0.603799340664182,95
VAMO3,202502,1,0.0488704749896452,0.196074342171467,95
VBBR3,202502,1,0.108038433579258,0.607023761464347,95
VIVA3,202502,1,0.108253030843009,0.455581401427278,95
VIVT3,202502,1,0.115642297670279,0.582092179376487,95
WEGE3,202502,1,0.183153050519557,0.959826207649186,95
ABEV3,202503,1,0.102637840064662,0.451570893395268,93
ALPA4,202503,1,0.0933312456495413,0.538114056157726,93
AMER3,202503,1,0.0470732541361303,0.148241783403652,93
ASAI3,202503,1,0.134570954346687,0.721462898749984,93
BBAS3,202503,1,0.0805224994004971,0.351474617340448,93
BBDC3,202503,1,0.0995511382691688,0.472986661157236,93
BBDC4,202503,1,0.112222840101231,0.479446599421766,93
BBSE3,202503,1,0.107099142099035,0.435094198157417,93
BEEF3,202503,1,0.0434970200998185,0.154607207873608,93
BLAU3,202503,1,0.0503295494490449,0.123739538034716,93
BPAC11,202503,1,0.0715274025511082,0.317399088985159,93
BRFS3,202503,1,0.0897648270555001,0.309262729843987,93
CBAV3,202503,1,0.0466283488961711,0.126357300135908,93
CCRO3,202503,1,0.140594194931122,0.800295233608563,93
CEAB3,202503,1,0.0677353687967429,0.219592738176191,93
CLSA3,202503,1,0.0711621007848175,0.229302972846292,93
CMIN3,202503,1,0.0681079768970742,0.256674551572155,93
CPFE3,202503,1,0.0890409980366382,0.310350633645828,93
CPLE3,202503,1,0.127018718561879,0.592221354814286,93
CPLE6,202503,1,0.154750574523064,0.752183020760275,93
CSAN3,202503,1,0.109117519265999,0.481285468764851,93
CURY3,202503,1,0.0816406527211586,0.357704393328005,93
CYRE3,202503,1,0.153996092847125,0.778842169237918,93
DESK3,202503,1,0.0670212247834688,0.324793475900023,93
DIRR3,202503,1,0.0571659633831114,0.252799263521354,93
ECOR3,202503,1,0.0816930917881999,0.264818486069355,93
EGIE3,202503,1,0.0534079058234399,0.227212932306969,93
ELET3,202503,1,0.0684297614354456,0.301922478323299,93
ELMD3,202503,1,0.0583851862917961,0.219772018670515,93
EMBR3,202503,1,0.139129535353967,0.54657114760871,93
ENEV3,202503,1,0.138952222791618,0.790371499197442,93
EQTL3,202503,1,0.0806747187398075,0.355965947640147,93
EZTC3,202503,1,0.0358841827915325,0.109434611621556,93
FLRY3,202503,1,0.0626300611552996,0.244214537861747,93
GGBR4,202503,1,0.1422807593258,0.582914217412227,93
GGPS3,202503,1,0.141042553465402,0.698564379950572,93
GMAT3,202503,1,0.0916044316093376,0.348907119142563,93
GOAU4,202503,1,0.142188424913898,0.709235660469149,93
GUAR3,202503,1,0.0496236466825532,0.134266375804614,93
HAPV3,202503,1,0.129541877287387,0.600041200443176,93
HBRE3,202503,1,0.0294920294669825,0.14623473085141,93
IGTI11,202503,1,0.0668767045386454,0.265180811172869,93
INTB3,202503,1,0.100058563046005,0.413110184137472,93
ITSA4,202503,1,0.201980961934146,1,93
ITUB3,202503,1,0.0532711173017831,0.197019414282263,93
ITUB4,202503,1,0.163255820835784,0.746137389053911,93
JALL3,202503,1,0.0338513091179643,0.106437798671069,93
JBSS3,202503,1,0.141352132907905,0.63955787734471,93
LEVE3,202503,1,0.0503435830928339,0.12386840105987,93
LREN3,202503,1,0.108088422635552,0.368710153810578,93
LWSA3,202503,1,0.057917854393074,0.190677566494,93
MATD3,202503,1,0.053224919789411,0.173144439029554,93
MDNE3,202503,1,0.0470336437084735,0.127815078746442,93
MRFG3,202503,1,0.0848175662504204,0.285040060185132,93
MRVE3,202503,1,0.0506811535576879,0.159917386062443,93
MULT3,202503,1,0.107642893032167,0.494710181240501,93
NEOE3,202503,1,0.109977911697656,0.42720297608434,93
NTCO3,202503,1,0.111833790219225,0.65350814141542,93
ODPV3,202503,1,0.0374393953532906,0.0899167332800261,93
OPCT3,202503,1,0.0639616453895297,0.248162427332555,93
ORVR3,202503,1,0.0607309079275213,0.185146466317474,93
PLPL3,202503,1,0.0800150181271791,0.27509904266317,93
PNVL3,202503,1,0.0911705933460436,0.347783481497251,93
POMO4,202503,1,0.117804876170508,0.489438455637135,93
PORT3,202503,1,0.0475930800692543,0.149396624514853,93
PRIO3,202503,1,0.168577270178877,0.759077824675414,93
PRNR3,202503,1,0.0587104400678083,0.222813627144131,93
PSSA3,202503,1,0.116424985990529,0.45968195124621,93
RADL3,202503,1,0.0759913732608574,0.420904820703988,93
RAIL3,202503,1,0.160319540985597,0.725899293470095,93
RAIZ4,202503,1,0.041453462699195,0.162563917619215,93
RAPT4,202503,1,0.0339626035734262,0.0831492926836772,93
RENT3,202503,1,0.150825953659624,0.822751620960248,93
SBSP3,202503,1,0.135597679043724,0.565195532803843,93
SIMH3,202503,1,0.0298752830899759,0.0641844408922035,93
SLCE3,202503,1,0.0974684527084947,0.426037316334418,93
SMFT3,202503,1,0.144139888332263,0.684915307494045,93
SMTO3,202503,1,0.0522394025360784,0.151626671000543,93
SOJA3,202503,1,0.0295871695196146,0.106731584813739,93
SUZB3,202503,1,0.112144630520557,0.501465696882927,93
TEND3,202503,1,0.0421618932552047,0.125218785042549,93
TFCO4,202503,1,0.0653181636453007,0.220810589514371,93
TIMS3,202503,1,0.119535839343615,0.485027840095266,93
TOTS3,202503,1,0.121823332072143,0.561337057140615,93
TTEN3,202503,1,0.0507114116142498,0.130727856328767,93
TUPY3,202503,1,0.0493710221188913,0.108999452693062,93
UGPA3,202503,1,0.0800793260892426,0.340627777551259,93
VALE3,202503,1,0.110089336500212,0.509879150245403,93
VAMO3,202503,1,0.0531594103613849,0.166120658683066,93
VBBR3,202503,1,0.117436983514841,0.634384435951411,93
VIVA3,202503,1,0.118601353181629,0.4485638841583,93
VIVT3,202503,1,0.100205152810592,0.44411315090918,93
WEGE3,202503,1,0.171313079136784,0.882509318296337,93
ABEV3,202504,1,0.134296828071316,0.631213967001071,94
ALPA4,202504,1,0.0898994345033614,0.49651478553348,94
AMER3,202504,1,0.0430399651613269,0.146103801903406,94
ASAI3,202504,1,0.138039401712958,0.696133926011742,94
BBAS3,202504,1,0.0995457857140394,0.449184337174734,94
BBDC3,202504,1,0.130144385382621,0.622301556045073,94
BBDC4,202504,1,0.135446258686382,0.615561282066549,94
BBSE3,202504,1,0.0946429633972938,0.419246445092182,94
BEEF3,202504,1,0.0618929047686902,0.227835268206524,94
BLAU3,202504,1,0.0492480626098093,0.126463753182028,94
BPAC11,202504,1,0.0609031158332671,0.294936295229001,94
BRFS3,202504,1,0.0818566237359569,0.298359221596655,94
CBAV3,202504,1,0.0548823637166814,0.171075544847482,94
CCRO3,202504,1,0.138759848499648,0.754015146684489,94
CEAB3,202504,1,0.0803564508602178,0.274715223115089,94
CMIN3,202504,1,0.10678582938391,0.463071839346301,94
CPFE3,202504,1,0.0949424876773439,0.378337708425073,94
CPLE3,202504,1,0.12621057269069,0.569362820230398,94
CPLE6,202504,1,0.149993965594468,0.718874661047683,94
CRFB3,202504,1,0.13653509502758,0.615020098622546,94
CSAN3,202504,1,0.0994403151404238,0.438157808091382,94
CURY3,202504,1,0.0798993465168112,0.35171704286855,94
CYRE3,202504,1,0.153549649768213,0.744873819372583,94
DESK3,202504,1,0.0549154077940519,0.251726560189248,94
DIRR3,202504,1,0.0541510548124739,0.233709440425921,94
ECOR3,202504,1,0.0804380575668427,0.277127999008292,94
EGIE3,202504,1,0.0798853747329545,0.365697225784409,94
ELET3,202504,1,0.0622089673757974,0.264670558523098,94
ELMD3,202504,1,0.00701427934743283,0.0289769112303628,94
EMBR3,202504,1,0.133964743253371,0.565701254083332,94
ENEV3,202504,1,0.138557102141969,0.745011774434234,94
EQTL3,202504,1,0.0777551673724592,0.316095043526258,94
EZTC3,202504,1,0.0284484194817041,0.0941819921736242,94
FLRY3,202504,1,0.0611096284071887,0.242674941620755,94
GGBR4,202504,1,0.14382405687648,0.605967781688867,94
GGPS3,202504,1,0.130296516288742,0.605518877739061,94
GMAT3,202504,1,0.086766889290697,0.312749437626044,94
GOAU4,202504,1,0.142854318787874,0.703447652473044,94
GUAR3,202504,1,0.0589462072448392,0.176984263795094,94
HAPV3,202504,1,0.128216352604615,0.558617956789286,94
HBRE3,202504,1,0.0231666859966192,0.101890935445363,94
IGTI11,202504,1,0.071663803012081,0.292239945652094,94
INTB3,202504,1,0.110085215524747,0.446471192450377,94
IRBR3,202504,1,0.0926937504550814,0.390200064890494,94
ITSA4,202504,1,0.206303614444241,1,94
ITUB3,202504,1,0.0847014452280801,0.371130242153067,94
ITUB4,202504,1,0.170322928430746,0.821608792921874,94
JALL3,202504,1,0.0345465476873334,0.102362300312046,94
JBSS3,202504,1,0.173270468067641,0.821038151076024,94
LEVE3,202504,1,0.0421294793132559,0.125214285521677,94
LREN3,202504,1,0.118106371609412,0.442901801782547,94
LWSA3,202504,1,0.0740626627499075,0.272999431001669,94
MATD3,202504,1,0.0525613118578072,0.156476952669979,94
MDNE3,202504,1,0.0547151043558981,0.152703217452024,94
MOVI3,202504,1,0.0298890647173222,0.0971237728579695,94
MRFG3,202504,1,0.0753961480463462,0.272320644336433,94
MRVE3,202504,1,0.0491999102575814,0.161127343496035,94
MULT3,202504,1,0.10826871401627,0.489248298669284,94
MYPK3,202504,1,0.0493478757215776,0.1345592952076,94
NEOE3,202504,1,0.110107922093295,0.433140257952616,94
NTCO3,202504,1,0.115987006154714,0.637747082090275,94
ODPV3,202504,1,0.0366795760428872,0.0956975788261828,94
OPCT3,202504,1,0.0554268259031467,0.209186511150756,94
ORVR3,202504,1,0.0508138624592386,0.170567876916883,94
PLPL3,202504,1,0.0642057820496197,0.229593435262372,94
PNVL3,202504,1,0.0947047483343189,0.36603585057593,94
POMO4,202504,1,0.142614804924472,0.581277874193074,94
PORT3,202504,1,0.0484354779269464,0.171056792249533,94
PRIO3,202504,1,0.140198928504248,0.628832198551632,94
PRNR3,202504,1,0.0599425745167447,0.21791701574426,94
PSSA3,202504,1,0.115140183412712,0.466059759307027,94
RADL3,202504,1,0.10244001619698,0.542807761326297,94
RAIL3,202504,1,0.160510726364467,0.708300413731327,94
RAIZ4,202504,1,0.0414821819023699,0.173539459825218,94
RENT3,202504,1,0.150084163793898,0.772730946085536,94
SBSP3,202504,1,0.14570796375739,0.650397379855804,94
SIMH3,202504,1,0.0395231734955951,0.0995562307645982,94
SLCE3,202504,1,0.0828842169993848,0.336131235749182,94
SMFT3,202504,1,0.111573653984643,0.481904632425977,94
SMTO3,202504,1,0.0561715571171961,0.202460863094037,94
STBP3,202504,1,0.100341059017426,0.392788894625345,94
SUZB3,202504,1,0.104028048023713,0.45811088263875,94
TEND3,202504,1,0.0360447345058011,0.107508126858852,94
TFCO4,202504,1,0.0657495981864115,0.217484586984209,94
TIMS3,202504,1,0.130151372233383,0.619432587533393,94
TOTS3,202504,1,0.147663547531497,0.723995302781617,94
TTEN3,202504,1,0.0455288971893359,0.128762747911945,94
UGPA3,202504,1,0.079493009406656,0.336144699526537,94
VALE3,202504,1,0.108093721110286,0.526742859177572,94
VAMO3,202504,1,0.058465365220617,0.21050322598994,94
VBBR3,202504,1,0.125781705156654,0.646172563163563,94
VIVA3,202504,1,0.114869361981366,0.429932719360118,94
VIVT3,202504,1,0.118885248982112,0.570192787170026,94
WEGE3,202504,1,0.167918846733312,0.878423286014699,94
ABCB4,202506,1,0.0434535862037984,0.141004252035309,92
ABEV3,202506,1,0.118325392852939,0.58613496444241,92
ALPA4,202506,1,0.0807175708934993,0.472160240421835,92
ANIM3,202506,1,0.0581169909942103,0.211505316323212,92
ASAI3,202506,1,0.124668495213958,0.686084303055995,92
BBAS3,202506,1,0.0575040819167738,0.274675697420896,92
BBDC3,202506,1,0.142584247641384,0.665777623119344,92
BBDC4,202506,1,0.124735371904199,0.61999243258166,92
BBSE3,202506,1,0.084947488041003,0.387110395868451,92
BEEF3,202506,1,0.0810869613253653,0.326760727035951,92
BLAU3,202506,1,0.0423955913313937,0.127581072392554,92
BMOB3,202506,1,0.0892049913507897,0.38689606092454,92
BPAC11,202506,1,0.0816619177971966,0.401174087639691,92
BRFS3,202506,1,0.0774295777640205,0.35496389356383,92
BRSR6,202506,1,0.0695283031203155,0.224199426090842,92
CBAV3,202506,1,0.0405232006157294,0.12754970149498,92
CEAB3,202506,1,0.0738317968552005,0.294888729012686,92
CMIN3,202506,1,0.0836890157440186,0.363136694166286,92
CPFE3,202506,1,0.099693131672335,0.428670981139439,92
CPLE3,202506,1,0.124744310539256,0.636586659855902,92
CPLE6,202506,1,0.117694127783388,0.601564940744921,92
CSAN3,202506,1,0.108449183073585,0.516282966169127,92
CSMG3,202506,1,0.0715205779684451,0.298437784135081,92
CURY3,202506,1,0.08896279577026,0.424979695258587,92
CYRE3,202506,1,0.15500254515436,0.76305498892467,92
DESK3,202506,1,0.0545298961280132,0.282324399451904,92
DIRR3,202506,1,0.0509982832542344,0.245244468387913,92
ECOR3,202506,1,0.0821227818529095,0.352699034045034,92
EGIE3,202506,1,0.0701354550399374,0.329768320135975,92
ELET3,202506,1,0.0645333425896532,0.321802951835963,92
EMBR3,202506,1,0.118203249459731,0.559352509349485,92
EQTL3,202506,1,0.0722461988573611,0.360485378676637,92
EZTC3,202506,1,0.0300044885488853,0.113822758997378,92
GGBR4,202506,1,0.120929898595788,0.555892748543627,92
GGPS3,202506,1,0.142891455252825,0.727673420523808,92
GMAT3,202506,1,0.0868889899901382,0.401589144021835,92
GOAU4,202506,1,0.137644305558064,0.746016189201253,92
GUAR3,202506,1,0.0465436745598065,0.156585689701995,92
HAPV3,202506,1,0.134458269880794,0.671797760941428,92
HBRE3,202506,1,0.0203789314008651,0.101216035512596,92
IGTI11,202506,1,0.105038743017577,0.502636115898027,92
INTB3,202506,1,0.129546600629143,0.621970689653404,92
IRBR3,202506,1,0.0957665832987121,0.443517547910102,92
ITSA4,202506,1,0.189070063386916,1,92
ITUB4,202506,1,0.154806160706792,0.774995290084757,92
JALL3,202506,1,0.0322411407289137,0.117533505861792,92
KLBN4,202506,1,0.0140496906975902,0.0588123674426611,92
LEVE3,202506,1,0.0414430598044194,0.139156626280001,92
LREN3,202506,1,0.129857463390959,0.587136913157314,92
LWSA3,202506,1,0.0510584680020327,0.221580303610387,92
MATD3,202506,1,0.0632285924615601,0.226921175399744,92
MDNE3,202506,1,0.0417445307836326,0.131008425370668,92
MRFG3,202506,1,0.07316651757272,0.3223624184049,92
MRVE3,202506,1,0.0587833205292576,0.232335149190556,92
MULT3,202506,1,0.108497462105613,0.545375256655412,92
NEOE3,202506,1,0.127306001306577,0.591563562972525,92
NTCO3,202506,1,0.0931943829670349,0.55243480409824,92
ODPV3,202506,1,0.0724504223393841,0.309867091910405,92
OPCT3,202506,1,0.0642461664786184,0.264755502258902,92
ORVR3,202506,1,0.0586721757427481,0.226145398360151,92
PLPL3,202506,1,0.0595363398228793,0.266419344038608,92
PNVL3,202506,1,0.0944734862105778,0.450989772939873,92
POMO4,202506,1,0.11778357953133,0.530297892304217,92
PORT3,202506,1,0.0705204181676632,0.324764619029187,92
PRIO3,202506,1,0.143608958814191,0.738764419794844,92
PRNR3,202506,1,0.0697475635586912,0.322577261959445,92
PSSA3,202506,1,0.141951403870893,0.653968332620415,92
RADL3,202506,1,0.0813129699198011,0.451173766025346,92
RAIL3,202506,1,0.156185231643678,0.79321260347657,92
RAIZ4,202506,1,0.0434779538873832,0.20338236101115,92
RAPT4,202506,1,0.0393198278050987,0.139258957727411,92
RENT3,202506,1,0.126268622912232,0.706306536552106,92
SBSP3,202506,1,0.127557654385488,0.615725468516408,92
SIMH3,202506,1,0.0396337526203359,0.122158024106478,92
SLCE3,202506,1,0.0813625708134533,0.368452793375716,92
SMFT3,202506,1,0.146425502778749,0.743346110820316,92
SMTO3,202506,1,0.0568630123029233,0.238229979905389,92
STBP3,202506,1,0.10695168592822,0.492654029044647,92
SUZB3,202506,1,0.113805253922447,0.562500545880234,92
TEND3,202506,1,0.0489545073855429,0.192097294948976,92
TFCO4,202506,1,0.079065451625747,0.312545091399096,92
TIMS3,202506,1,0.113584736200238,0.516315429146316,92
TOTS3,202506,1,0.128714990626686,0.648665216829244,92
TTEN3,202506,1,0.0581432368434617,0.205329141757027,92
UGPA3,202506,1,0.07635932410611,0.382746802477422,92
VALE3,202506,1,0.0906880727943712,0.457900568453135,92
VAMO3,202506,1,0.0628714738083745,0.215482277593548,92
VBBR3,202506,1,0.117036768928489,0.650539590908957,92
VIVA3,202506,1,0.115298981478118,0.501599381837667,92
VIVT3,202506,1,0.094309140706944,0.45709464838774,92
VULC3,202506,1,0.0658257782664492,0.306301120247298,92
WEGE3,202506,1,0.141972801729554,0.795234854945302,92
ABCB4,202507,1,0.0450390743374068,0.142489388383812,91
ABEV3,202507,1,0.12019897434218,0.619806661017152,91
ALPA4,202507,1,0.0692892743978757,0.398264547794486,91
ALUP11,202507,1,0.12141786450829,0.595150309795178,91
ANIM3,202507,1,0.0545325807166508,0.178484019030734,91
ASAI3,202507,1,0.121546514407651,0.656992007192021,91
BBAS3,202507,1,0.0758861619944772,0.396678713046681,91
BBDC3,202507,1,0.150303461503992,0.701011969702779,91
BBDC4,202507,1,0.155006515442871,0.793103760189296,91
BBSE3,202507,1,0.108505662229611,0.555387026671518,91
BEEF3,202507,1,0.0670753257245684,0.276867788009741,91
BMOB3,202507,1,0.0897882804332006,0.394034523974179,91
BPAC11,202507,1,0.124813199559076,0.604213259661978,91
BRFS3,202507,1,0.0438671703151748,0.220200158300822,91
BRSR6,202507,1,0.062242287378621,0.201654175419807,91
CBAV3,202507,1,0.0374971058280324,0.124207327576334,91
CEAB3,202507,1,0.0952497664115765,0.475276584982796,91
CMIN3,202507,1,0.0767876697744571,0.326765472941649,91
CPFE3,202507,1,0.093730369863779,0.412878267369682,91
CPLE3,202507,1,0.127311140300958,0.635439986068079,91
CPLE6,202507,1,0.137248670085849,0.740512123543262,91
CSAN3,202507,1,0.110179851828889,0.529143762753427,91
CSMG3,202507,1,0.0812818096819942,0.355602360072419,91
CURY3,202507,1,0.10376763456932,0.539435051410909,91
CYRE3,202507,1,0.159066357574321,0.757970546969832,91
DESK3,202507,1,0.0646692987715641,0.321789245888774,91
DIRR3,202507,1,0.0639975623454476,0.31529042018945,91
ECOR3,202507,1,0.0653313835914672,0.258526403014428,91
EGIE3,202507,1,0.0603117819233467,0.287807656542862,91
ELET3,202507,1,0.0736459390792584,0.381103596887009,91
EMBR3,202507,1,0.108144628798325,0.537737545143422,91
ENGI11,202507,1,0.100246407487491,0.508884872363494,91
EQTL3,202507,1,0.0935394557941756,0.493181341120759,91
EZTC3,202507,1,0.0580852594972229,0.239432119529667,91
GGBR4,202507,1,0.115141650110316,0.531109150857333,91
GGPS3,202507,1,0.153090642792048,0.76376737631366,91
GMAT3,202507,1,0.0950063194656651,0.462588490687575,91
GOAU4,202507,1,0.132850779803587,0.677697907555777,91
GUAR3,202507,1,0.0447275667497575,0.144261362290436,91
HAPV3,202507,1,0.137858551050666,0.690924097379479,91
HBRE3,202507,1,0.0236362714219422,0.114863842950108,91
IGTI11,202507,1,0.12067413933976,0.56551267169167,91
INTB3,202507,1,0.149109253102275,0.696489229111036,91
IRBR3,202507,1,0.0949013931114812,0.441310866109239,91
ITSA4,202507,1,0.190286601067939,1,91
ITUB4,202507,1,0.168299075466022,0.890210597672504,91
JALL3,202507,1,0.0266293553505339,0.102277132612071,91
KLBN4,202507,1,0.00874947681289225,0.0405780662618964,91
LREN3,202507,1,0.089779993411228,0.394963668527763,91
LWSA3,202507,1,0.0379288037689622,0.155715047312088,91
MATD3,202507,1,0.0620685909964079,0.220387070657302,91
MDNE3,202507,1,0.0559785879200168,0.203745488816135,91
MOVI3,202507,1,0.0437987907883516,0.181782335082746,91
MRVE3,202507,1,0.0814157931472713,0.348342287318753,91
MULT3,202507,1,0.121327165708601,0.64435259264495,91
NEOE3,202507,1,0.121347945398202,0.559060102622984,91
ODPV3,202507,1,0.0945139564470584,0.417953402534074,91
OPCT3,202507,1,0.0629470703546384,0.247895483274069,91
ORVR3,202507,1,0.0413318805423711,0.156995578124831,91
PLPL3,202507,1,0.0700309612245223,0.329843103286828,91
PNVL3,202507,1,0.0960622757066822,0.428181275719402,91
POMO4,202507,1,0.116461358295971,0.534533952738917,91
PORT3,202507,1,0.0885714958663616,0.417370445784485,91
PRIO3,202507,1,0.181048970625157,0.925282011310005,91
PRNR3,202507,1,0.0977786788733326,0.438153171739241,91
PSSA3,202507,1,0.135235661541798,0.621129777536988,91
RADL3,202507,1,0.0775403597594162,0.420602943333233,91
RAIL3,202507,1,0.166872893624082,0.837083990132363,91
RAPT4,202507,1,0.0424909576358192,0.14642537557664,91
RENT3,202507,1,0.145297737487651,0.806174290299093,91
SANB11,202507,1,0.103404100361248,0.532760391563409,91
SBSP3,202507,1,0.16783370214869,0.840884075867132,91
SIMH3,202507,1,0.0331878695288254,0.10387746669495,91
SLCE3,202507,1,0.0894275199520437,0.396836494198111,91
SMFT3,202507,1,0.161567583787563,0.843067331176704,91
SMTO3,202507,1,0.0513044210005697,0.235840902182129,91
STBP3,202507,1,0.110700661347113,0.515095632554459,91
SUZB3,202507,1,0.10409204229422,0.512738561232964,91
TEND3,202507,1,0.0420907411578782,0.163635294681936,91
TFCO4,202507,1,0.0866458626503079,0.343339629269135,91
TIMS3,202507,1,0.128755073782486,0.693239875644484,91
TOTS3,202507,1,0.140842342521977,0.762883887978463,91
TTEN3,202507,1,0.0633394469816581,0.234545045404213,91
UGPA3,202507,1,0.0834250811163562,0.408291502658399,91
VALE3,202507,1,0.131463227051054,0.685135934837795,91
VAMO3,202507,1,0.0672180243147811,0.235026842698958,91
VBBR3,202507,1,0.112615350339327,0.598455268360124,91
VIVA3,202507,1,0.113033471450808,0.509951984730738,91
VIVT3,202507,1,0.132846252901348,0.695005576201105,91
VULC3,202507,1,0.0715588896024707,0.334938359867119,91
WEGE3,202507,1,0.143227410388994,0.792991403361737,91
ABCB4,202509,1,0.0409270244675636,0.139995598195761,91
ABEV3,202509,1,0.13150758802199,0.764591760799469,91
ALPA4,202509,1,0.0507878397302836,0.297985275904408,91
ALUP11,202509,1,0.116127916518339,0.635404177779519,91
ANIM3,202509,1,0.0582521210547552,0.22571393194208,91
ASAI3,202509,1,0.130965183834241,0.751491606952056,91
B3SA3,202509,1,0.0952417461200647,0.526800872495606,91
BBAS3,202509,1,0.0802968325968184,0.432843019233442,91
BBDC3,202509,1,0.148711411429251,0.768540796965286,91
BBDC4,202509,1,0.13095182210913,0.73773845400208,91
BBSE3,202509,1,0.0928544041782137,0.475059411428738,91
BEEF3,202509,1,0.0593431593869045,0.265045455739352,91
BMOB3,202509,1,0.0866977796272691,0.41892112474806,91
BPAC11,202509,1,0.118624250776365,0.675162442855787,91
CBAV3,202509,1,0.0256590977370533,0.0980349249733617,91
CEAB3,202509,1,0.0715553829431046,0.338438982354128,91
CMIN3,202509,1,0.0601741219526113,0.278370142768243,91
CPFE3,202509,1,0.0935779966873972,0.45329120861505,91
CPLE3,202509,1,0.142074993952401,0.77056414239116,91
CPLE6,202509,1,0.119691803147166,0.66414820817002,91
CSAN3,202509,1,0.0625227851431711,0.311123661486134,91
CURY3,202509,1,0.0927544851130719,0.518070925861417,91
CYRE3,202509,1,0.15719245847789,0.824879296095752,91
DESK3,202509,1,0.0617792753212003,0.308112919612613,91
DIRR3,202509,1,0.0518791552187165,0.273355380063762,91
ECOR3,202509,1,0.0775814530135043,0.358851900043698,91
EGIE3,202509,1,0.0751834194730021,0.406290113245309,91
ELET3,202509,1,0.0662501655594201,0.363732150205266,91
ELET6,202509,1,0.0575605552557084,0.304399565110679,91
EMBR3,202509,1,0.0941661743362522,0.485466455090335,91
ENEV3,202509,1,0.110451936536215,0.667016581449468,91
EQTL3,202509,1,0.0886749095712153,0.492272591385715,91
EZTC3,202509,1,0.0695606979455284,0.345695448939239,91
FLRY3,202509,1,0.094072795502712,0.476443165805197,91
GGBR4,202509,1,0.109913616262366,0.55226333492665,91
GGPS3,202509,1,0.149029520816879,0.803449468611441,91
GMAT3,202509,1,0.0995266677611191,0.521396178139725,91
GOAU4,202509,1,0.137470196627802,0.773028351833025,91
GRND3,202509,1,0.0355425985908214,0.164628984844254,91
GUAR3,202509,1,0.0491450410890874,0.19761292885137,91
HAPV3,202509,1,0.118031462454901,0.639584239848302,91
HBRE3,202509,1,0.0241001097606109,0.121707998256568,91
IGTI11,202509,1,0.130883048980196,0.745842821996906,91
INTB3,202509,1,0.134351609384901,0.697795345748026,91
IRBR3,202509,1,0.106782588797688,0.513057199980323,91
ITSA4,202509,1,0.176692555679874,0.99988534276795,91
ITUB4,202509,1,0.164576196407256,0.918578729174486,91
KLBN11,202509,1,0.106327968560583,0.598014835725816,91
KLBN4,202509,1,0.0153901463803984,0.0447645263488527,91
LEVE3,202509,1,0.045666232797436,0.202728957368984,91
LREN3,202509,1,0.104704606542555,0.552100723464886,91
LWSA3,202509,1,0.0404605932442017,0.181089642036639,91
MATD3,202509,1,0.0511609668666308,0.200633621573158,91
MDNE3,202509,1,0.0598934083637482,0.230655362166985,91
MRVE3,202509,1,0.0757426112558264,0.365816030137438,91
MULT3,202509,1,0.112678982688736,0.622333755595393,91
NATU3,202509,1,0.0963099390910808,0.555243020457459,91
NEOE3,202509,1,0.124552819620457,0.619598824769955,91
ODPV3,202509,1,0.0832348068542501,0.414806724149191,91
OPCT3,202509,1,0.0597396239393912,0.255973035191752,91
ORVR3,202509,1,0.0469787517504579,0.191072067206288,91
PLPL3,202509,1,0.0829295649189514,0.442209514905463,91
PNVL3,202509,1,0.0857218954746121,0.431671417398527,91
POMO4,202509,1,0.108101475862598,0.531282630653639,91
PORT3,202509,1,0.0921326241734858,0.47306157476994,91
PRIO3,202509,1,0.181864229655643,1,91
PRNR3,202509,1,0.103228590702361,0.488392990069592,91
PSSA3,202509,1,0.123373100313363,0.615368665300642,91
RADL3,202509,1,0.0984844995104676,0.58565393405249,91
RAIL3,202509,1,0.114094703218926,0.613645106102725,91
RAPT4,202509,1,0.0406997181599917,0.140855208270848,91
RENT3,202509,1,0.129401172580996,0.772063402679711,91
SAPR4,202509,1,0.0168436885963906,0.0480802401420952,91
SBSP3,202509,1,0.140028791189424,0.751851754785981,91
SIMH3,202509,1,0.0304072891215538,0.105052489729821,91
SLCE3,202509,1,0.0561975729612664,0.275183395329506,91
SMFT3,202509,1,0.152838821853411,0.853254326372627,91
SMTO3,202509,1,0.0700554290584752,0.368365875224644,91
STBP3,202509,1,0.0219817261698471,0.112542655830792,91
SUZB3,202509,1,0.0973199385834471,0.525239293939222,91
TEND3,202509,1,0.0567187581062277,0.260714929561906,91
TFCO4,202509,1,0.0784857207160456,0.346347806127382,91
TIMS3,202509,1,0.128420242195109,0.690984968943027,91
TOTS3,202509,1,0.114518199709455,0.665444692258269,91
TTEN3,202509,1,0.0618940498736485,0.228977644368449,91
UGPA3,202509,1,0.0832210418324316,0.445287277097192,91
VALE3,202509,1,0.109451370904198,0.60626481086515,91
VAMO3,202509,1,0.0586374529479908,0.215063197968027,91
VIVA3,202509,1,0.118486806869173,0.595449805704365,91
VIVT3,202509,1,0.138070402395037,0.777259427675865,91
WEGE3,202509,1,0.143621392925429,0.856404719184526,91
ABCB4,202510,1,0.045093092083334,0.134549273707566,90
ABEV3,202510,1,0.131394254499186,0.718530452417697,90
ALPA4,202510,1,0.0330244035901952,0.16736984426933,90
ALUP11,202510,1,0.100276814413421,0.483642881550349,90
ANIM3,202510,1,0.0558126652537781,0.191513895202467,90
ASAI3,202510,1,0.126442944150934,0.698012248420471,90
BBDC3,202510,1,0.136287021282944,0.676435783496354,90
BBDC4,202510,1,0.140949669078954,0.728017559325835,90
BBSE3,202510,1,0.102903819131224,0.470430579784585,90
BEEF3,202510,1,0.0673437146529708,0.271131747710899,90
BMOB3,202510,1,0.0930259417940506,0.453257262824037,90
BPAC11,202510,1,0.0638798509131729,0.325700902689624,90
BPAN4,202510,1,0.0546385579486175,0.263338034011794,90
BRSR6,202510,1,0.0570745406196153,0.164838753032998,90
CASH3,202510,1,0.0259395471334358,0.0942049073988102,90
CEAB3,202510,1,0.0782064510405819,0.35729236506371,90
CMIN3,202510,1,0.0784575951409914,0.349802771534708,90
CPFE3,202510,1,0.100156476831805,0.455564987559093,90
CPLE3,202510,1,0.140517727868252,0.74668462021927,90
CPLE6,202510,1,0.115224766021853,0.594123137778179,90
CSAN3,202510,1,0.0654067124884162,0.298164449361192,90
CSMG3,202510,1,0.0561788705606831,0.236075307237384,90
CURY3,202510,1,0.0930125116504861,0.464421237637915,90
CYRE3,202510,1,0.155117813959261,0.74152870470979,90
DESK3,202510,1,0.0629076504335877,0.308024718001908,90
DIRR3,202510,1,0.059493719934435,0.300991589764463,90
ECOR3,202510,1,0.0838618622655804,0.379220012834063,90
EGIE3,202510,1,0.0601012765301447,0.305144611207915,90
ELET3,202510,1,0.0583402141426614,0.300814263240984,90
ELET6,202510,1,0.0879035854213745,0.445765917327689,90
EMBR3,202510,1,0.103468922872501,0.525471792701019,90
ENEV3,202510,1,0.0865913187489528,0.496578009727691,90
EQTL3,202510,1,0.0842381497351486,0.430601454662422,90
EZTC3,202510,1,0.0819336181744395,0.403561069592534,90
FLRY3,202510,1,0.115574790506795,0.58549730522627,90
GGBR4,202510,1,0.131478912729242,0.656606379263448,90
GGPS3,202510,1,0.149265078162647,0.769518921862962,90
GMAT3,202510,1,0.0977739094014442,0.479195406223645,90
GOAU4,202510,1,0.150427939177926,0.827482077303591,90
GUAR3,202510,1,0.0567356592421382,0.189763202329658,90
HAPV3,202510,1,0.131815645353739,0.687866650610336,90
HBRE3,202510,1,0.0196325926267073,0.0944362332757785,90
INTB3,202510,1,0.121536093935836,0.589884118943174,90
IRBR3,202510,1,0.100856678576726,0.469454244290196,90
ITSA4,202510,1,0.186175861883806,1,90
ITUB4,202510,1,0.165142051670959,0.861917359805405,90
LEVE3,202510,1,0.0533127918757614,0.231667951628167,90
LREN3,202510,1,0.105206586553754,0.529402808925194,90
LWSA3,202510,1,0.0390500555715207,0.167739794507946,90
MATD3,202510,1,0.0543610434569344,0.194229061825453,90
MDNE3,202510,1,0.0557761619246988,0.202957877981012,90
MRVE3,202510,1,0.0736090557561495,0.347745152752977,90
MULT3,202510,1,0.116468049350461,0.604175172392744,90
NATU3,202510,1,0.0971637119961371,0.535465618931114,90
NEOE3,202510,1,0.149273874929239,0.687707003071052,90
ODPV3,202510,1,0.0817205461351954,0.34654120799922,90
OPCT3,202510,1,0.0544650088051232,0.218572008904453,90
ORVR3,202510,1,0.0338014394294094,0.127078407002969,90
PGMN3,202510,1,0.0791286023479975,0.335168344463082,90
PLPL3,202510,1,0.0812000900908024,0.384756266147597,90
PNVL3,202510,1,0.0988625021960628,0.502070738085561,90
POMO4,202510,1,0.114255134361654,0.510882314996307,90
PRIO3,202510,1,0.163503435642802,0.848467913360733,90
PRNR3,202510,1,0.0910195833418905,0.401204871206225,90
PSSA3,202510,1,0.138239878875717,0.678566120274077,90
QUAL3,202510,1,0.0457394576889237,0.151362453574972,90
RADL3,202510,1,0.0922731422457295,0.519763971410756,90
RAIL3,202510,1,0.132192672388273,0.683283946148754,90
RAPT4,202510,1,0.0386887031339315,0.121524700455574,90
RENT3,202510,1,0.136462463072885,0.76153508250072,90
SBSP3,202510,1,0.123356129345052,0.609694149435703,90
SIMH3,202510,1,0.0201884992852073,0.0636929701654382,90
SLCE3,202510,1,0.0567421536032424,0.254831988474298,90
SMFT3,202510,1,0.144677553176275,0.750002200001087,90
SMTO3,202510,1,0.0635381253819779,0.324121124714785,90
SUZB3,202510,1,0.109351541939945,0.578444650586259,90
TEND3,202510,1,0.0558539703843151,0.245272599826497,90
TFCO4,202510,1,0.0801819548394824,0.327473802464767,90
TIMS3,202510,1,0.12792724213371,0.62752595598691,90
TOTS3,202510,1,0.112193653612676,0.602310300500072,90
TTEN3,202510,1,0.0605190685282887,0.211807557108322,90
UGPA3,202510,1,0.0958491650628286,0.503519510533199,90
USIM5,202510,1,0.094054115930377,0.472065960450227,90
VALE3,202510,1,0.12113961101524,0.637949275748773,90
VAMO3,202510,1,0.0646623487092192,0.208979582123496,90
VBBR3,202510,1,0.0712124437999478,0.400093041771399,90
VIVA3,202510,1,0.126111456702061,0.610192904217759,90
VIVT3,202510,1,0.141198392930338,0.725851558157951,90
VULC3,202510,1,0.081373605918487,0.400192519904258,90
WEGE3,202510,1,0.148061289118521,0.831478540120692,90
ABEV3,202512,1,0.128400146628098,0.72398511738258,88
ALPA4,202512,1,0.0200888331577485,0.0946501841450382,88
ANIM3,202512,1,0.0418774352492605,0.171376007146712,88
ASAI3,202512,1,0.117680254995535,0.734449499380801,88
B3SA3,202512,1,0.071492623170498,0.365324025947212,88
BBAS3,202512,1,0.0595768324708233,0.302125137751882,88
BBDC3,202512,1,0.12904466144903,0.635981237573136,88
BBDC4,202512,1,0.123262437915938,0.668121925769177,88
BBSE3,202512,1,0.0881145296533429,0.404387606650875,88
BEEF3,202512,1,0.0613711923029323,0.270273202474929,88
BMOB3,202512,1,0.0781044714854772,0.414470453053205,88
BPAC11,202512,1,0.0676473199014544,0.365532173039739,88
BPAN4,202512,1,0.0657117054210421,0.324698337414267,88
BRSR6,202512,1,0.045980999230936,0.161727405379178,88
CASH3,202512,1,0.0230036085628956,0.093291608307939,88
CBAV3,202512,1,0.0361379915100231,0.171517456876862,88
CEAB3,202512,1,0.111168840952623,0.541604604201076,88
CMIN3,202512,1,0.0652732749046345,0.303296829760442,88
CPFE3,202512,1,0.108043840423282,0.48657704122053,88
CPLE3,202512,1,0.144173412393546,0.792446284296296,88
CSAN3,202512,1,0.0980728441820236,0.481069968540816,88
CSMG3,202512,1,0.0611697872031179,0.293802311634682,88
CURY3,202512,1,0.108094676834168,0.533697687349575,88
CYRE3,202512,1,0.148609182532102,0.762934287950095,88
DESK3,202512,1,0.0499914980262123,0.279120557988143,88
ECOR3,202512,1,0.0813842729592445,0.362461336568662,88
EGIE3,202512,1,0.0630209436789716,0.313059322168437,88
ENEV3,202512,1,0.118975086704795,0.754022346883461,88
EQTL3,202512,1,0.0652922225387767,0.355250732497948,88
EZTC3,202512,1,0.0640068156786107,0.327108172528913,88
FLRY3,202512,1,0.102250090943614,0.53247057338961,88
GGBR4,202512,1,0.154654232040891,0.802947997560507,88
GGPS3,202512,1,0.140263194185286,0.809341692773937,88
GMAT3,202512,1,0.0933250000983215,0.449866169201054,88
GOAU4,202512,1,0.144461451088648,0.885903433742722,88
HAPV3,202512,1,0.110984082945549,0.597186141793192,88
HBRE3,202512,1,0.0228785783276011,0.121127730998835,88
IGTI11,202512,1,0.0776651295401991,0.366373551032252,88
INTB3,202512,1,0.108309449968865,0.513650430758927,88
IRBR3,202512,1,0.112532409061012,0.530000732536481,88
ITSA4,202512,1,0.169442491939668,1,88
ITUB4,202512,1,0.163311319503224,0.873385794347306,88
KEPL3,202512,1,0.0315754332721536,0.0905823632214213,88
KLBN11,202512,1,0.0686917340358763,0.364336991505187,88
LEVE3,202512,1,0.06397107873062,0.244982624482024,88
LREN3,202512,1,0.0867839135755502,0.435121248375418,88
LWSA3,202512,1,0.0317146344486789,0.143011057718518,88
MDNE3,202512,1,0.0454125934791086,0.169721189501717,88
MRVE3,202512,1,0.0736499852945569,0.349417168230198,88
MULT3,202512,1,0.115319682942379,0.586753095867963,88
NATU3,202512,1,0.0918949847609285,0.613648307546032,88
NEOE3,202512,1,0.111855123517248,0.572838916974344,88
ODPV3,202512,1,0.0443572346224302,0.187762182752658,88
OPCT3,202512,1,0.0494514813553439,0.252496684205968,88
ORVR3,202512,1,0.027938598864331,0.103020513078521,88
PGMN3,202512,1,0.0778397773152169,0.356230081828051,88
PLPL3,202512,1,0.0911165825749328,0.44509328600025,88
PNVL3,202512,1,0.0990275716219216,0.536780474051169,88
POMO4,202512,1,0.114424843971998,0.568108234272411,88
PRIO3,202512,1,0.165867912015046,0.896784980189987,88
PRNR3,202512,1,0.0882862854129242,0.414808640122364,88
PSSA3,202512,1,0.122185099088377,0.599597864135392,88
QUAL3,202512,1,0.0456499122235296,0.201788525208796,88
RADL3,202512,1,0.090432068674868,0.550166589386107,88
RAIL3,202512,1,0.0805384451242974,0.42179368485427,88
RAPT4,202512,1,0.0290023082940306,0.0855661164401184,88
RENT3,202512,1,0.130669947448257,0.822015290471272,88
SANB11,202512,1,0.0663397853072326,0.324248141300316,88
SBSP3,202512,1,0.105692447647669,0.540744763839842,88
SIMH3,202512,1,0.0266707180158904,0.0781588466277208,88
SLCE3,202512,1,0.0466438699192305,0.259919066070284,88
SMFT3,202512,1,0.157859541905187,0.871997129632859,88
SMTO3,202512,1,0.0343145667515816,0.131270429193835,88
SUZB3,202512,1,0.115106964897988,0.663431464116683,88
TEND3,202512,1,0.0592508341561896,0.277540208154673,88
TFCO4,202512,1,0.0947984625682635,0.44609844260898,88
TIMS3,202512,1,0.139541260066764,0.738026048469982,88
TOTS3,202512,1,0.0972967748290717,0.550178441893338,88
TTEN3,202512,1,0.0479445059395888,0.160946755917216,88
UGPA3,202512,1,0.0937501576609722,0.502788374684064,88
USIM3,202512,1,0.0444188619347185,0.219335568944094,88
USIM5,202512,1,0.0832677596732092,0.446212035270637,88
VALE3,202512,1,0.124160792755703,0.681637188830952,88
VAMO3,202512,1,0.0496694433349666,0.165873723090287,88
VIVA3,202512,1,0.13177700347514,0.67618595687943,88
VIVT3,202512,1,0.096534257364987,0.511676565060022,88
VULC3,202512,1,0.0913949151878475,0.432203608501891,88
WEGE3,202512,1,0.149716141988124,0.920199210716062,88
ABEV3,202603,1,0.22220529188892,0.865397442717018,77
AMER3,202603,1,0.0148104098251107,0.0393988701398179,77
B3SA3,202603,1,0.249078394997239,0.954312063290424,77
BBAS3,202603,1,0.087209028525124,0.310080348084521,77
BBDC4,202603,1,0.178422785306786,0.652706150542599,77
BBSE3,202603,1,0.0637582655841672,0.185650464181654,77
BEEF3,202603,1,0.0710946751127513,0.217618180209306,77
BMOB3,202603,1,0.0801286490829885,0.225303549557801,77
BPAC11,202603,1,0.0458777644267251,0.136389276627971,77
CASH3,202603,1,0.0291548032510645,0.0740865094612908,77
CBAV3,202603,1,0.106396647408697,0.290726537945375,77
CEAB3,202603,1,0.144446947291661,0.4880821033401,77
CMIN3,202603,1,0.107494770491509,0.344613089336412,77
COGN3,202603,1,0.0709251616564298,0.230084355696184,77
CPFE3,202603,1,0.143196008631418,0.475293414016595,77
CPLE3,202603,1,0.21191042890436,0.795709231603537,77
CSAN3,202603,1,0.107840481844114,0.315586332883056,77
CSMG3,202603,1,0.0748702678882872,0.226853007141913,77
CURY3,202603,1,0.1837295403457,0.693744507974494,77
CYRE3,202603,1,0.178653713802781,0.640842802741659,77
DESK3,202603,1,0.0708782744870828,0.169283498478559,77
ECOR3,202603,1,0.120420909630339,0.338673634345867,77
EGIE3,202603,1,0.0964948246355075,0.317836168062632,77
ENEV3,202603,1,0.20160109464151,0.746689091558833,77
ENGI11,202603,1,0.094351400024855,0.2961526057241,77
EQTL3,202603,1,0.162358547772632,0.620550637939881,77
EZTC3,202603,1,0.0457414033441895,0.134830722778156,77
FLRY3,202603,1,0.132943328930161,0.406264260692343,77
GGBR4,202603,1,0.134137401621305,0.415104024735718,77
GGPS3,202603,1,0.124230958312345,0.446350373943832,77
GOAU4,202603,1,0.218513237965497,0.781727887518188,77
INTB3,202603,1,0.0658033182505909,0.156726266437055,77
IRBR3,202603,1,0.114398709663365,0.370934279916885,77
ITSA4,202603,1,0.182845323450776,0.669789787410486,77
ITUB4,202603,1,0.272061383196586,1,77
KEPL3,202603,1,0.0375681684078471,0.0893851673464957,77
KLBN11,202603,1,0.0848847125726317,0.2727486891158,77
LAVV3,202603,1,0.0571117036374305,0.147904186859262,77
LREN3,202603,1,0.122128564070769,0.365644958010422,77
MDNE3,202603,1,0.0858612296757125,0.256283226111941,77
MGLU3,202603,1,0.0830973356020665,0.25879248635227,77
MILS3,202603,1,0.0634122313306435,0.200335389496221,77
MULT3,202603,1,0.112611889268201,0.386153693644582,77
NATU3,202603,1,0.0750056958935829,0.248427592747084,77
NEOE3,202603,1,0.142931744558256,0.434283328368871,77
ODPV3,202603,1,0.139272678296113,0.455647976874622,77
OPCT3,202603,1,0.0654969094383654,0.236959664433381,77
ORVR3,202603,1,0.109799035910388,0.384359452470624,77
PETR4,202603,1,0.189082212151969,0.703002076615641,77
PGMN3,202603,1,0.158573706145568,0.596132243089386,77
PLPL3,202603,1,0.0857627979739476,0.247027151588,77
PNVL3,202603,1,0.143661727073656,0.437938801986938,77
POMO4,202603,1,0.161338463026425,0.528802191387975,77
PRIO3,202603,1,0.138736694108352,0.510835264885213,77
PRNR3,202603,1,0.0948467450300883,0.267134336969838,77
PSSA3,202603,1,0.124306925982351,0.338244490024039,77
RADL3,202603,1,0.183860411185988,0.71743642646775,77
RAPT4,202603,1,0.0367194523824015,0.0978636731969647,77
RENT3,202603,1,0.253421127869876,0.983036802853591,77
SANB11,202603,1,0.0934794159611264,0.292449795989881,77
SBSP3,202603,1,0.270123434901871,0.983683968467644,77
SLCE3,202603,1,0.0558645842539463,0.151837216333418,77
SMFT3,202603,1,0.218246351826481,0.788249517908546,77
TAEE11,202603,1,0.0947167309727355,0.274150457104495,77
TEND3,202603,1,0.0770490566964921,0.249995461339929,77
TFCO4,202603,1,0.171215088487757,0.615738086382213,77
TGMA3,202603,1,0.0987939501253494,0.274363847863209,77
TIMS3,202603,1,0.24847922147279,0.849256031576033,77
TOTS3,202603,1,0.160609468675357,0.590837734401983,77
TTEN3,202603,1,0.0322312968634574,0.0783891007780695,77
UGPA3,202603,1,0.169302361481863,0.580374116133931,77
VALE3,202603,1,0.170260116476627,0.653939440778507,77
VAMO3,202603,1,0.032649730860921,0.0772731448574776,77
VIVA3,202603,1,0.202324438505614,0.772437294145031,77
VIVT3,202603,1,0.218751800811439,0.852040235737352,77
VULC3,202603,1,0.0569457596542151,0.139930126514341,77
WEGE3,202603,1,0.24486133352702,0.957051661212185,77
ABEV3,202604,1,0.202267479716996,0.838648273611202,77
AMER3,202604,1,0.0138813860726047,0.0387343607021403,77
B3SA3,202604,1,0.239592369753971,0.960528143541519,77
BBAS3,202604,1,0.0830106138863167,0.316302220187294,77
BBDC3,202604,1,0.112283481163197,0.409417535012519,77
BBDC4,202604,1,0.20717561365379,0.823295162544172,77
BEEF3,202604,1,0.0510681006084544,0.1342707262849,77
BMOB3,202604,1,0.0658700561376518,0.185020322826678,77
BPAC11,202604,1,0.0669599794914491,0.249507469217697,77
CASH3,202604,1,0.026837940255741,0.0688621777913743,77
CBAV3,202604,1,0.104822273565654,0.283643787893193,77
CEAB3,202604,1,0.118172754321868,0.388105866350243,77
CMIN3,202604,1,0.1081763908157,0.370499534469089,77
COGN3,202604,1,0.0810984499728718,0.26806096163275,77
CPFE3,202604,1,0.181252091037286,0.670497525219767,77
CPLE3,202604,1,0.147818756754133,0.548770961940674,77
CSAN3,202604,1,0.115210243407959,0.358457489849971,77
CURY3,202604,1,0.129428436979652,0.501632954371206,77
CYRE3,202604,1,0.119374083102856,0.426999686988952,77
DESK3,202604,1,0.0786386925844094,0.183128996201519,77
ECOR3,202604,1,0.124841481299629,0.371318861681114,77
EGIE3,202604,1,0.103908847226031,0.373958149282375,77
ENEV3,202604,1,0.169786739168611,0.658819985075615,77
ENGI11,202604,1,0.0921862919553054,0.325752678518012,77
EQTL3,202604,1,0.177839083739459,0.708316624065679,77
EZTC3,202604,1,0.0337437407242204,0.0977477212332853,77
FLRY3,202604,1,0.119759602276425,0.407887915617357,77
GGBR4,202604,1,0.156028204641243,0.557428312659551,77
GGPS3,202604,1,0.100920335690256,0.35970578715342,77
GOAU4,202604,1,0.198061412553095,0.749262760737899,77
IGTI11,202604,1,0.071697664403582,0.207177742710841,77
ITSA4,202604,1,0.172536020544228,0.664062287588823,77
ITUB4,202604,1,0.256897872889402,1,77
KEPL3,202604,1,0.0446563477533948,0.0864883895457456,77
LAVV3,202604,1,0.0513150597032536,0.129379910133427,77
LREN3,202604,1,0.123356766651198,0.402731610921354,77
LWSA3,202604,1,0.065246889458359,0.186559491890657,77
MDNE3,202604,1,0.0809974901639142,0.243201881484142,77
MGLU3,202604,1,0.113940161661249,0.371689508173606,77
MILS3,202604,1,0.0521196925850741,0.176985873824322,77
MOVI3,202604,1,0.0524407974395155,0.147912368211924,77
MULT3,202604,1,0.119008163601055,0.420770186734339,77
NATU3,202604,1,0.0708975179544118,0.236258884588517,77
ODPV3,202604,1,0.112221973728915,0.396954081735028,77
OPCT3,202604,1,0.0638634666603428,0.238541318329317,77
ORVR3,202604,1,0.0688665403426629,0.239545020887419,77
PETR4,202604,1,0.167712274743112,0.636368484359876,77
PGMN3,202604,1,0.0886191682843435,0.332804665426439,77
PINE4,202604,1,0.0412720517907891,0.0874677608289536,77
PLPL3,202604,1,0.076297601172257,0.20127550080602,77
PNVL3,202604,1,0.120185899371921,0.353514252808507,77
POMO4,202604,1,0.102807621585814,0.339981381885628,77
PRIO3,202604,1,0.119935875242016,0.464486249138615,77
PRNR3,202604,1,0.0907463387985424,0.262911549136169,77
PSSA3,202604,1,0.10128167190051,0.309608838041321,77
RADL3,202604,1,0.112377425738912,0.440225851124538,77
RAIL3,202604,1,0.14921732951562,0.527209909101899,77
RAPT4,202604,1,0.0425544326682183,0.114808329863086,77
RENT3,202604,1,0.236815375775855,0.950350781252616,77
SANB11,202604,1,0.106084083384779,0.368045812212467,77
SBSP3,202604,1,0.243208196345826,0.924523260080928,77
SIMH3,202604,1,0.0418518677158122,0.100120307788176,77
SMFT3,202604,1,0.174091106359223,0.642916342038341,77
TAEE11,202604,1,0.0957967571046538,0.331753183353329,77
TEND3,202604,1,0.0766579768377015,0.248876990032121,77
TFCO4,202604,1,0.151656195418891,0.582436238709,77
TGMA3,202604,1,0.102106411827937,0.305852023347408,77
TIMS3,202604,1,0.220854279491348,0.789689745295209,77
TOTS3,202604,1,0.137786178923202,0.498481162122998,77
TTEN3,202604,1,0.041398101640523,0.109300469080104,77
TUPY3,202604,1,0.050040908080595,0.090624530426559,77
UGPA3,202604,1,0.185122845076254,0.667802705523556,77
VALE3,202604,1,0.151856394911063,0.617260807844648,77
VAMO3,202604,1,0.0463045899036559,0.128162086479086,77
VIVA3,202604,1,0.178764277991351,0.724761615787386,77
VIVT3,202604,1,0.196905145898781,0.818491096854446,77
WEGE3,202604,1,0.228892174747472,0.933783830942585,77
ABEV3,202606,1,0.239865283248535,0.846589549969069,62
AMER3,202606,1,0.00862341100590265,0.0303953973195662,62
ASAI3,202606,1,0.249070053177605,0.772674140443546,62
BBDC4,202606,1,0.245491150991137,0.845006124685125,62
BBSE3,202606,1,0.101140646091171,0.33262986908261,62
BEEF3,202606,1,0.0821907723386063,0.187245188589933,62
BPAC11,202606,1,0.0521766975499213,0.17261532853991,62
CBAV3,202606,1,0.0919894742919425,0.277880994819815,62
CEAB3,202606,1,0.138538314564004,0.338473433455502,62
CMIN3,202606,1,0.222224161963987,0.722744788439255,62
CPFE3,202606,1,0.217074454738808,0.793720231737976,62
CPLE3,202606,1,0.252158398735168,0.876246320220511,62
CSAN3,202606,1,0.175733694641935,0.456022635638037,62
CSMG3,202606,1,0.11595974177861,0.287819838410374,62
CURY3,202606,1,0.260598332260327,0.90040215117801,62
CYRE3,202606,1,0.142708628650035,0.434162935804664,62
DESK3,202606,1,0.135150691966562,0.396716990084443,62
DIRR3,202606,1,0.235444126334128,0.791415263286468,62
ECOR3,202606,1,0.0789461397722435,0.164420970711704,62
EGIE3,202606,1,0.165683948051732,0.526094513260763,62
ENEV3,202606,1,0.145503348958673,0.512193393846,62
ENGI11,202606,1,0.206725666457913,0.712869123477223,62
EQTL3,202606,1,0.247666743679378,0.866811202344497,62
FLRY3,202606,1,0.169523576523822,0.44070519998128,62
GGBR4,202606,1,0.244031198932075,0.868496746114518,62
GMAT3,202606,1,0.138168420055485,0.270517027332039,62
GOAU4,202606,1,0.0842042485205305,0.190378622544611,62
INTB3,202606,1,0.0877225547669538,0.15466795270532,62
ITSA4,202606,1,0.261035317178656,0.938304072202219,62
ITUB4,202606,1,0.278215506733256,0.994392133749922,62
JHSF3,202606,1,0.0646414967495168,0.121364057455066,62
KEPL3,202606,1,0.089147622168236,0.153250168189487,62
KLBN11,202606,1,0.203899904676442,0.700639934001029,62
LEVE3,202606,1,0.126633180640932,0.224163615157784,62
LOGG3,202606,1,0.0859121636991827,0.150018819879629,62
MDNE3,202606,1,0.115244256324723,0.202038750541541,62
MLAS3,202606,1,0.0827465329837701,0.198742384223106,62
MRVE3,202606,1,0.139680895475936,0.364522682169207,62
MULT3,202606,1,0.18884437632396,0.659917979041373,62
PETR4,202606,1,0.172924436658831,0.610568288909145,62
PGMN3,202606,1,0.0684816578526016,0.135883235285881,62
PINE4,202606,1,0.0342941619165908,0.0598149568398849,62
PNVL3,202606,1,0.0636086679526047,0.0927395799522975,62
POMO4,202606,1,0.10996170117454,0.258828422600116,62
PRNR3,202606,1,0.084215946749204,0.142413357624607,62
RAPT3,202606,1,0.0492011984635611,0.0882853238885928,62
RAPT4,202606,1,0.057246012687113,0.122862946946908,62
RENT3,202606,1,0.278570846544778,1,62
SAPR11,202606,1,0.105619969929858,0.26637768743506,62
SBSP3,202606,1,0.254144637756859,0.891815592384879,62
SLCE3,202606,1,0.0753124581629924,0.210704141452549,62
SMFT3,202606,1,0.19256706680779,0.576376796461012,62
SUZB3,202606,1,0.177611519112753,0.561814567784735,62
TAEE11,202606,1,0.156492548540899,0.441875469186902,62
TFCO4,202606,1,0.130190799666249,0.35349450764125,62
TOTS3,202606,1,0.271570315472214,0.917930651320484,62
UGPA3,202606,1,0.233276532386222,0.787016880499835,62
VALE3,202606,1,0.099640645780302,0.370947408796575,62
VAMO3,202606,1,0.112742670417824,0.295606613818628,62
VIVA3,202606,1,0.0771910257771961,0.180346213026811,62
VIVT3,202606,1,0.245846527038967,0.857451404510827,62
WEGE3,202606,1,0.258475266288212,0.931921569118363,62
ABEV3,202607,1,0.275167973114638,0.756331284862868,59
AMER3,202607,1,0.0109136851343802,0.0313041998873684,59
ASAI3,202607,1,0.24487142288194,0.539618068426233,59
BBAS3,202607,1,0.104108341010675,0.290514429191351,59
BBDC3,202607,1,0.157246639678699,0.461044475206228,59
BBDC4,202607,1,0.277919199085943,0.774643048758168,59
BBSE3,202607,1,0.10617349951851,0.264539047362983,59
BEEF3,202607,1,0.0793582833545304,0.136306836441867,59
BPAC11,202607,1,0.0719353497620282,0.186039706639084,59
CEAB3,202607,1,0.159055487408756,0.288425005868634,59
CMIN3,202607,1,0.279380149751671,0.749344729048154,59
CPFE3,202607,1,0.284157677721305,0.815261855930535,59
CPLE3,202607,1,0.318822002526066,0.897084368716751,59
CSAN3,202607,1,0.149036291782698,0.329192904187002,59
CURY3,202607,1,0.265544022117065,0.706288322615739,59
CYRE3,202607,1,0.132283159396585,0.292127257033556,59
DIRR3,202607,1,0.252699991084967,0.668531979553476,59
DXCO3,202607,1,0.0424729583994647,0.0434569089806576,59
EGIE3,202607,1,0.252480425649721,0.671445272237946,59
ENEV3,202607,1,0.139178628690533,0.408501676671452,59
ENGI11,202607,1,0.177373211174515,0.445283267952774,59
EQTL3,202607,1,0.278938042001991,0.81325772558059,59
FLRY3,202607,1,0.164915590614193,0.333114418369928,59
GGBR4,202607,1,0.282909588026488,0.787592505501442,59
GOAU4,202607,1,0.0948623706133827,0.148988590034513,59
INTB3,202607,1,0.107370432858118,0.171422289670594,59
ITSA4,202607,1,0.310689743421662,0.876724074089286,59
ITUB4,202607,1,0.319218734238418,0.921094406951987,59
JHSF3,202607,1,0.0782419870159523,0.0821709739290561,59
KEPL3,202607,1,0.103132313532922,0.147811062460207,59
KLBN11,202607,1,0.276338392142026,0.754588556139654,59
LEVE3,202607,1,0.137462036498243,0.196977992592889,59
LREN3,202607,1,0.311135404013021,0.847619748387693,59
MRVE3,202607,1,0.133232888502148,0.277794533563107,59
MULT3,202607,1,0.239434300505321,0.634416087498155,59
PETR4,202607,1,0.227308407829602,0.668552811633341,59
PGMN3,202607,1,0.0673478092119697,0.0992138760192439,59
PINE4,202607,1,0.0455440260462152,0.0661711818420875,59
PNVL3,202607,1,0.0727778144066315,0.0762628883623385,59
POMO4,202607,1,0.10049207453072,0.187837167040602,59
PRNR3,202607,1,0.0423090501475035,0.0532594855345602,59
RDOR3,202607,1,0.204948442964107,0.604141579519494,59
RECV3,202607,1,0.0555777205656217,0.0881456688186398,59
RENT3,202607,1,0.340626959864351,0.977692178226975,59
SBSP3,202607,1,0.272584930427133,0.762480804286538,59
SEER3,202607,1,0.0926874538278811,0.111533777727487,59
SLCE3,202607,1,0.06848964115701,0.13803366110577,59
SMFT3,202607,1,0.306678143918303,0.740270624648334,59
SMTO3,202607,1,0.0910251392474455,0.105680470812941,59
TAEE11,202607,1,0.211134785285625,0.485292665305853,59
TGMA3,202607,1,0.120543063374375,0.174711509608374,59
TIMS3,202607,1,0.261497960257183,0.737935801414499,59
TOTS3,202607,1,0.335078047008687,0.860424531923726,59
UGPA3,202607,1,0.304177048130826,0.794544193504007,59
VALE3,202607,1,0.197400467788921,0.579397023164547,59
VIVA3,202607,1,0.102675304858761,0.186776839403845,59
VIVT3,202607,1,0.281502959188217,0.796683810661211,59
VULC3,202607,1,0.0987135514955543,0.131125086282812,59
WEGE3,202607,1,0.351279445841759,1,59
