ticker,ym,peer_ret,n_peers
AALR3,201701,0.0896949179938559,55
ABCB4,201701,0.110657260150279,53
ABEV3,201701,0.0832983135740622,55
ALPA3,201701,0.0719834389005206,49
ALPA4,201701,0.0518753524420809,55
ALSC3,201701,0.100985728741788,55
ALUP11,201701,0.0923612007726943,53
ALUP3,201701,0.139975323896836,49
ALUP4,201701,0.0571630502783597,49
AMAR3,201701,0.105138396199108,55
ANIM3,201701,0.0876694012343639,55
ARZZ3,201701,0.0794472736023761,55
BBAS3,201701,0.0965917838068766,56
BBDC3,201701,0.0845004662488337,55
BBDC4,201701,0.0798950076651662,55
BBRK3,201701,0.0755589685314457,56
BBSE3,201701,0.0774054585263057,55
BBTG11,201701,0.0969236895901425,55
BEEF3,201701,0.087488416120776,55
BPHA3,201701,-0.024030226548731,15
BRAP3,201701,0.0869994876298701,55
BRAP4,201701,0.127934012473237,55
BRFS3,201701,0.0841548851956579,56
BRGE3,201701,0.0847551311369558,51
BRIN3,201701,0.0908445430086896,49
BRIV3,201701,0.0907408576912975,51
BRKM3,201701,0.080681279048469,42
BRKM5,201701,0.0805028892037923,55
BRML3,201701,0.0808465385854755,55
BRPR3,201701,0.0838060486786595,56
BRSR6,201701,0.126393493725413,55
BTOW3,201701,0.103086011976381,55
BVMF3,201701,0.0765483703632809,55
CAMB4,201701,0.14375069982327,42
CCPR3,201701,0.0887887071257764,51
CCRO3,201701,0.100650247984107,55
CCXC3,201701,0.0899787940874253,49
CELP3,201701,0.128493336778231,49
CESP3,201701,0.0890443317283087,53
CESP6,201701,0.0855648394347253,55
CGAS3,201701,0.087766482726933,55
CGAS5,201701,0.0868405957726414,55
CGRA3,201701,0.0866323629455465,51
CGRA4,201701,0.0876004324822089,54
CIEL3,201701,0.0804842952675876,55
CLSC4,201701,0.156582401097652,55
CMIG3,201701,0.0833945999920272,50
CMIG4,201701,0.115277523620937,55
COCE5,201701,0.033640550517713,42
CPFE3,201701,0.153062738283959,55
CPLE3,201701,0.144338624153874,55
CPLE6,201701,0.136469738790946,55
CPRE3,201701,0.0569913291718196,51
CRDE3,201701,0.0919684507336066,54
CRIV3,201701,0.0893392679447322,51
CSAN3,201701,0.0907688627832763,55
CSMG3,201701,0.0874604638143509,55
CSNA3,201701,0.0741941572739883,55
CTAX3,201701,0.0759023128287622,55
CTIP3,201701,0.144793791514422,55
CTNM4,201701,0.0741699211189558,51
CVCB3,201701,0.0825662809728302,55
CYRE3,201701,0.0755117165352154,55
DIRR3,201701,0.0879268588191868,58
DTEX3,201701,0.0859162106224688,55
ECOR3,201701,0.0927743823452224,55
EGIE3,201701,0.0853697969326401,55
ELET3,201701,0.0852769332508887,55
ELET6,201701,0.0884009161768138,55
ELPL4,201701,0.0801362008359203,55
EMBR3,201701,0.0815994495901781,55
ENBR3,201701,0.0735751902396407,55
ENEV3,201701,0.0924698548635252,54
ENGI11,201701,0.0848246956699922,55
ENGI3,201701,0.0761042371860018,35
ENGI4,201701,0.0740551739842725,49
ENMT3,201701,0.074531062671854,49
ENMT4,201701,0.0792083265962389,49
EQTL3,201701,0.0773612108914802,55
ESTC3,201701,0.0798892427767153,55
EUCA4,201701,0.0918364208874778,55
EVEN3,201701,0.0868609341718671,55
EZTC3,201701,0.0781792552031131,55
FESA4,201701,0.0866915262322409,54
FIBR3,201701,0.0827205940959543,55
FLRY3,201701,0.080076511749472,55
GEPA3,201701,-0.109886951752111,35
GEPA4,201701,-0.0497990394388803,35
GFSA3,201701,0.0758653925366782,55
GGBR3,201701,0.0956748309377003,55
GGBR4,201701,0.0786125993722926,56
GOAU3,201701,0.0925259418237553,54
GOAU4,201701,0.127249203387345,55
GOLL4,201701,0.0824964670472656,55
GPCP3,201701,0.0900495532073139,42
GRND3,201701,0.088221147077293,55
GSHP3,201701,0.087369294667843,50
GUAR3,201701,0.091438968378496,55
GUAR4,201701,0.106281867150978,55
HBOR3,201701,0.0735848196398653,55
HGTX3,201701,0.0835601218448803,55
HYPE3,201701,0.121925152487404,55
IDNT3,201701,0.0931041343055189,50
IGBR3,201701,0.097128236450875,50
IGTA3,201701,0.0794031991829455,56
INEP3,201701,0.0813381494689232,51
INEP4,201701,0.0768534156545893,49
ITSA3,201701,0.122624180012282,50
ITSA4,201701,0.0759259261235541,55
ITUB3,201701,0.0957451714636355,55
ITUB4,201701,0.0697188274481617,57
JBSS3,201701,0.0774387970722631,55
JHSF3,201701,0.215876340486057,50
JOPA3,201701,0.0911625038485304,51
JSLG3,201701,0.0455905749841495,52
KLBN11,201701,0.0965365841438908,55
KLBN3,201701,0.0729113764543013,51
KLBN4,201701,0.0573157338207178,52
KROT3,201701,0.0778482894104813,55
LAME3,201701,0.110501355796546,55
LAME4,201701,0.103062605186627,55
LCAM3,201701,0.105128830536706,46
LEVE3,201701,0.0866836353835653,53
LIGT3,201701,0.0876951816849121,55
LINX3,201701,0.103445720076829,55
LLIS3,201701,0.0835168167778034,49
LOGN3,201701,0.202545673699457,37
LPSB3,201701,0.0790331069000045,55
LREN3,201701,0.0837940091119125,55
LUPA3,201701,0.0912484750504034,49
MAGG3,201701,0.0907440243029312,53
MDIA3,201701,0.0561131291135141,55
MEAL3,201701,0.0853540691289226,55
MGEL4,201701,0.0930227092506875,51
MGLU3,201701,0.0791260114467114,50
MILS3,201701,0.0872589765362779,55
MLFT4,201701,0.0928263335710592,55
MMXM3,201701,0.0563715893551675,50
MPLU3,201701,0.0896265428411227,55
MRFG3,201701,0.0844011190119783,55
MRVE3,201701,0.0870607658995864,55
MTSA4,201701,0.0242063880339596,15
MULT3,201701,0.118346670119455,55
MYPK3,201701,0.0865657763670219,53
NATU3,201701,0.0923140387311193,55
ODPV3,201701,0.10236290972655,55
OFSA3,201701,0.0893628675674512,54
OGXP3,201701,0.0772170041654429,53
OIBR3,201701,0.138529909800883,54
OIBR4,201701,0.104651136606591,54
OSXB3,201701,0.0901717482621416,49
PARC3,201701,0.0890675190680098,55
PCAR4,201701,0.101265355351086,55
PDGR3,201701,0.0917271024744626,50
PETR3,201701,0.100130269817817,56
PETR4,201701,0.0890976281518445,56
PFRM3,201701,0.270731465643223,55
PINE4,201701,0.0779886703363003,42
PMAM3,201701,0.0601543538957822,50
PNVL3,201701,0.148855868755976,42
PNVL4,201701,0.104048209460547,55
POMO3,201701,0.0668562368773944,40
POMO4,201701,0.102901871674693,53
POSI3,201701,0.0851194109117657,49
PRIO3,201701,0.0845275939145041,54
PRML3,201701,0.075244867089695,57
PSSA3,201701,0.0882177636947751,55
PTBL3,201701,0.07429825224603,49
QGEP3,201701,0.0881056452121759,55
QUAL3,201701,0.0948366232411849,55
RADL3,201701,0.0781201914858526,55
RAPT3,201701,0.0865875516771437,52
RAPT4,201701,0.0735412764935138,55
RDNI3,201701,0.084641556107475,53
REDE3,201701,0.0690335493772911,49
REDE4,201701,0.0706681516042844,49
RENT3,201701,0.099356363642919,55
RLOG3,201701,0.100504890500443,55
RPAD3,201701,0.0853478970146433,51
RPMG3,201701,0.113585202847334,46
RSID3,201701,0.0885376476317002,50
RUMO3,201701,0.0872751067402405,55
SANB11,201701,0.0770200629979388,55
SANB4,201701,0.0876561179188226,55
SAPR4,201701,0.127661109107791,55
SBSP3,201701,0.0767435769792602,55
SCAR3,201701,0.106184960674295,52
SEDU3,201701,0.158192715613731,51
SEER3,201701,0.0738947786963269,55
SGPS3,201701,0.063912267452429,42
SHOW3,201701,0.0758036818069983,53
SLCE3,201701,0.0861371334998139,55
SLED4,201701,0.0867101017042423,49
SMLE3,201701,0.0797886744450015,55
SMTO3,201701,0.0784545502248586,55
SNSL3,201701,0.132647667501582,42
SSBR3,201701,0.0601087286165694,56
STBP3,201701,0.0817487565974607,55
SULA11,201701,0.0885801124189693,53
SUZB5,201701,0.0879479857273123,55
TAEE11,201701,0.0892590833830318,55
TCSA3,201701,0.0915141369971565,55
TECN3,201701,0.0878699640218935,55
TESA3,201701,0.0609244135884539,55
TGMA3,201701,0.0943115465678272,55
TIET11,201701,0.0768910883908573,55
TIET3,201701,0.0940968068075427,53
TIET4,201701,0.0873630828812835,55
TIMP3,201701,0.180102864621582,55
TOTS3,201701,0.0868791387843429,55
TPIS3,201701,0.0601634111507013,51
TRIS3,201701,0.0898064855750407,42
TRPL4,201701,0.088628611687156,55
TUPY3,201701,0.0872685568240868,56
UGPA3,201701,0.0811076970761546,55
UNIP3,201701,0.0889219906659347,51
UNIP6,201701,0.143567529110417,42
USIM3,201701,0.119013596429059,54
USIM5,201701,0.0822146994831238,55
VALE3,201701,0.099908127168508,56
VALE5,201701,0.0839267740057122,56
VIVT3,201701,0.0917537451741854,55
VIVT4,201701,0.0810228633275352,55
VLID3,201701,0.0943530471525446,55
VVAR11,201701,0.0884897360811709,55
WEGE3,201701,0.0864226221519257,55
AALR3,201702,0.0761981451538372,56
ABCB4,201702,0.0493005570189129,56
ABEV3,201702,0.037714269209766,56
ALPA3,201702,0.0440408621566141,49
ALPA4,201702,0.042801051923481,56
ALSC3,201702,0.0556092356927446,56
ALUP11,201702,0.0829404662401536,56
ALUP3,201702,0.359037382271409,50
ALUP4,201702,0.141734653776213,50
AMAR3,201702,0.0485455496441365,56
ANIM3,201702,0.0875730215657981,56
ARZZ3,201702,0.082080313319567,56
BAHI3,201702,-0.0633627362544141,14
BBAS3,201702,0.0415642115763018,57
BBDC3,201702,0.0630822127710383,56
BBDC4,201702,0.038112819688559,56
BBRK3,201702,0.0479224119918248,55
BBSE3,201702,0.0530865268599967,56
BBTG11,201702,0.0653150395339823,56
BEEF3,201702,0.0770361987508987,56
BPAC11,201702,0.0682439501297802,52
BPHA3,201702,0.0759919016600928,37
BRAP3,201702,0.0437268219402086,57
BRAP4,201702,0.0458359385254212,56
BRFS3,201702,0.041563857269955,57
BRGE3,201702,0.0490390896652359,52
BRIN3,201702,0.0477540732185951,50
BRIV3,201702,0.0485205706298983,52
BRKM3,201702,0.0361544408683913,43
BRKM5,201702,0.0548959831021468,56
BRML3,201702,0.0401690517528577,56
BRPR3,201702,0.0591287917734411,56
BRSR6,201702,0.0667651714596917,56
BTOW3,201702,0.0830954337812366,56
BVMF3,201702,0.0456084784806552,56
CAMB4,201702,0.0410325242495443,43
CCPR3,201702,0.0417352778978135,52
CCRO3,201702,0.040347433531391,56
CCXC3,201702,0.0479303123673967,50
CELP3,201702,0.0584450109078925,48
CESP3,201702,0.062421385147996,52
CESP6,201702,0.0591396806653326,56
CGAS3,201702,0.0466542400929591,55
CGAS5,201702,0.0593232462676028,56
CGRA3,201702,0.0488339561605897,52
CGRA4,201702,0.0484765317061144,55
CIEL3,201702,0.0386602278777349,56
CLSC4,201702,0.0499332446162531,55
CMIG3,201702,0.0539101627998242,55
CMIG4,201702,0.054808453695075,56
COCE5,201702,0.0657089945464056,54
CPFE3,201702,0.0564530185922665,56
CPLE3,201702,0.0777618172273267,56
CPLE6,201702,0.0595748859947791,56
CPRE3,201702,0.0405191229840199,51
CRDE3,201702,0.0473023658241686,55
CRIV3,201702,0.0487091902504562,52
CSAN3,201702,0.0512756887673077,56
CSMG3,201702,0.0733195032863645,56
CSNA3,201702,0.0493398368780373,56
CTAX3,201702,0.0713208764216537,55
CTIP3,201702,0.052062264280859,56
CTNM4,201702,0.0482672051742759,52
CVCB3,201702,0.050195838469521,56
CYRE3,201702,0.06335040605426,56
DIRR3,201702,0.0639942580113446,56
DTEX3,201702,0.0653531419310784,56
ECOR3,201702,0.0718640348106819,56
EGIE3,201702,0.067041155320495,58
ELET3,201702,0.0404143872240956,56
ELET6,201702,0.0635302468629599,56
ELPL4,201702,0.0479933910595912,56
EMBR3,201702,0.0426722655255694,57
ENBR3,201702,0.0488143684079214,56
ENEV3,201702,0.0501507834252188,54
ENGI11,201702,0.0737041506550139,56
ENGI3,201702,0.0978085878366225,36
ENGI4,201702,0.039674689317097,49
ENMT3,201702,0.0424668431283598,49
ENMT4,201702,0.0448285677020498,49
EQTL3,201702,0.0436137994523746,56
ESTC3,201702,0.0377124194104215,56
EUCA4,201702,0.0708810511694552,55
EVEN3,201702,0.0443251982438238,56
EZTC3,201702,0.0781379405484387,56
FESA4,201702,0.046909628126343,54
FIBR3,201702,0.0580298599935964,57
FLRY3,201702,0.0776019855497744,56
FRAS3,201702,0.245282786406296,5
GEPA3,201702,0.148088701561005,36
GEPA4,201702,0.0495287723571126,36
GFSA3,201702,0.0663819686741071,57
GGBR3,201702,0.0502830421093151,56
GGBR4,201702,0.0456961738133947,57
GOAU3,201702,0.0495812989939172,54
GOAU4,201702,0.0480375028264004,56
GOLL4,201702,0.0847498913574741,56
GPCP3,201702,0.058416077093082,43
GRND3,201702,0.0461379886735322,56
GSHP3,201702,0.271529714969983,36
GUAR3,201702,0.038363417721654,56
GUAR4,201702,0.055056533210837,56
HBOR3,201702,0.0707435429835247,56
HGTX3,201702,0.0793089271753634,56
HYPE3,201702,0.0759599604035935,56
IDNT3,201702,0.0695002728215356,50
IGBR3,201702,-0.0145561094786938,50
IGTA3,201702,0.0772654328807156,56
INEP3,201702,0.0471293889855584,52
INEP4,201702,0.0463286497129474,50
ITSA3,201702,0.277781283652983,49
ITSA4,201702,0.037530794705493,56
ITUB3,201702,0.0601624422339123,56
ITUB4,201702,0.0339963936080449,56
JBSS3,201702,0.0409330843405091,56
JHSF3,201702,0.10605838869885,50
JOPA3,201702,0.0500445011830156,52
JSLG3,201702,0.0628080653397265,52
KLBN11,201702,0.0767799082330818,56
KLBN3,201702,0.0500872738412195,51
KLBN4,201702,0.0433332621527279,51
KROT3,201702,0.0419476466591221,56
LAME3,201702,0.0439391329453122,56
LAME4,201702,0.0582564055132583,56
LCAM3,201702,0.0456587836345471,45
LEVE3,201702,0.0883563299507737,54
LIGT3,201702,0.0574559474807735,56
LINX3,201702,0.0639116199568471,56
LLIS3,201702,0.0425241524123293,50
LOGN3,201702,0.134386435707442,36
LPSB3,201702,0.0424279913165014,56
LREN3,201702,0.037866052454603,56
LUPA3,201702,0.0526190285748763,50
MAGG3,201702,0.0729859504441767,52
MDIA3,201702,0.0515221046663611,56
MEAL3,201702,0.0740367516657694,56
MGEL4,201702,0.0473071168462289,52
MGLU3,201702,0.0657659359165508,51
MILS3,201702,0.0828288712634661,57
MLFT4,201702,0.0570228657933149,56
MMXM3,201702,0.0223383128989645,50
MOVI3,201702,0.07615904027954,56
MPLU3,201702,0.0811743339667134,56
MRFG3,201702,0.0542346521876182,56
MRVE3,201702,0.0490496117483786,56
MULT3,201702,0.0444776890410961,56
MYPK3,201702,0.0743639890804631,54
NATU3,201702,0.0490568337490897,56
ODPV3,201702,0.0826161741065614,56
OFSA3,201702,0.0501094665916857,55
OGXP3,201702,0.0114800820139199,50
OIBR3,201702,0.0577919037216287,54
OIBR4,201702,0.0411780968939477,55
OSXB3,201702,0.0507824874269338,50
PARC3,201702,0.0779466918826629,56
PARD3,201702,0.0514871524721852,57
PCAR4,201702,0.0419296416485511,57
PDGR3,201702,0.0840350032503074,50
PETR3,201702,0.0433650082655245,56
PETR4,201702,0.0402019674056414,57
PFRM3,201702,0.135699278740169,55
PINE4,201702,0.0410359305954268,43
PMAM3,201702,0.0225722312264321,51
PNVL3,201702,0.0562875877419252,43
PNVL4,201702,0.0633963643139268,56
POMO3,201702,0.0117100480226914,52
POMO4,201702,0.0715524816609114,54
PRIO3,201702,0.0362994176804309,57
PRML3,201702,0.0277782975538369,54
PSSA3,201702,0.0782906799344769,56
PTBL3,201702,0.0895251429960248,49
QGEP3,201702,0.0731130653530853,56
QUAL3,201702,0.0558840806564262,56
RADL3,201702,0.0422283107167787,56
RAPT3,201702,0.040403590976252,53
RAPT4,201702,0.0433461374632678,56
RDNI3,201702,0.0944767197966719,53
REDE3,201702,0.0471211781180247,49
REDE4,201702,0.0452255908465345,49
RENT3,201702,0.0399076453528321,56
RLOG3,201702,0.0533382512476034,56
RNEW11,201702,0.00412416655271829,33
RNEW3,201702,-0.146923073170991,33
RPAD3,201702,0.0505213953065207,52
RSID3,201702,0.0513642598865893,50
RUMO3,201702,0.0527680784593227,56
SANB11,201702,0.0354519371069417,56
SANB3,201702,0.0351841141896941,51
SANB4,201702,0.0510878880093656,53
SAPR4,201702,0.0450970908304368,56
SBSP3,201702,0.0618719137015724,56
SCAR3,201702,0.0478903272246765,51
SEDU3,201702,0.107410819554614,43
SEER3,201702,0.0541114538971,56
SGAS4,201702,-0.0382160622590053,5
SGPS3,201702,0.0450234217047573,43
SHOW3,201702,0.0534424520298906,54
SLCE3,201702,0.0469731645077298,56
SLED4,201702,0.0399751805817112,50
SMLE3,201702,0.0661198642318484,56
SMTO3,201702,0.0855539204466576,56
SNSL3,201702,0.0511262147606528,43
SSBR3,201702,0.0717781584216802,56
STBP3,201702,0.0480555573641462,57
SULA11,201702,0.0751655417339541,56
SUZB5,201702,0.078535626696882,56
TAEE11,201702,0.0473818573424815,57
TCSA3,201702,0.0777027200549407,56
TECN3,201702,0.0440312238558309,56
TESA3,201702,0.0115746926733786,55
TGMA3,201702,0.0693437861856439,56
TIET11,201702,0.0598156460698959,59
TIET3,201702,0.0442891812959428,50
TIET4,201702,0.0445877297322367,55
TIMP3,201702,0.0857471694698486,56
TOTS3,201702,0.0767712007437942,56
TPIS3,201702,0.101813212087593,45
TRIS3,201702,0.0313066812280001,43
TRPL4,201702,0.0837084933954233,56
TUPY3,201702,0.0428385750225762,57
UGPA3,201702,0.0384406973702219,56
UNIP3,201702,0.0469275514568755,52
UNIP6,201702,0.0417038199239759,43
USIM3,201702,0.0398652371012269,55
USIM5,201702,0.0426279719885572,56
VALE3,201702,0.0506112313384502,56
VALE5,201702,0.0434787100285473,56
VIVT3,201702,0.0511518873736711,56
VIVT4,201702,0.0390576104043385,57
VLID3,201702,0.0697964538620834,56
VVAR11,201702,0.067980507540633,55
WEGE3,201702,0.0716081547642239,56
AALR3,201703,-0.00602395912212733,52
ABCB4,201703,0.00100178923549471,52
ABEV3,201703,-0.0178521068579388,54
ALPA3,201703,-0.0241842127426962,49
ALPA4,201703,-0.0174596971655476,52
ALSC3,201703,-0.0170269293584804,52
ALUP11,201703,-0.00895485935449974,53
ALUP3,201703,-0.00991621924051593,23
ALUP4,201703,-0.0287519941705014,23
AMAR3,201703,-0.00694849273639352,52
ANIM3,201703,-0.00637632848994844,51
ARZZ3,201703,-0.00949833343604607,52
BBAS3,201703,-0.00990604479234067,54
BBDC3,201703,-0.00465972065710055,54
BBDC4,201703,-0.0169015387785736,54
BBRK3,201703,-0.0652520815803935,51
BBSE3,201703,-0.00131342569663729,54
BBTG11,201703,-0.00119581679973566,53
BEEF3,201703,0.00168761968422643,53
BPAC11,201703,-0.0816277026673825,52
BPHA3,201703,-0.0740485903412349,37
BRAP3,201703,-0.00739229088722932,52
BRAP4,201703,-0.0437934761355844,54
BRFS3,201703,-0.00126272766399562,54
BRGE3,201703,0.00365537907908575,48
BRIV3,201703,0.003001257367759,48
BRKM3,201703,-0.00184482646205877,42
BRKM5,201703,-0.00655045944980269,54
BRML3,201703,-0.015288149707059,54
BRPR3,201703,0.00104284400505955,50
BRSR6,201703,-0.00964039157160838,52
BTOW3,201703,0.00140110602001626,53
BVMF3,201703,-0.0398299546444568,54
CAMB4,201703,0.0338591077924971,43
CCPR3,201703,0.00280190916753099,48
CCRO3,201703,-0.0150177211136191,54
CELP3,201703,-0.0280790345106748,48
CESP3,201703,-0.0188337929728723,47
CESP6,201703,-0.0032150816321498,54
CGAS3,201703,-0.00271934809887953,52
CGAS5,201703,-0.00359026393838598,52
CGRA3,201703,-0.00112733075586999,48
CGRA4,201703,-0.00406611757552536,51
CIEL3,201703,-0.0186160281300791,54
CLSC4,201703,-0.0463596631421673,51
CMIG3,201703,0.00142584878891608,52
CMIG4,201703,9.22751478416785e-05,54
COCE5,201703,-0.0154015789047118,47
CPFE3,201703,-0.0398375409847005,54
CPLE3,201703,-0.000264812790231004,54
CPLE6,201703,-0.00675156634536515,54
CPRE3,201703,-0.0271286938368397,46
CRDE3,201703,-0.0152209077118007,51
CRIV3,201703,-0.00182839333975311,48
CSAN3,201703,-0.00320731136166491,54
CSMG3,201703,0.00183172915511667,53
CSNA3,201703,-0.0122850773803131,54
CTAX3,201703,-0.0128417610804796,52
CTNM4,201703,0.00276267194113524,48
CVCB3,201703,-0.00837947410080061,53
CYRE3,201703,-0.000995258375303986,54
DIRR3,201703,-0.00463758851418352,53
DTEX3,201703,-0.0149063953234905,53
ECOR3,201703,0.00233807867866264,54
EGIE3,201703,-0.013180897936743,54
ELET3,201703,-0.0212115781512652,54
ELET6,201703,-0.000896961123154878,53
ELPL4,201703,-0.0248001149986046,53
EMBR3,201703,-0.0214498230786642,54
ENBR3,201703,-0.0200424622294245,54
ENEV3,201703,-0.0124204279175125,42
ENGI11,201703,0.00172186787208753,53
ENGI3,201703,-0.053722247793201,36
ENGI4,201703,-0.0176106365075587,49
ENMT3,201703,-0.021159730298804,49
ENMT4,201703,-0.0241054027094138,49
EQTL3,201703,-0.0255024883219475,54
ESTC3,201703,-0.0142607913381682,54
EUCA4,201703,-0.00355484044239382,52
EVEN3,201703,-0.0171113112766513,53
EZTC3,201703,0.00526012493163751,53
FESA4,201703,0.0153371980259043,42
FIBR3,201703,-0.00259356317318385,54
FLRY3,201703,-0.00734781872766933,53
FRAS3,201703,0.00422116842155241,37
GFSA3,201703,0.00298590157260551,53
GGBR3,201703,-0.00745292367897502,53
GGBR4,201703,-0.0200093221818084,54
GOAU3,201703,-0.0412385574642689,52
GOAU4,201703,-0.0158937748570155,54
GOLL4,201703,-0.0113283605340129,52
GPCP3,201703,-9.09034116569365e-05,42
GRND3,201703,-0.0030396559208109,52
GSHP3,201703,0.0364112153094626,36
GUAR3,201703,-0.0269118254566601,53
GUAR4,201703,-0.00764008614000335,52
HBOR3,201703,0.00529575960914192,52
HGTX3,201703,-0.013623256276451,52
HYPE3,201703,-0.00116530995688885,54
IDNT3,201703,-0.0041300145053093,46
IGTA3,201703,-0.00788762331406882,53
INEP3,201703,0.0134751595424885,48
ITSA3,201703,0.0339563363254816,50
ITSA4,201703,-0.0116131221112499,54
ITUB3,201703,-0.0193647944180431,52
ITUB4,201703,-0.00566357810800862,54
JBSS3,201703,-0.00250576159807853,54
JHSF3,201703,-0.00332412402322725,17
JOPA3,201703,0.00292335036031978,48
JSLG3,201703,-0.048204408520191,47
KLBN11,201703,-0.00301782111540013,53
KLBN3,201703,-0.0271062008727544,46
KLBN4,201703,-0.0262749937073175,46
KROT3,201703,-0.00159796956163782,54
LAME3,201703,-0.00345306013650133,53
LAME4,201703,-0.00805846239916684,54
LCAM3,201703,-0.0663463154158963,37
LEVE3,201703,-0.00735832571266836,50
LIGT3,201703,-0.0139557898481342,53
LINX3,201703,-0.00819285919100227,52
LOGN3,201703,0.0258305863952442,36
LPSB3,201703,-0.0215190473839067,52
LREN3,201703,-0.0206837888665444,54
MAGG3,201703,0.000102708770902802,50
MDIA3,201703,-0.00396473350539774,53
MEAL3,201703,-0.00218599933499107,52
MGLU3,201703,-0.00302257579293003,46
MILS3,201703,-0.0170698425053824,52
MLFT4,201703,-0.0142894687044956,52
MOVI3,201703,0.00346205333027833,54
MPLU3,201703,-0.00772845562570158,52
MRFG3,201703,0.00196539152916827,54
MRVE3,201703,-0.0156053380286442,54
MULT3,201703,-0.000685549033409617,54
MYPK3,201703,-0.00423301863528318,50
NATU3,201703,-0.0251266993619011,54
ODPV3,201703,-0.0072343965812379,52
OFSA3,201703,0.0034499976406763,51
OGXP3,201703,-0.0712136267681303,44
OIBR3,201703,0.0401476594764935,50
OIBR4,201703,-0.00368953712478348,51
PARC3,201703,-0.0142755796950954,52
PARD3,201703,-0.00308733384561841,52
PCAR4,201703,-0.00671777878477224,54
PDGR3,201703,-0.070338084145203,42
PETR3,201703,-0.0170123495927482,54
PETR4,201703,-0.0146230131160866,54
PFRM3,201703,-0.0390159512419842,50
PINE4,201703,0.00242675164467207,42
PMAM3,201703,-0.0235140070798991,44
PNVL3,201703,0.0249513495528965,43
PNVL4,201703,-0.00568264229847877,52
POMO3,201703,-0.0246899786087642,47
POMO4,201703,0.00172132063841643,50
PRIO3,201703,0.00652691488860167,43
PRML3,201703,-0.0230867464779591,50
PSSA3,201703,-0.0151772425965597,52
PTBL3,201703,-0.0139568081210529,46
QGEP3,201703,-0.00617473891051441,53
QUAL3,201703,-0.0188687390950759,54
RADL3,201703,-0.017411660041474,54
RAIL3,201703,-0.00426144935502958,54
RAPT3,201703,0.00461005143787873,49
RAPT4,201703,0.00169618241002879,53
RDNI3,201703,0.00216834019573446,49
REDE3,201703,-0.0264209978593056,49
REDE4,201703,-0.0219656544447717,49
RENT3,201703,-0.0138163044903656,54
RLOG3,201703,-0.00819341758495264,53
RPAD3,201703,0.00763198487202909,48
RSID3,201703,-0.0452117239283353,42
SANB11,201703,-0.0077761931381441,54
SANB3,201703,-0.00656220525985865,46
SANB4,201703,5.86883138624554e-05,49
SAPR4,201703,-0.0150419320106104,53
SBSP3,201703,-0.0125823404325797,54
SCAR3,201703,-0.00437837561004387,42
SEDU3,201703,-0.00114840689067508,43
SEER3,201703,-0.0455917401424464,52
SGAS4,201703,-0.122154720583868,8
SGPS3,201703,0.0144462642555563,43
SHOW3,201703,-0.0202036280310214,49
SLCE3,201703,-0.0212809845967279,52
SLED4,201703,0.0554213750867349,40
SMLE3,201703,-0.00127712466949448,54
SMTO3,201703,-0.00664704911637234,54
SNSL3,201703,0.0221512503865624,47
SSBR3,201703,0.00833401392668298,52
STBP3,201703,-0.0176194212392824,52
SULA11,201703,0.00370454957712422,53
SUZB5,201703,-0.00537317227120314,54
TAEE11,201703,-0.00301168303713409,53
TCSA3,201703,-0.00361052640609658,52
TECN3,201703,-0.017199664454619,52
TESA3,201703,-0.0237190819877135,51
TGMA3,201703,-0.00179582101525742,52
TIET11,201703,-0.01480576756498,53
TIET3,201703,-0.0416728611593225,18
TIET4,201703,-0.0421123473314927,26
TIMP3,201703,-0.0163916319430564,54
TOTS3,201703,-0.0164305326533041,53
TPIS3,201703,-0.0153847008665702,45
TRIS3,201703,0.00323380251940896,42
TRPL4,201703,-0.0152801623715176,53
TUPY3,201703,-0.0115184676005663,53
UGPA3,201703,-0.0232324808122847,54
UNIP3,201703,-0.00245443671824944,48
UNIP6,201703,0.0277683217266269,43
USIM3,201703,0.0337389975524983,50
USIM5,201703,-0.00789990962047966,54
VALE3,201703,-0.0273513706679129,54
VALE5,201703,-0.0166881704753819,54
VIVT3,201703,-0.0191122655173254,52
VIVT4,201703,-0.0104926916772091,54
VLID3,201703,0.00288923024698881,53
VVAR11,201703,0.0033339627815733,52
WEGE3,201703,-0.012166138856306,54
AALR3,201704,0.0230556498275801,52
ABCB4,201704,0.0135992210126441,49
ABEV3,201704,0.00948772625695801,53
ALPA4,201704,0.0279136934517142,52
ALSC3,201704,0.0119915361650299,52
ALUP11,201704,0.0306968317763644,53
ALUP3,201704,-0.00964720673098655,20
ALUP4,201704,-0.0252039894500078,43
AMAR3,201704,0.0190400641783947,51
ANIM3,201704,0.0434177010027913,52
ARZZ3,201704,0.0429197625739325,52
AZUL4,201704,0.0257995523399194,52
BBAS3,201704,0.0233697937404668,53
BBDC3,201704,0.0259692253608101,53
BBDC4,201704,0.00826942157950289,53
BBRK3,201704,0.0119338638627494,51
BBSE3,201704,0.0279628763320587,53
BBTG11,201704,0.0277257375056143,52
BEEF3,201704,0.0263426215483979,53
BPAC11,201704,-0.0127664995336079,49
BPHA3,201704,-0.0434621636513849,34
BRAP3,201704,0.00729015773383399,52
BRAP4,201704,-0.00181493338169491,53
BRFS3,201704,0.0194679104937583,53
BRGE3,201704,0.0145837739007199,46
BRIV3,201704,0.0108465537758873,46
BRKM3,201704,-0.00905045399870981,42
BRKM5,201704,0.0363592928251621,53
BRML3,201704,0.0134794994196965,53
BRPR3,201704,0.026856719258808,52
BRSR6,201704,0.0416749049831012,52
BTOW3,201704,0.0270724136768901,52
BVMF3,201704,0.018839446456101,53
CAMB4,201704,-0.0169075731220612,42
CARD3,201704,-0.00431202939582213,35
CCPR3,201704,0.0165397824600681,46
CCRO3,201704,0.0223590377282399,53
CELP3,201704,0.00168939644848911,48
CESP3,201704,0.00327635180413308,48
CESP6,201704,0.0264290064595669,53
CGAS3,201704,0.0194725925486668,51
CGAS5,201704,0.0255512995389819,52
CGRA3,201704,0.0140179747462627,46
CGRA4,201704,0.0134950164366042,50
CIEL3,201704,0.0352634224404539,53
CLSC4,201704,-0.00703506948357439,51
CMIG3,201704,0.0331429094377486,51
CMIG4,201704,0.0292551389454664,53
COCE5,201704,0.0139344958609695,47
CPFE3,201704,0.00799074307735824,53
CPLE3,201704,0.0284963518963803,53
CPLE6,201704,0.020379870515366,53
CPRE3,201704,0.00419213128719415,45
CRDE3,201704,0.0110942548324514,50
CRIV3,201704,0.0148378866776898,46
CSAN3,201704,0.0280648872123581,53
CSMG3,201704,0.0267203149628998,52
CSNA3,201704,0.0247671232786536,53
CTAX3,201704,0.0161407442327614,51
CTNM4,201704,0.0176425506262881,46
CVCB3,201704,0.0345599877693363,53
CYRE3,201704,0.0273690326784783,53
DIRR3,201704,0.03452218123699,53
DTEX3,201704,0.0409598559839627,52
ECOR3,201704,0.0256290053454347,53
EGIE3,201704,0.031029277626434,53
ELET3,201704,0.0291102500740758,53
ELET6,201704,0.0144720869282743,53
ELPL4,201704,0.00318068047717047,52
EMBR3,201704,0.0291762419861448,53
ENBR3,201704,0.00952723880581535,53
ENEV3,201704,0.0134773273051661,42
ENGI11,201704,0.0268825048572861,53
ENGI3,201704,0.018731582939252,37
ENGI4,201704,0.034549720525981,48
ENMT3,201704,0.0321231654577034,48
ENMT4,201704,0.0349553257366025,48
EQTL3,201704,0.0109482208550823,53
ESTC3,201704,0.00619987249581635,53
EUCA4,201704,0.0103313740742699,52
EVEN3,201704,0.0083277191676169,52
EZTC3,201704,0.0403595004934127,53
FESA4,201704,0.0032780343778669,47
FIBR3,201704,0.0304799856875444,53
FLRY3,201704,0.0269156830530925,52
FRAS3,201704,0.119825377860703,9
GFSA3,201704,0.028986681527099,52
GGBR3,201704,0.0283875863976348,52
GGBR4,201704,0.0172831902123666,53
GOAU3,201704,0.00710862816049873,51
GOAU4,201704,0.0107437419673051,53
GOLL4,201704,0.0348575245872068,52
GRND3,201704,0.0087562132806236,49
GSHP3,201704,-0.188282746929836,37
GUAR3,201704,0.0225994524690761,51
GUAR4,201704,0.0154000843521144,52
HBOR3,201704,0.0124074466720614,52
HGTX3,201704,0.0231390812800977,52
HYPE3,201704,0.0227461324693657,53
IDNT3,201704,0.0155832607014658,45
IGTA3,201704,0.0436843018778494,52
INEP3,201704,0.0190858043865897,46
ITSA3,201704,0.00505589868392613,51
ITSA4,201704,0.00450849572664244,53
ITUB3,201704,0.00567148189305452,52
ITUB4,201704,0.0148595665715044,53
JBSS3,201704,0.0217714653414375,53
JHSF3,201704,0.0113556414402724,35
JOPA3,201704,0.0124131647584013,46
JSLG3,201704,0.0254669044321992,48
KLBN11,201704,0.0369183038583689,53
KROT3,201704,0.0196120126540033,53
LAME3,201704,0.0314262043046445,52
LAME4,201704,0.0173932227562755,53
LCAM3,201704,0.0190585377009455,37
LEVE3,201704,0.0465472469326782,50
LIGT3,201704,0.0346788670480381,52
LINX3,201704,0.046160244402014,52
LOGN3,201704,-0.00867276219962424,40
LPSB3,201704,0.0285419838776498,51
LREN3,201704,0.0146435774051382,53
MAGG3,201704,0.0261362367248851,49
MDIA3,201704,0.0363922472298593,52
MEAL3,201704,0.0302987148125085,52
MGLU3,201704,0.0386717100823969,47
MILS3,201704,0.0429660884791935,52
MLFT4,201704,0.0218993145809137,51
MOVI3,201704,0.0314525448822057,53
MPLU3,201704,0.0451288730336169,52
MRFG3,201704,0.0216541053638814,53
MRVE3,201704,0.0393248487999712,53
MULT3,201704,0.0230108624033472,53
MYPK3,201704,0.0406766418770199,50
NATU3,201704,0.0177871619105135,53
ODPV3,201704,0.0364364265927263,52
OFSA3,201704,0.0161561651894604,50
OGXP3,201704,-0.0520924663457152,41
OIBR3,201704,-0.000893210544596067,42
OIBR4,201704,0.011094179659331,51
PARC3,201704,0.0262400483377168,52
PARD3,201704,0.00999382111213043,52
PCAR4,201704,0.029418116187739,53
PDGR3,201704,0.152649423237761,41
PETR3,201704,0.0122516449216339,53
PETR4,201704,0.0113074042238923,53
PFRM3,201704,-0.00818230198136866,50
PINE4,201704,-0.00683806474059952,42
PMAM3,201704,-0.000944183538915953,44
PNVL3,201704,0.00439011793905066,42
PNVL4,201704,0.0205242539064742,51
POMO3,201704,0.0187359638464054,46
POMO4,201704,0.0294913417609022,50
PRIO3,201704,0.00476837263553976,42
PRML3,201704,0.00224180150281137,50
PSSA3,201704,0.0324790928962016,52
PTBL3,201704,0.0489827536087913,46
QGEP3,201704,0.0139710773856054,53
QUAL3,201704,0.00663276252480699,53
RADL3,201704,0.0257769381001692,53
RAIL3,201704,0.0253553493770649,53
RAPT3,201704,0.0143477307054021,49
RAPT4,201704,0.0104279487536319,52
RDNI3,201704,0.03320980865549,49
REDE3,201704,0.0296564591221795,48
REDE4,201704,0.0282877595175949,48
RENT3,201704,0.0334641567409943,53
RLOG3,201704,0.0218522977156578,53
ROMI3,201704,0.0436207484870295,45
RPAD3,201704,0.016726954380791,46
RSID3,201704,0.024212146375748,42
SANB11,201704,0.0290210321905812,53
SANB4,201704,0.020077841807029,48
SAPR4,201704,0.0220453137029478,53
SBSP3,201704,0.0434088440572938,53
SCAR3,201704,-0.00857821445361843,43
SEDU3,201704,-0.00327804042758186,42
SEER3,201704,0.0254436849681463,52
SGAS4,201704,0.0270221570375645,9
SGPS3,201704,0.00178203907685678,42
SHOW3,201704,0.0272879490567695,49
SLCE3,201704,0.0111671959823166,52
SLED4,201704,-0.0772071925025517,40
SMLE3,201704,0.0272632106612592,53
SMTO3,201704,0.0372444540403385,53
SNSL3,201704,-0.00678481208414902,42
SSBR3,201704,0.0137684255605412,52
STBP3,201704,0.0338629217875152,51
SULA11,201704,0.0282438098797973,52
SUZB5,201704,0.0268615975192266,53
TAEE11,201704,0.0319098540328577,52
TCSA3,201704,0.0345304303999323,52
TECN3,201704,0.0182249642994251,51
TEND3,201704,0.0299818276846182,52
TESA3,201704,-0.000136918470166955,51
TGMA3,201704,0.00550169438565327,52
TIET11,201704,0.0258330261214916,52
TIET3,201704,-0.0206407200006075,19
TIET4,201704,-0.0229421137432799,25
TIMP3,201704,0.00351373743048562,53
TOTS3,201704,0.0399966697966434,52
TPIS3,201704,0.0105264448691651,45
TRIS3,201704,-0.0190753624542061,42
TRPL4,201704,0.0215153279597701,53
TUPY3,201704,0.0224632520233906,52
UGPA3,201704,0.01326136045445,53
UNIP3,201704,0.0152725738254976,46
UNIP6,201704,-0.00499087740705793,42
USIM3,201704,-0.0060862268976085,47
USIM5,201704,0.00758679863495396,53
VALE3,201704,0.0122230314300497,53
VALE5,201704,0.0140007488684425,53
VIVT3,201704,0.00229367230445537,52
VIVT4,201704,0.024862121749078,53
VLID3,201704,0.0275903481717181,52
VVAR11,201704,0.0238273503328002,52
WEGE3,201704,0.00927938566227425,53
AALR3,201705,-0.000545893170373643,54
ABCB4,201705,-0.00585379143161374,53
ABEV3,201705,-0.0303813859517103,54
AFLT3,201705,0.0960389433570495,8
AFLU3,201705,0.0694866706729999,8
ALPA4,201705,-0.0242552498655318,54
ALSC3,201705,-0.0230264855372817,54
ALUP11,201705,-0.0304771675607271,54
ALUP3,201705,-0.070588035559851,10
ALUP4,201705,-0.0331158230089444,45
AMAR3,201705,-0.0320944117236448,52
ANIM3,201705,0.00297597996164103,54
ARZZ3,201705,-0.0335627496000375,54
AZUL4,201705,-0.0258722612331402,54
BBAS3,201705,-0.028142813754183,54
BBDC3,201705,-0.0176288332917169,54
BBDC4,201705,-0.028715969471856,54
BBRK3,201705,-0.0404879742383949,53
BBSE3,201705,-0.0436429350674922,54
BBTG11,201705,0.00239744201101154,53
BEEF3,201705,-0.0165373197150316,54
BPAC11,201705,-0.0299599561185134,51
BPHA3,201705,0.00765475816514757,34
BRAP3,201705,-0.0498855593535904,52
BRAP4,201705,-0.0211731882051187,54
BRFS3,201705,-0.0317532786680103,54
BRGE3,201705,0.0206444084595599,48
BRIN3,201705,0.0241010909749427,40
BRIV3,201705,0.0237751752528773,48
BRKM3,201705,-0.0276983634096099,50
BRKM5,201705,-0.0342981917122734,54
BRML3,201705,-0.0227168943702054,54
BRPR3,201705,-0.000768770607763423,54
BRSR6,201705,-0.0344866694840558,54
BSEV3,201705,-0.0193330413988433,40
BTOW3,201705,-0.0149473541186498,54
BVMF3,201705,-0.0356389276079692,54
CAMB4,201705,-0.0296263418008987,41
CARD3,201705,-0.0189427260962079,52
CCPR3,201705,0.0298208980952925,48
CCRO3,201705,-0.0398455357604621,54
CEEB3,201705,-0.023046536832686,7
CEED3,201705,0.0850447490091407,8
CEED4,201705,0.0682611804769215,8
CELP3,201705,-0.048078983148801,51
CEPE3,201705,0.0630981691602886,8
CEPE5,201705,0.069016467485985,8
CESP3,201705,-0.0411817070772135,48
CESP6,201705,-0.0531608692285394,54
CGAS3,201705,0.0103125971407119,50
CGAS5,201705,-0.0391696652308009,53
CGRA3,201705,0.0200304877689054,48
CGRA4,201705,0.0203536719837377,52
CIEL3,201705,-0.0268543994251101,54
CLSC4,201705,-0.0261779879752064,54
CMIG3,201705,-0.00220203702166328,53
CMIG4,201705,0.0020154881766568,54
COCE5,201705,-0.0240826769415679,47
CPFE3,201705,-0.024425232687838,54
CPLE3,201705,-0.0145082845698109,54
CPLE6,201705,-0.0166138187888676,54
CPRE3,201705,-0.0333708047614502,47
CRDE3,201705,-0.0330443205083928,52
CRIV3,201705,0.0182751878551821,48
CRIV4,201705,0.0229236331965247,40
CSAN3,201705,-0.0356059956217978,54
CSMG3,201705,-0.0287241156180495,54
CSNA3,201705,-0.0438057177287873,54
CSRN3,201705,-0.023046536832686,7
CSRN5,201705,0.0850447490091407,8
CTAX3,201705,-0.0349893743711026,55
CTNM4,201705,0.0225174754958617,48
CVCB3,201705,-0.0295750514754694,54
CYRE3,201705,-0.0122331039644947,54
DIRR3,201705,-0.0341534062648864,54
DTEX3,201705,-0.0302637073957254,54
ECOR3,201705,-0.0112187126965611,54
EEEL3,201705,0.0543722915880326,8
EEEL4,201705,0.0557736804769215,8
EGIE3,201705,-0.0353674477968165,54
ELET3,201705,-0.0158664502783906,54
ELET6,201705,-0.0288759026227472,54
ELPL4,201705,-0.013960007226644,54
EMBR3,201705,-0.00569127748021593,54
ENBR3,201705,-0.0254066460395167,54
ENEV3,201705,0.0114345800091988,44
ENGI11,201705,-0.034543618484659,54
ENGI4,201705,-0.0182045924692454,50
ENMT3,201705,-0.0233472410410741,50
ENMT4,201705,-0.0191527985845661,50
EQTL3,201705,-0.0183908538470544,54
ESTC3,201705,-0.0383639764374402,54
EUCA4,201705,-0.0325024068608192,54
EVEN3,201705,-0.0158901584785164,54
EZTC3,201705,0.00131613362474899,54
FESA4,201705,-0.0258110014589954,53
FIBR3,201705,-0.031216570598906,54
FLRY3,201705,-0.0374684004944444,54
GFSA3,201705,-0.0222139694299073,49
GGBR3,201705,-0.00953633064746998,52
GGBR4,201705,-0.0306196458711501,54
GOAU3,201705,-0.0194935032916317,53
GOAU4,201705,-0.0179855226497329,54
GOLL4,201705,-0.0571169698972852,54
GRND3,201705,0.0197943208697645,53
GSHP3,201705,-0.0919524450994318,38
GUAR3,201705,-0.0202803991412225,53
GUAR4,201705,-0.0277451841117207,49
HBOR3,201705,-0.0277587425113288,53
HGTX3,201705,-0.0568301399078647,54
HYPE3,201705,-0.0488115400744376,54
IDNT3,201705,-0.00794026536540954,47
IGTA3,201705,-0.0263128375960687,54
INEP3,201705,0.0131807465171609,48
ITSA3,201705,-0.00313431114742391,54
ITSA4,201705,-0.0265400570180616,54
ITUB3,201705,-0.0306187279366357,54
ITUB4,201705,-0.0345552287049299,54
JBSS3,201705,-0.0195927909252428,54
JHSF3,201705,-0.0873881320299653,48
JOPA3,201705,0.0213477708264845,48
JSLG3,201705,-0.0426002374137174,49
KLBN11,201705,-0.0173797559046617,54
KLBN4,201705,-0.0226893784078025,43
KROT3,201705,-0.0298070999512726,54
LAME3,201705,0.014093717013203,54
LAME4,201705,-0.0270116793842553,54
LCAM3,201705,-0.0450278777385964,43
LEVE3,201705,-0.0157889558776498,50
LIGT3,201705,-0.0229565150924496,54
LINX3,201705,-0.00440835681908367,54
LOGN3,201705,-0.06629477785387,44
LPSB3,201705,-0.0290169462814012,51
LREN3,201705,-0.0324334353787615,54
MAGG3,201705,-0.00455977791860989,52
MDIA3,201705,-0.0112525265000079,53
MEAL3,201705,0.00350143243074338,54
MGLU3,201705,0.0181074668140172,52
MILS3,201705,-0.0044815955461653,52
MLFT4,201705,-0.0462345200040429,53
MOVI3,201705,-0.0218584606973956,54
MPLU3,201705,0.0124341702888577,54
MRFG3,201705,0.0248496467275085,54
MRVE3,201705,-0.0270640126640274,54
MULT3,201705,-0.0316291097015555,54
MYPK3,201705,-0.0581341381297369,54
NATU3,201705,-0.0381485451873874,54
ODPV3,201705,-0.00682679070244031,52
OFSA3,201705,0.0113948766320082,50
OGXP3,201705,-0.0388814082222285,47
OIBR3,201705,0.0247249123764765,53
OIBR4,201705,-0.00374935280195452,53
PARD3,201705,-0.00996814057186557,54
PCAR4,201705,-0.0328568338959921,54
PDGR3,201705,-0.0226363125451559,43
PETR3,201705,-0.0288863165990134,54
PETR4,201705,-0.0225811562594192,54
PFRM3,201705,-0.0752738116705671,53
PMAM3,201705,-0.04747491355411,45
PNVL3,201705,-0.0284849284735195,41
PNVL4,201705,-0.0444576495397552,51
POMO3,201705,-0.0341926384394788,48
POMO4,201705,-0.00645491697692635,50
POSI3,201705,0.0239047270600283,40
PRIO3,201705,-0.0166005467708016,41
PRML3,201705,-0.021310999212487,52
PSSA3,201705,-0.0242638815602819,54
PTBL3,201705,0.0172542809533062,51
QGEP3,201705,-0.0431511553368872,54
QUAL3,201705,-0.0359093158988802,54
RADL3,201705,-0.0319960794701845,54
RAIL3,201705,-0.0241550553292925,54
RAPT3,201705,0.0200845931285225,50
RAPT4,201705,-0.035038416314705,54
RCSL4,201705,-0.0136132666143038,40
RDNI3,201705,-0.0227619565495792,50
REDE4,201705,-0.0183649522148411,50
RENT3,201705,-0.040389950205406,54
RLOG3,201705,-0.0456947857196756,52
RNEW11,201705,0.0129296186371099,40
ROMI3,201705,-0.0352723059267703,52
RPAD3,201705,0.0157763267703234,48
RPMG3,201705,-0.169676933117291,38
RSID3,201705,-0.0162487368630739,52
SANB11,201705,-0.00709910556213292,54
SANB4,201705,-0.0421005963573437,49
SAPR4,201705,-0.00967205294529733,54
SBSP3,201705,-0.04015835244532,54
SCAR3,201705,-0.0404268976685129,50
SEDU3,201705,-0.0349003220994726,41
SEER3,201705,-0.017254248564274,54
SGPS3,201705,-0.0319210982537538,46
SHOW3,201705,-0.0203333131638276,51
SHUL4,201705,0.0137098457230885,45
SLCE3,201705,-0.00620280960978309,54
SLED4,201705,0.0122905325536872,52
SMLE3,201705,-0.0277478287233631,54
SMTO3,201705,-0.0355983323370488,54
SNSL3,201705,-0.0377187140642119,47
SSBR3,201705,-0.00998392269487385,54
STBP3,201705,-0.0279482060869329,53
SULA11,201705,-0.0149536990462177,54
SUZB5,201705,-0.0318930397647728,54
TAEE11,201705,-0.0257276979402339,54
TCSA3,201705,-0.025463059355163,54
TECN3,201705,-0.0296686573470277,53
TEND3,201705,-0.0265446378905845,54
TESA3,201705,-0.0528593217810255,53
TGMA3,201705,-0.00455463976479919,54
TIET11,201705,-0.0163167180092329,54
TIMP3,201705,-0.0173288725712393,54
TOTS3,201705,-0.0268164482349552,54
TPIS3,201705,-0.0268798778795204,52
TRIS3,201705,-0.0306757752449217,46
TRPL4,201705,-0.0446922185289115,54
TUPY3,201705,-0.0295633920722978,54
UGPA3,201705,-0.0263486499383606,54
UNIP3,201705,0.00854204904733493,48
UNIP6,201705,-0.0129970624903118,46
USIM3,201705,-0.0299065562225658,51
USIM5,201705,-0.0179671021936807,54
VALE3,201705,-0.020635966725238,56
VALE5,201705,-0.0273179642903929,54
VIVT3,201705,-0.0294898910358581,54
VIVT4,201705,-0.0300991223458839,54
VLID3,201705,-0.00673641188567116,54
VVAR11,201705,-0.0115015978651657,53
WEGE3,201705,-0.0323280743710227,54
WIZS3,201705,-0.0289315132599824,54
AALR3,201706,0.00989032600844835,54
ABCB4,201706,0.0117786568030042,53
ABEV3,201706,-0.00858403550593016,55
AFLT3,201706,0.0167157163770622,6
AFLU3,201706,0.0651588219734921,5
ALPA3,201706,0.00502187606131685,27
ALPA4,201706,-0.0107051505248381,54
ALSC3,201706,-0.00488377845892735,54
ALUP11,201706,-0.00881975982184306,55
ALUP3,201706,0.00887686356197145,11
ALUP4,201706,0.00678709737449649,11
AMAR3,201706,0.0021931871142062,52
ANIM3,201706,-0.00153860807961452,54
ARZZ3,201706,-0.00430703175524927,54
AZUL4,201706,0.0185154204661039,54
BBAS3,201706,-0.00525836546743563,55
BBDC3,201706,-0.00742846369296019,55
BBDC4,201706,-0.000900905001623843,55
BBRK3,201706,0.0228098916739919,53
BBSE3,201706,-0.00575225152492377,55
BBTG11,201706,0.00773728267617034,54
BEEF3,201706,0.0081655572976119,54
BPAC11,201706,0.00850858630181519,51
BPHA3,201706,-0.00104852885880811,34
BRAP3,201706,0.0390004425647694,52
BRAP4,201706,0.00920040566617362,55
BRFS3,201706,-0.000889361236382782,55
BRGE3,201706,0.0249246418332515,47
BRIN3,201706,0.0150193726461846,41
BRIV3,201706,0.0220322412819023,47
BRKM3,201706,0.0191420467593827,51
BRKM5,201706,-0.0111631932589683,54
BRML3,201706,-0.0070297828319385,54
BRPR3,201706,0.00889926548857354,54
BRSR6,201706,0.0164097652732133,54
BSEV3,201706,0.0100987132304274,41
BTOW3,201706,-0.0058671439444754,55
BVMF3,201706,-0.00216111884629384,55
CAMB4,201706,0.00124878047467054,41
CARD3,201706,0.00957480840387654,44
CCPR3,201706,0.0223326960212625,47
CCRO3,201706,-0.0128113274949138,55
CEEB3,201706,0.0233133717500555,5
CEED3,201706,0.0807166645968461,5
CEED4,201706,-0.0255269197721592,7
CELP3,201706,0.00469215873635895,51
CEPE3,201706,0.0282052766742754,7
CEPE5,201706,0.0477576412685028,6
CESP3,201706,0.0492628449777894,48
CESP6,201706,-0.010245252429411,55
CGAS3,201706,0.0173485769673413,49
CGAS5,201706,-0.00280481619909441,54
CGRA3,201706,0.0173904839766353,50
CGRA4,201706,0.0108856425444816,52
CIEL3,201706,-0.0102206826866272,55
CLSC4,201706,0.0223121186867843,53
CMIG3,201706,0.00945447194226542,53
CMIG4,201706,0.00647195785340253,54
COCE5,201706,0.0127803453234987,47
CPFE3,201706,0.0161543083498727,54
CPLE3,201706,0.00435712046156147,54
CPLE6,201706,-0.001206418106515,54
CPRE3,201706,-0.00575452689492073,54
CRDE3,201706,0.0128693376408565,52
CRIV3,201706,0.0244278472527105,47
CRIV4,201706,0.0106518092208301,41
CSAN3,201706,-0.00479041789019712,55
CSMG3,201706,-0.022476982862596,55
CSNA3,201706,0.0212273310872366,54
CSRN3,201706,0.0257537810056078,11
CSRN5,201706,-0.0394044395518098,7
CTAX3,201706,0.0281558967170475,55
CTNM4,201706,0.0207212816693337,47
CVCB3,201706,-0.00500178642336449,54
CYRE3,201706,0.0056328363907409,54
DIRR3,201706,0.00977997379252092,55
DTEX3,201706,-0.00817509625042977,54
ECOR3,201706,0.00949177956336234,54
EEEL3,201706,-0.0755269197721592,7
EEEL4,201706,-0.03203400483184,7
EGIE3,201706,0.00211509369716107,54
ELET3,201706,-0.0108654372038042,54
ELET6,201706,-0.00363948638671986,54
ELPL4,201706,0.0177533840149675,54
EMBR3,201706,0.00731420288131387,55
ENBR3,201706,-0.000226591820916075,54
ENEV3,201706,0.010517692242373,43
ENGI11,201706,0.00346594789139533,55
ENGI4,201706,-0.00109016821699428,49
ENMT3,201706,0.00452147899007413,49
ENMT4,201706,0.00452147899007412,49
EQTL3,201706,-0.00401010950057353,55
ESTC3,201706,-0.00607573023307991,55
EUCA4,201706,0.0037236824218634,54
EVEN3,201706,0.0138252700505857,54
EZTC3,201706,0.00617111123924762,54
FESA4,201706,0.0134219703010016,48
FIBR3,201706,-0.000841005846764736,54
FLRY3,201706,-0.00235226962245055,54
GFSA3,201706,-0.0261069837371298,48
GGBR3,201706,0.00138687666847276,52
GGBR4,201706,-0.00269554161980288,55
GOAU3,201706,0.0220631354215518,49
GOAU4,201706,0.00508346150654692,54
GOLL4,201706,-0.00145004531143994,52
GRND3,201706,0.0228413286821315,53
GSHP3,201706,0.0198826355725115,38
GUAR3,201706,0.0078498467921444,53
GUAR4,201706,0.0153400817006141,52
HBOR3,201706,-0.00839326230659306,54
HGTX3,201706,0.00119533084601254,54
HYPE3,201706,-0.00844855969529092,54
IDNT3,201706,0.00806770424140035,47
IGTA3,201706,0.00144495868915683,54
INEP3,201706,0.0297119349170863,47
ITSA3,201706,0.0068186138586265,54
ITSA4,201706,-0.0105716590878686,55
ITUB3,201706,-0.00981387945373303,54
ITUB4,201706,-0.00625767847620084,55
JBSS3,201706,-0.00376088843541424,54
JHSF3,201706,-0.0729563325706589,36
JOPA3,201706,0.014024957621756,47
JSLG3,201706,0.0028677172014951,48
KLBN11,201706,0.0134719757781522,55
KLBN4,201706,-0.0591466052611355,42
KROT3,201706,-0.00633566609719848,55
LAME3,201706,0.0260747894893753,54
LAME4,201706,-0.00772978912308622,55
LCAM3,201706,0.0365275604744893,44
LEVE3,201706,0.00865643702463023,50
LIGT3,201706,-0.00477047699290282,54
LINX3,201706,0.0105128968051833,54
LOGN3,201706,-0.0326792204157211,44
LPSB3,201706,-0.000152336501997454,51
LREN3,201706,-0.00127847099316159,55
MAGG3,201706,0.00242433079045929,49
MDIA3,201706,0.0178031481942441,53
MEAL3,201706,0.00510136551850437,54
MGLU3,201706,-0.0123342975576005,54
MILS3,201706,0.0087841213986447,52
MLFT4,201706,0.0192247932768978,53
MMXM3,201706,-0.0303057179057019,42
MOVI3,201706,0.0212033489024197,54
MPLU3,201706,0.011342164758837,54
MRFG3,201706,0.00718606475947541,55
MRVE3,201706,-0.0116837569181718,54
MULT3,201706,0.00341120995631306,55
MYPK3,201706,0.0061630073569738,53
NATU3,201706,0.0108283788439873,54
ODPV3,201706,0.00808914517299131,53
OFSA3,201706,0.00650549126551342,49
OGXP3,201706,0.0021773961432345,26
OIBR3,201706,0.00739779103261111,50
OIBR4,201706,0.0172812764811598,53
PARD3,201706,0.00449330359804432,54
PCAR4,201706,-0.0022244543198591,55
PDGR3,201706,-0.0372554345679352,42
PETR3,201706,0.0162330465192591,55
PETR4,201706,-0.00569958883016286,55
PFRM3,201706,-0.0645529236651641,53
PMAM3,201706,0.0412182228253731,44
PNVL3,201706,0.0181920617329231,41
PNVL4,201706,0.0183334796231553,51
POMO3,201706,0.0155872958209928,48
POMO4,201706,0.00853436837754332,54
POSI3,201706,0.00955626494464387,41
PRIO3,201706,0.0174238251093325,41
PRML3,201706,0.0162132283977792,50
PSSA3,201706,0.0110434473319425,54
PTBL3,201706,0.00581288424860355,51
QGEP3,201706,0.0147282797897216,54
QUAL3,201706,-0.000586747225466331,54
RADL3,201706,-0.00835173251095307,54
RAIL3,201706,0.00120884770620929,55
RAPT3,201706,0.0187406439029889,49
RAPT4,201706,0.00882386437315877,54
RCSL4,201706,0.0139359236884227,41
RDNI3,201706,0.00999879658295054,50
REDE4,201706,0.00591057668755512,49
RENT3,201706,-0.00154703623034999,54
RLOG3,201706,0.0162047456776888,52
RNEW11,201706,0.00362046638078169,41
ROMI3,201706,-0.00697764710200387,52
RPAD3,201706,0.0285828576164022,47
RPMG3,201706,0.00115307059656961,38
RSID3,201706,0.00824717107225306,48
SANB11,201706,0.00251761753288985,54
SANB4,201706,0.0202856119453532,49
SAPR4,201706,0.016238948049982,55
SBSP3,201706,-0.0054076163250985,54
SCAR3,201706,0.00405083279161524,49
SEDU3,201706,0.0194556502992782,41
SEER3,201706,-0.00883506442213248,54
SGPS3,201706,0.021917489265536,47
SHOW3,201706,0.0219862175453557,51
SHUL4,201706,0.0102842705465512,41
SLCE3,201706,0.0173213336563176,54
SLED4,201706,0.0152633681202263,52
SMLE3,201706,-6.80089252963148e-05,54
SMTO3,201706,-0.00458247273132084,54
SNSL3,201706,0.0224830840544104,41
SSBR3,201706,0.0143014725391844,54
STBP3,201706,-0.00594500144347182,54
SULA11,201706,0.00910340578685582,54
SUZB5,201706,-0.00158706132090371,55
TAEE11,201706,0.0105902005811385,54
TCSA3,201706,-0.00444505866088794,54
TECN3,201706,0.0135048882739468,53
TEND3,201706,-0.00221991342696882,54
TESA3,201706,-0.0147287116052062,53
TGMA3,201706,0.00827091665718006,54
TIET11,201706,0.00915669478779604,50
TIMP3,201706,0.0075806666922494,54
TOTS3,201706,0.00496029518229828,54
TPIS3,201706,0.00390067726122108,53
TRIS3,201706,0.0193154832710508,47
TRPL4,201706,0.00927100232731951,54
TRPN3,201706,-0.162488855710079,6
TUPY3,201706,-0.0110428271424971,54
UGPA3,201706,-0.00435299643076571,54
UNIP3,201706,0.02038773135378,47
UNIP6,201706,0.0126183422069105,47
USIM3,201706,0.0174811049826322,48
USIM5,201706,-0.00694875978606434,54
VALE3,201706,0.0103083434435779,57
VALE5,201706,-0.00141226405674601,54
VIVT3,201706,0.017114966823956,54
VIVT4,201706,-0.00922291962774231,55
VLID3,201706,0.000803562920277802,55
VVAR11,201706,0.0108673771344589,54
WEGE3,201706,-0.00213680346278863,54
WIZS3,201706,0.0214755894479693,55
AALR3,201707,0.054663271803167,53
ABCB4,201707,0.12086344947294,53
ABEV3,201707,0.0644203286151129,53
AFLT3,201707,0.0916551504104947,6
AFLU3,201707,0.0627305519346632,7
ALPA4,201707,0.0552674666156328,53
ALSC3,201707,0.0632746787738745,53
ALUP11,201707,0.0654231914886992,53
ALUP3,201707,0.0383429610290183,11
ALUP4,201707,0.0756425353372754,11
AMAR3,201707,0.0519615166326405,52
ANIM3,201707,0.0568117962534987,53
ARZZ3,201707,0.0626303245921386,53
AZUL4,201707,0.0609989626851577,53
BBAS3,201707,0.0700817854142625,53
BBDC3,201707,0.0606791369291806,53
BBDC4,201707,0.0692851137879815,53
BBRK3,201707,0.0701002830321618,52
BBSE3,201707,0.0704297899908341,53
BBTG11,201707,0.0651585910549823,52
BEEF3,201707,0.0689744945361711,53
BPAC11,201707,0.0659715824621084,51
BPHA3,201707,0.0536490849518807,34
BRAP3,201707,0.0697973753840636,53
BRAP4,201707,0.0650731934735032,53
BRFS3,201707,0.0626967737052171,53
BRGE3,201707,0.0315520331788633,47
BRIN3,201707,0.129883138966444,45
BRIV3,201707,0.0295200117942301,47
BRKM3,201707,0.0768208544309247,51
BRKM5,201707,0.0699399174136797,53
BRML3,201707,0.0652349555911302,53
BRPR3,201707,0.0510873432811733,53
BRSR6,201707,0.0513546972161635,53
BTOW3,201707,0.0628861013152544,53
BVMF3,201707,0.0751584320691635,53
CAMB4,201707,0.08361415979503,47
CARD3,201707,0.123139268963881,47
CCPR3,201707,0.0307291750476158,47
CCRO3,201707,0.0513059956541101,53
CEEB3,201707,0.107928394847763,10
CEED3,201707,0.152186866057356,6
CEED4,201707,0.133755805710417,6
CELP3,201707,0.0685022562357532,51
CEPE3,201707,0.152186866057356,6
CEPE5,201707,0.0736537364529649,6
CESP3,201707,0.0904907657108273,47
CESP6,201707,0.0671498485034438,53
CGAS3,201707,0.0412617093236529,52
CGAS5,201707,0.0587109394418243,52
CGRA3,201707,0.122907456357916,45
CGRA4,201707,0.0965437277445212,52
CIEL3,201707,0.0669235254886453,53
CLSC4,201707,0.0672526929011153,53
CMIG3,201707,0.0555555565744098,52
CMIG4,201707,0.0549555076106231,53
COCE5,201707,0.0659661317197582,52
CPFE3,201707,0.0700766571948965,53
CPLE3,201707,0.0440281663289767,53
CPLE6,201707,0.0663054220566676,53
CPRE3,201707,0.0667520440084624,52
CRDE3,201707,0.0702500275860902,52
CRFB3,201707,0.0663886530381384,53
CRIV3,201707,0.0385215207387304,47
CRIV4,201707,0.12433845116339,45
CSAN3,201707,0.069983477643373,53
CSMG3,201707,0.0507440065192994,53
CSNA3,201707,0.0631857235300013,53
CSRN3,201707,0.106789596322525,7
CSRN5,201707,0.0953783633776129,8
CTAX3,201707,0.0736537364529648,6
CTNM4,201707,0.0354917125392217,47
CVCB3,201707,0.0787816198862586,53
CYRE3,201707,0.0570211444283381,53
DIRR3,201707,0.0888281305214446,49
DTEX3,201707,0.0638647123077223,53
ECOR3,201707,0.0729340668985626,53
EEEL3,201707,0.14560221151709,6
EEEL4,201707,0.0539263898211692,7
EGIE3,201707,0.0530619649016964,53
ELET3,201707,0.0655859699878682,53
ELET6,201707,0.0660768660738649,53
ELPL4,201707,0.0706039841006323,53
EMBR3,201707,0.0519781563314265,53
ENBR3,201707,0.0768269945023796,53
ENEV3,201707,0.0317107659925621,43
ENGI11,201707,0.0609837679100927,53
ENGI4,201707,0.0514371705834664,52
ENMT3,201707,0.0533694934830757,52
ENMT4,201707,0.0533694934830757,52
EQTL3,201707,0.0667916457681125,53
ESTC3,201707,0.0699892538551135,53
EUCA4,201707,0.0692548554183785,53
EVEN3,201707,0.0674466076765097,53
EZTC3,201707,0.0683285504097232,53
FESA4,201707,0.100730089645876,48
FHER3,201707,0.124528838215417,45
FIBR3,201707,0.0751625503568776,53
FLRY3,201707,0.0681789072567335,53
GFSA3,201707,0.111657780566258,50
GGBR3,201707,0.0561433784535207,51
GGBR4,201707,0.0636921623734235,53
GOAU3,201707,0.0711408087137271,52
GOAU4,201707,0.0679692305852467,53
GOLL4,201707,0.0527447242696616,53
GRND3,201707,0.037590721155673,53
GUAR3,201707,0.0497840764066172,52
GUAR4,201707,0.0786324735119954,52
HBOR3,201707,0.0523708888451645,52
HGTX3,201707,0.0637278176367862,53
HYPE3,201707,0.0661045630447542,53
IDNT3,201707,0.0495695460174996,46
IGTA3,201707,0.0782308124601175,53
INEP3,201707,0.0355485484981855,47
IRBR3,201707,0.0825379909204291,53
ITSA3,201707,0.0639371584490165,53
ITSA4,201707,0.0722684375639571,53
ITUB3,201707,0.0671905950628625,53
ITUB4,201707,0.0681171870672722,53
JBSS3,201707,0.0486803350641211,53
JHSF3,201707,0.0882355848180735,48
JOPA3,201707,0.0293298064012213,47
JSLG3,201707,0.0784908663615455,47
KLBN11,201707,0.0659634578592539,53
KLBN4,201707,0.0796138895172092,40
KROT3,201707,0.0512098285857787,53
LAME3,201707,0.0444164394633268,53
LAME4,201707,0.0481774675639531,53
LCAM3,201707,0.00197586046620595,16
LEVE3,201707,0.0526377065625344,49
LIGT3,201707,0.0823198609109246,53
LINX3,201707,0.0555339832335938,53
LOGN3,201707,0.0784885500907145,50
LPSB3,201707,0.0614089178128935,49
LREN3,201707,0.0784131702406249,53
MAGG3,201707,0.0549359206710346,52
MDIA3,201707,0.0568257734021774,53
MEAL3,201707,0.05244047729739,53
MGLU3,201707,0.0720766771819471,53
MILS3,201707,0.0453231272537172,51
MLFT4,201707,0.0516778591758016,52
MOVI3,201707,0.0894334877325099,52
MPLU3,201707,0.0615739884364276,53
MRFG3,201707,0.0627992959172422,53
MRVE3,201707,0.0798877962391689,53
MULT3,201707,0.0767079427377979,53
MYPK3,201707,0.0543551231725364,53
NATU3,201707,0.0776304062872893,53
ODPV3,201707,0.0509364212480424,53
OFSA3,201707,0.0451686664404626,49
OGXP3,201707,0.0668866493375342,45
OIBR3,201707,0.0814464615220325,54
OIBR4,201707,0.0824852363545818,54
OMGE3,201707,0.0676219065845417,53
PARD3,201707,0.0619827558939473,53
PCAR4,201707,0.0697029808175262,53
PETR3,201707,0.0665103083705656,53
PETR4,201707,0.0672527996869208,53
PFRM3,201707,0.0852714605650156,47
PMAM3,201707,0.0717287777719989,47
PNVL3,201707,0.07399574840814,47
PNVL4,201707,0.0585024991035921,52
POMO3,201707,0.0542113647512583,47
POMO4,201707,0.0481643946389356,53
POSI3,201707,0.118029192419947,45
PRIO3,201707,0.0788530852969344,47
PRML3,201707,0.0886881546124567,45
PSSA3,201707,0.0686762192258268,53
PTBL3,201707,0.108943215159496,52
QGEP3,201707,0.0573057438636989,53
QUAL3,201707,0.0739044665653526,53
RADL3,201707,0.0656989593014167,53
RAIL3,201707,0.0733176531772037,53
RAPT3,201707,0.0266043630369757,47
RAPT4,201707,0.0644451696718963,53
RDNI3,201707,0.0590980221497032,49
REDE3,201707,0.053600269506205,52
RENT3,201707,0.0766284088050529,53
RLOG3,201707,0.0472503560048375,53
RNEW11,201707,0.0750625084667749,46
ROMI3,201707,0.0576970746559771,52
RPAD3,201707,0.0248293947931827,47
RSID3,201707,0.127516266671171,49
SANB11,201707,0.0519308366052932,53
SANB4,201707,0.0560859276639808,48
SAPR4,201707,0.0480565882468258,53
SBSP3,201707,0.0732335105650242,53
SCAR3,201707,0.0520426606551207,48
SEDU3,201707,0.0800772915746741,47
SEER3,201707,0.0572702720911739,53
SGPS3,201707,0.0786073268599031,47
SHOW3,201707,0.0358707150024596,47
SHUL4,201707,0.126153312516412,45
SLCE3,201707,0.0526897712763201,53
SLED4,201707,0.132072139990357,52
SMLE3,201707,0.0712712681999838,53
SMTO3,201707,0.0620787637187534,53
SNSL3,201707,0.0716897598092865,50
SSBR3,201707,0.0785287514914447,53
STBP3,201707,0.0525290596590784,52
SULA11,201707,0.055433128616747,53
SUZB5,201707,0.0667746273023382,53
TAEE11,201707,0.0545704324190074,53
TCSA3,201707,0.0622879992861354,53
TECN3,201707,0.0541920010093797,53
TEND3,201707,0.0594676163053593,53
TESA3,201707,0.0606594751112594,52
TGMA3,201707,0.048154820575946,53
TIET11,201707,0.0527559100756224,53
TIMP3,201707,0.0570958379051983,53
TOTS3,201707,0.0668976703261671,53
TPIS3,201707,0.0702888885355634,51
TRIS3,201707,0.0895735810025918,47
TRPL4,201707,0.0645308198059183,53
TUPY3,201707,0.0731240556609426,53
UGPA3,201707,0.0684325574086977,53
UNIP3,201707,0.00758602874535362,47
UNIP6,201707,0.0971089769537553,47
USIM3,201707,0.0726898656195513,52
USIM5,201707,0.0624804120235895,53
VALE3,201707,0.068001085641516,55
VALE5,201707,0.0666254997160972,53
VIVT3,201707,0.0714968949797982,53
VIVT4,201707,0.0720241647933127,53
VLID3,201707,0.0957093873762147,53
VULC3,201707,0.0848999822461687,45
VVAR11,201707,0.0529379974458961,53
WEGE3,201707,0.0708063055862552,53
WIZS3,201707,0.0644808581732881,53
AALR3,201708,0.0849255754771607,54
ABCB4,201708,0.0631592607638567,54
ABEV3,201708,0.0802120841801137,55
AFLT3,201708,0.0162991030803494,7
AFLU3,201708,0.0587475341017163,8
ALPA4,201708,0.0837246996668585,54
ALSC3,201708,0.085378122680747,54
ALUP11,201708,0.0803066618903262,55
ALUP3,201708,-0.00719130168810306,10
ALUP4,201708,-0.0443764866161604,10
AMAR3,201708,0.0659482476417033,54
ANIM3,201708,0.0537864900970062,54
ARZZ3,201708,0.0765641566433108,54
AZUL4,201708,0.082154285520197,54
BBAS3,201708,0.0828860376361111,55
BBDC3,201708,0.0787885991280802,55
BBDC4,201708,0.0878260311547689,55
BBRK3,201708,0.06448608282576,55
BBSE3,201708,0.0572887875654753,54
BEEF3,201708,0.0373862833193313,55
BOBR4,201708,0.0427684711644298,47
BPAC11,201708,0.0724226369172778,54
BPHA3,201708,0.0364949525480921,35
BRAP3,201708,0.0634370262097177,54
BRAP4,201708,0.0799671414828394,55
BRFS3,201708,0.0805363269861587,55
BRGE3,201708,0.0259285325309964,49
BRIN3,201708,0.0650048390903205,47
BRIV3,201708,0.0326151956293988,49
BRKM3,201708,0.0605287433474847,52
BRKM5,201708,0.0818855139697978,54
BRML3,201708,0.0747485117869903,54
BRPR3,201708,0.083243444740261,54
BRSR6,201708,0.0642024919893258,54
BTOW3,201708,0.0744125962522829,54
BTTL3,201708,0.107031811174871,16
BVMF3,201708,0.0914529349820518,55
CAMB4,201708,0.0587650017546406,51
CARD3,201708,0.0549707808252798,54
CCPR3,201708,0.0477712451405414,49
CCRO3,201708,0.0723935495879486,55
CEEB3,201708,0.0212061596397502,8
CEED3,201708,0.0444679861700358,8
CEED4,201708,0.0487535096047367,9
CELP3,201708,0.0539654172944255,53
CEPE3,201708,0.0518714765976203,8
CEPE5,201708,0.0360468458259482,9
CESP3,201708,0.0749677501828725,49
CESP6,201708,0.0672668309116406,55
CGAS3,201708,0.044378209406071,54
CGAS5,201708,0.0756139150137625,54
CGRA3,201708,0.099364414679866,48
CGRA4,201708,0.120761950527803,54
CIEL3,201708,0.0805489472200236,55
CLSC4,201708,0.0813227094446369,54
CMIG3,201708,0.0876898506416264,54
CMIG4,201708,0.0864961170558618,54
COCE5,201708,0.0661080731495567,52
CPFE3,201708,0.0868533404757144,54
CPLE3,201708,0.0790479237163568,54
CPLE6,201708,0.0789153882058962,54
CPRE3,201708,0.0783821345995991,54
CRDE3,201708,0.100722208728545,54
CRFB3,201708,0.084148436384349,55
CRIV3,201708,0.0302566356679982,49
CRIV4,201708,0.0659720649641926,47
CSAN3,201708,0.0791759200877671,55
CSMG3,201708,0.0803684769642254,54
CSNA3,201708,0.0651202732842532,54
CSRN3,201708,0.0545429832889472,9
CSRN5,201708,0.0446951062566412,13
CTAX3,201708,0.0444679861700359,8
CTNM4,201708,0.0389105314628874,49
CVCB3,201708,0.0829043834947996,54
CYRE3,201708,0.062877194441182,54
DIRR3,201708,0.0393477185600087,52
DTEX3,201708,0.0727171849076763,54
ECOR3,201708,0.0748134107660357,54
EEEL3,201708,0.0172379369030142,8
EEEL4,201708,0.0587475341017163,8
EGIE3,201708,0.0812581054664394,54
ELET3,201708,0.0781982958618507,54
ELET6,201708,0.076342311867169,54
ELPL4,201708,0.083565743739414,54
EMBR3,201708,0.079976553067548,55
ENBR3,201708,0.0863798879717571,54
ENEV3,201708,0.0247847118364049,46
ENGI11,201708,0.0784990497767942,55
ENGI4,201708,0.0549916222901701,54
ENMT3,201708,0.0546687848597564,54
ENMT4,201708,0.0553477537230845,54
EQTL3,201708,0.0868006083145694,55
ESTC3,201708,0.0786192225116631,55
ETER3,201708,0.0659681001862164,52
EUCA4,201708,0.0742927683144026,54
EVEN3,201708,0.0841377362020536,54
EZTC3,201708,0.0841912027851633,54
FESA4,201708,0.0599859265462236,50
FIBR3,201708,0.0701156440535918,54
FJTA4,201708,0.0757819006670394,47
FLRY3,201708,0.0919484960353252,54
FRAS3,201708,0.0597342582795141,47
GFSA3,201708,0.0687237351693778,54
GGBR3,201708,0.0804365109034808,52
GGBR4,201708,0.0795715127058266,54
GOAU3,201708,0.0844196379465999,54
GOAU4,201708,0.0813450619980019,54
GOLL4,201708,0.0780420637434095,54
GRND3,201708,0.054865728064299,51
GUAR3,201708,0.0553376085148401,54
GUAR4,201708,0.0749331038249911,54
HBOR3,201708,0.0451832261896227,54
HGTX3,201708,0.0726513202475528,54
HYPE3,201708,0.072858043734856,55
IDNT3,201708,0.0908308288589112,49
IGTA3,201708,0.0868351744695188,55
INEP3,201708,0.0336771114154117,49
IRBR3,201708,0.0862569266409813,55
ITSA3,201708,0.0606311057143486,55
ITSA4,201708,0.0800100946078738,55
ITUB3,201708,0.0782906243975693,54
ITUB4,201708,0.0741319557176933,55
JBSS3,201708,0.089172022273405,54
JHSF3,201708,0.0118806673032131,49
JOPA3,201708,0.0316286272553007,49
JSLG3,201708,0.0927912257279771,50
KLBN11,201708,0.0788123421030399,54
KROT3,201708,0.0751000596104767,54
LAME3,201708,0.0511227578264012,54
LAME4,201708,0.071057861672664,55
LCAM3,201708,0.0579609839786362,47
LEVE3,201708,0.0653195882790277,52
LIGT3,201708,0.0803001754534215,54
LINX3,201708,0.0834210269981276,54
LOGN3,201708,0.0563953972796599,53
LPSB3,201708,0.0793357247627272,51
LREN3,201708,0.0885506033716155,54
MAGG3,201708,0.080598213509414,54
MDIA3,201708,0.0861096099354916,54
MEAL3,201708,0.0737563546647056,54
MGLU3,201708,0.0688847604866585,54
MILS3,201708,0.046940694614113,52
MLFT4,201708,0.0777030449483234,54
MOVI3,201708,0.0673449054087513,54
MPLU3,201708,0.0847520534095939,55
MRFG3,201708,0.0656907543223492,54
MRVE3,201708,0.081099469724418,55
MULT3,201708,0.0835786219682791,54
MYPK3,201708,0.0891608943788271,54
NATU3,201708,0.0771533265379476,54
ODPV3,201708,0.0870154904791738,54
OFSA3,201708,0.0379125711629163,51
OGSA3,201708,0.0443910150240965,43
OGXP3,201708,0.0878741916953313,46
OIBR3,201708,0.0583263327709117,56
OIBR4,201708,0.0573219569021012,56
OMGE3,201708,0.0905233935308009,54
PARD3,201708,0.0789478529798819,54
PCAR4,201708,0.0820492464371861,54
PETR3,201708,0.0719965864108241,55
PETR4,201708,0.0779320486351392,55
PFRM3,201708,0.102168892748817,54
PMAM3,201708,0.0734062656950003,49
PNVL3,201708,0.0708854599452713,48
PNVL4,201708,0.0673697874580597,54
POMO3,201708,0.0650263475034871,49
POMO4,201708,0.0824614643583541,54
PRIO3,201708,0.0556208399865545,51
PRML3,201708,0.0681982817893282,48
PSSA3,201708,0.0869636906930181,54
PTBL3,201708,0.0519301504495118,54
QGEP3,201708,0.0752343446775141,55
QUAL3,201708,0.0894083772523429,54
RADL3,201708,0.0799215049230709,55
RAIL3,201708,0.0734621201110687,55
RAPT3,201708,0.00804327666774774,49
RAPT4,201708,0.10356758846164,54
RCSL4,201708,0.0686109096412013,47
RDNI3,201708,0.076064783581398,51
REDE3,201708,0.0658393538105175,54
RENT3,201708,0.0863275854952996,54
RLOG3,201708,0.0723112795607151,54
RNEW11,201708,0.0615538565594628,48
RNEW3,201708,0.0435577157374946,32
ROMI3,201708,0.0781204208329641,54
RPAD3,201708,0.0370282090042689,49
RSID3,201708,0.062628444074959,51
SANB11,201708,0.0793846905781084,54
SANB4,201708,0.0795634128227948,51
SAPR4,201708,0.08406281836066,55
SBSP3,201708,0.087309159275504,55
SCAR3,201708,0.0699587248893426,55
SEDU3,201708,0.080801113766515,54
SEER3,201708,0.0765015156531779,54
SGPS3,201708,0.0622695652905363,51
SHOW3,201708,0.11341607154748,54
SHUL4,201708,0.0566269386794119,47
SLCE3,201708,0.0921900246106106,55
SLED4,201708,0.0548017734294412,53
SMLE3,201708,0.0810289788833499,54
SMTO3,201708,0.0757526647251259,54
SNSL3,201708,0.0530009390378407,52
SSBR3,201708,0.0966355531425196,55
STBP3,201708,0.0622941311869765,54
SULA11,201708,0.0829457148224179,54
SUZB5,201708,0.0601815558583834,55
TAEE11,201708,0.0782409020361215,54
TCSA3,201708,0.0876657761643466,55
TECN3,201708,0.0492229952683082,54
TEND3,201708,0.0836911976777901,55
TESA3,201708,0.067555428765899,54
TGMA3,201708,0.0804188058924824,54
TIET11,201708,0.0827067540461214,54
TIMP3,201708,0.0729644633764428,54
TOTS3,201708,0.0777344347256926,54
TPIS3,201708,0.0638025346881245,54
TRIS3,201708,0.0587868336851937,48
TRPL4,201708,0.0662972604191389,54
TUPY3,201708,0.0767694987003796,54
UCAS3,201708,0.110351287269353,48
UGPA3,201708,0.0889111961432475,55
UNIP3,201708,0.0255960253330724,49
UNIP6,201708,0.115357312941531,49
USIM3,201708,0.0650041048885523,53
USIM5,201708,0.0771166290527224,54
VALE3,201708,0.0814475725628177,57
VALE5,201708,0.082651880189145,54
VIVT3,201708,0.0847808637709017,54
VIVT4,201708,0.0825773308565748,55
VLID3,201708,0.0794185873750909,55
VVAR11,201708,0.0841995048963886,54
WEGE3,201708,0.0786128602204325,54
WIZS3,201708,0.0898191427498115,54
WLMM4,201708,0.0843234491950785,16
AALR3,201709,0.0591164103275404,58
ABCB4,201709,0.0561615861854247,58
ABEV3,201709,0.0543506879912297,58
AFLT3,201709,0.0140448630044371,8
AFLU3,201709,0.0605449403121421,9
AGRO3,201709,0.0559430509844458,48
ALPA3,201709,0.0749986269594827,56
ALPA4,201709,0.0840048986477666,58
ALSC3,201709,0.0438346502881431,58
ALUP11,201709,0.0613830887414639,58
ALUP3,201709,0.0523254745107447,45
ALUP4,201709,0.0627021230032726,45
AMAR3,201709,0.0874568930450461,58
ANIM3,201709,0.073471541526663,58
ARZZ3,201709,0.0573379046308524,58
AZUL4,201709,0.0329569297118448,58
BBAS3,201709,0.0510181559627002,58
BBDC3,201709,0.0509857384846391,58
BBDC4,201709,0.049555964076456,58
BBRK3,201709,0.075748356505693,58
BBSE3,201709,0.0620075663400404,58
BEEF3,201709,0.0648658053501864,58
BOBR4,201709,0.0602043005146288,49
BPAC11,201709,0.0573229385577042,57
BPAN4,201709,0.0522548718522232,49
BPHA3,201709,0.251883287402978,52
BRAP3,201709,0.0560152328938461,58
BRAP4,201709,0.0279606752273146,58
BRFS3,201709,0.065713437570647,58
BRGE3,201709,0.0569078182261922,49
BRIN3,201709,0.0547041764928947,49
BRIV3,201709,0.0548929802751375,49
BRKM3,201709,0.0745553950746171,51
BRKM5,201709,0.0548271925481972,59
BRML3,201709,0.0620227228288158,58
BRPR3,201709,0.0598289457003696,56
BRSR6,201709,0.0858321542805613,58
BSEV3,201709,0.0264665008658679,49
BTOW3,201709,0.0543147725413456,58
BTTL3,201709,0.0553106499810551,7
BVMF3,201709,0.0644826352659468,58
CAMB4,201709,0.0779973895483008,53
CAML3,201709,0.0566436664235053,58
CARD3,201709,0.0834946409233248,56
CCPR3,201709,0.057561235985967,49
CCRO3,201709,0.0608953330525222,58
CEEB3,201709,0.0554514500649376,9
CEED3,201709,0.0591602056273077,9
CEED4,201709,0.0078159070227764,8
CELP3,201709,0.0840172039975694,56
CEPE3,201709,0.0104172397055316,5
CEPE5,201709,0.0624281794835168,9
CESP3,201709,0.000748530456301158,50
CESP6,201709,0.0687910940261817,58
CGAS3,201709,0.0626997378945434,58
CGAS5,201709,0.0891260142128435,58
CGRA3,201709,0.019221074276338,7
CGRA4,201709,0.0500620608801097,58
CIEL3,201709,0.0469987944062244,58
CLSC4,201709,0.0174241274850977,58
CMIG3,201709,0.0617094218648029,58
CMIG4,201709,0.0610436339953173,59
COCE5,201709,0.0256807916128154,55
CPFE3,201709,0.0189324308221491,58
CPLE3,201709,0.0652947198796767,58
CPLE6,201709,0.0635140630137232,58
CPRE3,201709,0.0606086314620589,58
CRDE3,201709,0.0415513919342388,58
CRFB3,201709,0.0404558162624117,58
CRIV3,201709,0.0616291592134992,49
CRIV4,201709,0.0511679504756224,49
CRPG5,201709,0.0511717628199851,49
CSAN3,201709,0.0508935455827744,58
CSMG3,201709,0.0620956138951653,58
CSNA3,201709,0.0479002574090394,58
CSRN3,201709,0.0817182010670376,8
CSRN5,201709,0.0420954695235296,6
CTAX3,201709,0.0180916387984404,7
CTNM4,201709,0.0408082398541958,49
CVCB3,201709,0.0588120216110356,58
CYRE3,201709,0.0415336584776056,58
DIRR3,201709,0.0390591933762574,59
DTEX3,201709,0.0580924397344228,58
ECOR3,201709,0.0601640653464565,59
EEEL3,201709,0.0487751580410217,9
EEEL4,201709,0.0561853615351652,10
EGIE3,201709,0.0417855869955853,59
ELET3,201709,0.0561234483911411,58
ELET6,201709,0.0559936363261695,58
ELPL4,201709,0.0502384841828375,58
EMBR3,201709,0.0613156765052623,58
ENBR3,201709,0.0422001209547715,58
ENEV3,201709,0.0490369497885784,34
ENGI11,201709,0.0660298023527473,58
ENGI4,201709,0.0724478224688778,56
ENMT3,201709,0.0699134915761757,56
ENMT4,201709,0.0740311860957787,56
EQTL3,201709,0.0510932195874917,58
ESTC3,201709,0.0605936399917731,58
ETER3,201709,0.0916895719961656,56
EUCA4,201709,0.0755313855200274,58
EVEN3,201709,0.0404921933385206,58
EZTC3,201709,0.0594719874187567,58
FESA4,201709,0.0650224254316012,53
FIBR3,201709,0.0615403131267421,58
FJTA4,201709,0.0472337676668388,49
FLRY3,201709,0.0666857278196622,58
FRAS3,201709,0.0417842096074208,49
GFSA3,201709,0.0250964541863377,48
GGBR3,201709,0.10277587154687,55
GGBR4,201709,0.068454254060929,58
GOAU3,201709,0.0198890478452295,58
GOAU4,201709,0.0338576279827839,58
GOLL4,201709,0.0537387594995202,58
GRND3,201709,0.0575694549484896,56
GUAR3,201709,0.0624311891995831,58
GUAR4,201709,0.0733400169905636,53
HBOR3,201709,0.085708584815651,58
HGTX3,201709,0.0472523440113932,59
HYPE3,201709,0.0587991660079898,58
IDNT3,201709,0.0693311833229448,51
IGTA3,201709,0.0629990183604468,58
INEP3,201709,0.0649638591912044,49
IRBR3,201709,0.0574583588144882,59
ITSA3,201709,0.0761319977798581,58
ITSA4,201709,0.0389854526718118,59
ITUB3,201709,0.0598976370154433,58
ITUB4,201709,0.0413432405056295,58
JBSS3,201709,0.0644063018076095,58
JHSF3,201709,0.0423051244408837,48
JOPA3,201709,0.054892983137504,49
JSLG3,201709,0.0881457089644744,58
KEPL3,201709,0.0433743588905178,39
KLBN11,201709,0.0277958106943462,58
KLBN4,201709,0.076022161970449,51
KROT3,201709,0.06204365799552,58
LAME3,201709,0.0307880040206183,58
LAME4,201709,0.0596577492768372,58
LCAM3,201709,0.0512203151773596,49
LEVE3,201709,0.0607896603431197,59
LIGT3,201709,0.0659927708674797,58
LINX3,201709,0.0581733591904976,58
LOGN3,201709,0.0882759569434445,56
LPSB3,201709,0.0511290972902937,54
LREN3,201709,0.0575283685940229,58
MAGG3,201709,0.0602485329924575,56
MDIA3,201709,0.0567159315464459,58
MEAL3,201709,0.058565097350579,58
MGLU3,201709,0.0632615424136529,58
MILS3,201709,0.077333824437279,58
MLFT4,201709,0.0822708589269604,58
MOVI3,201709,0.0444916060985438,58
MPLU3,201709,0.0328362004523045,59
MRFG3,201709,0.0665405454480503,58
MRVE3,201709,0.063213183467998,58
MULT3,201709,0.0662869263227415,58
MYPK3,201709,0.058525416575524,58
NATU3,201709,0.0644983540315021,58
ODPV3,201709,0.0537495977032177,58
OFSA3,201709,0.0740086104995466,53
OGXP3,201709,0.0621522246632149,47
OIBR3,201709,0.0702215365515581,56
OIBR4,201709,0.0817689832508134,56
OMGE3,201709,0.0422215079801016,58
PARD3,201709,0.0590091175766979,58
PCAR4,201709,0.058246915971646,58
PDGR3,201709,0.0988911278878952,44
PETR3,201709,0.0475583199242218,58
PETR4,201709,0.0522310978674559,58
PFRM3,201709,0.0552858420063309,57
PMAM3,201709,0.0962140595320176,47
PNVL3,201709,0.0511929518243055,52
PNVL4,201709,0.0980547310333879,58
POMO3,201709,0.0970608789968732,51
POMO4,201709,0.0590755696971363,58
POSI3,201709,0.090986102464147,47
PPLA11,201709,0.0481915622533236,51
PRIO3,201709,0.0634238812015613,53
PRML3,201709,0.0968174599050831,47
PSSA3,201709,0.0547322254703473,59
PTBL3,201709,0.0586862223972109,53
QGEP3,201709,0.0622900068725397,59
QUAL3,201709,0.0579758130489035,58
RADL3,201709,0.0617254219279579,58
RAIL3,201709,0.062052709130481,58
RAPT3,201709,0.0493068516306239,49
RAPT4,201709,0.0574379243525793,58
RCSL4,201709,0.057190927592806,49
RDNI3,201709,0.083448818263614,51
REDE3,201709,0.068642815403358,56
RENT3,201709,0.0661972084800728,58
RLOG3,201709,0.083954426440681,58
RNEW11,201709,0.0531343396135632,49
ROMI3,201709,0.060992486433885,57
RPAD3,201709,0.0595613205658336,49
RSID3,201709,0.05216442680299,52
SANB11,201709,0.034704774921982,58
SANB4,201709,0.0896799656197726,52
SAPR3,201709,0.0467522555893925,7
SAPR4,201709,0.0805599824428189,59
SBSP3,201709,0.0602526819378626,58
SCAR3,201709,0.0745738458195346,56
SEDU3,201709,0.0763423105154431,58
SEER3,201709,0.0594624752483611,58
SGPS3,201709,0.0675020715797113,53
SHOW3,201709,0.0673396940383025,57
SHUL4,201709,0.0502191718286081,49
SLCE3,201709,0.0429410886834283,57
SLED4,201709,0.0934702869675751,56
SMLE3,201709,0.045835729545792,58
SMTO3,201709,0.0687214096399778,58
SNSL3,201709,0.0794812665791405,51
SSBR3,201709,0.0660795736393233,60
STBP3,201709,0.0748943525121145,58
SULA11,201709,0.0622863264491554,58
SUZB5,201709,0.0637345677170653,58
TAEE11,201709,0.0606283333615255,58
TAEE3,201709,0.0973362636867411,45
TAEE4,201709,0.0972719630363829,45
TCSA3,201709,0.046113900137234,66
TECN3,201709,0.0869194318848891,57
TELB4,201709,0.0497662713834886,49
TEND3,201709,0.0573965352806639,58
TESA3,201709,0.0700341602877092,57
TGMA3,201709,0.0584276075376541,58
TIET11,201709,0.0581453941423848,58
TIMP3,201709,0.0434619517361886,58
TOTS3,201709,0.0571376881177918,58
TPIS3,201709,0.0930145668281907,57
TRIS3,201709,0.0739425225127613,51
TRPL4,201709,0.0428054286798769,58
TUPY3,201709,0.0605093924664775,58
UCAS3,201709,0.0768138822440577,47
UGPA3,201709,0.0609136734805557,58
UNIP3,201709,0.0529077481700029,49
UNIP6,201709,0.043488524819128,52
USIM3,201709,0.0841948157482705,53
USIM5,201709,0.0516148605419047,58
VALE3,201709,0.0515290327160918,60
VALE5,201709,0.021185787992577,58
VIVT3,201709,0.0323755524053094,58
VIVT4,201709,0.0581090839080678,58
VLID3,201709,0.0401780359100564,59
VVAR11,201709,0.0441658122752255,58
VVAR3,201709,0.0839776503324189,45
VVAR4,201709,0.0578235831809308,45
WEGE3,201709,0.0500183586792392,58
WIZS3,201709,0.061824656444084,59
WLMM4,201709,0.0286325232664033,7
AALR3,201710,0.00274195714828189,56
ABCB4,201710,0.00108184549387919,56
ABEV3,201710,0.00928946431507641,56
AFLT3,201710,-0.0198196033391069,5
AGRO3,201710,-0.0223799850748791,47
ALPA3,201710,0.0252760105595904,54
ALPA4,201710,0.00762975794525833,56
ALSC3,201710,-0.0126766505395801,56
ALUP11,201710,-0.0117920465659964,56
ALUP3,201710,-0.00164065560949681,44
ALUP4,201710,0.0157375518998504,44
AMAR3,201710,-0.0144609377117123,56
ANIM3,201710,0.00307167001938708,55
ARZZ3,201710,-0.00320701133266767,56
AZUL4,201710,-0.00940188411123912,55
BBAS3,201710,0.0142220338878411,56
BBDC3,201710,0.00372028398802261,56
BBDC4,201710,0.0153107376255779,56
BBRK3,201710,-0.00490162760026196,55
BBSE3,201710,-0.00417161014248684,56
BEEF3,201710,-0.00358207596481963,56
BOBR4,201710,0.00942172188643618,48
BPAC11,201710,-0.00300475147893494,56
BPAN4,201710,-0.05223825251815,31
BPHA3,201710,0.0184815139907273,48
BRAP3,201710,-0.0150544781645734,56
BRAP4,201710,-0.0044294982011735,56
BRFS3,201710,0.00929804647964137,56
BRGE3,201710,0.0273795997635384,49
BRIN3,201710,0.024621272660498,54
BRIV3,201710,0.0187615296575954,49
BRKM5,201710,0.00076669872265308,56
BRML3,201710,-0.00972639447723274,56
BRPR3,201710,0.000193034118076491,55
BRSR6,201710,-0.00356354183638024,56
BSEV3,201710,0.0320485754967777,48
BTOW3,201710,0.000963267298625238,56
BVMF3,201710,0.00280574200007674,56
CAMB4,201710,0.0299326612882175,51
CAML3,201710,0.000933556590436944,55
CARD3,201710,-0.0195206712218915,55
CCPR3,201710,0.0280208017550832,49
CCRO3,201710,-0.00260970387714136,56
CEEB3,201710,-0.0557567891880071,6
CEED3,201710,-0.0175936699248388,5
CEED4,201710,-0.0175936699248388,5
CELP3,201710,0.0278931769457875,54
CEPE3,201710,-0.0349750694202651,7
CEPE5,201710,-0.0407070659271412,6
CESP3,201710,-0.00502758205573294,50
CESP6,201710,-0.0223072736827289,56
CGAS3,201710,0.0341054098625113,55
CGAS5,201710,0.0354325555172392,56
CGRA4,201710,0.017376670359691,55
CIEL3,201710,0.00224000680826328,56
CLSC4,201710,-0.000211602924548517,55
CMIG3,201710,0.00339537417146905,55
CMIG4,201710,-0.000366097938876427,56
COCE5,201710,-0.00384532584635456,53
CPFE3,201710,-0.00399623669444074,56
CPLE3,201710,0.00126014184615442,55
CPLE6,201710,0.00946529807792573,56
CPRE3,201710,-0.00102391096160462,55
CRDE3,201710,0.0177741127110798,55
CRFB3,201710,0.00410065294832402,56
CRIV3,201710,0.0307696050409809,49
CRIV4,201710,0.0106256242430531,48
CRPG5,201710,0.018135602419076,48
CSAN3,201710,0.0139673424799459,56
CSMG3,201710,-0.0172065234820003,56
CSNA3,201710,0.00663402974662662,56
CSRN3,201710,-0.0349750694202651,7
CSRN5,201710,-0.0349750694202651,7
CTAX3,201710,-0.0198196033391069,5
CTNM4,201710,0.0292685477808933,49
CVCB3,201710,0.00965910172820306,56
CYRE3,201710,-0.01331140929118,56
DIRR3,201710,-0.0214078161466063,56
DMMO3,201710,0.0216794995267609,50
DTEX3,201710,-0.00446746903200704,56
ECOR3,201710,-0.0110721704261948,56
EEEL3,201710,-0.0355754077928008,6
EEEL4,201710,-0.00717041495509162,5
EGIE3,201710,0.00292247158714688,56
ELET3,201710,-0.00123243985191282,56
ELET6,201710,-0.000166222285325686,56
ELPL4,201710,0.0119838265983566,56
EMBR3,201710,0.00403086425455107,56
ENBR3,201710,0.0238750084567463,56
ENEV3,201710,0.00315958744248091,55
ENGI11,201710,-0.000342854186879244,55
ENGI4,201710,0.0393896589502387,54
ENMT3,201710,0.0342503541665291,54
ENMT4,201710,0.0375327672905106,54
EQTL3,201710,-0.00496730261519497,56
ESTC3,201710,0.00568746925167396,56
ETER3,201710,-0.0171221941192211,55
EUCA4,201710,-0.0141482175271875,55
EVEN3,201710,-0.00669558911415846,56
EZTC3,201710,-0.00117947355077512,56
FESA4,201710,0.0148485206476014,52
FHER3,201710,0.0373757842758651,31
FIBR3,201710,0.00392773531994336,56
FJTA4,201710,0.0152335768294237,48
FLRY3,201710,0.00698504006771825,56
FRAS3,201710,0.0185781497943442,48
GFSA3,201710,-0.00077480337625997,55
GGBR3,201710,0.0163405964612057,53
GGBR4,201710,-0.00518493532573648,56
GOAU3,201710,-0.00385072263807943,55
GOAU4,201710,-0.00619001159097544,56
GOLL4,201710,-0.0134419914603324,56
GRND3,201710,0.0203749280916212,53
GUAR3,201710,0.02645846305643,56
HBOR3,201710,0.0341237169906478,53
HGTX3,201710,-0.0169140858190353,56
HYPE3,201710,0.0038635860960241,56
IDNT3,201710,-0.00347638243333345,50
IGTA3,201710,-0.00632264565391554,56
INEP3,201710,0.0197819767079674,49
IRBR3,201710,-0.00490556513008529,56
ITSA3,201710,0.0219053246902072,55
ITSA4,201710,0.00976269008712345,56
ITUB3,201710,0.00196075643067334,55
ITUB4,201710,0.00457980405053333,56
JBSS3,201710,0.00361151847950661,56
JHSF3,201710,-0.0627022734169771,52
JOPA3,201710,0.0291517021329526,49
JSLG3,201710,-0.0167530673439085,56
KEPL3,201710,0.0229940053352836,49
KLBN11,201710,0.0121613264889349,56
KROT3,201710,0.0019080054027968,56
LAME3,201710,0.0134416725234274,56
LAME4,201710,-0.0018678335816931,56
LCAM3,201710,0.00118243666734711,48
LEVE3,201710,-0.0213139032859153,56
LIGT3,201710,-0.00359093351122851,56
LINX3,201710,6.06492886039855e-05,56
LOGN3,201710,-0.0147478707339447,50
LPSB3,201710,-0.0209093667252735,52
LREN3,201710,0.00436525702660277,56
MAGG3,201710,-0.00190644125731602,55
MDIA3,201710,-0.004196624865217,56
MEAL3,201710,0.00308442256362904,56
MGLU3,201710,0.0204026382638825,56
MILS3,201710,0.00334593234476626,56
MLFT4,201710,0.000838771525785093,55
MOVI3,201710,-0.00111972783497504,56
MPLU3,201710,0.00334124401477704,56
MRFG3,201710,-0.00671537690779729,56
MRVE3,201710,0.000932337863892669,56
MULT3,201710,-0.0048983047274181,56
MYPK3,201710,0.00162646755727109,56
NATU3,201710,0.00565957060454788,56
ODPV3,201710,-0.00495843383616304,56
OFSA3,201710,0.0311864102748288,52
OGXP3,201710,-0.0220734293832137,27
OIBR3,201710,0.021329174675968,53
OIBR4,201710,0.016497717082738,58
OMGE3,201710,0.00944332300313581,55
PARD3,201710,0.005014534846698,56
PCAR4,201710,0.00634101100138739,56
PDGR3,201710,0.00378481084294318,44
PETR3,201710,0.00293796830763788,56
PETR4,201710,0.00969142925948037,56
PFRM3,201710,0.028737929069367,54
PMAM3,201710,-0.0193879519944505,48
PNVL3,201710,0.0101250107534653,51
PNVL4,201710,0.00576350051266243,55
POMO3,201710,-0.0115386652320915,49
POMO4,201710,-0.011592112501991,56
POSI3,201710,-0.0148877525779027,48
PPLA11,201710,-0.0077008236081592,50
PRIO3,201710,0.0125062733937031,51
PRML3,201710,-0.0229857585184563,48
PSSA3,201710,0.00998300773614524,55
PTBL3,201710,0.00825315574028302,55
QGEP3,201710,-0.00423143480780341,56
QUAL3,201710,-0.00524455483506065,56
RADL3,201710,-0.00857691180751582,56
RAIL3,201710,0.00262878869159982,56
RAPT3,201710,0.0291517021329527,49
RAPT4,201710,-0.0173239688232153,53
RCSL4,201710,0.029342359300334,48
RDNI3,201710,-0.0184849775773182,51
REDE3,201710,0.03534051888091,54
RENT3,201710,0.00985724717426338,56
RLOG3,201710,0.012984514741313,55
ROMI3,201710,-0.00592140433465208,55
RPAD3,201710,0.0231454884684184,49
RSID3,201710,0.011662257570137,52
SANB11,201710,0.00672930463974628,56
SAPR3,201710,0.00926278834009591,55
SAPR4,201710,-0.0123954112352906,56
SBSP3,201710,0.00707357060974673,56
SCAR3,201710,0.0345905177180138,55
SEDU3,201710,0.00729419127652076,55
SEER3,201710,0.00640761972627554,56
SGPS3,201710,0.0386725374262356,51
SHOW3,201710,-0.0178412404916361,55
SHUL4,201710,0.0150467450426282,48
SLCE3,201710,0.0309677534825967,56
SLED4,201710,-0.0153238266310627,55
SMLE3,201710,0.0283762129726666,15
SMLS3,201710,0.0165015615010424,56
SMTO3,201710,-0.0147503032532284,56
SNSL3,201710,0.0287579128102093,50
SSBR3,201710,0.00736987261494001,55
STBP3,201710,-0.0061977380862419,55
SULA11,201710,0.00172898350104848,56
SUZB5,201710,-0.021091338728628,56
TAEE11,201710,-0.00372177651002827,56
TCSA3,201710,0.0043833849013085,56
TECN3,201710,-0.000643325115608429,55
TEND3,201710,-0.0153781296052721,55
TESA3,201710,-0.0244713794686869,55
TGMA3,201710,0.00353166776791474,56
TIET11,201710,-0.0161846368531226,56
TIMP3,201710,-0.0191092788369065,56
TOTS3,201710,0.019810240603687,56
TPIS3,201710,-0.0195885395588256,49
TRIS3,201710,0.0130771036844393,53
TRPL4,201710,-0.00358687665018606,55
TUPY3,201710,-0.0199426756833443,56
UCAS3,201710,-0.0326174579480319,47
UGPA3,201710,0.0073185630335039,56
UNIP3,201710,0.0227033800819691,52
UNIP6,201710,0.0114251872489366,49
USIM3,201710,0.0199272269297663,51
USIM5,201710,0.00466458065543359,56
VALE3,201710,0.00286795387667405,58
VALE5,201710,-0.00419281990263076,55
VIVT3,201710,0.0156534009033367,55
VIVT4,201710,-0.00334407154799151,56
VLID3,201710,-0.020749721989875,56
VULC3,201710,-0.0169827100878806,55
VVAR11,201710,-0.000344745565022686,56
WEGE3,201710,0.0127360892456987,56
WIZS3,201710,0.000549508474774395,56
AALR3,201711,-0.0153939649666689,57
ABCB4,201711,-0.0547345780385197,56
ABEV3,201711,-0.0380455991634542,57
AFLT3,201711,-0.0178429175267709,6
AGRO3,201711,-0.0451170877328175,49
ALPA3,201711,-0.0451818391852618,56
ALPA4,201711,-0.0480784515248815,59
ALSC3,201711,-0.0433143208917544,59
ALUP11,201711,-0.0422704566584797,57
ALUP3,201711,-0.0210801156570606,43
ALUP4,201711,-0.0902925571707582,43
AMAR3,201711,-0.0388249952734458,57
ANIM3,201711,-0.0314432425511892,57
ARZZ3,201711,-0.042859196377353,57
AZUL4,201711,-0.0448536756320919,57
BBAS3,201711,-0.0317809749392419,57
BBDC3,201711,-0.0456084835626576,57
BBDC4,201711,-0.0359059560441909,59
BBRK3,201711,-0.0507523720316315,57
BBSE3,201711,-0.0441352840837634,59
BEEF3,201711,-0.0709139736669957,57
BOBR4,201711,-0.0686637934325926,47
BPAC11,201711,-0.00571066973948277,57
BPAN4,201711,-0.0540403124664366,33
BPHA3,201711,-0.0646249183222395,47
BRAP3,201711,-0.0758887322958984,57
BRAP4,201711,-0.0393230755594979,57
BRFS3,201711,-0.0355576012805734,57
BRGE3,201711,-0.0192873514709723,51
BRIN3,201711,-0.0413505880924649,55
BRIV3,201711,-0.0313796558393364,51
BRKM5,201711,-0.0347483622915741,57
BRML3,201711,-0.0467350817836973,59
BRPR3,201711,-0.0250274822703746,56
BRSR6,201711,-0.0487753052817767,57
BSEV3,201711,-0.104741494277814,47
BTOW3,201711,-0.0219965362876087,57
BVMF3,201711,-0.0407016314767827,59
CAMB4,201711,-0.0492490384947001,53
CAML3,201711,-0.0606660055585491,57
CARD3,201711,-0.0719888444069242,52
CCPR3,201711,-0.0342468111357079,51
CCRO3,201711,-0.0340576751091652,57
CEBR3,201711,-0.0515767809517515,7
CEBR5,201711,-0.0458559373508562,7
CEBR6,201711,-0.0483315219420972,7
CEEB3,201711,-0.0286199542035208,6
CEED3,201711,-0.0100005088193732,6
CEED4,201711,-0.029623913901742,6
CELP3,201711,-0.0501843670644435,55
CEPE3,201711,-0.0253919262014932,7
CEPE5,201711,-0.0511361170085875,10
CESP3,201711,-0.0550278218211075,51
CESP6,201711,-0.0419030243262788,57
CGAS3,201711,-0.0522069629740886,57
CGAS5,201711,-0.0536353491559946,57
CGRA3,201711,-0.0276794202670406,6
CGRA4,201711,-0.0369864732599251,57
CIEL3,201711,-0.0419588370702298,57
CLSC3,201711,-0.0624340501039631,7
CLSC4,201711,-0.0556017107777463,47
CMIG3,201711,-0.00400732892891306,52
CMIG4,201711,-0.0198798809465476,57
COCE5,201711,-0.035200410479274,54
CPFE3,201711,-0.0377505986953062,57
CPLE3,201711,-0.0127728026344033,57
CPLE6,201711,-0.0404326726449407,58
CPRE3,201711,-0.0538262633876913,57
CRDE3,201711,-0.0339881546468582,57
CRFB3,201711,-0.0444152324008768,57
CRIV3,201711,-0.0336629525339188,51
CRIV4,201711,-0.0706103300179361,47
CRPG5,201711,-0.0692591177148809,47
CSAN3,201711,-0.0469163940337312,57
CSMG3,201711,-0.0539582222899461,57
CSNA3,201711,-0.0330763892866874,57
CSRN3,201711,-0.0216442258350029,6
CSRN5,201711,-0.029623913901742,6
CTAX3,201711,-0.059385196965641,49
CTNM4,201711,-0.0381720126992968,51
CVCB3,201711,-0.0393670824532597,57
CYRE3,201711,-0.0644232056071969,57
DIRR3,201711,-0.0420202369293485,58
DMMO3,201711,-0.0706103300179361,47
DTEX3,201711,-0.0443801319417878,54
ECOR3,201711,-0.0416669006733147,57
EEEL3,201711,-0.0403880492223003,6
EEEL4,201711,-0.029623913901742,6
EGIE3,201711,-0.0457904947274208,57
ELET3,201711,-0.0289022107449885,59
ELET6,201711,-0.0451102876635031,59
ELPL3,201711,-0.0412683674485229,59
EMBR3,201711,-0.0212088943441691,57
ENBR3,201711,-0.0341543141123035,57
ENEV3,201711,-0.0133119056319506,57
ENGI11,201711,-0.0484900239062218,58
ENGI4,201711,-0.0438245138877642,56
ENMT3,201711,-0.0505014197268678,56
ENMT4,201711,-0.0505098850441789,56
EQTL3,201711,-0.0535013248757096,59
ESTC3,201711,-0.048715669714528,59
ETER3,201711,-0.0746725985201243,56
EUCA4,201711,-0.0513956468669366,57
EVEN3,201711,-0.0350083613889081,57
EZTC3,201711,-0.0441394977099073,57
FESA4,201711,-0.0577393317806938,57
FHER3,201711,-0.0435804481307029,33
FIBR3,201711,-0.05030442387473,57
FJTA4,201711,-0.0640933192649784,47
FLRY3,201711,-0.0413641778017749,57
FRAS3,201711,-0.0677783478516579,47
GFSA3,201711,-0.018417563689092,57
GGBR3,201711,-0.0413482765911356,54
GGBR4,201711,-0.0268247591588734,57
GOAU3,201711,-0.0497565755200747,56
GOAU4,201711,-0.0430592952572499,57
GOLL4,201711,-0.0574496236159957,57
GRND3,201711,-0.0515047695782112,53
GUAR3,201711,-0.0490668203525098,57
GUAR4,201711,-0.0316660309208335,53
HBOR3,201711,-0.0521956358637968,57
HGTX3,201711,-0.0435090190062757,59
HYPE3,201711,-0.0447241067432777,57
IDNT3,201711,-0.0230713837062394,55
IGTA3,201711,-0.0517050318279463,59
INEP3,201711,-0.0204809646048034,51
IRBR3,201711,-0.0211530073537439,57
ITSA3,201711,-0.0529114832677728,58
ITSA4,201711,-0.0450644315943804,59
ITUB3,201711,-0.0429273005870548,57
ITUB4,201711,-0.0390235583519377,59
JBSS3,201711,-0.0241252706628406,57
JHSF3,201711,-0.0291616020984398,56
JOPA3,201711,-0.034501180001146,51
JSLG3,201711,-0.0470013726433704,57
KEPL3,201711,-0.0596119133501045,47
KLBN11,201711,-0.0297788138203209,57
KROT3,201711,-0.0368314395476451,57
LAME3,201711,-0.0433729175669838,57
LAME4,201711,-0.0492095559170417,59
LCAM3,201711,-0.0675968703608866,47
LEVE3,201711,-0.0520949962735388,58
LIGT3,201711,-0.0412129908305891,57
LINX3,201711,-0.00974688057114632,57
LLIS3,201711,-0.0329927604482373,56
LOGN3,201711,-0.0748230553955258,56
LPSB3,201711,-0.0691445616323203,53
LREN3,201711,-0.0410918228246108,57
MAGG3,201711,-0.013759555248167,56
MDIA3,201711,-0.0254824265516293,57
MEAL3,201711,-0.0211840299641508,57
MGEL4,201711,-0.0754513355492574,33
MGLU3,201711,-0.0446179531045448,57
MILS3,201711,-0.0721894954235446,57
MLFT4,201711,-0.0295589189034336,57
MOVI3,201711,-0.0609277477153261,53
MPLU3,201711,-0.0360997792383242,57
MRFG3,201711,-0.0215101773230413,57
MRVE3,201711,-0.0534021741288049,57
MULT3,201711,-0.0422029231318633,57
MYPK3,201711,-0.0119271895442166,57
NATU3,201711,-0.0282812213625515,57
ODPV3,201711,-0.0121847571362156,57
OFSA3,201711,-0.0443549437199605,53
OGXP3,201711,-0.047758086998376,49
OIBR3,201711,-0.0460977526416366,57
OIBR4,201711,-0.0488293946837801,59
OMGE3,201711,-0.038218994495562,57
PARD3,201711,-0.0362980811802817,57
PCAR4,201711,-0.0292497531245129,57
PETR3,201711,-0.0396632481954295,57
PETR4,201711,-0.0383959059546707,59
PFRM3,201711,-0.0427068104610815,57
PMAM3,201711,-0.0568802736509999,52
PNVL3,201711,-0.0483246725607332,50
PNVL4,201711,-0.0390136306017793,57
POMO3,201711,-0.053705141469405,50
POMO4,201711,-0.0435981431118762,53
POSI3,201711,-0.0694937621044767,56
PPLA11,201711,-0.0522738327709878,46
PRIO3,201711,-0.0702228261386483,54
PRML3,201711,-0.052773283964075,56
PSSA3,201711,-0.0104320930252418,57
PTBL3,201711,-0.0635289570735591,55
QGEP3,201711,-0.042265015353443,58
QUAL3,201711,-0.046889040273096,57
RADL3,201711,-0.0392789408268641,57
RAIL3,201711,-0.0400914569691753,57
RAPT3,201711,-0.0295616194139671,51
RAPT4,201711,-0.0426233314890834,53
RDNI3,201711,-0.0435149687677973,52
REDE3,201711,-0.0489276053276264,56
RENT3,201711,-0.0384948166680385,57
RLOG3,201711,-0.0434957194206649,57
ROMI3,201711,-0.0446045338150843,56
RPAD3,201711,-0.0230642160849999,51
RSID3,201711,-0.047157332647249,52
SANB11,201711,-0.0382652666134418,57
SAPR11,201711,-0.0403424871111771,58
SAPR3,201711,-0.055407502070283,51
SAPR4,201711,-0.0558031296779491,57
SBSP3,201711,-0.0499195520896521,57
SCAR3,201711,-0.0488233141081768,52
SEDU3,201711,-0.0490930784075407,57
SEER3,201711,-0.029330364993992,57
SGPS3,201711,-0.0454965162167122,53
SHOW3,201711,-0.0600423900518172,56
SHUL4,201711,-0.0664390431702038,47
SLCE3,201711,-0.0419147091734316,57
SLED4,201711,-0.077051485944668,56
SMLE3,201711,-0.039061785051094,39
SMLS3,201711,-0.0379909273709078,57
SMTO3,201711,-0.0505138444985824,57
SNSL3,201711,-0.0509248535149765,53
SSBR3,201711,-0.0452653439118,57
STBP3,201711,-0.0485033116601861,57
SULA11,201711,-0.0141326521396696,57
SUZB3,201711,-0.0528841893496828,59
TAEE11,201711,-0.0196360986989984,58
TCSA3,201711,-0.0363635396541974,58
TECN3,201711,-0.056807248189795,56
TEND3,201711,-0.0168090438169853,57
TESA3,201711,-0.0422925973419508,57
TGMA3,201711,-0.0187152357215067,57
TIET11,201711,-0.0506292907726324,53
TIMP3,201711,-0.0304082329669936,57
TOTS3,201711,-0.0270504929050267,56
TPIS3,201711,-0.0728911426979515,51
TRIS3,201711,-0.0489329669302255,54
TRPL4,201711,-0.0405578172874971,57
TUPY3,201711,-0.0484570727337662,57
UCAS3,201711,-0.071425201774001,48
UGPA3,201711,-0.0390749335332109,57
UNIP3,201711,-0.0524456711841149,53
UNIP6,201711,-0.0718259200218999,50
USIM3,201711,-0.0481037899506098,55
USIM5,201711,-0.0492830286037354,59
VALE3,201711,-0.0443644562435795,60
VIVT3,201711,-0.0323351227892731,57
VIVT4,201711,-0.0328018783234478,57
VLID3,201711,-0.0458770794100357,58
VULC3,201711,-0.0453926224908684,58
VVAR11,201711,-0.0364873443870267,57
VVAR3,201711,-0.0532617755395981,43
VVAR4,201711,-0.0479130563188238,43
WEGE3,201711,-0.0363716462823434,57
WIZS3,201711,-0.0357734901265138,57
WLMM4,201711,-0.034405732932977,6
AALR3,201712,0.0553261524022229,52
ABCB4,201712,0.0745424928325613,55
ABEV3,201712,0.0791073229478203,56
AFLT3,201712,0.0160798445009469,10
AGRO3,201712,0.0556804613397686,49
ALPA3,201712,0.0567736408872132,54
ALPA4,201712,0.0633938180512807,56
ALSC3,201712,0.0522977635375762,56
ALUP11,201712,0.0484828448634986,56
ALUP3,201712,-0.0351770508020709,10
ALUP4,201712,0.132744826080993,10
AMAR3,201712,0.0500824274563905,55
ANIM3,201712,0.054749275903542,55
ARZZ3,201712,0.0774335177929196,55
AZUL4,201712,0.0590659612857598,51
BBAS3,201712,0.0610885096789038,56
BBDC3,201712,0.0806102893705974,56
BBDC4,201712,0.0595376075779638,57
BBRK3,201712,0.063214945652569,56
BBSE3,201712,0.0636776365323316,57
BEEF3,201712,0.0623746497171666,56
BKBR3,201712,0.0695040892887424,55
BOBR4,201712,0.0297010537471945,44
BPAC11,201712,0.0603450446628763,55
BPHA3,201712,0.04715613322427,44
BRAP3,201712,0.0456300880716918,55
BRAP4,201712,0.0388883225161125,56
BRDT3,201712,0.0552893420331652,56
BRFS3,201712,0.0815782603410115,56
BRGE3,201712,0.0373106736664618,51
BRIN3,201712,0.0433900132553918,51
BRIV3,201712,0.03606224089461,51
BRKM5,201712,0.0751568682361035,55
BRML3,201712,0.0549061751226014,56
BRPR3,201712,0.0757197949947381,55
BRSR6,201712,0.0692958710075426,56
BSEV3,201712,0.0113247627583639,45
BTOW3,201712,0.0606603753867459,56
BVMF3,201712,0.0732878264982846,57
CAMB4,201712,0.0106059944960127,51
CAML3,201712,0.0776587693846535,55
CARD3,201712,0.047993944029115,50
CCPR3,201712,0.0290211759135599,51
CCRO3,201712,0.0745870943682862,56
CEBR3,201712,0.0856969533749885,8
CEBR5,201712,0.0783623452616452,8
CEBR6,201712,0.077393096692267,8
CEEB3,201712,0.0436122088197082,10
CEED3,201712,0.0246454421060933,5
CEED4,201712,0.0404008420640768,5
CELP3,201712,0.0493781906107044,53
CEPE3,201712,0.0336673683867306,6
CEPE5,201712,0.060526945715361,46
CESP3,201712,0.0602372329709518,50
CESP6,201712,0.0523358790998701,56
CGAS3,201712,0.0503771789876509,55
CGAS5,201712,0.0854191643208066,55
CGRA3,201712,0.0285509800076208,5
CGRA4,201712,0.0444321063287824,55
CIEL3,201712,0.0703011016540385,55
CLSC3,201712,0.0529412745252078,8
CLSC4,201712,0.0527812176653224,44
CMIG3,201712,0.060799160060832,55
CMIG4,201712,0.0774068356802761,56
COCE5,201712,0.0529846279598784,52
CPFE3,201712,0.0647836056377301,55
CPLE3,201712,0.0547219067965272,55
CPLE6,201712,0.0626611146969979,56
CPRE3,201712,0.0557644962224784,55
CRDE3,201712,0.0555170296928009,55
CRFB3,201712,0.0571068904461053,56
CRIV3,201712,0.0379207141988843,51
CRIV4,201712,0.0303531770871106,44
CSAN3,201712,0.0535207809962629,56
CSMG3,201712,0.0670300105363531,55
CSNA3,201712,0.0708859450169757,56
CSRN3,201712,0.0285357323824155,10
CSRN5,201712,0.0336673683867306,6
CTAX3,201712,0.0424571841632589,46
CTNM4,201712,0.036688760291419,51
CVCB3,201712,0.076668630703794,55
CYRE3,201712,0.0816455169525559,55
DIRR3,201712,0.0508430542163623,56
DTEX3,201712,0.0865683414710408,53
ECOR3,201712,0.0551510334119546,55
EEEL3,201712,0.0371446269108136,10
EEEL4,201712,0.0404008420640767,5
EGIE3,201712,0.059246522596689,55
ELET3,201712,0.0572331500136122,56
ELET6,201712,0.0728954218265729,56
ELPL3,201712,0.0565906892857918,56
EMBR3,201712,0.0750506278907894,56
ENBR3,201712,0.0534019332904361,55
ENEV3,201712,0.0569987017832534,55
ENGI11,201712,0.084611862416404,56
ENGI4,201712,0.0501288805245305,54
EQTL3,201712,0.0645065347233116,56
ESTC3,201712,0.0716125765942561,56
ETER3,201712,0.0290411504356857,54
EUCA4,201712,0.0656146424092248,55
EVEN3,201712,0.0471682503528695,55
EZTC3,201712,0.0683913558466935,55
FESA4,201712,0.0688078322494244,54
FHER3,201712,0.0225125395605999,5
FIBR3,201712,0.0793926200280183,56
FJTA4,201712,0.0350767925262327,44
FLRY3,201712,0.0796076419944238,56
FRAS3,201712,0.0289407222689553,44
GFSA3,201712,0.0527655437839795,54
GGBR3,201712,0.0219820673530572,39
GGBR4,201712,0.0695473098028732,55
GOAU3,201712,0.0690466126251523,55
GOAU4,201712,0.0469505326330413,56
GOLL4,201712,0.0788695715942304,55
GRND3,201712,0.0777318220766278,52
GUAR3,201712,0.0509221557133931,55
GUAR4,201712,0.0308122750355312,51
HBOR3,201712,0.0256760463725778,55
HGTX3,201712,0.0580030654148213,56
HYPE3,201712,0.079437268768608,55
IDNT3,201712,0.062505991723382,54
IGTA3,201712,0.0693399312914034,57
INEP3,201712,0.0379463907065132,51
IRBR3,201712,0.0584912595880785,55
ITSA3,201712,0.0552167899080149,59
ITSA4,201712,0.0680324807776417,57
ITUB3,201712,0.0677299612065594,56
ITUB4,201712,0.0670229905006439,57
JBSS3,201712,0.0614456287087739,55
JHSF3,201712,0.0407983874371977,54
JOPA3,201712,0.0377072304233306,51
JSLG3,201712,0.058040488847164,55
KEPL3,201712,0.026363234560448,44
KLBN11,201712,0.0626339528127929,56
KROT3,201712,0.0714146492917929,56
LAME3,201712,0.051108631745146,56
LAME4,201712,0.0660177308773783,57
LCAM3,201712,0.0130383088330585,44
LEVE3,201712,0.0512486091480956,56
LIGT3,201712,0.0770871504822541,56
LINX3,201712,0.0590708887776408,55
LLIS3,201712,0.0602637869901519,50
LOGN3,201712,0.0297238052739863,54
LPSB3,201712,0.0161531871638797,52
LREN3,201712,0.0786107185026137,56
MAGG3,201712,0.0598277286120517,55
MDIA3,201712,0.0857703150546073,55
MEAL3,201712,0.0579857573087885,55
MGLU3,201712,0.0740839521546638,55
MILS3,201712,0.0640259646571565,55
MLFT4,201712,0.037225388961864,55
MOVI3,201712,0.0745562701929434,52
MPLU3,201712,0.0768245891210462,52
MRFG3,201712,0.0707655852796271,55
MRVE3,201712,0.080617333361699,56
MULT3,201712,0.0746964243873586,55
MYPK3,201712,0.0585058010778606,55
NATU3,201712,0.0733571534159741,55
ODPV3,201712,0.0714419431746231,55
OFSA3,201712,0.0268182693999878,53
OGXP3,201712,0.0680629740677949,48
OIBR3,201712,0.0694717111130952,57
OIBR4,201712,0.0580173021430557,57
OMGE3,201712,0.0763648969395132,55
PARD3,201712,0.0754119934304742,53
PCAR4,201712,0.0690805804373919,56
PETR3,201712,0.0622051353975065,56
PETR4,201712,0.0664585859989072,57
PFRM3,201712,0.0639247616416276,55
PINE4,201712,0.0510339347687639,50
PMAM3,201712,0.0862625445539901,50
PNVL3,201712,0.0398031643926536,48
PNVL4,201712,0.0347576293939316,55
POMO3,201712,0.0638006704535827,50
POMO4,201712,0.0812323483277688,52
POSI3,201712,0.0545800250189216,54
PPLA11,201712,0.0599659741503012,44
PRML3,201712,0.0277546013760486,48
PSSA3,201712,0.0566453612923794,55
PTBL3,201712,0.0912017241985674,54
QGEP3,201712,0.0485287618017465,56
QUAL3,201712,0.0795883077972024,56
RADL3,201712,0.0794217612433355,55
RAIL3,201712,0.0670210112494181,55
RAPT3,201712,0.0370380177745298,51
RAPT4,201712,0.0612387148880273,55
RDNI3,201712,0.0473688943028039,51
REDE3,201712,0.0626609850079878,54
RENT3,201712,0.0693898836878133,55
RLOG3,201712,0.0515366938974875,52
ROMI3,201712,0.0866743568522711,55
RPAD3,201712,0.0335379162847592,51
RSID3,201712,0.0855409686018755,54
SANB11,201712,0.0670892097740201,55
SAPR11,201712,0.0581478480253653,56
SAPR3,201712,0.06888640539599,50
SAPR4,201712,0.0788945606228686,55
SBSP3,201712,0.0784119482033506,55
SCAR3,201712,0.0659008833719599,51
SEDU3,201712,0.0411290375385216,47
SEER3,201712,0.0832530466166397,55
SGPS3,201712,0.0199021964165533,51
SHOW3,201712,0.0171638274205587,55
SHUL4,201712,0.0284800640497742,44
SLCE3,201712,0.0431121873839317,55
SLED4,201712,0.0302716360285869,54
SMLE3,201712,0.0519924203310247,44
SMLS3,201712,0.0709774858518507,55
SMTO3,201712,0.0728426286962861,56
SSBR3,201712,0.0537222210823287,56
STBP3,201712,0.0830636142980052,55
SULA11,201712,0.057293118973307,55
SUZB3,201712,0.0583831747884469,57
TAEE11,201712,0.068827811019834,55
TCSA3,201712,0.0569777696043153,56
TECN3,201712,0.0262838375053148,55
TEND3,201712,0.0623764444257232,56
TESA3,201712,0.0735245631614736,55
TGMA3,201712,0.0567827027453446,55
TIET11,201712,0.0541119035840702,55
TIMP3,201712,0.0630782265140106,55
TOTS3,201712,0.0592000377824717,54
TPIS3,201712,0.0241506333080299,50
TRIS3,201712,0.0755065495677907,53
TRPL4,201712,0.0765450217183759,56
TUPY3,201712,0.0560315645941293,55
UCAS3,201712,0.0318556616037383,48
UGPA3,201712,0.0781624705583121,55
UNIP3,201712,0.0365703627912147,53
UNIP6,201712,0.0669439554923769,47
USIM3,201712,0.0232143357338066,53
USIM5,201712,0.0579182900443403,57
VALE3,201712,0.0672503135290508,58
VALE5,201712,0.0694283866163756,43
VIVT3,201712,0.0509374007691998,55
VIVT4,201712,0.0564302649275833,56
VLID3,201712,0.063736934520544,55
VULC3,201712,0.0552198484411902,56
VVAR11,201712,0.0805003031439647,56
VVAR3,201712,0.0234475956841843,39
VVAR4,201712,0.0024030114494041,39
WEGE3,201712,0.0769634846382602,55
WIZS3,201712,0.0812436158046716,52
AALR3,201801,0.0483514509480855,58
ABCB4,201801,0.0414828013583184,57
ABEV3,201801,0.0791975021811161,59
AFLT3,201801,0.0688699980006628,6
AGRO3,201801,0.0798283992446895,50
ALPA3,201801,0.0353900789435378,56
ALPA4,201801,0.0568839300382826,59
ALSC3,201801,0.0538835992738282,58
ALUP11,201801,0.0451225658912175,58
ALUP3,201801,-0.00857130960221184,14
ALUP4,201801,-0.0395714491214317,14
AMAR3,201801,0.0440526422065069,58
ANIM3,201801,0.0393837513600807,58
ARZZ3,201801,0.0622576893697946,58
ATOM3,201801,0.0207545529437876,47
AZUL4,201801,0.0673108255442323,57
BBAS3,201801,0.0644470330608884,59
BBDC3,201801,0.058119131730125,59
BBDC4,201801,0.0782905618090612,60
BBRK3,201801,0.0482312725053856,58
BBSE3,201801,0.0743728739456651,60
BEEF3,201801,0.0426695163850894,58
BKBR3,201801,0.0507800951691567,57
BOBR4,201801,0.011558616417457,47
BPAC11,201801,0.0466470116808483,57
BPAN4,201801,0.0109223130274143,47
BPHA3,201801,0.0328424440451573,47
BRAP3,201801,0.103323176506379,57
BRAP4,201801,0.0971152625624517,59
BRDT3,201801,0.0546282601927154,57
BRFS3,201801,0.0747184442762966,59
BRGE3,201801,0.128903365860584,52
BRIN3,201801,0.0328761112922623,53
BRIV3,201801,0.129006639493219,52
BRKM5,201801,0.0632880092411342,59
BRML3,201801,0.0488792112085953,59
BRPR3,201801,0.0484173967738035,56
BRSR6,201801,0.0487839875914667,58
BSEV3,201801,0.0174998187098132,48
BTOW3,201801,0.0552624502525731,58
BVMF3,201801,0.0794253699553252,60
CAMB4,201801,0.0663644615905752,55
CAML3,201801,0.0618071958537364,58
CARD3,201801,0.0577017448627629,52
CCPR3,201801,0.117807236873827,52
CCRO3,201801,0.0597336478842442,59
CEBR3,201801,0.0335204848805388,7
CEBR5,201801,0.0287126096574469,7
CEBR6,201801,0.0292492331463561,7
CEEB3,201801,0.0966769926282488,6
CEED3,201801,0.0639743262806406,6
CEED4,201801,0.107424853931706,6
CELP3,201801,0.0665509167048878,56
CEPE3,201801,0.0834637286032881,7
CEPE5,201801,0.070194783425837,45
CESP3,201801,0.0595058896997427,51
CESP6,201801,0.0659453931008604,58
CGAS3,201801,0.0636501124807972,52
CGAS5,201801,0.0543113261026599,58
CGRA3,201801,0.082794877919117,21
CGRA4,201801,0.0795121582814777,57
CIEL3,201801,0.0807139215876275,58
CLSC3,201801,0.0408425229195718,7
CLSC4,201801,0.011247551873279,50
CMIG3,201801,0.0397147767127924,58
CMIG4,201801,0.0491163655468797,59
COCE5,201801,0.073389470204317,54
CPFE3,201801,0.0532258142857044,58
CPLE3,201801,0.0467706263957331,57
CPLE6,201801,0.0534272908111602,58
CPRE3,201801,0.0695958174759907,57
CRDE3,201801,0.0825645299721682,58
CRFB3,201801,0.0747419363547068,58
CRIV3,201801,0.128849114079028,52
CRIV4,201801,0.0106938737576181,47
CRPG5,201801,0.00270433087804948,47
CSAN3,201801,0.0815906401263994,59
CSMG3,201801,0.0498800461391035,58
CSNA3,201801,0.0690026620858768,59
CSRN3,201801,0.141322344734121,5
CSRN5,201801,0.0834637286032881,7
CTAX3,201801,0.0142726776571132,49
CTNM4,201801,0.0744362933595274,52
CVCB3,201801,0.0694171819289893,58
CYRE3,201801,0.0717801799135214,58
DIRR3,201801,0.0648219710834139,58
DMMO3,201801,0.00580753192255124,44
DTEX3,201801,0.0478140194856319,58
ECOR3,201801,0.0579616445389304,58
EEEL3,201801,0.141322344734121,5
EEEL4,201801,0.0321569587328216,6
EGIE3,201801,0.0495912217202503,58
ELET3,201801,0.0465336093095323,58
ELET6,201801,0.065074175601906,58
ELPL3,201801,0.057759762598881,57
EMBR3,201801,0.076043242890243,59
ENBR3,201801,0.0811249117455963,58
ENEV3,201801,0.0524919869990706,57
ENGI11,201801,0.05753592430859,59
ENGI3,201801,0.0626334164899862,45
ENGI4,201801,0.029164602451264,56
ENMT3,201801,0.00676411997941717,39
ENMT4,201801,0.00676411997941717,39
EQTL3,201801,0.0677932233318088,60
ESTC3,201801,0.0862465678304942,60
ETER3,201801,0.0664817614527241,56
EUCA4,201801,0.0521403250735327,57
EVEN3,201801,0.0718981203515397,58
EZTC3,201801,0.0599182125450654,58
FESA4,201801,0.0448590647314342,56
FHER3,201801,-0.046171505413487,12
FIBR3,201801,0.0487045134401672,59
FJTA4,201801,0.0177563659731305,47
FLRY3,201801,0.0663670552458392,59
FRAS3,201801,0.01341808178591,47
GFSA3,201801,0.0505849439380802,56
GGBR3,201801,0.0789097850128725,41
GGBR4,201801,0.0535431225301813,58
GOAU3,201801,0.0777711649809031,56
GOAU4,201801,0.0460016593308811,58
GOLL4,201801,0.0534471742131693,57
GRND3,201801,0.0425619091993173,60
GUAR3,201801,0.0728013050351869,58
GUAR4,201801,0.0559758061301295,53
HBOR3,201801,0.0608009526649221,57
HGTX3,201801,0.0557527557590684,59
HYPE3,201801,0.0728831957873666,59
IDNT3,201801,0.0514507807963792,51
IGTA3,201801,0.0688044025681955,60
INEP3,201801,0.126722551687763,52
IRBR3,201801,0.0530749601178693,58
ITSA3,201801,0.0514700442928642,58
ITSA4,201801,0.0788696119052103,60
ITUB3,201801,0.060376654852829,58
ITUB4,201801,0.0835503389958515,60
JBSS3,201801,0.0632792385083471,58
JHSF3,201801,0.0479179156539873,57
JOPA3,201801,0.129533074039359,52
JSLG3,201801,0.055176124571809,58
KEPL3,201801,0.103201432912371,21
KLBN11,201801,0.0901480769994356,60
KROT3,201801,0.0772277610407074,59
LAME3,201801,0.0465039642324419,58
LAME4,201801,0.0632725898278637,60
LCAM3,201801,0.0343727827409506,57
LEVE3,201801,0.0707773790589645,58
LIGT3,201801,0.0513123048610823,58
LINX3,201801,0.0498319016372207,57
LLIS3,201801,0.0816962088080514,51
LOGN3,201801,0.0619513012063517,56
LPSB3,201801,0.0690957058738065,52
LREN3,201801,0.0702298534010161,59
MAGG3,201801,0.0475394216667464,57
MDIA3,201801,0.0530998223220137,58
MEAL3,201801,0.0463174794493804,58
MGLU3,201801,0.0792213131520537,58
MILS3,201801,0.0393181526407103,57
MLFT4,201801,0.0548516272613897,57
MOVI3,201801,0.0720185429013885,54
MPLU3,201801,0.0549542588764407,57
MRFG3,201801,0.0546965760172869,58
MRVE3,201801,0.0610793656526751,59
MULT3,201801,0.0628637867217502,59
MYPK3,201801,0.0527350285289956,57
NATU3,201801,0.0698706890989053,59
ODPV3,201801,0.0516746111399129,58
OFSA3,201801,0.0875296961837299,53
OGXP3,201801,0.0216380233200878,25
OIBR3,201801,0.110316392056326,59
OIBR4,201801,0.104415052711456,59
OMGE3,201801,0.072504862115089,57
PARD3,201801,0.0646079250636057,59
PCAR4,201801,0.0576227191615439,59
PDGR3,201801,0.0178620336031836,47
PETR3,201801,0.0635094649313978,59
PETR4,201801,0.0760894924381656,60
PFRM3,201801,0.0882992765447552,53
PINE4,201801,0.0509238020800439,51
PMAM3,201801,0.0645711689911598,52
PNVL3,201801,0.0849858114662996,49
PNVL4,201801,0.0676541132924375,57
POMO3,201801,0.0362570839356531,50
POMO4,201801,0.0714655494584856,54
POSI3,201801,0.0585938480892486,52
PPLA11,201801,0.0620370178918066,45
PRIO3,201801,0.0282148037708438,55
PRML3,201801,0.0520531453199912,50
PSSA3,201801,0.0628120343448657,58
PTBL3,201801,0.0525619344735429,53
QGEP3,201801,0.0576715063082643,58
QUAL3,201801,0.0708997986894064,59
RADL3,201801,0.0786247534877906,58
RAIL3,201801,0.0601656907111477,59
RAPT3,201801,0.116125307640361,52
RAPT4,201801,0.0666012269038271,57
RCSL4,201801,0.0229196540343169,47
RDNI3,201801,0.0560726835251231,53
RENT3,201801,0.0792446844432898,58
RLOG3,201801,0.0402560589192058,57
ROMI3,201801,0.0607821305499077,57
RPAD3,201801,0.129533074039358,52
RSID3,201801,0.0576464737842967,52
SANB11,201801,0.0682360845845092,58
SAPR11,201801,0.0501038812194369,59
SAPR3,201801,0.0520322393018113,53
SAPR4,201801,0.080523657014326,58
SBSP3,201801,0.0645156965934064,58
SCAR3,201801,0.0456413806350327,57
SEDU3,201801,0.0640749463561009,57
SEER3,201801,0.0484630509381286,58
SGPS3,201801,0.0671224064001167,55
SHOW3,201801,0.0713275279171169,56
SHUL4,201801,0.00628060445130614,47
SLCE3,201801,0.100966161457849,57
SLED4,201801,0.0691949288729767,57
SMLE3,201801,0.0573336843135358,39
SMLS3,201801,0.087522203133873,59
SMTO3,201801,0.04767119800452,59
SNSL3,201801,0.0753852987454205,53
SSBR3,201801,0.040911146908062,58
STBP3,201801,0.0673980670734325,57
SULA11,201801,0.0485921973811669,58
SUZB3,201801,0.0684842825695138,60
TAEE11,201801,0.0535996570089053,59
TCSA3,201801,0.0808498281206498,58
TECN3,201801,0.0515634258021004,57
TEND3,201801,0.0360157030444775,58
TESA3,201801,0.145039478619328,57
TGMA3,201801,0.04404639978659,57
TIET11,201801,0.0460977711773278,58
TIMP3,201801,0.0645092453811132,58
TOTS3,201801,0.0448626162287129,55
TPIS3,201801,0.0652527591210451,49
TRIS3,201801,0.0498154702307777,54
TRPL4,201801,0.0560071363436998,58
TUPY3,201801,0.0475568987660791,58
UCAS3,201801,0.0756569758369908,49
UGPA3,201801,0.0769689197085075,59
UNIP3,201801,0.104730801392149,52
UNIP6,201801,0.0572603953836432,50
USIM3,201801,0.051760918715441,55
USIM5,201801,0.0707352267544455,60
VALE3,201801,0.0826185647291301,62
VIVT3,201801,0.0874325134153574,57
VIVT4,201801,0.0648522118619309,59
VLID3,201801,0.0622824425727868,58
VULC3,201801,0.0488855336920209,58
VVAR11,201801,0.0661190559693931,59
WEGE3,201801,0.0713757833973775,58
WIZS3,201801,0.0857701784881095,58
WLMM4,201801,0.0662114273251605,21
AALR3,201802,0.0234644140876285,58
ABCB4,201802,-0.00418384844087135,56
ABEV3,201802,0.000389518723212758,59
AFLT3,201802,0.0221864023924325,6
AGRO3,201802,-0.0217405637902478,33
ALPA3,201802,-0.00196584541581792,56
ALPA4,201802,0.0138757123361642,58
ALSC3,201802,0.0102606950643891,58
ALUP11,201802,0.000209835785606364,58
ALUP3,201802,-0.0405323819380368,15
ALUP4,201802,0.0239120206336683,15
AMAR3,201802,0.00438517813137504,57
ANIM3,201802,-0.00875756899488675,57
ARZZ3,201802,0.0156457917090151,58
ATOM3,201802,0.00173173046016039,46
AZUL4,201802,0.0194630836417372,57
BBAS3,201802,-0.00327348397140877,59
BBDC3,201802,0.00847864681032304,59
BBDC4,201802,0.00929688960796619,60
BBRK3,201802,0.0195548012091965,57
BBSE3,201802,0.0157153224625575,60
BEEF3,201802,3.88506204322658e-05,58
BKBR3,201802,0.0272448580022316,51
BOBR4,201802,-0.00599174894991917,46
BPAC11,201802,0.0244651529782828,57
BPAN4,201802,-0.00255265848954126,46
BPHA3,201802,0.0184991939064051,46
BRAP3,201802,0.0237106630335274,56
BRAP4,201802,0.0140949326275366,59
BRDT3,201802,0.0152432391868824,57
BRFS3,201802,0.00143153236733658,59
BRGE3,201802,0.01670590268409,50
BRIN3,201802,0.00797111408994889,53
BRIV3,201802,0.0241757867374315,50
BRKM5,201802,-0.00246313265344771,59
BRML3,201802,0.0138371627651262,59
BRPR3,201802,0.0163996383780518,56
BRSR6,201802,0.0228379871999505,57
BSEV3,201802,-0.00852296940181691,46
BTOW3,201802,0.0242470593788974,58
BVMF3,201802,0.00544487996698017,60
CAMB4,201802,-0.0192830090943639,54
CAML3,201802,-0.00272197430457439,58
CARD3,201802,-0.00754409065765061,51
CCPR3,201802,0.025344747656715,51
CCRO3,201802,0.0152336723219115,59
CEBR3,201802,0.00716175273832542,7
CEBR5,201802,0.00793848242999482,7
CEBR6,201802,0.0179145921368697,7
CEEB3,201802,0.00983674655431092,6
CEED3,201802,0.0156238045240886,6
CEED4,201802,0.00286215500573438,5
CELP3,201802,-0.0150851178930298,54
CEPE3,201802,0.00983674655431092,6
CEPE5,201802,0.0227148154972266,43
CESP3,201802,0.00411870324344026,49
CESP6,201802,0.0331956596205057,57
CGAS3,201802,0.00132089160081396,51
CGAS5,201802,0.00411665569007043,57
CGRA3,201802,-0.0137563793804769,21
CGRA4,201802,-0.00820798700034345,57
CIEL3,201802,0.00107754067576386,59
CLSC3,201802,-0.0232349304667941,7
CLSC4,201802,-0.0118170372600774,50
CMIG3,201802,-0.002342784800858,57
CMIG4,201802,0.0138946634035042,59
COCE5,201802,-0.00687717058226684,50
CPFE3,201802,0.020352692975764,58
CPLE3,201802,0.0221395027133231,57
CPLE6,201802,0.020731140661814,58
CPRE3,201802,-0.00354821201622213,56
CRDE3,201802,-0.00414184260099856,57
CRFB3,201802,0.00347081748534243,58
CRIV3,201802,0.0270180515298846,50
CRIV4,201802,-0.0012589410419843,46
CRPG5,201802,-0.00325834355320856,46
CSAN3,201802,0.00892247558685798,59
CSMG3,201802,0.00978979780081748,58
CSNA3,201802,1.07042891702151e-05,59
CSRN3,201802,-0.0105786835219442,6
CSRN5,201802,-0.0105786835219442,6
CTAX3,201802,-0.0120034155910273,48
CTNM4,201802,0.0447863545324255,50
CVCB3,201802,0.00425530525520747,58
CYRE3,201802,0.0184135748220362,58
DIRR3,201802,0.00389009928388411,58
DMMO3,201802,0.00115540776319569,44
DTEX3,201802,0.00397368164986992,57
ECOR3,201802,0.0217833988352978,58
EEEL3,201802,0.0270915494260359,6
EEEL4,201802,0.00286215500573438,5
EGIE3,201802,0.00735362200004864,58
ELET3,201802,0.00206778337341316,59
ELET6,201802,0.0103559531291869,59
ELPL3,201802,0.0141087824655736,56
EMBR3,201802,0.000156484770562426,59
ENBR3,201802,0.00947965630075898,58
ENEV3,201802,6.26922077074722e-05,52
ENGI11,201802,0.0118883971529646,57
ENGI3,201802,-0.0110453735540723,37
ENGI4,201802,-0.0196430210310141,56
ENMT3,201802,0.124126784233881,38
ENMT4,201802,0.00191470871247596,38
EQTL3,201802,0.0155513121832278,60
ESTC3,201802,0.00772353694007666,60
ETER3,201802,-0.0452330013357242,49
EUCA4,201802,0.0153436621650057,56
EVEN3,201802,0.00555310041531945,57
EZTC3,201802,0.0100814255145985,57
FESA4,201802,0.0136127805631974,55
FIBR3,201802,0.0114837587045516,59
FJTA4,201802,-0.0190475559458926,46
FLRY3,201802,0.00267392571989306,59
FRAS3,201802,-0.00762798123931771,46
GFSA3,201802,0.0131850355459693,55
GGBR3,201802,-0.00731641427477225,40
GGBR4,201802,0.000720737421952797,58
GOAU3,201802,0.0295627593203199,55
GOAU4,201802,-0.00381079399742208,58
GOLL4,201802,0.0161545703624409,57
GRND3,201802,0.0277181491947651,57
GUAR3,201802,0.00101867268638421,56
HBOR3,201802,-0.00512711994400403,56
HGTX3,201802,0.0103032903488028,58
HYPE3,201802,0.00657751263983365,59
IDNT3,201802,0.0104529401185432,44
IGTA3,201802,0.0160360098586061,60
INEP3,201802,0.0525649967855234,50
IRBR3,201802,0.0143499059907597,58
ITSA3,201802,0.00978944608653453,57
ITSA4,201802,0.00552350155633818,60
ITUB3,201802,0.00438670003548915,57
ITUB4,201802,0.00539198586873036,60
JBSS3,201802,0.00490850686822323,58
JHSF3,201802,-0.0152137778995291,55
JOPA3,201802,0.0446617871967957,50
JPSA4,201802,0.00820603449293348,55
JSLG3,201802,0.0279257714910136,57
KEPL3,201802,-0.00336480035597866,21
KLBN11,201802,0.00156643423194902,60
KLBN3,201802,0.0035548956688598,40
KLBN4,201802,0.00833480312734765,40
KROT3,201802,-0.00390893802203247,59
LAME3,201802,0.00129542051957562,58
LAME4,201802,0.0189537209195248,59
LCAM3,201802,0.0171737715757668,56
LEVE3,201802,-0.00195464004208488,57
LIGT3,201802,0.0113796919579257,57
LINX3,201802,-0.00248760785243071,57
LOGN3,201802,-0.0358007408595046,54
LPSB3,201802,-0.0416138538870143,51
LREN3,201802,0.0216444976368791,59
MAGG3,201802,0.0109219388515731,54
MDIA3,201802,0.00862862564506299,57
MEAL3,201802,0.0136340550973253,57
MGLU3,201802,0.00473072800142672,58
MILS3,201802,-0.0113417070255444,56
MOVI3,201802,0.034167380584207,57
MPLU3,201802,0.0346788153323629,52
MRFG3,201802,-0.00217866398003516,58
MRVE3,201802,0.00445483926619171,59
MULT3,201802,0.0241890420881979,59
MYPK3,201802,0.0165469952848395,57
NATU3,201802,-0.00519226879097739,59
ODPV3,201802,0.0188516385464138,57
OFSA3,201802,-0.0056208476749288,53
OGXP3,201802,-0.0190903751877848,31
OIBR3,201802,-0.00701519350093777,58
OIBR4,201802,0.00256236035418845,58
OMGE3,201802,-0.00472680502218913,57
PARD3,201802,0.0142157694016971,59
PCAR4,201802,0.0125500417571555,59
PDGR3,201802,0.00389185873720809,46
PETR3,201802,-0.00962038528029966,59
PETR4,201802,-0.00209442837658684,60
PFRM3,201802,-0.01618846744143,58
PMAM3,201802,0.00223902010334433,51
PNVL3,201802,-0.0016572043388187,56
PNVL4,201802,0.00796744126761374,56
POMO3,201802,0.0209783027978263,49
POMO4,201802,0.0166067970376582,53
POSI3,201802,-0.00779214259903939,51
PPLA11,201802,-0.0426334949096498,44
PRIO3,201802,0.00442125011520469,54
PRML3,201802,0.0304993194136656,49
PSSA3,201802,-0.00142191578991527,58
PTBL3,201802,0.00972473569119921,51
QGEP3,201802,0.00801061146865773,57
QUAL3,201802,0.00709009891399758,59
RADL3,201802,-0.000216413355185063,58
RAIL3,201802,0.0175252681129154,59
RAPT3,201802,0.0216244082132354,50
RAPT4,201802,0.00901057079572222,56
RCSL4,201802,0.00697381502665924,46
RDNI3,201802,0.0331210780705356,52
RENT3,201802,0.00259278046368083,58
RLOG3,201802,0.00160775402397214,56
ROMI3,201802,0.00317527026055669,54
RPAD3,201802,0.020216666464236,50
RSID3,201802,0.0113362201334168,50
SANB11,201802,-0.00421125299255126,58
SAPR11,201802,0.00401457222111673,59
SAPR3,201802,-0.000868718366257691,51
SAPR4,201802,-0.018960063491352,56
SBSP3,201802,0.00263967708887222,58
SCAR3,201802,-0.00567236534468567,44
SEDU3,201802,0.018706899940984,56
SEER3,201802,0.00622218543704069,58
SGPS3,201802,-0.00781469782911077,54
SHOW3,201802,-0.0366168419386807,57
SHUL4,201802,-0.00373539017382535,46
SLCE3,201802,0.0206022450111006,54
SLED4,201802,-0.046144432961046,56
SMLE3,201802,0.0184944627583029,38
SMLS3,201802,0.00464705603188929,59
SMTO3,201802,-6.91636189458066e-05,58
SNSL3,201802,-0.00609908022875678,53
SSBR3,201802,0.0176368825398308,63
STBP3,201802,0.0034593235378162,57
SULA11,201802,0.0151700863715591,57
SUZB3,201802,0.031969502427826,60
TAEE11,201802,0.0123620384289737,58
TCSA3,201802,-0.00876333132989909,57
TECN3,201802,-0.00449126815455804,56
TEND3,201802,0.00555452856364098,57
TESA3,201802,0.0341477387470407,56
TGMA3,201802,0.0251312890895239,57
TIET11,201802,0.0315164035410737,53
TIMP3,201802,0.00559199125597934,58
TOTS3,201802,0.00287674716837175,53
TPIS3,201802,-0.0135039823784382,30
TRIS3,201802,-0.0186632596121659,54
TRPL4,201802,0.00733320959562615,58
TUPY3,201802,0.000308713179940958,57
UCAS3,201802,-0.0546158501749144,28
UGPA3,201802,-0.000511899739211914,59
UNIP3,201802,0.00564480522440442,50
UNIP6,201802,-0.0443585249270182,49
USIM3,201802,0.00816973195277155,54
USIM5,201802,0.00435892508679551,60
VALE3,201802,0.00268882940445729,62
VIVT3,201802,-0.000423789777293288,57
VIVT4,201802,0.00326369619102608,59
VLID3,201802,0.00601517090023322,58
VULC3,201802,0.0127126322111999,57
VVAR11,201802,0.00661413641804306,59
VVAR3,201802,0.0275167052745293,33
WEGE3,201802,-0.00521097777030236,58
WIZS3,201802,0.0123399537307227,57
WLMM4,201802,-0.0178659542382459,21
AALR3,201803,0.0101600617447755,60
ABCB4,201803,-0.00875958774405832,59
ABEV3,201803,0.00893218297720213,61
AFLT3,201803,-0.0232005469745247,6
AGRO3,201803,0.00932644000551576,58
ALPA3,201803,0.0305422098865638,60
ALPA4,201803,0.00483014338487278,61
ALSC3,201803,0.00350932638113452,61
ALUP11,201803,-0.0099767606552,60
ALUP3,201803,-0.0213058741489058,42
ALUP4,201803,-0.0598678740375306,42
AMAR3,201803,-0.0310397018214641,60
ANIM3,201803,-0.0334987269210419,60
ARZZ3,201803,0.0114476852996964,60
ATOM3,201803,-0.0564770284869009,50
AZUL4,201803,-0.0049309466101268,60
B3SA3,201803,0.0152825194348344,62
BBAS3,201803,0.00692222676364187,61
BBDC3,201803,0.00484116110568867,61
BBDC4,201803,0.000249753141823324,62
BBRK3,201803,-0.0144593976278599,60
BBSE3,201803,0.00443644599932864,62
BBTG11,201803,-0.052494702480575,28
BEEF3,201803,-0.0173217980434492,60
BKBR3,201803,0.00376045052884019,54
BOBR4,201803,-0.065576529004378,50
BPAC11,201803,0.0126578039913386,60
BPAN4,201803,-0.0595224583677407,50
BPHA3,201803,-0.0685183057674456,50
BRAP3,201803,-0.00800878068097861,60
BRAP4,201803,-0.0167312858212816,61
BRDT3,201803,0.0109819354233337,61
BRFS3,201803,0.0161467785454169,61
BRGE3,201803,0.0189489576826859,52
BRIN3,201803,0.00317729885454929,56
BRIV3,201803,0.017906322033995,52
BRKM5,201803,0.00194507955076203,61
BRML3,201803,0.00380516908852636,62
BRPR3,201803,-0.00593653817656694,60
BRSR6,201803,0.00836885564913854,60
BSEV3,201803,-0.0588141113417475,50
BTOW3,201803,0.0141359550231629,60
CAMB4,201803,-0.0195260326485684,59
CAML3,201803,0.0146491051729848,60
CARD3,201803,-0.0384496895523267,58
CCPR3,201803,0.00961884890570277,53
CCRO3,201803,0.00919715026263066,61
CEBR3,201803,-0.0108932692160439,7
CEBR5,201803,-0.027067738848317,7
CEBR6,201803,-0.00909234402961983,7
CEEB3,201803,0.0151239612027318,6
CEED3,201803,0.0123867259711836,9
CEED4,201803,0.0440175689363341,5
CELP3,201803,-0.0174586946173898,59
CEPE3,201803,0.0129633953166273,7
CEPE5,201803,0.00697514350968285,47
CESP3,201803,-0.0165892708026579,51
CESP6,201803,-0.000467352140726401,60
CGAS3,201803,0.0285112292697966,53
CGAS5,201803,-0.0147635505425406,58
CGRA3,201803,0.0362859269255142,21
CGRA4,201803,0.0213096084064593,60
CIEL3,201803,-0.00237436801754934,61
CLSC3,201803,-0.00553364551468551,7
CLSC4,201803,-0.0563798443984805,52
CMIG3,201803,0.003606898472755,60
CMIG4,201803,-0.000674052998024946,61
COCE5,201803,0.0158789102731528,54
CPFE3,201803,-0.00919956095917988,61
CPLE3,201803,0.0128621183515114,60
CPLE6,201803,0.0262069691034895,61
CPRE3,201803,0.00289374951930263,60
CRDE3,201803,0.0057513923065434,61
CRFB3,201803,-0.0017452669267109,60
CRIV3,201803,-0.00254005790199935,52
CRIV4,201803,-0.0616790836533032,50
CRPG5,201803,-0.0643738075600123,50
CSAN3,201803,0.00420713732826325,61
CSMG3,201803,-0.00840479824338329,60
CSNA3,201803,0.0124364009765837,61
CSRN3,201803,0.0251845670860319,9
CSRN5,201803,0.0390287252873207,6
CTNM4,201803,0.0122404693670664,57
CVCB3,201803,0.00084891350847578,60
CYRE3,201803,0.0131511190156201,61
DIRR3,201803,0.00710742785675863,61
DMMO3,201803,-0.0127603073392509,45
DTEX3,201803,-0.0022003067169981,60
ECOR3,201803,0.012770012340441,61
EEEL3,201803,0.00600008741099065,9
EEEL4,201803,0.00748901537228349,5
EGIE3,201803,0.000981975664858528,61
ELET3,201803,0.0130856096405202,62
ELET6,201803,-0.00221926536732579,62
ELPL3,201803,-0.00320182095326265,60
EMBR3,201803,0.00421470413271492,61
ENBR3,201803,-0.000308605506648016,61
ENEV3,201803,0.00599464264807033,55
ENGI11,201803,-0.00694480489910792,61
ENGI4,201803,0.0248092812604988,60
ENMT3,201803,-0.0243535346743178,41
ENMT4,201803,-0.0243535346743179,41
EQTL3,201803,0.011685220364008,62
ESTC3,201803,-0.00629848623131808,61
ETER3,201803,-0.0343923457387586,57
EUCA4,201803,0.00131809257695121,60
EVEN3,201803,0.00637366786427013,60
EZTC3,201803,-0.00257560727066734,60
FESA4,201803,-0.00920308312477821,58
FIBR3,201803,-0.0141953588293907,61
FJTA4,201803,-0.054003693987174,50
FLRY3,201803,-0.003334886161148,61
FRAS3,201803,-0.0591488986843172,50
GFSA3,201803,-0.00348968307680519,59
GGBR3,201803,0.000948748462314029,60
GGBR4,201803,0.0226818654383632,61
GOAU3,201803,0.0062418829357304,60
GOAU4,201803,-0.00270623893871391,61
GOLL4,201803,-0.00756559145376415,60
GRND3,201803,-0.00900268443326502,60
GUAR3,201803,0.00650951938770628,60
GUAR4,201803,0.0204415732974285,54
HBOR3,201803,-0.0115886195781493,60
HGTX3,201803,0.00720027273180593,61
HYPE3,201803,-0.00281630104347103,61
IDNT3,201803,0.00854875613821581,51
IGTA3,201803,0.015508415648801,61
INEP3,201803,-0.00808070103551039,52
IRBR3,201803,-0.00340075537345139,61
ITSA3,201803,-0.00606542189378394,60
ITSA4,201803,0.00902115885000354,62
ITUB3,201803,-0.00858612837597704,61
ITUB4,201803,0.00547848813472181,62
JBSS3,201803,0.00986879609867314,61
JHSF3,201803,-0.033268011755184,58
JOPA3,201803,0.0257315129252642,52
JPSA3,201803,0.0227557184219366,58
JSLG3,201803,0.00379465644870735,61
KEPL3,201803,0.0413564624874729,21
KLBN11,201803,0.00777844854706836,62
KLBN3,201803,0.00633531209701754,42
KLBN4,201803,0.00933848978859919,55
KROT3,201803,0.00941815268751102,61
LAME3,201803,-0.00320393487822518,60
LAME4,201803,0.00183518494761437,62
LCAM3,201803,-0.00767844268122354,60
LEVE3,201803,-0.0189798397214839,59
LIGT3,201803,0.000839754362361852,60
LINX3,201803,0.00716017313949629,60
LIQO3,201803,-0.0583245011611564,51
LOGN3,201803,-0.0399013912797761,58
LPSB3,201803,-0.0422397880273345,54
LREN3,201803,0.018194562919084,61
LUPA3,201803,-0.0453095287478499,50
MAGG3,201803,0.00727597226986212,58
MDIA3,201803,-0.00727878811494725,60
MEAL3,201803,0.0128308746203834,60
MGLU3,201803,0.012137849535126,61
MILS3,201803,-0.0322063200300111,60
MMXM3,201803,-0.0608266857105585,50
MOAR3,201803,-0.0139970770596183,57
MOVI3,201803,0.00967918500149699,60
MPLU3,201803,-0.0105302830771115,58
MRFG3,201803,0.0107216350233191,61
MRVE3,201803,0.0108943656357165,61
MTSA4,201803,-0.0600332457833164,50
MULT3,201803,0.0114372468467858,61
MYPK3,201803,0.00602526815554322,60
NATU3,201803,-0.00572166306432601,61
ODPV3,201803,-0.00488838140366493,60
OFSA3,201803,0.0173313982808864,55
OGXP3,201803,-0.0427024497211511,31
OIBR3,201803,-0.0268336312614491,62
OIBR4,201803,-0.038729672339699,62
OMGE3,201803,-0.000823759589682403,60
PARD3,201803,0.0069318073951289,61
PCAR4,201803,-0.00535541127178631,61
PDGR3,201803,-0.0522263242337285,50
PETR3,201803,0.0129781064405315,61
PETR4,201803,0.00954256030918328,62
PFRM3,201803,0.0284542511688169,60
PINE4,201803,0.00340669510476809,51
PMAM3,201803,-0.0335529450462961,58
PNVL3,201803,0.0202187078449761,60
PNVL4,201803,0.0248995947175482,60
POMO3,201803,-0.00349053874279042,51
POMO4,201803,0.00580294719442728,54
POSI3,201803,-0.0426084268109744,52
PPLA11,201803,0.116476360526627,46
PRIO3,201803,0.00693201233025022,59
PRML3,201803,-0.0571991705998878,50
PSSA3,201803,0.00289260989279678,60
PTBL3,201803,-0.00877614790949078,58
QGEP3,201803,-0.0156535323025923,61
QUAL3,201803,0.00336892251274831,61
RADL3,201803,0.00689234630965334,61
RAIL3,201803,0.00260195091632775,61
RAPT3,201803,0.01478753173121,52
RAPT4,201803,-0.00364185984932626,59
RCSL4,201803,-0.0548473139703411,50
RDNI3,201803,0.012648459750154,53
RENT3,201803,-0.00182145662603099,61
RLOG3,201803,0.00537366591173098,60
RNEW11,201803,-0.0433326792709721,50
ROMI3,201803,-0.00835636629074857,58
RPAD3,201803,0.0136386317853177,52
RSID3,201803,-0.00977384426553653,52
SANB11,201803,-0.00307883320482591,61
SAPR11,201803,-0.00588224648027303,61
SAPR3,201803,0.0102322194824048,53
SAPR4,201803,0.0269080216662442,59
SBSP3,201803,0.000698349801824217,61
SCAR3,201803,-0.00828987400306097,56
SEDU3,201803,-0.0180687006781026,60
SEER3,201803,-0.00731395972764322,60
SGPS3,201803,-0.0124157546940096,59
SHOW3,201803,-0.000108586652438651,61
SHUL4,201803,-0.0603822210435505,50
SLCE3,201803,-0.0115676701553141,59
SLED4,201803,-0.0418891491671342,58
SMLS3,201803,0.00511088697617332,61
SMTO3,201803,-0.0163577623506213,61
SNSL3,201803,-0.00346033217123795,58
SSBR3,201803,0.0197649609651539,71
STBP3,201803,0.021935257533902,60
SULA11,201803,0.00813530056295375,60
SUZB3,201803,-0.00386770871241002,62
TAEE11,201803,-0.00244800737954905,61
TAEE3,201803,0.0464185328234654,42
TAEE4,201803,0.0554615227423184,42
TCSA3,201803,0.00746558240549212,61
TECN3,201803,-0.029539270647307,60
TEND3,201803,0.00297722977810002,60
TESA3,201803,0.00849872186654732,60
TGMA3,201803,0.00927087527812012,60
TIET11,201803,-0.0043129226940552,60
TIET3,201803,0.0502669197385202,42
TIET4,201803,0.0544246808160641,42
TIMP3,201803,0.0157444759509297,61
TOTS3,201803,0.0080146903682253,56
TPIS3,201803,-0.0374557655245611,57
TRIS3,201803,0.00665453092742848,58
TRPL4,201803,-0.00980152892622606,61
TUPY3,201803,0.000977504217743241,60
UCAS3,201803,-0.0503636407746487,50
UGPA3,201803,0.0163014333654907,61
UNIP3,201803,0.0139102140172656,52
UNIP6,201803,0.0337313017913474,59
USIM3,201803,-0.00565244819269858,59
USIM5,201803,0.0139508668655122,62
VALE3,201803,0.0105593177026478,64
VIVR3,201803,-0.0588110386159584,50
VIVT3,201803,-0.022642595376289,60
VIVT4,201803,-0.000795752206873305,61
VLID3,201803,-0.030907500021526,60
VULC3,201803,0.00647348329071832,61
VVAR11,201803,0.000170053648822139,61
VVAR3,201803,0.0114278363637167,54
WEGE3,201803,-0.000884928867630031,61
WIZS3,201803,-0.0314915382455118,60
WLMM4,201803,0.0406491057128488,21
AALR3,201804,0.0349792131992752,60
ABCB4,201804,0.0120573068760652,68
ABEV3,201804,0.00588551569631391,60
AFLT3,201804,0.0281332542010786,5
AGRO3,201804,-0.0174440249168675,57
ALPA3,201804,-0.00588284170729744,59
ALPA4,201804,-0.0233985379597355,61
ALSC3,201804,-0.0107704827624581,61
ALUP11,201804,-0.000888486688059469,60
ALUP3,201804,0.00829006064869712,40
ALUP4,201804,0.0211339144126933,40
AMAR3,201804,-0.0110417684668973,60
ANIM3,201804,0.0235054529946834,60
ARZZ3,201804,0.0335999280657314,54
ATOM3,201804,-0.0190460174455989,50
AZUL4,201804,0.0257035484421024,59
B3SA3,201804,-0.00561948635852234,61
BBAS3,201804,0.0137139248028957,60
BBDC3,201804,0.0210542431155492,60
BBDC4,201804,-0.00349098364154186,61
BBRK3,201804,-0.00429189626182853,59
BBSE3,201804,-0.00454743221231411,61
BEEF3,201804,0.000650267760825255,60
BIDI11,201804,0.0132489992491508,60
BKBR3,201804,0.0237816359873435,55
BOBR4,201804,-0.0110819215784623,50
BPAC11,201804,0.0265476462130859,59
BPAN4,201804,-0.0170346802101243,50
BPHA3,201804,-0.01634814884066,50
BRAP3,201804,0.0470942252686104,59
BRAP4,201804,0.0140312531878893,60
BRDT3,201804,-0.014437398166541,60
BRFS3,201804,0.0173001155022571,60
BRGE3,201804,0.0321715293382749,53
BRIN3,201804,-0.0166129993300778,56
BRIV3,201804,0.0330856844578537,53
BRKM5,201804,0.0248192719684793,60
BRML3,201804,-0.0112623530154855,61
BRPR3,201804,0.00835414995963911,60
BRSR3,201804,0.0323562827679975,53
BRSR6,201804,0.0189889496613468,60
BSEV3,201804,-0.0121104018231388,50
BTOW3,201804,0.0202597841800612,60
CAMB4,201804,-0.00493018665924022,57
CAML3,201804,0.017934272362616,59
CARD3,201804,-0.00610751672662005,58
CCPR3,201804,0.0339313827517511,54
CCRO3,201804,-0.002010283765371,60
CEBR3,201804,-0.0257513298755434,6
CEBR5,201804,-0.036762436940146,6
CEBR6,201804,-0.0354068568058548,6
CEEB3,201804,0.0385343949887137,7
CEED3,201804,0.0185073679459108,6
CEED4,201804,0.0145046926529554,6
CELP3,201804,0.0322668975609286,58
CEPE3,201804,0.0362685856609256,8
CEPE5,201804,-0.0296291346918967,47
CESP3,201804,0.0139867371518109,53
CESP6,201804,0.0112569070679247,60
CGAS3,201804,0.00655265987104554,54
CGAS5,201804,0.0112735139462994,59
CGRA4,201804,-0.00560289545678293,58
CIEL3,201804,0.0347759545847152,60
CLSC3,201804,-0.0348408367903429,6
CLSC4,201804,-0.0162104815624002,54
CMIG3,201804,0.0298706578437761,59
CMIG4,201804,0.0140514926277603,60
COCE5,201804,-0.0147388323680386,54
CPFE3,201804,0.0291126774532107,60
CPLE3,201804,0.0317292254880765,59
CPLE6,201804,0.0286443619477418,60
CPRE3,201804,-0.00301448280164416,59
CRDE3,201804,0.0184796931719102,59
CRFB3,201804,0.0208444270292838,60
CRIV3,201804,0.0275943435963861,53
CRIV4,201804,-0.0200310452369638,50
CRPG5,201804,-0.0177385732172577,50
CSAN3,201804,0.0215849960194179,60
CSMG3,201804,0.0150044357089578,60
CSNA3,201804,0.0222006915703393,60
CSRN3,201804,0.0234443785008989,6
CSRN5,201804,0.0162937150921757,5
CTNM4,201804,0.0269715346281266,58
CVCB3,201804,0.0194919349394118,60
CYRE3,201804,0.0257210956947809,60
DIRR3,201804,0.00321510199332145,60
DMMO3,201804,0.0845983989433839,43
DTEX3,201804,0.0191741008370999,60
ECOR3,201804,0.0151107661660417,60
EEEL3,201804,0.0434288421788031,6
EEEL4,201804,0.0319260026601054,7
EGIE3,201804,0.0179307603320849,60
ELET3,201804,0.0307193957760399,60
ELET6,201804,0.014211361046667,60
ELPL3,201804,0.00123555194324534,60
EMBR3,201804,0.0167298673535212,60
ENBR3,201804,0.0137342585510331,60
ENEV3,201804,0.00498509389608388,60
ENGI11,201804,0.0196932523731339,61
ENGI4,201804,0.00127519646349654,59
ENMT3,201804,0.134622189396564,40
ENMT4,201804,-0.136872679547663,40
EQTL3,201804,-0.0177433848716643,61
ESTC3,201804,0.0203390369754657,60
ETER3,201804,-0.00537700913643682,50
EUCA4,201804,0.0257748957808076,59
EVEN3,201804,0.0228972929225174,60
EZTC3,201804,0.0173860024272886,60
FESA4,201804,0.0105223973881867,58
FIBR3,201804,0.00928440030791349,60
FJTA4,201804,-0.0147458121185619,50
FLRY3,201804,0.0120291110898988,60
FRAS3,201804,-0.0161280063551323,50
GFSA3,201804,0.043937087362937,59
GGBR3,201804,0.0129418791360995,51
GGBR4,201804,0.00495777985443129,60
GNDI3,201804,0.0107912544837129,61
GOAU3,201804,0.00950905023851842,58
GOAU4,201804,0.00548252404693263,60
GOLL4,201804,0.0157404000877464,59
GRND3,201804,0.0217295897977773,60
GUAR3,201804,0.00475858857024673,60
HAPV3,201804,0.0103635777197532,61
HBOR3,201804,0.00474033127165903,60
HGTX3,201804,-0.0235843274097951,61
HYPE3,201804,0.0165568185373989,60
IDNT3,201804,0.0300228677755894,51
IGTA3,201804,0.0164369960480211,60
INEP3,201804,0.0257139934109435,53
IRBR3,201804,0.0151249752326681,60
ITSA3,201804,0.0326259308932987,59
ITSA4,201804,-0.00167333683883622,61
ITUB3,201804,0.0116550018703298,60
ITUB4,201804,0.0168992327266596,61
JBSS3,201804,0.0273394627414201,60
JHSF3,201804,-0.018371537409485,58
JOPA3,201804,0.0342994621996278,53
JPSA3,201804,0.00823858795393135,59
JSLG3,201804,0.0188007607588529,60
KLBN11,201804,0.0205770285269113,61
KLBN4,201804,0.00302214514850339,55
KROT3,201804,0.0113533422170521,60
LAME3,201804,0.0244889849873541,60
LAME4,201804,0.0185415377323243,61
LCAM3,201804,0.019175907494387,59
LEVE3,201804,-0.0070078978685865,59
LIGT3,201804,0.0119407729131807,60
LINX3,201804,0.0279657662923278,60
LIQO3,201804,0.0197550650245444,56
LOGN3,201804,-0.00577637660095271,58
LPSB3,201804,-0.0106695248379168,53
LREN3,201804,0.0121039503263406,60
LUPA3,201804,-0.0128617715599273,50
MAGG3,201804,0.031769500636272,59
MDIA3,201804,0.0140440055736196,59
MEAL3,201804,0.0269383601856553,60
MGLU3,201804,0.00638327469562897,60
MILS3,201804,-0.00613566698640345,59
MMXM3,201804,-0.0167937175694246,50
MOAR3,201804,0.024873992251385,55
MOVI3,201804,-0.0135585309342451,60
MPLU3,201804,0.0538392452169653,60
MRFG3,201804,0.0229491421117915,60
MRVE3,201804,0.0118786000481955,60
MTSA4,201804,-0.0142227421125837,50
MULT3,201804,0.0183140022650013,60
MYPK3,201804,0.0323934813846097,60
NATU3,201804,0.0126526680853293,60
ODPV3,201804,0.0276193207256671,59
OFSA3,201804,0.0112319655999457,54
OGXP3,201804,-0.0256478530191969,31
OIBR3,201804,0.00224035209031676,61
OIBR4,201804,0.00543260677623502,61
OMGE3,201804,0.0205295679423759,59
PARD3,201804,-0.00128429887292028,61
PCAR4,201804,0.0187188215460102,60
PDGR3,201804,-0.0187197586651086,50
PETR3,201804,0.0207615592847877,60
PETR4,201804,0.00631859643896889,61
PFRM3,201804,0.0211025254666927,58
PINE4,201804,0.0292445997611488,51
PMAM3,201804,-0.00695133783107236,51
PNVL3,201804,0.0317722051716092,59
PNVL4,201804,0.0202209681825209,59
POMO3,201804,0.0177774420877133,51
POMO4,201804,0.0226462703084773,59
POSI3,201804,-0.0122239030747519,51
PPLA11,201804,0.0759456254552856,49
PRIO3,201804,0.0250684424874562,58
PRML3,201804,-0.0163355522404018,50
PSSA3,201804,0.0141365737552711,60
PTBL3,201804,-0.00364757557488635,57
QGEP3,201804,0.0196301673296076,59
QUAL3,201804,0.0170740898259707,60
RADL3,201804,0.00738853120572243,60
RAIL3,201804,0.0151621557638864,60
RAPT3,201804,0.0381846879631782,54
RAPT4,201804,0.013758618171475,59
RCSL4,201804,-0.0182661582192237,50
RDNI3,201804,0.0217474682724774,54
RENT3,201804,0.0167106040864844,60
RLOG3,201804,0.00716559157975742,59
RNEW11,201804,-0.0136476806865412,50
ROMI3,201804,0.0155716604914142,58
RPAD3,201804,0.0344396688016066,53
RSID3,201804,-0.0123546963037089,57
SANB11,201804,0.0198822544204258,60
SAPR11,201804,0.012351256787512,60
SAPR3,201804,0.0280956115862237,50
SAPR4,201804,0.0591724417075045,58
SBSP3,201804,0.0202955216136068,60
SCAR3,201804,-0.00379208441502643,57
SEDU3,201804,0.0107945781476716,59
SEER3,201804,0.00841046156031866,60
SGPS3,201804,0.0589068606085277,57
SHOW3,201804,0.00262631709457385,59
SHUL4,201804,-0.0163883031180973,50
SLCE3,201804,0.0171689753050619,59
SLED4,201804,-0.0221650124126315,57
SMLS3,201804,0.0166245928363023,60
SMTO3,201804,0.0179755841635218,60
SNSL3,201804,0.0260737722952751,56
SSBR3,201804,0.01658940278229,68
STBP3,201804,0.0125342102346111,59
SULA11,201804,0.0336939208279857,59
SUZB3,201804,0.0158363119758579,61
TAEE11,201804,0.0225541393920392,60
TCSA3,201804,0.00672268034813307,60
TECN3,201804,-0.0101199812400466,58
TEND3,201804,0.0229743286057411,60
TESA3,201804,-0.0200535261066481,59
TGMA3,201804,0.0346836587775807,59
TIET11,201804,0.0324977933849821,55
TIMP3,201804,0.0248677383793229,60
TOTS3,201804,0.0328073014554616,55
TPIS3,201804,-0.0222071846478997,57
TRIS3,201804,0.0269817645882598,56
TRPL4,201804,0.00503068449041126,60
TRPN3,201804,-0.00271005509429995,52
TUPY3,201804,-0.00467021559341554,59
UCAS3,201804,-0.00839122130448127,50
UGPA3,201804,0.00849798315383382,60
UNIP3,201804,0.0319024136108707,53
UNIP6,201804,0.019487964701051,49
USIM3,201804,0.0323773669766375,61
USIM5,201804,0.0182508766640109,60
USIM6,201804,0.0305023094298414,55
VALE3,201804,0.00601106591092539,63
VIVR3,201804,-0.0141012797780522,50
VIVT3,201804,0.00027641320295291,59
VIVT4,201804,0.0170370061317529,60
VLID3,201804,0.0103760323024612,59
VULC3,201804,-0.0185354764916768,60
VVAR11,201804,0.0155655237013592,60
VVAR3,201804,0.00378810287320331,55
WEGE3,201804,0.0196858031933975,60
WIZS3,201804,0.00926984142508324,60
AALR3,201805,-0.0857680118454104,56
ABCB4,201805,-0.112123399492042,55
ABEV3,201805,-0.0992580274962803,57
AFLT3,201805,-0.0545057035040919,8
AGRO3,201805,-0.116969557729039,50
ALPA3,201805,-0.10597698501084,54
ALPA4,201805,-0.0711712426886455,57
ALSC3,201805,-0.0790733478634943,57
ALUP11,201805,-0.110878197757679,56
AMAR3,201805,-0.107268990813664,55
ANIM3,201805,-0.116442470155384,56
ARZZ3,201805,-0.105968739182735,56
AZUL4,201805,-0.0946174858505294,56
B3SA3,201805,-0.0874342786802235,58
BBAS3,201805,-0.0946295396436205,57
BBDC3,201805,-0.0904485557802398,56
BBDC4,201805,-0.0806382576190874,58
BBRK3,201805,-0.117600024609049,55
BBSE3,201805,-0.0878623133658373,57
BEEF3,201805,-0.108481175191049,56
BIDI4,201805,-0.109830225951601,56
BKBR3,201805,-0.124704043141716,53
BPAC11,201805,-0.0863237727267641,56
BRAP3,201805,-0.0702729453819593,56
BRAP4,201805,-0.10579398493007,57
BRDT3,201805,-0.0687990392862048,57
BRFS3,201805,-0.0897942640613682,57
BRGE3,201805,-0.00556392824739788,53
BRIN3,201805,-0.0659088993336527,48
BRIV3,201805,-0.0127181990587855,53
BRKM5,201805,-0.0881227097283068,56
BRML3,201805,-0.0806413028966312,57
BRPR3,201805,-0.113474072999429,56
BRSR3,201805,-0.10955177090606,53
BRSR6,201805,-0.107654669437308,56
BTOW3,201805,-0.0864875923173425,56
CAMB4,201805,-0.150236051631673,39
CAML3,201805,-0.0850291540261138,56
CARD3,201805,-0.107933614523144,50
CCPR3,201805,-0.0153321264215446,53
CCRO3,201805,-0.0839610034931979,57
CEBR3,201805,-0.045214974681427,7
CEBR5,201805,-0.0622020546610047,7
CEBR6,201805,-0.0624878987949409,7
CEEB3,201805,-0.0708511148354889,8
CEED3,201805,-0.0294637322388737,8
CEED4,201805,-0.0650272128320903,8
CELP3,201805,-0.160711395937186,52
CEPE3,201805,-0.0572490697451951,5
CEPE5,201805,-0.0738986323228458,46
CESP3,201805,-0.0845724959568032,50
CESP6,201805,-0.102643226938671,56
CGAS3,201805,-0.0310153028701988,54
CGAS5,201805,-0.0912816035998119,55
CGRA4,201805,-0.0098156665774573,53
CIEL3,201805,-0.102137619657327,57
CLSC3,201805,-0.0502191338252482,7
CLSC4,201805,-0.0808733231366422,38
CMIG3,201805,-0.0849972388521688,56
CMIG4,201805,-0.113176237592004,57
COCE5,201805,-0.095366054146386,44
CPFE3,201805,-0.110834270926432,56
CPLE3,201805,-0.084759764959282,56
CPLE6,201805,-0.0845927333049117,56
CPRE3,201805,-0.118277984077941,56
CRDE3,201805,-0.0803368203348743,54
CRFB3,201805,-0.0935245967989809,56
CRIV3,201805,-0.0112029543523976,53
CSAN3,201805,-0.0869536806142756,57
CSMG3,201805,-0.11135111812189,56
CSNA3,201805,-0.0885355887108967,57
CSRN3,201805,-0.0572490697451951,5
CSRN5,201805,-0.0572490697451951,5
CTNM4,201805,0.00153727276090056,53
CVCB3,201805,-0.112049228119191,56
CYRE3,201805,-0.0981000004979152,56
DIRR3,201805,-0.11522156931188,56
DMMO3,201805,-0.112145488972262,51
DTEX3,201805,-0.112146491737951,55
ECOR3,201805,-0.0948465276497795,56
EEEL3,201805,-0.0633261361815589,8
EEEL4,201805,-0.0567569782037987,9
EGIE3,201805,-0.0902101004442,56
ELET3,201805,-0.106329902434797,57
ELET6,201805,-0.104399844722272,56
ELPL3,201805,-0.0939600165152536,56
EMBR3,201805,-0.0906470616069479,57
ENBR3,201805,-0.105288341723195,56
ENEV3,201805,-0.0779831777016791,55
ENGI11,201805,-0.103843900092676,58
ENGI4,201805,-0.119842408968757,54
ENMT3,201805,0.175895224944314,41
ENMT4,201805,0.0519244493257814,41
EQTL3,201805,-0.0749027326548362,57
ESTC3,201805,-0.0927066585929656,57
ETER3,201805,-0.107001373202956,50
EUCA4,201805,-0.118163019443328,55
EVEN3,201805,-0.0880819005920591,56
EZTC3,201805,-0.0963117301771466,55
FESA4,201805,-0.110323106584296,51
FHER3,201805,0.0291136350975356,11
FIBR3,201805,-0.114423270551417,56
FLRY3,201805,-0.111280401879383,57
GFSA3,201805,-0.125872241372523,54
GGBR3,201805,-0.0782431095514668,50
GGBR4,201805,-0.10904496078831,56
GNDI3,201805,-0.095735910495544,56
GOAU3,201805,-0.0834646291077619,52
GOAU4,201805,-0.100775313019285,56
GOLL4,201805,-0.109247023330514,56
GRND3,201805,-0.112186392547279,56
GUAR3,201805,-0.116185489160581,56
GUAR4,201805,-0.140880428105185,39
HAPV3,201805,-0.100384177503994,57
HBOR3,201805,-0.121311224803201,55
HGTX3,201805,-0.0731125575010678,57
HYPE3,201805,-0.106385218879649,57
IDNT3,201805,-0.0841378801294046,50
IGTA3,201805,-0.111850631921041,56
INEP3,201805,-0.0577723052499508,53
IRBR3,201805,-0.0920331203922713,56
ITSA3,201805,-0.104854134867729,55
ITSA4,201805,-0.0752640906123754,58
ITUB3,201805,-0.106857757876175,56
ITUB4,201805,-0.0936774810278972,58
JBSS3,201805,-0.0904549879633282,56
JHSF3,201805,-0.0967813747036618,46
JOPA3,201805,-0.0284476293817453,53
JPSA3,201805,-0.112718677047773,55
JSLG3,201805,-0.120579196306745,55
KLBN11,201805,-0.088404974489488,57
KLBN4,201805,-0.116463205187639,55
KROT3,201805,-0.080940842811843,56
LAME3,201805,-0.0732104127417498,56
LAME4,201805,-0.0914635675014841,57
LCAM3,201805,-0.105307093997396,56
LEVE3,201805,-0.116752534232646,54
LIGT3,201805,-0.104827697986685,57
LINX3,201805,-0.0822063868912184,56
LIQO3,201805,-0.0552932817235482,38
LLIS3,201805,-0.131734084538176,36
LOGN3,201805,-0.103663308933504,49
LPSB3,201805,-0.126888812262159,52
LREN3,201805,-0.113959085125134,56
MAGG3,201805,-0.0910465110635123,55
MDIA3,201805,-0.0937309593075878,56
MEAL3,201805,-0.0939726465346756,56
MGLU3,201805,-0.102872900139183,56
MILS3,201805,-0.106834747438626,55
MOAR3,201805,-0.123796245153703,47
MOVI3,201805,-0.102133588444196,57
MPLU3,201805,-0.109629215717308,55
MRFG3,201805,-0.0877924130386447,56
MRVE3,201805,-0.115674506134644,56
MULT3,201805,-0.115135757846561,56
MYPK3,201805,-0.0855231523659564,56
NATU3,201805,-0.111763013349063,57
ODPV3,201805,-0.106107235426812,56
OFSA3,201805,-0.0167837763302214,55
OGXP3,201805,-0.148807944929306,32
OIBR3,201805,-0.113228312392918,57
OIBR4,201805,-0.109753333097355,55
OMGE3,201805,-0.0868159273216406,56
PARD3,201805,-0.0898159717109536,57
PCAR4,201805,-0.120585872685336,57
PETR3,201805,-0.0929562212599506,56
PETR4,201805,-0.0892562430898317,58
PFRM3,201805,-0.107898476986271,51
PINE4,201805,-0.0823762701422342,50
PMAM3,201805,-0.110231294110721,50
PNVL3,201805,-0.126623919648539,54
PNVL4,201805,-0.107959296476704,56
POMO3,201805,-0.100340143591205,51
POMO4,201805,-0.105788756940084,55
POSI3,201805,-0.112920191375749,50
PRIO3,201805,-0.114518645964352,50
PSSA3,201805,-0.111556343079916,55
PTBL3,201805,-0.0963491728350742,45
QGEP3,201805,-0.112911992928841,55
QUAL3,201805,-0.0831536016915415,56
RADL3,201805,-0.104429603473884,56
RAIL3,201805,-0.108747067825004,57
RAPT3,201805,-0.00207018612184446,53
RAPT4,201805,-0.0941420735538812,56
RDNI3,201805,-0.104126224446937,53
RENT3,201805,-0.102272320151807,57
RLOG3,201805,-0.116918619356931,56
RNEW11,201805,-0.24047639047581,37
RNEW3,201805,-0.177792609957739,37
ROMI3,201805,-0.10783085292556,51
RPAD3,201805,-0.00625307433371931,53
RSID3,201805,-0.0821036658734575,29
SANB11,201805,-0.0800666192954714,56
SAPR11,201805,-0.109916694188571,57
SAPR3,201805,-0.112402820947682,48
SAPR4,201805,-0.107239495538839,52
SBSP3,201805,-0.0834590860908123,56
SCAR3,201805,-0.0894160012628086,48
SEDU3,201805,-0.111549563123981,55
SEER3,201805,-0.0983364153631645,57
SGPS3,201805,-0.129137052448188,39
SHOW3,201805,-0.07577812901261,55
SLCE3,201805,-0.0511902822770725,56
SLED4,201805,-0.109492932550342,50
SMLS3,201805,-0.111513238652803,56
SMTO3,201805,-0.088592650690589,57
SNSL3,201805,-0.105785966868333,49
SSBR3,201805,-0.119970604608526,55
STBP3,201805,-0.111084746998366,56
SULA11,201805,-0.092188517553918,56
SUZB3,201805,-0.11652844503255,57
TAEE11,201805,-0.111073928216704,56
TCSA3,201805,-0.0678537771378117,56
TECN3,201805,-0.10625100721668,53
TEND3,201805,-0.0884753228248809,56
TESA3,201805,-0.121420896690279,53
TGMA3,201805,-0.0848812026091967,55
TIET11,201805,-0.075510657626256,56
TIMP3,201805,-0.0944033746051795,56
TOTS3,201805,-0.094811729363315,55
TPIS3,201805,-0.107356529183732,50
TRIS3,201805,-0.0649458706143402,48
TRPL4,201805,-0.113665616710124,56
TRPN3,201805,-0.0833676534354573,50
TUPY3,201805,-0.111269463929722,55
UCAS3,201805,-0.114116585677451,50
UGPA3,201805,-0.0898529572739646,57
UNIP3,201805,-0.0467395339104609,53
UNIP6,201805,-0.125519048186194,53
USIM3,201805,-0.0858849656720461,56
USIM5,201805,-0.107821963674199,57
USIM6,201805,-0.140215538980224,47
VALE3,201805,-0.09176315397119,59
VIVR3,201805,-0.0904118228979357,39
VIVT3,201805,-0.106473209688584,56
VIVT4,201805,-0.0929467587913398,56
VLID3,201805,-0.111442467389446,55
VULC3,201805,-0.0718398629015648,57
VVAR11,201805,-0.108834828422807,56
VVAR3,201805,-0.103487115701007,55
WEGE3,201805,-0.0805217408663629,56
WIZS3,201805,-0.103173472540803,56
AALR3,201806,-0.0497967170632918,54
ABCB4,201806,-0.0529614972319807,54
ABEV3,201806,-0.0489882965077685,55
AFLT3,201806,-0.154646847681929,8
AGRO3,201806,-0.0673317819465671,53
ALPA3,201806,-0.061131618746239,52
ALPA4,201806,-0.0612158754538603,54
ALSC3,201806,-0.077652486136986,54
ALUP11,201806,-0.0460385466131206,54
AMAR3,201806,-0.0629845115372783,54
ANIM3,201806,-0.0643207675238343,54
ARZZ3,201806,-0.0512546339454522,54
AZUL4,201806,-0.0694388466572325,54
B3SA3,201806,-0.0585734908366437,55
BBAS3,201806,-0.0454722194908175,55
BBDC3,201806,-0.0522973610971223,54
BBDC4,201806,-0.0605574205056544,55
BBRK3,201806,-0.0526790308386476,53
BBSE3,201806,-0.0421813298185528,54
BEEF3,201806,-0.0465940724049889,54
BIDI4,201806,-0.0327565030985185,54
BKBR3,201806,-0.050423294296067,54
BPAC11,201806,-0.0481973733888538,53
BRAP3,201806,-0.035497993277372,54
BRAP4,201806,-0.0333261537791205,55
BRDT3,201806,-0.0512114465754586,54
BRFS3,201806,-0.0396579939951992,55
BRGE3,201806,-0.0727023680829253,51
BRIN3,201806,-0.056907310140571,49
BRIV3,201806,-0.0393478805257926,51
BRKM5,201806,-0.0548853940595394,54
BRML3,201806,-0.0704710222977934,54
BRPR3,201806,-0.0440114997216096,54
BRSR3,201806,-0.067871353767292,52
BRSR6,201806,-0.0491371945974828,54
BTOW3,201806,-0.0419144664990024,54
CAMB4,201806,-0.0673345737806255,41
CAML3,201806,-0.0325713505175295,54
CARD3,201806,0.148958210040055,8
CCPR3,201806,-0.0457911312415687,51
CCRO3,201806,-0.044493236804649,54
CEEB3,201806,-0.165284406308177,5
CEED3,201806,-0.15190082865416,8
CEED4,201806,-0.12849831645446,8
CELP3,201806,-0.0712618936868845,50
CEPE3,201806,-0.165284406308177,5
CEPE5,201806,-0.137003359156977,48
CESP3,201806,-0.0888340710111995,50
CESP6,201806,-0.052255644617836,54
CGAS3,201806,-0.059846661959901,51
CGAS5,201806,-0.0621847751205455,53
CGRA4,201806,-0.0486970752663718,51
CIEL3,201806,-0.0402492149719124,55
CLSC4,201806,-0.0582381756965826,38
CMIG3,201806,-0.0491928294589365,54
CMIG4,201806,-0.0397283170751438,55
COCE5,201806,-0.0481215189981364,44
CPFE3,201806,-0.0552531792215402,54
CPLE3,201806,-0.049768653723617,54
CPLE6,201806,-0.0509132354981177,54
CPRE3,201806,-0.0496839208497529,54
CRDE3,201806,-0.0817510333281659,52
CRFB3,201806,-0.0754875053644772,54
CRIV3,201806,-0.0523875298286041,51
CSAN3,201806,-0.0735719650616666,54
CSMG3,201806,-0.0403644835654927,54
CSNA3,201806,-0.0493114052908092,54
CSRN3,201806,-0.137773314802154,9
CSRN5,201806,-0.165284406308177,5
CTNM4,201806,-0.0453631142096343,51
CVCB3,201806,-0.0422674511246612,54
CYRE3,201806,-0.0667746670303897,54
DIRR3,201806,-0.0444364289419216,54
DTEX3,201806,-0.048786946102127,54
ECOR3,201806,-0.0527738911834287,54
EEEL3,201806,-0.151486910669038,8
EEEL4,201806,-0.137773314802154,9
EGIE3,201806,-0.074960930814149,54
ELET3,201806,-0.0468381775858358,55
ELET6,201806,-0.0413126380445551,54
ELPL3,201806,-0.0629072916017766,53
EMBR3,201806,-0.0503706658652484,54
ENBR3,201806,-0.0410155783340533,54
ENEV3,201806,-0.0483111720049971,53
ENGI11,201806,-0.0406556047223726,55
ENGI4,201806,-0.0707330174377551,52
ENMT3,201806,0.03957186634084,41
ENMT4,201806,0.0397194448588658,41
EQTL3,201806,-0.0521101042581455,54
ESTC3,201806,-0.0495778866755902,54
EUCA4,201806,-0.0580785668169588,53
EVEN3,201806,-0.0631574807288843,54
EZTC3,201806,-0.0417044949032672,54
FESA4,201806,-0.0423251097719773,50
FIBR3,201806,-0.0339484964987704,54
FLRY3,201806,-0.0445839942852696,55
GFSA3,201806,-0.0394563366544392,52
GGBR3,201806,-0.0653240807645822,53
GGBR4,201806,-0.0346042314828186,54
GNDI3,201806,-0.0506594957490917,54
GOAU3,201806,-0.0583676622591347,53
GOAU4,201806,-0.0331766583493718,54
GOLL4,201806,-0.0725832107142064,54
GRND3,201806,-0.0448601571425801,54
GUAR3,201806,-0.0647937780629657,54
GUAR4,201806,-0.00913966145813912,47
HAPV3,201806,-0.0711382682547367,54
HBOR3,201806,-0.0538632501583024,53
HGTX3,201806,-0.0516219739426039,54
HYPE3,201806,-0.0390534933340317,54
IDNT3,201806,-0.0442294648438338,48
IGTA3,201806,-0.0393231903907791,54
INEP3,201806,-0.0356566560583254,51
IRBR3,201806,-0.0439015246078088,55
ITSA3,201806,-0.0600407364776519,53
ITSA4,201806,-0.0345833770556208,55
ITUB3,201806,-0.0468850505094953,54
ITUB4,201806,-0.0421366607767746,54
JBSS3,201806,-0.0510825271472679,54
JHSF3,201806,-0.0737876407513905,39
JOPA3,201806,-0.0523875298286041,51
JPSA3,201806,-0.0656537131015566,53
JSLG3,201806,-0.0583540257763226,54
KEPL3,201806,-0.0304404013786848,42
KLBN11,201806,-0.0368406032008253,54
KLBN4,201806,-0.0630077720336413,53
KROT3,201806,-0.0472950750534907,54
LAME3,201806,-0.0456790452366568,54
LAME4,201806,-0.0435754255368375,54
LCAM3,201806,-0.0411028748336205,54
LEVE3,201806,-0.0419263024939321,53
LIGT3,201806,-0.0326586665116129,54
LINX3,201806,-0.048762825646622,54
LIQO3,201806,-0.0750040651959596,8
LLIS3,201806,-0.0523521158321049,45
LOGN3,201806,-0.0693724770772638,49
LPSB3,201806,-0.0768870313782062,50
LREN3,201806,-0.0422161783681399,54
MAGG3,201806,-0.0484865521265551,53
MDIA3,201806,-0.0782052612771165,54
MEAL3,201806,-0.0504360827915936,54
MGLU3,201806,-0.0464173541294445,54
MILS3,201806,-0.0650219184842898,53
MOAR3,201806,-0.0594881131810952,49
MOVI3,201806,-0.0436052434686615,54
MPLU3,201806,-0.0481887910595516,54
MRFG3,201806,-0.048300090994495,54
MRVE3,201806,-0.0396979683646951,54
MULT3,201806,-0.0391561701609868,54
MYPK3,201806,-0.0451404210291208,54
NATU3,201806,-0.0500436537620611,54
ODPV3,201806,-0.0390605642842589,54
OFSA3,201806,-0.0565997477292052,52
OGXP3,201806,-0.0264823366163436,29
OIBR3,201806,-0.0368473038742561,55
OIBR4,201806,-0.031418117253955,54
OMGE3,201806,-0.0864791139668557,54
PARD3,201806,-0.0477532739467864,54
PCAR4,201806,-0.0460356248254942,55
PETR3,201806,-0.047523655807216,54
PETR4,201806,-0.045788221514348,55
PFRM3,201806,-0.0503321234850368,51
PINE4,201806,-0.0482003615533423,48
PMAM3,201806,-0.0660163142496811,8
PNVL3,201806,-0.0516101238157642,52
PNVL4,201806,-0.0627521474257343,53
POMO3,201806,-0.0478480804883839,50
POMO4,201806,-0.0304647592347708,54
PRIO3,201806,-0.0698678652453109,50
PSSA3,201806,-0.0429639526747523,54
PTBL3,201806,-0.0525857258246371,47
QGEP3,201806,-0.0692118396204776,53
QUAL3,201806,-0.0527058562711551,54
RADL3,201806,-0.0536608528159031,54
RAIL3,201806,-0.0395844359924382,54
RAPT3,201806,-0.0433610682803675,51
RAPT4,201806,-0.0534207541343961,54
RDNI3,201806,-0.0447765189945034,52
RENT3,201806,-0.032447127611103,54
RLOG3,201806,-0.0494642832103596,54
RNEW11,201806,-0.0609720483068887,38
RNEW3,201806,-0.167576607025328,38
RPAD3,201806,-0.0523875298286041,51
RSID3,201806,0.0534724137372028,29
SANB11,201806,-0.0460721262453435,54
SAPR11,201806,-0.0435594289320829,54
SAPR3,201806,-0.0489083156980181,48
SAPR4,201806,-0.0427852070264337,49
SBSP3,201806,-0.0401675972786968,54
SCAR3,201806,-0.0492176329655807,48
SEDU3,201806,-0.0435380570349118,53
SEER3,201806,-0.0322581517696176,55
SGPS3,201806,-0.0523310518479413,41
SHOW3,201806,-0.0492811304250222,53
SLCE3,201806,-0.0406657729359617,54
SMLS3,201806,-0.0506386925487208,54
SMTO3,201806,-0.0509971461962142,55
SNSL3,201806,-0.0514256115149648,51
SSBR3,201806,-0.054915914219635,54
STBP3,201806,-0.038328085973653,54
SULA11,201806,-0.0359140770199627,54
SUZB3,201806,-0.0449314340841094,54
TAEE11,201806,-0.0395774232429384,54
TCSA3,201806,-0.0417017346120961,54
TECN3,201806,-0.0610749198865593,49
TEND3,201806,-0.0493509021454481,54
TESA3,201806,-0.0496965768352897,51
TGMA3,201806,-0.0451923192870358,53
TIET11,201806,-0.0858738919136389,54
TIMP3,201806,-0.0382974409788554,54
TOTS3,201806,-0.0495549270741709,54
TRIS3,201806,-0.0564781898521892,49
TRPL4,201806,-0.0547939345708574,54
TRPN3,201806,-0.0835494559621197,51
TUPY3,201806,-0.0470820983677332,54
UGPA3,201806,-0.0428581826650456,55
UNIP3,201806,-0.0427967253928539,51
UNIP6,201806,-0.0434946071869821,52
USIM3,201806,-0.0499205280280945,54
USIM5,201806,-0.0482266040875515,55
USIM6,201806,-0.0545558919435906,49
VALE3,201806,-0.0526601006289385,56
VIVR3,201806,-0.0512536723195224,46
VIVT3,201806,-0.0430811493132805,54
VIVT4,201806,-0.0429568995435135,54
VLID3,201806,-0.0437457404183483,53
VULC3,201806,-0.050977773532846,54
VVAR11,201806,-0.0460307786926388,54
VVAR3,201806,-0.0618834737491587,53
WEGE3,201806,-0.0392799953816117,54
WIZS3,201806,-0.0432616942284587,54
AALR3,201807,0.0667022173157442,54
ABCB4,201807,0.0554324445101004,53
ABEV3,201807,0.0682608897230423,54
AFLT3,201807,0.275429151291795,6
AGRO3,201807,0.048509575563843,52
ALPA3,201807,0.0273839596749649,52
ALPA4,201807,0.0433792375990736,54
ALSC3,201807,0.0523993108264293,54
ALUP11,201807,0.0711253452703702,54
ALUP3,201807,0.0634061796106381,42
ALUP4,201807,0.055451410574326,42
AMAR3,201807,0.0542690136710258,54
ANIM3,201807,0.0780996974670499,54
ARZZ3,201807,0.0905633855226968,54
AZUL4,201807,0.0662553321677662,54
B3SA3,201807,0.0761134771434088,54
BBAS3,201807,0.0735625491620852,54
BBDC3,201807,0.0679577231847407,54
BBDC4,201807,0.0648598005936211,54
BBRK3,201807,0.0520225133860093,54
BBSE3,201807,0.0881733519571991,54
BEEF3,201807,0.0802297042090957,54
BIDI4,201807,0.0742168585896464,54
BKBR3,201807,0.0554363687330377,54
BPAC11,201807,0.0659573076708569,53
BRAP3,201807,0.0958539459085533,54
BRAP4,201807,0.0693604365412208,54
BRDT3,201807,0.0776324549915015,54
BRFS3,201807,0.0760735404803871,55
BRGE3,201807,0.122710616616994,51
BRIN3,201807,0.0418554608041059,48
BRIV3,201807,0.123955003191011,50
BRKM5,201807,0.0700562761459236,54
BRML3,201807,0.0492783934888677,54
BRPR3,201807,0.0708920331978788,54
BRSR3,201807,0.0584115248380264,51
BRSR6,201807,0.064989906058375,54
BTOW3,201807,0.0820250150230563,54
CAMB4,201807,0.0660587004293998,42
CAML3,201807,0.0763071814285342,54
CCPR3,201807,0.133940375928617,50
CCRO3,201807,0.0768039593916487,55
CEEB3,201807,0.168868356555704,12
CEED3,201807,0.240200164405526,6
CEED4,201807,0.224121563563592,6
CELP3,201807,0.0658709444798593,50
CEPE3,201807,0.302615958885348,5
CEPE5,201807,0.181729951420678,47
CESP3,201807,0.036760152399928,50
CESP6,201807,0.0767559124330196,54
CGAS3,201807,0.0606818874843406,50
CGAS5,201807,0.0481865096753243,54
CGRA4,201807,0.138422848609362,50
CIEL3,201807,0.0723967411266717,55
CLSC4,201807,0.087422847335619,38
CMIG3,201807,0.0645283351532301,54
CMIG4,201807,0.0827474377698641,54
COCE5,201807,0.0909615459643312,44
CPFE3,201807,0.0815747780582467,54
CPLE3,201807,0.0669390292599362,54
CPLE6,201807,0.068355085475845,54
CPRE3,201807,0.0855333326862684,54
CRDE3,201807,0.0395261911202055,52
CRFB3,201807,0.0469363817654552,54
CRIV3,201807,0.125023767330715,50
CSAN3,201807,0.0642681146295048,54
CSMG3,201807,0.0771154669774712,54
CSNA3,201807,0.074565369271955,54
CSRN3,201807,0.253298533970452,6
CSRN5,201807,-0.0376419456771152,5
CTNM4,201807,0.126711496446676,50
CVCB3,201807,0.0765436814164264,54
CYRE3,201807,0.0603152476168123,54
DIRR3,201807,0.0726427603609053,54
DTEX3,201807,0.0725160192368386,54
ECOR3,201807,0.0600733738068161,54
EEEL3,201807,0.239022071000948,6
EEEL4,201807,0.302615958885348,5
EGIE3,201807,0.0795076496816646,54
ELET3,201807,0.0803666910351312,54
ELET6,201807,0.0644038679845501,54
ELPL3,201807,0.0718815682854126,50
EMBR3,201807,0.0944016888240464,54
ENBR3,201807,0.0772549792632324,54
ENEV3,201807,0.074369635475928,53
ENGI11,201807,0.0855200212180964,54
ENGI4,201807,0.0515985120165665,52
EQTL3,201807,0.0664623947885186,54
ESTC3,201807,0.0774700955127049,54
EUCA4,201807,0.0673319645715556,54
EVEN3,201807,0.047763354024386,54
EZTC3,201807,0.0793254374275373,53
FESA4,201807,0.0649904553027434,46
FIBR3,201807,0.0678988506574528,54
FLRY3,201807,0.0857517185414929,54
GFSA3,201807,0.0921478230838889,51
GGBR3,201807,0.0403146250925993,54
GGBR4,201807,0.0678409397706225,54
GNDI3,201807,0.077891748972404,54
GOAU3,201807,0.0398754918559815,53
GOAU4,201807,0.0609401082064539,54
GOLL4,201807,0.0728794958774902,54
GRND3,201807,0.0769324454603987,54
GUAR3,201807,0.0500324843422283,54
GUAR4,201807,0.0427665209994713,53
HAPV3,201807,0.063689860266522,54
HBOR3,201807,0.0490144776239582,54
HGTX3,201807,0.0615192786253643,54
HYPE3,201807,0.0814934340906128,54
IDNT3,201807,0.0614558540052544,48
IGTA3,201807,0.0795995389248467,54
INEP3,201807,0.0591891434502382,50
IRBR3,201807,0.022041338279029,55
ITSA3,201807,0.0553849066891316,54
ITSA4,201807,0.0737468502772455,54
ITUB3,201807,0.0793728371275746,54
ITUB4,201807,0.0849211047552484,55
JBSS3,201807,0.0693398307110517,54
JHSF3,201807,0.0722177683972116,41
JOPA3,201807,0.131956204212723,50
JPSA3,201807,0.0504405658388445,52
JSLG3,201807,0.0661021015806892,54
KEPL3,201807,0.0361463506916162,41
KLBN11,201807,0.0837718532641665,54
KLBN4,201807,0.0475264457247986,52
KROT3,201807,0.0665118014356634,54
LAME3,201807,0.0661562816518516,54
LAME4,201807,0.0686295351981151,54
LCAM3,201807,0.0889862111754803,54
LEVE3,201807,0.0735738557406694,53
LIGT3,201807,0.0785633072704553,54
LINX3,201807,0.0660748802560995,54
LIQO3,201807,-0.0376419456771152,5
LLIS3,201807,0.0832030564765689,47
LOGN3,201807,0.0323601550826518,49
LPSB3,201807,0.0597290893382271,50
LREN3,201807,0.0733802482997343,54
MAGG3,201807,0.0634136308685225,50
MDIA3,201807,0.0506797538588875,54
MEAL3,201807,0.0685327911644147,54
MGLU3,201807,0.0844918565803707,54
MILS3,201807,0.0659001254037369,53
MOAR3,201807,0.0521390742604601,49
MOVI3,201807,0.0712189363345648,54
MPLU3,201807,0.0871013018855561,54
MRFG3,201807,0.0648018780691044,54
MRVE3,201807,0.0794298735585052,54
MULT3,201807,0.0763250972148856,54
MYPK3,201807,0.0664775663152965,54
NATU3,201807,0.0860260522741165,54
ODPV3,201807,0.0724648837182031,54
OFSA3,201807,0.071800540258762,52
OGXP3,201807,-0.0375483978357411,25
OIBR3,201807,0.0628972804724014,56
OIBR4,201807,0.064064963589304,55
OMGE3,201807,0.044937611779861,54
PARD3,201807,0.0635826312959567,54
PCAR4,201807,0.0719087193549894,55
PETR3,201807,0.0734921375611169,54
PETR4,201807,0.0813959747668003,55
PFRM3,201807,0.0469191858497631,42
PINE4,201807,0.0613764171937527,48
PMAM3,201807,0.18203356044794,14
PNVL3,201807,0.0554066630944582,53
PNVL4,201807,0.0507727720702254,54
POMO3,201807,0.0346495431211194,50
POMO4,201807,0.0703105252859066,53
PRIO3,201807,0.0721877395053761,53
PSSA3,201807,0.0786668271941741,54
PTBL3,201807,0.0544525397151285,45
QGEP3,201807,0.0573686806753643,54
QUAL3,201807,0.0680245718980704,54
RADL3,201807,0.078333004963111,54
RAIL3,201807,0.0773798074079147,54
RAPT3,201807,0.120749319314142,50
RAPT4,201807,0.0701843462730936,54
RDNI3,201807,0.0616031504519584,52
RENT3,201807,0.0836639605910843,54
RLOG3,201807,0.0822995152639342,54
RNEW11,201807,0.0522238226856544,36
RPAD3,201807,0.118257178221003,50
RSID3,201807,-0.0435827579935903,25
SANB11,201807,0.0694381958558866,54
SAPR11,201807,0.0806546142196771,54
SAPR3,201807,0.0691389746413588,48
SAPR4,201807,-0.015224873464661,49
SBSP3,201807,0.0891365738003484,54
SCAR3,201807,0.0432264247846083,48
SEDU3,201807,0.0773634742761337,53
SEER3,201807,0.0777474545362527,54
SGPS3,201807,0.0534192778650619,42
SHOW3,201807,0.0363555961262055,54
SLCE3,201807,0.0840761059803548,55
SMLS3,201807,0.0888635928137485,54
SMTO3,201807,0.0636991742680941,54
SNSL3,201807,0.0484634844695118,50
SSBR3,201807,0.0578865963222193,54
STBP3,201807,0.0804959894333434,54
SULA11,201807,0.073526534208791,54
SUZB3,201807,0.0647670198530362,54
TAEE11,201807,0.0707509124207378,54
TCSA3,201807,0.0678815311145188,54
TECN3,201807,0.051777040131072,50
TEND3,201807,0.0638909206009398,54
TESA3,201807,0.0748161615445371,52
TGMA3,201807,0.0631186978081761,54
TIET11,201807,0.0412670218056431,54
TIMP3,201807,0.0712791895661889,54
TOTS3,201807,0.0645609961089059,54
TPIS3,201807,0.0648090350512848,46
TRIS3,201807,0.0341110095726479,49
TRPL4,201807,0.0685503755850365,54
TRPN3,201807,0.0465439649787409,51
TUPY3,201807,0.0717048008039867,53
UGPA3,201807,0.077690187178943,54
UNIP3,201807,0.126790202900527,50
UNIP6,201807,0.0736732680122144,51
USIM3,201807,0.0483331907226089,54
USIM5,201807,0.0664222164063976,54
USIM6,201807,0.0572083519248972,49
VALE3,201807,0.0836176201627328,57
VIVR3,201807,0.05417530162015,46
VIVT3,201807,0.0653718764919275,54
VIVT4,201807,0.0621747527069976,54
VLID3,201807,0.0738915627117377,54
VULC3,201807,0.0775720986467396,54
VVAR11,201807,0.0654151362996003,54
VVAR3,201807,0.0382558141442911,52
WEGE3,201807,0.0670283861361428,54
WIZS3,201807,0.0558093391229409,54
AALR3,201808,-0.02540868037132,54
ABCB4,201808,-0.0363316821417487,54
ABEV3,201808,-0.0158128177580785,55
AFLT3,201808,-0.00851649021449557,6
AGRO3,201808,-0.0561033702274342,54
ALPA3,201808,-0.00376652902699898,53
ALPA4,201808,-0.0149964963631182,55
ALSC3,201808,-0.0331252417761532,55
ALUP11,201808,-0.0129996125941003,55
AMAR3,201808,-0.0444012553525156,55
ANIM3,201808,-0.0279395842634454,55
ARZZ3,201808,-0.0496788392746644,54
AZUL4,201808,-0.0376930770815325,55
B3SA3,201808,-0.0282613899489683,55
BBAS3,201808,-0.0426978959865828,55
BBDC3,201808,-0.0385149571187085,55
BBDC4,201808,-0.0397347936615257,55
BBRK3,201808,-0.0502526328502342,54
BBSE3,201808,-0.0473600259116777,55
BEEF3,201808,-0.0584321283464687,55
BIDI4,201808,-0.038725604933863,55
BKBR3,201808,0.00412172793418677,48
BPAC11,201808,-0.0282856351518168,55
BPAN4,201808,-0.00493973235937778,47
BRAP3,201808,-0.00199112443962284,55
BRAP4,201808,-0.0269445334151732,55
BRDT3,201808,-0.0223650136665443,54
BRFS3,201808,-0.0368907441327507,55
BRGE3,201808,-0.0405701300600394,52
BRIN3,201808,-0.00449321967762218,52
BRIV3,201808,-0.0358836451840424,52
BRKM5,201808,-0.032033907125762,55
BRML3,201808,-0.0261835125094987,55
BRPR3,201808,-0.0312976523059918,55
BRSR3,201808,-0.04671249763476,50
BRSR6,201808,-0.0510714390580184,55
BTOW3,201808,-0.0265454037049907,55
CAMB4,201808,-0.0927794917251355,41
CAML3,201808,-0.0182453817598001,55
CCPR3,201808,-0.0324680989211363,54
CCRO3,201808,-0.0305911953597053,55
CEBR3,201808,-0.00987068728169321,47
CEBR5,201808,-0.00536393163915641,47
CEBR6,201808,-0.00530484377871791,47
CEEB3,201808,-0.0141426309340085,7
CEED3,201808,-0.0200016119087556,7
CEED4,201808,0.0227528025629418,11
CELP3,201808,-0.0581649865264267,53
CELP5,201808,-0.0139876601940777,47
CEPE3,201808,0.0251884819735775,12
CEPE5,201808,-0.0096154627124104,49
CEPE6,201808,-0.00503395222296675,47
CESP3,201808,-0.0294544466666759,48
CESP6,201808,-0.0471665806565303,55
CGAS3,201808,-0.00465800386605305,52
CGAS5,201808,-0.0350768105586924,55
CGRA4,201808,-0.0427017023596626,52
CIEL3,201808,-0.0299145339628221,55
CLSC3,201808,-0.00711343768367098,47
CMIG3,201808,-0.0250410394811522,55
CMIG4,201808,-0.0520118098094386,55
COCE5,201808,-0.0261201064874479,44
CPFE3,201808,-0.0296703330827018,55
CPLE3,201808,-0.0252984598891243,55
CPLE6,201808,-0.0271304875810846,55
CPRE3,201808,-0.0389420569958598,55
CRDE3,201808,-0.0386210750473608,51
CRFB3,201808,-0.0330383401617049,55
CRIV3,201808,-0.0323918860959605,52
CSAN3,201808,-0.043397611715531,55
CSMG3,201808,-0.0414509146681948,55
CSNA3,201808,-0.0484822915182571,55
CSRN3,201808,-0.0172823581640003,6
CSRN5,201808,0.00290457145165084,7
CTNM4,201808,-0.0308236441260225,52
CVCB3,201808,-0.0318260726144766,55
CYRE3,201808,-0.0243806050688368,55
DIRR3,201808,-0.0285095558743727,55
DMMO3,201808,-0.027654124911692,39
DTEX3,201808,-0.0238373055394909,55
ECOR3,201808,-0.037287736124282,55
EEEL3,201808,-0.0194934692751114,6
EEEL4,201808,0.00290457145165084,7
EGIE3,201808,-0.0306231886359542,55
ELET3,201808,-0.0317002495204365,55
ELET6,201808,-0.0354442877951832,55
ELPL3,201808,-0.0231346436905185,48
EMBR3,201808,-0.0433168595268741,55
ENBR3,201808,-0.0301974544795123,55
ENEV3,201808,-0.0634426898725137,54
ENGI11,201808,-0.0405819549914764,55
ENGI4,201808,-0.0152622545775176,53
EQTL3,201808,-0.0251019653558643,55
ESTC3,201808,-0.0400982686067466,55
EUCA4,201808,-0.0537899623621975,54
EVEN3,201808,-0.0323913114367159,54
EZTC3,201808,-0.0313456091214346,54
FESA4,201808,0.0277339793194776,44
FIBR3,201808,-0.0284643441808917,55
FLRY3,201808,-0.0299332476835285,55
GFSA3,201808,-0.043990390014569,50
GGBR3,201808,-0.0212972912949614,55
GGBR4,201808,-0.0223834932017611,55
GNDI3,201808,-0.0472469587316945,54
GOAU3,201808,-0.0246467266148537,55
GOAU4,201808,-0.0210103383865732,55
GOLL4,201808,-0.0107210683856635,55
GRND3,201808,-0.0214800006054783,55
GUAR3,201808,-0.0284620932534141,54
GUAR4,201808,-0.00826067618552131,53
HAPV3,201808,-0.0424881444955706,55
HBOR3,201808,-0.0187068863521907,54
HGTX3,201808,-0.0209406866999905,55
HYPE3,201808,-0.0451915159018896,55
IDNT3,201808,-0.0274562984787578,48
IGTA3,201808,-0.0189460310859239,55
INEP3,201808,-0.032885450459801,52
IRBR3,201808,-0.0179801313425016,55
ITSA3,201808,-0.0154367099118536,54
ITSA4,201808,-0.00946280635549024,55
ITUB3,201808,-0.0357111268567433,55
ITUB4,201808,-0.0277221269352402,55
JBSS3,201808,-0.0305384940618122,55
JHSF3,201808,-0.0258546500298631,41
JOPA3,201808,-0.0329664538192079,52
JPSA3,201808,-0.053270972509392,54
JSLG3,201808,-0.0473941416005233,53
KEPL3,201808,0.0157590366268119,40
KLBN11,201808,-0.0286675007264197,55
KLBN4,201808,-0.0537959825849235,54
KROT3,201808,-0.0266390591414871,55
LAME3,201808,-0.036485235809239,55
LAME4,201808,-0.0517879859367459,55
LCAM3,201808,-0.0303064229491091,55
LEVE3,201808,-0.0200664674545162,54
LIGT3,201808,-0.0278795010100372,55
LINX3,201808,-0.0240071996450155,55
LIQO3,201808,-0.0103755273803348,7
LLIS3,201808,-0.0489785218889305,46
LOGN3,201808,-0.0183424702632161,49
LPSB3,201808,-0.0363417363900587,49
LREN3,201808,-0.030249059403807,55
MAGG3,201808,-0.0259629573878,49
MDIA3,201808,-0.0463245871586447,55
MEAL3,201808,-0.0279796422606084,55
MERC4,201808,-0.00536393163915641,47
MGLU3,201808,-0.0170905577359175,55
MILS3,201808,-0.0230771670629187,52
MOAR3,201808,-0.00735858204792983,50
MOVI3,201808,-0.0176768114862004,53
MPLU3,201808,-0.0323265953370937,51
MRFG3,201808,-0.0246394206591856,55
MRVE3,201808,-0.0425015342015723,55
MULT3,201808,-0.0217649807503807,55
MYPK3,201808,-0.0259489184081424,55
NATU3,201808,-0.0327653306247887,55
ODPV3,201808,-0.0266294949953039,55
OFSA3,201808,-0.0148436945546474,53
OGXP3,201808,-0.0677532892799916,17
OIBR3,201808,-0.0150815275701212,56
OIBR4,201808,-0.0138823377918611,55
OMGE3,201808,-0.0372881453279077,55
PARD3,201808,-0.0419626415883876,55
PCAR4,201808,-0.0379521972550755,55
PETR3,201808,-0.0343022190344549,55
PETR4,201808,-0.0461140078873257,55
PFRM3,201808,-0.0484459938670086,41
PINE4,201808,-0.0205226965284242,48
PMAM3,201808,0.0239323307470929,7
PNVL3,201808,-0.000373850587962125,53
PNVL4,201808,-0.053792193783341,55
POMO3,201808,-0.00171808508973269,49
POMO4,201808,-0.0101589157722765,54
PRIO3,201808,-0.0290375086771153,51
PSSA3,201808,-0.0399184362651787,55
PTBL3,201808,0.123693428847438,39
QGEP3,201808,-0.0330828493824551,54
QUAL3,201808,-0.027890788013186,55
RADL3,201808,-0.0315595623160832,55
RAIL3,201808,-0.0371695884285893,55
RAPT3,201808,-0.0324683323552356,52
RAPT4,201808,-0.0402472169199386,54
RDNI3,201808,-0.0422618223844375,53
RENT3,201808,-0.0271395308748716,55
RLOG3,201808,-0.0392206959035288,55
RNEW11,201808,-0.0409746757063816,35
RPAD3,201808,-0.032847099113301,52
SANB11,201808,-0.0276189726089011,55
SAPR11,201808,-0.0324831151791974,55
SAPR4,201808,-0.0635144553332852,7
SBSP3,201808,-0.0496742328252328,55
SCAR3,201808,-0.0028566359580008,49
SEDU3,201808,-0.0236012163130915,53
SEER3,201808,-0.0316510581622045,55
SGPS3,201808,-0.0578538092537935,41
SHOW3,201808,-0.00261829644209707,54
SLCE3,201808,-0.0321716341701342,55
SMLS3,201808,-0.049466695324531,55
SMTO3,201808,-0.0230731549723022,55
SNSL3,201808,-0.0389680292361973,53
SSBR3,201808,-0.0405085896055309,54
STBP3,201808,-0.0159391773411416,55
SULA11,201808,-0.047539840550309,55
SUZB3,201808,-0.0360487513314248,55
TAEE11,201808,-0.028936399056002,55
TCSA3,201808,-0.0476715277757977,55
TECN3,201808,-0.0524960737005461,49
TEND3,201808,-0.0280693977785001,55
TESA3,201808,-0.0471656094855724,50
TGMA3,201808,-0.0251619754586997,55
TIET11,201808,-0.0350252543117067,54
TIMP3,201808,-0.0417450564276429,55
TOTS3,201808,-0.0137723683263672,55
TRIS3,201808,-0.00574475617810489,50
TRPL4,201808,-0.057885559601378,55
TRPN3,201808,-0.0297141990226953,49
TUPY3,201808,-0.0320046576888089,54
UGPA3,201808,-0.0302207158878363,55
UNIP3,201808,-0.0407530487493388,52
UNIP6,201808,-0.0259509515442442,50
USIM3,201808,-0.00435342577943309,50
USIM5,201808,-0.0494624448265036,55
USIM6,201808,-0.0060502810089221,50
VALE3,201808,-0.0377933959840695,57
VIVR3,201808,-0.0397494243239939,44
VIVT3,201808,-0.016327286299722,55
VIVT4,201808,-0.0158503240704069,55
VLID3,201808,-0.0173819474491155,54
VULC3,201808,-0.0137612315245297,55
VVAR11,201808,-0.0362201828526877,55
VVAR3,201808,-0.0440278946907232,54
WEGE3,201808,-0.0302643078747528,55
WIZS3,201808,-0.0272514224087792,55
AALR3,201809,-0.0142651375573227,53
ABCB4,201809,-0.0211826544071081,52
ABEV3,201809,0.00841257530254915,53
AFLT3,201809,-0.0131847452387006,9
AGRO3,201809,-0.0161025774137877,52
ALPA3,201809,-0.0238088610440623,51
ALPA4,201809,-0.0206967425908027,53
ALSC3,201809,-0.0149698221582431,53
ALUP11,201809,-0.0221969324838065,53
AMAR3,201809,-0.0182494715508557,52
ANIM3,201809,0.018679244694373,53
ARZZ3,201809,0.0082871058741747,53
AZUL4,201809,0.0122537846070864,53
B3SA3,201809,0.00816911436644938,53
BBAS3,201809,-0.01268474376827,53
BBDC3,201809,0.0126292267105874,53
BBDC4,201809,-0.00480367169108004,53
BBRK3,201809,-0.0014056947746528,53
BBSE3,201809,-0.0134323936813051,53
BEEF3,201809,-0.00473776698720796,53
BIDI4,201809,0.02216735729681,53
BKBR3,201809,-0.0266988235725161,50
BPAC11,201809,-0.0158934699660325,53
BPAN4,201809,-0.0216311819379361,11
BRAP3,201809,0.0302029342639943,55
BRAP4,201809,-0.0186980528782021,53
BRDT3,201809,0.00193272802872376,53
BRFS3,201809,-0.00995230042131876,53
BRGE3,201809,0.00393297782546862,50
BRIN3,201809,-0.0229324540771675,47
BRIV3,201809,0.00183191532908003,50
BRKM5,201809,-0.00657998490232992,53
BRML3,201809,-0.01959627203156,53
BRPR3,201809,-0.00951936479927059,53
BRSR3,201809,-0.0142406037996017,50
BRSR6,201809,-0.0121420792358604,53
BTOW3,201809,0.0219249560354056,53
CAMB4,201809,-0.0429005790086413,40
CAML3,201809,0.0225618602692065,53
CCPR3,201809,0.00628187255656771,50
CCRO3,201809,-0.00927542364680898,53
CEEB3,201809,-0.0180141296831652,5
CEED3,201809,0.00016769316923416,5
CEED4,201809,-0.0170655698390111,9
CELP3,201809,-0.0189285897978751,48
CEPE3,201809,-0.0141001901993381,5
CEPE5,201809,-0.0180141296831652,5
CESP3,201809,-0.0198123092074449,49
CESP6,201809,0.0204562471691529,53
CGAS3,201809,-0.0151942546869793,50
CGAS5,201809,-0.0227054875290928,52
CGRA4,201809,0.00328971992728972,50
CIEL3,201809,-0.0058121338276818,53
CLSC4,201809,-0.047036741896518,38
CMIG3,201809,-0.0148700443735962,53
CMIG4,201809,0.00293614454758908,53
COCE5,201809,0.0104588996783648,47
CPFE3,201809,0.0166216950218864,53
CPLE3,201809,-0.0183567065987685,53
CPLE6,201809,0.0141003359814343,53
CPRE3,201809,0.0104499304317172,53
CRDE3,201809,-0.0119455183435037,51
CRFB3,201809,-0.0139143198849271,53
CRIV3,201809,0.00332864320193831,50
CSAN3,201809,-0.00684709922431555,53
CSMG3,201809,0.0131292806331621,53
CSNA3,201809,-0.0157152106343077,53
CSRN3,201809,-0.0220957623362264,5
CSRN5,201809,-0.015011774735971,6
CTNM4,201809,0.00552477271134072,50
CVCB3,201809,0.00287368784375938,53
CYRE3,201809,-0.0107372191714199,53
DIRR3,201809,0.02079298670293,53
DTEX3,201809,0.0143226850090628,53
ECOR3,201809,0.013493324353512,53
EEEL3,201809,-0.0141001901993381,5
EEEL4,201809,-0.015011774735971,6
EGIE3,201809,0.000522296180366326,53
ELET3,201809,-0.011177155202721,53
ELET6,201809,0.00890383212214201,53
ELPL3,201809,-0.0196405402214912,49
EMBR3,201809,-0.00927556910699299,53
ENBR3,201809,0.0222149675274976,53
ENEV3,201809,-0.0233105289946418,53
ENGI11,201809,0.0132589978615656,53
ENGI4,201809,-0.0192694086172067,51
EQTL3,201809,0.00445814271187229,53
ESTC3,201809,-0.0121202719116965,53
EUCA4,201809,-0.0130872789752524,53
EVEN3,201809,-0.0165638889936201,52
EZTC3,201809,0.0191362147485986,52
FESA4,201809,-0.0241327858919623,43
FIBR3,201809,0.00756865789525391,53
FJTA4,201809,0.0079165364374958,50
FLRY3,201809,0.0126375665312546,53
GFSA3,201809,-0.0111201790755491,49
GGBR3,201809,-0.0115303849997732,53
GGBR4,201809,0.00635684520378703,53
GNDI3,201809,0.0169058447493258,53
GOAU3,201809,-0.00469214000617578,53
GOAU4,201809,0.00896831196711629,53
GOLL4,201809,0.00553815466698738,53
GRND3,201809,0.0270970614826638,53
GUAR3,201809,-0.0169518904233479,52
GUAR4,201809,-0.0232440261929399,51
HAPV3,201809,0.0278137500433386,53
HBOR3,201809,-0.0213289934386725,52
HGTX3,201809,-0.0084137585578369,53
HYPE3,201809,0.0131796933082502,53
IDNT3,201809,-0.0220127189288119,48
IGTA3,201809,0.0105523307491679,53
IRBR3,201809,-0.02658561724523,54
ITSA3,201809,0.0015049290751308,53
ITSA4,201809,-0.00670321155945106,53
ITUB3,201809,0.00527700695428303,53
ITUB4,201809,-0.00204821606034641,53
JBSS3,201809,-0.00970958950371687,53
JHSF3,201809,0.00750160241376294,41
JOPA3,201809,0.00401310309016141,50
JPSA3,201809,-0.019822188867445,52
JSLG3,201809,-0.0174721552762555,53
KEPL3,201809,-0.0394706379449449,40
KLBN11,201809,-0.00622244099317934,53
KLBN4,201809,-0.0180738456124851,52
KROT3,201809,-0.0137865413336029,53
LAME3,201809,-0.0130313702912559,53
LAME4,201809,0.0165541379839272,53
LCAM3,201809,0.0152817002171086,53
LEVE3,201809,0.0249904049812792,52
LIGT3,201809,-0.0130691397378582,53
LINX3,201809,-0.0148778827990524,53
LIQO3,201809,0.00146333807994439,20
LLIS3,201809,-0.0252548757727192,46
LOGN3,201809,-0.0193951680595876,47
LPSB3,201809,-0.0166968047095572,51
LREN3,201809,0.00316356992650667,53
MAGG3,201809,-0.0191016707902487,50
MDIA3,201809,0.00455638749628758,53
MEAL3,201809,-0.0129186968516226,53
MGLU3,201809,0.0103461193360475,53
MILS3,201809,-0.013393881901719,52
MOAR3,201809,-0.0232486746556668,48
MOVI3,201809,0.0280075841215097,53
MPLU3,201809,0.0242652473673981,53
MRFG3,201809,0.00214448812213677,53
MRVE3,201809,0.0166012115526029,53
MULT3,201809,0.0139756977901276,53
MYPK3,201809,-0.0111705062621095,53
NATU3,201809,0.00130583411087246,53
ODPV3,201809,0.021809167859963,53
OFSA3,201809,-0.0147641951474942,51
OGXP3,201809,0.0646066522899152,13
OIBR3,201809,0.0121111532246888,54
OIBR4,201809,0.0145367225268288,53
OMGE3,201809,-0.0148893395939992,53
PARD3,201809,-0.0125796509191038,53
PCAR4,201809,-0.0112681307387573,53
PETR3,201809,-0.0154404456443064,53
PETR4,201809,-0.00134892498658206,53
PFRM3,201809,-0.033135277793008,40
PINE4,201809,-0.0168546385728205,48
PNVL3,201809,-0.0278595885051911,51
PNVL4,201809,-0.0153531840052253,53
POMO3,201809,-0.0214641178080892,47
POMO4,201809,0.0191606423866929,52
PPLA11,201809,0.00753668025454466,50
PRIO3,201809,0.0203848418447862,52
PSSA3,201809,0.0037241704430824,53
PTBL3,201809,-0.0360939864115658,41
QGEP3,201809,-0.0176333716410646,53
QUAL3,201809,-0.00994089809048075,53
RADL3,201809,0.025816097744314,53
RAIL3,201809,0.0128254465024467,53
RAPT3,201809,0.00626524443658904,50
RAPT4,201809,0.00258095883187722,52
RDNI3,201809,0.0092104981209668,52
RENT3,201809,-0.00797542884471337,53
RLOG3,201809,0.000912855840164805,53
RNEW11,201809,-0.0262683781731997,32
RPAD3,201809,0.00416033467109766,50
SANB11,201809,-0.00990956417141121,53
SAPR11,201809,0.0221994837894969,53
SAPR3,201809,-0.00261567772303222,47
SAPR4,201809,-0.00736966697031724,47
SBSP3,201809,0.00872658230161402,53
SCAR3,201809,-0.0229514969432575,47
SEDU3,201809,0.0237686204801209,51
SEER3,201809,0.01037513421907,53
SGPS3,201809,-0.00290121120374668,40
SHOW3,201809,-0.0162389354056107,52
SLCE3,201809,0.0245037510972109,53
SMLS3,201809,-0.00440092539929062,53
SMTO3,201809,-0.00375468051460802,53
SNSL3,201809,-0.015257112897148,48
SSBR3,201809,-0.0115726020020592,53
STBP3,201809,0.0168784642472289,53
SULA11,201809,0.00708899010296706,53
SUZB3,201809,0.00395885942945762,53
TAEE11,201809,0.0149937199406025,53
TCSA3,201809,-0.0189094288070205,53
TECN3,201809,-0.000182411589498348,49
TEND3,201809,-0.01297710370234,53
TESA3,201809,-0.00532336194111655,50
TGMA3,201809,-0.0156613467163806,53
TIET11,201809,-0.0209538815357381,52
TIMP3,201809,0.0119496733164695,53
TOTS3,201809,-0.0108989652366896,52
TRIS3,201809,-0.0182207888681074,48
TRPL4,201809,-0.00765209760641152,53
TRPN3,201809,-0.0174680388725919,50
TUPY3,201809,0.0235831992062231,52
UGPA3,201809,-0.0121721823311348,53
UNIP3,201809,0.00975725521112701,50
UNIP6,201809,-0.0340291605565049,43
USIM3,201809,-0.0231527128800602,48
USIM5,201809,-0.00264054257628672,53
USIM6,201809,-0.0162991397151623,48
VALE3,201809,-0.00266102580475719,55
VIVR3,201809,-0.018616570071788,44
VIVT3,201809,-0.00366344930215507,53
VIVT4,201809,-0.00712824575289849,53
VLID3,201809,0.0247354304354041,53
VULC3,201809,0.0243123638496207,53
VVAR11,201809,-0.00775830977193923,53
WEGE3,201809,-0.00765984619946681,53
WIZS3,201809,-0.0138504718535316,53
AALR3,201810,0.159655629861891,52
ABCB4,201810,0.126859016176713,52
ABEV3,201810,0.159700652099611,53
AFLT3,201810,0.138182044651232,8
AGRO3,201810,0.10831716985488,52
ALPA3,201810,0.180046347366176,50
ALPA4,201810,0.162345284880212,52
ALSC3,201810,0.158827945624423,52
ALUP11,201810,0.165851544996112,52
AMAR3,201810,0.147821035287366,52
ANIM3,201810,0.115648405226438,52
ARZZ3,201810,0.162177257563465,52
AZUL4,201810,0.101275884062225,52
B3SA3,201810,0.147087320157526,53
BBAS3,201810,0.122849310060866,52
BBDC3,201810,0.118795994136918,52
BBDC4,201810,0.16855892714153,52
BBRK3,201810,0.147136076398129,52
BBSE3,201810,0.124082288278502,52
BEEF3,201810,0.116177499375999,52
BIDI4,201810,0.130797813119012,52
BKBR3,201810,0.106922615513627,52
BPAC11,201810,0.162035643616086,52
BRAP3,201810,0.114062679300878,52
BRAP4,201810,0.14132824805127,52
BRDT3,201810,0.158870744772369,52
BRFS3,201810,0.123931418159557,53
BRGE3,201810,0.133068684744552,51
BRIN3,201810,0.169658889385869,48
BRIV3,201810,0.129780139216994,51
BRKM5,201810,0.151862817040094,52
BRML3,201810,0.170761924648821,52
BRPR3,201810,0.178885008993875,52
BRSR3,201810,0.120441828150791,50
BRSR6,201810,0.116052021940622,52
BTOW3,201810,0.178446918869453,52
CAMB4,201810,0.136759226682541,49
CAML3,201810,0.136893473612576,52
CCPR3,201810,0.132190490299436,51
CCRO3,201810,0.15165364453078,52
CEEB3,201810,0.132979859763955,8
CEED3,201810,0.105975582521327,7
CEED4,201810,0.104701340469752,9
CELP3,201810,0.322031815747294,49
CEPE3,201810,0.122360334096543,13
CEPE5,201810,0.137186880442813,9
CESP3,201810,0.12784989971317,47
CESP6,201810,0.112487079852324,52
CGAS3,201810,0.146564747096114,51
CGAS5,201810,0.168138930814445,51
CGRA4,201810,0.123709404442837,51
CIEL3,201810,0.117259059106048,54
CLSC4,201810,0.0876991024679461,38
CMIG3,201810,0.135650626071472,52
CMIG4,201810,0.138982774081332,52
COCE5,201810,0.151173562114857,48
CPFE3,201810,0.122036130247598,52
CPLE3,201810,0.152450736335298,52
CPLE6,201810,0.148447397137594,52
CPRE3,201810,0.112344631395852,52
CRDE3,201810,0.155195727669118,51
CRFB3,201810,0.184206083907085,52
CRIV3,201810,0.132852352227461,51
CSAN3,201810,0.136170717986282,52
CSMG3,201810,0.145575614885168,52
CSNA3,201810,0.153743804582142,52
CSRN3,201810,0.123748959517371,9
CSRN5,201810,0.131414409117105,7
CTNM4,201810,0.126084762031872,51
CVCB3,201810,0.110963662897836,52
CYRE3,201810,0.155890404206668,52
DIRR3,201810,0.114716983979297,52
DMMO3,201810,0.11470559710162,48
DTEX3,201810,0.157457214623814,52
ECOR3,201810,0.115279412035602,52
EEEL3,201810,0.132979859763955,8
EEEL4,201810,0.130372187955754,9
EGIE3,201810,0.152529925096286,52
ELET3,201810,0.174956864141688,52
ELET6,201810,0.106516333720182,52
ELPL3,201810,0.154705701982466,50
EMBR3,201810,0.163646219219586,53
ENBR3,201810,0.118705040444814,52
ENEV3,201810,0.169827973415042,52
ENGI11,201810,0.115408160563868,52
ENGI4,201810,0.181277311871599,50
EQTL3,201810,0.16345304385996,52
ESTC3,201810,0.1590401616957,52
EUCA4,201810,0.114722089492266,52
EVEN3,201810,0.143343559282925,52
EZTC3,201810,0.159517993245706,52
FESA4,201810,0.140833600069949,48
FIBR3,201810,0.114680738877396,52
FJTA4,201810,0.0548074502190652,5
FLRY3,201810,0.119914898956448,52
GFSA3,201810,0.166068172765249,49
GGBR3,201810,0.145519814547326,52
GGBR4,201810,0.16709731600107,53
GNDI3,201810,0.118188617380581,52
GOAU3,201810,0.138197810274897,52
GOAU4,201810,0.12490679670211,53
GOLL4,201810,0.147541894048836,52
GRND3,201810,0.120424836708526,52
GUAR3,201810,0.152677952245147,52
GUAR4,201810,0.185633157025901,52
HAPV3,201810,0.132774746694091,52
HBOR3,201810,0.165254104330445,52
HGTX3,201810,0.129717404082293,52
HYPE3,201810,0.130670401046695,52
IDNT3,201810,0.15513453941094,49
IGTA3,201810,0.157919541131946,52
INEP3,201810,0.183065456052569,50
IRBR3,201810,0.177960132467585,53
ITSA3,201810,0.144981988304051,52
ITSA4,201810,0.174660313696236,53
ITUB3,201810,0.130406452472165,52
ITUB4,201810,0.174365512338643,52
JBSS3,201810,0.152270539856235,52
JOPA3,201810,0.128992490582711,51
JPSA3,201810,0.103454362143889,52
JSLG3,201810,0.129473848742937,52
KEPL3,201810,0.243517477944313,41
KLBN11,201810,0.154596044060933,52
KLBN4,201810,0.118593696947627,52
KROT3,201810,0.15784489234907,52
LAME3,201810,0.132930207144004,52
LAME4,201810,0.0999193857250279,52
LCAM3,201810,0.157000737382669,52
LEVE3,201810,0.118475465906916,52
LIGT3,201810,0.142352066135491,52
LINX3,201810,0.144151476891336,52
LIQO3,201810,0.0918473186074538,8
LLIS3,201810,0.120320608397873,50
LOGN3,201810,0.146949230434451,47
LPSB3,201810,0.188443661588707,51
LREN3,201810,0.172151141480031,52
MAGG3,201810,0.163501311830715,51
MDIA3,201810,0.102716007739131,52
MEAL3,201810,0.158792106997103,52
MGLU3,201810,0.174352475398118,53
MILS3,201810,0.106614030311124,51
MOAR3,201810,0.169335257552334,50
MOVI3,201810,0.108908024169159,52
MPLU3,201810,0.120701838819246,52
MRFG3,201810,0.111906252248227,53
MRVE3,201810,0.152226144899493,52
MULT3,201810,0.159015626930414,52
MYPK3,201810,0.155673969462494,52
NATU3,201810,0.161086469548683,52
ODPV3,201810,0.111592706951675,52
OFSA3,201810,0.124875651334412,51
OGXP3,201810,0.346603857540298,17
OIBR3,201810,0.107842129124173,54
OIBR4,201810,0.088838271662876,54
OMGE3,201810,0.17025847408974,52
PARD3,201810,0.134333628999637,52
PCAR4,201810,0.138861933049091,53
PETR3,201810,0.146438072005726,52
PETR4,201810,0.119281431612814,53
PFRM3,201810,0.220202377484118,40
PINE4,201810,0.146514726190241,49
PNVL3,201810,0.168400927337308,52
PNVL4,201810,0.113323274665292,52
POMO3,201810,0.164311598247167,47
POMO4,201810,0.197640528052083,52
PRIO3,201810,0.116937989494597,51
PSSA3,201810,0.111268661705967,52
PTBL3,201810,0.106033268695704,50
QGEP3,201810,0.129618584333024,52
QUAL3,201810,0.15036823447659,52
RADL3,201810,0.120168151589962,52
RAIL3,201810,0.145594885520429,52
RAPT3,201810,0.123871445122944,51
RAPT4,201810,0.163628550405239,52
RDNI3,201810,0.123021777617457,52
RENT3,201810,0.162998848290605,52
RLOG3,201810,0.105724258815259,52
RNEW11,201810,0.126818675801191,33
RPAD3,201810,0.132592219462943,51
SANB11,201810,0.195066334099518,52
SAPR11,201810,0.141749947821793,52
SBSP3,201810,0.127188445513317,52
SCAR3,201810,0.166360529977989,47
SEDU3,201810,0.124837236312119,51
SEER3,201810,0.0941722764035013,52
SGPS3,201810,0.11460007067406,49
SHOW3,201810,0.119835017782095,52
SLCE3,201810,0.115586509457124,52
SMLS3,201810,0.130612295993272,52
SMTO3,201810,0.122957773423956,52
SNSL3,201810,0.0553283283182755,50
SSBR3,201810,0.12882047183439,52
STBP3,201810,0.165638761837276,52
SULA11,201810,0.155881676425023,52
SUZB3,201810,0.141159110638898,52
TAEE11,201810,0.155907081339823,52
TCSA3,201810,0.142201574160214,52
TECN3,201810,0.33290654298028,49
TEND3,201810,0.15431060628295,52
TESA3,201810,0.168053301706429,50
TGMA3,201810,0.151562247448956,52
TIET11,201810,0.162586205584423,52
TIMP3,201810,0.155217464612789,52
TOTS3,201810,0.120953157157442,52
TRIS3,201810,0.160305067526273,48
TRPL4,201810,0.117559448626297,52
TRPN3,201810,0.166643788569474,49
TUPY3,201810,0.127009378624713,52
UGPA3,201810,0.160542579185897,52
UNIP3,201810,0.128565526138189,51
UNIP6,201810,0.103772305353202,52
USIM3,201810,0.164146773800409,50
USIM5,201810,0.144732130132511,53
USIM6,201810,0.17105067250104,50
VALE3,201810,0.149969631428391,55
VIVT3,201810,0.0930164375280155,52
VIVT4,201810,0.148506578841177,52
VLID3,201810,0.116069635631973,52
VULC3,201810,0.106913018656151,52
VVAR11,201810,0.1587520009842,52
WEGE3,201810,0.109160116512709,52
WIZS3,201810,0.160638441742685,52
AALR3,201811,0.050123477142038,52
ABCB4,201811,0.0421715042693669,52
ABEV3,201811,0.0481143668386255,52
AFLT3,201811,0.00272884457826825,6
AGRO3,201811,0.0144672497367734,52
ALPA3,201811,0.0641017343425637,50
ALPA4,201811,0.0504376164496183,52
ALSC3,201811,0.0409026065575049,52
ALUP11,201811,0.0342658152600251,52
AMAR3,201811,0.0208789503048662,52
ANIM3,201811,0.0283202453334317,52
ARZZ3,201811,0.044669568769984,52
AZUL4,201811,0.0238500751047585,52
B3SA3,201811,0.0351877693468528,52
BBAS3,201811,0.0189840345518661,52
BBDC3,201811,0.0367502776473938,52
BBDC4,201811,0.021508816338203,52
BBRK3,201811,0.0326092198713293,52
BBSE3,201811,0.0352001380740488,52
BEEF11,201811,0.017255618377861,51
BEEF3,201811,0.0175149723660863,52
BIDI4,201811,0.0329384698488158,52
BKBR3,201811,0.0385214442242824,52
BPAC11,201811,0.0510535657438464,52
BRAP3,201811,0.0174238683600661,52
BRAP4,201811,0.0117813594378633,53
BRDT3,201811,0.0494986856065105,52
BRFS3,201811,0.0487043571209005,52
BRGE3,201811,0.0202547051912067,51
BRIN3,201811,0.0500876678430175,49
BRIV3,201811,0.0196660547331492,51
BRKM5,201811,0.0411935821262392,52
BRML3,201811,0.0428902164077765,53
BRPR3,201811,0.0461580117304633,52
BRSR3,201811,0.0118552824558369,50
BRSR6,201811,0.015809345313136,52
BTOW3,201811,0.0298102398079676,52
CAMB4,201811,0.00324316607020094,50
CAML3,201811,0.0374102541809029,52
CCPR3,201811,0.0184370942136586,51
CCRO3,201811,0.0474101765138553,52
CEEB3,201811,-0.0721763269209399,5
CEED3,201811,-0.059067288064733,8
CEED4,201811,-0.0395634839077235,6
CELP3,201811,-0.0218292886423956,49
CEPE3,201811,-0.0259750496986837,7
CEPE5,201811,-0.0259750496986836,7
CESP3,201811,0.0146884931233283,47
CESP6,201811,0.0308310887236955,52
CGAS3,201811,0.026502678212733,51
CGAS5,201811,0.0302470939584867,52
CGRA4,201811,0.0260784538012845,51
CIEL3,201811,0.0515981241120883,52
CMIG3,201811,0.0504801304488106,52
CMIG4,201811,0.0367479284117134,52
COCE5,201811,0.0718281227003131,48
CPFE3,201811,0.0262608975475998,52
CPLE3,201811,0.0471418717766017,52
CPLE6,201811,0.0434167025734975,53
CPRE3,201811,0.028060689441097,48
CRDE3,201811,0.0444687372426895,51
CRFB3,201811,0.0364802683689546,52
CRIV3,201811,0.0182873360699399,51
CSAN3,201811,0.0349822381643865,52
CSMG3,201811,0.0495357852486836,52
CSNA3,201811,0.0520797323699077,52
CSRN3,201811,-0.0552822471728537,5
CSRN5,201811,-0.0263594514729219,6
CTNM4,201811,0.0169919674396036,51
CVCB3,201811,0.028197510091369,53
CYRE3,201811,0.0439527676703024,53
DIRR3,201811,0.0245630716736046,52
DMMO3,201811,0.0479033207990927,51
DTEX3,201811,0.0512550744136019,52
ECOR3,201811,0.0231928483650527,53
EGIE3,201811,0.0532484782094684,52
ELET3,201811,0.0470049179340447,52
ELET6,201811,0.029569692454449,52
ELPL3,201811,0.0508682142074322,50
EMBR3,201811,0.0372467834969002,52
ENBR3,201811,0.0296222378207996,53
ENEV3,201811,0.0333668901439299,52
ENGI11,201811,0.0165450115095585,52
ENGI4,201811,0.0593046529777055,50
EQTL3,201811,0.0396038533184206,52
ESTC3,201811,0.0545136882002807,53
EUCA4,201811,0.0193558758732,52
EVEN3,201811,0.0352192753305625,52
EZTC3,201811,0.0385678421053154,52
FESA4,201811,0.0401578318000406,51
FIBR3,201811,4.59829306142509e-05,52
FLRY3,201811,0.0422845667040829,53
GFSA3,201811,0.0285162775179627,51
GGBR3,201811,0.0239339182149529,52
GGBR4,201811,0.0384110623830598,52
GNDI3,201811,0.0313048499779769,52
GOAU3,201811,0.0364659166823286,52
GOAU4,201811,0.0178751566525212,53
GOLL4,201811,0.056039898499386,53
GRND3,201811,0.0226124103653555,52
GUAR3,201811,0.0462039452643052,52
GUAR4,201811,0.0428907245625962,52
HAPV3,201811,0.0363081423317814,52
HBOR3,201811,0.0466374315295742,52
HGTX3,201811,0.0300901707157672,52
HYPE3,201811,0.0428587229984597,52
IDNT3,201811,0.0493499715285938,50
IGTA3,201811,0.0379015563663525,53
INEP3,201811,0.0630585470685539,20
IRBR3,201811,-0.0379986289537977,53
ITSA3,201811,0.033201990599069,52
ITSA4,201811,0.0368547105829979,52
ITUB3,201811,0.0327357783088278,52
ITUB4,201811,0.0289237703313418,52
JBSS3,201811,0.0467744069820116,52
JOPA3,201811,0.0156066616251842,51
JPSA3,201811,0.0184238996550809,52
JSLG3,201811,0.0181780387615071,52
KEPL3,201811,0.100433709257229,39
KLBN11,201811,0.0302678412876018,52
KLBN4,201811,0.0258230583985102,48
KROT3,201811,0.0512561536912503,52
LAME3,201811,0.017580755404209,52
LAME4,201811,0.0280510273273115,52
LCAM3,201811,0.0297248630672619,52
LEVE3,201811,0.0193606272480189,52
LIGT3,201811,0.0261879262422649,52
LINX3,201811,0.0502544298756863,52
LIQO3,201811,-0.0471374507927633,5
LLIS3,201811,0.020179158922908,50
LOGN3,201811,0.051675688494199,46
LPSB3,201811,0.0667416943254203,50
LREN3,201811,0.0383372032069273,52
MAGG3,201811,0.0529372870624374,52
MDIA3,201811,0.0429607289288968,52
MEAL3,201811,0.0515497687223005,52
MGLU3,201811,0.0377002924780649,52
MILS3,201811,0.030858115919603,52
MOAR3,201811,0.0532699639423399,50
MOVI3,201811,0.0350501487892531,52
MPLU3,201811,0.0405920536538691,52
MRFG3,201811,0.0174098593415993,53
MRVE3,201811,0.0289109828726403,53
MULT3,201811,0.0337970145463922,52
MYPK3,201811,0.045099339571453,52
NATU3,201811,0.0297110321024999,52
ODPV3,201811,0.053001604653415,52
OFSA3,201811,0.0193996628625536,51
OGXP3,201811,-0.0385001132352735,18
OIBR3,201811,0.00916444595431924,53
OIBR4,201811,0.0625016945606576,53
OMGE3,201811,0.0376509532512379,52
PARD3,201811,0.023010175430721,52
PCAR4,201811,0.0433369660666987,52
PETR3,201811,0.0485816559763603,52
PETR4,201811,0.0245048403782025,53
PFRM3,201811,-0.014811262527772,40
PINE4,201811,0.0549747390325069,50
PNVL3,201811,0.0571249327663361,51
PNVL4,201811,0.0218074743504282,52
POMO3,201811,0.054442439091241,46
POMO4,201811,0.0444370776204736,52
PRIO3,201811,0.0294581225156231,51
PSSA3,201811,0.0260023550865566,52
PTBL3,201811,0.0514228332929757,51
QGEP3,201811,0.026808812430885,52
QUAL3,201811,0.0544054792598973,53
RADL3,201811,0.00680887438495498,52
RAIL3,201811,0.0434026681215909,52
RAPT3,201811,0.0166262338601472,51
RAPT4,201811,0.0230209456589706,52
RDNI3,201811,0.0120227182456025,51
RENT3,201811,0.0417100110701259,52
RLOG3,201811,0.0184317702505756,52
RNEW11,201811,-0.289647592496526,34
RNEW3,201811,-0.256916763221857,34
RNEW4,201811,-0.303349700766018,34
RPAD3,201811,0.0185672288203324,51
SANB11,201811,0.0574154186126548,52
SAPR11,201811,0.0501564686410708,52
SBSP3,201811,0.0295899508546427,52
SCAR3,201811,0.0492804548705524,51
SEDU3,201811,0.0259084735196245,51
SEER3,201811,0.0222437316901019,52
SGPS3,201811,0.144528975201668,50
SHOW3,201811,0.0564809732125502,52
SLCE3,201811,0.0217613774486233,52
SMLS3,201811,0.026033569468157,53
SMTO3,201811,0.0292115869766645,52
SNSL3,201811,0.0212670571695434,50
SSBR3,201811,0.0160022656000846,52
STBP3,201811,0.0316737480439121,52
SULA11,201811,0.0546810444814436,52
SUZB3,201811,0.00896137698129812,52
TAEE11,201811,0.0505952020696828,53
TCSA3,201811,0.0555321002283481,52
TECN3,201811,-0.0959069154533044,49
TEND3,201811,0.0503044554004433,52
TESA3,201811,0.0129500717916566,50
TGMA3,201811,0.050810142884256,52
TIET11,201811,0.0381791032304925,53
TIMP3,201811,0.0299992742169875,52
TOTS3,201811,0.0415879658098424,52
TRIS3,201811,0.0434038565151083,48
TRPL4,201811,0.0559116681157774,52
TRPN3,201811,0.0427772272728162,49
TUPY3,201811,0.0223164526231032,52
UGPA3,201811,0.0507474061099787,52
UNIP3,201811,0.0171753657142021,51
UNIP6,201811,0.0371782244430479,52
USIM3,201811,0.0557536522382273,50
USIM5,201811,0.0332575504964767,52
USIM6,201811,0.0513888294972814,50
VALE3,201811,0.0341908006690306,52
VIVT3,201811,-0.0216908670302004,52
VIVT4,201811,0.0499037756323822,52
VLID3,201811,0.0213064109374124,52
VULC3,201811,0.0203675491843988,52
VVAR11,201811,0.0434984321655038,44
VVAR3,201811,0.0196835409988796,53
WEGE3,201811,0.0244868770712232,53
WIZS3,201811,0.054420844737843,52
AALR3,201812,0.00650879932134493,52
ABCB4,201812,0.0205861249048522,52
ABEV3,201812,0.00271028930077306,53
AFLT3,201812,-0.00918848978711782,5
ALPA3,201812,0.033150143933346,49
ALPA4,201812,0.0321020070846175,53
ALSC3,201812,0.0689035799454606,53
ALUP11,201812,0.09712230329123,53
AMAR3,201812,0.022362057128575,52
ANIM3,201812,0.0191698424548687,52
APER3,201812,0.0406547752731135,48
ARZZ3,201812,0.00627842229818283,53
AZUL4,201812,0.0623647341892873,53
B3SA3,201812,0.0185284051010499,53
BBAS3,201812,0.01457580701707,53
BBDC3,201812,0.0135082411834527,53
BBDC4,201812,0.0575530694075812,53
BBRK3,201812,0.016479050296957,52
BBSE3,201812,0.0235653394927086,53
BEEF11,201812,0.0142672296850733,50
BEEF3,201812,0.0259801837954168,53
BIDI4,201812,0.0350777619653592,52
BKBR3,201812,0.0241157279703105,53
BPAC11,201812,0.00602904656229662,52
BRAP3,201812,0.0249801803123183,52
BRAP4,201812,-0.00674160971488603,55
BRDT3,201812,0.00879022741359416,52
BRFS3,201812,0.0240481094764337,53
BRGE3,201812,0.0263752463865592,51
BRIV3,201812,0.0273011625926283,51
BRKM5,201812,0.0275595252461577,53
BRML3,201812,0.0230746680159108,53
BRPR3,201812,0.0141532169048033,53
BRSR3,201812,0.00955378133692104,50
BRSR6,201812,0.0148344297881295,53
BTOW3,201812,0.0183060584532677,53
CAMB4,201812,0.0178807852331613,49
CAML3,201812,0.0255553950906695,53
CCPR3,201812,0.0269323846399965,51
CCRO3,201812,0.0117336660299157,53
CEEB3,201812,0.0290141935875841,6
CEED3,201812,0.0283899681973328,6
CEED4,201812,0.0283899681973328,6
CELP3,201812,0.0727392652447211,48
CEPE3,201812,0.033541483348848,6
CEPE5,201812,0.0275524472593094,6
CESP3,201812,0.020993522399224,48
CESP6,201812,0.0104716829891888,53
CGAS3,201812,0.0332048305711928,51
CGAS5,201812,0.100020693974122,52
CGRA4,201812,0.0216333167317491,52
CIEL3,201812,0.015158867735683,53
CLSC4,201812,-0.000984241075434191,38
CMIG3,201812,0.0062326761335938,52
CMIG4,201812,0.0184801808109171,53
COCE5,201812,0.0058030211678187,48
CPFE3,201812,0.0267490404414134,52
CPLE3,201812,0.00571344321907466,51
CPLE6,201812,0.0126423465375367,53
CPRE3,201812,0.0185893428674026,48
CRDE3,201812,0.0970059040344486,51
CRFB3,201812,0.0604892877140646,52
CRIV3,201812,0.0254247664491575,51
CSAN3,201812,0.0348358793305082,53
CSMG3,201812,0.00694518446003307,52
CSNA3,201812,0.0105650032241017,53
CSRN3,201812,0.0362603385677032,6
CSRN5,201812,-0.00918848978711782,5
CTNM4,201812,0.0253865553537424,51
CVCB3,201812,0.0216250358899566,53
CYRE3,201812,0.00794626187450349,53
DIRR3,201812,0.0219241388274354,52
DMMO3,201812,0.0134545626055846,50
DTEX3,201812,0.0127528304864247,53
ECOR3,201812,0.0269034242802395,53
EGIE3,201812,0.0299835300799411,53
ELET3,201812,0.0127151762071097,53
ELET6,201812,0.0226044293425632,53
ELPL3,201812,0.00395102025588239,50
EMBR3,201812,0.0132586533876813,53
ENBR3,201812,0.0195768626742792,53
ENEV3,201812,0.0100500068625328,53
ENGI11,201812,0.0235531003760017,53
ENGI4,201812,0.0289890302725764,49
EQTL3,201812,0.0624941317636732,53
ESTC3,201812,0.00819966794949338,53
EUCA4,201812,0.0127436650995519,52
EVEN3,201812,0.0585948301490755,53
EZTC3,201812,0.0210978521880758,52
FESA4,201812,-0.00508238284881477,51
FIBR3,201812,-0.00484983178321057,53
FLRY3,201812,0.0145847709407384,53
FRAS3,201812,0.0212353351963003,47
GFSA3,201812,0.020068158746235,51
GGBR3,201812,0.0896108598411112,52
GGBR4,201812,0.0229629914837314,53
GNDI3,201812,0.0212136258825516,52
GOAU3,201812,0.0753755472911389,52
GOAU4,201812,0.0136238532742303,53
GOLL4,201812,0.00397123941559654,53
GRND3,201812,0.0269771724278993,52
GSHP3,201812,0.0507750874787335,48
GUAR3,201812,0.00858714095686829,53
GUAR4,201812,0.0320075840814029,51
HAPV3,201812,0.0271327206073831,53
HBOR3,201812,0.029022032799977,52
HGTX3,201812,0.0167609314956057,53
HYPE3,201812,0.013027956365933,53
IDNT3,201812,0.0140554006641646,49
IGTA3,201812,0.0162456285615066,53
INEP3,201812,-0.0848015361637861,20
IRBR3,201812,0.0193491163517195,53
ITSA3,201812,0.0390843783594336,52
ITSA4,201812,0.0571843953029623,53
ITUB3,201812,0.01977172868288,52
ITUB4,201812,0.0184447663067408,53
JBSS3,201812,0.0118842639654622,53
JOPA3,201812,0.0265164878417223,51
JPSA3,201812,-0.00191700867404792,52
JSLG3,201812,0.0298814917910072,51
KEPL3,201812,0.0244273919909764,40
KLBN11,201812,0.00965665008073566,53
KLBN4,201812,0.0272467192646658,48
KROT3,201812,0.0127021365659674,53
LAME3,201812,0.0192828950680667,52
LAME4,201812,0.0252847380637074,53
LCAM3,201812,0.0587172275159239,52
LEVE3,201812,0.00716176980427568,52
LIGT3,201812,0.00822130377679437,53
LINX3,201812,0.00604047285315285,53
LIQO3,201812,0.0301210991742679,49
LLIS3,201812,0.00855111308736877,50
LOGG3,201812,0.00714086350408264,53
LOGN3,201812,0.0308563734455555,45
LPSB3,201812,0.013319869912872,50
LREN3,201812,0.026765064182907,53
MAGG3,201812,0.00364692754862787,50
MDIA3,201812,0.0207272942586107,52
MEAL3,201812,0.00771859322783183,53
MGLU3,201812,0.0282691090487663,53
MILS3,201812,0.0734765163804024,51
MOAR3,201812,0.0396999798411282,49
MOVI3,201812,0.0321796709449278,53
MPLU3,201812,0.00838181608572909,52
MRFG3,201812,0.00443890865628964,53
MRVE3,201812,0.0678090129150103,53
MULT3,201812,0.0259901631976376,53
MYPK3,201812,0.00923487211063784,52
NATU3,201812,0.0284092813575392,53
ODPV3,201812,0.0204668064997035,53
OFSA3,201812,0.0256363915592399,51
OGXP3,201812,-0.0113426914680198,18
OIBR3,201812,0.00160959136149871,54
OIBR4,201812,0.00409453678544494,53
OMGE3,201812,0.0948929430302797,53
PARD3,201812,0.0234999444446022,53
PCAR4,201812,0.00955801025275898,53
PETR3,201812,0.012583572829243,53
PETR4,201812,-0.000372768472067322,53
PFRM3,201812,0.0490146595150715,39
PINE4,201812,0.00721899648164296,49
PNVL3,201812,0.043112741810861,51
PNVL4,201812,0.00274029975088985,52
POMO3,201812,0.0373176630211333,45
POMO4,201812,0.0367941130846261,52
PRIO3,201812,0.0275801953809788,52
PSSA3,201812,0.0271295145398011,53
PTBL3,201812,-0.0142921675313818,51
QGEP3,201812,0.0289409855741168,52
QUAL3,201812,0.00989889774637923,53
RADL3,201812,0.00506411573136424,53
RAIL3,201812,0.00770017812453724,53
RAPT3,201812,0.0228503202152396,51
RAPT4,201812,0.00654733678181098,52
RDNI3,201812,0.0125025564341173,52
RENT3,201812,0.0266672205067017,53
RLOG3,201812,0.0230700099923928,53
RNEW11,201812,0.0773568026978042,35
RNEW3,201812,0.0653165262670364,35
RNEW4,201812,0.0839289058706954,35
RPAD3,201812,0.0257952537303962,51
SANB11,201812,0.0200741042656477,53
SAPR11,201812,-0.000835865268795192,53
SAPR4,201812,0.0154336566164518,43
SBSP3,201812,0.0102758645089271,53
SCAR3,201812,0.0170829791132817,50
SEDU3,201812,0.0229933101738942,51
SEER3,201812,0.00215019097299102,53
SGPS3,201812,0.127111914773587,49
SHOW3,201812,0.00823528439804205,51
SLCE3,201812,0.0267558831586185,52
SMLS3,201812,0.0184924449807463,53
SMTO3,201812,0.00767522981805892,54
SNSL3,201812,0.075552386050744,49
SSBR3,201812,0.0253767752577228,52
STBP3,201812,0.0362565118062437,53
SULA11,201812,0.00686755682330085,53
SUZB3,201812,0.0335470649206694,53
TAEE11,201812,0.0763025158036411,53
TCSA3,201812,0.0820477725438523,52
TECN3,201812,0.0385356165742182,48
TEND3,201812,0.00500928091939833,53
TESA3,201812,0.0297106281488394,51
TGMA3,201812,0.00589881069547374,52
TIET11,201812,0.0788128435016911,53
TIMP3,201812,-0.000208331043977298,53
TOTS3,201812,0.0244887061882251,52
TRPL4,201812,0.0252381398465681,52
TRPN3,201812,0.102937755135372,49
TUPY3,201812,0.029102656874966,52
UGPA3,201812,0.00900945354121733,53
UNIP3,201812,0.0253149373463218,51
UNIP6,201812,-0.00743487860523407,52
USIM3,201812,0.0455624200783531,49
USIM5,201812,0.0126839154795997,53
USIM6,201812,0.0427040154233838,49
VALE3,201812,0.0075146229523299,53
VIVT3,201812,-0.0191029924673123,53
VIVT4,201812,-0.00619922417312686,53
VLID3,201812,0.0212888527832239,51
VULC3,201812,0.00585903468709967,53
VVAR3,201812,0.0109494162200265,53
WEGE3,201812,0.0218953687552029,53
WIZS3,201812,0.00802145937844471,53
AALR3,201901,0.125227955732477,52
ABCB4,201901,0.125799687552351,54
ABEV3,201901,0.124638183000863,54
AGRO3,201901,0.0563807504505974,6
ALPA3,201901,0.128050884070012,50
ALPA4,201901,0.131199367816706,54
ALSC3,201901,0.090600244747829,54
ALUP11,201901,0.0651804885355499,54
AMAR3,201901,0.110022255568934,53
ANIM3,201901,0.123612518711374,54
APER3,201901,0.121966272047722,49
ARZZ3,201901,0.126459116294578,54
AZUL4,201901,0.0998505999921653,54
B3SA3,201901,0.116938415866213,54
BBAS3,201901,0.118957488851842,54
BBDC3,201901,0.143265728627564,55
BBDC4,201901,0.126678073693969,54
BBRK3,201901,0.125931517512789,54
BBSE3,201901,0.125985785072873,54
BEEF11,201901,0.114398355919782,53
BEEF3,201901,0.172320852569561,54
BIDI4,201901,0.0975094688912505,53
BKBR3,201901,0.115533873435093,54
BPAC11,201901,0.125266302710354,54
BRAP3,201901,0.109160136272779,53
BRAP4,201901,0.135796433884161,55
BRDT3,201901,0.144239973338579,54
BRFS3,201901,0.140446856271014,54
BRGE3,201901,0.107684508083276,52
BRIV3,201901,0.105526313606914,52
BRKM5,201901,0.14224432220868,54
BRML3,201901,0.124429902619413,54
BRPR3,201901,0.0942617970566635,55
BRSR3,201901,0.114191484446658,52
BRSR6,201901,0.113253056337351,55
BTOW3,201901,0.117058191786555,54
CAMB4,201901,0.234403526283322,51
CAML3,201901,0.116647750595661,54
CCPR3,201901,0.101497376577108,52
CCRO3,201901,0.121603803937267,54
CEEB3,201901,0.0498650912165099,6
CEED3,201901,0.0691861716285688,5
CEED4,201901,0.0691861716285688,5
CELP3,201901,0.0997794423922306,49
CEPE3,201901,0.0494186940204063,7
CEPE5,201901,0.0576551430238073,6
CESP3,201901,0.100015616528841,49
CESP6,201901,0.123806192779913,54
CGAS3,201901,0.125081822574285,52
CGAS5,201901,0.119596683837066,54
CGRA4,201901,0.117905640306552,53
CIEL3,201901,0.142890413631618,54
CMIG3,201901,0.12602452914794,54
CMIG4,201901,0.144718183500079,54
COCE5,201901,0.112573097117823,49
CPFE3,201901,0.110645962480869,54
CPLE3,201901,0.126717816800322,52
CPLE6,201901,0.126118605631765,54
CPRE3,201901,0.103504350963658,50
CRDE3,201901,0.0598013494719223,52
CRFB3,201901,0.0780950830129318,54
CRIV3,201901,0.109823719307097,52
CSAN3,201901,0.124383916057411,54
CSMG3,201901,0.135619221374315,54
CSNA3,201901,0.12171070968157,54
CSRN3,201901,0.0646522275719123,6
CSRN5,201901,0.0305548720210973,6
CTNM4,201901,0.0977099365988573,52
CVCB3,201901,0.118656195960273,54
CYRE3,201901,0.147640500619991,54
DIRR3,201901,0.0785641314339434,54
DMMO3,201901,0.11949452111978,53
DTEX3,201901,0.128925130923042,54
ECOR3,201901,0.12150117666207,54
EGIE3,201901,0.125694266279533,54
ELET3,201901,0.123145886208784,54
ELET6,201901,0.122508760581234,54
ELPL3,201901,0.124962894289222,53
EMBR3,201901,0.131369104217119,54
ENBR3,201901,0.105795508016743,55
ENEV3,201901,0.107148892814226,55
ENGI11,201901,0.119472156484809,54
ENGI4,201901,0.146182724862902,50
EQTL3,201901,0.0781193259867464,54
ESTC3,201901,0.127612456165775,54
EUCA4,201901,0.100948735981285,54
EVEN3,201901,0.0988610089567494,54
EZTC3,201901,0.119450990676415,54
FESA4,201901,0.108979127069711,53
FJTA4,201901,0.105980102939599,53
FLRY3,201901,0.114390861810652,54
FRAS3,201901,0.211790095160659,48
GFSA3,201901,0.113918050456315,54
GGBR3,201901,0.0706549427225008,54
GGBR4,201901,0.122323734612185,54
GNDI3,201901,0.116649968224548,54
GOAU3,201901,0.0705505002133572,53
GOAU4,201901,0.107159648830616,54
GOLL4,201901,0.115625428719211,54
GRND3,201901,0.111689259874858,55
GSHP3,201901,0.070521369820977,50
GUAR3,201901,0.131053712378105,54
GUAR4,201901,0.13555554457434,52
HAPV3,201901,0.10676136093272,55
HBOR3,201901,0.115434643098877,53
HGTX3,201901,0.0872940200431019,54
HYPE3,201901,0.131678038187111,54
IDNT3,201901,0.139109605367569,50
IGTA3,201901,0.115792143968758,54
INEP3,201901,0.109214992806973,20
IRBR3,201901,0.0684075198114987,54
ITSA3,201901,0.12659305256131,52
ITSA4,201901,0.0934622342302031,55
ITUB3,201901,0.115440638846485,54
ITUB4,201901,0.150725211463446,54
JBSS3,201901,0.126509872964449,54
JHSF3,201901,0.118013462386824,52
JOPA3,201901,0.10861933159255,52
JPSA3,201901,0.116983401735702,55
JSLG3,201901,0.113860968388974,53
KLBN11,201901,0.139319558495113,54
KLBN4,201901,0.0953385560575779,50
KROT3,201901,0.126250977282602,54
LAME3,201901,0.110420067463582,54
LAME4,201901,0.110394654873557,54
LCAM3,201901,0.0959282164442659,54
LEVE3,201901,0.0913610736660983,54
LIGT3,201901,0.126650882398385,54
LINX3,201901,0.132620285790841,54
LIQO3,201901,0.0278932382619025,6
LLIS3,201901,0.105733240558764,52
LOGG3,201901,0.0936755169913714,55
LOGN3,201901,0.144178265743371,47
LPSB3,201901,0.157581926253774,52
LREN3,201901,0.118566431445983,54
MAGG3,201901,0.128941071230603,50
MDIA3,201901,0.136670120429187,54
MEAL3,201901,0.131787179284616,54
MGLU3,201901,0.124798489216236,54
MILS3,201901,0.11160653840957,52
MOAR3,201901,0.144780228226909,50
MOVI3,201901,0.0974147071630684,54
MPLU3,201901,0.125322971651647,54
MRFG3,201901,0.111194901107057,54
MRVE3,201901,0.13307355476256,55
MULT3,201901,0.101776784180631,54
MYPK3,201901,0.132608857856831,54
NATU3,201901,0.099867972159797,54
ODPV3,201901,0.111036886074323,54
OFSA3,201901,0.111086846112937,52
OIBR3,201901,0.112019815476537,56
OIBR4,201901,0.126068583518072,55
OMGE3,201901,0.0515531963432051,54
PARD3,201901,0.110814180681402,54
PCAR4,201901,0.147398486536274,54
PETR3,201901,0.123945520478213,54
PETR4,201901,0.129106415758999,54
PFRM3,201901,0.122256774636462,44
PINE4,201901,0.128615857945963,50
PNVL3,201901,0.136161331106528,52
PNVL4,201901,0.110870733928409,53
POMO3,201901,0.147448403266003,47
POMO4,201901,0.0955012931292606,54
PPLA11,201901,-0.00063445877176734,39
PRIO3,201901,0.117442192191029,53
PSSA3,201901,0.119818618555566,54
PTBL3,201901,0.108497367833092,43
QGEP3,201901,0.112706028217271,53
QUAL3,201901,0.119680419136105,55
RADL3,201901,0.122188771270448,54
RAIL3,201901,0.127091588628352,54
RAPT3,201901,0.107038384456474,52
RAPT4,201901,0.106570542657807,54
RDNI3,201901,0.0971719784830521,53
RENT3,201901,0.103993811005458,54
RLOG3,201901,0.125101266716126,54
RNEW11,201901,-0.0612943708425108,36
RNEW3,201901,-0.0839922968514201,36
RNEW4,201901,-0.0491574505445264,36
RPAD3,201901,0.107008250502212,52
RSID3,201901,0.104964723688355,39
SANB11,201901,0.124749023708077,54
SAPR11,201901,0.124686735468156,55
SAPR4,201901,0.102385996741638,53
SBSP3,201901,0.122130343122966,54
SCAR3,201901,0.135504965499483,52
SEDU3,201901,0.11599279193755,53
SEER3,201901,0.107952351609189,54
SGPS3,201901,0.116349434229486,51
SHOW3,201901,0.0902380346574979,53
SHUL4,201901,0.0461568454510835,6
SLCE3,201901,0.125781120106913,54
SMLS3,201901,0.136015969004375,54
SMTO3,201901,0.102639269863272,54
SNSL3,201901,0.135076640542268,52
SSBR3,201901,0.103826062291209,52
STBP3,201901,0.0873237776484401,54
SULA11,201901,0.109213042496888,54
SUZB3,201901,0.103421885586905,55
TAEE11,201901,0.143516620111918,54
TCSA3,201901,0.139228546176611,54
TECN3,201901,0.0865825483534826,49
TEND3,201901,0.120687322773337,54
TESA3,201901,0.112479863067191,52
TGMA3,201901,0.13010017940881,53
TIET11,201901,0.105639414575529,54
TIMP3,201901,0.112268552107054,54
TOTS3,201901,0.126173034947458,54
TRIS3,201901,0.0569674102390695,6
TRPL4,201901,0.10834362310834,54
TRPN3,201901,0.0887789455112237,51
TUPY3,201901,0.127251810471842,55
UGPA3,201901,0.119832095883765,54
UNIP3,201901,0.110575544616191,52
UNIP6,201901,0.0933087629847418,54
USIM3,201901,0.135545577754983,54
USIM5,201901,0.107106194224428,54
USIM6,201901,0.119252017975852,50
VALE3,201901,0.150809498480815,55
VIVR3,201901,0.0975115248176278,50
VIVT3,201901,0.113400744753025,53
VIVT4,201901,0.102881454803012,54
VLID3,201901,0.115939983598142,53
VULC3,201901,0.127838511693974,54
VVAR3,201901,0.10493277050078,54
WEGE3,201901,0.123130754489328,54
WHRL4,201901,0.15609708454238,39
WIZS3,201901,0.127275223667436,54
AALR3,201902,-0.00928065117094652,53
ABCB4,201902,-0.00729874954961386,53
ABEV3,201902,-0.00767371723244132,53
AGRO3,201902,-0.0224209895745329,47
ALPA3,201902,-0.00763892824288666,50
ALPA4,201902,-0.00105186584464907,53
ALSC3,201902,-0.00851863490730958,53
ALUP11,201902,-0.00420045915094742,53
AMAR3,201902,-0.00230575174353806,53
ANIM3,201902,-0.00677969568991571,53
APER3,201902,-0.000876577104941277,49
ARZZ3,201902,-0.00408821888360702,53
AZUL4,201902,-0.0157429262639326,53
B3SA3,201902,-0.0192482829028448,53
BBAS3,201902,-0.0142566767887232,53
BBDC3,201902,-0.00608690917043576,53
BBDC4,201902,-0.017717121731745,53
BBRK3,201902,-0.00869364011812734,53
BBSE3,201902,-0.0155014602552378,53
BEEF11,201902,0.0130554409675457,53
BEEF3,201902,0.00698067981292788,53
BIDI4,201902,-0.0157090968169891,53
BKBR3,201902,-0.00805782718570899,53
BPAC11,201902,-0.00959252972707062,53
BPAN4,201902,-0.0113869458722794,51
BRAP3,201902,-0.00210230175300048,52
BRAP4,201902,-0.0209838048520104,53
BRDT3,201902,0.00174727247168214,53
BRFS3,201902,0.00421311198606629,53
BRGE3,201902,0.00706550536472923,52
BRIV3,201902,0.0076393578054065,52
BRKM5,201902,-0.00868884258582913,53
BRML3,201902,-0.003882457826686,53
BRPR3,201902,0.00170738105462072,53
BRSR3,201902,0.0179302424713993,52
BRSR6,201902,0.00852004421434511,53
BTOW3,201902,-0.00253365462753179,53
CAMB4,201902,-0.0487946569732158,50
CAML3,201902,-0.00706538978020887,53
CCPR3,201902,0.00484507165871825,52
CCRO3,201902,-0.00761974820628638,53
CEEB3,201902,0.0706195960422347,6
CEED3,201902,0.0668498418670255,6
CEED4,201902,0.0519819981498632,6
CELP3,201902,-0.0815056454108254,50
CEPE3,201902,0.0860779383944575,9
CEPE5,201902,0.100413304843715,8
CESP3,201902,-0.0194970335174222,49
CESP6,201902,-0.00182378304496093,53
CGAS3,201902,0.0139545196761401,52
CGAS5,201902,-0.0092679096394911,53
CGRA3,201902,-0.000837519147762045,52
CGRA4,201902,0.00966098095399744,52
CIEL3,201902,0.00304289661771321,53
CMIG3,201902,-0.00755555064931386,53
CMIG4,201902,-0.00708086795605327,53
COCE5,201902,-0.00650598693840868,52
CPFE3,201902,-0.00827618233542345,53
CPLE3,201902,-0.00828585536490242,52
CPLE6,201902,-0.0111975701063778,53
CPRE3,201902,-0.0188780778246637,50
CRDE3,201902,0.00127333153292488,52
CRFB3,201902,-0.00485731604488104,53
CRIV3,201902,0.00346947208732607,52
CSAN3,201902,-0.025233393683313,53
CSMG3,201902,-0.0155148161704789,53
CSNA3,201902,-0.0141623678352445,53
CSRN3,201902,0.0928224590098646,6
CSRN5,201902,0.11358604862031,6
CTNM4,201902,0.00819362348511185,52
CVCB3,201902,-0.0179657689947582,53
CYRE3,201902,-0.0295483110422292,53
DIRR3,201902,-0.0059267819864304,53
DMMO3,201902,0.00901980080160643,53
DTEX3,201902,-0.0107405196650564,53
ECOR3,201902,-0.00692552867662896,53
EGIE3,201902,-0.0105930353722271,53
ELET3,201902,-0.00697675125491401,53
ELET6,201902,-0.0142097550313827,53
ELPL3,201902,-0.00786088927773318,53
EMBR3,201902,-0.00835340842158896,53
ENBR3,201902,-0.00219627772378593,53
ENEV3,201902,0.00065896545828018,53
ENGI11,201902,-0.00988797025957333,53
ENGI4,201902,-0.00251573173214776,50
EQTL3,201902,-0.0185347575534665,53
ESTC3,201902,-0.0187331686885381,53
EUCA4,201902,0.0122754790897018,53
EVEN3,201902,-0.00449216435501395,53
EZTC3,201902,-0.00257036006210512,53
FESA4,201902,0.00204403871246862,53
FJTA4,201902,0.0227987048621048,53
FLRY3,201902,0.00446885799578187,53
FRAS3,201902,0.00244753221988122,48
GFSA3,201902,0.0332847617569327,53
GGBR3,201902,-3.21302298126022e-05,53
GGBR4,201902,-0.024289778258882,53
GNDI3,201902,-0.0107911133369202,53
GOAU3,201902,0.0119942019285145,53
GOAU4,201902,0.009151924631752,53
GOLL4,201902,-0.0143697847698536,53
GRND3,201902,0.0133836688663004,53
GSHP3,201902,-0.00788037446228698,50
GUAR3,201902,-0.00762759526337246,53
HAPV3,201902,-0.00729369704824102,53
HBOR3,201902,-0.00823344863233274,53
HGTX3,201902,-0.00303426472735814,53
HYPE3,201902,-0.00115861794776649,53
IDNT3,201902,-0.00315601529888868,50
IGTA3,201902,-0.0101400186431971,53
IRBR3,201902,-0.00369424692756723,53
ITSA3,201902,0.000305246116417968,53
ITSA4,201902,-0.00512114129982498,53
ITUB3,201902,-0.00591192096755598,53
ITUB4,201902,-0.0154728369748964,53
JBSS3,201902,-0.00446370918788753,53
JHSF3,201902,0.0120752647057279,52
JOPA3,201902,0.00699609365690616,52
JPSA3,201902,0.00145104424075591,53
JSLG3,201902,0.0139410273967063,53
KLBN11,201902,-0.00372094334002704,53
KLBN4,201902,-0.0136369799209311,50
KROT3,201902,-0.011740399655688,53
LAME3,201902,0.000864986902290939,53
LAME4,201902,-0.0100920855081841,53
LCAM3,201902,-0.0103230181609534,53
LEVE3,201902,0.0189714757757649,53
LIGT3,201902,-0.00880754171950299,53
LINX3,201902,-0.0105097098049777,53
LIQO3,201902,0.105278117235456,6
LLIS3,201902,0.0215097763078952,52
LOGG3,201902,-0.00404665060355485,53
LOGN3,201902,-0.00857248827152881,47
LPSB3,201902,-0.0464943357957682,52
LREN3,201902,-0.0281599763183429,53
MAGG3,201902,-0.0245235740522727,41
MDIA3,201902,-0.0234631915952546,53
MEAL3,201902,-0.0076150696719298,53
MGLU3,201902,-0.0275507474881089,53
MILS3,201902,-0.00797673939934664,52
MOAR3,201902,-0.00448189341485009,50
MOVI3,201902,-0.0260286410768317,53
MPLU3,201902,-0.0117157819771277,53
MRFG3,201902,-0.0146447496755766,53
MRVE3,201902,-0.0184467167218403,53
MULT3,201902,-0.0271144369945013,53
MYPK3,201902,-0.00786499550300654,53
NATU3,201902,-0.0324515212076309,53
ODPV3,201902,-0.0185012534847196,53
OFSA3,201902,0.00452081698205541,52
OIBR3,201902,-0.0182555496228626,55
OIBR4,201902,-0.0295588439534745,54
OMGE3,201902,0.000118819635504644,53
PARD3,201902,0.00852090972612231,53
PCAR4,201902,-0.0204218057520179,53
PETR3,201902,-0.00835223631196571,53
PETR4,201902,-0.00904961759615762,54
PFRM3,201902,-0.0487933803267344,44
PINE4,201902,-0.00960054477772997,50
PNVL3,201902,-0.00808512554075124,52
PNVL4,201902,0.00377827354262647,53
POMO3,201902,-0.00712196980607623,47
POMO4,201902,-0.0239586616108808,53
PPLA11,201902,-0.091266649363831,39
PRIO3,201902,-0.0128544432335223,53
PSSA3,201902,-0.0100169050189728,53
PTBL3,201902,-0.00245874583942201,39
QGEP3,201902,0.0089357514710015,53
QUAL3,201902,-0.00642211572320389,53
RADL3,201902,-0.0123429564764858,53
RAIL3,201902,-0.00299875145795058,53
RAPT3,201902,0.00680189874662041,52
RAPT4,201902,-0.0126996134533024,53
RDNI3,201902,0.0118517258136048,52
RENT3,201902,-0.0130369826471345,53
RLOG3,201902,-0.00836434592773856,53
RPAD3,201902,-0.0102863539846066,52
RSID3,201902,0.125133471788859,39
SANB11,201902,-0.0124398278836697,54
SAPR11,201902,-0.0103665351499577,53
SAPR4,201902,0.00791520570680039,53
SBSP3,201902,-0.00143404619358819,53
SCAR3,201902,-0.0212795692087678,52
SEDU3,201902,-0.00126593927216604,53
SEER3,201902,-0.0241515177360142,53
SGPS3,201902,0.0531791408371781,50
SHOW3,201902,0.000839435267843385,53
SHUL4,201902,0.00541038692477365,47
SLCE3,201902,-0.00521332112055034,53
SMLS3,201902,-0.0111997165207574,53
SMTO3,201902,-0.00713509969208285,53
SQIA3,201902,-0.0164694258144169,51
SSBR3,201902,0.0120591448528483,53
STBP3,201902,-0.0227158093605749,53
SULA11,201902,-0.0322941517885841,53
SUZB3,201902,-0.00830316175478819,53
TAEE11,201902,-1.31946403302425e-05,53
TCSA3,201902,0.00728553490919361,53
TECN3,201902,-0.0560211138854576,49
TEND3,201902,-0.00324366875723671,53
TESA3,201902,-0.0241171563597376,51
TGMA3,201902,-0.00984881904310347,53
TIET11,201902,-0.00848521285240644,53
TIMP3,201902,-0.00241439622003025,53
TOTS3,201902,-0.0153147592939606,53
TRIS3,201902,-0.0140182902347765,6
TRPL4,201902,0.00870984503726873,53
TRPN3,201902,-0.000645015025744805,51
TUPY3,201902,-0.00678104174853578,53
UGPA3,201902,-0.00606560222504018,53
UNIP3,201902,0.00555712367841348,52
UNIP6,201902,-0.00305005410333289,56
USIM3,201902,-0.00263299448545199,52
USIM5,201902,-0.0286872923025854,53
USIM6,201902,-0.00448189341485008,50
VALE3,201902,-0.0119045242212638,53
VIVR3,201902,-0.0177850534930572,49
VIVT3,201902,0.00669762625789601,53
VIVT4,201902,0.000183530626360675,53
VLID3,201902,-0.00246524159691474,53
VULC3,201902,-0.00836466444591807,53
VVAR3,201902,-0.00761471756239089,53
WEGE3,201902,-0.000673610281673316,53
WIZS3,201902,-0.0117354326949834,53
AALR3,201903,-0.0107592582345878,55
ABCB4,201903,-0.0143218023894929,55
ABEV3,201903,-0.00365068489172504,55
AGRO3,201903,-0.0214509275514053,47
ALPA3,201903,-0.0152323751289331,51
ALPA4,201903,0.00432461437108575,55
ALSC3,201903,-0.000875774593839159,55
ALUP11,201903,-0.0128750678887458,55
AMAR3,201903,-0.00638035303935685,52
ANIM3,201903,-0.0194280790952056,55
APER3,201903,-0.0128254287389197,49
ARZZ3,201903,0.0064827188425568,55
AZUL4,201903,-0.0201914894202241,55
B3SA3,201903,0.00430669510266241,55
BBAS3,201903,-0.0186837344276217,55
BBDC3,201903,-0.015254013873562,55
BBDC4,201903,0.00489808871194875,55
BBRK3,201903,-0.00601537882608618,54
BBSE3,201903,-0.0134158000496432,55
BEEF11,201903,-0.0113057664937525,54
BEEF3,201903,-0.0158121784452491,54
BIDI4,201903,0.000919194692068793,55
BKBR3,201903,0.00269859147754886,55
BPAC11,201903,-0.0150052783944949,55
BPAN4,201903,-0.0108243541629816,52
BRAP3,201903,-0.0119757440331846,54
BRAP4,201903,-0.0159459345747389,55
BRDT3,201903,-0.0016094280266932,55
BRFS3,201903,-0.0166989178229777,56
BRGE3,201903,-0.00724654202643819,52
BRIV3,201903,-0.0072826286620595,52
BRKM5,201903,-0.0140872166843735,55
BRML3,201903,-0.0149127490584396,55
BRPR3,201903,-0.00898294867507084,55
BRSR3,201903,-0.0135019716428958,52
BRSR6,201903,-0.00512342591407893,55
BTOW3,201903,-0.019601535858376,55
CAMB4,201903,0.035977675634895,50
CAML3,201903,-0.0175927516288338,55
CCPR3,201903,-0.0101237543059266,53
CCRO3,201903,-0.0136272582684004,55
CEEB3,201903,0.0199249872266822,7
CEED3,201903,-0.0253881405318465,7
CEED4,201903,0.0155532153424553,7
CELP3,201903,-0.0327203572434297,50
CEPE3,201903,0.0242529411550102,5
CEPE5,201903,0.0155532153424553,7
CESP3,201903,-0.0115216694080696,48
CESP6,201903,-0.0183729036950991,55
CGAS3,201903,-0.0164773031842575,53
CGAS5,201903,-0.0173275936394743,53
CGRA4,201903,-0.0156610553617167,53
CIEL3,201903,-0.00892073505880324,55
CMIG3,201903,-0.0109757329895543,55
CMIG4,201903,-0.00987677712116714,55
COCE5,201903,-0.0106828669099261,53
CPFE3,201903,-0.0150437869980666,55
CPLE3,201903,-0.0152198805119528,53
CPLE6,201903,-0.0162251547657256,55
CPRE3,201903,-0.00104608322614147,50
CRDE3,201903,0.00978564640316142,54
CRFB3,201903,-0.000222020300508713,55
CRIV3,201903,-0.00696877331073796,52
CSAN3,201903,-0.0103116195729889,55
CSMG3,201903,-0.015481944481196,54
CSNA3,201903,-0.0107064719197417,55
CSRN3,201903,0.0241549697362458,7
CSRN5,201903,0.0126383705648757,8
CTNM4,201903,-0.00830163792491748,52
CVCB3,201903,-0.00880057780726956,55
CYRE3,201903,0.00748336726659927,55
DIRR3,201903,-0.000419822041428215,53
DMMO3,201903,-0.0457409323815778,47
DTEX3,201903,-0.0131741980034366,55
ECOR3,201903,-0.0139261977641924,55
EGIE3,201903,-0.0206747812967526,55
ELET3,201903,-0.0111871029908961,55
ELET6,201903,-0.0112836230103946,55
ELPL3,201903,-0.0139326223964058,53
EMBR3,201903,-0.0165485809868168,55
ENBR3,201903,-0.00558552988211868,55
ENEV3,201903,-0.00460334285877847,55
ENGI11,201903,-0.013946379898243,55
ENGI4,201903,-0.0105423359693613,51
EQTL3,201903,0.0108120010329995,55
ESTC3,201903,-0.00962199931855815,55
EUCA4,201903,-0.00402484311977848,54
EVEN3,201903,-0.0162507479899137,55
EZTC3,201903,-0.0105238897201195,55
FESA4,201903,0.32663095210953,47
FHER3,201903,-0.0146755268919265,52
FJTA4,201903,-0.0762986113993159,46
FLRY3,201903,-0.0206960678678318,55
FRAS3,201903,0.0263416454909001,47
GFSA3,201903,-0.0112743659426915,52
GGBR3,201903,0.00596839160595399,55
GGBR4,201903,0.00404740939464178,55
GNDI3,201903,-0.0168797560804288,55
GOAU3,201903,0.00790309662578763,54
GOAU4,201903,-0.00585220674244119,55
GOLL4,201903,-0.00961388458129566,55
GRND3,201903,-0.0116499245436291,54
GSHP3,201903,0.0116061194673209,54
GUAR3,201903,-0.0118997305688535,55
HAPV3,201903,-0.00947097361884195,55
HBOR3,201903,-0.0209701235575118,50
HGTX3,201903,0.0139118388525312,55
HYPE3,201903,-0.0166247419567511,55
IDNT3,201903,-0.0125430527757217,51
IGTA3,201903,-0.0143086369841688,55
IRBR3,201903,-0.00759654789107646,55
ITSA3,201903,-0.00434492055813875,54
ITSA4,201903,0.00375914977857688,55
ITUB3,201903,-0.0137692487837277,55
ITUB4,201903,-0.00990020340093163,55
JBSS3,201903,-0.0224342921997428,55
JHSF3,201903,-0.0148640446439925,53
JOPA3,201903,-0.0031832947186372,52
JPSA3,201903,-0.00946369065311632,55
JSLG3,201903,-0.0140036990084263,53
KLBN11,201903,-0.00760095648074056,55
KLBN4,201903,0.000506263255310294,50
KROT3,201903,-0.0163346628318185,55
LAME3,201903,-0.0112025599184746,55
LAME4,201903,-0.0144654411755559,55
LCAM3,201903,-0.0157411936265346,55
LEVE3,201903,-0.0149323322618943,54
LIGT3,201903,-0.0115976787123684,55
LINX3,201903,-0.017358461279466,55
LIQO3,201903,-0.000484702929843291,42
LLIS3,201903,-0.00279702491274276,52
LOGG3,201903,-0.0163852613552163,55
LOGN3,201903,0.00183433262414535,46
LPSB3,201903,-0.025872206625909,53
LREN3,201903,0.00470432749083985,55
MAGG3,201903,0.00336653093541125,41
MDIA3,201903,-0.0156292455517205,55
MEAL3,201903,-0.0135026957080366,55
MGLU3,201903,0.00886331294910199,55
MILS3,201903,-0.0131292527824663,53
MOAR3,201903,-0.00887523789340309,50
MOVI3,201903,-0.00557748993412666,55
MPLU3,201903,-0.0156718159496725,55
MRFG3,201903,-0.0124100817583369,55
MRVE3,201903,-0.00978546824740014,55
MULT3,201903,-0.00234072962655557,55
MYPK3,201903,-0.0149936053762257,54
NATU3,201903,0.00779850841757774,55
ODPV3,201903,-0.00928294271504869,55
OFSA3,201903,-0.00475319127125223,53
OIBR3,201903,0.0131964133794235,56
OIBR4,201903,0.00261525298451816,55
OMGE3,201903,0.00778912282326956,55
PARD3,201903,-0.00863013219458052,55
PCAR4,201903,-0.0169735627520092,55
PETR3,201903,-0.0123352745980831,55
PETR4,201903,-0.0154904248311906,55
PFRM3,201903,-0.0377091421115777,39
PINE4,201903,-0.0106496148540034,51
PNVL3,201903,-0.0104713718616866,53
PNVL4,201903,-0.011331984304849,55
POMO3,201903,-0.0159553401942702,46
POMO4,201903,0.0153356361848347,54
PPLA11,201903,0.226601455094543,41
PRIO3,201903,-0.0203189234105623,53
PSSA3,201903,-0.0174219425656112,55
PTBL3,201903,-0.0904895268546242,41
QGEP3,201903,-0.00888876402871268,55
QUAL3,201903,-0.0165929444759473,55
RADL3,201903,-0.0148872417686269,55
RAIL3,201903,-0.0145154309424503,55
RAPT3,201903,-0.00639487338944694,52
RAPT4,201903,-0.0206539840471106,55
RDNI3,201903,-0.00357517543041281,53
RENT3,201903,0.00698777531529071,55
RLOG3,201903,-0.01662806986765,55
RNEW11,201903,-0.00998987074855617,54
RNEW3,201903,-0.0322078756078582,54
RNEW4,201903,-0.00438100160923727,42
RPAD3,201903,-0.0101305734243866,52
RSID3,201903,0.313428443069911,41
SANB11,201903,-0.0110343825732545,55
SAPR11,201903,-0.0166805618290888,55
SAPR4,201903,-0.012145841155366,53
SBSP3,201903,-0.00924685568203426,55
SCAR3,201903,-0.00497301612581163,52
SEDU3,201903,-0.0150352810929178,54
SEER3,201903,-0.0135192788816436,55
SGPS3,201903,-0.0016349587450544,50
SHOW3,201903,-0.0106636280959973,54
SHUL4,201903,-0.0236091379566135,46
SLCE3,201903,-0.0100987321262992,54
SMLS3,201903,-0.0126418556705588,55
SMTO3,201903,-0.00884344076898112,55
SQIA3,201903,-0.0231305298811519,51
SSBR3,201903,-0.00565333036130848,54
STBP3,201903,0.00663802219312268,55
SULA11,201903,-0.00811238542337648,55
SUZB3,201903,-0.00516577609370631,55
TAEE11,201903,-0.0150282336778111,55
TCSA3,201903,0.00175746603517854,54
TECN3,201903,-0.0317398015348232,50
TEND3,201903,-0.0134096179312793,55
TESA3,201903,-0.0223522248544892,52
TGMA3,201903,-0.0103824247910863,55
TIET11,201903,-0.00977763145453768,55
TIET3,201903,-0.0212992488982788,39
TIET4,201903,-0.0199221092080159,39
TIMP3,201903,-0.01222297092224,55
TOTS3,201903,-0.0206804655724017,55
TRIS3,201903,-0.0192959100604414,6
TRPL4,201903,-0.0189514879423978,54
TRPN3,201903,0.00909329891646128,51
TUPY3,201903,-0.0105464252109875,54
UGPA3,201903,-0.00693507406127665,55
UNIP3,201903,-0.00689186987741103,52
UNIP6,201903,-0.0141971954660314,54
USIM3,201903,-0.0226633133640533,55
USIM5,201903,-0.0114532684994548,55
USIM6,201903,-0.00509778673475188,50
VALE3,201903,-0.00665350207412064,55
VIVR3,201903,-0.00989211621924299,50
VIVT3,201903,-0.0032220108814953,55
VIVT4,201903,-0.0126973981412689,55
VLID3,201903,-0.0139392943214904,54
VULC3,201903,-0.00956168717431653,55
VVAR3,201903,-0.0105486328165524,55
WEGE3,201903,-0.00896224304980614,55
WIZS3,201903,-0.0113257768796325,55
AALR3,201904,-0.00331802743376927,53
ABCB4,201904,-0.00298864107530026,53
ABEV3,201904,0.0143636454751806,53
AGRO3,201904,-0.0631341509108255,47
ALPA3,201904,0.00528833755506144,50
ALPA4,201904,0.0265006693105363,53
ALSC3,201904,0.0369280888298635,53
ALUP11,201904,-0.00904314657737234,53
AMAR3,201904,-0.00459957600297328,52
ANIM3,201904,0.00796783454729132,53
APER3,201904,-0.0151712627551463,49
ARZZ3,201904,0.0119934759256995,53
AZUL4,201904,0.00313208590575787,53
B3SA3,201904,0.0274412471298708,53
BBAS3,201904,0.00443855517833897,53
BBDC3,201904,0.00814758034054846,53
BBDC4,201904,0.0168837872614512,53
BBRK3,201904,0.010873336719348,52
BBSE3,201904,0.00128007453937332,53
BEEF11,201904,0.0182164679058362,51
BEEF3,201904,0.0114694105793689,52
BIDI4,201904,0.0286864212955148,53
BKBR3,201904,0.0309066183473569,53
BPAC11,201904,0.0030974085909754,53
BPAN4,201904,0.00212723224959661,51
BRAP3,201904,-0.00837428476374095,53
BRAP4,201904,-0.000251659113235073,53
BRDT3,201904,0.0287561805988756,53
BRFS3,201904,0.0148680787262048,53
BRGE3,201904,-0.00760046820758557,52
BRIV3,201904,-0.00407579147278165,52
BRKM5,201904,-0.0012311841379306,53
BRML3,201904,0.0149083398063518,53
BRPR3,201904,0.000960268157510535,53
BRSR3,201904,-0.00882183857532738,51
BRSR6,201904,0.000239351558132496,53
BTOW3,201904,0.00716049117548838,53
CAMB4,201904,-0.031705946739525,49
CAML3,201904,0.0093123291728716,53
CCPR3,201904,-0.00460050240807405,52
CCRO3,201904,-0.00150411475491082,53
CEEB3,201904,0.343593807803223,8
CEED3,201904,0.183511625373607,8
CEED4,201904,0.152746382936157,8
CELP3,201904,-0.0329471746079935,50
CEPE3,201904,0.300599718062836,9
CEPE5,201904,0.372960014459608,8
CESP3,201904,-0.0105327409582125,53
CESP6,201904,-0.00398955157188406,53
CGAS3,201904,-0.0102895514746662,52
CGRA4,201904,0.000326074986731588,53
CIEL3,201904,-0.00155387608901625,53
CMIG3,201904,-0.00417364308003886,53
CMIG4,201904,-0.00458349273729951,53
CNTO3,201904,0.00131811451375393,53
COCE5,201904,-0.0136885933542831,53
CPFE3,201904,0.00634923187381608,53
CPLE3,201904,-0.0067976597674726,53
CPLE6,201904,0.0224416472158811,53
CPRE3,201904,0.0051025610606199,49
CRDE3,201904,0.0363108594632737,52
CRFB3,201904,0.032797183789355,53
CRIV3,201904,-0.00369808383179241,52
CSAN3,201904,0.0135797861143666,53
CSMG3,201904,0.00283711627546548,53
CSNA3,201904,-0.000727952968946826,53
CSRN3,201904,0.37821224682482,5
CSRN5,201904,0.372673832486224,8
CTNM4,201904,-0.00766401521594923,52
CVCB3,201904,0.000474157542234281,53
CYRE3,201904,0.0229273276788013,53
DIRR3,201904,0.0163198888743277,53
DMMO3,201904,-0.0307961933544124,48
DTEX3,201904,0.00501425922624105,53
ECOR3,201904,-0.00201763879459846,53
EGIE3,201904,0.00711722921650438,53
ELET3,201904,0.0234518656756732,53
ELET6,201904,0.00544543391693448,53
ELPL3,201904,-0.00652700404054333,51
EMBR3,201904,-0.00379749985317235,53
ENAT3,201904,0.00226861516105404,53
ENBR3,201904,-0.00238833825870672,53
ENEV3,201904,-0.00332874877487293,53
ENGI11,201904,-0.00461106740857148,53
ENGI4,201904,-0.0195025561245537,50
EQTL3,201904,0.0328806777543094,53
ESTC3,201904,0.00301580106646766,53
EUCA4,201904,-0.00246416636908439,52
EVEN3,201904,0.0122379514217941,53
EZTC3,201904,-0.018113575475958,53
FESA4,201904,-0.112047866810739,48
FHER3,201904,0.00463888239420249,51
FJTA4,201904,-0.0873301379895686,48
FLRY3,201904,0.000556681997342058,53
FRAS3,201904,0.0991691103811069,48
GFSA3,201904,0.00465502977175163,51
GGBR3,201904,0.0378623277172537,53
GGBR4,201904,0.0242986621561775,53
GNDI3,201904,-0.0032224946909696,53
GOAU3,201904,0.0245758810635603,52
GOAU4,201904,-0.00466172113843195,53
GOLL4,201904,0.00703540429813275,53
GRND3,201904,-0.00436503603408218,53
GUAR3,201904,-0.00249054080604196,53
HAPV3,201904,0.0153371534221589,53
HBOR3,201904,-0.0455902564519749,49
HGTX3,201904,0.0226090126241209,53
HYPE3,201904,0.0123450426623647,53
IDNT3,201904,0.00082376931064483,50
IGTA3,201904,0.00794700913690135,53
IRBR3,201904,0.0250997688692966,53
ITSA3,201904,-0.00365948019782761,53
ITSA4,201904,0.031021381745572,53
ITUB3,201904,0.00683163893203688,53
ITUB4,201904,-0.00453162343104757,53
JBSS3,201904,0.000195923410181707,53
JHSF3,201904,-0.0151571225167758,51
JOPA3,201904,-0.00717342299537509,52
JPSA3,201904,-0.00119271796359307,53
JSLG3,201904,-0.00984886975484844,53
KLBN11,201904,-0.000652839813821969,53
KROT11,201904,0.00213160666772112,50
KROT3,201904,0.00467190648721617,53
LAME3,201904,1.68496089982878e-05,53
LAME4,201904,-0.000912629641811595,53
LCAM3,201904,0.00750881987158749,53
LEVE3,201904,-0.00676824574510191,52
LIGT3,201904,-0.00331224795816048,53
LINX3,201904,0.00674720227137089,53
LIQO3,201904,0.0517651232539089,42
LLIS3,201904,-0.0112444226990393,51
LOGG3,201904,-0.00806987747549773,53
LOGN3,201904,-0.0140459681994441,46
LPSB3,201904,0.000868421102820597,52
LREN3,201904,0.029832971263398,53
MAGG3,201904,-0.0464903979620626,42
MDIA3,201904,0.00623902149697919,53
MEAL3,201904,-0.00397530759228543,52
MGLU3,201904,0.0281745169077791,53
MILS3,201904,0.0022412876837314,52
MOAR3,201904,-0.0172838782315846,50
MOVI3,201904,0.0209178406893009,53
MRFG3,201904,-0.000524857583266316,53
MRVE3,201904,0.016216737589731,53
MULT3,201904,0.0224614538656552,53
MYPK3,201904,-0.000931005558795759,53
NATU3,201904,-0.000948159312940598,53
ODPV3,201904,0.0235107413485519,53
OFSA3,201904,-0.00653531938558529,52
OIBR3,201904,0.0170975515098097,54
OIBR4,201904,0.0181471608613797,56
OMGE3,201904,0.0308106586591351,53
PARD3,201904,-0.0078310167365908,53
PCAR4,201904,-0.00100433491165498,53
PETR3,201904,-0.00456221498401704,53
PETR4,201904,0.00863254078652885,53
PFRM3,201904,-0.0319225813861387,39
PINE4,201904,0.00275817164171629,50
PNVL3,201904,-0.017638730378028,51
PNVL4,201904,-0.00907847052659829,53
POMO3,201904,-0.00385032737923286,45
POMO4,201904,0.0471452014124448,53
PPLA11,201904,0.0371076489692423,35
PRIO3,201904,0.000954883452465632,52
PSSA3,201904,-0.00288976149352494,53
PTBL3,201904,-0.12484049123555,40
QUAL3,201904,-0.00799803322943389,53
RADL3,201904,0.0142820615246808,53
RAIL3,201904,-0.00660657623768458,53
RAPT3,201904,-0.00371558352229263,52
RAPT4,201904,-0.00111525147389417,53
RDNI3,201904,-0.0104534526093325,53
RENT3,201904,0.0293129815889926,53
RLOG3,201904,-0.00168007661911815,53
RNEW11,201904,-0.00591280219902747,53
RNEW3,201904,-0.00489803355533389,53
RPAD3,201904,-0.00359746324330559,52
SANB11,201904,-0.0066000204349248,53
SAPR11,201904,-0.0016117326356474,53
SAPR4,201904,-0.0121244804215149,52
SBSP3,201904,0.00142555543487713,53
SCAR3,201904,0.00921382611901615,52
SEDU3,201904,0.00137055282919723,52
SEER3,201904,0.0150202082436503,53
SGPS3,201904,0.014492266500127,49
SHOW3,201904,-0.00268014411399879,53
SHUL4,201904,-0.00388594937783298,43
SLCE3,201904,-0.0059407689420567,53
SMLS3,201904,-0.00297148637918472,53
SMTO3,201904,-0.00317105555620387,53
SQIA3,201904,-0.0147860857559221,50
SSBR3,201904,-0.00888497616100187,53
STBP3,201904,0.0387534787706487,53
SULA11,201904,-0.00268090891180801,53
SUZB3,201904,0.00906309147749664,53
TAEE11,201904,0.00852408165317805,53
TCSA3,201904,0.00216006220815178,53
TECN3,201904,-0.0415331940425851,49
TEND3,201904,-0.00659947212858415,53
TESA3,201904,0.0215491860813741,51
TGMA3,201904,-0.00143212455796646,53
TIET11,201904,-0.00480546781605998,53
TIMP3,201904,0.0109932501653759,53
TOTS3,201904,0.0041000638491702,53
TRIS3,201904,-0.0221527698071893,6
TRPL4,201904,0.00444872447208635,53
TRPN3,201904,0.0372211515358524,50
TUPY3,201904,-0.000294476676766564,53
UGPA3,201904,0.00360666684193208,53
UNIP3,201904,-0.00518796554922408,52
UNIP6,201904,-0.011267845537017,53
USIM3,201904,-0.00467814388576064,53
USIM5,201904,0.0175738539585966,53
USIM6,201904,-0.00720765790340565,50
VALE3,201904,0.0140835532262964,53
VIVR3,201904,0.00210650417557822,49
VIVT3,201904,0.0199817572713534,53
VIVT4,201904,0.0135947695911799,53
VLID3,201904,-0.00684193753936337,53
VULC3,201904,-0.00080035273843425,53
VVAR3,201904,-0.00604664557491784,53
WEGE3,201904,-0.00182058121567609,53
WIZS3,201904,-0.00169210220345468,53
AALR3,201905,0.0165351836092494,54
ABCB4,201905,0.0098603149949828,54
ABEV3,201905,0.0282159377388466,54
ALPA3,201905,0.00578430744103967,51
ALPA4,201905,0.0248412548094779,54
ALSC3,201905,0.0219129348250506,54
ALUP11,201905,0.0321955159702486,54
ALUP3,201905,-0.00415532364787577,40
ALUP4,201905,-0.00445655861706571,40
AMAR3,201905,0.0483200313158628,53
ANIM3,201905,0.00558251067050751,54
APER3,201905,-0.000561684578438778,48
ARZZ3,201905,0.0106867489757766,54
AZUL4,201905,0.0157120566680829,54
B3SA3,201905,0.0347979324897713,54
BBAS3,201905,0.00782161935684116,54
BBDC3,201905,0.0144302111687301,54
BBDC4,201905,0.00686462447237455,54
BBRK3,201905,0.0315696346934795,53
BBSE3,201905,0.0234531629132069,54
BEEF11,201905,-0.0167809863518503,52
BEEF3,201905,0.0178317189943579,54
BIDI4,201905,0.0330068988049734,54
BKBR3,201905,0.051440687043468,54
BPAC11,201905,0.0268477106539468,54
BPAN4,201905,0.00586854320220916,45
BRAP3,201905,0.0120608242041389,54
BRAP4,201905,0.0168064057675615,54
BRDT3,201905,-0.00298688368231843,54
BRFS3,201905,0.0215786774878948,54
BRGE3,201905,-0.01337404501167,51
BRIV3,201905,-0.0167559718666452,51
BRKM5,201905,0.0219285707155627,54
BRML3,201905,0.00869113694648405,54
BRPR3,201905,0.0280530815566153,54
BRSR3,201905,-0.0177964415752729,51
BRSR6,201905,0.0012078821013997,54
BTOW3,201905,0.0244948246077798,54
CAMB4,201905,0.0340219998840597,50
CAML3,201905,0.0173069790947179,54
CCPR3,201905,-0.0146375491073294,52
CCRO3,201905,0.00524439176695882,54
CEEB3,201905,-0.0425193821868219,5
CEED3,201905,-0.0327445824091806,6
CEED4,201905,-0.0425193821868219,5
CELP3,201905,0.000748760362328938,51
CEPE3,201905,-0.0290932525665148,9
CEPE5,201905,-0.0269225970134829,6
CESP3,201905,0.0061754952971339,52
CESP6,201905,0.00501297172061211,54
CGAS3,201905,0.0203438262730662,52
CGRA4,201905,0.0154921740583017,52
CIEL3,201905,0.0183046901456743,54
CLSC4,201905,0.00831613358195345,27
CMIG3,201905,0.0050819225082595,54
CMIG4,201905,0.00893331443719574,54
CNTO3,201905,0.0247137020045005,54
COCE5,201905,0.0324496940095221,52
CPFE3,201905,0.029447718867616,52
CPLE3,201905,0.00735659155973702,52
CPLE6,201905,0.0413530950245306,54
CPRE3,201905,0.0177673130811485,48
CRDE3,201905,0.0386534152477521,52
CRFB3,201905,0.0313782191901661,54
CRIV3,201905,-0.0170053484826034,51
CSAN3,201905,0.0192104179460351,54
CSMG3,201905,0.0313442557376713,52
CSNA3,201905,0.00927549449542707,54
CSRN3,201905,-0.0487489974202181,6
CSRN5,201905,-0.027870075045563,6
CTNM4,201905,-0.0107343370113007,51
CVCB3,201905,0.0381222030396928,54
CYRE3,201905,0.0452204286402023,54
DIRR3,201905,0.0401861152862972,51
DMMO3,201905,0.0442649750803031,14
DTEX3,201905,0.00740400239725063,54
ECOR3,201905,0.00811033807804305,54
EGIE3,201905,0.0262031396842882,54
ELET3,201905,0.00408381286788929,54
ELET6,201905,0.0152495073927232,54
ELPL3,201905,0.0182368905864014,51
EMBR3,201905,0.00685190495442251,54
ENAT3,201905,0.00359420900307743,54
ENBR3,201905,0.00494241338780715,54
ENEV3,201905,0.0384381474872577,54
ENGI11,201905,0.0237522028117095,54
ENGI4,201905,0.00939347317231079,51
EQTL3,201905,0.0437043879009243,54
ESTC3,201905,0.021868332316535,54
EUCA4,201905,-0.000654760063539588,53
EVEN3,201905,0.0405976239080104,54
EZTC3,201905,0.00643965032108032,54
FESA4,201905,-0.00486702212446729,45
FHER3,201905,0.0244802222729472,51
FJTA4,201905,0.000227062813022044,43
FLRY3,201905,0.0172406052614977,54
FRAS3,201905,0.0126252983786415,46
GFSA3,201905,0.0426944740516289,43
GGBR3,201905,0.0334091332672157,54
GGBR4,201905,0.0179040377328712,54
GNDI3,201905,0.0252563932912567,54
GOAU3,201905,0.0131641843638835,53
GOAU4,201905,-0.00967586545536833,54
GOLL4,201905,0.0122220893058595,54
GRND3,201905,0.0330701042069047,52
GUAR3,201905,0.0365611496656828,54
HAPV3,201905,0.0164806356610894,54
HBOR3,201905,0.00129272111937895,51
HGTX3,201905,0.0340918364247845,54
HYPE3,201905,0.027596376219436,54
IDNT3,201905,0.0143884865582301,49
IGTA3,201905,0.0270636152205654,54
IRBR3,201905,0.0341959800176521,54
ITSA3,201905,0.0303785919710869,54
ITSA4,201905,0.0369499382792516,54
ITUB3,201905,0.0074124672012704,54
ITUB4,201905,0.0207220412987556,54
JBSS3,201905,0.00642732311960216,54
JHSF3,201905,-0.0161152852359837,51
JOPA3,201905,-0.0174809296147805,51
JPSA3,201905,0.0151764632890539,54
JSLG3,201905,-0.00437239979779526,52
KEPL3,201905,0.00357052231991328,46
KLBN11,201905,0.0140388220875892,54
KLBN3,201905,0.0169828774094859,40
KLBN4,201905,0.00705751035823334,40
KROT11,201905,0.0432080920326913,49
KROT3,201905,0.00664864623292847,54
LAME3,201905,0.0120624001610725,54
LAME4,201905,-0.00526575000985016,54
LCAM3,201905,0.0324321089391297,54
LEVE3,201905,0.0132781516109177,52
LIGT3,201905,0.0105352263024173,54
LINX3,201905,0.0175451302233811,54
LIQO3,201905,0.00799615833156011,6
LLIS3,201905,-0.00650063564496855,51
LOGG3,201905,0.031126635100802,52
LOGN3,201905,0.000814393863225926,46
LPSB3,201905,0.0505987418159386,52
LREN3,201905,0.029834319886266,54
MDIA3,201905,0.0247445059298702,54
MEAL3,201905,0.0143108792147909,52
MGLU3,201905,0.0370890884740258,54
MILS3,201905,0.0326854774845825,54
MOAR3,201905,-0.00126093117186905,51
MOVI3,201905,0.0364522711077675,54
MRFG3,201905,0.0263760848064218,54
MRVE3,201905,0.0157931891159152,54
MULT3,201905,0.0292547510543548,54
MYPK3,201905,0.00953482689734767,52
NATU3,201905,0.0283281924017961,54
ODPV3,201905,0.0505953563894741,54
OFSA3,201905,-0.018073878450461,52
OIBR3,201905,0.0209807029906781,56
OIBR4,201905,-0.0027849129478229,53
OMGE3,201905,0.0314797239373876,54
PARD3,201905,-0.00243992912586407,54
PCAR4,201905,0.0145761286030559,54
PETR3,201905,0.00389813770201469,54
PETR4,201905,0.0114290407318843,54
PFRM3,201905,0.00860564450028032,40
PINE4,201905,0.00469493125360339,49
PNVL3,201905,-0.000515983023811906,52
PNVL4,201905,-0.00589740618993519,54
POMO3,201905,-0.00167678669141395,46
POMO4,201905,0.0490772337589559,52
PPLA11,201905,0.0273488112204809,35
PRIO3,201905,0.0263531002621332,51
PSSA3,201905,0.015448136462737,54
PTBL3,201905,0.010665664458155,40
QUAL3,201905,0.0109064696024818,54
RADL3,201905,0.0365941651352582,54
RAIL3,201905,-0.00788239873372345,54
RAPT3,201905,-0.0169325573912366,51
RAPT4,201905,0.0329906482389542,54
RDNI3,201905,-0.00945051939206871,52
RENT3,201905,0.0289581783847971,54
RLOG3,201905,0.0121761769303394,54
RNEW11,201905,-0.00451498096293137,52
RNEW3,201905,-0.00966680324847721,52
RPAD3,201905,-0.0155986504920955,51
SANB11,201905,0.0151249614752974,54
SAPR11,201905,0.0109929236758406,54
SAPR4,201905,0.0136302693308642,51
SBSP3,201905,0.0105657009975799,54
SCAR3,201905,0.00384398359943161,51
SEER3,201905,0.023862983063799,54
SGPS3,201905,-0.0135094938827276,50
SHOW3,201905,0.0252535041066979,53
SHUL4,201905,0.0395441854056722,42
SLCE3,201905,0.0147754005594069,54
SMLS3,201905,0.00988851051143359,54
SMTO3,201905,0.00939002616280754,54
SQIA3,201905,0.00425547567184302,51
SSBR3,201905,-0.010499154857212,54
STBP3,201905,0.0428485030771683,54
SULA11,201905,0.0098267673182638,54
SUZB3,201905,0.0360098726227789,54
TAEE11,201905,0.00669787236319825,54
TCSA3,201905,0.0165769950830134,52
TECN3,201905,0.004149021265,51
TEND3,201905,0.0122715113706642,54
TESA3,201905,0.012495925182086,52
TGMA3,201905,0.0111515541905274,54
TIET11,201905,0.0299323254176853,54
TIET3,201905,-0.00443348441828786,40
TIET4,201905,-0.00220808327276945,40
TIMP3,201905,0.0133802231052947,54
TOTS3,201905,0.0483302873639563,54
TRPL4,201905,0.0324357590823915,52
TRPN3,201905,0.0360389497807272,48
TUPY3,201905,0.0362931382210971,54
UGPA3,201905,0.0196201524621656,54
UNIP3,201905,-0.0146457932433707,51
UNIP6,201905,0.0486527287517778,46
USIM3,201905,0.0279805874145237,54
USIM5,201905,0.0160224258944417,54
USIM6,201905,0.00366142305846391,51
VALE3,201905,0.0294886665724702,54
VIVT3,201905,0.00745207368302568,54
VIVT4,201905,0.0167369212866823,54
VLID3,201905,-0.00747313462799643,52
VULC3,201905,0.0152573319982307,54
VVAR3,201905,0.016303852345467,54
WEGE3,201905,0.00418154138595213,54
WIZS3,201905,0.00963345633067683,54
AALR3,201906,0.0507420208323672,54
ABCB4,201906,0.066845068379811,54
ABEV3,201906,0.0553299736026706,54
AGRO3,201906,0.044431710269313,47
ALPA3,201906,0.0555801702916943,53
ALPA4,201906,0.0583179471456115,54
ALSC3,201906,0.0460210711305748,54
ALUP11,201906,0.0622005473114948,54
ALUP3,201906,0.0377019835630063,43
ALUP4,201906,0.0436748031264152,43
AMAR3,201906,0.0652282858542834,54
ANIM3,201906,0.0679470772216092,54
APER3,201906,0.0482742425471051,49
ARZZ3,201906,0.0506836050460424,54
AZEV4,201906,0.0584886665878748,51
AZUL4,201906,0.0423083158843892,54
B3SA3,201906,0.0405784730663989,54
BBAS3,201906,0.0478048057798772,54
BBDC3,201906,0.0474125215791507,54
BBDC4,201906,0.0468096367057454,54
BBRK3,201906,0.0689786011324879,53
BBSE3,201906,0.0454897479751305,54
BBTG11,201906,0.0357007229472939,25
BEEF11,201906,0.0484739980418962,52
BEEF3,201906,0.0526891817575535,54
BIDI4,201906,0.0576322695908656,54
BKBR3,201906,0.0662101945524537,54
BPAC11,201906,0.0512047414522057,54
BRAP3,201906,0.0684917372090624,54
BRAP4,201906,0.0660120677045395,54
BRDT3,201906,0.0665643522645814,57
BRFS3,201906,0.0491199057068198,54
BRGE3,201906,0.0735689168140405,52
BRIV3,201906,0.0788685171343414,52
BRKM5,201906,0.0551406806689846,54
BRML3,201906,0.0637750609397913,54
BRPR3,201906,0.0616093208320282,54
BRSR3,201906,0.0642308033359272,50
BRSR6,201906,0.0630284989520447,54
BTOW3,201906,0.0462240243084222,54
CAMB4,201906,0.0326593697434659,50
CAML3,201906,0.0520078391901424,54
CCPR3,201906,0.0825689391847523,52
CCRO3,201906,0.0483747685544996,54
CEBR3,201906,0.0543109774644693,49
CEEB3,201906,-0.0434027001715002,5
CEED3,201906,-0.0335614715857541,5
CEED4,201906,-0.0335614715857541,5
CELP3,201906,0.0476292095503483,51
CEPE3,201906,-0.0335614715857541,5
CEPE5,201906,-0.0544203672912755,5
CESP3,201906,0.0296443280992463,53
CESP6,201906,0.049618217387574,54
CGAS3,201906,0.0731191287222184,53
CGRA4,201906,0.0873650628086251,53
CIEL3,201906,0.0509349191280598,54
CLSC4,201906,0.108300843624755,25
CMIG3,201906,0.050680759084293,54
CMIG4,201906,0.0666664786642917,54
CNTO3,201906,0.0577827566916954,54
COCE5,201906,0.065330223651313,53
CPFE3,201906,0.0525419687149053,54
CPLE3,201906,0.0512430304699668,53
CPLE6,201906,0.0470601454213125,54
CPRE3,201906,0.0525944366164211,49
CRDE3,201906,0.0621807065425008,53
CRFB3,201906,0.0649365901497291,54
CRIV3,201906,0.0706005232956544,52
CSAN3,201906,0.0531361820434452,54
CSMG3,201906,0.0579270233383288,54
CSNA3,201906,0.0492268293461405,54
CSRN3,201906,-0.0281234051204973,5
CSRN5,201906,-0.0279678929881284,6
CTNM4,201906,0.083000010429361,52
CVCB3,201906,0.0698445484433013,54
CYRE3,201906,0.0568359713952496,54
DIRR3,201906,0.0696618897131737,54
DMMO3,201906,0.0550063761048722,12
DTEX3,201906,0.0476524469553784,54
ECOR3,201906,0.0487475318786939,54
EGIE3,201906,0.0628934450839851,54
ELET3,201906,0.0483463416826518,54
ELET6,201906,0.0538422657100588,54
ELPL3,201906,0.0423621546799085,51
EMBR3,201906,0.0493564447204266,54
ENAT3,201906,0.0524863026657867,54
ENBR3,201906,0.0589203629975883,54
ENEV3,201906,0.0466814707484678,54
ENGI11,201906,0.0657423452612139,54
ENGI4,201906,0.0527371195384302,51
EQTL3,201906,0.0608930804383929,54
ESTC3,201906,0.0514248062128617,54
EUCA4,201906,0.0591267168527915,53
EVEN3,201906,0.0642969569516724,54
EZTC3,201906,0.0560168327182174,54
FESA4,201906,0.0548561479455943,54
FHER3,201906,0.0841835588348893,51
FJTA4,201906,0.0545195891187927,54
FLRY3,201906,0.0512023393947612,54
FRAS3,201906,0.029131425478301,48
GFSA3,201906,0.041000341207143,54
GGBR3,201906,0.0576999535597224,54
GGBR4,201906,0.049187990299274,54
GNDI3,201906,0.0462235407790817,54
GOAU3,201906,0.071112387397177,53
GOAU4,201906,0.0648115697653924,54
GOLL4,201906,0.0444378339463104,54
GPCP3,201906,0.113577980197421,44
GRND3,201906,0.0727819423651518,54
GUAR3,201906,0.0512606060314607,54
HAPV3,201906,0.0753519384014369,54
HBOR3,201906,0.0681729201048543,51
HGTX3,201906,0.0605857095650563,54
HYPE3,201906,0.059916249875854,54
IDNT3,201906,0.0505333041600419,50
IGTA3,201906,0.0741678641466438,54
IRBR3,201906,0.064081689402954,54
ITSA3,201906,0.0835816722996158,53
ITSA4,201906,0.0413447708491455,54
ITUB3,201906,0.0664181107319685,54
ITUB4,201906,0.0415971231883246,54
JBSS3,201906,0.05125390303052,54
JHSF3,201906,0.0563596745908327,50
JOPA3,201906,0.0805959518779422,52
JPSA3,201906,0.055500905353867,54
JSLG3,201906,0.0851049603414027,52
KEPL3,201906,0.050991553051153,47
KLBN11,201906,0.0499739963117464,54
KLBN4,201906,0.0451946967111494,47
KROT11,201906,0.0692991758914537,49
KROT3,201906,0.0476999572871257,54
LAME3,201906,0.0527727408326645,54
LAME4,201906,0.0649504713944267,54
LCAM3,201906,0.0663309229890698,54
LEVE3,201906,0.0668839082263498,54
LIGT3,201906,0.0512787434753699,54
LINX3,201906,0.0492359460677993,54
LIQO3,201906,0.0252620578260107,5
LLIS3,201906,0.0605752603172078,50
LOGG3,201906,0.0660767627440952,54
LOGN3,201906,0.0414989904570782,48
LPSB3,201906,0.0674858052351399,51
LREN3,201906,0.0484540561177488,54
MDIA3,201906,0.0433636425823695,54
MEAL3,201906,0.0476978942491383,54
MGLU3,201906,0.0645015100307813,54
MILS3,201906,0.0660123471200324,54
MOAR3,201906,0.0535212866264637,51
MOVI3,201906,0.0667131580571384,54
MRFG3,201906,0.0535792489050069,54
MRVE3,201906,0.0469169417346102,54
MULT3,201906,0.0757317506932938,54
MYPK3,201906,0.0491572900100212,54
NATU3,201906,0.0548468374452486,54
NEOE3,201906,0.0548706492838859,54
ODPV3,201906,0.0490920591267706,54
OFSA3,201906,0.0740091137091822,53
OIBR3,201906,0.0527885010669558,56
OIBR4,201906,0.0445963885941396,52
OMGE3,201906,0.0585175608980403,54
PARD3,201906,0.0664606719901239,54
PCAR4,201906,0.0539012047345231,54
PETR3,201906,0.0493535495334424,54
PETR4,201906,0.0538432304559203,54
PFRM3,201906,0.0588066251554889,51
PNVL3,201906,0.0615174405981129,53
PNVL4,201906,0.0388903754722102,54
POMO3,201906,0.0507623538658658,48
POMO4,201906,0.061316497656927,54
PPLA11,201906,0.0519799713103073,37
PRIO3,201906,0.0833271924231032,54
PSSA3,201906,0.0518365347653558,54
PTBL3,201906,0.00718171260173945,41
QUAL3,201906,0.0511971421513964,54
RADL3,201906,0.0578862968724702,54
RAIL3,201906,0.0737701495580102,54
RAPT3,201906,0.0796335801445193,52
RAPT4,201906,0.0537552522077809,54
RDNI3,201906,0.054284255150611,53
RENT3,201906,0.0455831281488076,54
RLOG3,201906,0.04952170905254,54
RNEW11,201906,0.0452701983844353,53
RNEW3,201906,0.0540278922980836,53
RNEW4,201906,-0.0528550743604703,41
RPAD3,201906,0.0795462186192823,52
SANB11,201906,0.0477646774961086,54
SAPR11,201906,0.00359903944354554,54
SAPR4,201906,0.0499759996895499,54
SBSP3,201906,0.0425673068893949,54
SCAR3,201906,0.0451265657743919,52
SEER3,201906,0.0535466906086449,54
SGPS3,201906,0.058263397968424,50
SHOW3,201906,0.071410404993849,53
SHUL4,201906,0.0629972955105773,44
SLCE3,201906,0.0752451862518983,54
SMLE3,201906,0.0218609983893654,37
SMLS3,201906,0.0500014363812969,54
SMTO3,201906,0.0521882169781698,54
SQIA3,201906,0.0571609963731851,51
SSBR3,201906,0.0629850764685609,54
STBP3,201906,0.0625864622408359,54
SULA11,201906,0.048305815912541,54
SUZB3,201906,0.05720782037252,54
TAEE11,201906,0.0502034239509863,54
TCSA3,201906,0.0630303565838102,53
TECN3,201906,0.0592932799570146,50
TEND3,201906,0.0479766340146614,54
TESA3,201906,0.108563980470206,51
TGMA3,201906,0.049388185418465,54
TIET11,201906,0.0498151217232049,54
TIET3,201906,0.0481999188121807,43
TIET4,201906,0.0506140482353463,43
TIMP3,201906,0.0479895968517397,54
TOTS3,201906,0.061964268720251,54
TRIS3,201906,0.0403004882217539,47
TRPL4,201906,0.0580081837009904,53
TUPY3,201906,0.0667773841261859,54
UGPA3,201906,0.0526628034129351,54
UNIP3,201906,0.0784608149175975,52
UNIP6,201906,0.0558305844363887,54
USIM3,201906,0.0666898812954259,54
USIM5,201906,0.066376996661279,55
USIM6,201906,0.0565449447631089,51
VALE3,201906,0.0467137806933804,54
VIVT3,201906,0.05550607056824,54
VIVT4,201906,0.0531055784118611,54
VLID3,201906,0.0585012547211145,54
VULC3,201906,0.0496823585895719,54
VVAR3,201906,0.0504048129853592,54
WEGE3,201906,0.047127286329955,54
WIZS3,201906,0.0497031031477995,54
AALR3,201907,0.054218160721898,54
ABCB4,201907,0.0644283113344559,55
ABEV3,201907,0.0552744894546097,55
AGRO3,201907,0.0728385316137299,49
ALPA3,201907,0.0823176901145418,52
ALPA4,201907,0.0568775165608302,55
ALSC3,201907,0.0473991897426304,55
ALUP11,201907,0.0647230611176476,55
ALUP3,201907,0.0856408326987651,45
ALUP4,201907,0.0918851949566647,45
AMAR3,201907,0.0590738112385854,55
ANIM3,201907,0.0593464664002664,55
APER3,201907,0.0872224890335562,52
ARZZ3,201907,0.0517858150577089,56
AZEV4,201907,0.0151683838289082,52
AZUL4,201907,0.040321084721336,55
B3SA3,201907,0.0455303644170045,55
BBAS3,201907,0.0524622737182836,55
BBDC3,201907,0.0539663913586488,55
BBDC4,201907,0.050378326511211,55
BBRK3,201907,0.0502313041993241,54
BBSE3,201907,0.0433161554339038,55
BBTG11,201907,0.0337493312747537,25
BEEF11,201907,0.0267171304191904,53
BEEF3,201907,0.0422429448221345,55
BIDI11,201907,0.0585298379017953,55
BIDI4,201907,0.0792002502487585,55
BKBR3,201907,0.0571024626232259,55
BPAC11,201907,0.0433489065067426,55
BRAP3,201907,0.0467549695096127,55
BRAP4,201907,0.0446415464600902,56
BRDT3,201907,0.0531361035960243,55
BRFS3,201907,0.0500588969926551,55
BRGE3,201907,0.0371884349433702,53
BRIV3,201907,0.029785337460633,53
BRKM5,201907,0.0514282392890825,55
BRML3,201907,0.0573541767454459,55
BRPR3,201907,0.0466271170769807,55
BRSR3,201907,0.028369030546443,51
BRSR6,201907,0.0376768939310311,55
BTOW3,201907,0.0494509085893015,55
CAMB4,201907,0.292988342256827,53
CAML3,201907,0.0618991517593427,55
CCPR3,201907,0.031899351751936,53
CCRO3,201907,0.0518909207699132,55
CEBR3,201907,0.0574587533735148,50
CEEB3,201907,0.162170816047648,8
CEED3,201907,0.201280830280831,5
CEED4,201907,0.178283549380903,6
CELP3,201907,0.0691733473260939,52
CEPE3,201907,0.178283549380903,6
CEPE5,201907,0.149564190881015,5
CESP3,201907,0.0342904105339619,53
CESP6,201907,0.0420794196429279,55
CGAS3,201907,0.0889080746816086,52
CGRA4,201907,0.0590374174677379,53
CIEL3,201907,0.051939418700793,55
CLSC4,201907,0.144068622493195,27
CMIG3,201907,0.0496518653936624,55
CMIG4,201907,0.0446322257467978,55
CNTO3,201907,0.0574843811746156,55
COCE5,201907,0.06459125786453,53
CPFE3,201907,0.0630005975212064,55
CPLE3,201907,0.0524177091710477,53
CPLE6,201907,0.0478397104882821,55
CPRE3,201907,0.0537469377152538,50
CRDE3,201907,0.0359819280007464,54
CRFB3,201907,0.0540262274398413,55
CRIV3,201907,0.0403784893307146,53
CSAN3,201907,0.0447504520404752,55
CSMG3,201907,0.0532423274452599,55
CSNA3,201907,0.0496200633077883,55
CSRN3,201907,0.154474025571379,6
CSRN5,201907,0.152751932699159,8
CTNM4,201907,0.0311841997121025,53
CVCB3,201907,0.0620533094391243,55
CYRE3,201907,0.0448813206991905,55
DIRR3,201907,0.0568853046634701,55
DMMO3,201907,0.0647411682916554,6
DTEX3,201907,0.0572935114048208,55
ECOR3,201907,0.0523754678143549,55
EGIE3,201907,0.0321667972211824,55
ELET3,201907,0.0625568559391714,55
ELET6,201907,0.0419052998095752,55
ELPL3,201907,0.0571749175387575,52
EMBR3,201907,0.0478475781078482,55
ENAT3,201907,0.055372581568729,55
ENBR3,201907,0.0470082460955718,55
ENEV3,201907,0.0406406180452912,55
ENGI11,201907,0.0541268659388223,55
ENGI4,201907,0.0763304518492996,52
EQTL3,201907,0.060676616141127,55
EUCA4,201907,0.033865572154446,54
EVEN3,201907,0.0603749879274418,55
EZTC3,201907,0.0444753581585954,55
FESA4,201907,0.0588470290817607,55
FHER3,201907,0.055957699486894,52
FJTA4,201907,0.0615795414080235,55
FLRY3,201907,0.0424377692975257,55
FRAS3,201907,0.048498275287367,49
GFSA3,201907,0.0585837777653667,55
GGBR3,201907,0.0620002083249151,55
GGBR4,201907,0.0563833942375612,55
GNDI3,201907,0.0504301103132137,55
GOAU3,201907,0.0610577388521279,54
GOAU4,201907,0.0412800191604022,55
GOLL4,201907,0.0464316378144469,55
GPCP3,201907,0.103974311851936,45
GRND3,201907,0.0614871947284168,55
GUAR3,201907,0.0487247772031541,55
HAPV3,201907,0.0653457935744037,55
HBOR3,201907,0.0440843384538394,52
HGTX3,201907,0.0706968218148191,55
HYPE3,201907,0.0523401753893614,55
IDNT3,201907,0.0503855006156559,51
IGTA3,201907,0.0620481045397526,55
IRBR3,201907,0.0514122243221319,55
ITSA3,201907,0.0663274992068019,54
ITSA4,201907,0.0514779706902651,55
ITUB3,201907,0.0570290414609998,55
ITUB4,201907,0.0505649207417502,55
JBSS3,201907,0.0492198258574418,55
JHSF3,201907,0.0413415938120501,6
JOPA3,201907,0.0353614500070045,53
JPSA3,201907,0.0564326150255426,55
JSLG3,201907,0.042289522779997,53
KEPL3,201907,0.057201241214368,49
KLBN11,201907,0.0478083879328703,55
KLBN3,201907,0.0924266523292911,45
KLBN4,201907,0.100385074785741,45
KROT11,201907,0.0590225978847686,51
KROT3,201907,0.0464218673400087,55
LAME3,201907,0.0382198468384316,55
LAME4,201907,0.0551044666116743,55
LCAM3,201907,0.0737841443441322,55
LEVE3,201907,0.0613111809647144,55
LIGT3,201907,0.0616034958267741,55
LINX3,201907,0.0559245812236203,55
LIQO3,201907,0.0811197464365707,5
LLIS3,201907,0.0341796239890327,52
LOGG3,201907,0.0578608968774445,55
LOGN3,201907,0.0608635526177041,48
LPSB3,201907,0.0483403672969347,54
LREN3,201907,0.0444220991802359,55
MDIA3,201907,0.0449286244881743,55
MEAL3,201907,0.0502562022276975,55
MGLU3,201907,0.0523495033950022,55
MILS3,201907,0.0619441249949609,55
MOAR3,201907,0.0828242403951922,52
MOVI3,201907,0.0670727196705625,55
MRFG3,201907,0.0593581583337147,55
MRVE3,201907,0.0577435072257574,55
MULT3,201907,0.0605945884712485,55
MYPK3,201907,0.0548490808734284,55
NATU3,201907,0.0514370696405597,55
NEOE3,201907,0.0558026761650571,55
ODPV3,201907,0.0656061712774093,55
OFSA3,201907,0.0290810109456912,54
OIBR3,201907,0.0659711778872578,57
OIBR4,201907,0.0922067200801473,54
OMGE3,201907,0.0478354011706608,55
PARD3,201907,0.0438201140902426,55
PCAR4,201907,0.0588552883139742,55
PETR3,201907,0.0567290420038474,55
PETR4,201907,0.0425204026701268,55
PFRM3,201907,0.0709491444650745,45
PLAS3,201907,0.0591333051998272,45
PMAM3,201907,0.056805836872362,52
PNVL3,201907,0.0976663320841544,54
PNVL4,201907,0.0239672232832177,55
POMO3,201907,0.0785055873652698,48
POMO4,201907,0.0474447306042728,55
PPLA11,201907,0.036079259085891,39
PRIO3,201907,0.0557763224180282,55
PSSA3,201907,0.054250218876503,55
PTBL3,201907,0.029118723190427,52
QUAL3,201907,0.0548316025145822,55
RADL3,201907,0.0538330461694622,55
RAIL3,201907,0.0351140904144388,55
RAPT3,201907,0.0346302693215662,53
RAPT4,201907,0.0604235112502383,55
RDNI3,201907,0.0310350072007227,53
RENT3,201907,0.0404347225130376,55
RLOG3,201907,0.0537788099784128,55
RNEW11,201907,0.0286112554771205,53
RNEW3,201907,0.0313630734361053,53
RNEW4,201907,0.0196874393184058,50
RPAD3,201907,0.0373234513442802,53
SANB11,201907,0.0478606300379433,55
SAPR11,201907,0.043353807012983,55
SAPR4,201907,0.0645699506547007,55
SBSP3,201907,0.0504344826635726,55
SCAR3,201907,0.0452081399513601,53
SEER3,201907,0.0524050772767776,55
SGPS3,201907,0.0330761321599521,53
SHOW3,201907,0.023705868457706,54
SHUL4,201907,0.108759684679551,45
SLCE3,201907,0.0556171279225477,55
SMLS3,201907,0.0655095908831701,55
SMTO3,201907,0.0345390577364858,55
SQIA3,201907,0.0644397756792601,53
SSBR3,201907,0.0611174521945163,55
STBP3,201907,0.0331388436708714,55
SULA11,201907,0.0529994138676179,55
SUZB3,201907,0.0350849841837294,55
TAEE11,201907,0.0455686588565164,55
TCSA3,201907,0.048271011876125,55
TECN3,201907,0.0802850138116799,52
TEND3,201907,0.0529952077522237,55
TESA3,201907,0.0599784419583086,53
TGMA3,201907,0.0502097143483748,55
TIET11,201907,0.0520430990168194,55
TIMP3,201907,0.0492705041753753,55
TOTS3,201907,0.0459830343766482,55
TRIS3,201907,0.135337387957238,52
TRPL4,201907,0.0519275388337909,55
TUPY3,201907,0.0627229912248573,55
UGPA3,201907,0.0570384253719201,55
UNIP3,201907,0.0382419126346832,53
UNIP6,201907,0.0834514615163944,55
USIM3,201907,0.0593058603833626,55
USIM5,201907,0.0666510626705635,55
USIM6,201907,0.0693612238421125,52
VALE3,201907,0.0419469580194946,55
VIVT3,201907,0.0531663033246429,55
VIVT4,201907,0.0505024566242008,55
VLID3,201907,0.0298945103730198,55
VULC3,201907,0.0544545573526381,55
VVAR3,201907,0.0505893659349026,55
WEGE3,201907,0.0538650849365648,55
WIZS3,201907,0.0515193545248962,55
YDUQ3,201907,0.0558623070632342,55
AALR3,201908,0.00946770183484971,53
ABCB4,201908,0.0465208377458235,54
ABEV3,201908,0.0315386722009597,54
AGRO3,201908,0.0619956219131865,50
ALPA3,201908,0.00345974443052979,51
ALPA4,201908,0.020016394476975,54
ALSO3,201908,0.0109575893159096,54
ALUP11,201908,0.0228304155141425,54
AMAR3,201908,0.0486980502249079,54
ANIM3,201908,0.0390855162726586,54
APER3,201908,-0.00809747642519566,52
ARZZ3,201908,0.0152714767990743,54
AZUL4,201908,0.0143311990227844,54
B3SA3,201908,0.0204263724088976,54
BBAS3,201908,0.0257850404294331,54
BBDC3,201908,0.0121716213448403,54
BBDC4,201908,0.0244118574719257,54
BBRK3,201908,0.0289216192912758,53
BBSE3,201908,0.0365690488247151,54
BBTG11,201908,-0.00976498133526784,44
BEEF11,201908,0.00700647720372971,53
BEEF3,201908,-0.00453034472903859,54
BIDI11,201908,0.0431254384509598,54
BIDI3,201908,0.0437055181524407,53
BIDI4,201908,0.0392722027843002,54
BKBR3,201908,0.0363906214348266,54
BPAC11,201908,0.0226993837150591,54
BPAN4,201908,0.0136344835600416,54
BRAP3,201908,0.0183482327953418,54
BRAP4,201908,0.0212638367909465,56
BRDT3,201908,0.0241782247508879,54
BRFS3,201908,0.0224459804300017,54
BRGE3,201908,0.0087029696983698,52
BRIV3,201908,0.00908820689248171,52
BRKM5,201908,0.0106843225997303,54
BRML3,201908,0.014645971509724,54
BRPR3,201908,0.0393581949881817,54
BRSR3,201908,0.00594601565947488,49
BRSR6,201908,0.00594264101095295,54
BTOW3,201908,0.0279274948072724,54
CAMB4,201908,-0.0420362013018163,51
CAML3,201908,0.0300966630332013,54
CCPR3,201908,-0.00197577075544134,53
CCRO3,201908,0.00503165525057303,54
CEEB3,201908,0.000832593288091287,6
CEED3,201908,0.0183736705624415,6
CEED4,201908,0.0183736705624415,6
CELP3,201908,0.00390663278502055,52
CEPE3,201908,0.0147928161894198,7
CEPE5,201908,0.0081707489865743,6
CESP3,201908,0.0158823069526971,53
CESP6,201908,0.0148712397838906,54
CGAS3,201908,0.0115595587916918,44
CGRA4,201908,0.0337392342651164,53
CIEL3,201908,0.0096696155247515,54
CLSC4,201908,0.0292270027758867,36
CMIG3,201908,0.0157055203087967,54
CMIG4,201908,0.00973356829653332,54
CNTO3,201908,0.0422336823391461,54
COCE5,201908,0.0454729508699863,53
CPFE3,201908,0.00628402253047061,54
CPLE3,201908,0.00922565436788064,53
CPLE6,201908,0.0234353547139545,54
CPRE3,201908,0.00161999562593592,52
CRDE3,201908,0.0342532111727763,53
CRFB3,201908,0.0356716467458054,54
CRIV3,201908,0.00769596111786262,52
CSAN3,201908,0.0359398136572205,54
CSMG3,201908,0.0274940341539391,54
CSNA3,201908,0.0168643687638312,54
CSRN3,201908,0.0262671635207419,6
CSRN5,201908,0.0147928161894198,7
CTNM4,201908,0.00864691005012908,52
CVCB3,201908,0.0486466785382716,54
CYRE3,201908,0.0269911390107781,54
DIRR3,201908,0.0437097125350529,54
DMMO3,201908,0.0102886835699863,54
DTEX3,201908,0.00926689386265349,54
ECOR3,201908,0.011550892175933,54
EGIE3,201908,0.0351369074748625,54
ELET3,201908,0.00660012243335137,54
ELET6,201908,0.0249135745079075,54
ELPL3,201908,0.043608014442402,53
EMBR3,201908,0.0104924709240141,54
ENAT3,201908,0.017484913622995,54
ENBR3,201908,0.0178905368221622,54
ENEV3,201908,0.0269999417698046,55
ENGI11,201908,0.0489107602148349,54
ENGI4,201908,0.029356395069508,51
EQTL3,201908,0.0349634011396192,54
EUCA4,201908,0.000221511475697472,53
EVEN3,201908,0.0388825405248087,54
EZTC3,201908,0.0377660387465467,54
FESA4,201908,0.00297594420476999,54
FHER3,201908,0.0331588222100553,53
FJTA4,201908,0.0156905107727664,54
FLRY3,201908,0.0316488615816563,54
FRAS3,201908,0.0334741957914351,31
GFSA3,201908,0.014933524018996,54
GGBR3,201908,0.0374724326884641,54
GGBR4,201908,0.0170985313138766,54
GNDI3,201908,0.00508755691325039,54
GOAU3,201908,0.0390844321145466,54
GOAU4,201908,0.013099212452495,54
GOLL4,201908,0.0362339262887975,54
GRND3,201908,0.0302474978607329,54
GUAR3,201908,0.012312488606192,54
HAPV3,201908,0.029301307557578,54
HBOR3,201908,0.0361231439715902,53
HGTX3,201908,0.037741946614229,54
HYPE3,201908,0.0444323717097971,54
IDNT3,201908,0.0156656737488494,51
IGTA3,201908,0.0303185403549826,54
IRBR3,201908,0.0268806816397322,54
ITSA3,201908,-0.00499067871369498,53
ITSA4,201908,0.0296372846583825,54
ITUB3,201908,0.0307808460745211,54
ITUB4,201908,0.010620418907628,54
JBSS3,201908,0.0122835093129219,54
JHSF3,201908,0.00064737304359499,51
JOPA3,201908,0.0061675306823611,52
JPSA3,201908,0.043549512836069,54
JSLG3,201908,0.0241561958140722,53
KEPL3,201908,0.0606583949145509,50
KLBN11,201908,0.00864504125520124,54
KLBN3,201908,0.0175318733015653,46
KLBN4,201908,-0.0213927423868677,46
KROT11,201908,0.0461533663525492,50
KROT3,201908,0.015816161343694,54
LAME3,201908,0.0182310257055102,54
LAME4,201908,0.0100755468748549,54
LCAM3,201908,0.0330525606953465,54
LEVE3,201908,0.0371591808640493,54
LIGT3,201908,0.0363180680814515,54
LINX3,201908,0.0133330314015851,54
LLIS3,201908,-0.000529007892639092,51
LOGG3,201908,-0.00074561317238396,54
LOGN3,201908,0.0304226387445901,51
LPSB3,201908,0.0431258629785855,54
LREN3,201908,0.0208116170721224,54
MDIA3,201908,0.0279496731500293,54
MEAL3,201908,0.0128794365577909,54
MGLU3,201908,0.0200711586479148,54
MILS3,201908,0.034948705795957,54
MOAR3,201908,-0.00710445141987087,50
MOVI3,201908,0.0422350819518832,54
MRFG3,201908,0.0379258700063825,54
MRVE3,201908,0.0270352914829148,54
MULT3,201908,0.029170836236464,54
MYPK3,201908,0.0191132424268875,54
NATU3,201908,0.0381732419335102,54
NEOE3,201908,0.00979520885993992,54
ODPV3,201908,0.0481880725750194,54
OFSA3,201908,0.00217176295327999,53
OIBR3,201908,0.036490208486983,55
OIBR4,201908,0.0410124757029638,54
OMGE3,201908,0.0260758077034214,54
PARD3,201908,0.00959488160314552,54
PCAR4,201908,0.0231547877481051,54
PETR3,201908,0.0103334232963851,54
PETR4,201908,0.0388403023968444,54
PFRM3,201908,-0.00221832307506495,45
PLAS3,201908,-0.0985242352650641,45
PNVL3,201908,0.00363570058977691,53
PNVL4,201908,0.00164780667584634,54
POMO3,201908,0.0199650356131299,49
POMO4,201908,0.033829751881637,54
PPLA11,201908,0.0364702730046718,40
PRIO3,201908,0.0366498108013712,54
PSSA3,201908,0.00956056145385787,54
PTBL3,201908,0.00532009875103425,50
QUAL3,201908,0.0331351617881711,54
RADL3,201908,0.0192827251374784,54
RAIL3,201908,0.0260951753276649,54
RAPT3,201908,0.00559800370302124,53
RAPT4,201908,0.0358136874114959,54
RDNI3,201908,0.000488034118082648,53
RENT3,201908,0.0333905131199387,54
RLOG3,201908,0.0102402527021081,54
RNEW11,201908,0.000729647326787004,53
RNEW3,201908,0.00658199538572742,53
RNEW4,201908,-0.0164032848351488,50
ROMI3,201908,0.123685824739855,50
RPAD3,201908,0.00319537999383408,52
SANB11,201908,0.00715782367800282,54
SAPR11,201908,0.0104061800261531,54
SAPR4,201908,-0.0200635693415238,54
SBSP3,201908,0.0158033920759328,54
SCAR3,201908,0.00472092757039584,52
SEER3,201908,0.0373719648365769,54
SGPS3,201908,-0.571822103244224,51
SHOW3,201908,0.0381863428957293,53
SHUL4,201908,-0.0175580716614404,5
SLCE3,201908,0.0103470395497338,54
SMLE3,201908,0.00333303620808182,45
SMLS3,201908,0.0102586906201839,54
SMTO3,201908,0.0381585434682645,54
SQIA3,201908,-0.00421680193983277,53
STBP3,201908,0.0166423349147821,54
SULA11,201908,0.0074644211999036,54
SUZB3,201908,0.0241515513636202,54
TAEE11,201908,0.0223624600476328,54
TCSA3,201908,0.0249917044431926,54
TECN3,201908,0.000861547482889374,51
TEND3,201908,0.0150841081498881,54
TESA3,201908,-0.00252176186393378,54
TGMA3,201908,0.0108608808240656,54
TIET11,201908,0.0145866226846892,54
TIMP3,201908,0.0120546586472305,54
TOTS3,201908,0.0115224043979584,54
TRIS3,201908,0.0420222709158636,53
TRPL4,201908,0.0349994872045231,54
TUPY3,201908,0.0300213368311006,54
UGPA3,201908,0.0203320299986964,54
UNIP3,201908,0.00700700908328624,52
UNIP6,201908,0.0303696620902712,54
USIM3,201908,0.0485638916138889,54
USIM5,201908,-0.00354505134725539,54
USIM6,201908,0.0126481898488581,50
VALE3,201908,0.0160657538842687,54
VIVT3,201908,0.0407226857203143,54
VIVT4,201908,0.038251273666478,54
VLID3,201908,0.0112439336560919,54
VULC3,201908,0.0228350832775737,54
VVAR3,201908,0.0261164531713038,54
WEGE3,201908,0.0196643896550698,54
WIZS3,201908,0.0143582325945436,54
YDUQ3,201908,0.0447239957924967,54
AALR3,201909,0.0026776028645467,53
ABCB4,201909,0.00660169242932141,54
ABEV3,201909,0.00633344247231723,54
AGRO3,201909,0.00819904125356054,6
ALPA3,201909,0.0114351355102539,52
ALPA4,201909,0.010287389584604,54
ALSO3,201909,0.0110625652977919,54
ALUP11,201909,0.0117307447262458,54
AMAR3,201909,0.00770203938430286,54
ANIM3,201909,0.018369776192544,54
APER3,201909,0.0392379249037683,51
ARZZ3,201909,0.0191484162455205,54
AZEV4,201909,0.0461632902547753,51
AZUL4,201909,0.00457088686770098,54
B3SA3,201909,0.0227202072985805,54
BBAS3,201909,0.0106038733060999,55
BBDC3,201909,0.00317031341731352,54
BBDC4,201909,0.00478439868849677,54
BBRK3,201909,0.0218679021781378,54
BBSE3,201909,0.0264585157263133,54
BBTG11,201909,0.0427535764088592,44
BEEF11,201909,0.0377305188017815,53
BEEF3,201909,0.0120336507461822,54
BIDI11,201909,0.0181294568553352,54
BIDI3,201909,0.00868001275073574,54
BIDI4,201909,0.0178970718419209,54
BKBR3,201909,0.0111118802279606,54
BPAC11,201909,0.0205806331575945,54
BPAN4,201909,0.00598329695551842,54
BRAP3,201909,0.0364467422310055,54
BRAP4,201909,0.0235413284436822,54
BRDT3,201909,0.00429664103246348,54
BRFS3,201909,0.0112915767426695,54
BRGE3,201909,0.0336023642841498,51
BRIV3,201909,0.0425323035499059,51
BRKM5,201909,0.00510520737478178,54
BRML3,201909,0.0162104851059141,54
BRPR3,201909,0.00429571289775484,54
BRSR3,201909,0.0369777434828541,50
BRSR6,201909,0.0350457798410505,54
BTOW3,201909,0.0113321016926601,54
CAML3,201909,0.0169953070307362,54
CCPR3,201909,0.0386766809954772,52
CCRO3,201909,0.0242634483260137,54
CEBR3,201909,-0.0161854768627114,6
CEEB3,201909,-0.0179441572356593,6
CEED3,201909,-0.00801100788657193,6
CEED4,201909,-0.00801100788657194,6
CELP3,201909,0.0493139371253398,51
CEPE3,201909,-0.00644285251225692,7
CEPE5,201909,0.0274705129526882,6
CESP3,201909,0.0173953911934527,52
CESP6,201909,0.0298968420288963,56
CGAS3,201909,-0.0210509015969881,45
CGRA4,201909,0.0300529109437776,52
CIEL3,201909,0.0119779949999438,54
CLSC4,201909,-0.0436853923881407,37
CMIG3,201909,0.00366663846222502,54
CMIG4,201909,0.0410173186010834,54
CNTO3,201909,0.0114538897338546,54
COCE5,201909,0.0105828012690178,53
CPFE3,201909,0.0221697297279884,54
CPLE3,201909,0.00517898500302295,53
CPLE6,201909,0.0292690766615193,53
CPRE3,201909,0.0146609855671178,51
CRDE3,201909,0.0147501291378462,52
CRFB3,201909,0.0141000691447609,54
CRIV3,201909,0.036323689381349,51
CSAN3,201909,0.0110142457069844,54
CSMG3,201909,0.0224087359857118,54
CSNA3,201909,0.0179340933862737,54
CSRN3,201909,-0.0289320025921681,6
CSRN5,201909,-0.00380236635093531,5
CTNM4,201909,0.0432944501965979,51
CVCB3,201909,0.0124885414986378,54
CYRE3,201909,0.0113087165122947,54
DIRR3,201909,0.00317134243262099,53
DMMO3,201909,0.0258554864960665,52
DTEX3,201909,0.00429449586414523,54
ECOR3,201909,-0.000302328186840581,54
EGIE3,201909,0.012397681342292,54
ELET3,201909,0.00571068212831072,54
ELET6,201909,0.0160265677045018,54
ELPL3,201909,0.00555193401151064,52
EMBR3,201909,0.0102414793791728,54
ENAT3,201909,0.0327330388032821,54
ENBR3,201909,0.0274997383546366,54
ENEV3,201909,0.0125542028216029,54
ENGI11,201909,0.00733799566662596,54
ENGI4,201909,0.0177709447132876,51
EQTL3,201909,0.0224689085840871,54
EUCA4,201909,0.0326681328734687,53
EVEN3,201909,0.00804911871850112,54
EZTC3,201909,0.00195507698158433,54
FESA4,201909,0.0157198758486527,44
FHER3,201909,0.0114894904115946,52
FJTA4,201909,0.029179376664033,52
FLRY3,201909,0.0270470796004895,54
FRAS3,201909,0.0108259011543893,9
GFSA3,201909,0.00870268850412206,53
GGBR3,201909,0.0129579413595783,53
GGBR4,201909,0.0246159979381491,54
GNDI3,201909,0.0126346421103712,54
GOAU3,201909,0.0128644158733805,54
GOAU4,201909,0.0416382457984537,54
GOLL4,201909,-0.00134376125524717,54
GRND3,201909,0.0133569876588355,54
GUAR3,201909,-0.00196526549715468,54
HAPV3,201909,0.015720719630348,54
HBOR3,201909,0.0273349616611358,53
HGTX3,201909,0.0198543865356366,54
HYPE3,201909,0.0136620549532773,54
IDNT3,201909,0.00288581314384302,51
IGTA3,201909,0.00839397462610921,54
IRBR3,201909,0.011129424141557,55
ITSA3,201909,0.0349518062552678,53
ITSA4,201909,0.0142487712014781,54
ITUB3,201909,0.0170485771399547,54
ITUB4,201909,0.00934830024030207,55
JBSS3,201909,0.00616599393527503,54
JHSF3,201909,0.00817834523243813,53
JOPA3,201909,0.0444669342773524,51
JPSA3,201909,0.00920456784852244,54
JSLG3,201909,0.0291394639816796,53
KEPL3,201909,0.0642364666623878,44
KLBN11,201909,0.00100654907343066,54
KLBN3,201909,0.0105572491807354,43
KLBN4,201909,0.0140505103212611,43
KROT11,201909,0.00323228158301508,50
KROT3,201909,-0.000715496417275779,54
LAME3,201909,0.0121843057619965,54
LAME4,201909,0.0183443223016846,55
LCAM3,201909,0.0171879210600589,54
LEVE3,201909,0.00182715916708167,53
LIGT3,201909,0.00210285293718054,54
LINX3,201909,-0.00300190656607107,55
LLIS3,201909,0.0389621988136011,51
LOGG3,201909,0.0227800455015612,53
LOGN3,201909,0.00239175651154064,51
LPSB3,201909,0.0227234810084748,54
LREN3,201909,0.00774498362507408,54
MDIA3,201909,0.0127421165276306,54
MEAL3,201909,0.00842905836635872,53
MGLU3,201909,0.00319325823359484,54
MILS3,201909,0.0227391167327048,54
MOAR3,201909,-0.0144895370113004,50
MOVI3,201909,0.0106497896620931,54
MRFG3,201909,0.0167339694030746,54
MRVE3,201909,0.0114688650789269,54
MULT3,201909,0.011213565795116,54
MYPK3,201909,0.00348516461822047,53
NATU3,201909,0.0164244565793459,54
NEOE3,201909,0.0103541525259871,54
ODPV3,201909,0.00123535341960243,53
OFSA3,201909,0.0450336609744875,53
OIBR3,201909,0.000804873509355942,55
OIBR4,201909,0.0287333643486956,54
OMGE3,201909,0.00731852698299567,54
PARD3,201909,0.0366483308169777,54
PCAR4,201909,0.0223989652594861,54
PETR3,201909,0.00176897830394958,54
PETR4,201909,0.0230821710817514,54
PFRM3,201909,-0.0158948252936724,40
PNVL3,201909,0.0499980149724947,53
PNVL4,201909,0.0323993845394391,53
POMO3,201909,-0.0294065918303448,45
POMO4,201909,0.0158895245322751,53
PPLA11,201909,-0.00393426005713909,40
PRIO3,201909,0.0159714411662596,54
PSSA3,201909,-0.00355405540643136,54
PTBL3,201909,0.0307695501532955,50
QUAL3,201909,0.0100867377038816,54
RADL3,201909,0.00893991450501333,54
RAIL3,201909,0.0275527923390686,55
RAPT3,201909,0.0454314403889331,52
RAPT4,201909,0.0107303208409053,53
RDNI3,201909,0.0486187195069771,52
RENT3,201909,0.00898169255965544,54
RLOG3,201909,0.000949300370654641,54
RNEW11,201909,0.0256663018264784,52
RNEW3,201909,0.0353151982727537,52
RNEW4,201909,-0.0106385044197577,50
ROMI3,201909,0.00614686303608051,50
RPAD3,201909,0.0411055332267111,51
SANB11,201909,0.0117408320685114,54
SAPR11,201909,0.0195444095317346,55
SAPR4,201909,0.0216276899380599,53
SBSP3,201909,0.00844591607358009,54
SCAR3,201909,0.0182922901485217,51
SEER3,201909,0.0233765616872437,54
SGPS3,201909,-0.00284115400647047,51
SHOW3,201909,0.0254306121189258,53
SHUL4,201909,0.02031957627386,10
SLCE3,201909,0.0423063005890325,53
SMLS3,201909,0.015741592729461,54
SMTO3,201909,0.0239532766337569,54
SQIA3,201909,0.0123132424374164,54
STBP3,201909,0.0231317285078526,54
SULA11,201909,0.00432205727381241,54
SUZB3,201909,0.00784602313043387,55
TAEE11,201909,0.0111975852972321,54
TCSA3,201909,0.0148669303200419,54
TECN3,201909,-0.0124447796286006,51
TEND3,201909,0.000882760168142461,54
TESA3,201909,0.0154927798514989,54
TGMA3,201909,-0.00168566005252153,54
TIET11,201909,0.0231453325309483,53
TIET3,201909,0.00568389635724041,40
TIET4,201909,-0.00862277917917814,40
TIMP3,201909,0.00745298746984084,54
TOTS3,201909,0.000590919412364267,54
TRIS3,201909,0.0156048394125935,54
TRPL4,201909,0.0262304967237321,54
TUPY3,201909,0.0257691053368746,54
UGPA3,201909,-0.00152547852722305,54
UNIP3,201909,0.0440794789659298,51
UNIP6,201909,0.0128636895455063,53
USIM3,201909,0.01947287523244,54
USIM5,201909,0.0291504447174842,54
USIM6,201909,0.0190538808834512,50
VALE3,201909,0.0103609644055563,55
VIVT3,201909,0.000789587936734371,54
VIVT4,201909,0.0232090554569954,54
VLID3,201909,0.0676863585296476,53
VULC3,201909,0.0227425896554847,54
VVAR3,201909,0.0205182650474053,55
WEGE3,201909,0.0129507961552663,54
WIZS3,201909,0.00403997095272745,53
YDUQ3,201909,0.00845062551477188,54
AALR3,201910,0.010515549802597,53
ABCB4,201910,0.0114651306999899,54
ABEV3,201910,0.0173257148650388,54
ALPA3,201910,0.00811283972396259,52
ALPA4,201910,0.00705853324872975,54
ALSO3,201910,0.00913322211062922,54
ALUP11,201910,0.01419091504813,53
ALUP3,201910,0.0160341704416502,50
AMAR3,201910,0.0149434353355468,52
ANIM3,201910,0.00907985414422474,54
APER3,201910,0.0136051609599824,52
ARZZ3,201910,0.00253793654184563,54
AZEV4,201910,0.0136441990800632,51
AZUL4,201910,0.0096799567226968,54
B3SA3,201910,0.0186083463563282,54
BBAS3,201910,0.0157599494756548,54
BBDC3,201910,0.00712308745660681,54
BBDC4,201910,0.0095428879634074,54
BBRK3,201910,0.00606587726182779,53
BBSE3,201910,0.0141275781604089,53
BBTG11,201910,-0.00103537563729533,46
BEEF11,201910,0.0230842814942718,52
BEEF3,201910,0.00881231991491607,54
BIDI11,201910,0.0301415605847225,54
BIDI3,201910,0.0164680693828057,53
BIDI4,201910,0.0116787172189331,53
BKBR3,201910,0.0403639545053272,54
BMGB11,201910,0.0249174973970675,54
BPAC11,201910,0.0154379613371061,54
BPAN4,201910,0.00797264646082926,53
BRAP3,201910,0.0172594370000197,53
BRAP4,201910,0.00142802385575901,54
BRDT3,201910,0.0143850379043543,54
BRFS3,201910,0.0176556182494843,54
BRGE3,201910,0.0057989583341548,51
BRIV3,201910,-0.00600472829383025,51
BRKM5,201910,0.00763420367395054,54
BRML3,201910,-0.00307656250013826,54
BRPR3,201910,0.00912370658716459,54
BRSR3,201910,0.0106919684904132,49
BRSR6,201910,0.0151515555309675,54
BTOW3,201910,0.0100686931791573,54
CAML3,201910,0.0141002584923922,53
CCPR3,201910,0.00757606797884826,54
CCRO3,201910,0.0159436770755799,54
CEAB3,201910,0.0147082245966654,54
CEBR3,201910,0.0319206496503296,6
CEEB3,201910,0.0115150401436049,7
CEED3,201910,0.0139530657751082,7
CEED4,201910,0.0182395764476868,5
CELP3,201910,-0.00222296910997495,51
CEPE3,201910,0.0182395764476868,5
CEPE5,201910,-0.0107926816168294,5
CESP3,201910,0.0212484558868973,52
CESP6,201910,0.0050505536093506,54
CGAS3,201910,0.0232676242738764,45
CGRA4,201910,0.0209529116356023,52
CIEL3,201910,0.0247756128082379,54
CLSC4,201910,0.0511965320554705,29
CMIG3,201910,0.0227114055202779,54
CMIG4,201910,0.0208380876781254,54
CNTO3,201910,0.0090764551270521,54
COCE5,201910,0.010894879511966,53
COGN3,201910,0.0142051154730533,54
CPFE3,201910,0.0155368805582278,54
CPLE3,201910,0.00741187006927086,53
CPLE6,201910,0.0169693946151557,54
CPRE3,201910,0.0150122079136984,51
CRDE3,201910,0.00917347617034739,52
CRFB3,201910,0.0132526936988493,53
CRIV3,201910,0.00330362269554409,51
CRPG5,201910,0.0154019765158835,52
CSAN3,201910,0.0108640108210996,54
CSMG3,201910,0.0135098966250674,53
CSNA3,201910,-0.00252120965032536,53
CSRN3,201910,0.0320928110726079,7
CSRN5,201910,0.0126427746201597,5
CTNM4,201910,0.000879362708153236,51
CVCB3,201910,0.0162899435313785,54
CYRE3,201910,0.00870413104770303,54
DIRR3,201910,0.0179152827185147,53
DMMO11,201910,-0.0654975723241093,5
DMMO3,201910,0.0148664453226409,52
DTEX3,201910,0.00721048913738782,54
ECOR3,201910,0.00858855721180806,54
EGIE3,201910,0.0189740805034508,53
ELET3,201910,0.0152348261537497,54
ELET6,201910,0.0116762055892915,54
ELPL3,201910,0.0192276204999807,52
EMBR3,201910,0.0132562025455189,54
ENAT3,201910,0.0147212147192182,53
ENBR3,201910,0.0111199600009295,54
ENEV3,201910,0.00830335168909845,54
ENGI11,201910,0.0067607837864418,54
ENGI4,201910,-0.00592812534311248,51
EQTL3,201910,0.0179835629084324,54
EUCA4,201910,0.00134507080844322,53
EVEN3,201910,0.0145201352673167,54
EZTC3,201910,0.00120429565846281,54
FESA4,201910,0.0157573370408679,45
FHER3,201910,0.0163632353852537,52
FJTA4,201910,0.0213470625092397,52
FLRY3,201910,-0.00168201935339442,54
FRAS3,201910,0.0521099081949557,9
GFSA3,201910,0.019667306599054,52
GGBR3,201910,0.00783658993364149,53
GGBR4,201910,0.00770947759936683,54
GNDI3,201910,0.00955842333186377,54
GOAU3,201910,0.0089159015523596,53
GOAU4,201910,0.0122257303706738,54
GOLL4,201910,0.0120572913129964,54
GRND3,201910,0.0145734256617405,53
GUAR3,201910,0.00994740637101815,53
HAPV3,201910,0.0148025063225484,54
HBOR3,201910,0.00782657461550152,54
HGTX3,201910,0.0051857501414243,54
HYPE3,201910,0.00956704593813042,54
IDNT3,201910,0.0147686385980786,51
IGTA3,201910,0.00366711444654804,54
IRBR3,201910,0.0149264300695118,54
ITSA3,201910,0.0101588661923425,53
ITSA4,201910,0.0130816809292837,54
ITUB3,201910,-0.00561088105659077,53
ITUB4,201910,0.0136979246235101,54
JBSS3,201910,0.0184346775656099,54
JHSF3,201910,0.0264450968816972,52
JOPA3,201910,0.00137193100925857,51
JPSA3,201910,0.00855923835247836,54
JSLG3,201910,0.0105357754360997,53
KEPL3,201910,-0.0131158274307714,45
KLBN11,201910,0.00513947964075747,53
KLBN3,201910,0.0297043811660526,43
KLBN4,201910,0.0317544870400479,43
KROT11,201910,0.0224633555601095,50
LAME3,201910,0.0179813761687737,53
LAME4,201910,0.00445013721057188,54
LCAM3,201910,0.0289099029371157,54
LEVE3,201910,0.0162691458769808,52
LIGT3,201910,0.0143841818183592,54
LINX3,201910,0.00793583395519691,54
LLIS3,201910,0.0115813133411284,50
LOGG3,201910,0.00951495395076318,54
LOGN3,201910,0.00627145499789445,51
LPSB3,201910,0.0178066923164563,54
LREN3,201910,0.0136309172231125,54
MDIA3,201910,0.0227815448196807,54
MEAL3,201910,0.0126610872879527,53
MGLU3,201910,0.0111182131915407,54
MILS3,201910,0.0164318962172612,53
MOAR3,201910,0.00375995907954707,49
MOVI3,201910,0.0108537365906864,54
MRFG3,201910,0.00120898496847739,54
MRVE3,201910,0.0217791749706776,54
MULT3,201910,-0.0136012907437862,54
MYPK3,201910,0.0124150636181455,52
NATU3,201910,0.0222862033281759,54
NEOE3,201910,0.00799853180419468,54
ODPV3,201910,0.0137797764683326,52
OFSA3,201910,-0.000149011594153091,52
OIBR3,201910,0.0141456945176252,55
OIBR4,201910,0.015793311861909,54
OMGE3,201910,0.0106282710231166,54
PARD3,201910,-0.00160916549129734,53
PCAR4,201910,-0.0163680336926814,53
PETR3,201910,0.00916042979526321,54
PETR4,201910,0.0109957849527888,54
PFRM3,201910,-0.0104460036750633,40
PNVL3,201910,-0.0112632714082149,53
PNVL4,201910,0.0128432540563937,53
POMO3,201910,0.0081749896118384,45
POMO4,201910,0.0136692285989035,52
PPLA11,201910,0.00803797678739654,38
PRIO3,201910,0.0148350311024621,53
PSSA3,201910,0.0116884206044915,54
PTBL3,201910,0.0110887361022917,50
QUAL3,201910,0.00824633926023111,54
RADL3,201910,0.0208338896692874,54
RAIL3,201910,0.0217444962157293,54
RAPT3,201910,-0.00491663055202827,52
RAPT4,201910,0.0158457531043409,53
RDNI3,201910,0.00297470857957197,52
RENT3,201910,0.0315613496247627,54
RLOG3,201910,0.0100902556287501,53
ROMI3,201910,0.000269815293350037,50
RPAD3,201910,0.00137193100925858,51
SANB11,201910,-0.00236541884561132,54
SAPR11,201910,0.0192428915598815,54
SAPR4,201910,0.01768774293456,52
SBSP3,201910,0.0147101301513137,54
SCAR3,201910,0.0331791088469426,51
SEER3,201910,0.0122642323429524,54
SGPS3,201910,-0.00594240990792974,51
SHOW3,201910,0.0031968093925939,53
SHUL4,201910,0.0455538863144921,9
SLCE3,201910,0.00150155181596579,52
SMLS3,201910,0.0115278118973499,54
SMTO3,201910,0.0324776813387508,54
SQIA3,201910,0.0360688633027789,54
STBP3,201910,0.00985448352718067,54
SULA11,201910,0.0102049923316991,54
SUZB3,201910,0.0207233398915515,54
TAEE11,201910,0.012836318132611,54
TCSA3,201910,0.0116904106877998,54
TECN3,201910,0.00562778362069929,51
TEND3,201910,0.0101689010923856,54
TESA3,201910,-0.0167000752605994,53
TGMA3,201910,0.0086694651659901,53
TIET11,201910,0.0100451155739032,53
TIET3,201910,0.0139966769392177,40
TIET4,201910,0.0101852028669277,40
TIMP3,201910,0.0154361097477251,54
TOTS3,201910,0.0069444110049478,54
TRIS3,201910,0.00578027932958749,54
TRPL4,201910,0.00620244251520403,54
TUPY3,201910,0.00745524070330713,53
UGPA3,201910,0.0167655954532448,54
UNIP3,201910,0.00300165820625722,51
UNIP6,201910,0.0183088558394796,52
USIM3,201910,0.0157379409632493,53
USIM5,201910,-0.00318037718152734,54
VALE3,201910,0.00792402337049565,54
VIVA3,201910,0.0108787101892733,54
VIVT3,201910,-0.000851893496733986,53
VIVT4,201910,-0.00361088952276308,53
VLID3,201910,0.0262866000128596,52
VULC3,201910,0.0269790577067782,53
VVAR3,201910,0.0195959680107626,54
WEGE3,201910,0.0110029130013769,54
WIZS3,201910,0.0107990146648231,52
YDUQ3,201910,0.0222309930131091,54
AALR3,201911,0.0483630854087495,54
ABCB4,201911,0.046186494998446,55
ABEV3,201911,0.0428915712247585,55
AGRO3,201911,0.0619250489811491,6
ALPA3,201911,0.0369612865948681,53
ALPA4,201911,0.0360461484691173,54
ALSO3,201911,0.0483996619593338,54
ALUP11,201911,0.0493270555942913,54
ALUP3,201911,0.0658145882237237,51
AMAR3,201911,0.0442297069773483,54
ANIM3,201911,0.0384954647671262,54
APER3,201911,0.0459755409060215,53
ARZZ3,201911,0.046005750244325,54
AZEV4,201911,0.0246841573297693,52
AZUL4,201911,0.0480567339797632,55
B3SA3,201911,0.0352104930517892,54
BBAS3,201911,0.0375485644830466,56
BBDC3,201911,0.0501544867849197,54
BBDC4,201911,0.0434591326248546,55
BBRK3,201911,0.0562361668446135,54
BBSE3,201911,0.0214626890712216,54
BBTG11,201911,0.035003298143875,45
BEEF11,201911,0.074647878348291,53
BEEF3,201911,0.0816797946743623,54
BIDI11,201911,0.0356681295737167,55
BIDI3,201911,0.0515010065791924,54
BIDI4,201911,0.0500074941436623,54
BKBR3,201911,0.0338741606480947,54
BMGB11,201911,0.0398113975940726,43
BMGB4,201911,0.0328984334263105,54
BPAC11,201911,0.0484575182673245,54
BPAN4,201911,0.0497986202031724,54
BRAP3,201911,0.0441435874102959,54
BRAP4,201911,0.0427606634599117,54
BRDT3,201911,0.0426354600467189,54
BRFS3,201911,0.0423694462752429,55
BRGE3,201911,0.0121254374010341,52
BRIV3,201911,0.0276730369447537,52
BRKM5,201911,0.050486582359771,55
BRML3,201911,0.0226449037310079,55
BRPR3,201911,0.0498991278622325,54
BRSR3,201911,0.0192949608077648,50
BRSR6,201911,0.0490684804347339,55
BTOW3,201911,0.0444605895528128,55
CAML3,201911,0.0551121062834847,55
CCPR3,201911,0.0480534669529604,54
CCRO3,201911,0.0351372449110852,55
CEAB3,201911,0.0488251722912355,55
CEBR3,201911,0.0630847330426772,6
CEEB3,201911,0.0183436500741319,6
CEED3,201911,0.0152867191374751,6
CEED4,201911,0.0152867191374751,6
CELP3,201911,0.000952066274054688,52
CEPE3,201911,0.0123435664423313,7
CEPE5,201911,0.00163703385689933,6
CESP3,201911,0.0196312024787948,53
CESP6,201911,0.045179015077102,54
CGAS3,201911,0.0563313259144286,43
CGRA4,201911,0.0342634811954692,53
CIEL3,201911,0.0489958788958339,54
CLSC4,201911,0.0156868043217713,30
CMIG3,201911,0.0573636019401633,54
CMIG4,201911,0.0407564471919134,55
CNTO3,201911,0.0526163927168655,54
COCE5,201911,0.0492852950546151,54
COGN3,201911,0.0386724143653822,55
CPFE3,201911,0.0550423922511253,55
CPLE3,201911,0.0447940460392707,54
CPLE6,201911,0.0473368757755039,54
CPRE3,201911,0.0325448342256598,52
CRDE3,201911,0.0394980898418665,53
CRFB3,201911,0.0420386094109528,54
CRIV3,201911,0.0257182508044201,52
CRPG5,201911,0.0563921084110824,53
CSAN3,201911,0.0312430858891425,54
CSMG3,201911,0.0464229748664073,54
CSNA3,201911,0.038782842650841,54
CSRN3,201911,0.00847425716410839,6
CSRN5,201911,0.0123435664423313,7
CTNM4,201911,0.0285248504439268,52
CVCB3,201911,0.0541231775222083,55
CYRE3,201911,0.0513023316683481,54
DIRR3,201911,0.0504887718879846,53
DMMO11,201911,0.0191836296170598,5
DMMO3,201911,0.0381336681671678,54
DTEX3,201911,0.0438030620740654,54
ECOR3,201911,0.048635940946912,54
EGIE3,201911,0.0490479051273891,54
ELET3,201911,0.042020991530907,54
ELET6,201911,0.0391686604004334,54
EMBR3,201911,0.0468523326325394,54
ENAT3,201911,0.0487622085601868,54
ENBR3,201911,0.0419899002079879,55
ENEV3,201911,0.0420022886224018,55
ENGI11,201911,0.0469226817047621,54
ENGI4,201911,0.0183848884229032,52
EQTL3,201911,0.0338878423504296,55
EUCA4,201911,0.0448966400772772,53
EVEN3,201911,0.0513610307671253,53
EZTC3,201911,0.0407169826178518,55
FESA4,201911,0.0314611089699416,45
FHER3,201911,0.0541461757979265,52
FLRY3,201911,0.0220853263479319,54
FRAS3,201911,0.115575465119533,9
GFSA3,201911,0.176136149013409,52
GGBR3,201911,0.0315305567710587,54
GGBR4,201911,0.0386955697275989,55
GNDI3,201911,0.0421824872014055,54
GOAU3,201911,0.0347276822981516,54
GOAU4,201911,0.046521244382666,55
GOLL4,201911,0.0500530288565353,54
GRND3,201911,0.0492690443385653,54
GUAR3,201911,0.0492012444230237,54
HAPV3,201911,0.0214986995477616,55
HBOR3,201911,0.0499430423399934,55
HGTX3,201911,0.0375416429692029,54
HYPE3,201911,0.0433862001590327,54
IDNT3,201911,0.0496015916603501,51
IGTA3,201911,0.0383461696592417,55
IRBR3,201911,0.0448340841796227,55
ITSA3,201911,-0.0255912318157914,52
ITSA4,201911,0.0375089594025142,54
ITUB3,201911,0.0267191763143407,55
ITUB4,201911,0.0447932036607003,55
JBSS3,201911,0.0399528186598842,55
JHSF3,201911,0.0365064758220878,55
JOPA3,201911,0.0217645410463391,52
JPSA3,201911,0.0500023891055644,55
JSLG3,201911,0.0450749324346322,53
KEPL3,201911,0.123035116633543,50
KLBN11,201911,0.041591966136434,54
KLBN3,201911,0.077200191451218,43
KLBN4,201911,0.0492081859399262,43
KROT11,201911,0.0478173578274815,51
LAME3,201911,0.0407645018341012,54
LAME4,201911,0.016001113275263,55
LCAM3,201911,0.0496810021153431,54
LEVE3,201911,0.0500596842645486,53
LIGT3,201911,0.0506685542941129,54
LINX3,201911,0.050158062150528,55
LLIS3,201911,0.0357951677137597,51
LOGG3,201911,0.049097276639147,55
LOGN3,201911,0.0552027642009848,55
LPSB3,201911,0.0168422531674427,55
LREN3,201911,0.0336316584992884,54
MDIA3,201911,0.0397422131356939,54
MEAL3,201911,0.0469690032003344,53
MGLU3,201911,0.0461393360770914,55
MILS3,201911,0.051223135006604,54
MOAR3,201911,-0.0366760464727025,48
MOVI3,201911,0.0494732538001496,55
MRFG3,201911,0.0908892672592737,54
MRVE3,201911,0.0190218443456308,54
MULT3,201911,0.0197959993757729,54
MYPK3,201911,0.0454147414484639,53
NATU3,201911,0.0403915781923586,55
NEOE3,201911,0.0496969645879429,55
ODPV3,201911,0.0454791222451779,53
OFSA3,201911,0.0247653746030738,53
OIBR3,201911,0.037266495529511,56
OIBR4,201911,0.0413222248930728,52
OMGE3,201911,0.0365557028476002,54
PARD3,201911,0.0415096655566279,54
PCAR4,201911,0.0303522735194814,54
PETR3,201911,0.0492464561272111,55
PETR4,201911,0.0275405546512555,55
PFRM3,201911,0.0494844111007776,41
PNVL3,201911,-0.0101427879751439,54
PNVL4,201911,0.0161223501942003,53
POMO3,201911,0.115001104033463,46
POMO4,201911,0.0476508113039579,53
POSI3,201911,0.0450966335201942,51
PPLA11,201911,0.0532114543621816,53
PRIO3,201911,0.0441030087265428,54
PSSA3,201911,0.0487276650082901,54
PTBL3,201911,0.0163649836200559,51
QUAL3,201911,0.0438773553315356,54
RADL3,201911,0.0430494710917628,54
RAIL3,201911,0.0426459135670962,55
RAPT3,201911,0.0239886242067448,53
RAPT4,201911,0.0432313111761827,54
RDNI3,201911,0.0491911126559374,52
RENT3,201911,0.020083322472451,54
RLOG3,201911,0.0484684667529026,54
RNEW11,201911,0.0506094259122679,51
ROMI3,201911,0.2315077611232,51
RPAD3,201911,0.0263216605602083,52
SANB11,201911,0.0412395799266017,54
SAPR11,201911,0.048069345718858,55
SAPR4,201911,0.0479502744459404,53
SBSP3,201911,0.0510644469809007,54
SCAR3,201911,0.0280297778624298,52
SEER3,201911,0.0491035354881656,55
SGPS3,201911,0.00542641361675188,51
SHOW3,201911,0.0300063373151223,54
SHUL4,201911,0.0418056370935198,10
SLCE3,201911,0.0316298110306136,53
SMLS3,201911,0.0574301569666189,54
SMTO3,201911,0.0937450767290618,55
SQIA3,201911,0.0529624523686868,53
STBP3,201911,0.0203981388694834,55
SULA11,201911,0.048887978828568,54
SUZB3,201911,0.0411208745613382,55
TAEE11,201911,0.0455735108751402,54
TASA4,201911,0.0423422977907264,53
TCSA3,201911,0.0451127754125523,55
TECN3,201911,0.0116707664218077,52
TEND3,201911,0.0534076623559835,54
TESA3,201911,0.0226017923296315,54
TGMA3,201911,0.0500307040433068,54
TIET11,201911,0.0581200809984543,54
TIET3,201911,0.0136030961533326,41
TIET4,201911,0.0142309892486519,41
TIMP3,201911,0.0416879549698401,54
TOTS3,201911,0.0538101144992557,55
TRIS3,201911,0.0479245079653368,54
TRPL4,201911,0.0483647372314707,54
TUPY3,201911,0.07565361847302,54
UGPA3,201911,0.0454917358318602,54
UNIP3,201911,0.0232275757243212,52
UNIP6,201911,0.0295998922005794,52
USIM3,201911,0.048098783647848,54
USIM5,201911,0.0362576643912169,55
VALE3,201911,0.0454893933505601,55
VIVA3,201911,0.0434733837818781,54
VIVT3,201911,0.0392844629454893,54
VIVT4,201911,0.032376462553542,54
VLID3,201911,0.0488492971035572,53
VULC3,201911,0.0325057231876953,54
VVAR3,201911,0.0408327628117126,56
WEGE3,201911,0.0304696134927722,54
WIZS3,201911,0.0437219674833641,52
YDUQ3,201911,0.0440352554898603,54
AALR3,201912,0.11849905151049,57
ABCB4,201912,0.153625497313041,57
ABEV3,201912,0.115716837026815,58
AGRO3,201912,0.196379511479856,49
ALPA3,201912,0.123471310601559,56
ALPA4,201912,0.120995785852233,57
ALSO3,201912,0.117183221784948,58
ALUP11,201912,0.147208646870226,58
ALUP3,201912,0.181686571215184,52
AMAR3,201912,0.114705602951778,58
ANIM3,201912,0.157075937852656,58
APER3,201912,0.165201743926484,56
ARZZ3,201912,0.143217882457159,58
AZEV4,201912,0.0907594157262895,53
AZUL4,201912,0.117503435647455,58
B3SA3,201912,0.108877318514731,58
BBAS3,201912,0.103615591359599,58
BBDC3,201912,0.1131466733851,58
BBDC4,201912,0.119092201352627,58
BBRK3,201912,0.079633734039033,57
BBSE3,201912,0.130307772235836,58
BBTG11,201912,0.0116160712028911,48
BEEF11,201912,0.147756013946669,53
BEEF3,201912,0.164712721464251,58
BIDI11,201912,0.134271388171866,58
BIDI3,201912,0.157723447917167,57
BIDI4,201912,0.155514317542348,57
BIOM3,201912,0.113231815288129,50
BKBR3,201912,0.157879080479038,58
BMGB4,201912,0.157102830848853,57
BPAC11,201912,0.118364888913602,58
BPAN4,201912,0.114014510124751,58
BRAP3,201912,0.153364786917772,57
BRAP4,201912,0.110269313551662,58
BRDT3,201912,0.134305668721683,58
BRFS3,201912,0.0978524847020974,58
BRGE3,201912,0.115916057727163,55
BRIV3,201912,0.151801638773284,55
BRKM5,201912,0.118556000927136,58
BRML3,201912,0.127351873372823,58
BRPR3,201912,0.148360399395841,58
BRSR3,201912,0.154412669598852,51
BRSR6,201912,0.155129626154085,58
BTOW3,201912,0.107862623878114,58
CAML3,201912,0.16201816769464,58
CCPR3,201912,0.159361813476655,57
CCRO3,201912,0.114632219307443,58
CEAB3,201912,0.158090476342254,57
CEBR3,201912,0.128752571791434,47
CEBR5,201912,0.110673364779565,47
CEBR6,201912,0.122433744684258,47
CEEB3,201912,0.0280395682452217,6
CEED3,201912,0.0355722024263848,6
CEED4,201912,0.0355722024263848,6
CEPE3,201912,0.0296434406110326,7
CEPE5,201912,0.0149390017303323,48
CESP3,201912,0.132175552070109,56
CESP6,201912,0.135153684074725,58
CGAS3,201912,0.169057393283319,44
CGRA4,201912,0.167514838896752,56
CIEL3,201912,0.116841307828165,58
CLSC3,201912,0.126840257633239,47
CLSC4,201912,0.137181007884109,49
CMIG3,201912,0.140475061501705,57
CMIG4,201912,0.132923436696221,58
CNTO3,201912,0.147016589170433,58
COCE5,201912,0.151570101612082,57
COGN3,201912,0.114555780509193,58
CPFE3,201912,0.1312920843513,57
CPLE3,201912,0.117180719007435,57
CPLE6,201912,0.162932390864399,57
CPRE3,201912,0.143436948507579,52
CRDE3,201912,0.107423521667037,54
CRFB3,201912,0.111429935236998,57
CRIV3,201912,0.152454065197887,55
CRPG5,201912,0.133676746158234,57
CSAN3,201912,0.137262426081051,58
CSMG3,201912,0.134476024004939,57
CSNA3,201912,0.117457052638416,58
CSRN3,201912,0.0277943279714165,6
CSRN5,201912,0.0121103183300305,5
CTNM4,201912,0.147846966232429,55
CVCB3,201912,0.12830554008505,58
CYRE3,201912,0.115361750758118,58
DIRR3,201912,0.151318018080596,55
DMMO11,201912,0.153687828307721,32
DMMO3,201912,0.156700809038669,54
DTEX3,201912,0.115215811925739,58
ECOR3,201912,0.114733493478139,58
EGIE3,201912,0.113722614617113,58
ELET3,201912,0.118198082521174,58
ELET6,201912,0.108267500385434,58
EMBR3,201912,0.11590306538178,58
ENAT3,201912,0.119775392291749,58
ENBR3,201912,0.116613931339246,58
ENEV3,201912,0.148980940894977,58
ENGI11,201912,0.12650275635472,57
ENGI4,201912,0.135330600513018,54
EQPA3,201912,0.171848619713386,55
EQPA5,201912,0.125954243440777,47
EQTL3,201912,0.102091290708716,58
EUCA4,201912,0.14168812018747,57
EVEN3,201912,0.153954509959878,55
EZTC3,201912,0.121773740979339,58
FESA4,201912,0.145498797239485,46
FHER3,201912,0.144985591851994,53
FLRY3,201912,0.118169842856286,58
FRAS3,201912,0.17066974261439,47
GFSA3,201912,0.118367377505881,57
GGBR3,201912,0.114691005966135,55
GGBR4,201912,0.11195059110884,58
GNDI3,201912,0.0979404896782439,58
GOAU3,201912,0.11463083921016,57
GOAU4,201912,0.145839152647996,58
GOLL4,201912,0.144122436956395,58
GRND3,201912,0.150770153498809,58
GUAR3,201912,0.11466730777633,58
HAPV3,201912,0.12588377832571,58
HBOR3,201912,0.151470939371483,57
HGTX3,201912,0.13682639986228,58
HYPE3,201912,0.126772779309612,58
IDNT3,201912,0.11345290470892,52
IGTA3,201912,0.16513391673608,58
IRBR3,201912,0.118646573256929,58
ITSA3,201912,0.151774062551797,57
ITSA4,201912,0.107195689556472,58
ITUB3,201912,0.143951130196938,58
ITUB4,201912,0.11521224679647,58
JBSS3,201912,0.117986021908531,58
JHSF3,201912,0.134259834274257,55
JOPA3,201912,0.150575673160201,55
JPSA3,201912,0.15050784222826,58
JSLG3,201912,0.157653688063866,54
KEPL3,201912,0.215017342537391,54
KLBN11,201912,0.114076960948063,58
KLBN3,201912,0.0897877367083518,43
KLBN4,201912,0.0990424787154099,54
KROT11,201912,0.145766006276776,52
LAME3,201912,0.117280643303963,57
LAME4,201912,0.116644699696086,58
LCAM3,201912,0.116202488633092,58
LEVE3,201912,0.151048472573265,57
LIGT3,201912,0.113185355632186,58
LINX3,201912,0.115635202112561,58
LLIS3,201912,0.145273751979487,57
LOGG3,201912,0.14645763163197,58
LOGN3,201912,0.113132243095601,57
LPSB3,201912,0.14521001732571,57
LREN3,201912,0.117619342571279,58
MDIA3,201912,0.116458624257359,58
MEAL3,201912,0.115017158893507,58
MERC4,201912,0.120087336169683,47
MGEL4,201912,0.114009503734572,47
MGLU3,201912,0.113472285581086,58
MILS3,201912,0.142877718486127,58
MOAR3,201912,0.371517739043907,49
MOVI3,201912,0.146912255361859,58
MRFG3,201912,0.132261751554604,58
MRVE3,201912,0.121879970292538,58
MULT3,201912,0.148059383272272,58
MYPK3,201912,0.113362901865734,57
NATU3,201912,0.17024001230591,48
NEOE3,201912,0.11353664713636,58
NTCO3,201912,0.125298988978845,58
ODPV3,201912,0.118336782338122,57
OFSA3,201912,0.160759842584061,56
OIBR3,201912,0.134984654126829,59
OIBR4,201912,0.0387722422021431,6
OMGE3,201912,0.125896733642114,57
PARD3,201912,0.142892780472768,58
PCAR4,201912,0.165397290009759,58
PETR3,201912,0.113807391912369,58
PETR4,201912,0.11289497620974,58
PFRM3,201912,0.313339227942771,40
PNVL3,201912,0.141139138185167,57
PNVL4,201912,0.138186566756166,56
POMO3,201912,0.113051928047794,47
POMO4,201912,0.135025328193947,57
POSI3,201912,0.1640721706909,52
PPLA11,201912,0.190876003110528,39
PRIO3,201912,0.156056967647204,57
PSSA3,201912,0.117595870103882,57
PTBL3,201912,0.147946723420655,55
QUAL3,201912,0.118119649439981,58
RADL3,201912,0.110989591547008,58
RAIL3,201912,0.0993292942397117,58
RAPT3,201912,0.144070353217378,56
RAPT4,201912,0.154794706012125,57
RDNI3,201912,0.149337636504364,56
RENT3,201912,0.109413133199224,58
RLOG3,201912,0.117095354476177,58
RNEW11,201912,0.143003921796179,7
ROMI3,201912,0.186709218309032,52
RPAD3,201912,0.1494543138038,55
SANB11,201912,0.105084636496869,58
SAPR11,201912,0.121196896637866,58
SAPR3,201912,0.139290753731699,52
SAPR4,201912,0.132723843669331,54
SBSP3,201912,0.117661225265451,58
SCAR3,201912,0.14565485411871,54
SEER3,201912,0.15171507061804,58
SGPS3,201912,0.387790894905039,52
SHOW3,201912,0.135892285550811,57
SHUL4,201912,0.206844213634883,34
SLCE3,201912,0.15187821235318,57
SMLS3,201912,0.115814408481271,58
SMTO3,201912,0.13711508777341,58
SQIA3,201912,0.144571401855367,56
STBP3,201912,0.122887382155391,58
SULA11,201912,0.111402174157411,57
SUZB3,201912,0.114613681003492,58
TAEE11,201912,0.11436617144573,58
TASA4,201912,0.146383916700204,57
TCSA3,201912,0.150548191771941,58
TECN3,201912,0.286283187248354,52
TEND3,201912,0.115486844277125,58
TESA3,201912,0.142965302829139,54
TGMA3,201912,0.114118778851987,58
TIET11,201912,0.140076066107717,58
TIET3,201912,0.305385374295106,40
TIET4,201912,0.401284398768004,40
TIMP3,201912,0.107611323351487,58
TOTS3,201912,0.128464941305856,58
TRIS3,201912,0.158352426076059,55
TRPL4,201912,0.152708202652852,54
TUPY3,201912,0.161742489357607,57
UCAS3,201912,0.147268817103399,56
UGPA3,201912,0.116938452932768,58
UNIP3,201912,0.147091650180135,55
UNIP6,201912,0.130913647957419,54
USIM3,201912,0.166156287435548,58
USIM5,201912,0.115083889528669,58
VALE3,201912,0.106444384253231,58
VIVA3,201912,0.113454557005984,57
VIVT3,201912,0.115484850005277,57
VIVT4,201912,0.141848743912514,58
VLID3,201912,0.140679029526939,54
VULC3,201912,0.131388849906682,55
VVAR3,201912,0.1295927627785,58
WEGE3,201912,0.108420699497182,58
WIZS3,201912,0.117638568486725,54
YDUQ3,201912,0.140929526594695,58
AALR3,202001,0.0329145097232332,55
ABCB4,202001,0.0312521140920494,57
ABEV3,202001,0.0357076973581112,57
AGRO3,202001,0.0603013801987848,49
ALPA3,202001,0.0479332077444232,56
ALPA4,202001,0.0391279206133509,57
ALSO3,202001,0.0360985082293968,57
ALUP11,202001,-0.0100517102968703,57
AMAR3,202001,0.0381724194379392,57
ANIM3,202001,0.0262109082295506,57
APER3,202001,0.014881801048287,55
ARZZ3,202001,0.0108247045910504,57
AZEV4,202001,-0.0113976517261853,54
AZUL4,202001,0.0286705238435447,57
B3SA3,202001,0.0204637302414686,57
BBAS3,202001,0.0226809125040871,57
BBDC3,202001,0.0335723278938199,57
BBDC4,202001,0.0343556461215253,57
BBRK3,202001,0.0250498322889142,56
BBSE3,202001,0.0195325556079903,57
BBTG11,202001,-0.122688096347122,49
BEEF11,202001,-0.023920788108358,54
BEEF3,202001,0.0169991511681042,57
BIDI11,202001,0.0120061180053299,57
BIDI3,202001,0.0249143440644588,57
BIDI4,202001,0.0203987895457617,57
BIOM3,202001,-0.00482788518107688,48
BKBR3,202001,0.0192187338790751,57
BMGB4,202001,0.021775046487135,56
BPAC11,202001,0.0260310464391105,57
BPAN4,202001,0.0358296013048691,57
BRAP3,202001,0.0110105132694893,56
BRAP4,202001,-0.00381008695288477,57
BRDT3,202001,0.0200352824845644,57
BRFS3,202001,0.000764932694885504,57
BRGE3,202001,0.00347697857131111,54
BRIV3,202001,-0.00456114776684547,54
BRKM5,202001,0.0082963061903306,57
BRML3,202001,0.0261649038973673,57
BRPR3,202001,-0.00533072117575257,57
BRSR3,202001,-0.026625179093272,52
BRSR6,202001,-0.00150093823918743,57
BTOW3,202001,0.0272664144488725,57
CAML3,202001,0.0189622830641772,57
CARD3,202001,0.0129170843432137,53
CCPR3,202001,-0.00360514762038136,57
CCRO3,202001,0.0352626082225241,57
CEAB3,202001,0.00198482517055913,57
CEEB3,202001,0.0745655010540234,6
CEED3,202001,0.0937236147843801,6
CEED4,202001,0.0770569481177134,6
CEPE3,202001,0.08033452695804,7
CEPE5,202001,0.0869928455536108,6
CESP3,202001,0.00581865938296727,54
CESP6,202001,0.00573913936831283,57
CGAS3,202001,0.000849615376552261,45
CGAS5,202001,0.00861541547867243,49
CGRA4,202001,-0.00836579127193114,55
CIEL3,202001,0.0357366952003315,57
CLSC4,202001,-0.0188665199749187,30
CMIG3,202001,-0.000783672328442611,57
CMIG4,202001,0.0125184403204597,57
CNTO3,202001,-0.0141037160768923,57
COCE5,202001,0.0121908686118011,56
COGN3,202001,0.0351134848130364,57
CPFE3,202001,0.00881898496618029,57
CPLE3,202001,0.0273483262042492,56
CPLE6,202001,0.0329567957367865,56
CPRE3,202001,0.00829623095284381,54
CRDE3,202001,0.044183650593006,56
CRFB3,202001,0.0464224011792614,57
CRIV3,202001,-0.00405375894242489,54
CRPG5,202001,0.0122939118865955,55
CSAN3,202001,0.0114299006678585,57
CSMG3,202001,-0.0109410490870707,56
CSNA3,202001,0.0181601605914008,57
CSRN3,202001,0.0865934900071965,6
CSRN5,202001,0.0659458370066022,6
CTNM4,202001,-0.00382493181633449,54
CVCB3,202001,0.0272464407349847,57
CYRE3,202001,0.0313614983636412,57
DIRR3,202001,0.0217658067039296,56
DMMO11,202001,-0.0271216161325907,35
DMMO3,202001,-0.0263034912581895,55
DTEX3,202001,0.0225074252561625,57
ECOR3,202001,0.0271788563976879,57
EGIE3,202001,0.0371447861781127,57
ELET3,202001,0.0187808352096117,57
ELET6,202001,0.0109560306531572,57
EMBR3,202001,0.0304182104478655,57
ENAT3,202001,0.0140828866805919,57
ENBR3,202001,0.0242857323004551,57
ENEV3,202001,-0.00588301876792629,57
ENGI11,202001,0.0224469325531441,57
ENGI4,202001,0.0712764969063766,54
EQPA3,202001,0.00994163687490873,54
EQTL3,202001,0.0151980967345342,57
EUCA4,202001,0.0192953150340031,56
EVEN3,202001,0.0218052606576925,57
EZTC3,202001,0.0478189031648796,57
FESA4,202001,0.0258058612681608,55
FHER3,202001,0.0247145587619872,55
FLRY3,202001,0.0311937556720491,57
FRAS3,202001,0.0107970698649447,55
GFSA3,202001,0.0255231963656855,55
GGBR3,202001,0.0488250045207697,56
GGBR4,202001,0.0274265061497407,57
GNDI3,202001,0.0129436771696994,57
GOAU3,202001,0.0478536478078367,56
GOAU4,202001,-0.000793858074868806,57
GOLL4,202001,0.017193481392534,57
GPCP3,202001,0.0333581030541681,54
GRND3,202001,0.0198289334629445,57
GUAR3,202001,0.0317538659448768,57
HAPV3,202001,0.00845938149109521,57
HBOR3,202001,0.026446317641791,57
HGTX3,202001,0.0109860160200599,57
HYPE3,202001,0.0398237162211795,57
IDNT3,202001,0.0347435153035209,54
IGTA3,202001,0.0306433681497473,57
IRBR3,202001,0.0353475556758862,57
ITSA3,202001,-0.00210326424145865,56
ITSA4,202001,0.0338785312270878,57
ITUB3,202001,0.000227639814015102,57
ITUB4,202001,0.0337528081765774,57
JBSS3,202001,0.0297557173772975,57
JHSF3,202001,0.0241288349792881,56
JOPA3,202001,-0.00637816905826584,54
JPSA3,202001,0.0124509032490787,56
JSLG3,202001,0.0187010822124146,57
KEPL3,202001,-0.0186227315281053,56
KLBN11,202001,0.0202962715096163,57
KLBN3,202001,0.084250527386998,43
KLBN4,202001,0.0466122430621844,43
KROT11,202001,0.0181696415619827,53
LAME3,202001,0.0275106712209471,56
LAME4,202001,0.00733779571028532,57
LCAM3,202001,0.0373988912569454,57
LEVE3,202001,0.0197219745110343,56
LIGT3,202001,0.0361550847430183,57
LINX3,202001,0.0314731100133954,56
LLIS3,202001,-0.0113485644221302,55
LOGG3,202001,-0.00283525964147813,57
LOGN3,202001,0.0320871730915348,56
LPSB3,202001,-0.0196754767184098,56
LREN3,202001,0.0204547398125992,57
MDIA3,202001,0.0354500524779719,57
MEAL3,202001,0.0349116512229568,56
MGLU3,202001,0.0200469233130686,57
MILS3,202001,0.0248208061937464,57
MOAR3,202001,-0.0233316558983673,50
MOVI3,202001,0.013976494377469,57
MRFG3,202001,-0.0024640294151578,58
MRVE3,202001,0.0183901503448427,57
MULT3,202001,0.0235251457734362,57
MYPK3,202001,0.0349798198440081,57
NATU3,202001,-0.00452143163883431,49
NEOE3,202001,0.0336556126152632,57
NTCO3,202001,0.030823283882844,57
ODPV3,202001,0.0341996617158487,56
OFSA3,202001,-0.00310882241387896,55
OIBR3,202001,0.0183426512808436,58
OIBR4,202001,0.0774636183122684,7
OMGE3,202001,0.0347592612309117,57
PARD3,202001,-0.00458907166911014,57
PCAR4,202001,0.0262246870758613,57
PETR3,202001,0.0355199753746413,57
PETR4,202001,0.0154098516491596,57
PFRM3,202001,0.0259708525111575,56
PMAM3,202001,0.0286051812090219,55
PNVL3,202001,0.0359172698739232,56
PNVL4,202001,-0.0146799280272953,55
POMO3,202001,0.0517268650203724,48
POMO4,202001,0.0140187774160766,57
POSI3,202001,0.0373527639645645,56
PPLA11,202001,0.0137658559800629,43
PRIO3,202001,0.0109885930027072,56
PSSA3,202001,0.0220926482243654,57
PTBL3,202001,0.0189476967997531,55
QUAL3,202001,0.0297193361504937,57
RADL3,202001,0.0176797759473471,57
RAIL3,202001,0.0230332227509155,59
RAPT3,202001,-0.00439000398894762,54
RAPT4,202001,0.0246714401348881,56
RDNI3,202001,-0.00145738276761234,55
RENT3,202001,0.0276317284973364,57
RLOG3,202001,0.0126650906103483,57
RNEW11,202001,-0.027532086343607,5
ROMI3,202001,0.0101823813635785,53
RPAD3,202001,-0.00645320771161096,54
RSID3,202001,-0.00916894712433376,53
SANB11,202001,0.00279870110033286,57
SAPR11,202001,0.00430407549331928,57
SAPR3,202001,0.00224289752167125,53
SAPR4,202001,0.0199501734613104,56
SBSP3,202001,0.032042641362916,57
SCAR3,202001,0.0193206653048743,55
SEER3,202001,-0.0027113129808199,58
SGPS3,202001,0.00346450760731211,53
SHOW3,202001,-0.0200942052963497,56
SHUL4,202001,0.0323274422516515,45
SLCE3,202001,-0.00435069707146634,55
SMLS3,202001,0.0346905877369711,57
SMTO3,202001,-0.00231541164024436,57
SQIA3,202001,-0.00568941874538103,55
STBP3,202001,0.00139015237327155,57
SULA11,202001,0.0278681313630316,57
SUZB3,202001,0.0292970457470019,57
TAEE11,202001,0.0281065532583811,57
TASA4,202001,0.000490286101747871,56
TCSA3,202001,0.0171615931876082,57
TECN3,202001,-0.0158708250366692,54
TEND3,202001,0.0180700678466523,57
TESA3,202001,0.0398824550165893,55
TGMA3,202001,0.0317971731859259,57
TIET11,202001,0.0204695140590737,57
TIET3,202001,-0.054349474384189,40
TIET4,202001,-0.116085516512723,40
TIMP3,202001,0.00189318399761563,57
TOTS3,202001,0.0199009412338081,57
TRIS3,202001,0.0250135702076928,57
TRPL4,202001,0.00818138722423961,55
TUPY3,202001,0.00661262007763756,56
UCAS3,202001,0.0224509962544289,55
UGPA3,202001,0.030278245080607,57
UNIP3,202001,-0.00655359406539411,54
UNIP6,202001,-0.0218785557561546,55
USIM3,202001,0.0056598804915141,56
USIM5,202001,0.0271533836436836,57
VALE3,202001,0.0317831439919725,57
VIVA3,202001,0.0299717852938278,57
VIVT3,202001,0.0435944198378527,56
VIVT4,202001,0.014289492925004,57
VLID3,202001,0.0245176170600787,56
VULC3,202001,-0.00841229179288898,57
VVAR3,202001,0.0246543268157165,57
WEGE3,202001,0.029364211852523,57
WIZS3,202001,0.0314978839279674,56
YDUQ3,202001,0.0250983395351324,57
AALR3,202002,-0.0956906409798787,59
ABCB4,202002,-0.0790527671211947,60
ABEV3,202002,-0.0938370134501671,60
AGRO3,202002,-0.065006800852477,58
ALPA3,202002,-0.089085400159057,59
ALPA4,202002,-0.083831816035548,60
ALSO3,202002,-0.0977261511245553,60
ALUP11,202002,-0.0976713493917482,60
AMAR3,202002,-0.109563140217745,59
ANIM3,202002,-0.0966355834666547,60
APER3,202002,-0.060000175770012,57
ARZZ3,202002,-0.0794486028737228,60
AZEV4,202002,-0.0689606405917298,54
AZUL4,202002,-0.0928758348906198,60
B3SA3,202002,-0.0907242015577505,60
BBAS3,202002,-0.0961459855712392,60
BBDC3,202002,-0.0943431276074155,60
BBDC4,202002,-0.0965376121105176,60
BBRK3,202002,-0.0930769515723033,60
BBSE3,202002,-0.0987234637385929,60
BBTG11,202002,-0.081840353695098,48
BEEF11,202002,-0.077253214743428,54
BEEF3,202002,-0.0798358793631799,60
BIDI11,202002,-0.0855931204960439,60
BIDI3,202002,-0.0745823020030777,58
BIDI4,202002,-0.0932609529106443,60
BIOM3,202002,-0.0730942175980246,47
BKBR3,202002,-0.0994759329627369,60
BMGB4,202002,-0.096054387457182,60
BPAC11,202002,-0.106772430559716,60
BPAN4,202002,-0.10370107476441,60
BRAP3,202002,-0.104174790592564,60
BRAP4,202002,-0.0909287206366698,60
BRDT3,202002,-0.0910600743352982,60
BRFS3,202002,-0.0795225541467118,60
BRGE3,202002,-0.09920802681398,54
BRIV3,202002,-0.103591963463156,54
BRKM5,202002,-0.0829785663961051,60
BRML3,202002,-0.0774719286099729,60
BRPR3,202002,-0.0968956477867776,60
BRSR3,202002,-0.0914658748095579,52
BRSR6,202002,-0.0913613870769595,60
BSEV3,202002,-0.0953302853487982,53
BTOW3,202002,-0.0965111491732967,60
CAML3,202002,-0.0838983179365533,60
CARD3,202002,-0.0374772462843084,52
CCPR3,202002,-0.0906634815916443,60
CCRO3,202002,-0.0872676005058111,60
CEAB3,202002,-0.100934865254788,59
CEEB3,202002,0.0066612951640678,5
CEED3,202002,0.00575219780814998,5
CEED4,202002,0.00575219780814998,5
CEPE3,202002,0.00479349817345832,6
CEPE5,202002,0.00900543255861208,5
CESP3,202002,-0.077979199550648,57
CESP6,202002,-0.0823956658876261,60
CGAS3,202002,-0.0676879387328283,45
CGAS5,202002,-0.0666185197034538,54
CGRA4,202002,-0.110561303436025,59
CIEL3,202002,-0.0893827850517954,60
CLSC4,202002,-0.118874840269537,53
CMIG3,202002,-0.103526981933063,60
CMIG4,202002,-0.0836509271406802,60
CNTO3,202002,-0.0820308220709886,60
COCE5,202002,-0.0975276856484037,59
COGN3,202002,-0.0943225424592274,60
CPFE3,202002,-0.0897272208878924,60
CPLE3,202002,-0.0988560342611466,59
CPLE6,202002,-0.0786091922911946,59
CPRE3,202002,-0.067862330578296,58
CRDE3,202002,-0.0917298034703059,55
CRFB3,202002,-0.0882504899480075,60
CRIV3,202002,-0.10381413587178,54
CRPG5,202002,-0.108419953936012,53
CRPG6,202002,-0.110550956839323,53
CSAN3,202002,-0.0793552728624489,60
CSMG3,202002,-0.09101355699966,59
CSNA3,202002,-0.0754380578036753,60
CSRN3,202002,-0.00860677655082438,5
CSRN5,202002,0.00479354459089352,7
CTNM4,202002,-0.102608403064158,54
CVCB3,202002,-0.0797211414811102,60
CYRE3,202002,-0.0978667449754766,60
DIRR3,202002,-0.105341902329965,59
DMMO11,202002,-0.0806618307128692,29
DMMO3,202002,-0.107244010943308,58
DTEX3,202002,-0.0986683487434581,60
ECOR3,202002,-0.0968059092141378,60
EGIE3,202002,-0.0944726982705387,60
ELET3,202002,-0.0856071698064742,60
ELET6,202002,-0.0822719883115557,60
EMBR3,202002,-0.102463093117874,60
ENAT3,202002,-0.0775029459623304,60
ENBR3,202002,-0.0886487810915839,60
ENEV3,202002,-0.0880451667295582,60
ENGI11,202002,-0.105087164939558,60
ENGI4,202002,-0.0726660479548966,69
EQPA3,202002,-0.0641665471563968,53
EQTL3,202002,-0.0917052682294305,60
ETER3,202002,-0.0966057358857454,53
EUCA4,202002,-0.0821609925590346,60
EVEN3,202002,-0.0913256748221924,60
EZTC3,202002,-0.0828904971203266,60
FESA4,202002,-0.103029350858829,59
FHER3,202002,-0.103045355172191,59
FLRY3,202002,-0.0901137227463955,60
FRAS3,202002,-0.044603974558019,58
GFSA3,202002,-0.06885008313504,59
GGBR3,202002,-0.0829417027360054,60
GGBR4,202002,-0.0889463548996468,60
GNDI3,202002,-0.0806693165900926,60
GOAU3,202002,-0.0844270988880663,60
GOAU4,202002,-0.0944967478087962,60
GOLL4,202002,-0.0983715952045949,60
GPCP3,202002,-0.0871539317459956,55
GRND3,202002,-0.102833803017011,60
GUAR3,202002,-0.100090203340111,60
HAPV3,202002,-0.0801027269432878,60
HBOR3,202002,-0.0971281844316734,60
HGTX3,202002,-0.0976100012378116,60
HYPE3,202002,-0.0900891121741455,60
IDNT3,202002,-0.0952114117112547,58
IDVL3,202002,-0.100332172851212,53
IGTA3,202002,-0.105766125841879,60
IRBR3,202002,-0.0919752529170101,60
ITSA3,202002,-0.0921604991725832,56
ITSA4,202002,-0.0966203327404106,60
ITUB3,202002,-0.0891840303707624,60
ITUB4,202002,-0.102500957458212,60
JBSS3,202002,-0.0982005710940079,60
JHSF3,202002,-0.103221447903536,59
JOPA3,202002,-0.101696143902113,54
JPSA3,202002,-0.0887308855407064,60
JSLG3,202002,-0.103743756940902,59
KEPL3,202002,-0.0676182737194336,53
KLBN11,202002,-0.0892076285060263,60
KLBN3,202002,-0.0450945221433236,42
KLBN4,202002,-0.056560555018195,53
KROT11,202002,-0.107142399762796,52
LAME3,202002,-0.096665816016451,60
LAME4,202002,-0.0825999278206871,60
LCAM3,202002,-0.0947354682286066,60
LEVE3,202002,-0.10059008089568,59
LIGT3,202002,-0.0919042720709189,60
LINX3,202002,-0.096445686447205,59
LLIS3,202002,-0.0990194406186279,59
LOGG3,202002,-0.0889425985040983,60
LOGN3,202002,-0.0953968119161112,59
LPSB3,202002,-0.0844674374904805,59
LREN3,202002,-0.0985015892086933,60
LWSA3,202002,-0.0954537290049256,60
MDIA3,202002,-0.0839180562735541,60
MDNE3,202002,-0.103903623790905,60
MEAL3,202002,-0.0964531782345277,59
MGLU3,202002,-0.0857163074307999,60
MILS3,202002,-0.0974180389311922,60
MMXM3,202002,-0.101130095475582,53
MOAR3,202002,-0.0465206048195868,39
MOVI3,202002,-0.098954687801901,60
MRFG3,202002,-0.0862528171741625,60
MRVE3,202002,-0.09786728536872,60
MTRE3,202002,-0.0909910906619647,60
MULT3,202002,-0.0858020668177847,60
MYPK3,202002,-0.0955338260561541,60
NATU3,202002,-0.0797240034723906,48
NEOE3,202002,-0.0953367911505903,60
NTCO3,202002,-0.0921329552793422,60
ODPV3,202002,-0.0996528759048456,59
OFSA3,202002,-0.0949467333888678,55
OIBR3,202002,-0.0865247480100982,61
OIBR4,202002,0.0101966422525944,5
OMGE3,202002,-0.0904040334756833,60
PARD3,202002,-0.0910338447115793,60
PCAR4,202002,-0.08288877762751,60
PDGR3,202002,-0.0926655499978021,53
PETR3,202002,-0.0993713667887871,60
PETR4,202002,-0.0935331986998815,60
PFRM3,202002,-0.101812135214306,53
PINE4,202002,-0.101035335830759,53
PMAM3,202002,-0.0998390782392682,59
PNVL3,202002,-0.077102274497443,55
PNVL4,202002,-0.0879957101295369,59
POMO3,202002,-0.0643670607984967,47
POMO4,202002,-0.109775565375148,60
POSI3,202002,-0.097123246755064,59
PPLA11,202002,-0.100911407695043,59
PRIO3,202002,-0.0757864360729843,59
PRNR3,202002,-0.079811647542538,59
PSSA3,202002,-0.096643740748676,60
PTBL3,202002,-0.1014757718697,59
QUAL3,202002,-0.094802502268547,60
RADL3,202002,-0.0935967528565049,60
RAIL3,202002,-0.0875812202831381,60
RANI3,202002,-0.0854600063042476,53
RAPT3,202002,-0.102378088915022,54
RAPT4,202002,-0.0982326549308721,59
RDNI3,202002,-0.0992925197593228,59
RENT3,202002,-0.0929340553357526,60
RLOG3,202002,-0.0928212840340538,60
ROMI3,202002,-0.0133052418692347,58
RPAD3,202002,-0.105874892844972,54
RSID3,202002,-0.0791279697257045,58
SANB11,202002,-0.0804804502438803,60
SANB4,202002,-0.106710711422875,53
SAPR11,202002,-0.0871614280548481,60
SAPR3,202002,-0.0625913748332541,58
SAPR4,202002,-0.0834672709559898,59
SBSP3,202002,-0.100090456321286,60
SCAR3,202002,-0.104504984971719,59
SEER3,202002,-0.0877603714575494,60
SGPS3,202002,-0.059461505484339,53
SHOW3,202002,-0.0903222435613629,59
SHUL4,202002,-0.0971829483966531,58
SLCE3,202002,-0.108952697138759,59
SMLE3,202002,-0.078579334841618,48
SMLS3,202002,-0.0941829349963829,60
SMTO3,202002,-0.0852965448012741,60
SQIA3,202002,-0.0996958551531446,59
STBP3,202002,-0.0840227447244632,60
SULA11,202002,-0.0889250612379772,60
SUZB3,202002,-0.094994123763291,60
TAEE11,202002,-0.0922017770679458,60
TASA4,202002,-0.079841557484305,59
TCSA3,202002,-0.0839464764330956,60
TECN3,202002,-0.058067918809808,58
TELB3,202002,-0.0951922848355805,53
TEND3,202002,-0.0854270357253285,60
TESA3,202002,-0.093082130775783,59
TGMA3,202002,-0.096294262802579,60
TIET11,202002,-0.097278406137916,60
TIET3,202002,-0.0479667849296837,39
TIET4,202002,-0.0468555855387892,39
TIMP3,202002,-0.0950022218927248,60
TOTS3,202002,-0.103884900289829,60
TPIS3,202002,-0.102441480355759,53
TRIS3,202002,-0.103091836611808,60
TRPL4,202002,-0.103206482568668,59
TUPY3,202002,-0.0908573161057913,59
UCAS3,202002,-0.103527075078518,58
UGPA3,202002,-0.0914378436805881,60
UNIP3,202002,-0.099108859131593,54
UNIP6,202002,-0.0656495908504468,59
USIM3,202002,-0.0996602644759809,60
USIM5,202002,-0.0957519502111761,60
VALE3,202002,-0.0886842421684718,60
VIVA3,202002,-0.0965259624455911,60
VIVT3,202002,-0.0927596703454383,60
VIVT4,202002,-0.0817618221324957,60
VLID3,202002,-0.0730080295755273,59
VULC3,202002,-0.0992254218755533,59
VVAR3,202002,-0.0975002680754318,60
WEGE3,202002,-0.101264115449804,60
WHRL4,202002,-0.103897234271397,53
WIZS3,202002,-0.0960571311350044,59
YDUQ3,202002,-0.104199627870803,60
AALR3,202003,-0.355190459864291,57
ABCB4,202003,-0.359483698676351,58
ABEV3,202003,-0.361502221031298,58
AGRO3,202003,-0.45004069549088,54
ALPA3,202003,-0.296401044498307,55
ALPA4,202003,-0.345682178169468,58
ALSO3,202003,-0.353870290273343,58
ALUP11,202003,-0.338325460512364,58
AMAR3,202003,-0.352125855298347,58
ANIM3,202003,-0.34038548523393,58
APER3,202003,-0.360892951334966,57
ARZZ3,202003,-0.361600170143938,58
AZEV4,202003,-0.298093598582245,56
AZUL4,202003,-0.348010406246002,58
B3SA3,202003,-0.319750205207959,58
BBAS3,202003,-0.340782438373166,58
BBDC3,202003,-0.343032223354608,58
BBDC4,202003,-0.348397868234557,58
BBRK3,202003,-0.357221898706603,57
BBSE3,202003,-0.347256432928132,58
BBTG11,202003,-0.247011946642934,47
BEEF11,202003,-0.3324769999811,56
BEEF3,202003,-0.345947072184468,58
BIDI11,202003,-0.365780237017716,57
BIDI3,202003,-0.368624998657705,53
BIDI4,202003,-0.362599304318572,57
BKBR3,202003,-0.3619877964699,58
BMGB4,202003,-0.357759977753689,57
BOBR4,202003,-0.316725436424666,48
BPAC11,202003,-0.352852407684707,58
BPAN4,202003,-0.367536227105429,58
BRAP3,202003,-0.349972055143037,57
BRAP4,202003,-0.306842065852743,58
BRDT3,202003,-0.343111867983756,58
BRFS3,202003,-0.312805179283856,58
BRGE3,202003,-0.291417581118858,57
BRIV3,202003,-0.305412440838269,57
BRKM5,202003,-0.314626080131585,58
BRML3,202003,-0.340672980744999,58
BRPR3,202003,-0.345304992312884,58
BRSR3,202003,-0.29173705079079,52
BRSR6,202003,-0.300273214284509,58
BTOW3,202003,-0.354714987879719,58
CAML3,202003,-0.37823975265707,57
CARD3,202003,-0.294545650093937,52
CCPR3,202003,-0.309832211889863,57
CCRO3,202003,-0.313430752810826,58
CEAB3,202003,-0.357678951918892,57
CEEB3,202003,-0.0981160624221206,5
CEED3,202003,-0.120262162958593,5
CEED4,202003,-0.120262162958593,5
CEPE3,202003,-0.100218469132161,6
CEPE5,202003,-0.10898820579963,5
CESP3,202003,-0.332268794472043,52
CESP6,202003,-0.324218199180888,58
CGAS3,202003,-0.382068706373707,43
CGAS5,202003,-0.37958374386589,51
CGRA4,202003,-0.335810219410523,57
CIEL3,202003,-0.352732389840301,58
CLSC4,202003,-0.373042456723934,51
CMIG3,202003,-0.309245896895131,58
CMIG4,202003,-0.308977119540644,58
CNTO3,202003,-0.346556160210769,57
COCE5,202003,-0.362674006172449,56
COGN3,202003,-0.338031154885058,58
CPFE3,202003,-0.355496759419546,58
CPLE3,202003,-0.360675949599441,57
CPLE6,202003,-0.34373157507076,58
CPRE3,202003,-0.330842228824325,55
CRDE3,202003,-0.306710580667981,55
CRFB3,202003,-0.326462447096891,58
CRIV3,202003,-0.299148224578833,57
CSAN3,202003,-0.352296905124887,58
CSMG3,202003,-0.307356181341588,58
CSNA3,202003,-0.325459405304495,58
CSRN3,202003,-0.0925109667863438,5
CSRN5,202003,-0.0925109667863438,5
CTNM4,202003,-0.288988188771585,57
CVCB3,202003,-0.358575612488333,58
CYRE3,202003,-0.346742871207834,58
DIRR3,202003,-0.368822565803131,57
DMMO11,202003,-0.355978181607188,30
DMMO3,202003,-0.347090536281951,55
DTEX3,202003,-0.33460146271622,57
ECOR3,202003,-0.359669276988093,58
EGIE3,202003,-0.332993508974555,58
ELET3,202003,-0.324494557986967,58
ELET6,202003,-0.305676840101932,58
EMAE4,202003,-0.37041964224678,51
EMBR3,202003,-0.336482121071735,58
ENAT3,202003,-0.297194818688547,58
ENBR3,202003,-0.310880427894715,58
ENEV3,202003,-0.359101323729726,58
ENGI11,202003,-0.367557806427465,57
ENGI4,202003,-0.348504590386952,53
EQPA3,202003,-0.316489199202908,53
EQTL3,202003,-0.35543355689388,58
EUCA4,202003,-0.360276563282757,57
EVEN3,202003,-0.330257812737642,58
EZTC3,202003,-0.361521515788083,58
FESA4,202003,-0.370052897112697,54
FHER3,202003,-0.368963884612439,55
FLRY3,202003,-0.352528960503817,58
FRAS3,202003,-0.31732208359645,54
GFSA3,202003,-0.311602346490674,57
GGBR3,202003,-0.291576593340101,55
GGBR4,202003,-0.324731353251322,58
GNDI3,202003,-0.330460152277216,58
GOAU3,202003,-0.305628148992718,57
GOAU4,202003,-0.314779862749893,58
GOLL4,202003,-0.346064185531243,58
GRND3,202003,-0.367507977478398,57
GUAR3,202003,-0.359568321047034,58
HAPV3,202003,-0.312106267152004,58
HBOR3,202003,-0.361169833791475,57
HGTX3,202003,-0.35706568636576,58
HYPE3,202003,-0.307724849776129,58
IDNT3,202003,-0.360957501843895,56
IGTA3,202003,-0.367670109605068,58
IMCH3,202003,-0.324418682331531,29
IRBR3,202003,-0.343563645379083,58
ITSA3,202003,-0.298059698489203,57
ITSA4,202003,-0.339660037176861,58
ITUB3,202003,-0.339144348234034,57
ITUB4,202003,-0.346542291037909,58
JBSS3,202003,-0.352474639519427,58
JHSF3,202003,-0.383229381833284,58
JOPA3,202003,-0.314652737478931,57
JPSA3,202003,-0.321808314422071,58
JSLG3,202003,-0.351682928229335,58
KEPL3,202003,-0.356811188992071,56
KLBN11,202003,-0.309498229160767,58
KLBN3,202003,-0.229891751482909,24
KLBN4,202003,-0.21993606381078,24
KROT11,202003,-0.35617351107433,56
LAME3,202003,-0.356536121225327,58
LAME4,202003,-0.322845100403305,58
LCAM3,202003,-0.352755933985816,57
LEVE3,202003,-0.348458671449823,57
LIGT3,202003,-0.330569541032845,58
LINX3,202003,-0.358663231616939,58
LLIS3,202003,-0.340595576922804,57
LOGG3,202003,-0.349410459062034,58
LOGN3,202003,-0.361848620057519,58
LPSB3,202003,-0.327476454252873,57
LREN3,202003,-0.313321003841147,58
LWSA3,202003,-0.362642606477233,58
MDIA3,202003,-0.32894227490853,58
MDNE3,202003,-0.348411432441196,58
MEAL3,202003,-0.352133767270857,57
MGLU3,202003,-0.312483369582025,58
MILS3,202003,-0.333329381281219,58
MOAR3,202003,-0.298780691405968,49
MOVI3,202003,-0.351636211038961,57
MRFG3,202003,-0.355729936828696,58
MRVE3,202003,-0.328017325606512,58
MTRE3,202003,-0.329829955492956,57
MULT3,202003,-0.338991768073328,58
MYPK3,202003,-0.35745495097853,57
NATU3,202003,-0.347667789066259,47
NEOE3,202003,-0.356886997376728,58
NTCO3,202003,-0.347484894820592,58
ODPV3,202003,-0.364892680439447,57
OFSA3,202003,-0.316574107410171,57
OIBR3,202003,-0.34904966687688,59
OIBR4,202003,-0.0611712538676836,5
OMGE3,202003,-0.304461559508324,57
PARD3,202003,-0.297857542064829,58
PCAR3,202003,-0.346551897490481,58
PCAR4,202003,-0.359249084517576,51
PETR3,202003,-0.326175451493904,58
PETR4,202003,-0.341180866200209,58
PFRM3,202003,-0.371235576726661,51
PMAM3,202003,-0.358014187126331,51
PNVL3,202003,-0.363761263047473,54
PNVL4,202003,-0.319178352848521,57
POMO3,202003,-0.358566427364458,53
POMO4,202003,-0.332394724782358,57
POSI3,202003,-0.359958078397484,57
PPLA11,202003,-0.364349599653806,51
PRIO3,202003,-0.345959036195402,57
PRNR3,202003,-0.342448434560274,57
PSSA3,202003,-0.322258295974444,57
PTBL3,202003,-0.351536118249175,51
QUAL3,202003,-0.360309010049605,58
RADL3,202003,-0.318152789781372,58
RAIL3,202003,-0.30222850698657,58
RANI3,202003,-0.316369979044191,53
RAPT3,202003,-0.286230332497451,57
RAPT4,202003,-0.332353649435301,58
RDNI3,202003,-0.289495758946665,57
RENT3,202003,-0.320220563915974,58
RLOG3,202003,-0.324744998932296,57
ROMI3,202003,-0.358375183294117,55
RPAD3,202003,-0.30347295648749,57
RSID3,202003,-0.31114685145033,54
SANB11,202003,-0.316906605550053,58
SAPR11,202003,-0.357513048005555,58
SAPR3,202003,-0.302077081373247,54
SAPR4,202003,-0.358646267123726,58
SBSP3,202003,-0.348344531376247,58
SCAR3,202003,-0.37401056650779,57
SEER3,202003,-0.352867308546113,58
SGPS3,202003,-0.350374338114374,56
SHOW3,202003,-0.28698787057744,55
SHUL4,202003,-0.390500716401494,55
SLCE3,202003,-0.329152927270269,57
SMLE3,202003,-0.347665256348513,47
SMLS3,202003,-0.356341019869401,58
SMTO3,202003,-0.328679750212083,58
SQIA3,202003,-0.358302887316613,57
STBP3,202003,-0.343992725244637,58
SULA11,202003,-0.358217505459289,58
SUZB3,202003,-0.339127008390185,58
TAEE11,202003,-0.30472776981738,58
TASA4,202003,-0.320242740869973,57
TCSA3,202003,-0.350102385979783,58
TECN3,202003,-0.356198707118543,56
TEND3,202003,-0.353086686996309,57
TESA3,202003,-0.388606800065776,57
TGMA3,202003,-0.359511082876657,58
TIET11,202003,-0.340753609125329,57
TIET3,202003,-0.287312027308374,53
TIET4,202003,-0.309671123326118,54
TIMP3,202003,-0.322242303278639,58
TOTS3,202003,-0.355055399323627,58
TPIS3,202003,-0.360258564384669,51
TRIS3,202003,-0.366793651001249,58
TRPL4,202003,-0.324207129267843,57
TUPY3,202003,-0.368262009143948,58
UCAS3,202003,-0.365168345737706,56
UGPA3,202003,-0.356298666026991,58
UNIP3,202003,-0.305861449221443,57
UNIP6,202003,-0.350317830843788,57
USIM3,202003,-0.347596658404114,55
USIM5,202003,-0.343143745847233,58
VALE3,202003,-0.330339436043875,58
VIVA3,202003,-0.361000246150016,57
VIVT3,202003,-0.323453258410372,58
VIVT4,202003,-0.307515269221255,58
VLID3,202003,-0.325325720690347,57
VULC3,202003,-0.335704874563483,57
VVAR3,202003,-0.340753493293984,58
WEGE3,202003,-0.348872049884184,58
WHRL4,202003,-0.375330131250921,51
WIZS3,202003,-0.358685490212908,57
YDUQ3,202003,-0.336091376184711,58
AALR3,202004,0.135518263216791,56
ABCB4,202004,0.123327462702398,56
ABEV3,202004,0.141116868038128,57
AGRO3,202004,0.128294404383478,56
ALPA3,202004,0.076178746908342,54
ALPA4,202004,0.120875305424862,56
ALSO3,202004,0.139854033242861,57
ALUP11,202004,0.100328087024988,56
AMAR3,202004,0.107032722821379,56
ANIM3,202004,0.113105816598231,56
APER3,202004,0.149452034526411,56
ARZZ3,202004,0.129857968491742,56
AZEV4,202004,0.0972974953818807,56
AZUL4,202004,0.138842683940025,57
B3SA3,202004,0.14237890098575,57
BBAS3,202004,0.143237135858855,57
BBDC3,202004,0.142733323574008,57
BBDC4,202004,0.144906053961478,57
BBRK3,202004,0.134232858292258,56
BBSE3,202004,0.138449583892818,57
BBTG11,202004,0.220733505630646,48
BEEF11,202004,0.122070557885784,56
BEEF3,202004,0.125519941591333,57
BIDI11,202004,0.111117375145568,56
BIDI3,202004,0.132244296181402,53
BIDI4,202004,0.182920584923612,57
BKBR3,202004,0.136302690077885,57
BMGB4,202004,0.101476633789373,56
BPAC11,202004,0.137274801560927,57
BPAN4,202004,0.108640759103795,56
BRAP3,202004,0.11069535237394,56
BRAP4,202004,0.149289474980218,57
BRDT3,202004,0.147921864800444,57
BRFS3,202004,0.117916028073877,57
BRGE3,202004,0.0915434882884242,56
BRIV3,202004,0.107630193308314,56
BRKM5,202004,0.134888055553024,57
BRML3,202004,0.108613840781321,57
BRPR3,202004,0.129367246222264,57
BRSR3,202004,0.0952643863478044,52
BRSR6,202004,0.102444926735046,56
BTOW3,202004,0.130962730487656,57
CAML3,202004,0.118026016482402,56
CARD3,202004,0.0818442213871549,52
CCPR3,202004,0.103172351358029,56
CCRO3,202004,0.133571931566076,57
CEAB3,202004,0.130878120430482,56
CEEB3,202004,0.0182624897545206,5
CEED3,202004,0.0185834090202838,5
CEED4,202004,0.0185834090202838,5
CEPE3,202004,0.0148660553827758,5
CEPE5,202004,0.0148667384935373,6
CESP3,202004,0.112607760556361,52
CESP6,202004,0.136434141724332,56
CGAS3,202004,0.128001299015067,44
CGAS5,202004,0.192906123183506,50
CGRA4,202004,0.111699412216354,56
CIEL3,202004,0.136277662414108,57
CLSC4,202004,0.197024062031202,50
CMIG3,202004,0.118819508346687,57
CMIG4,202004,0.131582244414218,57
CNTO3,202004,0.135516461652202,56
COCE5,202004,0.104169870019506,55
COGN3,202004,0.140421520795502,57
CPFE3,202004,0.113913761231722,57
CPLE3,202004,0.140702636930771,56
CPLE6,202004,0.131680575063042,57
CPRE3,202004,0.121464852991631,54
CRDE3,202004,0.110370971997404,54
CRFB3,202004,0.127710527162058,57
CRIV3,202004,0.10030077027815,56
CSAN3,202004,0.139193802603146,57
CSMG3,202004,0.144041822936184,57
CSNA3,202004,0.109229283511526,57
CSRN3,202004,0.0191389624687288,5
CSRN5,202004,0.0148667384935373,6
CTNM4,202004,0.104765537251259,56
CVCB3,202004,0.104647992744352,57
CYRE3,202004,0.137306138085648,57
DIRR3,202004,0.103350765728145,56
DMMO11,202004,0.126342541260514,37
DMMO3,202004,0.105044973505054,56
DTEX3,202004,0.120822821251834,56
ECOR3,202004,0.136857562860233,57
EGIE3,202004,0.129923323710726,57
ELET3,202004,0.142249032973388,57
ELET6,202004,0.139632505465836,57
EMBR3,202004,0.142210049560538,57
ENAT3,202004,0.0941808543804721,56
ENBR3,202004,0.146887551515588,57
ENEV3,202004,0.149262277935948,56
ENGI11,202004,0.121645187273555,57
ENGI4,202004,0.0570817934941236,53
EQPA3,202004,0.0748010613653482,52
EQTL3,202004,0.138093116038405,57
EUCA4,202004,0.128702692130742,56
EVEN3,202004,0.111570742976638,56
EZTC3,202004,0.133821651995391,56
FESA4,202004,0.163456292180201,55
FLRY3,202004,0.140554314684056,57
FRAS3,202004,0.131506878590091,53
GFSA3,202004,0.159808686562938,56
GGBR3,202004,0.074569251221425,55
GGBR4,202004,0.140945686671604,57
GNDI3,202004,0.141487262107615,57
GOAU3,202004,0.095956809004576,56
GOAU4,202004,0.122569853757516,57
GOLL4,202004,0.138610478953388,57
GRND3,202004,0.107809190908183,57
GUAR3,202004,0.135973578316167,57
HAPV3,202004,0.144635568152569,57
HBOR3,202004,0.105568726139874,56
HGTX3,202004,0.110174358850599,57
HYPE3,202004,0.0946030305597129,57
IDNT3,202004,0.133255116444925,56
IGTA3,202004,0.131165903130825,57
IRBR3,202004,0.129136621085532,57
ITSA3,202004,0.0860897183304086,56
ITSA4,202004,0.143767956712339,57
ITUB3,202004,0.151483679513935,57
ITUB4,202004,0.142034811331607,57
JBSS3,202004,0.135604099016225,57
JHSF3,202004,0.128061575545001,56
JOPA3,202004,0.105526947732898,56
JPSA3,202004,0.122410654667688,57
JSLG3,202004,0.118460726528493,57
KEPL3,202004,0.111389987497971,55
KLBN11,202004,0.118243759333153,57
KLBN3,202004,0.0722647344091689,25
KLBN4,202004,0.0821907455315058,25
KROT11,202004,0.103954180721886,55
LAME3,202004,0.131840106726152,57
LAME4,202004,0.130743124832826,57
LCAM3,202004,0.132692195675379,56
LEVE3,202004,0.111152320150002,56
LIGT3,202004,0.120130067505249,56
LINX3,202004,0.132756007492875,56
LLIS3,202004,0.100203520222985,54
LOGG3,202004,0.110557729855885,56
LOGN3,202004,0.139694130985772,56
LPSB3,202004,0.0993056047344799,56
LREN3,202004,0.141112938357285,57
LWSA3,202004,0.142784876507804,56
MDIA3,202004,0.105233588658276,56
MDNE3,202004,0.12618307642682,56
MEAL3,202004,0.138911063207894,56
MGLU3,202004,0.145271503036868,57
MILS3,202004,0.1008167514211,56
MOAR3,202004,0.075707339862415,49
MOVI3,202004,0.11077235608306,57
MRFG3,202004,0.137897271128276,57
MRVE3,202004,0.12498361969696,57
MTRE3,202004,0.109288777771497,57
MULT3,202004,0.160678917902529,57
MYPK3,202004,0.135781019529334,56
NATU3,202004,0.128007753305355,49
NEOE3,202004,0.142985010100437,57
NTCO3,202004,0.127718224248999,57
ODPV3,202004,0.141615191137597,56
OFSA3,202004,0.101304822613067,56
OIBR3,202004,0.131570896190431,57
OIBR4,202004,-0.000233723910917427,5
OMGE3,202004,0.0881921124528381,56
PARD3,202004,0.0988112017428433,56
PCAR3,202004,0.155538161569363,57
PETR3,202004,0.136350833673415,57
PETR4,202004,0.124378270859563,57
PFRM3,202004,0.180144125318231,50
PMAM3,202004,0.183567003378129,50
PNVL3,202004,0.137131940824968,54
PNVL4,202004,0.0986576715290702,56
POMO3,202004,0.146851962891686,52
POMO4,202004,0.148298093780164,56
POSI3,202004,0.132373480452438,56
PPLA11,202004,0.116158112785473,51
PRIO3,202004,0.115554173168489,56
PRNR3,202004,0.116767168007788,56
PSSA3,202004,0.122555574204756,56
PTBL3,202004,0.165042400542298,56
QUAL3,202004,0.137447148324363,57
RADL3,202004,0.145739524192616,57
RAIL3,202004,0.124668362446554,57
RANI3,202004,0.13168035832984,53
RAPT3,202004,0.0826953248585735,56
RAPT4,202004,0.116053595127832,56
RDNI3,202004,0.100897817457946,56
RENT3,202004,0.141814612806477,57
RLOG3,202004,0.119390392820408,56
RPAD3,202004,0.109177981578145,56
SANB11,202004,0.112162317283661,57
SAPR11,202004,0.138327728648802,57
SAPR3,202004,0.111953647733253,54
SAPR4,202004,0.171489603140398,57
SBSP3,202004,0.148244114283849,57
SCAR3,202004,0.107496348102766,56
SEER3,202004,0.110653904268318,56
SGPS3,202004,0.170423665841106,55
SHOW3,202004,0.0955883560742151,54
SHUL4,202004,0.138980733687538,54
SLCE3,202004,0.101573072657439,56
SMLE3,202004,0.125536194997182,28
SMLS3,202004,0.141230865189724,57
SMTO3,202004,0.13151528447679,56
SQIA3,202004,0.112162414052265,56
STBP3,202004,0.163258133547793,56
SULA11,202004,0.11078946714204,57
SUZB3,202004,0.1458927742344,57
TAEE11,202004,0.125169147561466,57
TASA4,202004,0.179917483137206,52
TCSA3,202004,0.117770920250793,56
TECN3,202004,0.141954125794548,56
TEND3,202004,0.100015970894265,56
TESA3,202004,0.233091892794605,56
TGMA3,202004,0.140450323499331,56
TIET11,202004,0.143619331705196,56
TIET3,202004,0.0798779018679188,54
TIET4,202004,0.0768493918596464,54
TIMP3,202004,0.144893867563063,57
TOTS3,202004,0.11829119896428,57
TPIS3,202004,0.176948053411922,50
TRIS3,202004,0.15205282554551,56
TRPL4,202004,0.0982789932928163,56
TUPY3,202004,0.142283364767608,56
UCAS3,202004,0.179057982936539,50
UGPA3,202004,0.143407233762403,57
UNIP3,202004,0.106007421415985,56
UNIP6,202004,0.154940476882495,57
USIM3,202004,0.0916532610853187,55
USIM5,202004,0.143718307828619,57
VALE3,202004,0.144217801607869,57
VIVA3,202004,0.141234970161125,57
VIVT3,202004,0.12606681799197,57
VIVT4,202004,0.131755407012328,57
VLID3,202004,0.135674832503328,56
VULC3,202004,0.124464042204888,56
VVAR3,202004,0.148137932212359,57
WEGE3,202004,0.137790689010718,57
WIZS3,202004,0.138816808657063,56
YDUQ3,202004,0.131634707369612,57
AALR3,202005,0.0517328650982795,57
ABCB4,202005,0.0333269544819779,57
ABEV3,202005,0.0681163525716438,57
AGRO3,202005,0.088795263895777,55
ALPA3,202005,0.0440473220223181,55
ALPA4,202005,0.0588729741288996,57
ALPK3,202005,0.0268052642260436,57
ALSO3,202005,0.0483310815287959,57
ALUP11,202005,0.0541619554365586,57
ALUP3,202005,0.0185300955226338,54
AMAR3,202005,0.0227221187358024,57
ANIM3,202005,0.0581521090898112,57
APER3,202005,0.0281460652310184,57
ARZZ3,202005,0.0374645901337954,57
AZEV4,202005,0.0713673893781793,56
AZUL4,202005,0.0562801698903736,57
B3SA3,202005,0.0699733984900112,57
BBAS3,202005,0.0608292338650468,57
BBDC3,202005,0.0627790627710743,57
BBDC4,202005,0.0604061144268731,57
BBRK3,202005,0.0545397415446689,57
BBSE3,202005,0.0500376642331362,57
BBTG11,202005,0.04408489671394,48
BEEF11,202005,0.0612291805951136,55
BEEF3,202005,0.0546767468114948,57
BIDI11,202005,0.0307055570737125,57
BIDI3,202005,0.0449730289111727,55
BIDI4,202005,0.0496917577087321,57
BKBR3,202005,0.0428269302578251,57
BMGB4,202005,0.0379682312976499,57
BPAC11,202005,0.0520449426250365,57
BPAN4,202005,0.02440557681104,57
BRAP3,202005,0.0292274984081643,57
BRAP4,202005,0.0684945741659446,57
BRDT3,202005,0.0596490769981245,57
BRFS3,202005,0.0691013502581339,57
BRGE3,202005,-0.000343124634497447,57
BRIV3,202005,0.00884493867722184,57
BRKM5,202005,0.0497808324436209,57
BRML3,202005,0.0357443457773873,57
BRPR3,202005,0.0295594336820465,57
BRSR3,202005,0.00997920995242903,54
BRSR6,202005,0.0562028598317869,57
BTOW3,202005,0.0561062247310566,57
CAML3,202005,0.0668071132470796,57
CARD3,202005,0.0756522203019899,55
CCPR3,202005,0.0112406753973459,57
CCRO3,202005,0.0600001958882014,57
CEAB3,202005,0.0443619421613691,57
CEEB3,202005,0.0149780194868923,5
CEED3,202005,0.020106156637355,5
CEED4,202005,0.020106156637355,5
CEPE3,202005,0.0160849301213563,6
CEPE5,202005,0.0160849301213563,6
CESP3,202005,0.0647066484217102,54
CESP6,202005,0.0701574792796205,57
CGAS3,202005,0.0410032244707597,44
CGAS5,202005,0.0254119177500517,49
CGRA4,202005,0.0190197619957724,57
CIEL3,202005,0.0460740073131724,57
CLSC4,202005,0.00977586178413258,56
CMIG3,202005,0.0600174210693827,57
CMIG4,202005,0.0650373721803959,57
CNTO3,202005,0.0511354273395019,57
COCE5,202005,0.0279224620925334,56
COGN3,202005,0.0601045776497302,57
CPFE3,202005,0.0683495758193725,57
CPLE3,202005,0.0485708109441124,57
CPLE6,202005,0.0521331165194561,57
CPRE3,202005,0.0794327526209511,55
CRDE3,202005,0.0474570011639212,55
CRFB3,202005,0.0513055499990381,57
CRIV3,202005,0.0120238215083686,57
CSAN3,202005,0.0714315880585124,57
CSMG3,202005,0.057492791786462,57
CSNA3,202005,0.073924532186796,57
CSRN3,202005,0.0301284133625065,5
CSRN5,202005,0.0160846984843439,5
CTNM4,202005,0.00925634302584772,57
CVCB3,202005,0.0303561768629361,57
CYRE3,202005,0.0388167085393501,57
DIRR3,202005,0.0619064037380566,57
DMMO11,202005,0.0922761612551503,36
DMMO3,202005,0.0465371429546665,57
DTEX3,202005,0.0454929313770715,57
ECOR3,202005,0.046177137131432,57
EGIE3,202005,0.0704991209391542,57
ELET3,202005,0.06116923248804,57
ELET6,202005,0.068746167228381,57
EMBR3,202005,0.0478437239726455,57
ENAT3,202005,0.046870294822329,57
ENBR3,202005,0.0623889133039871,57
ENEV3,202005,0.0488984145843971,57
ENGI11,202005,0.0490626026245291,57
ENGI4,202005,0.0434791262178841,55
EQPA3,202005,0.0333786651731061,51
EQTL3,202005,0.0536204336269948,57
EUCA4,202005,0.0279276170051677,57
EVEN3,202005,0.0423204529910804,57
EZTC3,202005,0.0352116553587133,57
FESA4,202005,0.0527532308535621,56
FLRY3,202005,0.0527186105514571,57
FRAS3,202005,0.07432114929318,53
GFSA3,202005,0.0598119800607029,57
GGBR3,202005,0.0392032961017469,57
GGBR4,202005,0.0569213045171171,57
GNDI3,202005,0.0593691370089528,57
GOAU3,202005,0.0470201297673761,57
GOAU4,202005,0.0660444736262936,57
GOLL4,202005,0.0491240015665953,57
GRND3,202005,0.0447143151604637,57
GUAR3,202005,0.0519410569122122,57
HAPV3,202005,0.0798074730899432,57
HBOR3,202005,0.0307179899566348,57
HGTX3,202005,0.0321202305312444,57
HYPE3,202005,0.0452198723224428,57
IDNT3,202005,0.0542612837138675,57
IGTA3,202005,0.0420835789678972,57
IRBR3,202005,0.041830742923903,57
ITSA3,202005,0.0662218531301752,57
ITSA4,202005,0.0669430948615205,57
ITUB3,202005,0.0538777223667774,57
ITUB4,202005,0.0570450082060172,57
JBSS3,202005,0.0588959978783074,57
JHSF3,202005,0.0543821032020152,57
JOPA3,202005,0.0156978271705805,57
JPSA3,202005,0.0376361965441861,57
JSLG3,202005,0.0372203382420335,57
KEPL3,202005,0.0940063763113572,55
KLBN11,202005,0.0476609112280969,57
KLBN3,202005,0.088071590273309,54
KLBN4,202005,0.083037000738088,54
KROT11,202005,0.0372844723676123,54
LAME3,202005,0.0530110473381682,57
LAME4,202005,0.0691082793598169,57
LCAM3,202005,0.039774292271542,57
LEVE3,202005,0.0646432244173227,57
LIGT3,202005,0.0386853934712686,57
LINX3,202005,0.0514745541981093,57
LLIS3,202005,0.0564279715540218,56
LOGG3,202005,0.0581410093664806,57
LOGN3,202005,0.0508325124992155,57
LPSB3,202005,0.0217170846381371,56
LREN3,202005,0.0499649885936875,57
LWSA3,202005,0.0539150507461859,57
MDIA3,202005,0.0375069527910919,57
MDNE3,202005,0.0361284433889629,57
MEAL3,202005,0.0510976473443304,57
MGLU3,202005,0.0655395979306892,57
MILS3,202005,0.0245925071476605,57
MOVI3,202005,0.0421471905024731,57
MRFG3,202005,0.0555484159797206,57
MRVE3,202005,0.0460061333236329,57
MTRE3,202005,0.0667395589550706,57
MULT3,202005,0.059804433178763,57
MYPK3,202005,0.052337317022256,57
NATU3,202005,0.0324450204092928,48
NEOE3,202005,0.0411332784440371,57
NTCO3,202005,0.0637446050454029,57
ODPV3,202005,0.0541785204280931,57
OFSA3,202005,0.00935272412788748,58
OIBR3,202005,0.0351307659726273,58
OIBR4,202005,-0.00489380597149497,5
OMGE3,202005,0.0463656795589591,57
PARD3,202005,0.0557091999669065,57
PCAR3,202005,0.0450114943264299,57
PETR3,202005,0.0583721679847368,57
PETR4,202005,0.0723184076935747,57
PFRM3,202005,0.0370617928122165,56
PNVL3,202005,0.0347734141183555,56
PNVL4,202005,0.0228540134868114,57
POMO3,202005,0.0501005252986182,52
POMO4,202005,0.0716134647800634,57
POSI3,202005,0.027972794766466,57
PPLA11,202005,0.0422849802283938,49
PRIO3,202005,0.025691208112093,57
PRNR3,202005,0.0402383673650284,57
PSSA3,202005,0.0544234013190347,57
PTBL3,202005,0.0122589911333662,49
QUAL3,202005,0.04729050634692,57
RADL3,202005,0.0594468286805476,57
RAIL3,202005,0.0491626623628825,57
RAPT3,202005,0.00896118815450468,57
RAPT4,202005,0.0537237766237609,57
RDNI3,202005,0.0588658542992739,57
RENT3,202005,0.0461728409522985,57
RLOG3,202005,0.0666200052552374,57
ROMI3,202005,0.021349828517487,54
RPAD3,202005,0.00904596807449746,57
SANB11,202005,0.0731056062491406,57
SAPR11,202005,0.0641371049122397,57
SAPR3,202005,0.036660309087054,55
SAPR4,202005,0.0701656777490445,57
SBSP3,202005,0.0476753449361595,57
SCAR3,202005,0.0685827477065859,56
SEER3,202005,0.0455762679986142,57
SGPS3,202005,0.0329971090520365,56
SHOW3,202005,0.00527170798409441,56
SHUL4,202005,0.0503009593011885,54
SLCE3,202005,0.0532246618401177,57
SMLS3,202005,0.0444186496307659,57
SMTO3,202005,0.052237879187887,57
SQIA3,202005,0.0428376476920189,57
STBP3,202005,0.0491818959355736,57
SULA11,202005,0.0424403147694528,57
SUZB3,202005,0.0545576079090067,57
TAEE11,202005,0.0592176963115796,57
TAEE4,202005,0.0128595102806617,54
TASA3,202005,0.0111821943381583,54
TASA4,202005,0.0924761438062301,56
TCSA3,202005,0.0299329695232643,57
TECN3,202005,0.00231532952371295,53
TEND3,202005,0.0281751120277178,57
TESA3,202005,0.0889244755132522,57
TGMA3,202005,0.0514736287388624,57
TIET11,202005,0.0596291191447869,57
TIET3,202005,0.0244504096623725,54
TIET4,202005,0.045547229092219,55
TIMP3,202005,0.0826441848008314,57
TOTS3,202005,0.0553787631720457,57
TPIS3,202005,0.0214788691822504,49
TRIS3,202005,0.0594550434051559,57
TRPL4,202005,0.0459475609327757,57
TUPY3,202005,0.0756081512033027,57
UCAS3,202005,0.0651190579734589,56
UGPA3,202005,0.0466553779028001,57
UNIP3,202005,0.00962554784906103,57
UNIP6,202005,0.0338400032476734,57
USIM3,202005,0.0238583343636179,56
USIM5,202005,0.0468931832423149,57
VALE3,202005,0.0637368523091734,57
VIVA3,202005,0.0482272693504491,57
VIVT3,202005,0.0773205533151928,57
VIVT4,202005,0.0547860166452565,57
VLID3,202005,0.0542431959069169,57
VULC3,202005,0.0512686771944783,57
VVAR3,202005,0.0617125817759581,57
WEGE3,202005,0.0613271076467742,57
WIZS3,202005,0.0504675177261545,57
YDUQ3,202005,0.0429061617204183,57
AALR3,202006,0.147622666471287,57
ABCB4,202006,0.1626301182899,58
ABEV3,202006,0.144216295447048,58
AGRO3,202006,0.130699951279661,57
ALPA3,202006,0.15769311586849,56
ALPA4,202006,0.127451581162755,57
ALPK3,202006,0.139362829974391,58
ALSO3,202006,0.145332212150137,58
ALUP11,202006,0.0977932245140052,58
ALUP3,202006,0.116523412255019,54
AMAR3,202006,0.149432103593221,58
ANIM3,202006,0.10790935978738,58
APER3,202006,0.223436274402616,57
ARZZ3,202006,0.130759231637461,58
AZEV4,202006,0.10309703925022,56
AZUL4,202006,0.119059688296781,58
B3SA3,202006,0.115008695211641,58
BBAS3,202006,0.103311386964987,58
BBDC3,202006,0.0984279102953028,58
BBDC4,202006,0.135464695782872,58
BBRK3,202006,0.146856937716009,57
BBSE3,202006,0.137857434402193,58
BBTG11,202006,0.13520332813048,49
BEEF11,202006,0.162889201140691,57
BEEF3,202006,0.13755673694115,58
BIDI11,202006,0.166301241997654,58
BIDI3,202006,0.155559482773125,56
BIDI4,202006,0.129018724521815,58
BKBR3,202006,0.157952311204428,58
BMGB4,202006,0.123208053001084,57
BPAC11,202006,0.126176193352097,58
BPAC3,202006,0.144332721043808,57
BPAC5,202006,0.151252690958008,56
BPAN4,202006,0.10827925785851,58
BRAP3,202006,0.122972480535634,57
BRAP4,202006,0.124478866751878,58
BRDT3,202006,0.109386164845614,58
BRFS3,202006,0.126698664594435,58
BRGE3,202006,0.114696117863412,57
BRIV3,202006,0.122321622375702,57
BRKM5,202006,0.127304272321327,58
BRML3,202006,0.142446241701719,58
BRPR3,202006,0.157942433578888,58
BRSR3,202006,0.143591768042148,54
BRSR6,202006,0.183578184163017,58
BTOW3,202006,0.121057127889266,58
CAML3,202006,0.130592762309022,58
CARD3,202006,0.128046401150082,57
CCPR3,202006,0.134201887701585,58
CCRO3,202006,0.112742884454763,58
CEAB3,202006,0.0940376050821937,58
CEEB3,202006,0.0714376486971353,5
CEED3,202006,0.106492929920516,5
CEED4,202006,0.0824934503201552,6
CEPE3,202006,0.068744108267097,6
CEPE5,202006,0.0674391664796562,5
CESP3,202006,0.112540210414413,54
CESP6,202006,0.127018078493269,58
CGAS3,202006,0.144720476986893,44
CGAS5,202006,0.267283674844666,50
CGRA4,202006,0.1186935982302,57
CIEL3,202006,0.147300950176268,58
CLSC4,202006,0.258702545318218,56
CMIG3,202006,0.0943133966648383,58
CMIG4,202006,0.124507830121594,58
CNTO3,202006,0.119679889598617,58
COCE5,202006,0.119640292988716,57
COGN3,202006,0.102806904928295,58
CPFE3,202006,0.084166031583163,58
CPLE3,202006,0.149108659414549,58
CPLE6,202006,0.145339369703246,58
CPRE3,202006,0.16575357777323,56
CRDE3,202006,0.163237488857187,56
CRFB3,202006,0.115304388609935,58
CRIV3,202006,0.123657575032704,57
CSAN3,202006,0.09734057556914,58
CSMG3,202006,0.141339763302703,58
CSNA3,202006,0.107252346868112,58
CSRN3,202006,0.0748363173915141,5
CSRN5,202006,0.068744108267097,6
CTNM4,202006,0.120052148062974,57
CVCB3,202006,0.14402692064429,58
CYRE3,202006,0.134734593065102,58
DIRR3,202006,0.122011262726764,58
DMMO11,202006,0.151174759637206,36
DMMO3,202006,0.12892848123195,58
DTEX3,202006,0.149237418649692,58
ECOR3,202006,0.143591270361891,58
EGIE3,202006,0.117219830201167,58
ELET3,202006,0.0943578913006465,58
ELET6,202006,0.121629482719833,58
EMBR3,202006,0.115427803050379,58
ENAT3,202006,0.120910747613345,58
ENBR3,202006,0.107885421294514,58
ENEV3,202006,0.122526178253511,58
ENGI11,202006,0.114439402823807,58
ENGI4,202006,0.173973718083744,55
EQPA3,202006,0.147875541099226,51
EQTL3,202006,0.111843890269752,58
EUCA4,202006,0.183014907967605,57
EVEN3,202006,0.140148182727856,58
EZTC3,202006,0.135448313435699,58
FESA4,202006,0.131596950820205,56
FLRY3,202006,0.0973288570290527,58
FRAS3,202006,0.166250919381439,54
GFSA3,202006,0.172907585052038,58
GGBR3,202006,0.152916030910739,58
GGBR4,202006,0.118909313619012,58
GNDI3,202006,0.108234941857274,58
GOAU3,202006,0.11776902614004,57
GOAU4,202006,0.0847976200386598,58
GOLL4,202006,0.127126066424437,58
GRND3,202006,0.110180446509161,58
GUAR3,202006,0.136757737431159,58
HAPV3,202006,0.117385037155291,58
HBOR3,202006,0.124130115275686,58
HGTX3,202006,0.135340427336524,58
HYPE3,202006,0.146410116138751,58
IDNT3,202006,0.131944863692171,57
IGTA3,202006,0.147120939407927,58
IRBR3,202006,0.096504125203985,58
ITSA3,202006,0.114183124416081,57
ITSA4,202006,0.129821060344949,58
ITUB3,202006,0.153441155886582,58
ITUB4,202006,0.134991329717974,58
JBSS3,202006,0.104977452727778,58
JHSF3,202006,0.133419088470707,58
JOPA3,202006,0.128054658717755,57
JPSA3,202006,0.14316945437547,58
JSLG3,202006,0.160238492954743,58
KEPL3,202006,0.124609895494204,55
KLBN11,202006,0.143585823571443,58
KLBN3,202006,0.0702528512989136,28
KLBN4,202006,0.0708405073752328,55
KROT11,202006,0.136851801719414,55
LAME3,202006,0.138330067883587,58
LAME4,202006,0.112579145331039,58
LCAM3,202006,0.139811714492778,58
LEVE3,202006,0.06849596232769,58
LIGT3,202006,0.107346951278636,58
LINX3,202006,0.139657298866712,58
LLIS3,202006,0.107996243044446,56
LOGG3,202006,0.116413889892951,58
LOGN3,202006,0.147755920875058,58
LPSB3,202006,0.123238440189782,56
LREN3,202006,0.123031679931137,58
LWSA3,202006,0.130574311057883,58
MDIA3,202006,0.151112881392836,58
MDNE3,202006,0.126261852589101,58
MEAL3,202006,0.14641290312016,58
MGLU3,202006,0.117340755466752,58
MILS3,202006,0.141676247690517,58
MOVI3,202006,0.137636609780607,58
MRFG3,202006,0.125951093826929,58
MRVE3,202006,0.128660151854874,58
MTRE3,202006,0.168485115232207,58
MULT3,202006,0.125726853074494,58
MYPK3,202006,0.116863348655784,58
NATU3,202006,0.1696649977568,48
NEOE3,202006,0.140796542825257,58
NTCO3,202006,0.111637891617255,58
ODPV3,202006,0.131752361639778,58
OFSA3,202006,0.138084713185109,57
OIBR3,202006,0.141715219986619,59
OIBR4,202006,0.0097656571932436,5
OMGE3,202006,0.147344154965225,58
PARD3,202006,0.1233699677237,58
PCAR3,202006,0.134516479312851,58
PETR3,202006,0.0942976966553382,58
PETR4,202006,0.11793418986523,58
PFRM3,202006,0.250553440195674,56
PMAM3,202006,0.08992301573554,46
PNVL3,202006,0.162612366465051,57
PNVL4,202006,0.137236560275077,57
POMO3,202006,0.219710121885186,53
POMO4,202006,0.111030979393761,58
POSI3,202006,0.0368090294259398,58
PPLA11,202006,0.214376033164162,51
PRIO3,202006,0.152104062064882,58
PRNR3,202006,0.152759525328106,57
PSSA3,202006,0.0865258693585494,57
PTBL3,202006,0.20490269803345,57
QUAL3,202006,0.121611226704906,58
RADL3,202006,0.10451936644496,58
RAIL3,202006,0.117212257047027,58
RAPT3,202006,0.123515458868263,57
RAPT4,202006,0.143820025577385,58
RDNI3,202006,0.113996243818643,57
RENT3,202006,0.131644552310007,58
RLOG3,202006,0.121978803881391,58
ROMI3,202006,0.117215628889974,56
RPAD3,202006,0.127018187884401,57
SANB11,202006,0.110308396863321,58
SAPR11,202006,0.15086242626095,58
SAPR3,202006,0.086113235616554,55
SAPR4,202006,0.118132757522455,58
SBSP3,202006,0.138737157916572,58
SCAR3,202006,0.0985544579515319,56
SEER3,202006,0.13587227334619,58
SGPS3,202006,0.257086170885897,56
SHOW3,202006,0.134145944736255,56
SHUL4,202006,0.171969515336236,55
SLCE3,202006,0.124102183448004,58
SMLS3,202006,0.15443550025822,58
SMTO3,202006,0.067195931986809,58
SQIA3,202006,0.152495434927715,58
STBP3,202006,0.145900969833658,58
SULA11,202006,0.111761417432651,58
SUZB3,202006,0.120897886045036,58
TAEE11,202006,0.100321021871742,58
TAEE4,202006,0.116131127826546,54
TASA4,202006,0.120891623078729,53
TCSA3,202006,0.144553188177799,58
TECN3,202006,0.17638035204525,53
TEND3,202006,0.150430532050559,58
TESA3,202006,0.205797477996166,57
TGMA3,202006,0.13994389234364,58
TIET11,202006,0.153264004918872,58
TIET3,202006,0.109109414830951,54
TIET4,202006,0.10550557506426,54
TIMP3,202006,0.107880736720795,58
TOTS3,202006,0.135381021690612,58
TPIS3,202006,0.268301350638108,50
TRIS3,202006,0.17089794259383,58
TRPL4,202006,0.117497500323065,57
TUPY3,202006,0.168217806222156,58
UCAS3,202006,0.272229539280245,50
UGPA3,202006,0.142660926793892,58
UNIP3,202006,0.125162248620021,57
UNIP6,202006,0.173681973155716,58
USIM3,202006,0.147248900929412,57
USIM5,202006,0.0872261926249756,58
VALE3,202006,0.110768041609269,58
VIVA3,202006,0.143386900585129,58
VIVT3,202006,0.145909066613257,58
VIVT4,202006,0.13433545894984,58
VLID3,202006,0.12419956462807,58
VULC3,202006,0.137189607725476,57
VVAR3,202006,0.124874867834853,58
WEGE3,202006,0.127833556359921,58
WIZS3,202006,0.146186791616733,58
YDUQ3,202006,0.132253728608739,58
AALR3,202007,0.0801029396119369,59
ABCB4,202007,0.0675036755484693,59
ABEV3,202007,0.0840035833857192,59
AGRO3,202007,0.0678685462250845,59
ALPA3,202007,0.0700358694755882,57
ALPA4,202007,0.116642117633041,59
ALPK3,202007,0.0669708387267593,59
ALSO3,202007,0.0874298812540779,59
ALUP11,202007,0.0817395804529826,59
ALUP3,202007,0.0467973925442603,55
AMAR3,202007,0.095505805555926,59
AMBP3,202007,0.088658896819896,59
ANIM3,202007,0.0867139275730791,59
APER3,202007,0.0878643519617208,58
ARZZ3,202007,0.0901930175027055,59
AZEV4,202007,0.0658326029194301,58
AZUL4,202007,0.0871346676890477,59
B3SA3,202007,0.0867278792038056,59
BBAS3,202007,0.0756853296922725,59
BBDC3,202007,0.0793484272608217,59
BBDC4,202007,0.0843851195486934,59
BBRK3,202007,0.0838977314135837,59
BBSE3,202007,0.109538049062144,59
BBTG11,202007,0.0349802967716976,54
BEEF11,202007,0.106426077167366,57
BEEF3,202007,0.0816845639322373,59
BIDI11,202007,0.0859079387124358,59
BIDI3,202007,0.0518213770843071,57
BIDI4,202007,0.0729320018388368,59
BKBR3,202007,0.057586864751049,59
BMGB4,202007,0.0783261565211066,59
BPAC11,202007,0.0829656268946974,59
BPAC3,202007,0.0851893528424697,56
BPAC5,202007,0.0656101793084804,59
BPAN4,202007,0.0701356665516918,59
BRAP3,202007,0.0709097207878844,59
BRAP4,202007,0.0715436214878057,59
BRDT3,202007,0.0966588339208379,59
BRFS3,202007,0.0727778594095275,59
BRGE3,202007,0.048904191219459,58
BRIV3,202007,0.0479267736805875,58
BRKM5,202007,0.0832086582089509,59
BRML3,202007,0.0902592150154774,59
BRPR3,202007,0.0553287210163127,59
BRSR3,202007,0.0386712798865003,56
BRSR6,202007,0.0547708353237974,59
BTOW3,202007,0.0791064094767402,59
CAML3,202007,0.0663580315610893,59
CARD3,202007,0.0673232843906873,58
CCPR3,202007,0.0419636549886064,59
CCRO3,202007,0.0804367655198123,59
CEAB3,202007,0.0630037590358059,59
CEEB3,202007,-0.0713929323998032,6
CEED3,202007,-0.014387403819696,6
CEED4,202007,-0.0427550513551786,6
CEPE3,202007,-0.0523746163956477,7
CEPE5,202007,-0.0663737445624989,6
CESP3,202007,0.0761798812288008,56
CESP6,202007,0.0701681445184976,59
CGAS3,202007,0.108501536756242,45
CGAS5,202007,0.0239720741246544,51
CGRA4,202007,0.0431709830788228,59
CIEL3,202007,0.0867122268937225,59
CLSC4,202007,0.0427719779958417,58
CMIG3,202007,0.0769829369634563,59
CMIG4,202007,0.086131613535085,59
CNTO3,202007,0.0788206144683412,59
COCE5,202007,0.0645390824745777,58
COGN3,202007,0.0781622461326877,59
CPFE3,202007,0.0777052522743886,59
CPLE3,202007,0.0798574374418128,59
CPLE6,202007,0.0835810388539431,59
CRDE3,202007,0.0766247066696116,57
CRFB3,202007,0.0673278670925725,59
CRIV3,202007,0.0448718684277047,58
CSAN3,202007,0.0812122580912742,59
CSMG3,202007,0.103470105873377,59
CSNA3,202007,0.0890999370567645,59
CSRN3,202007,-0.0654491693835646,6
CSRN5,202007,-0.0523746163956477,7
CTNM4,202007,0.043668377051741,58
CVCB3,202007,0.0705175961062878,59
CYRE3,202007,0.0920191951597479,59
DIRR3,202007,0.0712104176267818,59
DMMO11,202007,0.0596753880447339,36
DMMO3,202007,0.125540895110646,59
DTEX3,202007,0.0558523353089305,59
ECOR3,202007,0.0779703046106473,59
EGIE3,202007,0.0683642397410668,59
ELET3,202007,0.098150306803568,59
ELET6,202007,0.0710583883878367,59
EMBR3,202007,0.0749026404872778,59
ENAT3,202007,0.0568982322473381,59
ENBR3,202007,0.0736671858258351,59
ENEV3,202007,0.0815280402374595,59
ENGI11,202007,0.0796893200797064,59
ENGI4,202007,0.149870821438039,56
EQPA3,202007,0.101841342545681,54
EQTL3,202007,0.0858153181582886,59
EUCA4,202007,0.0618957201607529,58
EVEN3,202007,0.0802678338480433,59
EZTC3,202007,0.0666337639028806,59
FESA4,202007,0.0704183343737762,58
FLRY3,202007,0.0820919808718089,59
FRAS3,202007,0.104393716563954,56
GEPA3,202007,0.04188636450199,47
GEPA4,202007,0.0462110128460749,47
GFSA3,202007,0.108700858332646,59
GGBR3,202007,0.0683905869610133,58
GGBR4,202007,0.0760794332941857,59
GNDI3,202007,0.0882600272182187,59
GOAU3,202007,0.0572050276729714,59
GOAU4,202007,0.0771302746147275,59
GOLL4,202007,0.0834741250066051,59
GRND3,202007,0.0875298031138893,59
GUAR3,202007,0.0812570439489397,59
HAPV3,202007,0.0803942841813734,59
HBOR3,202007,0.0674235708832985,59
HGTX3,202007,0.0647776091589853,59
HYPE3,202007,0.0765225949023375,59
IGTA3,202007,0.076004749511081,59
IRBR3,202007,0.097578675605185,59
ITSA3,202007,0.087074452864366,59
ITSA4,202007,0.083492060905234,59
ITUB3,202007,0.0559078272461893,57
ITUB4,202007,0.0864687096040341,59
JBSS3,202007,0.0884563635895411,59
JHSF3,202007,0.0921896073320451,59
JOPA3,202007,0.0404709990948594,58
JPSA3,202007,0.07111495833985,59
JSLG3,202007,0.0692970413542693,60
KEPL3,202007,0.0632904290458267,58
KLBN11,202007,0.0678284128522315,59
KLBN3,202007,0.0299418202384631,29
KLBN4,202007,0.0360043234753372,56
KROT11,202007,0.0798982648478433,57
LAME3,202007,0.0891685320357385,59
LAME4,202007,0.0881358162200197,59
LCAM3,202007,0.0843490312924607,59
LEVE3,202007,0.0991926124541403,59
LIGT3,202007,0.0632718523190261,59
LINX3,202007,0.0820506392909575,59
LLIS3,202007,0.0993878188208086,58
LOGG3,202007,0.0820417264366886,59
LOGN3,202007,0.0804410351070965,59
LPSB3,202007,0.0459331923993398,57
LREN3,202007,0.0673593033889727,59
LWSA3,202007,0.093679243824317,59
MDIA3,202007,0.0785416864773784,59
MDNE3,202007,0.0660877060900468,59
MEAL3,202007,0.0842631716146855,59
MGLU3,202007,0.0874054576437641,59
MILS3,202007,0.0600155610828739,59
MOVI3,202007,0.0682807838577901,59
MRFG3,202007,0.0745397750276117,59
MRVE3,202007,0.0838788384468889,59
MTRE3,202007,0.0766488675184507,59
MULT3,202007,0.0946491232759442,59
MYPK3,202007,0.0649297993646419,59
NATU3,202007,0.0841385024048337,49
NEOE3,202007,0.0857023563468025,59
NTCO3,202007,0.0981996438246884,59
ODPV3,202007,0.0716827183068062,59
OFSA3,202007,0.0703288783909598,58
OIBR3,202007,0.102953546233978,60
OIBR4,202007,0.0713481948008045,58
OMGE3,202007,0.0785153576591839,59
PARD3,202007,0.0561863056008465,59
PCAR3,202007,0.0795432716592888,59
PDTC3,202007,0.0647178968621688,58
PETR3,202007,0.0710535731899602,59
PETR4,202007,0.0744299078928892,59
PFRM3,202007,0.0628365855227434,58
PMAM3,202007,0.0857873910702039,46
PNVL3,202007,0.0674012943062765,59
PNVL4,202007,0.0334481736725558,58
POMO3,202007,0.0295601936763182,53
POMO4,202007,0.0564736797970403,59
POSI3,202007,0.0737489784321056,59
PPLA11,202007,0.0519735725527308,52
PRIO3,202007,0.0644674262019656,59
PRNR3,202007,0.0611796193622742,58
PSSA3,202007,0.0494363495149671,59
PTBL3,202007,0.0578385189323858,59
QUAL3,202007,0.10892372088789,59
RADL3,202007,0.0889381610931224,59
RAIL3,202007,0.0847915895298799,59
RANI3,202007,0.0862564900315538,59
RAPT3,202007,0.0369421090038584,58
RAPT4,202007,0.0809693361902001,59
RDNI3,202007,0.0560813878894479,59
RENT3,202007,0.0767193238409394,59
RLOG3,202007,0.0827098571881724,59
ROMI3,202007,0.0675835478899762,59
RPAD3,202007,0.0414672441275601,58
SANB11,202007,0.0871904779580549,59
SAPR11,202007,0.0639456847057718,59
SAPR3,202007,0.0887916829174527,57
SAPR4,202007,0.1084413550543,59
SBSP3,202007,0.0685887851331269,59
SCAR3,202007,0.07272040990778,57
SEER3,202007,0.0656284608514843,59
SGPS3,202007,0.0270241438692441,57
SHOW3,202007,0.0309098092312602,57
SHUL4,202007,0.057185624348509,58
SLCE3,202007,0.0556258656897233,59
SMLS3,202007,0.0710432017995082,59
SMTO3,202007,0.0708101945224421,59
SOMA3,202007,0.0942315474615008,59
SQIA3,202007,0.071505601444361,59
STBP3,202007,0.103598198022644,59
SULA11,202007,0.0867256127909129,59
SULA3,202007,0.0765805752690946,57
SULA4,202007,0.0606735560054761,57
SUZB3,202007,0.0609194170408088,59
TAEE11,202007,0.0848909848226057,59
TAEE4,202007,0.0462237471337484,55
TASA3,202007,0.0507211480373464,55
TASA4,202007,0.0699504809731494,58
TCSA3,202007,0.0942223994158086,59
TECN3,202007,0.0770091311174756,55
TEND3,202007,0.0535852995860862,59
TESA3,202007,0.146079207920356,58
TGMA3,202007,0.0783753882221203,59
TIET11,202007,0.0781684938227587,59
TIET3,202007,0.0686509581550416,57
TIET4,202007,0.0751932600105296,57
TIMP3,202007,0.0712471476217317,59
TOTS3,202007,0.0815719878954802,59
TPIS3,202007,0.0163092889154212,51
TRIS3,202007,0.0999521689571848,59
TRPL4,202007,0.0675723058959999,59
TUPY3,202007,0.0667877587583718,59
UCAS3,202007,0.00116601519675198,51
UGPA3,202007,0.0860494008368099,59
UNIP3,202007,0.044528746084766,58
UNIP6,202007,0.0968759292701295,59
USIM3,202007,0.0677717947929269,58
USIM5,202007,0.0752387353455048,59
VALE3,202007,0.0892407656649712,59
VIVA3,202007,0.0840490701271557,59
VIVT3,202007,0.0909145713925911,59
VIVT4,202007,0.0786691887224089,59
VLID3,202007,0.0774603751927403,59
VULC3,202007,0.101498196855709,59
VVAR3,202007,0.0922274983116702,59
WEGE3,202007,0.0798308368755503,59
WIZS3,202007,0.0830758167483666,59
YDUQ3,202007,0.076282511007125,59
AALR3,202008,-0.0185424882130193,62
ABCB4,202008,-0.034754692691665,62
ABEV3,202008,-0.0247805581215478,62
AGRO3,202008,-0.0227989204325506,61
ALPA3,202008,-0.0358367458313703,60
ALPA4,202008,-0.0297034339204585,62
ALPK3,202008,-0.0340166791706344,59
ALSO3,202008,-0.0211294563094098,62
ALUP11,202008,-0.052628731130009,62
ALUP3,202008,-0.0266377136093563,59
AMAR3,202008,-0.0402380408260105,62
AMBP3,202008,-0.0505217375017946,62
ANIM3,202008,-0.0340678243318812,62
APER3,202008,-0.0461059514542615,60
ARZZ3,202008,-0.0428213403197325,62
AZEV4,202008,-0.0314786858252676,58
AZUL4,202008,-0.0385885399998522,62
B3SA3,202008,-0.0235701466235056,62
BAZA3,202008,0.0886731313279142,55
BBAS3,202008,-0.0144316799343717,62
BBDC3,202008,-0.0146403235156154,62
BBDC4,202008,-0.0053428461725742,62
BBRK3,202008,-0.0109364348539964,61
BBSE3,202008,-0.0117098361548884,62
BBTG11,202008,-0.0473025868335286,58
BEEF11,202008,-0.0417768908691717,57
BEEF3,202008,-0.0109383493394131,62
BEES3,202008,0.0487300223641058,55
BIDI11,202008,-0.0281935734605795,62
BIDI3,202008,-0.00841775806797211,60
BIDI4,202008,-0.0139120414060493,62
BKBR3,202008,-0.0315206339336154,62
BMGB4,202008,-0.0183219919306186,62
BOBR4,202008,0.0435972603726492,55
BPAC11,202008,-0.0211681104424733,62
BPAC3,202008,-0.0363630586385412,55
BPAC5,202008,-0.0240898292163568,62
BPAN4,202008,-0.0262379791485835,62
BRAP3,202008,-0.021972129370251,62
BRAP4,202008,-0.0295071136190816,62
BRDT3,202008,-0.0371717743046538,62
BRFS3,202008,-0.0313066867091099,62
BRGE3,202008,-0.00904453531447353,58
BRIV3,202008,-0.0121424749221967,58
BRKM5,202008,-0.0506682453645656,62
BRML3,202008,-0.0264927855216564,62
BRPR3,202008,-0.026870599754869,62
BRSR3,202008,-0.0105361093225819,56
BRSR6,202008,-0.0529686484461468,62
BTOW3,202008,-0.0272008966899501,62
CAMB3,202008,-0.0407301281491442,55
CAML3,202008,-0.0232068306792169,62
CARD3,202008,-0.0270137874890093,61
CCPR3,202008,-0.0156841894572602,62
CCRO3,202008,-0.0348292291981246,62
CEAB3,202008,-0.0291740944062638,64
CEEB3,202008,-0.0782874235419618,7
CEED3,202008,-0.0347043693275086,5
CEED4,202008,-0.0804186550417944,5
CEPE3,202008,-0.067015545868162,6
CEPE5,202008,-0.0873883342669853,7
CESP3,202008,-0.0385609226582478,60
CESP6,202008,-0.0171497495392235,62
CGAS3,202008,-0.00356960055848798,46
CGAS5,202008,-0.00223039130557695,49
CGRA4,202008,-0.0126883174025762,62
CIEL3,202008,-0.0156005829169055,62
CLSC4,202008,-0.0193956919244952,61
CMIG3,202008,-0.0315246170742729,62
CMIG4,202008,-0.0437652973972658,62
CNTO3,202008,-0.0336839047559265,62
COCE5,202008,-0.0201025356130037,62
COGN3,202008,-0.022505749928489,62
CPFE3,202008,-0.0361351510276912,62
CPLE3,202008,-0.0147467318106368,62
CPLE6,202008,-0.0380873665927875,62
CRDE3,202008,-0.0202916068903439,57
CRFB3,202008,-0.0375895275454089,62
CRIV3,202008,-0.0162962968358209,58
CRIV4,202008,0.040562590104774,55
CRPG5,202008,0.0454733187488868,55
CSAN3,202008,-0.0219553521555394,62
CSMG3,202008,-0.0280034808428725,62
CSNA3,202008,-0.00353922188213217,62
CSRN3,202008,-0.0815359734775486,5
CSRN5,202008,-0.0401329407560802,5
CTNM4,202008,-0.0113102587476559,58
CVCB3,202008,-0.0339396996863986,62
CYRE3,202008,-0.0256522894972652,62
DIRR3,202008,-0.0420028673325426,62
DMMO11,202008,-0.0833919430719821,37
DMMO3,202008,-0.0420536158139974,62
DMVF3,202008,-0.0389415207529235,62
DTEX3,202008,-0.0399713103904272,62
EALT4,202008,0.0184079802738117,55
ECOR3,202008,-0.0143406182173856,62
EGIE3,202008,-0.0320092833363727,62
ELET3,202008,-0.0233544880933914,62
ELET6,202008,-0.0292438159038722,62
EMAE4,202008,0.0435226690387322,55
EMBR3,202008,-0.0208213302947106,62
ENAT3,202008,-0.0295870308301221,62
ENBR3,202008,-0.0258218007234625,62
ENEV3,202008,-0.0307569463508585,62
ENGI11,202008,-0.0285910378481091,62
EQPA3,202008,-0.00518673191366204,60
EQTL3,202008,-0.0213315319024939,62
ETER3,202008,0.0470421229958959,55
EUCA4,202008,-0.0293850977068771,61
EVEN3,202008,-0.0135748894122475,62
EZTC3,202008,-0.0307603830611422,62
FESA4,202008,-0.00870768849445487,60
FLRY3,202008,-0.0289769934900335,62
FRAS3,202008,-0.0393720867590211,60
GEPA3,202008,-0.0420389618193045,46
GEPA4,202008,-0.0430309258607581,46
GFSA3,202008,-0.0421842060321778,62
GGBR3,202008,-0.027046382431644,62
GGBR4,202008,-0.0186944749829064,62
GNDI3,202008,-0.0237767510148295,62
GOAU3,202008,-0.0321503594882911,62
GOAU4,202008,-0.0278545311608318,62
GOLL4,202008,-0.0234430896263953,62
GPCP3,202008,0.0155530423998759,55
GRND3,202008,-0.0153408739016297,62
GUAR3,202008,-0.0166037810630424,62
HAPV3,202008,-0.035924281115022,62
HBOR3,202008,-0.0283602381042091,62
HGTX3,202008,-0.0221733418724547,62
HYPE3,202008,-0.0269539296579021,62
IGTA3,202008,-0.0378983397603731,62
IRBR3,202008,-0.0298224754148813,62
ITSA3,202008,-0.0382124737636434,62
ITSA4,202008,-0.0207240877990942,62
ITUB3,202008,-0.030023215270118,62
ITUB4,202008,-0.0262334969911529,62
JBSS3,202008,-0.0200841383382359,62
JHSF3,202008,-0.0421087271587146,62
JOPA3,202008,-0.0130413036311401,58
JPSA3,202008,-0.0312574443188702,62
JSLG3,202008,-0.0335388348164744,62
KEPL3,202008,-0.0222308032771746,61
KLBN11,202008,-0.02728815976076,62
KLBN3,202008,0.0109209516940399,59
KLBN4,202008,0.0229015941311632,60
KROT11,202008,-0.0215429374632505,54
LAME3,202008,-0.0155409430965591,62
LAME4,202008,-0.0149738666417415,62
LCAM3,202008,-0.0243408959737024,62
LEVE3,202008,-0.0364523167420797,62
LIGT3,202008,-0.0171121077931907,62
LINX3,202008,-0.0217075782018319,62
LJQQ3,202008,-0.0391050371249582,62
LLIS3,202008,-0.0289381844822086,61
LOGG3,202008,-0.0336469534546535,62
LOGN3,202008,-0.0221361685319302,62
LPSB3,202008,-0.0286909255821075,62
LREN3,202008,-0.0423950207809349,62
LWSA3,202008,-0.0247068593523774,62
MDIA3,202008,-0.0259358705280779,62
MDNE3,202008,-0.0216884107651948,62
MEAL3,202008,-0.0148910213614776,62
MGLU3,202008,-0.0228845892077378,62
MILS3,202008,-0.0346900160069141,62
MOVI3,202008,-0.0457850300412048,62
MRFG3,202008,-0.00302776442768169,62
MRVE3,202008,-0.0390573045062148,62
MTRE3,202008,-0.0483824978587125,62
MTSA4,202008,0.0317552880454352,55
MULT3,202008,-0.0244087899095874,62
MYPK3,202008,-0.0450496410015077,62
NEOE3,202008,-0.0146717781747295,62
NTCO3,202008,-0.0369859983054035,62
ODPV3,202008,-0.0137187917124494,62
OFSA3,202008,-0.0399549405058754,61
OIBR3,202008,-0.0116912628715028,63
OIBR4,202008,-0.0339000966486155,58
OMGE3,202008,-0.0271014859294544,62
PARD3,202008,-0.0265753566350669,62
PCAR3,202008,-0.0256639363845057,62
PDTC3,202008,-0.0145555117337074,61
PETR3,202008,-0.0239797253161795,62
PETR4,202008,-0.00350200639176397,62
PFRM3,202008,-0.0154145737623648,61
PMAM3,202008,-0.0392405086452656,44
PNVL3,202008,-0.0344159769165205,62
PNVL4,202008,-0.0273401134084904,61
POMO3,202008,-0.0159615132827517,53
POMO4,202008,-0.00994875518500471,62
POSI3,202008,-0.0271551903809387,62
PPLA11,202008,-0.00586113095534462,53
PRIO3,202008,-0.0371225811786745,62
PRNR3,202008,-0.033166227133217,61
PSSA3,202008,-0.022295696089431,62
PTBL3,202008,-0.0158435156897629,62
QUAL3,202008,-0.0247482163318838,62
RADL3,202008,-0.023013454986277,62
RAIL3,202008,-0.0211003458108595,62
RANI3,202008,-0.0373383446434508,61
RAPT3,202008,-0.0112078832335108,58
RAPT4,202008,-0.0180903814529001,62
RDNI3,202008,-0.0267548651852906,62
RENT3,202008,-0.0291198754485693,62
RLOG3,202008,-0.0195837715426969,62
ROMI3,202008,-0.019086071621261,61
RPAD3,202008,-0.011995871061759,58
SANB11,202008,-0.0152525671130404,62
SAPR11,202008,-0.027510909291048,62
SAPR3,202008,-0.00658761398380535,60
SAPR4,202008,-0.0380916754413988,62
SBSP3,202008,-0.0148290959885305,62
SCAR3,202008,-0.0428610425753429,62
SEER3,202008,-0.0378021782462719,62
SGPS3,202008,-0.0108805394485539,57
SHOW3,202008,-0.0112523161499192,60
SHUL4,202008,-0.0308416700705867,61
SLCE3,202008,-0.0267892033941847,62
SMLS3,202008,-0.0353218826748148,62
SMTO3,202008,-0.0196543646503745,62
SOMA3,202008,-0.0146388992089582,62
SQIA3,202008,-0.039136485583015,62
STBP3,202008,-0.0428398692526623,62
SULA11,202008,-0.0296251527227607,62
SULA4,202008,-0.0105367726018872,57
SUZB3,202008,0.00714978083611954,62
TAEE11,202008,-0.0347562906439101,62
TAEE4,202008,-0.0295537049305881,59
TASA4,202008,-0.0591228064254603,59
TCSA3,202008,-0.0398723431091044,62
TECN3,202008,-0.00605946096358507,55
TEND3,202008,-0.0303670677243228,62
TESA3,202008,-0.0163546103393999,60
TGMA3,202008,-0.0166790987911109,62
TIET11,202008,-0.0289136121231264,62
TIET3,202008,-0.0258690820377772,60
TIET4,202008,-0.029303490859661,59
TIMP3,202008,-0.0229824150161547,62
TOTS3,202008,-0.0301942452102829,62
TPIS3,202008,0.000674132350000999,59
TRIS3,202008,-0.0226087681813332,62
TRPL4,202008,-0.033240847084758,62
TUPY3,202008,-0.0481307446965052,62
UCAS3,202008,-0.00177745599904391,60
UGPA3,202008,-0.0188574811303577,62
UNIP3,202008,-0.0201147170959774,58
UNIP6,202008,-0.0495911382077133,62
USIM3,202008,-0.0369916952623947,62
USIM5,202008,-0.0269164149806589,62
VALE3,202008,-0.0162825724545143,62
VIVA3,202008,-0.0215455250653674,62
VIVT3,202008,-0.0379632860126678,62
VIVT4,202008,-0.0225473606921733,62
VLID3,202008,-0.0363018711914253,62
VULC3,202008,-0.0448559737608633,62
VVAR3,202008,-0.0180209656670279,62
WEGE3,202008,-0.0150119125249489,62
WHRL4,202008,0.0456712227375101,55
WIZS3,202008,-0.0179507400071645,62
YDUQ3,202008,-0.0342270200478835,62
AALR3,202009,-0.0623981489976542,64
ABCB4,202009,-0.0533148672613063,64
ABEV3,202009,-0.0577230822794211,64
AGRO3,202009,-0.0395800828637805,63
ALPA3,202009,-0.0313217695114568,63
ALPA4,202009,-0.0597027387347363,64
ALPK3,202009,-0.0350063119024823,59
ALSO3,202009,-0.0613817406167049,64
ALUP11,202009,-0.0614260353723236,64
ALUP3,202009,0.0120132407983063,61
AMAR3,202009,-0.0372471695797926,64
AMBP3,202009,-0.0560685083018603,64
ANIM3,202009,-0.0533451681223006,64
APER3,202009,-0.0368274285454259,61
ARZZ3,202009,-0.0586005805811758,64
AZEV4,202009,-0.0144926073471578,59
AZUL4,202009,-0.0530625161557538,64
B3SA3,202009,-0.0564059462879229,64
BALM4,202009,-0.0527315780692454,58
BAZA3,202009,-0.18632589065919,58
BBAS3,202009,-0.0480858111488397,64
BBDC3,202009,-0.0545674892782564,64
BBDC4,202009,-0.0475938363681735,64
BBRK3,202009,-0.0665798511743337,63
BBSE3,202009,-0.0463286129577047,64
BBTG11,202009,-0.046698593745447,61
BEEF11,202009,-0.0563176074710966,63
BEEF3,202009,-0.0648547800659967,64
BEES3,202009,-0.0302082280729283,58
BIDI11,202009,-0.0454457811150174,64
BIDI3,202009,-0.044358581994242,63
BIDI4,202009,-0.0392757267224237,64
BKBR3,202009,-0.042401051088723,64
BMGB4,202009,-0.0409182517675749,64
BOAS3,202009,-0.0479657588261255,64
BOBR4,202009,-0.0314167349582349,58
BPAC11,202009,-0.0525060730726933,64
BPAC3,202009,-0.0604524067405612,55
BPAC5,202009,-0.0367488204722645,64
BPAN4,202009,-0.0419031750918235,64
BRAP3,202009,-0.0413402984353209,64
BRAP4,202009,-0.0560311371163786,64
BRDT3,202009,-0.0523636079861039,64
BRFS3,202009,-0.0355902667819874,64
BRGE3,202009,-0.0129009250204029,58
BRIV3,202009,-0.0143633185291021,58
BRKM5,202009,-0.0563655522367001,64
BRML3,202009,-0.057480356047776,64
BRPR3,202009,-0.0397477790245573,64
BRSR3,202009,-0.00857949696499009,57
BRSR6,202009,-0.0438703641273314,64
BTOW3,202009,-0.0441463974337774,64
CAMB3,202009,-0.0620400854450529,55
CAML3,202009,-0.0364667615483782,64
CARD3,202009,-0.0342895607631332,63
CCPR3,202009,-0.013195673730937,63
CCRO3,202009,-0.0494053233032024,64
CEAB3,202009,-0.0570557245974337,64
CEEB3,202009,-0.00781915079196706,7
CEED3,202009,-0.019408863419339,5
CEED4,202009,-0.0157051597156353,5
CEPE3,202009,-0.019408863419339,5
CEPE5,202009,-0.00105901200821182,7
CESP3,202009,-0.0404033988753358,62
CESP6,202009,-0.0597515065161467,64
CGAS5,202009,-0.0473260505256601,50
CGRA4,202009,-0.0266128879217281,64
CIEL3,202009,-0.0612249577781905,64
CLSC4,202009,-0.0469097956402876,62
CMIG3,202009,-0.053010277916766,64
CMIG4,202009,-0.0526278742400185,64
CNTO3,202009,-0.0527179454208551,64
COCE5,202009,-0.0413838876958279,63
COGN3,202009,-0.0554641179115203,64
CPFE3,202009,-0.0517072982874646,64
CPLE3,202009,-0.065160338751766,64
CPLE6,202009,-0.0617996284773232,64
CRDE3,202009,-0.0304756125167797,58
CRFB3,202009,-0.046881761305351,64
CRIV3,202009,-0.0111410586979414,58
CRIV4,202009,-0.0330120851604367,58
CRPG5,202009,-0.0331682768441909,58
CSAN3,202009,-0.0540810144501413,64
CSMG3,202009,-0.0645595289773471,64
CSNA3,202009,-0.0608478596723747,64
CSRN3,202009,-0.014482937493413,5
CSRN5,202009,-0.0130572178069613,7
CTNM4,202009,-0.00772915075626595,58
CURY3,202009,-0.0552233916468182,64
CVCB3,202009,-0.0555210756799871,64
CYRE3,202009,-0.0456568556910933,64
DIRR3,202009,-0.0540324844703296,64
DMMO11,202009,-0.0737019660300423,37
DMMO3,202009,-0.0367408151207387,64
DMVF3,202009,-0.0535824886800871,62
DTEX3,202009,-0.0430534764448337,64
EALT4,202009,-0.0287837759815194,58
ECOR3,202009,-0.062124475525201,64
EGIE3,202009,-0.0454483693689668,64
ELET3,202009,-0.055679386690835,64
ELET6,202009,-0.0544113596445393,64
EMAE4,202009,-0.0513259351230413,58
EMBR3,202009,-0.0397684468419297,64
ENAT3,202009,-0.0342222941194742,65
ENBR3,202009,-0.0506158770396336,64
ENEV3,202009,-0.05445298633777,64
ENGI11,202009,-0.0571071857572042,64
EQPA3,202009,-0.0635051017998188,62
EQTL3,202009,-0.0573012996041714,64
ETER3,202009,-0.00470681167771799,61
EUCA4,202009,-0.0552531715827199,63
EVEN3,202009,-0.0605332190892999,64
EZTC3,202009,-0.0439452126462753,64
FESA4,202009,-0.038014448088908,63
FLRY3,202009,-0.0445090420524722,64
FRAS3,202009,-0.0652753332955219,62
GEPA3,202009,-0.05002709873162,47
GEPA4,202009,-0.0449510724057264,47
GFSA3,202009,-0.0574774199950004,64
GGBR3,202009,-0.0342263047335752,63
GGBR4,202009,-0.0597562693662416,64
GNDI3,202009,-0.0544416345063428,64
GOAU3,202009,-0.0414964011011697,64
GOAU4,202009,-0.0400546479774885,64
GOLL4,202009,-0.053562130150795,64
GPCP3,202009,0.00895726848994664,58
GRND3,202009,-0.0426707077196592,64
GUAR3,202009,-0.0593842187904748,64
HAGA4,202009,-0.0305966950504174,58
HAPV3,202009,-0.0499897893566646,64
HBOR3,202009,-0.0405631743834165,64
HBSA3,202009,-0.0478181357840354,64
HGTX3,202009,-0.0347019087700655,64
HYPE3,202009,-0.0462517580899159,64
IGTA3,202009,-0.0444051489469469,64
IRBR3,202009,-0.0565554945747684,64
ITSA3,202009,-0.0624443064902556,64
ITSA4,202009,-0.0474641223653497,64
ITUB3,202009,-0.0373117614400308,64
ITUB4,202009,-0.0506162534497646,64
JBSS3,202009,-0.0560953124766999,64
JHSF3,202009,-0.0613877158205304,64
JOPA3,202009,-0.016228592861403,58
JPSA3,202009,-0.0375350834869791,63
KEPL3,202009,-0.0359142376686387,63
KLBN11,202009,-0.039940187717325,64
KLBN3,202009,-0.0477117167101906,61
KLBN4,202009,-0.0470099188262686,61
KROT11,202009,-0.0554150882755629,54
LAME3,202009,-0.0563594478032836,64
LAME4,202009,-0.0556230009719726,64
LAVV3,202009,-0.052131854681776,64
LCAM3,202009,-0.0559020126996475,64
LEVE3,202009,-0.0530316445180943,64
LIGT3,202009,-0.047771637992861,64
LINX3,202009,-0.0547873284067644,64
LJQQ3,202009,-0.062220739940332,64
LLIS3,202009,-0.0445990786798383,63
LOGG3,202009,-0.0470955720712629,64
LOGN3,202009,-0.0603531510158289,64
LPSB3,202009,-0.0453281589077367,64
LREN3,202009,-0.0583093042950339,64
LUXM4,202009,-0.0378239806772271,58
LWSA3,202009,-0.0553749498829719,64
MDIA3,202009,-0.0452836177493101,64
MDNE3,202009,-0.0458252077841485,64
MEAL3,202009,-0.0633497973133604,64
MELK3,202009,-0.0571256273819824,64
MGLU3,202009,-0.0577827496956384,64
MILS3,202009,-0.0249313714197676,64
MOVI3,202009,-0.0535720450362249,64
MRFG3,202009,-0.0562485491486095,64
MRVE3,202009,-0.0559858144260589,64
MTRE3,202009,-0.052733430082211,64
MTSA4,202009,-0.043497946035786,58
MULT3,202009,-0.0474950211499906,64
MYPK3,202009,-0.0533605024311031,64
NEOE3,202009,-0.0613276692537901,64
NTCO3,202009,-0.0534440009476269,64
ODPV3,202009,-0.0455098922857199,64
OFSA3,202009,-0.0292688608612727,63
OIBR3,202009,-0.0621050467999913,65
OIBR4,202009,0.00763522774016362,63
OMGE3,202009,-0.0429784532443355,64
PARD3,202009,-0.0397806027409831,64
PATI3,202009,-0.0421646824221257,58
PCAR3,202009,-0.0620844540721931,64
PDTC3,202009,-0.0612614250575488,63
PETR3,202009,-0.0547516031036288,64
PETR4,202009,-0.0436967777922958,64
PETZ3,202009,-0.0528669167057955,64
PFRM3,202009,-0.0379978203711296,62
PGMN3,202009,-0.0554751955330538,60
PLPL3,202009,-0.0480631072803714,64
PMAM3,202009,-0.0478028529542857,46
PNVL3,202009,-0.053761363187299,64
PNVL4,202009,-0.0311471279666856,58
POMO3,202009,-0.0444701977560811,49
POMO4,202009,-0.0281884818593403,64
POSI3,202009,-0.0324902803803676,64
PPLA11,202009,-0.0659227598258735,52
PRIO3,202009,-0.0503082181989087,64
PRNR3,202009,-0.0548903159368024,63
PSSA3,202009,-0.0438383509063721,64
PTBL3,202009,-0.0434338208941897,63
QUAL3,202009,-0.0533568518924651,64
RADL3,202009,-0.06019150482297,64
RAIL3,202009,-0.0438823780825803,64
RANI3,202009,-0.044140864205649,63
RAPT3,202009,-0.0131629133118079,58
RAPT4,202009,-0.067998873648049,64
RDNI3,202009,-0.0389478276578577,64
RENT3,202009,-0.0603609370460227,64
RLOG3,202009,-0.0605523774377589,64
ROMI3,202009,-0.0420099560039897,63
RPAD3,202009,-0.0132229032803312,58
SANB11,202009,-0.0639089517784857,64
SAPR11,202009,-0.0426269408736858,64
SAPR3,202009,-0.0286103067107887,62
SAPR4,202009,-0.058446899846277,64
SBSP3,202009,-0.0601306238361477,64
SCAR3,202009,-0.0535614176129013,63
SEER3,202009,-0.0518138267200759,64
SGPS3,202009,-0.0403754619658015,57
SHOW3,202009,-0.0474206150741745,63
SHUL4,202009,-0.0399357853745929,63
SIMH3,202009,-0.0458781529835537,64
SLCE3,202009,-0.0456067618820007,64
SMLS3,202009,-0.0513507855750798,64
SMTO3,202009,-0.0491696312256297,64
SOMA3,202009,-0.057867278847159,64
SQIA3,202009,-0.0467901001397838,64
STBP3,202009,-0.0577451568812359,64
SULA11,202009,-0.0623469005038997,64
SULA4,202009,-0.0232601620091997,58
SUZB3,202009,-0.0508119619911859,64
TAEE11,202009,-0.0522645834762989,64
TAEE4,202009,0.0113429481839845,61
TASA3,202009,-0.00624340219077019,61
TASA4,202009,-0.0448111151653599,64
TCSA3,202009,-0.0613986472992093,64
TECN3,202009,-0.0394076760119321,55
TEND3,202009,-0.0457477898216627,64
TESA3,202009,-0.0319062695471335,62
TGMA3,202009,-0.0597892475999803,64
TIET11,202009,-0.0375134202754668,65
TIET3,202009,0.0121032640673119,62
TIET4,202009,0.0114356659128574,61
TIMP3,202009,-0.0443015118018945,64
TOTS3,202009,-0.0531102958259854,64
TPIS3,202009,-0.0306367009896365,58
TRIS3,202009,-0.0408949199344935,64
TRPL4,202009,-0.0430464174590013,64
TUPY3,202009,-0.0374032063082778,64
UCAS3,202009,0.0117743499222512,61
UGPA3,202009,-0.0623874473350288,64
UNIP3,202009,-0.00819091757552998,58
UNIP6,202009,-0.0357046031840021,64
USIM3,202009,-0.0344509066913753,63
USIM5,202009,-0.0577874505839367,64
VALE3,202009,-0.0513189831614392,64
VIVA3,202009,-0.0638156037086106,64
VIVT3,202009,-0.0383669909534713,64
VIVT4,202009,-0.0442015044424486,64
VLID3,202009,-0.0367810666073463,64
VULC3,202009,-0.0578194956055805,64
VVAR3,202009,-0.0441790868934621,64
WEGE3,202009,-0.0523581212874357,64
WHRL4,202009,-0.0314932063370431,58
WIZS3,202009,-0.0629510093933955,64
WLMM4,202009,-0.0389905202191684,58
YDUQ3,202009,-0.0576008903391359,64
AALR3,202010,-0.0381444649516082,64
ABCB4,202010,-0.0274352411925596,64
ABEV3,202010,-0.0160112571735833,65
AGRO3,202010,-0.00397818816073896,64
ALPA3,202010,-0.00389236539935752,63
ALPA4,202010,-0.0311089123728773,65
ALPK3,202010,-0.0126695911131416,63
ALSO3,202010,-0.0404078493722392,65
ALUP11,202010,-0.0203515320923064,65
AMAR3,202010,-0.0307957808731468,64
AMBP3,202010,-0.0300515680443061,64
ANIM3,202010,-0.0269397280329578,64
APER3,202010,-0.015504156003109,63
ARZZ3,202010,-0.037764266607009,65
AZEV4,202010,-0.0217416716997568,63
AZUL4,202010,-0.0145150963927428,65
B3SA3,202010,-0.016359878593877,65
BBAS3,202010,-0.0132239915609651,65
BBDC3,202010,-0.015755481365949,65
BBDC4,202010,-0.0195889531819118,65
BBRK3,202010,-0.0358916445814432,63
BBSE3,202010,-0.0221027107060507,65
BBTG11,202010,-0.0513837736389342,61
BEEF11,202010,-0.0290314638876625,58
BEEF3,202010,-0.032218633699741,65
BEES3,202010,0.00967605915666237,59
BIDI11,202010,-0.0149326313624972,65
BIDI3,202010,-0.00638959180810057,64
BIDI4,202010,-0.0150328309298437,65
BKBR3,202010,-0.0223370294631094,65
BMGB4,202010,-0.00392028394750381,65
BOAS3,202010,-0.0224084657084213,64
BOBR4,202010,0.015578915904937,59
BPAC11,202010,-0.0247548218136459,65
BPAC3,202010,-0.0371652083431484,58
BPAC5,202010,-0.0039869251885504,64
BPAN4,202010,-0.00121626800301238,64
BRAP3,202010,-0.00760688449218695,64
BRAP4,202010,-0.0151720822574054,65
BRDT3,202010,-0.0345096653914802,65
BRFS3,202010,-0.0173998052399807,65
BRGE3,202010,-0.00577282189967959,59
BRIV3,202010,-0.00646958099142718,59
BRKM5,202010,-0.0133584120130115,65
BRML3,202010,-0.0178200602655036,65
BRPR3,202010,-0.0122181317817862,64
BRSR3,202010,-0.0117278192465118,58
BRSR6,202010,-0.0112974149034054,65
BTOW3,202010,-0.0310054474259182,65
CAMB3,202010,-0.0437517267537888,58
CAML3,202010,-0.00147859269023374,64
CARD3,202010,-0.0013810380551381,64
CCPR3,202010,-0.00197412743129662,64
CCRO3,202010,-0.00806135958464799,65
CEAB3,202010,-0.0359913314525903,64
CEEB3,202010,0.0494999711575193,5
CEED3,202010,-0.0331860190801954,7
CEED4,202010,0.0240035514011759,7
CEPE3,202010,0.0374996723874371,6
CEPE5,202010,0.0542327239957906,5
CESP3,202010,-0.0331111165710948,62
CESP6,202010,-0.0309869588811194,65
CGAS5,202010,-0.0523707081807385,36
CGRA4,202010,-0.00110377762797522,64
CIEL3,202010,-0.0235356394864556,65
CLSC4,202010,-0.0342015605622699,63
CMIG3,202010,-0.0313049411263011,64
CMIG4,202010,-0.0342821758616223,65
CNTO3,202010,-0.0205932297320767,64
COCE3,202010,-0.00328574897319636,20
COCE5,202010,-0.00835925332038353,64
COGN3,202010,-0.00985783761473659,65
CPFE3,202010,-0.031038852528338,65
CPLE3,202010,-0.0368993202173142,64
CPLE6,202010,-0.0357399084912114,64
CRDE3,202010,-0.000109307491350775,63
CRFB3,202010,-0.0101913039441535,65
CRIV3,202010,-0.00187536937105571,59
CRIV4,202010,0.0080811999632343,59
CRPG5,202010,0.00211107975713265,59
CSAN3,202010,-0.0180816867876461,65
CSMG3,202010,-0.0330340459238286,65
CSNA3,202010,-0.019354507306565,65
CSRN3,202010,0.0545021222366406,5
CSRN5,202010,0.0146023701523522,7
CTNM4,202010,-0.00532542651588824,59
CURY3,202010,-0.0275989026350767,64
CVCB3,202010,-0.0182243959418795,65
CYRE3,202010,-0.0171289720958031,65
DIRR3,202010,-0.0334944837542469,65
DMMO11,202010,0.0134794299234209,38
DMMO3,202010,-0.0143694155064772,64
DMVF3,202010,-0.0309803258097524,63
DTEX3,202010,-0.00276800898687207,65
EALT4,202010,0.0144493099185236,59
ECOR3,202010,-0.0334372062261282,65
EGIE3,202010,-0.0128436618013036,65
ELET3,202010,-0.0324309399594674,65
ELET6,202010,-0.0365728861458429,65
EMAE4,202010,0.00764068580039661,59
EMBR3,202010,-0.0152558275387512,65
ENAT3,202010,-0.00911947352908564,64
ENBR3,202010,-0.0207148563598723,65
ENEV3,202010,-0.0431373986231959,65
ENGI11,202010,-0.0143791799026781,65
EQPA3,202010,-0.0248437582765299,63
EQTL3,202010,-0.0235306540320086,65
ETER3,202010,-0.0264976310638191,62
EUCA4,202010,-0.0293835995036915,63
EVEN3,202010,-0.0394706937871625,64
EZTC3,202010,-0.0212062988694665,65
FESA4,202010,-0.00404037849726856,64
FLRY3,202010,-0.0113699776297542,65
FRAS3,202010,0.0125792715745588,61
GEPA3,202010,-0.00448302648819082,49
GEPA4,202010,-0.00890805559812138,49
GFSA3,202010,-0.00101756128198818,64
GGBR3,202010,-0.00519732295467166,64
GGBR4,202010,-0.0241882577506262,65
GMAT3,202010,-0.0322317369915024,65
GNDI3,202010,-0.0221897169651816,65
GOAU3,202010,-0.0158015822283248,64
GOAU4,202010,-0.017208005758804,65
GOLL4,202010,-0.00755116320722644,65
GPCP3,202010,0.0163718544837922,59
GRND3,202010,-0.00568912645804177,65
GUAR3,202010,-0.0398084063997632,64
HAGA4,202010,0.0130183934611762,59
HAPV3,202010,-0.0320770788961819,65
HBOR3,202010,-0.0257611315151198,64
HBSA3,202010,-0.0301608464164116,64
HGTX3,202010,-0.00410647679538553,65
HYPE3,202010,-0.0215417001111099,65
IGTA3,202010,-0.00931330641590014,65
IRBR3,202010,-0.0221633410214979,65
ITSA3,202010,-0.0381897112580577,63
ITSA4,202010,-0.0159316619765441,65
ITUB3,202010,0.139059051972491,63
ITUB4,202010,-0.0323836364427722,65
JBSS3,202010,-0.0109289609677034,65
JHSF3,202010,-0.0227866213968106,65
JOPA3,202010,-0.00893865480621548,59
JPSA3,202010,-0.00796601705219873,64
KEPL3,202010,-0.0026075093816293,64
KLBN11,202010,-0.00893788334931215,65
KLBN3,202010,-0.00193680676295502,29
KLBN4,202010,-0.0261314506052437,63
KROT11,202010,0.000646145448853759,57
LAME3,202010,-0.0354314840866066,64
LAME4,202010,-0.0148672941777473,65
LAVV3,202010,-0.0322313657958589,64
LCAM3,202010,-0.0373810017646082,65
LEVE3,202010,-0.0137780164685114,64
LIGT3,202010,-0.0123162772815646,65
LINX3,202010,-0.0412116658341834,64
LJQQ3,202010,-0.0339689850732155,64
LLIS3,202010,-0.0288672667214517,64
LOGG3,202010,-0.0361407130796079,65
LOGN3,202010,-0.036005620086481,64
LPSB3,202010,-0.0248135325944808,64
LREN3,202010,-0.0302502910763844,65
LUXM4,202010,-0.00937722957420077,59
LWSA3,202010,-0.0436274109844023,65
MDIA3,202010,-0.0118936497974804,65
MDNE3,202010,-0.025236433246907,64
MEAL3,202010,-0.0386375414132888,65
MELK3,202010,-0.0291743247305278,65
MGLU3,202010,-0.0155142761430963,65
MILS3,202010,-0.0122681512640135,64
MOVI3,202010,-0.0311234766027314,65
MRFG3,202010,0.0103534180318403,65
MRVE3,202010,-0.0227140420076593,65
MTRE3,202010,-0.0353779483971302,64
MTSA4,202010,0.014029467536919,59
MULT3,202010,-0.0208114090310785,65
MYPK3,202010,-0.0282903697457041,64
NEOE3,202010,-0.0391520080445444,65
NTCO3,202010,-0.0119531361220719,65
ODPV3,202010,-0.0131765638211566,64
OFSA3,202010,-0.0132278953685648,63
OIBR3,202010,-0.0289327639309685,66
OIBR4,202010,0.0327103799347579,63
OMGE3,202010,-0.019733599780703,64
PARD3,202010,-0.0239810120081481,65
PATI3,202010,0.0103100766090896,59
PCAR3,202010,-0.0382943807117283,65
PDTC3,202010,-0.0360137606879048,63
PETR3,202010,-0.0255512604147465,65
PETR4,202010,-0.0120283304746349,65
PETZ3,202010,-0.0352710105150898,64
PFRM3,202010,0.00498999421226401,63
PGMN3,202010,-0.0319051943246011,64
PLPL3,202010,-0.0314760986074644,64
PMAM3,202010,-0.00534896968916494,57
PNVL3,202010,-0.0222336735980885,64
PNVL4,202010,0.0222374025436551,57
POMO3,202010,-0.0206264681933291,51
POMO4,202010,-0.0106077400361243,64
POSI3,202010,-0.00231548760361763,64
PPLA11,202010,0.00234033230278399,36
PRIO3,202010,-0.0226527499301357,65
PRNR3,202010,0.00902914754932805,63
PSSA3,202010,-0.0214284290258071,64
PTBL3,202010,-0.00798278055646956,64
QUAL3,202010,-0.0156656015062638,65
RADL3,202010,-0.0158864756825519,65
RAIL3,202010,-0.0216398670713392,65
RANI3,202010,-0.022562562633117,63
RAPT3,202010,-0.00488766605394702,59
RAPT4,202010,-0.00418372673920831,65
RDNI3,202010,-0.00904024421298823,64
RENT3,202010,-0.0294518309949462,65
RLOG3,202010,-0.0383634984810859,64
ROMI3,202010,-0.00775227062161825,64
RPAD3,202010,-0.00904228437965627,59
SANB11,202010,-0.0258290164270691,65
SAPR11,202010,-0.0257708542513587,64
SAPR4,202010,-0.0190894784035698,64
SBSP3,202010,-0.0338243372661739,65
SCAR3,202010,-0.0327439532532106,63
SEER3,202010,-0.0202692081496383,65
SEQL3,202010,-0.0400763749421469,64
SGPS3,202010,0.00224234115878358,59
SHOW3,202010,0.0129813440047767,63
SHUL4,202010,-0.000881352504219482,64
SIMH3,202010,-0.0102354149017783,65
SLCE3,202010,-0.00509564747420447,64
SMLS3,202010,-0.0285986212384148,65
SMTO3,202010,-0.0124917991019976,65
SOMA3,202010,-0.036316407161665,64
SQIA3,202010,-0.0087076705145201,64
STBP3,202010,-0.0197660848614924,64
SULA11,202010,-0.0279949403223439,65
SULA4,202010,-0.000858343269885612,63
SUZB3,202010,-0.0202837940419441,65
TAEE11,202010,-0.0323382995242906,65
TASA3,202010,0.0222108386689536,61
TASA4,202010,-0.00178667478506067,64
TCSA3,202010,-0.0343938260672381,65
TECN3,202010,0.00332214400750018,57
TEND3,202010,-0.0189742739799985,64
TESA3,202010,-0.012855119649393,62
TFCO4,202010,-0.00347799845614547,64
TGMA3,202010,-0.0380056853346955,64
TIET11,202010,-0.0251925362517096,64
TIET3,202010,-0.000495050941455167,63
TIMP3,202010,-0.0295440934520507,37
TIMS3,202010,-0.0362582740583335,65
TOTS3,202010,-0.0350302244168427,65
TPIS3,202010,0.00217209048060463,59
TRIS3,202010,-0.0167461559405018,65
TRPL4,202010,-0.00737060290760135,65
TUPY3,202010,-0.00457696577612873,64
UCAS3,202010,-0.0378619618206867,59
UGPA3,202010,-0.031158201086062,65
UNIP3,202010,-0.00502234447707879,59
UNIP6,202010,-0.00526543754359587,64
USIM3,202010,-0.0186972758943994,64
USIM5,202010,-0.019620123272373,65
VALE3,202010,-0.0236009250923321,65
VIVA3,202010,-0.0382027852935092,65
VIVT3,202010,-0.0126217897986454,64
VIVT4,202010,-0.0166309873956513,65
VLID3,202010,-0.0209588090725213,64
VULC3,202010,-0.0154760927459449,64
VVAR3,202010,-0.0151034328009357,65
WEGE3,202010,-0.0307417592686068,65
WHRL4,202010,0.00922996179429201,59
WIZS3,202010,-0.0387112854535584,64
WLMM4,202010,0.0109680848903358,59
YDUQ3,202010,-0.0186219990334467,65
AALR3,202011,0.136311567310124,65
ABCB4,202011,0.135738583407927,65
ABEV3,202011,0.154072732981121,66
AERI3,202011,0.140532952740569,65
AGRO3,202011,0.140851001396461,65
ALPA3,202011,0.147891825658549,63
ALPA4,202011,0.14952489298098,65
ALPK3,202011,0.166783625256037,63
ALSO3,202011,0.13603835400778,65
ALUP11,202011,0.131828541205379,65
AMAR3,202011,0.158165646312824,65
AMBP3,202011,0.135130815181346,65
ANIM3,202011,0.13799145999586,65
APER3,202011,0.146893541790508,63
ARZZ3,202011,0.141285253421735,65
AZEV4,202011,0.136374057105238,64
AZUL4,202011,0.149741699862271,66
B3SA3,202011,0.158877657757195,66
BBAS3,202011,0.154350675246405,66
BBDC3,202011,0.157188078484907,66
BBDC4,202011,0.153726758701444,66
BBRK3,202011,0.130006920574076,64
BBSE3,202011,0.160180306681652,66
BBTG11,202011,0.129862170163335,58
BEEF11,202011,0.149065398171832,60
BEEF3,202011,0.146582874775248,66
BEES3,202011,0.107146578019971,59
BIDI11,202011,0.157985627371531,65
BIDI3,202011,0.138497440494293,65
BIDI4,202011,0.147277705360728,65
BKBR3,202011,0.153259461131223,65
BMGB4,202011,0.149569472887224,65
BOAS3,202011,0.144427184331236,65
BOBR4,202011,0.0969809504473738,59
BPAC11,202011,0.141411829134939,66
BPAC3,202011,0.143947406556936,60
BPAC5,202011,0.145287197911917,65
BPAN4,202011,0.136327757659066,65
BRAP3,202011,0.14433114516865,65
BRAP4,202011,0.156902838627341,66
BRDT3,202011,0.127592369004162,66
BRFS3,202011,0.157194292428673,66
BRGE3,202011,0.114884158680109,60
BRIV3,202011,0.115540357383077,60
BRKM5,202011,0.163386714195536,66
BRML3,202011,0.159156409955955,66
BRPR3,202011,0.122686922757959,65
BRSR3,202011,0.123071167491302,60
BRSR6,202011,0.12696429999753,65
BTOW3,202011,0.143726119932514,66
CAMB3,202011,0.1005838212582,60
CAML3,202011,0.152217114712323,65
CARD3,202011,0.147449473380144,65
CASH3,202011,0.127988965164931,65
CCPR3,202011,0.113248767243855,65
CCRO3,202011,0.146500689550351,66
CEAB3,202011,0.124784748831809,65
CEEB3,202011,-0.104969720451946,7
CEED3,202011,-0.04253781082439,7
CEED4,202011,-0.0720125790768655,5
CEPE3,202011,-0.0871358997787293,8
CEPE5,202011,-0.136672918952583,5
CESP3,202011,0.135719053358043,62
CESP6,202011,0.137081030312707,65
CGAS5,202011,0.0716209079562532,56
CGRA3,202011,-0.0112296012514674,56
CGRA4,202011,0.118301288186239,64
CIEL3,202011,0.1523345830082,66
CLSC4,202011,0.153281907861719,64
CMIG3,202011,0.140102176765662,65
CMIG4,202011,0.162475926078154,66
CNTO3,202011,0.144671579518029,65
COCE3,202011,-0.0596493951728949,20
COCE5,202011,0.134856617738359,65
COGN3,202011,0.154918946143218,66
CPFE3,202011,0.136439197220121,66
CPLE3,202011,0.134249377828574,65
CPLE6,202011,0.143538396560812,65
CRDE3,202011,0.154923204611381,64
CRFB3,202011,0.136789788735695,66
CRIV3,202011,0.114798368232858,60
CRIV4,202011,0.112700093732208,59
CRPG5,202011,0.10719149227541,59
CSAN3,202011,0.151156653026989,66
CSMG3,202011,0.133542330785786,65
CSNA3,202011,0.167201440966232,66
CSRN3,202011,-0.145954609093428,5
CSRN5,202011,-0.0940856680651557,7
CTNM4,202011,0.113499733541701,60
CURY3,202011,0.132931706603134,65
CVCB3,202011,0.153841763913761,66
CYRE3,202011,0.151048067825661,66
DIRR3,202011,0.11864562786507,65
DMMO11,202011,0.186460819991696,38
DMMO3,202011,0.143802934837478,65
DMVF3,202011,0.148471375634445,63
DTEX3,202011,0.14558844989636,65
EALT4,202011,0.107848480965271,59
ECOR3,202011,0.13133578895594,66
EGIE3,202011,0.154936155700485,66
ELET3,202011,0.169859016743948,66
ELET6,202011,0.161478445481562,66
EMAE4,202011,0.113760490425386,59
EMBR3,202011,0.153501302965063,66
ENAT3,202011,0.121414955295697,65
ENBR3,202011,0.130445489327929,66
ENEV3,202011,0.153389651285597,65
ENGI11,202011,0.156376655914387,66
ENJU3,202011,0.145968072555122,65
EQPA3,202011,0.146903917419871,63
EQTL3,202011,0.15082404801896,66
ETER3,202011,0.15809869160532,63
EUCA4,202011,0.142649522162256,64
EVEN3,202011,0.131623013560717,65
EZTC3,202011,0.124712105903138,66
FESA4,202011,0.14677256088634,64
FLRY3,202011,0.161278982699021,66
FRAS3,202011,0.0877983964232974,62
GEPA3,202011,0.117309049220444,49
GEPA4,202011,0.128725067176365,49
GFSA3,202011,0.144774343806986,65
GGBR3,202011,0.152576420217008,65
GGBR4,202011,0.135987446413126,66
GMAT3,202011,0.149071797552377,65
GNDI3,202011,0.15335071246828,66
GOAU3,202011,0.134497841522026,65
GOAU4,202011,0.143989833687456,66
GOLL4,202011,0.152886500619604,66
GPCP3,202011,0.106435520753916,59
GRND3,202011,0.141121903627421,65
GUAR3,202011,0.128307401842744,65
HAPV3,202011,0.151617296521745,66
HBOR3,202011,0.139382558794098,65
HBSA3,202011,0.135467386128231,65
HGTX3,202011,0.123278211611794,66
HYPE3,202011,0.162048708931424,66
IGTA3,202011,0.172101998716886,66
IRBR3,202011,0.150309935844532,66
ITSA3,202011,0.147232290416721,64
ITSA4,202011,0.145084936277017,66
ITUB3,202011,0.147842988620399,64
ITUB4,202011,0.162268274617169,66
JBSS3,202011,0.166520840700225,66
JHSF3,202011,0.12541785372578,65
JOPA3,202011,0.114969091568048,60
JPSA3,202011,0.149042488919113,64
JSLG3,202011,0.138929544353937,65
KEPL3,202011,0.150828658534048,65
KLBN11,202011,0.165414866151288,65
KLBN3,202011,0.0788460954205574,28
KLBN4,202011,0.0897962502908624,63
KROT11,202011,0.151982312779506,58
LAME3,202011,0.136632813479903,65
LAME4,202011,0.142519678686958,66
LAVV3,202011,0.148287255978789,65
LCAM3,202011,0.128287704990811,65
LEVE3,202011,0.120814387912243,64
LIGT3,202011,0.147792464252307,65
LINX3,202011,0.150348247524455,65
LJQQ3,202011,0.136523967503888,65
LLIS3,202011,0.1064148447456,64
LOGG3,202011,0.14463835964719,65
LOGN3,202011,0.132936249241879,65
LPSB3,202011,0.132784210730573,65
LREN3,202011,0.132793722846861,66
LUXM4,202011,0.100273675914416,59
LWSA3,202011,0.14627228201292,65
MDIA3,202011,0.163978706253209,65
MDNE3,202011,0.140111624703639,65
MEAL3,202011,0.125984691045588,65
MELK3,202011,0.1360008678132,65
MGLU3,202011,0.161588934627196,66
MILS3,202011,0.134246282279734,65
MOVI3,202011,0.141420328935008,65
MRFG3,202011,0.182815644914442,66
MRVE3,202011,0.142470190130582,66
MTRE3,202011,0.154225081436379,65
MTSA4,202011,0.103706408133424,59
MULT3,202011,0.152262388066842,66
MYPK3,202011,0.142190950098879,65
NEOE3,202011,0.137230864510654,65
NTCO3,202011,0.152834246754425,66
ODPV3,202011,0.136318876335038,65
OFSA3,202011,0.129653175793091,64
OIBR3,202011,0.125511091340641,66
OIBR4,202011,0.0675629876078778,58
OMGE3,202011,0.144832075580858,65
PARD3,202011,0.138388593911026,65
PATI3,202011,0.112986870832723,59
PCAR3,202011,0.135003510295194,66
PDTC3,202011,0.133046010272022,64
PETR3,202011,0.146811293089771,66
PETR4,202011,0.150427320780225,66
PETZ3,202011,0.136543219303298,65
PFRM3,202011,0.121162292088951,63
PGMN3,202011,0.14039452322477,65
PLPL3,202011,0.148366375182875,65
PMAM3,202011,0.114237323945692,62
PNVL3,202011,0.141743963627843,65
PNVL4,202011,0.0947910720268753,57
POMO3,202011,0.159352302950996,51
POMO4,202011,0.147667803638319,65
POSI3,202011,0.139433925568181,65
PPLA11,202011,0.0704735714304613,57
PRIO3,202011,0.134400003872605,66
PRNR3,202011,0.21308749719524,57
PSSA3,202011,0.128407026055427,65
PTBL3,202011,0.148733882003898,65
PTNT4,202011,0.0828266606652839,59
QUAL3,202011,0.151001580846384,66
RADL3,202011,0.153774252154947,66
RAIL3,202011,0.142612781989164,66
RANI3,202011,0.149406362339392,64
RAPT3,202011,0.110041607334621,60
RAPT4,202011,0.137124720051547,65
RDNI3,202011,0.120326827617739,65
REDE3,202011,0.103119521309374,24
RENT3,202011,0.139136171675875,66
RLOG3,202011,0.143341705653313,64
ROMI3,202011,0.147709731794707,65
RPAD3,202011,0.120286754849176,60
RRRP3,202011,0.121951479209739,65
SANB11,202011,0.140546007942459,66
SAPR11,202011,0.129175786306028,65
SAPR4,202011,0.165680128663167,65
SBSP3,202011,0.136396397602367,66
SCAR3,202011,0.130640706625241,64
SEER3,202011,0.140875697587914,65
SEQL3,202011,0.142094880309185,65
SGPS3,202011,0.108205490019973,60
SHOW3,202011,0.142616872193214,64
SHUL4,202011,0.137051871496662,65
SIMH3,202011,0.150203987986445,65
SLCE3,202011,0.140635154139482,65
SMLS3,202011,0.141840967259994,65
SMTO3,202011,0.141935532590456,65
SOMA3,202011,0.134269657099272,65
SQIA3,202011,0.122753172116232,65
STBP3,202011,0.14392814815212,65
SULA11,202011,0.145093127067816,66
SUZB3,202011,0.167549237874704,66
TAEE11,202011,0.153709190928102,66
TASA3,202011,0.135043945455748,63
TASA4,202011,0.12662192711459,65
TCSA3,202011,0.132902367514912,65
TECN3,202011,0.151794862899015,57
TEND3,202011,0.140271167495801,65
TESA3,202011,0.105593439601379,63
TFCO4,202011,0.170096384788757,65
TGMA3,202011,0.130109857317332,65
TIET11,202011,0.140764583592568,65
TIMS3,202011,0.122509160498402,66
TOTS3,202011,0.146896787746152,66
TPIS3,202011,0.0973381224430468,59
TRIS3,202011,0.162172999061115,65
TRPL4,202011,0.14287203100783,65
TUPY3,202011,0.120666252580252,65
UGPA3,202011,0.131643773354036,66
UNIP3,202011,0.110104308478115,60
UNIP6,202011,0.138210432889826,65
USIM3,202011,0.142208040707552,65
USIM5,202011,0.13448198222946,66
VALE3,202011,0.161665618155326,66
VIVA3,202011,0.131097999991399,65
VIVT3,202011,0.149160206586915,66
VIVT4,202011,0.107907016709487,58
VLID3,202011,0.141462653833626,65
VULC3,202011,0.141021431832001,65
VVAR3,202011,0.162179772522831,66
WEGE3,202011,0.160479082515573,66
WHRL4,202011,0.103456897290183,59
WIZS3,202011,0.140876816377208,65
WLMM4,202011,0.106307774024647,59
YDUQ3,202011,0.143118613575609,66
AALR3,202012,0.0804895947174169,65
ABCB4,202012,0.0623818828512161,65
ABEV3,202012,0.0822296562741569,66
AERI3,202012,0.100328957151627,65
AGRO3,202012,0.0780604450907831,65
ALPA3,202012,0.128497445934212,63
ALPA4,202012,0.0651399210198328,65
ALPK3,202012,0.0819373790557481,59
ALSO3,202012,0.0778529610426144,65
ALUP11,202012,0.0678146075047338,65
AMAR3,202012,0.0663955829979999,65
AMBP3,202012,0.0699360060356485,65
ANIM3,202012,0.0647464063186438,65
APER3,202012,0.0637169759551004,63
ARZZ3,202012,0.0633223805115658,66
AVLL3,202012,0.0700919128009009,60
AZUL4,202012,0.0667774069822981,66
B3SA3,202012,0.103491034393711,66
BBAS3,202012,0.0887605243864158,66
BBDC3,202012,0.106075959214681,66
BBDC4,202012,0.101486385284711,66
BBRK3,202012,0.0747938515332637,64
BBSE3,202012,0.107565322021141,66
BBTG11,202012,0.0371316784380111,59
BEEF11,202012,0.0743948991722678,60
BEEF3,202012,0.0675077513371922,66
BEES3,202012,0.141828493697382,59
BIDI11,202012,0.0740428455492153,65
BIDI3,202012,0.103843588257118,65
BIDI4,202012,0.0749619782659847,65
BIOM3,202012,0.1208783095045,55
BKBR3,202012,0.0754849217578491,65
BMGB4,202012,0.0549680760059023,65
BOAS3,202012,0.0983263064325474,65
BOBR4,202012,0.15402340821014,59
BPAC11,202012,0.0722865022988265,66
BPAC3,202012,0.0740589336724314,60
BPAC5,202012,0.0695470221845245,65
BPAN4,202012,0.0669271154734327,65
BRAP3,202012,0.0641361420374223,65
BRAP4,202012,0.0825436580252659,66
BRDT3,202012,0.0837825975515215,66
BRFS3,202012,0.102836554301122,66
BRGE3,202012,0.0727559506947595,60
BRIV3,202012,0.0733983822773981,60
BRKM5,202012,0.111137589185167,66
BRML3,202012,0.0828544182590358,66
BRPR3,202012,0.0585306381421508,65
BRSR3,202012,0.0812421747425606,59
BRSR6,202012,0.0399924156065246,65
BTOW3,202012,0.0707426067369586,66
CAMB3,202012,0.0937523066423114,23
CAML3,202012,0.0734040787141141,65
CARD3,202012,0.0746881900358456,65
CASH3,202012,0.0488036310285994,65
CCPR3,202012,0.0726619624706426,65
CCRO3,202012,0.0967693167181802,66
CEAB3,202012,0.0751737971514635,65
CEEB3,202012,0.152001494293108,5
CEED3,202012,0.1255226724549,7
CEED4,202012,0.150429058586624,5
CEPE3,202012,0.136120524988345,8
CEPE5,202012,0.092878038178461,5
CESP3,202012,0.0718191271435332,62
CESP6,202012,0.0678993017820401,65
CGAS5,202012,0.164720524839995,56
CGRA4,202012,0.06979542696154,64
CIEL3,202012,0.102684348572364,66
CLSC4,202012,0.0768498158582566,64
CMIG3,202012,0.0908681284475457,65
CMIG4,202012,0.102550440855645,66
CNTO3,202012,0.0579310280860534,65
COCE3,202012,0.0733656140167004,21
COCE5,202012,0.0776569834279922,65
COGN3,202012,0.104885563755354,66
CPFE3,202012,0.0761174861395774,66
CPLE3,202012,0.0793641089757703,65
CPLE6,202012,0.0878290584170293,66
CRDE3,202012,0.108155694444609,63
CRFB3,202012,0.0746890929313708,66
CRIV4,202012,0.197362517075607,59
CRPG5,202012,0.169143708437744,59
CSAN3,202012,0.0650071471681093,66
CSMG3,202012,0.0696858768787632,65
CSNA3,202012,0.099565608217029,66
CSRN3,202012,0.170657760702119,5
CSRN5,202012,0.146495224654475,7
CTNM4,202012,0.0723544691970775,60
CURY3,202012,0.0783502048796798,65
CVCB3,202012,0.0677943725532954,66
CYRE3,202012,0.101806291928528,66
DIRR3,202012,0.0544286266279882,65
DMMO11,202012,0.163398109506362,41
DMMO3,202012,0.0462803036468197,64
DMVF3,202012,0.0721089650253414,64
DTEX3,202012,0.061011539861711,65
EALT4,202012,0.210196612823444,59
ECOR3,202012,0.0815051880359081,66
EGIE3,202012,0.0989417149152665,66
ELET3,202012,0.0669288074107491,66
ELET6,202012,0.0920706736500004,66
EMAE4,202012,0.125993574734262,59
EMBR3,202012,0.102553016007603,66
ENAT3,202012,0.0856520378849634,65
ENBR3,202012,0.0897704373075655,66
ENEV3,202012,0.0622553251288489,66
ENGI11,202012,0.104704929080748,66
ENJU3,202012,0.0983119978178797,65
EQPA3,202012,0.0919287447058525,63
EQTL3,202012,0.101105549990253,66
ETER3,202012,0.0833980317868892,63
EUCA4,202012,0.065464739260194,64
EVEN3,202012,0.0826024890119649,65
EZTC3,202012,0.082735929839696,66
FESA4,202012,0.071831957872851,64
FLRY3,202012,0.0985559301181649,66
FRAS3,202012,0.169260994195563,61
GEPA3,202012,0.0557132589571827,49
GEPA4,202012,0.0563204035829598,49
GFSA3,202012,0.0616406982245907,65
GGBR3,202012,0.121160195953027,65
GGBR4,202012,0.0845889488348035,66
GMAT3,202012,0.0764981635656005,65
GNDI3,202012,0.0984863833403936,66
GOAU3,202012,0.0831041755523574,65
GOAU4,202012,0.103565852714527,66
GOLL4,202012,0.074900201856313,66
GPCP3,202012,0.167170148976656,59
GRND3,202012,0.0728645824673063,66
GUAR3,202012,0.0627333260649759,65
HAPV3,202012,0.0757969777370653,66
HBOR3,202012,0.0664727908067457,65
HBSA3,202012,0.0732588290391187,65
HGTX3,202012,0.0922574621906457,66
HYPE3,202012,0.094881266270423,66
IGTA3,202012,0.08315416173632,66
IRBR3,202012,0.100701541731853,66
ITSA3,202012,0.0753849029356812,64
ITSA4,202012,0.0840799074314168,66
ITUB3,202012,0.0696708295736949,65
ITUB4,202012,0.102561719792444,66
JBSS3,202012,0.105753061343954,66
JHSF3,202012,0.0612027396902512,66
JOPA3,202012,0.0734528312064615,60
JPSA3,202012,0.067792470945088,65
JSLG3,202012,0.0676234591855393,65
KEPL3,202012,0.0766244035802965,65
KLBN11,202012,0.0877945350811125,66
KLBN3,202012,0.0542526027870369,30
KLBN4,202012,0.0635007395920488,63
KROT11,202012,0.070107830489222,57
LAME3,202012,0.0754967517638937,66
LAME4,202012,0.0730224017539489,66
LAVV3,202012,0.0657325545851154,65
LCAM3,202012,0.0792856214685695,66
LEVE3,202012,0.0380304273336968,64
LIGT3,202012,0.0721985600177737,65
LINX3,202012,0.0669378268463267,65
LJQQ3,202012,0.0738549300276297,65
LLIS3,202012,0.0703990060744537,64
LOGG3,202012,0.0853912707770376,65
LOGN3,202012,0.0665948012905056,65
LPSB3,202012,0.0673887840275724,64
LREN3,202012,0.0789844669901008,66
LUXM4,202012,0.16824214647997,59
LWSA3,202012,0.0724210403836951,65
MDIA3,202012,0.0815251754114893,65
MDNE3,202012,0.0684708554071846,65
MEAL3,202012,0.0795679569058678,65
MELK3,202012,0.0772116417947358,65
MGLU3,202012,0.10201041608784,66
MILS3,202012,0.0685914290852601,65
MOVI3,202012,0.068154703070032,65
MRFG3,202012,0.0837712644693913,66
MRVE3,202012,0.0731900625814692,66
MTRE3,202012,0.0695720576361307,65
MTSA4,202012,0.202404913493202,59
MULT3,202012,0.079238145399505,66
MYPK3,202012,0.0799434670853981,65
NEOE3,202012,0.0733435709333323,66
NGRD3,202012,0.0685340434457164,65
NTCO3,202012,0.0965576459269654,66
ODPV3,202012,0.0599305259852527,65
OFSA3,202012,0.0595962838225512,65
OIBR3,202012,0.0747204855459485,67
OIBR4,202012,0.082309514154968,58
OMGE3,202012,0.0876169064837282,65
PARD3,202012,0.0848629152617373,65
PATI3,202012,0.196754009258392,59
PCAR3,202012,0.0745552347740611,66
PDTC3,202012,0.0716681784083296,64
PETR3,202012,0.0932738545658165,66
PETR4,202012,0.0908826153074161,66
PETZ3,202012,0.0705420479713712,66
PFRM3,202012,0.19472053499585,59
PGMN3,202012,0.0765672506443308,65
PLPL3,202012,0.0709610311326579,65
PMAM3,202012,0.0842850348929968,61
PNVL3,202012,0.068359626057297,66
PNVL4,202012,0.136938752423764,59
POMO3,202012,0.115057574543425,52
POMO4,202012,0.0665083352399663,65
POSI3,202012,0.0678296230032727,65
PPLA11,202012,0.046427348597971,56
PRIO3,202012,0.062849779950734,66
PRNR3,202012,0.105491056113213,58
PSSA3,202012,0.0675395904549189,66
PTBL3,202012,0.0736172606470713,66
PTNT4,202012,0.0973239786051707,60
QUAL3,202012,0.105360027102949,66
RADL3,202012,0.0812961049788905,66
RAIL3,202012,0.10035335324428,66
RANI3,202012,0.0700026073629286,64
RAPT3,202012,0.0703777681534617,60
RAPT4,202012,0.0733095581978949,66
RCSL4,202012,0.0611076925511596,63
RDNI3,202012,0.0951944613691836,65
RDOR3,202012,0.0638893884568222,66
REDE3,202012,0.139267053049598,23
RENT3,202012,0.0630567836632559,66
RLOG3,202012,0.0754709961399878,65
ROMI3,202012,0.0643912495986818,65
RPAD3,202012,0.0742616303140024,60
RRRP3,202012,0.0713673438400538,65
SANB11,202012,0.107334467466096,66
SAPR11,202012,0.0759001879470863,65
SAPR4,202012,0.0690009185336169,64
SBSP3,202012,0.0791202040705931,66
SCAR3,202012,0.0741983290985127,63
SEER3,202012,0.0663350722946026,66
SEQL3,202012,0.0629810304509157,65
SGPS3,202012,0.0666522521565848,59
SHOW3,202012,0.0811153615380471,63
SHUL4,202012,0.0638686151492624,65
SIMH3,202012,0.0661725596307053,65
SLCE3,202012,0.073771285317818,65
SMLS3,202012,0.0631129326122373,65
SMTO3,202012,0.0586175987901121,65
SOMA3,202012,0.0724658529412524,65
SQIA3,202012,0.0753839363209709,65
STBP3,202012,0.0739321441129802,65
SULA11,202012,0.0768092899588111,66
SUZB3,202012,0.0822356592700564,66
TAEE11,202012,0.0891040068039158,66
TASA3,202012,0.0516383474362712,63
TASA4,202012,0.0700331166834842,65
TCSA3,202012,0.0706317225262745,65
TECN3,202012,0.121010449542225,57
TEND3,202012,0.0811065920444488,65
TESA3,202012,0.0896634430485701,63
TFCO4,202012,0.0749034420333774,65
TGMA3,202012,0.0794143198880798,65
TIET11,202012,0.119430774404531,65
TIMS3,202012,0.0759270553285386,66
TOTS3,202012,0.0683476168501329,66
TPIS3,202012,0.172044617560091,59
TRIS3,202012,0.0696039666215763,66
TRPL4,202012,0.0699831968211274,65
TUPY3,202012,0.05991268279818,65
UCAS3,202012,0.0625806288536332,53
UGPA3,202012,0.0795945753911042,66
UNIP3,202012,0.0643036243142362,65
UNIP6,202012,0.0673785733615316,65
USIM3,202012,0.115368716967027,65
USIM5,202012,0.0970789607459856,66
VALE3,202012,0.101455308289388,66
VIVA3,202012,0.0749479776659697,65
VIVT3,202012,0.0992406635939088,66
VLID3,202012,0.0774087706092421,65
VULC3,202012,0.0658927595519851,65
VVAR3,202012,0.108331386625801,66
WEGE3,202012,0.0752843637198459,66
WHRL4,202012,0.137376193330498,59
WIZS3,202012,0.0847555682350229,65
YDUQ3,202012,0.0735442918612975,66
AALR3,202101,-0.0436134768711168,68
ABCB4,202101,-0.0152258614513807,68
ABEV3,202101,-0.0213528875432364,69
AERI3,202101,-0.0218452983968995,68
AGRO3,202101,-0.00869084495037338,68
ALPA3,202101,-0.0194736863426097,67
ALPA4,202101,-0.0252666310134848,69
ALPK3,202101,0.04345408212718,63
ALSO3,202101,-0.0406212107980677,68
ALUP11,202101,-0.0299298969952503,69
ALUP3,202101,-0.0128510139612251,47
AMAR3,202101,-0.0370315835428554,68
AMBP3,202101,-0.0178906950805956,68
ANIM3,202101,-0.026389822926091,68
APER3,202101,-0.0163046257513224,67
ARZZ3,202101,-0.0259069283063194,69
AVLL3,202101,-0.144950487958371,60
AZUL4,202101,-0.0179530056568282,69
B3SA3,202101,-0.0202797761220404,69
BBAS3,202101,-0.0196619497482236,69
BBDC3,202101,-0.021481919315927,69
BBDC4,202101,-0.0213716886612402,69
BBRK3,202101,-0.0421488387337792,68
BBSE3,202101,-0.0237664991343263,69
BBTG11,202101,-0.0966138858035409,64
BEEF11,202101,-0.0429178168003395,60
BEEF3,202101,-0.0233292715891398,69
BEES3,202101,0.0170827479573294,60
BIDI11,202101,-0.0226255377671464,68
BIDI3,202101,0.00110179329049924,68
BIDI4,202101,-0.040083665306537,69
BIOM3,202101,0.00018960626435689,56
BKBR3,202101,-0.0353818806279791,68
BMGB4,202101,-0.018764206642878,69
BOAS3,202101,-0.0151510731786848,66
BOBR4,202101,0.011018662072381,60
BPAC11,202101,-0.0162946261585248,69
BPAC3,202101,-0.050964189839158,60
BPAC5,202101,-0.0513101002158843,66
BPAN4,202101,-0.0114659128966721,68
BRAP3,202101,-0.0236136402428728,68
BRAP4,202101,-0.0213034467312144,69
BRDT3,202101,-0.0111553677255837,69
BRFS3,202101,-0.0272640394383606,69
BRGE3,202101,-0.0120068572468412,60
BRIV3,202101,-0.0205287269318158,60
BRKM5,202101,-0.0240269049476336,69
BRML3,202101,-0.0223864523985671,69
BRPR3,202101,-0.0290557466869404,68
BRSR3,202101,0.0122685319729744,60
BRSR6,202101,-0.0403765301135303,68
BTOW3,202101,-0.0208804948506815,69
CAMB3,202101,0.00142839053723574,56
CAML3,202101,-0.00477003751558974,68
CARD3,202101,-0.00796864058765423,68
CASH3,202101,-0.0184333719563698,68
CCPR3,202101,-0.0117320000118926,69
CCRO3,202101,-0.0269992549953605,69
CEAB3,202101,-0.0168504163542205,69
CEEB3,202101,-0.075802178471175,5
CEED3,202101,-0.0754715185820686,7
CEED4,202101,-0.0813461552926979,7
CEPE3,202101,-0.0638562991734495,5
CEPE5,202101,-0.0630801381563987,7
CESP3,202101,-0.0135779224889394,64
CESP6,202101,-0.0363199846690057,68
CGAS5,202101,-0.000874152860950065,59
CGRA4,202101,-0.011668214197032,64
CIEL3,202101,-0.0301354936862768,69
CLSC4,202101,-0.0469416787681457,67
CMIG3,202101,-0.012710577244756,68
CMIG4,202101,-0.0214924086426759,69
CNTO3,202101,-0.0118185533147494,68
COCE3,202101,-0.0779184557136057,21
COCE5,202101,-0.0112605379726199,68
COGN3,202101,-0.0215951488008632,69
CPFE3,202101,-0.0243478163141248,69
CPLE3,202101,-0.0401673152143301,68
CPLE6,202101,-0.0279445043221834,69
CRDE3,202101,-0.0199752844478245,67
CRFB3,202101,0.00163649287536701,69
CRIV4,202101,0.0144061307328304,60
CRPG5,202101,-0.0123472554869579,60
CSAN3,202101,-0.028741963468072,69
CSMG3,202101,-0.0425640324326082,69
CSNA3,202101,-0.0219241154521285,69
CSRN3,202101,-0.0724410468533442,5
CSRN5,202101,-0.0638562991734495,5
CTNM4,202101,-0.01021857137432,60
CURY3,202101,0.00412839011802895,68
CVCB3,202101,-0.0157685878167329,69
CYRE3,202101,-0.0218800775878078,69
DIRR3,202101,-0.028174742559623,68
DMMO11,202101,0.10165784272116,43
DMMO3,202101,-0.0444683811597403,67
DMVF3,202101,-0.0241710538778876,67
DTEX3,202101,-0.0219610510782623,68
EALT4,202101,0.0175019931019086,60
ECOR3,202101,-0.0250074556337998,69
EGIE3,202101,-0.0213578697740727,69
ELET3,202101,-0.0163090961762628,69
ELET6,202101,-0.0152367200627099,69
EMAE4,202101,0.0255010433674171,60
EMBR3,202101,-0.020995442841011,69
ENAT3,202101,-0.0102692288366049,68
ENBR3,202101,-0.0228894611172764,69
ENEV3,202101,-0.0148919378152776,69
ENGI11,202101,-0.0201027373998095,69
ENJU3,202101,-0.0244810884430197,69
EQPA3,202101,-0.00327143513288084,67
EQPA5,202101,-0.00856054205996025,56
EQPA7,202101,-0.00326021614434512,56
EQTL3,202101,-0.0195351773887237,69
ESPA3,202101,-0.0173402255334888,69
ETER3,202101,-0.0491992596669952,65
EUCA4,202101,-0.0178805420460164,65
EVEN3,202101,-0.0394644704272471,69
EZTC3,202101,-0.0247863790109298,69
FESA4,202101,-0.0117521509374332,68
FLRY3,202101,-0.0202846041612882,69
FRAS3,202101,0.011045098534423,60
GEPA3,202101,-0.0450182559757063,49
GEPA4,202101,-0.0328926864864944,49
GFSA3,202101,-0.0372123718956989,68
GGBR3,202101,-0.0240817384498154,68
GGBR4,202101,-0.0298164326325864,69
GMAT3,202101,-0.0112344845958227,68
GNDI3,202101,-0.0230410848944288,69
GOAU3,202101,-0.0172061089074667,68
GOAU4,202101,-0.0199221801816594,69
GOLL4,202101,-0.0315629033068841,69
GPCP3,202101,0.0135049623471269,63
GRND3,202101,-0.0445768908878697,69
GSHP3,202101,0.00574929269913806,56
GUAR3,202101,-0.0296868868207621,69
HAPV3,202101,-0.0172219020701975,69
HBOR3,202101,-0.0308325471845358,69
HBRE3,202101,-0.0319942676914709,69
HBSA3,202101,-0.0211967709537022,68
HGTX3,202101,-0.003911817446113,69
HYPE3,202101,-0.0146051584658321,69
IGTA3,202101,-0.0302586619949836,69
IRBR3,202101,-0.0193962396232082,69
ITSA3,202101,-0.044633292830324,65
ITSA4,202101,-0.0285049742732822,69
ITUB3,202101,-0.0455865809542415,64
ITUB4,202101,-0.0207150817183787,69
JBSS3,202101,-0.027145480638365,69
JHSF3,202101,-0.0129205354138982,69
JOPA3,202101,-0.0116948806099432,60
JPSA3,202101,-0.0134227867440074,68
JSLG3,202101,-0.00244984123468657,66
KEPL3,202101,-0.00873349897203377,68
KLBN11,202101,-0.0179982109047422,69
KLBN3,202101,-0.0177353482412012,30
KLBN4,202101,-6.33919901837849e-05,64
KROT11,202101,-0.0127767138305851,58
LAME3,202101,-0.0361408366126417,69
LAME4,202101,0.00729100761257081,69
LAVV3,202101,-0.0145825238369717,68
LCAM3,202101,-0.0258121935428387,69
LEVE3,202101,-0.0340399655297776,67
LIGT3,202101,-0.0188058218896048,69
LINX3,202101,-0.0183133237732491,69
LJQQ3,202101,-0.017654423810052,69
LLIS3,202101,-0.0170156614084934,65
LOGG3,202101,-0.023675639967394,68
LOGN3,202101,-0.0144094599044892,68
LPSB3,202101,0.00350196179260931,68
LREN3,202101,-0.0170557263463869,69
LUPA3,202101,0.000534155949571268,56
LUXM4,202101,0.0106358283952773,60
LWSA3,202101,-0.0486422141597455,69
MDIA3,202101,-0.00660146852464088,69
MDNE3,202101,-0.0121689950631692,68
MEAL3,202101,-0.0401152693886507,68
MELK3,202101,-0.0224404234825572,69
MGLU3,202101,-0.0212309167431486,69
MILS3,202101,-0.00845343609134975,68
MMXM3,202101,0.0645301095279555,58
MOVI3,202101,-0.00890335860711828,69
MRFG3,202101,-0.0311492709619555,69
MRVE3,202101,-0.028268810957061,69
MTRE3,202101,-0.0218115609485673,68
MTSA4,202101,0.0153835073873414,63
MULT3,202101,-0.0183633722374787,69
MYPK3,202101,-0.0206167665954838,68
NEOE3,202101,-0.0286452641042386,69
NGRD3,202101,-0.0278581395650291,68
NTCO3,202101,-0.0181653749305082,69
ODPV3,202101,-0.0233294769152819,68
OFSA3,202101,-0.00303646943758521,68
OIBR3,202101,-0.0278084488174331,70
OIBR4,202101,-0.0219735380818416,62
OMGE3,202101,-0.0144445434379537,68
PARD3,202101,-0.013755900577844,68
PATI3,202101,-0.018204172854073,60
PCAR3,202101,-0.0209920655394488,69
PDGR3,202101,-0.0481293931823664,56
PDTC3,202101,-0.0405310078530184,64
PETR3,202101,-0.0198268528701206,69
PETR4,202101,-0.020538613392926,69
PETZ3,202101,-0.0156351842360958,68
PFRM3,202101,0.0153296892897045,60
PGMN3,202101,-0.0296238072843132,67
PINE4,202101,0.00856873941946545,56
PLPL3,202101,-0.0224193409205213,68
PMAM3,202101,0.0436879638189655,62
PNVL3,202101,-0.0191007456947666,68
PNVL4,202101,0.0163444514793422,59
POMO3,202101,0.0659686963925344,52
POMO4,202101,-0.0299399154118419,68
POSI3,202101,-0.0269138909178833,68
PPLA11,202101,-0.0420070926593942,55
PRIO3,202101,-0.00452695884327961,69
PRNR3,202101,-0.0722387867008434,59
PSSA3,202101,-0.0334222937976364,69
PTBL3,202101,-0.0138732232518444,68
PTNT4,202101,0.0231799212141439,60
QUAL3,202101,-0.0203588176323691,69
RADL3,202101,-0.0236627330836652,69
RAIL3,202101,-0.0202516206607523,69
RANI3,202101,-0.023944499668958,67
RAPT3,202101,-0.0102217859331723,64
RAPT4,202101,-0.0265251749728975,69
RCSL4,202101,-0.0422305204041375,67
RDNI3,202101,-0.0128893270352437,68
RDOR3,202101,-0.0252341053893077,68
REDE3,202101,-0.113582649857611,24
RENT3,202101,-0.0120758554868899,69
RLOG3,202101,-0.042830533537344,69
ROMI3,202101,-0.00880730835434815,68
RPAD3,202101,-0.0167870604331397,60
RRRP3,202101,-0.0164028747183305,68
RSID3,202101,-0.000874167541163508,66
SANB11,202101,-0.022212653788288,69
SAPR11,202101,-0.0330092089392053,69
SAPR4,202101,-0.0202520814961536,68
SBSP3,202101,-0.00733222191017859,69
SCAR3,202101,-0.00558275848449606,64
SEER3,202101,-0.0139069652416483,69
SEQL3,202101,-0.0137348704232291,68
SGPS3,202101,-0.00422178252333209,59
SHOW3,202101,0.0163597252598448,67
SHUL4,202101,-0.0179325124437888,68
SIMH3,202101,-0.0149957453669131,69
SLCE3,202101,-0.0306976467964274,68
SMLS3,202101,-0.0141599911267735,68
SMTO3,202101,-0.0197222607396606,69
SOMA3,202101,-0.0350133855721182,68
SQIA3,202101,-0.0378827237212972,68
STBP3,202101,-0.0102241527631755,68
SULA11,202101,-0.00897293860625975,69
SUZB3,202101,-0.0232890353963005,69
TAEE11,202101,-0.0188988294219889,69
TAEE4,202101,-0.000902626473642544,56
TASA3,202101,0.0827574581208337,66
TASA4,202101,0.0256291913353177,68
TCSA3,202101,-0.0413561110680083,68
TECN3,202101,0.00793621853449033,58
TEND3,202101,-0.0196419209720486,68
TESA3,202101,-0.0345227014454723,64
TFCO4,202101,-0.0388913729316437,68
TGMA3,202101,-0.0121788241370202,68
TIET11,202101,-0.0444418445624668,68
TIMS3,202101,-0.0180338064092709,69
TOTS3,202101,-0.0157196736381783,69
TPIS3,202101,0.0350917454423179,60
TRIS3,202101,-0.0179085757442356,69
TRPL4,202101,-0.0145427773491031,68
TUPY3,202101,-0.0286727847799318,68
UCAS3,202101,-0.0155612176462838,54
UGPA3,202101,-0.022277042513998,69
UNIP3,202101,-0.0123682932502196,68
UNIP6,202101,-0.00815010821953119,69
USIM3,202101,-0.0118119204683744,68
USIM5,202101,-0.0200607534871896,69
VALE3,202101,-0.0211349857170296,69
VAMO3,202101,-0.0111744257601956,69
VIVA3,202101,-0.0296995394777962,69
VIVT3,202101,-0.0233562092599131,69
VIVT4,202101,-0.0228397273327073,58
VLID3,202101,-0.0547409815367912,68
VULC3,202101,-0.0187295045041411,69
VVAR3,202101,-0.0205906919944968,69
WEGE3,202101,-0.0230892951072126,69
WHRL4,202101,0.0150529817323967,59
WIZS3,202101,-0.0440191001011797,68
YDUQ3,202101,-0.021773251992916,69
AALR3,202102,-0.0423036013390249,68
ABCB4,202102,-0.00910703332993937,71
ABEV3,202102,-0.0218019556230931,71
AERI3,202102,-0.0297381931246666,71
AGRO3,202102,0.00792895581998716,71
ALPA3,202102,-0.018638120966595,70
ALPA4,202102,-0.0325249615902402,71
ALPK3,202102,0.0138859316156997,69
ALSO3,202102,-0.0414029493165187,71
ALUP11,202102,-0.0387348698400625,71
ALUP3,202102,0.0821847708928271,48
AMAR3,202102,-0.0441172222151992,71
AMBP3,202102,-0.047293494444295,71
ANIM3,202102,-0.0408590149327128,71
APER3,202102,-0.00343149058798281,70
ARZZ3,202102,-0.0059198937439478,71
AVLL3,202102,0.000438966143620381,60
AZEV3,202102,-0.0454273670326091,61
AZUL4,202102,-0.0300559171687027,71
B3SA3,202102,-0.022171692836999,71
BBAS3,202102,-0.0131801198133567,71
BBDC3,202102,-0.0456604276295416,72
BBDC4,202102,-0.0215751282980403,72
BBRK3,202102,-0.045158990720049,70
BBSE3,202102,-0.0176746147160937,72
BBTG11,202102,-0.0667259823310041,61
BEEF11,202102,-0.0510577881847447,60
BEEF3,202102,-0.0394306028538458,71
BEES3,202102,-0.0381712983430379,63
BIDI11,202102,-0.042077423289462,71
BIDI3,202102,-0.024991171533768,70
BIDI4,202102,-0.0455746154814047,71
BIOM3,202102,-0.0443955378664813,61
BKBR3,202102,-0.04799811130394,71
BMGB4,202102,-0.00668393187594008,71
BMOB3,202102,-0.0444998038878414,71
BOAS3,202102,-0.0525594283096048,71
BOBR4,202102,-0.0358107885456391,60
BPAC11,202102,-0.0262584447163688,71
BPAC3,202102,-0.0414515661834882,66
BPAC5,202102,-0.0512224006926665,71
BPAN4,202102,-0.0459463972943289,71
BRAP3,202102,-0.0355395166375889,70
BRAP4,202102,0.000202355453903322,71
BRDT3,202102,-0.0441123884930404,71
BRFS3,202102,-0.00834885891665325,71
BRGE3,202102,-0.0475315119860199,69
BRIV3,202102,-0.0472987145887629,69
BRKM3,202102,-0.060615875017548,61
BRKM5,202102,-0.0257125116459273,72
BRML3,202102,-0.0340818635878881,71
BRPR3,202102,-0.0651318566181458,71
BRSR3,202102,-0.0546494255623,60
BRSR6,202102,-0.0623699065344943,71
BSEV3,202102,-0.0272662354153107,65
BTOW3,202102,-0.0156097183883064,71
CAMB3,202102,-0.0446830111947928,61
CAML3,202102,0.0150097440074199,71
CARD3,202102,0.0177261888629063,71
CASH3,202102,-0.0346790007687628,70
CCPR3,202102,-0.0494683355611762,71
CCRO3,202102,-0.00167801398750514,72
CEAB3,202102,-0.0483748819205399,71
CEEB3,202102,-0.0408202768415227,7
CEED3,202102,-0.014301349307158,5
CEED4,202102,-0.0218677299316596,5
CEPE3,202102,-0.0349539879545784,8
CEPE5,202102,-0.0212010632649929,5
CESP3,202102,-0.0396758201505942,65
CESP6,202102,-0.0363328995704641,71
CGAS5,202102,-0.0402093713632237,63
CGRA4,202102,-0.0495118961302381,70
CIEL3,202102,-0.0421653132366913,71
CLSC4,202102,-0.0445155194226448,69
CMIG3,202102,-0.0438523400585509,71
CMIG4,202102,-0.0320514216111259,71
CMIN3,202102,-0.0256043633485981,71
CNTO3,202102,-0.0233667151672617,71
COCE3,202102,-0.0919192016069126,21
COCE5,202102,-0.00526355309467714,71
COGN3,202102,-0.0344730743678595,71
CPFE3,202102,-0.0412560454777358,71
CPLE3,202102,-0.0403988615297652,71
CPLE6,202102,-0.0227814545963451,71
CRDE3,202102,-0.0125750345317379,69
CRFB3,202102,-0.0171136713296074,71
CRIV4,202102,-0.0429220758113473,63
CRPG5,202102,-0.0441733632965122,63
CSAN3,202102,-0.0356701256333922,71
CSED3,202102,-0.0283274483776138,71
CSMG3,202102,-0.046712276916553,71
CSNA3,202102,-0.0162784563500999,71
CSRN3,202102,-0.00705291511684477,5
CSRN5,202102,-0.0417224374418039,7
CTNM4,202102,-0.0484234698690265,69
CURY3,202102,-0.0244383569014524,71
CVCB3,202102,-0.0278415730377142,71
CYRE3,202102,-0.0193545385651833,71
DIRR3,202102,-0.0489821999632367,71
DMMO11,202102,-0.0808693493045042,43
DMMO3,202102,-0.0454463440987079,69
DMVF3,202102,-0.0484061450385914,65
DOHL4,202102,-0.0252565213228628,60
DTEX3,202102,-0.0383786698447834,71
EALT4,202102,-0.0449049909282606,63
ECOR3,202102,-0.0511600696232112,71
EGIE3,202102,-0.0325986648668183,71
ELET3,202102,-0.0419814859244898,71
ELET6,202102,-0.0298721658925498,72
ELMD3,202102,-0.0138251288073954,71
EMAE4,202102,-0.034868041405382,63
EMBR3,202102,-0.040877745532749,72
ENAT3,202102,-0.0431095557461533,71
ENBR3,202102,-0.0229316367786733,71
ENEV3,202102,-0.0291184713522469,71
ENGI11,202102,-0.0203931626493763,71
ENJU3,202102,-0.0244090753380578,71
EQPA3,202102,-0.0187092444338303,70
EQPA5,202102,-0.0406954428452638,61
EQPA7,202102,-0.0425950517146995,61
EQTL3,202102,-0.0256254312674653,72
ESPA3,202102,-0.0404620040134873,72
ETER3,202102,-0.0444575185352789,71
EUCA4,202102,-0.0262705189038982,70
EVEN3,202102,-0.0393675393340293,71
EZTC3,202102,-0.0111579573904047,71
FESA4,202102,0.0099464472307469,71
FHER3,202102,-0.00791659180924011,56
FLRY3,202102,-0.0323579429515227,71
FRAS3,202102,-0.0419303541903009,63
GEPA4,202102,-0.0270837795307338,50
GFSA3,202102,-0.0514883597572023,71
GGBR3,202102,-0.0399204488098771,71
GGBR4,202102,-0.025981641290673,71
GMAT3,202102,-0.048942345193373,71
GNDI3,202102,-0.0226795229104256,71
GOAU3,202102,-0.0514696941952864,70
GOAU4,202102,-0.0294101277545828,72
GOLL4,202102,-0.0176124981462748,71
GPCP3,202102,-0.0375735791860064,68
GRND3,202102,-0.0354323430809419,72
GSHP3,202102,-0.0429222752020493,61
GUAR3,202102,-0.0578197110117499,71
HAGA4,202102,-0.0167349489993388,8
HAPV3,202102,-0.0295042223208615,71
HBOR3,202102,-0.0412283342268376,71
HBRE3,202102,-0.0450681188082236,71
HBSA3,202102,-0.04651681157483,71
HGTX3,202102,-0.0359794982524739,72
HYPE3,202102,-0.0187193709329111,71
IGTA3,202102,-0.00354525178541275,72
INTB3,202102,-0.026594104518147,71
IRBR3,202102,-0.0253557977018011,71
ITSA3,202102,-0.0313505352794099,66
ITSA4,202102,-0.00882545080440306,71
ITUB3,202102,-0.0511160842304895,70
ITUB4,202102,-0.0227988638843133,71
JALL3,202102,-0.0308144524872777,71
JBSS3,202102,-0.0110385827428088,71
JHSF3,202102,-0.0436510363406044,71
JOPA3,202102,-0.0494112025556321,69
JPSA3,202102,-0.00719095163404528,71
JSLG3,202102,-0.0102716885943085,67
KEPL3,202102,0.000137229709973646,71
KLBN11,202102,-0.0143131996291796,71
KLBN3,202102,0.0232160081021105,31
KLBN4,202102,0.00693713393693664,65
KROT11,202102,-0.0501052844683585,58
LAME3,202102,-0.0542464291418416,72
LAME4,202102,-0.0327287198566664,72
LAVV3,202102,-0.0486901478281116,71
LCAM3,202102,-0.016916762800231,71
LEVE3,202102,-0.0778283728438091,71
LIGT3,202102,-0.0529711356888862,71
LINX3,202102,-0.0204697924833082,71
LJQQ3,202102,-0.0425119802039698,71
LLIS3,202102,-0.0533519501614733,66
LOGG3,202102,-0.0521253762726493,71
LOGN3,202102,-0.0483768778420413,71
LPSB3,202102,-0.0430392588943048,71
LREN3,202102,-0.0291358656017635,71
LUPA3,202102,-0.0405094153914564,61
LUXM4,202102,-0.0420469436525888,63
LWSA3,202102,-0.0424957033881062,71
MBLY3,202102,-0.0466027786937532,71
MDIA3,202102,-0.0382417377502235,71
MDNE3,202102,-0.0476795619588325,71
MEAL3,202102,-0.0593404567628711,71
MELK3,202102,-0.048031948683684,71
MGLU3,202102,-0.0217477528163869,71
MILS3,202102,-0.0186521841401348,70
MMXM3,202102,-0.0537551074844356,58
MNPR3,202102,-0.0427090436996551,61
MOSI3,202102,-0.0275147856927957,71
MOVI3,202102,-0.0403276675402999,71
MRFG3,202102,-0.00923596973793892,72
MRVE3,202102,-0.0339088967036762,71
MTIG4,202102,-0.0395450297352384,61
MTRE3,202102,-0.0433444139479192,71
MTSA4,202102,-0.0435312219490333,68
MULT3,202102,-0.0372855034233903,71
MYPK3,202102,-0.042006677876377,71
NEOE3,202102,-0.0589008461656784,72
NGRD3,202102,-0.0185482975021919,70
NTCO3,202102,-0.0299969104003765,71
ODPV3,202102,-0.0371514726455845,71
OFSA3,202102,-0.022342073927485,70
OIBR3,202102,-0.00110429534566538,72
OIBR4,202102,-0.0183549605563252,62
OMGE3,202102,-0.0438176542299766,71
OPCT3,202102,-0.0370370297024183,71
ORVR3,202102,-0.0434540984936552,71
PARD3,202102,-0.0445090930149076,71
PATI3,202102,-0.0418037247285827,63
PCAR3,202102,-0.0348677496509811,71
PDGR3,202102,-0.0401266720232365,61
PDTC3,202102,-0.044821743681961,66
PETR3,202102,-0.0210733979094593,71
PETR4,202102,-0.015326373970312,72
PETZ3,202102,-0.034430338985418,71
PFRM3,202102,-0.0395081751737493,63
PGMN3,202102,-0.0199649642607995,70
PINE4,202102,-0.0439858315096764,61
PLPL3,202102,-0.0475093721284227,71
PMAM3,202102,-0.0567183371818464,71
PNVL3,202102,-0.0415543790419116,71
PNVL4,202102,-0.0208803579829667,60
POMO3,202102,-0.00233865576467235,54
POMO4,202102,-0.0446428142323677,71
POSI3,202102,-0.0492552616373838,70
POWE3,202102,-0.00498374936610232,71
PPLA11,202102,-0.0377351456942945,55
PRIO3,202102,-0.0331345024176424,73
PRNR3,202102,-0.0748716884167406,65
PSSA3,202102,-0.0190731176465027,71
PTBL3,202102,0.00371895936197759,71
PTNT4,202102,0.00930351397504795,64
QUAL3,202102,-0.0378244071610903,71
RADL3,202102,-0.0217849254295854,71
RAIL3,202102,-0.0301371659626381,71
RANI3,202102,-0.0195815909643518,70
RAPT3,202102,-0.0487822441604881,69
RAPT4,202102,-0.0214186222870677,71
RCSL4,202102,-0.0481079286386014,69
RDNI3,202102,-0.0417778812630566,70
RDOR3,202102,-0.022315551189202,71
REDE3,202102,0.00532448056222548,8
RENT3,202102,-0.0232300831811424,71
RLOG3,202102,-0.0418598604870958,71
ROMI3,202102,-0.0041558394212865,71
RPAD3,202102,-0.0476037651032419,69
RPMG3,202102,-0.0407399668247239,61
RRRP3,202102,-0.0510494870969554,71
RSID3,202102,-0.0396805333836788,69
SANB11,202102,-0.0199389473697394,72
SANB4,202102,-0.0672113386582608,63
SAPR11,202102,-0.0483041278007165,72
SAPR4,202102,-0.0457372039187713,70
SBSP3,202102,-0.0332138432067811,71
SCAR3,202102,-0.0348169850634854,63
SEER3,202102,-0.0230678645335277,71
SEQL3,202102,0.00520034698252828,70
SGPS3,202102,-0.0324708397464605,59
SHOW3,202102,-0.00667197046828351,69
SHUL4,202102,-0.0270268286738657,70
SIMH3,202102,-0.0259769365575538,71
SLCE3,202102,-0.00590700426747713,71
SMLS3,202102,-0.034937104818433,71
SMTO3,202102,-0.004665676896062,71
SOMA3,202102,-0.0537620420377479,71
SQIA3,202102,-0.0341817653230526,71
STBP3,202102,-0.0447028604821845,71
SULA11,202102,-0.0420520601992893,71
SUZB3,202102,-0.0140284008280003,71
TAEE11,202102,-0.0420060008381262,71
TAEE4,202102,-0.043109341013545,61
TASA3,202102,-0.0572599824271791,69
TASA4,202102,-0.0518755914738442,70
TCSA3,202102,-0.0412831562147813,71
TECN3,202102,-0.0185083312910031,64
TEND3,202102,-0.030708941475831,71
TESA3,202102,-0.0841508739362153,65
TFCO4,202102,-0.0249699232729987,70
TGMA3,202102,-0.0295477852646974,71
TIET11,202102,-0.0491700350369374,71
TIMS3,202102,-0.0456505149903168,71
TOTS3,202102,-0.0243264737116568,71
TPIS3,202102,-0.0400425943022271,63
TRIS3,202102,-0.0223759285379733,71
TRPL4,202102,0.00628459135441431,71
TUPY3,202102,-0.0497794164088079,71
UCAS3,202102,0.0130444238619445,55
UGPA3,202102,0.00297824978002313,72
UNIP3,202102,-0.0504205845746153,70
UNIP6,202102,0.00322324028784799,71
USIM3,202102,-0.0466789262633927,71
USIM5,202102,-0.0154926546769146,71
VALE3,202102,-0.0183227216739213,71
VAMO3,202102,-0.00545843987532671,67
VIVA3,202102,-0.049263264174608,71
VIVT3,202102,-0.0175852213105805,71
VIVT4,202102,-0.0577029230574574,59
VLID3,202102,-0.0462669114637481,71
VULC3,202102,-0.0241770298700717,71
VVAR3,202102,-0.0230901720380894,71
WEGE3,202102,-0.0158271730582403,71
WEST3,202102,-0.034902480517243,71
WHRL4,202102,-0.0305785784241464,60
WIZS3,202102,-0.0436743723081128,71
YDUQ3,202102,-0.028756737672543,71
AALR3,202103,0.0355750289963352,74
ABCB4,202103,0.110453075738065,74
ABEV3,202103,0.0318887378568467,75
AERI3,202103,0.0281505137393458,74
AESB3,202103,0.0403130403943271,75
AGRO3,202103,0.0394378936478875,75
ALPA3,202103,0.0446475044344881,74
ALPA4,202103,0.0260730506191913,74
ALPK3,202103,0.0341911318231684,71
ALSO3,202103,0.0262018956532492,75
ALUP11,202103,0.0296134217472971,75
ALUP3,202103,0.10908456655853,61
AMAR3,202103,0.085989489237612,74
AMBP3,202103,0.0220392743429848,75
ANIM3,202103,0.0278926670665059,75
APER3,202103,0.0224454004648118,71
ARZZ3,202103,0.0296777891417197,74
ASAI3,202103,0.0259379854153862,76
ATOM3,202103,0.0628709528863748,66
AVLL3,202103,0.129008935762289,66
AZEV3,202103,0.140845299971951,70
AZUL4,202103,0.0341085108827772,75
B3SA3,202103,0.021853532697003,75
BBAS3,202103,0.0383548221617981,75
BBDC3,202103,0.0374900038925748,75
BBDC4,202103,0.0356035451560344,75
BBRK3,202103,0.0573817519488322,71
BBSE3,202103,0.0342457833777648,75
BBTG11,202103,0.0179295433328085,58
BEEF11,202103,0.0273839396664892,66
BEEF3,202103,0.0340255133487554,75
BEES3,202103,0.106133967877687,59
BIDI11,202103,0.0262267354330183,74
BIDI3,202103,0.0419918926935339,72
BIDI4,202103,0.0308283501381627,74
BIOM3,202103,0.0779716277871638,64
BKBR3,202103,0.0226326810746481,74
BMGB4,202103,0.0375397242125869,75
BMOB3,202103,0.0296106989290139,74
BOAS3,202103,0.0182048420957074,67
BPAC11,202103,0.0280703387372084,75
BPAC3,202103,0.0307875522249454,67
BPAC5,202103,0.0325399674769901,74
BPAN4,202103,0.0422676207023591,74
BRAP3,202103,0.0434619808394942,74
BRAP4,202103,0.045847957352527,75
BRDT3,202103,0.0189494495855266,75
BRFS3,202103,0.064212659565412,75
BRGE3,202103,0.0223045391432009,71
BRIV3,202103,0.0233815905315817,71
BRKM3,202103,0.0593007860017445,71
BRKM5,202103,0.0290087661812955,75
BRML3,202103,0.024525913114346,75
BRPR3,202103,0.0869567322759088,75
BRSR3,202103,0.0499986998320714,66
BRSR6,202103,0.0591553392932075,74
BSEV3,202103,0.0253597157647606,65
BTOW3,202103,0.0298333695862725,75
CAMB3,202103,0.0930197919374138,64
CAML3,202103,0.046631217168416,74
CARD3,202103,0.0436477613735228,74
CASH3,202103,0.0395656208561684,74
CCPR3,202103,0.0247974537886266,75
CCRO3,202103,0.0277802418646025,75
CEAB3,202103,0.0195414362119807,75
CEBR3,202103,0.0577515208256394,64
CEEB3,202103,0.0684736155969404,7
CEED3,202103,-0.00746366921490634,65
CEED4,202103,0.0617586604342516,7
CEPE3,202103,-0.0356057311349615,5
CEPE5,202103,0.0810619045933832,7
CESP3,202103,0.0424997103717941,66
CESP6,202103,0.0308264371469302,74
CGAS5,202103,0.0792974539371705,68
CGRA4,202103,0.0231643255578916,74
CIEL3,202103,0.0331932993565898,75
CLSC4,202103,0.0256015708537335,73
CMIG3,202103,0.0213092898699554,70
CMIG4,202103,0.0333760488758129,76
CMIN3,202103,0.0660891369956801,74
COCE3,202103,0.110917450009818,20
COCE5,202103,0.0395854374811042,74
COGN3,202103,0.0191092169037751,75
CPFE3,202103,0.0231568610416149,75
CPLE3,202103,0.028012145748367,74
CPLE6,202103,0.0538055205469756,75
CRDE3,202103,0.0462854783057905,74
CRFB3,202103,0.0129953872790707,75
CRIV4,202103,0.105037622592556,59
CRPG5,202103,0.124076941169318,69
CSAN3,202103,0.0263887109628891,75
CSED3,202103,0.0576705328276397,75
CSMG3,202103,0.0249261413737232,75
CSNA3,202103,0.0466198353382915,75
CSRN3,202103,0.0664021884695982,7
CSRN5,202103,0.0747269516454812,7
CTNM4,202103,0.0216559105017755,71
CURY3,202103,0.0653117349006947,74
CVCB3,202103,0.0288900379657032,75
CYRE3,202103,0.0318100044313527,75
DIRR3,202103,0.0654727582315738,74
DMMO11,202103,0.00960033141590553,45
DMMO3,202103,0.0520082857903717,74
DMVF3,202103,0.133166984042738,66
DTEX3,202103,0.0345800609419414,75
EALT4,202103,0.103278839376684,59
ECOR3,202103,0.0198902326226444,75
EGIE3,202103,0.02676457893917,75
ELET3,202103,0.0194019541838519,75
ELET6,202103,0.0231947005745219,75
ELMD3,202103,0.0392554422815263,74
EMAE4,202103,0.094989453952704,59
EMBR3,202103,0.0318858595388973,75
ENAT3,202103,0.0581495465341062,74
ENBR3,202103,0.0275218145832696,75
ENEV3,202103,0.0235778632097993,75
ENGI11,202103,0.032312322371236,75
ENJU3,202103,0.0355963365524091,74
EQPA3,202103,0.0350432509642729,71
EQPA5,202103,0.0763069990662973,64
EQPA7,202103,0.0772287323119651,64
EQTL3,202103,0.0201542229324286,75
ESPA3,202103,0.0299351069473975,75
ETER3,202103,0.0818089610378895,73
EUCA4,202103,0.0834480159008446,74
EVEN3,202103,0.0418666317623995,75
EZTC3,202103,0.0410620259466683,75
FESA4,202103,0.041101468958362,74
FHER3,202103,0.0222133245258517,66
FLRY3,202103,0.0258119729507983,75
FRAS3,202103,0.128662815268816,69
GEPA4,202103,0.0267287278423213,55
GFSA3,202103,0.0200607327131998,74
GGBR3,202103,0.0370675097225402,74
GGBR4,202103,0.0242199292894637,75
GMAT3,202103,0.0231153805082512,75
GNDI3,202103,0.0289113690686254,75
GOAU3,202103,0.0186168037671592,74
GOAU4,202103,0.0343625304744225,75
GOLL4,202103,0.00963810020648052,75
GPCP3,202103,0.133902141207993,73
GRND3,202103,0.0640234228324909,75
GSHP3,202103,0.0830938285432317,64
GUAR3,202103,0.0803549872582415,75
HAGA4,202103,-0.0358759146573276,24
HAPV3,202103,0.0258851378524487,75
HBOR3,202103,0.0197178154368999,75
HBRE3,202103,0.0622137549024904,74
HBSA3,202103,0.0206846377045308,74
HGTX3,202103,0.0244998110676867,75
HYPE3,202103,0.0644119471458405,75
IGBR3,202103,0.139223512813188,66
IGTA3,202103,0.0301388216042569,75
INEP3,202103,0.116797233042772,66
INTB3,202103,0.0221480113073786,74
IRBR3,202103,0.0328842275078025,75
ITSA3,202103,0.0307744132745062,70
ITSA4,202103,0.0580794967557448,75
ITUB3,202103,0.0386589645445188,72
ITUB4,202103,0.0304820739632365,75
JALL3,202103,0.0240639518637136,74
JBSS3,202103,0.0447115822297389,75
JHSF3,202103,0.0239017823391293,75
JOPA3,202103,0.0232642936898852,71
JPSA3,202103,0.0380255342439894,75
JSLG3,202103,0.0255355394770373,70
KEPL3,202103,0.0476256878488159,74
KLBN11,202103,0.0397349853565003,74
KLBN3,202103,0.0123682734060063,31
KLBN4,202103,0.00792098152107309,70
KROT11,202103,0.0297771593217853,62
LAME3,202103,0.0245967765654792,75
LAME4,202103,0.03215127473008,75
LAVV3,202103,0.0233805666745628,74
LCAM3,202103,0.0294282991939039,75
LEVE3,202103,0.0735138024710587,74
LIGT3,202103,0.0191812626494099,74
LINX3,202103,0.0413583785319312,75
LJQQ3,202103,0.018069977757959,74
LLIS3,202103,0.019639184532953,69
LOGG3,202103,0.0190635747649824,74
LOGN3,202103,0.0121127125936017,74
LPSB3,202103,0.00732538949949532,74
LREN3,202103,0.0306039700606187,75
LUPA3,202103,0.0498970740815783,74
LUXM4,202103,0.105855238176635,59
LWSA3,202103,0.0286367125991552,75
MBLY3,202103,0.0258975265135005,75
MDIA3,202103,0.0665406987177976,75
MDNE3,202103,0.0141454691972421,74
MEAL3,202103,0.0598147461444973,74
MELK3,202103,0.0255553309988412,75
MGLU3,202103,0.0357020166704029,75
MILS3,202103,0.0473655239109998,74
MMXM3,202103,0.0991186726650117,65
MNDL3,202103,0.0880772167678164,64
MOSI3,202103,0.037406300724043,74
MOVI3,202103,0.0293307095057383,75
MRFG3,202103,0.0598444489906947,75
MRVE3,202103,0.0185047433419108,75
MTIG4,202103,0.0859673844595548,64
MTRE3,202103,0.0211462824801938,74
MTSA4,202103,0.0972972039131085,68
MULT3,202103,0.0368138993023667,75
MYPK3,202103,0.0824452075743372,74
NEOE3,202103,0.0428513985718111,75
NGRD3,202103,0.0285968607790914,74
NTCO3,202103,0.0150708970172446,75
ODPV3,202103,0.0854370758880736,74
OFSA3,202103,0.0272238034114125,74
OIBR3,202103,0.0320911426929381,75
OIBR4,202103,0.0543589651022489,61
OMGE3,202103,0.057780485986315,74
OPCT3,202103,0.0267608685967628,74
ORVR3,202103,0.019127604582473,72
OSXB3,202103,0.142262788066827,66
PARD3,202103,0.0234226761449777,75
PCAR3,202103,0.0338234167941879,76
PDGR3,202103,0.0791538026412123,64
PDTC3,202103,0.0247312538207659,67
PETR3,202103,0.0226997383924402,75
PETR4,202103,0.055746373341111,75
PETZ3,202103,0.0237936611111553,75
PFRM3,202103,0.0481389299616146,74
PGMN3,202103,0.0518234902207178,74
PINE4,202103,0.0782324481805079,64
PLPL3,202103,0.0212507782777221,74
PMAM3,202103,0.0806615433425986,64
PNVL3,202103,0.0216935638854358,74
PNVL4,202103,0.100351572466445,59
POMO3,202103,0.0507167512292686,58
POMO4,202103,0.0362798214131784,74
POSI3,202103,0.0584262605095201,74
POWE3,202103,0.0354133104986886,72
PPLA11,202103,0.0375020249796116,62
PRIO3,202103,0.0280290317520075,75
PRNR3,202103,0.065875948513915,70
PSSA3,202103,0.0828572668141308,75
PTBL3,202103,0.076436298792729,74
PTNT4,202103,0.0331181925015435,59
QUAL3,202103,0.030570839243201,75
RADL3,202103,0.0351473496878977,75
RAIL3,202103,0.0404822199109493,75
RANI3,202103,0.0606485179612596,74
RAPT3,202103,0.0214732644298542,71
RAPT4,202103,0.0449987235551354,75
RCSL3,202103,0.147949963215548,66
RCSL4,202103,0.0579397050419188,74
RDNI3,202103,0.0272491028797966,74
RDOR3,202103,0.0297882948499842,75
REDE3,202103,0.113044766310285,24
RENT3,202103,0.0294264699826618,75
ROMI3,202103,0.048524491133228,74
RPAD3,202103,0.022685125170492,71
RRRP3,202103,0.0347351585754728,74
RSID3,202103,0.144990120364512,70
SANB11,202103,0.0341377528702698,75
SANB3,202103,0.0992096061771175,59
SAPR11,202103,0.0733782636392321,75
SAPR4,202103,0.0113927564051337,74
SBFG3,202103,0.0306755208319958,74
SBSP3,202103,0.0270791087537949,75
SCAR3,202103,0.0871046426376109,59
SEER3,202103,0.0882105153062987,75
SEQL3,202103,0.0511005410773506,74
SGPS3,202103,0.0458672951488752,66
SHOW3,202103,0.0322100460538214,71
SHUL4,202103,0.0646744900025222,74
SIMH3,202103,0.0324771408056247,75
SLCE3,202103,0.0410834401153725,74
SMLS3,202103,0.0878427448707588,75
SMTO3,202103,0.0415796060992996,74
SOMA3,202103,0.0234165789414819,74
SQIA3,202103,0.0255557926802829,74
STBP3,202103,0.0185907576347883,74
SULA11,202103,0.0327099957975368,75
SUZB3,202103,0.0496811640383628,75
TAEE11,202103,0.0193491350209687,75
TAEE4,202103,0.0649232991415695,64
TASA3,202103,0.126146195912316,66
TASA4,202103,0.1275352351514,74
TCSA3,202103,0.0263499752556507,74
TECN3,202103,0.0792331527234855,64
TEND3,202103,0.0889589897143463,75
TESA3,202103,-0.0302129162534584,70
TFCO4,202103,0.0536484633230326,74
TGMA3,202103,0.0188952187973809,74
TIMS3,202103,0.0214818710010491,75
TOTS3,202103,0.0232419417883223,75
TPIS3,202103,0.0558660742964373,59
TRIS3,202103,0.0162046018176466,75
TRPL4,202103,0.0325815913064158,74
TUPY3,202103,0.0889259596437653,74
UCAS3,202103,0.0573893231965481,58
UGPA3,202103,0.0430349391337669,75
UNIP3,202103,0.019883389972198,72
UNIP6,202103,0.0396111694818476,75
USIM3,202103,0.0331913894796656,74
USIM5,202103,0.0590592598308752,75
VALE3,202103,0.0447514496072031,75
VAMO3,202103,0.0324108181370809,74
VIVA3,202103,0.0266752984003554,75
VIVT3,202103,0.0340290978767002,75
VIVT4,202103,0.0322067330180394,62
VLID3,202103,0.111070928683225,74
VULC3,202103,0.070868654481099,75
VVAR3,202103,0.0277398722134224,75
WEGE3,202103,0.0382472027196989,75
WEST3,202103,0.0273194177413564,74
WHRL4,202103,0.0808983600644048,64
WIZS3,202103,0.0613192110173399,74
YDUQ3,202103,0.0247370967751567,75
AALR3,202104,0.0185208373947168,74
ABCB4,202104,0.112062422423142,74
ABEV3,202104,0.0624239162415273,75
AERI3,202104,0.0587816944354605,74
AESB3,202104,0.0505552456075836,74
AGRO3,202104,0.121139548292247,75
ALLD3,202104,0.0802911234678499,74
ALPA3,202104,0.083246503885366,73
ALPA4,202104,0.0187096399501967,74
ALPK3,202104,0.134865603178871,72
ALSO3,202104,0.0342493858319829,75
ALUP11,202104,0.06256921392992,75
ALUP3,202104,-0.11129592713472,51
AMAR3,202104,0.103428734069545,74
AMBP3,202104,0.0695734754156561,75
ANIM3,202104,0.0956838147340907,74
APER3,202104,0.125807803185575,72
ARZZ3,202104,0.0665391456862249,74
ASAI3,202104,0.0704286905800215,75
ATOM3,202104,0.112792374016096,68
AVLL3,202104,0.282315900752771,68
AZEV3,202104,0.107893344911133,71
AZUL4,202104,0.0437157514080741,75
B3SA3,202104,0.0417578660056385,76
BBAS3,202104,0.068682582319259,76
BBDC3,202104,0.0280699387029775,75
BBDC4,202104,0.0628767189539191,75
BBRK3,202104,0.0154632571733923,72
BBSE3,202104,0.0379031898253621,75
BBTG11,202104,0.00452522541731459,59
BEEF11,202104,0.0851324686598309,68
BEEF3,202104,0.113172826681648,75
BEES3,202104,0.126058682615458,59
BIDI11,202104,0.0573284002833961,77
BIDI3,202104,0.0855533751769496,72
BIDI4,202104,0.0936137473672967,74
BIOM3,202104,0.188112024442287,65
BKBR3,202104,0.0405183486160004,75
BLAU3,202104,0.100525512276999,75
BMGB4,202104,0.116425057167121,75
BMOB3,202104,0.0738543991554424,74
BOAS3,202104,0.0601156644304665,71
BPAC11,202104,0.0593247627411551,75
BPAC3,202104,0.1201321049937,69
BPAC5,202104,0.0883038706447575,74
BPAN4,202104,0.0892147574774299,74
BRAP3,202104,0.103190268201565,74
BRAP4,202104,0.105294548124967,75
BRDT3,202104,0.0615284524988808,75
BRFS3,202104,0.0496548172495174,76
BRGE3,202104,0.0635839338783468,72
BRIV3,202104,0.063487592208859,72
BRKM5,202104,0.0552328214462695,75
BRML3,202104,0.0723146204888615,75
BRPR3,202104,0.100822891196189,74
BRSR6,202104,0.0531247410068316,74
BSEV3,202104,0.0960531677220371,68
BTOW3,202104,0.0573180805381932,75
CAML3,202104,0.106771624685017,74
CARD3,202104,0.116457316038543,74
CASH3,202104,0.0363619666296616,74
CCPR3,202104,0.0705213655129304,74
CCRO3,202104,0.0333004836328823,75
CEAB3,202104,0.0591172934058129,75
CEBR3,202104,0.185584124535392,65
CEEB3,202104,-0.0894430901809451,5
CEED3,202104,-0.0450855716345855,7
CEED4,202104,-0.0596955115087596,5
CEPE3,202104,-0.0807724675723129,8
CEPE5,202104,-0.0820923860538671,5
CESP3,202104,0.0852609254597831,67
CESP6,202104,0.0648079542342771,74
CGAS5,202104,0.193108370471293,71
CGRA4,202104,0.0600708308608984,74
CIEL3,202104,0.0550635462842836,76
CLSC4,202104,0.0865731894081145,73
CMIG3,202104,0.0586243051122959,74
CMIG4,202104,0.0560602837782877,75
CMIN3,202104,0.127999665321431,74
COCE3,202104,0.0676216597577116,21
COCE5,202104,0.115967181542056,74
COGN3,202104,0.0674638893755678,75
CPFE3,202104,0.083784581877093,75
CPLE11,202104,0.0199036536313841,75
CPLE3,202104,0.0297107627027866,73
CPLE6,202104,0.0239452795699846,75
CRDE3,202104,0.0849577419269438,74
CRFB3,202104,0.0414894114160202,75
CRIV4,202104,0.133123368034978,59
CRPG5,202104,0.11428241580727,73
CSAN3,202104,0.0718976864969441,76
CSED3,202104,0.121826288984599,74
CSMG3,202104,0.0417260966985705,75
CSNA3,202104,0.0698938015520006,75
CSRN3,202104,-0.101698372803092,7
CSRN5,202104,-0.0991492048869817,5
CTKA4,202104,0.179483080805643,65
CTNM4,202104,0.0582633324433168,72
CURY3,202104,0.0893850915675768,74
CVCB3,202104,0.0630632834310998,75
CXSE3,202104,0.0866185016881053,71
CYRE3,202104,0.0363473387275542,75
DASA3,202104,0.0634667087200354,74
DIRR3,202104,0.111159101102991,74
DMMO11,202104,0.075996640684957,52
DMMO3,202104,0.0653869754725367,65
DMVF3,202104,0.101321730423438,72
DTEX3,202104,0.0963598496012089,75
EALT4,202104,0.0732014249525002,59
ECOR3,202104,0.0211483075840789,75
EGIE3,202104,0.0592313092531196,76
ELET3,202104,0.0433323721380991,75
ELET6,202104,0.0799314875684305,75
ELMD3,202104,0.109202443860807,74
EMAE4,202104,0.0943866155953127,70
EMBR3,202104,0.0772723716735888,75
ENAT3,202104,0.0910608185703072,74
ENBR3,202104,0.0676657977787751,75
ENEV3,202104,0.0723043361810961,75
ENGI11,202104,0.0582377391276302,75
ENJU3,202104,0.0556806071938267,74
ENMT3,202104,0.0905606586778657,6
ENMT4,202104,0.0869024133187146,6
EQPA3,202104,0.0827796435612906,74
EQPA5,202104,0.190285235405843,65
EQPA7,202104,0.180015538791074,65
EQTL3,202104,0.0657659997457344,75
ESPA3,202104,0.0212498605435224,75
ETER3,202104,0.0965800270561302,73
EUCA4,202104,0.101397555373715,73
EVEN3,202104,0.0205419686281817,75
EZTC3,202104,0.0765856479676044,75
FESA4,202104,0.11663250515367,74
FHER3,202104,0.110689081713655,74
FLRY3,202104,0.0530901284876439,75
FRAS3,202104,0.131700233359514,74
GEPA4,202104,0.0750226274042195,56
GFSA3,202104,0.116376887825478,74
GGBR3,202104,0.079138309190268,74
GGBR4,202104,0.0246333212245255,75
GGPS3,202104,0.0486055091359514,75
GMAT3,202104,0.0731382356187432,75
GNDI3,202104,0.0527593699704896,75
GOAU3,202104,0.0561537851920507,74
GOAU4,202104,0.0629836826598119,75
GOLL4,202104,0.0682530686723229,75
GPCP3,202104,0.0810700515504199,73
GRND3,202104,0.0970955966027189,75
GUAR3,202104,0.110971146341045,75
HAGA4,202104,-0.0144945008799753,26
HAPV3,202104,0.0575238045278033,75
HBOR3,202104,0.055601359059899,75
HBRE3,202104,0.0902745671273605,74
HBSA3,202104,0.0881089361682783,75
HGTX3,202104,0.0575671574417536,76
HYPE3,202104,0.0978705697300998,75
IGBR3,202104,0.112835027419501,68
IGTA3,202104,0.0407466739968794,75
INEP3,202104,0.099651566862012,68
INEP4,202104,0.094684981195488,69
INTB3,202104,0.0813423774781106,74
IRBR3,202104,0.0344832943217753,76
ITSA3,202104,0.0719989385818147,71
ITSA4,202104,0.0553252637626522,75
ITUB3,202104,0.0173312801419786,73
ITUB4,202104,0.0544246059806264,75
JALL3,202104,0.14177851826913,74
JBSS3,202104,0.0584956808671244,75
JHSF3,202104,0.0594636335955426,75
JOPA3,202104,0.062639022003847,72
JPSA3,202104,0.111265953752126,75
JSLG3,202104,0.123376853788717,71
KEPL3,202104,0.119779824882789,76
KLBN11,202104,0.105726496648252,75
KLBN3,202104,0.0297202817843706,31
KLBN4,202104,0.033361182838802,68
KROT11,202104,0.1008679760918,63
LAME3,202104,0.0489027579514882,75
LAME4,202104,0.0572378561013987,77
LAVV3,202104,0.0614090636639622,75
LCAM3,202104,0.0318500653488468,75
LEVE3,202104,0.112663090794533,74
LIGT3,202104,0.0466729807897295,74
LINX3,202104,0.0938259732480411,75
LJQQ3,202104,0.0473108739351444,74
LLIS3,202104,0.0609819428299934,71
LOGG3,202104,0.0442979865391619,74
LOGN3,202104,0.092107320498622,74
LPSB3,202104,0.0308273510162712,74
LREN3,202104,0.0478805958409243,75
LUPA3,202104,0.122223494729649,71
LUXM4,202104,0.134096331972013,6
LWSA3,202104,0.0230930005138624,75
MATD3,202104,0.0857818759849505,75
MBLY3,202104,0.0605761738067503,74
MDIA3,202104,0.0774110880212792,75
MDNE3,202104,0.0702265564479775,74
MEAL3,202104,0.0855790428474153,74
MELK3,202104,0.0603452695857901,74
MGLU3,202104,0.0658884001610588,75
MILS3,202104,0.123376568554996,74
MMXM3,202104,0.116455752772271,66
MOAR3,202104,0.11198238937686,6
MODL11,202104,0.0917697723040063,73
MOSI3,202104,0.0889307648881731,74
MOVI3,202104,0.102295230053041,75
MRFG3,202104,0.0597712576648055,75
MRVE3,202104,0.0426013833411639,75
MTRE3,202104,0.0703151057411525,74
MTSA4,202104,0.101988868722559,68
MULT3,202104,0.0473122217076861,75
MYPK3,202104,0.108902333743331,74
NEOE3,202104,0.0908018784849389,76
NGRD3,202104,0.137749106807563,74
NTCO3,202104,0.0570849615322846,75
ODPV3,202104,0.0450372594400906,74
OFSA3,202104,0.106912460355422,74
OIBR3,202104,0.0820564405685232,76
OIBR4,202104,0.062905575712799,69
OMGE3,202104,0.097858220468599,74
OPCT3,202104,0.0639867076164818,74
ORVR3,202104,0.0692643539470426,73
OSXB3,202104,0.120990804892139,68
PARD3,202104,0.0625894139539798,75
PCAR3,202104,0.058095582207161,75
PDTC3,202104,0.00100919978382066,68
PETR3,202104,0.0768444942788691,75
PETR4,202104,0.0384704067346167,76
PETZ3,202104,0.0597459579492177,75
PFRM3,202104,0.128261172835226,74
PGMN3,202104,0.0943648811131805,74
PINE4,202104,0.187427019412532,65
PLPL3,202104,0.0826712522878585,74
PMAM3,202104,0.115373523240258,71
PNVL3,202104,0.0687583331262843,76
PNVL4,202104,0.0882646473706014,70
POMO3,202104,0.11994796926912,60
POMO4,202104,0.0877569923645535,75
POSI3,202104,0.113628890894129,74
POWE3,202104,0.064589274470597,74
PPLA11,202104,0.178991690328973,65
PRIO3,202104,0.0872731253436434,75
PRNR3,202104,0.176087603727927,71
PSSA3,202104,0.108486713402467,76
PTBL3,202104,0.128768672126029,74
PTNT4,202104,-0.0168167399538246,69
QUAL3,202104,0.0716860654790733,75
RADL3,202104,0.0595057321423853,75
RAIL3,202104,0.0715341396883257,75
RANI3,202104,0.113590438658195,74
RAPT3,202104,0.0613164146602471,72
RAPT4,202104,0.0448506205593649,74
RCSL3,202104,0.1167736419942,68
RCSL4,202104,0.0191173038771741,74
RDNI3,202104,0.122276543191709,72
RDOR3,202104,0.0815303223614912,75
REDE3,202104,0.02800443108311,28
RENT3,202104,0.0640383731342676,75
ROMI3,202104,0.122569083237813,74
RPAD3,202104,0.0606032153865911,72
RPMG3,202104,0.169225957760521,65
RRRP3,202104,0.074059382528672,75
RSID3,202104,0.104372066001935,68
SANB11,202104,0.0998100726180521,75
SANB3,202104,0.132492940352004,59
SAPR11,202104,0.0358526452889453,75
SAPR4,202104,0.0205540330232324,74
SBFG3,202104,0.1052573564836,74
SBSP3,202104,0.0622373932368057,75
SCAR3,202104,0.13771089533575,59
SEER3,202104,0.121629101105939,75
SEQL3,202104,0.119342530586101,74
SGPS3,202104,0.137521439975729,68
SHOW3,202104,0.0861296608806084,72
SHUL4,202104,0.101698612904225,74
SIMH3,202104,0.113089960343128,75
SLCE3,202104,0.105576763930918,74
SMLS3,202104,0.120175807253346,75
SMTO3,202104,0.0681387167101192,74
SOJA3,202104,0.0827022929521853,74
SOMA3,202104,0.0391633999447851,75
SQIA3,202104,0.0932970492967792,74
STBP3,202104,0.0303168912191801,74
SULA11,202104,0.0825505538325353,76
SUZB3,202104,0.0511873986114814,75
TAEE11,202104,0.0736000295215464,75
TAEE4,202104,0.186407344149072,65
TASA3,202104,0.10734014930787,68
TASA4,202104,0.135094110922496,74
TCSA3,202104,0.131655706822521,74
TECN3,202104,0.157746086842442,65
TEND3,202104,0.110528137533108,75
TESA3,202104,0.0411130052869368,70
TFCO4,202104,0.0860260650089767,74
TGMA3,202104,0.0922016621612294,74
TIMS3,202104,0.0599574644785231,75
TOTS3,202104,0.0605171244554242,75
TPIS3,202104,0.12608764036505,73
TRIS3,202104,0.0360029759716439,75
TRPL4,202104,0.0861351112801975,74
TUPY3,202104,0.0775332214406346,74
TXRX3,202104,0.19737978933295,65
UCAS3,202104,0.170446322664259,60
UGPA3,202104,0.0642234794465673,75
UNIP3,202104,0.0599945822985274,74
UNIP6,202104,0.127933419393204,76
USIM3,202104,0.0686568027683397,74
USIM5,202104,0.054899799830533,75
VALE3,202104,0.0597490383721172,75
VAMO3,202104,0.0891734158890279,73
VIVA3,202104,0.0656812078326843,75
VIVT3,202104,0.0509027623686488,75
VLID11,202104,0.0517761456494932,56
VLID3,202104,0.114564859023804,74
VULC3,202104,0.113446224943367,75
VVAR3,202104,0.0724860584911586,76
WEGE3,202104,0.0664266884311815,75
WEST3,202104,0.0534327295328588,74
WHRL4,202104,0.186917133220145,65
WIZS3,202104,0.0851312086021531,74
YDUQ3,202104,0.057628238689941,75
AALR3,202105,0.0861919368576027,77
ABCB4,202105,0.0731749143504623,76
ABEV3,202105,0.0472311431891678,77
AERI3,202105,0.0602098110576229,76
AESB3,202105,0.0589214646958426,76
AGRO3,202105,0.0804164335841588,77
ALLD3,202105,0.0170048888860222,77
ALPA3,202105,-0.00334446581868506,75
ALPA4,202105,0.0527494652004957,76
ALPK3,202105,-0.0568686674677633,74
ALSO3,202105,0.0550354080839435,77
ALUP11,202105,0.0325597043301724,77
ALUP3,202105,-0.0092455336677453,53
AMAR3,202105,0.0620288956641366,76
AMBP3,202105,0.0481119531170471,77
ANIM3,202105,0.0721616168252496,76
APER3,202105,-0.0160091952247873,74
ARZZ3,202105,0.0751188971260047,77
ASAI3,202105,0.0479717472178564,77
ATMP3,202105,0.138738128270019,67
ATOM3,202105,0.00269477905677528,68
AVLL3,202105,0.111949357237166,68
AZEV3,202105,0.00378303899001828,74
AZUL4,202105,0.0559891683297766,77
B3SA3,202105,0.0581853586292287,77
BBAS3,202105,0.0600534992608139,77
BBDC3,202105,0.0445162260368288,77
BBDC4,202105,0.0559068290420855,77
BBRK3,202105,0.0638928793509747,75
BBSE3,202105,0.0593400700774646,77
BBTG11,202105,0.0381695662772053,61
BEEF11,202105,0.0501787238857372,69
BEEF3,202105,0.0516280050544882,77
BEES3,202105,0.0539766146853453,60
BIDI11,202105,0.0681210520497308,77
BIDI3,202105,0.00864532939283816,74
BIDI4,202105,0.0755821281045925,77
BIOM3,202105,0.182921852108217,67
BKBR3,202105,0.0502749857409338,76
BLAU3,202105,0.0694515318336293,77
BMGB4,202105,0.085830016118177,77
BMOB3,202105,0.0479216760935463,78
BOAS3,202105,0.0418193451031699,75
BPAC11,202105,0.0567314269380393,77
BPAC3,202105,0.0866360001445314,70
BPAC5,202105,0.0796081687909604,76
BPAN4,202105,0.0751378390450836,76
BRAP3,202105,0.0777705752876838,76
BRAP4,202105,0.0747730002644073,77
BRDT3,202105,0.0432241672702457,77
BRFS3,202105,0.0476295830834696,77
BRGE3,202105,0.0421582233082216,74
BRIV3,202105,0.0419568778339614,74
BRKM5,202105,0.0599617098372706,77
BRML3,202105,0.0587210495083906,77
BRPR3,202105,0.0743862705049356,76
BRSR6,202105,0.0719581419320399,76
BSEV3,202105,-0.000139680401934731,68
BTOW3,202105,0.042713162993965,77
CAML3,202105,0.0765280305144804,76
CARD3,202105,0.0892060777531229,76
CASH3,202105,0.0524702305221681,77
CCPR3,202105,0.068745947686839,77
CCRO3,202105,0.0576452069763632,77
CEAB3,202105,0.0529711296460155,77
CEBR3,202105,0.170525508939793,67
CEEB3,202105,0.0738506288568564,5
CEED3,202105,0.0526317980706812,7
CEED4,202105,0.0815464469771626,5
CEPE3,202105,0.0688071590600756,6
CEPE5,202105,0.0522019498723562,7
CESP3,202105,0.0414197087092033,69
CESP6,202105,0.0645377206261678,76
CGAS5,202105,0.177678603416131,72
CGRA4,202105,0.0467027201064381,75
CIEL3,202105,0.0647497235343124,77
CLSC3,202105,0.0507672539521513,65
CLSC4,202105,0.0532568761759337,75
CMIG3,202105,0.0601755030548596,76
CMIG4,202105,0.0562156962311648,77
CMIN3,202105,0.0714016288719905,78
COCE3,202105,-0.00718155386142284,21
COCE5,202105,0.0760300333510882,76
COGN3,202105,0.0582342939474841,77
CPFE3,202105,0.0735618441600986,77
CPLE11,202105,0.0792691932529201,76
CPLE3,202105,0.0584229054513272,75
CPLE6,202105,0.0554544838748122,77
CRDE3,202105,0.00586103872896852,76
CRFB3,202105,0.0613956783745556,77
CRIV4,202105,0.0598017486685314,60
CRPG5,202105,-0.00541218966855874,70
CSAN3,202105,0.0496524862722451,78
CSED3,202105,0.0665015130696883,77
CSMG3,202105,0.063983562353706,77
CSNA3,202105,0.0563703886196202,77
CSRN3,202105,0.0629607477348358,5
CSRN5,202105,0.0665168109368156,5
CTKA4,202105,0.162433869124269,67
CTNM4,202105,0.0437199600695029,74
CURY3,202105,0.0690619359457298,76
CVCB3,202105,0.086391193434233,77
CXSE3,202105,0.0527993787486166,72
CYRE3,202105,0.051642120412522,77
DASA3,202105,0.0628765980307689,77
DIRR3,202105,0.0784531452489917,76
DMMO11,202105,0.066918465218535,52
DMMO3,202105,0.0867150920112444,76
DMVF3,202105,0.081744408224947,75
DOTZ3,202105,0.001746274511895,75
DTEX3,202105,0.0740859782896021,77
EALT4,202105,0.0628749778180338,70
ECOR3,202105,0.0569831543076768,77
EGIE3,202105,0.0552495201109309,77
ELET3,202105,0.0529232832017724,77
ELET6,202105,0.0489592804613546,77
ELMD3,202105,0.0634974923948172,75
EMAE4,202105,0.0291678725259448,71
EMBR3,202105,0.0552959064286107,77
ENAT3,202105,0.0759711149501294,76
ENBR3,202105,0.0679428865104197,77
ENEV3,202105,0.0397899964658195,77
ENGI11,202105,0.0561950335914136,77
ENJU3,202105,0.0348290793047537,76
ENMT3,202105,0.135862392904502,14
ENMT4,202105,0.136793772405909,14
EQPA3,202105,0.0566496416837236,76
EQPA5,202105,0.179893160338281,67
EQPA7,202105,0.188643795112326,67
EQTL3,202105,0.0585338708664275,77
ESPA3,202105,0.0547590024795976,77
ETER3,202105,0.0645744692795552,75
EUCA4,202105,0.071574881029496,75
EVEN3,202105,0.0637727146403839,77
EZTC3,202105,0.0365491173679173,77
FESA4,202105,0.0849661835438935,76
FHER3,202105,0.0633129838634299,76
FLRY3,202105,0.0571884877543756,77
FRAS3,202105,0.0873184928951957,75
GEPA4,202105,0.0292921237352876,58
GFSA3,202105,0.085689773320526,76
GGBR3,202105,0.00761186866223258,72
GGBR4,202105,0.0598750893825011,77
GGPS3,202105,0.0493799277125803,78
GMAT3,202105,0.0277683856202382,77
GNDI3,202105,0.0584569605847586,77
GOAU3,202105,0.0581544709099213,76
GOAU4,202105,0.0432557927534479,77
GOLL4,202105,0.0590951781651997,77
GPCP3,202105,0.128357452676127,71
GRND3,202105,0.0472515184009066,76
GUAR3,202105,0.0872255101110708,77
HAGA4,202105,0.104373288617006,25
HAPV3,202105,0.0563615944702808,77
HBOR3,202105,0.0437580334767396,77
HBRE3,202105,0.0307940257974707,76
HBSA3,202105,0.0583768196122346,76
HGTX3,202105,0.0373829475032729,77
HYPE3,202105,0.050718377676408,77
IFCM3,202105,0.0607095234695501,72
IGBR3,202105,-0.00150853555633815,68
IGTA3,202105,0.0538147537960134,77
INEP3,202105,-0.00764373711476016,68
INTB3,202105,0.063775605061969,76
IRBR3,202105,0.0692394125665643,77
ITSA3,202105,0.056365256247296,72
ITSA4,202105,0.0360799441204798,77
ITUB3,202105,0.0167526887310416,75
ITUB4,202105,0.0519626983451685,77
JALL3,202105,0.0673021893574794,76
JBDU4,202105,0.151570691280432,67
JBSS3,202105,0.0493795824815896,77
JHSF3,202105,0.0644152099407445,77
JOPA3,202105,0.0436741292307692,74
JPSA3,202105,0.0820385715302323,77
JSLG3,202105,0.0646575732863704,76
KEPL3,202105,0.0923486672626239,77
KLBN11,202105,0.0527833968352842,76
KLBN3,202105,0.0212916886571227,33
KLBN4,202105,0.0377538819854991,33
KROT11,202105,0.0845141635600783,65
LAME3,202105,0.0576108592104674,77
LAME4,202105,0.0503124202072171,78
LAVV3,202105,0.0455349563269855,77
LCAM3,202105,0.059643225597427,77
LEVE3,202105,0.0925971331552333,76
LIGT3,202105,0.0508890988108247,76
LINX3,202105,0.0881630786346026,77
LJQQ3,202105,0.0564839974237793,77
LLIS3,202105,0.0421606282991703,76
LOGG3,202105,0.0588285074636624,76
LOGN3,202105,0.0726500680670531,76
LPSB3,202105,0.0419636614334883,76
LREN3,202105,0.0549898735860066,77
LUPA3,202105,0.0704379016573812,75
LUXM4,202105,0.167402967812994,14
LWSA3,202105,0.0467853561262714,77
MATD3,202105,0.0707066628089593,77
MBLY3,202105,0.0728243215366933,76
MDIA3,202105,0.0684685844429883,77
MDNE3,202105,0.054547642453149,76
MEAL3,202105,0.0785540199999329,76
MELK3,202105,0.0391142372779276,77
MGLU3,202105,0.0576738380717428,77
MILS3,202105,0.0786601122437887,76
MMXM3,202105,0.0168585432287087,67
MNDL3,202105,0.129034234345617,67
MOAR3,202105,0.168873066253773,14
MODL11,202105,0.0745098142083519,77
MOSI3,202105,0.00478403062306891,76
MOVI3,202105,0.0767956009610589,77
MRFG3,202105,0.043743028787972,77
MRVE3,202105,0.0451752592474523,77
MTRE3,202105,0.0657157455305878,76
MTSA4,202105,0.0687631673062342,70
MULT3,202105,0.0597338066272303,77
MYPK3,202105,0.0633436184349071,76
NEOE3,202105,0.0704895754118809,78
NGRD3,202105,0.0656809106771145,76
NINJ3,202105,0.078491455837367,76
NTCO3,202105,0.0452670084966498,77
ODPV3,202105,0.0400120709763659,76
OFSA3,202105,0.0390156005379533,76
OIBR3,202105,0.0678630224410761,77
OIBR4,202105,0.0639652272256971,62
OMGE3,202105,0.0467712304889654,76
OPCT3,202105,0.0501960377930947,76
ORVR3,202105,0.0266787266905038,75
OSXB3,202105,0.0098494020387338,68
PARD3,202105,0.0562967326418541,76
PCAR3,202105,0.0555406217499315,77
PDTC3,202105,0.0641513921619774,69
PETR3,202105,0.0537071499173037,77
PETR4,202105,0.0471301291486521,77
PETZ3,202105,0.0581683981559866,77
PFRM3,202105,0.0513496422659798,60
PGMN3,202105,0.0631925990098441,76
PINE4,202105,0.158176827176353,67
PLPL3,202105,0.0602545580043094,76
PMAM3,202105,0.187231361959092,67
PNVL3,202105,0.0767909309139502,78
PNVL4,202105,0.0532610755149331,71
POMO3,202105,-0.0540332539713825,62
POMO4,202105,0.0653860356690069,77
POSI3,202105,0.0787557057001083,76
POWE3,202105,0.0607919566572235,76
PPLA11,202105,0.0644245375406161,66
PRIO3,202105,0.0437627262148877,77
PRNR3,202105,0.0444715392272256,73
PSSA3,202105,0.0721418205851134,77
PTBL3,202105,0.0878997906702157,76
PTNT4,202105,0.181177554529702,67
QUAL3,202105,0.0504123547099612,77
RADL3,202105,0.0557229318086978,77
RAIL3,202105,0.0482805730838077,77
RANI3,202105,0.082595103439338,76
RAPT3,202105,0.039898192425173,74
RAPT4,202105,0.0613483706791742,76
RCSL3,202105,-0.000169637428354553,68
RCSL4,202105,0.0574554738954567,76
RDNI3,202105,0.0914026200617568,74
RDOR3,202105,0.0535146202256703,77
RECV3,202105,0.0496653075858107,77
RENT3,202105,0.0467869012143789,77
RNEW4,202105,0.18184071172068,67
ROMI3,202105,0.0856415309602606,76
RPAD3,202105,0.042678246797737,74
RRRP3,202105,0.0619873377565497,77
RSID3,202105,0.00642445536049508,68
SANB11,202105,0.055391848989087,77
SAPR11,202105,0.0700927719059046,77
SAPR4,202105,0.0622226118792257,76
SBFG3,202105,0.0631591557901937,76
SBSP3,202105,0.0662187231112389,77
SCAR3,202105,0.0427383796084006,60
SEER3,202105,0.064016713804277,77
SEQL3,202105,0.0866427990701572,76
SGPS3,202105,-0.00350297928447418,68
SHOW3,202105,0.0427064920759603,75
SHUL4,202105,0.0948669089223589,76
SIMH3,202105,0.0631815709862313,77
SLCE3,202105,0.0827312370832451,76
SMLS3,202105,0.0693119357813407,77
SMTO3,202105,0.0614923202480584,76
SOJA3,202105,0.0555838196446822,76
SOMA3,202105,0.0509961341488578,76
SQIA3,202105,0.0520392744523634,76
STBP3,202105,0.0534588224841843,76
SULA11,202105,0.0414500894274764,78
SUZB3,202105,0.0410661509987187,77
TAEE11,202105,0.0603861038280106,77
TAEE4,202105,0.180740486019938,67
TASA4,202105,0.0968715086681102,76
TCNO4,202105,0.156196461531741,67
TCSA3,202105,0.055157639860332,76
TECN3,202105,0.148095732666051,62
TEND3,202105,0.0544785841287955,77
TESA3,202105,0.0320200334399817,71
TFCO4,202105,0.0631422734658656,76
TGMA3,202105,0.040364073357527,76
TIMS3,202105,0.0538018295544738,77
TOTS3,202105,0.0571244797083243,77
TPIS3,202105,0.0969670184946843,76
TRIS3,202105,0.0616172936664944,77
TRPL4,202105,0.0827099562965807,76
TUPY3,202105,0.0905058318907256,76
TXRX3,202105,0.18029819043438,67
UCAS3,202105,0.0489127098595438,61
UGPA3,202105,0.0526935830470192,77
UNIP3,202105,0.0732036055146462,76
UNIP6,202105,0.0766070222540616,77
USIM3,202105,0.0214581744608843,72
USIM5,202105,0.0537343753353388,77
VALE3,202105,0.0510480520953834,77
VAMO3,202105,0.0903437447861364,75
VIVA3,202105,0.0572605567782599,76
VIVT3,202105,0.0566325814989291,77
VLID11,202105,0.0381610096056881,57
VLID3,202105,0.0617502180521931,76
VULC3,202105,0.0857969461022265,77
VVAR3,202105,0.04418810880364,77
WEGE3,202105,0.0579447527215159,77
WEST3,202105,0.0534867344864873,76
WHRL4,202105,0.181003461040752,67
WIZS3,202105,0.0530780434329186,76
YDUQ3,202105,0.0539632422134024,77
AALR3,202106,0.0601097770734192,77
ABCB4,202106,0.0270153401635784,77
ABEV3,202106,0.0159942861946729,78
AERI3,202106,0.0269325618821854,77
AESB3,202106,0.0191354181045935,77
AGRO3,202106,0.0255565067664018,78
ALLD3,202106,0.054964851820081,77
ALPA3,202106,-0.0157199532922203,76
ALPA4,202106,0.0254438434960368,77
ALPK3,202106,0.0480537847497127,75
ALSO3,202106,0.0155400461254356,78
ALUP11,202106,0.0146559281390176,78
ALUP3,202106,-0.00177999827458773,51
AMAR3,202106,0.00881829135381456,77
AMBP3,202106,0.0106400916339471,77
ANIM3,202106,0.0208731149429559,77
APER3,202106,0.00746241436786956,75
ARZZ3,202106,0.0312135948173443,77
ASAI3,202106,-0.000182157733666234,78
ATMP3,202106,0.0610906837083389,68
ATOM3,202106,0.0747285217297589,69
AVLL3,202106,0.0382331485890171,70
AZEV3,202106,0.0247094042229871,68
AZEV4,202106,0.0455467920032978,69
AZUL4,202106,0.0127083675187252,78
B3SA3,202106,0.0149859633156056,78
BBAS3,202106,0.00610364641521074,78
BBDC3,202106,0.0061072467270133,78
BBDC4,202106,0.00714070793366812,78
BBRK3,202106,0.00577654437493136,76
BBSE3,202106,-0.00923053838839516,78
BBTG11,202106,0.0436682384183421,62
BEEF11,202106,0.0451577961215777,70
BEEF3,202106,0.00626034525553292,78
BEES3,202106,0.0678522860690222,60
BIDI11,202106,0.0028935940910258,78
BIDI3,202106,0.0237558288996842,75
BIDI4,202106,0.020874521977194,78
BIOM3,202106,0.0536998594777713,68
BKBR3,202106,0.0623983052569515,77
BLAU3,202106,0.0227089013341474,77
BMGB4,202106,0.0229918144502519,77
BMIN4,202106,0.0598473629276907,68
BMOB3,202106,0.022148156072654,78
BOAS3,202106,0.038682050580174,77
BPAC11,202106,0.00188231406734679,78
BPAC3,202106,0.0243073248228733,70
BPAC5,202106,0.0191517849315544,77
BPAN4,202106,-0.00309646197355845,77
BRAP3,202106,0.0297595880149617,77
BRAP4,202106,-0.00533073555235783,78
BRBI11,202106,0.0316870352095146,77
BRDT3,202106,0.0236669164400036,78
BRFS3,202106,0.00300431599313869,78
BRGE3,202106,0.0389758630731004,76
BRIV3,202106,0.0371277690980767,76
BRKM5,202106,-0.0134875130763226,78
BRML3,202106,0.0021610639279571,78
BRPR3,202106,0.017577985097459,78
BRSR6,202106,0.00792379150659014,77
BSEV3,202106,0.0666327905746907,69
BTOW3,202106,0.0233134619019608,78
CAML3,202106,0.022405505265255,77
CARD3,202106,0.0238840189721406,77
CASH3,202106,0.0327705452969568,77
CCPR3,202106,0.0217924482677102,77
CCRO3,202106,0.0104711263924458,78
CEAB3,202106,0.0289182441734673,78
CEBR3,202106,0.0540875030817927,68
CEEB3,202106,0.17744521115954,5
CEED3,202106,0.158363422498247,7
CEED4,202106,0.153172206093891,7
CEPE3,202106,0.132474774733167,8
CEPE5,202106,0.142723725199089,7
CESP3,202106,0.0124105620523874,69
CESP6,202106,0.0207635188886232,77
CGAS5,202106,0.0493331924492399,72
CGRA4,202106,0.0608793347626122,71
CIEL3,202106,0.0241792449495523,79
CLSC3,202106,0.0341262040041948,67
CLSC4,202106,0.0423177181983624,75
CMIG3,202106,0.0194255542337781,77
CMIG4,202106,0.00609633861578999,78
CMIN3,202106,0.056394299527154,77
COCE3,202106,0.0701155014350653,21
COCE5,202106,0.0353317703995689,77
COGN3,202106,0.0155347120025057,78
CPFE3,202106,0.00328417633822736,78
CPLE11,202106,0.0276057501413521,76
CPLE3,202106,0.0190859134144603,76
CPLE6,202106,-0.00627143845371312,78
CRDE3,202106,0.00091260845550923,76
CRFB3,202106,0.0465770527480804,78
CRIV3,202106,0.0350492035609913,76
CRIV4,202106,0.0706620470963225,60
CRPG5,202106,0.0583502124672484,71
CSAN3,202106,0.0308965910238769,78
CSED3,202106,0.027200942762891,77
CSMG3,202106,0.0132909298927912,78
CSNA3,202106,-0.000382273230769028,78
CSRN3,202106,0.0900906688166195,7
CSRN5,202106,0.0893564240178483,5
CTKA4,202106,0.0597507621773608,68
CTNM4,202106,0.0363418056168418,76
CURY3,202106,0.0401264032360481,77
CVCB3,202106,0.00528758880022937,78
CXSE3,202106,0.0157200208730896,77
CYRE3,202106,-0.000944677128024898,78
DASA3,202106,0.0608842115740713,77
DEXP3,202106,0.0206217021842076,76
DIRR3,202106,0.0222026298590331,77
DMMO11,202106,0.0124267245618088,55
DMMO3,202106,0.0208637054181869,76
DMVF3,202106,0.0275673815390925,75
DOTZ3,202106,0.0827790169272214,76
DTEX3,202106,0.0472518357389481,78
EALT4,202106,0.0719646326961698,71
ECOR3,202106,0.0323126135225277,78
EGIE3,202106,0.00464060335454023,78
ELET3,202106,0.0136688596133591,78
ELET6,202106,0.0039112751345736,78
ELMD3,202106,0.0181205008920456,76
EMAE4,202106,0.0502830410416655,72
EMBR3,202106,0.00687216572802558,78
ENAT3,202106,0.0328497868355742,77
ENBR3,202106,-0.00865277244374833,78
ENEV3,202106,0.0408891813566611,78
ENGI11,202106,0.013704185840904,78
ENJU3,202106,0.0149001130138667,77
ENMT3,202106,0.0241089914370804,6
ENMT4,202106,0.0238678495617195,6
EQPA3,202106,0.0350990894634739,76
EQPA5,202106,-0.00577724569355904,68
EQPA7,202106,0.0280321739862228,68
EQTL3,202106,0.0249074747439441,78
ESPA3,202106,0.0229622213332476,78
ETER3,202106,0.103011928102936,76
EUCA4,202106,0.0262102550076051,76
EVEN3,202106,0.00835427378383548,78
EZTC3,202106,0.0156792413061418,78
FESA4,202106,0.0210051008671718,77
FHER3,202106,0.0494564202037721,76
FLRY3,202106,0.0165053074278867,78
FRAS3,202106,0.0775024547345045,71
GEPA4,202106,0.0549722090767052,59
GFSA3,202106,0.0260898034875588,77
GGBR3,202106,-0.00563359774091034,73
GGBR4,202106,0.0147781387775938,78
GGPS3,202106,0.0214945565891642,78
GMAT3,202106,0.0168827928762349,78
GNDI3,202106,0.0160161951857479,78
GOAU3,202106,0.0268554235958394,77
GOAU4,202106,0.0157378012561694,79
GOLL4,202106,0.0187681788571113,78
GRND3,202106,0.0338365799482262,78
GUAR3,202106,0.0126285778698061,78
HAPV3,202106,0.0343108925846972,78
HBOR3,202106,0.0385252902780676,77
HBRE3,202106,0.00989540632991938,77
HBSA3,202106,0.0200072317551244,77
HGTX3,202106,0.055079107457544,78
HYPE3,202106,0.00197517984252093,78
IFCM3,202106,0.0473825045650236,77
IGBR3,202106,0.0918859527876476,69
IGTA3,202106,0.0176752824895682,78
INEP3,202106,0.0657830641908483,69
INTB3,202106,0.0124976158697176,77
IRBR3,202106,0.0157949877533435,78
ITSA3,202106,0.0412715256880901,73
ITSA4,202106,0.021504207334892,78
ITUB3,202106,0.0346281880140187,77
ITUB4,202106,0.00393713133561902,78
JALL3,202106,0.0722856721001509,77
JBSS3,202106,-0.000312561677425881,78
JHSF3,202106,0.021121226790842,78
JOPA3,202106,0.0334148838565866,76
JPSA3,202106,0.023282262668042,78
JSLG3,202106,0.0669142822053437,78
KEPL3,202106,0.032415197400469,77
KLBN11,202106,-0.00300297279034092,77
KLBN3,202106,0.0199211180904978,33
KLBN4,202106,0.0381390063802951,74
KROT11,202106,0.0267949445756208,66
LAME3,202106,0.0153210197083112,77
LAME4,202106,0.046117861479544,78
LAVV3,202106,0.0289567696655275,79
LCAM3,202106,0.0111944955891765,78
LEVE3,202106,0.0219020135272039,77
LIGT3,202106,0.0521029254108462,77
LJQQ3,202106,0.0530874046709142,78
LLIS3,202106,0.0694590181749741,77
LLISE3,202106,0.0562347092359937,53
LOGG3,202106,0.041448843260804,77
LOGN3,202106,0.0857079761405797,77
LPSB3,202106,0.0418273399319732,77
LREN3,202106,0.02421153826546,79
LUPA3,202106,0.077858811308303,74
LUXM4,202106,0.0348255412022723,6
LWSA3,202106,0.0178799668953939,78
MATD3,202106,0.015454308919089,77
MBLY3,202106,0.0238398253680405,77
MDIA3,202106,0.0284880997395136,78
MDNE3,202106,0.0211310807929685,77
MEAL3,202106,0.0178277316659867,77
MELK3,202106,0.0380228692666809,77
MGLU3,202106,0.0201267518667988,78
MILS3,202106,0.058558192619618,77
MMXM3,202106,0.0774917775426578,68
MOAR3,202106,0.0289780457145768,6
MODL11,202106,0.00912375140909634,78
MOSI3,202106,0.0232095118930368,76
MOVI3,202106,0.019397975400545,77
MRFG3,202106,0.00346946736261136,78
MRVE3,202106,0.00613134905547368,78
MTRE3,202106,0.0295955917157923,77
MTSA4,202106,0.0347502858722712,71
MULT3,202106,0.0105377481564753,78
MYPK3,202106,0.0235890603878067,77
NEOE3,202106,0.0136622784262488,79
NGRD3,202106,0.0994276836174592,77
NINJ3,202106,0.019142708934639,78
NTCO3,202106,0.0209682031775761,78
ODPV3,202106,0.0260226455063764,77
OFSA3,202106,0.0268500864197578,77
OIBR3,202106,0.0381770538169598,78
OIBR4,202106,0.118191396109351,65
OMGE3,202106,0.0147466589941917,78
OPCT3,202106,0.0163577176394221,77
ORVR3,202106,0.0500054011397261,77
PARD3,202106,0.0219994189378067,77
PCAR3,202106,0.00996509279558819,78
PDTC3,202106,0.029332238975047,67
PETR3,202106,0.00729792396197239,78
PETR4,202106,-0.000527430077362662,78
PETZ3,202106,0.0395142961288734,78
PFRM3,202106,0.0453682356218616,72
PGMN3,202106,0.0294836319808401,77
PINE4,202106,0.0539489968356089,68
PLPL3,202106,0.0224713353571683,77
PMAM3,202106,0.0572861986564339,68
PNVL3,202106,0.0128670306715047,79
PNVL4,202106,0.0389429912662437,72
POMO3,202106,0.183852045272186,63
POMO4,202106,0.0715289085283582,77
POSI3,202106,0.031892664186061,77
POWE3,202106,0.0419181227069819,76
PPLA11,202106,0.0521071952775031,62
PRIO3,202106,-0.00641852777043129,78
PRNR3,202106,-0.0183763177627869,69
PSSA3,202106,0.0165455363696789,75
PTBL3,202106,0.0274943588095298,77
PTNT4,202106,0.0283754261927318,68
QUAL3,202106,0.0332109735024159,78
RADL3,202106,0.0188037395643997,78
RAIL3,202106,-0.00616741200615313,78
RANI3,202106,0.0305570075754701,77
RAPT3,202106,0.036161585307651,76
RAPT4,202106,0.0110254916031134,78
RCSL3,202106,0.0762587132613167,69
RCSL4,202106,0.0241017522555879,77
RDNI3,202106,0.0204482543414149,75
RDOR3,202106,0.0280683240423849,78
RECV3,202106,0.035457437007744,78
RENT3,202106,0.0275612131534116,78
ROMI3,202106,0.0288404300541957,77
RPAD3,202106,0.0365809210439416,76
RPMG3,202106,0.0724166624017854,61
RRRP3,202106,0.0110769713766882,78
RSID3,202106,0.0359017157372488,70
SANB11,202106,-0.00308438721272944,78
SAPR11,202106,0.0067590004397868,78
SAPR4,202106,0.0514784652321619,77
SBFG3,202106,0.0202085709146506,77
SBSP3,202106,0.0103883252041138,78
SCAR3,202106,0.0664575010792179,60
SEER3,202106,0.0561183002703576,77
SEQL3,202106,0.0222018104662634,78
SGPS3,202106,0.0445330833597051,69
SHOW3,202106,0.04800234505762,76
SHUL4,202106,0.0181240128132408,76
SIMH3,202106,0.0245347770937785,78
SLCE3,202106,0.0112093850972739,77
SMTO3,202106,-0.000499312809997648,77
SOJA3,202106,0.0202520401525716,77
SOMA3,202106,0.024552771729312,77
SQIA3,202106,0.0832150824919834,77
STBP3,202106,0.0628327346702198,77
SULA11,202106,0.00249071939316081,79
SUZB3,202106,0.0100145890327296,78
TAEE11,202106,0.00420497032669289,78
TAEE4,202106,0.0534334812833069,68
TASA3,202106,0.0733838939361433,69
TASA4,202106,0.0706247355733573,77
TCSA3,202106,0.0321782875718481,77
TECN3,202106,0.0344444916292326,74
TEND3,202106,0.0138050795091923,78
TESA3,202106,0.0271040585891767,73
TFCO4,202106,0.0381198714799583,77
TGMA3,202106,0.0767336324200237,78
TIMS3,202106,0.00355860554902931,78
TOTS3,202106,0.0187048439802636,78
TPIS3,202106,0.0322583026572419,76
TRIS3,202106,0.00412979976767609,77
TRPL4,202106,0.0116941494836615,77
TUPY3,202106,0.0192411158023347,77
TXRX3,202106,0.0539909036772321,68
UCAS3,202106,0.0843151562133534,68
UGPA3,202106,0.00631114299283874,78
UNIP3,202106,0.034820282525435,77
UNIP6,202106,0.0303459709713147,78
USIM3,202106,-0.00458182090619885,73
USIM5,202106,0.0124783844254409,78
VALE3,202106,0.0106701150081809,79
VAMO3,202106,0.0338590469242518,77
VIVA3,202106,0.0177190673329424,77
VIVR3,202106,0.0212243021166194,70
VIVT3,202106,0.00258475308996384,78
VIVT4,202106,0.0399629220306677,66
VLID11,202106,0.145624451808213,58
VLID3,202106,0.0832403313601323,77
VULC3,202106,0.017633073340838,78
VVAR3,202106,0.0118901396284137,78
WEGE3,202106,0.0108942684125166,78
WEST3,202106,0.0263258786855599,77
WHRL4,202106,0.0489098857155782,68
WIZS3,202106,0.0211542121108337,77
YDUQ3,202106,0.0236780067409854,78
AALR3,202107,-0.0471901766967917,77
ABCB4,202107,-0.0696122822068138,77
ABEV3,202107,-0.0244146548480295,78
AERI3,202107,-0.0537893421843158,77
AESB3,202107,-0.0488783397583568,77
AGRO3,202107,-0.0641063480460481,77
AGXY3,202107,-0.0797492896969042,73
ALLD3,202107,-0.0858922201447699,77
ALPA3,202107,-0.0384605760454188,76
ALPA4,202107,-0.0276166909235244,77
ALPK3,202107,-0.0696964837924767,75
ALSO3,202107,-0.0270436936141494,77
ALUP11,202107,-0.0359823378798041,77
ALUP3,202107,-0.0399407690061399,55
AMAR3,202107,-0.0673243253132559,77
AMBP3,202107,-0.0767779635279669,77
AMER3,202107,-0.065792112042882,78
ANIM3,202107,-0.0724269688113962,77
APER3,202107,-0.0496086745287281,75
ARML3,202107,-0.0635849936619636,77
ARZZ3,202107,-0.0498367684360249,77
ASAI3,202107,-0.0275844190784931,78
ATMP3,202107,-0.0733518582830089,69
ATOM3,202107,-0.0520974454879407,69
AVLL3,202107,-0.0675628797042007,69
AZEV3,202107,-0.0816693564994217,69
AZEV4,202107,-0.065731568547315,69
AZUL4,202107,-0.0421435521836012,78
B3SA3,202107,-0.0411397307545212,78
BAHI3,202107,0.0327064982363722,26
BBAS3,202107,-0.048364408773167,78
BBDC3,202107,-0.0423447254729423,78
BBDC4,202107,-0.0590979981953404,77
BBRK3,202107,-0.0198189411133873,76
BBSE3,202107,-0.057611490123858,78
BBTG11,202107,-0.0634481938199436,62
BEEF11,202107,-0.0504283822217394,70
BEEF3,202107,-0.0653923100479828,78
BEES3,202107,-0.0242094551062079,60
BIDI11,202107,-0.021532428324754,78
BIDI3,202107,-0.0706299393448853,77
BIDI4,202107,-0.0777313135393609,77
BIOM3,202107,-0.0801403957628328,69
BKBR3,202107,-0.0760322705624467,77
BLAU3,202107,-0.0753634476197129,77
BMGB4,202107,-0.0466948886883838,77
BMIN4,202107,-0.0817724261551222,69
BMOB3,202107,-0.071357449366466,78
BOAS3,202107,-0.0945082079952419,77
BPAC11,202107,-0.0295235577407426,78
BPAC3,202107,-0.0430153526443053,75
BPAC5,202107,-0.0304253148191243,77
BPAN4,202107,-0.0503079877978554,77
BRAP3,202107,-0.0552589850067855,77
BRAP4,202107,-0.0411929496366901,78
BRBI11,202107,-0.068460479946212,77
BRDT3,202107,-0.0389625896305363,79
BRFS3,202107,-0.0368302767316328,78
BRGE3,202107,-0.060582087878415,75
BRIT3,202107,-0.0947842499970847,77
BRIV3,202107,-0.0610454366321564,75
BRKM5,202107,-0.0739647207111671,78
BRML3,202107,-0.0339880606332266,78
BRPR3,202107,-0.0614952838889987,77
BRSR6,202107,-0.0671693148737778,77
BSEV3,202107,-0.0570766532147239,69
CAMB3,202107,-0.0731931269780609,69
CAML3,202107,-0.023140924283394,77
CARD3,202107,-0.0368686799033392,76
CASH3,202107,-0.0334921315709463,77
CBAV3,202107,-0.0758494953121136,77
CCPR3,202107,-0.0582463092672301,77
CCRO3,202107,-0.0430957527621569,78
CEAB3,202107,-0.0601480217078482,77
CEBR3,202107,-0.0786418399600607,69
CEEB3,202107,-0.0673221444676616,7
CEED3,202107,-0.00231230286075572,5
CEED4,202107,-0.0215622620243492,5
CEPE3,202107,-0.0296352204729006,6
CEPE5,202107,-0.0355622645674807,5
CESP3,202107,-0.0606196271373648,69
CESP6,202107,-0.0845412240624648,77
CGAS5,202107,-0.0745219172699814,73
CGRA4,202107,-0.0240716635657228,72
CIEL3,202107,-0.0682325357155071,79
CLSA3,202107,-0.0215862861666707,77
CLSC3,202107,-0.0601415892276626,67
CLSC4,202107,-0.0574823018669009,76
CMIG3,202107,-0.0514255831470639,77
CMIG4,202107,-0.0543198638844629,78
CMIN3,202107,-0.0722840804097067,77
COCE3,202107,-0.0185465901637302,21
COCE5,202107,-0.0475856533705011,77
COGN3,202107,-0.0628414792887569,78
CPFE3,202107,-0.0572114226562804,78
CPLE11,202107,-0.0489021089880855,77
CPLE3,202107,-0.0346686484172229,76
CPLE6,202107,-0.0751141093469247,78
CRDE3,202107,-0.0408740819765545,76
CRFB3,202107,-0.0517582003988616,78
CRIV3,202107,-0.0595625165402105,75
CRIV4,202107,-0.023929394179965,60
CRPG5,202107,-0.049551680218096,72
CSAN3,202107,-0.0779393075323086,78
CSED3,202107,-0.0530209864356215,77
CSMG3,202107,-0.0837308194616538,77
CSNA3,202107,-0.0353920103436778,78
CSRN3,202107,-0.0408173852646853,7
CSRN5,202107,-0.0347289312341474,5
CTKA4,202107,-0.0920642313321496,69
CTNM4,202107,-0.059836171030291,75
CURY3,202107,-0.0730108825750082,77
CVCB3,202107,-0.0678084230588443,78
CXSE3,202107,-0.0778270967128519,77
CYRE3,202107,-0.0477825692410875,78
DASA3,202107,-0.0799438290598115,77
DESK3,202107,-0.0503772969208552,77
DEXP3,202107,-0.0404217327072179,76
DIRR3,202107,-0.0594578946123446,77
DMMO3,202107,-0.0722054860619005,75
DMVF3,202107,-0.0428772158067236,76
DOTZ3,202107,-0.114161269038944,76
DTEX3,202107,-0.0575837059599553,77
EALT4,202107,-0.0240700649719742,72
ECOR3,202107,-0.027954346528506,78
EGIE3,202107,-0.0547187655622194,78
ELET3,202107,-0.0233349422149599,78
ELET6,202107,-0.0580488175544444,78
ELMD3,202107,-0.047383705767436,76
EMAE4,202107,-0.0518623293634359,72
EMBR3,202107,-0.0457807432175458,78
ENAT3,202107,-0.0348492322211148,77
ENBR3,202107,-0.0823243783699112,78
ENEV3,202107,-0.0744156290525309,79
ENGI11,202107,-0.0233455297608553,78
ENJU3,202107,-0.0523515685888673,77
ENMT3,202107,0.122973261368546,5
ENMT4,202107,0.114355038778065,5
EQPA3,202107,-0.0711746724804048,76
EQTL3,202107,-0.038834054160117,78
ESPA3,202107,-0.0251407730957278,77
ETER3,202107,-0.0404323829450034,76
EUCA4,202107,-0.072356683838765,76
EVEN3,202107,-0.0470147655972518,77
EZTC3,202107,-0.0761319960067211,78
FESA4,202107,-0.0443948212543035,77
FHER3,202107,-0.0408062466083809,76
FIQE3,202107,-0.0740285459707942,78
FLRY3,202107,-0.04521475381856,78
FRAS3,202107,-0.0493384605385451,75
GEPA4,202107,-0.052725532482644,59
GFSA3,202107,-0.0647357437216268,77
GGBR3,202107,-0.0383032063405883,73
GGBR4,202107,-0.0349626590259513,78
GGPS3,202107,-0.0239387465801472,78
GMAT3,202107,-0.0707197677235446,78
GNDI3,202107,-0.0219956196399728,78
GOAU3,202107,-0.0592135643318709,77
GOAU4,202107,-0.0524783250343623,79
GOLL4,202107,-0.0474012963485471,78
GRND3,202107,-0.0485423917275932,78
GUAR3,202107,-0.0657873064117585,77
HAGA4,202107,0.0594680751394091,26
HAPV3,202107,-0.0676793185274547,78
HBOR3,202107,-0.0879374942163259,77
HBRE3,202107,-0.0627689318232803,73
HBSA3,202107,-0.0636118805563033,77
HGTX3,202107,-0.0523325767304542,78
HYPE3,202107,-0.0734073114077681,78
IFCM3,202107,-0.0738136166093521,77
IGTA3,202107,-0.036171879947767,78
INEP3,202107,-0.0748010197491433,69
INTB3,202107,-0.055473959225864,77
IRBR3,202107,-0.0663994103000647,78
ITSA3,202107,-0.0523643628160285,73
ITSA4,202107,-0.0285150182131782,78
ITUB3,202107,-0.0593847378960828,76
ITUB4,202107,-0.0310056871480538,79
JALL3,202107,-0.0799065094341805,77
JBSS3,202107,-0.035635989537687,78
JHSF3,202107,-0.0549429059465555,78
JOPA3,202107,-0.0623066529226814,75
JPSA3,202107,-0.0679579105438287,77
JSLG3,202107,-0.0674997995503234,78
KEPL3,202107,-0.0365197530265601,77
KLBN11,202107,-0.027002818549311,77
KLBN3,202107,-0.0437455816215413,30
KLBN4,202107,-0.0453605065771388,75
KROT11,202107,-0.0428955285182808,66
LAME3,202107,-0.0733492532995561,77
LAME4,202107,-0.0739181812438992,78
LAVV3,202107,-0.0837651020144827,77
LCAM3,202107,-0.0241952311419232,78
LEVE3,202107,-0.0457029207023179,77
LIGT3,202107,-0.0827057562069919,77
LJQQ3,202107,-0.0887367314574085,77
LLIS3,202107,-0.0849326920204461,76
LOGG3,202107,-0.0546348700323035,77
LOGN3,202107,-0.0341662985642458,77
LPSB3,202107,-0.0539774457807423,77
LREN3,202107,-0.0482618056778311,79
LUPA3,202107,-0.0523290895520229,76
LUXM4,202107,0.132161081815426,5
LVTC3,202107,-0.0447514947361355,77
LWSA3,202107,-0.0598297098800133,78
MATD3,202107,-0.0584654816502481,77
MBLY3,202107,-0.0637430105613251,77
MDIA3,202107,-0.047362476197595,77
MDNE3,202107,-0.0791732540894173,76
MEAL3,202107,-0.0482982381787813,77
MELK3,202107,-0.0847780197391013,77
MGLU3,202107,-0.0516218346220254,78
MILS3,202107,-0.0289399746104565,77
MLAS3,202107,-0.0715145638998614,77
MMXM3,202107,-0.0611651613581837,67
MOAR3,202107,0.0557059195569947,5
MODL11,202107,-0.0722371686200971,77
MOSI3,202107,-0.0459141884643865,76
MOVI3,202107,-0.0511573561663969,77
MRFG3,202107,-0.030021486466291,78
MRVE3,202107,-0.0579501258448566,78
MTRE3,202107,-0.079425633286475,77
MTSA4,202107,-0.00858771781100783,72
MULT3,202107,-0.0311963089009604,78
MYPK3,202107,-0.0633898896626179,77
NEOE3,202107,-0.0576696389478498,79
NGRD3,202107,-0.054086799972906,77
NINJ3,202107,-0.0447943628587446,77
NTCO3,202107,-0.0469156531838258,78
ODPV3,202107,-0.0587308789144147,77
OFSA3,202107,-0.0396194134709172,76
OIBR3,202107,-0.0703069865817832,78
OIBR4,202107,-0.0317373360487532,66
OMGE3,202107,-0.0612050857363569,77
OPCT3,202107,-0.071815980133618,77
ORVR3,202107,-0.0964198021991836,71
PARD3,202107,-0.0568373332463824,77
PCAR3,202107,-0.0563867255865836,78
PDGR3,202107,-0.0486745773321893,69
PDTC3,202107,-0.0156614210019506,73
PETR3,202107,-0.0394112114812943,78
PETR4,202107,-0.0336047637824689,78
PETZ3,202107,-0.075090977181928,77
PFRM3,202107,-0.0495672440242778,76
PGMN3,202107,-0.0957403981678086,73
PINE4,202107,-0.0702361801887041,69
PLPL3,202107,-0.0756090427190704,77
PMAM3,202107,-0.079303221807766,69
PNVL3,202107,-0.0497920525782726,79
PNVL4,202107,-0.0474581827519675,72
POMO3,202107,-0.0596785834946085,71
POMO4,202107,-0.0778805877987792,77
POSI3,202107,-0.0622586195555278,77
POWE3,202107,-0.0602128188436549,76
PPLA11,202107,-0.0275641567018154,61
PRIO3,202107,-0.0436409584854546,78
PRNR3,202107,-0.0302502837200031,69
PSSA3,202107,-0.0480853694082508,77
PTBL3,202107,-0.0335050915264789,77
PTNT4,202107,-0.0665012441454681,70
QUAL3,202107,-0.0662583076759546,78
RADL3,202107,-0.0660458155768908,78
RAIL3,202107,-0.0422835561775308,78
RANI3,202107,-0.0384466406769551,77
RAPT3,202107,-0.0624951062282625,75
RAPT4,202107,-0.0485364689102836,77
RCSL3,202107,-0.0679024505939851,69
RCSL4,202107,-0.0446584164545744,77
RDNI3,202107,-0.0426828293407243,75
RDOR3,202107,-0.0432633170620266,77
RECV3,202107,-0.0840231980800587,78
RENT3,202107,-0.0538890837342742,78
RNEW4,202107,-0.0755973443235851,69
ROMI3,202107,-0.0375404466556149,77
RPAD3,202107,-0.0627224234456276,75
RPMG3,202107,-0.0572185325816541,57
RRRP3,202107,-0.0617062335883266,78
RSID3,202107,-0.0600823497043187,75
SANB11,202107,-0.0381584620101316,78
SAPR11,202107,-0.0463248121890151,78
SAPR4,202107,-0.0624618717874203,77
SBFG3,202107,-0.0788317408992137,77
SBSP3,202107,-0.045394895511083,78
SCAR3,202107,-0.0227684201914787,60
SEER3,202107,-0.0422942773786371,77
SEQL3,202107,-0.0395547415231265,77
SGPS3,202107,-0.0570119816564188,75
SHOW3,202107,-0.0427212608505596,76
SHUL4,202107,-0.0527810101361513,76
SIMH3,202107,-0.0298525668055768,77
SLCE3,202107,-0.052991129048757,77
SMFT3,202107,-0.0716873922333315,77
SMTO3,202107,-0.063239248644976,77
SOJA3,202107,-0.0663093008864381,76
SOMA3,202107,-0.0337270607188926,77
SQIA3,202107,-0.0582418617123144,77
STBP3,202107,-0.0837441951312698,77
SULA11,202107,-0.0716652018725845,79
SUZB3,202107,-0.0273964732414061,78
TAEE11,202107,-0.0639502913951739,78
TAEE4,202107,-0.0846891120674118,69
TASA3,202107,-0.0695813968163118,69
TASA4,202107,-0.0369229529365918,77
TCNO4,202107,-0.0601596352833648,69
TCSA3,202107,-0.0629057766071612,77
TECN3,202107,-0.0562969236728335,74
TEND3,202107,-0.0654283602578044,77
TESA3,202107,-0.095044669586872,72
TFCO4,202107,-0.0658037661508116,77
TGMA3,202107,-0.0761331513367227,77
TIMS3,202107,-0.069924245231908,78
TOTS3,202107,-0.0415885640520005,78
TPIS3,202107,-0.0557874999769176,75
TRAD3,202107,-0.041907111246652,78
TRIS3,202107,-0.081644226520603,77
TRPL4,202107,-0.0523737099039543,77
TTEN3,202107,-0.049989672641967,78
TUPY3,202107,-0.046318599465923,77
UCAS3,202107,-0.0545480910449079,67
UGPA3,202107,-0.0651813448073656,78
UNIP3,202107,-0.0403383872990371,77
UNIP6,202107,-0.0437041258078123,78
USIM3,202107,-0.041025560138751,73
USIM5,202107,-0.0324188241862415,78
VALE3,202107,-0.0264326765521272,79
VAMO3,202107,-0.0414805804183551,77
VIVA3,202107,-0.0643232185570004,77
VIVR3,202107,-0.047845083866166,69
VIVT3,202107,-0.0528965875669713,78
VIVT4,202107,-0.050748576882901,66
VLID11,202107,-0.0468548568276754,59
VLID3,202107,-0.0640101762499823,77
VULC3,202107,-0.0462828834713582,77
VVAR3,202107,-0.0607497800998834,78
WEGE3,202107,-0.0330841404094735,78
WEST3,202107,-0.0367799721871666,77
WHRL4,202107,-0.0879374434408481,69
WIZS3,202107,-0.0674600425261786,77
YDUQ3,202107,-0.0526064043603559,78
AALR3,202108,-0.0458135374784044,78
ABCB4,202108,-0.0499629567874849,78
ABEV3,202108,-0.0297081561917322,79
AERI3,202108,-0.0278316524020101,79
AESB3,202108,-0.0212905181911511,78
AGRO3,202108,-0.0341623000107189,78
AGXY3,202108,-0.0477395152697099,74
ALLD3,202108,-0.0973244346359744,78
ALPA3,202108,-0.0391495407089429,77
ALPA4,202108,-0.0328188499877852,79
ALPK3,202108,-0.0359474047810789,76
ALSO3,202108,-0.0244180528049559,78
ALUP11,202108,-0.026516044715302,78
ALUP3,202108,-0.0968335015321485,56
AMAR3,202108,-0.0432060094505023,78
AMBP3,202108,-0.0401598741883173,79
AMER3,202108,-0.0555118707214443,79
ANIM3,202108,-0.0454383239171188,79
APER3,202108,-0.046877969367557,76
ARML3,202108,-0.0332335391687524,78
ARZZ3,202108,-0.0218217898229866,78
ASAI3,202108,-0.029942619896632,79
ATMP3,202108,-0.0811231813156542,70
ATOM3,202108,-0.0455220992829251,71
AVLL3,202108,-0.0254317042818111,72
AZEV4,202108,-0.0420432134580569,75
AZUL4,202108,-0.0189018541704747,79
B3SA3,202108,-0.0243766825096296,79
BAHI3,202108,-0.131373892291372,24
BBAS3,202108,-0.0154077615794689,79
BBDC3,202108,-0.0279794012494465,79
BBDC4,202108,-0.0276193071534272,79
BBRK3,202108,-0.0479104407980153,77
BBSE3,202108,-0.0171337142733916,79
BBTG11,202108,-0.0369411651088547,57
BEEF11,202108,-0.0308529636108088,72
BEEF3,202108,-0.0418752729741988,79
BEES3,202108,0.0115336194422245,63
BIDI11,202108,-0.0276766742069962,79
BIDI3,202108,-0.0501840630349054,77
BIDI4,202108,-0.0389708736886493,78
BIOM3,202108,-0.0833358091843758,70
BKBR3,202108,-0.053167408947213,78
BLAU3,202108,-0.0486332524845376,78
BMGB4,202108,-0.0369089401399231,78
BMOB3,202108,-0.0444665451233831,79
BOAS3,202108,-0.0495949203562754,74
BPAC11,202108,-0.0238247951535336,80
BPAC3,202108,-0.0388528248714135,76
BPAC5,202108,-0.0263236774004186,78
BPAN4,202108,-0.021584363335102,78
BRAP3,202108,-0.035566754319919,78
BRAP4,202108,-0.0282943714370117,79
BRBI11,202108,-0.0305487525423478,77
BRDT3,202108,-0.0257033533320316,79
BRFS3,202108,-0.00859174872190279,79
BRGE3,202108,-0.0547896803304102,76
BRIT3,202108,-0.0594034332023248,78
BRIV3,202108,-0.0513930867541173,76
BRKM3,202108,-0.0104491578044128,65
BRKM5,202108,-0.0242426773208799,79
BRML3,202108,-0.0303059555049754,79
BRPR3,202108,-0.0264470252687402,78
BRSR6,202108,-0.00927490350950506,78
CAMB3,202108,-0.0724094361007242,70
CAML3,202108,-0.0302552587629527,78
CARD3,202108,-0.0286956471029952,73
CASH3,202108,-0.031511373497332,79
CBAV3,202108,-0.0639055098406522,78
CCPR3,202108,-0.0314007572663308,78
CCRO3,202108,-0.0308297713188825,79
CEAB3,202108,-0.0501588606182247,78
CEBR3,202108,-0.0896869857505372,70
CEEB3,202108,-0.128636246929874,7
CEED3,202108,-0.11693851705712,7
CEED4,202108,-0.142040588371912,5
CEPE3,202108,-0.110907070890621,8
CEPE5,202108,-0.108773921705246,5
CESP3,202108,-0.0137284995690667,71
CESP6,202108,-0.0468521613174534,78
CGAS5,202108,-0.0865688025008907,74
CGRA4,202108,-0.0278387214531865,63
CIEL3,202108,-0.0382318249359728,80
CLSA3,202108,-0.0442618018893736,78
CLSC3,202108,-0.0388920785283294,66
CLSC4,202108,-0.0379174555856944,77
CMIG3,202108,-0.0249956128457844,78
CMIG4,202108,-0.0258686740030319,79
CMIN3,202108,-0.079498840444935,78
COCE3,202108,0.00188020345962635,21
COCE5,202108,-0.0477471918594064,78
COGN3,202108,-0.0511972485429467,79
CPFE3,202108,-0.0483063444988245,79
CPLE11,202108,-0.0299008357916848,78
CPLE3,202108,-0.0344701994632575,77
CPLE6,202108,-0.0214384371142472,79
CRDE3,202108,-0.0343262564850223,78
CRFB3,202108,-0.025695511713919,79
CRIV3,202108,-0.051618183932854,76
CRIV4,202108,0.0142061243178953,63
CRPG5,202108,-0.0470174946249287,76
CSAN3,202108,-0.031068482639737,79
CSED3,202108,-0.0458930546951677,78
CSMG3,202108,-0.0314197180172157,78
CSNA3,202108,-0.0134501238573327,79
CSRN3,202108,-0.10431331564464,5
CSRN5,202108,-0.0884841030162638,5
CTNM4,202108,-0.0482568628909696,76
CURY3,202108,-0.0491546964618991,78
CVCB3,202108,-0.0241611580873602,79
CXSE3,202108,-0.0288540952794115,78
CYRE3,202108,-0.0298768171755147,79
DASA3,202108,-0.0530523933447173,78
DESK3,202108,-0.0283083064147971,78
DEXP3,202108,-0.0310728570761675,78
DIRR3,202108,-0.0131586033256463,78
DMMO3,202108,-0.0461457554618966,76
DMVF3,202108,-0.0387823754162781,77
DOTZ3,202108,-0.0523119228963102,77
DXCO3,202108,-0.0233923611962981,78
EALT4,202108,0.0186437372656563,74
ECOR3,202108,-0.0160004029153948,79
EGIE3,202108,-0.0202937617752589,79
ELET3,202108,-0.0270316694065596,79
ELET6,202108,-0.0358293626463691,79
ELMD3,202108,-0.0548097697081899,76
EMAE4,202108,-0.0413632116691451,74
EMBR3,202108,-0.0221567254453584,79
ENAT3,202108,-0.0330018277705334,78
ENBR3,202108,-0.0379233186455306,79
ENEV3,202108,-0.0525089160471477,79
ENGI11,202108,-0.0317744003463743,79
ENJU3,202108,-0.0291408926608477,79
ENMT3,202108,0.121761992074122,5
ENMT4,202108,0.131169722694311,5
EQPA3,202108,-0.0393385557351023,77
EQTL3,202108,-0.0366271593550245,79
ESPA3,202108,-0.0265748277146624,78
ETER3,202108,0.00213433828657901,77
EUCA4,202108,-0.0518164279714852,77
EVEN3,202108,-0.013013467724358,79
EZTC3,202108,-0.0294946697099871,79
FESA4,202108,-0.0288769046452854,78
FHER3,202108,-0.045084396192618,74
FIQE3,202108,-0.0462904365421567,78
FLRY3,202108,-0.0264474363442667,79
FRAS3,202108,-0.0352566424826578,73
GEPA4,202108,-0.0158089294418423,61
GFSA3,202108,-0.0204418542114962,78
GGBR3,202108,-0.0243825705761551,74
GGBR4,202108,-0.0245893205415802,79
GGPS3,202108,-0.0270545751235273,78
GMAT3,202108,-0.0346458303020355,78
GNDI3,202108,-0.0269970591352398,79
GOAU3,202108,-0.0282354590986,78
GOAU4,202108,-0.025849323847119,80
GOLL4,202108,-0.0188451510213881,79
GRND3,202108,-0.0297241313053897,78
GUAR3,202108,-0.0255312783589806,78
HAGA4,202108,-0.0800373004598462,70
HAPV3,202108,-0.052498246848706,79
HBOR3,202108,-0.0469193726637844,79
HBRE3,202108,-0.0370463991784294,75
HBSA3,202108,-0.0391851269183632,79
HGTX3,202108,-0.0221681942434625,79
HYPE3,202108,-0.0398028627236541,79
IFCM3,202108,-0.00696664942441759,75
IGTA3,202108,-0.0352325225984144,79
INEP3,202108,-0.0380706708810359,71
INTB3,202108,-0.0484828587502058,78
IRBR3,202108,-0.0357001957092465,79
ITSA3,202108,-0.0374938006411117,74
ITSA4,202108,-0.0346794811285263,79
ITUB3,202108,-0.0440905720187112,78
ITUB4,202108,-0.0216995906141255,79
JALL3,202108,-0.0052785721911524,78
JBSS3,202108,-0.0181319478069601,79
JHSF3,202108,-0.0284782481312018,79
JOPA3,202108,-0.0508730129156131,76
JPSA3,202108,-0.0423450226174426,78
JSLG3,202108,-0.0127678566687173,79
KEPL3,202108,-0.0377444750971781,78
KLBN11,202108,-0.0227436415795607,78
KLBN3,202108,0.00575002228680083,32
KLBN4,202108,0.00506089230262034,73
KROT11,202108,-0.0386282408837515,69
KRSA3,202108,-0.0494781464353109,73
LAME3,202108,-0.0290146739526655,78
LAME4,202108,-0.0487242070650423,79
LAND3,202108,-0.0614507599422917,74
LAVV3,202108,-0.0392652801753543,79
LCAM3,202108,-0.0406215271490982,79
LEVE3,202108,-0.0230630778803571,78
LIGT3,202108,-0.041614267762112,78
LJQQ3,202108,-0.0527035639112578,78
LLIS3,202108,-0.0275164281818018,78
LOGG3,202108,-0.0404267460630008,78
LOGN3,202108,-0.0561087048007721,78
LPSB3,202108,-0.0621378890813613,78
LREN3,202108,-0.0457248855682297,80
LUPA3,202108,0.00229465224672344,76
LUXM4,202108,0.175097951506768,5
LVTC3,202108,-0.0235834182043637,78
LWSA3,202108,-0.031044576809128,79
MATD3,202108,-0.0444598292748766,78
MBLY3,202108,-0.0383272261138735,78
MDIA3,202108,-0.0393262041494815,78
MDNE3,202108,-0.0420651003569522,78
MEAL3,202108,-0.0231434247393698,78
MELK3,202108,-0.0427054784248201,78
MGLU3,202108,-0.0494983653856282,79
MILS3,202108,-0.0284290443849611,78
MLAS3,202108,-0.031662742954927,78
MMXM3,202108,-0.0477144453110339,69
MOAR3,202108,0.161692477278186,5
MODL11,202108,-0.0616679790915796,78
MOSI3,202108,-0.0400332134029671,78
MOVI3,202108,-0.0329836412475559,78
MRFG3,202108,-0.0163641127377599,79
MRVE3,202108,-0.0423859972777634,79
MTRE3,202108,-0.0414797487472379,78
MTSA4,202108,0.0119377626179035,74
MULT3,202108,-0.0291932537165204,79
MYPK3,202108,-0.0536548318092956,78
NEOE3,202108,-0.0213677071013602,80
NGRD3,202108,-0.0184080418337472,78
NINJ3,202108,-0.0470055996513584,78
NTCO3,202108,-0.0415272545845345,79
ODPV3,202108,-0.0264185970106432,75
OFSA3,202108,-0.0437498074744504,78
OIBR3,202108,-0.0473343344522791,79
OIBR4,202108,-0.102963968133286,67
OMGE3,202108,-0.0367164100789446,78
ONCO3,202108,-0.0395306171158074,78
OPCT3,202108,-0.0413378844135146,78
ORVR3,202108,-0.0403850204708568,77
PARD3,202108,-0.0390939724529139,78
PCAR3,202108,-0.0208863159378949,79
PDGR3,202108,-0.0611925566961727,70
PDTC3,202108,-0.101851013859739,70
PETR3,202108,-0.030357682811307,79
PETR4,202108,-0.0162160974838525,79
PETZ3,202108,-0.0565653382900048,78
PFRM3,202108,-0.0382614450103513,76
PGMN3,202108,-0.046076088090801,75
PINE4,202108,-0.0817889632312702,70
PLPL3,202108,-0.0369759789977545,78
PMAM3,202108,-0.0852280299622507,70
PNVL3,202108,-0.016117059572108,80
POMO3,202108,-0.0352850332303887,71
POMO4,202108,-0.0227891927434957,78
POSI3,202108,-0.0474497250894087,78
POWE3,202108,-0.0552102074822555,77
PPLA11,202108,-0.0744583676294937,64
PRIO3,202108,-0.0312073452571604,79
PRNR3,202108,-0.0696447725675653,71
PSSA3,202108,-0.0143860206549912,78
PTBL3,202108,-0.033154869445228,78
PTNT4,202108,-0.699588753942547,24
QUAL3,202108,-0.0286495544917695,79
RADL3,202108,-0.0370639505932464,79
RAIL3,202108,-0.0260823348643056,79
RAIZ4,202108,-0.0510139793843902,79
RANI3,202108,-0.0337571154082563,78
RAPT3,202108,-0.0511124341859466,78
RAPT4,202108,-0.0152185095776933,78
RCSL4,202108,-0.0360733817342835,78
RDNI3,202108,-0.0381896664637371,76
RDOR3,202108,-0.0244647180869961,78
RECV3,202108,-0.0517848094203973,79
RENT3,202108,-0.0313653128773657,80
RNEW4,202108,-0.0820825871934583,70
ROMI3,202108,-0.0327475120036384,78
RPAD3,202108,-0.0498554001978486,76
RRRP3,202108,-0.0254868524587417,78
RSID3,202108,-0.0328606660445894,76
SANB11,202108,-0.0183124376154164,79
SAPR11,202108,-0.0158437587314453,79
SAPR4,202108,-0.0568157328291179,78
SBFG3,202108,-0.0450887592390366,78
SBSP3,202108,-0.0264374058919159,79
SCAR3,202108,0.0163515599680154,63
SEER3,202108,-0.0374155158444816,78
SEQL3,202108,-0.0411916855948358,79
SGPS3,202108,-0.048344804843524,76
SHOW3,202108,-0.0370317241165564,77
SHUL4,202108,0.00333227597106521,76
SIMH3,202108,-0.0421899190654632,78
SLCE3,202108,-0.0263482207793624,78
SMFT3,202108,-0.0537444198001905,78
SMTO3,202108,-0.0387976065886848,78
SOJA3,202108,-0.0298655014992972,77
SOMA3,202108,-0.026448917123692,78
SQIA3,202108,-0.0433556912405924,78
STBP3,202108,-0.0404092939364668,78
SULA11,202108,-0.0259218224137917,79
SUZB3,202108,-0.023174843700879,79
TAEE11,202108,-0.0285581021192746,79
TAEE4,202108,-0.089473489390743,70
TASA3,202108,-0.0443967596356148,71
TASA4,202108,-0.0185215646276695,78
TCNO4,202108,-0.0816234924390856,70
TCSA3,202108,-0.0295883109921906,78
TECN3,202108,-0.0365928036121111,77
TEND3,202108,-0.0468781355256158,78
TFCO4,202108,-0.048224632797984,78
TGMA3,202108,-0.0468116005804765,78
TIMS3,202108,-0.0312189438911505,79
TOTS3,202108,-0.0179871502479563,79
TPIS3,202108,-0.0543673048766086,76
TRAD3,202108,-0.048638543430301,79
TRIS3,202108,-0.0286203112508848,79
TRPL4,202108,-0.0243715479903376,78
TTEN3,202108,-0.0147301280207033,78
TUPY3,202108,-0.0121287469378553,78
UCAS3,202108,-0.0526526527712014,69
UGPA3,202108,-0.0484853401532867,79
UNIP3,202108,-0.0350950631405294,78
UNIP6,202108,-0.0367895709320847,79
USIM3,202108,-0.0254910174120606,75
USIM5,202108,-0.0192673476797249,79
VALE3,202108,-0.0195287391004418,80
VAMO3,202108,-0.0404756316867716,78
VIIA3,202108,-0.0449726573918716,80
VIVA3,202108,-0.0341309286017263,78
VIVR3,202108,-0.0318265266794004,71
VIVT3,202108,-0.0178793857500834,79
VLID3,202108,-0.0392084566702971,75
VULC3,202108,-0.0151639332404928,78
VVEO3,202108,-0.0556496964010952,78
WEGE3,202108,-0.0268599940449791,79
WEST3,202108,-0.0326552061044611,78
WHRL4,202108,-0.0941802901539588,70
WIZS3,202108,-0.0369105416110904,78
YDUQ3,202108,-0.0522155897899825,79
AALR3,202109,-0.0762846464681674,80
ABCB4,202109,-0.082211487245037,80
ABEV3,202109,-0.0739801855126485,81
AERI3,202109,-0.071285781880938,80
AESB3,202109,-0.0766055715008524,80
AGRO3,202109,-0.0912501328405979,80
AGXY3,202109,-0.0928735917255581,74
ALLD3,202109,-0.0776781515572318,76
ALPA3,202109,-0.0544535896804669,79
ALPA4,202109,-0.0598398713698022,81
ALPK3,202109,-0.117829450183253,77
ALSO3,202109,-0.0790901838192917,80
ALUP11,202109,-0.0792927174608614,80
ALUP3,202109,-0.0762818270357997,60
AMAR3,202109,-0.0841353806984749,80
AMBP3,202109,-0.0780572465925665,80
AMER3,202109,-0.0810649695868828,81
ANIM3,202109,-0.0867522889976649,81
APER3,202109,-0.0811358535326455,76
ARML3,202109,-0.0755518213802636,80
ARZZ3,202109,-0.0521713130663341,80
ASAI3,202109,-0.0792563443216458,81
ATMP3,202109,-0.0844670873661389,69
ATOM3,202109,-0.106303211306808,72
AVLL3,202109,-0.0621488878517604,73
AZEV4,202109,-0.0770865571245779,76
AZUL4,202109,-0.0692784168220478,81
B3SA3,202109,-0.0782808296265003,81
BAHI3,202109,-0.0320832325562462,6
BBAS3,202109,-0.0761733200521812,81
BBDC3,202109,-0.0694983705561776,81
BBDC4,202109,-0.0654805358683679,81
BBRK3,202109,-0.0849922757746342,78
BBSE3,202109,-0.0630416283806036,81
BBTG11,202109,-0.101368546807386,59
BEEF11,202109,-0.0663200015020147,73
BEEF3,202109,-0.0734656337427043,81
BEES3,202109,-0.0289647952820915,64
BIDI11,202109,-0.0646788978050478,81
BIDI3,202109,-0.08478741342119,78
BIDI4,202109,-0.0815372983893739,81
BIOM3,202109,-0.115823394777145,69
BKBR3,202109,-0.0691514279308985,80
BLAU3,202109,-0.0875267921672079,80
BMGB4,202109,-0.0794348143744707,80
BMOB3,202109,-0.0752485421409996,81
BOAS3,202109,-0.0877596085531823,77
BPAC11,202109,-0.061157368207954,82
BPAC3,202109,-0.0711148171732942,73
BPAC5,202109,-0.0539181414281056,79
BPAN4,202109,-0.0443427151230304,81
BRAP3,202109,-0.0932268513312426,77
BRAP4,202109,-0.079609494372152,82
BRBI11,202109,-0.0737942596418661,79
BRDT3,202109,-0.0680748375403776,81
BRFS3,202109,-0.0173850046286518,81
BRGE3,202109,-0.0773408856069833,78
BRIT3,202109,-0.0776166433814593,80
BRIV3,202109,-0.0760373673399683,78
BRKM5,202109,-0.0354789449951926,81
BRML3,202109,-0.0789704696976179,81
BRPR3,202109,-0.0674717969969437,80
BRSR6,202109,-0.0463990950668922,80
CAMB3,202109,-0.116167509661352,69
CAML3,202109,-0.0820359992097631,80
CARD3,202109,-0.076162230497269,78
CASH3,202109,-0.073931722439491,81
CBAV3,202109,-0.0773360517247893,80
CCRO3,202109,-0.0747337814127307,81
CEAB3,202109,-0.0819586846714554,80
CEBR3,202109,-0.0341657995497183,73
CEBR5,202109,-0.0288287261691432,65
CEBR6,202109,-0.0288381728979098,65
CEEB3,202109,-0.0052768069743612,7
CEED3,202109,-0.0328712706561928,7
CEED4,202109,-0.0378606583987993,7
CEPE3,202109,-0.0315888963210483,8
CEPE5,202109,-0.0608058618743851,66
CESP3,202109,-0.0769567029748223,73
CESP6,202109,-0.0918011310259933,80
CGAS5,202109,-0.0325876215562465,66
CGRA4,202109,-0.0415635558118711,64
CIEL3,202109,-0.0778139909079022,82
CLSA3,202109,-0.0782979472054826,80
CLSC3,202109,-0.0548852664687534,72
CLSC4,202109,0.000461997193962901,79
CMIG3,202109,-0.0694583727745491,80
CMIG4,202109,-0.0288471988083108,81
CMIN3,202109,-0.105685739049786,78
COCE3,202109,-0.0370050708642847,23
COCE5,202109,-0.064585139983136,78
COGN3,202109,-0.0821175483784613,81
CPFE3,202109,-0.0501788024782095,81
CPLE11,202109,-0.0836155369238067,80
CPLE3,202109,-0.0507914105634984,77
CPLE6,202109,-0.0454497593953107,81
CRDE3,202109,-0.0557136861993534,79
CRFB3,202109,-0.0718166882948738,81
CRIV3,202109,-0.0775538502149591,78
CRIV4,202109,-0.0311539517996015,64
CRPG5,202109,-0.0952754241948955,78
CSAN3,202109,-0.0782732901974908,81
CSED3,202109,-0.0787052984492315,80
CSMG3,202109,-0.0500192315284431,80
CSNA3,202109,-0.0690030449217924,81
CSRN3,202109,-0.0310757070650341,7
CSRN5,202109,-0.0210695722783864,7
CTNM4,202109,-0.0754029190001177,78
CURY3,202109,-0.0777054590322796,80
CVCB3,202109,-0.0453173990140039,81
CXSE3,202109,-0.0756328623615732,80
CYRE3,202109,-0.0641234755681954,81
DASA3,202109,-0.0858185482487103,80
DESK3,202109,-0.0842837228522773,80
DEXP3,202109,-0.0750843567453507,80
DIRR3,202109,-0.0779199406542509,80
DMMO3,202109,-0.0934806823253123,77
DMVF3,202109,-0.0733075519395739,77
DOTZ3,202109,-0.100975950243503,77
DXCO3,202109,-0.0387568512729047,81
EALT4,202109,-0.0275116477695084,64
ECOR3,202109,-0.076105736266563,81
EGIE3,202109,-0.0576182451083629,81
ELET3,202109,-0.081881375142602,81
ELET6,202109,-0.0801657748257125,81
ELMD3,202109,-0.0858153508068769,76
EMAE4,202109,-0.0457310312746179,75
EMBR3,202109,-0.0604848228911975,81
ENAT3,202109,-0.0702442993367448,80
ENBR3,202109,-0.0456517436724927,81
ENEV3,202109,-0.0747734083571078,81
ENGI11,202109,-0.0761412611920341,81
ENJU3,202109,-0.0672128364339749,80
ENMT3,202109,0.0165737557154395,6
ENMT4,202109,0.016531585179125,6
EQPA3,202109,-0.0489950841573808,79
EQPA5,202109,-0.0249868839110427,65
EQTL3,202109,-0.0819301761437685,81
ESPA3,202109,-0.0781463130217558,80
ETER3,202109,-0.0267820709745048,78
EUCA4,202109,-0.0841079891040188,79
EVEN3,202109,-0.0616471459036331,81
EZTC3,202109,-0.0761571509279114,81
FESA4,202109,-0.0729831248772959,80
FHER3,202109,-0.0603477431618849,73
FIQE3,202109,-0.0927231537588244,80
FLRY3,202109,-0.0754004609426278,81
FRAS3,202109,-0.0472443974027413,77
GEPA4,202109,-0.052465867696346,63
GFSA3,202109,-0.0324234727775612,80
GGBR3,202109,-0.063207229377541,75
GGBR4,202109,-0.071316801113421,81
GGPS3,202109,-0.0808007708713757,80
GMAT3,202109,-0.0806648611584306,80
GNDI3,202109,-0.0776449056569459,81
GOAU3,202109,-0.075290238979615,80
GOAU4,202109,-0.0693400969724863,82
GOLL4,202109,-0.0745955985985654,81
GRND3,202109,-0.0753424988971947,80
GUAR3,202109,-0.0765353736315081,80
HAGA4,202109,-0.0967710256275295,69
HAPV3,202109,-0.0845982202378735,81
HBOR3,202109,-0.082474908152621,80
HBRE3,202109,-0.0799034767096437,78
HBSA3,202109,-0.0841094233732048,80
HYPE3,202109,-0.0834479109182886,81
IFCM3,202109,-0.0624927696954544,78
IGTA3,202109,-0.0823453672243717,81
INTB3,202109,-0.0855155584705681,80
IRBR3,202109,-0.0836222964488407,81
ITSA3,202109,-0.0323220804054483,77
ITSA4,202109,-0.0801947020524842,81
ITUB3,202109,-0.0604870179977813,78
ITUB4,202109,-0.0554560120357838,81
JALL3,202109,-0.0530559044107806,78
JBSS3,202109,-0.0319345137082116,81
JHSF3,202109,-0.0763153360729706,81
JOPA3,202109,-0.074902927634193,78
JPSA3,202109,-0.0820602877818111,80
JSLG3,202109,-0.0409224868590351,81
KEPL3,202109,-0.0754379013304188,80
KLBN11,202109,-0.0705799081632764,80
KLBN3,202109,-0.0688013736661016,35
KLBN4,202109,-0.0538581589505145,35
KROT11,202109,-0.0768559586954769,71
KRSA3,202109,-0.0875966511252419,74
LAME3,202109,-0.0831442999241243,80
LAME4,202109,-0.0769407662190417,81
LAND3,202109,-0.0862493883585735,75
LAVV3,202109,-0.0891114063731222,81
LCAM3,202109,-0.0805812504960415,81
LEVE3,202109,-0.0740974963253342,80
LIGT3,202109,-0.0832119828720662,80
LJQQ3,202109,-0.0852564539287106,80
LLIS3,202109,-0.0772095278182493,78
LOGG3,202109,-0.0804177009654471,80
LOGN3,202109,-0.0787357515033587,81
LPSB3,202109,-0.0722247404112247,80
LREN3,202109,-0.074126842249882,82
LUPA3,202109,-0.0876589104931566,77
LUXM4,202109,0.024879790902632,6
LVTC3,202109,-0.0704191219629938,78
LWSA3,202109,-0.0732141286400259,81
MATD3,202109,-0.0873612594670377,80
MBLY3,202109,-0.0709597312323057,80
MDIA3,202109,-0.0711509405675955,80
MDNE3,202109,-0.0818743929975108,80
MEAL3,202109,-0.0579334092198009,80
MELK3,202109,-0.0867544419798838,80
MERC4,202109,-0.0272789517914564,65
MGLU3,202109,-0.0815178507660177,81
MILS3,202109,-0.0926036179741226,80
MLAS3,202109,-0.0765815275955403,80
MMXM3,202109,-0.108089112997798,71
MOAR3,202109,0.0155195560550368,6
MODL11,202109,-0.0965057437228426,75
MOSI3,202109,-0.0838200112145673,80
MOVI3,202109,-0.0298952554753551,80
MRFG3,202109,-0.0346238266214865,81
MRVE3,202109,-0.0749867898562454,81
MTRE3,202109,-0.0696382748863134,80
MTSA4,202109,-0.0292190297595009,74
MULT3,202109,-0.0805706059589793,81
MYPK3,202109,-0.0533321808447222,80
NEOE3,202109,-0.0644676451533971,81
NGRD3,202109,-0.0678083826592802,80
NINJ3,202109,-0.0724146372330145,80
NTCO3,202109,-0.0723023386044863,81
ODPV3,202109,-0.0452358514168061,80
OFSA3,202109,-0.0757682145858422,80
OIBR3,202109,-0.0833857818930505,81
OIBR4,202109,-0.0696401337190672,72
OMGE3,202109,-0.0795264255934576,80
ONCO3,202109,-0.0753581630255537,80
OPCT3,202109,-0.0794765764834064,80
ORVR3,202109,-0.0767824869451456,80
PARD3,202109,-0.0722740259858125,80
PCAR3,202109,-0.047050097435675,81
PDGR3,202109,-0.0755461337813391,69
PETR3,202109,-0.0819815861584884,81
PETR4,202109,-0.0688371102651714,81
PETZ3,202109,-0.0801799230122573,82
PFRM3,202109,-0.00286482917576427,76
PGMN3,202109,-0.0853938800173497,80
PINE4,202109,-0.0863809089605948,69
PLPL3,202109,-0.0927133179731138,80
PMAM3,202109,-0.0743279308193694,80
PNVL3,202109,-0.0738903185049031,82
POMO3,202109,-0.102244943455752,70
POMO4,202109,-0.078809811990638,80
POSI3,202109,-0.0845038741551566,80
POWE3,202109,-0.103350267454665,78
PPLA11,202109,-0.00260112674422299,65
PRIO3,202109,-0.0818660331519782,81
PRNR3,202109,-0.00540646954917181,72
PSSA3,202109,-0.0445688126170997,79
PTBL3,202109,-0.0697265331048748,80
PTNT4,202109,-0.00457173800257321,6
QUAL3,202109,-0.0790012990766453,81
RADL3,202109,-0.0708822607873719,81
RAIL3,202109,-0.0678586953201906,81
RAIZ4,202109,-0.0797468927139206,80
RANI3,202109,-0.0797314938657206,80
RAPT3,202109,-0.0767717242704222,79
RAPT4,202109,-0.0554313369213435,80
RCSL3,202109,-0.0784683518772142,77
RCSL4,202109,-0.078539616631494,80
RDNI3,202109,-0.070528948765401,75
RDOR3,202109,-0.0870141221201763,81
RECV3,202109,-0.0868650615188059,80
RENT3,202109,-0.084452319675038,81
RNEW4,202109,0.056208402617608,70
ROMI3,202109,-0.0725933319176017,80
RPAD3,202109,-0.0782502095501173,78
RRRP3,202109,-0.0771002451341534,81
RSID3,202109,0.00570885926104667,76
SANB11,202109,-0.0651326882190285,81
SAPR11,202109,-0.0440919521349905,81
SAPR4,202109,-0.080873711355596,80
SBFG3,202109,-0.0468090091900697,80
SBSP3,202109,-0.0765273658498606,81
SCAR3,202109,-0.0213282162311751,64
SEER3,202109,-0.0696662868840384,80
SEQL3,202109,-0.0865858277754361,80
SGPS3,202109,-0.0750358703925871,78
SHOW3,202109,-0.0780510875562804,80
SHUL4,202109,-0.0621311988770873,80
SIMH3,202109,-0.0466246680520721,80
SLCE3,202109,-0.0425995734968003,80
SMFT3,202109,-0.0794681065000727,80
SMTO3,202109,-0.0769894985743188,80
SOJA3,202109,-0.0768152610929594,76
SOMA3,202109,-0.0801775129211164,81
SQIA3,202109,-0.0701100009352795,80
STBP3,202109,-0.0844099175425946,80
SULA11,202109,-0.079184816905136,81
SUZB3,202109,-0.0532398682485833,81
SYNE3,202109,-0.0804590792593441,80
TAEE11,202109,-0.0419135116005744,81
TAEE4,202109,-0.099966950190448,69
TASA3,202109,-0.1079178105193,72
TASA4,202109,-0.0764060523632515,80
TCNO4,202109,-0.0866673139419573,69
TCSA3,202109,-0.0741214974470986,80
TECN3,202109,-0.0850902449695239,80
TEND3,202109,-0.0873153503851037,80
TFCO4,202109,-0.0739589250222993,80
TGMA3,202109,-0.0835320365765586,80
TIMS3,202109,-0.0718855221095423,81
TOTS3,202109,-0.0482895602546994,81
TPIS3,202109,-0.0678175848646968,80
TRAD3,202109,-0.0891689271971118,81
TRIS3,202109,-0.0731847809420462,80
TRPL4,202109,-0.0276771054342375,80
TTEN3,202109,-0.0788517649527502,80
TUPY3,202109,-0.0617978884239882,80
UCAS3,202109,-0.0138599658381471,65
UGPA3,202109,-0.0733040539183561,81
UNIP3,202109,-0.0760541231533115,80
UNIP6,202109,-0.0734650484889055,81
USIM3,202109,-0.0651234675897259,78
USIM5,202109,-0.0728842290283683,81
VALE3,202109,-0.0649228445325578,82
VAMO3,202109,-0.08397684636468,80
VIIA3,202109,-0.087584356537505,82
VITT3,202109,-0.085283418542197,81
VIVA3,202109,-0.0561460900308199,80
VIVR3,202109,-0.10127611127373,75
VIVT3,202109,-0.059614223568472,81
VIVT4,202109,-0.0436986493382412,70
VLID11,202109,-0.0347369735020798,64
VLID3,202109,-0.0736766550246859,77
VULC3,202109,-0.0757734263068779,80
VVEO3,202109,-0.0735216075628162,79
WEGE3,202109,-0.0756562292830965,81
WEST3,202109,-0.0717429270224847,80
WHRL4,202109,-0.105872565499606,75
WIZS3,202109,-0.0894013821303502,80
YDUQ3,202109,-0.0852597728541898,81
AALR3,202110,-0.123105502400104,78
ABCB4,202110,-0.114252736517058,79
ABEV3,202110,-0.118897444065978,81
AERI3,202110,-0.121935640960042,79
AESB3,202110,-0.111028985674316,79
AGRO3,202110,-0.105797697474228,78
AGXY3,202110,-0.105725327444175,73
ALLD3,202110,-0.0934836437287505,75
ALPA3,202110,-0.0860741247124576,79
ALPA4,202110,-0.114719432134154,81
ALPK3,202110,-0.155130773035145,78
ALSO3,202110,-0.118669926064087,79
ALUP11,202110,-0.132572114665712,80
AMAR3,202110,-0.104822359518803,79
AMBP3,202110,-0.148576522227425,79
AMER3,202110,-0.116886469939403,81
ANIM3,202110,-0.126729079384473,80
APER3,202110,-0.139436581773563,76
ARML3,202110,-0.133199589537643,80
ARZZ3,202110,-0.0928849970324314,79
ASAI3,202110,-0.109180964912962,81
ATMP3,202110,-0.0371381491492317,69
AVLL3,202110,-0.119358183068215,73
AZEV4,202110,-0.0262732884592175,75
AZUL4,202110,-0.121674278761913,80
B3SA3,202110,-0.106843619901311,81
BAHI3,202110,0.0362911357695027,28
BBAS3,202110,-0.111939623988452,81
BBDC3,202110,-0.0943039856493882,81
BBDC4,202110,-0.105781279526142,81
BBRK3,202110,-0.11431176153766,78
BBSE3,202110,-0.0988589043462253,81
BBTG11,202110,-0.092119094006625,67
BEEF11,202110,-0.116192356374966,74
BEEF3,202110,-0.0870203468337225,81
BEES3,202110,-0.0426385515939105,64
BIDI11,202110,-0.119885259056769,81
BIDI3,202110,-0.156735467811263,78
BIDI4,202110,-0.0961240015296569,81
BIOM3,202110,-0.0396877934700465,69
BKBR3,202110,-0.139758705416831,79
BLAU3,202110,-0.0963991060850159,79
BMGB4,202110,-0.120183293929966,79
BMOB3,202110,-0.142568956253739,78
BOAS3,202110,-0.120695711921576,75
BPAC11,202110,-0.118521937068311,81
BPAC3,202110,-0.101951695004046,73
BPAC5,202110,-0.0692812417632359,79
BPAN4,202110,-0.110023089925567,81
BRAP3,202110,-0.137385645611944,77
BRAP4,202110,-0.115331052750774,81
BRBI11,202110,-0.124087155105242,78
BRFS3,202110,-0.0825087682069616,81
BRGE3,202110,-0.124710918153642,78
BRIT3,202110,-0.128779833389044,79
BRIV3,202110,-0.12542516510452,78
BRKM5,202110,-0.0889865605214397,81
BRML3,202110,-0.12079894015369,81
BRPR3,202110,-0.10193207696587,78
BRSR6,202110,-0.0955316151782893,78
CAMB3,202110,-0.0459074752946998,69
CAML3,202110,-0.101254783984666,78
CARD3,202110,-0.103709466461532,78
CASH3,202110,-0.121537981969094,81
CBAV3,202110,-0.108242151509802,80
CCRO3,202110,-0.122107419217293,81
CEAB3,202110,-0.13602370902348,80
CEBR3,202110,-0.0773414299777966,72
CEBR5,202110,-0.0926386609476014,54
CEBR6,202110,-0.0898742841253525,54
CEEB3,202110,-0.00660382057258396,7
CEED3,202110,0.00805141891464171,7
CEED4,202110,-0.00376345122511933,7
CEPE3,202110,0.00210679076590176,5
CEPE5,202110,-0.0130120328505273,56
CESP3,202110,-0.129601977280248,71
CESP6,202110,-0.14336355932468,79
CGAS5,202110,-0.0455805254282602,73
CGRA4,202110,-0.0934822114413682,74
CIEL3,202110,-0.106673398894423,81
CLSA3,202110,-0.135621229540531,79
CLSC3,202110,-0.117151966913086,71
CLSC4,202110,-0.12361001550735,79
CMIG3,202110,-0.122186339430644,79
CMIG4,202110,-0.0895141473382871,81
CMIN3,202110,-0.140040990437873,79
COCE3,202110,-0.0884702459474439,23
COCE5,202110,-0.107998343462211,78
COGN3,202110,-0.0989498751390639,81
CPFE3,202110,-0.131783811189495,81
CPLE11,202110,-0.109402732577926,79
CPLE3,202110,-0.117781068292446,79
CPLE6,202110,-0.0866970322591231,81
CRDE3,202110,-0.10529960548214,79
CRFB3,202110,-0.119302965616365,81
CRIV4,202110,-0.0398676933112637,64
CRPG5,202110,-0.103784937107446,76
CSAN3,202110,-0.107687057222858,81
CSED3,202110,-0.108350803797848,80
CSMG3,202110,-0.122619800041752,80
CSNA3,202110,-0.128013091284191,81
CSRN3,202110,-0.00376345122511934,7
CSRN5,202110,-0.014604811465724,7
CTNM4,202110,-0.12175080064259,78
CURY3,202110,-0.125975123077603,78
CVCB3,202110,-0.0913757199044312,81
CXSE3,202110,-0.130802866959887,79
CYRE3,202110,-0.120838477188549,81
DASA3,202110,-0.0932695221202081,80
DESK3,202110,-0.132307576240971,79
DEXP3,202110,-0.0972501078908078,78
DIRR3,202110,-0.113507184249619,79
DMMO3,202110,-0.0360018689402371,76
DMVF3,202110,-0.101222688571837,77
DOTZ3,202110,-0.14673495961683,76
DXCO3,202110,-0.116923989185322,81
EALT4,202110,-0.0582879438935659,64
ECOR3,202110,-0.121699675684834,81
EGIE3,202110,-0.129579172478398,81
ELET3,202110,-0.122603846429995,81
ELET6,202110,-0.123657002291534,81
ELMD3,202110,-0.135361520735301,76
EMAE4,202110,-0.105039961283537,75
EMBR3,202110,-0.107024866351662,81
ENAT3,202110,-0.116158444268247,79
ENBR3,202110,-0.109965000906916,81
ENEV3,202110,-0.134965960955068,80
ENGI11,202110,-0.104029589641333,81
ENJU3,202110,-0.118978628814538,79
EQPA3,202110,-0.141580819449256,79
EQPA5,202110,-0.106200109657326,54
EQTL3,202110,-0.121512043601718,81
ESPA3,202110,-0.122791799686335,80
ETER3,202110,-0.0979477839378579,77
EUCA4,202110,-0.109035886210508,79
EVEN3,202110,-0.0919441750927696,80
EZTC3,202110,-0.124083798680998,81
FESA4,202110,-0.0986977022294166,78
FHER3,202110,-0.0913137021643246,76
FIQE3,202110,-0.141782996698899,80
FLRY3,202110,-0.0943102801252905,81
FRAS3,202110,-0.104671078564749,76
GEPA4,202110,-0.115117034009556,63
GETT11,202110,-0.115360380036266,81
GETT3,202110,-0.103993036953027,75
GETT4,202110,-0.10442740572699,75
GFSA3,202110,-0.0786928279797256,78
GGBR3,202110,-0.107692426136982,75
GGBR4,202110,-0.0978216492244404,81
GGPS3,202110,-0.118902500015641,80
GMAT3,202110,-0.131026199857329,80
GNDI3,202110,-0.129438662752509,81
GOAU3,202110,-0.126062036083114,79
GOAU4,202110,-0.114227848867146,81
GOLL4,202110,-0.108849894261157,81
GRND3,202110,-0.14004552024078,80
GUAR3,202110,-0.097480940518632,80
HAPV3,202110,-0.121708559806937,81
HBOR3,202110,-0.149026184418775,80
HBRE3,202110,-0.117372642158188,77
HBSA3,202110,-0.137597635160742,79
HYPE3,202110,-0.0995967507563209,81
IFCM3,202110,-0.132989110018,77
IGTA3,202110,-0.100794296048292,81
INTB3,202110,-0.106472863991068,79
IRBR3,202110,-0.10920217546081,81
ITSA3,202110,-0.124158489053374,77
ITSA4,202110,-0.0964538284402847,81
ITUB3,202110,-0.136396941376432,77
ITUB4,202110,-0.0980150168464296,81
JALL3,202110,-0.137290864952075,78
JBSS3,202110,-0.0864511170512043,81
JHSF3,202110,-0.125866054971637,81
JOPA3,202110,-0.123884925359698,78
JPSA3,202110,-0.100506648152195,78
JSLG3,202110,-0.108038751392113,79
KEPL3,202110,-0.0985450383158124,80
KLBN11,202110,-0.0949390166817634,79
KLBN3,202110,-0.0985335114459418,34
KLBN4,202110,-0.108606759570664,34
KROT11,202110,-0.126996761596496,70
KRSA3,202110,-0.140605788269572,74
LAME3,202110,-0.111268367616551,79
LAME4,202110,-0.124335220066008,81
LAND3,202110,-0.166768872072069,75
LAVV3,202110,-0.147172315212183,80
LCAM3,202110,-0.132903474795113,81
LEVE3,202110,-0.0991453314351461,79
LIGT3,202110,-0.121567104709464,79
LJQQ3,202110,-0.130063637894908,79
LLIS3,202110,-0.126060776951934,78
LOGG3,202110,-0.103261185340784,78
LOGN3,202110,-0.13760553393671,79
LPSB3,202110,-0.165757474727214,79
LREN3,202110,-0.126481796613651,81
LUPA3,202110,-0.0569552006654669,75
LVTC3,202110,-0.143537960278952,75
LWSA3,202110,-0.103756167024,81
MATD3,202110,-0.123491966804484,79
MBLY3,202110,-0.126625793579703,79
MDIA3,202110,-0.0891428116102781,78
MDNE3,202110,-0.121006271107945,80
MEAL3,202110,-0.0945771579476989,78
MELK3,202110,-0.104638764509123,80
MERC4,202110,-0.104587876968566,54
MGLU3,202110,-0.128512912128261,81
MILS3,202110,-0.105786436691485,78
MLAS3,202110,-0.122486797278199,80
MMXM3,202110,-0.0893637290233105,71
MODL11,202110,-0.133612290759701,78
MOSI3,202110,-0.107752978974002,78
MOVI3,202110,-0.11266100746524,78
MRFG3,202110,-0.0989850167768513,81
MRVE3,202110,-0.0955672295614123,81
MTRE3,202110,-0.111804647542443,80
MTSA4,202110,-0.0516229640500098,73
MULT3,202110,-0.101309966753802,81
MYPK3,202110,-0.0845287584212936,79
NEOE3,202110,-0.106604624609686,80
NGRD3,202110,-0.0977544627750138,78
NINJ3,202110,-0.119200818049384,79
NTCO3,202110,-0.126690644726381,81
ODPV3,202110,-0.0813828393791399,78
OFSA3,202110,-0.105072613791843,79
OIBR3,202110,-0.108965809735488,80
OIBR4,202110,-0.018607150849741,70
OMGE3,202110,-0.120380796468502,79
ONCO3,202110,-0.135628450237785,80
OPCT3,202110,-0.149701822552676,78
ORVR3,202110,-0.153172534991807,78
PARD3,202110,-0.120146236841906,79
PCAR3,202110,-0.116335474505597,81
PDGR3,202110,-0.0529811447889779,69
PETR3,202110,-0.102330083252099,81
PETR4,202110,-0.121867652632926,81
PETZ3,202110,-0.114444770948492,81
PFRM3,202110,-0.11732497761541,76
PGMN3,202110,-0.128487116581416,78
PINE4,202110,-0.0450174092201864,69
PLPL3,202110,-0.137188388030981,79
PMAM3,202110,-0.103569433688474,78
PNVL3,202110,-0.113390473533513,80
POMO3,202110,-0.110625904738837,74
POMO4,202110,-0.0931033049601801,78
PORT3,202110,-0.154911887476378,75
POSI3,202110,-0.0998391179320055,78
POWE3,202110,-0.135813771205305,78
PPLA11,202110,-0.115589509491965,65
PRIO3,202110,-0.108808408819756,81
PRNR3,202110,-0.0944313609867014,70
PSSA3,202110,-0.0888303573191434,78
PTBL3,202110,-0.101622775788232,78
PTNT4,202110,-0.146354698727731,28
QUAL3,202110,-0.139500060495658,81
RADL3,202110,-0.108587629453824,81
RAIL3,202110,-0.103739600549214,81
RAIZ4,202110,-0.114307319947745,79
RANI3,202110,-0.108490582185776,78
RAPT3,202110,-0.123471302639563,78
RAPT4,202110,-0.110660216145308,79
RCSL3,202110,-0.101142532505388,75
RCSL4,202110,-0.104952536995841,78
RDNI3,202110,-0.104568101290378,75
RDOR3,202110,-0.125928398112839,81
RECV3,202110,-0.13051026977469,80
RENT3,202110,-0.127264271788289,81
ROMI3,202110,-0.10141572461087,78
RPAD3,202110,-0.122922315702448,78
RRRP3,202110,-0.121012209876043,80
RSID3,202110,-0.0388139325949802,69
SANB11,202110,-0.0950389322792801,81
SAPR11,202110,-0.0901886075914442,80
SAPR4,202110,-0.104636180622704,78
SBFG3,202110,-0.130422154499865,80
SBSP3,202110,-0.121607246458888,81
SCAR3,202110,-0.0468041650606493,64
SEER3,202110,-0.103288715238505,80
SEQL3,202110,-0.114988384003804,79
SGPS3,202110,-0.0845909146372705,73
SHOW3,202110,-0.109996880925375,78
SHUL4,202110,-0.0950467147063624,78
SIMH3,202110,-0.0930705257460695,78
SLCE3,202110,-0.0964864701652651,78
SMFT3,202110,-0.124098726419341,79
SMTO3,202110,-0.089033713189582,78
SOJA3,202110,-0.127893857255501,76
SOMA3,202110,-0.12275046693199,81
SQIA3,202110,-0.137741505286666,78
STBP3,202110,-0.108091501631361,79
SULA11,202110,-0.101016223517195,81
SUZB3,202110,-0.117937653930828,81
SYNE3,202110,-0.118835516399699,80
TAEE11,202110,-0.102497677930767,81
TAEE3,202110,-0.0946913818270772,72
TAEE4,202110,-0.0451503682403594,69
TASA3,202110,-0.0903153311792106,72
TASA4,202110,-0.0835761574855791,79
TCNO4,202110,-0.0374537704396276,69
TCSA3,202110,-0.0994571751413673,78
TECN3,202110,-0.0849374036261693,75
TEND3,202110,-0.112062911746012,79
TFCO4,202110,-0.140457698304551,79
TGMA3,202110,-0.109785984877571,79
TIMS3,202110,-0.130708492302678,81
TOTS3,202110,-0.118636899645467,81
TPIS3,202110,-0.0882344663881278,78
TRAD3,202110,-0.128021247979338,79
TRIS3,202110,-0.128957119439597,78
TRPL4,202110,-0.0919739685539874,79
TTEN3,202110,-0.132403471638014,79
TUPY3,202110,-0.103243001344961,79
UCAS3,202110,-0.10036556636452,54
UGPA3,202110,-0.106809224513251,81
UNIP3,202110,-0.0999756975915681,78
UNIP6,202110,-0.100527988010358,80
USIM3,202110,-0.113502487255824,79
USIM5,202110,-0.124255944673317,81
VALE3,202110,-0.10066154793377,81
VAMO3,202110,-0.113431964927602,80
VBBR3,202110,-0.122516919603203,81
VIIA3,202110,-0.118138439078438,81
VITT3,202110,-0.129245589944239,80
VIVA3,202110,-0.122425276989488,79
VIVR3,202110,-0.0812927124244858,72
VIVT3,202110,-0.0962048716360957,81
VIVT4,202110,-0.132122408387903,70
VLID11,202110,-0.10523155544526,63
VLID3,202110,-0.135092430591428,78
VULC3,202110,-0.0967708981736296,78
VVEO3,202110,-0.131111888236852,79
WEGE3,202110,-0.0982324054640054,81
WEST3,202110,-0.126635588872854,80
WHRL4,202110,-0.0457695784789519,69
WIZS3,202110,-0.106030468790632,79
YDUQ3,202110,-0.118156546074416,81
AALR3,202111,-0.0321707421545632,79
ABCB4,202111,-0.00596309432302237,79
ABEV3,202111,-0.0096192532202519,81
AERI3,202111,-0.0221730690557401,79
AESB3,202111,-0.00902724231167123,80
AGRO3,202111,0.00695522186726597,80
AGXY3,202111,-0.0163293177430974,73
ALLD3,202111,-0.0363494089028033,76
ALPA3,202111,-0.0272989999042463,78
ALPA4,202111,-0.0385813221689809,81
ALPK3,202111,-0.0335213063683026,77
ALSO3,202111,-0.0113186960656075,79
ALUP11,202111,-0.0297617122999485,80
AMAR3,202111,-0.00399452589564387,79
AMBP3,202111,-0.0410336982526211,80
AMER3,202111,-0.0217987563028304,81
ANIM3,202111,-0.0310372805988986,80
APER3,202111,-0.035221167507362,77
ARML3,202111,-0.013631921407531,79
ARZZ3,202111,-0.0126125270355117,80
ASAI3,202111,-0.0119748376965481,81
ATMP3,202111,-0.097619840235442,70
AVLL3,202111,-0.09710338676343,73
AZEV4,202111,-0.103707467560415,76
AZUL4,202111,-0.0145557358121961,81
B3SA3,202111,-0.00901652819799101,81
BAHI3,202111,-0.0959917210341624,29
BBAS3,202111,-0.0140347806490644,81
BBDC3,202111,-0.0135691381323774,81
BBDC4,202111,-0.0155774683652972,81
BBRK3,202111,-0.00163337072428086,78
BBSE3,202111,-0.0117531083197075,81
BBTG11,202111,-0.0721815966322541,68
BEEF11,202111,-0.0353937082092318,73
BEEF3,202111,-0.00856280384353803,81
BEES3,202111,-0.0448050983452985,63
BIDI11,202111,-0.0147071270944514,81
BIDI3,202111,-0.0300991180641918,79
BIDI4,202111,-0.0424769289086017,81
BIOM3,202111,-0.105852344972311,70
BKBR3,202111,-0.0340325028833261,80
BLAU3,202111,-0.0182785544066223,79
BMGB4,202111,-0.032230653932101,79
BMOB3,202111,-0.0436123418289208,79
BOAS3,202111,-0.0408900467040637,76
BPAC11,202111,-0.00137114480232783,81
BPAC3,202111,-0.0128548594150257,78
BPAC5,202111,-0.0163019093252892,86
BPAN4,202111,-0.00168472853794286,81
BRAP3,202111,-0.0396238026270882,78
BRAP4,202111,0.00227465726604026,81
BRBI11,202111,-0.0474332359128301,78
BRFS3,202111,-0.0174639585738813,81
BRGE3,202111,-0.0425601503188048,78
BRIT3,202111,-0.03135010921214,78
BRIV3,202111,-0.0449365913834175,78
BRKM5,202111,-0.00351837623510302,81
BRML3,202111,-0.0036187836100128,81
BRPR3,202111,-0.00727099682795557,79
BRSR6,202111,-0.0226183623531866,79
CAMB3,202111,-0.113048167375737,70
CAML3,202111,-0.0260835860012854,79
CARD3,202111,-0.030730652323437,80
CASH3,202111,-0.0385789237187568,81
CBAV3,202111,-0.0341451823128746,80
CCRO3,202111,-0.00892729937504513,80
CEAB3,202111,-0.0364951216534993,80
CEBR3,202111,-0.0993277365360065,70
CEEB3,202111,-0.0568164351980426,7
CEED3,202111,-0.053366833656022,7
CEED4,202111,-0.0618123742133182,7
CEPE3,202111,-0.0495188162792479,6
CEPE5,202111,-0.0394499393162192,5
CESP3,202111,-0.0167333224677961,71
CESP6,202111,-0.0104134662300096,79
CGAS5,202111,-0.111107654049081,70
CGRA4,202111,-0.0429278103098568,63
CIEL3,202111,-0.00866875680574464,81
CLSA3,202111,-0.0275441553532888,79
CLSC3,202111,-0.0338263009724472,68
CLSC4,202111,-0.0368411870850388,79
CMIG3,202111,-0.0315011643290708,79
CMIG4,202111,-0.012236279880887,81
CMIN3,202111,-0.0194300926956512,79
COCE3,202111,0.0737878852590614,23
COCE5,202111,-0.0292552307708773,79
COGN3,202111,-0.0319897543523138,81
CPFE3,202111,-0.00559828409224925,81
CPLE11,202111,-0.0133117828629404,80
CPLE3,202111,3.78329769612186e-05,78
CPLE6,202111,-0.00984094608483637,81
CRDE3,202111,-0.0324086294474498,79
CRFB3,202111,-0.00122981164110635,81
CRIV4,202111,-0.0538901497991777,63
CRPG5,202111,-0.0852071259618904,76
CSAN3,202111,-0.0328341464608263,81
CSED3,202111,-0.00809509630253247,80
CSMG3,202111,-0.0358857603874413,79
CSNA3,202111,-0.00678773409225284,81
CSRN3,202111,-0.0580060023960218,7
CSRN5,202111,-0.0394225795350975,5
CTNM4,202111,-0.0445698448543103,78
CURY3,202111,-0.0377843998623893,79
CVCB3,202111,-0.0104493787520416,81
CXSE3,202111,-0.0185485718745914,79
CYRE3,202111,-0.00622534072131697,81
DASA3,202111,-0.0364894387765299,80
DESK3,202111,-0.0222012905186523,79
DEXP3,202111,-0.0357593146805887,79
DIRR3,202111,-0.0375565466198836,79
DMMO3,202111,-0.103968765105728,78
DMVF3,202111,-0.0211507538472027,78
DOTZ3,202111,-0.0484010525827258,77
DXCO3,202111,-0.0184105813007203,81
EALT4,202111,-0.0280942543500036,63
ECOR3,202111,-0.0139872044915644,81
EGIE3,202111,-0.00919634698467858,81
ELET3,202111,-0.010202299497903,81
ELET6,202111,-0.0103210714843337,81
ELMD3,202111,-0.0333032505302709,77
EMAE4,202111,-0.0362692154737981,75
EMBR3,202111,-0.00615812451963978,81
ENAT3,202111,-0.0316908874689993,79
ENBR3,202111,-0.00328535800068268,81
ENEV3,202111,-0.0360143255166925,81
ENGI11,202111,-0.0392250110974148,81
ENJU3,202111,-0.0229061154999618,79
EQPA3,202111,-0.0486743497651621,79
EQTL3,202111,-0.0200905441739046,81
ESPA3,202111,-0.0139590505105075,80
ETER3,202111,-0.0342090189675865,78
EUCA4,202111,-0.0107999530878999,79
EVEN3,202111,-0.0106980152802268,80
EZTC3,202111,-0.0321161310849036,81
FESA4,202111,-0.0274305064741234,79
FHER3,202111,-0.00154026728302854,75
FIQE3,202111,-0.0361393775613351,80
FLRY3,202111,-0.0289816298776859,81
FRAS3,202111,-0.0283475133579939,75
GEPA4,202111,-0.0226439386683604,63
GETT11,202111,-0.00573223647612116,80
GETT3,202111,-0.0406893724363197,73
GETT4,202111,-0.0407830924035935,73
GFSA3,202111,-0.028241653342841,79
GGBR3,202111,-0.0316716152166667,76
GGBR4,202111,-0.0109261891963095,81
GGPS3,202111,-0.024233796152351,80
GMAT3,202111,-0.0357357693376253,80
GNDI3,202111,-0.00952481870316403,81
GOAU3,202111,-0.040089860583742,79
GOAU4,202111,-0.0181663558977863,81
GOLL4,202111,-0.0369563647706484,81
GRND3,202111,-0.0425712162204824,80
GUAR3,202111,0.0180790478053919,80
HAPV3,202111,-0.0104077655964683,81
HBOR3,202111,-0.0432560621849012,80
HBRE3,202111,-0.0201454890521148,76
HBSA3,202111,-0.0186201475269363,79
HYPE3,202111,-0.0066520840626783,81
IFCM3,202111,-0.0487248320060744,76
IGTA3,202111,-0.13883774614353,68
IGTI11,202111,-0.00218744500252783,81
IGTI3,202111,-0.0198487530605002,80
INEP4,202111,-0.100699658829519,70
INTB3,202111,-0.0126441258366261,79
IRBR3,202111,-0.0321802629896623,81
ITSA3,202111,-0.0363483422933703,76
ITSA4,202111,-0.0110113920156817,81
ITUB3,202111,-0.0253782722696968,79
ITUB4,202111,-0.0129731418810388,81
JALL3,202111,-0.03838721101418,79
JBSS3,202111,-0.00850103557152187,81
JHSF3,202111,-0.0386549534747512,81
JOPA3,202111,-0.0464588053365256,78
JSLG3,202111,-0.000203619830968877,79
KEPL3,202111,-0.027899416960461,80
KLBN11,202111,-0.0102622146834495,79
KLBN3,202111,0.0378280021665365,34
KLBN4,202111,0.047172059282844,34
KROT11,202111,-0.0350346990028086,71
KRSA3,202111,-0.0280126128931797,74
LAME3,202111,-0.0276257769594601,79
LAME4,202111,-0.0219774028721148,81
LAND3,202111,-0.0667885181460176,76
LAVV3,202111,-0.0419176608393197,80
LCAM3,202111,-0.0236171743388269,81
LEVE3,202111,-0.0275508523077248,79
LIGT3,202111,-0.0158979254514425,80
LJQQ3,202111,-0.0398423917665541,79
LLIS3,202111,-0.030260626860061,79
LOGG3,202111,-0.0311909149475283,79
LOGN3,202111,-0.0378309470053254,79
LPSB3,202111,-0.0502014259323944,79
LREN3,202111,-0.0303520034689707,81
LUPA3,202111,-0.0409888565780238,77
LVTC3,202111,-0.038251967510257,76
LWSA3,202111,-0.0392727385554686,81
MATD3,202111,-0.00422389546966313,79
MBLY3,202111,-0.0456790268654101,79
MDIA3,202111,-0.00570551088136033,79
MDNE3,202111,-0.0427008264564395,80
MEAL3,202111,-0.000508773840420519,79
MELK3,202111,-0.0237766272262634,80
MGLU3,202111,-0.00267154897735647,81
MILS3,202111,-0.037008285351366,79
MLAS3,202111,-0.0350236872511064,80
MMXM3,202111,-0.150757078695324,70
MODL11,202111,-0.0116704512922074,79
MOSI3,202111,-0.000462995320519905,80
MOVI3,202111,-0.00562670264627102,79
MRFG3,202111,-0.0127224336406556,81
MRVE3,202111,-0.0333787974954142,81
MTRE3,202111,-0.0426488924414112,80
MTSA4,202111,-0.0405491891844229,75
MULT3,202111,-0.00993099657777581,81
MYPK3,202111,-0.00702973465704273,79
NEOE3,202111,-0.00556922979345374,80
NGRD3,202111,-0.0351867979654159,79
NINJ3,202111,-0.0362843785400589,79
NTCO3,202111,-0.0329552584293471,81
ODPV3,202111,-0.0112610407187684,79
OFSA3,202111,-0.0371405381217793,79
OIBR3,202111,-0.0266715777487425,81
OIBR4,202111,-0.0514659572466177,71
OMGE3,202111,-0.0161421684279837,79
ONCO3,202111,-0.030953345219359,79
OPCT3,202111,-0.0172973648669171,80
ORVR3,202111,-0.0422450546356285,79
PARD3,202111,-0.0260995437458386,79
PCAR3,202111,-0.0255793031323869,81
PDGR3,202111,-0.0960382306825912,70
PDTC3,202111,-0.0955470291123217,70
PETR3,202111,-0.0102646923593006,81
PETR4,202111,-0.00609950107857998,81
PETZ3,202111,-0.00734917739175816,81
PFRM3,202111,-0.0377869377725958,78
PGMN3,202111,-0.043397641407951,79
PINE4,202111,-0.104936243355583,70
PLPL3,202111,-0.0219428573899327,79
PMAM3,202111,-0.0364628184424045,79
PNVL3,202111,-0.00465750766748963,80
POMO3,202111,0.010889038207155,76
POMO4,202111,-0.0333786255297652,79
PORT3,202111,-0.038139575658892,73
POSI3,202111,-0.00866392527059517,79
POWE3,202111,-0.038802737826231,78
PPLA11,202111,-0.0445701509781944,65
PRIO3,202111,-0.0166397523816478,81
PRNR3,202111,-0.122823773588587,76
PSSA3,202111,-0.00377228263681125,80
PTBL3,202111,-0.0282708355763673,79
PTNT4,202111,-0.0278142291240821,29
QUAL3,202111,-0.018889025238623,81
RADL3,202111,-0.00763169222570124,81
RAIL3,202111,-0.0344450187939545,81
RAIZ4,202111,-0.0229759769474759,79
RANI3,202111,-0.0136795750992997,79
RAPT3,202111,-0.0469799467628593,78
RAPT4,202111,-0.00931684447643289,79
RCSL3,202111,-0.037124593842179,76
RCSL4,202111,-0.0357944703510367,79
RDNI3,202111,-0.0115168003515594,73
RDOR3,202111,-0.0273752989511052,81
RECV3,202111,-0.0361027876574154,80
RENT3,202111,-0.017629634429173,81
ROMI3,202111,-0.0334799115653024,79
RPAD3,202111,-0.0454870485968851,78
RRRP3,202111,-0.0393625901833966,80
RSID3,202111,-0.107700951826468,70
SANB11,202111,-0.0126855116859784,81
SANB3,202111,-0.108696108971037,70
SAPR11,202111,-0.00138859802173265,80
SAPR4,202111,-0.0373228626377478,79
SBFG3,202111,-0.0381732110021645,80
SBSP3,202111,-0.0108822179824765,81
SCAR3,202111,-0.0445075437944423,63
SEER3,202111,-0.00543526012604813,80
SEQL3,202111,-0.0343839602980898,80
SGPS3,202111,-0.117175956237174,73
SHOW3,202111,-0.0353321640742807,80
SHUL4,202111,-0.0112306350596485,79
SIMH3,202111,-0.0348551353527203,80
SLCE3,202111,-0.0307782132955379,79
SMFT3,202111,-0.0363509584028451,79
SMTO3,202111,-0.0229692236841606,79
SOJA3,202111,-0.0318105362658965,78
SOMA3,202111,-0.0152139741591191,81
SQIA3,202111,-0.0343153558311655,79
STBP3,202111,-0.0442328018755179,79
SULA11,202111,-0.00306315080691145,81
SUZB3,202111,-0.0284883513477871,81
SYNE3,202111,-0.0237422653285294,80
TAEE11,202111,-0.00730742961432796,81
TAEE3,202111,-0.0397431602632803,72
TAEE4,202111,-0.109390863751134,70
TASA4,202111,-0.0379549200218312,80
TCNO4,202111,-0.100749420087973,70
TCSA3,202111,-0.0374217611701973,79
TECN3,202111,-0.0301772925389423,79
TEND3,202111,-0.0111618875129042,79
TFCO4,202111,-0.0367966028701394,79
TGMA3,202111,-0.00180819761561262,76
TIMS3,202111,-0.029728156424009,81
TOTS3,202111,-0.0317107774014336,81
TPIS3,202111,-0.0347277039259306,76
TRAD3,202111,-0.010475538396901,79
TRIS3,202111,-0.0429895499544481,79
TRPL4,202111,-0.0117677316816452,79
TTEN3,202111,-0.0306744257397392,79
TUPY3,202111,-0.00224850655709516,79
UGPA3,202111,-0.0152503913082863,81
UNIP3,202111,-0.0079920055952493,78
UNIP6,202111,-0.0296941270670432,80
USIM3,202111,-0.0420162143175774,79
USIM5,202111,-0.0263211917374991,81
VALE3,202111,-0.0100759787297409,81
VAMO3,202111,-0.0242959920738873,80
VBBR3,202111,-0.0293967742533682,81
VIIA3,202111,-0.00638353586376672,81
VITT3,202111,-0.0406941188137408,80
VIVA3,202111,-0.0307260022842589,79
VIVR3,202111,-0.058604960144754,76
VIVT3,202111,-0.00868445868354036,81
VIVT4,202111,-0.036264372577577,70
VLID11,202111,-0.0381190949346981,70
VLID3,202111,-0.0372883161143524,79
VULC3,202111,-0.0170925559571242,80
VVEO3,202111,-0.0357676622226943,79
WEGE3,202111,-0.00644699122013577,81
WEST3,202111,-0.03182661429297,80
WHRL4,202111,-0.108574613683263,70
WIZS3,202111,-0.0221075519398246,79
YDUQ3,202111,-0.0128871793854905,81
AALR3,202112,0.0835112103108608,84
ABCB4,202112,0.0521290320494845,84
ABEV3,202112,0.0240392164309901,85
AERI3,202112,0.067949188410901,84
AESB3,202112,0.0330994481130784,84
AGRO3,202112,0.0527452207952125,84
AGXY3,202112,0.0349128157158914,78
ALLD3,202112,0.0730980095020739,84
ALPA3,202112,0.0173669844476154,83
ALPA4,202112,0.0611497839841705,85
ALPK3,202112,0.0719542001249167,78
ALSO3,202112,0.0499163158312855,84
ALUP11,202112,0.0448718195430148,84
AMAR3,202112,0.0462990345220283,84
AMBP3,202112,0.0818784798640196,84
AMER3,202112,0.020496895556458,85
ANIM3,202112,0.0546077044639541,84
APER3,202112,0.0725694130416782,81
ARML3,202112,0.0319090128405313,84
ARZZ3,202112,0.0420527051061681,84
ASAI3,202112,0.045587713803639,85
ATMP3,202112,0.0613847559818603,77
AVLL3,202112,0.0941515948874884,73
AZEV4,202112,0.0257624892426151,76
AZUL4,202112,0.0213134397689365,85
B3SA3,202112,0.0228380588857683,85
BAHI3,202112,0.203605123220746,72
BAUH4,202112,0.0472915112216122,71
BBAS3,202112,0.0231214080128911,85
BBDC3,202112,0.0195339334454147,85
BBDC4,202112,0.026903131424679,85
BBRK3,202112,0.0567316291895442,80
BBSE3,202112,0.0242058866297444,85
BBTG11,202112,0.0098483160186745,67
BEEF11,202112,0.112394736633279,66
BEEF3,202112,0.041552423704937,85
BEES3,202112,0.0473817215361051,71
BIDI11,202112,0.0422071874246436,85
BIDI3,202112,0.0736114889879471,84
BIDI4,202112,0.0389436642971181,84
BIOM3,202112,0.0205752092549464,70
BKBR3,202112,0.0534850388188451,84
BLAU3,202112,0.0207222652117946,84
BMGB4,202112,0.0409351270513796,84
BMOB3,202112,0.0519018907702253,84
BOAS3,202112,0.0617978405390367,84
BOBR4,202112,0.0504433705574968,71
BPAC11,202112,0.0296537086656968,85
BPAC3,202112,0.0634026285210699,77
BPAC5,202112,0.0238452165857611,84
BPAN4,202112,0.0276646089849583,85
BRAP3,202112,0.0688750209887675,77
BRAP4,202112,0.0438869582631132,85
BRBI11,202112,0.0691597628722799,79
BRFS3,202112,0.0289883760082701,85
BRGE3,202112,0.0609322949956843,83
BRIT3,202112,0.0616522798865702,84
BRIV3,202112,0.0631901157894245,83
BRKM3,202112,0.0725504496874615,74
BRKM5,202112,0.0274207802762746,85
BRML3,202112,0.027432814724267,85
BRPR3,202112,0.0493552290799042,84
BRSR6,202112,0.0395366030284134,84
CAMB3,202112,0.0179029607828973,70
CAML3,202112,0.0600729007599322,84
CARD3,202112,0.0628423612271802,84
CASH3,202112,0.0607922638672666,85
CBAV3,202112,0.057447698656043,84
CCRO3,202112,0.0372337593413897,85
CEAB3,202112,0.0562155940995104,84
CEBR3,202112,0.0293819331836542,74
CEBR5,202112,0.0296318421457305,65
CEBR6,202112,0.0324492168854308,65
CEEB3,202112,0.0150216293389106,72
CEED3,202112,-0.0170858787875069,7
CEED4,202112,0.0196257650152065,7
CEPE3,202112,0.0165820022200205,8
CEPE5,202112,0.0247609833471944,67
CESP3,202112,0.0721815145600477,71
CESP6,202112,0.0583533479094082,84
CGRA4,202112,0.0572677800828196,68
CIEL3,202112,0.0288680051726073,85
CLSA3,202112,0.0741436466734384,84
CLSC3,202112,0.0254033307563687,71
CLSC4,202112,0.0720299999130013,84
CMIG3,202112,0.0538462253048065,81
CMIG4,202112,0.0298537591216065,85
CMIN3,202112,0.0323557012564063,85
COCE3,202112,0.0556654446805476,24
COCE5,202112,0.0713234567977436,82
COGN3,202112,0.0276581617713809,85
CPFE3,202112,0.0499280657818927,85
CPLE11,202112,0.0538440426226738,84
CPLE3,202112,0.0474930387888887,78
CPLE6,202112,0.0268688690354556,85
CRDE3,202112,0.0366834117518716,81
CRFB3,202112,0.0469130917730166,85
CRIV4,202112,0.0501345083103317,71
CRPG5,202112,0.0345963140661721,79
CSAN3,202112,0.0485554310059735,85
CSED3,202112,0.0583409719428653,84
CSMG3,202112,0.0306117460873978,84
CSNA3,202112,0.0380626944200386,85
CSRN3,202112,0.0302888980699365,7
CSRN5,202112,0.0203456011682009,7
CTNM4,202112,0.0600600093828718,83
CTSA3,202112,0.0498695262141699,71
CURY3,202112,0.0721517680408576,84
CVCB3,202112,0.0231354419281967,85
CXSE3,202112,0.0340890594127827,84
CYRE3,202112,0.0380201884702091,85
DASA3,202112,0.0620568538494755,84
DESK3,202112,0.0505576782541606,84
DEXP3,202112,0.058392334464978,84
DIRR3,202112,0.0577870352862437,84
DMMO3,202112,0.0341678782643286,77
DMVF3,202112,0.0842848178480511,77
DOHL4,202112,0.0503110484989629,71
DOTZ3,202112,0.0683709204538823,77
DXCO3,202112,0.0309629755312196,85
EALT4,202112,0.0328163378256174,71
ECOR3,202112,0.0352853127757579,85
EGIE3,202112,0.0319526936324508,85
EKTR4,202112,0.0460457921285102,71
ELET3,202112,0.0236920988247531,85
ELET6,202112,0.0413544991123401,85
ELMD3,202112,0.0791329464669167,78
EMAE4,202112,0.0728209985535333,79
EMBR3,202112,0.0261767264928932,85
ENAT3,202112,0.0564340705262751,84
ENBR3,202112,0.0372107582097193,85
ENEV3,202112,0.0629171474873963,85
ENGI11,202112,0.0215535461557661,85
ENJU3,202112,0.0478706745758689,84
ENMT4,202112,0.0494744809964409,71
EQPA3,202112,0.0339428030461915,83
EQPA5,202112,0.0282802234396625,65
EQTL3,202112,0.0378746273069647,85
ESPA3,202112,0.0341524992818276,84
ETER3,202112,0.0577304448620355,78
EUCA4,202112,0.0555674832907217,84
EVEN3,202112,0.0330318683761136,85
EZTC3,202112,0.0543844081256832,85
FESA4,202112,0.0755401575503753,84
FHER3,202112,0.0811600983346926,77
FIQE3,202112,0.0751625090843875,84
FLRY3,202112,0.0244154791210709,85
FRAS3,202112,0.0451285845681244,80
GEPA4,202112,0.054878869306987,63
GETT11,202112,0.0248262618298404,84
GETT4,202112,0.0771740824871501,74
GFSA3,202112,0.0451677670954609,84
GGBR3,202112,0.0137637508196203,79
GGBR4,202112,0.0228478108498829,85
GGPS3,202112,0.0539304567635786,84
GMAT3,202112,0.056642467723951,85
GNDI3,202112,0.0427320189815243,85
GOAU3,202112,0.059469236846043,81
GOAU4,202112,0.0527535680649778,85
GOLL4,202112,0.0529516833480168,85
GRND3,202112,0.0662901487088537,85
GUAR3,202112,0.0225819095032306,84
HAPV3,202112,0.038269810008398,85
HBOR3,202112,0.070563714691525,84
HBRE3,202112,0.0544506207449781,81
HBSA3,202112,0.0464942326884665,85
HYPE3,202112,0.0389770957337969,85
IFCM3,202112,0.0516422803550709,84
IGTI11,202112,0.0553248981988114,85
IGTI3,202112,0.0464329395849788,78
INEP4,202112,0.0204415860442545,70
INTB3,202112,0.0663562783215467,84
IRBR3,202112,0.0231225370608377,85
ITSA3,202112,0.0746180659579573,81
ITSA4,202112,0.0348031371642424,85
ITUB3,202112,0.0735506539610946,78
ITUB4,202112,0.0234590761497628,85
JALL3,202112,0.0681868976794365,84
JBSS3,202112,0.0217791554374979,85
JFEN3,202112,0.030092362147786,70
JHSF3,202112,0.0556130671587314,85
JOPA3,202112,0.0595681630988129,83
JSLG3,202112,0.0683815335369773,84
KEPL3,202112,0.0718637157550557,84
KLBN11,202112,0.0352002030990365,84
KLBN3,202112,0.0871237951318302,37
KLBN4,202112,0.034145436315266,37
KROT11,202112,0.0588284259902816,73
KRSA3,202112,0.0614476384008121,74
LAME3,202112,0.0482180398842929,84
LAME4,202112,0.0571820230408423,85
LAND3,202112,0.0481414246987756,79
LAVV3,202112,0.0682515991973665,85
LCAM3,202112,0.0429962019419427,85
LEVE3,202112,0.0749852644079886,84
LIGT3,202112,0.0439069334710706,84
LJQQ3,202112,0.0430131362936452,84
LLIS3,202112,0.0600633323335522,82
LOGG3,202112,0.0515699631876078,84
LOGN3,202112,0.034164480239189,84
LPSB3,202112,0.0156842043928121,83
LREN3,202112,0.0537176845500332,85
LUPA3,202112,0.0641074337155894,76
LUXM4,202112,0.0490847191784679,71
LVTC3,202112,0.069649649299417,79
LWSA3,202112,0.0493682371230047,85
MATD3,202112,0.0564432612372802,84
MBLY3,202112,0.0665649167779803,83
MDIA3,202112,0.0477773938420463,84
MDNE3,202112,0.0477426080340173,84
MEAL3,202112,0.0339103268407051,84
MEGA3,202112,0.0549577972978662,84
MELK3,202112,0.0521552618318826,84
MERC4,202112,0.0222217758291325,65
MGEL4,202112,0.0472943018033305,71
MGLU3,202112,0.0206408461538845,85
MILS3,202112,0.0646186544582144,84
MLAS3,202112,0.0528311942284044,84
MMXM3,202112,0.100800033751675,70
MNPR3,202112,0.0559887789609456,71
MOAR3,202112,0.052295932667867,71
MODL11,202112,0.0386315577465122,84
MOSI3,202112,0.0576784536743082,84
MOVI3,202112,0.0251399590567848,84
MRFG3,202112,0.0454401221479019,85
MRVE3,202112,0.0237825074556939,85
MTRE3,202112,0.0675382254807996,84
MTSA4,202112,0.0491713610962394,71
MULT3,202112,0.0263144620045991,85
MWET4,202112,0.039449610395893,71
MYPK3,202112,0.0412760580044885,84
NEOE3,202112,0.0471455227068405,85
NGRD3,202112,0.0671221059156065,84
NINJ3,202112,0.0547820975995048,83
NTCO3,202112,0.0566425721182636,85
ODPV3,202112,0.0539531892962755,84
OFSA3,202112,0.070206264572495,83
OIBR3,202112,0.0605478113089092,84
OIBR4,202112,0.0263483984244642,70
ONCO3,202112,0.0681387960930172,84
OPCT3,202112,0.0538223035247121,84
ORVR3,202112,0.0685378437889791,84
PARD3,202112,0.0535878596350355,84
PCAR3,202112,0.0385870899491123,85
PDTC3,202112,-0.0180620261920887,70
PETR3,202112,0.0199319342431468,85
PETR4,202112,0.0335268105712908,85
PETZ3,202112,0.0241563060471088,85
PFRM3,202112,0.0707925161096291,82
PGMN3,202112,0.0688204164822087,84
PINE4,202112,0.0184562771685603,70
PLPL3,202112,0.0512790838574172,84
PMAM3,202112,0.0642999014275257,84
PNVL3,202112,0.0413056257913654,84
POMO3,202112,0.0360018784397585,78
POMO4,202112,0.0546808057220824,84
PORT3,202112,0.0636569020069988,75
POSI3,202112,0.0461058013096766,85
POWE3,202112,0.0494699191346089,84
PPLA11,202112,0.0935824595524322,64
PRIO3,202112,0.0538321050168675,85
PRNR3,202112,-0.00695299748342123,70
PSSA3,202112,0.0244976040296997,83
PTBL3,202112,0.0701173220263813,84
PTNT4,202112,0.253318146486684,29
QUAL3,202112,0.0583248978573981,85
RADL3,202112,0.0210589001882405,85
RAIL3,202112,0.0462629921695325,85
RAIZ4,202112,0.0587525404220114,84
RANI3,202112,0.0600992759407704,84
RAPT3,202112,0.0599483976128015,83
RAPT4,202112,0.0428253318382781,84
RCSL3,202112,0.0612610184321848,84
RCSL4,202112,0.0609958628219917,84
RDNI3,202112,0.0626819856784887,74
RDOR3,202112,0.0506897431853606,85
RECV3,202112,0.0482766960410475,84
RENT3,202112,0.0240225403027288,85
ROMI3,202112,0.086451423628861,84
RPAD3,202112,0.060143319030939,83
RRRP3,202112,0.0615116752586992,85
RSID3,202112,0.00370465856172857,70
SANB11,202112,0.0286092235946533,85
SANB3,202112,0.0276703373644324,70
SAPR11,202112,0.0375117335555233,85
SAPR4,202112,0.0615203375409674,76
SBFG3,202112,0.0621931522554481,84
SBSP3,202112,0.0393053847752463,85
SCAR3,202112,0.0386044073958687,68
SEER3,202112,0.0601510076412365,84
SEQL3,202112,0.0613697776063216,84
SGPS3,202112,0.0323782912796355,73
SHOW3,202112,0.0635230323321433,84
SHUL4,202112,0.0124971107912373,82
SIMH3,202112,0.0262249407100747,84
SLCE3,202112,0.0657452789134237,84
SMFT3,202112,0.0490716080371687,84
SMTO3,202112,0.0498030142464537,84
SOJA3,202112,0.053745585442062,82
SOMA3,202112,0.0413566697408021,85
SQIA3,202112,0.0705668883207227,84
STBP3,202112,0.0236128700727707,84
SULA11,202112,0.0239725508753865,85
SUZB3,202112,0.0372528711074428,85
SYNE3,202112,0.0461085168094544,84
TAEE11,202112,0.0412054223538418,85
TAEE3,202112,0.064061592109675,72
TAEE4,202112,0.0154244388823592,70
TASA3,202112,0.0601025672218543,72
TASA4,202112,0.0685069408878136,84
TCNO4,202112,0.0334701337840221,70
TCSA3,202112,0.0610834242666048,84
TECN3,202112,0.0275270891491201,82
TEND3,202112,0.0425725455103263,84
TFCO4,202112,0.0647714284103629,84
TGMA3,202112,0.0414701089313831,84
TIMS3,202112,0.0556225717114186,85
TOTS3,202112,0.0539070201431326,85
TPIS3,202112,0.0638863920519214,84
TRAD3,202112,0.0414687872340612,84
TRIS3,202112,0.0476412454127088,84
TRPL4,202112,0.0498743270945137,84
TTEN3,202112,0.0554425155567463,85
TUPY3,202112,0.038039577750183,84
UCAS3,202112,0.0203877955847902,65
UGPA3,202112,0.0266230526390109,85
UNIP3,202112,0.068327337619188,79
UNIP6,202112,0.069515114517846,84
USIM3,202112,0.0423704988788205,84
USIM5,202112,0.0324384401727858,85
VALE3,202112,0.0200124166121175,85
VAMO3,202112,0.0712563731017439,84
VBBR3,202112,0.0329654027471777,85
VIIA3,202112,0.0276402757392599,85
VITT3,202112,0.0642358583298711,84
VIVA3,202112,0.0398842644780566,84
VIVR3,202112,0.0286237631836951,70
VIVT3,202112,0.0286094130034821,85
VIVT4,202112,0.0280244781161453,69
VLID11,202112,0.0128584896561908,70
VLID3,202112,0.0625634382056963,84
VULC3,202112,0.0393069896787236,84
VVEO3,202112,0.053136694791918,84
WEGE3,202112,0.0251577454559368,85
WEST3,202112,0.0641710947700529,84
WHRL4,202112,0.0498075717935153,78
WIZS3,202112,0.0704746433038152,84
YDUQ3,202112,0.0200858052471207,85
