ticker,ym,peer_ret,n_peers
AALR3,201701,0.114819492113042,57
ABCB4,201701,0.0661909506193184,56
ABEV3,201701,0.082275865907886,57
AFLT3,201701,-0.00960412266527302,6
AFLU3,201701,-0.00544083618148116,5
AGRO3,201701,0.0679922660486662,35
ALPA3,201701,0.089298688620458,50
ALPA4,201701,0.0603871287160143,57
ALSC3,201701,0.127753667020398,57
ALUP11,201701,0.0795289730641185,56
ALUP3,201701,0.0907035239937098,50
ALUP4,201701,0.047796180177487,50
AMAR3,201701,0.080445792737431,56
ANIM3,201701,0.119437252149252,57
ARZZ3,201701,0.11638334230502,57
BBAS3,201701,0.0685078566891697,60
BBDC3,201701,0.0666111109459768,58
BBDC4,201701,0.100317964317767,60
BBRK3,201701,0.0789250071239936,56
BBSE3,201701,0.0909499020884488,58
BBTG11,201701,0.107502640088056,56
BEEF3,201701,0.0899001712493565,57
BMEB4,201701,0.0932592442258066,8
BOBR4,201701,0.0694950500857201,8
BPAN4,201701,0.0664802577043642,8
BPHA3,201701,-0.116984870087992,15
BRAP3,201701,0.16259583440729,56
BRAP4,201701,0.125540220177357,60
BRFS3,201701,0.0648244111179231,59
BRGE3,201701,0.0598540603450602,52
BRIN3,201701,0.077766956380388,51
BRIV3,201701,0.0948729263263755,54
BRKM3,201701,0.0740170693509299,47
BRKM5,201701,0.0900870452257334,58
BRML3,201701,0.115205337278159,60
BRPR3,201701,0.119745582828706,57
BRSR6,201701,0.10977529965805,59
BSEV3,201701,0.0281383406156999,36
BTOW3,201701,0.117030122327439,57
BTTL4,201701,0.107491260288178,19
BVMF3,201701,0.0952733908240751,60
CAMB4,201701,0.201756688247272,42
CCPR3,201701,0.0651110572005481,52
CCRO3,201701,0.0886003298484638,58
CCXC3,201701,0.0630657927617053,49
CEBR3,201701,0.0827612079540049,13
CEBR5,201701,0.102705528724799,13
CEBR6,201701,0.0742362453627288,13
CEEB3,201701,-0.0061066415712968,7
CEED3,201701,-0.00545029961623728,7
CEED4,201701,-0.00297972735038387,7
CELP3,201701,0.115197018835298,50
CELP5,201701,0.0838276916738439,16
CEPE3,201701,-0.0138924257630823,7
CEPE5,201701,0.0617802020299756,10
CEPE6,201701,0.0138389198124807,5
CESP3,201701,0.0812922356156096,54
CESP6,201701,0.117016078985344,59
CGAS3,201701,0.0917060665029884,55
CGAS5,201701,0.0857470772764844,56
CGRA3,201701,0.0650718180912004,53
CGRA4,201701,0.101811402508017,55
CIEL3,201701,0.0814357042156759,60
CLSC3,201701,0.008167651661173,7
CLSC4,201701,0.156288238639979,56
CMIG3,201701,0.11235947048548,54
CMIG4,201701,0.0743098996365672,60
COCE5,201701,0.0892415143444359,45
CPFE3,201701,0.13590435959454,60
CPLE3,201701,0.133796884099999,57
CPLE6,201701,0.0699132057293508,58
CPRE3,201701,0.0701706015027774,53
CRDE3,201701,0.105685976232447,55
CRIV3,201701,0.0721873510843243,52
CSAN3,201701,0.114143298099396,58
CSMG3,201701,0.0835055010995865,59
CSNA3,201701,0.0760962635154153,59
CSRN3,201701,-0.0138924257630823,7
CSRN5,201701,-0.00260726143158589,8
CTAX3,201701,0.071626611406118,57
CTIP3,201701,0.114932260579676,60
CTNM3,201701,0.248510835848856,5
CTNM4,201701,0.0336846379483275,52
CVCB3,201701,0.0865722046297663,58
CYRE3,201701,0.138341932492915,58
DIRR3,201701,0.0877323672199809,57
DOHL4,201701,0.0780343609327104,14
DTEX3,201701,0.0815167963459199,57
ECOR3,201701,0.128708101024205,58
EEEL3,201701,0.0197485058433527,6
EEEL4,201701,0.0174167691072817,7
EGIE3,201701,0.067391933815078,58
ELET3,201701,0.0790164739053182,61
ELET6,201701,0.0742656208983199,58
ELPL4,201701,0.0902025550950916,57
EMAE4,201701,0.0480338846909404,13
EMBR3,201701,0.117056567709855,58
ENBR3,201701,0.056202795036415,58
ENEV3,201701,0.0607293337036252,56
ENGI11,201701,0.105584982202346,59
ENGI3,201701,0.0648060378198668,35
ENGI4,201701,0.0918975695035088,50
ENMT3,201701,0.0921486572749642,50
ENMT4,201701,0.0982029435682571,50
EQTL3,201701,0.0616307118416816,60
ESTC3,201701,0.072764223976802,58
ETER3,201701,0.0582741516297344,35
EUCA4,201701,0.137717918987104,55
EVEN3,201701,0.118579927803525,57
EZTC3,201701,0.0963779732325938,57
FESA4,201701,0.108119126049822,55
FIBR3,201701,0.100814004168929,58
FLRY3,201701,0.0711449783897558,57
FRAS3,201701,0.0181447265141633,6
GEPA3,201701,0.00548372582228212,36
GEPA4,201701,0.0193008693281087,36
GFSA3,201701,0.0881686446869643,57
GGBR3,201701,0.130760547641862,57
GGBR4,201701,0.0743290101279472,59
GOAU3,201701,0.101106785003335,54
GOAU4,201701,0.103842869233989,58
GOLL4,201701,0.0872907657658197,57
GPCP3,201701,0.0796600987390855,45
GRND3,201701,0.0657639618696855,58
GSHP3,201701,0.417143091131153,51
GUAR3,201701,0.105019699458201,56
GUAR4,201701,0.0905058842138235,58
HBOR3,201701,0.14196891830052,57
HGTX3,201701,0.0681184094733639,57
HYPE3,201701,0.0681907186041051,58
IDNT3,201701,0.117867563888756,52
IGBR3,201701,0.139664483399963,50
IGTA3,201701,0.0958287181764095,58
INEP3,201701,0.320147502456713,52
INEP4,201701,0.291163785262645,50
ITSA3,201701,0.073910539491101,55
ITSA4,201701,0.0738483771496397,60
ITUB3,201701,0.101203476697117,59
ITUB4,201701,0.0812499075043647,60
JBSS3,201701,0.0638969427602027,58
JHSF3,201701,0.197105741725439,50
JOPA3,201701,0.0770926362951981,52
JSLG3,201701,0.0410742831530133,55
KEPL3,201701,0.151131107669163,5
KLBN11,201701,0.0952823486523004,58
KLBN3,201701,0.0326007449511458,51
KLBN4,201701,-0.0123397027690816,52
KROT3,201701,0.107447992398562,58
LAME3,201701,0.135773603218013,57
LAME4,201701,0.0944481966865372,57
LCAM3,201701,0.278885268629866,45
LEVE3,201701,0.0818763427907565,55
LIGT3,201701,0.11348545483734,59
LINX3,201701,0.11952108137365,57
LLIS3,201701,0.0446364252799879,49
LLISE3,201701,0.0415425021355844,35
LOGN3,201701,0.0965496893623682,38
LPSB3,201701,0.0972056482976441,56
LREN3,201701,0.0821102036224445,58
LUPA3,201701,0.0692151899725704,49
MAGG3,201701,0.110320120624118,57
MDIA3,201701,0.0821341125769527,57
MEAL3,201701,0.0963033341361426,57
MGEL4,201701,0.0820973852853753,52
MGLU3,201701,0.0776839709025037,54
MILS3,201701,0.118652778964611,57
MLFT4,201701,0.113066438214751,56
MMXM3,201701,0.0525399761055004,50
MPLU3,201701,0.112183793610933,57
MRFG3,201701,0.092135528590134,58
MRVE3,201701,0.0760957969286631,58
MTSA3,201701,0.107491260288178,19
MTSA4,201701,0.087309429937528,20
MULT3,201701,0.11819443216634,58
MYPK3,201701,0.0829948995871355,56
NATU3,201701,0.0714456233157853,58
ODPV3,201701,0.0974406346004485,57
OFSA3,201701,0.152172474586168,56
OGXP3,201701,0.0638991128407183,52
OIBR3,201701,0.116660819643875,58
OIBR4,201701,0.165332597677928,56
OSXB3,201701,0.0636160923407033,49
PARC3,201701,0.0907920904892159,57
PCAR4,201701,0.0714905321952038,58
PDGR3,201701,0.0641411930384395,53
PETR3,201701,0.0798615879397259,59
PETR4,201701,0.101544130550002,61
PFRM3,201701,0.11837888846626,55
PINE4,201701,0.0372305728040484,42
PMAM3,201701,0.0927099324923628,54
PNVL3,201701,0.185931490152821,44
PNVL4,201701,0.166678828228798,56
POMO3,201701,0.082233486863684,44
POMO4,201701,0.10531429151123,55
POSI3,201701,0.0848219411068354,49
PRIO3,201701,0.183309878513764,54
PRML3,201701,0.0405500469830098,56
PSSA3,201701,0.0725176455377823,57
PTBL3,201701,0.070584548541519,52
QGEP3,201701,0.121880309288916,61
QUAL3,201701,0.0619007813766551,58
RADL3,201701,0.0847799391373785,57
RAPT3,201701,0.064352148882672,54
RAPT4,201701,0.121757372071048,57
RDNI3,201701,0.114432380829024,53
REDE3,201701,0.0855908799161525,50
REDE4,201701,0.0876349331889307,50
RENT3,201701,0.0643318381043078,58
RLOG3,201701,0.098624516836542,57
RNEW11,201701,0.0757508683351488,42
ROMI3,201701,0.0454632765105871,18
RPAD3,201701,0.0614488543523929,52
RPMG3,201701,0.0970481552454455,49
RSID3,201701,0.0834144300813352,55
RUMO3,201701,0.120377957004007,58
SANB11,201701,0.0955793945598583,57
SANB4,201701,0.125491942935495,53
SAPR4,201701,0.0996421395816776,59
SBSP3,201701,0.10658548569226,58
SCAR3,201701,0.12372655565911,54
SEDU3,201701,0.148564862154775,56
SEER3,201701,0.129131463437204,57
SGPS3,201701,0.15753171434436,43
SHOW3,201701,0.0944378147025576,55
SHUL4,201701,0.0860924648723809,21
SLCE3,201701,0.096437212778986,58
SLED4,201701,0.264338022459737,50
SMLE3,201701,0.070934650330868,58
SMTO3,201701,0.059950194840754,58
SNSL3,201701,0.183828818091423,48
SSBR3,201701,0.116872830005007,58
STBP3,201701,0.132680105012838,57
SULA11,201701,0.084165268782487,55
SUZB5,201701,0.0790393565337121,58
TAEE11,201701,0.0816584594404721,57
TCSA3,201701,0.121255788335974,58
TECN3,201701,0.150079164920845,57
TESA3,201701,0.0508777072531697,57
TGMA3,201701,0.0631526830205516,59
TIET11,201701,0.0656168886329317,57
TIET3,201701,0.0811093318146528,53
TIET4,201701,0.0612237847606555,56
TIMP3,201701,0.112214687277851,58
TOTS3,201701,0.0971616981546593,57
TPIS3,201701,0.0389808925822219,52
TRIS3,201701,0.175704133761677,44
TRPL4,201701,0.0553338725531694,59
TUPY3,201701,0.120556698654119,58
UCAS3,201701,0.10994010697011,30
UGPA3,201701,0.0562980819471368,58
UNIP3,201701,0.0710646965445279,52
UNIP6,201701,0.105395036396155,46
USIM3,201701,0.18512908307314,56
USIM5,201701,0.12880730356036,58
VALE3,201701,0.0766488285217563,61
VALE5,201701,0.0746533176981037,61
VIVT3,201701,0.110657494033597,56
VIVT4,201701,0.0779628535837718,59
VLID3,201701,0.083541882372878,57
VULC3,201701,0.0668397945219497,8
VVAR11,201701,0.109531350086445,58
WEGE3,201701,0.110632079195933,58
AALR3,201702,0.0690723370347512,58
ABCB4,201702,0.0682332237168095,60
ABEV3,201702,0.0307464327372934,57
AFLT3,201702,-0.0123862131582591,6
AFLU3,201702,0.0173491703423448,11
AGRO3,201702,0.0467784982109555,35
ALPA3,201702,0.0486461541451241,50
ALPA4,201702,0.0239083348351994,59
ALSC3,201702,0.0610873216766806,60
ALUP11,201702,0.0530365551993453,60
ALUP3,201702,0.126988318612338,51
ALUP4,201702,0.0176078900795975,51
AMAR3,201702,0.0359744088011127,58
ANIM3,201702,0.0644945506851336,59
ARZZ3,201702,0.0848189844592835,59
BAHI3,201702,0.0382460573950625,14
BBAS3,201702,0.046044012437174,61
BBDC3,201702,0.0338712343532472,58
BBDC4,201702,0.0348824880440742,60
BBRK3,201702,0.0561285770863509,56
BBSE3,201702,0.061107762773511,58
BBTG11,201702,0.0695505293936779,58
BEEF3,201702,0.0589809690092786,60
BMEB4,201702,0.0484396348446691,22
BOBR4,201702,0.0742032601727166,22
BPAC11,201702,0.0955924916032101,52
BPAN4,201702,0.0196617768913395,22
BPHA3,201702,0.0799492177611418,38
BRAP3,201702,0.0690160321785414,56
BRAP4,201702,0.0585910131201199,60
BRFS3,201702,0.0336531540258341,59
BRGE3,201702,0.0272880343740057,52
BRIN3,201702,0.0484561680353035,52
BRIV3,201702,0.0611784848569569,54
BRKM3,201702,0.0474258541050787,47
BRKM5,201702,0.0428271835231446,58
BRML3,201702,0.0642319395062078,61
BRPR3,201702,0.0729665103910935,59
BRSR6,201702,0.0642545132623921,61
BSEV3,201702,0.11102023140799,36
BTOW3,201702,0.0777205617186223,59
BTTL4,201702,0.0545802701068793,16
BVMF3,201702,0.0562171947967906,60
CAMB4,201702,0.0919741895347907,43
CARD3,201702,0.0521472408138632,11
CCPR3,201702,0.020688174886501,52
CCRO3,201702,0.0449591122332271,58
CCXC3,201702,0.0220415392972566,50
CEBR3,201702,0.0633897753567517,26
CEBR5,201702,0.0666006806352164,26
CEBR6,201702,0.0563339359454264,27
CEEB3,201702,0.0302874156593274,5
CEED3,201702,0.0186991805705126,6
CEED4,201702,0.0215169088479294,5
CELP3,201702,0.0624075864593393,49
CELP5,201702,0.0412813130082163,6
CEPE3,201702,0.0205634943453647,6
CEPE5,201702,0.000451879256628166,11
CEPE6,201702,0.0253154519063197,6
CESP3,201702,0.0615876182217374,54
CESP6,201702,0.0650251077255312,61
CGAS3,201702,0.0424737743577504,55
CGAS5,201702,0.0408203451903629,59
CGRA3,201702,0.0278875747774872,54
CGRA4,201702,0.0592104043179894,56
CIEL3,201702,0.0405822846671229,61
CLSC3,201702,-0.046674441278362,8
CLSC4,201702,0.0541806986657298,56
CMIG3,201702,0.0726372933948008,57
CMIG4,201702,0.0651302087743845,61
COCE5,201702,0.077812964924975,55
CPFE3,201702,0.0644131243830251,59
CPLE3,201702,0.0723364314874956,57
CPLE6,201702,0.0694826250514223,60
CPRE3,201702,0.0440313348092133,53
CRDE3,201702,0.0610673015820561,56
CRIV3,201702,0.0265202710147969,52
CSAN3,201702,0.0528271904082789,58
CSMG3,201702,0.0574472928967896,61
CSNA3,201702,0.0326820488177822,59
CSRN3,201702,0.00776728092893554,6
CSRN5,201702,0.0112659642985346,7
CTAX3,201702,0.0575784783636689,57
CTIP3,201702,0.0520554512343162,60
CTKA4,201702,0.249248659860995,11
CTNM3,201702,0.136315379557837,5
CTNM4,201702,0.0255676235294105,53
CVCB3,201702,0.0575431363588608,61
CYRE3,201702,0.0796195178595948,59
DIRR3,201702,0.0662807380117925,59
DOHL4,201702,0.19822678001888,13
DTEX3,201702,0.0589468595781431,60
ECOR3,201702,0.068757617968902,60
EEEL3,201702,0.0213835724628382,5
EEEL4,201702,0.0205634943453647,6
EGIE3,201702,0.0362245600705119,58
ELET3,201702,0.0262368816329923,60
ELET6,201702,0.064179465915214,59
ELPL4,201702,0.0339883286963763,59
EMAE4,201702,0.0797737105709376,15
EMBR3,201702,0.0572671061405608,59
ENBR3,201702,0.033906137632429,58
ENEV3,201702,0.0349742295413908,56
ENGI11,201702,0.0501205964942957,60
ENGI3,201702,0.0229463165181834,36
ENGI4,201702,0.0429552890379174,50
ENMT3,201702,0.0466047288715525,50
ENMT4,201702,0.0497995854956419,50
EQTL3,201702,0.0364958409674852,60
ESTC3,201702,0.0467117901625231,60
ETER3,201702,0.0711452283401261,35
EUCA4,201702,0.0592422917438651,55
EVEN3,201702,0.0571428527686899,60
EZTC3,201702,0.0998915296778618,60
FESA4,201702,0.0542115165119041,56
FIBR3,201702,0.0544561981978875,59
FLRY3,201702,0.0795215910133411,60
FRAS3,201702,0.0156969004276775,7
GEPA3,201702,0.0822436141899726,37
GEPA4,201702,0.0525763069568842,37
GFSA3,201702,0.0679107475643949,60
GGBR3,201702,0.0570676877627072,58
GGBR4,201702,0.039832767094108,60
GOAU3,201702,0.0350283999455008,54
GOAU4,201702,0.0500232492091941,59
GOLL4,201702,0.0703689710722324,59
GPCP3,201702,0.0877452995597138,47
GRND3,201702,0.0621450809252919,60
GSHP3,201702,0.0620300211424609,38
GUAR3,201702,0.0476999404122078,57
GUAR4,201702,0.0587680457783454,59
HBOR3,201702,0.0633782927134559,58
HGTX3,201702,0.0802614772326043,59
HYPE3,201702,0.0532189602043895,58
IDNT3,201702,0.0852965749965586,52
IGBR3,201702,0.119308370715279,50
IGTA3,201702,0.0518232447717469,61
INEP3,201702,0.108363325056731,53
INEP4,201702,0.120710362664208,50
ITSA3,201702,0.0449690228505167,55
ITSA4,201702,0.0424351037640558,61
ITUB3,201702,0.0593668489561943,59
ITUB4,201702,0.0420734744681771,60
JBSS3,201702,0.0332693010952512,58
JHSF3,201702,0.118313913044543,50
JOPA3,201702,0.0296278934028355,52
JSLG3,201702,0.000625972031248459,55
KEPL3,201702,0.0365786179681763,5
KLBN11,201702,0.0555191807124478,58
KLBN3,201702,0.0322844651560838,51
KLBN4,201702,0.00709720492755981,51
KROT3,201702,0.0483587204080451,58
LAME3,201702,0.0506026968817285,58
LAME4,201702,0.06087527418157,57
LCAM3,201702,0.0550313716500564,46
LEVE3,201702,0.057506887873668,58
LIGT3,201702,0.0632866204684836,61
LINX3,201702,0.0698043551039038,60
LLIS3,201702,0.00826220105923849,50
LLISE3,201702,0.0263170566745775,35
LOGN3,201702,0.0490367217502941,37
LPSB3,201702,0.0486411917905618,57
LREN3,201702,0.0412044856282861,58
LUPA3,201702,0.0317042195007876,50
MAGG3,201702,0.0927783211062395,56
MDIA3,201702,0.0785112153237651,58
MEAL3,201702,0.0548618675272299,58
MGEL4,201702,0.0232572746636031,52
MGLU3,201702,0.0616470522650196,57
MILS3,201702,0.029952353557353,60
MLFT4,201702,0.0615507335805523,56
MMXM3,201702,0.202398365960334,50
MOVI3,201702,0.045603019205314,58
MPLU3,201702,0.0647898314742378,60
MRFG3,201702,0.0670741243638113,60
MRVE3,201702,0.0670622802680542,60
MTSA3,201702,0.0617252441049023,16
MTSA4,201702,0.0569219010680583,16
MULT3,201702,0.0570451600987643,59
MYPK3,201702,0.0610917161248735,59
NATU3,201702,0.0365920512595177,58
ODPV3,201702,0.060912572471721,59
OFSA3,201702,0.0797732328999384,57
OGXP3,201702,0.0156229923266919,50
OIBR3,201702,0.0623011296349529,58
OIBR4,201702,0.0815964541537511,57
OSXB3,201702,0.0293112252085218,50
PARC3,201702,0.0523077339217664,59
PARD3,201702,0.0502036923352518,58
PCAR4,201702,0.0358844931034323,58
PDGR3,201702,0.0784593215508887,53
PETR3,201702,0.0350598054196126,59
PETR4,201702,0.0430381046404719,62
PFRM3,201702,0.0856842023861955,55
PINE4,201702,0.0596648364819426,43
PMAM3,201702,0.0654324886927505,56
PNVL3,201702,0.0834062996115412,44
PNVL4,201702,0.0748906479459695,56
POMO3,201702,0.13864279338021,54
POMO4,201702,0.103481925988158,59
PRIO3,201702,0.0641335573387812,55
PRML3,201702,0.0314226726819314,56
PSSA3,201702,0.0729457874210948,58
PTBL3,201702,0.0398119633372861,52
QGEP3,201702,0.0623490710718879,61
QUAL3,201702,0.0392694715385548,60
RADL3,201702,0.0498337218203194,57
RAPT3,201702,0.0087983396673502,55
RAPT4,201702,0.0807208788268116,60
RDNI3,201702,0.0622300893028911,53
REDE3,201702,0.0526508776812359,50
REDE4,201702,0.0501736666004617,50
RENT3,201702,0.0414246782014954,58
RLOG3,201702,0.045885582408698,59
RNEW11,201702,0.0213408654062593,42
RNEW3,201702,-0.163526847311511,33
ROMI3,201702,0.0391463080446829,18
RPAD3,201702,0.0307377524018089,52
RSID3,201702,0.0754630838840538,55
RUMO3,201702,0.0554233046086403,58
SANB11,201702,0.0566133388716248,57
SANB3,201702,-0.0187230545771877,51
SANB4,201702,0.0529797466135332,54
SAPR4,201702,0.0542377625427266,61
SBSP3,201702,0.0587904217351668,58
SCAR3,201702,0.0950334748291154,55
SEDU3,201702,0.08474204223599,49
SEER3,201702,0.0519586810836985,59
SGAS4,201702,0.00373886066689755,5
SGPS3,201702,0.0975911291847394,44
SHOW3,201702,0.0513122970825152,55
SHUL4,201702,0.0559586755372837,13
SLCE3,201702,0.0463445377755208,61
SLED4,201702,0.0604618780267117,50
SMLE3,201702,0.0839233318045851,59
SMTO3,201702,0.0467514332949916,60
SNSL3,201702,0.0876282967255055,48
SSBR3,201702,0.0509604561489522,58
STBP3,201702,0.0675464289586254,58
SULA11,201702,0.0977580045703575,60
SUZB5,201702,0.0401927590829972,58
TAEE11,201702,0.0653991322852846,60
TCSA3,201702,0.0544155442368619,61
TECN3,201702,0.0687727130061549,57
TESA3,201702,0.034845990601831,57
TGMA3,201702,0.0494120418858402,59
TIET11,201702,0.0461243326400874,60
TIET3,201702,0.155597357127247,50
TIET4,201702,0.0432011707705881,56
TIMP3,201702,0.0624932496887134,58
TOTS3,201702,0.092480800969865,59
TPIS3,201702,-0.0587392514809998,47
TRIS3,201702,0.0707178440893389,45
TRPL4,201702,0.0615528738098958,60
TUPY3,201702,0.0429719425435143,60
UCAS3,201702,0.0393062810501348,31
UGPA3,201702,0.0307384880305166,58
UNIP3,201702,0.0223739254204284,52
UNIP6,201702,0.055360881028119,48
USIM3,201702,0.073916010921642,56
USIM5,201702,0.0620322226653056,58
VALE3,201702,0.0545089308747701,60
VALE5,201702,0.038598744490365,61
VIVT3,201702,0.0516219701109927,57
VIVT4,201702,0.0610505821548374,59
VLID3,201702,0.0631017009254201,59
VULC3,201702,0.0604185372533703,22
VVAR11,201702,0.0879325375654326,59
WEGE3,201702,0.051811962614468,58
AALR3,201703,0.00718924646295004,55
ABCB4,201703,-0.0238065656751703,57
ABEV3,201703,-0.0216495480353383,55
AFLT3,201703,0.193771087625228,10
AFLU3,201703,0.15556958703279,18
AGRO3,201703,-0.0275810570147511,35
ALPA3,201703,0.0295551945663287,50
ALPA4,201703,-0.00534389497597547,57
ALSC3,201703,-0.0114354042457547,57
ALUP11,201703,-0.0314721848453031,58
ALUP3,201703,-0.0533926663953565,42
ALUP4,201703,-0.0540775176730344,42
AMAR3,201703,-0.00326067988738841,54
ANIM3,201703,0.00408999584972508,57
ARZZ3,201703,0.0013533706038443,57
BBAS3,201703,-0.0260862087196282,58
BBDC3,201703,-0.0191045247418526,56
BBDC4,201703,-0.0204055607637779,58
BBRK3,201703,-0.0521055596594434,53
BBSE3,201703,-0.0131173547185105,56
BBTG11,201703,-0.0133896563499907,56
BEEF3,201703,-0.031523281375664,57
BMEB4,201703,0.0305605160115589,23
BMTO4,201703,-0.0301251629553525,10
BOBR4,201703,0.0290076319135901,23
BPAC11,201703,-0.039608489272982,52
BPAN4,201703,0.0331277175756226,23
BPHA3,201703,-0.0894031921658507,37
BRAP3,201703,0.0017032421686892,54
BRAP4,201703,-0.01844444105254,58
BRFS3,201703,-0.0113048000465421,58
BRGE3,201703,0.0094298212217928,50
BRIN3,201703,-0.0298628106634235,35
BRIV3,201703,0.0186347688415237,52
BRKM3,201703,-0.0230380998985999,47
BRKM5,201703,-0.0192879690730742,56
BRML3,201703,-0.0252397727245825,59
BRPR3,201703,9.58459161068148e-05,55
BRSR6,201703,0.0127064838168003,58
BSEV3,201703,0.000994287214525823,36
BTOW3,201703,-0.00783101811872935,57
BTTL4,201703,0.02910072929031,16
BVMF3,201703,-0.0105836888920367,58
CAMB4,201703,0.0131315593994703,42
CARD3,201703,-0.0302183950005088,16
CCPR3,201703,0.00778870616303284,50
CCRO3,201703,-0.0150888718482165,56
CEBR3,201703,-0.0103381536481831,26
CEBR5,201703,0.0179118281551869,26
CEBR6,201703,0.0068347310151252,26
CEEB3,201703,0.161344078428686,16
CEED3,201703,0.137317626996247,13
CEED4,201703,0.203317561663199,13
CELP3,201703,-0.0242789897627518,49
CELP5,201703,-0.086444310974698,5
CEPE3,201703,0.203034022552387,14
CEPE5,201703,-0.0135784629713212,11
CEPE6,201703,-0.0690620537054094,6
CESP3,201703,0.0190784084260745,50
CESP6,201703,-0.0078165691196253,59
CGAS3,201703,0.033356274869105,53
CGAS5,201703,-0.00600505757688308,56
CGRA3,201703,0.00293882605199999,51
CGRA4,201703,0.00385895782347395,58
CIEL3,201703,-0.0110433654917847,59
CLSC3,201703,0.0734529996403216,8
CLSC4,201703,-0.0220930211544346,57
CMIG3,201703,0.00275482146146846,54
CMIG4,201703,-0.0177646893149249,59
COCE5,201703,-0.0080062132547421,48
CPFE3,201703,-0.0245315615863781,57
CPLE3,201703,0.0188434131112545,54
CPLE6,201703,-0.024058949177351,59
CPRE3,201703,-0.0308107837201795,49
CRDE3,201703,-0.00893762090641735,53
CRIV3,201703,1.25405373282493e-05,50
CRIV4,201703,-0.0360939536941906,8
CSAB4,201703,-0.0360939536941906,8
CSAN3,201703,-0.0191072053891864,56
CSMG3,201703,-0.0162934011832393,59
CSNA3,201703,-0.0277254942116848,58
CSRN3,201703,0.174213335019833,16
CSRN5,201703,0.167176394383322,16
CSRN6,201703,-0.0301251629553525,10
CTAX3,201703,-0.0159793535162774,55
CTNM3,201703,-0.103514718674906,5
CTNM4,201703,0.00526102512998124,51
CVCB3,201703,0.00512455983077812,58
CYRE3,201703,-0.0157271862387054,58
DIRR3,201703,0.00587085119600529,57
DOHL4,201703,-0.0218498560049367,11
DTEX3,201703,-0.010232605000768,58
ECOR3,201703,0.0193725967023762,58
EEEL3,201703,0.220874818429916,13
EEEL4,201703,0.143893647519171,13
EGIE3,201703,-0.0156469572335899,56
ELET3,201703,-0.0187918223846001,59
ELET6,201703,-0.0101691966374211,57
ELPL4,201703,-0.014509362511179,57
EMAE4,201703,-0.00966147699057265,15
EMBR3,201703,-0.0125813047282937,56
ENBR3,201703,-0.012907250106459,56
ENEV3,201703,0.0159284780254784,48
ENGI11,201703,-0.0111613847430563,58
ENGI3,201703,-0.0294032493967365,36
ENGI4,201703,0.0384265199014774,50
ENMT3,201703,0.0332597180974047,50
ENMT4,201703,0.0295233365608657,50
EQTL3,201703,-0.0152070463926776,58
ESTC3,201703,-0.0252797087476163,58
ETER3,201703,-0.0129767272293588,41
EUCA4,201703,0.0166324803670897,52
EVEN3,201703,-0.0207911544945318,58
EZTC3,201703,-0.00389591946337354,58
FESA4,201703,-0.0118911786094686,51
FIBR3,201703,-0.0187443591714436,56
FJTA4,201703,-0.0379423905123329,9
FLRY3,201703,-0.0178508636701916,57
FRAS3,201703,-0.0289062100665113,38
FRIO3,201703,-0.0225043510085162,9
GEPA3,201703,-0.0405065217281536,27
GEPA4,201703,-0.0134391707245749,27
GFSA3,201703,0.00872698204917719,57
GGBR3,201703,0.0047626093786104,55
GGBR4,201703,-0.0320337934749998,58
GOAU3,201703,-0.0447088538643993,52
GOAU4,201703,-0.0117021453219881,58
GOLL4,201703,-0.00621228373042243,57
GPCP3,201703,0.0115290557420348,47
GRND3,201703,-0.00370244841507511,58
GSHP3,201703,-0.100520478248803,38
GUAR3,201703,0.0113919456811521,54
GUAR4,201703,0.0163584447990864,56
HBOR3,201703,-0.000542405191355681,55
HGTX3,201703,-0.00291133124026816,57
HYPE3,201703,0.0106536148021359,56
IDNT3,201703,-0.0183604595597486,48
IGTA3,201703,0.00124845516887898,58
INEP3,201703,-0.05188303592502,55
INEP4,201703,-0.0608530931248659,5
ITSA3,201703,0.00174761757391005,56
ITSA4,201703,-0.020046260650519,58
ITUB3,201703,0.0154244872370294,57
ITUB4,201703,-0.0101587961697708,58
JBSS3,201703,-0.00936965248402827,56
JHSF3,201703,0.0513265813807718,17
JOPA3,201703,0.00817270852870843,50
JSLG3,201703,-0.0260927844697721,51
KLBN11,201703,-0.0252048723640441,57
KLBN3,201703,-0.0996290584110721,46
KLBN4,201703,-0.0965116977753572,46
KROT3,201703,-0.0120414294110178,56
LAME3,201703,-0.0182594457491487,57
LAME4,201703,-0.00245813214095698,55
LCAM3,201703,-0.0692363785869336,37
LEVE3,201703,-0.0346852540408584,56
LIGT3,201703,-0.0032874592321821,59
LINX3,201703,-0.00885753801135993,57
LLISE3,201703,-0.0220112261116498,35
LOGN3,201703,0.00487802940691527,38
LPSB3,201703,-0.0213198245610937,55
LREN3,201703,-0.0117929426879022,56
LUPA3,201703,-0.0421561593083147,8
MAGG3,201703,0.0117457179955162,55
MDIA3,201703,-0.0194110762648315,55
MEAL3,201703,-0.00807680218269833,55
MGLU3,201703,-0.0216723683065305,55
MILS3,201703,-0.00884545576821981,57
MLFT4,201703,-0.0272645974153816,53
MMXM3,201703,0.0266886486920559,12
MNDL3,201703,-0.0269619867140711,9
MOVI3,201703,-0.0172648077845252,56
MPLU3,201703,-0.00579685622626845,57
MRFG3,201703,-0.0173512447030011,58
MRVE3,201703,-0.0188140060481947,58
MTSA3,201703,0.0170083583771387,16
MTSA4,201703,0.00797316266694338,16
MULT3,201703,0.00667067744505788,56
MYPK3,201703,-0.017806322101859,57
NATU3,201703,-0.0138252274868427,56
ODPV3,201703,-0.0116827050016676,56
OFSA3,201703,-0.0149796404310977,54
OGXP3,201703,-0.0227454869592437,46
OIBR3,201703,0.0145343739462329,55
OIBR4,201703,-0.00720459383255868,54
PARC3,201703,0.00080496863819178,57
PARD3,201703,0.00512628619190918,56
PCAR4,201703,-0.0174867657720312,56
PDGR3,201703,0.00649312895068582,48
PETR3,201703,-0.0233159235659021,57
PETR4,201703,-0.0235796122177999,60
PFRM3,201703,-0.0287372227652842,51
PINE4,201703,-0.00826102106178375,42
PLAS3,201703,-0.0296409831392559,9
PMAM3,201703,0.0167889560140741,51
PNVL3,201703,-0.0112769367808411,48
PNVL4,201703,-0.00848154061605805,53
POMO3,201703,-0.0104552964403172,51
POMO4,201703,-0.0168453753392789,56
PRIO3,201703,-0.00954207421744241,42
PRML3,201703,-0.0411251385656475,52
PSSA3,201703,-0.0174794481557078,55
PTBL3,201703,-0.0190069166148211,49
QGEP3,201703,-0.000608617366586493,58
QUAL3,201703,-0.014060273714149,58
RADL3,201703,-0.0139636689123123,55
RAIL3,201703,-0.0202983760622623,56
RAPT3,201703,0.0123065509166649,52
RAPT4,201703,-0.0387557577114762,58
RDNI3,201703,0.0177743482782477,49
REDE3,201703,-0.0142707169531008,54
REDE4,201703,-0.0198818798744815,54
RENT3,201703,-0.0182861156933331,56
RLOG3,201703,0.0121850264050578,57
RNEW11,201703,-0.0287021550698659,42
ROMI3,201703,0.000187850005971919,21
RPAD3,201703,0.0162588451242006,50
RPMG3,201703,-0.049904317831327,9
RSID3,201703,0.0146617665995364,51
SANB11,201703,-0.00805431996194032,55
SANB3,201703,-0.0225808255673678,46
SANB4,201703,-0.00979658466250646,50
SAPR4,201703,-0.0132194438203703,63
SBSP3,201703,-0.0144458374285456,60
SCAR3,201703,-0.0640355613944738,51
SEDU3,201703,-0.0114573396963024,48
SEER3,201703,-0.00906889772272611,58
SGAS4,201703,-0.149779523006751,8
SGPS3,201703,-0.0103653365413701,43
SHOW3,201703,0.0240144068917921,52
SHUL4,201703,0.0164287627093655,16
SLCE3,201703,0.00638873785573561,58
SLED4,201703,-0.00933202136180696,49
SMLE3,201703,-0.0205814732818063,58
SMTO3,201703,-0.00260750285646495,58
SNSL3,201703,-0.00420857882984911,47
SSBR3,201703,0.0165403169338609,56
STBP3,201703,-0.00338608378197292,56
SULA11,201703,-0.00421632596399532,57
SUZB5,201703,-0.0299844583536841,56
TAEE11,201703,-0.0221249334515223,57
TCSA3,201703,-0.0234586856830848,58
TECN3,201703,-0.00227264061953552,55
TEKA4,201703,-0.0180857426428746,8
TESA3,201703,-0.000899740610500666,54
TGMA3,201703,-0.0125810453994902,56
TIET11,201703,-0.0126240162877833,57
TIET3,201703,-0.0883252078153479,37
TIET4,201703,-0.0795994668550833,38
TIMP3,201703,-0.00619374132199644,56
TOTS3,201703,-0.0207817501489,57
TOYB3,201703,-0.0180857426428746,8
TOYB4,201703,-0.0191930637031805,9
TPIS3,201703,-0.0782179397724549,46
TRIS3,201703,-0.0405196027275115,44
TRPL4,201703,-0.0145736496889285,57
TUPY3,201703,-0.0128729669753966,61
UCAS3,201703,0.0260845250321587,34
UGPA3,201703,-0.0177423227921001,56
UNIP3,201703,-0.00106256356358169,50
UNIP6,201703,0.0156724851092445,49
USIM3,201703,-0.00963222745210253,53
USIM5,201703,-0.0394637043622734,56
VALE3,201703,-0.0164882093356126,59
VALE5,201703,-0.0230950020460162,59
VIVT3,201703,-0.00448961825072426,53
VIVT4,201703,-0.0150030180602391,56
VLID3,201703,-0.00409841389138375,58
VULC3,201703,-0.00142671787393371,23
VVAR11,201703,-0.0160361638127027,56
WEGE3,201703,-0.0159980811215423,56
AALR3,201704,0.0307364039232392,57
ABCB4,201704,0.0178120537066775,55
ABEV3,201704,0.0105167083383706,54
AFLT3,201704,0.00491580838134306,14
AFLU3,201704,0.0147385369023912,18
AGRO3,201704,0.0291913319497331,35
ALPA4,201704,0.0386107243910973,57
ALSC3,201704,0.0320612924379707,57
ALUP11,201704,0.0311124593328551,57
ALUP3,201704,0.0143959165027961,42
ALUP4,201704,0.0086212778361645,46
AMAR3,201704,0.0508784025664566,53
ANIM3,201704,0.0300656246071404,57
ARZZ3,201704,0.0633883961396464,57
AZUL4,201704,0.00166816443106193,55
BBAS3,201704,0.0101452182075417,58
BBDC3,201704,0.00540437844475081,55
BBDC4,201704,0.0157077855299032,57
BBRK3,201704,-0.0143247477856944,53
BBSE3,201704,0.00815945481878487,56
BBTG11,201704,0.0202920797078263,55
BEEF3,201704,-0.000890201745619779,57
BMEB4,201704,0.00974487381908674,23
BMTO4,201704,-0.0180819609195575,10
BOBR4,201704,-0.018743813550503,23
BPAC11,201704,-0.0185436213467284,49
BPAN4,201704,0.0205274097666936,23
BPHA3,201704,0.0541005513414937,34
BRAP3,201704,0.0126944693183832,53
BRAP4,201704,-0.00539572035126995,57
BRFS3,201704,0.00901644125753387,56
BRGE3,201704,0.000870998505458851,49
BRIN3,201704,0.035613454784277,35
BRIV3,201704,0.00396761422202046,52
BRKM3,201704,0.0387956297821199,47
BRKM5,201704,0.00620369066428503,55
BRML3,201704,0.00626074359833739,57
BRPR3,201704,0.0370845663021979,57
BRSR6,201704,0.00408852785282185,58
BSEV3,201704,0.019527587829221,35
BTOW3,201704,0.0340040985820232,57
BTTL4,201704,0.00859212343786316,16
BVMF3,201704,0.0209134586552936,57
CAMB4,201704,0.00520542249211364,42
CARD3,201704,0.0134274733114663,45
CCPR3,201704,0.00498009137904105,49
CCRO3,201704,0.00634334152274745,55
CEBR3,201704,0.0147043334998262,28
CEBR5,201704,0.00963461471769638,28
CEBR6,201704,0.0129794839404676,28
CEEB3,201704,0.0162085591961376,13
CEED3,201704,0.0313725910675567,12
CEED4,201704,0.0313725910675567,12
CELP3,201704,-0.0209396661788076,49
CELP5,201704,0.00676566578996039,5
CEPE3,201704,0.0274021691683046,13
CEPE5,201704,0.0199250186306947,11
CEPE6,201704,0.00532415939935415,6
CESP3,201704,0.011064070227728,50
CESP6,201704,0.00707856262020955,58
CGAS3,201704,0.0503641212662751,52
CGAS5,201704,0.0362721704959471,56
CGRA3,201704,-0.00127385871053455,51
CGRA4,201704,0.00436675634098783,57
CIEL3,201704,0.0300812577761968,58
CLSC3,201704,-0.0200013231177681,8
CLSC4,201704,0.00887246606491266,57
CMIG3,201704,0.0614006993427156,53
CMIG4,201704,0.0258390246730486,59
COCE5,201704,0.0379762924256976,49
CPFE3,201704,0.0031158472799256,57
CPLE3,201704,0.010250097303797,53
CPLE6,201704,0.00855682798400253,58
CPRE3,201704,0.0335636832097322,48
CRDE3,201704,-0.00817553165229524,51
CRIV3,201704,0.0013194116277852,49
CRIV4,201704,-0.00924909772911886,7
CSAB4,201704,-0.0205075700441363,9
CSAN3,201704,0.0105632444019982,55
CSMG3,201704,0.0278209178918928,58
CSNA3,201704,0.00659702667653734,56
CSRN3,201704,0.00469883016028278,10
CSRN5,201704,0.0206629850224125,12
CSRN6,201704,-0.0539043340324969,7
CTAX3,201704,0.0369944246166101,53
CTNM3,201704,0.0223153181964774,5
CTNM4,201704,0.00578684537563637,50
CVCB3,201704,0.0129288388456295,58
CYRE3,201704,0.0302454637528943,57
DIRR3,201704,0.0512746294219564,56
DOHL4,201704,0.000454459656993637,15
DTEX3,201704,0.0472759697729785,57
ECOR3,201704,-0.00222150303861449,57
EEEL3,201704,0.0228493888373509,12
EEEL4,201704,0.0315173407557819,12
EGIE3,201704,0.0223191127221201,55
ELET3,201704,0.0139772577404752,58
ELET6,201704,0.0293661709872704,57
ELPL4,201704,0.0126241575284682,57
EMAE4,201704,-0.0392118704721682,15
EMBR3,201704,0.00953702670702394,55
ENBR3,201704,0.0338150347800015,55
ENEV3,201704,0.0175496898664798,48
ENGI11,201704,0.00857505806384533,57
ENGI3,201704,0.00175682704257115,37
ENGI4,201704,0.0578122058823211,49
ENMT3,201704,0.0547707193375662,49
ENMT4,201704,0.0582910759323369,49
EQTL3,201704,0.0232251231795296,57
ESTC3,201704,0.0110971676638138,57
ETER3,201704,0.0247726154806185,41
EUCA4,201704,-0.00147057433413981,52
EVEN3,201704,0.00394201687917391,58
EZTC3,201704,0.0435984569734694,57
FESA4,201704,0.0061308558137378,56
FIBR3,201704,0.00657319707182747,56
FJTA4,201704,-0.0289435695597654,10
FLRY3,201704,0.0427155177667879,57
FRAS3,201704,0.0314294005529217,7
FRIO3,201704,-0.0221427278202197,10
GEPA3,201704,0.0230051605637586,27
GEPA4,201704,0.00673317326923265,27
GFSA3,201704,0.0336458376640117,57
GGBR3,201704,0.00904418266402115,54
GGBR4,201704,0.0120479381590957,57
GOAU3,201704,0.0180940301168262,51
GOAU4,201704,0.0362230353432196,57
GOLL4,201704,0.0334231797433406,57
GPCP3,201704,0.0298730888968736,23
GRND3,201704,0.0129248833004792,56
GSHP3,201704,0.0127283601017316,39
GUAR3,201704,0.0178809894457722,53
GUAR4,201704,0.000682772921806698,56
HBOR3,201704,0.0155261167665337,57
HGTX3,201704,0.0458072836290429,57
HYPE3,201704,0.0254649538199403,55
IDNT3,201704,-0.000292524377626465,48
IGTA3,201704,0.0293403986578597,57
INEP3,201704,0.0368882336556776,54
INEP4,201704,0.0135816224858569,5
ITSA3,201704,0.0114030782985009,57
ITSA4,201704,0.0114893373696075,57
ITUB3,201704,0.00927356353230013,56
ITUB4,201704,0.0264500888388445,57
JBSS3,201704,0.0292443587491449,55
JHSF3,201704,0.0227266866667806,41
JOPA3,201704,-0.0029593072133773,49
JSLG3,201704,0.0285734278874257,53
KLBN11,201704,0.00570981145002861,57
KLBN3,201704,0.00610097209917274,16
KLBN4,201704,0.0006483516062153,16
KROT3,201704,0.00791304282641372,55
LAME3,201704,0.0131478958950769,56
LAME4,201704,0.00963094512395938,54
LCAM3,201704,0.0177090633932022,37
LEVE3,201704,-0.00724428248949986,55
LIGT3,201704,0.014640546236966,58
LINX3,201704,0.0480670178703028,57
LLISE3,201704,0.0333821988204543,35
LOGN3,201704,-0.0221019031087309,42
LPSB3,201704,0.0454029883396145,53
LREN3,201704,0.0238382815276202,55
LUPA3,201704,-0.0298039634723012,8
MAGG3,201704,0.00857142528278904,55
MDIA3,201704,0.0441589047764464,54
MEAL3,201704,0.0309832231589745,57
MGLU3,201704,0.0412814070724921,55
MILS3,201704,0.0357178770271421,57
MLFT4,201704,0.0120011575965138,53
MMXM3,201704,-0.120927783125405,13
MNDL3,201704,-0.0360083286408189,9
MOVI3,201704,0.0345264583622575,56
MPLU3,201704,0.0223259462652406,57
MRFG3,201704,0.0288483817289592,57
MRVE3,201704,0.0347641063157954,57
MTSA3,201704,0.00534646573461517,16
MTSA4,201704,0.0208401266679539,16
MULT3,201704,0.00901367258358105,55
MYPK3,201704,0.0368987453451679,56
NATU3,201704,0.009858816000557,55
ODPV3,201704,0.0371728776034621,57
OFSA3,201704,0.0352635093273375,53
OGXP3,201704,-0.00412255740434458,45
OIBR3,201704,0.0121661683366504,53
OIBR4,201704,0.0246833161910981,53
PARC3,201704,0.0420350664298803,57
PARD3,201704,0.0333866510962142,55
PCAR4,201704,0.00719385259403465,55
PDGR3,201704,-0.0111838168083208,48
PETR3,201704,0.0112098691857919,56
PETR4,201704,0.015165221540452,59
PFRM3,201704,0.0251361485304859,50
PINE4,201704,-0.0367959257692054,42
PLAS3,201704,-0.0187683238744198,9
PMAM3,201704,0.02052696701699,51
PNVL3,201704,0.0238029151958742,49
PNVL4,201704,0.0110586938049973,52
POMO3,201704,-0.0204837633245042,50
POMO4,201704,0.0392945389332664,56
PRIO3,201704,0.0243238143814414,42
PRML3,201704,-0.0159754288275629,52
PSSA3,201704,0.023362319826084,54
PTBL3,201704,0.0262129131825421,48
QGEP3,201704,-0.00102239724206544,58
QUAL3,201704,0.0192454815237389,57
RADL3,201704,0.0198149062595232,54
RAIL3,201704,0.00629301002474935,55
RAPT3,201704,0.00198484635781531,52
RAPT4,201704,0.0285995775890318,57
RDNI3,201704,0.00643855007046595,50
REDE3,201704,0.0168264073364311,54
REDE4,201704,0.0100730489715851,54
RENT3,201704,0.0214692744642603,55
RLOG3,201704,0.0372499430081937,57
RNEW11,201704,-0.00361575725056303,39
ROMI3,201704,0.058234042660086,47
RPAD3,201704,0.00465290298990475,49
RPMG3,201704,-0.0180819609195575,10
RSID3,201704,0.0198964342473525,51
SANB11,201704,0.0461833163802112,54
SANB4,201704,0.00931628652830191,49
SAPR4,201704,0.00643146571757767,62
SBSP3,201704,0.010504758075578,59
SCAR3,201704,0.00794647276797143,51
SEDU3,201704,0.040340882491428,48
SEER3,201704,0.0276453007066449,57
SGAS4,201704,-0.00730380349451013,9
SGPS3,201704,0.0215196187902913,43
SHOW3,201704,0.00571097773767563,51
SLCE3,201704,0.00556116285572525,58
SLED4,201704,-0.00596812617180226,49
SMLE3,201704,0.039586220862311,55
SMTO3,201704,0.0363659638073256,58
SNSL3,201704,0.0127663223677693,47
SSBR3,201704,0.00356463107096231,58
STBP3,201704,0.0386639365764619,54
SULA11,201704,0.0442488538019162,57
SUZB5,201704,0.00417972231426051,55
TAEE11,201704,0.00885873005730912,55
TCSA3,201704,0.0182912581932492,58
TECN3,201704,0.021894401826547,54
TEKA4,201704,-0.0143512083864763,9
TEND3,201704,0.0372212237655008,55
TESA3,201704,-0.00247819295452866,54
TGMA3,201704,0.0198651513919118,57
TIET11,201704,0.0108999261114627,57
TIET3,201704,0.0145588865509575,39
TIET4,201704,0.0256761421032771,40
TIMP3,201704,0.0196808127100196,55
TOTS3,201704,0.0135209706421957,57
TOYB3,201704,-0.006863554460884,9
TOYB4,201704,-0.023163264308981,9
TPIS3,201704,-0.0248758439051623,46
TRIS3,201704,0.00727087429267542,44
TRPL4,201704,0.0237984428831463,57
TUPY3,201704,0.01865265551664,60
UCAS3,201704,0.035422701744507,35
UGPA3,201704,0.0320405301343333,55
UNIP3,201704,0.00208647034678335,49
UNIP6,201704,0.00241096871929035,50
USIM3,201704,0.00488824956155399,52
USIM5,201704,0.015178558777705,55
VALE3,201704,0.00927830314009051,57
VALE5,201704,0.00979911771838797,58
VIVT3,201704,-0.00852154578807364,53
VIVT4,201704,0.0156050110819066,56
VLID3,201704,0.0265788521097428,57
VULC3,201704,0.00659216269743216,23
VVAR11,201704,0.0512020160750048,56
WEGE3,201704,5.5802901640145e-07,55
AALR3,201705,0.00296032385077436,57
ABCB4,201705,-0.00633058889522331,56
ABEV3,201705,-0.0283439196152526,56
AFLT3,201705,0.0947631593474845,12
AFLU3,201705,0.0741507012305979,13
AGRO3,201705,-0.0413656109552744,35
ALPA4,201705,-0.0208275829786828,58
ALSC3,201705,-0.0257651779409045,58
ALUP11,201705,-0.0131624230398667,58
ALUP3,201705,-0.0996125056673439,34
ALUP4,201705,-0.00780510511076614,46
AMAR3,201705,-0.0185678743001613,54
ANIM3,201705,-0.0375396119986109,57
ARZZ3,201705,-0.0235103220442355,57
AZUL4,201705,-0.0382717969435453,55
BBAS3,201705,-0.0325098624969127,58
BBDC3,201705,-0.019689693918819,56
BBDC4,201705,-0.0335975875970852,58
BBRK3,201705,-0.0605753658694777,54
BBSE3,201705,-0.0325716440861329,57
BBTG11,201705,-0.0390235868260683,56
BEEF3,201705,-0.0267550850974047,58
BMEB4,201705,0.0387711283434804,23
BMTO4,201705,0.0413515160829795,7
BOBR4,201705,0.0123413221049876,23
BPAC11,201705,-0.0409013922749547,51
BPAN4,201705,0.0390747441983906,23
BPHA3,201705,-0.0228203026950424,34
BRAP3,201705,-0.0146034272533882,52
BRAP4,201705,-0.0335283125764208,58
BRFS3,201705,-0.0191205070944684,56
BRGE3,201705,0.0179309868032253,49
BRIN3,201705,-0.0212924251995949,45
BRIV3,201705,0.0359601220809511,51
BRKM3,201705,-0.0403340279754502,52
BRKM5,201705,-0.0238161586321073,56
BRML3,201705,-0.0327380584824904,58
BRPR3,201705,0.0215253865328451,57
BRSR6,201705,-0.0335952139038335,58
BSEV3,201705,-0.0385682360884472,45
BTOW3,201705,0.00715418391063979,58
BTTL4,201705,-0.0109204264197801,7
BVMF3,201705,-0.0325969517524695,58
CAMB4,201705,-0.0121560745049713,41
CARD3,201705,0.00639360419799036,58
CCPR3,201705,0.0132950934403451,49
CCRO3,201705,-0.0202208829735762,56
CEBR3,201705,0.0103123629663899,29
CEBR5,201705,0.0352415695114875,27
CEBR6,201705,-0.00339117718839746,29
CEEB3,201705,0.068010416764505,12
CEED3,201705,0.097800798224457,12
CEED4,201705,0.0783588470461152,12
CELP3,201705,-0.0719124255505941,52
CELP5,201705,-0.109035250162651,7
CEPE3,201705,0.0684476901358803,13
CEPE5,201705,-0.0903909576219046,12
CEPE6,201705,-0.0873040814264054,7
CESP3,201705,0.0364296430921853,50
CESP6,201705,-0.0288743177915857,59
CGAS3,201705,-0.0171358168211778,51
CGAS5,201705,-0.0274738923114283,56
CGRA3,201705,0.0203839561555794,51
CGRA4,201705,0.0116443182738132,58
CIEL3,201705,-0.0234409792339987,58
CLSC3,201705,-0.0181247428509235,7
CLSC4,201705,-0.00743344651754534,57
CMIG3,201705,-0.0148794761549584,54
CMIG4,201705,-0.00800984869710147,59
COCE5,201705,-0.03206691641265,48
CPFE3,201705,-0.0277817029872679,57
CPLE3,201705,-0.0255461993223334,54
CPLE6,201705,-0.00783175133852326,58
CPRE3,201705,-0.0417195661866751,49
CRDE3,201705,-0.0561940398633995,54
CRIV3,201705,0.0141587871077251,49
CRIV4,201705,0.00832605875573297,44
CSAB4,201705,0.0262619416519721,8
CSAN3,201705,-0.0276966060106895,56
CSMG3,201705,-0.00616356799818467,58
CSNA3,201705,-0.0145232384392208,58
CSRN3,201705,-0.00440632254374668,10
CSRN5,201705,0.0683881416713651,11
CSRN6,201705,0.0262619416519721,8
CTAX3,201705,-0.0293043155338113,55
CTNM3,201705,0.0144652236883423,5
CTNM4,201705,0.0232335886980452,50
CVCB3,201705,-0.0247950551455973,59
CYRE3,201705,-0.0138783127344679,58
DIRR3,201705,-0.0349421239881541,57
DOHL4,201705,0.0664727690149438,6
DTEX3,201705,-0.0306425725540289,58
ECOR3,201705,-0.0330293622498275,58
EEEL3,201705,0.0622700695503865,12
EEEL4,201705,0.0638934271997055,12
EGIE3,201705,-0.0214796104837752,56
ELET3,201705,-0.0319109090150215,59
ELET6,201705,-0.0168523706934502,57
ELPL4,201705,-0.026245015585276,57
EMAE4,201705,-0.0507365715004336,12
EMBR3,201705,-0.0105687010285788,56
ENBR3,201705,-0.0263877514206618,56
ENEV3,201705,-0.00535619888792046,49
ENGI11,201705,-0.0334161375350099,58
ENGI4,201705,-0.0120955478731645,50
ENMT3,201705,-0.018766679564103,50
ENMT4,201705,-0.0131941731913087,50
EQTL3,201705,-0.0413139179929096,58
ESTC3,201705,-0.0268655513390655,58
ETER3,201705,-0.00204048767562985,40
EUCA4,201705,-0.0304556168498299,54
EVEN3,201705,-0.0226641677631007,59
EZTC3,201705,-0.0212313303903688,58
FESA4,201705,0.00588832446911554,60
FIBR3,201705,-0.0264335476105116,57
FJTA4,201705,0.0413515160829795,7
FLRY3,201705,-0.026378054268876,57
FRAS3,201705,-0.0172186162786218,5
FRIO3,201705,0.0149141315750174,7
GEPA3,201705,-0.0266239262867575,26
GEPA4,201705,-0.0230862520252067,26
GFSA3,201705,-0.0126585440168153,55
GGBR3,201705,-0.017960128494229,54
GGBR4,201705,-0.0186003106168359,58
GOAU3,201705,-0.0416156435473748,53
GOAU4,201705,-0.0295615059833326,58
GOLL4,201705,-0.0219179439095596,57
GPCP3,201705,0.0300518209246997,24
GRND3,201705,0.00935250665009412,58
GSHP3,201705,0.0158919164398245,40
GUAR3,201705,-0.0253327762281522,55
GUAR4,201705,0.0186004251419597,52
HBOR3,201705,-0.0198296917609476,56
HGTX3,201705,-0.0339934417829166,58
HYPE3,201705,-0.0185924968197811,57
IDNT3,201705,0.0173621734709867,48
IGTA3,201705,-0.020176709866961,58
INEP3,201705,-0.0456980169996131,54
INEP4,201705,-0.0399215410971562,5
ITSA3,201705,0.004229537472033,60
ITSA4,201705,-0.0402702311619388,59
ITUB3,201705,0.0311666042590045,57
ITUB4,201705,-0.020897198253764,59
JBSS3,201705,-0.0199867615198081,56
JHSF3,201705,-0.0899967257266131,52
JOPA3,201705,0.019050858587827,49
JSLG3,201705,-0.011789073147715,52
KLBN11,201705,-0.0217772012242137,57
KLBN4,201705,-0.0246155512482269,46
KROT3,201705,-0.0189772659713328,56
LAME3,201705,-0.0358377439816044,57
LAME4,201705,-0.0183737625773079,56
LCAM3,201705,-0.155387826462865,47
LEVE3,201705,-0.0214313599130467,56
LIGT3,201705,-0.028811950668678,59
LINX3,201705,-0.025621433068324,58
LLISE3,201705,-0.0395537154295783,35
LOGN3,201705,-0.0185691072676848,45
LPSB3,201705,-0.027696315784562,53
LREN3,201705,-0.0225192721065741,57
LUPA3,201705,-0.0425893125986454,5
MAGG3,201705,0.0141369644697548,55
MDIA3,201705,-0.0495771582956522,55
MEAL3,201705,0.00305456357529498,57
MGLU3,201705,-0.0416807331540552,58
MILS3,201705,-0.0122804959110099,56
MLFT4,201705,-0.0344259675430694,53
MNDL3,201705,0.0300136476022539,7
MOVI3,201705,-0.00988381780385194,56
MPLU3,201705,-0.012788264284041,57
MRFG3,201705,-0.0341636599537821,58
MRVE3,201705,-0.0190660786382375,58
MTSA3,201705,0.0801561151842247,7
MTSA4,201705,0.0529888211374275,7
MULT3,201705,-0.0330091417417748,56
MYPK3,201705,-0.0300308012709767,58
NATU3,201705,-0.0326326179940693,56
ODPV3,201705,-0.0201603763263404,56
OFSA3,201705,-0.0224218312748285,53
OGXP3,201705,-0.0194212210632124,49
OIBR3,201705,0.0252503066336805,55
OIBR4,201705,-0.00811811067525738,53
PARD3,201705,-0.0332266737523122,56
PCAR4,201705,-0.0308176810782362,57
PDGR3,201705,-0.00259342706346991,49
PETR3,201705,-0.0203194023025611,57
PETR4,201705,-0.0365169978793772,59
PFRM3,201705,-0.052917965049779,53
PLAS3,201705,-0.0075078550036817,7
PMAM3,201705,0.0271930036363155,51
PNVL3,201705,-0.0187649064554143,48
PNVL4,201705,-0.0224474029468724,51
POMO3,201705,0.00887848476835707,52
POMO4,201705,-0.00581023146294151,56
POSI3,201705,0.0388541779838372,40
PRIO3,201705,-0.00254896920649142,42
PRML3,201705,-0.0498534384370128,54
PSSA3,201705,-0.0234582217506754,55
PTBL3,201705,-0.0494691736263248,52
QGEP3,201705,-0.0286231346012382,58
QUAL3,201705,-0.030513522018634,58
RADL3,201705,-0.0172331254050175,56
RAIL3,201705,-0.0276540459141318,56
RAPT3,201705,0.0177884017133219,52
RAPT4,201705,-0.0393884241962258,58
RCSL4,201705,-0.0819160546504381,40
RDNI3,201705,-0.0226553046832482,51
REDE3,201705,0.0277313285407823,7
REDE4,201705,-0.0122676123026577,50
RENT3,201705,-0.0213440691597084,56
RLOG3,201705,-0.0180322557811329,57
RNEW11,201705,-0.0397920355132297,46
ROMI3,201705,-0.0338767634276524,53
RPAD3,201705,0.010180177852857,49
RPMG3,201705,-0.000306685847350298,43
RSID3,201705,0.013414745800602,56
SANB11,201705,-0.0092311244633284,55
SANB4,201705,-0.0211125947436093,49
SAPR4,201705,-0.028958624029763,61
SBSP3,201705,-0.00969789119853259,59
SCAR3,201705,-0.0220963002343808,54
SEDU3,201705,-0.0234216580367535,47
SEER3,201705,-0.0216425258820786,58
SGAS4,201705,0.0482354028109959,7
SGPS3,201705,-0.0256104785452073,46
SHOW3,201705,0.0143216180106476,54
SHUL4,201705,0.0288191915822075,47
SLCE3,201705,0.00540636808994451,58
SLED4,201705,0.0112294360400705,55
SMLE3,201705,-0.0145090533045722,56
SMTO3,201705,-0.0289924742462355,58
SNSL3,201705,-0.0204571708118962,48
SSBR3,201705,-0.00423717942123456,56
STBP3,201705,-0.0180717188583762,55
SULA11,201705,-0.0134844527454027,58
SUZB5,201705,-0.0273414662662427,57
TAEE11,201705,-0.0143347026404149,57
TCSA3,201705,-0.0100280570323314,58
TECN3,201705,-0.0242248068893749,54
TEKA4,201705,0.0455305989817383,7
TEND3,201705,-0.0123161153253463,55
TESA3,201705,0.00658994964952526,56
TGMA3,201705,-0.0477066258787374,57
TIET11,201705,-0.00748520518870101,59
TIET3,201705,-0.00412872237908048,29
TIET4,201705,-0.00357193715516276,29
TIMP3,201705,-0.0321396788952617,56
TOTS3,201705,-0.0308360041667692,58
TOYB3,201705,0.0203611379497442,7
TOYB4,201705,0.0377010274869432,7
TPIS3,201705,-0.079093509882424,52
TRIS3,201705,-0.0489351785414285,47
TRPL4,201705,-0.0251245646234539,58
TUPY3,201705,-0.0215022118279322,61
UCAS3,201705,-0.000948373558519605,35
UGPA3,201705,-0.0321328640127471,56
UNIP3,201705,-0.00133801516530131,49
UNIP6,201705,-0.00573902999778719,52
USIM3,201705,-0.0183089828254596,53
USIM5,201705,-0.0266845861652651,56
VALE3,201705,-0.0284427664876853,58
VALE5,201705,-0.047588942089741,58
VIVT3,201705,-0.0435009297738851,54
VIVT4,201705,-0.023516198585557,56
VLID3,201705,-0.00651974561762989,59
VULC3,201705,0.0302394261336087,23
VVAR11,201705,0.00746501560008599,57
WEGE3,201705,-0.0284901074006743,56
WIZS3,201705,-0.0260203160788292,58
AALR3,201706,0.013347620247801,57
ABCB4,201706,-0.0118144836118556,57
ABEV3,201706,5.99961325670315e-05,57
AFLT3,201706,-0.0403546919269432,11
AFLU3,201706,-0.00309511744539243,14
AGRO3,201706,-0.0244178000945922,35
ALPA3,201706,0.00599699763726623,33
ALPA4,201706,-0.0161933881066036,59
ALSC3,201706,0.00417744849925875,59
ALUP11,201706,0.0137476703367971,59
ALUP3,201706,-0.004713259710059,32
ALUP4,201706,-0.0134273373385838,32
AMAR3,201706,0.00871420127822349,54
ANIM3,201706,-0.00390912712474966,58
ARZZ3,201706,0.0180682277527356,58
AZUL4,201706,0.000512016560324288,56
BBAS3,201706,-0.00738548061184435,58
BBDC3,201706,0.00302618450207773,57
BBDC4,201706,-0.0124339320791872,59
BBRK3,201706,0.00685030097726362,54
BBSE3,201706,0.00695850472170091,58
BBTG11,201706,-0.0190703875771259,57
BEEF3,201706,0.00571217749637625,58
BMEB4,201706,-0.00691494714773772,23
BOBR4,201706,0.00598428918585369,23
BPAC11,201706,-0.0271190316681497,51
BPAN4,201706,0.00379419727134508,23
BPHA3,201706,-0.0307470418366902,35
BRAP3,201706,0.00972353440986315,52
BRAP4,201706,0.00655586159060988,59
BRFS3,201706,0.0082372867510808,57
BRGE3,201706,0.0253754561876891,49
BRIN3,201706,-0.0157655709571371,46
BRIV3,201706,-0.00215802339536673,52
BRKM3,201706,-0.025205927704919,52
BRKM5,201706,-0.00925263619982659,57
BRML3,201706,-0.00528804826249235,59
BRPR3,201706,0.0181953666721477,58
BRSR6,201706,0.00156256630651828,59
BSEV3,201706,-0.00800039112787621,46
BTOW3,201706,0.0184175043920122,59
BTTL3,201706,0.0400717208022322,5
BVMF3,201706,-0.00678826355399975,59
CAMB4,201706,-0.0025952401479005,41
CARD3,201706,0.000372626954481032,51
CCPR3,201706,0.0224603443306896,49
CCRO3,201706,0.00244859236153735,57
CEBR3,201706,-0.00488536239277684,28
CEBR5,201706,-0.00379781586357345,27
CEBR6,201706,-0.00338524504568295,29
CEEB3,201706,-0.00563907207728605,14
CEED3,201706,8.15522915519001e-05,11
CEED4,201706,-0.0243097770914732,11
CELP3,201706,-0.02165639378056,52
CELP5,201706,-0.00570155767649093,6
CEPE3,201706,-0.0212100359935968,12
CEPE5,201706,-0.00593202963658616,11
CEPE6,201706,-0.00999761746906036,6
CESP3,201706,0.00138058535403985,51
CESP6,201706,0.00593016704914587,59
CGAS3,201706,0.0070060564492579,51
CGAS5,201706,-0.00912487296447853,57
CGRA3,201706,0.0137855859476531,53
CGRA4,201706,-0.0186944165672466,57
CIEL3,201706,0.00244561513986922,59
CLSC3,201706,-0.0250244440202738,6
CLSC4,201706,0.00610372885595647,57
CMIG3,201706,0.0163654552577062,54
CMIG4,201706,0.00832236801971671,59
COCE5,201706,0.0201049612139791,49
CPFE3,201706,0.013811404657426,58
CPLE3,201706,0.020047594173195,55
CPLE6,201706,-0.00544867277557397,59
CPRE3,201706,0.00781018072003706,55
CRDE3,201706,-0.0183897304239575,53
CRIV3,201706,0.0246330291138894,49
CRIV4,201706,0.00126629877613553,45
CSAB4,201706,-0.0494183482330869,7
CSAN3,201706,0.00497551403406329,57
CSMG3,201706,0.00469621380469199,59
CSNA3,201706,0.00545447599526994,62
CSRN3,201706,0.0112370426648583,14
CSRN5,201706,-0.0120772742459924,16
CSRN6,201706,0.0357282910538945,7
CTAX3,201706,0.00633083432904411,55
CTNM3,201706,-0.133169518384916,5
CTNM4,201706,0.0182055990419154,50
CVCB3,201706,0.00213402392482639,60
CYRE3,201706,0.00116170522122077,59
DIRR3,201706,0.0146320173565077,58
DOHL4,201706,0.0725489346310458,6
DTEX3,201706,-0.0088103835465196,58
ECOR3,201706,0.0034988981875214,59
EEEL3,201706,-0.0754605334873737,11
EEEL4,201706,-0.0309666235461759,11
EGIE3,201706,0.00832126590075574,57
ELET3,201706,-0.00378191658474154,61
ELET6,201706,-0.00315402051815293,58
ELPL4,201706,0.00532480206398514,58
EMAE4,201706,0.021362016681708,12
EMBR3,201706,0.0142961721983836,57
ENBR3,201706,-0.0128201570065536,57
ENEV3,201706,0.00269143316279306,49
ENGI11,201706,0.00642704687712517,58
ENGI4,201706,-0.00474835950762354,49
ENMT3,201706,0.00166636663134944,49
ENMT4,201706,0.0017532782385737,49
EQTL3,201706,-0.00803965536487166,58
ESTC3,201706,0.0149378897881283,59
ETER3,201706,0.00116121512556279,40
EUCA4,201706,0.00410064277026867,54
EVEN3,201706,0.00472559858968155,59
EZTC3,201706,0.00982776519432088,59
FESA4,201706,-0.00018117164782624,57
FIBR3,201706,0.00579823908359147,58
FJTA4,201706,0.0373703271786893,7
FLRY3,201706,0.0105886608929267,58
FRAS3,201706,0.0293104792365744,5
FRIO3,201706,0.0503921556384247,7
GEPA3,201706,-0.0357332719576243,27
GEPA4,201706,-0.0497219849773793,27
GFSA3,201706,-0.00785317803633026,54
GGBR3,201706,0.00769659662064219,54
GGBR4,201706,0.00748082046336578,58
GOAU3,201706,0.0093054132609008,49
GOAU4,201706,0.013052073632876,59
GOLL4,201706,0.0144879127636819,57
GPCP3,201706,0.0124286678188551,25
GRND3,201706,-0.0133814590483263,58
GSHP3,201706,-0.111730845262023,40
GUAR3,201706,0.00681322946461431,55
GUAR4,201706,-0.00998301476837467,55
HBOR3,201706,0.0126800660090503,57
HGTX3,201706,-0.00999811381763092,59
HYPE3,201706,0.00183548058396045,58
IDNT3,201706,0.0250330346588109,48
IGTA3,201706,0.00266586486305905,59
INEP3,201706,-0.0889836492370858,54
INEP4,201706,-0.0575142887009865,5
ITSA3,201706,-0.00598616942124471,59
ITSA4,201706,-0.0103663703635555,59
ITUB3,201706,-0.00435734369693424,57
ITUB4,201706,0.00813002506020534,59
JBSS3,201706,0.00687325671855703,57
JHSF3,201706,-0.0272461357234629,42
JOPA3,201706,0.0090865895787396,49
JSLG3,201706,0.0234212013917414,52
KLBN11,201706,0.0206399052498098,58
KLBN4,201706,-0.0655726273389831,45
KROT3,201706,0.00274681618468948,57
LAME3,201706,0.00328968518607981,58
LAME4,201706,0.0107987177179151,57
LCAM3,201706,-0.018554591171345,47
LEVE3,201706,0.00278854228914183,56
LIGT3,201706,0.000869237056876615,60
LINX3,201706,0.000220393443927029,59
LLISE3,201706,-0.0220645541907087,36
LOGN3,201706,0.0148580030159854,46
LPSB3,201706,0.00789192590058489,53
LREN3,201706,-0.00476074807173217,58
LUPA3,201706,0.0130039968139719,5
MAGG3,201706,0.0023030319371611,53
MDIA3,201706,0.00642061798605524,56
MEAL3,201706,0.0154258972753022,57
MGLU3,201706,0.0041878907935393,58
MILS3,201706,0.0150504765304861,56
MLFT4,201706,0.00565263445255114,53
MMXM3,201706,-0.00880489394368643,45
MNDL3,201706,0.0329810383066418,7
MOVI3,201706,-0.00718776400286981,56
MPLU3,201706,-0.00973772638137308,58
MRFG3,201706,-0.00742430687721811,59
MRVE3,201706,-0.00223210778729652,59
MULT3,201706,0.00892095809217797,57
MYPK3,201706,0.0183720419726087,59
NATU3,201706,0.0210460883897245,57
ODPV3,201706,-0.00972663280181915,57
OFSA3,201706,0.00122928995149522,53
OGXP3,201706,0.00281065998711224,27
OIBR3,201706,-0.00163931276464752,55
OIBR4,201706,0.0129398129577198,54
PARD3,201706,-0.00377936162579349,57
PCAR4,201706,0.0026710509212315,58
PDGR3,201706,-0.00032161478210857,49
PETR3,201706,0.00931714872154956,58
PETR4,201706,0.00224503405672943,60
PFRM3,201706,-0.0161093413139279,53
PLAS3,201706,0.0657173846384168,7
PMAM3,201706,-0.00584883727402051,51
PNVL3,201706,0.00934616503536974,48
PNVL4,201706,0.00447243647591379,51
POMO3,201706,-0.00653885363485094,52
POMO4,201706,0.0213898643899572,59
POSI3,201706,-0.02100525644002,41
PRIO3,201706,0.0154142207989821,41
PRML3,201706,0.0333925466700713,52
PSSA3,201706,0.0100047411647952,56
PTBL3,201706,0.0187195583585257,52
QGEP3,201706,0.00469856523643932,58
QUAL3,201706,-0.00794081880609154,59
RADL3,201706,0.0141644810235655,57
RAIL3,201706,0.00359717851651522,57
RAPT3,201706,0.0152485961232136,51
RAPT4,201706,0.00562043105039174,59
RCSL4,201706,-0.00885432997694303,41
RDNI3,201706,-0.00258405603737382,51
REDE3,201706,0.0357282910538945,7
REDE4,201706,0.00345841784430636,49
RENT3,201706,0.00688690873267626,57
RLOG3,201706,0.00223280349792803,57
RNEW11,201706,-0.011874045079002,46
ROMI3,201706,0.00637888058895929,53
RPAD3,201706,0.0308424208962308,49
RPMG3,201706,0.00451268179351717,43
RSID3,201706,-0.00611450053187909,55
SANB11,201706,0.00688697408097795,56
SANB4,201706,0.00883393140782606,49
SAPR4,201706,0.00783435757074636,62
SBSP3,201706,0.00539795918494332,60
SCAR3,201706,-0.0340941669492877,53
SEDU3,201706,0.0165424705055939,47
SEER3,201706,-0.00980714462500199,59
SGPS3,201706,0.0214612104174996,47
SHOW3,201706,-0.0045269711546359,53
SHUL4,201706,-0.0447092068678619,41
SLCE3,201706,0.00392128074930903,58
SLED4,201706,0.00116445276307237,56
SMLE3,201706,-0.0137322535922207,57
SMTO3,201706,0.00100328389115585,59
SNSL3,201706,0.0133007952651745,48
SSBR3,201706,0.000128466974450163,56
STBP3,201706,0.000122330500304031,56
SULA11,201706,-0.000200412363839251,58
SUZB5,201706,0.0124656347652633,58
TAEE11,201706,0.00266534834329841,57
TCSA3,201706,0.00370116974538441,58
TECN3,201706,0.00639142700649572,55
TEKA4,201706,-0.0494183482330869,7
TEND3,201706,0.0146632745383084,57
TESA3,201706,-0.0111593432947853,56
TGMA3,201706,-0.0145408792028637,57
TIET11,201706,0.00461512054920383,56
TIET3,201706,-0.00702314129576042,29
TIET4,201706,-0.00961934574170335,29
TIMP3,201706,0.00744059752040431,57
TOTS3,201706,0.00399300119118515,59
TOYB3,201706,0.037536609317909,7
TOYB4,201706,0.0397905794763725,7
TPIS3,201706,0.0901729708969884,53
TRIS3,201706,-0.0464274839684264,48
TRPL4,201706,-0.0228674108566544,59
TRPN3,201706,-0.133148276778232,6
TUPY3,201706,-0.00731401842418519,62
UCAS3,201706,0.0124432866541711,34
UGPA3,201706,-0.00501143681478007,57
UNID3,201706,0.0137191833396399,36
UNIP3,201706,0.0185953396097322,49
UNIP6,201706,-0.0117904117548129,52
USIM3,201706,0.0124704712830754,52
USIM5,201706,0.00702532113501386,57
VALE3,201706,0.0087281464718912,59
VALE5,201706,-0.00782974462204833,59
VIVT3,201706,0.00752140201094819,55
VIVT4,201706,-0.00713671251745781,56
VLID3,201706,-0.015817331109226,60
VULC3,201706,-0.0111826473364201,23
VVAR11,201706,0.0153808884417472,59
WEGE3,201706,0.0111353837552234,57
WIZS3,201706,0.000533676526382752,58
WLMM4,201706,-0.0224410098314237,5
AALR3,201707,0.0687109694866529,56
ABCB4,201707,0.0512633697446768,57
ABEV3,201707,0.0550372052910232,56
AFLT3,201707,0.0323111196604415,10
AFLU3,201707,0.0204384719611995,12
AGRO3,201707,0.0752480846097741,36
ALPA4,201707,0.0524121474876512,58
ALSC3,201707,0.0627376093856778,58
ALUP11,201707,0.0583085183069137,58
ALUP3,201707,0.0397765077209061,30
ALUP4,201707,0.0954911931697848,32
AMAR3,201707,0.0527026644196275,54
ANIM3,201707,0.0543911904478649,57
ARZZ3,201707,0.084937562836915,58
AZUL4,201707,0.0585031656879383,54
BBAS3,201707,0.0502945580471379,59
BBDC3,201707,0.0542602243607331,56
BBDC4,201707,0.056487719516834,58
BBRK3,201707,0.0546050745729744,53
BBSE3,201707,0.0591184292927217,58
BBTG11,201707,0.0486661558141817,53
BEEF3,201707,0.0520562445767084,58
BMEB4,201707,0.109801401308974,23
BOBR4,201707,0.102738513898003,23
BPAC11,201707,0.0436994637548304,51
BPAN4,201707,0.105023117568031,23
BPHA3,201707,0.0692919066099986,35
BRAP3,201707,0.0507452872611104,53
BRAP4,201707,0.062683129046803,58
BRFS3,201707,0.0509970750211796,57
BRGE3,201707,0.0651558193615161,48
BRIN3,201707,0.0751153982297536,49
BRIV3,201707,0.110763456397585,51
BRKM3,201707,0.0424982769790149,52
BRKM5,201707,0.0759428896551599,56
BRML3,201707,0.0562170856479067,59
BRPR3,201707,0.0771068182990504,57
BRSR6,201707,0.0585450442241331,57
BSEV3,201707,0.0665436759639751,36
BTOW3,201707,0.068966019479813,57
BTTL3,201707,0.131597783797047,6
BVMF3,201707,0.0587966482662849,58
CAMB4,201707,0.0622570792350788,47
CARD3,201707,0.0518366043143051,54
CCPR3,201707,0.0614839201489931,48
CCRO3,201707,0.0537114419245771,56
CEBR3,201707,0.092361862025358,29
CEBR5,201707,0.117997700379458,27
CEBR6,201707,0.089665848458668,29
CEEB3,201707,0.0740532164375801,12
CEED3,201707,0.110490312804462,10
CEED4,201707,0.088375406626846,10
CELP3,201707,0.0571704329379501,51
CELP5,201707,0.0870465679557639,7
CEPE3,201707,0.0736474853974635,11
CEPE5,201707,0.0626192681457061,12
CEPE6,201707,0.0590650853193462,8
CESP3,201707,0.117437736236539,49
CESP6,201707,0.0575107284166045,59
CGAS3,201707,0.049953543478335,52
CGAS5,201707,0.056276506982809,56
CGRA3,201707,0.129865877409765,47
CGRA4,201707,0.128313606208978,56
CIEL3,201707,0.0548980861854431,59
CLSC3,201707,-0.00215627244984276,6
CLSC4,201707,0.0456441606599976,57
CMIG3,201707,0.0556405088847177,53
CMIG4,201707,0.0602185735209909,58
COCE5,201707,0.0481546295931143,51
CPFE3,201707,0.0646267796659639,57
CPLE3,201707,0.0567619766409805,53
CPLE6,201707,0.0525912007182572,58
CPRE3,201707,0.0604929332722242,54
CRDE3,201707,0.0560689145092724,53
CRFB3,201707,0.0606853671927454,57
CRIV3,201707,0.0752764694240437,48
CRIV4,201707,0.0441083283507352,49
CSAB4,201707,0.0093482703751618,7
CSAN3,201707,0.0566919264496436,56
CSMG3,201707,0.0595652894243885,58
CSNA3,201707,0.0684819292875133,58
CSRN3,201707,0.0750150311261782,11
CSRN5,201707,0.059925067297355,13
CSRN6,201707,0.0093482703751618,7
CTAX3,201707,0.0507406544559207,22
CTNM3,201707,0.0315794700460279,5
CTNM4,201707,0.0698334702590925,49
CVCB3,201707,0.0765651518663136,59
CYRE3,201707,0.0548861899256728,58
DIRR3,201707,0.0620797327157269,55
DOHL4,201707,0.0616151264790634,6
DTEX3,201707,0.097646951157712,57
ECOR3,201707,0.0573405470327496,58
EEEL3,201707,0.0736474853974635,11
EEEL4,201707,0.0736474853974635,11
EGIE3,201707,0.0471591081766196,56
ELET3,201707,0.058597299683526,59
ELET6,201707,0.0613589383375989,56
ELPL4,201707,0.053981417774525,57
EMAE4,201707,0.0163499054229406,12
EMBR3,201707,0.0658552016735063,56
ENBR3,201707,0.0551048874391239,55
ENEV3,201707,0.0674417903347145,48
ENGI11,201707,0.0576050196586976,58
ENGI4,201707,0.0486902573433741,52
ENMT3,201707,0.0515796824764101,52
ENMT4,201707,0.0514192307412981,52
EQTL3,201707,0.0579497225047471,58
ESTC3,201707,0.0714862570161487,58
ETER3,201707,0.0425687920780659,41
EUCA4,201707,0.0685358954398656,53
EVEN3,201707,0.0520516488386771,58
EZTC3,201707,0.0783597580364052,58
FESA4,201707,0.0415055940504219,55
FHER3,201707,0.047874887704515,45
FIBR3,201707,0.058867630656111,56
FJTA4,201707,0.0658070408548352,18
FLRY3,201707,0.0863388714959746,58
FRAS3,201707,-0.0059354708109451,6
FRIO3,201707,-0.0108898155640906,6
GEPA3,201707,0.0645753357129547,30
GEPA4,201707,0.0809281102945543,30
GFSA3,201707,0.101074198828008,56
GGBR3,201707,0.0554858107455427,52
GGBR4,201707,0.0608481711293185,57
GOAU3,201707,0.0811391578029081,52
GOAU4,201707,0.0593092723249059,58
GOLL4,201707,0.0828548727553453,57
GPCP3,201707,0.113091014023969,25
GRND3,201707,0.0995362166968394,58
GSHP3,201707,0.015035275928843,5
GUAR3,201707,0.0483577491162246,55
GUAR4,201707,0.115479367335233,55
HBOR3,201707,0.0438426198607957,56
HGTX3,201707,0.0651039694873585,59
HYPE3,201707,0.0628864666626321,57
IDNT3,201707,0.0627312103770022,47
IGTA3,201707,0.0641887309435395,59
INEP3,201707,0.0547243517600347,53
INEP4,201707,0.00923029550682761,5
IRBR3,201707,0.0697849022557389,55
ITSA3,201707,0.0866925838899217,59
ITSA4,201707,0.0606428334317712,59
ITUB3,201707,0.114912171092367,56
ITUB4,201707,0.0627852765311669,59
JBSS3,201707,0.0540912151324475,58
JHSF3,201707,0.0924033288991287,51
JOPA3,201707,0.0619288418566561,48
JSLG3,201707,0.0132856873695016,51
KLBN11,201707,0.044840642497733,57
KLBN4,201707,0.0461554806107631,44
KROT3,201707,0.056868154146965,56
LAME3,201707,0.0534957844804902,57
LAME4,201707,0.0586376742254211,57
LCAM3,201707,0.110004975892556,17
LEVE3,201707,0.0613564703874484,55
LIGT3,201707,0.0673190950018203,59
LINX3,201707,0.064142108140949,57
LLISE3,201707,0.056602900681672,36
LOGN3,201707,0.0590498472325124,51
LPSB3,201707,0.0701336961257847,52
LREN3,201707,0.0559000392376325,57
LUPA3,201707,0.0606953810673613,5
MAGG3,201707,0.0608612900855762,55
MDIA3,201707,0.0645174118695978,55
MEAL3,201707,0.0613077205086689,57
MGLU3,201707,0.104106861708149,58
MILS3,201707,0.0845449141859361,55
MLFT4,201707,0.0689137302192891,53
MNDL3,201707,-0.00984839674508191,6
MOVI3,201707,0.0502906361845813,55
MPLU3,201707,0.0572310860586448,57
MRFG3,201707,0.0639125624640028,58
MRVE3,201707,0.0880840173371671,58
MULT3,201707,0.0688910970488439,57
MYPK3,201707,0.0831419965843769,58
NATU3,201707,0.0653754501140139,57
ODPV3,201707,0.0399000548194576,57
OFSA3,201707,0.070480176439818,52
OGXP3,201707,0.0859452265150395,46
OIBR3,201707,0.100989259504802,56
OIBR4,201707,0.0585213500958485,55
OMGE3,201707,0.0582181656980388,55
PARD3,201707,0.0539324307011796,56
PCAR4,201707,0.0777490148358475,57
PDGR3,201707,0.0767151410809302,26
PETR3,201707,0.0569064202459701,57
PETR4,201707,0.0572113388393389,60
PFRM3,201707,0.100160117781887,48
PLAS3,201707,0.0201655661652398,6
PMAM3,201707,0.0993292695562833,52
PNVL3,201707,0.0502861965886953,51
PNVL4,201707,0.0539122157831506,53
POMO3,201707,0.124580409714672,51
POMO4,201707,0.0644711592891861,58
POSI3,201707,0.04287204815385,47
PRIO3,201707,0.0554016050828806,47
PRML3,201707,0.0570022984685073,47
PSSA3,201707,0.052117095157103,55
PTBL3,201707,0.0693115989068962,53
QGEP3,201707,0.0565685622809894,58
QUAL3,201707,0.0556655130831716,58
RADL3,201707,0.0553670984788779,56
RAIL3,201707,0.081180447694225,56
RAPT3,201707,0.0579866552633225,49
RAPT4,201707,0.132073860854251,58
RDNI3,201707,0.0747242199495429,49
REDE3,201707,0.0494076586688166,55
RENT3,201707,0.0850771929545579,56
RLOG3,201707,0.0451336800920881,57
RNEW11,201707,0.0539640665408323,50
ROMI3,201707,0.0660888109681886,52
RPAD3,201707,0.0553936280936567,48
RPMG3,201707,0.0355359436544676,6
RSID3,201707,0.114873122023991,56
SANB11,201707,0.0852298277649362,54
SANB4,201707,0.0628077769333647,48
SAPR4,201707,0.0558567362418713,61
SBSP3,201707,0.0539400950774986,59
SCAR3,201707,0.0464537878789666,52
SEDU3,201707,0.0652916793656433,50
SEER3,201707,0.0762907842312791,57
SGPS3,201707,0.0832295464723007,47
SHOW3,201707,0.13902889357652,49
SHUL4,201707,0.0691798407725071,45
SLCE3,201707,0.101661142135505,58
SLED4,201707,0.0520310917417574,55
SMLE3,201707,0.0765550674558818,56
SMTO3,201707,0.0585397396524423,58
SNSL3,201707,0.0458466967890904,51
SSBR3,201707,0.0985791095822681,55
STBP3,201707,0.0596896522374707,55
SULA11,201707,0.0630642582238192,58
SUZB5,201707,0.0622191726592486,57
TAEE11,201707,0.0460245859244987,56
TCSA3,201707,0.10768147998542,57
TECN3,201707,0.0521235408468619,54
TEKA4,201707,-0.0159263201041617,6
TEND3,201707,0.0672006599070934,56
TESA3,201707,0.107853728998424,55
TGMA3,201707,0.0595614870905831,56
TIET11,201707,0.06488380870542,57
TIET3,201707,0.0498823978118829,29
TIET4,201707,0.053214660960257,29
TIMP3,201707,0.0586275785346723,56
TOTS3,201707,0.0614913156944403,57
TOYB3,201707,0.0232994778308511,6
TOYB4,201707,0.0231014373889083,6
TPIS3,201707,0.0605813145909815,51
TRIS3,201707,0.0697562957991384,48
TRPL4,201707,0.0614486075745115,58
TUPY3,201707,0.0886345936541818,61
UCAS3,201707,0.0935071516604778,35
UGPA3,201707,0.0594632566447007,56
UNIP3,201707,0.0305085207692963,49
UNIP6,201707,0.100399362251562,51
USIM3,201707,0.0483017762647526,53
USIM5,201707,0.0603176139169258,56
VALE3,201707,0.0539781581457039,58
VALE5,201707,0.0547921786436148,59
VIVT3,201707,0.0564884922114119,53
VIVT4,201707,0.0559854804304975,55
VLID3,201707,0.0661056922629253,59
VULC3,201707,0.0633899917390428,49
VVAR11,201707,0.0779157828449494,57
WEGE3,201707,0.051726999600053,56
WIZS3,201707,0.0537237529667484,57
WLMM4,201707,0.179881751691485,6
AALR3,201708,0.0670860380585438,58
ABCB4,201708,0.072354148671134,59
ABEV3,201708,0.0870574209812764,58
AFLT3,201708,-0.00102403727940252,10
AFLU3,201708,0.0531684907433766,9
AGRO3,201708,0.0473124803586689,37
ALPA4,201708,0.0935330138363197,60
ALSC3,201708,0.0771988233044609,60
ALUP11,201708,0.043093741694712,60
ALUP3,201708,0.0513484669019141,30
ALUP4,201708,0.0351471333051849,32
AMAR3,201708,0.0829580090678694,56
ANIM3,201708,0.0860154895248383,58
ARZZ3,201708,0.100996764099583,59
AZUL4,201708,0.0691496274940073,56
BBAS3,201708,0.0738405026530899,59
BBDC3,201708,0.0790158103724712,57
BBDC4,201708,0.0872040745617837,59
BBRK3,201708,0.0499661641015826,55
BBSE3,201708,0.0734179349816239,60
BBTG11,201708,0.0628497626270273,30
BEEF3,201708,0.0599810614002451,60
BMEB4,201708,0.0272706988227281,23
BOBR4,201708,0.00747209836501979,51
BPAC11,201708,0.0483823119407724,56
BPAN4,201708,0.0301528644201352,23
BPHA3,201708,0.104197526274605,35
BRAP3,201708,0.0846580008132451,55
BRAP4,201708,0.0630951560785511,60
BRFS3,201708,0.0614635052018237,58
BRGE3,201708,0.0494090683098578,50
BRIN3,201708,0.0547739029798319,50
BRIV3,201708,0.0328773703318537,53
BRKM3,201708,0.0524786019765417,53
BRKM5,201708,0.0794665039616607,57
BRML3,201708,0.0854457722414452,59
BRPR3,201708,0.0958508008374249,59
BRSR6,201708,0.0604984884559936,57
BSEV3,201708,0.0429249374898647,36
BTOW3,201708,0.105836046584407,59
BTTL3,201708,0.106364187328738,16
BVMF3,201708,0.0803444414578796,59
CAMB4,201708,0.0900040268429622,53
CARD3,201708,0.0746745916865702,59
CCPR3,201708,0.0645554965369393,50
CCRO3,201708,0.0752780205245918,58
CEBR3,201708,0.0467250363739393,29
CEBR5,201708,0.0345929971853123,27
CEBR6,201708,0.000999334933624075,30
CEEB3,201708,0.0558778084231056,14
CEED3,201708,0.0341173108471368,12
CEED4,201708,0.0430094882874822,12
CELP3,201708,0.0409839723520993,53
CELP5,201708,0.102426273419777,7
CEPE3,201708,0.0376274680700014,13
CEPE5,201708,0.0427703549039136,12
CEPE6,201708,0.0847266338801289,8
CESP3,201708,0.0339802984527055,52
CESP6,201708,0.0765460846559689,60
CGAS3,201708,0.0272242275813252,54
CGAS5,201708,0.0850946436731741,58
CGRA3,201708,0.135191633504904,48
CGRA4,201708,0.121698294234336,57
CIEL3,201708,0.0855452539889505,59
CLSC3,201708,0.0448377121428972,6
CLSC4,201708,0.0721545580049035,58
CMIG3,201708,0.0981742749150867,55
CMIG4,201708,0.0561822342878384,60
COCE5,201708,0.0499265886509466,53
CPFE3,201708,0.0859386571823175,58
CPLE3,201708,0.0697433105617706,54
CPLE6,201708,0.0660581053280153,60
CPRE3,201708,0.0700924239294793,55
CRDE3,201708,0.0628527412482449,54
CRFB3,201708,0.0843623781256808,59
CRIV3,201708,0.0550153765214132,50
CRIV4,201708,0.0767770626726066,50
CSAB4,201708,0.115171333545622,7
CSAN3,201708,0.0681416824820352,57
CSMG3,201708,0.0641194882766677,60
CSNA3,201708,0.0949307023593093,59
CSRN3,201708,0.0529998135097508,9
CSRN5,201708,0.052034981576925,15
CSRN6,201708,0.115171333545622,7
CTAX3,201708,0.0611557098224462,23
CTNM3,201708,0.00606959397231256,5
CTNM4,201708,0.065576444120019,51
CVCB3,201708,0.0852497132541667,60
CYRE3,201708,0.0697543785059667,59
DIRR3,201708,0.0660063901138945,57
DOHL4,201708,0.0377713561193773,5
DTEX3,201708,0.108715390850039,59
ECOR3,201708,0.0670332237340742,60
EEEL3,201708,0.0350631358346113,12
EEEL4,201708,0.0430094882874822,12
EGIE3,201708,0.0641782949282853,57
ELET3,201708,0.0712961697696868,59
ELET6,201708,0.0704732813586746,58
ELPL4,201708,0.0774066635871197,59
EMAE4,201708,-0.00386739515697534,19
EMBR3,201708,0.0887501223521803,57
ENBR3,201708,0.0893770209274077,57
ENEV3,201708,0.0515309223750372,49
ENGI11,201708,0.055965297666558,59
ENGI4,201708,0.0350365406446579,54
ENMT3,201708,0.0354458426734387,54
ENMT4,201708,0.0356274617108824,54
EQTL3,201708,0.0840941742859204,60
ESTC3,201708,0.0655956708374398,61
ETER3,201708,0.07183602511724,56
EUCA4,201708,0.0627291660799422,54
EVEN3,201708,0.057978044648262,62
EZTC3,201708,0.0995263811763734,59
FESA4,201708,0.0629558628582153,57
FIBR3,201708,0.0725329351913774,57
FJTA4,201708,0.086781647513922,50
FLRY3,201708,0.0977234625467301,59
FRAS3,201708,0.0504434012363398,47
FRIO3,201708,0.122289261117235,6
GEPA3,201708,0.125429804981002,32
GEPA4,201708,0.118292188072695,32
GFSA3,201708,0.0733978758318848,58
GGBR3,201708,0.071475952362148,52
GGBR4,201708,0.0769541153926568,59
GOAU3,201708,0.0994257757858028,54
GOAU4,201708,0.0910816468554419,60
GOLL4,201708,0.0945060594933582,59
GPCP3,201708,0.0314003066249645,26
GRND3,201708,0.0588346153217522,58
GSHP3,201708,-0.0189940917438715,5
GUAR3,201708,0.0496021294184259,56
GUAR4,201708,0.0208576245863676,56
HBOR3,201708,0.0604446050012323,58
HGTX3,201708,0.0940330435484287,60
HYPE3,201708,0.0626455029065408,59
IDNT3,201708,0.098074766245384,49
IGTA3,201708,0.0729019370271221,61
INEP3,201708,0.0100604625802128,55
INEP4,201708,-0.00107961246592655,5
IRBR3,201708,0.0649224692882932,56
ITSA3,201708,0.0591469058718354,59
ITSA4,201708,0.0776402056646254,60
ITUB3,201708,0.0281292533451539,58
ITUB4,201708,0.0710120886019076,59
JBSS3,201708,0.0817428896962726,59
JHSF3,201708,0.0507204696632626,52
JOPA3,201708,0.0567925540651553,50
JSLG3,201708,0.0667870685228228,53
KEPL3,201708,0.0804067520699265,10
KLBN11,201708,0.0559724290958533,57
KROT3,201708,0.0830854206676459,59
LAME3,201708,0.0700327297202245,58
LAME4,201708,0.0668720128585507,59
LCAM3,201708,0.000511900809221533,47
LEVE3,201708,0.0676802422696346,58
LIGT3,201708,0.0678977345556943,60
LINX3,201708,0.0893851760593725,59
LLISE3,201708,0.039461868737235,36
LOGN3,201708,0.117549800723654,54
LPSB3,201708,0.128627610822136,52
LREN3,201708,0.0813388546772166,58
LUPA3,201708,0.0440286100658271,5
MAGG3,201708,0.0747340401784917,57
MDIA3,201708,0.102463479641882,57
MEAL3,201708,0.0756222484100316,59
MGLU3,201708,0.0919464754849098,59
MILS3,201708,0.0913851760750539,56
MLFT4,201708,0.0784973751263979,54
MNDL3,201708,0.122062300661929,6
MOVI3,201708,0.0857464471250419,56
MPLU3,201708,0.0738866241006625,59
MRFG3,201708,0.0795280002547007,59
MRVE3,201708,0.0996288721538104,59
MULT3,201708,0.0706017533681705,58
MYPK3,201708,0.108389336912114,60
NATU3,201708,0.086023517305008,59
ODPV3,201708,0.0706486609876488,59
OFSA3,201708,0.0954011309141875,53
OGSA3,201708,0.0443303634922933,47
OGXP3,201708,0.092098427587204,47
OIBR3,201708,0.0397639609886814,58
OIBR4,201708,0.0885955576703774,57
OMGE3,201708,0.0857421517146156,57
PARD3,201708,0.0768433367108505,57
PCAR4,201708,0.0791919796532412,58
PDGR3,201708,-0.0176445425926307,27
PETR3,201708,0.0748374180299207,59
PETR4,201708,0.073439922087523,61
PFRM3,201708,0.0944667055077709,54
PLAS3,201708,0.0260971752543155,6
PMAM3,201708,0.034362179541026,54
PNVL3,201708,0.0910307371686764,52
PNVL4,201708,0.074642111206133,54
POMO3,201708,0.108627404759435,52
POMO4,201708,0.0897533376233589,60
POSI3,201708,0.0598038460835804,32
PRIO3,201708,0.0842248623796666,53
PRML3,201708,0.0308431252892009,50
PSSA3,201708,0.0803981212791279,56
PTBL3,201708,0.0398361445187147,54
QGEP3,201708,0.0694257472220187,60
QUAL3,201708,0.0820013892126907,60
RADL3,201708,0.0914161951506678,57
RAIL3,201708,0.0683721110382396,58
RAPT3,201708,0.0279409671294694,51
RAPT4,201708,0.118406059603702,59
RCSL4,201708,-0.0199874468083614,47
RDNI3,201708,0.0689182772918746,51
REDE3,201708,0.0467923776563041,56
RENT3,201708,0.109536387667421,58
RLOG3,201708,0.0452452362721749,59
RNEW11,201708,0.0583308446156699,51
RNEW3,201708,0.050127437492471,32
ROMI3,201708,0.0785121837682297,54
RPAD3,201708,0.0637867772941273,50
RPMG3,201708,0.105900683293192,6
RSID3,201708,0.0292047936906531,58
SANB11,201708,0.0927812616019809,56
SANB4,201708,0.0498075763442858,51
SAPR4,201708,0.0666731770121305,62
SBSP3,201708,0.0697111987178058,60
SCAR3,201708,0.0551885292099296,58
SEDU3,201708,0.0865839047824026,55
SEER3,201708,0.064497042966473,59
SGPS3,201708,0.09347907531054,53
SHOW3,201708,0.119180266386617,54
SHUL4,201708,0.00299956757515948,47
SLCE3,201708,0.0998339374528211,59
SLED4,201708,0.0775629015732611,56
SMLE3,201708,0.0882387878888624,58
SMTO3,201708,0.0966643395285585,60
SNSL3,201708,0.0808130550206735,52
SSBR3,201708,0.0818820499377081,56
STBP3,201708,0.0817710316003539,57
SULA11,201708,0.0894066115857963,60
SUZB5,201708,0.0612256689529652,59
TAEE11,201708,0.0626323682859425,58
TCSA3,201708,0.105726622596268,59
TECN3,201708,0.0739999287891889,55
TEKA4,201708,0.189048474169703,6
TEND3,201708,0.0690416587576542,57
TESA3,201708,0.0357816987867378,56
TGMA3,201708,0.089566964018523,57
TIET11,201708,0.0797798567980621,59
TIET3,201708,0.029185819520204,29
TIET4,201708,0.0196080634690501,29
TIMP3,201708,0.0674666609440543,58
TOTS3,201708,0.05961250449574,59
TOYB3,201708,0.119592779256596,6
TOYB4,201708,0.121208661066384,6
TPIS3,201708,0.0999931690869947,54
TRIS3,201708,0.00864059844782389,49
TRPL4,201708,0.104261885149139,59
TUPY3,201708,0.06786984149958,62
UCAS3,201708,0.120509193846617,48
UGPA3,201708,0.090998896326156,57
UNIP3,201708,0.0489783628079058,50
UNIP6,201708,0.106261977321662,52
USIM3,201708,0.0974683675583991,54
USIM5,201708,0.0932359948936535,58
VALE3,201708,0.0885608475646096,62
VALE5,201708,0.0952273272494226,55
VIVT3,201708,0.0800947620151505,55
VIVT4,201708,0.0738067913177703,57
VLID3,201708,0.097651365784812,60
VULC3,201708,0.0325464543137999,23
VVAR11,201708,0.092578058824531,59
WEGE3,201708,0.0689634543651903,57
WIZS3,201708,0.062176865449176,59
WLMM4,201708,0.0814476513391713,16
AALR3,201709,0.0669339415251199,61
ABCB4,201709,0.0305035204301608,61
ABEV3,201709,0.0446953837962667,59
AFLT3,201709,0.0943885780564577,12
AFLU3,201709,0.0791371418553473,15
AGRO3,201709,0.0510601782137537,52
ALPA3,201709,0.0748597420493409,58
ALPA4,201709,0.0656480314309223,62
ALSC3,201709,0.0575384296061033,62
ALUP11,201709,0.0442351241336695,61
ALUP3,201709,0.065741218233394,47
ALUP4,201709,0.0683823958196845,48
AMAR3,201709,0.0563581859914605,59
ANIM3,201709,0.0628592146768138,59
ARZZ3,201709,0.0730782898452579,61
AZUL4,201709,0.0683570240792667,59
BBAS3,201709,0.0573736452846712,62
BBDC3,201709,0.0442865139327832,60
BBDC4,201709,0.0559723838671691,62
BBRK3,201709,0.0579766812731315,59
BBSE3,201709,0.0523661511977544,61
BBTG11,201709,-0.0979997562043051,34
BEEF3,201709,0.053856958648635,62
BMEB4,201709,0.0469353613752088,24
BOBR4,201709,0.0534697158053859,52
BPAC11,201709,0.0519587682522819,59
BPAN4,201709,0.0442923244680101,52
BPHA3,201709,0.251201376165077,52
BRAP3,201709,0.0626186670870542,58
BRAP4,201709,0.0362302872302554,61
BRFS3,201709,0.065270603795142,60
BRGE3,201709,0.0742880927338528,52
BRIN3,201709,0.0560504455292086,51
BRIV3,201709,0.0445347826615846,54
BRKM3,201709,0.0211796344423542,53
BRKM5,201709,0.0457991986728494,61
BRML3,201709,0.0667838169646093,62
BRPR3,201709,0.0523034746463634,60
BRSR6,201709,0.0660320569775118,61
BSEV3,201709,0.0419107557826,51
BTOW3,201709,0.0573690253878,61
BTTL3,201709,0.0809158130017964,7
BVMF3,201709,0.0612059673917453,62
CAMB4,201709,0.0521580041153151,56
CAML3,201709,0.0593798848044942,61
CARD3,201709,0.042424132743048,62
CCPR3,201709,0.0677128717171254,52
CCRO3,201709,0.0460847617181504,60
CEBR3,201709,0.0398796166159381,29
CEBR5,201709,0.02482049683107,27
CEBR6,201709,0.0383061753388766,30
CEEB3,201709,0.0664277493273837,14
CEEB5,201709,0.014590445371029,7
CEED3,201709,0.0892484534546924,12
CEED4,201709,0.097495945858345,12
CELP3,201709,0.0807709476628212,57
CELP5,201709,0.0499501053806035,8
CEPE3,201709,0.0817068122913147,13
CEPE5,201709,0.014702045388121,12
CEPE6,201709,0.0220176120753254,8
CESP3,201709,0.043911282026312,53
CESP6,201709,0.0613718759495089,61
CGAS3,201709,0.0710803898821518,58
CGAS5,201709,0.0677506806639005,60
CGRA3,201709,0.0438911265162458,7
CGRA4,201709,0.0480488464691131,62
CIEL3,201709,0.0485212877761098,62
CLSC3,201709,0.0246048070860772,7
CLSC4,201709,0.0272480794904803,62
CMIG3,201709,0.0502043738104721,59
CMIG4,201709,0.0540545189420212,63
COCE5,201709,0.0370433718552503,56
CPFE3,201709,0.0263584100641653,60
CPLE3,201709,0.0602317439411341,58
CPLE6,201709,0.032087705896183,61
CPRE3,201709,0.0572308064370261,58
CRDE3,201709,0.0603813993267452,59
CRFB3,201709,0.0569410879783368,61
CRIV3,201709,0.0801058608425045,52
CRIV4,201709,0.0295161942939705,52
CRPG5,201709,0.0047640754073195,49
CSAB4,201709,0.00729951485361543,8
CSAN3,201709,0.0590632643284566,60
CSMG3,201709,0.0595647285175052,61
CSNA3,201709,0.0600267514285971,62
CSRN3,201709,0.0748987569308713,16
CSRN5,201709,0.0224603462340201,15
CSRN6,201709,0.0164864580475782,9
CTAX3,201709,0.0633854673090783,23
CTNM3,201709,0.0739282243535412,5
CTNM4,201709,0.0535548869024335,53
CVCB3,201709,0.0683850260225681,63
CYRE3,201709,0.0742943356367834,61
DIRR3,201709,0.0524019575073062,62
DOHL4,201709,0.0599083132705509,5
DTEX3,201709,0.0652418650321573,61
ECOR3,201709,0.051969260756009,62
EEEL3,201709,0.0757694960048155,12
EEEL4,201709,0.0817068122913148,13
EGIE3,201709,0.0577066475502085,61
ELET3,201709,0.0646425118345359,61
ELET6,201709,0.057694402069131,60
ELPL4,201709,0.0600439282075385,61
EMAE4,201709,0.0147268769393761,20
EMBR3,201709,0.0417017206800286,60
ENBR3,201709,0.064165751352415,59
ENEV3,201709,0.0662778638518052,50
ENGI11,201709,0.066374156291149,61
ENGI4,201709,0.0719971591994636,58
ENMT3,201709,0.0689394906517846,58
ENMT4,201709,0.0737047618454254,58
EQTL3,201709,0.0594600163052998,62
ESTC3,201709,0.0568506031847729,62
ETER3,201709,0.0690069471959922,60
EUCA4,201709,0.0548598852790948,58
EVEN3,201709,0.0591432847151901,62
EZTC3,201709,0.0575336443871816,61
FESA4,201709,0.0322413679176796,60
FIBR3,201709,0.037185527466623,60
FJTA4,201709,0.0245985714248636,52
FLRY3,201709,0.0712892540029499,60
FRAS3,201709,0.00798925112002674,49
FRIO3,201709,0.0151688869251471,8
GEPA3,201709,0.0383527704460104,33
GEPA4,201709,0.0291280307255415,33
GFSA3,201709,0.0529070984279045,56
GGBR3,201709,0.0732647924185052,55
GGBR4,201709,0.0701380401755077,60
GOAU3,201709,-0.0168418242388272,58
GOAU4,201709,0.057782967669059,61
GOLL4,201709,0.0713120668419919,61
GPCP3,201709,0.0419033629327801,27
GRND3,201709,0.0490510760558542,61
GSHP3,201709,0.0905036938375045,5
GUAR3,201709,0.0602402043555816,59
GUAR4,201709,0.0335626889481673,58
HBOR3,201709,0.0673502004299352,61
HGTX3,201709,0.0662076689266189,63
HYPE3,201709,0.0580025450389603,61
IDNT3,201709,0.0480801481874926,52
IGTA3,201709,0.0619919092219473,63
INEP3,201709,0.142161286732964,57
INEP4,201709,0.130748861449611,5
IRBR3,201709,0.041368987159271,60
ITSA3,201709,0.0435394922683909,62
ITSA4,201709,0.0524906796193261,63
ITUB3,201709,0.0402584815794685,61
ITUB4,201709,0.0568502706882561,61
JBSS3,201709,0.0493174503479833,61
JHSF3,201709,0.0715897993137439,54
JOPA3,201709,0.0718053567157013,52
JSLG3,201709,0.062552199102034,59
KEPL3,201709,0.038456614949229,40
KLBN11,201709,0.0442094102465031,60
KLBN4,201709,0.0577970797429232,51
KROT3,201709,0.0556453052495114,61
LAME3,201709,0.0524040995235775,61
LAME4,201709,0.0545076363671788,62
LCAM3,201709,-0.00828372108819131,49
LEVE3,201709,0.0510268501656181,62
LIGT3,201709,0.0640562654267498,63
LINX3,201709,0.0579328794988649,61
LLISE3,201709,0.0507621272960154,36
LOGN3,201709,0.0687383841663155,57
LPSB3,201709,0.101439681558255,56
LREN3,201709,0.0558572661955265,61
LUPA3,201709,0.0776458299617089,5
MAGG3,201709,0.0416329471979917,60
MDIA3,201709,0.0645416538685328,59
MEAL3,201709,0.0402985800016211,61
MGLU3,201709,0.0519231887981476,61
MILS3,201709,0.0667997749059369,60
MLFT4,201709,0.052198232079108,58
MNDL3,201709,0.00331288434306095,8
MOVI3,201709,0.118397220927923,61
MPLU3,201709,0.0154146331010134,62
MRFG3,201709,0.0607459653055802,61
MRVE3,201709,0.065851358116412,61
MULT3,201709,0.0684764708672215,60
MYPK3,201709,0.0515146358133537,62
NATU3,201709,0.0656353466099379,61
ODPV3,201709,0.0363239369384412,61
OFSA3,201709,0.0622944227358945,56
OGXP3,201709,0.0479757317472789,49
OIBR3,201709,0.0401298311907517,61
OIBR4,201709,0.0595280104543611,59
OMGE3,201709,0.0605070020943409,60
PARD3,201709,0.0682579501417049,61
PCAR4,201709,0.0678436219797678,60
PDGR3,201709,0.0476411053425871,51
PETR3,201709,0.0453550859971661,61
PETR4,201709,0.0551457361368024,63
PFRM3,201709,0.0635245979604747,59
PLAS3,201709,0.0190441544960634,7
PMAM3,201709,0.0506382798380559,54
PNVL3,201709,0.0677712970254597,56
PNVL4,201709,0.0594059740728561,58
POMO3,201709,0.102516738255079,53
POMO4,201709,0.0365125236906657,62
POSI3,201709,0.0699805871968423,53
PPLA11,201709,0.0625633502156292,51
PRIO3,201709,0.0554613506114146,56
PRML3,201709,0.0759064791677767,54
PSSA3,201709,0.0325899093895711,60
PTBL3,201709,0.0975565046766546,57
QGEP3,201709,0.0634171222433764,62
QUAL3,201709,0.0558883908737806,60
RADL3,201709,0.0570303264208752,60
RAIL3,201709,0.0566874524435401,60
RAPT3,201709,0.0642907763518028,53
RAPT4,201709,0.0490207596300469,61
RCSL4,201709,0.0476195120993467,49
RDNI3,201709,0.0711701940430278,52
REDE3,201709,0.0671856397378022,62
RENT3,201709,0.0741915090282872,60
RLOG3,201709,0.0608606202074672,59
RNEW11,201709,-0.00670267514045592,52
ROMI3,201709,0.0602530748057189,57
RPAD3,201709,0.077557812359972,52
RPMG3,201709,0.00768979416757398,8
RSID3,201709,0.0456015138621334,58
SANB11,201709,0.0494936754229847,59
SANB4,201709,0.0636861065894032,53
SAPR3,201709,0.0721356635269555,7
SAPR4,201709,0.0598233434781114,66
SBSP3,201709,0.0487339346482024,63
SCAR3,201709,0.077052336822809,59
SEDU3,201709,0.0579643137466048,58
SEER3,201709,0.074008775482294,61
SGPS3,201709,0.0534782838288139,56
SHOW3,201709,0.06754772458369,58
SHUL4,201709,0.071315899922009,49
SLCE3,201709,0.0520679332503278,61
SLED4,201709,0.040476717431391,60
SMLE3,201709,0.0539454695335219,61
SMTO3,201709,0.0685041494742289,61
SNSL3,201709,0.0532638775960467,54
SSBR3,201709,0.0561607497797585,60
STBP3,201709,0.0594408566851601,61
SULA11,201709,0.0336079266135942,61
SUZB5,201709,0.058961886347084,61
TAEE11,201709,0.0388279889716043,61
TAEE3,201709,0.0736289296828981,45
TAEE4,201709,0.0735733128936082,45
TCSA3,201709,0.0657369537762221,61
TECN3,201709,0.062783669213989,59
TEKA4,201709,0.0251962017435646,8
TELB4,201709,-0.00524278626723327,49
TEND3,201709,0.0389921784278322,60
TESA3,201709,0.0446738051015475,60
TGMA3,201709,0.0492686949160983,61
TIET11,201709,0.0397662442606824,61
TIET3,201709,0.0262319654922128,29
TIET4,201709,0.0361612394389171,29
TIMP3,201709,0.068247026100969,60
TOTS3,201709,0.0523046333678683,62
TOYB3,201709,0.0264989192475458,8
TOYB4,201709,0.017632631157184,8
TPIS3,201709,0.0756539265571469,58
TRIS3,201709,0.0971609287844703,52
TRPL4,201709,0.0565438222746753,60
TUPY3,201709,0.0736232990219649,65
UCAS3,201709,0.0576677077204109,49
UGPA3,201709,0.0688298022932676,60
UNID3,201709,0.0605956187854694,47
UNIP3,201709,0.0693590947928369,52
UNIP6,201709,0.0414256588902783,56
USIM3,201709,0.0582057081045084,57
USIM5,201709,0.0388829707361986,61
VALE3,201709,0.0497122038900881,64
VALE5,201709,-0.0056978450255049,59
VIVT3,201709,0.0216946527698607,58
VIVT4,201709,0.0500418626137772,59
VLID3,201709,0.055117916653886,62
VULC3,201709,0.045765991658798,24
VVAR11,201709,0.0452744925374797,61
VVAR3,201709,0.0620744091610697,45
VVAR4,201709,0.0394524724663176,45
WEGE3,201709,0.0383393181323486,60
WIZS3,201709,0.0678608652248885,62
WLMM4,201709,0.0535464339402778,7
AALR3,201710,0.00303503921453024,59
ABCB4,201710,-0.00709872387691899,60
ABEV3,201710,-0.000795473188500582,57
AFLT3,201710,-0.0210864621377255,10
AGRO3,201710,0.0563398635385505,52
ALPA3,201710,-0.0090236294342601,55
ALPA4,201710,-0.0133351191698147,61
ALSC3,201710,-0.00472991957445178,61
ALUP11,201710,-0.00970585375918873,60
ALUP3,201710,0.00302042323043754,47
ALUP4,201710,-0.000686558760127686,47
AMAR3,201710,-0.000730768054936671,57
ANIM3,201710,-0.00546099226683845,57
ARZZ3,201710,0.00560481895983389,60
AZUL4,201710,-0.00322352527742984,57
BBAS3,201710,-0.00296290670719711,61
BBDC3,201710,0.000794349388664653,58
BBDC4,201710,-0.011910647716808,60
BBRK3,201710,0.0162280905752946,57
BBSE3,201710,-0.00228387684201483,60
BBTG11,201710,-0.00642089320346156,33
BEEF3,201710,-0.0135853061482561,60
BMEB4,201710,0.00220714125553844,23
BOBR4,201710,-0.0045438228706178,52
BPAC11,201710,0.0150991249395059,57
BPAN4,201710,-0.00190164641887817,35
BPHA3,201710,-0.14592948154809,48
BRAP3,201710,0.0372615014312873,56
BRAP4,201710,-0.00816178229143829,60
BRFS3,201710,-0.00883519446147047,58
BRGE3,201710,0.00974154946083682,52
BRIN3,201710,0.00456914624630419,55
BRIV3,201710,-0.0068116184148875,54
BRKM3,201710,0.00279596513898702,38
BRKM5,201710,-0.0071922958501889,59
BRML3,201710,-0.0089467019783465,60
BRPR3,201710,0.00775469447041815,60
BRSR6,201710,-0.00471410345596178,60
BSEV3,201710,0.0579873501632238,51
BTOW3,201710,0.000312676608990908,60
BVMF3,201710,-0.00919170487578714,60
CAMB4,201710,0.0433253957169564,53
CAML3,201710,-0.00147271079023455,58
CARD3,201710,0.0216639883965457,61
CCPR3,201710,0.00800412274786904,52
CCRO3,201710,0.00349562793735555,58
CEBR3,201710,-0.00567794160526609,30
CEBR5,201710,0.00668625568418282,27
CEBR6,201710,0.00117779358694272,31
CEEB3,201710,-0.036741870822627,11
CEEB5,201710,0.033731997850522,7
CEED3,201710,-0.0266750895680937,9
CEED4,201710,-0.0372439741763357,9
CELP3,201710,0.0333856294778076,55
CELP5,201710,-0.0327938920557613,9
CEPE3,201710,-0.0412015914955219,10
CEPE5,201710,-0.0211526417314298,13
CEPE6,201710,-0.0316141609628951,9
CESP3,201710,0.00899877462710863,53
CESP6,201710,-0.000212175952723718,60
CGAS3,201710,0.00436414044042699,55
CGAS5,201710,-0.00314505978306962,59
CGRA3,201710,0.0732731143204,6
CGRA4,201710,0.0440859934114142,59
CIEL3,201710,0.00424040929209398,60
CLSC3,201710,0.0184740949517161,7
CLSC4,201710,0.0208605489331778,59
CMIG3,201710,0.00285548660990125,56
CMIG4,201710,-0.00440472120927555,60
COCE5,201710,-0.0276490193498122,53
CPFE3,201710,0.00219400959479968,59
CPLE3,201710,-0.0043802438161195,55
CPLE6,201710,-0.00296206161436769,60
CPRE3,201710,0.00321456189343531,56
CRDE3,201710,0.0340276747489469,56
CRFB3,201710,-0.00678284616648123,59
CRIV3,201710,0.0122811532330465,52
CRIV4,201710,0.0153371376644047,51
CRPG5,201710,-0.147881470469865,48
CSAB4,201710,0.0409959203686818,7
CSAN3,201710,-0.00595552656505176,58
CSMG3,201710,-0.00117010863445812,60
CSNA3,201710,0.0183929148496998,60
CSRN3,201710,-0.0241596285732613,10
CSRN5,201710,-0.0252121889201318,12
CSRN6,201710,0.0295154981192068,8
CTAX3,201710,-0.0173076721327915,22
CTNM3,201710,0.0103822745110045,5
CTNM4,201710,0.011770889390863,52
CVCB3,201710,-0.00410356157940815,61
CYRE3,201710,0.0161438633015665,60
DIRR3,201710,0.0131520906136644,59
DMMO3,201710,-0.126297751609825,53
DOHL4,201710,-0.00259903894472248,21
DTEX3,201710,0.0167952944822975,60
ECOR3,201710,-0.000865519430670084,60
EEEL3,201710,-0.0436416517584251,9
EEEL4,201710,-0.0412015914955219,10
EGIE3,201710,-0.00532298458887981,58
ELET3,201710,-0.0105566475807451,61
ELET6,201710,-0.00355985046736064,60
ELPL4,201710,-0.0155426299532922,60
EMAE4,201710,0.00301304353202424,20
EMBR3,201710,0.0279264208924178,58
ENBR3,201710,-0.0041247618538979,58
ENEV3,201710,0.0109595860863117,57
ENGI11,201710,-0.0043256774832197,59
ENGI4,201710,0.00879503509583196,55
ENMT3,201710,0.00233608181039736,55
ENMT4,201710,0.00646242053420146,55
EQTL3,201710,-0.0130777844850634,60
ESTC3,201710,0.00155221001543105,61
ETER3,201710,0.0353413758863483,58
EUCA4,201710,-0.0103702282629534,58
EVEN3,201710,-0.00477248165460446,61
EZTC3,201710,-0.00957077458830449,60
FESA4,201710,0.0116654823768256,60
FHER3,201710,0.0306981175193814,31
FIBR3,201710,0.00450177361669444,58
FJTA4,201710,0.0187602037321546,51
FLRY3,201710,0.00599132075818145,58
FRAS3,201710,-0.00167092169580153,48
FRIO3,201710,-0.0226213919181501,7
GEPA3,201710,0.00644603393727222,33
GEPA4,201710,0.00987229448204225,33
GFSA3,201710,0.00336713439603302,59
GGBR3,201710,0.0166737939765924,53
GGBR4,201710,-0.000137393736359108,58
GOAU3,201710,0.00115998000592059,55
GOAU4,201710,0.00736488423637723,60
GOLL4,201710,0.0100966315756227,60
GPCP3,201710,0.00587833809434309,26
GRND3,201710,-0.0034543583715593,59
GSHP3,201710,0.0659233017618574,5
GUAR3,201710,0.01245262072186,58
GUAR4,201710,-0.00974143100123327,26
HBOR3,201710,0.0248476052085445,59
HGTX3,201710,-0.0124031545280325,61
HYPE3,201710,-0.015074745868481,59
IDNT3,201710,-0.00236533209636957,50
IGTA3,201710,-0.00705517376916647,61
INEP3,201710,-0.0154720124435779,56
INEP4,201710,0.0186455996687061,5
IRBR3,201710,-0.0069250748877749,58
ITSA3,201710,0.0224713294029858,59
ITSA4,201710,-0.00671482875296656,61
ITUB3,201710,0.00667985816628778,59
ITUB4,201710,0.00460452563124176,60
JBSS3,201710,-0.00461986692418663,59
JHSF3,201710,-0.0028161800151017,55
JOPA3,201710,0.0100444898715463,52
JSLG3,201710,-0.00775148349248586,57
KEPL3,201710,0.0200645621450649,50
KLBN11,201710,-0.0041367476477733,58
KROT3,201710,-0.00145003654072415,59
LAME3,201710,0.00445465298066934,58
LAME4,201710,0.000183052813883591,60
LCAM3,201710,0.0289458928187199,51
LEVE3,201710,-0.00438994684066752,60
LIGT3,201710,-0.000338538008257813,60
LINX3,201710,-0.000420133905287776,60
LLISE3,201710,0.0328058654991686,38
LOGN3,201710,0.0204704687626542,50
LPSB3,201710,0.0117765824925824,54
LREN3,201710,-0.00642557563481149,58
LUPA3,201710,-0.0152100024153324,5
MAGG3,201710,0.00560621707671721,60
MDIA3,201710,0.0106938885465436,57
MEAL3,201710,-0.00186679078723626,61
MGLU3,201710,0.00555014973204651,58
MILS3,201710,-0.00778630589649658,59
MLFT4,201710,0.0108031974927282,55
MNDL3,201710,0.0186902206175998,7
MOVI3,201710,-0.01166994909222,59
MPLU3,201710,-0.0153439410839505,59
MRFG3,201710,-0.00840707402535859,60
MRVE3,201710,-0.0119467012712555,60
MULT3,201710,-0.00979152777440017,59
MYPK3,201710,0.0142245554654054,60
NATU3,201710,-0.00951135219791456,59
ODPV3,201710,-0.00815511605175623,59
OFSA3,201710,0.00833677749418699,54
OGXP3,201710,-0.0144030854340795,33
OIBR3,201710,0.0131910495082939,58
OIBR4,201710,0.034631767042494,58
OMGE3,201710,-0.000926127084812415,57
PARD3,201710,-0.00953425994895701,60
PCAR4,201710,-0.00341315898084545,58
PDGR3,201710,0.00284784739549063,51
PETR3,201710,-0.00536554035080632,59
PETR4,201710,-0.0117807477943783,61
PFRM3,201710,0.0108447345494335,57
PLAS3,201710,0.0420836487173554,7
PMAM3,201710,0.00625505104421624,55
PNVL3,201710,0.0193740841787643,54
PNVL4,201710,0.0116746595362584,55
POMO3,201710,0.0103743296021503,52
POMO4,201710,-0.0148846405556933,60
POSI3,201710,0.0191846258809854,53
PPLA11,201710,-0.0263881742906848,51
PRIO3,201710,0.0302277520018753,55
PRML3,201710,0.0019120080405623,55
PSSA3,201710,0.0182246627051542,57
PTBL3,201710,-0.0311167201417371,56
QGEP3,201710,0.00487568743498258,60
QUAL3,201710,0.00148135254929742,58
RADL3,201710,0.0107217357758225,58
RAIL3,201710,-0.0107557994153403,59
RAPT3,201710,0.00984878328302818,53
RAPT4,201710,0.0164260945460042,59
RCSL4,201710,-0.0846414199077689,48
RDNI3,201710,-0.00797060525185994,52
REDE3,201710,0.00405191236272477,58
RENT3,201710,-0.000328439853207875,58
RLOG3,201710,-0.000514471955464919,57
RNEW11,201710,-0.0284864660500874,39
ROMI3,201710,0.0111525941177419,55
RPAD3,201710,0.00174122397212529,52
RPMG3,201710,0.038123101241909,7
RSID3,201710,0.00601151827339665,58
SANB11,201710,0.0140084935343436,57
SAPR3,201710,0.0288940304771976,56
SAPR4,201710,-0.00575242141544404,63
SBSP3,201710,-0.00677272680139085,61
SCAR3,201710,0.00131923569021118,58
SEDU3,201710,0.0225509241636879,56
SEER3,201710,0.00188401749616737,60
SGPS3,201710,0.0395895981811364,53
SHOW3,201710,-0.00705492094311872,55
SHUL4,201710,-0.00718174640341948,48
SLCE3,201710,0.0241409688014695,60
SLED4,201710,0.0223432983622168,58
SMLE3,201710,0.00569845700804722,15
SMLS3,201710,8.94195705636814e-05,60
SMTO3,201710,-0.00221783402761681,60
SNSL3,201710,0.0362301096370004,52
SSBR3,201710,0.0110523185096195,57
STBP3,201710,0.00252303926957611,58
SULA11,201710,0.00817642361764715,60
SUZB5,201710,-0.00880477045734782,59
TAEE11,201710,-0.001259855430806,60
TCSA3,201710,0.0464655715446454,59
TECN3,201710,0.0197850591949336,57
TEKA4,201710,0.0513884902252143,7
TEND3,201710,-0.00112016571520239,58
TESA3,201710,-0.00366631911038123,58
TGMA3,201710,-0.0067569830370243,60
TIET11,201710,-0.00994525990132953,60
TIET3,201710,-0.0498006125561578,29
TIET4,201710,-0.0643277613652355,29
TIMP3,201710,-0.0151736026219257,60
TOTS3,201710,0.00332914132368344,61
TOYB3,201710,0.033731997850522,7
TOYB4,201710,0.0409959203686818,7
TPIS3,201710,0.0223153808393909,49
TRIS3,201710,-0.002065873799557,54
TRPL4,201710,-0.00838240110659255,57
TUPY3,201710,-0.000425346077031366,63
UCAS3,201710,0.014380883182712,48
UGPA3,201710,-0.0109703337651402,58
UNIP3,201710,0.00132636748177545,53
UNIP6,201710,0.0406210222031413,54
USIM3,201710,0.0253761209016058,55
USIM5,201710,0.00180102740221743,60
VALE3,201710,0.000422957314020124,62
VALE5,201710,0.0105443981854168,57
VIVT3,201710,0.00656732880172189,55
VIVT4,201710,-0.00409854818072505,58
VLID3,201710,0.00543367884785557,61
VULC3,201710,-0.00558266552357572,59
VVAR11,201710,-0.00413524733416468,60
WEGE3,201710,0.00494987403832012,58
WIZS3,201710,-0.000770639715489945,60
WLMM4,201710,0.0886597824159496,6
AALR3,201711,-0.0342105082168046,60
ABCB4,201711,-0.0466003889231826,60
ABEV3,201711,-0.0167801195041532,58
AFLT3,201711,-0.0268237607391952,12
AGRO3,201711,-0.0363586052508346,52
ALPA3,201711,-0.0465241203885633,56
ALPA4,201711,-0.0360257706854859,61
ALSC3,201711,-0.0340948303466008,62
ALUP11,201711,-0.0528898096568106,61
ALUP3,201711,-0.0229649952246512,47
ALUP4,201711,-0.0323691730760423,47
AMAR3,201711,-0.0329796364857161,59
ANIM3,201711,-0.0442422691970819,58
ARZZ3,201711,-0.0239334467144242,61
AZUL4,201711,-0.0371742308727823,58
BBAS3,201711,-0.0302182633254258,62
BBDC3,201711,-0.0406364282839073,59
BBDC4,201711,-0.0341603706682416,61
BBRK3,201711,-0.046856892153417,58
BBSE3,201711,-0.0286888955601995,61
BBTG11,201711,-0.0083796771573552,34
BEEF3,201711,-0.0577623333676908,61
BMEB4,201711,-0.0481211328642636,23
BOBR4,201711,-0.047890259601425,52
BPAC11,201711,-0.00398699781853338,58
BPAN4,201711,-0.0465132337787877,37
BPHA3,201711,-0.0757691709170569,47
BRAP3,201711,-0.0317126888991111,57
BRAP4,201711,-0.0309360056534405,61
BRFS3,201711,-0.0354954359851159,59
BRGE3,201711,-0.00775543310801328,52
BRIN3,201711,0.00288098800457921,56
BRIV3,201711,-0.0444033562850912,54
BRKM3,201711,-0.0402217500055865,38
BRKM5,201711,-0.0318702322524869,60
BRML3,201711,-0.0331340174423076,61
BRPR3,201711,-0.0221136209471014,60
BRSR6,201711,-0.0287457332603828,61
BSEV3,201711,-0.0436978364481473,52
BTOW3,201711,-0.0188472795640527,61
BVMF3,201711,-0.0312615843754452,61
CAMB4,201711,-0.0257947076567654,55
CAML3,201711,-0.037904548094269,60
CARD3,201711,-0.0412492563649078,59
CCPR3,201711,-0.0232262550536781,52
CCRO3,201711,-0.0125104648817384,59
CEBR3,201711,-0.0398859709310867,30
CEBR5,201711,-0.0423962249525156,27
CEBR6,201711,-0.0455148291440031,31
CEEB3,201711,-0.031028447288843,10
CEEB5,201711,-0.0305743541510072,7
CEED3,201711,-0.0116503926711964,11
CEED4,201711,-0.0313756345653415,11
CELP3,201711,-0.0616955128182554,56
CELP5,201711,-0.0215879552432685,8
CEPE3,201711,-0.0268734779859504,12
CEPE5,201711,-0.0269873125201673,13
CEPE6,201711,-0.0541188317864094,9
CESP3,201711,-0.0457612564019569,53
CESP6,201711,-0.0386665411965131,61
CGAS3,201711,-0.0699186338055243,57
CGAS5,201711,-0.0561571405437645,60
CGRA3,201711,-0.0193456143030568,6
CGRA4,201711,-0.0255982361544149,60
CIEL3,201711,-0.0259901541066674,61
CLSC3,201711,-0.0742509415043669,7
CLSC4,201711,-0.0415972499522533,54
CMIG3,201711,-0.00103833053763565,53
CMIG4,201711,-0.025385265755768,61
COCE5,201711,-0.0292082820085973,54
CPFE3,201711,-0.0362675117381784,61
CPLE3,201711,-0.0131329919885188,57
CPLE6,201711,-0.0326138932768856,61
CPRE3,201711,-0.0255586270302327,57
CRDE3,201711,-0.0534027753371962,57
CRFB3,201711,-0.0312784421446355,58
CRIV3,201711,-0.0261987506134308,52
CRIV4,201711,-0.0445732746925102,50
CRPG5,201711,-0.0923984683410434,47
CSAB4,201711,-0.0267525598821313,8
CSAN3,201711,-0.0334273456058314,59
CSMG3,201711,-0.0454892018589246,61
CSNA3,201711,-0.0257661969436549,61
CSRN3,201711,-0.0194606633339754,12
CSRN5,201711,-0.025897035675455,15
CSRN6,201711,-0.0267525598821313,8
CTAX3,201711,-0.0619297136408585,49
CTNM3,201711,-0.0338958392057834,5
CTNM4,201711,-0.0331631572424919,53
CVCB3,201711,-0.0229777993270568,63
CYRE3,201711,-0.042695143040457,61
DIRR3,201711,-0.0251505411659521,60
DMMO3,201711,-0.0972471400028919,47
DOHL4,201711,-0.0532770257070814,21
DTEX3,201711,-0.0333996108901503,59
ECOR3,201711,-0.0281270128695782,61
EEEL3,201711,-0.0421956309975658,11
EEEL4,201711,-0.0313756345653415,11
EGIE3,201711,-0.0285646748076092,59
ELET3,201711,-0.0321722663035291,62
ELET6,201711,-0.0295508371869756,62
ELPL3,201711,-0.0369364629476229,61
EMAE4,201711,-0.0954546561079048,13
EMBR3,201711,-0.0267958150985639,59
ENBR3,201711,-0.0400420056372578,59
ENEV3,201711,-0.0116052239703896,58
ENGI11,201711,-0.0478198334193586,60
ENGI4,201711,-0.0450935881917403,56
ENMT3,201711,-0.0520145209827282,56
ENMT4,201711,-0.0520860919562528,56
EQTL3,201711,-0.041313487957733,61
ESTC3,201711,-0.0323233533507636,62
ETER3,201711,-0.0464596109922994,60
EUCA4,201711,-0.0388004142205074,59
EVEN3,201711,-0.0472031830957275,62
EZTC3,201711,-0.0387279782720978,61
FESA4,201711,-0.039528311753191,62
FHER3,201711,0.00252458084322025,33
FIBR3,201711,-0.033242597591178,60
FJTA4,201711,-0.0373107364686687,50
FLRY3,201711,-0.0292770923765169,59
FRAS3,201711,-0.067461561805454,47
FRIO3,201711,0.000428799100915377,7
GEPA3,201711,-0.0256121096762953,34
GEPA4,201711,-0.0214933224417367,34
GFSA3,201711,-0.00890548374631846,60
GGBR3,201711,-0.0216923461135891,54
GGBR4,201711,-0.0416810808065057,59
GOAU3,201711,-0.0309879932031372,56
GOAU4,201711,-0.0439341014450018,61
GOLL4,201711,-0.0476777399381864,61
GPCP3,201711,-0.0587208414803647,26
GRND3,201711,-0.0394245638773551,59
GSHP3,201711,-0.0208710031700157,5
GUAR3,201711,-0.0471628041637837,59
GUAR4,201711,-0.0395984701700692,55
HBOR3,201711,-0.024157982388786,60
HGTX3,201711,-0.0300021990150818,62
HYPE3,201711,-0.0342353360777954,60
IDNT3,201711,-0.0186391366337111,55
IGTA3,201711,-0.0295577549604654,62
INEP3,201711,0.0138404843523096,57
INEP4,201711,-0.006874213686529,5
IRBR3,201711,-0.0380101438803156,58
ITSA3,201711,-0.0388203265988349,61
ITSA4,201711,-0.0390194110227741,62
ITUB3,201711,-0.0460983572389682,60
ITUB4,201711,-0.0313443414479046,61
JBSS3,201711,-0.0257946915941226,61
JHSF3,201711,-0.022037986918894,59
JOPA3,201711,-0.0272741627128721,52
JSLG3,201711,-0.0633954015118807,58
KEPL3,201711,-0.0577805727566221,47
KLBN11,201711,-0.0345790128453144,59
KROT3,201711,-0.0271554224703941,59
LAME3,201711,-0.032584867112619,60
LAME4,201711,-0.0475369232407997,61
LCAM3,201711,-0.0993829227931455,52
LEVE3,201711,-0.0386860393712852,61
LIGT3,201711,-0.0265512240687659,61
LINX3,201711,-0.0219124001128773,61
LLIS3,201711,-0.03894813297338,56
LLISE3,201711,-0.041009658558201,38
LOGN3,201711,-0.0343604227349253,57
LPSB3,201711,-0.0700124762996764,55
LREN3,201711,-0.0247627165906437,59
LUPA3,201711,-0.0381709847544432,5
MAGG3,201711,-0.00885448959844265,61
MDIA3,201711,-0.0109250519231886,58
MEAL3,201711,-0.0181762312285645,61
MGEL4,201711,-0.0747404080195258,33
MGLU3,201711,-0.036173804317169,60
MILS3,201711,-0.0420772981452417,60
MLFT4,201711,-0.0327525730485449,57
MNDL3,201711,-0.0562079906613954,7
MOVI3,201711,-0.047656569395049,57
MPLU3,201711,-0.0370707126814154,61
MRFG3,201711,-0.029892815432491,61
MRVE3,201711,-0.0359234109233559,61
MULT3,201711,-0.0229747879730217,60
MYPK3,201711,-0.0353616130456205,61
NATU3,201711,-0.0338674168641259,60
ODPV3,201711,-0.01764796224834,60
OFSA3,201711,-0.0327835252598522,55
OGXP3,201711,-0.0275562050498636,51
OIBR3,201711,-0.0439518286778521,59
OIBR4,201711,-0.03096061577005,59
OMGE3,201711,-0.0378891428530952,58
PARD3,201711,-0.0330430634651257,60
PCAR4,201711,-0.0330613629672016,59
PDGR3,201711,-0.0577945260658734,28
PETR3,201711,-0.0264739425258568,60
PETR4,201711,-0.0323154033112841,63
PFRM3,201711,-0.0456795809650533,58
PLAS3,201711,-0.0371103068831317,7
PMAM3,201711,-0.0386702325107387,56
PNVL3,201711,-0.0224925291434528,54
PNVL4,201711,-0.0293607931081459,57
POMO3,201711,-0.0507651176452675,52
POMO4,201711,-0.0343020794984429,59
POSI3,201711,-0.0429970235878809,59
PPLA11,201711,-0.0413472381624502,49
PRIO3,201711,-0.0411828337449878,58
PRML3,201711,-0.0393008517210582,59
PSSA3,201711,-0.00416983052609426,58
PTBL3,201711,-0.0340531780960648,57
QGEP3,201711,-0.0361796750984735,61
QUAL3,201711,-0.0429620607651172,59
RADL3,201711,-0.0297669919504425,59
RAIL3,201711,-0.0348949844479597,60
RAPT3,201711,-0.0211028812300474,53
RAPT4,201711,-0.0342714408185651,58
RDNI3,201711,-0.0326122176996289,52
REDE3,201711,-0.0501314017731852,60
RENT3,201711,-0.037229564288739,59
RLOG3,201711,-0.0507307032463036,58
RNEW11,201711,-0.0278156731266284,39
ROMI3,201711,-0.053201449721221,57
RPAD3,201711,-0.0126009983783957,52
RPMG3,201711,-0.0292152458419621,7
RSID3,201711,-0.0455932030304795,57
SANB11,201711,-0.0465114133832072,59
SAPR11,201711,-0.0338301064418223,64
SAPR3,201711,-0.0424138947216421,51
SAPR4,201711,-0.0504782494687184,58
SBSP3,201711,-0.0316628077110088,62
SCAR3,201711,-0.0236458764769221,55
SEDU3,201711,-0.041771253468748,57
SEER3,201711,-0.0474316564335928,61
SGPS3,201711,-0.021612365517957,55
SHOW3,201711,-0.0420771004701785,56
SHUL4,201711,-0.0822789515943722,47
SLCE3,201711,-0.0311908271256959,60
SLED4,201711,-0.0389161117661044,59
SMLE3,201711,-0.0683209777467222,42
SMLS3,201711,-0.0333323439976534,61
SMTO3,201711,-0.0437571647565657,61
SNSL3,201711,-0.0279120967168085,54
SSBR3,201711,-0.0288971473637207,58
STBP3,201711,-0.0397326007290565,60
SULA11,201711,-0.00794860741588965,61
SUZB3,201711,-0.0224637318048987,60
TAEE11,201711,-0.0102180827490235,61
TCSA3,201711,-0.0212883664393948,60
TECN3,201711,-0.0270049925835549,58
TEKA4,201711,-0.0214168452174283,7
TEND3,201711,-0.0283227718175505,59
TESA3,201711,-0.0454863099482336,59
TGMA3,201711,-0.0276198254638826,60
TIET11,201711,-0.0396347608035247,57
TIET3,201711,-0.0193420402516261,28
TIET4,201711,-0.0149454580979884,28
TIMP3,201711,-0.0259719893229646,61
TOTS3,201711,-0.00481763566507758,59
TOYB3,201711,-0.0231985777534917,7
TOYB4,201711,-0.0167259576495495,7
TPIS3,201711,-0.0503993606836517,51
TRIS3,201711,-0.0604202001710409,55
TRPL4,201711,-0.022648543823928,59
TUPY3,201711,-0.0445124975089611,64
UCAS3,201711,-0.0482337485464973,49
UGPA3,201711,-0.030833678192349,59
UNIP3,201711,-0.0503872817320137,54
UNIP6,201711,-0.0647197070278039,54
USIM3,201711,-0.0251127215552411,57
USIM5,201711,-0.0169588989483466,61
VALE3,201711,-0.0271406611233602,64
VALE5,201711,-0.0455690582108854,5
VIVT3,201711,-0.038433526829735,57
VIVT4,201711,-0.0344117455023507,59
VLID3,201711,-0.0327226340502053,61
VULC3,201711,-0.0424034586578879,60
VVAR11,201711,-0.0282271119295216,61
VVAR3,201711,-0.0254311904746568,43
VVAR4,201711,-0.0223376533293981,43
WEGE3,201711,-0.0264002479324734,59
WIZS3,201711,-0.0365592368446587,61
WLMM4,201711,-0.0265708942198717,6
AALR3,201712,0.0533338330839346,57
ABCB4,201712,0.056844032219929,59
ABEV3,201712,0.0654141830914897,58
AFLT3,201712,-0.0189976431424641,9
AGRO3,201712,0.0714569585938248,50
ALPA3,201712,0.0532205204859266,56
ALPA4,201712,0.0630881314977793,60
ALSC3,201712,0.0446383752692367,61
ALUP11,201712,0.0663581931416335,61
ALUP3,201712,0.0562280601860195,43
ALUP4,201712,0.0781094175980089,33
AMAR3,201712,0.0598557623882392,60
ANIM3,201712,0.0715292934371855,60
ARZZ3,201712,0.0678713383280232,60
AZUL4,201712,0.0579220260589554,57
BBAS3,201712,0.0628624249811664,61
BBDC3,201712,0.06626453940538,58
BBDC4,201712,0.0682800369063818,60
BBRK3,201712,0.0545513766212357,58
BBSE3,201712,0.0560591450716851,59
BBTG11,201712,0.0578232434715485,25
BEEF3,201712,0.0787251274565567,59
BKBR3,201712,0.050807085581202,56
BMEB4,201712,0.0470804185542303,25
BOBR4,201712,0.050372029366034,50
BPAC11,201712,0.0477734710467459,58
BPAN4,201712,0.0529717249371299,25
BPHA3,201712,0.0214294555530971,44
BRAP3,201712,0.0262939946977726,56
BRAP4,201712,0.0371703032900135,60
BRDT3,201712,0.0603893523981717,59
BRFS3,201712,0.0668763564659887,59
BRGE3,201712,0.0233647655516603,51
BRIN3,201712,0.0502038052656836,55
BRIV3,201712,0.0457347895454233,54
BRKM3,201712,0.0500373452282586,37
BRKM5,201712,0.0704308033656967,59
BRML3,201712,0.0585476050217874,59
BRPR3,201712,0.0575169943854808,59
BRSR6,201712,0.0626262161813985,61
BSEV3,201712,0.0437061705343686,50
BTOW3,201712,0.0618179532062903,61
BVMF3,201712,0.0719749728659672,60
CAMB4,201712,0.024670438726504,53
CAML3,201712,0.0678097000975205,59
CARD3,201712,0.0155466740012328,58
CCPR3,201712,0.0170233471477504,51
CCRO3,201712,0.0569062722037218,59
CEBR3,201712,0.0635177175228282,31
CEBR5,201712,0.0480844067217351,29
CEBR6,201712,0.0571710177374423,32
CEEB3,201712,0.00471400321017687,14
CEEB5,201712,-0.0887032162261798,8
CEED3,201712,0.0226780324821835,10
CEED4,201712,0.0384075735595567,10
CELP3,201712,0.0341964251934109,55
CEPE3,201712,0.0320150688668326,11
CEPE5,201712,0.0676074250436734,46
CEPE6,201712,0.0641746887312502,9
CESP3,201712,0.0511391761290846,52
CESP6,201712,0.0593897050720197,61
CGAS3,201712,0.06349492816154,56
CGAS5,201712,0.0590948969886134,59
CGRA3,201712,0.0786965817458482,5
CGRA4,201712,0.055444434925748,59
CIEL3,201712,0.0577995539874647,60
CLSC3,201712,0.0384272610073459,8
CLSC4,201712,-0.0224999373884386,54
CMIG3,201712,0.0541454232463175,56
CMIG4,201712,0.0519467357706823,61
COCE5,201712,0.0459117187190993,53
CPFE3,201712,0.0613681307188163,58
CPLE3,201712,0.0560969041436582,55
CPLE6,201712,0.0575685664282435,61
CPRE3,201712,0.0537296152746268,57
CRDE3,201712,0.0379405491103688,57
CRFB3,201712,0.0641129235505549,59
CRIV3,201712,0.0240686125997083,51
CRIV4,201712,-0.000256383230116926,48
CSAB4,201712,-0.0919395836159141,7
CSAN3,201712,0.0562980913558877,58
CSMG3,201712,0.0622776771765572,60
CSNA3,201712,0.0625311572789733,60
CSRN3,201712,-0.0020683157085138,11
CSRN5,201712,0.00390546149631569,11
CSRN6,201712,-0.0902397259300282,8
CTAX3,201712,0.0028768202052752,46
CTNM3,201712,0.0614693131108515,6
CTNM4,201712,0.023133218771018,52
CVCB3,201712,0.0582477881600068,61
CYRE3,201712,0.0732679694638796,60
DIRR3,201712,0.0640162953708351,59
DOHL4,201712,0.0739158122434271,22
DTEX3,201712,0.0711958332233103,59
ECOR3,201712,0.0677463769966653,60
EEEL3,201712,0.0384075735595567,10
EEEL4,201712,0.0320150688668326,11
EGIE3,201712,0.04119709018558,58
ELET3,201712,0.0706473091495927,60
ELET6,201712,0.0661621594748123,60
ELPL3,201712,0.0598508215456827,59
EMAE4,201712,0.0866061188483854,11
EMBR3,201712,0.0497837241179346,59
ENBR3,201712,0.0628440560500606,60
ENEV3,201712,0.0583491097852111,58
ENGI11,201712,0.0604494691225102,60
ENGI4,201712,0.0473099296953404,56
EQTL3,201712,0.0656155499820616,60
ESTC3,201712,0.0608383958225444,59
ETER3,201712,0.0275738500607419,59
EUCA4,201712,0.063942643912538,59
EVEN3,201712,0.0699293177322807,61
EZTC3,201712,0.0597347822090246,60
FESA4,201712,-0.000468159067406903,61
FHER3,201712,0.0223239280674319,5
FIBR3,201712,0.0553762295309426,59
FJTA4,201712,0.00330729181995166,48
FLRY3,201712,0.0491296965497823,58
FRAS3,201712,0.0176857922699405,45
FRIO3,201712,-0.0902397259300282,8
GEPA3,201712,0.0376962497596055,32
GEPA4,201712,0.0441872508081215,32
GFSA3,201712,0.0581668267462802,58
GGBR3,201712,0.0217519351453322,41
GGBR4,201712,0.0743814103963718,59
GOAU3,201712,0.0552887157258416,56
GOAU4,201712,0.0834669143284231,61
GOLL4,201712,0.0966532823181434,60
GPCP3,201712,0.0376844376826617,26
GRND3,201712,0.0469127261259908,58
GSHP3,201712,0.0168071772374893,6
GUAR3,201712,0.0566770535100186,60
GUAR4,201712,0.0554073836725535,56
HBOR3,201712,0.0309186660164203,59
HGTX3,201712,0.0653154013453734,61
HYPE3,201712,0.0618950207512879,59
IDNT3,201712,0.06053108141934,54
IGTA3,201712,0.0519504345242861,61
INEP3,201712,0.0481104983675614,56
INEP4,201712,0.0532016043433411,6
IRBR3,201712,0.0519055435818626,58
ITSA3,201712,0.0337537482457874,60
ITSA4,201712,0.0654573453791032,60
ITUB3,201712,0.0467361029587994,60
ITUB4,201712,0.066371234033369,60
JBSS3,201712,0.0445026925808338,59
JHSF3,201712,0.0703908849508644,57
JOPA3,201712,0.0238223012199826,51
JSLG3,201712,0.0287420474754714,57
KEPL3,201712,-0.0737779968382709,44
KLBN11,201712,0.0637303513541661,58
KROT3,201712,0.0671249991789468,58
LAME3,201712,0.0544932432301723,59
LAME4,201712,0.0564175460891082,60
LCAM3,201712,0.074413580352464,51
LEVE3,201712,0.0539864621346757,60
LIGT3,201712,0.0562138063920998,61
LINX3,201712,0.0682984860793146,60
LLIS3,201712,0.0386159526785897,50
LLISE3,201712,0.0720587630630596,37
LOGN3,201712,0.0524867815299802,55
LPSB3,201712,0.0483520097684461,54
LREN3,201712,0.0698338057316311,59
LUPA3,201712,0.0451932453726757,5
MAGG3,201712,0.0586570599231441,60
MDIA3,201712,0.0537997800294966,58
MEAL3,201712,0.0537115134026437,60
MGLU3,201712,0.0707025543869431,59
MILS3,201712,0.0545441224869234,59
MLFT4,201712,0.0647869593637772,56
MNDL3,201712,-0.0854446760929148,8
MOVI3,201712,0.0280804359218602,58
MPLU3,201712,0.0653173180555789,59
MRFG3,201712,0.0731682040356362,60
MRVE3,201712,0.0745719692020704,60
MULT3,201712,0.069388782589654,59
MYPK3,201712,0.0613316202474159,60
NATU3,201712,0.0579998363866989,59
ODPV3,201712,0.0571940117069498,60
OFSA3,201712,0.0377574356360729,55
OGXP3,201712,0.0758580346365699,50
OIBR3,201712,0.0773232988436805,60
OIBR4,201712,0.0420851753339696,58
OMGE3,201712,0.0564686762353312,58
PARD3,201712,0.0629164664830511,58
PCAR4,201712,0.0630196531003336,58
PDGR3,201712,0.0485469875212684,25
PETR3,201712,0.0734510271325517,59
PETR4,201712,0.0634430843236245,61
PFRM3,201712,0.0746195391963789,57
PINE4,201712,0.0450293244062403,51
PLAS3,201712,-0.0769844682634479,8
PMAM3,201712,0.0629068921526612,55
PNVL3,201712,0.0323421353520119,52
PNVL4,201712,0.0417281211753601,56
POMO3,201712,0.105966608722855,51
POMO4,201712,0.0661881366683062,57
POSI3,201712,0.0398766948194995,57
PPLA11,201712,0.0443758804238372,47
PRIO3,201712,-0.00328276919519144,37
PRML3,201712,0.0276079478555879,52
PSSA3,201712,0.0375989355520671,57
PTBL3,201712,0.0451337819518167,58
QGEP3,201712,0.0542615028252687,60
QUAL3,201712,0.059937895397634,60
RADL3,201712,0.0598024079034341,58
RAIL3,201712,0.0642583017539387,59
RAPT3,201712,0.0238540608449954,53
RAPT4,201712,0.0700590400473281,60
RDNI3,201712,0.0501055896815363,52
REDE3,201712,0.0542057870875338,59
RENT3,201712,0.0748283488676882,59
RLOG3,201712,0.0278361650851252,57
RNEW11,201712,0.0219115226831254,44
RNEW3,201712,-0.0747692551039531,34
RNEW4,201712,-0.0543174073883086,34
ROMI3,201712,0.0440404208627,55
RPAD3,201712,0.0190118676621251,51
RPMG3,201712,-0.0690927598741845,8
RSID3,201712,0.0489666023446738,58
SANB11,201712,0.0751471144111777,58
SAPR11,201712,0.0550389212347014,64
SAPR3,201712,0.0793493326756008,50
SAPR4,201712,0.0740671249850408,56
SBSP3,201712,0.0689497970664886,61
SCAR3,201712,0.0474569271035311,55
SEDU3,201712,0.0346985360902098,53
SEER3,201712,0.067150088330317,60
SGPS3,201712,0.0467125960564256,53
SHOW3,201712,0.0549744223963165,55
SHUL4,201712,-0.0640853634982001,44
SLCE3,201712,0.0466045708600248,59
SLED4,201712,0.00466845492734475,58
SMLE3,201712,0.0422940371367401,46
SMLS3,201712,0.0687701957346872,58
SMTO3,201712,0.0686903208985178,61
SSBR3,201712,0.0632743997629686,57
STBP3,201712,0.0603755144181473,60
SULA11,201712,0.0599801524546732,59
SUZB3,201712,0.0594648510104349,59
TAEE11,201712,0.0531614600415711,60
TCSA3,201712,0.074044180667482,60
TECN3,201712,0.0354844322265176,57
TEKA4,201712,-0.0844223944202211,8
TEND3,201712,0.0558878484785662,60
TESA3,201712,0.0622826912226992,57
TGMA3,201712,0.0591664861551107,60
TIET11,201712,0.064031046143499,59
TIET3,201712,0.0162870220870457,28
TIET4,201712,0.0208599636814173,28
TIMP3,201712,0.060921982786247,60
TOTS3,201712,0.0739801359880576,58
TOYB3,201712,-0.0564682592061225,8
TOYB4,201712,-0.0661043461696826,8
TPIS3,201712,0.0288139840144496,51
TRIS3,201712,0.061169819123283,54
TRPL4,201712,0.0499226370085346,59
TUPY3,201712,0.0425924393193263,63
UCAS3,201712,0.0306422709108107,49
UGPA3,201712,0.0675405055477418,58
UNIP3,201712,0.0232845333908303,53
UNIP6,201712,0.079942309320426,52
USIM3,201712,0.0369414026629749,56
USIM5,201712,0.0654158545735332,60
VALE3,201712,0.0630160245524356,62
VALE5,201712,0.0710889218980056,43
VIVT3,201712,0.0445321752685591,56
VIVT4,201712,0.0675095527452032,58
VLID3,201712,0.0481355923249057,60
VULC3,201712,0.0535441964442985,60
VVAR11,201712,0.0568976682399856,58
VVAR3,201712,0.0208120201790815,40
VVAR4,201712,0.0100063611039878,40
WEGE3,201712,0.0492288635577859,58
WIZS3,201712,0.0553870941994701,57
AALR3,201801,0.0507010723106284,62
ABCB4,201801,0.0601843541890951,61
ABEV3,201801,0.0806737828485598,60
AFLT3,201801,0.0392910075106635,15
AGRO3,201801,0.0730251554991324,51
ALPA3,201801,0.0463708384618252,57
ALPA4,201801,0.0503813221639809,62
ALSC3,201801,0.0651250478120482,62
ALUP11,201801,0.0402212116877001,62
ALUP3,201801,0.0190888407753551,43
ALUP4,201801,0.057505613390427,34
AMAR3,201801,0.0378186146605069,61
ANIM3,201801,0.0645730401092947,62
ARZZ3,201801,0.0657060328933423,61
ATOM3,201801,-0.0137597770829012,47
AZUL4,201801,0.0708355288072066,61
BBAS3,201801,0.0738500916757217,63
BBDC3,201801,0.0441833918535665,61
BBDC4,201801,0.0589468442205324,63
BBRK3,201801,0.048804494968763,60
BBSE3,201801,0.0710583823782961,62
BEEF3,201801,0.0483567356860567,61
BKBR3,201801,0.0745506231497407,59
BMEB4,201801,0.0741049665851343,24
BOBR4,201801,0.0794076912217373,51
BPAC11,201801,0.0578934625558758,58
BPAN4,201801,0.0785409725024301,51
BPHA3,201801,0.0282444621831976,47
BRAP3,201801,0.0845189444750269,58
BRAP4,201801,0.0703868486230328,62
BRDT3,201801,0.081257510013696,60
BRFS3,201801,0.0517632070152411,62
BRGE3,201801,0.14062331792159,53
BRIN3,201801,0.0415696181014692,56
BRIV3,201801,0.0918306459687803,55
BRKM3,201801,0.0409352870643994,38
BRKM5,201801,0.0794701713653057,62
BRML3,201801,0.0470189001384288,62
BRPR3,201801,0.0720549476339795,60
BRSR6,201801,0.0572995596191497,62
BSEV3,201801,0.0753287434724175,51
BTOW3,201801,0.0786850337995415,62
BVMF3,201801,0.0684978301082784,63
CAMB4,201801,0.0826133219219943,55
CAML3,201801,0.0465567522642857,61
CARD3,201801,0.0163485583081753,59
CCPR3,201801,0.120868761167059,53
CCRO3,201801,0.0759641518215113,61
CEBR3,201801,0.0709240191838656,32
CEBR5,201801,0.0769473299287426,28
CEBR6,201801,0.0676656056625074,32
CEEB3,201801,0.0627113631013114,15
CEEB5,201801,-0.0220999738337062,8
CEED3,201801,0.06244134027243,11
CEED4,201801,0.105692350935472,11
CELP3,201801,0.0852373329342857,56
CEPE3,201801,0.0820721204618786,12
CEPE5,201801,0.070459862711046,45
CEPE6,201801,0.0124544137866756,9
CESP3,201801,0.0639282068808806,53
CESP6,201801,0.0571039959810654,62
CGAS3,201801,0.0162670926335832,54
CGAS5,201801,0.0502240651570941,61
CGRA3,201801,0.0738495770824867,21
CGRA4,201801,0.0747116917283978,61
CIEL3,201801,0.0815091159054193,62
CLSC3,201801,0.0386833630484387,7
CLSC4,201801,0.0137041191596494,59
CMIG3,201801,0.0641571218079698,59
CMIG4,201801,0.0724962910895771,63
COCE5,201801,0.0658049233125026,55
CPFE3,201801,0.061756635242003,61
CPLE3,201801,0.0600736051700809,57
CPLE6,201801,0.0611953707705027,63
CPRE3,201801,0.0695597947857834,58
CRDE3,201801,0.0833990839888512,58
CREM3,201801,0.0487893950250709,10
CRFB3,201801,0.0670608228127179,61
CRIV3,201801,0.140561043717541,53
CRIV4,201801,0.00672047584769704,51
CRPG5,201801,-0.0764825332772859,47
CSAB4,201801,-0.0231420899980123,8
CSAN3,201801,0.0461839842221414,61
CSMG3,201801,0.0664505813668706,62
CSNA3,201801,0.0839040444535971,62
CSRN3,201801,0.0742701540225394,12
CSRN5,201801,0.0746788281150992,11
CSRN6,201801,-0.0214534176090987,8
CTAX3,201801,-0.00836473012385071,50
CTNM3,201801,0.00419011797223013,6
CTNM4,201801,0.0780580860053985,53
CVCB3,201801,0.0788615588858154,63
CYRE3,201801,0.0684822257695074,63
DIRR3,201801,0.0617370331250768,61
DMMO3,201801,-0.022992912349328,48
DOHL4,201801,0.0655684101409832,22
DTEX3,201801,0.0772734011092918,61
ECOR3,201801,0.0628538651391268,63
EEEL3,201801,0.115807307938666,11
EEEL4,201801,0.0307700723391185,11
EGIE3,201801,0.0544109640880098,61
ELET3,201801,0.0532368099300223,62
ELET6,201801,0.0564346226681705,62
ELPL3,201801,0.0691680668341585,61
EMAE4,201801,0.0584725608068538,11
EMBR3,201801,0.0946391079036572,61
ENBR3,201801,0.054944056872035,63
ENEV3,201801,0.062640897972201,58
ENGI11,201801,0.0461621436543205,62
ENGI3,201801,0.133279881421144,45
ENGI4,201801,0.0410104586098338,57
ENMT3,201801,0.0186511826544912,41
ENMT4,201801,0.0186511826544912,41
EQTL3,201801,0.0584217196442029,63
ESTC3,201801,0.0762905916873781,62
ETER3,201801,0.0636394857178369,61
EUCA4,201801,0.0494909919480452,62
EVEN3,201801,0.044237599338739,62
EZTC3,201801,0.0748823833879545,62
FESA4,201801,0.0411530188121553,59
FHER3,201801,-0.0904454513271975,12
FIBR3,201801,0.0826516448581229,61
FJTA4,201801,0.0147328423697724,51
FLRY3,201801,0.0624940675569708,61
FRAS3,201801,0.0470637043724572,48
FRIO3,201801,-0.0217428341554777,8
GEPA3,201801,0.0488473326117813,33
GEPA4,201801,0.0345203370100562,33
GFSA3,201801,0.0540658736550687,59
GGBR3,201801,0.056330044556387,41
GGBR4,201801,0.0781645033730438,61
GOAU3,201801,0.0757672686158056,56
GOAU4,201801,0.0693140223498171,62
GOLL4,201801,0.07837388726629,61
GPCP3,201801,0.0774587673444922,26
GRND3,201801,0.0647952548299647,62
GSHP3,201801,0.00301256266377397,5
GUAR3,201801,0.0619119197325434,61
GUAR4,201801,0.0784653626330657,56
HBOR3,201801,0.0634487837759454,60
HGTX3,201801,0.0524376624466081,62
HYPE3,201801,0.0683132657990655,62
IDNT3,201801,0.0640054892407148,51
IGTA3,201801,0.0621708231489079,63
IMCH3,201801,0.107599102647678,22
INEP3,201801,0.0451093187709497,57
INEP4,201801,0.0132813364703605,5
IRBR3,201801,0.0701857476591514,60
ITSA3,201801,0.0574139831304834,60
ITSA4,201801,0.0773785687717564,62
ITUB3,201801,0.0703304261536104,62
ITUB4,201801,0.0767345651454911,62
JBSS3,201801,0.0704431385539167,62
JHSF3,201801,0.0479352638174907,59
JOPA3,201801,0.141346143504304,53
JSLG3,201801,0.0631913119183126,59
KEPL3,201801,0.0962304736725481,21
KLBN11,201801,0.0724140540773583,62
KLBN4,201801,0.0524152636497383,32
KROT3,201801,0.0854985923653434,61
LAME3,201801,0.0610515708587151,62
LAME4,201801,0.0699942423722862,63
LCAM3,201801,0.04201840653892,58
LEVE3,201801,0.0519764943871875,62
LIGT3,201801,0.0653753366577592,62
LINX3,201801,0.0790301492482662,61
LLIS3,201801,0.123877715529651,52
LLISE3,201801,0.0760250010919301,38
LOGN3,201801,0.0366774356431573,60
LPSB3,201801,0.0429658822734109,55
LREN3,201801,0.0825660268419706,61
LUPA3,201801,0.1374525664717,6
MAGG3,201801,0.0538724473695817,61
MDIA3,201801,0.0581491304859533,60
MEAL3,201801,0.0682021376591008,61
MGLU3,201801,0.101251253398761,62
MILS3,201801,0.0273971255094223,60
MLFT4,201801,0.0746082079396348,58
MNDL3,201801,-0.0231420899980123,8
MOVI3,201801,0.0443474432401942,59
MPLU3,201801,0.0500161513995508,61
MRFG3,201801,0.0495319544731547,63
MRVE3,201801,0.0707092893568861,63
MULT3,201801,0.0732764344353546,61
MYPK3,201801,0.0909267203477408,62
NATU3,201801,0.0436198812449133,62
ODPV3,201801,0.0569438894056251,61
OFSA3,201801,0.0587349441460513,55
OGXP3,201801,0.0266100087842605,25
OIBR3,201801,0.0875008068016357,61
OIBR4,201801,0.0852946170992215,60
OMGE3,201801,0.0536352659192242,59
PARD3,201801,0.0589584042961005,61
PCAR4,201801,0.0642228894073443,61
PDGR3,201801,0.0768820324839999,51
PETR3,201801,0.0829322159861606,62
PETR4,201801,0.0753630112004498,64
PFRM3,201801,0.0784335186186619,57
PINE4,201801,0.051563576786028,51
PLAS3,201801,-0.0214534176090988,8
PMAM3,201801,0.0619149978867841,56
PNVL3,201801,0.065726193069445,53
PNVL4,201801,0.0689469437746824,58
POMO3,201801,0.0559666225959893,50
POMO4,201801,0.0619864884098127,59
POSI3,201801,0.0505460059175033,55
PPLA11,201801,0.0665566745736051,48
PRIO3,201801,0.0759680564017386,56
PRML3,201801,0.0651342348894288,52
PSSA3,201801,0.0789958646406047,59
PTBL3,201801,0.0415921140334262,56
QGEP3,201801,0.0642895344122877,62
QUAL3,201801,0.0747112508304348,63
RADL3,201801,0.0961615353357836,61
RAIL3,201801,0.0649088942198977,62
RAPT3,201801,0.126432823785168,54
RAPT4,201801,0.0839685558500537,64
RCSL4,201801,-0.00623626256087046,47
RDNI3,201801,0.0522213937037954,53
REDE3,201801,-0.0509793099890508,8
RENT3,201801,0.0695327082144082,61
RLOG3,201801,0.0343946543485799,61
RNEW11,201801,0.00608125581926179,39
ROMI3,201801,0.062679893293197,57
RPAD3,201801,0.141346143504304,53
RPMG3,201801,-0.0203594654130336,8
RSID3,201801,0.0692231989804311,57
SANB11,201801,0.0960585733585704,60
SAPR11,201801,0.0558084922417427,65
SAPR3,201801,0.0600595733502954,53
SAPR4,201801,0.0781784329348023,59
SBSP3,201801,0.0711859348707032,64
SCAR3,201801,0.0613097866435154,59
SEDU3,201801,0.113333578914416,58
SEER3,201801,0.0608574005870779,62
SGPS3,201801,0.0941187574467908,55
SHOW3,201801,0.0569387043124625,56
SHUL4,201801,-0.0640553324039195,47
SLCE3,201801,0.0778202895076164,61
SLED4,201801,0.0593031249645749,60
SMLE3,201801,0.095836280539598,43
SMLS3,201801,0.0933465310835718,61
SMTO3,201801,0.063197579206624,63
SNSL3,201801,0.0720169449845244,55
SSBR3,201801,0.063658522623253,59
STBP3,201801,0.0933340523906142,62
SULA11,201801,0.0480594484741247,62
SUZB3,201801,0.0659953896721832,62
TAEE11,201801,0.0606852331370722,63
TCSA3,201801,0.0674314944070667,61
TECN3,201801,0.0626912919059912,58
TEKA4,201801,-0.021213445653172,8
TEND3,201801,0.060650522296307,62
TESA3,201801,0.104024373847276,58
TGMA3,201801,0.0568770134776812,60
TIET11,201801,0.0569201714285257,61
TIET3,201801,-0.00193652154821513,28
TIET4,201801,-0.009630440522847,28
TIMP3,201801,0.0602847740368908,62
TOTS3,201801,0.0510532181828192,59
TOYB3,201801,-0.000864452598184898,8
TOYB4,201801,0.00505519858008699,8
TPIS3,201801,0.0527665115514775,50
TRIS3,201801,0.080399159713206,58
TRPL4,201801,0.0591268467695108,61
TUPY3,201801,0.0640951156736928,65
UCAS3,201801,0.0700594463049086,50
UGPA3,201801,0.0554193482268131,64
UNIP3,201801,0.1128762620844,53
UNIP6,201801,0.0461404717047884,50
USIM3,201801,0.0652244086914781,56
USIM5,201801,0.0798508603293294,62
VALE3,201801,0.0858141927391085,65
VIVT3,201801,0.0657983359238081,58
VIVT4,201801,0.0676835455909621,60
VLID3,201801,0.0506990555412034,61
VULC3,201801,0.0520987026228724,61
VVAR11,201801,0.0886127989899151,61
WEGE3,201801,0.0712041283186101,61
WIZS3,201801,0.0601881554486121,62
WLMM4,201801,0.055661671628949,21
AALR3,201802,0.00156547097556314,62
ABCB4,201802,-0.00767660299867005,60
ABEV3,201802,0.00593890553536735,62
AFLT3,201802,0.0718108250754329,14
AGRO3,201802,-0.0221507371796004,37
ALPA3,201802,-0.00263923593058857,57
ALPA4,201802,-0.000465534100562843,62
ALSC3,201802,-0.00983711312155632,62
ALUP11,201802,-0.0184107006846773,62
ALUP3,201802,-0.167872645160068,44
ALUP4,201802,-0.00172954079973314,35
AMAR3,201802,0.0097589631130925,62
ANIM3,201802,0.0110020681385393,62
ARZZ3,201802,0.0051227665692507,62
ATOM3,201802,-0.0627537582707787,46
AZUL4,201802,0.0283219031852212,62
BBAS3,201802,0.0113079968641574,64
BBDC3,201802,-0.00950172178537374,62
BBDC4,201802,0.00672830464110056,64
BBRK3,201802,0.0180493884266211,60
BBSE3,201802,0.0045949519129681,64
BBTG11,201802,-0.0109235539937259,33
BEEF3,201802,-0.0221642828405062,62
BKBR3,201802,0.0308218194841619,54
BMEB4,201802,-0.0106457613746125,24
BOBR4,201802,-0.00908741060123929,51
BPAC11,201802,0.0265904347598212,58
BPAN4,201802,-0.00480678536842982,51
BPHA3,201802,-0.0109443667314275,46
BRAP3,201802,0.0100898279569278,57
BRAP4,201802,0.0275613692724262,64
BRDT3,201802,0.0306684670277888,60
BRFS3,201802,-0.00179374424978013,63
BRGE3,201802,0.0367329669306135,52
BRIN3,201802,0.0166637477591828,56
BRIV3,201802,-0.00262560904514478,54
BRKM3,201802,0.00781118912001007,38
BRKM5,201802,0.00958411474134335,63
BRML3,201802,0.00770645198655147,64
BRPR3,201802,0.0311780539613781,60
BRSR6,201802,0.0241762730082157,61
BSEV3,201802,-0.0158078712776432,51
BTOW3,201802,0.0179456864277491,62
BVMF3,201802,0.0121645066488643,64
CAMB4,201802,0.00622722351190354,54
CAML3,201802,-0.00284050554016414,61
CARD3,201802,0.0854526147716214,60
CCPR3,201802,0.0424812904308502,52
CCRO3,201802,0.0212247354329713,63
CEBR3,201802,0.00264801224212449,33
CEBR5,201802,-0.00429002257804829,28
CEBR6,201802,0.00434678209792542,33
CEEB3,201802,0.0498121618372487,17
CEEB5,201802,0.126595315636617,10
CEED3,201802,0.0164734380329645,11
CEED4,201802,-0.00751613063385335,11
CELP3,201802,0.0141711986722869,55
CEPE3,201802,0.0121000132036093,12
CEPE5,201802,0.0193979764045362,44
CEPE6,201802,0.0124009909815444,11
CESP3,201802,-0.00295368679898239,51
CESP6,201802,0.0265568684164977,62
CGAS3,201802,2.98913775180736e-05,53
CGAS5,201802,-0.00572318832269759,61
CGRA3,201802,-0.0170776741615273,21
CGRA4,201802,-0.00625146042741449,65
CIEL3,201802,0.0127003071916609,64
CLSC3,201802,-0.023033098575174,7
CLSC4,201802,0.0997671316749113,58
CMIG3,201802,0.0107222985803804,59
CMIG4,201802,-0.000195608393003198,68
COCE5,201802,0.00373037035432053,54
CPFE3,201802,0.0163026594483576,62
CPLE3,201802,0.0269625327691914,57
CPLE6,201802,-0.0143774074084633,64
CPRE3,201802,0.0223222310624821,57
CRDE3,201802,0.011975462787269,58
CREM3,201802,-0.0319250633095648,13
CRFB3,201802,0.0043356040585806,61
CRIV3,201802,0.0479243395094558,52
CRIV4,201802,0.104652684728923,50
CRPG5,201802,-0.0781724707789533,46
CSAB4,201802,0.100244302996314,9
CSAN3,201802,-0.000856626010259363,63
CSMG3,201802,0.0100550293898774,62
CSNA3,201802,0.00104759359227411,63
CSRN3,201802,0.0311790569053454,17
CSRN5,201802,0.0456722196784697,17
CSRN6,201802,0.103335125630646,9
CTAX3,201802,-0.0813842987630562,49
CTNM3,201802,-0.214232268906482,19
CTNM4,201802,0.0672075851228365,52
CVCB3,201802,0.0186294178853272,63
CYRE3,201802,0.0116269432157802,64
DIRR3,201802,-0.0157306718476065,62
DMMO3,201802,0.0334929308912283,47
DOHL4,201802,-0.0197774681520226,21
DTEX3,201802,0.017003659817196,62
ECOR3,201802,0.0289796202165974,64
EEEL3,201802,0.0280522234958637,11
EEEL4,201802,0.0247589142746247,11
EGIE3,201802,0.0235433773856984,62
ELET3,201802,-0.00391295974574544,64
ELET6,201802,-0.000291897468827199,64
ELPL3,201802,0.0159138945392127,61
EMAE4,201802,0.0358712253183203,12
EMBR3,201802,0.00677041221370373,63
ENBR3,201802,-0.00402542389995709,64
ENEV3,201802,0.0178988458216778,55
ENGI11,201802,0.00700711552277233,61
ENGI3,201802,0.0133517518972229,37
ENGI4,201802,-0.0226619954937582,57
ENMT3,201802,0.0527648294264035,40
ENMT4,201802,0.0147046627513123,40
EQTL3,201802,0.00790649035449413,64
ESTC3,201802,0.0134644289704898,64
ETER3,201802,0.00599550393231858,56
EUCA4,201802,0.0268762442962535,61
EVEN3,201802,0.00805552052874678,62
EZTC3,201802,0.00470961973501746,61
FESA4,201802,-0.0193218087436215,58
FIBR3,201802,0.0122789178197689,63
FJTA4,201802,0.0855887558622023,50
FLRY3,201802,-0.00017332357385118,62
FRAS3,201802,-0.0547207047285731,46
FRIO3,201802,0.133357072070433,10
GEPA3,201802,-0.00979157489908646,29
GEPA4,201802,-0.000303214803045228,29
GFSA3,201802,-0.0189947269608956,59
GGBR3,201802,-0.00403025053739509,41
GGBR4,201802,0.0223874670483514,63
GOAU3,201802,0.0123360463244236,56
GOAU4,201802,0.0172251532469424,64
GOLL4,201802,0.0134925558215675,61
GPCP3,201802,0.00604116969805156,26
GRND3,201802,0.000227519763307246,62
GSHP3,201802,-0.360419738741363,19
GUAR3,201802,0.0117850679106508,61
GUAR4,201802,-0.000256375322820307,37
HBOR3,201802,0.00864006251896854,60
HGTX3,201802,0.00570452594739585,62
HYPE3,201802,0.0113211101164034,63
IDNT3,201802,0.0196825007199715,46
IGTA3,201802,0.0102147758953028,64
IMCH3,201802,0.0216755363035139,22
INEP3,201802,-0.18080692538473,57
INEP4,201802,-0.267445927233978,19
IRBR3,201802,-0.00201976317630127,61
ITSA3,201802,0.00167772876061178,59
ITSA4,201802,0.0074036439199838,64
ITUB3,201802,-0.00256320158370505,61
ITUB4,201802,0.0166291810948395,64
JBSS3,201802,0.0144073597589153,63
JHSF3,201802,-0.0263181884578829,59
JOPA3,201802,0.0670723970563109,52
JPSA3,201802,0.0162233939876701,22
JPSA4,201802,0.0320027606264361,57
JSLG3,201802,-0.0161125703764052,58
KEPL3,201802,-0.00610154770079214,21
KLBN11,201802,-0.00428432677039474,64
KLBN3,201802,-0.000384350586034169,40
KLBN4,201802,-0.00219512500990366,42
KROT3,201802,-0.00364575361787284,62
LAME3,201802,0.00422776735461546,61
LAME4,201802,0.00952890168917621,64
LCAM3,201802,-0.015571237606825,59
LEVE3,201802,-0.000852368744685277,61
LIGT3,201802,0.031373444825393,62
LINX3,201802,0.0135994192120833,62
LLIS3,201802,0.0560301406218508,45
LLISE3,201802,0.00474796815674011,38
LOGN3,201802,0.0367481654312949,58
LPSB3,201802,-0.00152930735231685,54
LREN3,201802,0.0217785897071936,63
LUPA3,201802,0.0605623334707571,6
MAGG3,201802,-0.0204293688968854,58
MDIA3,201802,0.00458211259322179,60
MEAL3,201802,0.015379239737519,62
MGLU3,201802,0.00980791309635799,63
MILS3,201802,-0.0172095508837575,60
MNDL3,201802,0.13661391421032,10
MOVI3,201802,-0.0143908015353536,62
MPLU3,201802,-0.0049099028488085,58
MRFG3,201802,-0.00629212260012311,64
MRVE3,201802,0.00871211149564577,64
MULT3,201802,0.0177429049844332,63
MYPK3,201802,0.0230740242743713,62
NATU3,201802,0.00839440525904451,63
ODPV3,201802,-0.00102519320422861,61
OFSA3,201802,-0.000945993000547398,55
OGXP3,201802,-0.00114818352453107,31
OIBR3,201802,0.0170468319178145,62
OIBR4,201802,0.0132082769788412,60
OMGE3,201802,0.00534176133720621,59
PARD3,201802,0.0259111026902179,62
PCAR4,201802,-0.00847328874742755,62
PDGR3,201802,-0.00441625593964985,51
PETR3,201802,-0.00560934758845833,63
PETR4,201802,0.0154301609913337,68
PFRM3,201802,-0.00566521967779784,56
PLAS3,201802,0.0902198726966826,10
PMAM3,201802,-0.0189463321733481,56
PNVL3,201802,0.0130520000278372,60
PNVL4,201802,0.00973506096470338,57
POMO3,201802,-0.00970928254200935,49
POMO4,201802,0.00348623988968995,58
POSI3,201802,-0.0293851830106812,55
PPLA11,201802,-0.0624738785903994,48
PRIO3,201802,0.0203558637762175,56
PRML3,201802,-0.00424351771661898,51
PSSA3,201802,-0.0101867899511279,60
PTBL3,201802,-0.0529813696441824,56
QGEP3,201802,0.00989286799175468,62
QUAL3,201802,0.000530540406899135,64
RADL3,201802,-0.00428118257503241,62
RAIL3,201802,0.0215450465983252,64
RAPT3,201802,0.0415543904176323,53
RAPT4,201802,0.0133330302166614,65
RCSL4,201802,-0.0465563642726451,46
RDNI3,201802,0.0125476097733245,53
REDE3,201802,0.117103379959613,10
RENT3,201802,0.00885396841307317,63
RLOG3,201802,-0.00527288734326144,61
RNEW11,201802,-0.0501997447625692,47
RNEW3,201802,-0.0527325835997828,43
ROMI3,201802,0.00664199642048957,56
RPAD3,201802,0.0405430618087476,52
RPMG3,201802,0.141576651291938,10
RSID3,201802,0.000997186438435918,56
SANB11,201802,0.0231985519268712,62
SAPR11,201802,-0.0105758787022208,67
SAPR3,201802,-0.0062414289562923,51
SAPR4,201802,-0.022469180974051,57
SBSP3,201802,0.0125259899019458,66
SCAR3,201802,0.00725756053278654,49
SEDU3,201802,0.0290737200541571,57
SEER3,201802,0.0100830976776209,62
SGPS3,201802,0.00858818747434025,55
SHOW3,201802,-0.0316849465526894,58
SHUL4,201802,-0.0796464859291455,46
SLCE3,201802,-0.00284170711396337,58
SLED4,201802,0.0808791278619614,60
SMLE3,201802,0.0178179167836077,42
SMLS3,201802,0.0128164717721281,62
SMTO3,201802,0.00599719206406709,63
SNSL3,201802,0.0099682195339116,55
SSBR3,201802,0.0255069400546482,58
STBP3,201802,0.0115737405300145,62
SULA11,201802,-0.00955999651444396,62
SUZB3,201802,0.0234866121070346,63
TAEE11,201802,0.00215038177318316,64
TCSA3,201802,-0.019652487746173,61
TECN3,201802,0.00349408867332928,58
TEKA4,201802,0.0145823391119225,10
TEND3,201802,0.0137009135810893,62
TESA3,201802,0.00870445118258376,58
TGMA3,201802,0.0227752160752088,62
TIET11,201802,-0.009077056698225,58
TIET3,201802,-0.0565743767319272,29
TIET4,201802,-0.0446131695448189,29
TIMP3,201802,0.0121578699447962,64
TOTS3,201802,-0.0153497176618132,59
TOYB3,201802,0.133519216188334,10
TOYB4,201802,0.134594925644333,10
TPIS3,201802,0.0569322697396921,30
TRIS3,201802,0.00344186156044203,60
TRPL4,201802,-0.00427306542051851,61
TUPY3,201802,-0.0174959114821469,65
UCAS3,201802,-0.220317179696663,28
UGPA3,201802,0.0091415900558649,66
UNIP3,201802,0.0247287896584138,52
UNIP6,201802,-0.0490547944250147,49
USIM3,201802,0.0184519949535591,56
USIM5,201802,0.0079726514930233,64
VALE3,201802,0.00560533879832069,66
VIVT3,201802,0.0130940883419492,58
VIVT4,201802,0.00317207665043682,62
VLID3,201802,-0.00944839353060284,62
VULC3,201802,0.00506088366670878,61
VVAR11,201802,0.0185797367270693,62
VVAR3,201802,-0.00849375548752894,45
WEGE3,201802,0.00254959526443558,62
WIZS3,201802,0.0169896658762076,61
WLMM4,201802,-0.0214184209558682,21
AALR3,201803,-0.0186875528091272,62
ABCB4,201803,-0.00433230361121722,60
ABEV3,201803,0.00863268511947108,62
AFLT3,201803,-0.0131263138943369,15
AGRO3,201803,0.039046635248896,58
ALPA3,201803,-0.0340748815534917,60
ALPA4,201803,-0.0337762731047618,63
ALSC3,201803,0.0187733899172197,63
ALUP11,201803,-0.0367410046468985,62
ALUP3,201803,-0.221682610868381,49
ALUP4,201803,-0.0052995383360658,46
AMAR3,201803,-0.0374394024482486,62
ANIM3,201803,-0.0389750954215579,63
ARZZ3,201803,-0.000657766862664296,62
ATOM3,201803,-0.0306493221772606,50
AZUL4,201803,0.0300930422145051,62
B3SA3,201803,0.0186676618930772,64
BBAS3,201803,-0.00662139732653479,64
BBDC3,201803,-0.0194728195777565,63
BBDC4,201803,-0.010935689157717,64
BBRK3,201803,-0.014974440031857,61
BBSE3,201803,0.00242159818994063,64
BBTG11,201803,-0.0285209027203781,37
BEEF3,201803,-0.0294226655463366,62
BEES3,201803,-0.00551603910919513,16
BKBR3,201803,-0.00288764030795488,56
BOBR4,201803,-0.0458859689411256,50
BPAC11,201803,0.0201458004666293,61
BPAN4,201803,-0.0357487382660176,50
BPHA3,201803,-0.0508118232021279,50
BRAP3,201803,-0.00838490633949901,61
BRAP4,201803,0.0168677828499267,63
BRDT3,201803,0.0255946226784498,63
BRFS3,201803,-0.00295195745728442,63
BRGE3,201803,0.0231320885201449,54
BRIN3,201803,0.00555818698359621,58
BRIV3,201803,0.0222165651209762,54
BRKM3,201803,-0.0243755001574578,34
BRKM5,201803,0.024837261213447,63
BRML3,201803,-0.0306019563930164,64
BRPR3,201803,-0.0163321257008551,62
BRSR6,201803,0.0169797011060151,62
BSEV3,201803,-0.0345626475129524,50
BTOW3,201803,0.031863889134424,66
CAMB4,201803,-0.0215316124950642,59
CAML3,201803,-0.0148738146251983,62
CARD3,201803,-0.0116703832812895,62
CCPR3,201803,0.0161570262365863,54
CCRO3,201803,0.00132800839117356,63
CEBR3,201803,0.00902198549039529,11
CEBR5,201803,0.00287696068132649,7
CEBR6,201803,0.00463396815299964,12
CEEB3,201803,0.0319718099949038,14
CEEB5,201803,0.00671366639474023,8
CEED3,201803,0.0109564515425478,9
CEED4,201803,0.0377963289481158,9
CELP3,201803,-0.0410546594772187,59
CEPE3,201803,0.0114118639321917,10
CEPE5,201803,0.00673401045635991,47
CEPE6,201803,-0.0124696744561337,10
CESP3,201803,0.00916097537426002,51
CESP6,201803,0.00999053732668615,62
CGAS3,201803,0.0692518005680535,55
CGAS5,201803,-0.0229633175331952,60
CGRA3,201803,0.0444507225349045,21
CGRA4,201803,0.0361428858298243,64
CIEL3,201803,0.0115895507696783,63
CLSC3,201803,0.0511200509997827,7
CLSC4,201803,-0.00270552777524588,61
CMIG3,201803,0.0129174887621308,61
CMIG4,201803,0.0132898755560323,67
COCE5,201803,0.0235307401278793,57
CPFE3,201803,0.00317209044441843,63
CPLE3,201803,0.0270042607355573,61
CPLE6,201803,0.00258228535184177,63
CPRE3,201803,0.0282054337236362,62
CRDE3,201803,-0.0158516989372127,61
CREM3,201803,-0.0673251336825459,12
CRFB3,201803,-0.0215509357611925,62
CRIV3,201803,0.00426289234640854,54
CRIV4,201803,-0.00389352420239421,54
CRPG5,201803,-0.0438720735885258,50
CSAB4,201803,0.00601705888402723,9
CSAN3,201803,-0.0223087418314488,63
CSMG3,201803,0.0297616323859801,62
CSNA3,201803,0.00586513643719998,62
CSRN3,201803,0.0484299787604026,12
CSRN5,201803,0.00776382410967907,10
CSRN6,201803,-0.0316499281298253,8
CTNM4,201803,0.0207819123984995,58
CVCB3,201803,0.0162888225663477,63
CYRE3,201803,-0.0281364902799782,63
DIRR3,201803,0.0306452846049582,62
DMMO3,201803,-0.0180685077340652,48
DOHL4,201803,0.0303745267626834,21
DTEX3,201803,0.0170422638883113,62
ECOR3,201803,0.019525867750116,63
EEEL3,201803,0.00438811697367237,9
EEEL4,201803,0.0132427456555812,9
EGIE3,201803,0.00740178942642981,63
ELET3,201803,-0.0299665961847617,64
ELET6,201803,-0.0228643983903813,64
ELPL3,201803,0.0278832183555713,62
EMAE4,201803,-0.0267785753264377,14
EMBR3,201803,0.0145958456227221,63
ENBR3,201803,-0.0170664717570902,63
ENEV3,201803,0.0140175843091163,57
ENGI11,201803,-0.0171091113021639,63
ENGI4,201803,-0.0389331758021287,60
ENMT3,201803,0.00564728050797558,42
ENMT4,201803,0.00564728050797559,42
EQTL3,201803,-0.0114283778202276,64
ESTC3,201803,0.0211015149545774,63
ETER3,201803,-0.0211053831999292,60
EUCA4,201803,0.0290366239649066,64
EVEN3,201803,-0.0385425997825923,62
EZTC3,201803,0.0121443765407807,62
FESA4,201803,-0.026570068134814,59
FIBR3,201803,-0.00317155038305692,63
FJTA4,201803,0.00463815934456248,54
FLRY3,201803,0.00775492909114637,63
FRAS3,201803,-0.0478723348238756,51
FRIO3,201803,-0.0244808087554694,8
GEPA3,201803,0.00604703230136432,29
GEPA4,201803,3.51535623794602e-06,29
GFSA3,201803,-0.0323959647278987,61
GGBR3,201803,0.00410112852756126,60
GGBR4,201803,0.0101036119570928,63
GOAU3,201803,0.00118562789230866,60
GOAU4,201803,-0.00989817202794766,63
GOLL4,201803,-0.0136795284430394,62
GPCP3,201803,-0.049325851849772,14
GRND3,201803,0.00817806817261284,63
GUAR3,201803,-0.000399208252116062,61
GUAR4,201803,0.0207635507332504,55
HBOR3,201803,-0.0156933743720517,62
HGTX3,201803,-0.0221755644586138,63
HYPE3,201803,-0.011316876460092,63
IDNT3,201803,0.0240198560005159,52
IGTA3,201803,-0.0155941919793897,63
INEP3,201803,0.000237198700171628,57
IRBR3,201803,0.0162003168548265,63
ITSA3,201803,-0.0180041202162554,62
ITSA4,201803,0.0165559766561085,64
ITUB3,201803,0.0164114678858345,63
ITUB4,201803,0.0244073220573066,64
JBSS3,201803,0.031582484177709,63
JHSF3,201803,-0.0438285652553524,59
JOPA3,201803,0.02908775293516,54
JPSA3,201803,0.0417362915497737,59
JSLG3,201803,-0.032083338112212,61
KEPL3,201803,0.0496681929524271,21
KLBN11,201803,0.0159125414378954,64
KLBN3,201803,-0.0303057181984279,42
KLBN4,201803,0.0280965554615086,56
KROT3,201803,0.00708682909123633,63
LAME3,201803,-0.0259732322560298,63
LAME4,201803,0.0080080830759635,67
LCAM3,201803,-0.0131400315557371,61
LEVE3,201803,0.0156298617267523,62
LIGT3,201803,0.0287022091084105,63
LINX3,201803,-0.0331320934748986,62
LIQO3,201803,-0.033948726945234,51
LLIS3,201803,0.0127044841120881,46
LLISE3,201803,-0.0303042415999813,34
LOGN3,201803,-0.0184047889699889,61
LPSB3,201803,-0.0110709631731604,56
LREN3,201803,0.0180961417776826,63
LUPA3,201803,-0.0122826906256385,50
MAGG3,201803,0.0175942229469098,60
MDIA3,201803,-0.0134102177035971,62
MEAL3,201803,0.0249950127230176,62
MGLU3,201803,-0.00588164111725755,63
MILS3,201803,-0.019927417050863,60
MMXM3,201803,-0.0379326000377843,50
MNDL3,201803,0.00800740459514289,8
MOAR3,201803,-0.0164936940062182,58
MOVI3,201803,-0.0394452002027017,63
MPLU3,201803,-0.0115750126813847,60
MRFG3,201803,-0.0263990459766802,63
MRVE3,201803,0.00814736797713985,63
MTSA4,201803,-0.036604025587295,50
MULT3,201803,0.0172553260294171,63
MYPK3,201803,0.0211319084308935,62
NATU3,201803,-0.0339856784851972,63
ODPV3,201803,-0.0108015538823093,62
OFSA3,201803,0.00699589745973713,57
OGXP3,201803,-0.0363884282728496,31
OIBR3,201803,0.00400069885235636,63
OIBR4,201803,-0.0110248375023249,62
OMGE3,201803,-0.0179675223281352,62
PARD3,201803,-0.00285222047961458,63
PCAR4,201803,-0.0198242511572299,63
PDGR3,201803,-0.035717573592871,50
PETR3,201803,0.019880839737571,62
PETR4,201803,0.0231682448517664,64
PFRM3,201803,0.0478201382367995,61
PINE4,201803,0.0100665369028931,52
PLAS3,201803,0.022237937668252,8
PMAM3,201803,-0.0417790264172834,60
PNVL3,201803,0.00352099481270061,64
PNVL4,201803,0.0128356894775274,61
POMO3,201803,-0.00799485049941381,51
POMO4,201803,-0.00471882426319244,57
POSI3,201803,-0.0361248978465105,55
PPLA11,201803,0.213744786810458,49
PRIO3,201803,-0.000808956860204768,60
PRML3,201803,-0.0363092289893724,50
PSSA3,201803,-0.00116980713791787,62
PTBL3,201803,-0.0190159034607342,60
QGEP3,201803,0.0182908767710528,63
QUAL3,201803,-0.0120083577948468,63
RADL3,201803,0.00232322422206517,63
RAIL3,201803,0.0307797785972331,64
RAPT3,201803,0.0194780001170988,54
RAPT4,201803,0.0136741528247884,65
RCSL4,201803,-0.0279204488322818,50
RDNI3,201803,0.0118044641760442,54
REDE3,201803,-0.0430428368569912,8
RENT3,201803,0.00304499984355406,63
RLOG3,201803,-0.0362230749433992,62
RNEW11,201803,-0.153033827140987,54
RNEW3,201803,-0.151866823261984,45
ROMI3,201803,-0.0178114384824764,59
RPAD3,201803,0.0184691675636668,54
RPMG3,201803,-0.0316499281298254,8
RSID3,201803,-0.00349348467766902,56
SANB11,201803,0.0126591079427179,62
SAPR11,201803,0.0142290321963143,66
SAPR3,201803,0.018309555842557,53
SAPR4,201803,0.0330694848126169,59
SBSP3,201803,0.0393534159613157,66
SCAR3,201803,-0.0164946544948456,57
SEDU3,201803,0.0433092002818039,61
SEER3,201803,-0.0220082255655501,63
SGPS3,201803,-0.0159562515960917,59
SHOW3,201803,0.0193779919528518,62
SHUL4,201803,-0.0371883667562748,50
SLCE3,201803,-0.0118223414471389,61
SLED4,201803,-0.00221758073029794,62
SMLS3,201803,-0.0152347429540524,63
SMTO3,201803,-0.0380693946312609,63
SNSL3,201803,-0.00338568984548725,59
SSBR3,201803,0.0372812183010555,61
STBP3,201803,-0.00271227705531542,62
SULA11,201803,0.0300414307935121,62
SUZB3,201803,0.0152273474752381,64
TAEE11,201803,0.00167112861718018,63
TAEE3,201803,-0.00501756409169419,42
TAEE4,201803,0.000687579320165109,42
TCSA3,201803,-0.0376373553852495,62
TECN3,201803,0.00732029320663021,60
TEKA4,201803,0.0717691928339879,8
TEND3,201803,0.0154541270779918,63
TESA3,201803,-0.00226825481730391,60
TGMA3,201803,0.0257353011474365,62
TIET11,201803,-0.0161479394080747,62
TIET3,201803,0.0174887510575502,44
TIET4,201803,0.0366454951913573,44
TIMP3,201803,0.0226330562221222,63
TOTS3,201803,-0.0219506571235199,57
TOYB3,201803,0.00920821563477455,8
TOYB4,201803,0.0353906865716335,8
TPIS3,201803,-0.0245427267384854,57
TRIS3,201803,0.0160918104609324,62
TRPL4,201803,0.0104397699554492,63
TUPY3,201803,-0.00950979150616766,65
UCAS3,201803,-0.049482310439726,50
UGPA3,201803,-0.0241455639709788,63
UNIP3,201803,0.0187076400237817,54
UNIP6,201803,0.0420521874942407,59
USIM3,201803,-0.00798131563134597,60
USIM5,201803,0.0167033259103907,64
VALE3,201803,0.0221578549882206,66
VIVR3,201803,-0.0345575023912656,50
VIVT3,201803,-0.00580432307493787,61
VIVT4,201803,0.0105187247254015,62
VLID3,201803,-0.0109335531830296,62
VULC3,201803,-0.0193932616431612,63
VVAR11,201803,0.0288159453618689,63
VVAR3,201803,0.0292894121061578,55
WEGE3,201803,0.00690680227989815,63
WIZS3,201803,-0.034305171954247,62
WLMM4,201803,0.0489403382709761,21
AALR3,201804,0.00659192724326134,61
ABCB4,201804,-0.0110309019603124,61
ABEV3,201804,0.00495118403965691,62
AFLT3,201804,0.00736905059287541,12
AGRO3,201804,-0.0106375221820879,58
ALPA3,201804,-0.0163018054317902,59
ALPA4,201804,-0.0381348523912004,63
ALSC3,201804,0.00493730503402108,63
ALUP11,201804,-0.00305565395582952,62
ALUP3,201804,-0.0326707563319876,47
ALUP4,201804,0.0190642993511419,45
AMAR3,201804,-0.042841353424807,61
ANIM3,201804,-0.0303842760607718,61
ARZZ3,201804,0.0168928490626078,57
ATOM3,201804,-0.0467555295769182,50
AZUL4,201804,0.0554178723046387,61
B3SA3,201804,0.0167325117362161,64
BBAS3,201804,0.00563227105373787,64
BBDC3,201804,0.0132510417480311,62
BBDC4,201804,-0.0203960939434599,64
BBRK3,201804,-0.0167393368850139,61
BBSE3,201804,0.0161606247716333,63
BBTG11,201804,-0.016336990679725,33
BEEF3,201804,-0.000190679392276585,61
BEES3,201804,0.118129823601701,15
BIDI11,201804,-0.0397926798228735,60
BIDI4,201804,0.0926445140099919,18
BKBR3,201804,0.0127664165663897,57
BOBR4,201804,-0.0298015573494304,50
BPAC11,201804,0.0606801284833116,60
BPAN4,201804,-0.0424737936210439,50
BPHA3,201804,-0.0410123052154075,50
BRAP3,201804,0.0419683341860167,60
BRAP4,201804,0.0395778659401636,62
BRDT3,201804,0.035578389494729,62
BRFS3,201804,0.0108703799577535,62
BRGE3,201804,0.011057127684148,54
BRIN3,201804,-0.0190532763311587,57
BRIV3,201804,0.0106805061580349,54
BRKM3,201804,0.00782910342161707,33
BRKM5,201804,0.013930803935444,63
BRML3,201804,-0.0296467886371111,64
BRPR3,201804,0.0216745110483013,61
BRSR3,201804,0.0264043178806646,54
BRSR6,201804,0.0545196818501815,63
BSEV3,201804,-0.0319909867329611,50
BTOW3,201804,0.0345833311398123,66
CAMB4,201804,0.00472371824898187,57
CAML3,201804,-0.0344364720803374,62
CARD3,201804,0.0147157770165756,62
CCPR3,201804,0.00317761413074888,54
CCRO3,201804,0.00539208089122906,63
CEBR3,201804,0.000400833847778437,11
CEBR5,201804,-0.0181623854477589,6
CEBR6,201804,-0.00951938943946425,11
CEEB3,201804,0.0198484078742954,13
CEEB5,201804,-0.00764808320135159,9
CEED3,201804,0.0413892360581232,12
CEED4,201804,0.0378948920858714,12
CELP3,201804,0.0396002174155667,58
CEPE3,201804,0.036132015153148,13
CEPE5,201804,0.0020862341848582,47
CEPE6,201804,0.0015608991151078,10
CESP3,201804,0.0450307724294887,53
CESP6,201804,0.015485213770885,62
CGAS3,201804,0.0216899599994648,56
CGAS5,201804,0.00142504341450199,61
CGRA4,201804,-0.0174181685948717,63
CIEL3,201804,0.045984427011902,62
CLSC3,201804,-0.0146262398991046,6
CLSC4,201804,-0.00207528165788686,61
CMIG3,201804,0.019167802720769,60
CMIG4,201804,0.00553180647588541,67
COCE5,201804,0.00246789581349938,57
CPFE3,201804,-0.00236531459022417,62
CPLE3,201804,0.053198763551394,60
CPLE6,201804,-0.00479162200869979,62
CPRE3,201804,0.00191538987320145,60
CRDE3,201804,0.0403994553621134,60
CREM3,201804,0.0137396341590576,11
CRFB3,201804,0.00242915582374696,62
CRIV3,201804,0.00590244811141783,54
CRIV4,201804,0.00138707436191153,54
CRPG5,201804,-0.0439722414917316,50
CSAB4,201804,-0.00920882733405061,10
CSAN3,201804,-0.00748204557856892,62
CSMG3,201804,0.0326808802724811,62
CSNA3,201804,0.0381870789436263,62
CSRN3,201804,0.0372418306677116,13
CSRN5,201804,0.0431975166466723,18
CSRN6,201804,-0.0180321630084677,9
CTNM4,201804,0.00896101503752932,58
CVCB3,201804,0.031537876811254,63
CYRE3,201804,0.00332195699182431,63
DHBI4,201804,0.014951600880134,13
DIRR3,201804,-0.0113039588990293,61
DMMO3,201804,0.0327441825014076,43
DOHL4,201804,-0.0268399886143325,21
DTEX3,201804,0.0378531786420338,62
ECOR3,201804,0.0491894669209584,63
EEEL3,201804,0.0154070304341668,12
EEEL4,201804,0.0316892126251795,12
EGIE3,201804,0.021013272371676,63
ELET3,201804,-0.0142223141963572,63
ELET6,201804,-0.0264639930330543,63
ELPL3,201804,0.0200361325147568,63
EMAE4,201804,0.00650864860390001,13
EMBR3,201804,0.018475232640837,63
ENBR3,201804,0.0283184047862765,63
ENEV3,201804,-0.01952208657508,60
ENGI11,201804,0.00695340334743098,63
ENGI4,201804,-0.011108008733296,59
ENMT3,201804,0.0570276388234186,42
ENMT4,201804,-0.0121529995835334,42
EQTL3,201804,-0.0258344029124547,64
ESTC3,201804,0.00325679264279315,63
ETER3,201804,0.0161513270494808,55
EUCA4,201804,0.0699799211011104,64
EVEN3,201804,0.00623535869596998,62
EZTC3,201804,0.0331186757269527,61
FESA4,201804,0.0216510681367793,59
FIBR3,201804,0.00887619288065144,62
FJTA4,201804,0.00702648392240298,54
FLRY3,201804,0.00823874728927751,62
FRAS3,201804,0.0118585450152334,50
FRIO3,201804,-0.0180321630084677,9
GEPA3,201804,0.021150872541542,29
GEPA4,201804,0.0115229236752251,29
GFSA3,201804,0.014599157247278,61
GGBR3,201804,0.033306137212165,51
GGBR4,201804,0.0325919380216799,62
GNDI3,201804,-0.00910282001401103,62
GOAU3,201804,0.0308296421875253,58
GOAU4,201804,0.0309044776034243,63
GOLL4,201804,0.0398297782897694,62
GPCP3,201804,-0.00355503797614149,5
GRND3,201804,0.00687861265024863,62
GUAR3,201804,-0.00432090617987964,60
GUAR4,201804,-0.00707039763916065,21
HAPV3,201804,0.0546846333663762,62
HBOR3,201804,-0.000860872756004296,61
HGTX3,201804,-0.0435358921012637,63
HYPE3,201804,0.0182298988360871,63
IDNT3,201804,0.0334435920445715,52
IGTA3,201804,-0.0241877250216216,63
INEP3,201804,0.00250987653971849,58
IRBR3,201804,0.00945736017072803,61
ITSA3,201804,0.0426728765940087,61
ITSA4,201804,-0.00663936410196281,64
ITUB3,201804,-0.00302609521028561,62
ITUB4,201804,0.0344597187837753,64
JBSS3,201804,0.0131114292022832,63
JHSF3,201804,0.0138413497141256,59
JOPA3,201804,0.0117366235348642,54
JPSA3,201804,0.00841483627999422,60
JSLG3,201804,0.000236734839994922,60
KEPL3,201804,-0.0101221041839869,26
KLBN11,201804,0.00539555631414917,63
KLBN4,201804,0.00137542018438736,56
KROT3,201804,0.00568486400639419,63
LAME3,201804,-0.00879909213268772,62
LAME4,201804,0.0335930334058291,68
LCAM3,201804,0.0067188372574702,61
LEVE3,201804,0.0204071499414657,62
LIGT3,201804,0.0369859255354038,63
LINX3,201804,-0.0269835953965922,62
LIQO3,201804,0.0245869716632011,57
LLIS3,201804,0.0151326386682442,45
LOGN3,201804,0.00706591173489653,62
LPSB3,201804,0.00477608836088863,55
LREN3,201804,0.0405878758943457,63
LUPA3,201804,-0.0334291904876501,50
MAGG3,201804,0.0365411423158005,60
MDIA3,201804,0.0274144613281813,61
MEAL3,201804,0.026567727057276,61
MGLU3,201804,0.000633349358235685,63
MILS3,201804,-0.00770400879460008,60
MMXM3,201804,-0.0419608322018899,50
MNDL3,201804,-0.00570036592326512,9
MOAR3,201804,0.049276506196183,55
MOVI3,201804,-0.0147012572246039,62
MPLU3,201804,0.00780412699374058,61
MRFG3,201804,0.0397010633628077,63
MRVE3,201804,0.0121952188012661,63
MTSA4,201804,-0.0364877380528481,50
MULT3,201804,0.0501704995889915,62
MYPK3,201804,0.0227492465790294,62
NATU3,201804,-0.0486127035758867,63
ODPV3,201804,0.00984321256686813,62
OFSA3,201804,0.0209139268590697,56
OGXP3,201804,-0.00976183880352932,31
OIBR3,201804,0.0221616196957327,62
OIBR4,201804,0.0489478559600371,62
OMGE3,201804,-0.019036629007946,61
PARD3,201804,0.0233951299871003,62
PCAR4,201804,-0.00278910183651882,62
PDGR3,201804,-0.0391469981615915,50
PETR3,201804,0.0104260562479738,62
PETR4,201804,0.0171734786860692,64
PFRM3,201804,-0.0116577285133756,59
PINE4,201804,0.0401962294016731,52
PLAS3,201804,-0.0115193406072355,10
PMAM3,201804,0.031421789859633,52
PNVL3,201804,0.0269146720398252,68
PNVL4,201804,0.0237582553765145,60
POMO3,201804,0.000292819758782979,51
POMO4,201804,0.0175699515072999,62
POSI3,201804,0.0344107584578266,52
PPLA11,201804,0.050069865545156,49
PRIO3,201804,0.0370087829120218,59
PRML3,201804,-0.0391469981615915,50
PSSA3,201804,0.00514489037226836,61
PTBL3,201804,0.0171770071058158,59
QGEP3,201804,0.0619368536529129,62
QUAL3,201804,0.0117460375041986,63
RADL3,201804,0.00530329215016255,62
RAIL3,201804,0.0501660834473306,63
RAPT3,201804,0.0153756242189754,54
RAPT4,201804,0.00793872815251068,66
RCSL4,201804,-0.0450953647715353,50
RDNI3,201804,0.0548942710708479,55
REDE3,201804,0.00638721970652857,9
RENT3,201804,-0.0040157542554442,62
RLOG3,201804,-0.0155133622133448,61
RNEW11,201804,-0.000399604361689847,52
RNEW3,201804,-0.00943665297983873,42
ROMI3,201804,0.00582995616792789,59
RPAD3,201804,0.0118586183808725,54
RPMG3,201804,0.0255183480359672,9
RSID3,201804,0.00559975892163417,58
SANB11,201804,0.0348744200153528,62
SAPR11,201804,0.00990809207295686,67
SAPR3,201804,-0.021017179139605,51
SAPR4,201804,-0.0158551490178406,60
SBSP3,201804,0.0133136428390719,66
SCAR3,201804,0.0168162908279047,57
SEDU3,201804,0.00457274790128311,60
SEER3,201804,-0.00248824809321041,62
SGPS3,201804,0.0797134044905962,57
SHOW3,201804,-0.00841311316777631,61
SHUL4,201804,0.00807363986779074,54
SLCE3,201804,0.00411844089379755,61
SLED4,201804,-0.00402772771935755,61
SMLS3,201804,-0.0134711885947877,62
SMTO3,201804,-0.0328914288951853,62
SNSL3,201804,0.0305218366995314,57
SSBR3,201804,0.0210929154738164,61
STBP3,201804,-0.00265482466928889,62
SULA11,201804,0.0205097186629782,61
SUZB3,201804,0.0434747002148982,64
TAEE11,201804,0.0215003845318526,62
TCSA3,201804,0.00704243066838859,61
TECN3,201804,0.0139735500366261,58
TEKA4,201804,-0.000437556714653172,10
TEND3,201804,0.02084805965752,62
TESA3,201804,-0.0276907662020243,61
TGMA3,201804,0.0472286889469116,61
TIET11,201804,0.016755024846493,58
TIET3,201804,-0.031442771052795,29
TIET4,201804,-0.0428870050157226,29
TIMP3,201804,0.0431981343572327,62
TOTS3,201804,0.0144745701036745,57
TOYB3,201804,0.0132406480328522,9
TOYB4,201804,0.00395638422459187,10
TPIS3,201804,-0.0113701242281074,57
TRIS3,201804,-0.0102693358077121,63
TRPL4,201804,0.00237595457885256,62
TRPN3,201804,0.00229072111370277,52
TUPY3,201804,-0.0120557348694389,65
UCAS3,201804,0.0137342218249747,50
UGPA3,201804,-0.00556991160976762,62
UNIP3,201804,0.00965093306570941,54
UNIP6,201804,-0.0183004104475518,51
USIM3,201804,0.0489427728140738,58
USIM5,201804,0.0483549445207652,63
USIM6,201804,0.055018121462027,55
VALE3,201804,0.000938854237579211,66
VIVR3,201804,-0.036229168959672,50
VIVT3,201804,0.0445871541581908,60
VIVT4,201804,0.0300229241644933,62
VLID3,201804,0.00274699508215673,61
VULC3,201804,-0.0310433900417281,63
VVAR11,201804,0.0304249719395943,63
VVAR3,201804,0.00201768507433685,56
WEGE3,201804,0.0189088342060392,62
WIZS3,201804,-0.00038105800632053,62
WLMM4,201804,-0.0250862762926767,21
AALR3,201805,-0.102829841986212,61
ABCB4,201805,-0.0898120537818998,60
ABEV3,201805,-0.0827530607713861,63
AFLT3,201805,-0.0476602917115705,11
AGRO3,201805,-0.0467937177851987,58
ALPA3,201805,-0.105578235759334,59
ALPA4,201805,-0.110825138448154,62
ALSC3,201805,-0.0842855119549401,63
ALUP11,201805,-0.108957415921484,62
ALUP3,201805,-0.181185417659982,46
ALUP4,201805,-0.136378585538376,43
AMAR3,201805,-0.108618157918822,61
ANIM3,201805,-0.111995728234851,61
ARZZ3,201805,-0.0584970481670211,61
ATOM3,201805,-0.102529441406053,51
AZUL4,201805,-0.113281922466797,62
B3SA3,201805,-0.0945211839184175,64
BBAS3,201805,-0.0987529426799242,64
BBDC3,201805,-0.097609126364338,62
BBDC4,201805,-0.0983083922169176,64
BBRK3,201805,-0.106847443100601,61
BBSE3,201805,-0.0943060675285163,63
BBTG11,201805,-0.0963867140995541,22
BEEF3,201805,-0.108575322573873,61
BIDI4,201805,-0.117660886260952,60
BKBR3,201805,-0.0804130294873166,55
BOBR4,201805,-0.09833067088935,51
BPAC11,201805,-0.103062174640082,60
BPAN4,201805,-0.121448923221525,51
BPHA3,201805,-0.108649335332425,51
BRAP3,201805,-0.114756332801118,60
BRAP4,201805,-0.106068651637707,62
BRDT3,201805,-0.0753596641118626,63
BRFS3,201805,-0.0931422203240927,62
BRGE3,201805,-0.0142471053750278,54
BRIN3,201805,-0.0492252966461044,58
BRIV3,201805,-0.0210488045033999,54
BRKM5,201805,-0.0937581023556601,62
BRML3,201805,-0.111169392618648,63
BRPR3,201805,-0.0598366474490068,61
BRSR3,201805,-0.0318461525993654,54
BRSR6,201805,-0.111325498161806,62
BTOW3,201805,-0.0894392774078974,65
CAMB4,201805,-0.127071706664985,52
CAML3,201805,-0.105809135678059,62
CARD3,201805,-0.0697183905617098,54
CCPR3,201805,-0.0270946124938609,54
CCRO3,201805,-0.115148831031392,63
CEBR3,201805,-0.0218956671491534,12
CEBR5,201805,-0.00857280748119882,7
CEBR6,201805,-0.0452578442425194,12
CEEB3,201805,-0.0748304421871661,14
CEEB5,201805,-0.0873141711142865,9
CEED3,201805,-0.0295831744164921,8
CEED4,201805,-0.0666975022495005,8
CELP3,201805,-0.131906574165386,60
CEPE3,201805,-0.0577970757929793,9
CEPE5,201805,-0.0469279476360044,46
CEPE6,201805,-0.0232194406158706,10
CESP3,201805,-0.0968653361239895,50
CESP6,201805,-0.109597757037989,62
CGAS3,201805,-0.0171479625681472,55
CGAS5,201805,-0.0863551114970653,60
CGRA4,201805,-0.0374472621365577,64
CIEL3,201805,-0.100174538418384,63
CLSC3,201805,0.0178340342861482,7
CLSC4,201805,-0.09004984312951,61
CMIG3,201805,-0.0905154366522162,60
CMIG4,201805,-0.0991584506272408,66
COCE5,201805,-0.0724268970426654,58
CPFE3,201805,-0.0921599678877759,62
CPLE3,201805,-0.0947882231218961,60
CPLE6,201805,-0.0998248437049585,62
CPRE3,201805,-0.0923214938969599,61
CRDE3,201805,-0.101820774883924,61
CREM3,201805,-0.100769063736514,12
CRFB3,201805,-0.10935948246653,62
CRIV3,201805,-0.0196082330083561,54
CRIV4,201805,-0.0847499744189174,55
CRPG5,201805,-0.15472725785452,51
CSAB4,201805,-0.0984919044772297,9
CSAN3,201805,-0.106079963597531,63
CSMG3,201805,-0.103735645306307,61
CSNA3,201805,-0.0960610817685023,62
CSRN3,201805,-0.060786443888475,11
CSRN5,201805,-0.065785348739512,11
CSRN6,201805,-0.0984919044772297,9
CTNM4,201805,-0.00878243955770109,59
CVCB3,201805,-0.0865657520766643,63
CYRE3,201805,-0.110292731413029,62
DHBI4,201805,-0.0979867384020442,12
DIRR3,201805,-0.0598318252045115,61
DMMO3,201805,-0.345538957469061,58
DOHL4,201805,-0.124127042812462,14
DTEX3,201805,-0.0903576519654429,61
ECOR3,201805,-0.11662900236534,62
EEEL3,201805,-0.0649222452886016,8
EEEL4,201805,-0.0577970757929793,9
EGIE3,201805,-0.0841495489214767,62
ELET3,201805,-0.109834960871797,62
ELET6,201805,-0.0996116470583103,62
ELPL3,201805,-0.110861202795348,62
EMAE4,201805,-0.154821290518483,11
EMBR3,201805,-0.102845892561331,63
ENBR3,201805,-0.134896450438592,62
ENEV3,201805,-0.0870045952960012,60
ENGI11,201805,-0.114503894733314,63
ENGI4,201805,-0.114884647679525,59
ENMT3,201805,-0.0263621342425152,42
ENMT4,201805,-0.0629569085598297,42
EQTL3,201805,-0.0966616581632594,63
ESTC3,201805,-0.0899599498175804,63
ETER3,201805,-0.0955613497596405,54
EUCA4,201805,-0.104949783476978,63
EVEN3,201805,-0.117746155588448,61
EZTC3,201805,-0.0736795563797753,61
FESA4,201805,-0.0851640845064641,58
FHER3,201805,-0.00981886208707338,11
FIBR3,201805,-0.103916281961867,62
FJTA4,201805,-0.0896827714731177,55
FLRY3,201805,-0.101495206442523,62
FRAS3,201805,-0.114588232956285,51
FRIO3,201805,-0.0896735826437888,8
GEPA3,201805,-0.100709656277469,29
GEPA4,201805,-0.0626236927167945,29
GFSA3,201805,-0.093161116180979,61
GGBR3,201805,-0.0861424658912387,53
GGBR4,201805,-0.102611391448594,62
GNDI3,201805,-0.0985544243494119,61
GOAU3,201805,-0.0866800628903395,59
GOAU4,201805,-0.107585695475968,62
GOLL4,201805,-0.0788963750901162,62
GPCP3,201805,-0.189151176117403,5
GRND3,201805,-0.100247489011351,62
GUAR3,201805,-0.114361252200056,60
GUAR4,201805,-0.120391643785492,52
HAPV3,201805,-0.108064565796306,62
HBOR3,201805,-0.117449393512971,60
HGTX3,201805,-0.11151697579172,63
HYPE3,201805,-0.091511009425587,63
IDNT3,201805,-0.0852180832221959,51
IGTA3,201805,-0.111147583741751,62
INEP3,201805,-0.0686493280491704,58
IRBR3,201805,-0.0871657954754926,61
ITSA3,201805,-0.116676111314547,61
ITSA4,201805,-0.104970925434517,64
ITUB3,201805,-0.106043192992826,61
ITUB4,201805,-0.094484732864702,64
JBSS3,201805,-0.094823825616881,62
JHSF3,201805,-0.133488545449375,57
JOPA3,201805,-0.0360030682345369,54
JPSA3,201805,-0.0884442072249427,60
JSLG3,201805,-0.11427652065884,61
KEPL3,201805,-0.0363295756882425,26
KLBN11,201805,-0.0878912919893357,63
KLBN4,201805,-0.0922775439618527,55
KROT3,201805,-0.0915964190613953,62
LAME3,201805,-0.106049907415886,62
LAME4,201805,-0.104855690580899,67
LCAM3,201805,-0.134634782031987,61
LEVE3,201805,-0.101113465887005,61
LIGT3,201805,-0.0987279466175826,63
LINX3,201805,-0.103613898553831,61
LIQO3,201805,-0.0548431007215153,57
LLIS3,201805,0.00668697241965033,47
LOGN3,201805,-0.0897184779103867,60
LPSB3,201805,-0.114012039767779,56
LREN3,201805,-0.109632705630178,62
LUPA3,201805,-0.09062056458425,51
MAGG3,201805,-0.105959586385472,60
MDIA3,201805,-0.102399288629591,61
MEAL3,201805,-0.0841409157649123,60
MGLU3,201805,-0.0958135887528291,63
MILS3,201805,-0.114738213242009,60
MMXM3,201805,-0.115331364009228,51
MNDL3,201805,-0.0957472169389949,9
MOAR3,201805,-0.118336974872797,56
MOVI3,201805,-0.0876647430886264,62
MPLU3,201805,-0.0851489645175008,61
MRFG3,201805,-0.0961581433491313,62
MRVE3,201805,-0.0880613036077941,62
MTSA4,201805,-0.100241912524321,51
MULT3,201805,-0.11394620037151,62
MYPK3,201805,-0.10494560222563,62
NATU3,201805,-0.119491821174892,63
ODPV3,201805,-0.0826075583200043,61
OFSA3,201805,-0.103324482642673,57
OGXP3,201805,-0.132402292197197,32
OIBR3,201805,-0.0938630558903524,62
OIBR4,201805,-0.105237618254925,61
OMGE3,201805,-0.108525303847471,61
PARD3,201805,-0.108890254609031,62
PCAR4,201805,-0.0902612433344434,62
PDGR3,201805,-0.111270779857069,51
PETR3,201805,-0.101980791537545,62
PETR4,201805,-0.0906187653716327,64
PFRM3,201805,-0.0543197985183953,60
PINE4,201805,-0.0798750999291296,50
PLAS3,201805,-0.0486353351047936,9
PMAM3,201805,-0.124185126944888,50
PNVL3,201805,-0.104977987390395,64
PNVL4,201805,-0.108851640680868,60
POMO3,201805,-0.0913323417655961,51
POMO4,201805,-0.0860372574724512,56
POSI3,201805,-0.128869706599099,58
PRIO3,201805,-0.0797440770915712,57
PSSA3,201805,-0.0873934796676104,61
PTBL3,201805,-0.0723704524388439,59
QGEP3,201805,-0.116972671849306,60
QUAL3,201805,-0.0867587761566749,62
RADL3,201805,-0.110920539578458,62
RAIL3,201805,-0.1099785935191,63
RAPT3,201805,-0.0287289031301607,54
RAPT4,201805,-0.126115961457238,64
RCSL4,201805,-0.112050621624076,51
RDNI3,201805,-0.114976610777586,54
REDE3,201805,-0.0879871437190136,9
RENT3,201805,-0.084829621169689,62
RLOG3,201805,-0.113543396183461,61
RNEW11,201805,-0.148756812669886,53
RNEW3,201805,-0.128507839593832,43
ROMI3,201805,-0.126192183587174,59
RPAD3,201805,-0.0149022894543321,54
RPMG3,201805,-0.0695672629507856,9
RSID3,201805,-0.146917410484853,53
SANB11,201805,-0.0660582361817949,62
SAPR11,201805,-0.0915443867667935,65
SAPR3,201805,-0.0258194254547001,49
SAPR4,201805,-0.0308411067734097,54
SBSP3,201805,-0.11158396496998,65
SCAR3,201805,-0.106383855223657,57
SEDU3,201805,-0.0861325674525285,60
SEER3,201805,-0.116001297044838,62
SGPS3,201805,-0.112006696657237,52
SHOW3,201805,-0.035556689658437,61
SHUL4,201805,-0.0221804675742817,57
SLCE3,201805,-0.0638125933684619,60
SLED4,201805,-0.0797221979831217,61
SMLS3,201805,-0.109436586157887,62
SMTO3,201805,-0.124317755641162,62
SNSL3,201805,-0.0697951152166414,58
SSBR3,201805,-0.0783413500947491,61
STBP3,201805,-0.121205986189468,62
SULA11,201805,-0.076016814670495,61
SUZB3,201805,-0.108826665674484,63
TAEE11,201805,-0.0920701608911649,62
TCSA3,201805,-0.107716845153249,60
TECN3,201805,-0.118089839119006,59
TEKA4,201805,-0.0782118495518865,9
TEND3,201805,-0.0970538517871909,61
TESA3,201805,-0.131742894131243,59
TGMA3,201805,-0.0945680114437757,61
TIET11,201805,-0.0860214244994768,62
TIET3,201805,-0.115816258035418,29
TIET4,201805,-0.116618827797918,29
TIMP3,201805,-0.093196405592031,62
TOTS3,201805,-0.096089799622472,61
TOYB3,201805,-0.0878304195639104,8
TOYB4,201805,-0.0844467876017416,9
TPIS3,201805,-0.113162680046493,58
TRIS3,201805,-0.114822316524182,61
TRPL4,201805,-0.105198595877088,61
TRPN3,201805,-0.0738805066280381,50
TUPY3,201805,-0.0988466203351952,64
UCAS3,201805,-0.139454291000033,50
UGPA3,201805,-0.101040851346069,62
UNIP3,201805,-0.0533935241411257,54
UNIP6,201805,-0.0952848421023502,60
USIM3,201805,-0.123956575061374,60
USIM5,201805,-0.103363252943073,63
USIM6,201805,-0.128248523381674,56
VALE3,201805,-0.0885500019183008,65
VIVR3,201805,0.0566398109344095,52
VIVT3,201805,-0.108276235099529,61
VIVT4,201805,-0.085081675837897,62
VLID3,201805,-0.114020969924395,61
VULC3,201805,-0.117268898037942,63
VVAR11,201805,-0.101460191583609,62
VVAR3,201805,-0.0798810090452787,55
WEGE3,201805,-0.105072788038065,62
WIZS3,201805,-0.0816977919641758,61
WLMM4,201805,-0.0315645480085452,21
AALR3,201806,-0.0613494650498898,60
ABCB4,201806,-0.0133615567633531,59
ABEV3,201806,-0.04725536485892,62
AFLT3,201806,-0.0588881481063049,12
AGRO3,201806,-0.0607054645932117,59
ALPA3,201806,-0.0522956132101445,58
ALPA4,201806,-0.0862311929616422,61
ALSC3,201806,-0.0450193657029135,62
ALUP11,201806,-0.06405974955878,61
ALUP3,201806,-0.0942941067521051,42
ALUP4,201806,-0.0667645361408346,29
AMAR3,201806,-0.0948552857744203,60
ANIM3,201806,-0.0806897568527694,60
ARZZ3,201806,-0.033596304115342,61
AZUL4,201806,-0.0404449435433288,61
B3SA3,201806,-0.0450970631960472,63
BBAS3,201806,-0.0581575903047462,63
BBDC3,201806,-0.0571868538340823,61
BBDC4,201806,-0.0673869561416543,63
BBRK3,201806,-0.0570186941035876,60
BBSE3,201806,-0.0436775941338539,62
BBTG11,201806,-0.0211595631805368,22
BEEF3,201806,-0.0568017736459339,61
BIDI4,201806,-0.0870196049090104,59
BKBR3,201806,-0.0345393750230119,59
BOBR4,201806,-0.089726488389439,51
BPAC11,201806,-0.0502100257500816,54
BPAN4,201806,-0.114841245017284,51
BPHA3,201806,-0.109624184030603,51
BRAP3,201806,-0.0582875208396161,59
BRAP4,201806,-0.0417758848276538,62
BRDT3,201806,-0.0406783523137068,62
BRFS3,201806,-0.0392860926355501,62
BRGE3,201806,-0.0615677753971695,52
BRIN3,201806,-0.0202799940093927,57
BRIV3,201806,-0.0303659760706854,52
BRKM5,201806,-0.0427856652818406,62
BRML3,201806,-0.0831740435662724,63
BRPR3,201806,-0.0525430722764555,60
BRSR3,201806,-0.0662612242532358,52
BRSR6,201806,-0.0467904811306075,61
BSEV3,201806,-0.108765503237552,51
BTOW3,201806,-0.0382864637615564,64
CAMB4,201806,-0.0662941575221584,51
CAML3,201806,-0.0777133366912555,61
CARD3,201806,-0.0282451588302685,15
CCPR3,201806,-0.0377322481807121,52
CCRO3,201806,-0.0476269885550821,62
CEBR3,201806,-0.0112913971171908,12
CEBR5,201806,0.00233337555970607,7
CEBR6,201806,-0.0189671673435568,12
CEEB3,201806,-0.0624926798879054,13
CEEB5,201806,-0.0150759605795116,8
CEED3,201806,-0.0852368483945434,8
CEED4,201806,-0.0553600840641616,8
CELP3,201806,-0.0824021614272929,58
CEPE3,201806,-0.0814796153446058,9
CEPE5,201806,-0.022522144451838,49
CEPE6,201806,-0.00681382948683503,10
CESP3,201806,-0.0822197288388841,50
CESP6,201806,-0.0589696760024626,62
CGAS3,201806,-0.0455503537593626,53
CGAS5,201806,0.00236253613602189,60
CGRA4,201806,-0.0662296478616542,61
CIEL3,201806,-0.0484727465301942,62
CLSC3,201806,-0.000659507898701777,7
CLSC4,201806,-0.00393121141657317,60
CMIG3,201806,-0.0452467950652458,60
CMIG4,201806,-0.0369888751934012,65
COCE5,201806,-0.0487618721787999,58
CPFE3,201806,-0.0630055816662807,61
CPLE3,201806,-0.0518874086268015,59
CPLE6,201806,-0.0426663900820338,61
CPRE3,201806,-0.0375967304227449,59
CRDE3,201806,-0.0550316715863083,59
CREM3,201806,-0.122180518289593,13
CRFB3,201806,-0.0447048438453182,61
CRIV3,201806,-0.0425640504718329,52
CRIV4,201806,-0.0335303039766726,54
CRPG5,201806,-0.111487346069905,51
CSAB4,201806,-0.0289364268799326,8
CSAN3,201806,-0.0713091532487109,62
CSMG3,201806,-0.0410839820446172,61
CSNA3,201806,-0.0419372089954631,61
CSRN3,201806,-0.057383523253644,14
CSRN5,201806,-0.0609766169184115,13
CSRN6,201806,-0.0150759605795116,8
CTNM4,201806,-0.0361869139878689,58
CVCB3,201806,-0.044729626956158,61
CYRE3,201806,-0.0668207474926236,61
DHBI4,201806,-0.00668792150679601,12
DIRR3,201806,-0.0655227356064142,59
DOHL4,201806,-0.047757989199212,15
DTEX3,201806,-0.0443733786889038,60
ECOR3,201806,-0.0509379746192868,61
EEEL3,201806,-0.0847084209339329,8
EEEL4,201806,-0.0814796153446058,9
EGIE3,201806,-0.0486187249501264,61
ELET3,201806,-0.0892617591048486,61
ELET6,201806,-0.0550805331517394,62
ELPL3,201806,-0.0478809564507366,56
EMAE4,201806,-0.0747179397721771,8
EMBR3,201806,-0.0380393019593248,62
ENBR3,201806,-0.0397833838333799,61
ENEV3,201806,-0.0624033288530621,59
ENGI11,201806,-0.0656564952469896,62
ENGI4,201806,-0.0624749293900512,58
ENMT3,201806,-0.0174411148082817,43
ENMT4,201806,-0.0174003371822644,43
EQTL3,201806,-0.0665579961239477,62
ESTC3,201806,-0.0417676482963801,62
ETER3,201806,-0.0384815043436186,39
EUCA4,201806,-0.0485378785198461,62
EVEN3,201806,-0.0748672860814517,60
EZTC3,201806,-0.03836150443444,60
FESA4,201806,-0.0422208019540187,58
FIBR3,201806,-0.0333918293896623,62
FJTA4,201806,-0.0382351167239219,54
FLRY3,201806,-0.0489269708949048,61
FRAS3,201806,-0.115990313390517,51
FRIO3,201806,-0.0300237195199673,8
GEPA3,201806,-0.0117575835401292,30
GEPA4,201806,-0.0534554673247652,30
GFSA3,201806,-0.0475654500186259,60
GGBR3,201806,-0.0480114035005709,58
GGBR4,201806,-0.0414258624457362,61
GNDI3,201806,-0.0469218983879015,60
GOAU3,201806,-0.043566205331782,59
GOAU4,201806,-0.0383040571579905,61
GOLL4,201806,-0.041234582081798,61
GPCP3,201806,-0.0331286533618673,16
GRND3,201806,-0.0379149968165631,60
GUAR3,201806,-0.0405207878345617,60
GUAR4,201806,-0.0879576808630966,54
HAPV3,201806,-0.0411914453253939,62
HBOR3,201806,-0.0540885162004761,58
HGTX3,201806,-0.0875294242592414,62
HYPE3,201806,-0.0574306938451777,62
IDNT3,201806,-0.0397582589837868,49
IGTA3,201806,-0.0899954358773204,61
INEP3,201806,-0.027564233292852,56
IRBR3,201806,-0.0423165449097899,61
ITSA3,201806,-0.0561945645866489,60
ITSA4,201806,-0.0326817593141989,63
ITUB3,201806,-0.0545972727234234,60
ITUB4,201806,-0.0464905486759765,63
JBSS3,201806,-0.0444935485441258,62
JHSF3,201806,-0.0610471880647319,56
JOPA3,201806,-0.0425640504718329,52
JPSA3,201806,-0.0339069955446467,55
JSLG3,201806,-0.0877727023820623,59
KEPL3,201806,-0.031020816318195,42
KLBN11,201806,-0.0372987081403807,61
KLBN4,201806,-0.0308400636463591,54
KROT3,201806,-0.0455480060231476,61
LAME3,201806,-0.0513221567503461,61
LAME4,201806,-0.041957274926685,66
LCAM3,201806,-0.0306246347518306,60
LEVE3,201806,-0.0363221750688277,59
LIGT3,201806,-0.0485723593052515,62
LINX3,201806,-0.0615284122134223,61
LIQO3,201806,-0.0623645566442765,22
LLIS3,201806,-0.0289152171556576,57
LOGN3,201806,-0.0278714027824635,60
LPSB3,201806,-0.0637159468550349,52
LREN3,201806,-0.0443962316339098,62
LUPA3,201806,-0.0986166066180036,51
MAGG3,201806,-0.0532543753815327,59
MDIA3,201806,-0.0488939250344098,60
MEAL3,201806,-0.0516894400611546,60
MGLU3,201806,-0.033309145034542,62
MILS3,201806,-0.0798280465096102,59
MMXM3,201806,-0.114492261103104,51
MNDL3,201806,-0.0273479010021909,8
MOAR3,201806,-0.0636488174565693,56
MOVI3,201806,-0.0888883106147853,60
MPLU3,201806,-0.00121428423857518,59
MRFG3,201806,-0.0416694981543526,61
MRVE3,201806,-0.0393443609955806,61
MULT3,201806,-0.041366209033516,61
MYPK3,201806,-0.0367530448227508,61
NATU3,201806,-0.0925130168078503,62
ODPV3,201806,-0.0429158685723661,60
OFSA3,201806,-0.0448967626585564,56
OGXP3,201806,-0.0796493223270547,51
OIBR3,201806,-0.0410176991427313,61
OIBR4,201806,-0.0381611962247236,60
OMGE3,201806,-0.0785751163709676,60
PARD3,201806,-0.0651735055446015,61
PCAR4,201806,-0.0402696800975662,62
PDGR3,201806,-0.110766581162096,55
PETR3,201806,-0.0407409554977501,62
PETR4,201806,-0.0394104094635606,63
PFRM3,201806,-0.0468664720878341,58
PINE4,201806,-0.0533072118288764,49
PLAS3,201806,-0.0123455172709114,8
PMAM3,201806,-0.0209722228833374,28
PNVL3,201806,-0.0385215291684887,68
PNVL4,201806,-0.0506779666547608,60
POMO3,201806,-0.0327569547183011,50
POMO4,201806,-0.0250925869190082,55
POSI3,201806,-0.029732459240399,51
PRIO3,201806,-0.0181302281102937,57
PSSA3,201806,-0.000700124025711062,60
PTBL3,201806,-0.0964840648932726,49
QGEP3,201806,-0.0526269106956,59
QUAL3,201806,-0.045275211856527,61
RADL3,201806,-0.0488671607875791,61
RAIL3,201806,-0.0472296591889026,62
RAPT3,201806,-0.0342022385525323,52
RAPT4,201806,-0.0298417792688696,64
RCSL4,201806,-0.126525607545665,51
RDNI3,201806,-0.0577030001242969,60
REDE3,201806,-0.0289364268799326,8
RENT3,201806,-0.0394451949229439,61
RLOG3,201806,-0.0730948632853333,60
RNEW11,201806,-0.0731322779837404,54
RNEW3,201806,-0.108628107478071,43
ROMI3,201806,-0.035536244402373,52
RPAD3,201806,-0.0425640504718329,52
RPMG3,201806,0.00160076722195058,8
RSID3,201806,-0.0502008095148588,52
SANB11,201806,-0.024621763853502,61
SAPR11,201806,-0.0423814491248615,64
SAPR3,201806,-0.0389419060134678,48
SAPR4,201806,-0.0367347335115541,50
SBSP3,201806,-0.0400382595249356,64
SCAR3,201806,-0.0479123382091332,56
SEDU3,201806,-0.0370355982586327,59
SEER3,201806,-0.0474796452991052,61
SGPS3,201806,-0.057333935794655,51
SHOW3,201806,-0.0592355968886916,59
SHUL4,201806,-0.039762718431337,56
SLCE3,201806,-0.0264432094324889,60
SLED4,201806,-0.01745701226428,54
SMLS3,201806,-0.0602419154622371,61
SMTO3,201806,-0.0786282013201307,61
SNSL3,201806,-0.0416501744590705,58
SSBR3,201806,-0.0533761484378551,59
STBP3,201806,-0.0395578493758568,61
SULA11,201806,-0.0422475643442897,61
SUZB3,201806,-0.0457005737202294,63
TAEE11,201806,-0.047085198647879,61
TCSA3,201806,-0.0604898995839961,59
TECN3,201806,-0.0584818438568224,56
TEKA4,201806,-0.034460901886296,8
TEND3,201806,-0.0429601023748004,61
TESA3,201806,-0.0625683842391397,57
TGMA3,201806,-0.0351287353528117,59
TIET11,201806,-0.0444886071620742,61
TIET3,201806,-0.0375897345068387,29
TIET4,201806,-0.043549268162303,29
TIMP3,201806,-0.0452384963734791,61
TOTS3,201806,-0.059615721907069,60
TOYB3,201806,-0.0322958483967392,8
TOYB4,201806,-0.0198786298536929,8
TPIS3,201806,-0.124637722036765,51
TRIS3,201806,-0.0419501696414564,63
TRPL4,201806,-0.0410486287975838,61
TRPN3,201806,-0.0658225352480534,52
TUPY3,201806,-0.0459103436074988,63
UGPA3,201806,-0.0408514801970502,62
UNIP3,201806,-0.033592233565,52
UNIP6,201806,-0.0487740698741261,59
USIM3,201806,-0.05874197282246,59
USIM5,201806,-0.0461108183878119,62
USIM6,201806,-0.0572802675054295,56
VALE3,201806,-0.0347757028022204,64
VIVR3,201806,-0.0275529463407625,53
VIVT3,201806,-0.0423250827405388,59
VIVT4,201806,-0.0491955633881631,61
VLID3,201806,-0.045253315161111,60
VULC3,201806,-0.0810073969595574,62
VVAR11,201806,-0.0403522212698211,61
VVAR3,201806,-0.0302974878467056,55
WEGE3,201806,-0.0466874879361853,61
WIZS3,201806,-0.0327579986484596,61
WLMM4,201806,-0.0719052327615982,20
AALR3,201807,0.0508507869717232,59
ABCB4,201807,0.0472606930479529,59
ABEV3,201807,0.0596366229320046,61
AFLT3,201807,0.0237611911065694,12
AGRO3,201807,0.0811263426071447,59
ALPA3,201807,0.0332735744368839,58
ALPA4,201807,0.0651832276114825,61
ALSC3,201807,0.0562141001359762,61
ALUP11,201807,0.0630952245272348,61
ALUP3,201807,0.0751820380462296,46
ALUP4,201807,0.0853087834505534,47
AMAR3,201807,0.0642827504765742,60
ANIM3,201807,0.0764012503977499,59
ARZZ3,201807,0.0743813955574449,59
AZUL4,201807,0.086641860727868,59
B3SA3,201807,0.0622400616342504,62
BBAS3,201807,0.0734245631315321,62
BBDC3,201807,0.0821165917680603,60
BBDC4,201807,0.0706009634273665,62
BBRK3,201807,0.0665894955201328,59
BBSE3,201807,0.0595463223070223,62
BBTG11,201807,0.00699648972079111,22
BEEF3,201807,0.0802381454229414,60
BIDI4,201807,0.066843587857866,59
BKBR3,201807,0.0593420533485748,58
BOBR4,201807,0.0759995454113619,50
BPAC11,201807,0.0575269339894173,54
BPAN4,201807,0.0972462418323866,50
BPHA3,201807,0.080633165980371,50
BRAP3,201807,0.0611831586909565,58
BRAP4,201807,0.0559650147239693,61
BRDT3,201807,0.0771361866098781,61
BRFS3,201807,0.0749901554261075,61
BRGE3,201807,0.125758671778113,52
BRIN3,201807,0.0656019385947933,57
BRIV3,201807,0.126688776419526,52
BRKM5,201807,0.048815829582677,62
BRML3,201807,0.0725884614485374,62
BRPR3,201807,0.103346484506422,59
BRSR3,201807,0.107111946723655,52
BRSR6,201807,0.0626203262218788,60
BSEV3,201807,0.0955325074391298,50
BTOW3,201807,0.0696357605002243,65
CAMB4,201807,0.0655489506937091,51
CAML3,201807,0.0638290771748269,60
CARD3,201807,0.0527753100429837,10
CCPR3,201807,0.121330885515572,52
CCRO3,201807,0.0563911665968411,61
CEBR3,201807,0.00469562206890562,12
CEBR5,201807,-0.0519917594717268,7
CEBR6,201807,-0.0102013060908257,12
CEEB3,201807,-0.021302712124059,13
CEEB5,201807,0.0731008925562164,10
CEED3,201807,-0.0178028546960579,11
CEED4,201807,-0.0340056969309782,11
CELP3,201807,0.101465476925471,57
CEPE3,201807,-0.015294122761165,12
CEPE5,201807,0.0359207072006681,49
CEPE6,201807,0.0353188485990139,10
CESP3,201807,0.0469135356959844,50
CESP6,201807,0.0669742204639909,62
CGAS3,201807,0.0724484739551826,52
CGAS5,201807,0.0459165003719734,59
CGRA4,201807,0.0929332987496909,62
CIEL3,201807,0.0715092737853791,60
CLSC3,201807,-0.00210597993896906,7
CLSC4,201807,0.077926294469815,60
CMIG3,201807,0.049289558864221,59
CMIG4,201807,0.0699140129470321,65
COCE5,201807,0.0816618832032727,57
CPFE3,201807,0.0742581160176682,60
CPLE3,201807,0.0619884769110423,59
CPLE6,201807,0.0479231127352393,61
CPRE3,201807,0.0671744176644844,58
CRDE3,201807,0.0865246831396969,58
CREM3,201807,0.0594650874997982,14
CRFB3,201807,0.0428661823786938,60
CRIV3,201807,0.127673636799493,52
CRIV4,201807,0.070588205649843,55
CRPG5,201807,0.0805338741859444,50
CSAB4,201807,0.0752940857174312,9
CSAN3,201807,0.0527395865399696,62
CSMG3,201807,0.0674431023807544,61
CSNA3,201807,0.0720125640912302,60
CSRN3,201807,0.000791194601679987,15
CSRN5,201807,-0.00121576775277353,16
CSRN6,201807,0.080264677145688,10
CTNM4,201807,0.127981792032099,57
CVCB3,201807,0.0701819891808095,61
CYRE3,201807,0.0755417134840976,61
DHBI4,201807,-0.00428545765970783,11
DIRR3,201807,0.0632568055126727,59
DOHL4,201807,0.0912444155153482,5
DTEX3,201807,0.0765563852330426,60
ECOR3,201807,0.0658564806791948,60
EEEL3,201807,-0.0189900513781593,11
EEEL4,201807,-0.015294122761165,12
EGIE3,201807,0.0770296931519549,61
ELET3,201807,0.0767901271276078,60
ELET6,201807,0.0603320829883347,60
ELPL3,201807,0.0636801714755693,52
EMAE4,201807,0.0683125197918483,6
EMBR3,201807,0.0767970424801136,61
ENBR3,201807,0.074948154764395,61
ENEV3,201807,0.0418334565260153,59
ENGI11,201807,0.0663301028625238,62
ENGI4,201807,0.0528426118239388,58
EQTL3,201807,0.060567096886742,62
ESTC3,201807,0.0478278310779931,62
ETER3,201807,0.0602577411051035,40
EUCA4,201807,0.0696472911329984,63
EVEN3,201807,0.102960258672474,60
EZTC3,201807,0.0689235877329107,59
FESA4,201807,0.0405268029331834,57
FIBR3,201807,0.0567062621661311,61
FJTA4,201807,0.070720203429926,55
FLRY3,201807,0.0648129476087169,60
FRAS3,201807,0.0539939455749477,51
FRIO3,201807,0.0592741534105062,9
GEPA3,201807,0.0581934141507871,29
GEPA4,201807,0.0507923470917868,29
GFSA3,201807,0.0242359017505541,53
GGBR3,201807,0.0346996804372226,58
GGBR4,201807,0.0616841924769099,62
GNDI3,201807,0.0693593357128423,59
GOAU3,201807,0.0183962102261157,58
GOAU4,201807,0.0513184012863797,61
GOLL4,201807,0.0797223501328603,60
GPCP3,201807,0.0660943537022175,5
GRND3,201807,0.0647276864893177,60
GUAR3,201807,0.057718017748347,60
GUAR4,201807,0.0591982583929714,59
HAPV3,201807,0.0753041144615619,61
HBOR3,201807,0.0597366540200436,58
HGTX3,201807,0.0733427617764426,62
HYPE3,201807,0.0467977008108617,61
IDNT3,201807,0.0505048038618977,50
IGTA3,201807,0.0784624275069137,60
INEP3,201807,0.0608075248267475,57
IRBR3,201807,0.0547373934406164,60
ITSA3,201807,0.0591057321916197,59
ITSA4,201807,0.0545354172576423,62
ITUB3,201807,0.054470730459415,59
ITUB4,201807,0.0670738754547132,62
JBSS3,201807,0.0592382151134363,61
JHSF3,201807,0.113230313282247,56
JOPA3,201807,0.134061839928769,52
JPSA3,201807,0.0707295118260016,55
JSLG3,201807,0.0526433192869337,59
KEPL3,201807,0.0549658171896389,41
KLBN11,201807,0.0685403430454589,61
KLBN4,201807,0.0652269051766208,53
KROT3,201807,0.0603950618725164,60
LAME3,201807,0.0512826987612362,61
LAME4,201807,0.0629588602460281,66
LCAM3,201807,0.0645775811366172,59
LEVE3,201807,0.0563804790025548,59
LIGT3,201807,0.0601358786085166,61
LINX3,201807,0.0530909946893546,60
LIQO3,201807,0.00105379619573936,23
LLIS3,201807,0.115200425007582,56
LOGN3,201807,0.054225985683276,61
LPSB3,201807,0.0766441847926295,51
LREN3,201807,0.0637586242794325,61
LUPA3,201807,0.0631629374729599,50
MAGG3,201807,0.0481708931722528,58
MDIA3,201807,0.0614768506356413,59
MEAL3,201807,0.0697840500372827,59
MGLU3,201807,0.0655499581383924,61
MILS3,201807,0.0639177210102105,58
MMXM3,201807,0.0980440147395923,50
MNDL3,201807,0.0666638269781714,9
MOAR3,201807,0.0646427041602506,57
MOVI3,201807,0.0484762155818589,59
MPLU3,201807,0.0572295484560203,59
MRFG3,201807,0.0639267812151957,60
MRVE3,201807,0.0653812440991027,60
MULT3,201807,0.0525324435766255,60
MYPK3,201807,0.0602557154551269,61
NATU3,201807,0.0808240691809337,61
ODPV3,201807,0.0634309427974034,59
OFSA3,201807,0.0683322997244915,54
OGXP3,201807,0.111548769739829,51
OIBR3,201807,0.0621817110981533,61
OIBR4,201807,0.0487424614358092,60
OMGE3,201807,0.0711294116799797,59
PARD3,201807,0.064215486629882,61
PCAR4,201807,0.0649989614586045,60
PDGR3,201807,0.0863255574462119,50
PETR3,201807,0.0663321992177193,60
PETR4,201807,0.0699843173911401,62
PFRM3,201807,0.0739205860598349,52
PINE4,201807,0.0464999215363711,50
PLAS3,201807,0.0396164413926756,11
PMAM3,201807,0.111728411725172,24
PNVL3,201807,0.0702304097551681,66
PNVL4,201807,0.0702482095305994,59
POMO3,201807,0.0339759408640533,50
POMO4,201807,0.046381508788953,55
POSI3,201807,0.0148197414527659,50
PRIO3,201807,0.0529651162844094,58
PSSA3,201807,0.0569165704950797,60
PTBL3,201807,0.0661725333977024,50
QGEP3,201807,0.0574620800312163,58
QUAL3,201807,0.0613367367341371,60
RADL3,201807,0.0715174846370529,60
RAIL3,201807,0.070786257921894,61
RAPT3,201807,0.123717462104976,52
RAPT4,201807,0.0642901469168643,64
RCSL4,201807,0.097000802128266,50
RDNI3,201807,0.067980059669659,58
REDE3,201807,0.0627698081922167,11
RENT3,201807,0.0605248214497345,61
RLOG3,201807,0.0534335265164224,59
RNEW11,201807,0.0613640039173507,36
ROMI3,201807,0.0586570127259875,51
RPAD3,201807,0.121438261496276,52
RPMG3,201807,0.0684252905153466,11
RSID3,201807,0.0790445807742986,51
SANB11,201807,0.0766792879863449,60
SAPR11,201807,0.0659003638395733,64
SAPR3,201807,0.0852296330462265,48
SAPR4,201807,0.01345474403439,50
SBSP3,201807,0.071983253850187,64
SCAR3,201807,0.0871553370147201,56
SEDU3,201807,0.0977709813785682,58
SEER3,201807,0.0601360996674473,61
SGPS3,201807,0.0497302352793163,51
SHOW3,201807,0.0833584295325201,58
SHUL4,201807,0.133768287915588,55
SLCE3,201807,0.0716386870456805,59
SLED4,201807,0.0669953902609735,55
SMLS3,201807,0.0779745046025612,61
SMTO3,201807,0.0687741216929576,60
SNSL3,201807,0.0938483210132906,57
SSBR3,201807,0.0588887838304744,58
STBP3,201807,0.066183513683888,60
SULA11,201807,0.0721065561980916,60
SUZB3,201807,0.0632064006808664,62
TAEE11,201807,0.0718987945612417,60
TCSA3,201807,0.0873266541419953,58
TECN3,201807,0.0762695239292392,56
TEKA4,201807,0.0620758775484372,9
TEND3,201807,0.0555268665476094,60
TESA3,201807,0.0637322317050197,57
TGMA3,201807,0.0523781204409913,59
TIET11,201807,0.0405593911576264,60
TIET3,201807,0.0275063508616157,29
TIET4,201807,0.0337099659153247,29
TIMP3,201807,0.0669848641199471,60
TOTS3,201807,0.0460401760288456,60
TOYB3,201807,0.0646169773878188,10
TOYB4,201807,0.0696335067672133,9
TPIS3,201807,0.0586087419895205,57
TRIS3,201807,0.0681386898252293,60
TRPL4,201807,0.0548152345000422,60
TRPN3,201807,0.0444964009400538,51
TUPY3,201807,0.0493693106033198,64
UGPA3,201807,0.0725067359431463,61
UNIP3,201807,0.129301397632632,52
UNIP6,201807,0.0712147420894157,57
USIM3,201807,0.0593687364796571,58
USIM5,201807,0.0604249213065064,61
USIM6,201807,0.0719891429344302,57
VALE3,201807,0.0630700870797631,64
VIVR3,201807,0.0467797499053035,53
VIVT3,201807,0.0539699633711705,59
VIVT4,201807,0.0737055093600591,61
VLID3,201807,0.0495230550055978,59
VULC3,201807,0.0745667935400862,61
VVAR11,201807,0.0700568893360402,60
VVAR3,201807,0.0542063429530016,53
WEGE3,201807,0.0749144980517585,60
WIZS3,201807,0.0615763234378501,60
WLMM4,201807,0.0592651512079544,20
AALR3,201808,-0.0223879491127784,61
ABCB4,201808,-0.00824651153595997,61
ABEV3,201808,-0.0217033341981717,63
AFLT3,201808,-0.0144467997783383,12
AGRO3,201808,0.00449558655842179,61
ALPA3,201808,-0.0310538838249665,60
ALPA4,201808,-0.007739652704687,61
ALSC3,201808,-0.0399869742780169,61
ALUP11,201808,-0.0370107144248232,62
ALUP3,201808,-0.0140835431119044,45
ALUP4,201808,-0.0531700429268499,38
AMAR3,201808,-0.0156409219596969,62
ANIM3,201808,-0.00797508714438493,62
ARZZ3,201808,-0.0434752098516334,62
AZUL4,201808,-0.0302789671016209,61
B3SA3,201808,-0.0234186227824642,63
BBAS3,201808,-0.0304717550709054,64
BBDC3,201808,-0.0545501169938536,62
BBDC4,201808,-0.0172903509230836,63
BBRK3,201808,-0.0368608421628612,61
BBSE3,201808,-0.0309143727857004,63
BBTG11,201808,0.0077606612668937,31
BEEF3,201808,-0.0771383096307924,62
BIDI4,201808,-0.0350001323784986,61
BKBR3,201808,0.00737443462762771,49
BOBR4,201808,-0.0539954697021021,50
BPAC11,201808,-0.0287319423827551,61
BPAC3,201808,0.0117743237256273,17
BPAN4,201808,0.00766032675124159,57
BPHA3,201808,-0.0635175771917709,50
BRAP3,201808,-0.0407592823149136,60
BRAP4,201808,-0.0242708944250507,63
BRDT3,201808,-0.0214865228966257,62
BRFS3,201808,-0.0398812121861962,63
BRGE3,201808,-0.0379314405889607,53
BRIN3,201808,-0.0447528501135211,60
BRIV3,201808,-0.0326942094303324,53
BRKM5,201808,-0.0146734676804086,62
BRML3,201808,-0.00782588969207996,63
BRPR3,201808,-0.0225355766029114,61
BRSR3,201808,-0.0411040725431482,51
BRSR6,201808,-0.0358274542038461,63
BSEV3,201808,-0.0492719574318313,50
BTOW3,201808,-0.0255827590455971,67
CAMB4,201808,-0.0452164234210448,51
CAML3,201808,-0.0156655221123919,62
CARD3,201808,-0.0160052988855527,14
CCPR3,201808,-0.0348107389996278,53
CCRO3,201808,-0.0220388185069174,63
CEBR3,201808,-0.0047459656420312,47
CEBR5,201808,0.0471619030625599,47
CEBR6,201808,0.0102810615568086,47
CEEB3,201808,-0.0179675086566922,16
CEEB5,201808,-0.023784686787907,9
CEED3,201808,-0.0202655721079979,11
CEED4,201808,-0.0174923094390647,11
CELP3,201808,0.00282534779066601,60
CELP5,201808,-0.00102526004288534,47
CEPE3,201808,-0.00844656820976265,12
CEPE5,201808,-0.00929253523686291,49
CEPE6,201808,0.00895859256253346,47
CESP3,201808,-0.023169874905491,50
CESP6,201808,-0.0240235995443903,63
CGAS3,201808,-0.0377702222392703,54
CGAS5,201808,0.00293380884604593,60
CGRA4,201808,-0.0348442136500396,63
CIEL3,201808,-0.0318161588131053,62
CLSC3,201808,0.0373861161063626,47
CLSC4,201808,0.0101173795915162,60
CMIG3,201808,-0.0162230652238525,62
CMIG4,201808,-0.0210916071608804,66
COCE3,201808,0.0136300671798715,6
COCE5,201808,-0.00315711159698889,57
CPFE3,201808,-0.0410650323962227,61
CPLE3,201808,-0.021729788271813,60
CPLE6,201808,-0.0040644697640293,63
CPRE3,201808,-0.0176928726914829,60
CRDE3,201808,-0.0175774605308622,59
CREM3,201808,-0.0254034646059158,13
CRFB3,201808,-0.0359295846956552,62
CRIV3,201808,-0.0287921058327751,53
CRIV4,201808,-0.0212911449026588,55
CRPG5,201808,-0.0973379955188495,50
CSAB4,201808,-0.0267362246274314,8
CSAN3,201808,-0.04323136292168,63
CSMG3,201808,-0.0274201325043552,62
CSNA3,201808,-0.0361264835863447,62
CSRN3,201808,-0.0214794881993015,11
CSRN5,201808,-0.0122731475749547,16
CSRN6,201808,-0.0298052543571628,9
CTNM4,201808,-0.0277529465939651,59
CVCB3,201808,-0.0293774260989245,63
CYRE3,201808,-0.0159922634262832,63
DHBI4,201808,-0.0818398313994413,11
DIRR3,201808,-0.0192533358048076,62
DMMO3,201808,-0.027414758193646,39
DOHL4,201808,-0.0536851739899653,16
DTEX3,201808,-0.0127969368974241,62
ECOR3,201808,-0.0372812799667516,63
EEEL3,201808,-0.0087377498729185,11
EEEL4,201808,0.00698639702618017,11
EGIE3,201808,-0.0206165317508822,63
ELET3,201808,-0.00596723367007526,62
ELET6,201808,-0.0203092160510737,64
ELPL3,201808,-0.00970201687648077,50
EMAE4,201808,-0.0574670795798727,5
EMBR3,201808,-0.0279499550558614,63
ENBR3,201808,-0.0321203005870204,63
ENEV3,201808,-0.0265916441077915,61
ENGI11,201808,-0.0248282965625971,62
ENGI4,201808,-0.0482929271923311,60
EQTL3,201808,-0.0115432263227134,63
ESTC3,201808,-0.0138514161566424,64
ETER3,201808,-0.015708503971208,39
EUCA4,201808,-0.0332866734586771,64
EVEN3,201808,-0.0910424341248697,62
EZTC3,201808,-0.00505834610133506,56
FESA4,201808,0.00294285475098663,55
FIBR3,201808,-0.0167189278316289,62
FJTA4,201808,-0.0330820935294369,55
FLRY3,201808,-0.0265295235940678,63
FRAS3,201808,-0.0198457609529189,51
FRIO3,201808,-0.0298052543571628,9
GEPA3,201808,0.00968467467381815,27
GEPA4,201808,-0.0258210686452858,27
GFSA3,201808,0.00647248460667966,59
GGBR3,201808,-0.0184435844207974,60
GGBR4,201808,-0.0284702839252291,63
GNDI3,201808,-0.0421677562729148,61
GOAU3,201808,-0.0284769910916313,60
GOAU4,201808,-0.029540138890204,63
GOLL4,201808,-0.022094456938514,63
GPCP3,201808,-0.00667733431516318,5
GRND3,201808,-0.00846160609981596,62
GUAR3,201808,-0.0269932641738598,61
GUAR4,201808,-0.0388454534760369,61
HAPV3,201808,-0.0289271863586181,62
HBOR3,201808,-0.0454727822283844,60
HGTX3,201808,-0.0064073738687386,63
HYPE3,201808,-0.0224981499125296,62
IDNT3,201808,-0.0170438021192277,50
IGTA3,201808,-0.0150876593837988,63
INEP3,201808,-0.0191902022202094,58
IRBR3,201808,-0.0254696527081744,63
ITSA3,201808,-0.0421056097448679,61
ITSA4,201808,-0.028209744549992,63
ITUB3,201808,-0.015581236347146,62
ITUB4,201808,-0.029975774463038,63
JBSS3,201808,-0.0177744133315165,62
JHSF3,201808,-0.0464724209010494,56
JOPA3,201808,-0.0294341955999575,53
JPSA3,201808,-0.0135343045723451,56
JSLG3,201808,-0.0219106050142304,59
KEPL3,201808,-0.0209935356554362,41
KLBN11,201808,-0.0183262581924372,62
KLBN4,201808,-0.0134713048908579,55
KROT3,201808,-0.0400435901827399,62
LAME3,201808,-0.0227415820013482,62
LAME4,201808,-0.034965106591061,66
LCAM3,201808,-0.0776993267040397,61
LEVE3,201808,0.00163315234614076,61
LIGT3,201808,-0.0256436443471967,63
LINX3,201808,-0.0196507570098392,62
LIQO3,201808,-0.074767911451422,53
LLIS3,201808,-0.0424951482673657,57
LOGN3,201808,-0.0183176486440763,62
LPSB3,201808,-0.0408300658866947,52
LREN3,201808,-0.0266612883358907,63
LUPA3,201808,-0.0724434017788619,50
MAGG3,201808,-0.0220633814351384,58
MDIA3,201808,-0.0422413869745667,61
MEAL3,201808,-0.0185082149050632,62
MERC4,201808,0.0471619030625599,47
MGLU3,201808,-0.0284805882464115,62
MILS3,201808,-0.029563832698373,59
MMXM3,201808,-0.0736536892604222,50
MNDL3,201808,-0.0448484041532754,9
MOAR3,201808,-0.0445355210673096,59
MOVI3,201808,-0.0330342572259846,59
MPLU3,201808,-0.00541806954773632,58
MRFG3,201808,-0.0163406321238898,62
MRVE3,201808,-0.0235577468644673,63
MULT3,201808,-0.0339285847098691,62
MYPK3,201808,-0.0170214412501066,63
NATU3,201808,-0.00678841829594332,62
ODPV3,201808,-0.00402542110882131,57
OFSA3,201808,-0.0502814434398045,57
OGXP3,201808,-0.0587382100081114,50
OIBR3,201808,-0.0248295790456944,66
OIBR4,201808,-0.017569535442647,61
OMGE3,201808,-0.0169727120232323,62
PARD3,201808,-0.0247109848345901,61
PCAR4,201808,-0.0166974424490931,63
PDGR3,201808,-0.0706010749244029,50
PETR3,201808,-0.0300843109823378,62
PETR4,201808,-0.0373051456999213,63
PFRM3,201808,-0.0450410124675536,52
PINE4,201808,-0.00183358404580828,50
PLAS3,201808,-0.0038756961392223,9
PMAM3,201808,-0.0312186049206403,25
PNVL3,201808,-0.038730492012997,65
PNVL4,201808,-0.0374429897695055,61
POMO3,201808,-0.00899103733536449,49
POMO4,201808,-0.00767181095349271,61
POSI3,201808,-0.0589935185325683,51
PRIO3,201808,0.00209626325179248,58
PSSA3,201808,-0.0111347696662748,61
PTBL3,201808,-0.00085958402631392,57
QGEP3,201808,-0.0183612192979236,61
QUAL3,201808,-0.0195770912173395,63
RADL3,201808,-0.0207761558847382,62
RAIL3,201808,-0.0300233514714305,63
RAPT3,201808,-0.0288775359027805,53
RAPT4,201808,-0.0338479250108531,62
RCSL4,201808,-0.077244913788972,50
RDNI3,201808,-0.0372516760831035,60
REDE3,201808,-0.0273327679011531,9
RENT3,201808,-0.0134496385836342,63
RLOG3,201808,-0.0452547563077366,62
RNEW11,201808,-0.0335366007163451,42
RNEW3,201808,-0.0269929306723897,36
ROMI3,201808,-0.0409291701926796,52
RPAD3,201808,-0.0293008145689196,53
RPMG3,201808,-0.0187790565174523,8
RSID3,201808,-0.0772745126434934,50
SANB11,201808,-0.0188894950070872,62
SAPR11,201808,-0.0397264573313969,66
SAPR4,201808,0.069129606682257,36
SBSP3,201808,-0.037276739320488,66
SCAR3,201808,-0.0206699459611223,58
SEDU3,201808,-0.0267689693411754,60
SEER3,201808,-0.0312431118506669,62
SGPS3,201808,-0.0327081343664409,51
SHOW3,201808,-0.0170182550502131,61
SHUL4,201808,-0.0234998992442407,56
SLCE3,201808,-0.0225499656932096,62
SLED4,201808,-0.0147676895836879,55
SMLS3,201808,-0.0232498715067861,63
SMTO3,201808,-0.0141886000398444,62
SNSL3,201808,-0.0418877907921376,60
SSBR3,201808,-0.0356798086989351,61
STBP3,201808,-0.0333557204578051,62
SULA11,201808,-0.00981860768674914,62
SUZB3,201808,-0.0293712927264074,63
TAEE11,201808,-0.0221654329975501,63
TCSA3,201808,-0.00782135499455559,61
TECN3,201808,-0.0441769523319828,57
TEKA4,201808,-0.0196339807301674,9
TEND3,201808,-0.0193109893277042,62
TESA3,201808,-0.0513133611100658,57
TGMA3,201808,-0.0158389921060833,61
TIET11,201808,-0.0302404641285857,62
TIET3,201808,-0.0368900145625525,28
TIET4,201808,-0.0531289776467628,28
TIMP3,201808,-0.0257572298333278,62
TOTS3,201808,-0.0044282664376221,58
TOYB3,201808,-0.0120562917261785,9
TOYB4,201808,-0.0122670716117552,9
TPIS3,201808,-0.0590320763813044,50
TRIS3,201808,-0.0277433463155751,66
TRPL4,201808,-0.0154813150103847,63
TRPN3,201808,-0.0258470384056561,51
TUPY3,201808,-0.0239039524834902,65
UGPA3,201808,-0.0178321712715334,63
UNIP3,201808,-0.0381358555149536,53
UNIP6,201808,-0.0259707850077123,58
USIM3,201808,-0.0384632538617269,59
USIM5,201808,-0.0426038862972489,63
USIM6,201808,-0.0418919468953181,59
VALE3,201808,-0.0268566363612526,65
VIVR3,201808,-0.00452946711502784,53
VIVT3,201808,-0.0165602092823003,61
VIVT4,201808,-0.0221554189240097,63
VLID3,201808,-0.0044187883102463,61
VULC3,201808,-0.00875606082871913,63
VVAR11,201808,-0.0163611486274067,62
VVAR3,201808,-5.62072987906492e-05,55
WEGE3,201808,-0.0368221319606266,62
WIZS3,201808,-0.0167618056474155,62
WLMM4,201808,0.00308113051600097,20
AALR3,201809,-0.0103033493680744,59
ABCB4,201809,-0.0287544597349867,59
ABEV3,201809,0.0196487921294618,60
AFLT3,201809,-0.0285850841107676,12
AGRO3,201809,-0.00759757000726601,58
ALPA3,201809,0.00575474569179445,58
ALPA4,201809,0.0055544812566637,61
ALSC3,201809,-0.0243286879790272,60
ALUP11,201809,-0.00375988738088689,61
ALUP3,201809,-0.0438370729044663,44
ALUP4,201809,-0.000910512570160459,39
AMAR3,201809,-0.00939392257712591,60
ANIM3,201809,-0.00488653168846728,60
ARZZ3,201809,-0.00496819488062465,60
AZUL4,201809,0.00747011487070706,60
B3SA3,201809,0.0101712470474077,60
BBAS3,201809,0.0104321833843279,62
BBDC3,201809,-0.0233346898086903,60
BBDC4,201809,-0.00064250055488193,61
BBRK3,201809,0.00572024467823159,60
BBSE3,201809,0.00522422580263646,60
BBTG11,201809,-0.0213492553494049,30
BEEF3,201809,-0.0228085599414108,60
BIDI4,201809,-0.00452795938296108,59
BKBR3,201809,-0.0511772352268668,52
BOBR4,201809,-0.0316247657229025,51
BPAC11,201809,0.00833758507317717,59
BPAC3,201809,-0.0824717758843685,18
BPAN4,201809,-0.0216524638651792,51
BPHA3,201809,-0.0302740539440033,51
BRAP3,201809,-0.0224048535536581,59
BRAP4,201809,-0.010667747488252,61
BRDT3,201809,-0.0124626932565901,61
BRFS3,201809,0.00659950200685115,60
BRGE3,201809,3.21700712479035e-05,52
BRIN3,201809,-0.0193640020754061,58
BRIV3,201809,-0.0039945652855082,52
BRKM5,201809,-0.00920878247772774,61
BRML3,201809,-0.00110752354206271,61
BRPR3,201809,-0.0204030227255617,59
BRSR3,201809,0.0310759336820568,51
BRSR6,201809,0.0106497390184652,61
BTOW3,201809,-0.00541357313693291,65
CAMB4,201809,-0.0191784122233181,51
CAML3,201809,0.00829546759942667,61
CARD3,201809,0.0116809825259347,14
CCPR3,201809,0.00029611951685867,52
CCRO3,201809,-0.00714904225582709,60
CEBR3,201809,0.00634447500186988,11
CEBR6,201809,0.00640783168431078,11
CEEB3,201809,-0.0157065891274109,14
CEEB5,201809,0.00454161998172272,11
CEED3,201809,0.000406591670350716,9
CEED4,201809,-0.0226941551593528,9
CELP3,201809,-0.0308147491213726,58
CEPE3,201809,-0.0180958517509437,10
CEPE5,201809,0.00790632025801156,14
CEPE6,201809,0.00544229382278761,12
CESP3,201809,-0.025248904654899,50
CESP6,201809,0.0153035128461064,61
CGAS3,201809,0.00910997064465683,52
CGAS5,201809,-0.0173965482200639,58
CGRA4,201809,-0.0429060428423349,62
CIEL3,201809,0.00351246270666588,60
CLSC4,201809,0.0349902720004374,61
CMIG3,201809,-0.0155293870407902,60
CMIG4,201809,-0.0138237425150379,65
COCE3,201809,-0.0585395599632441,6
COCE5,201809,0.012856406621832,57
CPFE3,201809,0.0267197933324266,59
CPLE3,201809,-0.0112207713647876,59
CPLE6,201809,-0.0262463222167172,61
CPRE3,201809,-0.00106947122274301,58
CRDE3,201809,-0.00591026218805355,59
CRFB3,201809,-0.00894630461444062,60
CRIV3,201809,-0.00112605135246712,52
CRIV4,201809,0.0223105294741226,56
CRPG5,201809,-0.0277667347923163,51
CSAB4,201809,0.0171836896486784,11
CSAN3,201809,0.000461723766762861,60
CSMG3,201809,-0.00743609591278396,61
CSNA3,201809,0.00796897282475747,60
CSRN3,201809,-0.0101976104632368,10
CSRN5,201809,-0.00923464806321933,17
CSRN6,201809,0.0017056332223461,11
CTNM4,201809,0.00162602441806712,57
CVCB3,201809,0.021348986121326,61
CYRE3,201809,-0.0035365140764821,61
DHBI4,201809,0.00326550556442717,11
DIRR3,201809,-0.0349982301847796,61
DMMO3,201809,-0.0482741857614869,21
DOHL4,201809,0.00985362099403606,15
DTEX3,201809,-0.0177354002917934,60
ECOR3,201809,0.00856297234174354,62
EEEL3,201809,-0.0180958517509437,10
EEEL4,201809,-0.0180958517509437,10
EGIE3,201809,0.0106620029572919,60
ELET3,201809,0.00286826007606764,60
ELET6,201809,0.00143786439090106,60
ELPL3,201809,-0.0262252611223225,50
EMAE4,201809,-0.0187098076355164,5
EMBR3,201809,0.00224849044818922,60
ENBR3,201809,-0.0084346949562961,60
ENEV3,201809,0.00532962721471402,59
ENGI11,201809,0.0102226821372034,61
ENGI4,201809,0.0116380065727275,58
EQTL3,201809,0.00487378277964399,61
ESTC3,201809,-0.01289656143769,61
ETER3,201809,0.0316080288693879,40
EUCA4,201809,0.0119874392353495,63
EVEN3,201809,-0.0178035311313034,60
EZTC3,201809,-0.00349016344719569,60
FESA4,201809,-0.0590047423625944,55
FHER3,201809,0.00798059798282188,51
FIBR3,201809,0.00427243970317842,61
FJTA4,201809,0.0286365257908192,61
FLRY3,201809,-0.00879885350479324,60
FRAS3,201809,-0.0178159505136535,51
FRIO3,201809,0.0285352911728043,10
GEPA3,201809,-0.0697023326785264,26
GEPA4,201809,-0.0280236272912755,26
GFSA3,201809,-0.0535204480643395,58
GGBR3,201809,-0.0183720603457045,58
GGBR4,201809,0.000754987765386836,61
GNDI3,201809,0.0119075789170008,59
GOAU3,201809,0.00995005111306696,59
GOAU4,201809,0.00937998178794927,61
GOLL4,201809,-0.0142054204191327,60
GPCP3,201809,-0.0216584216324414,6
GRND3,201809,-0.0314985296864308,60
GUAR3,201809,-0.0214181210451466,60
GUAR4,201809,-0.0158626662650073,59
HAPV3,201809,0.0123712315909517,60
HBOR3,201809,-0.00563623987844484,58
HGTX3,201809,-0.00200659581453597,62
HYPE3,201809,0.00681520291733457,61
IDNT3,201809,-0.0223751172442749,50
IGTA3,201809,0.00783242045913383,62
INEP3,201809,0.0225796558057558,48
INEP4,201809,-0.0122248678779832,11
IRBR3,201809,-0.017248412551204,60
ITSA3,201809,-0.0166133853066557,59
ITSA4,201809,0.000230568259746591,62
ITUB3,201809,-0.0195368007955071,59
ITUB4,201809,0.00481755786779631,61
JBSS3,201809,-0.0160460994193955,60
JHSF3,201809,0.00791887449467193,56
JOPA3,201809,0.000185732012819125,52
JPSA3,201809,-0.00709017689365462,55
JSLG3,201809,-0.0409203777780294,58
KEPL3,201809,-0.000868848292329084,40
KLBN11,201809,0.00227730241969006,61
KLBN4,201809,-0.00839852572007194,53
KROT3,201809,-0.0193873209884075,60
LAME3,201809,0.00224462718003073,60
LAME4,201809,0.00236528418178715,65
LCAM3,201809,-0.0279538420348452,59
LEVE3,201809,0.00730824654599862,59
LIGT3,201809,-0.00348925612476611,62
LINX3,201809,-0.0164463915306148,60
LIQO3,201809,-0.0149387638700951,53
LLIS3,201809,0.00701109420372472,57
LOGN3,201809,-0.00347317012873483,60
LPSB3,201809,0.0111758922247084,58
LREN3,201809,0.0084034475874984,61
LUPA3,201809,-0.0128081020330628,51
MAGG3,201809,-0.0172957373003578,58
MDIA3,201809,-0.00441576820463514,59
MEAL3,201809,-0.0109875285104903,60
MGLU3,201809,0.000467207237412452,61
MILS3,201809,-0.0124135046347626,59
MMXM3,201809,-0.019116554502935,51
MNDL3,201809,0.0227384829953093,10
MOAR3,201809,-0.0152143156133696,57
MOVI3,201809,-0.0406357864699829,59
MPLU3,201809,0.019315197337586,59
MRFG3,201809,-0.0309862930690363,60
MRVE3,201809,-0.0163691217300489,61
MULT3,201809,0.0121071358663879,60
MYPK3,201809,-0.0156447339958069,60
NATU3,201809,0.00469666268730678,61
ODPV3,201809,-0.011230196677879,60
OFSA3,201809,-0.0270752960865705,53
OGXP3,201809,0.033674735888607,51
OIBR3,201809,0.00274640063417604,60
OIBR4,201809,0.00753014252653196,60
OMGE3,201809,0.00163251663853872,60
PARD3,201809,0.00686946891479806,59
PCAR4,201809,-0.0165621132097435,60
PDGR3,201809,-0.0211076032304343,51
PETR3,201809,-0.00439590290217424,61
PETR4,201809,0.00753777588099664,62
PFRM3,201809,-0.0114164903127207,52
PINE4,201809,-0.00115531959841071,50
PLAS3,201809,0.0244757438921971,9
PMAM3,201809,0.0436593735428191,13
PNVL3,201809,-0.0190946251443435,63
PNVL4,201809,-0.00810861139359266,59
POMO3,201809,-0.0316007515245314,47
POMO4,201809,-0.00535109560294575,60
POSI3,201809,-0.0427501967466022,51
PPLA11,201809,0.0405404066824692,50
PRIO3,201809,0.04336421152127,58
PSSA3,201809,0.00205287488636286,60
PTBL3,201809,-0.029629344548079,57
QGEP3,201809,0.00557927267635844,59
QUAL3,201809,-0.020356059009742,61
RADL3,201809,0.0179345927658683,60
RAIL3,201809,0.0121427506663669,61
RAPT3,201809,0.00450201351499261,52
RAPT4,201809,-0.0164342824746082,60
RCSL4,201809,-0.0352355005811828,51
RDNI3,201809,0.0114449075586175,58
REDE3,201809,0.00361907487475378,10
RENT3,201809,-0.00416926194168593,61
RLOG3,201809,-0.011275773256312,60
RNEW11,201809,0.0130682730635454,41
RNEW3,201809,0.0272922548924768,35
ROMI3,201809,-0.0262500680866344,52
RPAD3,201809,0.000467904777125832,52
RPMG3,201809,0.0213957192480039,11
RSID3,201809,-0.0160934812526723,51
SANB11,201809,0.00527538931988749,60
SAPR11,201809,-0.0230565409529841,65
SAPR3,201809,0.0392294368893771,47
SAPR4,201809,-0.0433109487676623,48
SBSP3,201809,-0.00168607116248468,64
SCAR3,201809,-0.0402445499736382,56
SEDU3,201809,0.0707770041028477,58
SEER3,201809,-0.00216934062684811,61
SGPS3,201809,-0.0051316648752339,51
SHOW3,201809,-0.0328760225448138,59
SHUL4,201809,-0.00510189451248184,55
SLCE3,201809,0.0100264555321004,60
SLED4,201809,0.0314702742137982,56
SMLS3,201809,0.00398788146297789,62
SMTO3,201809,-0.00735230722267225,61
SNSL3,201809,0.00316054727503103,58
SSBR3,201809,0.0122144689046989,59
STBP3,201809,-0.0118579541928161,61
SULA11,201809,-0.00566310920475632,60
SUZB3,201809,0.00996679995657196,62
TAEE11,201809,0.00331120951906596,61
TCSA3,201809,-0.017238520450637,59
TECN3,201809,-0.00655778280275525,57
TEKA4,201809,-0.00733699896301804,10
TEND3,201809,-0.018888194731822,60
TESA3,201809,-0.00123385088058537,57
TGMA3,201809,-0.0101663982688919,59
TIET11,201809,-0.0279577870547973,60
TIET3,201809,-0.021514936320552,27
TIET4,201809,-0.00764103136668482,27
TIMP3,201809,0.00879681420925012,60
TOTS3,201809,-0.048613642312093,56
TOYB3,201809,-0.000421695970200483,11
TOYB4,201809,0.0123023285168951,9
TPIS3,201809,-0.0109546073723813,51
TRIS3,201809,-0.0355110265758187,61
TRPL4,201809,-0.0197312707137224,60
TRPN3,201809,-0.0313883248645078,51
TUPY3,201809,-0.0203718759327573,64
UGPA3,201809,0.00992189936599081,60
UNIP3,201809,0.0111945337404379,52
UNIP6,201809,-0.0351985227097544,58
USIM3,201809,-0.0150793855277075,57
USIM5,201809,-0.0115360174785029,61
USIM6,201809,-0.00544270250068056,57
VALE3,201809,-0.00121540929995364,63
VIVR3,201809,-0.0044403633281701,53
VIVT3,201809,0.00624225213934596,59
VIVT4,201809,-0.00648541767220455,60
VLID3,201809,0.0255078237093616,59
VULC3,201809,-0.00853949315406687,61
VVAR11,201809,-0.0156233695860261,61
WEGE3,201809,-0.00030467218561311,60
WIZS3,201809,-0.0208416685153396,59
WLMM4,201809,-0.0406678630384054,5
AALR3,201810,0.180849587940389,60
ABCB4,201810,0.0939224763996314,59
ABEV3,201810,0.0962978179240598,61
AFLT3,201810,0.102141236277606,14
AGRO3,201810,0.076342950493852,58
ALPA3,201810,0.202745134926061,58
ALPA4,201810,0.221721635126976,61
ALSC3,201810,0.145984910611062,60
ALUP11,201810,0.155860949370003,61
ALUP3,201810,0.153922252875098,46
ALUP4,201810,0.076505274242113,42
AMAR3,201810,0.216221067907704,59
ANIM3,201810,0.217277577491231,60
ARZZ3,201810,0.147925221067228,61
AZUL4,201810,0.194053298934364,61
B3SA3,201810,0.151303839335135,63
BBAS3,201810,0.155823416440297,63
BBDC3,201810,0.120390739302638,61
BBDC4,201810,0.176476879689807,63
BBRK3,201810,0.190158382605705,59
BBSE3,201810,0.135654950283887,62
BBTG11,201810,0.111473896250802,31
BEEF3,201810,0.199029165284979,59
BIDI4,201810,0.224871550046452,59
BKBR3,201810,0.140939620690692,59
BOBR4,201810,0.263290409639131,50
BPAC11,201810,0.139301120993356,59
BPAC3,201810,0.0952789220053861,25
BPAN4,201810,0.267770787307913,50
BPHA3,201810,0.266467093691486,50
BRAP3,201810,0.132156044235633,58
BRAP4,201810,0.140569547980609,63
BRDT3,201810,0.145608072435393,62
BRFS3,201810,0.114156806089115,61
BRGE3,201810,0.124305311981061,52
BRIN3,201810,0.145983618127146,58
BRIV3,201810,0.116421244715804,52
BRKM5,201810,0.147480358165844,62
BRML3,201810,0.188459819145531,63
BRPR3,201810,0.110400492046606,59
BRSR3,201810,0.123605698967673,50
BRSR6,201810,0.137477509712372,61
BTOW3,201810,0.1928482548327,66
CAMB4,201810,0.135502706852029,56
CAML3,201810,0.166656166256942,61
CARD3,201810,0.05612543789976,14
CCPR3,201810,0.119960015002585,52
CCRO3,201810,0.0987884446588449,62
CEBR3,201810,0.103972801079236,13
CEBR6,201810,0.108861624842507,13
CEEB3,201810,0.117690328865685,17
CEEB5,201810,0.108702185525122,9
CEED3,201810,0.106660754908335,12
CEED4,201810,0.0923539062756859,12
CELP3,201810,0.264860713278411,57
CEPE3,201810,0.116521662268276,13
CEPE5,201810,0.121674301586735,16
CEPE6,201810,0.106783164192204,13
CESP3,201810,0.093521592041806,50
CESP6,201810,0.165087440480005,62
CGAS3,201810,0.115099780772222,53
CGAS5,201810,0.0420260951920718,52
CGRA4,201810,0.0947911584095692,61
CIEL3,201810,0.0919691788354629,61
CLSC4,201810,0.16342917101648,60
CMIG3,201810,0.13301215464607,60
CMIG4,201810,0.150866716475829,66
COCE3,201810,0.0955120596831562,6
COCE5,201810,0.116345972496053,57
CPFE3,201810,0.083944173760006,59
CPLE3,201810,0.140636379850628,59
CPLE6,201810,0.106993657228506,62
CPRE3,201810,0.0850549633664312,58
CRDE3,201810,0.201512924732813,59
CRFB3,201810,0.169249868625435,60
CRIV3,201810,0.123786669285646,52
CRIV4,201810,0.0869845453238163,54
CRPG5,201810,0.280304165968353,50
CSAB4,201810,0.124232412812998,9
CSAN3,201810,0.143084969715771,61
CSMG3,201810,0.15055145303629,62
CSNA3,201810,0.0998920002989767,61
CSRN3,201810,0.117447035711157,16
CSRN5,201810,0.129426474227814,15
CSRN6,201810,0.0978319669726097,10
CTNM4,201810,0.10840865940457,57
CVCB3,201810,0.11117941823562,63
CYRE3,201810,0.210900357475932,63
DHBI4,201810,0.0831336746667453,12
DIRR3,201810,0.0843365039981808,60
DMMO3,201810,0.132988728617303,50
DOHL4,201810,0.172583641597426,17
DTEX3,201810,0.176440525066444,61
ECOR3,201810,0.143024394967188,63
EEEL3,201810,0.115899024915722,12
EEEL4,201810,0.125355705584412,12
EGIE3,201810,0.108011541200575,62
ELET3,201810,0.20580917508433,61
ELET6,201810,0.159575347419528,61
ELPL3,201810,0.13207933078282,50
EMAE4,201810,0.436206649019216,50
EMBR3,201810,0.119720771935701,62
ENBR3,201810,0.119941905189775,62
ENEV3,201810,0.0771948170277645,59
ENGI11,201810,0.200772234279711,61
ENGI4,201810,0.202982618956974,58
EQTL3,201810,0.173787780149786,63
ESTC3,201810,0.0854144294532966,62
ETER3,201810,0.0823429890278474,41
EUCA4,201810,0.134276879506601,62
EVEN3,201810,0.149628615172238,60
EZTC3,201810,0.214955777992106,55
FESA4,201810,0.128660171472491,58
FHER3,201810,0.26642722034509,50
FIBR3,201810,0.0953717677257471,62
FJTA4,201810,0.304282014280591,55
FLRY3,201810,0.117535898009725,61
FRAS3,201810,0.250332164665488,50
FRIO3,201810,0.108702185525122,9
GEPA3,201810,0.0326517456517198,27
GEPA4,201810,0.0455367721891214,28
GFSA3,201810,0.113804023403013,53
GGBR3,201810,0.0997186878650697,58
GGBR4,201810,0.175524362815774,63
GNDI3,201810,0.184881449215906,59
GOAU3,201810,0.149478060113334,58
GOAU4,201810,0.139357304558396,63
GOLL4,201810,0.229025132020892,61
GPCP3,201810,0.169443282525951,6
GRND3,201810,0.0813886211213333,60
GUAR3,201810,0.169688128289231,60
GUAR4,201810,0.13363375451993,59
HAPV3,201810,0.151757849015178,60
HBOR3,201810,0.141783885279155,59
HGTX3,201810,0.218110256518113,62
HYPE3,201810,0.110693035658286,62
IDNT3,201810,0.150981269710768,50
IGTA3,201810,0.206081866697362,62
INEP3,201810,0.096248607563087,56
IRBR3,201810,0.1651906917769,61
ITSA3,201810,0.127609317568074,59
ITSA4,201810,0.127040672908061,63
ITUB3,201810,0.0814829735395575,60
ITUB4,201810,0.103109563028518,63
IVVB11,201810,0.142845872446389,36
JBSS3,201810,0.134317657497841,61
JHSF3,201810,0.259948348134837,51
JOPA3,201810,0.114532909960502,52
JPSA3,201810,0.125654831456576,54
JSLG3,201810,0.209219342062852,58
KEPL3,201810,0.177083880700596,41
KLBN11,201810,0.0889180814586129,62
KLBN4,201810,0.0834264706370112,53
KROT3,201810,0.132913136757135,61
LAME3,201810,0.159357190950672,61
LAME4,201810,0.139261459626731,66
LCAM3,201810,0.201929108593,58
LEVE3,201810,0.128613045265668,59
LIGT3,201810,0.149091920667083,62
LINX3,201810,0.167065085121073,60
LIQO3,201810,0.242423636678532,53
LLIS3,201810,0.147951797911907,51
LOGN3,201810,0.108889937948699,60
LPSB3,201810,0.20515130815616,59
LREN3,201810,0.154949287878707,62
LUPA3,201810,0.221411035212394,50
MAGG3,201810,0.144068575602772,57
MDIA3,201810,0.154823564399552,60
MEAL3,201810,0.158784384715115,54
MGLU3,201810,0.179350263302057,62
MILS3,201810,0.195549107755098,60
MMXM3,201810,0.273535749478663,50
MNDL3,201810,0.117843310726537,8
MOAR3,201810,0.135800406928795,57
MOVI3,201810,0.162896033127038,59
MPLU3,201810,0.106174607384851,58
MRFG3,201810,0.147463395212335,62
MRVE3,201810,0.0955104115768783,62
MULT3,201810,0.154137527454849,62
MYPK3,201810,0.17097555738345,60
NATU3,201810,0.227128754977367,62
ODPV3,201810,0.106941484743215,55
OFSA3,201810,0.126414549024354,58
OGXP3,201810,0.268162453672424,17
OIBR3,201810,0.10192234985414,61
OIBR4,201810,0.0860696638164587,60
OMGE3,201810,0.205946286562967,60
PARD3,201810,0.153105607562723,59
PCAR4,201810,0.154360720755024,62
PDGR3,201810,0.253230597204641,50
PETR3,201810,0.110775401642282,62
PETR4,201810,0.15892570014427,63
PFRM3,201810,0.15015470742148,50
PINE4,201810,0.109611373491943,50
PLAS3,201810,0.0531466299695664,9
PMAM3,201810,0.302951482551801,25
PNVL3,201810,0.111493182827788,63
PNVL4,201810,0.110839209629077,59
POMO3,201810,0.200041883569066,47
POMO4,201810,0.163561216848242,60
POSI3,201810,0.0904139093743025,50
PRIO3,201810,0.161568197497216,58
PSSA3,201810,0.0878910617264674,59
PTBL3,201810,0.230367343567618,58
QGEP3,201810,0.136111979115983,59
QUAL3,201810,0.16029432079146,62
RADL3,201810,0.119974030114173,61
RAIL3,201810,0.16995110901142,62
RAPT3,201810,0.102255547054954,52
RAPT4,201810,0.232995031513682,60
RCSL4,201810,0.237272101756182,50
RDNI3,201810,0.140971094478817,58
REDE3,201810,0.11268832098869,8
RENT3,201810,0.150328381100142,62
RLOG3,201810,0.152160093272106,60
RNEW11,201810,0.141600467167737,41
RNEW3,201810,0.134468650581464,36
ROMI3,201810,0.199769664205554,32
RPAD3,201810,0.123163018435696,52
RPMG3,201810,0.11268832098869,8
RSID3,201810,0.234559989495452,50
SANB11,201810,0.266227057112133,61
SAPR11,201810,0.130607543183271,65
SAPR4,201810,0.0338675876841172,33
SBSP3,201810,0.128157435942957,66
SCAR3,201810,0.219804392986447,55
SEDU3,201810,0.129800934967493,57
SEER3,201810,0.188818552071201,61
SGPS3,201810,0.131864205020488,56
SHOW3,201810,0.102502133811714,59
SHUL4,201810,0.129842833143068,55
SLCE3,201810,0.0579938467052014,59
SLED4,201810,0.0871233192301533,54
SMLS3,201810,0.161394669692098,63
SMTO3,201810,0.222149807404358,61
SNSL3,201810,0.120408998349408,57
SSBR3,201810,0.143809269810989,59
STBP3,201810,0.144860725745514,61
SULA11,201810,0.117202915340425,61
SUZB3,201810,0.15433667171496,61
TAEE11,201810,0.141379223580337,62
TCSA3,201810,0.105142707986378,59
TECN3,201810,0.138549041798095,57
TEKA4,201810,0.0655796701908474,8
TEND3,201810,0.159340096602282,59
TESA3,201810,0.153215954214496,57
TGMA3,201810,0.144238151298661,58
TIET11,201810,0.106219203325604,60
TIET3,201810,0.0826592153771661,28
TIET4,201810,0.0717042114011797,28
TIMP3,201810,0.147120352066836,61
TOTS3,201810,0.103970256272209,56
TOYB3,201810,0.0655796701908474,8
TOYB4,201810,0.115787068542352,8
TPIS3,201810,0.224058702945107,50
TRIS3,201810,0.102814840548045,59
TRPL4,201810,0.0949525114484179,61
TRPN3,201810,0.127561511067995,51
TUPY3,201810,0.0964517513406381,64
UGPA3,201810,0.126155322981956,62
UNIP3,201810,0.113509291350913,52
UNIP6,201810,0.0999291643644045,60
USIM3,201810,0.128243656043943,57
USIM5,201810,0.127554634522862,62
USIM6,201810,0.138298662192311,57
VALE3,201810,0.123953824911471,66
VIVR3,201810,0.251217058470394,50
VIVT3,201810,0.116484720645903,59
VIVT4,201810,0.129386249947732,62
VLID3,201810,0.0978709818350572,58
VULC3,201810,0.210835465846573,61
VVAR11,201810,0.143535914365463,61
WEGE3,201810,0.117185479186002,61
WIZS3,201810,0.15464619190691,59
WLMM4,201810,0.0993585429126971,21
AALR3,201811,0.0732647725424361,60
ABCB4,201811,0.0556141594095988,60
ABEV3,201811,0.039048102460738,62
AFLT3,201811,0.0127487032723225,14
AGRO3,201811,0.0414054485454319,59
ALPA3,201811,0.090634875817722,57
ALPA4,201811,0.0517171509269146,61
ALSC3,201811,0.0174164792646141,60
ALUP11,201811,0.053750031934496,61
ALUP3,201811,-0.164252613991448,46
ALUP4,201811,0.0253857725401265,41
AMAR3,201811,0.0227932225600546,55
ANIM3,201811,0.037711475758782,60
ARZZ3,201811,0.0281272083223061,61
AZUL4,201811,0.0340195334836539,61
B3SA3,201811,0.0351111837873236,62
BBAS3,201811,0.0357548610087957,63
BBDC3,201811,0.0413328042527866,61
BBDC4,201811,0.0404241167448337,62
BBRK3,201811,0.0719747201720222,60
BBSE3,201811,0.0326006019941816,61
BBTG11,201811,0.0444761863231246,30
BEEF11,201811,0.0174406716911459,53
BEEF3,201811,0.0497546516367466,59
BIDI4,201811,0.0404399605358011,59
BKBR3,201811,0.0357932728346829,59
BOBR4,201811,0.0466562441358347,50
BPAC11,201811,0.0173077192279363,60
BPAC3,201811,0.0502174359861914,18
BPAN4,201811,0.029414300519505,50
BRAP3,201811,-0.0303819931956886,58
BRAP4,201811,0.0286092429451405,62
BRDT3,201811,0.0514222553989759,61
BRFS3,201811,0.0223257572948273,61
BRGE3,201811,0.0171504001367897,52
BRIN3,201811,0.0462407529566893,57
BRIV3,201811,0.0157588195791199,52
BRKM5,201811,0.0518467558869225,62
BRML3,201811,0.0350566141233902,62
BRPR3,201811,0.0528914061196876,60
BRSR3,201811,0.00462867038536597,51
BRSR6,201811,0.0249899648454327,61
BTOW3,201811,0.0281223580072416,65
CAMB4,201811,-0.0317406086783074,55
CAML3,201811,0.0505870406981389,60
CARD3,201811,-0.0197413093688579,42
CCPR3,201811,0.0146082804248946,52
CCRO3,201811,0.0276148963565087,62
CEBR3,201811,0.0334856535606891,13
CEBR6,201811,0.0334856535606891,13
CEEB3,201811,-0.0177672355522938,11
CEEB5,201811,-0.0067145691857304,8
CEED3,201811,-0.0465741247937466,8
CEED4,201811,-0.022709963902436,8
CELP3,201811,-0.0162624384346275,57
CEPE3,201811,-0.00935155018172728,9
CEPE5,201811,0.0317274569161527,15
CEPE6,201811,0.0304244668176388,13
CESP3,201811,-0.0349591942550134,49
CESP6,201811,0.0362004983850965,61
CGAS3,201811,0.011499041257452,53
CGAS5,201811,0.0100752280945646,58
CGRA4,201811,0.0182947163360456,61
CIEL3,201811,0.0271227170294595,61
CLSC4,201811,0.0089391670972627,59
CMIG3,201811,0.0510745153630945,60
CMIG4,201811,0.024472402460382,65
COCE3,201811,0.0906212097260076,7
COCE5,201811,0.0529284670646308,57
CPFE3,201811,0.041585500352446,59
CPLE3,201811,0.0436038302978346,59
CPLE6,201811,0.0496254515080569,62
CPRE3,201811,0.0198130075917242,48
CRDE3,201811,0.00793744919333644,58
CRFB3,201811,0.0525208070010416,60
CRIV3,201811,0.012499503188626,52
CRIV4,201811,-0.0301072435923079,54
CRPG5,201811,0.0205594473843765,50
CSAB4,201811,-0.00596850594287146,9
CSAN3,201811,0.0577100467685551,61
CSMG3,201811,0.0506797622500465,61
CSNA3,201811,0.0336631662822963,61
CSRN3,201811,-0.00117000719999569,14
CSRN5,201811,-0.00315153695264471,11
CSRN6,201811,-0.00596850594287146,9
CTNM4,201811,0.0105490883988446,57
CVCB3,201811,0.0472713705689216,62
CYRE3,201811,0.0524955035555663,62
DHBI4,201811,0.0092970421575123,11
DIRR3,201811,0.0721149597290465,61
DMMO3,201811,0.0643890545224523,51
DOHL4,201811,0.0259660141858098,17
DTEX3,201811,0.0607386432691644,61
ECOR3,201811,0.0284258141584322,62
EGIE3,201811,0.0475349159618004,61
ELET3,201811,0.026239550979129,61
ELET6,201811,0.0303318274846017,61
ELPL3,201811,0.0424347065253297,50
EMAE4,201811,0.0932780432482358,50
EMBR3,201811,0.0228425002259027,62
ENBR3,201811,0.0607782372411547,62
ENEV3,201811,0.0525956821708768,61
ENGI11,201811,0.0450698168194688,61
ENGI4,201811,0.0839886417499523,57
EQTL3,201811,0.038872387088233,62
ESTC3,201811,0.0464000090254722,62
ETER3,201811,-0.0248468968209794,40
EUCA4,201811,0.0276533399105689,62
EVEN3,201811,0.0386791254767517,61
EZTC3,201811,0.0667322484983484,60
FESA4,201811,0.0448202645732707,59
FHER3,201811,0.025044760541543,50
FIBR3,201811,0.00393862081780162,62
FJTA4,201811,0.0636577950836896,51
FLRY3,201811,0.0296725916632719,61
FRAS3,201811,0.0306768385657107,50
FRIO3,201811,-0.0317145691857304,8
GEPA3,201811,0.0834841813023697,29
GEPA4,201811,0.0389261530474151,29
GFSA3,201811,0.0252298558602491,58
GGBR3,201811,0.0108004045284056,58
GGBR4,201811,0.04725953742512,62
GNDI3,201811,0.0630663241076121,60
GOAU3,201811,0.0308927906482943,58
GOAU4,201811,0.0298240912019349,62
GOLL4,201811,0.0508986710419252,62
GPCP3,201811,0.001193380231073,5
GRND3,201811,0.0681355341393166,56
GUAR3,201811,0.0616180597685894,60
GUAR4,201811,0.0698520725031328,59
HAPV3,201811,0.0210703929210506,60
HBOR3,201811,0.0330300735010515,60
HGTX3,201811,0.0366578222870274,62
HYPE3,201811,0.0541805469835359,62
IDNT3,201811,0.0502850685767267,50
IGTA3,201811,0.0341990478113702,62
INEP3,201811,-0.0286109667642303,49
INEP4,201811,0.0351338794393294,50
IRBR3,201811,-0.0178067385293529,61
ITSA3,201811,-0.0396317524966334,59
ITSA4,201811,0.0600622802713682,62
ITUB3,201811,0.0273037118591892,60
ITUB4,201811,0.02301091512572,62
IVVB11,201811,0.015268967612366,34
JBSS3,201811,0.024842645707995,61
JHSF3,201811,0.036107983522444,51
JOPA3,201811,0.00616233927801853,52
JPSA3,201811,0.0201010894366723,55
JSLG3,201811,0.0246571134743142,58
KEPL3,201811,0.0289968391462889,39
KLBN11,201811,0.0179178365548699,61
KLBN4,201811,0.00490373602433031,48
KROT3,201811,0.030855974076625,61
LAME3,201811,0.0290882044251111,61
LAME4,201811,0.0183146502389347,65
LCAM3,201811,0.0312211198435478,59
LEVE3,201811,0.0488164820715372,60
LIGT3,201811,0.0179765121708514,62
LINX3,201811,0.0627363825437423,61
LIQO3,201811,0.0456499430155282,52
LLIS3,201811,0.0417728242039886,51
LOGN3,201811,0.0128824857790755,58
LPSB3,201811,0.0753623321836986,58
LREN3,201811,0.0345422526613018,61
LUPA3,201811,0.0610713494289332,50
MAGG3,201811,0.0489857900192453,57
MDIA3,201811,0.0209402042237402,60
MEAL3,201811,0.0581856594331506,54
MGLU3,201811,0.0425423465116351,62
MILS3,201811,0.0467702286655614,59
MNDL3,201811,-0.0067145691857304,8
MOAR3,201811,-0.0329337814359122,56
MOVI3,201811,0.0293853267936429,59
MPLU3,201811,0.0271223365320102,58
MRFG3,201811,0.0593442234195345,62
MRVE3,201811,0.0728772482985733,62
MULT3,201811,0.0313541552915087,62
MYPK3,201811,0.0519417971282444,61
NATU3,201811,0.0280531601499227,62
ODPV3,201811,0.0346238711543222,60
OFSA3,201811,0.0123606146449709,58
OGXP3,201811,-0.00344516510534768,18
OIBR3,201811,0.0248500842553005,60
OIBR4,201811,0.0265385605221003,59
OMGE3,201811,0.0403692310040822,60
PARD3,201811,0.0227170988071739,60
PCAR4,201811,0.0441581359525146,62
PDGR3,201811,0.0353486439553289,50
PETR3,201811,0.0371046772418023,62
PETR4,201811,0.0346669149931816,62
PFRM3,201811,-0.0152001647698339,50
PINE4,201811,0.0532095418273773,50
PLAS3,201811,-0.00521456664259888,8
PMAM3,201811,0.0656180800100668,16
PNVL3,201811,-0.0120866507375791,62
PNVL4,201811,-0.00899850141286091,59
POMO3,201811,0.0999146414731729,46
POMO4,201811,0.0410984246670048,60
POSI3,201811,-0.00282073845079307,50
PPLA11,201811,0.0350606076221102,50
PRIO3,201811,0.0425320653604634,57
PSSA3,201811,0.0235702419976245,59
PTBL3,201811,0.0650093665189555,58
QGEP3,201811,0.0332595642671897,59
QUAL3,201811,0.0709252788847853,62
RADL3,201811,0.0182064341327321,61
RAIL3,201811,0.0442902156969204,62
RAPT3,201811,0.00857262687721038,52
RAPT4,201811,0.0448166107905859,60
RCSL4,201811,0.00429542961750542,50
RDNI3,201811,0.0212737847040567,58
REDE3,201811,-0.0136043399616513,8
RENT3,201811,0.0486917539466499,62
RLOG3,201811,0.0488822161090421,60
RNEW11,201811,-0.138857226767696,41
RNEW3,201811,-0.0883926567313644,41
RNEW4,201811,-0.101630577975929,41
ROMI3,201811,0.0614421097270063,31
RPAD3,201811,0.0131611748213368,52
RPMG3,201811,0.00355940968058602,8
SANB11,201811,0.0621914728492523,61
SAPR11,201811,0.0596706898500395,65
SAPR4,201811,0.0318295208358542,34
SBSP3,201811,0.0432308748592119,65
SCAR3,201811,0.0512280460581596,57
SEDU3,201811,0.0197325280475728,57
SEER3,201811,0.0458468601729032,63
SGPS3,201811,-0.00373378673323001,55
SHOW3,201811,0.0787728824439392,59
SHUL4,201811,0.0580954434217425,56
SLCE3,201811,0.0248753792813529,61
SLED4,201811,-0.0145578255280788,54
SMLS3,201811,0.0378500581334443,62
SMTO3,201811,0.0413526022479826,61
SNSL3,201811,-0.00525744704152551,57
SSBR3,201811,0.026981769168342,59
STBP3,201811,0.014954941208745,61
SULA11,201811,0.0412155343097303,60
SUZB3,201811,0.0167842476832185,62
TAEE11,201811,0.0583119262796959,62
TCSA3,201811,-0.046187819556348,59
TECN3,201811,-0.0366902344644907,56
TEKA4,201811,-0.000919861029642598,8
TEND3,201811,0.0598990680123841,60
TESA3,201811,0.0170639925957185,57
TGMA3,201811,0.0520895572369418,59
TIET11,201811,0.0606739703109385,60
TIET3,201811,0.0143414330869453,28
TIET4,201811,0.0143109351383338,28
TIMP3,201811,0.0301502161392197,61
TOTS3,201811,0.0472678688390691,59
TOYB3,201811,0.013634268023572,8
TOYB4,201811,-0.00602775599891721,8
TPIS3,201811,0.0472413620298045,50
TRIS3,201811,0.0596454566376348,60
TRPL4,201811,0.0546394158570094,61
TRPN3,201811,0.0383814942440484,50
TUPY3,201811,0.0370405113318875,63
UGPA3,201811,0.0398406191914347,61
UNIP3,201811,0.0098707847249451,52
UNIP6,201811,0.087557386213891,60
USIM3,201811,-0.0294213294825184,56
USIM5,201811,0.0152424414880458,61
USIM6,201811,-0.0355940968897811,56
VALE3,201811,0.0339827813516934,62
VIVR3,201811,0.0352611914301199,50
VIVT3,201811,-0.00843815839814292,59
VIVT4,201811,0.049276444555743,61
VLID3,201811,0.0450931904553291,60
VULC3,201811,0.0419027643007818,61
VVAR11,201811,0.00749887353832505,44
VVAR3,201811,0.0430803781899329,61
WEGE3,201811,0.00816568293943569,61
WIZS3,201811,0.0677369516442908,60
WLMM4,201811,0.0823077056334745,21
AALR3,201812,0.0183359693688841,59
ABCB4,201812,0.00738818117831045,59
ABEV3,201812,-0.0025667024581602,61
AFLT3,201812,0.00620597684471871,14
AGRO3,201812,0.0512715883484733,51
ALPA3,201812,0.0305800384803047,57
ALPA4,201812,0.0420499040722301,60
ALSC3,201812,0.0307601103790461,60
ALUP11,201812,0.0671633370315321,61
ALUP3,201812,0.0801327712328659,45
ALUP4,201812,-0.00997336816994583,40
AMAR3,201812,0.0109949867454403,56
ANIM3,201812,0.0411769800819072,60
APER3,201812,0.0554798658135438,57
ARZZ3,201812,0.0201622530941095,60
AZUL4,201812,0.031492485637786,61
B3SA3,201812,0.0185328258938559,62
BBAS3,201812,0.0182671382720994,62
BBDC3,201812,-0.00891743331310839,60
BBDC4,201812,0.0120967054513763,62
BBRK3,201812,0.0222760245601052,59
BBSE3,201812,-0.0100454681393341,60
BBTG11,201812,0.00193922006598586,36
BEEF11,201812,0.0220410096032366,53
BEEF3,201812,0.0340536774127062,60
BIDI4,201812,0.0440577446994683,59
BKBR3,201812,-0.00249344692840234,59
BOBR4,201812,-0.0379814858857481,48
BPAC11,201812,-0.00132758312652585,60
BPAC3,201812,-0.00225745879559662,24
BPAN4,201812,-0.0493807941774821,48
BPHA3,201812,-0.0477387306753429,48
BRAP3,201812,0.0102853650521557,58
BRAP4,201812,0.0116846845993968,62
BRDT3,201812,0.014960814251633,61
BRFS3,201812,-0.000715514850554829,61
BRGE3,201812,0.0216825706210882,52
BRIV3,201812,0.0236703762116934,52
BRKM5,201812,0.00335927014433559,61
BRML3,201812,0.0380445875196563,62
BRPR3,201812,0.0283789746797209,60
BRSR3,201812,0.0343148303468065,50
BRSR6,201812,0.0171982968784595,60
BTOW3,201812,0.0181070173776503,65
CAMB4,201812,0.0151365925967449,55
CAML3,201812,0.0445857591839133,60
CARD3,201812,0.0366269022200357,42
CCPR3,201812,0.0219986698347264,52
CCRO3,201812,-0.00384882128728909,61
CEBR3,201812,0.0284782422661176,14
CEBR6,201812,0.0284782422661176,14
CEEB3,201812,0.0358755984899199,15
CEEB5,201812,0.0437943629855877,8
CEED3,201812,0.0316363843604134,9
CEED4,201812,0.0316363843604134,9
CELP3,201812,0.0266248214390365,56
CEPE3,201812,0.0262509966299462,10
CEPE5,201812,0.0338169904938545,16
CEPE6,201812,0.0218372622133885,14
CESP3,201812,0.0392464105111098,49
CESP6,201812,0.0237639467609518,60
CGAS3,201812,0.055118652341427,53
CGAS5,201812,0.00370826746675294,58
CGRA4,201812,0.0232353675920261,61
CIEL3,201812,-0.00437622993296387,60
CLSC4,201812,0.0281875334791621,59
CMIG3,201812,0.00662876313194621,59
CMIG4,201812,0.016775335356927,65
COCE5,201812,0.0153635029627865,56
CPFE3,201812,0.0157440589774575,59
CPLE3,201812,-0.00152682283135656,54
CPLE6,201812,-0.0162649207916387,61
CPRE3,201812,0.0300106019406235,48
CRDE3,201812,0.0421850733718425,59
CRFB3,201812,0.0270610032127066,60
CRIV3,201812,0.0196420303206365,52
CRIV4,201812,0.0354998638103473,53
CRPG5,201812,-0.0697694105463683,48
CSAB4,201812,0.0385442623182947,10
CSAN3,201812,0.0198293786001321,61
CSMG3,201812,0.0179695105390668,61
CSNA3,201812,-0.0272704366959477,60
CSRN3,201812,0.0414950007703023,15
CSRN5,201812,0.0353336789694405,11
CSRN6,201812,0.0385442623182947,10
CTNM4,201812,0.0194864920007744,57
CVCB3,201812,0.0240162487113559,61
CYRE3,201812,0.0348162204012576,62
DHBI4,201812,0.0201712839962856,11
DIRR3,201812,0.0514341261724112,59
DMMO3,201812,0.0029868151043621,53
DOHL4,201812,0.050424039717885,5
DTEX3,201812,0.0247341408820013,60
ECOR3,201812,0.00980157627191921,61
EGIE3,201812,-0.00431878516039016,61
ELET3,201812,0.0274882821405431,61
ELET6,201812,0.00635882992473072,61
ELPL3,201812,-3.88632140436267e-05,50
EMAE4,201812,0.0695804055610488,48
EMBR3,201812,-0.000786568314872431,61
ENBR3,201812,0.0149175240758788,61
ENEV3,201812,0.0176227843391,60
ENGI11,201812,0.0348946249142724,61
ENGI4,201812,0.0253571213719778,57
EQTL3,201812,0.0320632016844449,62
ESTC3,201812,0.0235948469602456,61
ETER3,201812,0.0349999988137317,39
EUCA4,201812,0.0172068332217748,62
EVEN3,201812,0.0311410788980246,60
EZTC3,201812,0.0192745800663085,56
FESA4,201812,-0.00562282421954176,57
FHER3,201812,-0.0302261362539017,48
FIBR3,201812,-0.0160412241309856,61
FJTA4,201812,-0.0483057847219348,48
FLRY3,201812,-0.00657310416036613,61
FRAS3,201812,0.0113606262529297,55
FRIO3,201812,0.0389283226538557,9
GEPA3,201812,0.0173860404338165,30
GEPA4,201812,0.0323918402527734,30
GFSA3,201812,-0.033079448241084,57
GGBR3,201812,0.0938066782105937,58
GGBR4,201812,0.0250706217869748,62
GNDI3,201812,-0.00350662566337831,60
GOAU3,201812,0.0222462313105975,58
GOAU4,201812,0.0121753982311482,62
GOLL4,201812,0.0345609230122385,61
GPCP3,201812,0.0691113067263501,5
GRND3,201812,0.0360316534657178,56
GSHP3,201812,0.0388672694112861,50
GUAR3,201812,0.0183284350333901,59
GUAR4,201812,0.03645471028656,58
HAPV3,201812,0.0106732729721785,60
HBOR3,201812,0.0157935669472551,58
HGTX3,201812,0.0311427765876429,63
HYPE3,201812,0.0149451767231407,61
IDNT3,201812,0.0178502866543302,50
IGTA3,201812,0.0328687543010482,61
INEP3,201812,0.0462239027979114,48
IRBR3,201812,0.0163210402927214,60
ITSA3,201812,0.0126037001934013,58
ITSA4,201812,-1.25001933825136e-05,62
ITUB3,201812,-0.0122265610379834,59
ITUB4,201812,0.00393024777912622,60
IVVB11,201812,0.0305857791681577,34
JBSS3,201812,9.0933570604173e-05,60
JHSF3,201812,0.0523622465868558,51
JOPA3,201812,0.0219857952027059,52
JPSA3,201812,-0.000684362706208135,58
JSLG3,201812,0.0342082801100908,57
KEPL3,201812,0.0361057183232769,51
KLBN11,201812,-0.0113582918277608,62
KLBN4,201812,0.056658857316863,48
KROT3,201812,0.0195016416232391,60
LAME3,201812,0.00326138395416399,61
LAME4,201812,0.00149939536295819,65
LCAM3,201812,0.0290948785540709,60
LEVE3,201812,0.0366259490031651,59
LIGT3,201812,0.0189356460677259,62
LINX3,201812,0.0248011350963508,60
LIQO3,201812,0.0304309011636223,50
LLIS3,201812,0.0326333435045554,51
LOGG3,201812,0.029660376721878,61
LOGN3,201812,0.0252781760441194,58
LPSB3,201812,0.0285609773563507,58
LREN3,201812,0.0257247955793715,61
LUPA3,201812,-0.0275023237481314,10
MAGG3,201812,-0.0122439473706231,56
MDIA3,201812,0.0164597074598909,60
MEAL3,201812,0.0179379239881048,60
MGLU3,201812,0.0246899885108659,61
MILS3,201812,0.0345796139447688,59
MNDL3,201812,0.0394342557829877,9
MOAR3,201812,0.0127182761671129,56
MOVI3,201812,0.0184672642060424,59
MPLU3,201812,-0.00414325819452971,57
MRFG3,201812,0.00263492198430495,61
MRVE3,201812,0.0331325679547391,61
MTSA4,201812,-0.0494257762571333,48
MULT3,201812,0.0208463171951505,61
MYPK3,201812,0.0175108249763797,60
NATU3,201812,0.0384544544839628,61
ODPV3,201812,-0.0138616837742923,57
OFSA3,201812,0.0326341289592486,58
OGXP3,201812,-0.00366888076204055,18
OIBR3,201812,0.00934798508719553,61
OIBR4,201812,0.0210221660247433,60
OMGE3,201812,0.0568207645453594,60
PARD3,201812,0.0154617501659158,60
PCAR4,201812,0.0089387860855927,61
PDGR3,201812,-0.0433979636066917,53
PETR3,201812,0.015039350831489,61
PETR4,201812,0.015694336680836,62
PFRM3,201812,0.0312493597720602,53
PINE4,201812,-0.00715881524705392,51
PLAS3,201812,0.0279821569392899,9
PMAM3,201812,0.058513710780519,27
PNVL3,201812,0.0242902443806181,63
PNVL4,201812,0.00720749163747835,59
POMO3,201812,0.027441656424152,45
POMO4,201812,0.0305256256766706,60
POSI3,201812,-0.00477140681062068,48
PPLA11,201812,-0.0565686024979063,48
PRIO3,201812,0.0017572019763129,57
PSSA3,201812,0.00776694481260423,59
PTBL3,201812,0.0379594386862199,57
QGEP3,201812,0.0192814072212534,58
QUAL3,201812,0.0281480116980079,61
RADL3,201812,0.0102882488651768,60
RAIL3,201812,0.0208949678832211,61
RAPT3,201812,0.0141150737958981,52
RAPT4,201812,0.0195140649080571,63
RCSL4,201812,-0.0139663652342515,48
RDNI3,201812,0.0184331582502416,58
REDE3,201812,0.0393167425029985,8
RENT3,201812,0.0277743726049022,61
RLOG3,201812,0.00363257622998932,60
RNEW11,201812,0.0787605879927207,41
RNEW3,201812,0.0734591348842314,41
RNEW4,201812,0.0817031659826794,41
ROMI3,201812,0.0415998076921334,52
RPAD3,201812,0.0204374118941172,52
RPMG3,201812,0.0572271952745527,8
SANB11,201812,0.0568341321364809,60
SAPR11,201812,0.0220172550640405,64
SAPR4,201812,0.029629491151408,47
SBSP3,201812,0.00698806726034244,64
SCAR3,201812,0.0328165433834022,57
SEDU3,201812,0.0362287525222515,57
SEER3,201812,0.013877392385661,61
SGPS3,201812,0.0367838145463325,55
SHOW3,201812,0.0525984148911422,59
SHUL4,201812,0.0435657054803001,54
SLCE3,201812,-0.0105220843389455,56
SLED4,201812,0.0357808922879413,9
SMLS3,201812,0.0263203522094794,62
SMTO3,201812,0.0227314597959844,61
SNSL3,201812,0.00910241363365949,57
SSBR3,201812,0.0172584311853097,57
STBP3,201812,0.0278370467887867,61
SULA11,201812,0.0233318369373258,60
SUZB3,201812,0.015208423559217,61
TAEE11,201812,0.0159181585544027,61
TCSA3,201812,0.0695251228010279,59
TECN3,201812,0.0209029209163569,56
TEKA4,201812,0.0304812758486048,9
TEND3,201812,0.0183054919071114,59
TESA3,201812,0.0336490579521084,57
TGMA3,201812,0.018417800542546,59
TIET11,201812,0.036278724648967,57
TIET3,201812,-0.00802257857233797,28
TIET4,201812,-0.00504887567767956,28
TIMP3,201812,0.0151861658084101,60
TOTS3,201812,0.0248991119821815,59
TOYB3,201812,0.0335676988721793,9
TOYB4,201812,0.0428269581314386,9
TPIS3,201812,0.029365484172519,51
TRIS3,201812,0.0355982918870221,56
TRPL4,201812,0.0238555374417057,60
TRPN3,201812,0.118039351074537,50
TUPY3,201812,0.0128945778766881,63
UGPA3,201812,0.00267526715223006,61
UNIP3,201812,0.0194062434284783,52
UNIP6,201812,0.0419299665861269,56
USIM3,201812,0.019582236158952,56
USIM5,201812,-0.0103369260252526,61
USIM6,201812,0.0162355111778401,56
VALE3,201812,-0.00285476878981404,61
VIVT3,201812,-0.00608077036583464,58
VIVT4,201812,-0.00540790162967895,61
VLID3,201812,0.0143894523468387,58
VULC3,201812,0.0350952149605921,60
VVAR3,201812,-0.0114920609619593,61
WEGE3,201812,-0.00894837041321555,60
WIZS3,201812,0.0196086753188405,59
WLMM4,201812,0.0565774175936318,21
AALR3,201901,0.107336818499503,58
ABCB4,201901,0.117824427735968,61
ABEV3,201901,0.110816698172885,61
AFLT3,201901,0.0446551108288339,11
AGRO3,201901,0.0985050815277697,52
ALPA3,201901,0.103535159060087,57
ALPA4,201901,0.112043958952327,61
ALSC3,201901,0.104983978756613,61
ALUP11,201901,0.088657657494244,61
ALUP3,201901,-0.00972948197460211,46
ALUP4,201901,0.156674242019372,41
AMAR3,201901,0.127629947194332,58
ANIM3,201901,0.119779274847821,61
APER3,201901,0.130946239427729,52
ARZZ3,201901,0.115382702707975,60
AZUL4,201901,0.113174694574574,60
B3SA3,201901,0.109457014797176,62
BBAS3,201901,0.12116592538269,63
BBDC3,201901,0.145769855095178,60
BBDC4,201901,0.119366948233128,63
BBRK3,201901,0.113289669311069,59
BBSE3,201901,0.11419226828963,60
BBTG11,201901,0.147991478548195,35
BEEF11,201901,0.136482505371059,55
BEEF3,201901,0.223708639651218,61
BIDI11,201901,0.146122305443155,35
BIDI4,201901,0.116810149874715,61
BKBR3,201901,0.127769912829446,59
BOBR4,201901,0.0794047711537652,51
BPAC11,201901,0.100460518502676,61
BPAN4,201901,0.178620261892286,54
BRAP3,201901,0.133450610733626,58
BRAP4,201901,0.11027679714313,62
BRDT3,201901,0.114315408754945,62
BRFS3,201901,0.116616271836054,61
BRGE3,201901,0.148856760951608,53
BRIV3,201901,0.144218221341696,53
BRKM5,201901,0.113854772875178,62
BRML3,201901,0.115146404427528,62
BRPR3,201901,0.106515718710638,61
BRSR3,201901,0.165741959707457,52
BRSR6,201901,0.104499051675279,60
BTOW3,201901,0.115740573501407,65
CAMB4,201901,0.141546676065394,55
CAML3,201901,0.118361644618071,61
CARD3,201901,0.0422031124218022,44
CCPR3,201901,0.134357650781211,54
CCRO3,201901,0.110315721920978,66
CEBR3,201901,0.100951409997092,20
CEBR6,201901,0.103362916030837,20
CEEB3,201901,0.0265790492199801,14
CEEB5,201901,0.0263586445888934,9
CEED3,201901,0.0411943527748981,8
CEED4,201901,0.0411943527748981,8
CELP3,201901,0.116312989338004,56
CEPE3,201901,0.0328654952812325,9
CEPE5,201901,0.100994717454923,22
CEPE6,201901,0.0820389407725415,20
CESP3,201901,0.0922236162827347,50
CESP6,201901,0.108974089494442,61
CGAS3,201901,0.192785348217782,56
CGAS5,201901,0.111587984032963,59
CGRA4,201901,0.0845105551196499,63
CIEL3,201901,0.128495455068753,61
CLSC4,201901,0.0604496477997642,58
CMIG3,201901,0.11338988698559,60
CMIG4,201901,0.109065692574913,66
COCE5,201901,0.129213621939956,56
CPFE3,201901,0.130215544869387,59
CPLE3,201901,0.100326163801931,57
CPLE6,201901,0.125569042420605,59
CPRE3,201901,0.112249140371446,50
CRDE3,201901,0.0884384386888549,59
CRFB3,201901,0.0868216611041295,60
CRIV3,201901,0.153454500453004,53
CRIV4,201901,0.0428507487815034,55
CRPG5,201901,0.0966112852039056,51
CSAB4,201901,0.0190335747531297,9
CSAN3,201901,0.126203765172803,62
CSMG3,201901,0.116671358329506,62
CSNA3,201901,0.0933127373073337,60
CSRN3,201901,0.0472380248684359,12
CSRN5,201901,0.0153497266383905,16
CSRN6,201901,0.0243122452886639,11
CTNM4,201901,0.127118307565442,57
CVCB3,201901,0.133110506246428,62
CYRE3,201901,0.109137762684476,63
DHBI4,201901,0.111891267893351,11
DIRR3,201901,0.0880725896297211,58
DMMO3,201901,0.131701829651612,57
DOHL4,201901,0.215315223010158,5
DTEX3,201901,0.114916783729878,62
ECOR3,201901,0.0992886923656995,60
EGIE3,201901,0.116335805962736,61
ELET3,201901,0.104755736541709,62
ELET6,201901,0.134132226708006,64
ELPL3,201901,0.100337808413698,58
EMAE4,201901,0.0407092073107657,51
EMBR3,201901,0.123882913532276,61
ENBR3,201901,0.123036799518812,61
ENEV3,201901,0.137313762092677,62
ENGI11,201901,0.105421422984034,62
ENGI4,201901,0.129695015915658,57
EQTL3,201901,0.112103482356172,62
ESTC3,201901,0.116188940671545,62
ETER3,201901,0.0390301461128418,41
EUCA4,201901,0.0937212570918187,64
EVEN3,201901,0.156836736820732,60
EZTC3,201901,0.130004897072225,62
FESA4,201901,0.114465823320204,57
FHER3,201901,0.104163123727769,51
FJTA4,201901,0.115121576751647,57
FLRY3,201901,0.144434854753711,60
FRAS3,201901,0.262810004916028,56
FRIO3,201901,0.0272387293061009,10
GEPA3,201901,0.11257490265914,29
GEPA4,201901,0.110310961742816,29
GFSA3,201901,0.131118783507089,59
GGBR3,201901,0.0727241717547757,58
GGBR4,201901,0.118221244971456,63
GNDI3,201901,0.124243282234767,61
GOAU3,201901,0.0998016351105949,58
GOAU4,201901,0.104620961414959,61
GOLL4,201901,0.134607043851304,60
GPCP3,201901,0.270148175515905,6
GRND3,201901,0.141203207710691,60
GSHP3,201901,0.0782666303988005,52
GUAR3,201901,0.108595151384959,60
GUAR4,201901,0.120156215455356,58
HAPV3,201901,0.108659310608206,60
HBOR3,201901,0.102910766970118,60
HGTX3,201901,0.124641710525699,61
HYPE3,201901,0.126933262084207,62
IDNT3,201901,0.123093049934809,51
IGTA3,201901,0.120688639822221,62
INEP3,201901,0.0367798781645743,50
IRBR3,201901,0.0793017158404045,61
ITSA3,201901,0.108520627206502,58
ITSA4,201901,0.113790043881605,63
ITUB3,201901,0.114741575105556,60
ITUB4,201901,0.129688043862014,61
JBSS3,201901,0.123796293826377,60
JHSF3,201901,0.10676933532743,59
JOPA3,201901,0.150865947761944,53
JPSA3,201901,0.125381058006809,60
JSLG3,201901,0.184615525730231,57
KEPL3,201901,0.0845399390241885,51
KLBN11,201901,0.125759838531754,62
KLBN4,201901,0.0831852528422128,50
KROT3,201901,0.112963316732364,60
LAME3,201901,0.116699742177101,62
LAME4,201901,0.122974886498863,64
LCAM3,201901,0.130841015791574,60
LEVE3,201901,0.107839780946449,60
LIGT3,201901,0.114754611402405,63
LINX3,201901,0.114953746278244,60
LIQO3,201901,0.0532956786081096,22
LLIS3,201901,0.176583530780294,57
LOGG3,201901,0.0955896456831392,62
LOGN3,201901,0.0606995065566139,59
LPSB3,201901,0.118080301224324,60
LREN3,201901,0.106093993100334,61
LUPA3,201901,0.093024517192491,10
MAGG3,201901,0.0980399868784981,56
MDIA3,201901,0.132154187158859,61
MEAL3,201901,0.124101709898462,59
MGEL4,201901,0.0658304524426205,20
MGLU3,201901,0.0967711891197881,62
MILS3,201901,0.100984300119289,60
MNDL3,201901,0.0247624811873645,11
MOAR3,201901,0.120191550087641,56
MOVI3,201901,0.176366647992656,59
MPLU3,201901,0.101134698913487,58
MRFG3,201901,0.10847257589281,60
MRVE3,201901,0.145487731619473,62
MTSA4,201901,0.0659316651151638,51
MULT3,201901,0.0970885918507738,62
MYPK3,201901,0.114600548726549,62
NATU3,201901,0.107605245474467,62
ODPV3,201901,0.122951184902596,59
OFSA3,201901,0.138619447453852,58
OIBR3,201901,0.107022568525797,61
OIBR4,201901,0.110899227347143,60
OMGE3,201901,0.0898768864160215,61
PARD3,201901,0.10451553498111,59
PCAR4,201901,0.112000452012622,61
PETR3,201901,0.127481783132151,60
PETR4,201901,0.109721818182919,63
PFRM3,201901,0.109187014210028,51
PINE4,201901,0.0946406964368792,51
PLAS3,201901,0.0274560813121475,11
PMAM3,201901,0.105242380894644,14
PNVL3,201901,0.0916629667522954,63
PNVL4,201901,0.110653480223088,59
POMO3,201901,0.130458596349321,47
POMO4,201901,0.0942173534234349,61
POSI3,201901,0.0542942692803465,51
PPLA11,201901,0.0432712213407731,53
PRIO3,201901,0.138083787831716,57
PSSA3,201901,0.149623112083957,59
PTBL3,201901,0.0877395221641354,56
QGEP3,201901,0.107158575825042,60
QUAL3,201901,0.112624138619278,61
RADL3,201901,0.136669392715907,60
RAIL3,201901,0.117326935826551,62
RAPT3,201901,0.147468067732045,53
RAPT4,201901,0.121469215371353,66
RDNI3,201901,0.10103262553326,57
REDE3,201901,0.023780509680269,10
RENT3,201901,0.120210748848734,62
RLOG3,201901,0.117934730282597,60
RNEW11,201901,-0.00059087125475216,41
RNEW3,201901,-0.00999308097237309,41
RNEW4,201901,0.0050092365376727,41
ROMI3,201901,0.0894965325367074,52
RPAD3,201901,0.147403301770509,53
RPMG3,201901,0.0266857402672654,10
RSID3,201901,-0.0548336421316342,39
SANB11,201901,0.12295728349576,60
SAPR11,201901,0.118621603585247,64
SAPR4,201901,0.119710425205607,57
SBSP3,201901,0.113317488118823,65
SCAR3,201901,0.141428696173771,58
SEDU3,201901,0.103156379738289,57
SEER3,201901,0.116924975041237,61
SGPS3,201901,0.114651596457921,55
SHOW3,201901,0.1062556624535,58
SHUL4,201901,0.104608533283794,54
SLCE3,201901,0.131680637802487,59
SLED4,201901,0.021151643981478,10
SMLS3,201901,0.134825193151309,62
SMTO3,201901,0.120106701920483,62
SNSL3,201901,0.125504925251078,58
SSBR3,201901,0.0978751723717471,57
STBP3,201901,0.0799841562402705,61
SULA11,201901,0.126654967866736,60
SUZB3,201901,0.0983100023295061,60
TAEE11,201901,0.126080156647624,63
TCSA3,201901,0.0334336474898739,58
TECN3,201901,0.106593925501025,56
TEKA4,201901,0.0162060839130774,11
TEND3,201901,0.109775372702282,60
TESA3,201901,0.104034860911416,57
TGMA3,201901,0.108159047582708,59
TIET11,201901,0.108213533457945,60
TIET3,201901,0.173480978165636,29
TIET4,201901,0.181715998888431,29
TIMP3,201901,0.104543755129028,60
TOTS3,201901,0.103343384225838,62
TOYB3,201901,0.0190358019238835,10
TOYB4,201901,0.0190358019238835,10
TPIS3,201901,0.0452428949912606,51
TRIS3,201901,0.0945572876574393,56
TRPL4,201901,0.126377266921801,60
TRPN3,201901,0.0804763758993154,52
TUPY3,201901,0.145916263735091,64
UCAS3,201901,0.0997053031512447,20
UGPA3,201901,0.129475566184116,62
UNIP3,201901,0.1539724654319,55
UNIP6,201901,0.105855208475379,59
USIM3,201901,0.123963406187732,58
USIM5,201901,0.111536623340677,60
USIM6,201901,0.0844699598569313,56
VALE3,201901,0.13687529684788,63
VIVR3,201901,0.0914395027973158,50
VIVT3,201901,0.0992359641172648,58
VIVT4,201901,0.135442012874974,61
VLID3,201901,0.111842374297881,58
VULC3,201901,0.125300564697535,60
VVAR3,201901,0.118071725305806,60
WEGE3,201901,0.120567434705427,60
WHRL4,201901,0.0511590968868161,39
WIZS3,201901,0.108616341445853,59
WLMM4,201901,0.0820169435560122,21
AALR3,201902,-0.0104952512075994,58
ABCB4,201902,-0.00565866711014532,60
ABEV3,201902,-0.0118847575937899,61
AFLT3,201902,0.0143822834775868,10
AGRO3,201902,0.0927748703076883,55
ALPA3,201902,-0.0280456685106258,57
ALPA4,201902,-0.0291269643584449,60
ALSC3,201902,-0.00229038408994726,60
ALUP11,201902,-0.0217042496556978,60
ALUP3,201902,-0.0799388772534928,46
ALUP4,201902,-0.0286186754405648,42
AMAR3,201902,-0.0159651607028111,57
ANIM3,201902,-0.0220304119882818,60
APER3,201902,-0.0168242341490518,52
ARZZ3,201902,-0.0251358905763065,59
AZUL4,201902,-0.0107706103539977,60
B3SA3,201902,-0.0192807771931604,62
BBAS3,201902,-0.0139741974688596,62
BBDC3,201902,-0.0201021867939435,60
BBDC4,201902,-0.0234967673210909,62
BBRK3,201902,-0.0222154690877736,59
BBSE3,201902,-0.0181246937919462,60
BBTG11,201902,-0.0316115269523509,35
BEEF11,201902,0.00309404253288896,55
BEEF3,201902,-0.0382321861535638,58
BIDI4,201902,-0.025252789845203,60
BKBR3,201902,-0.0241196890672003,59
BOBR4,201902,-0.0207748405489349,50
BPAC11,201902,-0.0124152011754348,60
BPAN4,201902,0.0582127226993935,56
BRAP3,201902,0.0115095895644963,57
BRAP4,201902,-0.00766396459008216,61
BRDT3,201902,-0.00617503111338598,61
BRFS3,201902,-0.00572194452109717,61
BRGE3,201902,0.0558586748305395,52
BRIV3,201902,0.0573357807780064,52
BRKM5,201902,-0.0118371814291022,61
BRML3,201902,-0.0259318064574565,62
BRPR3,201902,0.00459955843854394,60
BRSR3,201902,0.0427558665648626,52
BRSR6,201902,-0.0079739144433291,59
BTOW3,201902,-0.0112416707357071,64
CAMB4,201902,-0.0162425886810457,55
CAML3,201902,-0.0289547492570072,60
CARD3,201902,0.0982131472006846,43
CCPR3,201902,0.0420818691737052,53
CCRO3,201902,-0.00520256485173007,65
CEBR3,201902,-0.0264441420863254,21
CEBR6,201902,-0.0205244255901869,21
CEEB3,201902,0.0722219914064573,12
CEEB5,201902,0.0149215659542641,9
CEED3,201902,0.0821992629987665,8
CEED4,201902,0.0638392969434634,8
CELP3,201902,-0.00516240012538571,56
CEPE3,201902,0.102351467023447,9
CEPE5,201902,-0.0251450085975677,23
CEPE6,201902,-0.0264441420863254,21
CESP3,201902,0.0122341098089945,50
CESP6,201902,-0.0135506340315075,60
CGAS3,201902,-0.021977738697363,55
CGAS5,201902,0.00585178710583886,59
CGRA3,201902,0.0334546190415615,57
CGRA4,201902,0.0369394987705745,63
CIEL3,201902,-0.0129398590687186,60
CLSC4,201902,0.0883303332267929,57
CMIG3,201902,0.000209185828827671,59
CMIG4,201902,-0.0201373108271667,65
COCE5,201902,-0.00512957712450986,58
CPFE3,201902,-0.00439814212202296,59
CPLE3,201902,-0.000332877557985902,57
CPLE6,201902,-0.0122523617006709,58
CPRE3,201902,0.0101130173870769,50
CRDE3,201902,-0.00221744190596043,58
CRFB3,201902,-0.0200372894771361,59
CRIV3,201902,0.0466024239813278,52
CRIV4,201902,0.0983705144467888,54
CRPG5,201902,-0.0528457138764029,50
CSAB4,201902,0.0125171942559647,10
CSAN3,201902,-0.0221730432246741,61
CSMG3,201902,-0.0101215896881669,61
CSNA3,201902,-0.0294591283591919,60
CSRN3,201902,0.0855318218660413,11
CSRN5,201902,0.0824046382833683,14
CSRN6,201902,0.0201455062110642,11
CTNM4,201902,0.0573680887245617,56
CVCB3,201902,-0.0116428044936694,61
CYRE3,201902,-0.0235108676559933,61
DHBI4,201902,0.000214297422242154,10
DIRR3,201902,-0.00981053407246264,58
DMMO3,201902,-0.00757890277843139,56
DOHL4,201902,-0.0174344017776342,6
DTEX3,201902,-0.00577284489701351,61
ECOR3,201902,-0.0059672965537762,60
EGIE3,201902,-0.0128452534164271,60
ELET3,201902,-0.0123034327746014,61
ELET6,201902,-0.0221928151531821,62
ELPL3,201902,-0.00255171196421554,57
EMAE4,201902,0.0161661819550351,50
EMBR3,201902,-0.0208076335415872,61
ENBR3,201902,-0.0134593192444158,60
ENEV3,201902,-0.0241172585088861,62
ENGI11,201902,-0.0260809041568367,61
ENGI4,201902,-0.0226788912155374,57
EQTL3,201902,-0.0230371225959193,62
ESTC3,201902,-0.0142702602392627,61
ETER3,201902,0.0980962138987187,40
EUCA4,201902,0.00566589059784187,63
EVEN3,201902,-0.0285357919767824,59
EZTC3,201902,-0.00542976863167769,61
FESA4,201902,-0.0301492922756788,57
FHER3,201902,0.0549377169086766,50
FJTA4,201902,-0.0219094073073305,56
FLRY3,201902,-0.0253809524076185,61
FRAS3,201902,0.00865643556690973,55
FRIO3,201902,0.0221600568321707,10
GEPA3,201902,-0.0046099903772536,35
GEPA4,201902,0.0154503196322292,35
GFSA3,201902,-0.0251362679527667,57
GGBR3,201902,-0.00285793336319864,58
GGBR4,201902,-0.01573958845688,60
GNDI3,201902,-0.0264072307695034,61
GOAU3,201902,-0.00251106633742857,58
GOAU4,201902,-0.00891243323382933,60
GOLL4,201902,-0.0305457609856699,60
GPCP3,201902,-0.0409144410790545,6
GRND3,201902,-0.0144247226709788,59
GSHP3,201902,-0.00705345933635252,51
GUAR3,201902,-0.0103126998739862,61
HAPV3,201902,-0.00743602562903848,60
HBOR3,201902,-0.010785015516689,59
HGTX3,201902,-0.024636128370701,59
HYPE3,201902,-0.0161313446879409,61
IDNT3,201902,0.00299786983618034,51
IGTA3,201902,-0.0279728111445157,61
INEP3,201902,0.0139549105867405,48
IRBR3,201902,-0.0104828537453527,60
ITSA3,201902,0.00101567588682424,58
ITSA4,201902,-0.0135731036184161,62
ITUB3,201902,-0.027354710798452,59
ITUB4,201902,-0.0173855802526448,60
JBSS3,201902,0.003653098015274,60
JHSF3,201902,0.0739166711816655,56
JOPA3,201902,0.0556800079134339,52
JPSA3,201902,-0.00927526845429911,59
JSLG3,201902,0.00934632859672056,57
KEPL3,201902,0.0797262745438159,51
KLBN11,201902,-0.0297235673795509,61
KLBN4,201902,0.0210211490738942,50
KROT3,201902,-0.00848163361088523,60
LAME3,201902,-0.021578006511869,61
LAME4,201902,-0.0198529882385361,63
LCAM3,201902,-0.0364744048927056,59
LEVE3,201902,-0.00757431992693985,59
LIGT3,201902,-0.0137268905536499,62
LINX3,201902,-0.0147327452571725,59
LIQO3,201902,0.129653476585489,8
LLIS3,201902,0.00755756093959302,56
LOGG3,201902,-0.00479140907374,61
LOGN3,201902,0.061065529761185,58
LPSB3,201902,-0.0066469459875536,59
LREN3,201902,-0.011649129955572,60
LUPA3,201902,-0.0410979143634781,10
MAGG3,201902,-0.0199755672695617,53
MDIA3,201902,0.00657274377321159,60
MEAL3,201902,-0.00688070208761759,59
MGEL4,201902,-0.0259607463854292,21
MGLU3,201902,-0.0260001754972541,61
MILS3,201902,0.0515412169920546,59
MNDL3,201902,0.0162607714292748,10
MOAR3,201902,0.0105676090212352,55
MOVI3,201902,-0.034482290922096,59
MPLU3,201902,-0.00119966987443938,57
MRFG3,201902,-0.0255592962946373,60
MRVE3,201902,-0.025800691191945,61
MTSA4,201902,-0.0392148602575428,50
MULT3,201902,-0.0113346011151539,61
MYPK3,201902,-0.00848913335670788,61
NATU3,201902,-0.0335098843428309,61
ODPV3,201902,-0.0191355104869275,58
OFSA3,201902,-0.0162947274125463,57
OIBR3,201902,-0.0175038195480922,61
OIBR4,201902,-0.019025611794708,59
OMGE3,201902,-0.0190915594740199,60
PARD3,201902,-0.00518437750614699,58
PCAR4,201902,-0.0111045516986594,60
PETR3,201902,-0.0264457822343288,61
PETR4,201902,-0.0112611147629908,62
PFRM3,201902,-0.0273653149462527,50
PINE4,201902,-0.00757771814615373,51
PLAS3,201902,0.0125171942559647,10
PMAM3,201902,0.0936925898423716,25
PNVL3,201902,0.0104186789080552,62
PNVL4,201902,-0.0191819175935686,59
POMO3,201902,-0.0136673876179082,48
POMO4,201902,-0.0260237112242798,60
POSI3,201902,-0.019935621934559,50
PPLA11,201902,-0.052384244990319,52
PRIO3,201902,0.0370791512639492,56
PSSA3,201902,-0.00563219929892146,59
PTBL3,201902,0.0851292598142084,53
QGEP3,201902,-0.00612097439513846,60
QUAL3,201902,-0.0150526917611939,60
RADL3,201902,-0.0153956924906289,61
RAIL3,201902,-0.00687369213514653,61
RAPT3,201902,0.0551801469097718,52
RAPT4,201902,0.0261575748361274,64
RDNI3,201902,-0.00343917511032964,57
REDE3,201902,0.0288073206433849,8
RENT3,201902,-0.0170787599070075,62
RLOG3,201902,-0.0194005969426939,60
RNEW11,201902,-0.0507937766405892,40
RNEW3,201902,-0.0549150481097764,40
RNEW4,201902,-0.0534299233729772,40
ROMI3,201902,0.0867312310570398,51
RPAD3,201902,0.0111946935912789,52
RPMG3,201902,0.0256065072385644,9
RSID3,201902,-0.00424769639533405,39
SANB11,201902,-0.018780787314398,60
SAPR11,201902,-0.0142309901082061,63
SAPR4,201902,-0.0147113249819396,57
SBSP3,201902,-0.00711290972447716,65
SCAR3,201902,0.0295963686473266,57
SEDU3,201902,0.0243061513597521,53
SEER3,201902,-0.017772043070976,59
SGPS3,201902,0.00996775998231937,55
SHOW3,201902,0.00309286647832409,58
SHUL4,201902,0.00485348386612979,54
SLCE3,201902,-0.0243014262117353,58
SLED4,201902,0.0314427506578046,10
SMLS3,201902,-0.0281033972877524,61
SMTO3,201902,-0.0266282758540178,61
SQIA3,201902,0.0362914489857713,56
SSBR3,201902,-0.00353947117984869,57
STBP3,201902,-0.0228294254632153,60
SULA11,201902,-0.0261544513332861,59
SUZB3,201902,-0.0104378968832411,60
TAEE11,201902,-0.00900699883068494,61
TCSA3,201902,-0.036635110519065,58
TECN3,201902,-0.0152426405831083,55
TEKA4,201902,0.0247184500256304,10
TEND3,201902,-0.0060815865633073,59
TESA3,201902,-0.0162185290675451,56
TGMA3,201902,-0.00424325485820175,58
TIET11,201902,-0.00499359552313745,59
TIET3,201902,-0.010859090415676,29
TIET4,201902,-0.016173186009179,29
TIMP3,201902,-0.00493791835148037,60
TOTS3,201902,-0.0168677352695234,60
TOYB3,201902,0.0182765616865396,10
TOYB4,201902,0.025785752501132,9
TPIS3,201902,-0.00999444517951974,50
TRIS3,201902,0.0289173707864784,55
TRPL4,201902,-0.0101489521791696,59
TRPN3,201902,-0.00465037458134803,52
TUPY3,201902,-0.00992270333026845,63
UCAS3,201902,-0.0261415338441537,21
UGPA3,201902,-0.013786886210862,62
UNIP3,201902,0.0489300996179637,54
UNIP6,201902,-0.013522059194038,59
USIM3,201902,0.013033694763069,57
USIM5,201902,-0.0141294395283394,60
USIM6,201902,0.0105676090212351,55
VALE3,201902,-0.0245808301404395,62
VIVR3,201902,0.015638214714802,51
VIVT3,201902,0.00324647999632475,58
VIVT4,201902,-0.00683285784701301,60
VLID3,201902,0.000236064682628948,58
VULC3,201902,-0.0153447220594027,59
VVAR3,201902,-0.0222871181972928,59
WEGE3,201902,-0.0265680288472391,60
WIZS3,201902,-0.0078129245067501,58
WLMM4,201902,-0.0109607929611388,21
AALR3,201903,-0.0109524625978923,59
ABCB4,201903,-0.008571097405773,61
ABEV3,201903,0.0105900469060097,60
AFLT3,201903,-0.0425832090123399,12
AGRO3,201903,0.0123035370100212,56
ALPA3,201903,-0.0160379869337484,57
ALPA4,201903,0.00588121819940343,61
ALSC3,201903,-0.00716692919799146,60
ALUP11,201903,-0.0154718864999284,61
ALUP3,201903,0.00298946553078233,45
ALUP4,201903,-0.00237872490711345,41
AMAR3,201903,-0.0131152777331017,58
ANIM3,201903,-0.000517415956377664,61
APER3,201903,-0.0103076093780177,51
ARZZ3,201903,-0.00752151295075211,60
AZUL4,201903,-0.00939023958340182,60
B3SA3,201903,-0.00461782171018791,61
BBAS3,201903,-0.011297875111125,62
BBDC3,201903,0.000423838493645765,60
BBDC4,201903,0.0236418496815943,62
BBRK3,201903,-0.00192458838468903,60
BBSE3,201903,-0.0118016789172386,60
BBTG11,201903,-0.0316384862978332,35
BEEF11,201903,0.0206892045355585,55
BEEF3,201903,0.00387972623686135,58
BIDI4,201903,-0.0130360534947486,61
BKBR3,201903,-0.00732297560734657,59
BOBR4,201903,0.0335508734240383,49
BPAC11,201903,-0.0128408885588799,61
BPAN4,201903,-0.00540108577776126,57
BRAP3,201903,-0.0235949186079008,58
BRAP4,201903,-0.00625906321723267,61
BRDT3,201903,0.0116888332346104,61
BRFS3,201903,-0.00685937219928147,61
BRGE3,201903,-0.0350270189054628,52
BRIV3,201903,-0.037273607320555,52
BRKM5,201903,-0.00717033965055567,60
BRML3,201903,0.00831846100318041,61
BRPR3,201903,-0.018064126522745,61
BRSR3,201903,-0.0313948557298836,52
BRSR6,201903,-0.00342291443091854,60
BTOW3,201903,-0.00334834876754909,64
CAMB4,201903,-0.00786906226191282,55
CAML3,201903,0.0125246375748388,61
CARD3,201903,-0.0301936534853992,15
CCPR3,201903,-0.0420423283209178,53
CCRO3,201903,-0.00646031915148617,65
CEBR3,201903,-0.0139655458138344,20
CEBR6,201903,0.0160581844583489,20
CEEB3,201903,-0.000776760697512018,16
CEEB5,201903,-0.0534411784629547,9
CEED3,201903,-0.0180652305914323,7
CEED4,201903,0.0420588407864621,7
CELP3,201903,-0.024335425514253,57
CEPE3,201903,0.0314177602677438,8
CEPE5,201903,0.022871727645204,22
CEPE6,201903,0.0258796471750061,20
CESP3,201903,-0.00504523487711711,50
CESP6,201903,-0.00048333111390684,60
CGAS3,201903,-0.00910410733976148,55
CGAS5,201903,-0.0113534702989701,53
CGRA4,201903,-0.0110799849899275,63
CIEL3,201903,-0.000883884065483059,60
CLSC4,201903,-0.0101289527856558,56
CMIG3,201903,-0.0173008520325433,59
CMIG4,201903,0.017998561660211,66
COCE5,201903,-0.0138858144543853,58
CPFE3,201903,-0.026235080944902,59
CPLE3,201903,-0.0251447973501785,57
CPLE6,201903,-0.00227048631424508,59
CPRE3,201903,-0.00510209737337851,50
CRDE3,201903,-0.0142552821280028,59
CRFB3,201903,-0.0083782619710443,60
CRIV3,201903,-0.0364759284858004,52
CRIV4,201903,-0.039056595071058,53
CRPG5,201903,0.00571648884018147,50
CRPG6,201903,0.036166842578303,30
CSAB4,201903,-0.017229122407603,10
CSAN3,201903,-0.00410846399842556,61
CSMG3,201903,-0.00543614723989376,61
CSNA3,201903,0.0235795623172449,60
CSRN3,201903,-0.00769605601077131,14
CSRN5,201903,-0.0114740245241752,14
CSRN6,201903,-0.0199971092314756,11
CTNM4,201903,-0.0390224361602911,56
CVCB3,201903,0.00645183566848203,62
CYRE3,201903,5.13993234649552e-05,61
DHBI4,201903,-0.017163110324221,11
DIRR3,201903,-0.00669885879444558,58
DMMO3,201903,-0.00429893038313599,48
DOHL4,201903,-0.0387788645232144,6
DTEX3,201903,-0.00594977311933179,61
EALT4,201903,0.0674086146699235,30
ECOR3,201903,-0.00377253126597844,60
EGIE3,201903,-0.0151629321850836,60
ELET3,201903,-0.00457633368815211,61
ELET6,201903,-0.00145798708513147,61
ELPL3,201903,-0.0125449235132931,53
EMAE4,201903,-0.0284083610720829,50
EMBR3,201903,0.0134135018904771,60
ENBR3,201903,-0.00891088506574119,60
ENEV3,201903,-0.00714700567560241,61
ENGI11,201903,-0.00397443071555219,62
ENGI4,201903,-0.0116123700317324,57
EQTL3,201903,0.00226747993173927,62
ESTC3,201903,-0.00622210693881538,61
ETER3,201903,-0.0197039782259749,9
EUCA4,201903,-0.0051443620234164,64
EVEN3,201903,0.0057647464209316,60
EZTC3,201903,-0.00969349683162246,60
FESA4,201903,0.00623053223331124,56
FHER3,201903,-0.00730542170497289,53
FJTA4,201903,0.00541108321395977,54
FLRY3,201903,-0.00753321185059898,60
FRAS3,201903,0.134197481701091,56
FRIO3,201903,-0.018090519012662,12
GEPA3,201903,0.00333452756155627,34
GEPA4,201903,-0.00241768548277956,34
GFSA3,201903,0.00654386724140698,53
GGBR3,201903,0.0475382574823385,59
GGBR4,201903,-0.0114669015508288,60
GNDI3,201903,0.00234231064302359,61
GOAU3,201903,-0.00351065633600905,58
GOAU4,201903,0.00941541095944761,60
GOLL4,201903,-0.00103631737183191,60
GPCP3,201903,0.0403439082900616,49
GRND3,201903,-0.00214960634303626,59
GSHP3,201903,-0.00238302995123808,55
GUAR3,201903,-0.017492243339376,60
HAPV3,201903,0.00100699800234413,60
HBOR3,201903,-0.00932913504710634,57
HGTX3,201903,0.00609447824293946,60
HYPE3,201903,0.00240723255366534,61
IDNT3,201903,-0.0113173377503552,51
IGTA3,201903,0.0142497817498155,61
INEP3,201903,-0.029949811597321,48
IRBR3,201903,-0.0171698677684303,60
ITSA3,201903,-0.0133894991907098,58
ITSA4,201903,0.0323509299735664,62
ITUB3,201903,0.03933136540377,59
ITUB4,201903,0.0261639611495908,60
JBSS3,201903,-0.00898372846031888,60
JHSF3,201903,-0.00420043090416954,57
JOPA3,201903,-0.0268549481850958,52
JPSA3,201903,0.0354556075165379,59
JSLG3,201903,-0.0383440834131261,58
KEPL3,201903,0.00191093483974291,50
KLBN11,201903,0.0589362929536604,61
KLBN4,201903,-5.56487532876408e-05,50
KROT3,201903,-0.00156461870425672,60
LAME3,201903,0.0449220637234149,60
LAME4,201903,0.0203471693467214,64
LCAM3,201903,-0.0106921558960157,60
LEVE3,201903,0.0012895464321225,61
LIGT3,201903,-0.00530031476521468,62
LINX3,201903,-0.0142573232868643,60
LIQO3,201903,-0.0490340730638226,42
LLIS3,201903,-0.0134415066472817,57
LOGG3,201903,-0.00117345700454125,61
LOGN3,201903,-0.0134482483265265,59
LPSB3,201903,-0.00358955905058274,60
LREN3,201903,0.00119619743164483,60
LUPA3,201903,0.000837483145945712,10
MAGG3,201903,-0.0112484099693161,42
MDIA3,201903,-0.00329147266312608,61
MEAL3,201903,-0.0162134455709047,59
MGEL4,201903,0.0270529436906586,21
MGLU3,201903,9.99171048413422e-05,62
MILS3,201903,0.0139231983350203,60
MNDL3,201903,-0.0339375177936874,12
MOAR3,201903,-0.0132992870591549,56
MOVI3,201903,-0.024627673839952,59
MPLU3,201903,-0.0125103012362,59
MRFG3,201903,-0.000852423839359742,60
MRVE3,201903,-0.00473410505954929,62
MTSA4,201903,0.0155866511423394,49
MULT3,201903,-0.00435078755499511,61
MYPK3,201903,-0.0148562409273738,60
NATU3,201903,0.00863213619624235,61
ODPV3,201903,-0.00768480684215311,59
OFSA3,201903,-0.0150809593733328,57
OIBR3,201903,0.00213294809630837,61
OIBR4,201903,-0.00305907873676823,59
OMGE3,201903,0.00626576212825687,61
PARD3,201903,-0.00640084298695255,58
PCAR4,201903,-0.00906615694425546,60
PETR3,201903,-0.00695755983249675,61
PETR4,201903,0.000566666167001572,62
PFRM3,201903,-0.0177920279367285,50
PINE4,201903,-0.00602435963467359,51
PLAS3,201903,-0.0610222343256753,10
PMAM3,201903,-0.00097670364092024,16
PNVL3,201903,-0.0221150020171298,62
PNVL4,201903,0.0413476241346893,59
POMO3,201903,0.0142890737184581,49
POMO4,201903,0.003066107208278,61
POSI3,201903,0.0660104137561353,49
PPLA11,201903,-0.0398873758578828,53
PRIO3,201903,-0.0280553129169194,57
PSSA3,201903,0.00810222137805298,58
PTBL3,201903,0.00794756779888768,54
QGEP3,201903,-0.00441962435066752,61
QUAL3,201903,-0.0141243316722748,60
RADL3,201903,-0.00050545914868591,60
RAIL3,201903,-0.00430253211518883,61
RAPT3,201903,-0.0350173335676205,52
RAPT4,201903,-0.0103068368463602,67
RDNI3,201903,-0.00376776659435073,58
REDE3,201903,-0.018045438654345,11
RENT3,201903,-0.0108221336348365,61
RLOG3,201903,0.0342513107865646,60
RNEW11,201903,0.0338266077947036,57
RNEW3,201903,0.0349933000420644,55
RNEW4,201903,0.299142581023491,42
ROMI3,201903,0.00167036249748154,50
RPAD3,201903,-0.0445117992133899,52
RPMG3,201903,-0.065578060908146,10
RSID3,201903,0.612034831818766,41
SANB11,201903,-0.00550556663862266,60
SAPR11,201903,-0.0114037722063672,64
SAPR4,201903,-0.00696041304120661,55
SBSP3,201903,-0.000974790041192608,65
SCAR3,201903,-0.00536470618113855,58
SEDU3,201903,-0.0100832031148316,59
SEER3,201903,-0.00555098155088118,60
SGPS3,201903,-0.0049768773034218,55
SHOW3,201903,-0.00206899150642937,59
SHUL4,201903,-0.0115615827161328,55
SLCE3,201903,0.0417712662229104,56
SLED4,201903,-0.0264120262054783,12
SMLS3,201903,-0.0126629058863076,61
SMTO3,201903,0.0628144497461345,61
SQIA3,201903,-0.0288537332851522,56
SSBR3,201903,-0.00113939682447197,59
STBP3,201903,-0.0190799891223381,61
SULA11,201903,-0.00275159880424713,59
SUZB3,201903,-0.00255115407446298,62
TAEE11,201903,-0.0145145254956321,61
TCSA3,201903,0.0102953940257748,58
TECN3,201903,-0.016993061413062,55
TEKA4,201903,-0.0713665769246928,11
TEND3,201903,-0.0131222959343729,60
TESA3,201903,-0.0425317585314714,57
TGMA3,201903,-0.0103794331936103,59
TIET11,201903,-0.00628687333421719,59
TIET3,201903,-0.0129234534305886,42
TIET4,201903,-0.0128094929986624,42
TIMP3,201903,-0.00420847622686998,60
TOTS3,201903,-0.0172501760650058,61
TOYB3,201903,-0.0298232652247611,11
TOYB4,201903,-0.0100421710400674,9
TPIS3,201903,0.0118577707036815,49
TRIS3,201903,-0.00583491864901124,55
TRPL4,201903,-0.0164390238525858,59
TRPN3,201903,0.00533151431688807,52
TUPY3,201903,-0.00483331176946347,64
UCAS3,201903,0.0219309853075606,21
UGPA3,201903,-0.00112826308976141,61
UNIP3,201903,-0.036872309479022,54
UNIP6,201903,-0.00331693485446004,59
USIM3,201903,-0.0200878038500719,58
USIM5,201903,-0.00401995787661365,60
USIM6,201903,-0.00888739540932852,56
VALE3,201903,-0.00991717039286631,62
VIVR3,201903,-0.00181952135231905,51
VIVT3,201903,-0.00921905282816309,58
VIVT4,201903,-0.00970105550573585,60
VLID3,201903,-0.00197048399941844,59
VULC3,201903,-0.000126301472854128,60
VVAR3,201903,-0.00223668229985746,60
WEGE3,201903,0.0398054980513706,60
WIZS3,201903,-0.0110910233637734,59
WLMM4,201903,-0.0112776982305601,32
AALR3,201904,0.0153402575179698,57
ABCB4,201904,-0.0309329446997993,61
ABEV3,201904,-0.00521645781224324,62
AFLT3,201904,-0.0576139026859649,11
AGRO3,201904,-0.124999684961341,56
ALPA3,201904,0.0433568730376502,56
ALPA4,201904,0.0281873876548472,62
ALSC3,201904,0.0413746823361849,61
ALUP11,201904,-0.00328108527792017,62
ALUP3,201904,0.00615685963370625,45
ALUP4,201904,0.00212944600506777,41
AMAR3,201904,0.00832501652124295,59
ANIM3,201904,0.0275960218891059,62
APER3,201904,0.00635052289237249,55
ARZZ3,201904,0.0243473116152527,61
AZUL4,201904,0.0193642232465973,61
B3SA3,201904,0.0177562356976584,62
BBAS3,201904,0.014379738418584,62
BBDC3,201904,0.00890253827490042,61
BBDC4,201904,0.022645584091953,63
BBRK3,201904,0.0176076319595015,60
BBSE3,201904,-0.0123982684136773,61
BBTG11,201904,0.00158734591347079,34
BEEF11,201904,-0.00418608860415519,58
BEEF3,201904,0.0368937152115821,60
BEES3,201904,-0.044136364116962,49
BIDI4,201904,0.0285976948315203,62
BKBR3,201904,-0.00358104510020541,61
BOBR4,201904,-0.125156178147992,48
BPAC11,201904,0.0174071737467579,61
BPAN4,201904,0.00457544627419254,57
BRAP3,201904,-0.00997310282786132,59
BRAP4,201904,0.0146160942191529,62
BRDT3,201904,0.0111310647839784,62
BRFS3,201904,0.00746118710144466,62
BRGE3,201904,0.00126851652386426,56
BRIV3,201904,0.00893471850953856,56
BRKM5,201904,-0.00085761849894087,62
BRML3,201904,0.0209488338677585,62
BRPR3,201904,-0.01053471770682,60
BRSR3,201904,-0.00187199919067296,51
BRSR6,201904,0.0114371781127702,61
BTOW3,201904,0.00640776728120389,66
CAMB4,201904,-0.00700505279413133,54
CAML3,201904,0.0208802405786287,61
CARD3,201904,-0.0456622392820496,55
CCPR3,201904,0.00822335050130996,56
CCRO3,201904,0.00927529904757851,66
CEBR3,201904,-0.0337228063915253,20
CEBR6,201904,-0.041088369126108,20
CEEB3,201904,0.210936969245979,15
CEEB5,201904,-0.0576139026859649,11
CEED3,201904,0.270584501953956,8
CEED4,201904,0.22726913493717,8
CELP3,201904,-0.00140808658122471,56
CEPE3,201904,0.405840285111219,9
CEPE5,201904,-0.0521115373548512,23
CEPE6,201904,-0.0629350182268532,20
CESP3,201904,-0.00428480838335161,57
CESP6,201904,0.0129311488788109,61
CGAS3,201904,-0.00645083480594643,57
CGAS5,201904,-0.0504080480193366,49
CGRA4,201904,-0.038218630245402,64
CIEL3,201904,0.00146229460521269,61
CLSC4,201904,-0.00970710674366605,56
CMIG3,201904,0.0106905659319878,61
CMIG4,201904,0.00644574758895254,66
CNTO3,201904,0.0302943086103071,61
COCE5,201904,0.00204835063065723,57
CPFE3,201904,0.0105568892107532,61
CPLE3,201904,-0.00661697987157803,59
CPLE6,201904,0.0311488221027942,60
CPRE3,201904,0.00120941441629522,53
CRDE3,201904,-0.0112534691517912,60
CRFB3,201904,0.0265497019987971,61
CRIV3,201904,0.00975623585289209,56
CRIV4,201904,-0.04570811165823,53
CRPG5,201904,-0.107536026773506,58
CRPG6,201904,-0.0926560864847197,32
CSAB4,201904,-0.0510426200851948,12
CSAN3,201904,0.00759815660773084,62
CSMG3,201904,-9.72475717611228e-05,62
CSNA3,201904,0.00779676809738209,62
CSRN3,201904,0.237122868228641,14
CSRN5,201904,0.179730079010183,13
CSRN6,201904,-0.0636867548606021,12
CTNM4,201904,0.00121705393534427,58
CVCB3,201904,0.0130110916863071,63
CYRE3,201904,-0.00123561043662873,62
DHBI4,201904,0.0387130702036241,12
DIRR3,201904,-0.00450749824152832,59
DMMO3,201904,-0.00732426394595184,53
DOHL4,201904,0.0320940346443918,5
DTEX3,201904,0.020642421182546,60
EALT4,201904,-0.0912455388526676,32
ECOR3,201904,0.0186927903742745,61
EGIE3,201904,-0.00986384434494913,61
ELET3,201904,0.0182848914807207,62
ELET6,201904,0.00667912319840268,62
ELPL3,201904,-0.0178275448969549,56
EMAE3,201904,-0.111859814710125,48
EMAE4,201904,-0.0142582063771748,49
EMBR3,201904,0.00174196807247319,63
ENAT3,201904,-0.0196139625052048,61
ENBR3,201904,0.00326989795309668,61
ENEV3,201904,0.0254734862082762,62
ENGI11,201904,0.020073644110858,62
ENGI3,201904,-0.107162166719309,48
ENGI4,201904,0.0208733802527955,56
EQTL3,201904,0.0130759139502972,62
ESTC3,201904,-0.00608058742555832,62
ETER3,201904,-0.0725396879583482,10
EUCA4,201904,-0.000723318705401133,64
EVEN3,201904,0.0278781626142489,61
EZTC3,201904,0.0228874276335314,61
FESA4,201904,-0.0391616112419101,59
FHER3,201904,0.0222340783413824,55
FJTA4,201904,-0.010893200543914,58
FLRY3,201904,0.01633943324748,61
FRAS3,201904,0.0267134132183641,58
FRIO3,201904,-0.0571423912782364,12
GEPA3,201904,-0.0128288878286753,34
GEPA4,201904,0.0274527282836634,34
GFSA3,201904,-0.00641562380869022,56
GGBR3,201904,0.00996977586242764,57
GGBR4,201904,0.0211506477487313,61
GNDI3,201904,0.0252858740455193,62
GOAU3,201904,0.0133107990095138,59
GOAU4,201904,0.0110755665300542,61
GOLL4,201904,0.0366370905997814,61
GPCP3,201904,0.0244805664339892,48
GRND3,201904,0.00726596832506765,57
GUAR3,201904,0.0142935454150089,61
HAPV3,201904,0.0196320069984103,61
HBOR3,201904,-0.0192559594719786,59
HGTX3,201904,0.0258991656193245,61
HYPE3,201904,-0.0191188349649929,62
IDNT3,201904,0.000143210073165443,55
IGTA3,201904,0.0228712037259003,62
INEP3,201904,-0.0444787664960331,49
IRBR3,201904,-0.00711315474821237,61
ITSA3,201904,-0.00632772797589478,57
ITSA4,201904,-0.000541761225980663,63
ITUB3,201904,-0.000722037723011635,60
ITUB4,201904,0.0125966351570547,62
JBSS3,201904,0.0128395324455675,61
JHSF3,201904,0.00487289332546288,58
JOPA3,201904,0.00219734350578119,56
JPSA3,201904,0.0120773644007712,60
JSLG3,201904,0.0237771100754844,61
KEPL3,201904,0.00192019274713869,49
KLBN11,201904,0.003335981392584,62
KLBN4,201904,-0.0419062000238954,49
KROT11,201904,0.00694257581536521,50
KROT3,201904,0.0219841574599024,61
LAME3,201904,-0.0253510433961229,61
LAME4,201904,0.0146209880405276,65
LCAM3,201904,0.0398910197668664,61
LEVE3,201904,-0.0169563206455349,61
LIGT3,201904,0.0206510019014778,63
LINX3,201904,0.0259689945414445,61
LIQO3,201904,0.0503555958186171,42
LLIS3,201904,0.0273842736646615,56
LOGG3,201904,-0.014671281328318,62
LOGN3,201904,-0.00280094773176544,59
LPSB3,201904,0.0220221807115438,61
LREN3,201904,0.0177020972866668,62
LUPA3,201904,-0.0202690251836464,49
MAGG3,201904,-0.0388931800853718,42
MDIA3,201904,0.011090440882625,62
MEAL3,201904,0.00691003736760425,60
MGEL4,201904,-0.0594856806785439,21
MGLU3,201904,0.0178556107430282,63
MILS3,201904,-0.00708437640178445,61
MNDL3,201904,-0.0792585730509776,10
MOAR3,201904,-0.00850465657553635,55
MOVI3,201904,0.00620078660385117,60
MRFG3,201904,-0.0268752118329365,61
MRVE3,201904,0.0235057505036251,62
MTSA4,201904,-0.125475787074152,48
MULT3,201904,0.0110821055025686,62
MYPK3,201904,0.0139201772881858,61
NATU3,201904,0.027567865529033,62
ODPV3,201904,-0.0160344567491278,61
OFSA3,201904,-0.00990533056520024,59
OIBR3,201904,0.0218122548056195,62
OIBR4,201904,-0.00964737516778602,60
OMGE3,201904,0.0251346949616057,62
PARD3,201904,0.0102845136678386,60
PCAR4,201904,0.0196458028194466,61
PDGR3,201904,-0.0366882790318449,49
PETR3,201904,0.0132309442308432,62
PETR4,201904,0.0155313965664053,63
PFRM3,201904,-0.0106382099764968,58
PINE4,201904,-0.0114196795777583,55
PLAS3,201904,-0.0279686314520234,12
PMAM3,201904,0.0108788508178643,17
PNVL3,201904,-0.0186733057504845,61
PNVL4,201904,-0.00893073400299078,60
POMO3,201904,-0.0522785438764879,55
POMO4,201904,-0.00314593318665843,62
POSI3,201904,-0.0161168570726027,48
PPLA11,201904,-0.0557624888005737,50
PRIO3,201904,-0.0197019973741916,60
PSSA3,201904,0.0193192923151111,61
PTBL3,201904,-0.0038686133510599,59
QUAL3,201904,0.0108442479840094,61
RADL3,201904,0.0151086900587627,61
RAIL3,201904,0.0145113496472638,62
RAPT3,201904,0.00971817387667259,56
RAPT4,201904,0.0228328850062087,66
RDNI3,201904,0.00928739409749004,57
REDE3,201904,-0.0902121228426691,9
RENT3,201904,0.0203357970449946,62
RLOG3,201904,0.00741906238979542,61
RNEW11,201904,0.002786756381025,57
RNEW3,201904,0.00387876914705571,57
RNEW4,201904,0.0188742795349417,50
ROMI3,201904,0.0207864653372359,58
RPAD3,201904,0.00997508649177209,56
RPMG3,201904,-0.0343419872398834,12
RSID3,201904,-0.0180637903732131,49
SANB11,201904,0.0287856907269518,61
SAPR11,201904,0.0160620549069489,65
SAPR4,201904,-0.0211900041089761,58
SBSP3,201904,0.0146663678585838,66
SCAR3,201904,0.0026484409993046,59
SEDU3,201904,-0.00540517587817259,60
SEER3,201904,0.0173831868096631,61
SGPS3,201904,0.0077864737440395,54
SHOW3,201904,0.00029725654762808,58
SHUL4,201904,-0.00735637171258441,59
SLCE3,201904,-0.00753642478531823,58
SLED4,201904,-0.0492124444462783,12
SMLS3,201904,0.0191423559025313,62
SMTO3,201904,-0.0116289615307118,62
SQIA3,201904,-0.0181108041199217,56
SSBR3,201904,0.0078378137080449,58
STBP3,201904,0.00532412526209791,62
SULA11,201904,-0.000550249027529524,61
SUZB3,201904,0.00231445775844431,63
TAEE11,201904,-0.0354333814209536,62
TCSA3,201904,0.0211392165284912,59
TECN3,201904,-0.00810077683201217,55
TEKA4,201904,-0.0902121228426691,9
TEND3,201904,0.00649222706554376,61
TESA3,201904,0.0326812075152658,56
TGMA3,201904,0.013277877212918,60
TIET11,201904,-0.0233467763383461,60
TIET3,201904,-0.00760736659157071,29
TIET4,201904,-0.0189620720350075,29
TIMP3,201904,0.0131870597943343,61
TOTS3,201904,0.011653097641457,62
TOYB3,201904,-0.0560628089957147,12
TOYB4,201904,-0.0555765017929895,12
TPIS3,201904,-0.118687975768366,57
TRIS3,201904,-0.0103019584710691,55
TRPL4,201904,0.00612818783605235,61
TRPN3,201904,0.0383918386405264,55
TUPY3,201904,-0.0177306491401025,65
UCAS3,201904,-0.0392099029426513,51
UGPA3,201904,0.0184894692102185,61
UNIP3,201904,0.00729449368385685,57
UNIP6,201904,-0.0156913432048266,60
USIM3,201904,0.000510789486063957,59
USIM5,201904,0.0216917915139689,61
USIM6,201904,0.00233216159697331,55
VALE3,201904,0.0135135124460556,63
VIVR3,201904,-0.0365885387630772,50
VIVT3,201904,0.0189753808522791,59
VIVT4,201904,-0.00757511646855888,61
VLID3,201904,-0.0290788615498909,60
VULC3,201904,0.0293450320823327,61
VVAR3,201904,0.0151559480967474,61
WEGE3,201904,0.00372393505837542,61
WHRL4,201904,-0.114623906810628,32
WIZS3,201904,0.0123667254437553,59
WLMM4,201904,-0.0655551398158558,32
AALR3,201905,0.021680464324717,61
ABCB4,201905,0.0217557584893622,62
ABEV3,201905,0.0230149797081749,61
AFLT3,201905,-0.0123240491467705,11
AGRO3,201905,0.0283176990579319,50
ALPA3,201905,0.0211619730818743,57
ALPA4,201905,0.0379640827536914,63
ALSC3,201905,0.0204151979512874,62
ALUP11,201905,0.0281016051182328,62
ALUP3,201905,-0.00276762465860072,46
ALUP4,201905,-0.000703305018738109,46
AMAR3,201905,0.00844646542408397,61
ANIM3,201905,0.0399162729984488,62
APER3,201905,0.0222309220517323,56
ARZZ3,201905,0.0365002826550643,62
AZUL4,201905,0.0119488057282705,62
B3SA3,201905,0.0133428203584813,63
BBAS3,201905,0.020011403980352,63
BBDC3,201905,0.0205018038444157,61
BBDC4,201905,0.0249084043054068,63
BBRK3,201905,0.02897085087669,61
BBSE3,201905,0.024422389932628,61
BBTG11,201905,0.00434558225035446,36
BEEF11,201905,0.111699220104451,58
BEEF3,201905,0.0418556464181055,61
BEES3,201905,0.0147053789631989,49
BIDI4,201905,0.044433309810186,63
BKBR3,201905,0.0296251321412901,59
BOBR4,201905,0.0373054014636819,49
BPAC11,201905,0.010385828940439,62
BPAC3,201905,-0.00112545609358007,18
BPAN4,201905,0.0431437270049475,55
BRAP3,201905,-0.0135598225534934,60
BRAP4,201905,0.0111944419442605,63
BRDT3,201905,0.00364591730365788,63
BRFS3,201905,0.016981763770293,63
BRGE3,201905,-0.00283697609900732,56
BRIV3,201905,-0.0103705704907546,56
BRKM5,201905,0.0186660436695648,63
BRML3,201905,0.0435231247723204,63
BRPR3,201905,0.0230861369385819,62
BRSR3,201905,-0.0175216493576303,52
BRSR6,201905,0.00688979354937622,62
BTOW3,201905,-0.00277381670698513,66
CAMB4,201905,0.0110530857669988,56
CAML3,201905,0.0479787621178543,63
CARD3,201905,-0.00191358172412026,56
CCPR3,201905,-0.0031943563568162,56
CCRO3,201905,0.0119366294639278,65
CEBR3,201905,0.037965814031802,20
CEBR6,201905,0.0369126713850485,20
CEEB3,201905,-0.0222448744518571,11
CEEB5,201905,-0.0296134132627456,11
CEED3,201905,-0.034456772999703,8
CEED4,201905,-0.034456772999703,8
CELP3,201905,-0.000413050884758741,58
CEPE3,201905,-0.0285374321936716,9
CEPE5,201905,0.0605379840848274,22
CEPE6,201905,0.0501887630423407,20
CESP3,201905,0.0116527731074277,57
CESP6,201905,0.0149508057746751,62
CGAS3,201905,-0.00111540286647521,58
CGAS5,201905,-0.0698035069977477,50
CGRA4,201905,0.0105662003072338,64
CIEL3,201905,0.00889710226676401,61
CLSC4,201905,0.0843092564855365,57
CMIG3,201905,0.00744062823401829,62
CMIG4,201905,0.00984570009779395,67
CNTO3,201905,0.0104018561128361,61
COCE5,201905,-0.0131733399022858,60
CPFE3,201905,0.0144280113423918,60
CPLE3,201905,0.00160242831133514,58
CPLE6,201905,0.0422533268306485,62
CPRE3,201905,0.00646209168518296,53
CRDE3,201905,0.0224022251091263,61
CRFB3,201905,0.0347191511233827,61
CRIV3,201905,-0.0109260828823523,56
CRIV4,201905,-0.00846828910049323,54
CRPG5,201905,0.041730910321889,59
CRPG6,201905,0.0137627885816053,31
CSAB4,201905,-0.0144971974853659,11
CSAN3,201905,0.0225313863374779,63
CSMG3,201905,0.0136283227234721,63
CSNA3,201905,0.0258927676270785,62
CSRN3,201905,-0.0339243467102266,17
CSRN5,201905,-0.0123621408219679,15
CSRN6,201905,-0.01112135181766,10
CTNM4,201905,0.00297078038837832,59
CVCB3,201905,0.0313575275557104,63
CYRE3,201905,0.0373100526479067,63
DHBI4,201905,0.0213634638725707,10
DIRR3,201905,0.0340882921823505,59
DMMO3,201905,-0.0200972755799048,53
DOHL4,201905,-0.0257862728744616,5
DTEX3,201905,0.0116598516996298,62
EALT4,201905,-0.045147431025977,31
ECOR3,201905,0.00355468293433954,62
EGIE3,201905,0.0236371138847838,61
ELET3,201905,0.0414150101433624,63
ELET6,201905,0.00871979166753534,63
ELPL3,201905,0.0167249975599538,56
EMAE4,201905,-0.00815584241158105,50
EMBR3,201905,0.0116976556115117,63
ENAT3,201905,0.00511868768038848,62
ENBR3,201905,0.0143041587088404,62
ENEV3,201905,0.0340010936110582,63
ENGI11,201905,0.0265761577305733,63
ENGI3,201905,0.0276759954854044,49
ENGI4,201905,0.0242679610010519,57
EQTL3,201905,0.0395178521335229,63
ESTC3,201905,0.0239844934191223,63
ETER3,201905,-0.0124382291775751,54
EUCA4,201905,0.00607662560965292,65
EVEN3,201905,0.0270583591534111,62
EZTC3,201905,0.0313360866784763,62
FESA4,201905,-0.020673911357981,60
FHER3,201905,-0.0228453909680961,52
FJTA4,201905,-0.0207851640376841,58
FLRY3,201905,0.0213933160220394,62
FRAS3,201905,0.0212352976169175,58
FRIO3,201905,-0.0144971974853659,11
GEPA3,201905,0.0217250512120173,35
GEPA4,201905,-0.0060945091626449,35
GFSA3,201905,-0.00163519286115844,56
GGBR3,201905,0.0192529076966538,58
GGBR4,201905,0.0222943062046092,62
GNDI3,201905,0.0375022503023103,63
GOAU3,201905,0.007403062258053,60
GOAU4,201905,0.00653117281142554,62
GOLL4,201905,0.021325232767388,62
GPCP3,201905,-0.0384593999243727,50
GRND3,201905,0.00799572755054751,58
GUAR3,201905,0.054726630054288,62
HAPV3,201905,0.0172622312041377,62
HBOR3,201905,0.0103055236898859,61
HGTX3,201905,0.0518234740426908,63
HYPE3,201905,0.0289930098156314,63
IDNT3,201905,0.0246508340657197,55
IGTA3,201905,0.0392994781093747,63
INEP3,201905,0.00128845107903066,50
IRBR3,201905,0.0314736403082902,62
ITSA3,201905,0.00150838423900351,58
ITSA4,201905,0.0118246824412996,63
ITUB3,201905,0.0109127283855146,61
ITUB4,201905,0.00885515451540142,63
JBSS3,201905,0.012386788430974,62
JHSF3,201905,0.168036393929495,59
JOPA3,201905,-0.0119854893993558,56
JPSA3,201905,0.0168541926410328,61
JSLG3,201905,-0.00611278696574562,61
KEPL3,201905,0.167730039250857,59
KLBN11,201905,-0.00317461310487437,63
KLBN3,201905,0.0126892704916812,40
KLBN4,201905,0.00618136193128118,55
KROT11,201905,-0.0134071231236485,49
KROT3,201905,0.0186798630210945,61
LAME3,201905,0.0242056857677552,61
LAME4,201905,0.00346732456592509,65
LCAM3,201905,0.0302145507513494,62
LEVE3,201905,0.026008572002745,62
LIGT3,201905,0.0134395626111575,63
LINX3,201905,0.0224864206242549,62
LIQO3,201905,0.0162468069505819,8
LLIS3,201905,0.0027056380123173,57
LOGG3,201905,0.0284497329048671,61
LOGN3,201905,0.12728258973306,59
LPSB3,201905,0.0327159947168389,62
LREN3,201905,0.0156173778965106,62
LUPA3,201905,-0.0604491995495243,50
MDIA3,201905,0.00571683031731746,63
MEAL3,201905,0.0192460989607443,60
MGEL4,201905,0.067483491825908,20
MGLU3,201905,0.047322182976846,63
MILS3,201905,0.0926765011924648,61
MNDL3,201905,-0.00949133429323786,55
MOAR3,201905,-0.0141899926399964,57
MOVI3,201905,0.0582598897739231,61
MRFG3,201905,-0.00791197915317575,62
MRVE3,201905,0.0331132368793095,63
MTIG4,201905,-0.0380868801864742,50
MTSA4,201905,0.0260409808118913,49
MULT3,201905,0.0160327182138424,63
MYPK3,201905,0.0142369468811579,62
NATU3,201905,0.0154532601887303,61
ODPV3,201905,0.0235674436961538,62
OFSA3,201905,0.00478370830433345,60
OIBR3,201905,0.0120241139852624,63
OIBR4,201905,-0.00942685000949096,62
OMGE3,201905,0.0372623565216156,63
PARD3,201905,0.0103658390275629,61
PCAR4,201905,0.0206138257145696,62
PDGR3,201905,-0.0559670020583989,50
PETR3,201905,0.00811496421187609,62
PETR4,201905,0.0176102465974516,63
PFRM3,201905,0.00812094841334416,59
PINE4,201905,-0.00770605948814374,55
PLAS3,201905,-0.00371772545229673,9
PMAM3,201905,0.194890524180838,17
PNVL3,201905,-0.00495979519226439,63
PNVL4,201905,0.00457860502161052,61
POMO3,201905,0.0517709764342095,56
POMO4,201905,0.0273152448496277,63
POSI3,201905,0.0174505183274874,49
PPLA11,201905,0.0138666191100336,58
PRIO3,201905,-0.0130679338810182,59
PSSA3,201905,0.00812067319988606,61
PTBL3,201905,0.147922819185563,60
QUAL3,201905,0.0240628746385916,62
RADL3,201905,0.0100539212558401,61
RAIL3,201905,0.0089064525646479,63
RAPT3,201905,-0.0107636076345316,56
RAPT4,201905,0.0315217265100823,67
RDNI3,201905,0.0073161043745745,57
REDE3,201905,-0.0123570575751777,9
RENT3,201905,0.0313003003478916,63
RLOG3,201905,0.0126561131451725,62
RNEW11,201905,0.0161834467186599,57
RNEW3,201905,0.0128103533456831,57
RNEW4,201905,-0.0228231582191986,51
ROMI3,201905,0.153212193145415,58
RPAD3,201905,-0.00779251656154832,56
RPMG3,201905,-0.0154643145538979,11
RSID3,201905,-0.0444189450448049,50
SANB11,201905,0.0245340170408576,61
SAPR11,201905,0.0518865907322282,67
SAPR4,201905,0.0171104243534882,59
SBSP3,201905,0.0104716747913431,67
SCAR3,201905,0.0266107311254248,60
SEER3,201905,0.0301098263785883,62
SGPS3,201905,0.0621310545373537,56
SHOW3,201905,0.0275535668523682,59
SHUL4,201905,0.0328694225093545,55
SLCE3,201905,0.012796934519983,60
SLED4,201905,-0.00479341703527427,11
SMLS3,201905,0.0280702371925314,63
SMTO3,201905,0.0172141295828124,63
SQIA3,201905,-0.0130043017214387,58
SSBR3,201905,0.00275818576674083,59
STBP3,201905,0.0347442808341605,63
SULA11,201905,0.0267310158803948,62
SUZB3,201905,0.0237970290910505,63
TAEE11,201905,0.0200807188684364,63
TCSA3,201905,0.040255717137531,59
TECN3,201905,0.00491759039977776,57
TEKA4,201905,-0.00327137887011672,11
TEND3,201905,0.0103089936761928,61
TESA3,201905,-0.00569381098094227,57
TGMA3,201905,0.00797863156200213,62
TIET11,201905,0.0122756857273383,61
TIET3,201905,-0.000649184982763555,42
TIET4,201905,0.000761928737695012,42
TIMP3,201905,0.0165676988937418,61
TOTS3,201905,0.0312488699818511,63
TOYB3,201905,-0.00371772545229673,9
TOYB4,201905,-0.0203223203406624,10
TPIS3,201905,0.0362012036475739,58
TRIS3,201905,0.0933283803046977,63
TRPL4,201905,0.0218557408369815,61
TRPN3,201905,0.0421215764449003,59
TUPY3,201905,0.0166353317374831,65
UCAS3,201905,0.0345616726153686,20
UGPA3,201905,0.00954931428161948,61
UNIP3,201905,-0.00227282999287761,58
UNIP6,201905,0.0346826754972834,59
USIM3,201905,-0.00816162921760288,60
USIM5,201905,0.0186001018553889,61
USIM6,201905,-0.00856960662055299,57
VALE3,201905,0.0277119713860841,63
VIVT3,201905,-0.00365604583884362,60
VIVT4,201905,0.0145060876897083,61
VLID3,201905,0.0292616707409864,60
VULC3,201905,-0.0273884753899134,61
VVAR3,201905,0.00821681170304347,62
WEGE3,201905,0.0015175554315073,61
WIZS3,201905,0.0181234669856505,61
WLMM4,201905,-0.113475960803543,31
AALR3,201906,0.0582305320736496,60
ABCB4,201906,0.0434001595564268,61
ABEV3,201906,0.040022674688133,61
AGRO3,201906,0.0403347076038186,59
ALPA3,201906,0.0306745033658836,59
ALPA4,201906,0.0544382017480563,62
ALSC3,201906,0.0599172199348982,60
ALUP11,201906,0.044409817403701,62
ALUP3,201906,0.0530893870408015,47
ALUP4,201906,0.0515177240112959,47
AMAR3,201906,0.056441615628329,57
ANIM3,201906,0.0612470113882041,62
APER3,201906,0.0497769714497525,56
ARZZ3,201906,0.0570888843535574,61
AZEV4,201906,0.075517404739156,53
AZUL4,201906,0.0664015156711804,61
B3SA3,201906,0.0510282786547882,62
BBAS3,201906,0.0470885265649793,63
BBDC3,201906,0.0373122147802129,61
BBDC4,201906,0.0346350576060054,62
BBRK3,201906,0.0442638814819632,61
BBSE3,201906,0.0322962290581217,61
BBTG11,201906,0.0262658556466583,36
BEEF11,201906,0.0814164287938889,58
BEEF3,201906,0.065116205810987,60
BEES3,201906,0.046287825777751,57
BIDI4,201906,0.0622000156853725,62
BKBR3,201906,0.0514195658811136,60
BOBR4,201906,0.0480429378366798,49
BPAC11,201906,0.0639525031107059,62
BPAN4,201906,0.074981464498087,52
BRAP3,201906,0.0416592508983279,60
BRAP4,201906,0.057926910371485,62
BRDT3,201906,0.0585513803648087,62
BRFS3,201906,0.0602094597811451,61
BRGE3,201906,0.0890704269374031,56
BRIV3,201906,0.10046779764935,56
BRKM5,201906,0.0454443037725141,62
BRML3,201906,0.0535999395328097,62
BRPR3,201906,0.0745333505189068,61
BRSR3,201906,0.0885254749907073,51
BRSR6,201906,0.0659884750589871,60
BTOW3,201906,0.0328996437127824,61
CAMB4,201906,0.0486477533037964,55
CAML3,201906,0.0571980909154215,62
CARD3,201906,0.0558235712610663,52
CCPR3,201906,0.103299142074551,56
CCRO3,201906,0.0457948929811807,61
CEBR3,201906,0.0528951358971958,57
CEBR6,201906,0.0378528649505674,20
CEEB3,201906,-0.0770561568633123,7
CEED3,201906,-0.0651259575706632,7
CEED4,201906,-0.0651259575706632,7
CELP3,201906,0.0324670580478716,57
CEPE3,201906,-0.0522753846203688,8
CEPE5,201906,0.0535868864989999,22
CEPE6,201906,0.0646403756950988,20
CESP3,201906,-0.00284421344770923,57
CESP6,201906,0.0627673893380864,61
CGAS3,201906,0.0815762966891231,55
CGAS5,201906,0.0705096563638643,51
CGRA4,201906,0.0716953379230246,60
CIEL3,201906,0.0487548529142635,61
CLSC4,201906,0.0841902252434708,53
CMIG3,201906,0.0655278735858955,61
CMIG4,201906,0.0494037216869855,62
CNTO3,201906,0.0756702014220639,61
COCE5,201906,0.0774756167789845,60
CPFE3,201906,0.0634281077699078,61
CPLE3,201906,0.0743562226028065,56
CPLE6,201906,0.0620943838219122,61
CPRE3,201906,0.0883370001135319,54
CRDE3,201906,0.0585407853100105,60
CRFB3,201906,0.0547528125112619,61
CRIV3,201906,0.0826865716835664,56
CRIV4,201906,0.025934849848663,49
CRPG5,201906,0.0396487819185101,50
CRPG6,201906,0.029485298930046,28
CSAN3,201906,0.0536890877173563,62
CSMG3,201906,0.0432702395220854,62
CSNA3,201906,0.0367970115893718,60
CSRN3,201906,-0.0584419063362412,7
CSRN5,201906,-0.0522753846203688,8
CTNM4,201906,0.106901444324703,59
CVCB3,201906,0.0502820269302634,63
CYRE3,201906,0.0644345707261965,62
DHBI4,201906,0.0165588656778212,11
DIRR3,201906,0.0574487387828405,60
DMMO3,201906,0.0350611820929561,54
DOHL4,201906,0.0176230752295236,6
DTEX3,201906,0.0656420104542157,61
EALT4,201906,0.0636193869151578,28
ECOR3,201906,0.0623104018035502,61
EGIE3,201906,0.0573424040455305,60
ELET3,201906,0.0581445939983016,62
ELET6,201906,0.0503721065615476,62
ELPL3,201906,0.0469280163880674,57
EMAE4,201906,0.0532408427086401,50
EMBR3,201906,0.0294390083274759,60
ENAT3,201906,0.0409905510411847,61
ENBR3,201906,0.0585952936211345,61
ENEV3,201906,0.0568644670404273,62
ENGI11,201906,0.0621302566749909,63
ENGI3,201906,0.0495802881656342,49
ENGI4,201906,0.0415108946389918,56
EQTL3,201906,0.0545641284031355,62
ESTC3,201906,0.0436679437417582,62
ETER3,201906,0.0498128623097695,57
EUCA4,201906,0.0619439481810672,61
EVEN3,201906,0.0571323990343441,61
EZTC3,201906,0.0696798033362425,61
FESA4,201906,0.0539030814622673,61
FHER3,201906,0.0756408632371418,56
FJTA4,201906,0.057864866736598,59
FLRY3,201906,0.0678015715066638,62
FRAS3,201906,0.0209382649351907,58
GEPA3,201906,0.0577183816873571,35
GEPA4,201906,0.115039206239473,35
GFSA3,201906,0.0204993384967823,59
GGBR3,201906,0.0511127912781288,58
GGBR4,201906,0.0594449809897558,61
GNDI3,201906,0.0567214392479807,62
GOAU3,201906,0.0659779683907245,60
GOAU4,201906,0.0507314956506164,61
GOLL4,201906,0.0503083680755631,61
GPCP3,201906,0.0205518370029127,54
GRND3,201906,0.067596417619086,60
GUAR3,201906,0.0658599872878771,61
HAPV3,201906,0.0643913124786433,61
HBOR3,201906,0.046092014765082,61
HGTX3,201906,0.0595734016723155,62
HYPE3,201906,0.0592433602342691,62
IDNT3,201906,0.0588138529492468,50
IGTA3,201906,0.0487094003532872,62
INEP3,201906,0.076948182719257,44
IRBR3,201906,0.0502709939157873,61
ITSA3,201906,0.0686257037442319,60
ITSA4,201906,0.0227992251660684,62
ITUB3,201906,0.0128384248843934,60
ITUB4,201906,0.0505741712920615,61
JBSS3,201906,0.0412860474612069,61
JHSF3,201906,0.067575924170452,59
JOPA3,201906,0.104182835192482,56
JPSA3,201906,0.035069703928045,60
JSLG3,201906,0.0638646344424454,60
KEPL3,201906,0.0812819267999094,58
KLBN11,201906,0.0556026735199362,62
KLBN4,201906,0.0563049221296508,54
KROT11,201906,0.102412579915031,50
KROT3,201906,0.0612163565943817,61
LAME3,201906,0.0550945414138676,61
LAME4,201906,0.0552264099227372,60
LCAM3,201906,0.0685068786247333,61
LEVE3,201906,0.0554308945451327,62
LIGT3,201906,0.0435786899294465,62
LINX3,201906,0.0664758031804774,61
LIQO3,201906,0.00717538094547065,7
LLIS3,201906,0.0641476695545697,56
LOGG3,201906,0.0596190788689713,61
LOGN3,201906,0.0615617484684195,59
LPSB3,201906,0.0532174796595143,61
LREN3,201906,0.0566957262245894,61
LUPA3,201906,0.0548452634582508,51
MDIA3,201906,0.0725508322595353,62
MEAL3,201906,0.0660204669639398,60
MGEL4,201906,0.0639092153309854,20
MGLU3,201906,0.0588468773285086,63
MILS3,201906,0.0738838631557973,62
MNPR3,201906,0.0597298130493631,49
MOAR3,201906,0.043183172904575,56
MOVI3,201906,0.0668199899814714,61
MRFG3,201906,0.0473517604640077,60
MRVE3,201906,0.0493651123738774,62
MTIG4,201906,0.0207301125381289,51
MTSA4,201906,0.0434934725741446,49
MULT3,201906,0.0673185282973682,62
MYPK3,201906,0.0634795834101871,61
NATU3,201906,0.0682499757581482,62
NEOE3,201906,0.0543318986522531,62
ODPV3,201906,0.0328569062284396,61
OFSA3,201906,0.0618281146524372,60
OIBR3,201906,0.0623410912020934,62
OIBR4,201906,0.0451205608406197,61
OMGE3,201906,0.0692830182818546,62
PARD3,201906,0.0647254548462612,60
PCAR4,201906,0.0642290460365591,61
PDGR3,201906,0.058058904627638,54
PETR3,201906,0.0558228241050051,62
PETR4,201906,0.0566956560150095,62
PFRM3,201906,0.0610338786920993,59
PINE4,201906,0.0755454831564693,51
PMAM3,201906,0.0825382119506296,14
PNVL3,201906,0.0588590875890989,57
PNVL4,201906,0.022856690136595,60
POMO3,201906,0.0766462281775719,56
POMO4,201906,0.057779073050512,62
POSI3,201906,0.00340483016197457,49
PPLA11,201906,0.0339902806301452,57
PRIO3,201906,0.0768712752238125,60
PSSA3,201906,0.0464202351351991,61
PTBL3,201906,0.0776349603039142,55
QUAL3,201906,0.0595099525861858,60
RADL3,201906,0.0380033429245334,61
RAIL3,201906,0.0612022745489094,62
RAPT3,201906,0.101687979764372,57
RAPT4,201906,0.0706077695188361,62
RDNI3,201906,0.0554171612064606,57
RENT3,201906,0.0541193344611105,63
RLOG3,201906,0.014703274207337,61
RNEW11,201906,0.0170846545398825,57
RNEW3,201906,0.0209289387827067,57
RNEW4,201906,-0.0186406321323127,53
ROMI3,201906,0.0755919018227086,59
RPAD3,201906,0.101925268890402,56
RSID3,201906,0.0229609929821749,51
SANB11,201906,0.0613966294271979,60
SAPR11,201906,0.0452800580245208,61
SAPR4,201906,0.0505656963220852,60
SBSP3,201906,0.0621367097283258,62
SCAR3,201906,0.0559407332052267,60
SEER3,201906,0.0663055538021425,61
SGPS3,201906,0.0706383739341064,56
SHOW3,201906,0.0768895541882784,59
SHUL4,201906,0.054345723190548,55
SLCE3,201906,0.0671890247853808,60
SMLE3,201906,0.0373220306643648,45
SMLS3,201906,0.0578478092329049,62
SMTO3,201906,0.0180168275056378,62
SQIA3,201906,0.0812876411509217,60
SSBR3,201906,0.0662729939119422,60
STBP3,201906,0.056203720735774,63
SULA11,201906,0.0582719974124605,61
SUZB3,201906,0.0359384321867119,63
TAEE11,201906,0.0323271303070628,62
TCSA3,201906,0.090847835552819,59
TECN3,201906,0.0620425586951189,56
TEND3,201906,0.0632128233162243,60
TESA3,201906,0.125695660364611,60
TGMA3,201906,0.0698421793990668,61
TIET11,201906,0.00517472894914327,60
TIET3,201906,0.0534304166883073,44
TIET4,201906,0.0547591407376991,44
TIMP3,201906,0.0626486262911537,61
TOTS3,201906,0.0689582361703881,62
TPIS3,201906,0.0489564784971453,57
TRIS3,201906,0.0744046210233482,59
TRPL4,201906,0.0272808940996432,61
TUPY3,201906,0.0342436389223105,61
UCAS3,201906,0.0567671514558534,20
UGPA3,201906,0.0578180906170033,61
UNIP3,201906,0.0929833295597044,58
UNIP6,201906,0.0506884084377426,61
USIM3,201906,0.0413271195414618,60
USIM5,201906,0.0622501748719165,61
USIM6,201906,0.0479016055508799,56
VALE3,201906,0.0433954508512833,63
VIVT3,201906,0.060829229425341,60
VIVT4,201906,0.0335494498219776,60
VLID3,201906,0.0573180014653343,60
VULC3,201906,0.0521678464552901,60
VVAR3,201906,0.0591675201990112,61
WEGE3,201906,0.0440408066495342,60
WHRL3,201906,0.0679114980802549,51
WIZS3,201906,0.0631590130163126,60
WLMM4,201906,0.0288917265899855,28
AALR3,201907,0.0719011400734857,62
ABCB4,201907,0.0427598792200282,63
ABEV3,201907,0.048220735874577,64
AGRO3,201907,0.201595330147406,60
ALPA3,201907,0.0519160925641816,58
ALPA4,201907,0.0177630206590065,64
ALSC3,201907,0.0628143145422376,62
ALUP11,201907,0.0686156945423859,64
ALUP3,201907,0.0661690153053232,46
ALUP4,201907,0.123575425900626,45
AMAR3,201907,0.0498365263668588,61
ANIM3,201907,0.0119518277206834,63
APER3,201907,0.0689911225429234,58
ARZZ3,201907,0.052384954354597,63
AZEV4,201907,0.0110602750960661,54
AZUL4,201907,0.0526849607683987,64
B3SA3,201907,0.0358989920871211,64
BBAS3,201907,0.0407321857972099,64
BBDC3,201907,0.0281594858992418,64
BBDC4,201907,0.025560860783761,64
BBRK3,201907,0.0603898717830843,63
BBSE3,201907,0.0258095010670159,63
BBTG11,201907,-0.0251783443470432,36
BEEF11,201907,0.146717801282316,60
BEEF3,201907,0.108971799419358,63
BEES3,201907,0.257695954270537,50
BIDI11,201907,0.0447664358243938,63
BIDI4,201907,0.044030490604362,63
BKBR3,201907,0.0642814561372817,63
BOBR4,201907,0.274826149307286,50
BPAC11,201907,0.0504158548036179,64
BPAN4,201907,0.169787955976542,53
BRAP3,201907,0.0754856843956396,61
BRAP4,201907,0.0424371194425077,63
BRDT3,201907,0.0321967400683333,64
BRFS3,201907,0.045246368508634,64
BRGE3,201907,0.0396353730501629,58
BRIV3,201907,0.0241173236975267,58
BRKM5,201907,0.0276173493088218,63
BRML3,201907,0.0223196668019331,64
BRPR3,201907,0.045314251153818,62
BRSR3,201907,0.0289829410083597,52
BRSR6,201907,0.0384163485946258,63
BTOW3,201907,0.0636690381645409,64
CAMB4,201907,0.1013568741205,58
CAML3,201907,0.0166681337085192,63
CARD3,201907,0.0810070091415357,53
CCPR3,201907,0.0326672941844969,58
CCRO3,201907,0.0630698602088936,63
CEBR3,201907,0.0751471399048963,57
CEBR6,201907,0.0661835358215225,19
CEEB3,201907,0.161856570023269,8
CEED3,201907,0.174449187825401,8
CEED4,201907,0.174449187825401,8
CELP3,201907,0.132345474478734,58
CEPE3,201907,0.145696744447946,9
CEPE5,201907,0.0619139436792221,21
CEPE6,201907,0.0709553471249989,19
CESP3,201907,0.0146895388089806,58
CESP6,201907,0.0438901179061946,63
CGAS3,201907,0.0682728984138071,54
CGAS5,201907,0.0259222343951579,53
CGRA4,201907,0.0691662675623085,61
CIEL3,201907,0.0439338407906157,64
CLSC4,201907,0.169110779258859,53
CMIG3,201907,0.0615271441282393,63
CMIG4,201907,0.0317967257497277,64
CNTO3,201907,0.0853765228277412,63
COCE5,201907,0.049366108056115,61
CPFE3,201907,0.0569184307340588,63
CPLE3,201907,0.0684109999454165,55
CPLE6,201907,0.0948605109563018,62
CPRE3,201907,0.0340356966465925,56
CRDE3,201907,0.0829259174085249,62
CRFB3,201907,0.0486596665920294,62
CRIV3,201907,0.0463222256190826,58
CRIV4,201907,0.271263075912163,50
CRPG5,201907,0.223014382472105,59
CRPG6,201907,0.116282939256391,27
CSAN3,201907,0.0412509636567421,64
CSMG3,201907,0.0339049234195076,64
CSNA3,201907,0.0218901749712691,63
CSRN3,201907,0.14625712405192,8
CSRN5,201907,0.150287143424668,8
CTKA4,201907,0.0854460753962187,50
CTNM4,201907,0.0263642802615961,60
CVCB3,201907,0.0594115413132689,64
CYRE3,201907,0.0573809665716161,64
DHBI4,201907,0.0434031273027414,12
DIRR3,201907,0.0566789726665961,62
DMMO3,201907,0.00913941443023769,53
DOHL4,201907,0.0787631707439825,18
DTEX3,201907,0.0751369451621494,62
EALT4,201907,0.129636181089249,27
ECOR3,201907,0.0588801407411441,64
EGIE3,201907,0.0510907004125892,63
ELET3,201907,0.0690261994175519,64
ELET6,201907,0.0382505435152477,64
ELPL3,201907,0.0506198105112056,58
EMAE4,201907,0.205677859692786,51
EMBR3,201907,0.0244857229296066,63
ENAT3,201907,0.0237218755635284,63
ENBR3,201907,0.0355622018195125,64
ENEV3,201907,0.0198572872787978,64
ENGI11,201907,0.0507292136433584,64
ENGI4,201907,0.0464013885034779,58
EQTL3,201907,0.041896076778383,64
ETER3,201907,0.165737287806554,58
EUCA4,201907,0.0381778697376152,62
EVEN3,201907,0.0206942809297133,63
EZTC3,201907,0.0843896478663331,64
FESA4,201907,0.021298505560859,63
FHER3,201907,0.0438050876704981,53
FJTA4,201907,0.0280094306933071,61
FLRY3,201907,0.0827341810399855,64
FRAS3,201907,0.0656995005185455,59
GEPA3,201907,0.0463074120829752,36
GEPA4,201907,0.00244191125066792,36
GFSA3,201907,0.0211140832579437,62
GGBR3,201907,0.0360268309850432,59
GGBR4,201907,0.0418520199210578,64
GNDI3,201907,0.0618548938933029,64
GOAU3,201907,0.0412015224862362,61
GOAU4,201907,0.0372230930115047,64
GOLL4,201907,0.0725415184527496,64
GPCP3,201907,0.0897283454471391,59
GRND3,201907,0.0436149340955928,62
GUAR3,201907,0.0670531890521797,63
HAPV3,201907,0.0323807793497973,64
HBOR3,201907,0.0935000248935735,62
HGTX3,201907,0.00983365792315037,64
HYPE3,201907,0.062109521466857,64
IDNT3,201907,0.067013215988684,51
IDVL4,201907,0.0663215863566679,53
IGTA3,201907,0.0318137309926811,64
IMCH3,201907,0.1072068834858,25
INEP3,201907,0.0393796876629292,48
IRBR3,201907,0.0582546192917635,64
ITSA3,201907,0.0774631447370441,61
ITSA4,201907,0.0226395259520304,64
ITUB3,201907,0.0270420342710641,62
ITUB4,201907,0.0441430111667501,64
JBSS3,201907,0.0428165790511561,64
JHSF3,201907,0.131735819754494,60
JOPA3,201907,0.0358057270843821,58
JPSA3,201907,0.0339387837566792,62
JSLG3,201907,0.0855418952515004,62
KEPL3,201907,0.169504164285635,59
KLBN11,201907,0.0335600346691835,63
KLBN3,201907,0.0698538640817499,52
KLBN4,201907,0.126222092374281,56
KROT11,201907,0.0338346451556981,52
KROT3,201907,0.0818241462309289,64
LAME3,201907,0.0617164804570396,62
LAME4,201907,0.0305422018059694,64
LCAM3,201907,0.0638852565926901,63
LEVE3,201907,0.0480362945773857,64
LIGT3,201907,0.0347307857107261,64
LINX3,201907,0.0818526516962709,63
LIQO3,201907,0.0675542793509547,8
LLIS3,201907,0.0675272994055971,57
LOGG3,201907,0.0718728666445229,62
LOGN3,201907,0.138951596001197,56
LPSB3,201907,0.0550718011753629,63
LREN3,201907,0.0331488600673057,64
LUPA3,201907,0.0198001172616705,53
MDIA3,201907,0.080804083936526,64
MEAL3,201907,0.0670705210046734,62
MGEL4,201907,0.0582744671145581,19
MGLU3,201907,0.0531593475407143,64
MILS3,201907,0.127658746751742,63
MNPR3,201907,0.233072875948004,50
MOAR3,201907,0.0721615904000981,57
MOVI3,201907,0.0348811226866474,63
MRFG3,201907,0.0290027892515035,63
MRVE3,201907,0.0217183506807882,64
MTIG4,201907,0.00674306291302719,53
MTSA4,201907,0.245677098006773,50
MULT3,201907,0.0767698493189821,64
MYPK3,201907,0.0731876919359046,63
NATU3,201907,0.0566197966107407,64
NEOE3,201907,0.0611435041469131,64
ODPV3,201907,0.0345796497665163,63
OFSA3,201907,0.0791570558377325,61
OIBR3,201907,0.0688386566854582,65
OIBR4,201907,0.0718849850131868,63
OMGE3,201907,0.00574431570586326,63
PARD3,201907,0.0385481441809536,62
PCAR4,201907,0.0806888962588387,64
PDGR3,201907,0.0237934430850331,53
PETR3,201907,0.0325527281347743,64
PETR4,201907,0.0308647073913622,64
PFRM3,201907,0.118654804719853,59
PINE4,201907,0.00791665481916314,53
PLAS3,201907,0.10370075440709,45
PMAM3,201907,0.16806861680842,58
PNVL3,201907,0.0907377317671807,59
PNVL4,201907,0.0464280262916748,62
POMO3,201907,0.0510272171296363,58
POMO4,201907,0.0696112424516021,64
POSI3,201907,0.257503225891174,50
PPLA11,201907,0.247598148679129,58
PRIO3,201907,0.0749396351413217,62
PSSA3,201907,0.025647442875371,63
PTBL3,201907,0.161208480889645,59
QUAL3,201907,0.0740018625301501,63
RADL3,201907,0.0300125947990991,64
RAIL3,201907,0.0460107356082129,64
RAPT3,201907,0.0342731368754153,58
RAPT4,201907,0.0643627901253219,64
RDNI3,201907,0.0331605454963785,57
RENT3,201907,0.0793329814270219,64
RLOG3,201907,0.0349239666162144,62
RNEW11,201907,0.0181255518142133,58
RNEW3,201907,0.0215844856322544,58
RNEW4,201907,0.0305785323931799,56
ROMI3,201907,0.154664464720026,60
RPAD3,201907,0.03991838852816,58
RPMG3,201907,0.0237934430850331,53
RSID3,201907,0.0154026587282639,53
SANB11,201907,0.0290327849206983,62
SAPR11,201907,0.0711858555063924,63
SAPR4,201907,0.0336244489342545,62
SBSP3,201907,0.0497783318591724,64
SCAR3,201907,0.0579870766594932,61
SEER3,201907,0.0688727804109689,63
SGPS3,201907,0.128079679313975,61
SHOW3,201907,0.0490404826809824,60
SHUL4,201907,0.0768185507190574,60
SLCE3,201907,0.0539317327748327,62
SMLE3,201907,0.0520930365889178,48
SMLS3,201907,0.0387599906258096,64
SMTO3,201907,0.0286297607817038,64
SQIA3,201907,0.0742751981090283,61
SSBR3,201907,0.0313967837309526,62
STBP3,201907,0.0786314523445379,64
SULA11,201907,0.0722165777349864,62
SUZB3,201907,0.0340573327833399,64
TAEE11,201907,0.0216211033409562,64
TCSA3,201907,0.0538229953587163,62
TECN3,201907,0.103153986755804,57
TEND3,201907,0.0701087535298687,62
TESA3,201907,0.0541621070090115,61
TGMA3,201907,0.0653216010540502,62
TIET11,201907,0.0116832907392378,62
TIET3,201907,0.0374527997918768,31
TIET4,201907,0.150608746626503,31
TIMP3,201907,0.0546699265589106,64
TOTS3,201907,0.0916853316646872,63
TPIS3,201907,0.255520591813121,58
TRIS3,201907,0.130694627115426,62
TRPL4,201907,0.0334810318874539,63
TUPY3,201907,0.038491930822922,63
UCAS3,201907,0.1449197063959,55
UGPA3,201907,0.0593988443067757,64
UNIP3,201907,0.0404718267837018,59
UNIP6,201907,0.0556703176232683,62
USIM3,201907,0.0798857050942276,61
USIM5,201907,0.046404115601628,64
USIM6,201907,0.0557503644182842,57
VALE3,201907,0.0333704028671414,64
VIVT3,201907,0.0349043116717099,61
VIVT4,201907,0.0197518884362098,63
VLID3,201907,0.0257497152099906,62
VULC3,201907,0.0432217281500024,62
VVAR3,201907,0.0564914854456051,64
WEGE3,201907,0.0496533429148542,63
WHRL4,201907,0.11814859196463,27
WIZS3,201907,0.0822024027661852,62
WLMM4,201907,0.124709632849368,27
YDUQ3,201907,0.0431939972318933,64
AALR3,201908,0.0347279334763959,58
ABCB4,201908,0.00684106107829705,62
ABEV3,201908,0.0260377182402995,63
AGRO3,201908,0.0885614842117437,59
ALPA3,201908,0.0626404268428764,57
ALPA4,201908,0.0186179785109684,63
ALSO3,201908,0.0339987548110071,61
ALUP11,201908,0.0327121307856724,63
ALUP3,201908,-0.0171568927630717,44
AMAR3,201908,0.0233858650224275,61
ANIM3,201908,0.00955273564472309,62
APER3,201908,-0.0945665378889913,56
ARZZ3,201908,0.00953356655559556,62
AZUL4,201908,0.0322410786829682,62
B3SA3,201908,0.0226570133172332,63
BBAS3,201908,0.0265271855828943,64
BBDC3,201908,0.000657696097887628,62
BBDC4,201908,0.00504721514185762,62
BBRK3,201908,0.0584077473094648,61
BBSE3,201908,-0.00334451272572287,62
BBTG11,201908,0.021510552993335,44
BEEF11,201908,0.0890358085520916,57
BEEF3,201908,0.021241768969384,61
BEES3,201908,0.0259615501584559,50
BIDI11,201908,0.0281196545620958,63
BIDI3,201908,0.0647328085686607,58
BIDI4,201908,0.0152014550369719,60
BKBR3,201908,0.0184823270126779,61
BPAC11,201908,0.0352668663706222,62
BPAN4,201908,0.0555422867405202,60
BRAP3,201908,-0.0372377569684828,60
BRAP4,201908,0.0281145822188139,62
BRDT3,201908,0.0271407963417955,63
BRFS3,201908,0.034249658626099,62
BRGE3,201908,-0.0121964349961661,56
BRIV3,201908,-0.0113351082469277,56
BRKM5,201908,-0.000590488721944989,61
BRML3,201908,0.0333675729832549,63
BRPR3,201908,0.0086843075294122,61
BRSR3,201908,-0.0230405566588516,51
BRSR6,201908,0.0309813886479549,62
BTOW3,201908,0.0173918407358238,62
CAMB4,201908,-0.00992054934589053,56
CAML3,201908,0.0157635082210127,62
CARD3,201908,0.0342342815583416,50
CCPR3,201908,-0.0232282821020609,57
CCRO3,201908,0.028576003206504,61
CEBR3,201908,0.0537872243138116,19
CEBR6,201908,0.0674698898379811,19
CEEB3,201908,-0.00962206667273184,6
CEED3,201908,0.0139133410212382,6
CEED4,201908,0.0139133410212382,6
CELP3,201908,0.00239449622112621,58
CEPE3,201908,0.0105023074695738,7
CEPE5,201908,0.0835835512290385,21
CEPE6,201908,0.0803381736949273,19
CESP3,201908,-0.00353861127284859,57
CESP6,201908,0.0273388620266163,62
CGAS3,201908,0.0114873644727417,44
CGAS5,201908,-0.0270247482291471,50
CGRA4,201908,0.0508661778612016,60
CIEL3,201908,0.0181859720669504,62
CLSC4,201908,0.0935005510314748,59
CMIG3,201908,0.0336988831845135,61
CMIG4,201908,0.0164694601125079,64
CNTO3,201908,0.0360809615083261,61
COCE5,201908,0.00547329500307974,60
CPFE3,201908,0.0336993079658493,62
CPLE3,201908,0.0216364883581673,59
CPLE6,201908,0.0515349337506576,61
CPRE3,201908,-0.00383381872044086,56
CRDE3,201908,-0.000637779384374516,60
CRFB3,201908,0.0160892522810462,62
CRIV3,201908,-0.0144479398881144,56
CRIV4,201908,0.0231048511962724,50
CRPG5,201908,0.0174765840939333,58
CRPG6,201908,0.0137504879525434,29
CSAN3,201908,0.0244599214940308,63
CSMG3,201908,0.0182770633348827,63
CSNA3,201908,-0.00803590576047301,61
CSRN3,201908,0.0245042854653824,6
CSRN5,201908,0.0105023074695738,7
CTKA4,201908,0.0384509578772853,50
CTNM4,201908,-0.00986792037028361,59
CVCB3,201908,0.0147719889129748,63
CYRE3,201908,0.0509399632992735,63
DHBI4,201908,0.0520728336330332,12
DIRR3,201908,0.00425559266760342,61
DMMO3,201908,0.011512863096727,60
DOHL4,201908,0.122353462411416,5
DTEX3,201908,0.032295994969859,62
EALT4,201908,-0.00141929757892745,51
ECOR3,201908,0.0307330528726221,62
EGIE3,201908,0.033386974360939,61
ELET3,201908,0.0372160538774988,63
ELET6,201908,0.0075289114514508,63
ELPL3,201908,0.00485905378718093,57
EMAE4,201908,-0.0145432909693921,51
EMBR3,201908,-0.00104161918836871,61
ENAT3,201908,0.00241821585987707,62
ENBR3,201908,0.018987934033076,62
ENEV3,201908,0.0243644147734235,63
ENGI11,201908,0.0462632219517257,63
ENGI4,201908,0.0770140168372228,57
EQTL3,201908,0.0321261216046278,63
EUCA4,201908,0.0318488911232803,61
EVEN3,201908,0.0258145626719156,62
EZTC3,201908,0.0479384176377357,63
FESA4,201908,0.0316529417461081,61
FHER3,201908,0.0135039379346632,53
FJTA4,201908,-0.0118601653603869,60
FLRY3,201908,0.046415078131356,62
FRAS3,201908,0.00922211474642106,57
GEPA3,201908,-0.0145373286262801,35
GEPA4,201908,0.00936907634866134,35
GFSA3,201908,0.00433186108472101,60
GGBR3,201908,-0.00451431898884584,58
GGBR4,201908,0.0352756217647015,62
GNDI3,201908,0.0472103788132074,63
GOAU3,201908,0.0214479872132998,60
GOAU4,201908,0.0272109229127327,61
GOLL4,201908,0.0404855892856503,62
GPCP3,201908,-0.0115412599971395,50
GRND3,201908,0.0615998948805751,60
GSHP3,201908,0.0165777597938485,50
GUAR3,201908,0.0367806239428361,62
HAPV3,201908,0.0288543918928207,62
HBOR3,201908,0.0272976447876581,61
HGTX3,201908,0.0171285694566549,63
HYPE3,201908,0.0576716194528124,63
IDNT3,201908,0.0313520557037334,52
IGTA3,201908,0.00998502532091497,63
IMCH3,201908,0.124207690809912,25
INEP3,201908,-0.00651414355186136,50
IRBR3,201908,0.0263815019838027,62
ITSA3,201908,-0.0479672231907096,60
ITSA4,201908,-0.000363506923948117,63
ITUB3,201908,-0.00254965141261802,61
ITUB4,201908,0.0273579745622016,62
JBSS3,201908,0.0289952312981278,62
JHSF3,201908,0.064347347657628,59
JOPA3,201908,-0.0178652579419498,56
JPSA3,201908,0.040984823868185,61
JSLG3,201908,-0.00748952988907167,61
KEPL3,201908,0.0927957850671648,56
KLBN11,201908,-0.0136835749420903,62
KLBN3,201908,-0.00394766377554447,46
KLBN4,201908,-0.100569301931518,46
KROT11,201908,-0.0159675673587593,51
KROT3,201908,0.0324817600250645,62
LAME3,201908,0.0387790265758732,62
LAME4,201908,-0.00239427328409908,62
LCAM3,201908,0.0210885346004126,61
LEVE3,201908,0.00483798948326326,63
LIGT3,201908,0.0235920575970348,63
LINX3,201908,0.0367546912817924,62
LLIS3,201908,0.0188157772571556,56
LOGG3,201908,0.03355153973728,61
LOGN3,201908,0.0637262353969957,57
LPSB3,201908,0.0623963563569979,60
LREN3,201908,0.0311647535041512,63
LUPA3,201908,-0.0452940380756591,10
MDIA3,201908,0.00419929880937822,63
MEAL3,201908,0.0354923835791413,61
MGEL4,201908,0.0773373466422681,19
MGLU3,201908,0.0375548853997347,63
MILS3,201908,0.055956535854325,62
MNDL3,201908,-0.00483028505068623,50
MNPR3,201908,0.00365028302816575,50
MOAR3,201908,-0.0464130777138345,57
MOVI3,201908,-0.00650366572322135,62
MRFG3,201908,0.0151098775969883,61
MRVE3,201908,0.0176043950890652,63
MTIG4,201908,-0.00221182027889019,50
MTSA4,201908,0.0283721856857188,50
MULT3,201908,0.048856593869596,63
MYPK3,201908,0.0381308249094915,62
NATU3,201908,0.0312413373158596,62
NEOE3,201908,0.0308313749031877,62
ODPV3,201908,-0.00600543336723851,62
OFSA3,201908,-0.0389792096993771,61
OIBR3,201908,0.0256011483894484,63
OIBR4,201908,-0.0409288469748002,61
OMGE3,201908,0.010184896413197,62
PARD3,201908,0.0290958844219038,61
PCAR4,201908,0.042149599013108,62
PDGR3,201908,-0.0022118202788902,50
PETR3,201908,0.0214742394441873,63
PETR4,201908,0.0209973888069283,64
PFRM3,201908,0.000813647987905463,58
PINE4,201908,-0.0551006147317896,50
PLAS3,201908,-0.0286972469066422,45
PMAM3,201908,0.0268960671104579,51
PNVL3,201908,-0.0415687605820341,58
PNVL4,201908,-0.0297068512822334,60
POMO3,201908,0.0762643593797822,52
POMO4,201908,0.0354942132080683,63
POSI3,201908,0.323484354596443,50
PPLA11,201908,-0.0269422451683534,57
PRIO3,201908,0.0407137399777137,60
PSSA3,201908,0.0276436868062363,62
PTBL3,201908,0.0733210440822353,57
QUAL3,201908,0.024709456367557,62
RADL3,201908,0.0244793087414732,62
RAIL3,201908,0.0323615470526956,63
RAPT3,201908,-0.0177773028262421,56
RAPT4,201908,0.0262438773086156,62
RDNI3,201908,0.0150478721155047,57
RENT3,201908,0.0407206837608323,63
RLOG3,201908,0.0533976058363482,62
RNEW11,201908,-0.0033017982901106,57
RNEW3,201908,-0.00456561790976668,57
RNEW4,201908,-0.00817564400320928,54
ROMI3,201908,0.0987590143513678,58
RPAD3,201908,-0.0245104960703635,56
RSID3,201908,0.0217213741083387,50
SANB11,201908,0.00520957715653971,62
SAPR11,201908,0.0420398189465047,62
SAPR4,201908,-0.0108122391634185,60
SBSP3,201908,0.0338882894614235,63
SCAR3,201908,0.0106771303983808,59
SEER3,201908,0.0205107790116823,62
SGPS3,201908,-0.100130534295699,56
SHOW3,201908,-0.00441063411286629,59
SHUL4,201908,0.0245890525346611,59
SLCE3,201908,0.0234072749021171,61
SMLE3,201908,0.0509232062585531,47
SMLS3,201908,0.0240931820177656,63
SMTO3,201908,0.0183042017095246,63
SQIA3,201908,0.0485735325037839,60
STBP3,201908,0.052778019380983,63
SULA11,201908,0.0394764083410929,63
SUZB3,201908,0.0283821694641771,63
TAEE11,201908,-0.00877592076096304,63
TCSA3,201908,0.0547466470025567,60
TECN3,201908,0.00204307434490546,57
TEND3,201908,0.032548499619655,62
TESA3,201908,-0.0106340040322534,60
TGMA3,201908,0.0344707849122167,61
TIET11,201908,-0.00509415855331915,61
TIET3,201908,-0.0182596309673867,33
TIET4,201908,-0.0336964044875991,33
TIMP3,201908,0.0239797308875819,62
TOTS3,201908,0.0460453009536076,62
TPIS3,201908,0.0349113662725356,57
TRIS3,201908,0.0239473424217952,58
TRPL4,201908,-0.0127998928656974,62
TUPY3,201908,-0.00207180925212553,61
UCAS3,201908,0.0864308869197855,19
UGPA3,201908,0.0180333987090961,62
UNIP3,201908,-0.00722480112348227,57
UNIP6,201908,0.0149778533450147,60
USIM3,201908,-0.0428139231628897,60
USIM5,201908,-0.0267561883626539,62
USIM6,201908,-0.0298453878499118,57
VALE3,201908,0.0241887574500916,64
VIVR3,201908,0.0348791424465265,50
VIVT3,201908,0.0214565112427915,60
VIVT4,201908,-0.00650583040937343,62
VLID3,201908,0.0228933185171496,60
VULC3,201908,-0.025001628448824,60
VVAR3,201908,0.042698215466247,62
WEGE3,201908,0.0181038415960608,62
WHRL4,201908,0.00946387314212567,29
WIZS3,201908,0.0400773751505224,60
WLMM4,201908,-0.0239663571523647,29
YDUQ3,201908,0.015665268493113,62
AALR3,201909,-0.0140056157966236,60
ABCB4,201909,-0.000454910403879823,61
ABEV3,201909,0.0269321402107847,62
AGRO3,201909,0.00768143707578087,52
ALPA3,201909,-0.00763687374411135,59
ALPA4,201909,0.00587190618336297,62
ALSO3,201909,-0.00248275065408167,60
ALUP11,201909,0.0209572778417679,62
ALUP3,201909,0.00153282779052379,42
AMAR3,201909,-0.00653952278566663,60
ANIM3,201909,0.0215945882432396,61
APER3,201909,0.00921331059814664,55
ARZZ3,201909,0.0139110288196986,61
AZEV4,201909,0.0296493671285709,52
AZUL4,201909,-0.00398662561244514,61
B3SA3,201909,0.0129273749184574,63
BBAS3,201909,0.0109560683290603,63
BBDC3,201909,0.0274823968118935,61
BBDC4,201909,0.0165106678013983,63
BBRK3,201909,-0.00235721526680087,61
BBSE3,201909,0.0268322298438968,61
BBTG11,201909,0.0298852354737935,44
BEEF11,201909,-0.00569529055791983,57
BEEF3,201909,0.0189808431368689,60
BEES3,201909,0.0262436430649149,50
BIDI11,201909,0.00958741350958863,62
BIDI3,201909,-0.0027860227690047,59
BIDI4,201909,-0.00176732134782344,59
BKBR3,201909,0.0110996297571147,61
BPAC11,201909,-0.00256864570967254,61
BPAN4,201909,0.0167509608590676,60
BRAP3,201909,-0.00997734763438611,60
BRAP4,201909,0.0121790965599774,62
BRDT3,201909,0.00831088038237179,62
BRFS3,201909,0.0027551647641975,61
BRGE3,201909,0.0395442666925838,55
BRIV3,201909,0.058779966710084,55
BRKM5,201909,0.0229153730294159,61
BRML3,201909,0.00560671509418778,62
BRPR3,201909,0.0262664840870626,61
BRSR3,201909,0.0598897740590808,51
BRSR6,201909,0.00971253931345204,61
BTOW3,201909,0.0231434815437314,61
CAMB4,201909,0.0377520352977662,50
CAML3,201909,0.0114108458035501,61
CARD3,201909,0.0249435550299596,56
CCPR3,201909,0.053226457837666,55
CCRO3,201909,0.0276797552124707,61
CEBR3,201909,-0.00237279726984626,21
CEBR6,201909,-0.0160080803167099,19
CEEB3,201909,0.0243044872934008,6
CEED3,201909,0.0375652138367141,6
CEED4,201909,0.0375652138367141,6
CELP3,201909,-0.0120705472250034,59
CEPE3,201909,0.0283525795283963,7
CEPE5,201909,-0.00363128364938753,20
CEPE6,201909,-0.0165483177924605,19
CESP3,201909,0.0222102387331498,56
CESP6,201909,0.0120049568417129,61
CGAS3,201909,-0.0116968813542369,45
CGRA4,201909,0.00586571940529967,60
CIEL3,201909,0.00970790739972465,61
CLSC4,201909,0.0157228930154909,58
CMIG3,201909,-0.000647388862286763,60
CMIG4,201909,0.0126634129609624,62
CNTO3,201909,0.0218433783517813,61
COCE5,201909,0.0249320313467425,59
CPFE3,201909,0.00249592291813163,61
CPLE3,201909,0.0103731162537575,55
CPLE6,201909,0.0230966442813992,60
CPRE3,201909,0.0199229073154333,55
CRDE3,201909,-0.00221355709151007,60
CRFB3,201909,0.0123083544236911,61
CRIV3,201909,0.0454061871001003,55
CRIV4,201909,0.0256532723275335,50
CRPG5,201909,0.0521347741730837,56
CRPG6,201909,-0.0350676069315741,30
CSAN3,201909,0.00342222559548997,62
CSMG3,201909,0.0159150131292654,62
CSNA3,201909,0.0209422655637827,61
CSRN3,201909,0.0096357445359726,6
CSRN5,201909,0.0283525795283963,7
CTNM4,201909,0.059971556545523,58
CVCB3,201909,0.0110497577498647,62
CYRE3,201909,0.00603360821822942,61
DHBI4,201909,0.0773607675967395,12
DIRR3,201909,0.00645511289206266,60
DMMO3,201909,0.0195207638110748,54
DOHL4,201909,-0.0410516801731267,6
DTEX3,201909,-0.00857963056497032,61
EALT4,201909,-0.0568330110329012,51
ECOR3,201909,-0.00916378469044527,61
EGIE3,201909,0.0289398956555373,61
ELET3,201909,-0.00600774752869218,62
ELET6,201909,0.0253304439229865,62
ELPL3,201909,-0.00439615765460495,56
EMAE4,201909,-0.0762162876772128,51
EMBR3,201909,0.0254629824652758,61
ENAT3,201909,0.0126717041838543,61
ENBR3,201909,0.0107404412332893,61
ENEV3,201909,0.00452296481764895,62
ENGI11,201909,0.0151727629166277,62
ENGI4,201909,-0.0170587699269331,58
EQTL3,201909,0.00512190707420274,62
EUCA4,201909,0.0132833725191088,61
EVEN3,201909,0.0148049625880442,61
EZTC3,201909,0.0272887436946441,62
FESA4,201909,-0.00183464838788036,54
FHER3,201909,0.0289002426220112,52
FJTA4,201909,0.0321562962580537,59
FLRY3,201909,0.0278172606484437,61
FRAS3,201909,0.0312975402898138,56
GEPA3,201909,0.0457616830925069,7
GEPA4,201909,0.0277005339931352,10
GFSA3,201909,0.0222962486668486,56
GGBR3,201909,0.0152152711429283,56
GGBR4,201909,0.0152708018545558,61
GNDI3,201909,-0.00461519002973574,62
GOAU3,201909,0.00927949907167058,60
GOAU4,201909,0.0115599889846603,61
GOLL4,201909,0.0197751834127987,61
GPCP3,201909,0.0341396583049017,50
GRND3,201909,-0.0103022106885121,60
GUAR3,201909,-0.0114031252597188,61
HAPV3,201909,0.0106487229951131,61
HBOR3,201909,0.0127433461096706,61
HGTX3,201909,0.0126921467411523,62
HYPE3,201909,-0.00519920774902412,62
IDNT3,201909,-0.0121622202320975,51
IGTA3,201909,0.0143698492968077,62
INEP3,201909,0.03322421087036,50
IRBR3,201909,0.0251482452845171,61
ITSA3,201909,-0.00447854068414752,59
ITSA4,201909,0.0195387756251322,62
ITUB3,201909,0.0166724991748108,60
ITUB4,201909,0.0174356364633557,62
JBSS3,201909,0.00105777922365184,61
JHSF3,201909,0.00778998797312014,59
JOPA3,201909,0.0629472936325084,55
JPSA3,201909,0.00660877914705741,60
JSLG3,201909,0.0427643260654208,60
KEPL3,201909,0.0119543018044463,54
KLBN11,201909,0.038023209914453,61
KLBN3,201909,0.0161369142301205,43
KLBN4,201909,0.0248309066981324,43
KROT11,201909,0.0379789254800153,52
KROT3,201909,0.0246553905154736,61
LAME3,201909,-0.00816766820316044,61
LAME4,201909,0.0267884068605445,61
LCAM3,201909,0.00571075734782359,61
LEVE3,201909,0.00950775282421101,61
LIGT3,201909,0.00993970606041296,63
LINX3,201909,-0.00385818378362943,61
LLIS3,201909,0.0389357983031176,57
LOGG3,201909,0.0110087389419444,61
LOGN3,201909,0.015300717269678,58
LPSB3,201909,0.000866668092172739,61
LREN3,201909,0.0110794225614922,62
LUPA3,201909,-0.106886286804064,49
MDIA3,201909,-0.00286827024270211,61
MEAL3,201909,-0.00427768356680226,60
MGEL4,201909,-0.0180531558963441,19
MGLU3,201909,0.0213600077799894,62
MILS3,201909,0.011836945301195,62
MNPR3,201909,0.0382303995366826,50
MOAR3,201909,0.0025608342836261,58
MOVI3,201909,0.0130204475505722,61
MRFG3,201909,0.013063640546373,61
MRVE3,201909,0.0208127531834592,62
MTIG4,201909,0.0194481800405157,49
MTSA4,201909,0.0386738226610237,50
MULT3,201909,0.0149321819741712,62
MYPK3,201909,-0.00824575741943823,61
NATU3,201909,0.0150397327650624,61
NEOE3,201909,0.000461773241811691,60
ODPV3,201909,0.0305571148194119,60
OFSA3,201909,0.000517828207267313,61
OIBR3,201909,-0.00382926985278067,62
OIBR4,201909,0.019475515016361,61
OMGE3,201909,0.00825116814184137,62
PARD3,201909,0.0141868957982152,60
PCAR4,201909,-0.00318246796331513,61
PDGR3,201909,-0.0691522443397246,49
PETR3,201909,0.0137020244198244,62
PETR4,201909,0.0139014198665455,63
PFRM3,201909,0.0132504777956819,57
PINE4,201909,-0.0774189163008211,49
PMAM3,201909,0.0340609352006552,51
PNVL3,201909,0.0215171732846026,58
PNVL4,201909,0.00805380927388307,60
POMO3,201909,-0.0125621937008781,48
POMO4,201909,0.0125570980889382,61
POSI3,201909,-0.0614840802141967,50
PPLA11,201909,0.0077034086387986,51
PRIO3,201909,0.0260755511908726,60
PSSA3,201909,0.00176649083188328,60
PTBL3,201909,0.00263103083364549,57
PTNT4,201909,0.0138010382500486,50
QUAL3,201909,0.0187829963038694,61
RADL3,201909,0.00907752786693907,61
RAIL3,201909,0.0070224601988718,62
RAPT3,201909,0.0659240189590964,55
RAPT4,201909,0.00424588877869363,61
RDNI3,201909,0.0140093084507613,57
RENT3,201909,0.00839662043286372,62
RLOG3,201909,-0.00332378494508404,61
RNEW11,201909,0.0209449309068445,56
RNEW3,201909,0.0180231004877036,57
RNEW4,201909,-0.0430464881815939,54
ROMI3,201909,0.00645265273902478,58
RPAD3,201909,0.0557066058378448,55
SANB11,201909,0.0190358163911242,61
SAPR11,201909,0.0219407021723763,62
SAPR4,201909,0.0313595749565172,60
SBSP3,201909,0.00401947389289327,62
SCAR3,201909,0.010627739068007,59
SEER3,201909,0.0123897702012255,61
SGPS3,201909,0.017593980542008,57
SHOW3,201909,0.0352835150881625,59
SHUL4,201909,0.0118542821848009,59
SLCE3,201909,0.0240775292616919,59
SMLS3,201909,0.0037293255374316,62
SMTO3,201909,0.00423681694193752,62
SQIA3,201909,0.00914695079871593,60
STBP3,201909,0.0195438621875128,62
SULA11,201909,-0.00708726054934826,62
SUZB3,201909,0.0162452785640547,61
TAEE11,201909,0.0282796415553028,62
TCSA3,201909,0.0035205077045105,60
TECN3,201909,0.0107039188050483,58
TEND3,201909,-0.00820465336869457,61
TESA3,201909,-0.0165473258814416,60
TGMA3,201909,-0.00596720096037484,60
TIET11,201909,0.0199381192427976,59
TIET3,201909,0.0232375141202115,45
TIET4,201909,0.0162892265938154,45
TIMP3,201909,-0.00158593694421295,61
TOTS3,201909,0.00131051126665021,62
TPIS3,201909,0.0416780207333384,56
TRIS3,201909,-0.0084400327900066,61
TRPL4,201909,0.0261416136906313,60
TUPY3,201909,0.0155755762222078,62
UCAS3,201909,-0.0293254101740557,19
UGPA3,201909,-0.00928501531101815,61
UNIP3,201909,0.0566200242454101,56
UNIP6,201909,0.0223315188909268,59
USIM3,201909,0.00511708139612401,59
USIM5,201909,0.027498743262201,61
USIM6,201909,0.0170870893705812,58
VALE3,201909,0.0192658601579712,63
VIVR3,201909,-0.0955311478903009,49
VIVT3,201909,0.010166829147299,60
VIVT4,201909,0.0317552973087295,61
VLID3,201909,0.017544936980808,57
VULC3,201909,0.0309741074433744,60
VVAR3,201909,0.0072635414812277,61
WEGE3,201909,0.0192635091681451,61
WHRL4,201909,-0.0456233852977545,30
WIZS3,201909,-0.0119585623445681,59
WLMM4,201909,-0.0601919067208307,30
YDUQ3,201909,0.0124181087277915,61
AALR3,201910,0.00171630858270024,58
ABCB4,201910,0.0305771414205887,61
ABEV3,201910,0.0188690135764404,60
AGRO3,201910,-0.016071347092119,54
ALPA3,201910,-0.012724553211612,58
ALPA4,201910,0.00606827848314426,61
ALSO3,201910,0.0073339704772754,60
ALUP11,201910,0.0236461986211104,62
ALUP3,201910,0.00426794029415918,51
AMAR3,201910,0.0509482869136575,58
ANIM3,201910,0.0103124464030506,61
APER3,201910,0.022610771163907,59
ARZZ3,201910,0.0177704025651884,60
AZEV4,201910,0.0195160108611248,52
AZUL4,201910,0.00732720829116966,60
B3SA3,201910,0.0197360362076394,62
BAZA3,201910,0.0235812918313762,49
BBAS3,201910,0.00926943769241396,62
BBDC3,201910,0.00490326151191544,60
BBDC4,201910,0.0166818694299105,62
BBRK3,201910,-0.00166842903461635,60
BBSE3,201910,0.00632673605190649,60
BBTG11,201910,0.00331579946086656,46
BEEF11,201910,-0.0245801095492868,56
BEEF3,201910,0.0104216590727078,60
BEES3,201910,0.0988232675806206,49
BIDI11,201910,0.00876585818108775,61
BIDI3,201910,-0.00641539754418352,58
BIDI4,201910,-0.00412680172945273,60
BKBR3,201910,0.0192237345768738,60
BMGB11,201910,0.0254492760939749,60
BPAC11,201910,0.0145644026675418,60
BPAN4,201910,0.0079114961423637,60
BRAP3,201910,-0.00778441913228791,60
BRAP4,201910,0.0203984404261762,62
BRDT3,201910,0.0190990541243319,62
BRFS3,201910,0.0226579993735332,61
BRGE3,201910,0.0296214484679009,54
BRIV3,201910,0.0035912816712002,54
BRKM5,201910,-0.00416572318388639,60
BRML3,201910,0.0127528962190782,62
BRPR3,201910,0.0150011262846777,61
BRSR3,201910,0.02138513657446,51
BRSR6,201910,0.0222310939915477,60
BTOW3,201910,0.0256012774019568,60
CAMB4,201910,0.0233979916371929,49
CAML3,201910,0.0148575592402357,61
CARD3,201910,0.0937259667634113,50
CCPR3,201910,0.0201407930852335,60
CCRO3,201910,0.0120996567796522,60
CEAB3,201910,0.0170124423168564,60
CEBR3,201910,0.0198287822632452,20
CEBR6,201910,0.0397398642508351,18
CEEB3,201910,-0.0146853899519352,7
CEED3,201910,-0.0115924509994535,7
CEED4,201910,-0.0115924509994535,7
CELP3,201910,-0.0174185427120605,58
CEPE3,201910,-0.00932560487619836,8
CEPE5,201910,0.0206168904377154,20
CEPE6,201910,0.0321261069520115,18
CESP3,201910,0.00261776036867331,55
CESP6,201910,0.0180353724822799,60
CGAS3,201910,0.039917943805484,45
CGRA4,201910,0.0305274841218732,60
CIEL3,201910,0.0243414159104183,60
CLSC4,201910,-0.00504733842979241,58
CMIG3,201910,0.0194316545510139,60
CMIG4,201910,0.0147321843603345,62
CNTO3,201910,0.056635455708117,60
COCE5,201910,0.0159551034310635,59
COGN3,201910,0.0300828555776739,60
CPFE3,201910,0.0212209224839464,61
CPLE3,201910,0.00622047453810108,56
CPLE6,201910,0.00873183858785283,60
CPRE3,201910,0.00776846776461488,54
CRDE3,201910,-0.00936027735281694,59
CRFB3,201910,0.00195030129102169,60
CRIV3,201910,0.0241185911883124,54
CRIV4,201910,0.0891093484225758,49
CRPG5,201910,0.0677823520122133,59
CRPG6,201910,0.153654035232958,30
CSAN3,201910,0.00180103411086617,61
CSMG3,201910,0.0119911106474942,61
CSNA3,201910,0.0178902714912582,60
CSRN3,201910,0.0114200735998627,7
CSRN5,201910,-0.0183947381935734,7
CTNM4,201910,0.0186152497964903,57
CVCB3,201910,0.0134509583740301,62
CYRE3,201910,0.00583204563543686,61
DHBI4,201910,-0.00352442702683017,12
DIRR3,201910,0.012476298148833,60
DMMO11,201910,-0.0773518938305203,5
DMMO3,201910,0.00856384138692895,53
DOHL4,201910,-0.128214415787445,6
DTEX3,201910,0.0111913871778253,61
EALT4,201910,0.146548236723592,50
ECOR3,201910,0.0160250523827311,60
EGIE3,201910,0.00590813475847397,60
ELET3,201910,0.0118626824881281,62
ELET6,201910,0.0131849377484251,62
ELPL3,201910,-0.00235783364969539,55
EMAE4,201910,0.154770965533233,50
EMBR3,201910,0.0166749590759504,60
ENAT3,201910,0.0197010523587323,60
ENBR3,201910,0.00815820000286938,60
ENEV3,201910,0.00753778252712642,61
ENGI11,201910,0.0099934211092769,62
ENGI4,201910,-0.0104740247647455,57
EQTL3,201910,0.0211995920045084,62
EUCA4,201910,0.0254007580637336,61
EVEN3,201910,0.0119625052049177,60
EZTC3,201910,0.0113239761438531,60
FESA4,201910,0.0576181705747,54
FHER3,201910,0.0197184045561372,55
FJTA4,201910,0.0217740052360288,55
FLRY3,201910,0.0323808916122161,60
FRAS3,201910,0.0794826996906932,56
GEPA3,201910,0.00046472100305771,7
GEPA4,201910,-0.029085831324993,10
GFSA3,201910,0.0213673142419432,56
GGBR3,201910,0.000507547995097167,56
GGBR4,201910,0.0169582187229561,60
GNDI3,201910,0.0211823743625651,61
GOAU3,201910,0.0153478654813951,60
GOAU4,201910,0.0217715275191493,60
GOLL4,201910,0.0440493553984127,60
GPCP3,201910,0.0684430801579707,49
GRND3,201910,-0.0139419590404753,59
GUAR3,201910,0.00347322065419439,60
HAPV3,201910,0.0241425657801706,61
HBOR3,201910,0.013463242609042,60
HGTX3,201910,0.0190978979636621,61
HYPE3,201910,0.0263589666599763,62
IDNT3,201910,0.00939113095655688,51
IGTA3,201910,0.0134801555068014,62
IRBR3,201910,0.0157656375154141,60
ITSA3,201910,-0.0115079637891081,59
ITSA4,201910,0.00737666031375668,61
ITUB3,201910,0.00951568770504588,60
ITUB4,201910,0.0165117249022189,61
JBSS3,201910,0.0292870413114849,61
JHSF3,201910,-0.00594651647063874,58
JOPA3,201910,0.0198587138823021,54
JPSA3,201910,-0.00644082409481961,60
JSLG3,201910,0.0109125830315748,60
KEPL3,201910,-0.0150069066543883,56
KLBN11,201910,0.00470380085051704,60
KLBN3,201910,0.0372832655607356,43
KLBN4,201910,0.0407468600219599,43
KROT11,201910,0.0133282333725385,51
LAME3,201910,0.0235628813966171,61
LAME4,201910,0.0151121049634665,60
LCAM3,201910,0.0236939691117059,60
LEVE3,201910,0.0259590548505921,60
LIGT3,201910,0.0125044668488867,62
LINX3,201910,0.00962017920191406,61
LLIS3,201910,0.0126707094508019,54
LOGG3,201910,0.0316044759040051,61
LOGN3,201910,-0.019775415188425,58
LPSB3,201910,-0.00135140166480693,61
LREN3,201910,0.0175352345498502,62
LUPA3,201910,0.0010460377527647,50
MDIA3,201910,0.0234194630281827,61
MEAL3,201910,0.00894270099859537,60
MGEL4,201910,0.0393173704799581,18
MGLU3,201910,0.0312492181964533,62
MILS3,201910,0.000851805557453883,61
MOAR3,201910,-0.00999563130642523,57
MOVI3,201910,0.00689953521998021,60
MRFG3,201910,0.0257817358545553,60
MRVE3,201910,0.0132464501607108,60
MTIG4,201910,-0.0225827128830461,50
MTSA4,201910,0.0934655424719372,49
MULT3,201910,0.0144549780757938,61
MYPK3,201910,0.0094426025000075,60
NATU3,201910,0.0241653798758541,60
NEOE3,201910,0.00748481969974708,60
ODPV3,201910,-0.00343297737956633,57
OFSA3,201910,0.0186121384874213,60
OIBR3,201910,0.0063469341644765,62
OIBR4,201910,0.00526783673568141,60
OMGE3,201910,0.0183528235409146,61
PARD3,201910,0.0194897748560906,60
PCAR4,201910,0.00190753118169868,60
PDGR3,201910,-0.012201654871848,50
PETR3,201910,0.0124926097480674,61
PETR4,201910,0.00938471331709327,62
PFRM3,201910,-0.00476267634807058,57
PINE4,201910,-0.0119787061805174,50
PMAM3,201910,-0.00754193190463868,50
PNVL3,201910,0.00591522191444871,57
PNVL4,201910,0.00640538349358158,60
POMO3,201910,0.0878546047760653,48
POMO4,201910,0.0110894479074366,60
POSI3,201910,-0.428810186681699,56
PPLA11,201910,0.0267358416710758,50
PRIO3,201910,0.0374179246400959,59
PSSA3,201910,0.0210991632530163,60
PTBL3,201910,-0.0172931439953417,56
PTNT4,201910,0.136478783816614,50
QUAL3,201910,0.0183792106960771,60
RADL3,201910,0.0301439731399962,60
RAIL3,201910,0.0202345635458666,62
RAPT3,201910,0.00818034364151109,55
RAPT4,201910,-0.0220086742579318,60
RDNI3,201910,0.0143729675821055,58
RENT3,201910,0.0317581076972368,62
RLOG3,201910,0.00114130126506979,61
RNEW11,201910,-0.437019340300879,38
RNEW3,201910,-0.443384480100646,38
RNEW4,201910,-0.439332123362498,38
ROMI3,201910,-0.0139976433515245,57
RPAD3,201910,0.0198587138823021,54
SANB11,201910,0.044432692491821,61
SAPR11,201910,0.00515954727589039,62
SAPR4,201910,0.0320417789354433,58
SBSP3,201910,0.013319431596087,62
SCAR3,201910,0.0307976134738598,58
SEER3,201910,0.025708586916654,60
SGPS3,201910,-0.0180027861092364,56
SHOW3,201910,0.00959936692312972,58
SHUL4,201910,0.0175767432855031,58
SLCE3,201910,0.0157804026874655,58
SMLS3,201910,0.0226478255884876,62
SMTO3,201910,0.0214632200288491,61
SQIA3,201910,0.0482830629658934,60
STBP3,201910,0.0175856685861021,61
SULA11,201910,0.0127376041361956,61
SUZB3,201910,0.0122303032781134,61
TAEE11,201910,0.00600126589407343,61
TCSA3,201910,-0.00553881155739567,60
TECN3,201910,0.00094303495767402,57
TEND3,201910,-0.00129274058557968,60
TESA3,201910,-0.00858466702718074,60
TGMA3,201910,-0.00144034569547004,60
TIET11,201910,0.00357460972769209,60
TIET3,201910,0.00581982633028622,45
TIET4,201910,0.00327212795403684,45
TIMP3,201910,0.0221093284211421,60
TOTS3,201910,0.0190778872859732,61
TPIS3,201910,0.099046902556509,56
TRIS3,201910,-0.00571275833023151,60
TRPL4,201910,-0.00320209945619796,60
TUPY3,201910,0.00572429767349128,60
UCAS3,201910,0.0355150037397807,18
UGPA3,201910,0.0151701478931077,61
UNIP3,201910,0.0254191930363256,55
UNIP6,201910,0.032070722022662,56
USIM3,201910,-0.00252577462133458,60
USIM5,201910,0.0120769186050211,60
VALE3,201910,0.0164153873923914,62
VIVA3,201910,0.0263247060521819,62
VIVT3,201910,0.0228723953722558,60
VIVT4,201910,-0.00673175314619896,60
VLID3,201910,0.021822457319879,55
VULC3,201910,0.0268760214955254,60
VVAR3,201910,0.00801364308284011,60
WEGE3,201910,0.0278791485376874,60
WHRL4,201910,0.0752838032630842,50
WIZS3,201910,0.00335155003280467,58
WLMM4,201910,0.149242729933791,30
YDUQ3,201910,0.0326441983090359,61
AALR3,201911,0.0375421318371677,60
ABCB4,201911,0.054520206337479,62
ABEV3,201911,0.0360796118705059,62
AGRO3,201911,0.0924311052976466,57
ALPA3,201911,0.0101547469973447,60
ALPA4,201911,0.0168505903624447,62
ALSO3,201911,0.0406475229516345,62
ALUP11,201911,0.028032915774858,62
ALUP3,201911,0.026717100515814,51
AMAR3,201911,0.0769331654667807,61
ANIM3,201911,0.0279430816863546,62
APER3,201911,0.0219168708215873,60
ARZZ3,201911,0.0354573026908038,61
AZEV4,201911,0.0133606682171806,52
AZUL4,201911,0.03577655887984,61
B3SA3,201911,0.0231233989100308,63
BAZA3,201911,0.32911383621723,51
BBAS3,201911,0.025276061029727,63
BBDC3,201911,0.0260187082268214,61
BBDC4,201911,0.0315587730395428,63
BBRK3,201911,0.0259908355245972,61
BBSE3,201911,0.0165116847955674,61
BBTG11,201911,-0.00101300156455192,46
BEEF11,201911,0.0413851275433488,57
BEEF3,201911,0.0676320160739808,61
BEES3,201911,0.030271549526144,57
BIDI11,201911,0.0272447918488805,62
BIDI3,201911,0.0227195137803624,59
BIDI4,201911,0.0204818186144881,61
BKBR3,201911,0.035698606978631,61
BMGB11,201911,0.022827192234444,43
BMGB4,201911,0.019356870880093,61
BPAC11,201911,0.0430919721049967,61
BPAN4,201911,0.0556530277164794,61
BRAP3,201911,0.0398716606256165,61
BRAP4,201911,0.0311015219017552,62
BRDT3,201911,0.0253152378016908,63
BRFS3,201911,0.0331252044118178,61
BRGE3,201911,-0.0142610447466088,56
BRIV3,201911,0.0128151078440866,56
BRKM5,201911,0.021785764063602,61
BRML3,201911,0.0240688755394845,62
BRPR3,201911,0.0271896303916017,62
BRSR3,201911,-0.00162196846027464,51
BRSR6,201911,0.06218103337586,61
BTOW3,201911,0.0492551926539968,61
CAMB4,201911,0.0297469122827636,51
CAML3,201911,0.0690181647529978,62
CARD3,201911,0.0463104209539451,51
CBEE3,201911,0.00730788095655332,52
CCPR3,201911,0.0488349289885478,61
CCRO3,201911,0.0374609396014986,61
CEAB3,201911,0.0530885749619919,61
CEBR3,201911,0.0282213111138996,21
CEBR6,201911,0.0300367681199429,18
CEEB3,201911,0.0087657958967355,6
CEED3,201911,0.00472838879463034,6
CEED4,201911,0.00472838879463033,6
CELP3,201911,0.0209366167452115,59
CEPE3,201911,0.00359597388232848,7
CEPE5,201911,0.0319704345631126,20
CEPE6,201911,0.0375769202570905,19
CESP3,201911,0.032822941115872,57
CESP6,201911,0.0269198046276753,61
CGAS3,201911,0.00197708068069358,43
CGRA4,201911,0.0189803952694486,61
CIEL3,201911,0.0445478578493412,61
CLSC4,201911,0.0752042862856392,58
CMIG3,201911,0.0364527031822394,61
CMIG4,201911,0.020852748733681,63
CNTO3,201911,0.0478220528495619,61
COCE5,201911,0.02626820179403,60
COGN3,201911,0.0232604885959336,61
CPFE3,201911,0.029639468332582,61
CPLE3,201911,0.0336242857033736,58
CPLE6,201911,0.048036939494382,62
CPRE3,201911,0.0308493670166124,56
CRDE3,201911,0.0143596516982089,60
CRFB3,201911,0.0207741028736389,61
CRIV3,201911,0.00941084677670983,56
CRIV4,201911,0.03814672816281,51
CRPG5,201911,0.0415604956950402,60
CRPG6,201911,0.0685408582264447,26
CSAN3,201911,0.0188514980439239,62
CSMG3,201911,0.0218102341094969,62
CSNA3,201911,0.0616156561732537,61
CSRN3,201911,-0.00426909362287332,6
CSRN5,201911,0.00359597388232848,7
CTNM4,201911,0.0142358725941052,59
CVCB3,201911,0.0242557804027035,63
CYRE3,201911,0.0477092708437811,61
DHBI4,201911,0.0648788277148672,12
DIRR3,201911,0.0807152189722276,60
DMMO11,201911,0.0795773519148647,5
DMMO3,201911,0.0693832207220518,60
DOHL4,201911,-0.020072692425121,6
DTEX3,201911,0.0460558491382933,62
EALT4,201911,0.0419689051581342,52
ECOR3,201911,0.0451439228332588,61
EGIE3,201911,0.0419030812321821,61
ELET3,201911,0.0197590622581467,63
ELET6,201911,0.0254825951719113,63
EMAE4,201911,0.0445970284098331,52
EMBR3,201911,0.0285409991526694,61
ENAT3,201911,0.0509392525321351,61
ENBR3,201911,0.0253270353129369,62
ENEV3,201911,0.0171946758386065,62
ENGI11,201911,0.0411398440928064,62
ENGI4,201911,0.0180197483077859,58
EQTL3,201911,0.0193231090698768,63
ETER3,201911,-0.0272591514699131,52
EUCA4,201911,0.0644740377782277,61
EVEN3,201911,0.0537059996882879,61
EZTC3,201911,0.0495527797071299,61
FESA4,201911,0.0694466997427536,58
FHER3,201911,0.0106533687541537,56
FLRY3,201911,0.0473393371098725,61
FRAS3,201911,0.027336869732872,57
GEPA3,201911,-0.0155584976998943,7
GEPA4,201911,-0.00701221112249381,11
GFSA3,201911,0.100327291976668,56
GGBR3,201911,0.0560275403118467,57
GGBR4,201911,0.0414462228837644,61
GNDI3,201911,0.0209646462690932,62
GOAU3,201911,0.0559823060659746,61
GOAU4,201911,0.0307208265415898,61
GOLL4,201911,0.052602638195877,61
GPCP3,201911,-0.018222972332469,51
GRND3,201911,0.0214478627432489,61
GUAR3,201911,0.0409227871447694,61
HAPV3,201911,0.0399008702975028,62
HBOR3,201911,0.0216732676598851,61
HGTX3,201911,0.0244384439492766,62
HYPE3,201911,0.0261849397640784,62
IDNT3,201911,0.0500521790590085,52
IGTA3,201911,0.0301062615789835,63
IRBR3,201911,0.0499062991810812,61
ITSA3,201911,0.0568223270759696,59
ITSA4,201911,0.0214691319925515,62
ITUB3,201911,0.0429109666064983,61
ITUB4,201911,0.043906943072892,62
JBSS3,201911,0.0422279023187925,61
JHSF3,201911,0.0689239059755015,61
JOPA3,201911,0.0025254592023711,56
JPSA3,201911,0.0108210932780706,61
JSLG3,201911,0.0728235354968306,60
KEPL3,201911,0.0906067021018769,55
KLBN11,201911,0.0233401961492159,61
KLBN3,201911,0.113809196506828,43
KLBN4,201911,0.0613757267170266,43
KROT11,201911,0.0182985027365504,52
LAME3,201911,0.0272498724642408,62
LAME4,201911,0.00937775557346819,61
LCAM3,201911,0.0372106249774168,61
LEVE3,201911,0.07285789710259,61
LIGT3,201911,0.0191069387542994,62
LINX3,201911,0.0448544657566027,62
LLIS3,201911,0.0201289246914712,51
LOGG3,201911,0.0562196185209929,62
LOGN3,201911,0.0545673151017492,61
LPSB3,201911,0.0152550245295694,62
LREN3,201911,0.0263343582042281,62
LUPA3,201911,0.000137367547395882,52
MDIA3,201911,0.031771329118609,62
MEAL3,201911,0.0430055405078519,61
MGEL4,201911,0.0432781807343902,18
MGLU3,201911,0.0278741781011388,63
MILS3,201911,0.0738594389751902,62
MOAR3,201911,0.0510129614733036,57
MOVI3,201911,0.0844003085019807,61
MRFG3,201911,0.0765813054132287,61
MRVE3,201911,0.0213414790011974,61
MTSA4,201911,0.0265658103705703,51
MULT3,201911,0.0490410795669288,62
MYPK3,201911,0.0449382918861623,61
NATU3,201911,0.0198838814050122,62
NEOE3,201911,0.0424309503133856,61
ODPV3,201911,0.0331351261339535,61
OFSA3,201911,0.0523802534140335,61
OIBR3,201911,0.0316495271654441,63
OIBR4,201911,0.0306451096224736,60
OMGE3,201911,0.0294014785459733,63
PARD3,201911,0.0528439189761091,61
PCAR4,201911,0.0374807496777824,61
PDGR3,201911,-0.0100332350496346,52
PETR3,201911,0.0298462795125924,62
PETR4,201911,0.0301226031792971,63
PFRM3,201911,0.0653580821249206,58
PINE4,201911,-0.0320251393581484,52
PMAM3,201911,0.0935883371356687,57
PNVL3,201911,0.0053804007337295,58
PNVL4,201911,0.025248390957541,57
POMO3,201911,0.0293028031547175,48
POMO4,201911,0.0571526626093047,61
POSI3,201911,0.0232334612577457,58
PPLA11,201911,0.106684764262853,60
PRIO3,201911,0.0622053761492321,60
PSSA3,201911,0.0476394130260749,61
PTBL3,201911,0.083119351306252,57
PTNT4,201911,0.0640793052180562,52
QUAL3,201911,0.0403147916449683,61
RADL3,201911,0.036388340940666,61
RAIL3,201911,0.0364190318747532,62
RAPT3,201911,0.00565894792995753,56
RAPT4,201911,0.0549731969066949,62
RDNI3,201911,0.0373201893523315,59
RENT3,201911,0.0214976641874814,63
RLOG3,201911,0.0296586649628058,62
RNEW11,201911,-0.0184215998466832,51
RNEW3,201911,0.00503829251133172,39
RNEW4,201911,-0.0109530217252359,39
ROMI3,201911,0.0959717446000898,58
RPAD3,201911,0.0104616851763287,56
SANB11,201911,0.0267326399394527,62
SAPR11,201911,0.053712734801642,62
SAPR4,201911,0.0972487871084328,60
SBSP3,201911,0.0406083161077153,63
SCAR3,201911,0.091756493378252,59
SEER3,201911,0.0394449446613783,61
SGPS3,201911,0.106114365076965,59
SHOW3,201911,0.0134183239911415,59
SHUL4,201911,0.0827894290542814,58
SLCE3,201911,0.0788555458291107,59
SMLS3,201911,0.0306509704964783,63
SMTO3,201911,0.0319153326273962,62
SQIA3,201911,0.0858087865784949,60
STBP3,201911,0.0402432973580637,62
SULA11,201911,0.0379744842026542,62
SUZB3,201911,0.0372929414187018,62
TAEE11,201911,0.0435380462690921,62
TASA4,201911,0.075302149996503,60
TCSA3,201911,0.0151651028518273,61
TECN3,201911,0.0591119275767429,58
TELB3,201911,0.0101126896274068,52
TEND3,201911,0.0411423806188039,61
TESA3,201911,0.0204093824102396,61
TGMA3,201911,0.0441363326720117,61
TIET11,201911,0.0333012502869281,61
TIET3,201911,0.0499645532451156,45
TIET4,201911,0.0497958541826495,45
TIMP3,201911,0.02559090674581,62
TOTS3,201911,0.0481887526399296,62
TPIS3,201911,0.0350468387090103,57
TRIS3,201911,0.0127311456637127,61
TRPL4,201911,0.0176769580492608,61
TUPY3,201911,0.0509519939350424,61
UCAS3,201911,0.0291235100487099,53
UGPA3,201911,0.0335415978090298,62
UNIP3,201911,0.00675061056316517,57
UNIP6,201911,0.106018942323789,56
USIM3,201911,0.0432914477991949,61
USIM5,201911,0.0506644973557023,61
VALE3,201911,0.0282054743202949,63
VIVA3,201911,0.0444674300541033,62
VIVT3,201911,0.052974523073624,61
VIVT4,201911,0.0231112105631916,61
VLID3,201911,0.0988258503273903,59
VULC3,201911,0.0825022571914136,60
VVAR3,201911,0.043447266307889,62
WEGE3,201911,0.0333263732907195,61
WHRL4,201911,0.0371184498399709,52
WIZS3,201911,0.045103770151171,59
WLMM4,201911,-0.0135249849228734,26
YDUQ3,201911,0.0246395383211889,62
AALR3,201912,0.134885100691886,63
ABCB4,201912,0.132382819256184,64
ABEV3,201912,0.0996742571940877,65
AGRO3,201912,0.219765182965318,59
ALPA3,201912,0.159731354353381,62
ALPA4,201912,0.127718453635666,65
ALSO3,201912,0.128553179897218,64
ALUP11,201912,0.14709547610507,64
ALUP3,201912,0.140876821727925,52
AMAR3,201912,0.124593931467188,65
ANIM3,201912,0.10855006276947,65
APER3,201912,0.119295087732602,63
ARZZ3,201912,0.109335247146649,65
AZEV4,201912,0.0952522693083536,58
AZUL4,201912,0.117030542476305,65
B3SA3,201912,0.107878155301161,66
BAZA3,201912,-0.0953332627123871,51
BBAS3,201912,0.105641207513571,66
BBDC3,201912,0.0848790351433499,65
BBDC4,201912,0.101449712959469,65
BBRK3,201912,0.119266900467755,64
BBSE3,201912,0.087484506305083,65
BBTG11,201912,0.0782491357504773,48
BEEF11,201912,0.251091565505105,54
BEEF3,201912,0.143985099609823,64
BEES3,201912,0.135067270578554,57
BIDI11,201912,0.131596428042931,65
BIDI3,201912,0.160529724711212,64
BIDI4,201912,0.145234902327688,64
BIOM3,201912,0.176157928825685,51
BKBR3,201912,0.120672163705741,65
BMGB4,201912,0.12584582213866,64
BPAC11,201912,0.116544681665543,65
BPAN4,201912,0.128323331728786,64
BRAP3,201912,0.127595257730311,64
BRAP4,201912,0.099278195560296,65
BRDT3,201912,0.100674998675966,65
BRFS3,201912,0.106836746909199,65
BRGE3,201912,0.117029751172064,60
BRIV3,201912,0.186616059062081,60
BRKM5,201912,0.0991054649260107,65
BRML3,201912,0.114220007320906,65
BRPR3,201912,0.123743577699715,65
BRSR3,201912,0.180759619716542,53
BRSR6,201912,0.117645091930508,64
BTOW3,201912,0.102484173604272,65
CAML3,201912,0.154715660359806,64
CARD3,201912,0.202007563001813,52
CBEE3,201912,0.519407595657817,54
CCPR3,201912,0.109266547558949,64
CCRO3,201912,0.0939282900720096,65
CEAB3,201912,0.10537791574075,64
CEBR3,201912,0.117293393078557,47
CEBR5,201912,0.0927136511015254,47
CEBR6,201912,0.112657867709602,47
CEEB3,201912,0.0101812906128717,6
CEED3,201912,0.0203543280803687,6
CEED4,201912,0.0203543280803687,6
CEPE3,201912,0.016025653721049,7
CEPE5,201912,0.108520628118872,48
CEPE6,201912,0.134427430889398,18
CESP3,201912,0.115515466045846,61
CESP6,201912,0.113313233248011,65
CGAS3,201912,0.167618512508639,44
CGAS5,201912,0.264050855359541,56
CGRA4,201912,0.119235292363845,63
CIEL3,201912,0.122906628984771,65
CLSC3,201912,0.140157501421518,47
CLSC4,201912,0.228918432420381,61
CMIG3,201912,0.109684772173365,64
CMIG4,201912,0.102341743375754,65
CNTO3,201912,0.12889816536869,64
COCE5,201912,0.14903502799247,63
COGN3,201912,0.130784196669656,65
CPFE3,201912,0.09539105396792,65
CPLE3,201912,0.138623547374475,63
CPLE6,201912,0.116702790585758,65
CPRE3,201912,0.13118990076031,57
CRDE3,201912,0.163064068572252,61
CRFB3,201912,0.107571223953383,64
CRIV3,201912,0.18788118964474,60
CRIV4,201912,0.145302074095478,51
CRPG5,201912,0.315569876675573,64
CRPG6,201912,0.322412691603499,32
CSAN3,201912,0.128079807970246,65
CSMG3,201912,0.112292745771569,65
CSNA3,201912,0.107201802605121,65
CSRN3,201912,0.0098500866231442,6
CSRN5,201912,0.016025653721049,7
CTNM4,201912,0.178253462005429,62
CVCB3,201912,0.103627690866684,65
CYRE3,201912,0.119691098640557,65
DHBI4,201912,0.0997769317115331,12
DIRR3,201912,0.194135110870824,62
DMMO11,201912,0.18979225661655,32
DMMO3,201912,0.179454440054785,59
DOHL4,201912,0.140628993117501,5
DTEX3,201912,0.125881114764875,65
EALT4,201912,0.311573614562777,52
ECOR3,201912,0.120723227498993,65
EGIE3,201912,0.098902400228828,65
ELET3,201912,0.125527949733404,65
ELET6,201912,0.102734358144279,65
EMAE4,201912,0.291748845282014,52
EMBR3,201912,0.0904152892283554,65
ENAT3,201912,0.113107840151722,64
ENBR3,201912,0.133693969817091,65
ENEV3,201912,0.121059328473753,65
ENGI11,201912,0.102634077160368,65
ENGI4,201912,0.148294710853652,60
EQPA3,201912,0.212344194323652,61
EQPA5,201912,0.137557377507232,47
EQTL3,201912,0.121444954006469,65
ETER3,201912,0.433098168124425,54
EUCA4,201912,0.215784069028935,64
EVEN3,201912,0.116989268487144,63
EZTC3,201912,0.103567249450103,64
FESA4,201912,0.233331856431878,59
FHER3,201912,0.120740878791994,58
FLRY3,201912,0.110423845443147,65
FRAS3,201912,0.135694643782485,58
GEPA3,201912,0.107771777611759,7
GEPA4,201912,0.168095263045989,10
GFSA3,201912,0.131419415840636,61
GGBR3,201912,0.117384461694241,59
GGBR4,201912,0.102683141076247,65
GNDI3,201912,0.108463024460586,65
GOAU3,201912,0.110614043205366,64
GOAU4,201912,0.106881738254959,66
GOLL4,201912,0.106841508927817,65
GPCP3,201912,0.143462719733475,51
GRND3,201912,0.148612314737395,64
GUAR3,201912,0.133672224463621,64
HAPV3,201912,0.107758165303335,65
HBOR3,201912,0.129422303319007,64
HGTX3,201912,0.11326150481744,65
HYPE3,201912,0.112802776304892,65
IDNT3,201912,0.122203757283836,52
IGTA3,201912,0.116149869873915,66
IRBR3,201912,0.102975329456478,65
ITSA3,201912,0.14613764300781,63
ITSA4,201912,0.0918777305879868,65
ITUB3,201912,0.126881887341168,64
ITUB4,201912,0.104379863116496,65
JBSS3,201912,0.115758042992279,65
JHSF3,201912,0.202415388294912,61
JOPA3,201912,0.184238769406245,60
JPSA3,201912,0.143212082584863,64
JSLG3,201912,0.18274712140231,62
KEPL3,201912,0.221584181938328,59
KLBN11,201912,0.136221586051304,65
KLBN3,201912,0.0475355421160124,43
KLBN4,201912,0.0709753899204733,54
KROT11,201912,0.159695272771984,53
LAME3,201912,0.10758993127673,64
LAME4,201912,0.108816205906494,65
LCAM3,201912,0.122935507557683,66
LEVE3,201912,0.160065652642992,64
LIGT3,201912,0.110588552555616,65
LINX3,201912,0.132842236689288,66
LLIS3,201912,0.150635999747823,63
LOGG3,201912,0.130777401638071,64
LOGN3,201912,0.153670531646933,64
LPSB3,201912,0.159963220588062,65
LREN3,201912,0.100697032783117,65
LUPA3,201912,0.41602548896413,54
MDIA3,201912,0.110343484999735,65
MEAL3,201912,0.133290193807376,64
MERC4,201912,0.120340174861652,47
MGEL4,201912,0.107569536442735,47
MGLU3,201912,0.110002985961873,65
MILS3,201912,0.163335937127776,65
MMXM3,201912,0.409427486276495,54
MOAR3,201912,0.162138705046853,57
MOVI3,201912,0.176170661497392,65
MRFG3,201912,0.116445634049441,65
MRVE3,201912,0.111910359623319,65
MTSA4,201912,0.10932518442984,51
MULT3,201912,0.102756285491042,65
MYPK3,201912,0.125419178154593,64
NATU3,201912,0.102731363027907,50
NEOE3,201912,0.11396127913604,64
NTCO3,201912,0.108721249074043,65
ODPV3,201912,0.113987846807698,64
OFSA3,201912,0.171158152930031,63
OIBR3,201912,0.124379441149809,66
OIBR4,201912,0.114117086587017,59
OMGE3,201912,0.131759936933922,65
PARD3,201912,0.104652791781238,64
PCAR4,201912,0.120312075799863,65
PDGR3,201912,0.40062523562279,55
PETR3,201912,0.0933137339830024,65
PETR4,201912,0.100037302231168,66
PFRM3,201912,0.276610254997596,59
PINE4,201912,0.485024220744075,54
PMAM3,201912,0.239543808965238,58
PNVL3,201912,0.146919138067718,61
PNVL4,201912,0.116020960805849,61
POMO3,201912,0.242841242039023,50
POMO4,201912,0.135073664728313,64
POSI3,201912,0.250315265275592,60
PPLA11,201912,0.252951527499005,43
PRIO3,201912,0.16141142207586,63
PSSA3,201912,0.117883760187464,64
PTBL3,201912,0.218763550924702,57
PTNT4,201912,0.322071858101165,32
QUAL3,201912,0.13124609237617,65
RADL3,201912,0.097555194007333,65
RAIL3,201912,0.0929007633144592,65
RAPT3,201912,0.172236786382448,60
RAPT4,201912,0.144435462631422,64
RDNI3,201912,0.105401514996156,63
RENT3,201912,0.112558870054581,65
RLOG3,201912,0.132166934381298,64
RNEW11,201912,0.193698785904763,56
RNEW3,201912,0.0614370298347362,41
RNEW4,201912,0.195255408011963,41
ROMI3,201912,0.220044566169256,60
RPAD3,201912,0.182064323426686,60
RSID3,201912,0.269804992551103,54
SANB11,201912,0.0899666222001485,65
SAPR11,201912,0.14275631782155,65
SAPR3,201912,0.176380991539203,57
SAPR4,201912,0.126282166570906,61
SBSP3,201912,0.118289948387537,65
SCAR3,201912,0.233232424528115,61
SEER3,201912,0.141382074842206,65
SGPS3,201912,0.227560341304017,60
SHOW3,201912,0.155910122465908,62
SHUL4,201912,0.228912221901112,60
SLCE3,201912,0.170820026300545,64
SMLS3,201912,0.117071811004222,65
SMTO3,201912,0.125634289607912,65
SQIA3,201912,0.175457805616034,63
STBP3,201912,0.107734861549157,64
SULA11,201912,0.108836997352917,65
SUZB3,201912,0.104185483768654,65
TAEE11,201912,0.110547723247617,65
TASA4,201912,0.121234378607589,63
TCSA3,201912,0.143046159846101,64
TECN3,201912,0.203925315932469,60
TELB3,201912,0.56041170558067,54
TEND3,201912,0.13092488509555,65
TESA3,201912,0.143433940280461,58
TGMA3,201912,0.131397542902118,64
TIET11,201912,0.105010270250195,64
TIET3,201912,0.251405000457918,45
TIET4,201912,0.337482272936124,45
TIMP3,201912,0.0994352381519334,65
TOTS3,201912,0.116696549464863,65
TPIS3,201912,0.0998301803582359,57
TRIS3,201912,0.125042476193175,63
TRPL4,201912,0.115992714506526,62
TUPY3,201912,0.136703615981202,64
UCAS3,201912,0.128541815769125,63
UGPA3,201912,0.116707875674054,65
UNIP3,201912,0.174299290148162,60
UNIP6,201912,0.118841017484153,59
USIM3,201912,0.149970609209409,64
USIM5,201912,0.10403072727506,65
VALE3,201912,0.0963843945621518,66
VIVA3,201912,0.120098330707837,64
VIVR3,201912,0.197468691597623,14
VIVT3,201912,0.10676669651818,65
VIVT4,201912,0.100381791200714,65
VLID3,201912,0.125710261993527,61
VULC3,201912,0.155193187941632,62
VVAR3,201912,0.121976008557928,65
WEGE3,201912,0.0967607719186379,65
WHRL4,201912,0.288219306755377,52
WIZS3,201912,0.136992613357765,61
WLMM4,201912,0.327139801844224,32
YDUQ3,201912,0.127297417439568,65
AALR3,202001,0.0425422764245971,61
ABCB4,202001,0.0234395617267462,64
ABEV3,202001,0.00165038821944537,64
AGRO3,202001,0.0790008585526203,59
ALPA3,202001,0.0355231805862079,61
ALPA4,202001,0.0195226510092424,65
ALSO3,202001,0.0430292705267707,63
ALUP11,202001,0.0129180233048018,63
AMAR3,202001,0.0284817450463404,63
ANIM3,202001,0.00785177274794666,65
APER3,202001,0.00950641345358463,61
ARZZ3,202001,0.0327413197959936,63
AZEV4,202001,-0.00796482341344975,58
AZUL4,202001,0.030041475206218,64
B3SA3,202001,0.013160305660073,65
BAZA3,202001,0.0210547978835768,50
BBAS3,202001,0.0215801588109139,65
BBDC3,202001,0.00954993771095545,64
BBDC4,202001,0.0157370366322659,64
BBRK3,202001,0.0418557218220603,64
BBSE3,202001,0.00707816869341727,64
BBTG11,202001,-0.0230245258169638,49
BEEF11,202001,0.019939627384406,55
BEEF3,202001,0.0251486225141816,63
BEES3,202001,-0.0648686882768786,50
BIDI11,202001,0.0133309756795973,65
BIDI3,202001,0.0131479037729288,62
BIDI4,202001,0.0124667521133786,63
BIOM3,202001,-0.0264083419738844,48
BKBR3,202001,0.0166328684883989,63
BMGB4,202001,0.016763514815039,63
BPAC11,202001,0.0372029492895425,64
BPAN4,202001,0.0158989486120633,63
BRAP3,202001,0.0109707568811212,62
BRAP4,202001,0.0102367122547911,64
BRDT3,202001,0.0210820308661199,65
BRFS3,202001,0.00920195891830937,64
BRGE3,202001,0.0181840521117505,57
BRIV3,202001,-0.00507727510983534,57
BRKM5,202001,0.0114045654089929,63
BRML3,202001,0.0268518337580023,65
BRPR3,202001,0.0329483215011606,65
BRSR3,202001,0.0077414422385618,54
BRSR6,202001,0.010170701788402,63
BSEV3,202001,-0.0572199292416819,54
BTOW3,202001,0.00659578398927868,64
CAML3,202001,0.0017273416728998,64
CARD3,202001,0.0282068727687652,58
CCPR3,202001,0.0108720404800604,63
CCRO3,202001,0.00297077354790847,63
CEAB3,202001,0.0162493000536399,64
CEBR3,202001,0.0659770066065995,18
CEBR5,202001,0.0962722563427881,32
CEBR6,202001,0.0586559898114523,37
CEEB3,202001,0.0795517702168005,7
CEED3,202001,0.103970461820313,7
CEED4,202001,0.0827273374125586,7
CEPE3,202001,0.0848792195423817,5
CEPE5,202001,0.0933078127989748,20
CEPE6,202001,0.0942782707717833,18
CESP3,202001,0.0219627363593131,56
CESP6,202001,0.0183573033647351,64
CGAS3,202001,-0.0071612275497899,45
CGAS5,202001,0.0403353767414126,58
CGRA4,202001,0.0759416766485833,63
CIEL3,202001,0.0135581315940635,64
CLSC4,202001,0.021186426336386,61
CMIG3,202001,0.00207212792109035,63
CMIG4,202001,0.000691949838640124,65
CNTO3,202001,0.0532212270619446,63
COCE5,202001,0.0137578619230902,62
COGN3,202001,0.0238765946484961,65
CPFE3,202001,0.00685998340598049,64
CPLE3,202001,0.041528154074745,63
CPLE6,202001,0.0286300939054375,63
CPRE3,202001,0.0393481170830808,57
CRDE3,202001,0.0970472375414064,62
CRFB3,202001,0.00976106129330573,64
CRIV3,202001,-0.00360895563127763,57
CRIV4,202001,-0.0312155692575502,50
CRPG5,202001,0.116301683561056,62
CRPG6,202001,0.117684159866083,56
CSAN3,202001,0.015512451437623,65
CSMG3,202001,0.000370785270479196,65
CSNA3,202001,0.00063425260257848,63
CSRN3,202001,0.0948824941592418,7
CSRN5,202001,0.0685652544740554,7
CTNM4,202001,-0.000916242178705307,60
CTSA3,202001,-0.0963196451498344,50
CVCB3,202001,0.0192238266616833,65
CYRE3,202001,0.0500635024053317,64
DHBI4,202001,0.0191541668099958,12
DIRR3,202001,0.0507994253982802,62
DMMO11,202001,-0.0644459305877477,35
DMMO3,202001,0.013116578285919,58
DOHL4,202001,0.0666167627076684,8
DTEX3,202001,0.0339854731928514,65
EALT4,202001,0.113041223981745,53
ECOR3,202001,0.0343229304566152,64
EGIE3,202001,0.00349057031001491,64
ELET3,202001,0.030536521510096,65
ELET6,202001,0.024742845543052,65
EMAE4,202001,0.113969224419821,53
EMBR3,202001,0.015611845296452,63
ENAT3,202001,0.00243409577994958,64
ENBR3,202001,0.0361336018091785,64
ENEV3,202001,0.0198584312037624,65
ENGI11,202001,0.012161078362653,66
ENGI4,202001,0.0111309548925343,58
EQPA3,202001,0.0522200585128111,60
EQTL3,202001,0.0471088205903997,65
ETER3,202001,0.0111013755393957,56
EUCA3,202001,0.0691770249050081,50
EUCA4,202001,0.0281160702581991,63
EVEN3,202001,0.00994678788352519,63
EZTC3,202001,0.0124743410488703,63
FESA4,202001,0.0727246537738142,60
FHER3,202001,0.035150969552754,58
FLRY3,202001,0.0111951838771982,64
FRAS3,202001,-0.00757139980320365,60
GEPA3,202001,0.0378141521624308,38
GEPA4,202001,-0.0204951035771709,38
GFSA3,202001,0.0247875647308183,58
GGBR3,202001,0.0490060552506878,59
GGBR4,202001,0.0199474144751197,64
GNDI3,202001,0.0361940311348338,65
GOAU3,202001,0.00939795986177252,63
GOAU4,202001,0.00996598536405043,63
GOLL4,202001,0.0173459533708905,64
GPCP3,202001,0.0166549986425342,61
GRND3,202001,0.0161829493547698,62
GUAR3,202001,0.0351204122821332,64
HAPV3,202001,0.0152981783445148,64
HBOR3,202001,0.0353637976369916,63
HGTX3,202001,0.0251454835365445,65
HYPE3,202001,0.0464789641473123,65
IDNT3,202001,0.0425636104825541,57
IGTA3,202001,0.0201404045124398,65
IRBR3,202001,0.00698921210706634,64
ITSA3,202001,0.0156211309509875,62
ITSA4,202001,0.0188574405933299,65
ITUB3,202001,0.0288248868890706,63
ITUB4,202001,0.0119832681288727,64
JBSS3,202001,0.0265251844828226,64
JHSF3,202001,0.0238425282281819,62
JOPA3,202001,-0.0103355063256949,57
JPSA3,202001,0.0120728979808661,63
JSLG3,202001,0.0198311342308114,64
KEPL3,202001,0.0304668198926862,61
KLBN11,202001,-0.0176552356253199,63
KLBN3,202001,0.148910875464728,43
KLBN4,202001,0.0573629568083565,43
KROT11,202001,0.0115443619845612,55
LAME3,202001,0.0559642570760793,64
LAME4,202001,0.0168368854743845,64
LCAM3,202001,0.0469551026772821,65
LEVE3,202001,0.0255752409283943,63
LIGT3,202001,0.0384136289300601,64
LINX3,202001,0.0455939970306255,62
LLIS3,202001,0.00935652672667683,59
LOGG3,202001,0.0337938675268899,63
LOGN3,202001,0.0163184056014522,63
LPSB3,202001,0.0167398796566849,63
LREN3,202001,0.0184244784523373,65
LUPA3,202001,-0.0336517737902527,15
MDIA3,202001,0.0197903369806289,64
MEAL3,202001,0.0480201950048319,62
MGEL4,202001,0.0946797859793119,18
MGLU3,202001,0.0318047637139796,65
MILS3,202001,0.0294403785628743,64
MMXM3,202001,0.264575498397325,54
MOAR3,202001,0.000358418911311561,57
MOVI3,202001,0.00835578965341336,64
MRFG3,202001,0.0211528875271436,64
MRVE3,202001,0.0150099185452862,64
MTSA4,202001,-0.0374216418624565,50
MULT3,202001,0.0022524613945853,65
MYPK3,202001,0.0477542499752364,64
NATU3,202001,-0.0104491551161387,51
NEOE3,202001,0.0425968532020731,64
NTCO3,202001,0.019823184756871,65
ODPV3,202001,0.00220636427141161,61
OFSA3,202001,0.0177171819017406,62
OIBR3,202001,0.0284055556778007,66
OIBR4,202001,0.00597247903810306,60
OMGE3,202001,0.0346527616099702,65
PARD3,202001,0.0012722260071812,63
PCAR4,202001,0.00714081572372721,64
PDGR3,202001,0.186865656892415,54
PETR3,202001,0.00267828552771765,65
PETR4,202001,0.00756072777589708,65
PFRM3,202001,0.111503874159907,63
PINE4,202001,0.235702134306227,54
PMAM3,202001,0.0273494283993489,61
PNVL3,202001,-0.0119034308094478,59
PNVL4,202001,0.00669745667924445,59
POMO3,202001,0.0953801553717873,51
POMO4,202001,0.020386764253003,65
POSI3,202001,0.0168025644016913,62
PPLA11,202001,0.0120915281558355,45
PRIO3,202001,0.0218187680600361,60
PSSA3,202001,0.0216397226167413,64
PTBL3,202001,0.0190321315737182,61
PTNT4,202001,0.101267406192377,32
QUAL3,202001,0.0503784447186712,64
RADL3,202001,0.020223605987619,64
RAIL3,202001,0.0216058641376003,65
RAPT3,202001,-0.00458200652955404,57
RAPT4,202001,0.0340945708346313,63
RDNI3,202001,0.00816005099555378,59
RENT3,202001,0.0403832595475291,65
RLOG3,202001,0.0359681422204999,64
RNEW11,202001,-0.0503761082174435,55
RNEW3,202001,-0.0685195162495469,40
RNEW4,202001,-0.0645547597410412,40
ROMI3,202001,0.022555908675751,60
RPAD3,202001,-0.010552658756037,57
RSID3,202001,0.0224374513336435,53
SANB11,202001,0.0253420622210576,64
SANB4,202001,0.254248289861254,54
SAPR11,202001,0.0525945041640548,64
SAPR3,202001,0.0364544890189043,57
SAPR4,202001,0.00498505558446809,63
SBSP3,202001,0.0391457621283494,65
SCAR3,202001,0.015321653233762,61
SEER3,202001,0.0124537181231373,64
SGPS3,202001,0.0158514911037987,58
SHOW3,202001,0.0234434031189899,63
SHUL4,202001,0.0606097420978768,61
SLCE3,202001,0.0281069270044201,59
SMLS3,202001,0.0530966723426959,65
SMTO3,202001,0.0369026967055509,65
SQIA3,202001,0.0173539193358616,62
STBP3,202001,0.0142113446763922,64
SULA11,202001,0.051542968225289,65
SUZB3,202001,0.00654004324581169,65
TAEE11,202001,0.00362417071850949,64
TASA4,202001,0.0131880624464915,61
TCSA3,202001,0.0172996715483523,62
TECN3,202001,-0.00618544836547427,61
TELB3,202001,0.235453085082385,54
TEND3,202001,0.0452228138496089,64
TESA3,202001,0.0441351533277015,59
TGMA3,202001,0.0405532742225912,63
TIET11,202001,0.00418546490512635,63
TIET3,202001,-0.0322362099818206,43
TIET4,202001,-0.0603670296547552,43
TIMP3,202001,0.00563605154746831,64
TOTS3,202001,0.0201075162640422,64
TPIS3,202001,-0.0491245346418676,50
TRIS3,202001,0.00414324652305756,63
TRPL4,202001,0.000362702796629768,63
TUPY3,202001,0.0230150661349396,63
UCAS3,202001,0.0370180228322232,62
UGPA3,202001,0.042582216562889,64
UNIP3,202001,0.00319607522733879,60
UNIP6,202001,0.00964459393373096,60
USIM3,202001,0.00204322933353383,62
USIM5,202001,0.0177789333802839,64
VALE3,202001,0.0162805569214411,65
VIVA3,202001,0.0562254033022903,64
VIVT3,202001,0.00789886574107703,62
VIVT4,202001,-0.00178227230400464,63
VLID3,202001,0.00758810889392155,61
VULC3,202001,0.0495659808416923,62
VVAR3,202001,0.0513612644248646,64
WEGE3,202001,0.0276947813325456,63
WHRL4,202001,0.126398962978395,53
WIZS3,202001,0.0457835321231507,61
WLMM4,202001,0.0917446163589153,32
YDUQ3,202001,0.0389770301337354,64
AALR3,202002,-0.103728876629814,62
ABCB4,202002,-0.0963004124863395,65
ABEV3,202002,-0.0833221443937555,65
AGRO3,202002,-0.071503037668877,61
ALPA3,202002,-0.100957278829201,61
ALPA4,202002,-0.0802558257025787,65
ALSO3,202002,-0.100187050281334,63
ALUP11,202002,-0.0938885284743593,64
AMAR3,202002,-0.080215331205049,63
ANIM3,202002,-0.0800799889921484,65
APER3,202002,-0.0889740043091825,58
ARZZ3,202002,-0.081557581465683,65
AZEV4,202002,-0.0473858203981141,56
AZUL4,202002,-0.0825080336562054,64
B3SA3,202002,-0.078916062396624,65
BAZA3,202002,0.0822765129372418,49
BBAS3,202002,-0.0865371879705838,66
BBDC3,202002,-0.0788445582997914,64
BBDC4,202002,-0.0753832278652219,66
BBRK3,202002,-0.0867570181881629,64
BBSE3,202002,-0.0845669719923416,64
BBTG11,202002,-0.0720865822577537,48
BEEF11,202002,-0.0868296228292102,55
BEEF3,202002,-0.0974905767438233,64
BEES3,202002,-0.0817638330200498,48
BIDI11,202002,-0.0929247496067593,65
BIDI3,202002,-0.0957492033677744,61
BIDI4,202002,-0.0973745346329341,64
BIOM3,202002,-0.029902891811198,47
BKBR3,202002,-0.0836067623212102,64
BMGB4,202002,-0.0951665700561311,63
BPAC11,202002,-0.0831557257842626,64
BPAN4,202002,-0.09016814788374,63
BRAP3,202002,-0.0770337493654687,63
BRAP4,202002,-0.0855501340574314,64
BRDT3,202002,-0.0857808830720296,65
BRFS3,202002,-0.0862234611112029,65
BRGE3,202002,-0.101324418808001,54
BRIV3,202002,-0.111190756010456,54
BRKM5,202002,-0.0886609859457649,64
BRML3,202002,-0.0758269588407568,65
BRPR3,202002,-0.0879243853299398,65
BRSR3,202002,-0.113331672169105,53
BRSR6,202002,-0.0871223391385928,64
BSEV3,202002,-0.134242625022842,53
BTOW3,202002,-0.0839795675911655,64
CAML3,202002,-0.102392118662694,63
CARD3,202002,-0.0899823390587004,54
CCPR3,202002,-0.0875197567470633,63
CCRO3,202002,-0.0783137663648516,63
CEAB3,202002,-0.084834880630966,64
CEBR3,202002,-0.0170693088168342,18
CEBR5,202002,-0.023060208876786,31
CEBR6,202002,-0.0292545829191765,36
CEEB3,202002,0.0173855037190378,6
CEED3,202002,0.0160887915865341,6
CEED4,202002,0.0160887915865341,6
CEPE3,202002,0.0125177849225194,7
CEPE5,202002,-0.0158330796333231,19
CEPE6,202002,-0.0150016537049673,18
CESP3,202002,-0.0884503122933048,57
CESP6,202002,-0.0854238882846541,64
CGAS3,202002,-0.0537707604277442,45
CGAS5,202002,-0.0692851575153766,57
CGRA4,202002,-0.0395920284557746,64
CIEL3,202002,-0.0869809213092281,64
CLSC4,202002,-0.0868060637056585,60
CMIG3,202002,-0.0918331323641576,63
CMIG4,202002,-0.085202856664126,65
CNTO3,202002,-0.0772270909235396,64
COCE5,202002,-0.0905297973058734,62
COGN3,202002,-0.0805916189790609,65
CPFE3,202002,-0.0814647728568012,64
CPLE3,202002,-0.107305506551615,64
CPLE6,202002,-0.0708216737191592,64
CPRE3,202002,-0.0759307442839141,58
CRDE3,202002,-0.095828479671183,60
CRFB3,202002,-0.0886476861405674,64
CRIV3,202002,-0.111690769600064,54
CRIV4,202002,-0.0961599044272879,48
CRPG5,202002,-0.0211330545308204,58
CRPG6,202002,-0.0235109139505748,55
CSAN3,202002,-0.0785250293326944,65
CSMG3,202002,-0.086856649646039,65
CSNA3,202002,-0.0807162904337794,64
CSRN3,202002,-0.00439246505818921,6
CSRN5,202002,0.0125177849225194,7
CTNM4,202002,-0.109239028200142,57
CTSA3,202002,-0.0327853033808005,48
CVCB3,202002,-0.079957641465996,65
CYRE3,202002,-0.105156557904038,65
DHBI4,202002,-0.054148491726037,12
DIRR3,202002,-0.0844185630549725,64
DMMO11,202002,-0.0729381043779588,29
DMMO3,202002,-0.111739974600574,59
DOHL4,202002,-0.0785658575420765,7
DTEX3,202002,-0.0908365474293594,65
EALT4,202002,-0.0117625833695683,52
ECOR3,202002,-0.0978407561063417,64
EGIE3,202002,-0.0783564046322953,65
ELET3,202002,-0.0852691158383898,65
ELET6,202002,-0.0755701265955404,65
EMAE4,202002,-0.0167241516274304,52
EMBR3,202002,-0.0716492508912144,63
ENAT3,202002,-0.0878014633377604,64
ENBR3,202002,-0.0864573629970168,64
ENEV3,202002,-0.0853833048243516,65
ENGI11,202002,-0.0866728930500045,66
ENGI4,202002,-0.0940404026453982,61
EQPA3,202002,-0.073850719702526,59
EQTL3,202002,-0.0652455640611249,65
ETER3,202002,-0.137071872885047,53
EUCA4,202002,-0.0776686452340598,64
EVEN3,202002,-0.0974653567521232,64
EZTC3,202002,-0.0809847219769692,63
FESA4,202002,-0.0394838655956408,61
FHER3,202002,-0.140884787679501,59
FLRY3,202002,-0.0889349627753133,64
FRAS3,202002,-0.066700378013082,60
GEPA3,202002,-0.0310814676651628,37
GEPA4,202002,-0.0243493906863467,37
GFSA3,202002,-0.108352407022264,60
GGBR3,202002,-0.0763644693426821,60
GGBR4,202002,-0.0799394869180037,65
GNDI3,202002,-0.0619283657678581,65
GOAU3,202002,-0.0858927453225706,64
GOAU4,202002,-0.0870734841403617,64
GOLL4,202002,-0.0772909180207143,65
GPCP3,202002,-0.0812963944697342,58
GRND3,202002,-0.0912948655166033,63
GUAR3,202002,-0.103913481283496,64
HAPV3,202002,-0.0814903167610356,65
HBOR3,202002,-0.094140518435836,64
HGTX3,202002,-0.0835801257621235,65
HYPE3,202002,-0.0598695556457203,65
IDNT3,202002,-0.101382848935731,58
IDVL3,202002,-0.145337982399118,53
IGTA3,202002,-0.0830095955479543,65
IMCH3,202002,-0.0827748238673848,43
IRBR3,202002,-0.0772783286949593,64
ITSA3,202002,-0.0914485763889338,60
ITSA4,202002,-0.0766689614461379,65
ITUB3,202002,-0.0814905251396883,63
ITUB4,202002,-0.0923522385280805,65
JBSS3,202002,-0.0932735840646845,65
JHSF3,202002,-0.0914094684915438,63
JOPA3,202002,-0.106924089641593,54
JPSA3,202002,-0.0938005192236501,63
JSLG3,202002,-0.0903508373273171,65
KEPL3,202002,-0.0718384474555576,59
KLBN11,202002,-0.0796081845427386,64
KLBN3,202002,-0.043961098466681,42
KLBN4,202002,-0.068959138776016,53
KROT11,202002,-0.106137326349403,54
LAME3,202002,-0.0776091048838816,64
LAME4,202002,-0.084546776957039,66
LCAM3,202002,-0.0742310046525685,64
LEVE3,202002,-0.0891082044441527,64
LIGT3,202002,-0.0747270107031705,65
LINX3,202002,-0.103019497653851,63
LLIS3,202002,-0.105954514372812,59
LOGG3,202002,-0.0965339003797119,64
LOGN3,202002,-0.104756258855948,64
LPSB3,202002,-0.0885392308043901,63
LREN3,202002,-0.0781231994884826,65
LUPA3,202002,-0.121066668882892,15
LWSA3,202002,-0.0882616883202265,64
MDIA3,202002,-0.0898082186947736,65
MDNE3,202002,-0.0980877279640017,65
MEAL3,202002,-0.103362938899383,61
MGEL4,202002,-0.0326066204338094,18
MGLU3,202002,-0.0704075656968141,66
MILS3,202002,-0.0869175755190276,65
MMXM3,202002,-0.147107961566328,53
MOAR3,202002,-0.0796263564478383,56
MOVI3,202002,-0.103533934371973,65
MRFG3,202002,-0.0707842789314886,64
MRVE3,202002,-0.0873815742661201,64
MTRE3,202002,-0.082419465853842,63
MTSA4,202002,-0.0705923187604906,48
MULT3,202002,-0.0884529132448517,66
MYPK3,202002,-0.100299871179035,64
NATU3,202002,-0.0795592227479201,49
NEOE3,202002,-0.0912781388223074,65
NTCO3,202002,-0.0671939835063461,65
ODPV3,202002,-0.0974364209760306,62
OFSA3,202002,-0.0753470797725394,59
OIBR3,202002,-0.0802381497030955,66
OIBR4,202002,-0.0524991192190861,50
OMGE3,202002,-0.0919683383338548,64
PARD3,202002,-0.0912830624286891,64
PCAR4,202002,-0.0855208191967203,64
PDGR3,202002,-0.143487087295114,53
PETR3,202002,-0.0842109446125958,65
PETR4,202002,-0.0811773272382089,65
PFRM3,202002,-0.0126244022186351,58
PINE4,202002,-0.146897762491747,53
PMAM3,202002,-0.0725498366231692,61
PNVL3,202002,-0.108704367254391,59
PNVL4,202002,-0.0904623470433053,60
POMO3,202002,-0.0369401927391215,51
POMO4,202002,-0.0951195320380247,66
POSI3,202002,-0.0973927556477785,59
PPLA11,202002,-0.0644438099141824,62
PRIO3,202002,-0.0793810348127038,61
PRNR3,202002,-0.0817818975330787,60
PSSA3,202002,-0.0736589072817156,64
PTBL3,202002,-0.0716749237239885,61
PTNT4,202002,-0.024358834601811,31
QUAL3,202002,-0.0880172360494572,63
RADL3,202002,-0.0786565352838032,64
RAIL3,202002,-0.0804060785038062,66
RANI3,202002,-0.119173613681459,53
RAPT3,202002,-0.108458851657865,54
RAPT4,202002,-0.0937945641324579,64
RDNI3,202002,-0.0881921871287359,60
RENT3,202002,-0.0710759417349913,65
RLOG3,202002,-0.0838140843355012,64
RNEW11,202002,-0.0407182636814162,43
RNEW3,202002,0.00329014864719001,43
RNEW4,202002,0.0233725254183421,43
ROMI3,202002,-0.0790678912598449,61
RPAD3,202002,-0.116328638441907,54
RSID3,202002,-0.0768831336963678,58
SANB11,202002,-0.0731449280021685,65
SANB4,202002,-0.159487074108359,53
SAPR11,202002,-0.07041334158816,65
SAPR3,202002,-0.0491898185352526,58
SAPR4,202002,-0.0950427580307841,64
SBSP3,202002,-0.0993814726246045,66
SCAR3,202002,-0.0784520675775134,62
SEER3,202002,-0.0909348512922218,64
SGPS3,202002,-0.0810867184362635,58
SHOW3,202002,-0.0794750965968822,63
SHUL4,202002,-0.0873948078680063,62
SLCE3,202002,-0.0942178364036935,61
SMLE3,202002,-0.0852867104466104,49
SMLS3,202002,-0.0633864458525104,65
SMTO3,202002,-0.0842447173402433,65
SQIA3,202002,-0.0814257174156443,62
STBP3,202002,-0.0857719880813411,64
SULA11,202002,-0.0597979095094281,65
SUZB3,202002,-0.0869505270818896,65
TAEE11,202002,-0.0942767602340347,65
TASA4,202002,-0.092288038667401,60
TCSA3,202002,-0.0949014820315491,63
TECN3,202002,-0.0586117868974653,61
TELB3,202002,-0.133936507579873,53
TEND3,202002,-0.084791373028338,65
TESA3,202002,-0.0970842167159719,61
TGMA3,202002,-0.103133323041424,63
TIET11,202002,-0.092885049262791,63
TIET3,202002,-0.0802218746224484,42
TIET4,202002,-0.0793622957470358,42
TIMP3,202002,-0.0836688556532371,64
TOTS3,202002,-0.0799000578956221,64
TPIS3,202002,-0.064001847739976,57
TRIS3,202002,-0.0966771273555405,64
TRPL4,202002,-0.0848775733724527,64
TUPY3,202002,-0.082135880570101,64
UCAS3,202002,-0.0931407116576962,62
UGPA3,202002,-0.0866371365986503,64
UNIP3,202002,-0.0905389606656401,58
UNIP6,202002,-0.0967025069172122,62
USIM3,202002,-0.0744480261657981,64
USIM5,202002,-0.0862811257369366,64
VALE3,202002,-0.0787482063455378,66
VIVA3,202002,-0.0841881783195265,64
VIVR3,202002,-0.0706084824867295,19
VIVT3,202002,-0.0870484971069116,63
VIVT4,202002,-0.0781559605885949,63
VLID3,202002,-0.0948957851008146,62
VULC3,202002,-0.0672277236034822,62
VVAR3,202002,-0.0774067418920597,65
WEGE3,202002,-0.0774777931274039,64
WHRL4,202002,-0.0148700871652316,58
WIZS3,202002,-0.102737274729448,62
WLMM4,202002,-0.0407514377839586,31
YDUQ3,202002,-0.0715822152730444,65
AALR3,202003,-0.398145011367067,60
ABCB4,202003,-0.311758448976422,62
ABEV3,202003,-0.30361719148559,64
AGRO3,202003,-0.429371829081834,59
ALPA3,202003,-0.315206404644512,59
ALPA4,202003,-0.349627652899999,63
ALSO3,202003,-0.390219924569873,61
ALUP11,202003,-0.326309331924539,62
AMAR3,202003,-0.362792129468213,61
ANIM3,202003,-0.343068585558615,63
APER3,202003,-0.350056485319708,57
ARZZ3,202003,-0.346573173809801,62
AZEV4,202003,-0.297256981724224,57
AZUL4,202003,-0.36275609544874,63
B3SA3,202003,-0.320943009075481,65
BAZA3,202003,-0.213122782555194,52
BBAS3,202003,-0.322781745411558,64
BBDC3,202003,-0.319576612175711,62
BBDC4,202003,-0.313134371878038,64
BBRK3,202003,-0.343632630233308,62
BBSE3,202003,-0.287137465801263,62
BBTG11,202003,-0.306758924166777,48
BEEF11,202003,-0.344114827812151,56
BEEF3,202003,-0.307628666104807,63
BEES3,202003,-0.253956565494432,52
BIDI11,202003,-0.361405594412973,63
BIDI3,202003,-0.353397295269666,59
BIDI4,202003,-0.3534063595119,62
BIOM3,202003,-0.44339471159209,6
BKBR3,202003,-0.356101669663483,62
BMGB4,202003,-0.34179096612769,60
BOBR4,202003,-0.269408848436454,57
BPAC11,202003,-0.359258284971408,64
BPAN4,202003,-0.356020569849087,61
BRAP3,202003,-0.298278650013449,60
BRAP4,202003,-0.338921191415607,63
BRDT3,202003,-0.325645414971292,63
BRFS3,202003,-0.309887045753727,63
BRGE3,202003,-0.240946329865952,57
BRIV3,202003,-0.267987613770207,57
BRIV4,202003,-0.15943130802536,5
BRKM5,202003,-0.292875332996292,62
BRML3,202003,-0.360375483447144,64
BRPR3,202003,-0.356667352728547,64
BRSR3,202003,-0.280180390513278,54
BRSR6,202003,-0.328051993869908,62
BTOW3,202003,-0.31080302211516,63
CAML3,202003,-0.334451223901266,61
CARD3,202003,-0.300736946571213,59
CCPR3,202003,-0.308055238685103,61
CCRO3,202003,-0.30847335753351,63
CEAB3,202003,-0.305822696465013,62
CEBR3,202003,-0.253164573475664,19
CEBR5,202003,-0.272819736971702,29
CEBR6,202003,-0.273009354125577,36
CEEB3,202003,-0.0777592295085751,6
CEED3,202003,-0.109504549293344,6
CEED4,202003,-0.109504549293344,6
CEPE3,202003,-0.085105624093202,7
CEPE5,202003,-0.275299931426341,20
CEPE6,202003,-0.288679129987678,19
CESP3,202003,-0.297312586456933,52
CESP6,202003,-0.339021988877811,62
CGAS3,202003,-0.353342491101813,43
CGAS5,202003,-0.343693338670819,53
CGRA4,202003,-0.260281174406602,62
CIEL3,202003,-0.300278566336715,63
CLSC4,202003,-0.349165445151328,59
CMIG3,202003,-0.307508250760605,61
CMIG4,202003,-0.309182036816103,64
CNTO3,202003,-0.330852366585464,62
COCE5,202003,-0.346804356923569,60
COGN3,202003,-0.330542086986103,65
CPFE3,202003,-0.297037828015204,62
CPLE3,202003,-0.401228997859075,62
CPLE6,202003,-0.300588809113311,62
CPRE3,202003,-0.319006668732145,55
CRDE3,202003,-0.354597008010233,60
CRFB3,202003,-0.321363937277358,63
CRIV3,202003,-0.255883708929052,57
CRIV4,202003,-0.287059257190589,52
CRPG5,202003,-0.247165606046302,54
CRPG6,202003,-0.244261566352042,29
CSAN3,202003,-0.342531118875968,64
CSMG3,202003,-0.31402319817646,64
CSNA3,202003,-0.297198282947562,62
CSRN3,202003,-0.0697246072016408,6
CSRN5,202003,-0.085105624093202,7
CTNM4,202003,-0.237630748962987,60
CTSA3,202003,-0.268398469501435,52
CVCB3,202003,-0.325378309821626,65
CYRE3,202003,-0.386804986249981,63
DHBI4,202003,-0.240895497730627,13
DIRR3,202003,-0.391693830108846,61
DMMO11,202003,-0.361120267205148,30
DMMO3,202003,-0.323489138735638,55
DOHL4,202003,-0.539568955195679,6
DTEX3,202003,-0.317509143479802,62
EALT4,202003,-0.237918277304255,54
ECOR3,202003,-0.393829742979874,62
EGIE3,202003,-0.278336834216787,63
ELET3,202003,-0.341008049543652,63
ELET6,202003,-0.327111896820056,64
EMAE4,202003,-0.24701894775672,58
EMBR3,202003,-0.301530313726666,61
ENAT3,202003,-0.308917228931665,62
ENBR3,202003,-0.341423505053501,63
ENEV3,202003,-0.356854985369394,63
ENGI11,202003,-0.310388390848767,63
ENGI4,202003,-0.35115578839302,59
EQPA3,202003,-0.324691546833143,60
EQTL3,202003,-0.348624260008585,64
ETER3,202003,-0.210414114940494,52
EUCA4,202003,-0.344689401419214,63
EVEN3,202003,-0.378592997928242,61
EZTC3,202003,-0.329560883576113,62
FBMC4,202003,-0.129261526157911,5
FESA4,202003,-0.247223869997336,61
FHER3,202003,-0.405971944323792,55
FLRY3,202003,-0.317926595938078,63
FRAS3,202003,-0.311439888258644,59
GEPA3,202003,-0.217025187901046,37
GEPA4,202003,-0.238336301101492,37
GFSA3,202003,-0.38361932559371,60
GGBR3,202003,-0.264069016893208,56
GGBR4,202003,-0.301457866135978,64
GNDI3,202003,-0.31773621192273,64
GOAU3,202003,-0.30530376633381,61
GOAU4,202003,-0.312438111174297,62
GOLL4,202003,-0.355355227165926,62
GPCP3,202003,-0.439492832448041,53
GRND3,202003,-0.3475259459237,60
GUAR3,202003,-0.386485206764888,62
HAPV3,202003,-0.328565811674588,63
HBOR3,202003,-0.36749439152915,61
HGTX3,202003,-0.360815526071637,63
HYPE3,202003,-0.323806544684029,63
IDNT3,202003,-0.40953456595796,57
IGTA3,202003,-0.369565490278044,64
IMCH3,202003,-0.383214431147813,45
IRBR3,202003,-0.367708646744229,63
ITSA3,202003,-0.288313598788316,60
ITSA4,202003,-0.287029767785032,63
ITUB3,202003,-0.278418001626889,61
ITUB4,202003,-0.314147210583944,64
JBSS3,202003,-0.359336349880856,63
JHSF3,202003,-0.375967732131888,61
JOPA3,202003,-0.285841989578856,57
JPSA3,202003,-0.341804043666779,61
JSLG3,202003,-0.341424799327284,63
KEPL3,202003,-0.333562458405578,61
KLBN11,202003,-0.311128337239503,63
KLBN3,202003,-0.183468326877199,24
KLBN4,202003,-0.161833519148789,24
KROT11,202003,-0.291013560812576,57
LAME3,202003,-0.35904867418647,63
LAME4,202003,-0.32367568349318,64
LCAM3,202003,-0.331440341661492,62
LEVE3,202003,-0.325465617698119,63
LIGT3,202003,-0.327131793943996,63
LINX3,202003,-0.386526963979686,61
LLIS3,202003,-0.308270407833017,58
LOGG3,202003,-0.370089556090764,62
LOGN3,202003,-0.382813253975008,62
LPSB3,202003,-0.358739073916547,61
LREN3,202003,-0.322713864416288,64
LUPA3,202003,-0.382575473375679,15
LWSA3,202003,-0.365663029184916,62
MDIA3,202003,-0.337227829100945,63
MDNE3,202003,-0.378872568348664,62
MEAL3,202003,-0.382792533505008,61
MGEL4,202003,-0.199601073607095,22
MGLU3,202003,-0.344015100145911,64
MILS3,202003,-0.36856219063628,62
MNPR3,202003,-0.155187181940059,5
MOAR3,202003,-0.299015798109252,57
MOVI3,202003,-0.338916913837403,62
MRFG3,202003,-0.298723716800747,63
MRVE3,202003,-0.365665621355621,63
MTIG4,202003,-0.168237457743928,5
MTRE3,202003,-0.318878209189109,61
MTSA4,202003,-0.273265079960547,52
MULT3,202003,-0.324954776778042,64
MYPK3,202003,-0.383230324993605,62
NATU3,202003,-0.399745619084718,50
NEOE3,202003,-0.377403127423006,61
NTCO3,202003,-0.351359143602467,63
ODPV3,202003,-0.317603146988213,62
OFSA3,202003,-0.317137596657982,61
OIBR3,202003,-0.339651017697158,64
OIBR4,202003,-0.198718890940026,53
OMGE3,202003,-0.284879668405725,62
PARD3,202003,-0.317662583436885,61
PCAR3,202003,-0.336709322242688,62
PCAR4,202003,-0.382876427326285,52
PEAB3,202003,-0.232741069172541,5
PEAB4,202003,-0.193922126837183,5
PETR3,202003,-0.315969455921153,63
PETR4,202003,-0.348597938573018,64
PFRM3,202003,-0.344722285022963,57
PMAM3,202003,-0.339405783963118,51
PNVL3,202003,-0.42364211100163,60
PNVL4,202003,-0.311912979622088,58
POMO3,202003,-0.248102686043442,57
POMO4,202003,-0.311922685804912,65
POSI3,202003,-0.357233812138857,58
PPLA11,202003,-0.348644213486322,51
PRIO3,202003,-0.338684682312705,61
PRNR3,202003,-0.301982923860976,57
PSSA3,202003,-0.287175495549633,62
PTBL3,202003,-0.327719524074306,52
PTNT4,202003,-0.23923268265982,54
QUAL3,202003,-0.365993860731506,64
RADL3,202003,-0.307641960304245,63
RAIL3,202003,-0.330553972339673,64
RANI3,202003,-0.320208187228477,58
RAPT3,202003,-0.232120862877332,57
RAPT4,202003,-0.351524479108198,62
RDNI3,202003,-0.30273917528541,58
RENT3,202003,-0.355664982143067,64
RLOG3,202003,-0.325487414757692,62
RNEW11,202003,-0.365665881440401,39
ROMI3,202003,-0.342011044743393,60
RPAD3,202003,-0.26424008446239,57
RSID3,202003,-0.289264880287629,54
SANB11,202003,-0.34394230158375,64
SAPR11,202003,-0.331949018173834,64
SAPR3,202003,-0.315249955205792,55
SAPR4,202003,-0.32179672048389,62
SBSP3,202003,-0.373715187873551,64
SCAR3,202003,-0.3537993457645,61
SEER3,202003,-0.35187521308241,63
SGPS3,202003,-0.329328315306462,59
SHOW3,202003,-0.320300731547306,61
SHUL4,202003,-0.363814213211207,61
SLCE3,202003,-0.3478632392195,61
SMLE3,202003,-0.325365252838038,50
SMLS3,202003,-0.285341813346221,63
SMTO3,202003,-0.323004806043321,63
SQIA3,202003,-0.342829306838357,60
STBP3,202003,-0.330295575008892,62
SULA11,202003,-0.322090106849954,63
SUZB3,202003,-0.31068335373541,65
TAEE11,202003,-0.30014744642336,63
TASA4,202003,-0.335439682986611,60
TCSA3,202003,-0.360219458307107,61
TECN3,202003,-0.291023478962803,61
TEND3,202003,-0.359070145587874,62
TESA3,202003,-0.35833967410461,60
TGMA3,202003,-0.39539019519922,62
TIET11,202003,-0.324623728493097,62
TIET3,202003,-0.32813050841368,53
TIET4,202003,-0.321154743370936,54
TIMP3,202003,-0.310197925154174,63
TOTS3,202003,-0.303560773581739,62
TPIS3,202003,-0.302321804395778,57
TRIS3,202003,-0.389187893469404,62
TRPL4,202003,-0.297529391389279,62
TUPY3,202003,-0.335148353953557,62
UCAS3,202003,-0.353720210135001,61
UGPA3,202003,-0.385190764687861,63
UNIP3,202003,-0.263055885800145,58
UNIP6,202003,-0.338563833162032,61
USIM3,202003,-0.26291645791338,60
USIM5,202003,-0.324699676285723,62
VALE3,202003,-0.33420189605006,64
VIVA3,202003,-0.370406560735848,61
VIVT3,202003,-0.323297351307538,61
VIVT4,202003,-0.288984812115036,62
VLID3,202003,-0.325292104714413,61
VULC3,202003,-0.319687002253546,61
VVAR3,202003,-0.325089484407058,63
WEGE3,202003,-0.301642002847972,63
WHRL4,202003,-0.254406249474095,58
WIZS3,202003,-0.409539928782213,61
WLMM4,202003,-0.251380746718991,29
YDUQ3,202003,-0.334233057849519,63
AALR3,202004,0.129212371004148,56
ABCB4,202004,0.172248274618158,61
ABEV3,202004,0.129131686715889,64
AGRO3,202004,0.128956369629488,59
ALPA3,202004,0.0961024914060798,58
ALPA4,202004,0.110218260359773,62
ALSO3,202004,0.150432182326158,62
ALUP11,202004,0.159841242397257,60
AMAR3,202004,0.147748782560488,60
ANIM3,202004,0.105655339014624,62
APER3,202004,0.13579779032898,56
ARZZ3,202004,0.156849007498131,61
AZEV4,202004,0.110814605240123,56
AZUL4,202004,0.1303855967897,62
B3SA3,202004,0.148425065075453,63
BAZA3,202004,-0.0394292138254457,52
BBAS3,202004,0.120290285432336,63
BBDC3,202004,0.114329590569535,62
BBDC4,202004,0.129716380001222,63
BBRK3,202004,0.0902654678653916,61
BBSE3,202004,0.0964474600788168,62
BBTG11,202004,0.0809740960345698,48
BEEF11,202004,0.159910072178801,59
BEEF3,202004,0.144162582400709,62
BEES3,202004,0.079080412337779,52
BIDI11,202004,0.119248843245347,61
BIDI3,202004,0.109220649075276,58
BIDI4,202004,0.117520726899901,61
BIOM3,202004,0.0584749271176259,6
BKBR3,202004,0.114292365678988,61
BMGB4,202004,0.0942188164142492,60
BOBR4,202004,0.0348639398295012,52
BPAC11,202004,0.15437637149918,63
BPAN4,202004,0.172180486361405,60
BRAP3,202004,0.059866383063792,60
BRAP4,202004,0.191484483596192,62
BRDT3,202004,0.117759640901121,62
BRFS3,202004,0.106788771605533,62
BRGE3,202004,0.103030581098928,56
BRIV3,202004,0.131434890819259,56
BRIV4,202004,0.0744275241437066,5
BRKM5,202004,0.146270218026253,61
BRML3,202004,0.111375936701905,62
BRPR3,202004,0.132216090940547,62
BRSR3,202004,0.131661880091305,54
BRSR6,202004,0.122895695752351,61
BTOW3,202004,0.143780116830448,62
CAML3,202004,0.151083126213031,60
CARD3,202004,0.0804760773440265,58
CCPR3,202004,0.158208986671039,60
CCRO3,202004,0.127285203688274,63
CEAB3,202004,0.136320941565038,61
CEBR3,202004,0.143746636934074,18
CEBR5,202004,0.0883869343447899,31
CEBR6,202004,0.138941434292025,37
CEEB3,202004,0.0103443948780971,5
CEED3,202004,0.0107098878042204,5
CEED4,202004,0.0107098878042204,5
CEPE3,202004,0.0083363443238491,6
CEPE5,202004,0.132570684808913,20
CEPE6,202004,0.130352195104464,19
CESP3,202004,0.135960287087989,52
CESP6,202004,0.0954193083249301,61
CGAS3,202004,0.129996776284577,44
CGAS5,202004,0.207981686992935,53
CGRA4,202004,0.141774278491248,60
CIEL3,202004,0.0795186474108526,61
CLSC4,202004,0.228162566514446,58
CMIG3,202004,0.119769543943024,61
CMIG4,202004,0.0962959459519189,63
CNTO3,202004,0.188554286500522,61
COCE5,202004,0.123634749480789,60
COGN3,202004,0.150640609957793,64
CPFE3,202004,0.135434856134615,62
CPLE3,202004,0.1405903688254,60
CPLE6,202004,0.127490788447902,62
CPRE3,202004,0.118940370600825,54
CRDE3,202004,0.145792019308949,60
CRFB3,202004,0.152047070223042,62
CRIV3,202004,0.118493321892452,56
CRIV4,202004,0.0953929838439114,52
CRPG5,202004,0.0427377195317315,53
CRPG6,202004,0.0418865543943592,31
CSAN3,202004,0.11576552536912,62
CSMG3,202004,0.109680810511336,62
CSNA3,202004,0.161273501304139,61
CSRN3,202004,0.0113426041199802,5
CSRN5,202004,0.00833634432384909,6
CTNM4,202004,0.130210650734984,59
CTSA3,202004,0.0987066633477436,52
CVCB3,202004,0.137459810166018,64
CYRE3,202004,0.125499370225061,62
DHBI4,202004,0.095692270443797,12
DIRR3,202004,0.141456928773858,60
DMMO11,202004,0.157915179343628,37
DMMO3,202004,0.111644598371349,60
DOHL4,202004,0.28178548182241,6
DTEX3,202004,0.16810240452593,61
EALT4,202004,0.0883225518461692,53
ECOR3,202004,0.130682452413566,62
EGIE3,202004,0.110281942328083,62
ELET3,202004,0.10624927881845,62
ELET6,202004,0.0954783733421678,63
EMAE4,202004,0.0556942221281751,53
EMBR3,202004,0.125418152687449,61
ENAT3,202004,0.129955743497587,61
ENBR3,202004,0.102613327759174,62
ENEV3,202004,0.118963027284934,62
ENGI11,202004,0.145667222312256,62
ENGI4,202004,0.084497419393179,58
EQPA3,202004,0.0584788942547032,59
EQTL3,202004,0.134579276456713,62
EUCA4,202004,0.209485177774278,61
EVEN3,202004,0.147689236891116,60
EZTC3,202004,0.154369175400828,60
FBMC4,202004,0.0695495543370939,5
FESA4,202004,0.038402549173506,60
FLRY3,202004,0.161366985089202,62
FRAS3,202004,0.0990388656188951,58
GEPA3,202004,0.0373412892892031,36
GEPA4,202004,0.0398039412468327,36
GFSA3,202004,0.121627627966145,60
GGBR3,202004,0.0967287502667895,55
GGBR4,202004,0.150445982072724,63
GNDI3,202004,0.123596667132224,62
GOAU3,202004,0.100077184097326,60
GOAU4,202004,0.116050966019254,62
GOLL4,202004,0.155062612865958,62
GPCP3,202004,0.326994328515453,6
GRND3,202004,0.120077399268411,60
GUAR3,202004,0.120134234109338,62
HAPV3,202004,0.156388905942199,62
HBOR3,202004,0.11609696418906,60
HGTX3,202004,0.120943437808254,62
HYPE3,202004,0.134078342578405,62
IDNT3,202004,0.1278399969974,56
IGTA3,202004,0.103498033444096,62
IRBR3,202004,0.114095569432826,62
ITSA3,202004,0.0290352750602854,60
ITSA4,202004,0.108402315125901,62
ITUB3,202004,0.0895664125897956,60
ITUB4,202004,0.147558335246235,63
JBSS3,202004,0.152919485196837,62
JHSF3,202004,0.154680495758694,60
JOPA3,202004,0.127721188189158,56
JPSA3,202004,0.104399934874222,61
JSLG3,202004,0.16035673127562,62
KEPL3,202004,0.164494127466423,60
KLBN11,202004,0.112003948144933,62
KLBN3,202004,0.0898724315527623,25
KLBN4,202004,0.109060762286799,25
KROT11,202004,0.119086897402235,56
LAME3,202004,0.121263953494597,62
LAME4,202004,0.146665778774739,62
LCAM3,202004,0.122562327760103,62
LEVE3,202004,0.162601600307785,62
LIGT3,202004,0.150287599652647,62
LINX3,202004,0.135293469766121,60
LLIS3,202004,0.144705716867997,55
LOGG3,202004,0.142258416555265,61
LOGN3,202004,0.156751359663726,61
LPSB3,202004,0.104709930132687,60
LREN3,202004,0.131962684625489,62
LUPA3,202004,0.187455110463249,15
LWSA3,202004,0.11681076582998,60
MDIA3,202004,0.176621083912114,62
MDNE3,202004,0.132242999993635,62
MEAL3,202004,0.128892177404225,60
MGEL4,202004,0.111047356647516,21
MGLU3,202004,0.17030766794665,62
MILS3,202004,0.188675757308902,61
MNPR3,202004,0.0770941924019002,5
MOAR3,202004,0.0534969547497147,56
MOVI3,202004,0.174831121833783,62
MRFG3,202004,0.155625787116449,62
MRVE3,202004,0.102732842293017,62
MTIG4,202004,0.0695495543370939,5
MTRE3,202004,0.111288647024876,61
MTSA4,202004,0.0918668848955227,52
MULT3,202004,0.148848568927217,62
MYPK3,202004,0.132462927239857,61
NATU3,202004,0.164100342563803,50
NEOE3,202004,0.116356768981802,61
NTCO3,202004,0.124272974509748,62
ODPV3,202004,0.15210011338016,61
OFSA3,202004,0.125683441117203,60
OIBR3,202004,0.150637414346767,62
OIBR4,202004,0.0498146912552804,53
OMGE3,202004,0.145116394186425,62
PARD3,202004,0.138611739222741,60
PCAR3,202004,0.106494819185452,62
PEAB3,202004,0.111887224877694,5
PEAB4,202004,0.0255166747688121,5
PETR3,202004,0.126610380983361,62
PETR4,202004,0.122228755087381,63
PFRM3,202004,0.138344595929815,57
PMAM3,202004,0.216681300559783,50
PNVL3,202004,0.162514933075952,59
PNVL4,202004,0.0764616249468198,56
POMO3,202004,0.0865617626684381,57
POMO4,202004,0.159608964613187,62
POSI3,202004,0.133847253731514,60
PPLA11,202004,0.136084140123682,51
PRIO3,202004,0.162939188276478,60
PRNR3,202004,0.113401133971648,56
PSSA3,202004,0.132211007823415,61
PTBL3,202004,0.131827477854789,57
PTNT4,202004,0.0785892592853838,53
QUAL3,202004,0.129114251343337,63
RADL3,202004,0.149294309923656,62
RAIL3,202004,0.150468372140825,63
RANI3,202004,0.11056990382344,58
RAPT3,202004,0.0889168341746424,56
RAPT4,202004,0.172254417023531,61
RDNI3,202004,0.11640125839115,56
RENT3,202004,0.169727676279202,62
RLOG3,202004,0.158042552317314,61
RNEW11,202004,0.157823620499735,43
ROMI3,202004,0.016195408502638,52
RPAD3,202004,0.134167821978462,56
SANB11,202004,0.189079810464279,62
SAPR11,202004,0.153316853891414,62
SAPR3,202004,0.142330330229701,54
SAPR4,202004,0.146153872439192,62
SBSP3,202004,0.13068087003763,63
SCAR3,202004,0.207124012309381,60
SEER3,202004,0.180593807011373,61
SGPS3,202004,0.201003822636307,59
SHOW3,202004,0.128617753510208,60
SHUL4,202004,0.127272887615919,61
SLCE3,202004,0.174751736498078,60
SMLE3,202004,0.127074552092698,28
SMLS3,202004,0.117828882191961,62
SMTO3,202004,0.141742260074253,62
SQIA3,202004,0.14499754971258,60
STBP3,202004,0.144749469368286,62
SULA11,202004,0.113588467556888,63
SUZB3,202004,0.136034846671067,63
TAEE11,202004,0.131578413842663,62
TASA4,202004,0.170882341592644,58
TCSA3,202004,0.103918860398201,60
TECN3,202004,0.0758649925535771,60
TEND3,202004,0.146815330536287,62
TESA3,202004,0.226267147083737,59
TGMA3,202004,0.140864973916215,60
TIET11,202004,0.121433089712657,61
TIET3,202004,0.108820057957333,54
TIET4,202004,0.100386182655879,54
TIMP3,202004,0.10680805592689,62
TOTS3,202004,0.141144971464432,62
TPIS3,202004,0.135778181040011,57
TRIS3,202004,0.156054695719083,61
TRPL4,202004,0.109720824625886,61
TUPY3,202004,0.128697390056718,61
UCAS3,202004,0.137998923610457,58
UGPA3,202004,0.119700236415796,63
UNIP3,202004,0.124924093075604,57
UNIP6,202004,0.165280002232103,60
USIM3,202004,0.0593429994529514,60
USIM5,202004,0.169472308575288,61
VALE3,202004,0.134411517632497,63
VIVA3,202004,0.124189751150183,61
VIVT3,202004,0.116091667186382,57
VIVT4,202004,0.115940253596839,62
VLID3,202004,0.174307369048766,60
VULC3,202004,0.115596333556933,60
VVAR3,202004,0.167835246555611,62
WEGE3,202004,0.151050388977428,62
WHRL4,202004,0.0685131987790068,53
WIZS3,202004,0.136281594331679,60
WLMM4,202004,0.0733361390605643,31
YDUQ3,202004,0.157881900546228,62
AALR3,202005,0.0678788411574611,57
ABCB4,202005,0.0581369709067983,61
ABEV3,202005,0.0597204942869692,64
AGRO3,202005,0.0662388948317274,58
ALPA3,202005,0.050925771970032,58
ALPA4,202005,0.0747239510821735,62
ALPK3,202005,0.0649519838059351,61
ALSO3,202005,0.0835846868774519,61
ALUP11,202005,0.0427285553703291,60
ALUP3,202005,0.0165495378994906,54
AMAR3,202005,0.0584496098498322,62
ANIM3,202005,0.0644560232196405,62
APER3,202005,0.0637412247246226,57
ARZZ3,202005,0.0493318618647482,62
AZEV4,202005,0.0482576758685654,56
AZUL4,202005,0.0672961998122249,62
B3SA3,202005,0.0701936773882584,64
BAZA3,202005,0.00873103444742243,49
BBAS3,202005,0.0675293802413789,63
BBDC3,202005,0.0606148433535833,62
BBDC4,202005,0.0625498178791489,63
BBRK3,202005,0.0616664349593693,61
BBSE3,202005,0.0580381337240135,62
BBTG11,202005,0.0359747060227381,48
BEEF11,202005,0.0454853841526539,58
BEEF3,202005,0.0591524513233899,62
BEES3,202005,0.0462959875113139,49
BIDI11,202005,0.0508898486340332,62
BIDI3,202005,0.0670438376244371,58
BIDI4,202005,0.0545467899786711,61
BIOM3,202005,0.455624671965432,5
BKBR3,202005,0.0427083883716024,61
BMGB4,202005,0.0417327591976279,60
BOBR4,202005,0.0661522126125768,49
BPAC11,202005,0.0759720739054609,63
BPAN4,202005,0.0362238692359181,58
BRAP3,202005,0.0565872397195398,60
BRAP4,202005,0.0604373179295278,61
BRDT3,202005,0.0774031128546199,62
BRFS3,202005,0.0945526116677706,62
BRGE3,202005,-0.00587678306137833,57
BRIV3,202005,0.0116175375369385,57
BRIV4,202005,-0.0898411790348793,5
BRKM5,202005,0.0648795908680981,60
BRML3,202005,0.0578576592999195,62
BRPR3,202005,0.0364901604960317,61
BRSR3,202005,0.0372169577596309,55
BRSR6,202005,0.0762898431266104,61
BTOW3,202005,0.0837764223366249,62
CAML3,202005,0.0397025007282741,60
CARD3,202005,0.0264629711120307,59
CCPR3,202005,0.0649602447950638,60
CCRO3,202005,0.0511758517461879,63
CEAB3,202005,0.0674541032887159,62
CEBR3,202005,0.0330509010216376,18
CEBR5,202005,0.0283141402208075,28
CEBR6,202005,0.0468757864614028,35
CEEB3,202005,0.000104873800000805,5
CEED3,202005,0.00613008959713652,5
CEED4,202005,0.00613008959713652,5
CEPE3,202005,0.00473829677602205,6
CEPE5,202005,0.0443946171003401,19
CEPE6,202005,0.0451394906862341,18
CESP3,202005,0.0396240870807899,54
CESP6,202005,0.0523981250034335,62
CGAS3,202005,0.0243736583484497,44
CGAS5,202005,0.0614098392773136,52
CGRA4,202005,0.0400494161041887,61
CIEL3,202005,0.0555203807943339,61
CLSC4,202005,0.0424983853292184,60
CMIG3,202005,0.0916358153057557,60
CMIG4,202005,0.0692596512039484,63
CNTO3,202005,0.0975818460215377,62
COCE5,202005,0.0324154504173451,59
COGN3,202005,0.0412805703590448,64
CPFE3,202005,0.0731888834108779,60
CPLE3,202005,0.0604571001923739,61
CPLE6,202005,0.0591184497691146,60
CPRE3,202005,0.0420079220590827,55
CRDE3,202005,0.0174214332061537,60
CRFB3,202005,0.0640168228767598,62
CRIV3,202005,0.0176702162686614,57
CRIV4,202005,0.0544291809174791,49
CRPG5,202005,0.0313956735672126,51
CRPG6,202005,0.0331536030763792,28
CSAN3,202005,0.0767816649171213,62
CSMG3,202005,0.0692969079493139,61
CSNA3,202005,0.0714073258510954,60
CSRN3,202005,0.0179055662997992,5
CSRN5,202005,0.00473829677602205,6
CTNM4,202005,0.0138998603324129,59
CVCB3,202005,0.049341175829581,64
CYRE3,202005,0.0575755730105407,62
DHBI4,202005,0.0403930204987344,12
DIRR3,202005,0.0575972047534951,60
DMMO11,202005,0.118159541356872,36
DMMO3,202005,0.0459293017127716,57
DOHL4,202005,0.0560335480343037,6
DTEX3,202005,0.05007946361824,61
EALT4,202005,0.0359431387124892,49
ECOR3,202005,0.0629784207041921,62
EGIE3,202005,0.0622867494294285,60
ELET3,202005,0.0693309901106124,62
ELET6,202005,0.0574541963910709,63
EMAE4,202005,0.0410556947120227,51
EMBR3,202005,0.0343170861661569,60
ENAT3,202005,0.0536416785242851,61
ENBR3,202005,0.0569988394690459,61
ENEV3,202005,0.0685155510778818,62
ENGI11,202005,0.0670228155915465,62
ENGI4,202005,0.0673694089174075,58
EQPA3,202005,-0.0117896090466044,58
EQTL3,202005,0.0742476447964687,62
EUCA4,202005,0.0730145438279476,62
EVEN3,202005,0.0314765254711615,60
EZTC3,202005,0.0687848597526297,60
FBMC4,202005,-0.0904327077384053,5
FESA4,202005,0.0264894853393214,61
FLRY3,202005,0.0570026790574706,62
FRAS3,202005,0.0297865426725201,57
GEPA3,202005,0.0548155515404165,37
GEPA4,202005,0.0522383796443416,37
GFSA3,202005,0.0225204078644891,57
GGBR3,202005,0.028923149048152,58
GGBR4,202005,0.0711391113215989,63
GNDI3,202005,0.0694281717580177,62
GOAU3,202005,0.0941136055687149,60
GOAU4,202005,0.0838259417859591,62
GOLL4,202005,0.0529150260235777,62
GPCP3,202005,0.0584665077863657,5
GRND3,202005,0.0611197474982337,60
GUAR3,202005,0.0711362379943292,61
HAPV3,202005,0.0983006129674443,62
HBOR3,202005,0.0497621555607318,60
HGTX3,202005,0.0631763883531781,62
HYPE3,202005,0.0678098183910409,62
IDNT3,202005,0.069755541685691,57
IGTA3,202005,0.0506210560618326,62
IRBR3,202005,0.0510817957171387,62
ITSA3,202005,0.109580297537145,60
ITSA4,202005,0.0659484205511688,62
ITUB3,202005,0.0511563404767604,60
ITUB4,202005,0.0699238219003548,62
JBSS3,202005,0.0744160560475478,62
JHSF3,202005,0.0477739937275428,60
JOPA3,202005,0.0246656222377066,57
JPSA3,202005,0.060233817971875,60
JSLG3,202005,0.0421557425870745,60
KEPL3,202005,0.0470205570414656,59
KLBN11,202005,0.0789009890750882,62
KLBN3,202005,0.0948578149368894,54
KLBN4,202005,0.0871903583192834,55
KROT11,202005,0.0169746543675916,55
LAME3,202005,0.0626363456959932,61
LAME4,202005,0.0961366255429206,63
LCAM3,202005,0.0647109581334519,62
LEVE3,202005,0.039357082544357,62
LIGT3,202005,0.0412899703635417,62
LINX3,202005,0.0672923887527336,60
LLIS3,202005,0.0495477057449252,56
LOGG3,202005,0.0692952229631029,61
LOGN3,202005,0.0614783406778294,61
LPSB3,202005,0.0688159707780748,60
LREN3,202005,0.0994841261333272,62
LUPA3,202005,0.13655021831875,15
LWSA3,202005,0.055699474274071,60
MDIA3,202005,0.0659985680972556,62
MDNE3,202005,0.0506473256254042,62
MEAL3,202005,0.0687036814681787,57
MGEL4,202005,0.0113496287417741,21
MGLU3,202005,0.0791828567176792,62
MILS3,202005,0.0369997772851547,62
MNPR3,202005,-0.0857322284886165,5
MOVI3,202005,0.0421827634267849,62
MRFG3,202005,0.0679164363954799,63
MRVE3,202005,0.0597742828568945,62
MTIG4,202005,-0.0664424554187649,5
MTRE3,202005,0.0886536131349081,60
MTSA4,202005,0.0613862099233352,49
MULT3,202005,0.0719657347028679,62
MYPK3,202005,0.069826523991123,61
NATU3,202005,0.0469656193947981,49
NEOE3,202005,0.0710436988423368,60
NTCO3,202005,0.0793879951544746,62
ODPV3,202005,0.0382520937093252,60
OFSA3,202005,0.0523831966117755,60
OIBR3,202005,0.0499651054977566,63
OIBR4,202005,0.0343909019107559,50
OMGE3,202005,0.0754892304728181,62
PARD3,202005,0.0872382367327658,61
PCAR3,202005,0.0565742520335975,62
PEAB3,202005,-0.0914294284336531,5
PEAB4,202005,-0.107830941434338,5
PETR3,202005,0.0730922003765631,62
PETR4,202005,0.0787921305274421,63
PFRM3,202005,0.0691711784436462,59
PNVL3,202005,0.0387727277007048,56
PNVL4,202005,0.042066387980484,57
POMO3,202005,0.06319539820247,57
POMO4,202005,0.0435142662905466,63
POSI3,202005,-0.00311081427649193,57
PPLA11,202005,0.0860174616772966,49
PRIO3,202005,0.0495661427235811,60
PRNR3,202005,0.0702163366410914,57
PSSA3,202005,0.070518335055144,60
PTBL3,202005,0.0514429838138905,51
PTNT4,202005,0.0436190468372493,49
QUAL3,202005,0.0547718802383901,63
RADL3,202005,0.0713773500497489,62
RAIL3,202005,0.0908981336077049,63
RAPT3,202005,0.014397109863464,57
RAPT4,202005,0.0422018041722827,61
RDNI3,202005,0.0969220565953821,57
RENT3,202005,0.0847110637460311,62
RLOG3,202005,0.040971809522123,61
RNEW11,202005,0.0401911099656054,43
ROMI3,202005,0.034918970034138,58
RPAD3,202005,0.0120003029366,57
SANB11,202005,0.105155256556714,62
SAPR11,202005,0.0881438860926663,61
SAPR3,202005,0.0550232198794487,56
SAPR4,202005,0.0488704663301558,60
SBSP3,202005,0.0632011615424039,63
SCAR3,202005,0.146621791191477,59
SEER3,202005,0.0431214472761517,62
SGPS3,202005,0.0722355956829212,59
SHOW3,202005,0.0606349656944744,60
SHUL4,202005,0.0482192207161017,59
SLCE3,202005,0.0450818504990392,60
SMLS3,202005,0.0642253101847317,61
SMTO3,202005,0.0391943976159938,62
SQIA3,202005,0.0252762950237475,60
STBP3,202005,0.0394356118992191,61
SULA11,202005,0.0638819510059645,63
SUZB3,202005,0.0730852986870971,63
TAEE11,202005,0.0418504326859263,60
TAEE4,202005,0.00360614318935019,54
TASA3,202005,-0.000222414423493629,54
TASA4,202005,0.0436255781881995,58
TCSA3,202005,0.0619918656009429,60
TECN3,202005,0.0678545582275928,58
TEND3,202005,0.0599992720530155,62
TESA3,202005,0.0943996006976816,59
TGMA3,202005,0.0754056652719737,60
TIET11,202005,0.0755148337088649,61
TIET3,202005,0.0300629513213498,54
TIET4,202005,0.0456344701990783,55
TIMP3,202005,0.0828049048993614,62
TOTS3,202005,0.0648022888083224,62
TPIS3,202005,0.025170403762272,56
TRIS3,202005,0.0544622686615261,61
TRPL4,202005,0.0456391414681061,60
TUPY3,202005,0.0616387608818407,62
UCAS3,202005,0.0667071835557208,58
UGPA3,202005,0.0678751448023804,62
UNIP3,202005,0.0106454662338222,58
UNIP6,202005,0.0410231745180564,59
USIM3,202005,0.032007785412106,59
USIM5,202005,0.0455129938669461,60
VALE3,202005,0.063790711298382,63
VIVA3,202005,0.0625339327929929,61
VIVT3,202005,0.0905325427552734,57
VIVT4,202005,0.0509630562298574,62
VLID3,202005,0.0321086050679305,58
VULC3,202005,0.0912444996113934,60
VVAR3,202005,0.0681103439336296,62
WEGE3,202005,0.0743356786512956,62
WHRL4,202005,0.0342337989439197,28
WIZS3,202005,0.0686953817519149,60
WLMM4,202005,0.0486762362223766,28
YDUQ3,202005,0.0643408921400556,62
AALR3,202006,0.159800136109776,58
ABCB4,202006,0.0911635851302499,62
ABEV3,202006,0.10630825672893,66
AGRO3,202006,0.204642924316953,61
ALPA3,202006,0.175677162292201,60
ALPA4,202006,0.121607531088623,64
ALPK3,202006,0.120946887202044,63
ALSO3,202006,0.171783347513849,63
ALUP11,202006,0.145874513737804,62
ALUP3,202006,0.113713268106072,54
AMAR3,202006,0.165938861133594,61
ANIM3,202006,0.111701968977069,64
APER3,202006,0.13958431108699,61
ARZZ3,202006,0.175844610826087,63
AZEV4,202006,0.107290920126243,57
AZUL4,202006,0.182960577468604,62
B3SA3,202006,0.111114440756519,65
BBAS3,202006,0.117913435477642,65
BBDC3,202006,0.148950874401283,62
BBDC4,202006,0.114973373407822,64
BBRK3,202006,0.202495757227386,63
BBSE3,202006,0.0818989356645368,62
BBTG11,202006,0.0979653571150601,49
BEEF11,202006,0.281018156792858,57
BEEF3,202006,0.109175517086069,64
BEES3,202006,0.203666245048626,49
BIDI11,202006,0.137204971390611,63
BIDI3,202006,0.205587238159483,62
BIDI4,202006,0.172620585108916,63
BIOM3,202006,0.0491241590266433,6
BKBR3,202006,0.122045765939137,63
BMGB4,202006,0.16478806520307,61
BOBR4,202006,0.169059385359588,49
BPAC11,202006,0.138441457208648,65
BPAC3,202006,0.208589740296632,57
BPAC5,202006,0.22727262712278,56
BPAN4,202006,0.173656592024033,62
BRAP3,202006,0.159008208006365,61
BRAP4,202006,0.118129238379835,63
BRDT3,202006,0.107614170937084,64
BRFS3,202006,0.116069375054518,64
BRGE3,202006,0.126266382459297,57
BRIV3,202006,0.141032123601158,57
BRIV4,202006,0.089388055574251,5
BRKM5,202006,0.122782630451139,62
BRML3,202006,0.123160418288372,64
BRPR3,202006,0.22656861737189,63
BRSR3,202006,0.119303624264986,56
BRSR6,202006,0.168650527620316,62
BTOW3,202006,0.114248512653461,64
CAML3,202006,0.150760217427778,61
CARD3,202006,0.268624206607391,60
CCPR3,202006,0.0981567136770489,61
CCRO3,202006,0.101153406525412,64
CEAB3,202006,0.0925921344644318,63
CEBR3,202006,0.080163747332999,17
CEBR5,202006,0.071394427761499,25
CEBR6,202006,0.0687783299275836,33
CEEB3,202006,0.0220405110907349,6
CEED3,202006,0.0722114007175723,6
CEED4,202006,0.0378627574027102,6
CEPE3,202006,0.0294368048254023,7
CEPE5,202006,0.0599058471897431,18
CEPE6,202006,0.0627259625537802,17
CESP3,202006,0.12325761353321,54
CESP6,202006,0.137593905409134,63
CGAS3,202006,0.102021103077444,44
CGAS5,202006,0.25783831247655,53
CGRA4,202006,0.0918266487699255,62
CIEL3,202006,0.074533716339487,63
CLSC4,202006,0.253901333564056,61
CMIG3,202006,0.112915486920688,62
CMIG4,202006,0.100029572646625,65
CNTO3,202006,0.163303366608873,63
COCE5,202006,0.19966553576775,62
COGN3,202006,0.169437867515806,66
CPFE3,202006,0.116075897915227,62
CPLE3,202006,0.155334045870019,59
CPLE6,202006,0.105028994444424,61
CPRE3,202006,0.178306454384555,56
CRDE3,202006,0.146291811060613,62
CRFB3,202006,0.106081137717736,63
CRIV3,202006,0.143619012256103,57
CRIV4,202006,0.21782666640997,49
CRPG5,202006,0.0885787603216568,51
CRPG6,202006,0.085396914006347,25
CSAN3,202006,0.173614346978526,64
CSMG3,202006,0.073289089088198,63
CSNA3,202006,0.128064448525253,62
CSRN3,202006,0.02690466353776,6
CSRN5,202006,0.0294368048254023,7
CTNM4,202006,0.136637598599457,57
CVCB3,202006,0.137785393411149,65
CYRE3,202006,0.148388759816067,64
DHBI4,202006,0.114594441381775,12
DIRR3,202006,0.171545984199342,61
DMMO11,202006,0.1519622833161,36
DMMO3,202006,0.146090156043275,58
DOHL4,202006,0.129056585653295,6
DTEX3,202006,0.148158276122449,63
EALT4,202006,0.210727249743041,49
ECOR3,202006,0.146513003068715,62
EGIE3,202006,0.0811809145881759,62
ELET3,202006,0.151659730299977,63
ELET6,202006,0.118947385055523,63
EMAE4,202006,0.0731530007852601,51
EMBR3,202006,0.142014172260398,62
ENAT3,202006,0.123271667005639,61
ENBR3,202006,0.170961734928373,63
ENEV3,202006,0.124671505499275,64
ENGI11,202006,0.102648296309009,64
ENGI4,202006,0.226866126787435,60
EQPA3,202006,0.137517876308009,60
EQTL3,202006,0.126052387809245,64
EUCA4,202006,0.235705898479656,62
EVEN3,202006,0.208628022895882,62
EZTC3,202006,0.116589306975254,62
FBMC4,202006,0.10123251127286,6
FESA4,202006,0.125439011758498,62
FLRY3,202006,0.1103715790487,63
FRAS3,202006,0.188707993437016,58
GEPA3,202006,0.0459914742188399,36
GEPA4,202006,0.0622898921658868,37
GFSA3,202006,0.234481112538543,58
GGBR3,202006,0.13748059523752,58
GGBR4,202006,0.138834188618098,65
GNDI3,202006,0.138916249007353,64
GOAU3,202006,0.106754386933835,62
GOAU4,202006,0.102308386746224,63
GOLL4,202006,0.182618996600032,62
GPCP3,202006,0.22270410851833,49
GRND3,202006,0.213002376661206,62
GUAR3,202006,0.158087964198068,63
HAPV3,202006,0.116397768915751,63
HBOR3,202006,0.219639279221623,62
HGTX3,202006,0.113504740755648,63
HYPE3,202006,0.142382991974915,63
IDNT3,202006,0.126828397061067,57
IGTA3,202006,0.172915541697828,64
IRBR3,202006,0.107652818869401,63
ITSA3,202006,0.142541471601871,61
ITSA4,202006,0.100076944385563,64
ITUB3,202006,0.0984401420049794,62
ITUB4,202006,0.115853850867298,64
JBSS3,202006,0.144001588319024,64
JHSF3,202006,0.228206145996898,61
JOPA3,202006,0.152133360305851,57
JPSA3,202006,0.185633993409974,62
JSLG3,202006,0.229481410789857,61
KEPL3,202006,0.226778774043787,60
KLBN11,202006,0.109641504211386,63
KLBN3,202006,0.0854159528746317,28
KLBN4,202006,0.0733262673997897,56
KROT11,202006,0.17043454539347,56
LAME3,202006,0.115712059894475,63
LAME4,202006,0.123711366172794,65
LCAM3,202006,0.184801185714316,63
LEVE3,202006,0.121785120199266,63
LIGT3,202006,0.127586875662208,64
LINX3,202006,0.14436839808753,61
LLIS3,202006,0.118341155902937,57
LOGG3,202006,0.165482587405227,62
LOGN3,202006,0.183077320424619,62
LPSB3,202006,0.203810710182921,61
LREN3,202006,0.117268265142355,63
LUPA3,202006,0.0819693785390784,15
LWSA3,202006,0.173091786740279,62
MDIA3,202006,0.144767601145586,63
MDNE3,202006,0.222479416323776,63
MEAL3,202006,0.150105798331948,58
MGEL4,202006,0.0784149109381264,20
MGLU3,202006,0.138685581103727,64
MILS3,202006,0.220603199725414,62
MNPR3,202006,0.0331760572254189,5
MOVI3,202006,0.142768752900586,63
MRFG3,202006,0.103769196520526,63
MRVE3,202006,0.105936002108183,63
MTIG4,202006,0.136163304025025,5
MTRE3,202006,0.130541796190942,62
MTSA4,202006,0.201218066372626,49
MULT3,202006,0.125807630405206,64
MYPK3,202006,0.139905499115923,62
NATU3,202006,0.21100862207948,50
NEOE3,202006,0.136996021180872,62
NTCO3,202006,0.122843497522091,64
ODPV3,202006,0.125632076785403,58
OFSA3,202006,0.121587639969074,62
OIBR3,202006,0.152448748861595,64
OIBR4,202006,0.136547556503568,50
OMGE3,202006,0.152747002012998,64
PARD3,202006,0.0960324417060218,62
PCAR3,202006,0.123964962515608,63
PDGR3,202006,0.44200504308983,50
PEAB3,202006,0.11407677567977,5
PEAB4,202006,0.1231187393638,5
PETR3,202006,0.0964767469888252,64
PETR4,202006,0.108725817883363,65
PFRM3,202006,0.150451046394242,60
PMAM3,202006,0.0836403055105731,46
PNVL3,202006,0.218819988327668,62
PNVL4,202006,0.111351830331791,58
POMO3,202006,0.0886992327651696,58
POMO4,202006,0.127665626292519,63
POSI3,202006,0.115895026439918,58
PPLA11,202006,0.215510508318149,51
PRIO3,202006,0.193799843369924,61
PRNR3,202006,0.123823738903086,57
PSSA3,202006,0.11321030961038,61
PTBL3,202006,0.252442237976285,58
PTNT4,202006,0.206581021447942,49
QUAL3,202006,0.0976343437134898,65
RADL3,202006,0.115470887593353,63
RAIL3,202006,0.122353893737771,65
RANI3,202006,0.168289849815994,49
RAPT3,202006,0.144234910437948,57
RAPT4,202006,0.145977874925238,62
RDNI3,202006,0.0962230839016658,58
RENT3,202006,0.121759315112521,64
RLOG3,202006,0.123365227695211,63
RNEW11,202006,0.489900322334662,35
RNEW3,202006,0.565192142983984,35
RNEW4,202006,0.452103658527898,35
ROMI3,202006,0.15507807877289,59
RPAD3,202006,0.150126377029959,57
SANB11,202006,0.111712442232716,63
SAPR11,202006,0.138473984444087,63
SAPR3,202006,0.0756031388094644,56
SAPR4,202006,0.135579064924298,62
SBSP3,202006,0.132266008289368,64
SCAR3,202006,0.119786452298193,60
SEER3,202006,0.16898533745389,63
SGPS3,202006,0.256816096869101,60
SHOW3,202006,0.218559057534341,62
SHUL4,202006,0.202352041997738,60
SLCE3,202006,0.142470637664084,61
SMLS3,202006,0.145907308823587,63
SMTO3,202006,0.134782393055543,63
SQIA3,202006,0.178701914136084,61
STBP3,202006,0.186869279327029,63
SULA11,202006,0.129033380657276,64
SUZB3,202006,0.102049825466117,65
TAEE11,202006,0.109592557142253,62
TAEE4,202006,0.112850207117118,54
TASA4,202006,0.166457079758783,58
TCSA3,202006,0.186832510304005,62
TECN3,202006,0.150939250460462,60
TEND3,202006,0.138255803297521,63
TESA3,202006,0.205347913260363,60
TGMA3,202006,0.1410630425597,61
TIET11,202006,0.111354013289284,63
TIET3,202006,0.0974018076338295,54
TIET4,202006,0.0894730363461771,54
TIMP3,202006,0.118124866111406,63
TOTS3,202006,0.0996346087029787,63
TPIS3,202006,0.210466608377828,57
TRIS3,202006,0.214598527419788,63
TRPL4,202006,0.0861485721215583,62
TUPY3,202006,0.153715123112569,62
UCAS3,202006,0.0690399780061005,53
UGPA3,202006,0.145288992824357,64
UNIP3,202006,0.141274846792403,58
UNIP6,202006,0.16484748157773,60
USIM3,202006,0.135416372313467,61
USIM5,202006,0.127117317951922,62
VALE3,202006,0.117231817372823,65
VIVA3,202006,0.141273874419954,63
VIVT3,202006,0.110802556856332,58
VIVT4,202006,0.0776014845669478,63
VLID3,202006,0.143794511525063,58
VULC3,202006,0.142450592468639,58
VVAR3,202006,0.171424181332929,63
WEGE3,202006,0.0931623463463409,63
WHRL4,202006,0.0822319552698322,51
WIZS3,202006,0.149770964296231,61
WLMM4,202006,0.0304393317220716,25
YDUQ3,202006,0.140653346448714,63
AALR3,202007,0.0902974749791907,59
ABCB4,202007,0.0669121271077718,64
ABEV3,202007,0.0945317625557874,65
AGRO3,202007,0.058928202916458,61
ALPA3,202007,0.0850980933246527,60
ALPA4,202007,0.101143852165199,62
ALPK3,202007,0.100439508174814,62
ALSO3,202007,0.0864486852217221,64
ALUP11,202007,0.0640564101295517,63
ALUP3,202007,0.0388292050663026,55
ALUP4,202007,0.0538389494404474,11
AMAR3,202007,0.109710413617133,63
AMBP3,202007,0.0802078359304854,64
ANIM3,202007,0.0951306430348188,64
APER3,202007,0.0869999761939206,61
ARZZ3,202007,0.103281891461774,63
AZEV4,202007,0.0582917742197344,58
AZUL4,202007,0.0787604143805095,63
B3SA3,202007,0.0847214591923515,65
BAZA3,202007,-0.0467671566782233,51
BBAS3,202007,0.0910710111542649,65
BBDC3,202007,0.0752413062989011,62
BBDC4,202007,0.0833205582232981,63
BBRK3,202007,0.119322721443122,62
BBSE3,202007,0.0837647341477996,62
BBTG11,202007,0.0740692832170845,54
BEEF11,202007,0.0501857549172779,57
BEEF3,202007,0.0723837190474338,63
BEES3,202007,0.127549673785231,51
BGIP4,202007,0.109624926126564,51
BIDI11,202007,0.093922018309156,64
BIDI3,202007,0.100138068858841,61
BIDI4,202007,0.103316666251524,63
BIOM3,202007,0.534912365184465,7
BKBR3,202007,0.108374427198212,63
BMGB4,202007,0.060891670024982,61
BPAC11,202007,0.0999006969499346,64
BPAC3,202007,-0.0322659108242149,56
BPAC5,202007,0.375572075124636,63
BPAN4,202007,0.0614797609770381,63
BRAP3,202007,0.0623166516925402,61
BRAP4,202007,0.0728588142160944,64
BRDT3,202007,0.0918019147909269,63
BRFS3,202007,0.0741678794995871,62
BRGE3,202007,0.0610838664935599,58
BRIV3,202007,0.0593204545599413,58
BRIV4,202007,0.0441967154814609,5
BRKM5,202007,0.0771891410068758,62
BRML3,202007,0.10694524180811,64
BRPR3,202007,0.0681492957971847,64
BRSR3,202007,0.066419726596404,57
BRSR6,202007,0.0582536688564223,63
BTOW3,202007,0.097983053416308,63
CAML3,202007,0.051985348190449,63
CARD3,202007,0.0414779489749543,61
CCPR3,202007,0.0793443368485148,62
CCRO3,202007,0.0749351783203699,63
CEAB3,202007,0.0788434208698598,63
CEBR3,202007,0.0941732935268358,16
CEBR5,202007,0.0097896433488529,38
CEBR6,202007,0.0978730603567189,42
CEEB3,202007,-0.0940746520456497,6
CEED3,202007,-0.0199006561129156,6
CEED4,202007,-0.0568118439455355,6
CEPE3,202007,-0.0651717931772991,7
CEPE5,202007,0.109201453392491,17
CEPE6,202007,0.0986399533919748,16
CESP3,202007,0.0775015199875812,56
CESP6,202007,0.0793368622419936,63
CGAS3,202007,0.0826026292414422,45
CGAS5,202007,0.0490079378425103,53
CGRA4,202007,0.097556354473895,63
CIEL3,202007,0.0870865724683176,63
CLSC4,202007,0.050004249584245,62
CMIG3,202007,0.0713297884002571,62
CMIG4,202007,0.091763698797006,64
CNTO3,202007,0.104257734732549,63
COCE5,202007,0.066441348869514,61
COGN3,202007,0.0795405055524994,63
CPFE3,202007,0.083910130873594,62
CPLE3,202007,0.0846741074885801,60
CPLE6,202007,0.0500309338220182,62
CRDE3,202007,0.0410912944560714,61
CRFB3,202007,0.0846404822919443,63
CRIV3,202007,0.0538089344932691,58
CRIV4,202007,0.109799413954702,51
CRPG5,202007,0.060052009748291,52
CRPG6,202007,0.0601853531578969,38
CSAN3,202007,0.116192358829739,64
CSMG3,202007,0.0967741880963221,64
CSNA3,202007,0.0689662616065781,63
CSRN3,202007,-0.0863407942116313,6
CSRN5,202007,-0.0651717931772991,7
CTNM4,202007,0.0516376505025687,58
CVCB3,202007,0.0737120859082017,65
CYRE3,202007,0.0925832700394475,63
DHBI4,202007,0.0765019877995799,11
DIRR3,202007,0.0697088490331948,63
DMMO11,202007,0.0496517621512432,36
DMMO3,202007,0.0748411532754886,63
DOHL4,202007,0.0459514150061901,6
DTEX3,202007,0.103203605318379,64
EALT4,202007,0.076659964695965,51
ECOR3,202007,0.0838804576776959,63
EGIE3,202007,0.0724482805909111,62
ELET3,202007,0.103545901165445,63
ELET6,202007,0.0645764803527909,63
EMAE4,202007,0.0582127680498457,52
EMBR3,202007,0.0708467028502576,63
ENAT3,202007,0.0628670845725083,63
ENBR3,202007,0.0963388211549361,63
ENEV3,202007,0.102315498336199,64
ENGI11,202007,0.0858923099387431,64
ENGI4,202007,0.135474708533157,59
EQPA3,202007,0.0224792735598899,59
EQTL3,202007,0.0998488096489894,64
EUCA4,202007,0.0521362480739272,63
EVEN3,202007,0.0995566234614916,63
EZTC3,202007,0.0868842106929475,63
FBMC4,202007,0.0282250493757638,5
FESA4,202007,0.0482224663505504,63
FLRY3,202007,0.0767466725597031,63
FRAS3,202007,0.124736138928163,59
GEPA3,202007,0.0789420204552903,48
GEPA4,202007,0.0885639544413482,48
GFSA3,202007,0.0780017097103858,62
GGBR3,202007,0.0663170388253606,59
GGBR4,202007,0.084263171058144,64
GNDI3,202007,0.111547205432701,64
GOAU3,202007,0.0668614382687305,61
GOAU4,202007,0.0697566248569025,63
GOLL4,202007,0.100083649998463,63
GPCP3,202007,0.164430164412798,51
GRND3,202007,0.124701136435448,63
GUAR3,202007,0.105084367713398,64
HAPV3,202007,0.0785078961301615,63
HBOR3,202007,0.104386406278797,63
HGTX3,202007,0.102037599365759,63
HYPE3,202007,0.10990144646267,63
IGTA3,202007,0.078008984372668,64
IRBR3,202007,0.0728803912289395,64
ITSA3,202007,0.0797891051970358,61
ITSA4,202007,0.0739956286673837,64
ITUB3,202007,0.0556955860269018,60
ITUB4,202007,0.0887465839131873,65
JBSS3,202007,0.0967135089221494,63
JHSF3,202007,0.0689030767972497,63
JOPA3,202007,0.0458690877121324,58
JPSA3,202007,0.0815808286782335,62
JSLG3,202007,0.0927479028306903,63
KEPL3,202007,0.0337622240082212,62
KLBN11,202007,0.0820899648335912,63
KLBN3,202007,0.00558547153155918,29
KLBN4,202007,0.0110701830304818,56
KROT11,202007,0.055854915581633,57
LAME3,202007,0.089362111694232,64
LAME4,202007,0.0888607853178374,63
LCAM3,202007,0.109463473819064,63
LEVE3,202007,0.0603994597655664,64
LIGT3,202007,0.0966272419685049,63
LINX3,202007,0.0895444632087954,63
LLIS3,202007,0.115778777220874,58
LOGG3,202007,0.0715578133452305,64
LOGN3,202007,0.0843318487283194,64
LPSB3,202007,0.133015102562212,62
LREN3,202007,0.0850477154222999,63
LUPA3,202007,0.0463683085656443,15
LWSA3,202007,0.0827283948661126,62
MDIA3,202007,0.0788564643003074,64
MDNE3,202007,0.0938084195976043,63
MEAL3,202007,0.0904672811532567,63
MGEL4,202007,0.0755836564457519,19
MGLU3,202007,0.0964142453964483,64
MILS3,202007,0.0441573703266089,64
MNPR3,202007,0.0279044502733338,5
MOVI3,202007,0.084230279079646,63
MRFG3,202007,0.089366768243872,64
MRVE3,202007,0.0999638555087531,63
MTRE3,202007,0.114353541136362,62
MTSA4,202007,0.0563546962344333,51
MULT3,202007,0.0846113288746513,64
MYPK3,202007,0.0609929398399975,64
NATU3,202007,0.125643578180371,51
NEOE3,202007,0.0734100879497636,62
NTCO3,202007,0.0998866979757076,64
ODPV3,202007,0.0683747761076525,63
OFSA3,202007,0.0727984709043761,62
OIBR3,202007,0.0838508422817438,64
OIBR4,202007,0.0349276388548761,58
OMGE3,202007,0.0793136342819317,64
PARD3,202007,0.0646532821501598,63
PCAR3,202007,0.0811598187015312,63
PDTC3,202007,0.0614325395723886,58
PEAB3,202007,0.00524738003131281,5
PEAB4,202007,0.0312819748452625,5
PETR3,202007,0.0806750477382409,63
PETR4,202007,0.0840843401157291,65
PFRM3,202007,0.0340877007796053,60
PMAM3,202007,0.0832123663335628,46
PNVL3,202007,0.0977135244046227,63
PNVL4,202007,0.0773454658656882,58
POMO3,202007,0.0903970668435501,55
POMO4,202007,0.0595172876423586,64
POSI3,202007,0.109230105761924,63
PPLA11,202007,0.0708385627883677,52
PRIO3,202007,0.0740104440512041,63
PRNR3,202007,0.0762374594220647,61
PSSA3,202007,0.0769753146841006,62
PTBL3,202007,0.0462080727885935,62
QUAL3,202007,0.109926739133484,65
RADL3,202007,0.0977847566392214,63
RAIL3,202007,0.0785365767818859,63
RANI3,202007,0.104093304201685,61
RAPT3,202007,0.0434439641806932,58
RAPT4,202007,0.10260140956083,64
RDNI3,202007,0.0694491986379261,59
RENT3,202007,0.085972197644514,64
RLOG3,202007,0.0742338008722173,65
ROMI3,202007,0.0526529735651791,61
RPAD3,202007,0.0476664673473505,58
SANB11,202007,0.0940828940268659,63
SAPR11,202007,0.0757323611487257,64
SAPR3,202007,0.0928191931443563,57
SAPR4,202007,0.0690747446446374,63
SBSP3,202007,0.0816907731356356,63
SCAR3,202007,0.0292263697690755,61
SEER3,202007,0.080445303355146,63
SGPS3,202007,0.0512007317784833,60
SHOW3,202007,0.0746712792207902,62
SHUL4,202007,0.056045046966572,62
SLCE3,202007,0.0620617053136632,63
SMLS3,202007,0.0757413826470461,64
SMTO3,202007,0.0735953969316298,63
SOMA3,202007,0.105838222799056,64
SQIA3,202007,0.080790706286589,63
STBP3,202007,0.106465518212088,64
SULA11,202007,0.103608505921655,64
SULA3,202007,0.0847691997256209,57
SULA4,202007,0.0464668752292977,57
SUZB3,202007,0.076862437969667,64
TAEE11,202007,0.0684576753311709,63
TAEE4,202007,0.0373799105579683,55
TASA3,202007,0.0487424322689788,55
TASA4,202007,0.0632939910799557,61
TCSA3,202007,0.134018410876911,63
TECN3,202007,0.0953387618335936,60
TEND3,202007,0.110470895315738,63
TESA3,202007,0.145190723635958,60
TGMA3,202007,0.0854145568775473,63
TIET11,202007,0.0716408347978513,63
TIET3,202007,0.0550985133164633,57
TIET4,202007,0.0809556748472764,57
TIMP3,202007,0.0723446384199796,63
TOTS3,202007,0.0855232729223345,62
TPIS3,202007,0.0976518430010973,56
TRIS3,202007,0.0997255533928112,63
TRPL4,202007,0.056721999231969,61
TUPY3,202007,0.0657428713006093,63
UCAS3,202007,0.0943661189063741,54
UGPA3,202007,0.0848520657298101,63
UNIP3,202007,0.0618983226374307,59
UNIP6,202007,0.0633510052883015,63
USIM3,202007,0.0737611088621386,61
USIM5,202007,0.0734494390619246,64
VALE3,202007,0.0863765175092086,65
VIVA3,202007,0.0933487754819136,63
VIVT3,202007,0.0733109842456279,59
VIVT4,202007,0.0758557972468213,63
VLID3,202007,0.0639298490197214,63
VULC3,202007,0.0614964211919402,59
VVAR3,202007,0.116173976419726,63
WEGE3,202007,0.0769176996429574,63
WHRL4,202007,0.0253687870899492,52
WIZS3,202007,0.0939441048234117,63
WLMM4,202007,0.0478611169348704,38
YDUQ3,202007,0.0996155869354605,63
AALR3,202008,-0.0014815767543866,62
ABCB4,202008,-0.0192580178213857,64
ABEV3,202008,-0.0162019337906402,65
AGRO3,202008,-0.0579152146381234,61
ALPA3,202008,-0.00618553485986604,60
ALPA4,202008,-0.0226096146639358,63
ALPK3,202008,-0.00790114699441095,63
ALSO3,202008,-0.0152549158743139,64
ALUP11,202008,-0.0363828862843847,63
ALUP3,202008,-0.0340829771046622,59
AMAR3,202008,-0.0362638298263501,63
AMBP3,202008,-0.00357705673924592,62
ANIM3,202008,-0.0148355884024236,64
APER3,202008,-0.0283688979591609,61
ARZZ3,202008,-0.0263186179898019,63
AZEV4,202008,-0.0240150334359928,58
AZUL4,202008,-0.024036880763822,63
B3SA3,202008,-0.0110605825888027,65
BAZA3,202008,0.0886731253557863,56
BBAS3,202008,-0.0262441121120042,64
BBDC3,202008,-0.0526450731147302,63
BBDC4,202008,-0.0274853663481681,63
BBRK3,202008,-0.0125419435170845,62
BBSE3,202008,-0.0325359260290231,63
BBTG11,202008,-0.0406486597126923,58
BEEF11,202008,0.0410877946115663,57
BEEF3,202008,-0.0228139409363242,63
BEES3,202008,0.0436950345182687,56
BIDI11,202008,-0.017660355817107,64
BIDI3,202008,-0.025611405888111,62
BIDI4,202008,-0.0213971495439273,63
BKBR3,202008,-0.0141976015501196,63
BMGB4,202008,-0.0413529897127325,62
BOBR4,202008,0.0354981224542891,56
BPAC11,202008,-0.00649006038548537,63
BPAC3,202008,-0.0560007896365806,56
BPAC5,202008,-0.120314813816166,62
BPAN4,202008,-0.0264785252576722,63
BRAP3,202008,-0.014034718126408,62
BRAP4,202008,-0.00859858798655544,64
BRDT3,202008,-0.0143542638210536,64
BRFS3,202008,-0.0171612634662588,63
BRGE3,202008,0.000987402849149837,58
BRIV3,202008,-0.00492952924379595,58
BRKM5,202008,-0.013455294698789,63
BRML3,202008,-0.0158105885630228,64
BRPR3,202008,-0.0577555080210705,64
BRSR3,202008,-0.0122914994000789,57
BRSR6,202008,-0.045807559649952,63
BTOW3,202008,-0.00881617225887036,63
CAMB3,202008,-0.0394009428955251,56
CAML3,202008,-0.0314707403770791,63
CARD3,202008,0.0158329886722656,61
CCPR3,202008,-0.000531152057534416,62
CCRO3,202008,-0.0160774536234377,64
CEAB3,202008,-0.00834947665019692,63
CEBR3,202008,-0.0244697848143936,15
CEBR5,202008,-0.0121594901312481,41
CEBR6,202008,-0.0151498256895002,44
CEEB3,202008,-0.103886943779056,7
CEED3,202008,-0.0506769435036854,7
CEED4,202008,-0.106739012103505,7
CEPE3,202008,-0.0872083229384733,5
CEPE5,202008,-0.0262381919361378,17
CEPE6,202008,-0.0205703625462897,15
CESP3,202008,-0.0380282425195499,60
CESP6,202008,-0.0179336212623106,63
CGAS3,202008,-0.0528889169216398,46
CGAS5,202008,0.0394086270245886,54
CGRA4,202008,-0.0229828552768729,63
CIEL3,202008,-0.0295666260032639,64
CLSC4,202008,0.0359874242819686,62
CMIG3,202008,-0.0202763213235913,62
CMIG4,202008,-0.037504769243821,64
CNTO3,202008,-0.00794213178595554,63
COCE5,202008,-0.029899134394776,62
COGN3,202008,-0.0157165973273333,63
CPFE3,202008,-0.0311890388791067,63
CPLE3,202008,0.00539289973900125,63
CPLE6,202008,-0.0175212786232809,62
CRDE3,202008,-0.0309485142465872,62
CRFB3,202008,-0.00168352397747757,63
CRIV3,202008,-0.0128631513608414,58
CRIV4,202008,0.0303209766778163,56
CRPG5,202008,-0.00172309514442082,57
CRPG6,202008,-0.000866992683274977,41
CSAN3,202008,-0.0158553575322542,64
CSMG3,202008,-0.0299563767604248,64
CSNA3,202008,-0.0305184181049185,63
CSRN3,202008,-0.108109244227104,7
CSRN5,202008,-0.0573343141499142,7
CTNM4,202008,-0.003340031960139,58
CVCB3,202008,-0.00979351301467361,65
CYRE3,202008,-0.0434417576812812,63
DHBI4,202008,-0.0415357355371782,11
DIRR3,202008,-0.0550026261178527,63
DMMO11,202008,-0.0821169076421213,37
DMMO3,202008,-0.0279011005342234,63
DMVF3,202008,-0.0235296904573269,62
DOHL4,202008,-0.0166749087263237,6
DTEX3,202008,-0.00507561055827597,63
EALT4,202008,-0.00405827153363531,56
ECOR3,202008,0.00246154147553187,63
EGIE3,202008,-0.0425185717425764,63
ELET3,202008,-0.0153957427432805,63
ELET6,202008,-0.0237667306822804,63
EMAE4,202008,-0.00528724987625038,57
EMBR3,202008,-0.0336650098167752,63
ENAT3,202008,-0.0139987569248405,63
ENBR3,202008,-0.0446765730273375,63
ENEV3,202008,-0.0134599774921937,64
ENGI11,202008,0.00423017999046407,63
EQPA3,202008,-0.0432137476312927,61
EQTL3,202008,-0.0130425838180732,64
ETER3,202008,0.0409802184737011,56
EUCA4,202008,0.0380383101056912,63
EVEN3,202008,-0.0394533517633526,63
EZTC3,202008,-0.0080675937333602,63
FBMC4,202008,0.0248560789020961,16
FESA4,202008,-0.0195497163969047,63
FLRY3,202008,-0.0369955384545665,63
FRAS3,202008,-0.0124174059220586,60
GEPA3,202008,-0.0266150737106255,47
GEPA4,202008,-0.0286395598480949,47
GFSA3,202008,-0.0662082954403578,63
GGBR3,202008,0.026635036729871,62
GGBR4,202008,-0.00659959874567009,63
GNDI3,202008,-0.0185241682026742,64
GOAU3,202008,-0.0224898201397856,62
GOAU4,202008,-0.026217600675267,63
GOLL4,202008,-0.00970750635433045,63
GPCP3,202008,-0.0460644443424714,56
GRND3,202008,-0.025323814669016,63
GUAR3,202008,-0.0026125293718473,64
HAPV3,202008,-0.0223714053333638,63
HBOR3,202008,-0.0264418885529033,63
HGTX3,202008,-0.0227877335524476,63
HYPE3,202008,-0.0221942342632591,64
IGTA3,202008,-0.0486966286879619,64
IRBR3,202008,-0.0416281190618509,64
ITSA3,202008,0.0054585054570099,62
ITSA4,202008,-0.0226499393182026,64
ITUB3,202008,-0.0472295226532006,62
ITUB4,202008,-0.0303937834168402,64
JBSS3,202008,-0.0130272217429184,63
JHSF3,202008,0.00381297114405796,63
JOPA3,202008,-0.00664625361787655,58
JPSA3,202008,-0.0405005282618207,62
JSLG3,202008,-0.00445000416332739,63
KEPL3,202008,0.026245476397998,62
KLBN11,202008,-0.0203330011668161,63
KLBN3,202008,0.0927868816233036,59
KLBN4,202008,0.122639515185165,60
KROT11,202008,-0.0225582249665295,55
LAME3,202008,-0.00233231764803616,64
LAME4,202008,-0.0163826619791935,63
LCAM3,202008,-0.0340520530999332,63
LEVE3,202008,-0.00703418980427526,63
LIGT3,202008,-0.00525708259306378,63
LINX3,202008,-0.0175347975504331,63
LJQQ3,202008,-0.0141295031478221,63
LLIS3,202008,-0.0203493187486629,61
LOGG3,202008,-0.037650094313554,64
LOGN3,202008,0.00145561528032064,64
LPSB3,202008,-0.025167746250863,63
LREN3,202008,-0.0159140550959719,63
LUPA3,202008,-0.0148996815915862,15
LWSA3,202008,-0.0125131843777224,62
MDIA3,202008,-0.0155619134957861,64
MDNE3,202008,-0.0268899155701778,63
MEAL3,202008,0.00820381551029114,63
MGEL4,202008,0.00371364326474286,17
MGLU3,202008,-0.0130371328573997,64
MILS3,202008,0.0127729330557542,64
MNPR3,202008,0.0259070064389125,15
MOVI3,202008,-0.0362220390544258,63
MRFG3,202008,-0.00950842848690211,64
MRVE3,202008,-0.0129860542998195,63
MTRE3,202008,-0.0284334071185392,62
MTSA4,202008,0.0171443180501098,56
MULT3,202008,-0.0162198051717849,64
MYPK3,202008,-0.0339072809281259,64
NEOE3,202008,-0.0177209079096898,62
NTCO3,202008,-0.0125450359836079,64
ODPV3,202008,-0.0275359100081666,63
OFSA3,202008,-0.0191786981732575,62
OIBR3,202008,-0.0157997390910399,65
OIBR4,202008,-0.022531109067193,58
OMGE3,202008,-0.00850877199474007,64
PARD3,202008,-0.0143091152824828,63
PCAR3,202008,-0.034685038694105,63
PDTC3,202008,0.000470947860796548,61
PEAB3,202008,0.0033949438127206,15
PEAB4,202008,0.0112715029296008,15
PETR3,202008,-0.0115504585076529,63
PETR4,202008,-0.0187317332603409,65
PFRM3,202008,-0.0228448783182518,61
PMAM3,202008,-0.0196434829477716,44
PNVL3,202008,-0.0138809151119979,62
PNVL4,202008,-0.0333039658531801,61
POMO3,202008,-0.0576170625793198,54
POMO4,202008,-0.0256594267199842,64
POSI3,202008,-0.0018490453557836,63
PPLA11,202008,0.038113983107097,53
PRIO3,202008,-0.0177266330107804,63
PRNR3,202008,-0.0341301435926003,61
PSSA3,202008,0.00482334869971109,62
PTBL3,202008,0.00178227349558524,62
QUAL3,202008,-0.0229294359174729,65
RADL3,202008,-0.00553392398374192,63
RAIL3,202008,-0.00968639084713899,64
RANI3,202008,-0.0316622530992063,61
RAPT3,202008,-0.00213809922099281,58
RAPT4,202008,-0.0118213448458844,64
RDNI3,202008,-0.0185101780485485,62
RENT3,202008,-0.0102419331716988,64
RLOG3,202008,-0.0160052055564195,64
ROMI3,202008,-0.0425816685973657,61
RPAD3,202008,-0.0046495221433956,58
SANB11,202008,-0.032003505438171,63
SAPR11,202008,-0.0368088055085404,64
SAPR3,202008,0.0117550341286042,60
SAPR4,202008,-0.0207590662120933,63
SBSP3,202008,-0.00260211481830977,63
SCAR3,202008,-0.00251414391016618,62
SEER3,202008,-0.0209145505595217,63
SGPS3,202008,0.0330788685259727,60
SHOW3,202008,-0.0338371492182797,62
SHUL4,202008,-0.0533754325456752,62
SLCE3,202008,-0.000707533893509754,63
SMLS3,202008,-0.0413359881090823,64
SMTO3,202008,-0.00719705107229191,63
SOMA3,202008,-0.0119351626731346,64
SQIA3,202008,-0.0185007467262036,63
STBP3,202008,-0.0324977858896133,64
SULA11,202008,-0.0135970949605499,64
SULA4,202008,0.0833824404000509,57
SUZB3,202008,-0.0140599273718495,64
TAEE11,202008,-0.040859939771309,63
TAEE4,202008,-0.040763355272002,59
TASA4,202008,-0.0593981070506223,59
TCSA3,202008,-0.0305334265017004,63
TECN3,202008,-0.00523838542331125,59
TEND3,202008,-0.012012887885716,63
TESA3,202008,-0.0169185719207256,61
TGMA3,202008,0.00301080839644801,63
TIET11,202008,-0.0258945468107056,63
TIET3,202008,-0.0315288932297642,60
TIET4,202008,-0.0401901283887764,59
TIMP3,202008,-0.0178780428271166,63
TOTS3,202008,-0.0102946085101524,63
TPIS3,202008,-0.060160633480923,59
TRIS3,202008,-0.0461722326321787,63
TRPL4,202008,-0.043126411577937,62
TUPY3,202008,-0.0472014227612442,63
UCAS3,202008,-0.0138356672784308,61
UGPA3,202008,-0.00820832967486482,63
UNIP3,202008,-0.0211853856632872,59
UNIP6,202008,0.0127698251984356,63
USIM3,202008,-0.00917664038904982,62
USIM5,202008,-0.0236248707465968,63
VALE3,202008,-0.0179830500630315,65
VIVA3,202008,-0.00392008192390801,63
VIVT3,202008,-0.0197684941319444,62
VIVT4,202008,-0.0104809598305241,63
VLID3,202008,-0.0281094147831193,63
VULC3,202008,-0.0270010007587512,62
VVAR3,202008,-0.012183129532751,64
WEGE3,202008,-0.0033901435198849,63
WHRL4,202008,0.0388264918198608,56
WIZS3,202008,0.000541042455689648,63
WLMM4,202008,-0.00819664735069592,41
YDUQ3,202008,-0.0133351031122516,63
AALR3,202009,-0.0913864027296695,64
ABCB4,202009,-0.035590072464979,66
ABEV3,202009,-0.0519289163841196,66
AGRO3,202009,-0.0408781351868873,65
ALPA3,202009,-0.0388814137968026,63
ALPA4,202009,-0.0548990035509396,65
ALPK3,202009,-0.0496263382476083,64
ALSO3,202009,-0.0754886262877476,65
ALUP11,202009,-0.0152809410882916,65
ALUP3,202009,0.0484654653035109,61
AMAR3,202009,-0.0573611540400819,64
AMBP3,202009,-0.0495248877727609,64
ANIM3,202009,-0.0441374963837737,65
APER3,202009,-0.0306056936370015,62
ARZZ3,202009,-0.0530255837802519,65
AZEV4,202009,0.00480816404902724,59
AZUL4,202009,-0.0480394981750338,65
B3SA3,202009,-0.0495896526312383,67
BALM4,202009,-0.0243031769996195,59
BAZA3,202009,-0.186325412740667,59
BBAS3,202009,-0.0479850519230234,66
BBDC3,202009,-0.0459567929403432,65
BBDC4,202009,-0.0418862144987131,65
BBRK3,202009,-0.0768361570020594,63
BBSE3,202009,-0.0557136167128924,65
BBTG11,202009,-0.0612504284760351,61
BEEF11,202009,-0.0290317133001247,63
BEEF3,202009,-0.0477236021186819,65
BEES3,202009,0.00250340694618632,59
BIDI11,202009,-0.0474816576391576,66
BIDI3,202009,-0.0613223509910252,65
BIDI4,202009,-0.0470142520540546,65
BKBR3,202009,-0.0474737260804816,65
BMGB4,202009,-0.0101423381685403,64
BOAS3,202009,-0.0475532270176307,65
BOBR4,202009,0.00106640202231194,59
BPAC11,202009,-0.0596756285969898,65
BPAC3,202009,-0.0381082486309358,56
BPAC5,202009,-0.120779987871209,64
BPAN4,202009,-0.0427482897811928,64
BRAP3,202009,-0.028329136828128,64
BRAP4,202009,-0.041430919527454,66
BRDT3,202009,-0.0532989495616318,66
BRFS3,202009,-0.040012324590257,65
BRGE3,202009,0.00190927998644164,58
BRIV3,202009,-0.000716359540507169,58
BRIV4,202009,-0.0262358517275492,24
BRKM5,202009,-0.0487438622633435,65
BRML3,202009,-0.0407983387917069,65
BRPR3,202009,-0.0452690671304773,64
BRSR3,202009,0.0168823537180417,58
BRSR6,202009,-0.0271206711686464,64
BTOW3,202009,-0.0430805573507912,65
CAMB3,202009,-0.0266056694914851,56
CAML3,202009,-0.022899669204293,64
CARD3,202009,-0.028922228775457,63
CCPR3,202009,-0.0436859733309697,63
CCRO3,202009,-0.0537565846883601,66
CEAB3,202009,-0.054822602537664,64
CEBR3,202009,-0.00145431133517113,11
CEBR5,202009,0.0342209656085422,31
CEBR6,202009,-0.0198623378132821,35
CEEB3,202009,0.00383703795717398,7
CEED3,202009,-0.00628492970211974,7
CEED4,202009,-0.00221427694919085,7
CEPE3,202009,-0.00181525600014152,8
CEPE5,202009,0.0434360608649226,13
CEPE6,202009,0.0389620323922347,11
CESP3,202009,0.0146893490397819,62
CESP6,202009,-0.0508048423350831,65
CGAS5,202009,-0.0372965588800086,52
CGRA4,202009,0.00781668781620337,64
CIEL3,202009,-0.0507059345280453,65
CLSC4,202009,0.017732734874415,64
CMIG3,202009,-0.0452799468299483,64
CMIG4,202009,-0.0459646220455691,65
CNTO3,202009,-0.0527330706240926,65
COCE5,202009,-0.0643644148288434,63
COGN3,202009,-0.0371357500992921,65
CPFE3,202009,-0.06031219066232,65
CPLE3,202009,-0.0936160084504629,65
CPLE6,202009,-0.0449566456682839,64
CRDE3,202009,-0.0392108898362782,63
CRFB3,202009,-0.0518473196991074,65
CRIV3,202009,0.00506901404633305,58
CRIV4,202009,-0.00105739206197336,59
CRPG5,202009,0.0686487842892538,60
CRPG6,202009,0.0740077711078405,31
CSAN3,202009,-0.0479138636112979,66
CSMG3,202009,-0.0437080727576509,64
CSNA3,202009,-0.0508579321996469,65
CSRN3,202009,-0.000870961540724328,7
CSRN5,202009,-0.00247642989929001,7
CTNM4,202009,0.0111948894011422,58
CURY3,202009,-0.0555732049972649,65
CVCB3,202009,-0.0468696910384333,67
CYRE3,202009,-0.0547772316309803,65
DHBI4,202009,-0.0828830323631287,11
DIRR3,202009,-0.0355495937640286,64
DMMO11,202009,-0.0841254654761406,37
DMMO3,202009,-0.0311565356923748,64
DMVF3,202009,-0.0259873385234314,62
DOHL4,202009,-0.0708475457516572,8
DTEX3,202009,-0.0339776714021859,64
EALT4,202009,0.00442425398243045,59
ECOR3,202009,-0.0773844089392796,65
EGIE3,202009,-0.0525688358958047,65
ELET3,202009,-0.0529057444092332,65
ELET6,202009,-0.0577247463911213,65
EMAE4,202009,0.0153935983698827,60
EMBR3,202009,-0.0282529143298411,65
ENAT3,202009,-0.035840067694006,64
ENBR3,202009,-0.04745706175196,65
ENEV3,202009,-0.0529040987776811,65
ENGI11,202009,-0.0518382763006484,65
EQPA3,202009,-0.0311881641190924,63
EQTL3,202009,-0.0428742644907035,66
ETER3,202009,0.0168565034964394,61
EUCA4,202009,-0.0457914485166008,64
EVEN3,202009,-0.0562556811983108,64
EZTC3,202009,-0.0482890680727368,65
FBMC4,202009,0.0599751152497723,5
FESA4,202009,0.00829753979871587,65
FLRY3,202009,-0.0402553764411614,65
FRAS3,202009,-0.00983304167412657,62
GEPA3,202009,-0.0472669910230737,47
GEPA4,202009,-0.0371756320904652,47
GFSA3,202009,-0.0517545622804596,64
GGBR3,202009,-0.0229395276275306,63
GGBR4,202009,-0.0696526549903532,65
GNDI3,202009,-0.0535826892672486,66
GOAU3,202009,-0.0448060934964792,64
GOAU4,202009,-0.0491992477800387,65
GOLL4,202009,-0.0343932330659884,65
GPCP3,202009,-0.0638843177538751,59
GRND3,202009,-0.0677955576168114,64
GUAR3,202009,-0.0680121657481659,65
HAGA4,202009,0.00225852050393861,59
HAPV3,202009,-0.0485223886751201,65
HBOR3,202009,-0.0603421121545278,64
HBSA3,202009,-0.0528038332908254,65
HGTX3,202009,-0.0447360023380426,65
HYPE3,202009,-0.041108499832566,66
IGTA3,202009,-0.0515308584010016,65
IRBR3,202009,-0.0375244375399951,66
ITSA3,202009,-0.038074742299828,64
ITSA4,202009,-0.0497964741650579,65
ITUB3,202009,-0.0375795330677244,64
ITUB4,202009,-0.0461583520519117,65
JBSS3,202009,-0.0597348321765965,65
JHSF3,202009,-0.048286031500709,65
JOPA3,202009,-0.0040653473378126,58
JPSA3,202009,-0.058037891040649,63
KEPL3,202009,-0.0305972153687815,64
KLBN11,202009,-0.0430519913886159,65
KLBN3,202009,-0.0607033587990229,61
KLBN4,202009,-0.060148119206846,61
KROT11,202009,-0.0111578979874526,55
LAME3,202009,-0.048446509597365,66
LAME4,202009,-0.0509955205283784,65
LAVV3,202009,-0.0405890434864253,65
LCAM3,202009,-0.0573919965231043,65
LEVE3,202009,-0.0303787586627032,65
LIGT3,202009,-0.0425943914432438,65
LINX3,202009,-0.0816684105302332,64
LJQQ3,202009,-0.063420867498694,64
LLIS3,202009,-0.0202387807994959,63
LOGG3,202009,-0.0528430425145469,64
LOGN3,202009,-0.0764548484601474,65
LPSB3,202009,-0.0705832104100582,64
LREN3,202009,-0.0481156682559815,65
LUPA3,202009,-0.0421880635115848,15
LUXM4,202009,-0.00641416931456385,59
LWSA3,202009,-0.0493173255934862,64
MDIA3,202009,-0.0392592565187081,66
MDNE3,202009,-0.0757817624902418,65
MEAL3,202009,-0.0877898986381847,64
MELK3,202009,-0.0500243809424382,65
MGEL4,202009,0.0880546449025303,5
MGLU3,202009,-0.0585837094480316,65
MILS3,202009,-0.0240932134796951,65
MNPR3,202009,0.0374831315035773,5
MOVI3,202009,-0.035280689149252,65
MRFG3,202009,-0.0192451089662658,66
MRVE3,202009,-0.0479703307186459,65
MTRE3,202009,-0.0464784502456729,64
MTSA4,202009,-0.0132255190501254,59
MULT3,202009,-0.0610325038721245,66
MYPK3,202009,-0.0406310793765763,64
NEOE3,202009,-0.0672005456307928,64
NTCO3,202009,-0.0542256146747438,66
ODPV3,202009,-0.029247933800871,64
OFSA3,202009,-0.000687246699550923,64
OIBR3,202009,-0.0496195801829503,67
OIBR4,202009,0.033716289896181,63
OMGE3,202009,-0.0425700508839031,65
PARD3,202009,-0.039258699761824,64
PATI3,202009,-0.0116229796165244,59
PCAR3,202009,-0.0493713029038187,65
PDTC3,202009,-0.0837678003865498,63
PEAB3,202009,0.0667094898462892,5
PEAB4,202009,0.0383061614407905,5
PETR3,202009,-0.0439820085830449,65
PETR4,202009,-0.0464788169350492,65
PETZ3,202009,-0.0591260124968611,65
PFRM3,202009,-0.0184511601963997,62
PGMN3,202009,-0.0463031334498326,64
PLPL3,202009,-0.0503457770020098,64
PMAM3,202009,-0.0674510210099757,46
PNVL3,202009,-0.0503360815981501,64
PNVL4,202009,-0.0096535548040966,58
POMO3,202009,-0.0410539345467645,50
POMO4,202009,-0.015900437931143,65
POSI3,202009,-0.0659527675364401,64
PPLA11,202009,-0.0475352912039064,52
PRIO3,202009,-0.0433960606920429,65
PRNR3,202009,-0.050545794356289,63
PSSA3,202009,-0.0397426654473032,64
PTBL3,202009,-0.0501344321475453,63
QUAL3,202009,-0.0472807274786997,67
RADL3,202009,-0.0520064079201736,65
RAIL3,202009,-0.0405212405660988,66
RANI3,202009,-0.0451747727927072,63
RAPT3,202009,0.00143889577766415,58
RAPT4,202009,-0.0396052992777427,64
RDNI3,202009,-0.0432970042796784,64
RENT3,202009,-0.0630730458329956,66
RLOG3,202009,-0.0105601645954797,65
ROMI3,202009,-0.0193563750963091,63
RPAD3,202009,0.00251923522114772,59
RPAD6,202009,0.0177588478544568,24
SANB11,202009,-0.0463342171942774,65
SAPR11,202009,-0.0333678047908895,65
SAPR3,202009,0.0151757436842069,62
SAPR4,202009,-0.0235391963878314,64
SBSP3,202009,-0.0500539496858755,65
SCAR3,202009,-0.0370762677290763,63
SEER3,202009,-0.0644544101036276,65
SGPS3,202009,-0.0343494531034599,62
SHOW3,202009,-0.047366987690071,64
SHUL4,202009,-0.0436551244186855,64
SIMH3,202009,-0.0376525009055905,65
SLCE3,202009,-0.0501329526930677,64
SMLS3,202009,-0.0368991226569903,65
SMTO3,202009,-0.0282687763765958,64
SOMA3,202009,-0.0437431494586773,66
SQIA3,202009,-0.047613271103116,64
STBP3,202009,-0.0152421154345011,66
SULA11,202009,-0.0319899158055607,66
SULA4,202009,0.00503452408017574,58
SUZB3,202009,-0.0492300657522062,66
TAEE11,202009,-0.0399274411786132,65
TAEE4,202009,0.0471748417736755,61
TASA3,202009,0.0133129773988863,61
TASA4,202009,-0.0409594082193816,64
TCSA3,202009,-0.0616623577007804,64
TECN3,202009,-0.0245725388063955,61
TEND3,202009,-0.040989815150477,65
TESA3,202009,-0.023916973774308,63
TGMA3,202009,-0.0755432471560565,64
TIET11,202009,-0.0337943039934665,64
TIET3,202009,0.0478405284845127,62
TIET4,202009,0.0473533663164789,61
TIMP3,202009,-0.0479563114157086,65
TOTS3,202009,-0.0465343391664981,65
TPIS3,202009,0.00221051366988496,59
TRIS3,202009,-0.0573227978262559,65
TRPL4,202009,-0.0349752743136443,64
TUPY3,202009,-0.0388348417169949,66
UCAS3,202009,0.0176824525661454,62
UGPA3,202009,-0.0794460032583545,65
UNIP3,202009,0.0103658148697793,58
UNIP6,202009,-0.0606547556338976,64
USIM3,202009,-0.00199667475846479,63
USIM5,202009,-0.0462071896732525,65
VALE3,202009,-0.0549637793057919,66
VIVA3,202009,-0.0671474038827492,64
VIVT3,202009,-0.0441504551205937,64
VIVT4,202009,-0.0523108148422184,65
VLID3,202009,-0.0142469821663964,64
VULC3,202009,-0.0479262775644868,64
VVAR3,202009,-0.0484983683695358,65
WEGE3,202009,-0.0483445114059152,65
WHRL4,202009,0.000859432136287851,59
WIZS3,202009,-0.0889669005511491,64
WLMM4,202009,0.0540658638949836,60
YDUQ3,202009,-0.0362967545257952,65
AALR3,202010,-0.0595297137296763,65
ABCB4,202010,-0.0157400241257034,66
ABEV3,202010,0.000716210118041902,67
AGRO3,202010,-0.0180441733321735,65
ALPA3,202010,0.0122350525791521,64
ALPA4,202010,-0.00807791672200265,66
ALPK3,202010,-0.00182032380028725,64
ALSO3,202010,-0.0450238915167859,66
ALUP11,202010,-0.0267289554008349,66
AMAR3,202010,-0.0313109240674128,65
AMBP3,202010,-0.00959511319105963,65
ANIM3,202010,-0.000754398685756421,65
APER3,202010,-0.0149888929913654,63
ARZZ3,202010,-0.0163468704753379,65
AZEV4,202010,-0.00261408390255288,63
AZUL4,202010,-0.0254519648082555,66
B3SA3,202010,-0.0103545754956464,68
BBAS3,202010,-0.0107351273917083,67
BBDC3,202010,-0.00960376928414316,66
BBDC4,202010,-0.0240000287621731,67
BBRK3,202010,-0.0317823620333732,64
BBSE3,202010,-0.0240024912663654,66
BBTG11,202010,-0.0148139703832901,61
BEEF11,202010,0.0238554264039793,61
BEEF3,202010,-0.0260868157140313,66
BEES3,202010,0.0209180330861543,59
BIDI11,202010,-0.00795118579337768,66
BIDI3,202010,-0.0342869347769025,65
BIDI4,202010,-0.00489427905315607,66
BKBR3,202010,0.00433560041142929,66
BMGB4,202010,-0.000926212373607178,66
BOAS3,202010,-0.0148330311432396,65
BOBR4,202010,0.0269545612508321,59
BPAC11,202010,-0.0254693086493632,66
BPAC3,202010,-0.00546740183119215,60
BPAC5,202010,-0.0208221783653503,65
BPAN4,202010,-0.0252662244661696,65
BRAP3,202010,0.00441305004450041,64
BRAP4,202010,-0.0308685688306154,67
BRDT3,202010,-0.0179867537013858,66
BRFS3,202010,-0.0152878812624886,66
BRGE3,202010,0.0116514558486879,59
BRIV3,202010,0.0103872827618654,59
BRKM5,202010,-0.020726138754203,66
BRML3,202010,-0.00584339009574559,67
BRPR3,202010,-0.0191459617298541,66
BRSR3,202010,0.0222467257148499,59
BRSR6,202010,-0.00886988121248967,66
BTOW3,202010,-0.0152241900807799,66
CAMB3,202010,-0.0221444844645362,60
CAML3,202010,-0.0155214880905621,65
CARD3,202010,0.00997241179740023,64
CCPR3,202010,-0.00208749284839334,65
CCRO3,202010,-0.0246666480036853,67
CEAB3,202010,-0.00667865203267827,66
CEBR3,202010,-0.0272107975249451,9
CEBR5,202010,0.0382196948976073,52
CEBR6,202010,-0.0349346825409165,52
CEEB3,202010,0.0407237900232631,7
CEED3,202010,-0.0305819650718781,7
CEED4,202010,0.0380783971019992,7
CEPE3,202010,0.0542327239957906,5
CEPE5,202010,-0.0217792173901562,10
CEPE6,202010,-0.0227744783959575,9
CESP3,202010,-0.00838341827984942,62
CESP6,202010,-0.0399417683435061,66
CGAS5,202010,0.00339996116103604,53
CGRA4,202010,0.0155862817483408,65
CIEL3,202010,-0.00266947791827777,66
CLSC4,202010,-0.0239701370444215,65
CMIG3,202010,-0.0232612970234138,65
CMIG4,202010,-0.0170929775690132,66
CNTO3,202010,-0.0309800324690631,65
COCE3,202010,-0.00320346471302518,20
COCE5,202010,-0.0317893469376469,65
COGN3,202010,-0.00281487523749206,66
CPFE3,202010,-0.015779184537947,66
CPLE3,202010,-0.0382293976691434,66
CPLE6,202010,-0.00454060440190771,65
CRDE3,202010,-0.0530597430759671,64
CRFB3,202010,-0.0136942227923841,66
CRIV3,202010,0.0187228448728296,59
CRIV4,202010,0.0193446195946033,59
CRPG5,202010,0.0188509538438169,61
CRPG6,202010,0.0372251268279142,52
CSAN3,202010,-0.0128578931765926,66
CSMG3,202010,-0.000686910647690971,66
CSNA3,202010,-0.028234747566266,66
CSRN3,202010,0.0461021069604428,7
CSRN5,202010,0.026791574977382,7
CTNM4,202010,0.0124631929469999,59
CURY3,202010,-0.0106518918476461,65
CVCB3,202010,-0.0298095157405571,68
CYRE3,202010,-0.0149664228612599,67
DHBI4,202010,-0.0627098255964139,12
DIRR3,202010,-0.0105960152238236,66
DMMO11,202010,-0.0215436843918194,38
DMMO3,202010,-0.0313802883221297,65
DMVF3,202010,0.00105095328337904,63
DOHL4,202010,-0.0518465612963427,9
DTEX3,202010,0.00180270263273839,66
EALT4,202010,0.0252519607684757,59
ECOR3,202010,-0.036306278744937,66
EGIE3,202010,-0.00336672574240701,66
ELET3,202010,-0.0274310733475365,66
ELET6,202010,-0.0327216318664003,66
EMAE4,202010,0.0300409996505901,61
EMBR3,202010,-0.0309091255823137,66
ENAT3,202010,-0.0230313325370192,65
ENBR3,202010,-0.0182923119661101,66
ENEV3,202010,-0.00779221519889314,65
ENGI11,202010,-0.0110065348821156,66
EQPA3,202010,-0.0570284436595686,64
EQTL3,202010,-0.0285665054849342,67
ETER3,202010,-0.0335913697616298,62
EUCA4,202010,-0.00748357027519227,65
EVEN3,202010,-0.0327916731736757,66
EZTC3,202010,-0.0138300287324839,66
FBMC4,202010,-0.0814419300465993,5
FESA4,202010,0.00900566313970296,66
FLRY3,202010,-0.0133421452975952,66
FRAS3,202010,0.0170505592772015,61
GEPA3,202010,0.0110184522205433,49
GEPA4,202010,0.00484645897321283,49
GFSA3,202010,-0.026911750448117,65
GGBR3,202010,0.0333460194142823,65
GGBR4,202010,-0.0213649435973664,66
GMAT3,202010,-0.0171726826050079,66
GNDI3,202010,-0.0188973215932345,67
GOAU3,202010,-0.0200094266900012,64
GOAU4,202010,-0.0233137037073274,67
GOLL4,202010,-0.0260751215413592,66
GPCP3,202010,-0.00202187677374665,59
GRND3,202010,-0.03604276556055,66
GUAR3,202010,-0.0380698185710756,66
HAGA4,202010,0.0237261377817617,59
HAPV3,202010,-0.0154522384426282,66
HBOR3,202010,-0.0314006728452771,65
HBSA3,202010,-0.00692646066843098,66
HGTX3,202010,0.00397501232737431,66
HYPE3,202010,-0.0330114587614918,67
IGTA3,202010,-0.0364368147954303,67
IRBR3,202010,-0.0342201239744758,67
ITSA3,202010,-0.0164770701808056,64
ITSA4,202010,-0.019236582466188,66
ITUB3,202010,-0.00634297481139339,64
ITUB4,202010,-0.00655477086699511,66
JBSS3,202010,-0.011652540289168,66
JHSF3,202010,-0.00521928821326271,66
JOPA3,202010,0.00590748952629406,59
JPSA3,202010,-0.0328910371775984,65
KEPL3,202010,0.00384209594085766,65
KLBN11,202010,-0.0173543497616061,66
KLBN3,202010,0.006634205705216,29
KLBN4,202010,-0.037578719707124,63
KROT11,202010,0.00669549421908162,58
LAME3,202010,-0.0378104499638663,66
LAME4,202010,-0.0159621056025513,66
LAVV3,202010,-0.0165947909062467,65
LCAM3,202010,-0.0383174857068253,66
LEVE3,202010,-0.012573628937686,66
LIGT3,202010,-0.0141241629177427,66
LINX3,202010,-0.0420257965288936,65
LJQQ3,202010,-0.0297760423493009,65
LLIS3,202010,-0.00473596024049743,64
LOGG3,202010,-0.0173338022250649,66
LOGN3,202010,-0.0459594389158344,65
LPSB3,202010,-0.0363066844622415,65
LREN3,202010,-0.0179189702984158,66
LUPA3,202010,-0.0387111839152387,15
LUXM4,202010,0.00435624953410363,59
LWSA3,202010,-0.0130417188842211,65
MDIA3,202010,-0.0208474922342041,65
MDNE3,202010,-0.0350275502053568,65
MEAL3,202010,-0.0542089037154185,65
MELK3,202010,-0.0154695340744875,65
MGEL4,202010,-0.0927831564148233,5
MGLU3,202010,-0.015133030830652,66
MILS3,202010,-0.0224452075237536,65
MNPR3,202010,-0.0782090497793147,5
MOVI3,202010,-0.0159579686334656,66
MRFG3,202010,-0.0265394701285792,67
MRVE3,202010,-0.00500138624834161,66
MTRE3,202010,-0.00590735558458579,65
MTSA4,202010,0.0248146714221029,59
MULT3,202010,-0.0329235121675271,67
MYPK3,202010,-0.0134510913168676,65
NEOE3,202010,-0.0338439195604609,66
NTCO3,202010,-0.00481203374498727,67
ODPV3,202010,-0.0291264830288681,65
OFSA3,202010,-0.0279860987333813,65
OIBR3,202010,-0.0221671700771766,67
OIBR4,202010,0.0893110287228688,63
OMGE3,202010,-0.0159217666156746,65
PARD3,202010,-0.0171629886902275,65
PATI3,202010,0.0209927072579497,59
PCAR3,202010,-0.020288463050561,66
PDTC3,202010,-0.0532347118871076,63
PEAB3,202010,-0.0946320564468838,5
PEAB4,202010,-0.0525454263593062,5
PETR3,202010,-0.00276900273941126,66
PETR4,202010,-0.0162190508713446,67
PETZ3,202010,-0.0177944306304899,65
PFRM3,202010,0.0178144092671988,63
PGMN3,202010,-0.0281944498075397,65
PLPL3,202010,-0.0182274481945124,65
PMAM3,202010,0.0102140857122103,57
PNVL3,202010,-0.0206700988524676,65
PNVL4,202010,0.086835830594597,57
POMO3,202010,-0.0537901289540885,52
POMO4,202010,-0.00940586258032947,66
POSI3,202010,-0.0321463284338744,65
PPLA11,202010,0.0153346484776527,37
PRIO3,202010,-0.0216955970147556,66
PRNR3,202010,0.00127453143523634,63
PSSA3,202010,-0.00893453893690112,65
PTBL3,202010,-0.00487340931772409,65
QUAL3,202010,-0.0168842489345188,68
RADL3,202010,-0.000998559224740053,66
RAIL3,202010,-0.0129256182984199,67
RANI3,202010,-0.0110829644073761,64
RAPT3,202010,0.0132574488110649,59
RAPT4,202010,-0.00181013290677403,65
RDNI3,202010,-0.0199893210264624,64
RENT3,202010,-0.0174772965112795,67
RLOG3,202010,-0.00331706597797206,65
ROMI3,202010,-0.00442517554429572,64
RPAD3,202010,0.00571946798585868,59
RPAD6,202010,0.0176157488638915,28
SANB11,202010,-0.00333226814820904,66
SAPR11,202010,-0.0168106370600691,66
SAPR3,202010,-0.00228912320458576,9
SAPR4,202010,0.00132456121458272,65
SBSP3,202010,-0.0242613464265733,66
SCAR3,202010,0.0174487894746905,64
SEER3,202010,-0.0332903867925448,66
SEQL3,202010,-0.0334215563940106,65
SGPS3,202010,0.0116709971455669,63
SHOW3,202010,-0.0352631167246869,65
SHUL4,202010,-0.00358474807059218,65
SIMH3,202010,-0.0145275078150171,66
SLCE3,202010,-0.0286977633490375,66
SMLS3,202010,-0.0309816093287647,66
SMTO3,202010,-0.0107266271773278,66
SOMA3,202010,-0.0170865045431463,66
SQIA3,202010,-0.021640573750269,65
STBP3,202010,-0.0226396787708062,67
SULA11,202010,-0.0317290046114454,67
SULA4,202010,0.050794055798089,63
SUZB3,202010,-0.0208715283259305,67
TAEE11,202010,-0.0203436713527409,66
TASA3,202010,0.103505649204555,61
TASA4,202010,-0.0197496956236477,65
TCSA3,202010,-0.0302166766774244,65
TECN3,202010,-0.0034323886595092,63
TEND3,202010,-0.0177583006325684,65
TESA3,202010,0.00352538736634056,63
TFCO4,202010,-0.0285286673863831,65
TGMA3,202010,-0.0507503109563563,65
TIET11,202010,-0.0172569880163077,65
TIET3,202010,-0.0164439393213696,63
TIMP3,202010,-0.0320781723243295,37
TIMS3,202010,-0.0166721798947928,66
TOTS3,202010,-0.00310208158503861,66
TPIS3,202010,0.0127792592380763,59
TRIS3,202010,-0.0285629005093791,65
TRPL4,202010,-0.00745820058794923,66
TUPY3,202010,-0.0197503135945035,66
UCAS3,202010,-0.0293980558399868,60
UGPA3,202010,-0.0422927095541033,66
UNIP3,202010,0.0130130934235064,59
UNIP6,202010,-0.0279390791207588,65
USIM3,202010,0.0133142265842938,64
USIM5,202010,-0.00536094687159497,66
VALE3,202010,-0.0252832046881314,67
VIVA3,202010,-0.0208474972168788,65
VIVT3,202010,-0.0255211394225378,64
VIVT4,202010,-0.00517539826090606,66
VLID3,202010,0.0160711033908518,65
VULC3,202010,-0.000862314147143321,66
VVAR3,202010,-0.0185568790121467,66
WEGE3,202010,-0.00853691280195278,66
WHRL4,202010,0.0367348701032841,61
WIZS3,202010,-0.0584387527229669,65
WLMM4,202010,0.0398235240383264,61
YDUQ3,202010,-0.0245133819270494,66
AALR3,202011,0.163293373678879,65
ABCB4,202011,0.163523689861433,66
ABEV3,202011,0.152291305599418,68
AERI3,202011,0.129842686714071,66
AGRO3,202011,0.154015837883765,65
ALPA3,202011,0.137651695377249,64
ALPA4,202011,0.141217303941678,66
ALPK3,202011,0.156262781355116,64
ALSO3,202011,0.155282469950144,66
ALUP11,202011,0.156851213249352,67
AMAR3,202011,0.127665205776763,66
AMBP3,202011,0.129410861997602,65
ANIM3,202011,0.138602944124872,65
APER3,202011,0.143711047055604,63
ARZZ3,202011,0.13304503015786,66
AZEV4,202011,0.153363865431496,64
AZUL4,202011,0.1779030782692,66
B3SA3,202011,0.122867233576513,68
BBAS3,202011,0.143608742728757,68
BBDC3,202011,0.141036671584578,66
BBDC4,202011,0.13817519762476,67
BBRK3,202011,0.146777260051959,65
BBSE3,202011,0.132733020540572,66
BBTG11,202011,0.124394931069087,59
BEEF11,202011,0.0908047203276626,62
BEEF3,202011,0.194854355439225,66
BEES3,202011,0.140310270830578,59
BIDI11,202011,0.144195517466594,67
BIDI3,202011,0.142371849063388,66
BIDI4,202011,0.139078563417069,67
BKBR3,202011,0.159699078702534,67
BMGB4,202011,0.144521714708982,66
BOAS3,202011,0.12484300632675,65
BOBR4,202011,0.131378219215934,59
BPAC11,202011,0.13222494624466,67
BPAC3,202011,0.0644712975223996,61
BPAC5,202011,0.151879645667286,65
BPAN4,202011,0.196920441548296,66
BRAP3,202011,0.121627845357172,65
BRAP4,202011,0.187185622997674,67
BRDT3,202011,0.132954291665388,66
BRFS3,202011,0.124304233953865,67
BRGE3,202011,0.0921446003540132,60
BRIV3,202011,0.0933315238627681,60
BRKM5,202011,0.152995314040037,66
BRML3,202011,0.151322670485317,67
BRPR3,202011,0.150845587517592,66
BRSR3,202011,0.143527228084734,60
BRSR6,202011,0.160143939534525,66
BTOW3,202011,0.142772252866504,66
CAMB3,202011,0.0753921711715035,62
CAML3,202011,0.181402969813239,66
CARD3,202011,0.0944378631898023,65
CASH3,202011,0.135667574227362,67
CCPR3,202011,0.109026346795874,66
CCRO3,202011,0.118938300200976,67
CEAB3,202011,0.105210084797238,66
CEBR3,202011,0.112543394455803,10
CEBR5,202011,0.11836178802013,52
CEBR6,202011,0.141726966790049,53
CEEB3,202011,-0.168077130639813,7
CEED3,202011,-0.087098369108116,7
CEED4,202011,-0.0822816193649147,7
CEPE3,202011,-0.133583309463457,8
CEPE5,202011,0.153796704051276,11
CEPE6,202011,0.144610571461741,10
CESP3,202011,0.165141546014286,62
CESP6,202011,0.144304137001224,66
CGAS5,202011,0.0912868259094987,59
CGRA3,202011,0.200548786172091,56
CGRA4,202011,0.109827052914691,65
CIEL3,202011,0.13961962368139,66
CLSC4,202011,0.152675382297575,66
CMIG3,202011,0.124619917107902,66
CMIG4,202011,0.133884158873213,67
CNTO3,202011,0.140726418821701,66
COCE3,202011,-0.0580765477859182,20
COCE5,202011,0.223545555656095,66
COGN3,202011,0.177833246196673,66
CPFE3,202011,0.110364365044923,66
CPLE3,202011,0.138469686173152,67
CPLE6,202011,0.157187629500423,65
CRDE3,202011,0.123371603174857,65
CRFB3,202011,0.135502157837547,66
CRIV3,202011,0.0919894237311265,60
CRIV4,202011,0.14138023717917,59
CRPG5,202011,0.124295145395317,61
CRPG6,202011,0.110826701537265,52
CSAN3,202011,0.153542605396534,66
CSMG3,202011,0.156217867341588,66
CSNA3,202011,0.140964176945661,66
CSRN3,202011,-0.172720781869974,7
CSRN5,202011,-0.153959717157087,7
CTNM4,202011,0.0896404705295286,60
CURY3,202011,0.120185392568865,66
CVCB3,202011,0.176233029740218,68
CYRE3,202011,0.144783657831324,67
DHBI4,202011,0.11428606830564,12
DIRR3,202011,0.141106716430957,66
DMMO11,202011,0.175072739306511,38
DMMO3,202011,0.19869186008529,66
DMVF3,202011,0.127962638293315,63
DOHL4,202011,0.195656099446658,9
DTEX3,202011,0.165450075509986,66
EALT4,202011,0.132887023948183,59
ECOR3,202011,0.139789806593119,67
EGIE3,202011,0.140235906788363,66
ELET3,202011,0.140938265302744,66
ELET6,202011,0.136653459168665,66
EMAE4,202011,0.1383376221466,61
EMBR3,202011,0.180274543426451,66
ENAT3,202011,0.15099955282179,66
ENBR3,202011,0.141969295544079,66
ENEV3,202011,0.142045560665036,66
ENGI11,202011,0.101175833387488,66
ENJU3,202011,0.118639170328565,67
EQPA3,202011,0.114176675645818,65
EQTL3,202011,0.140680680803125,67
ETER3,202011,0.264014423735887,63
EUCA4,202011,0.0920026285659941,65
EVEN3,202011,0.162975208420518,66
EZTC3,202011,0.129971983110944,66
FBMC4,202011,0.057857202308405,5
FESA4,202011,0.140878757839523,65
FLRY3,202011,0.170258587201738,66
FRAS3,202011,0.118559446754465,62
GEPA3,202011,0.0914909423703278,49
GEPA4,202011,0.10615794552893,49
GFSA3,202011,0.155557913058415,66
GGBR3,202011,0.135840720367603,65
GGBR4,202011,0.130395076792899,67
GMAT3,202011,0.138987216651904,67
GNDI3,202011,0.137630521948567,67
GOAU3,202011,0.138280616924628,65
GOAU4,202011,0.139786613543791,66
GOLL4,202011,0.196774705597542,66
GPCP3,202011,0.112518778922657,59
GRND3,202011,0.157576600009548,66
GUAR3,202011,0.147497381772522,66
HAPV3,202011,0.141802397067352,67
HBOR3,202011,0.157976336308807,66
HBSA3,202011,0.104253711716116,66
HGTX3,202011,0.159354455263353,66
HYPE3,202011,0.144621147503097,67
IGTA3,202011,0.189877005557939,67
IRBR3,202011,0.17530036010758,67
ITSA3,202011,0.128102383835957,65
ITSA4,202011,0.14859527824232,66
ITUB3,202011,0.138203265029351,65
ITUB4,202011,0.129874642849621,68
JBSS3,202011,0.128671218158829,67
JHSF3,202011,0.114297427155971,66
JOPA3,202011,0.0922982258349921,60
JPSA3,202011,0.195630725417831,65
JSLG3,202011,0.110472178183098,65
KEPL3,202011,0.109380513649668,66
KLBN11,202011,0.0931089050204409,66
KLBN3,202011,0.0657806894547257,28
KLBN4,202011,0.0720423140896903,63
KROT11,202011,0.0979286508033847,58
LAME3,202011,0.151701408214624,67
LAME4,202011,0.138017490320444,67
LAVV3,202011,0.135322819487107,66
LCAM3,202011,0.156837794504523,66
LEVE3,202011,0.137485854013696,65
LIGT3,202011,0.146835386559269,66
LINX3,202011,0.161730238959677,66
LJQQ3,202011,0.141249705060511,65
LLIS3,202011,0.106275283133123,64
LOGG3,202011,0.158525861441233,66
LOGN3,202011,0.15080984545393,66
LPSB3,202011,0.164159292011988,66
LREN3,202011,0.138389731171278,66
LUPA3,202011,0.220669260735663,15
LUXM4,202011,0.13709317956071,59
LWSA3,202011,0.141300911052149,66
MDIA3,202011,0.143793244822112,66
MDNE3,202011,0.160941127484997,66
MEAL3,202011,0.132473644433044,66
MELK3,202011,0.136006623927649,65
MGEL4,202011,0.0883681422678956,16
MGLU3,202011,0.121262445203318,66
MILS3,202011,0.115217354184216,66
MNPR3,202011,0.050272322787418,16
MOVI3,202011,0.143168267532972,66
MRFG3,202011,0.165328038824892,67
MRVE3,202011,0.154087221889863,66
MTRE3,202011,0.147416090892604,65
MTSA4,202011,0.128886094345012,59
MULT3,202011,0.151368303436669,67
MYPK3,202011,0.185408047255023,66
NEOE3,202011,0.149113378211391,66
NTCO3,202011,0.134379103693622,67
ODPV3,202011,0.191732407787418,66
OFSA3,202011,0.141130120552271,66
OIBR3,202011,0.119124078054477,68
OIBR4,202011,0.120702369847822,58
OMGE3,202011,0.139789344361768,66
PARD3,202011,0.136591629665418,66
PATI3,202011,0.137469659599846,59
PCAR3,202011,0.127843997987954,66
PDTC3,202011,0.155716581341868,64
PETR3,202011,0.125642349105677,67
PETR4,202011,0.13009250260714,67
PETZ3,202011,0.13796125640406,66
PFRM3,202011,0.136340027012156,63
PGMN3,202011,0.151318466996488,65
PLPL3,202011,0.162828016958379,66
PMAM3,202011,0.0835476423778213,62
PNVL3,202011,0.171687695899774,66
PNVL4,202011,0.110040445470694,57
POMO3,202011,0.128849023993367,52
POMO4,202011,0.142281964775028,66
POSI3,202011,0.116406691165429,66
PPLA11,202011,0.0954252843976283,57
PRIO3,202011,0.131226942297046,66
PRNR3,202011,0.14334969213505,61
PSSA3,202011,0.10279217471237,66
PTBL3,202011,0.0963227113455218,65
PTNT4,202011,0.0705280522093476,60
QUAL3,202011,0.162472390378477,68
RADL3,202011,0.132879063482233,66
RAIL3,202011,0.114930752391371,67
RANI3,202011,0.11947089296642,65
RAPT3,202011,0.0833854577218759,60
RAPT4,202011,0.114517146585802,66
RDNI3,202011,0.133388173276117,65
REDE3,202011,0.0964048185610857,24
RENT3,202011,0.130838736512386,67
RLOG3,202011,0.178271698874038,65
ROMI3,202011,0.0976510991952027,65
RPAD3,202011,0.101916744633449,60
RRRP3,202011,0.130213807475137,65
SANB11,202011,0.148498351523322,66
SAPR11,202011,0.159112891501778,67
SAPR4,202011,0.15049361300421,66
SBSP3,202011,0.136845435915507,67
SCAR3,202011,0.117217093443089,65
SEER3,202011,0.160306739535206,66
SEQL3,202011,0.184437026177083,65
SGPS3,202011,0.0811497966584511,64
SHOW3,202011,0.214739002245894,65
SHUL4,202011,0.11969047630816,65
SIMH3,202011,0.157325299536994,66
SLCE3,202011,0.11965140107302,65
SMLS3,202011,0.170710797969636,67
SMTO3,202011,0.165787514773212,66
SOMA3,202011,0.13102351425456,66
SQIA3,202011,0.124227698455116,66
STBP3,202011,0.156619563502553,67
SULA11,202011,0.134806842983146,67
SUZB3,202011,0.128070726614002,67
TAEE11,202011,0.146696660352909,66
TASA3,202011,0.229223218633729,63
TASA4,202011,0.154232783275983,65
TCSA3,202011,0.15565192002825,66
TECN3,202011,0.146598243127257,62
TEND3,202011,0.111735549654774,65
TESA3,202011,0.113464785118846,63
TFCO4,202011,0.157884875355627,65
TGMA3,202011,0.1456810906327,66
TIET11,202011,0.18405293977421,66
TIMS3,202011,0.128506477904223,66
TOTS3,202011,0.0991431757253046,66
TPIS3,202011,0.121987803515809,59
TRIS3,202011,0.147642656868247,66
TRPL4,202011,0.111555453408522,66
TUPY3,202011,0.135034183031695,66
UCAS3,202011,0.149834170377235,10
UGPA3,202011,0.133735446369042,67
UNIP3,202011,0.0834988707184307,60
UNIP6,202011,0.13076917050432,66
USIM3,202011,0.0857067489795977,65
USIM5,202011,0.144303260180724,66
VALE3,202011,0.142510480572349,68
VIVA3,202011,0.141239302889558,66
VIVT3,202011,0.12238830072227,66
VIVT4,202011,0.106170313990586,58
VLID3,202011,0.134734290383796,66
VULC3,202011,0.128266468682619,66
VVAR3,202011,0.160669913589515,66
WEGE3,202011,0.100179183773906,66
WHRL4,202011,0.133101343352859,61
WIZS3,202011,0.171861937807144,66
WLMM4,202011,0.121532992467277,61
YDUQ3,202011,0.18553945919534,66
AALR3,202012,0.0926688267830195,65
ABCB4,202012,0.0704005410225714,67
ABEV3,202012,0.0774118057172786,68
AERI3,202012,0.0829902396618181,66
AGRO3,202012,0.0931642865591923,66
ALPA3,202012,0.0991338645467047,65
ALPA4,202012,0.0835443759598801,67
ALPK3,202012,0.07924172140384,65
ALSO3,202012,0.0791898321688163,67
ALUP11,202012,0.090171901271082,67
AMAR3,202012,0.0848163670708841,65
AMBP3,202012,0.0711557149261703,66
ANIM3,202012,0.0786994935697601,66
APER3,202012,0.0945567905170823,64
ARZZ3,202012,0.083630318288092,67
AVLL3,202012,0.0581695406709808,64
AZUL4,202012,0.0717873870901572,67
B3SA3,202012,0.0814661839241968,69
BBAS3,202012,0.0804700763320977,68
BBDC3,202012,0.0651284811891336,67
BBDC4,202012,0.0828407015639888,68
BBRK3,202012,0.103918809849849,66
BBSE3,202012,0.0845618454062355,67
BBTG11,202012,0.0784069418379692,60
BEEF11,202012,0.0585188477513488,61
BEEF3,202012,0.0727913847347392,67
BEES3,202012,0.094030184195275,59
BIDI11,202012,0.0825294108475556,67
BIDI3,202012,0.0854661445858737,67
BIDI4,202012,0.0832947074027985,67
BIOM3,202012,0.0905216727740698,56
BKBR3,202012,0.083235808106083,66
BMGB4,202012,0.0677014347847722,67
BOAS3,202012,0.0846837826954483,66
BOBR4,202012,0.0978833342699351,60
BPAC11,202012,0.0884224624581172,68
BPAC3,202012,0.119534364500939,61
BPAC5,202012,0.0856976007690972,66
BPAN4,202012,0.0839577938312723,66
BRAP3,202012,0.0776686409583732,66
BRAP4,202012,0.0886195062151258,68
BRDT3,202012,0.0870670760049263,67
BRFS3,202012,0.105600295201655,68
BRGE3,202012,0.0879066766832032,61
BRIV3,202012,0.0891803329346325,61
BRKM5,202012,0.0957377166825534,67
BRML3,202012,0.0872442906448852,68
BRPR3,202012,0.0611895964601431,66
BRSR3,202012,0.0825683909860948,60
BRSR6,202012,0.0579042741328213,66
BTOW3,202012,0.100481528491335,68
CAMB3,202012,0.098008575983789,23
CAML3,202012,0.0729744159703233,65
CARD3,202012,0.0665684663468389,65
CASH3,202012,0.0827175672500516,67
CCPR3,202012,0.0633805303802865,67
CCRO3,202012,0.0835033556734018,68
CEAB3,202012,0.061871606891697,67
CEBR3,202012,0.161954845940354,10
CEBR5,202012,0.348865839934494,48
CEBR6,202012,0.169112646145868,49
CEEB3,202012,0.0973602767523934,7
CEED3,202012,0.0730997621737654,7
CEED4,202012,0.0954302372894855,7
CEPE3,202012,0.0963309343911663,8
CEPE5,202012,0.13384709775392,12
CEPE6,202012,0.102277321710828,10
CESP3,202012,0.0750372407135823,62
CESP6,202012,0.111439760496499,66
CGAS5,202012,0.0610264769045991,59
CGRA4,202012,0.0964143123348099,65
CIEL3,202012,0.0889476178540762,67
CLSC4,202012,0.142688982219734,66
CMIG3,202012,0.0997601044995698,67
CMIG4,202012,0.0896073633597676,68
CNTO3,202012,0.0898511656807181,66
COCE3,202012,0.0741659383045588,21
COCE5,202012,0.0927723424693854,67
COGN3,202012,0.0783529041098918,67
CPFE3,202012,0.082533156981049,67
CPLE3,202012,0.102402915276073,67
CPLE6,202012,0.0881921636279614,67
CRDE3,202012,0.0965562906211486,65
CRFB3,202012,0.102258010094341,67
CRIV4,202012,0.105842390072783,60
CRPG5,202012,0.310586490833093,62
CRPG6,202012,0.3183681002008,48
CSAN3,202012,0.0957356734915662,67
CSMG3,202012,0.0806304205549137,67
CSNA3,202012,0.0818604146374633,67
CSRN3,202012,0.120259356346831,7
CSRN5,202012,0.0997431942027167,7
CTNM4,202012,0.0871107173418899,61
CURY3,202012,0.0634267477977541,66
CVCB3,202012,0.100695380543285,69
CYRE3,202012,0.0830395975528205,68
DHBI4,202012,0.0821744821431291,11
DIRR3,202012,0.0548963638683823,66
DMMO11,202012,0.0733770334664702,41
DMMO3,202012,0.0709420545869774,64
DMVF3,202012,0.0942141269337266,65
DOHL4,202012,0.0893212551043573,9
DTEX3,202012,0.067688898888648,66
EALT4,202012,0.110194926472272,60
ECOR3,202012,0.103649566939353,67
EGIE3,202012,0.0799174925950614,67
ELET3,202012,0.0975972461765662,67
ELET6,202012,0.0910510234739732,67
EMAE4,202012,0.197996787050548,62
EMBR3,202012,0.0874135673087991,67
ENAT3,202012,0.0873420707679333,65
ENBR3,202012,0.0622806391100875,67
ENEV3,202012,0.0798735739807253,67
ENGI11,202012,0.0576548404024659,67
ENJU3,202012,0.0879918261459224,67
EQPA3,202012,0.11981987881176,65
EQTL3,202012,0.114127766885703,68
ETER3,202012,0.0671559059141414,63
EUCA4,202012,0.0613049347379086,66
EVEN3,202012,0.0712628767596239,67
EZTC3,202012,0.0639524917700333,67
FBMC4,202012,0.301338721684521,5
FESA4,202012,0.151437250172302,66
FLRY3,202012,0.0721626677385551,67
FRAS3,202012,0.0823664312091452,62
GEPA3,202012,0.0571197672066498,52
GEPA4,202012,0.0578368972529084,52
GFSA3,202012,0.0696747747704308,65
GGBR3,202012,0.0664121210974244,65
GGBR4,202012,0.0694832740451646,68
GMAT3,202012,0.0993987363648171,67
GNDI3,202012,0.0872101556471165,68
GOAU3,202012,0.102184331946662,65
GOAU4,202012,0.102757844509311,67
GOLL4,202012,0.0744892709557927,67
GPCP3,202012,0.0740203745989538,60
GRND3,202012,0.102087286148537,67
GUAR3,202012,0.104547428147233,67
HAPV3,202012,0.104666973298574,68
HBOR3,202012,0.0878788753702349,66
HBSA3,202012,0.0720005104781616,67
HGTX3,202012,0.0818695450738221,67
HYPE3,202012,0.104428331952206,68
IGTA3,202012,0.102539062349601,68
IRBR3,202012,0.0806123086296928,68
ITSA3,202012,0.104868656852988,65
ITSA4,202012,0.0891711926185085,67
ITUB3,202012,0.100513959625179,67
ITUB4,202012,0.0777648543277611,68
JBSS3,202012,0.0905210027580871,68
JHSF3,202012,0.0552261308038143,67
JOPA3,202012,0.0892882809570513,61
JPSA3,202012,0.0930129061861998,66
JSLG3,202012,0.06809119085027,66
KEPL3,202012,0.0954643131040442,66
KLBN11,202012,0.0762768621720526,67
KLBN3,202012,0.0500794673085944,30
KLBN4,202012,0.0645479720359236,63
KROT11,202012,0.0805713583678744,58
LAME3,202012,0.119583552084263,68
LAME4,202012,0.078574069965883,67
LAVV3,202012,0.100859332178808,67
LCAM3,202012,0.102884977463708,68
LEVE3,202012,0.0502315043039562,65
LIGT3,202012,0.0755179459087429,66
LINX3,202012,0.0948149988640342,67
LJQQ3,202012,0.0790353827799553,67
LLIS3,202012,0.0839662222952278,64
LOGG3,202012,0.0729170585442416,65
LOGN3,202012,0.0645100291482875,66
LPSB3,202012,0.09830976490093,66
LREN3,202012,0.0960497826535782,67
LUPA3,202012,0.109678232340678,15
LUXM4,202012,0.104933170418966,60
LWSA3,202012,0.0770283260023094,66
MDIA3,202012,0.102001668194847,67
MDNE3,202012,0.0859768845677008,66
MEAL3,202012,0.0691725574618336,67
MELK3,202012,0.109938119884584,66
MGEL4,202012,0.103479838038366,5
MGLU3,202012,0.077044331466154,67
MILS3,202012,0.0649401218647189,65
MNPR3,202012,0.445902276783287,5
MOVI3,202012,0.0629630738354612,67
MRFG3,202012,0.112778582979089,68
MRVE3,202012,0.0834405503068398,67
MTRE3,202012,0.0698769691301084,65
MTSA4,202012,0.103481885652168,60
MULT3,202012,0.0864847784119872,68
MYPK3,202012,0.0810497763044107,65
NEOE3,202012,0.0787407579051158,67
NGRD3,202012,0.107433440942566,66
NTCO3,202012,0.0868579231067348,68
ODPV3,202012,0.0670063667849538,66
OFSA3,202012,0.131946401693435,66
OIBR3,202012,0.0878517321117874,69
OIBR4,202012,0.104814370667949,58
OMGE3,202012,0.0873200690675691,66
PARD3,202012,0.10616848205689,66
PATI3,202012,0.0969185242113741,60
PCAR3,202012,0.101215683280078,67
PDGR3,202012,0.0943071619597142,48
PDTC3,202012,0.070151725434322,64
PETR3,202012,0.0977416739578747,68
PETR4,202012,0.0838140535219404,68
PETZ3,202012,0.073016831705015,67
PFRM3,202012,0.0951227194933871,60
PGMN3,202012,0.100016210990278,66
PLPL3,202012,0.102834844465452,67
PMAM3,202012,0.0621853845386148,61
PNVL3,202012,0.0940284497319653,67
PNVL4,202012,0.0713840146060172,59
POMO3,202012,0.102766159529922,53
POMO4,202012,0.0691252766535009,66
POSI3,202012,0.0982575790865103,66
PPLA11,202012,0.0469248788625734,56
PRIO3,202012,0.0690971043059824,67
PRNR3,202012,0.0850096078935983,62
PSSA3,202012,0.0640586571874634,67
PTBL3,202012,0.0667785361054158,66
PTNT4,202012,0.101365927230954,61
QUAL3,202012,0.101472418085481,69
RADL3,202012,0.0869973349178184,67
RAIL3,202012,0.0857012153272915,68
RANI3,202012,0.0757950919592294,65
RAPT3,202012,0.0831917978655654,61
RAPT4,202012,0.0740265211272383,66
RCSL4,202012,0.0738967911369965,63
RDNI3,202012,0.105309903211306,65
RDOR3,202012,0.0783320649363441,68
REDE3,202012,0.147563414389312,23
RENT3,202012,0.088360969422007,68
RLOG3,202012,0.0990340681858155,67
ROMI3,202012,0.0519842697298098,65
RPAD3,202012,0.0908917700558267,61
RRRP3,202012,0.0861197778946518,66
SANB11,202012,0.0985126525505553,67
SAPR11,202012,0.0635626070581465,67
SAPR4,202012,0.0799288343234144,64
SBSP3,202012,0.106604607360902,67
SCAR3,202012,0.109361636496377,64
SEER3,202012,0.105226703313508,67
SEQL3,202012,0.0658758786035145,66
SGPS3,202012,0.0543942326630735,63
SHOW3,202012,0.0665690842381835,65
SHUL4,202012,0.0544586730637834,66
SIMH3,202012,0.0615826954079909,67
SLCE3,202012,0.0811932315193113,66
SMLS3,202012,0.0703441851087232,67
SMTO3,202012,0.0829880275665943,66
SOMA3,202012,0.0978018340038391,67
SQIA3,202012,0.0820913321321093,66
STBP3,202012,0.0895703869381122,68
SULA11,202012,0.109766646957434,68
SUZB3,202012,0.0868978142118985,68
TAEE11,202012,0.0729333757198179,67
TASA3,202012,0.0684284518956241,63
TASA4,202012,0.0717259724945871,65
TCSA3,202012,0.101600625088582,66
TECN3,202012,0.0973501411193449,62
TEND3,202012,0.0865101737311554,66
TESA3,202012,0.0868335034338633,63
TFCO4,202012,0.0823510245315216,66
TGMA3,202012,0.0946948963897487,65
TIET11,202012,0.0964873788554972,65
TIMS3,202012,0.0994429463857692,67
TOTS3,202012,0.0617905173046222,67
TPIS3,202012,0.0750971306448122,60
TRIS3,202012,0.0711488779386679,67
TRPL4,202012,0.0606430998298718,66
TUPY3,202012,0.0599264188592817,67
UCAS3,202012,0.153838983184479,56
UGPA3,202012,0.0874552237529738,68
UNIP3,202012,0.0784857799435461,65
UNIP6,202012,0.0674316933418686,67
USIM3,202012,0.0769807335717858,66
USIM5,202012,0.0641274886405206,67
VALE3,202012,0.0840497774116595,69
VIVA3,202012,0.0788174618312923,66
VIVT3,202012,0.0611201291406013,67
VLID3,202012,0.090375861151397,65
VULC3,202012,0.0624040248117731,66
VVAR3,202012,0.102837968146909,67
WEGE3,202012,0.0724275975610874,67
WHRL4,202012,0.362265339541378,61
WIZS3,202012,0.0987496942319456,65
WLMM4,202012,0.318851879570099,48
YDUQ3,202012,0.0876436198147257,67
AALR3,202101,-0.0590102322294296,68
ABCB4,202101,-0.0453608309181039,70
ABEV3,202101,-0.0088113071848765,71
AERI3,202101,-0.0286103891312927,69
AGRO3,202101,-0.0280589317678957,69
ALPA3,202101,-0.0238401670740016,68
ALPA4,202101,-0.00265319086087852,70
ALPK3,202101,0.00163685027867878,68
ALSO3,202101,-0.050326538808136,70
ALUP11,202101,-0.0187373312626644,70
ALUP3,202101,-0.018966793476737,47
AMAR3,202101,-0.0177933699947382,69
AMBP3,202101,-0.0120406494943947,69
ANIM3,202101,-0.00823767453507995,69
APER3,202101,-0.0400152962437969,67
ARZZ3,202101,-0.00565072349456723,70
AVLL3,202101,0.0101877500563869,64
AZUL4,202101,-0.0432004548715572,70
B3SA3,202101,-0.0160271304018567,71
BBAS3,202101,-0.0509518520064319,71
BBDC3,202101,-0.0475126711458642,70
BBDC4,202101,-0.0257178282628211,70
BBRK3,202101,0.00459335055739114,69
BBSE3,202101,-0.0466206411172248,70
BBTG11,202101,-0.0210823363811078,64
BEEF11,202101,0.0277103617672006,65
BEEF3,202101,-0.028657331901923,70
BEES3,202101,-0.0202301876115937,62
BIDI11,202101,-0.00975781589406165,70
BIDI3,202101,-0.00752817399203435,70
BIDI4,202101,-0.0113840890220334,70
BIOM3,202101,-0.0140898509873797,57
BKBR3,202101,0.00280906998226356,69
BMGB4,202101,-0.0270232414106714,70
BOAS3,202101,-0.0289159263628745,66
BOBR4,202101,-0.0251631427453746,62
BPAC11,202101,-0.00245397975041342,71
BPAC3,202101,-0.010570738668345,65
BPAC5,202101,-0.0188018668209175,67
BPAN4,202101,-0.0343241331244722,69
BRAP3,202101,-0.0217958853809941,69
BRAP4,202101,-0.00963197481564025,71
BRDT3,202101,-0.0162237361983582,70
BRFS3,202101,-0.0246298124387495,70
BRGE3,202101,0.0210067458805812,60
BRIV3,202101,-0.00472526912663209,60
BRKM5,202101,-0.0290103016062614,70
BRML3,202101,-0.00601231037374171,71
BRPR3,202101,-0.0502132626566781,69
BRSR3,202101,0.0133855665359149,60
BRSR6,202101,-0.0556870774603413,69
BTOW3,202101,-0.0293637237801284,70
CAMB3,202101,-0.0450647224500354,56
CAML3,202101,-0.0427907948192159,68
CARD3,202101,0.000641126121301318,68
CASH3,202101,-0.0233541833175248,70
CCPR3,202101,-0.0443213377675095,70
CCRO3,202101,-0.0428178355411117,71
CEAB3,202101,-0.0121463460258569,70
CEBR3,202101,-0.0202711147093874,11
CEBR5,202101,0.0600152825959524,49
CEBR6,202101,0.00707905476376897,51
CEEB3,202101,-0.0661910246042793,7
CEED3,202101,-0.0671265827810486,7
CEED4,202101,-0.0747380119849864,7
CEPE3,202101,-0.0641651916660642,8
CEPE5,202101,0.00267773534717328,13
CEPE6,202101,0.00255040974366787,11
CESP3,202101,-0.0354583092554074,64
CESP6,202101,-0.00981045144676306,69
CGAS5,202101,0.017878561352919,61
CGRA4,202101,-0.0056083800643342,66
CIEL3,202101,-0.0492434959632892,70
CLSC4,202101,0.00225251542257695,69
CMIG3,202101,-0.0247084693018203,69
CMIG4,202101,-0.0483250768827894,70
CNTO3,202101,-0.000955099598879905,69
COCE3,202101,-0.0776525918042762,21
COCE5,202101,-0.03153672894813,69
COGN3,202101,-0.0255942033896777,70
CPFE3,202101,-0.0415086809017482,70
CPLE3,202101,-0.0521103049872599,70
CPLE6,202101,-0.0446864849622419,70
CRDE3,202101,-0.00877676218108375,68
CRFB3,202101,-0.0258604861320409,70
CRIV4,202101,-0.0241159695501211,62
CRPG5,202101,0.00775728338292581,63
CRPG6,202101,0.0115468726231015,49
CSAN3,202101,0.012148747351488,70
CSMG3,202101,-0.0451387982059221,70
CSNA3,202101,-0.0323520023832587,70
CSRN3,202101,-0.0620766703910873,7
CSRN5,202101,-0.051568098635495,7
CTNM4,202101,0.0264065232310888,60
CURY3,202101,-0.0116483555802555,69
CVCB3,202101,-0.0262015864105965,71
CYRE3,202101,-0.0268474290260999,70
DHBI4,202101,-0.00712967033872928,12
DIRR3,202101,-0.0618895443491898,69
DMMO11,202101,0.0122608605487778,43
DMMO3,202101,-0.0384622873157914,67
DMVF3,202101,-0.0230263586870095,67
DOHL4,202101,0.000688486564085772,9
DTEX3,202101,-0.0223352474106597,69
EALT4,202101,-0.0216476533360672,62
ECOR3,202101,-0.0224257495281192,70
EGIE3,202101,-0.0413510350294298,70
ELET3,202101,-0.0221590382802527,70
ELET6,202101,-0.0318082278738081,70
EMAE4,202101,0.0536014014983418,63
EMBR3,202101,-0.0424941810435004,70
ENAT3,202101,-0.0368238271156794,68
ENBR3,202101,-0.0538344124455116,70
ENEV3,202101,-0.00295826436020945,70
ENGI11,202101,-0.0108113988620181,70
ENJU3,202101,-0.0262204958303355,70
EQPA3,202101,-0.0179428392760236,68
EQPA5,202101,-0.0616706547919365,56
EQPA7,202101,-0.0528592174648454,56
EQTL3,202101,0.00958582393488851,71
ESPA3,202101,-0.00786275282589461,70
ETER3,202101,0.0139089230247216,66
EUCA4,202101,0.0121632796015455,67
EVEN3,202101,-0.0440442465297166,70
EZTC3,202101,-0.020812229196206,70
FBMC4,202101,-0.0087758712844007,6
FESA4,202101,0.00380704869086436,70
FLRY3,202101,-0.0442721818020388,70
FRAS3,202101,-0.0261741491137052,62
GEPA3,202101,-0.0591894506885389,52
GEPA4,202101,-0.0473889869066192,52
GFSA3,202101,-0.0537017154621129,68
GGBR3,202101,-0.0485312473894682,68
GGBR4,202101,-0.00831588721562102,70
GMAT3,202101,-0.0117017262790434,70
GNDI3,202101,-0.0125437616157124,71
GOAU3,202101,-0.0224977126388074,68
GOAU4,202101,-0.0250934761971011,72
GOLL4,202101,-0.0401437330784482,70
GPCP3,202101,-0.0607418491753613,65
GRND3,202101,0.000355569130163914,70
GSHP3,202101,-0.0378815116055989,56
GUAR3,202101,-0.00768067262816432,70
HAPV3,202101,-0.0068140793035756,71
HBOR3,202101,-0.0136919253259381,70
HBRE3,202101,-0.0260545983631858,70
HBSA3,202101,-0.0139063315565182,70
HGTX3,202101,-0.00628524756055622,70
HYPE3,202101,-0.0112765871825085,71
IGTA3,202101,-0.0172006057582943,71
IRBR3,202101,-0.0311619410741761,71
ITSA3,202101,-0.0185613394425143,66
ITSA4,202101,-0.0311670197478754,70
ITUB3,202101,-0.0236081895046782,69
ITUB4,202101,-0.0290696219259835,70
JBSS3,202101,-0.0328515172652415,70
JHSF3,202101,-0.014809477134072,70
JOPA3,202101,0.0219487677372066,60
JPSA3,202101,-0.0421102687293455,70
JSLG3,202101,0.00514926467407835,67
KEPL3,202101,-0.00666349706337366,70
KLBN11,202101,-0.012081072485842,70
KLBN3,202101,0.0198069634532941,30
KLBN4,202101,0.064775297206698,64
KROT11,202101,0.00264382318383448,59
LAME3,202101,-0.011018930324697,71
LAME4,202101,0.0171105096608565,71
LAVV3,202101,-0.0278460642660289,69
LCAM3,202101,0.00377296235318433,71
LEVE3,202101,-0.0468378034324987,69
LIGT3,202101,-0.00011307908953883,70
LINX3,202101,-0.0204820091624824,70
LJQQ3,202101,-0.0131851796198634,70
LLIS3,202101,-0.0224864696594693,65
LOGG3,202101,-0.0300057998158574,68
LOGN3,202101,-0.0321169918012528,69
LPSB3,202101,-0.00475409733009481,69
LREN3,202101,-0.0144962781962381,70
LUPA3,202101,-0.0469331432709675,56
LUXM4,202101,-0.0253880253150749,62
LWSA3,202101,-0.00792078546160215,70
MDIA3,202101,-0.0397231722216922,70
MDNE3,202101,0.00401370881716725,69
MEAL3,202101,-0.0482503183067602,70
MELK3,202101,-0.0264793752719101,69
MGEL4,202101,0.0211292420428527,5
MGLU3,202101,-0.00659912029283874,70
MILS3,202101,-0.00559153187941453,68
MMXM3,202101,0.185236383625989,59
MNPR3,202101,-0.0460543358172697,5
MOVI3,202101,-0.0136035432540386,70
MRFG3,202101,-0.031602608652548,71
MRVE3,202101,-0.00614045028764371,70
MTRE3,202101,-0.0409447750551284,69
MTSA4,202101,-0.0190182082906569,65
MULT3,202101,-0.000937851601391286,71
MYPK3,202101,-0.0451935929680299,69
NEOE3,202101,-0.0592702475533905,70
NGRD3,202101,0.000676591437170245,69
NTCO3,202101,0.00479900239086343,71
ODPV3,202101,-0.0482504403231982,69
OFSA3,202101,-0.00335357851919498,69
OIBR3,202101,-0.0299736492687553,71
OIBR4,202101,-0.0412295240020443,62
OMGE3,202101,-0.0272284765306462,69
PARD3,202101,-0.0236392907166082,69
PATI3,202101,-0.0507009830046783,62
PCAR3,202101,-0.0370174344122818,70
PDGR3,202101,-0.0469976186486878,56
PDTC3,202101,-0.0501985626515594,64
PETR3,202101,-0.0371184346424913,70
PETR4,202101,-0.0327709595180508,70
PETZ3,202101,-0.0196564819600487,69
PFRM3,202101,-0.0238980304431425,62
PGMN3,202101,-0.0198808621185186,69
PINE4,202101,-0.0331943700092591,56
PLPL3,202101,-0.0105454588230974,69
PMAM3,202101,0.000927312547869957,62
PNVL3,202101,-0.0200402979896366,69
PNVL4,202101,-0.00531906776904246,59
POMO3,202101,0.0362988025369955,53
POMO4,202101,-0.0492978916960016,69
POSI3,202101,0.0160545482916345,69
PPLA11,202101,0.0278525358590868,55
PRIO3,202101,-0.0173530593544298,70
PRNR3,202101,-0.0533541998758663,63
PSSA3,202101,-0.0580370456600562,70
PTBL3,202101,-0.012855359250786,68
PTNT4,202101,0.031836262108006,62
QUAL3,202101,0.000251277763848626,71
RADL3,202101,-0.0109151674776688,70
RAIL3,202101,-0.0226362508212045,71
RANI3,202101,-0.00726777086418306,68
RAPT3,202101,0.0272999830532261,64
RAPT4,202101,-0.0205168731513191,69
RCSL4,202101,-0.0410147177636374,67
RDNI3,202101,-0.0220530931048729,68
RDOR3,202101,0.00373954140292908,70
REDE3,202101,-0.126976857020982,24
RENT3,202101,0.00296074748406096,71
RLOG3,202101,-0.00699920620715198,70
ROMI3,202101,-0.00911801392840061,69
RPAD3,202101,0.00657279362897176,60
RRRP3,202101,-0.0222121577045174,69
RSID3,202101,0.018386222488329,66
SANB11,202101,-0.0342552089343342,70
SAPR11,202101,-0.0507243942571795,71
SAPR4,202101,-0.0275530851093402,68
SBSP3,202101,-0.0258069165896329,70
SCAR3,202101,-0.0146120655673176,65
SEER3,202101,0.00441296973276681,70
SEQL3,202101,-0.00510422509354641,69
SGPS3,202101,-0.0344501101231916,63
SHOW3,202101,-0.0131664060758571,69
SHUL4,202101,-0.0391515090184973,69
SIMH3,202101,-0.0326875273031771,70
SLCE3,202101,-0.0380306467049397,69
SMLS3,202101,-0.0468513158015388,70
SMTO3,202101,-0.0277255962092411,70
SOMA3,202101,0.00149724763807446,70
SQIA3,202101,-0.00908061077137372,68
STBP3,202101,-0.00785798998560373,71
SULA11,202101,-0.0153902683217176,71
SUZB3,202101,-0.0254150436341154,71
TAEE11,202101,-0.0518208132604843,70
TAEE4,202101,-0.0489398823226059,56
TASA3,202101,0.20798426773053,66
TASA4,202101,-0.0593688742599024,68
TCSA3,202101,0.00467340663037693,69
TECN3,202101,-0.0270598883382822,63
TEND3,202101,-0.0259140419712067,69
TESA3,202101,-0.0338497543010753,64
TFCO4,202101,-0.00777988065728893,69
TGMA3,202101,-0.0411095146778898,68
TIET11,202101,-0.0436171777911334,69
TIMS3,202101,-0.0306102817080469,70
TOTS3,202101,-0.0108158800716873,70
TPIS3,202101,-0.00810260994234006,62
TRIS3,202101,-0.0132487200733177,70
TRPL4,202101,-0.0214276880412634,69
TUPY3,202101,-0.0534069360569323,70
UCAS3,202101,-0.000962614354674861,56
UGPA3,202101,-0.00522760524860068,70
UNIP3,202101,-0.0262483822631251,68
UNIP6,202101,-0.0442570007855785,70
USIM3,202101,-0.0121177175388922,69
USIM5,202101,-0.025262898899648,70
VALE3,202101,-0.0312269346427507,71
VAMO3,202101,-0.0140068766632291,70
VIVA3,202101,-0.0130149512154168,70
VIVT3,202101,-0.0499730732064375,70
VIVT4,202101,-0.0212296715953799,58
VLID3,202101,-0.040443249326091,69
VULC3,202101,-0.0540295130486174,69
VVAR3,202101,-0.0111109659843966,70
WEGE3,202101,-0.0195504997523255,70
WHRL4,202101,0.0664698331050139,62
WIZS3,202101,-0.0468385914711678,68
WLMM4,202101,0.0846975998189689,49
YDUQ3,202101,-0.0346192004303933,70
AALR3,202102,-0.0517158256728833,68
ABCB4,202102,-0.0118121525178284,72
ABEV3,202102,-0.0389010137345107,74
AERI3,202102,-0.00702322621042061,72
AGRO3,202102,-0.0112847756307728,72
ALPA3,202102,0.00855274694334986,72
ALPA4,202102,-0.0373721946225111,73
ALPK3,202102,-0.0409977413121713,71
ALSO3,202102,-0.0548899758490828,73
ALUP11,202102,-0.0173420231248359,74
ALUP3,202102,0.093570141593845,48
AMAR3,202102,-0.00169841042669115,71
AMBP3,202102,-0.0342073100325125,72
ANIM3,202102,-0.0305728399151237,73
APER3,202102,-0.0403116835605966,71
ARZZ3,202102,-0.0108784216070288,73
AVLL3,202102,0.0314785434244283,65
AZEV3,202102,-0.0370097449419028,61
AZUL4,202102,-0.0236186056366345,73
B3SA3,202102,-0.0360093424381657,74
BBAS3,202102,-0.0450875346242447,74
BBDC3,202102,-0.0595652446285025,74
BBDC4,202102,-0.0282830690101595,74
BBRK3,202102,-0.0461125842730046,72
BBSE3,202102,-0.0370374244822066,74
BBTG11,202102,0.0113531071354631,62
BEEF11,202102,0.0279360788913341,65
BEEF3,202102,-0.0250838291510881,73
BEES3,202102,-0.0239181133216414,64
BIDI11,202102,-0.0492415732216318,73
BIDI3,202102,-0.0540648989095474,73
BIDI4,202102,-0.0498950062129232,74
BIOM3,202102,-0.0133840356761718,61
BKBR3,202102,-0.039326859624604,73
BMGB4,202102,0.00242689673853306,73
BMOB3,202102,-0.0340901839037559,73
BOAS3,202102,-0.0417457382088793,71
BOBR4,202102,-0.0691135311577287,60
BPAC11,202102,-0.0350574235768792,74
BPAC3,202102,-0.0308640694513265,67
BPAC5,202102,-0.0429970685704075,72
BPAN4,202102,-0.0515953440826959,73
BRAP3,202102,-0.00290956331954089,72
BRAP4,202102,0.00834407275665088,74
BRDT3,202102,-0.0289702406217247,73
BRFS3,202102,-0.0291560374942662,73
BRGE3,202102,-0.0315199506198818,69
BRIV3,202102,-0.030769429698632,69
BRKM3,202102,-0.058939959488974,61
BRKM5,202102,-0.0255822180796502,74
BRML3,202102,-0.0347193850596001,74
BRPR3,202102,-0.0709445449333543,73
BRSR3,202102,-0.0144721477903979,61
BRSR6,202102,-0.0634027415914169,72
BSEV3,202102,-0.0088430282115305,65
BTOW3,202102,-0.0142223193584088,73
CAMB3,202102,-0.0359349926858639,61
CAML3,202102,-0.00311063383881922,71
CARD3,202102,0.0286076938018101,71
CASH3,202102,0.00170203135078379,73
CCPR3,202102,-0.0571246130241335,73
CCRO3,202102,-0.0311678168098358,74
CEAB3,202102,-0.019511535736813,72
CEBR3,202102,-0.00646535961841282,11
CEBR5,202102,0.0289584716321767,49
CEBR6,202102,-0.0233381287743918,50
CEEB3,202102,-0.0477003276100116,7
CEED3,202102,-0.0401896691699855,7
CEED4,202102,-0.0476522285260167,7
CEPE3,202102,-0.0212010632649929,5
CEPE5,202102,-0.00372697032121766,13
CEPE6,202102,0.00919840589852698,11
CESP3,202102,-0.0531164007433641,65
CESP6,202102,-0.0285505995034406,73
CGAS5,202102,0.0368873373785632,65
CGRA4,202102,-0.0274788656558136,71
CIEL3,202102,-0.0226672810312448,73
CLSC4,202102,-0.0161627941506994,72
CMIG3,202102,-0.0223514245974511,72
CMIG4,202102,-0.0435638569255859,73
CMIN3,202102,-0.0206622220118319,72
CNTO3,202102,-0.0321599115344791,73
COCE3,202102,-0.091228693946101,21
COCE5,202102,-0.0270691861789399,73
COGN3,202102,-0.0279304733462209,73
CPFE3,202102,-0.0290250559274036,73
CPLE3,202102,-0.0364366177248754,73
CPLE6,202102,-0.039604475392159,73
CRDE3,202102,-0.00300777866383704,71
CRFB3,202102,-0.0335975673996379,73
CRIV4,202102,-0.0238790522340464,64
CRPG5,202102,0.0125797099326954,66
CRPG6,202102,0.0121555844557159,49
CSAN3,202102,-0.0291668527817982,73
CSED3,202102,-0.0449857710706365,73
CSMG3,202102,-0.0449597640950018,73
CSNA3,202102,-0.0220784738462401,73
CSRN3,202102,-0.0330406935807406,7
CSRN5,202102,-0.0487680685611211,7
CTNM4,202102,-0.0343955561923146,69
CURY3,202102,-0.0252098257984036,73
CVCB3,202102,-0.0233048621676878,74
CYRE3,202102,-0.0331681088646415,73
DHBI4,202102,0.0151737936880354,13
DIRR3,202102,-0.0757290751944705,72
DMMO11,202102,-0.0899898541682672,43
DMMO3,202102,-0.0135143812042874,69
DMVF3,202102,-0.0361071899816636,65
DOHL4,202102,-0.0491180103113856,60
DTEX3,202102,0.0190322388852207,72
EALT4,202102,-0.0242298190474554,64
ECOR3,202102,-0.0289007921203391,73
EGIE3,202102,-0.0204929028167346,73
ELET3,202102,-0.0456618780496594,73
ELET6,202102,-0.0359801659581583,74
ELMD3,202102,-0.0258317862614663,73
EMAE4,202102,0.0268037622660737,66
EMBR3,202102,-0.038723221545491,74
ENAT3,202102,-0.0442382876009122,71
ENBR3,202102,-0.0602474748894202,73
ENEV3,202102,-0.0437058853923625,73
ENGI11,202102,-0.0304518602296271,73
ENJU3,202102,-0.0271382709871133,73
EQPA3,202102,-0.0215059675540003,72
EQPA5,202102,-0.030177466698914,61
EQPA7,202102,-0.0329202528964493,61
EQTL3,202102,-0.0286189857825811,74
ESPA3,202102,-0.0468277106147693,73
ETER3,202102,0.0377892889698302,70
EUCA4,202102,0.0302858338747181,72
EVEN3,202102,-0.0636196691338984,73
EZTC3,202102,-0.0300131774403908,73
FBMC4,202102,0.0446705833965944,6
FESA4,202102,0.0107519239066518,72
FHER3,202102,-0.0219918192653797,57
FLRY3,202102,-0.0134757507775294,73
FRAS3,202102,-0.0350293160779267,64
GEPA4,202102,-0.05699463339118,53
GFSA3,202102,-0.0507721287726112,71
GGBR3,202102,-0.0162271692938194,72
GGBR4,202102,-0.0385407878923607,73
GMAT3,202102,-0.0308555737946152,73
GNDI3,202102,-0.0467770796340291,74
GOAU3,202102,-0.029353328578877,71
GOAU4,202102,-0.0290382124587016,74
GOLL4,202102,-0.0232567376917745,73
GPCP3,202102,-0.0437915243105805,68
GRND3,202102,-0.0474044255767717,73
GSHP3,202102,-0.0333927207181431,61
GUAR3,202102,-0.0497643219835869,73
HAGA4,202102,0.0387452467047725,13
HAPV3,202102,-0.0178415203697357,74
HBOR3,202102,-0.0372835070330534,73
HBRE3,202102,-0.0498732651091727,73
HBSA3,202102,-0.0328921624826112,73
HGTX3,202102,-0.0364173287356521,74
HYPE3,202102,-0.0402361037467314,74
IGTA3,202102,-0.0381716515871858,74
INTB3,202102,-0.0130300507779723,73
IRBR3,202102,-0.0378071623556022,74
ITSA3,202102,-0.026383396204772,67
ITSA4,202102,-0.0268696830212028,73
ITUB3,202102,-0.0282539299343561,72
ITUB4,202102,-0.0316469044213552,73
JALL3,202102,-0.00589824655532153,73
JBSS3,202102,-0.033676114997667,73
JHSF3,202102,0.0169318196371947,73
JOPA3,202102,-0.0375799285860968,69
JPSA3,202102,-0.0322671909017488,73
JSLG3,202102,-0.0313720406795329,68
KEPL3,202102,0.00688001261628419,72
KLBN11,202102,-0.0257779803667848,73
KLBN3,202102,0.0508883838110945,31
KLBN4,202102,0.0234885413692812,65
KROT11,202102,-0.0323657969743596,58
LAME3,202102,-0.0308618561216441,74
LAME4,202102,-0.0346596165229955,74
LAVV3,202102,-0.0289910361334474,73
LCAM3,202102,-0.0242672283279075,74
LEVE3,202102,-0.0720429763031462,72
LIGT3,202102,-0.0312620934868998,73
LINX3,202102,-0.0312680005996306,73
LJQQ3,202102,-0.0275790840202483,73
LLIS3,202102,-0.0395720142218195,66
LOGG3,202102,-3.01495467502764e-05,71
LOGN3,202102,0.00718618540646124,72
LPSB3,202102,-0.0456332565895496,73
LREN3,202102,-0.0368683279872416,73
LUPA3,202102,-0.0301998241213423,61
LUXM4,202102,-0.0292644700868718,64
LWSA3,202102,0.00972251287443868,73
MBLY3,202102,-0.0467510203571267,73
MDIA3,202102,-0.0188981701041883,73
MDNE3,202102,-0.0517452126038152,72
MEAL3,202102,-0.0736015814954298,71
MELK3,202102,-0.0289487042944126,72
MGEL4,202102,0.00423448285589498,6
MGLU3,202102,-0.0354485351805032,73
MILS3,202102,0.0200894804398473,71
MMXM3,202102,-0.0358794386668213,58
MNPR3,202102,0.057184503573639,61
MOSI3,202102,-0.0152045870509876,73
MOVI3,202102,0.0141660329964079,73
MRFG3,202102,-0.028004856716489,74
MRVE3,202102,-0.0349434629016266,73
MTIG4,202102,-0.028516420969759,61
MTRE3,202102,-0.0423994835348281,73
MTSA4,202102,-0.0230499957606067,68
MULT3,202102,-0.0333825752358702,74
MYPK3,202102,-0.0243786093069284,72
NEOE3,202102,-0.0587811149886998,73
NGRD3,202102,-0.0148270586462946,71
NTCO3,202102,-0.0350897208368356,74
ODPV3,202102,-0.0166619563067405,72
OFSA3,202102,-0.0170603028985381,72
OIBR3,202102,-0.041522901427833,74
OIBR4,202102,-0.0210180079386179,62
OMGE3,202102,-0.0316272177788198,73
OPCT3,202102,-0.023379446288453,73
ORVR3,202102,-0.0349469477126572,72
PARD3,202102,-0.0273966623862883,73
PATI3,202102,-0.0211150697302424,64
PCAR3,202102,-0.0140947195915369,73
PDGR3,202102,-0.0350569452174689,61
PDTC3,202102,-0.0591592471641545,66
PETR3,202102,-0.0238202902401741,74
PETR4,202102,-0.0269477014468393,74
PETZ3,202102,-0.0360740472276339,73
PFRM3,202102,-0.0191266305180949,64
PGMN3,202102,-0.052993853531238,71
PINE4,202102,-0.0349283566102453,61
PLPL3,202102,-0.0360515480626448,72
PMAM3,202102,-0.085399095357374,66
PNVL3,202102,-0.0355702666623201,73
PNVL4,202102,0.00539719454544787,60
POMO3,202102,-0.0639515514340208,55
POMO4,202102,-0.0166676599856072,71
POSI3,202102,-0.00916311614868403,71
POWE3,202102,-0.0415537618768543,73
PPLA11,202102,0.0388798672424109,55
PRIO3,202102,-0.0462368048396955,74
PRNR3,202102,-0.0179604928062386,68
PSSA3,202102,-0.0654763314060904,72
PTBL3,202102,0.021476354015342,71
PTNT4,202102,-0.0075172746777967,65
QUAL3,202102,-0.0405356118555789,74
RADL3,202102,-0.0369484860550261,73
RAIL3,202102,-0.0330270189743299,74
RANI3,202102,0.0217792939355641,71
RAPT3,202102,-0.0355522150475727,69
RAPT4,202102,0.00421657753899857,71
RCSL4,202102,-0.0212570563091262,69
RDNI3,202102,-0.0242540106963877,70
RDOR3,202102,-0.0338388350138828,73
REDE3,202102,-0.0139771746759947,8
RENT3,202102,-0.0386017667466924,74
RLOG3,202102,-0.0387007872786401,73
RNEW11,202102,-0.0572427427819503,41
RNEW3,202102,-0.0964369235735282,41
RNEW4,202102,-0.109909063959686,41
ROMI3,202102,-0.00526841398789539,71
RPAD3,202102,-0.0317528891180761,69
RPMG3,202102,-0.0302417534888356,61
RRRP3,202102,-0.0322270588940286,72
RSID3,202102,-0.00274369532547658,69
SANB11,202102,-0.0581512007767217,74
SANB4,202102,-0.0370441982117487,63
SAPR11,202102,-0.0552582258452422,73
SAPR4,202102,0.00320861451959074,70
SBSP3,202102,-0.0380524273905562,73
SCAR3,202102,-0.0148243405981655,65
SEER3,202102,-0.0362413863688379,73
SEQL3,202102,0.0177684931887795,72
SGPS3,202102,-0.0400044872568643,63
SHOW3,202102,-0.0375791349478888,72
SHUL4,202102,-0.0440015619814507,71
SIMH3,202102,-0.00980414805193836,72
SLCE3,202102,0.00139728039883747,73
SMLS3,202102,-0.0229006941878221,73
SMTO3,202102,0.0121855549596554,73
SOMA3,202102,-0.0356467243824036,73
SQIA3,202102,-0.0418322572519863,71
STBP3,202102,-0.0198223711483474,74
SULA11,202102,-0.0400661762404409,74
SUZB3,202102,-0.0338646335532838,74
TAEE11,202102,-0.0381091782743259,73
TAEE4,202102,-0.0336628192284504,61
TASA3,202102,-0.0415383334839806,69
TASA4,202102,-0.0272366018661647,70
TCSA3,202102,-0.0425989042600464,73
TECN3,202102,-0.0191748371935716,68
TEND3,202102,-0.0441554682067078,73
TESA3,202102,-0.0535752472065633,65
TFCO4,202102,-0.026489150977573,72
TGMA3,202102,-0.0287077400476447,71
TIET11,202102,-0.0266814569404332,71
TIMS3,202102,-0.0309521064969543,73
TOTS3,202102,-0.0389800893418168,73
TPIS3,202102,-0.019589552326317,64
TRIS3,202102,-0.0359742606692672,72
TRPL4,202102,-0.00153005426844736,73
TUPY3,202102,-0.0682542477696188,72
UCAS3,202102,-0.0185949265231522,57
UGPA3,202102,-0.0164146757625019,74
UNIP3,202102,-0.0407353078160769,70
UNIP6,202102,0.00527035350279618,72
USIM3,202102,-0.0396459692627315,72
USIM5,202102,-0.0299604711038049,73
VALE3,202102,-0.0343803171550239,74
VAMO3,202102,0.00012200463359914,69
VIVA3,202102,-0.0381174143619535,73
VIVT3,202102,-0.0335982432477615,73
VIVT4,202102,-0.0375177984088556,59
VLID11,202102,-0.0807097984454082,37
VLID3,202102,-0.0104965669182352,72
VULC3,202102,-0.0768617467491825,71
VVAR3,202102,-0.0457732168838676,73
WEGE3,202102,-0.0227724836786044,73
WEST3,202102,-0.0331480462990757,74
WHRL4,202102,0.0304994563419545,62
WIZS3,202102,-0.00766246538947013,71
WLMM4,202102,0.0103990303812685,49
YDUQ3,202102,-0.00529426524240527,73
AALR3,202103,0.0911770437458204,76
ABCB4,202103,0.064207325597564,76
ABEV3,202103,0.0470137180703633,77
AERI3,202103,0.0523690202060824,75
AESB3,202103,0.0456049052352556,77
AGRO3,202103,0.0791298822009851,76
ALPA3,202103,0.0515281951213993,76
ALPA4,202103,0.0206794672222493,76
ALPK3,202103,0.0519162218203562,75
ALSO3,202103,0.0606935359958233,76
ALUP11,202103,0.0388943757549852,77
ALUP3,202103,0.116076664951363,61
AMAR3,202103,0.0493222164282063,75
AMBP3,202103,0.027363833240624,76
ANIM3,202103,0.0508889344243333,76
APER3,202103,0.0362559958593195,74
ARZZ3,202103,0.043259259744799,76
ASAI3,202103,0.0274440639200015,77
ATOM3,202103,0.0817119201762065,70
AVLL3,202103,0.0848129321251465,69
AZEV3,202103,0.213181902779123,73
AZUL4,202103,0.0519199377781156,77
B3SA3,202103,0.0301119888776941,78
BBAS3,202103,0.0513969631392575,77
BBDC3,202103,0.066779475982938,77
BBDC4,202103,0.0514664243068133,77
BBRK3,202103,0.0362984281506339,76
BBSE3,202103,0.0515243285780408,77
BBTG11,202103,0.0704255186378103,70
BEEF11,202103,0.0802057924506294,71
BEEF3,202103,0.0451167853074229,77
BEES3,202103,0.0844754899286534,68
BIDI11,202103,0.0263176202987106,77
BIDI3,202103,0.0343590572070033,76
BIDI4,202103,0.0427038728064604,77
BIOM3,202103,-0.00757223136802465,64
BKBR3,202103,0.0415694446593172,76
BMGB4,202103,0.0548789085398343,76
BMOB3,202103,0.0471104355658561,76
BOAS3,202103,0.0400000337606702,72
BOBR4,202103,0.0515126642327383,65
BPAC11,202103,0.018869766680188,77
BPAC3,202103,0.0203225367619346,72
BPAC5,202103,0.0141485573574062,76
BPAN4,202103,0.0517908060470477,76
BRAP3,202103,0.0530281617253538,76
BRAP4,202103,0.0451676913005534,77
BRDT3,202103,0.0307726411820216,77
BRFS3,202103,0.0279487280746002,77
BRGE3,202103,0.019172207010437,71
BRIV3,202103,0.0226886535623037,71
BRKM3,202103,0.058321534279861,75
BRKM5,202103,0.0488693310443635,77
BRML3,202103,0.0518880790387131,77
BRPR3,202103,0.0790809929108882,76
BRSR3,202103,0.0696697878451976,67
BRSR6,202103,0.0255156850639676,76
BSEV3,202103,0.117491073119985,70
BTOW3,202103,0.0435503889149194,77
CAMB3,202103,0.0673752891933884,64
CAML3,202103,0.0527530618982583,75
CARD3,202103,0.0756930683840337,75
CASH3,202103,0.0770273062315082,76
CCPR3,202103,0.0778895939603866,76
CCRO3,202103,0.0435077764792686,77
CEAB3,202103,0.0485964375868326,76
CEBR3,202103,0.101924470236518,67
CEBR5,202103,0.138187422975026,52
CEBR6,202103,0.117305486279124,53
CEEB3,202103,0.0944846904410213,7
CEED3,202103,-0.0171803550832844,65
CEED4,202103,0.0854938181489773,7
CEPE3,202103,0.0710111171531154,8
CEPE5,202103,0.167135023908397,13
CEPE6,202103,0.088954307606242,11
CESP3,202103,0.0918051016465112,70
CESP6,202103,0.0235554177206885,76
CGAS5,202103,0.0836925149688688,70
CGRA4,202103,0.0602155383329914,76
CIEL3,202103,0.0412043078443378,77
CLSC4,202103,0.102333574953794,76
CMIG3,202103,0.0252321574961035,72
CMIG4,202103,0.0245177803288305,77
CMIN3,202103,0.0415765269557712,76
COCE3,202103,0.110532361544728,20
COCE5,202103,0.0290605738903613,76
COGN3,202103,0.0491719466961787,77
CPFE3,202103,0.041792426692943,77
CPLE3,202103,0.0723960787408707,77
CPLE6,202103,0.0632867214381863,77
CRDE3,202103,0.0508639991545007,75
CRFB3,202103,0.0170550809843372,77
CRIV4,202103,0.0841106939968116,68
CRPG5,202103,0.131507881498582,72
CRPG6,202103,0.145186820866187,52
CSAN3,202103,0.0437889256350467,77
CSED3,202103,0.0204290217353,76
CSMG3,202103,0.020608995647351,76
CSNA3,202103,0.0406542605358966,77
CSRN3,202103,0.0917111891572462,7
CSRN5,202103,0.102857485858043,7
CTNM4,202103,0.017054504036976,71
CURY3,202103,0.0505884153557147,76
CVCB3,202103,0.0537505022749736,78
CYRE3,202103,0.0263365186172955,77
DHBI4,202103,-0.0193263275825338,13
DIRR3,202103,0.0942147576287115,76
DMMO11,202103,0.0276542130794003,45
DMMO3,202103,0.0479366065362958,75
DMVF3,202103,0.0862787937120625,70
DOHL4,202103,0.0354438200429535,65
DTEX3,202103,0.0588365712112888,76
EALT4,202103,0.0827646277290414,68
ECOR3,202103,0.0286740168094692,77
EGIE3,202103,0.0503844599286295,77
ELET3,202103,0.0284744294645816,77
ELET6,202103,0.0386871273376943,77
ELMD3,202103,0.0257979887201511,76
EMAE4,202103,0.140977420532926,69
EMBR3,202103,0.0381959673919653,77
ENAT3,202103,0.0283840623177503,75
ENBR3,202103,0.0605204020099265,77
ENEV3,202103,0.0382937297369656,77
ENGI11,202103,0.0395553556804459,77
ENJU3,202103,0.0477962949363315,77
EQPA3,202103,0.0333074678359583,75
EQPA5,202103,0.032890539839077,64
EQPA7,202103,0.0347924206434112,64
EQTL3,202103,0.0387802794533983,77
ESPA3,202103,0.0432164204668823,76
ETER3,202103,0.0485651714794684,74
EUCA4,202103,0.0747773344922166,76
EVEN3,202103,0.0540154018680975,75
EZTC3,202103,0.0209577126096085,77
FBMC4,202103,0.176756117476537,7
FESA4,202103,0.0796025658276095,76
FHER3,202103,0.0493133645054062,66
FLRY3,202103,0.0598690292918899,77
FRAS3,202103,0.0891880671223337,70
GEPA4,202103,0.0376244809334026,57
GFSA3,202103,0.0427779331373336,76
GGBR3,202103,0.033670281185802,76
GGBR4,202103,0.0447873787471296,77
GMAT3,202103,0.0271158928851861,77
GNDI3,202103,0.0215821075359254,77
GOAU3,202103,0.0215561083637272,76
GOAU4,202103,0.0223949717564546,77
GOLL4,202103,0.0253665615795337,77
GPCP3,202103,0.0811347335380135,74
GRND3,202103,0.0291725452656465,77
GSHP3,202103,0.0468943101979505,64
GUAR3,202103,0.039894520269993,76
HAGA4,202103,0.149728157840702,66
HAPV3,202103,0.0287559371383533,77
HBOR3,202103,0.0205894944753334,76
HBRE3,202103,0.0247009238710648,76
HBSA3,202103,0.0293981225422832,77
HGTX3,202103,0.0460631932752225,77
HYPE3,202103,0.0262064007952787,77
IGBR3,202103,0.208894851171966,70
IGTA3,202103,0.0364789730451039,77
INEP3,202103,0.171538670904187,70
INTB3,202103,0.0360750337226344,76
IRBR3,202103,0.0571054148833988,77
ITSA3,202103,0.0422502910760373,72
ITSA4,202103,0.0448777328310179,77
ITUB3,202103,0.0357048231779095,75
ITUB4,202103,0.0529459178663326,77
JALL3,202103,0.0146977522543585,76
JBSS3,202103,0.0310454904778762,77
JHSF3,202103,0.0738183866482248,77
JOPA3,202103,0.022305693121439,71
JPSA3,202103,0.0347754857643044,76
JSLG3,202103,0.0212076815396132,72
KEPL3,202103,0.0851374861570114,77
KLBN11,202103,0.0112462909657474,76
KLBN3,202103,-0.033995819018145,31
KLBN4,202103,-0.0411858320563708,74
KROT11,202103,0.0530392868619095,62
LAME3,202103,0.0782379895763515,77
LAME4,202103,0.0305916288243582,77
LAVV3,202103,0.0231062114592141,76
LCAM3,202103,0.0284061524177194,77
LEVE3,202103,0.0765719502814365,76
LIGT3,202103,0.0377116425726611,76
LINX3,202103,0.0437631684502513,76
LJQQ3,202103,0.0368427689505392,77
LLIS3,202103,0.0240369175667765,71
LOGG3,202103,0.0686444001050478,75
LOGN3,202103,0.0672742175965284,76
LPSB3,202103,0.0225477236793074,76
LREN3,202103,0.031754626517624,77
LUPA3,202103,0.0427687019010254,74
LUXM4,202103,0.0842531344440524,68
LWSA3,202103,0.0433306859099146,76
MBLY3,202103,0.0145256197651425,76
MDIA3,202103,0.0507605387723709,76
MDNE3,202103,0.0253312488426644,76
MEAL3,202103,0.080634768065814,76
MELK3,202103,0.0421817925701015,75
MGEL4,202103,0.249716983398386,7
MGLU3,202103,0.0255479757230984,77
MILS3,202103,0.0703845297374193,75
MMXM3,202103,0.144213724140272,65
MNDL3,202103,0.0571769060025708,64
MNPR3,202103,0.0870744599263423,7
MOSI3,202103,0.00105453253036348,76
MOVI3,202103,0.0557282207216997,75
MRFG3,202103,0.0233551919388918,77
MRVE3,202103,0.0413894315735591,77
MTIG4,202103,0.052823531979982,64
MTRE3,202103,0.0483570873846644,76
MTSA4,202103,0.0773039673962419,73
MULT3,202103,0.0232259406570501,77
MYPK3,202103,0.0146602938770774,77
NEOE3,202103,0.0664366249828934,77
NGRD3,202103,0.0606748983307546,76
NTCO3,202103,0.0267509014495177,77
ODPV3,202103,0.0447925547027185,76
OFSA3,202103,0.10385352231999,76
OIBR3,202103,0.0214842001757255,77
OIBR4,202103,0.0468459389873086,67
OMGE3,202103,0.0392042876572793,76
OPCT3,202103,0.0320229040485631,76
ORVR3,202103,0.0361840109012215,75
OSXB3,202103,0.213957470358948,70
PARD3,202103,0.0266829454724522,76
PCAR3,202103,0.0606134807212841,77
PDGR3,202103,0.0409182949734404,64
PDTC3,202103,0.0588304222846103,71
PETR3,202103,0.0632593978699228,77
PETR4,202103,0.0518469999387261,77
PETZ3,202103,0.0346529215427988,76
PFRM3,202103,0.0639989817548285,74
PGMN3,202103,0.0728312091204897,76
PINE4,202103,0.0368634622949513,64
PLPL3,202103,-0.000633099037552077,76
PMAM3,202103,0.058397632695562,69
PNVL3,202103,0.0248834774317552,76
PNVL4,202103,0.0716132083868217,68
POMO3,202103,0.0508665082696331,59
POMO4,202103,0.0563854759764005,76
POSI3,202103,-0.0347390038332452,76
POWE3,202103,0.0418283999868019,76
PPLA11,202103,0.0812895345281215,62
PRIO3,202103,0.0178826139104387,77
PRNR3,202103,0.067004549964142,73
PSSA3,202103,0.0627580817616733,76
PTBL3,202103,0.0801696967853445,75
PTNT4,202103,-0.0890528183119895,68
QUAL3,202103,0.0585828138078058,78
RADL3,202103,0.0287245494958763,77
RAIL3,202103,0.0412454552092025,77
RANI3,202103,0.0879752069328628,76
RAPT3,202103,0.016458192497354,71
RAPT4,202103,0.0294387150384576,75
RCSL3,202103,0.223430782127327,70
RCSL4,202103,0.050611370874301,75
RDNI3,202103,0.0327590542108912,75
RDOR3,202103,0.0202751941847683,77
REDE3,202103,0.0486027001920334,24
RENT3,202103,0.0178262279162628,77
ROMI3,202103,0.071717457455446,75
RPAD3,202103,0.0204147757845866,71
RRRP3,202103,0.0323130221724852,76
RSID3,202103,0.220401767566784,73
SANB11,202103,0.0538091083552918,77
SANB3,202103,0.0794887483269786,68
SAPR11,202103,0.0770392271154167,77
SAPR4,202103,0.0582549013166451,75
SBFG3,202103,0.014741304643984,76
SBSP3,202103,0.0318768141957747,77
SCAR3,202103,0.069584311057538,68
SEER3,202103,0.0350111373022451,76
SEQL3,202103,0.0794019547971218,76
SGPS3,202103,0.0574647214385656,70
SHOW3,202103,0.0164750806450818,76
SHUL4,202103,0.0863053031519545,76
SIMH3,202103,0.0488543116665215,76
SLCE3,202103,0.0580480220279245,76
SMLS3,202103,0.026265462880478,76
SMTO3,202103,0.0556723168086973,76
SOMA3,202103,0.0403370422077646,76
SQIA3,202103,0.0159517950103162,75
STBP3,202103,0.0481255392368549,77
SULA11,202103,0.0343952470482896,77
SUZB3,202103,0.0363014449434585,77
TAEE11,202103,0.0365033169152235,77
TAEE4,202103,0.00940170457041449,64
TASA3,202103,0.187111541030073,70
TASA4,202103,0.0468170603471767,75
TCSA3,202103,0.0265435863968376,76
TECN3,202103,0.186585089848283,72
TEND3,202103,0.039080683817594,76
TESA3,202103,0.0118994368501186,71
TFCO4,202103,0.0152727203801296,76
TGMA3,202103,0.0439803750416682,76
TIMS3,202103,0.035650474627745,77
TOTS3,202103,0.020960470903488,77
TPIS3,202103,0.0440179729671078,68
TRIS3,202103,0.00519330094685156,76
TRPL4,202103,0.0661463240292202,76
TUPY3,202103,0.0627454175698123,77
UCAS3,202103,0.132812314920917,60
UGPA3,202103,0.0354631703893668,77
UNIP3,202103,0.0504173113713402,75
UNIP6,202103,0.0658409784549437,76
USIM3,202103,0.0294631714437399,76
USIM5,202103,0.0484869268695921,77
VALE3,202103,0.0462879423621079,77
VAMO3,202103,0.0585929301270308,76
VIVA3,202103,0.0466795686872363,76
VIVT3,202103,0.0458363554611883,77
VIVT4,202103,0.00671721131482336,62
VLID11,202103,0.0183049984524021,38
VLID3,202103,0.0629310894049363,77
VULC3,202103,0.100859977347798,75
VVAR3,202103,0.030584462191101,77
WEGE3,202103,0.0139909035819793,77
WEST3,202103,0.029344517789523,76
WHRL4,202103,0.178775434242158,73
WIZS3,202103,0.0679037526011474,75
WLMM4,202103,0.193030883281759,52
YDUQ3,202103,0.0508106299228251,77
AALR3,202104,0.0636342507028677,77
ABCB4,202104,0.0577264412826115,78
ABEV3,202104,0.0682281711095171,78
AERI3,202104,0.101501567253326,77
AESB3,202104,0.0449217861633721,77
AGRO3,202104,0.0946597364084454,77
ALLD3,202104,0.0590407892070434,77
ALPA3,202104,0.117136069513126,76
ALPA4,202104,0.0595847105709977,77
ALPK3,202104,0.0712591833162801,74
ALSO3,202104,0.0748122042183983,77
ALUP11,202104,0.0492188577467914,78
ALUP3,202104,-0.131522664314099,51
AMAR3,202104,0.0859058291491766,77
AMBP3,202104,0.0445805661574389,77
ANIM3,202104,0.0582556812084043,77
APER3,202104,0.0832366608222411,75
ARZZ3,202104,0.132279224341331,77
ASAI3,202104,0.0666462131975031,78
ATOM3,202104,0.0895502530757309,72
AVLL3,202104,0.262301054510733,70
AZEV3,202104,0.0843377505078086,74
AZUL4,202104,0.039606489687895,78
B3SA3,202104,0.0381785802860539,79
BAUH4,202104,0.149639309288706,68
BBAS3,202104,0.0507497821853564,78
BBDC3,202104,0.050883876030915,78
BBDC4,202104,0.0581339448779274,78
BBRK3,202104,0.0769006149728618,76
BBSE3,202104,0.0274975009230536,78
BBTG11,202104,0.0793569235368297,71
BEEF11,202104,0.270472653872135,71
BEEF3,202104,0.0403600241322811,78
BEES3,202104,0.116799684851205,70
BIDI11,202104,0.0604401943118639,79
BIDI3,202104,0.0639306852625636,77
BIDI4,202104,0.062280358975539,77
BIOM3,202104,0.0700152869774556,65
BKBR3,202104,0.0737835161013418,77
BLAU3,202104,0.0479026079250794,77
BMGB4,202104,0.0965374438010291,77
BMOB3,202104,0.0693446150094868,77
BOAS3,202104,0.0196846097285409,73
BOBR4,202104,0.103445628523483,68
BPAC11,202104,0.0485366912300447,79
BPAC3,202104,0.0998653020720533,74
BPAC5,202104,0.0793624246444195,76
BPAN4,202104,0.0579797953591746,77
BRAP3,202104,0.0250473187422482,77
BRAP4,202104,0.104591516374769,78
BRDT3,202104,0.0572005368223968,78
BRFS3,202104,0.0466729899983588,78
BRGE3,202104,0.0759152835363486,72
BRIV3,202104,0.075597575997024,72
BRKM5,202104,0.0852495305095458,78
BRML3,202104,0.0726218057510908,78
BRPR3,202104,0.0763391384253706,77
BRSR6,202104,0.0614917978242448,77
BSEV3,202104,0.134813854418876,74
BTOW3,202104,0.118270865069835,78
CAML3,202104,0.0442344561575779,77
CARD3,202104,0.208913164633481,76
CASH3,202104,0.143174039633539,77
CCPR3,202104,0.077923519750462,77
CCRO3,202104,0.0379716671376467,78
CEAB3,202104,0.0565496599062368,77
CEBR3,202104,0.0569143810682568,68
CEBR5,202104,0.130098036255695,56
CEBR6,202104,0.0583932101495096,57
CEEB3,202104,-0.0962945032559952,7
CEED3,202104,-0.0340887370586105,7
CEED4,202104,-0.0597963159796506,7
CEPE3,202104,-0.0817807593708905,8
CEPE5,202104,0.0673599434782898,12
CEPE6,202104,0.108589856457745,11
CESP3,202104,0.0776772601092272,72
CESP6,202104,0.0638661586721085,77
CGAS5,202104,0.272995643349333,74
CGRA4,202104,0.0929071824748877,76
CIEL3,202104,0.037923114415239,78
CLSC4,202104,0.0614838188687038,76
CMIG3,202104,0.0394073856740676,77
CMIG4,202104,0.0376512425467056,78
CMIN3,202104,0.0425007538724621,78
COCE3,202104,0.0675341194763758,21
COCE5,202104,0.11171580636005,76
COGN3,202104,0.0651482127701096,78
CPFE3,202104,0.0338273478005474,78
CPLE11,202104,0.0483137873794611,78
CPLE3,202104,0.087479525959703,77
CPLE6,202104,0.0749724512885575,77
CRDE3,202104,0.0928128604272857,75
CRFB3,202104,0.0412527575953716,78
CRIV4,202104,0.121410961961197,70
CRPG5,202104,0.163687016265863,75
CRPG6,202104,0.164757212608818,56
CSAN3,202104,0.0479671413355092,79
CSED3,202104,0.0511160132807008,77
CSMG3,202104,0.0732404146253194,77
CSNA3,202104,0.0378491094660279,78
CSRN3,202104,-0.110138673035362,7
CSRN5,202104,-0.108203223497412,7
CTKA4,202104,0.0986717491563349,65
CTNM4,202104,0.0604456621992717,75
CURY3,202104,0.0455533276304322,77
CVCB3,202104,0.0910674690922119,78
CXSE3,202104,0.0594427905648348,75
CYRE3,202104,0.0518467405969911,78
DASA3,202104,0.0525786418997986,77
DHBI4,202104,0.0651110106817052,14
DIRR3,202104,0.0697984281676549,77
DMMO11,202104,0.0423526583459133,52
DMMO3,202104,0.054276737402386,66
DMVF3,202104,0.0890547870331113,75
DOHL4,202104,-0.000973990857391231,68
DTEX3,202104,0.158965528502507,77
EALT4,202104,0.0959325351609256,70
ECOR3,202104,0.0392074426270008,78
EGIE3,202104,0.0393193117494043,78
ELET3,202104,0.0533783135910761,78
ELET6,202104,0.0452154929744763,78
ELMD3,202104,0.0797582104297763,75
EMAE4,202104,0.109969525325627,73
EMBR3,202104,0.0682955431252735,78
ENAT3,202104,0.0422904905515916,77
ENBR3,202104,0.047281158185483,78
ENEV3,202104,0.067516062993927,78
ENGI11,202104,0.0437393520582944,78
ENJU3,202104,0.0372780371739372,77
ENMT3,202104,0.12037362805877,11
ENMT4,202104,0.115208231029846,11
EQPA3,202104,0.0888721817340451,76
EQPA5,202104,0.119936742572794,65
EQPA7,202104,0.0997199396307157,65
EQTL3,202104,0.0673865340703603,78
ESPA3,202104,0.0778993476984417,78
ETER3,202104,0.25962177949533,75
EUCA4,202104,0.249706549848335,76
EVEN3,202104,0.0515229587454473,77
EZTC3,202104,0.054719867364164,78
FBMC4,202104,0.205165654616787,7
FESA4,202104,0.0794820125354297,77
FHER3,202104,0.10757204010676,76
FLRY3,202104,0.10390751594444,78
FRAS3,202104,0.159554351675877,75
GEPA4,202104,0.0646290081658321,58
GFSA3,202104,0.0338597590559884,77
GGBR3,202104,0.0924223329381726,77
GGBR4,202104,0.0736737150585116,78
GGPS3,202104,0.0759810537355037,77
GMAT3,202104,0.0683211287886532,78
GNDI3,202104,0.0538933797170409,78
GOAU3,202104,0.0313035630859176,76
GOAU4,202104,0.0428332839896571,78
GOLL4,202104,0.0958617843900814,78
GPCP3,202104,0.245429865549397,74
GRND3,202104,0.0766069764028147,77
GUAR3,202104,0.0742398636147097,77
HAGA4,202104,0.269110257895868,68
HAPV3,202104,0.0526951945786349,78
HBOR3,202104,0.0770844677906766,77
HBRE3,202104,0.0679348499452365,77
HBSA3,202104,0.0405056907147507,78
HGTX3,202104,0.0403586147377534,78
HYPE3,202104,0.0556646118018625,78
IGBR3,202104,0.0896243676316391,72
IGTA3,202104,0.0492519925434732,78
INEP3,202104,0.0667167859020479,72
INEP4,202104,0.134301092865848,72
INTB3,202104,0.0804572945416841,77
IRBR3,202104,0.0229551000744487,79
ITSA3,202104,0.03817496822431,72
ITSA4,202104,0.0452911810716513,78
ITUB3,202104,0.0483584855858016,75
ITUB4,202104,0.0363371901039966,78
JALL3,202104,0.0666136076086064,77
JBSS3,202104,0.0603738713782698,78
JHSF3,202104,0.222655031282797,78
JOPA3,202104,0.072799231799629,72
JPSA3,202104,0.0898678107052903,77
JSLG3,202104,0.0776296747955421,73
KEPL3,202104,0.237406197163727,78
KLBN11,202104,0.0624526446209185,77
KLBN3,202104,0.0137267082035018,31
KLBN4,202104,0.0231842748194631,72
KROT11,202104,0.0969401855878417,63
LAME3,202104,0.0543717450459641,78
LAME4,202104,0.0474591442192779,79
LAVV3,202104,0.0691174428460121,77
LCAM3,202104,0.0794508998180054,78
LEVE3,202104,0.07168501167677,77
LIGT3,202104,0.082465037471515,77
LINX3,202104,0.0842671579243693,77
LJQQ3,202104,0.0318748509669607,77
LLIS3,202104,0.0502260266738689,74
LOGG3,202104,0.0453689475277312,77
LOGN3,202104,0.215801288027637,77
LPSB3,202104,0.0757736621443538,77
LREN3,202104,0.0436802365592596,79
LUPA3,202104,0.07859953994133,74
LUXM4,202104,0.114695011632757,69
LWSA3,202104,0.14664998571901,78
MATD3,202104,0.0548560169903781,78
MBLY3,202104,0.0668006342586848,77
MDIA3,202104,0.0591693569225331,77
MDNE3,202104,0.0525761315033508,77
MEAL3,202104,0.0810295644854424,76
MELK3,202104,0.0720374202184222,76
MGEL4,202104,0.249712051725808,6
MGLU3,202104,0.0299599512830887,78
MILS3,202104,0.236679807188015,76
MMXM3,202104,0.105653450583015,66
MNPR3,202104,0.111954043612475,68
MOAR3,202104,0.150620845848633,11
MODL11,202104,0.046223699315572,74
MOSI3,202104,0.0643789481499844,78
MOVI3,202104,0.0630515156699568,77
MRFG3,202104,0.0477099423087633,79
MRVE3,202104,0.068886306400964,78
MTRE3,202104,0.0337144922993737,77
MTSA4,202104,0.0905705351306537,74
MULT3,202104,0.0659770530710948,78
MYPK3,202104,0.0482265250934367,77
NEOE3,202104,0.0713432266157992,78
NGRD3,202104,0.119388721429034,77
NTCO3,202104,0.0502319983447024,78
ODPV3,202104,0.0465390065575491,77
OFSA3,202104,0.0635763854451342,76
OIBR3,202104,0.0492904403050438,78
OIBR4,202104,0.0711128283721379,73
OMGE3,202104,0.06486608943507,77
OPCT3,202104,0.0583887255054596,77
ORVR3,202104,0.0741295221740388,76
OSXB3,202104,0.103795846979425,72
PARD3,202104,0.0425165048915571,77
PCAR3,202104,0.0545288145550097,78
PDTC3,202104,0.0202152848058807,72
PETR3,202104,0.0460207813516822,78
PETR4,202104,0.037084586379525,78
PETZ3,202104,0.0500606102323239,78
PFRM3,202104,0.148366378877149,76
PGMN3,202104,0.0880333685544245,76
PINE4,202104,0.114310092471021,65
PLPL3,202104,0.0529641795368702,77
PMAM3,202104,0.229447369199044,75
PNVL3,202104,0.0845883022955663,78
PNVL4,202104,0.0903975031170704,73
POMO3,202104,0.055881592159962,61
POMO4,202104,0.0550455223408703,77
POSI3,202104,0.216921091023945,77
POWE3,202104,0.0717319343914055,77
PPLA11,202104,0.277718852679344,65
PRIO3,202104,0.0686669804481393,78
PRNR3,202104,0.111529680539919,73
PSSA3,202104,0.0648488459509763,78
PTBL3,202104,0.208750698525606,76
PTNT4,202104,-0.046154134417382,74
QUAL3,202104,0.0729614691894765,78
RADL3,202104,0.0470613298365105,78
RAIL3,202104,0.0573986617912537,79
RANI3,202104,0.223899928557454,77
RAPT3,202104,0.0684376473797016,72
RAPT4,202104,0.0850716001193384,77
RCSL3,202104,0.0964681045152769,72
RCSL4,202104,0.051962648788887,76
RDNI3,202104,0.14718738023866,75
RDOR3,202104,0.0423954645718354,78
REDE3,202104,0.0429273703670889,30
RENT3,202104,0.0392263286725213,78
ROMI3,202104,0.194882951430241,76
RPAD3,202104,0.0660857181730979,72
RPMG3,202104,0.0784796983943232,65
RRRP3,202104,0.0520323066157605,77
RSID3,202104,0.0749191254456538,72
SANB11,202104,0.0239622807800095,78
SANB3,202104,0.12105469767346,70
SAPR11,202104,0.0719955504355672,78
SAPR4,202104,0.0756375910763954,76
SBFG3,202104,0.05051771681961,77
SBSP3,202104,0.0559083084547188,78
SCAR3,202104,0.124566089419611,70
SEER3,202104,0.0558382372928661,77
SEQL3,202104,0.211490142957902,77
SGPS3,202104,0.232408940280712,71
SHOW3,202104,0.0783401883892538,76
SHUL4,202104,0.148140134806965,77
SIMH3,202104,0.167914598689823,77
SLCE3,202104,0.130602903862739,77
SMLS3,202104,0.0589801503998856,77
SMTO3,202104,0.0918189323675629,77
SOJA3,202104,0.141636542065924,77
SOMA3,202104,0.0791592544112464,78
SQIA3,202104,0.0840565728306773,77
STBP3,202104,0.0514463849183238,78
SULA11,202104,0.0594827513632305,79
SUZB3,202104,0.0434525815268833,79
TAEE11,202104,0.0332607957899548,78
TAEE4,202104,0.112302771842226,65
TASA3,202104,0.080076467147738,72
TASA4,202104,0.0554845572112362,76
TCSA3,202104,0.0733354822410197,77
TECN3,202104,0.0134509456572082,73
TEND3,202104,0.0502278004330422,77
TESA3,202104,0.0788630306298306,73
TFCO4,202104,0.0672369174058577,76
TGMA3,202104,0.0205733478214794,77
TIMS3,202104,0.0333585553244658,78
TOTS3,202104,0.0330816165191775,78
TPIS3,202104,0.11577116841538,74
TRIS3,202104,0.0180900725927985,78
TRPL4,202104,0.171902146298998,77
TUPY3,202104,0.0639096078394202,78
TXRX3,202104,0.133902997281817,65
UCAS3,202104,0.0448903738397789,71
UGPA3,202104,0.0470779678198221,78
UNIP3,202104,0.0767117990053587,76
UNIP6,202104,0.0709666136592806,78
USIM3,202104,0.0667154371155018,76
USIM5,202104,0.0562472693004044,78
VALE3,202104,0.0406562697604292,79
VAMO3,202104,0.188381263797027,77
VIVA3,202104,0.0789158816295757,77
VIVT3,202104,0.0450988788732333,78
VLID11,202104,0.182494599844231,57
VLID3,202104,0.0894035347749812,77
VULC3,202104,0.0448175955738831,76
VVAR3,202104,0.0864073723625024,78
WEGE3,202104,0.0499607715461073,78
WEST3,202104,0.0570226985003835,77
WHRL4,202104,0.157117229936464,74
WIZS3,202104,0.234974413079092,77
WLMM4,202104,0.150295848364702,56
YDUQ3,202104,0.058569852254884,78
AALR3,202105,0.0725602342365104,81
ABCB4,202105,0.064454093688764,81
ABEV3,202105,0.0295990172763891,81
AERI3,202105,0.056741504246234,81
AESB3,202105,0.0606184208523403,81
AGRO3,202105,0.0932340861593975,81
ALLD3,202105,0.0344951999213343,81
ALPA3,202105,-0.00254250797753441,80
ALPA4,202105,0.023277900342182,81
ALPK3,202105,0.0308396711404202,76
ALSO3,202105,0.0631735032283234,81
ALUP11,202105,0.0458634188006215,82
ALUP3,202105,-0.0146444136973779,53
AMAR3,202105,0.0698556572889539,81
AMBP3,202105,0.0552988012695346,81
ANIM3,202105,0.0384230951000728,81
APER3,202105,0.0514195825567865,79
ARZZ3,202105,0.0612436333945123,81
ASAI3,202105,0.0375652920183321,81
ATMP3,202105,0.208442819731679,67
ATOM3,202105,-0.0435748305770648,74
AVLL3,202105,0.0861448864362947,70
AZEV3,202105,-0.0248079536096803,78
AZUL4,202105,0.0654472421902938,81
B3SA3,202105,0.0553832790844617,82
BALM4,202105,0.0824374187266015,71
BAUH4,202105,0.0927713797172638,71
BBAS3,202105,0.0579721219849497,81
BBDC3,202105,0.0360815913206105,81
BBDC4,202105,0.042125197064095,82
BBRK3,202105,0.0384725258510484,80
BBSE3,202105,0.0559840372017921,81
BBTG11,202105,0.0337303932210103,74
BEEF11,202105,0.0851100277345084,72
BEEF3,202105,0.0715959696571587,81
BEES3,202105,0.0369456635046104,73
BIDI11,202105,0.047184173987728,82
BIDI3,202105,0.0464378711379296,80
BIDI4,202105,0.0516007932961199,82
BIOM3,202105,0.0737007178555531,68
BKBR3,202105,0.0293486781977902,81
BLAU3,202105,0.0659608594346692,81
BMGB4,202105,0.0795000913260955,81
BMOB3,202105,0.0614474663349543,81
BOAS3,202105,0.0739453237252503,80
BOBR4,202105,0.114683395866409,71
BPAC11,202105,0.0524698570532617,82
BPAC3,202105,0.144345072819345,75
BPAC5,202105,0.057664948195572,79
BPAN4,202105,0.0547782436118365,81
BRAP3,202105,0.0449772520253612,80
BRAP4,202105,0.0698386845159778,82
BRDT3,202105,0.041512665710022,82
BRFS3,202105,0.0409681335538406,81
BRGE3,202105,0.0268021226572422,74
BRIV3,202105,0.0263367790326319,74
BRKM5,202105,0.0524428316752058,81
BRML3,202105,0.0399229776524228,82
BRPR3,202105,0.0674860203049792,81
BRSR6,202105,0.0699425327398399,81
BSEV3,202105,-0.0466906098400228,74
BTOW3,202105,0.0531611405634334,81
CAML3,202105,0.0799592942671213,81
CARD3,202105,0.0693324873204065,79
CASH3,202105,0.0680485082529601,82
CCPR3,202105,0.0654498138804911,81
CCRO3,202105,0.059519198473751,82
CEAB3,202105,0.0751990009172085,81
CEBR3,202105,0.0553725906769008,72
CEBR5,202105,0.0910905136003816,57
CEBR6,202105,0.0637768430653048,58
CEEB3,202105,0.0691465357487955,72
CEED3,202105,0.0573225529592986,7
CEED4,202105,0.078594048903108,7
CEPE3,202105,0.0641057974400049,8
CEPE5,202105,0.087736392978892,13
CEPE6,202105,0.0964205190756912,11
CESP3,202105,0.0535960787386485,74
CESP6,202105,0.0456023810616628,81
CGAS5,202105,0.0864581332034273,77
CGRA4,202105,0.0399996961051455,80
CIEL3,202105,0.076118515737341,81
CLSC3,202105,0.0857077100711124,66
CLSC4,202105,0.0610411278436185,80
CMIG3,202105,0.0449980716876796,80
CMIG4,202105,0.0520518916608499,81
CMIN3,202105,0.0631344836920006,81
COCE3,202105,-0.00655089092836945,21
COCE5,202105,0.0669619770631974,80
COGN3,202105,0.0602440975228403,81
CPFE3,202105,0.0527783023562318,81
CPLE11,202105,0.0652133215825264,81
CPLE3,202105,0.0532728330972771,80
CPLE6,202105,0.0539541589575746,81
CRDE3,202105,0.0323552149388935,77
CRFB3,202105,0.0453870432340085,81
CRIV4,202105,0.0356355433323023,73
CRPG5,202105,0.0512554662298254,76
CRPG6,202105,0.0647250193852539,57
CSAN3,202105,0.0552349115247968,82
CSED3,202105,0.0245070241120147,81
CSMG3,202105,0.0646814952904578,81
CSNA3,202105,0.0439774280005169,81
CSRN3,202105,0.0557722904168725,7
CSRN5,202105,0.0601388528205377,7
CTKA4,202105,0.244560476765667,67
CTNM4,202105,0.0310962414001854,79
CURY3,202105,0.0830506409191535,81
CVCB3,202105,0.0699912518275311,82
CXSE3,202105,0.0642252980474961,78
CYRE3,202105,0.0354320359926982,81
DASA3,202105,0.0869294129441587,81
DHBI4,202105,0.0336819563805314,14
DIRR3,202105,0.0582624992073761,81
DMMO11,202105,0.0916850431386163,52
DMMO3,202105,0.0878992957133485,80
DMVF3,202105,0.0888986742043484,79
DOHL4,202105,0.0635578579784748,71
DOTZ3,202105,0.0478857560108804,77
DTEX3,202105,0.0856085723796842,81
EALT4,202105,0.0606530453113089,77
ECOR3,202105,0.0518095967899982,81
EGIE3,202105,0.0602209479946126,81
EKTR4,202105,0.0953979054906723,71
ELET3,202105,0.0537282581027381,82
ELET6,202105,0.053369930669511,81
ELMD3,202105,0.0547641397232069,79
EMAE4,202105,0.0594400742599535,76
EMBR3,202105,0.064475122364391,81
ENAT3,202105,0.0566670224147406,80
ENBR3,202105,0.0646070358688051,81
ENEV3,202105,0.0278658937303695,81
ENGI11,202105,0.0637828619938162,81
ENJU3,202105,0.0337624581820249,81
ENMT3,202105,0.105719848204404,10
ENMT4,202105,0.0805457957216433,71
EQPA3,202105,0.0464138243629367,80
EQPA5,202105,0.271172377022464,67
EQPA7,202105,0.284510319378545,67
EQTL3,202105,0.0418091313502809,82
ESPA3,202105,0.031250410288756,81
ETER3,202105,0.0742294151571225,78
EUCA4,202105,0.0540863666622526,80
EVEN3,202105,0.0692564046740471,81
EZTC3,202105,0.031911934016397,81
FBMC4,202105,0.445377228952711,7
FESA4,202105,0.0956149824193174,81
FHER3,202105,0.0682854007404975,79
FLRY3,202105,0.0802069323044447,81
FRAS3,202105,0.0456976791726028,79
GEPA4,202105,0.0511597351232271,60
GFSA3,202105,0.065981209116989,81
GGBR3,202105,0.0345039091698289,77
GGBR4,202105,0.0529328848092402,81
GGPS3,202105,0.0408775465429731,81
GMAT3,202105,0.0369208966004594,82
GNDI3,202105,0.0361879728415242,82
GOAU3,202105,0.0456005998825833,80
GOAU4,202105,0.0380790719607846,82
GOLL4,202105,0.0682021540012709,81
GPCP3,202105,0.0663209021251503,78
GRND3,202105,0.0207507811362182,81
GUAR3,202105,0.0198795875489971,81
HAGA4,202105,0.443120675592163,71
HAPV3,202105,0.0526197287857271,81
HBOR3,202105,0.0368196357161629,81
HBRE3,202105,0.00914785594962295,80
HBSA3,202105,0.0606983675237291,81
HGTX3,202105,0.0259928215214806,82
HYPE3,202105,0.019200284729207,81
IFCM3,202105,0.0599820567601865,78
IGBR3,202105,-0.0513753064522143,74
IGTA3,202105,0.0582446711438782,82
INEP3,202105,-0.0627609618576759,74
INTB3,202105,0.0673250707551966,81
IRBR3,202105,0.0738441177782939,81
ITSA3,202105,0.0285018462937337,73
ITSA4,202105,0.0456368611928812,81
ITUB3,202105,0.0398377288384444,81
ITUB4,202105,0.0599366145215507,82
JALL3,202105,0.0777186582570497,81
JBDU4,202105,0.228002541984213,67
JBSS3,202105,0.0541192093302935,81
JHSF3,202105,0.0799877533490554,81
JOPA3,202105,0.0303056389848817,74
JPSA3,202105,0.0624998333523796,81
JSLG3,202105,0.0698965785734717,79
KEPL3,202105,0.0860921809255982,81
KLBN11,202105,0.052992597200373,81
KLBN3,202105,-0.0245033858466925,33
KLBN4,202105,0.0141815682950658,35
KROT11,202105,0.0839406344296065,65
LAME3,202105,0.0725579807218365,81
LAME4,202105,0.0541226594080456,82
LAVV3,202105,0.0380121436228937,81
LCAM3,202105,0.0359418849495581,82
LEVE3,202105,0.0669596621465921,81
LIGT3,202105,0.042504697764364,81
LINX3,202105,0.0582129024978358,81
LJQQ3,202105,0.068843522439762,81
LLIS3,202105,0.0496664527122768,80
LOGG3,202105,0.0770920970469568,81
LOGN3,202105,0.0866693974643633,81
LPSB3,202105,0.044138973025348,81
LREN3,202105,0.0542734746243475,82
LUPA3,202105,0.101848622213632,78
LUXM4,202105,0.0929277823369088,71
LWSA3,202105,0.080652422594155,81
MATD3,202105,0.044300910252971,81
MBLY3,202105,0.0300848687614368,81
MDIA3,202105,0.0738599415116665,81
MDNE3,202105,0.049072654742514,80
MEAL3,202105,0.0697135348323956,80
MELK3,202105,0.082966945186351,80
MGEL4,202105,0.125109530052021,71
MGLU3,202105,0.0490540831463618,82
MILS3,202105,0.0867358065450959,80
MMXM3,202105,-0.0176377837837829,67
MNDL3,202105,0.193651895286164,67
MNPR3,202105,0.591366076990728,71
MOAR3,202105,0.0929767642058897,71
MODL11,202105,0.0646944845012652,80
MOSI3,202105,0.0384970435676356,80
MOVI3,202105,0.0802689701221329,81
MRFG3,202105,0.0722418332609848,82
MRVE3,202105,0.0361366385254017,81
MTRE3,202105,0.0656863587148954,81
MTSA4,202105,0.0293668761814249,77
MULT3,202105,0.0694987346988848,82
MWET4,202105,0.0912683697424405,71
MYPK3,202105,0.0715547722299138,81
NEOE3,202105,0.0579034245244116,81
NGRD3,202105,0.0698149315772311,80
NINJ3,202105,0.073605438833505,81
NTCO3,202105,0.0374314059611116,82
ODPV3,202105,0.0798140097228135,81
OFSA3,202105,0.0534201384028796,80
OIBR3,202105,0.0475803824381192,81
OIBR4,202105,0.0299614979520275,68
OMGE3,202105,0.0373049718684617,81
OPCT3,202105,0.0652384897749132,80
ORVR3,202105,0.0541115258886512,80
OSXB3,202105,-0.0302973414753819,74
PARD3,202105,0.0460536629867962,81
PCAR3,202105,0.0775732426904899,82
PDTC3,202105,0.0902985209728899,75
PETR3,202105,0.0652322869244553,81
PETR4,202105,0.0506116114662265,82
PETZ3,202105,0.0580881184278452,81
PFRM3,202105,0.0396631328291384,73
PGMN3,202105,0.0670209508348566,80
PINE4,202105,0.23807178405081,67
PLPL3,202105,0.0564426081951294,80
PMAM3,202105,0.0474077447681007,70
PNVL3,202105,0.0640111076302702,81
PNVL4,202105,0.0789427387123952,76
POMO3,202105,0.0973388393262204,64
POMO4,202105,0.0816818186370658,81
POSI3,202105,0.0637624758593685,81
POWE3,202105,0.0295519755785599,81
PPLA11,202105,0.0906361234934883,66
PRIO3,202105,0.0388553114675897,81
PRNR3,202105,0.0381936862782436,74
PSSA3,202105,0.0645125628566631,81
PTBL3,202105,0.0753790421045974,80
PTNT4,202105,0.13462995910215,76
QUAL3,202105,0.0346711459210835,82
RADL3,202105,0.0482308000341955,82
RAIL3,202105,0.0461143573983002,82
RANI3,202105,0.0755932052305725,80
RAPT3,202105,0.0215788070266633,74
RAPT4,202105,0.0662629132290368,81
RCSL3,202105,-0.0488905905772628,74
RCSL4,202105,0.0832929108042174,80
RDNI3,202105,0.167723886665361,79
RDOR3,202105,0.0459525600018363,82
RECV3,202105,0.0560753621098366,81
RENT3,202105,0.0481221783368249,82
RNEW4,202105,0.274140884878715,67
ROMI3,202105,0.0875495494874298,80
RPAD3,202105,0.0280039853580697,74
RRRP3,202105,0.0630359221565035,81
RSID3,202105,-0.0366533286893596,74
SANB11,202105,0.0721267129580231,81
SAPR11,202105,0.0737799577771909,82
SAPR4,202105,0.0703182281416097,80
SBFG3,202105,0.042912372537746,81
SBSP3,202105,0.0693551896481722,81
SCAR3,202105,0.0236679309319743,73
SEER3,202105,0.0765285901545989,81
SEQL3,202105,0.0847670032198044,81
SGPS3,202105,0.0730305839014054,75
SHOW3,202105,0.0439949845713141,80
SHUL4,202105,0.0811129446656726,80
SIMH3,202105,0.0764705013248523,81
SLCE3,202105,0.0644213852812804,81
SMLS3,202105,0.0890468654161438,81
SMTO3,202105,0.0656923871223164,81
SOJA3,202105,0.0808233488007628,80
SOMA3,202105,0.0267307786193557,81
SQIA3,202105,0.0286885216992535,80
STBP3,202105,0.0676522720515319,81
SULA11,202105,0.0256478568718136,82
SUZB3,202105,0.0441745626531435,82
TAEE11,202105,0.0663060300626482,81
TAEE4,202105,0.272463892597115,67
TASA4,202105,0.0927588017252124,80
TCNO4,202105,0.235053259852983,67
TCSA3,202105,0.029667831584878,81
TECN3,202105,0.190701490023509,72
TEND3,202105,0.0313513663556698,81
TESA3,202105,0.0511084160845049,75
TFCO4,202105,0.0708010775376794,80
TGMA3,202105,0.0580893546360445,81
TIMS3,202105,0.049192474702042,81
TOTS3,202105,0.0428623518697082,81
TPIS3,202105,0.144192424728319,79
TRIS3,202105,0.0803067311880736,81
TRPL4,202105,0.0724067056619812,81
TUPY3,202105,0.0641681334457792,81
TXRX3,202105,0.271789734301535,67
UCAS3,202105,0.0721283720616807,74
UGPA3,202105,0.0609269519960764,81
UNIP3,202105,0.0641527274154026,81
UNIP6,202105,0.0763770015849701,81
USIM3,202105,0.047878196395398,77
USIM5,202105,0.0496873370939029,81
VALE3,202105,0.0580111829833922,82
VAMO3,202105,0.076339471625151,81
VIVA3,202105,0.0502788565893068,81
VIVT3,202105,0.0474045229836255,81
VLID11,202105,0.2045949853626,57
VLID3,202105,0.0646938964287333,81
VULC3,202105,0.0788780572637603,80
VVAR3,202105,0.0244878555848519,82
WEGE3,202105,0.0475748791597083,81
WEST3,202105,0.052629399402814,80
WHRL4,202105,0.0881443029306002,78
WIZS3,202105,0.0815205854196838,81
WLMM4,202105,0.0692387454670493,57
YDUQ3,202105,0.0699530567798458,81
AALR3,202106,0.020517930070623,82
ABCB4,202106,0.0229343667555047,82
ABEV3,202106,0.0149364321751257,82
AERI3,202106,0.0240453107368771,82
AESB3,202106,0.00979219249960003,82
AGRO3,202106,0.0136600863645231,82
ALLD3,202106,0.0433995743220713,81
ALPA3,202106,-0.000107439017256726,81
ALPA4,202106,0.0199102467022493,82
ALPK3,202106,0.0179191378017972,77
ALSO3,202106,0.0497832441144904,82
ALUP11,202106,0.028899536682702,83
ALUP3,202106,-0.018524535398746,51
AMAR3,202106,0.0624170520064107,82
AMBP3,202106,0.037449094235483,82
ANIM3,202106,0.0188255022618907,82
APER3,202106,0.0411250362995784,80
ARZZ3,202106,0.0361619141634203,82
ASAI3,202106,0.0158579013779612,82
ATMP3,202106,0.141850196968029,68
ATOM3,202106,0.0722554860405765,75
AVLL3,202106,0.0406171558814283,72
AZEV3,202106,0.0728789282658426,68
AZEV4,202106,0.0126200499354027,75
AZUL4,202106,0.0284121483624104,82
B3SA3,202106,0.0205173590139981,83
BALM4,202106,0.104254691765057,71
BAUH4,202106,0.128382278441484,71
BBAS3,202106,0.00884564713085725,82
BBDC3,202106,0.00980771958194765,82
BBDC4,202106,0.0224403688651667,83
BBRK3,202106,0.017994435765966,81
BBSE3,202106,-0.00232490596685267,82
BBTG11,202106,0.0286942355257854,76
BEEF11,202106,0.0419047878504068,74
BEEF3,202106,0.0199200505170583,82
BEES3,202106,0.112320231515728,74
BIDI11,202106,0.0320941329738827,82
BIDI3,202106,0.0313156795061723,81
BIDI4,202106,0.0234365247233976,83
BIOM3,202106,0.0341956683298032,68
BKBR3,202106,0.02241561149341,82
BLAU3,202106,0.0530229311240715,82
BMGB4,202106,0.0222932624868966,82
BMIN4,202106,0.139493121767317,68
BMOB3,202106,0.0757980062322817,82
BOAS3,202106,0.0108633685923365,81
BOBR4,202106,0.110149881524119,71
BPAC11,202106,0.0297998276804108,83
BPAC3,202106,-0.0123688235592852,77
BPAC5,202106,0.0489390767419136,82
BPAN4,202106,0.0553095435738493,82
BRAP3,202106,0.00929849241503234,81
BRAP4,202106,0.0266198731910244,83
BRBI11,202106,0.0453773879753956,82
BRDT3,202106,0.0289069093820024,83
BRFS3,202106,0.0100743893248301,82
BRGE3,202106,0.05681425928389,76
BRIV3,202106,0.0528561993919178,76
BRKM5,202106,0.0253704982597168,82
BRML3,202106,0.0247560379234975,83
BRPR3,202106,0.0119481822607934,82
BRSR6,202106,0.0406113459659609,82
BSEV3,202106,0.057817989248757,76
BTOW3,202106,0.0152290155507301,82
CAML3,202106,0.0204545864826229,82
CARD3,202106,0.00149883731625888,77
CASH3,202106,0.0483964588563254,82
CCPR3,202106,0.0154208139627139,82
CCRO3,202106,0.0182604386868841,83
CEAB3,202106,0.0129690912928644,82
CEBR3,202106,0.0160957113054311,72
CEBR5,202106,0.143569315846119,74
CEBR6,202106,0.020558122739548,59
CEEB3,202106,0.200646495992418,72
CEED3,202106,0.203004779030116,7
CEED4,202106,0.19588923923755,7
CEPE3,202106,0.160610256592297,8
CEPE5,202106,0.00558137496896765,12
CEPE6,202106,0.00707043042365103,10
CESP3,202106,-0.00368390731314218,76
CESP6,202106,0.0452633924349603,82
CGAS5,202106,0.0407565751358333,74
CGRA4,202106,0.107834605635554,79
CIEL3,202106,0.0170922098342252,83
CLSC3,202106,0.0374468776014178,68
CLSC4,202106,0.0175416992090924,81
CMIG3,202106,0.018248413860112,82
CMIG4,202106,0.00196311574389891,82
CMIN3,202106,0.0299436055106631,82
COCE3,202106,0.0699471042923938,21
COCE5,202106,0.0549145137499177,82
COGN3,202106,0.0230424385544199,82
CPFE3,202106,0.0144188373796311,82
CPLE11,202106,0.01014504458192,82
CPLE3,202106,0.00314658845394035,82
CPLE6,202106,0.00220606999365945,82
CRDE3,202106,0.0449932344591005,78
CRFB3,202106,0.0651285360505144,82
CRIV3,202106,0.0484045389264007,76
CRIV4,202106,0.110760614239018,74
CRPG5,202106,0.0925037990724891,77
CRPG6,202106,0.0740388592651257,58
CSAN3,202106,0.0496838831881836,83
CSED3,202106,0.0440262514774802,82
CSMG3,202106,0.0179248444889089,82
CSNA3,202106,0.0165395254956394,82
CSRN3,202106,0.109424111662432,7
CSRN5,202106,0.0924946523246009,7
CTKA4,202106,0.139309987023238,68
CTNM4,202106,0.0505731405606795,80
CURY3,202106,0.0207984476974781,82
CVCB3,202106,0.0471317014595031,83
CXSE3,202106,0.0213168382621703,82
CYRE3,202106,0.00995750440133201,82
DASA3,202106,0.0487263794393096,82
DEXP3,202106,-0.00199768512059432,80
DHBI4,202106,0.0128534300377077,14
DIRR3,202106,0.0132187900842228,82
DMMO11,202106,0.0007756091322291,73
DMMO3,202106,0.0589993503810107,76
DMVF3,202106,0.0309818406272712,80
DOHL4,202106,0.0284564880300195,71
DOTZ3,202106,0.0164429109755324,79
DTEX3,202106,0.03441973207603,82
EALT4,202106,0.109810101536225,79
ECOR3,202106,0.0164465207232341,82
EGIE3,202106,0.0086149078708132,82
EKTR4,202106,0.121245876318249,71
ELET3,202106,0.023856550509257,83
ELET6,202106,0.0154138027112904,82
ELMD3,202106,0.0593540988497982,81
EMAE4,202106,0.110240583005042,78
EMBR3,202106,0.0168643116619996,82
ENAT3,202106,0.00259620567043669,82
ENBR3,202106,-0.00124436255701279,82
ENEV3,202106,0.0304076739185617,82
ENGI11,202106,0.0124880174195751,82
ENJU3,202106,0.0288543979974849,82
ENMT3,202106,0.0119041402471431,13
ENMT4,202106,0.0799795351619779,71
EQPA3,202106,0.0293733065090358,81
EQPA5,202106,0.0150826398183673,68
EQPA7,202106,0.0791782022171039,68
EQTL3,202106,0.0348951222178769,83
ESPA3,202106,0.0426334442781125,82
ETER3,202106,0.0518293965448744,80
EUCA4,202106,0.0474344081212725,81
EVEN3,202106,0.010341101042582,82
EZTC3,202106,0.0232928049956449,83
FBMC4,202106,0.0429830892220115,8
FESA4,202106,0.0267568117265328,82
FHER3,202106,0.033531427878829,81
FLRY3,202106,0.0277008897946107,82
FRAS3,202106,0.10319166244704,79
GEPA4,202106,-0.00526466148444327,61
GFSA3,202106,0.0147940068341788,82
GGBR3,202106,0.0281803822828886,79
GGBR4,202106,0.0296795140630976,82
GGPS3,202106,0.0364476470131273,82
GMAT3,202106,0.0272046751981555,83
GNDI3,202106,0.0314507872721269,83
GOAU3,202106,0.0217557841461616,81
GOAU4,202106,0.0145593533682987,83
GOLL4,202106,0.0373537795688,82
GRND3,202106,0.0410369395965976,82
GUAR3,202106,0.0409686214145302,82
HAGA4,202106,0.102113645373507,71
HAPV3,202106,0.0331593847605226,82
HBOR3,202106,0.058792710169911,82
HBRE3,202106,0.00536531761504086,82
HBSA3,202106,0.0335120799046431,82
HGTX3,202106,0.0186594628632103,83
HYPE3,202106,0.0256806316894983,82
IFCM3,202106,0.00888440863325109,82
IGBR3,202106,0.107318208270296,75
IGTA3,202106,0.0115826819517123,83
INEP3,202106,0.0539746553121117,75
INTB3,202106,0.039781923276678,82
IRBR3,202106,0.0371735784466181,82
ITSA3,202106,0.0106580207294373,75
ITSA4,202106,0.00549225928785275,82
ITUB3,202106,0.018807770031822,79
ITUB4,202106,0.00838632947618345,83
JALL3,202106,0.0444435460638219,82
JBSS3,202106,0.0305194683816684,82
JHSF3,202106,0.0417036178986825,82
JOPA3,202106,0.0449043190457633,76
JPSA3,202106,0.0379158823741704,82
JSLG3,202106,0.0451950100106968,81
KEPL3,202106,0.035276982656631,82
KLBN11,202106,0.0243635827545841,82
KLBN3,202106,-0.00750984717157609,33
KLBN4,202106,0.0616091783394823,78
KROT11,202106,0.0341290650831645,67
LAME3,202106,0.0331377885050674,82
LAME4,202106,0.0603326956762116,82
LAVV3,202106,0.042239059577785,82
LCAM3,202106,0.0282430940379452,83
LEVE3,202106,0.0105057440832477,82
LIGT3,202106,0.0183002145101827,82
LJQQ3,202106,0.0591360488987894,82
LLIS3,202106,0.054588070134912,81
LLISE3,202106,0.0694191683885273,55
LOGG3,202106,0.0237574085527538,82
LOGN3,202106,0.0399115447820423,81
LPSB3,202106,0.0442038151777122,82
LREN3,202106,0.0307549994059819,83
LUPA3,202106,0.0830821007099345,78
LUXM4,202106,0.0553138815068776,71
LWSA3,202106,0.0462574963232689,82
MATD3,202106,0.0338252600991896,82
MBLY3,202106,0.0472999727270884,82
MDIA3,202106,0.0352767873366803,82
MDNE3,202106,0.0361151047639953,82
MEAL3,202106,0.00812123071309294,82
MELK3,202106,0.0478959259145783,81
MGEL4,202106,0.103294378522686,71
MGLU3,202106,0.0436361270631168,83
MILS3,202106,0.0359662070363383,81
MMXM3,202106,0.0714336624289548,68
MNPR3,202106,-0.00555842517693714,71
MOAR3,202106,0.0623988481494089,71
MODL11,202106,0.0480333878711782,81
MOSI3,202106,0.0325134881122558,82
MOVI3,202106,0.0367204065419438,82
MRFG3,202106,0.0183150211049106,83
MRVE3,202106,0.032426302011495,83
MTRE3,202106,0.017961788597966,82
MTSA4,202106,0.0847100415082381,78
MULT3,202106,0.0569802034145612,83
MWET4,202106,0.0730523397492282,71
MYPK3,202106,0.0329207125872825,82
NEOE3,202106,0.0163877906443783,82
NGRD3,202106,0.0297007158560821,81
NINJ3,202106,0.0171622735151869,81
NTCO3,202106,0.0290262274890248,83
ODPV3,202106,0.0233339889253608,82
OFSA3,202106,0.0149143292300173,81
OIBR3,202106,0.0136009764572655,83
OIBR4,202106,0.0152538974419986,70
OMGE3,202106,0.0359930749623539,82
OPCT3,202106,0.039228821313385,82
ORVR3,202106,0.0293846433828351,81
PARD3,202106,0.0144726164647489,82
PCAR3,202106,0.0349923714850652,82
PDGR3,202106,0.0200465611393206,61
PDTC3,202106,0.0475247746635302,67
PETR3,202106,0.0117813340062884,82
PETR4,202106,0.0136157570066689,83
PETZ3,202106,0.0392747930095426,82
PFRM3,202106,0.10521979344108,79
PGMN3,202106,0.0570518418071012,82
PINE4,202106,0.127879086199419,77
PLPL3,202106,0.075527454382752,82
PMAM3,202106,-0.00682360365884446,71
PNVL3,202106,0.0709874987003859,82
PNVL4,202106,0.0205921054983591,78
POMO3,202106,-0.00106374005221872,63
POMO4,202106,0.0259890485670587,82
POSI3,202106,0.0295652297818152,82
POWE3,202106,0.0196056225065601,82
PPLA11,202106,0.054800458264161,61
PRIO3,202106,0.0459794737527812,82
PRNR3,202106,0.0617397576274513,76
PSSA3,202106,0.0240934956507348,80
PTBL3,202106,0.00653427830742313,81
PTNT4,202106,0.10074130471057,77
QUAL3,202106,0.0259534242156907,83
RADL3,202106,0.0340869969818923,83
RAIL3,202106,0.0187695517337326,83
RANI3,202106,0.0227272986484707,81
RAPT3,202106,0.0507869251229463,76
RAPT4,202106,0.0302744048334684,82
RCSL3,202106,0.0753825672713424,75
RCSL4,202106,0.0076976328179863,82
RDNI3,202106,0.0402823626118029,80
RDOR3,202106,0.0370433687472051,83
RECV3,202106,0.00491810447838993,82
RENT3,202106,0.0324770758002834,83
ROMI3,202106,0.0160844898728157,81
RPAD3,202106,0.0516850157944779,76
RPMG3,202106,0.0141568121463217,64
RRRP3,202106,0.0183512575412409,82
RSID3,202106,0.00114231601351547,73
SANB11,202106,0.0411134184999909,82
SAPR11,202106,0.00219099685610916,83
SAPR4,202106,0.0348988729732452,81
SBFG3,202106,0.0421719141748227,82
SBSP3,202106,0.0167459820646582,82
SCAR3,202106,0.107918421520344,74
SEER3,202106,0.034662529764369,82
SEQL3,202106,0.0283909939541094,82
SGPS3,202106,0.0514395056669798,72
SHOW3,202106,0.0529343484470051,81
SHUL4,202106,0.0144875444359801,81
SIMH3,202106,0.0338906272857267,82
SLCE3,202106,0.0310771177798544,82
SMTO3,202106,0.016963696420008,82
SOJA3,202106,0.0758223929550094,82
SOMA3,202106,0.0273549190485312,82
SQIA3,202106,0.00832939240031077,81
STBP3,202106,0.0371960800215889,82
SULA11,202106,0.0242102502324564,83
SUZB3,202106,0.0229276597726039,83
TAEE11,202106,0.011165972933052,82
TAEE4,202106,0.00516614633425859,68
TASA3,202106,0.0695076206596327,75
TASA4,202106,0.0215698056673692,81
TCSA3,202106,0.039231086659636,82
TECN3,202106,0.0237111196441535,79
TEND3,202106,0.0108614155246449,82
TESA3,202106,0.0239536883761512,78
TFCO4,202106,0.0347555667889268,81
TGMA3,202106,0.0145900619916712,82
TIMS3,202106,0.00945653478913399,82
TOTS3,202106,0.0124745984241622,82
TPIS3,202106,0.0282407443748429,80
TRIS3,202106,0.0453739446947857,82
TRPL4,202106,-0.0026646864865953,82
TUPY3,202106,0.0064676336510076,82
TXRX3,202106,0.128390504423432,68
UCAS3,202106,0.0150861750533304,76
UGPA3,202106,0.0164664217829925,82
UNIP3,202106,0.0113847171676166,81
UNIP6,202106,0.0155968192750863,82
USIM3,202106,0.0450464907427047,79
USIM5,202106,0.0206360742465841,82
VALE3,202106,0.0166732180765104,83
VAMO3,202106,0.0386626151161735,82
VIVA3,202106,0.043838627874663,82
VIVR3,202106,0.0198951372739885,78
VIVT3,202106,0.00089636588351586,82
VIVT4,202106,0.0389844592072706,67
VLID11,202106,0.0654279883579057,59
VLID3,202106,0.00063959997741995,81
VULC3,202106,0.0493921380238302,81
VVAR3,202106,0.0358299423487811,83
WEGE3,202106,0.0192585788503475,82
WEST3,202106,0.02568829947113,82
WHRL4,202106,0.131487290394947,78
WIZS3,202106,0.0349740977941942,82
WLMM4,202106,0.105056157459689,58
YDUQ3,202106,0.0273339378186548,82
AALR3,202107,-0.0488868476168902,82
ABCB4,202107,-0.0643391893400449,82
ABEV3,202107,-0.0564952157942693,82
AERI3,202107,-0.0507377710330593,81
AESB3,202107,-0.0361867556719106,81
AGRO3,202107,-0.0473052523916949,82
AGXY3,202107,-0.0829433089755771,79
ALLD3,202107,-0.0583475593024957,81
ALPA3,202107,-0.0270914351112761,80
ALPA4,202107,-0.0507633986717922,81
ALPK3,202107,-0.0527466458759611,77
ALSO3,202107,-0.0508147722152951,82
ALUP11,202107,-0.0395138367004268,82
ALUP3,202107,-0.0345141701753674,55
AMAR3,202107,-0.0577045105409659,82
AMBP3,202107,-0.0524777873227696,82
AMER3,202107,-0.0826997574587504,82
ANIM3,202107,-0.0522855760939021,82
APER3,202107,-0.0607919851259849,80
ARML3,202107,-0.0336111895542481,82
ARZZ3,202107,-0.0461554284531804,81
ASAI3,202107,-0.0568427913970906,82
ATMP3,202107,-0.0653493329054787,69
ATOM3,202107,-0.0222540559481267,75
AVLL3,202107,-0.0442305829206872,71
AZEV3,202107,-0.083585498029121,69
AZEV4,202107,-0.0525110631777473,75
AZUL4,202107,-0.0567106936065652,82
B3SA3,202107,-0.0403093657501407,82
BAHI3,202107,0.0448245765965342,26
BALM4,202107,0.00455912136115701,70
BAUH4,202107,0.00778273663297388,70
BBAS3,202107,-0.0433700309279997,82
BBDC3,202107,-0.046779346345681,82
BBDC4,202107,-0.0565053137084668,82
BBRK3,202107,-0.0680888985259382,81
BBSE3,202107,-0.0542350787816795,82
BBTG11,202107,-0.0779344317783103,64
BEEF11,202107,-0.0378772845903714,74
BEEF3,202107,-0.0445481861703235,82
BEES3,202107,-0.0657220785015473,73
BIDI11,202107,-0.0444466517869941,83
BIDI3,202107,-0.0603547825825852,82
BIDI4,202107,-0.057093439327979,82
BIOM3,202107,-0.0711696980939581,70
BKBR3,202107,-0.058963745053295,82
BLAU3,202107,-0.0535513467469079,81
BMGB4,202107,-0.0673431143993405,82
BMIN4,202107,-0.0838114788723609,69
BMOB3,202107,-0.041549894738584,82
BOAS3,202107,-0.0536744499504165,80
BOBR4,202107,0.0237790979759505,70
BPAC11,202107,-0.0374498063779303,83
BPAC3,202107,-0.0538167006702567,80
BPAC5,202107,-0.0527314644680252,81
BPAN4,202107,-0.0675257977107401,81
BRAP3,202107,-0.0820616116553849,81
BRAP4,202107,-0.0404796102559706,83
BRBI11,202107,-0.0526374493992222,82
BRDT3,202107,-0.053506494255828,83
BRFS3,202107,-0.0547648262363524,82
BRGE3,202107,-0.0586692344072286,75
BRIT3,202107,-0.0666213788427876,82
BRIV3,202107,-0.0596993872165687,75
BRKM5,202107,-0.0427626374706982,82
BRML3,202107,-0.052828407430364,83
BRPR3,202107,-0.0504922479899427,81
BRSR6,202107,-0.0413447171469072,81
BSEV3,202107,-0.0415579926849335,75
CAMB3,202107,-0.0650013135597562,69
CAML3,202107,-0.0482157046892072,81
CARD3,202107,-0.0415427239164368,80
CASH3,202107,-0.0612643333426531,82
CBAV3,202107,-0.070342088742094,82
CCPR3,202107,-0.0568124963468842,81
CCRO3,202107,-0.0447782420462409,82
CEAB3,202107,-0.0465252502335598,82
CEBR3,202107,0.00115469528170324,73
CEBR5,202107,0.173135523472723,74
CEBR6,202107,0.0141935446010253,59
CEEB3,202107,-0.069824696522259,72
CEED3,202107,-0.0029556818901808,7
CEED4,202107,-0.0265922885001178,7
CEPE3,202107,-0.0351504842615792,8
CEPE5,202107,-0.00747354586086448,12
CEPE6,202107,-0.00730136466962035,10
CESP3,202107,-0.0588401563880117,76
CESP6,202107,-0.0541060887471314,81
CGAS5,202107,-0.0364259675776488,74
CGRA4,202107,-0.0256805471508417,79
CIEL3,202107,-0.0543496794711985,82
CLSA3,202107,-0.0522035926291835,82
CLSC3,202107,-0.0778026757068615,67
CLSC4,202107,-0.0252009765269415,81
CMIG3,202107,-0.0539196931668815,81
CMIG4,202107,-0.0595439631000121,82
CMIN3,202107,-0.0478893786772875,82
COCE3,202107,-0.0184348302649635,21
COCE5,202107,-0.0612178067286591,81
COGN3,202107,-0.0578106193053428,82
CPFE3,202107,-0.0413613710147867,82
CPLE11,202107,-0.0388813104329756,81
CPLE3,202107,-0.0585190270140454,78
CPLE6,202107,-0.0467325716125239,82
CRDE3,202107,-0.0298587823836917,78
CRFB3,202107,-0.0801992399937143,82
CRIV3,202107,-0.0564024445002886,75
CRIV4,202107,-0.0700360066064217,73
CRPG5,202107,0.12403790714646,79
CRPG6,202107,0.146966089060082,57
CSAN3,202107,-0.0570972851865201,83
CSED3,202107,-0.0504641033071205,81
CSMG3,202107,-0.0505614773280174,82
CSNA3,202107,-0.0465100791802814,82
CSRN3,202107,-0.0331053850699853,7
CSRN5,202107,-0.0427593555484342,7
CTKA4,202107,-0.106376323942995,69
CTNM4,202107,-0.0569822176191125,80
CURY3,202107,-0.0529021858464987,81
CVCB3,202107,-0.0400097214972556,83
CXSE3,202107,-0.0488207999659188,80
CYRE3,202107,-0.0527281620451698,82
DASA3,202107,-0.0576886119603612,81
DESK3,202107,-0.0624147072513395,82
DEXP3,202107,-0.0522209207639783,80
DHBI4,202107,-0.138391208585237,14
DIRR3,202107,-0.0517682388661333,82
DMMO3,202107,-0.0773755888889826,75
DMVF3,202107,-0.0538080959105863,80
DOHL4,202107,-0.166539367834093,70
DOTZ3,202107,-0.0282929738946115,78
DTEX3,202107,-0.0516203260128644,82
EALT4,202107,-0.0681111349421806,78
ECOR3,202107,-0.0544310029523127,82
EGIE3,202107,-0.050094290106679,82
EKTR4,202107,0.006556224236994,70
ELET3,202107,-0.0433468609246763,82
ELET6,202107,-0.056211427977779,82
ELMD3,202107,-0.0708144874190217,80
EMAE4,202107,0.0764556227990562,78
EMBR3,202107,-0.0549739676955137,82
ENAT3,202107,-0.0623770540392222,82
ENBR3,202107,-0.0492155602425953,82
ENEV3,202107,-0.0603884277640815,82
ENGI11,202107,-0.0469740818781658,82
ENJU3,202107,-0.0591009276326011,81
ENMT3,202107,0.112198137667338,11
ENMT4,202107,0.00111109206534299,70
EQPA3,202107,-0.0292520751918075,81
EQTL3,202107,-0.0436570167608755,83
ESPA3,202107,-0.0472609701055219,82
ETER3,202107,-0.038361687890906,80
EUCA4,202107,-0.087185155500064,81
EVEN3,202107,-0.0499644180530241,82
EZTC3,202107,-0.0585192518223893,82
FBMC4,202107,0.109653241416413,7
FESA4,202107,-0.0324001179611511,81
FHER3,202107,-0.0514616325297091,80
FIQE3,202107,-0.0464607651742956,82
FLRY3,202107,-0.0472255923857222,82
FRAS3,202107,-0.0417698672934358,79
GEPA4,202107,-0.0535718925414267,61
GFSA3,202107,-0.0736125170888269,81
GGBR3,202107,-0.025326279378397,77
GGBR4,202107,-0.0569753759355498,82
GGPS3,202107,-0.0469108293982647,82
GMAT3,202107,-0.0478259468846623,82
GNDI3,202107,-0.0437795658863106,83
GOAU3,202107,-0.0566199584718639,81
GOAU4,202107,-0.0561714416362265,82
GOLL4,202107,-0.0584508995031573,82
GRND3,202107,-0.0603870347263272,82
GUAR3,202107,-0.0552250791004647,82
HAGA4,202107,0.0452922869568836,71
HAPV3,202107,-0.0674185605629304,82
HBOR3,202107,-0.0634155494640941,82
HBRE3,202107,-0.0622532674412369,79
HBSA3,202107,-0.0496805727144266,81
HGTX3,202107,-0.0659960600453475,83
HYPE3,202107,-0.0639009312426072,82
IFCM3,202107,-0.0345274095401795,81
IGTA3,202107,-0.0567635224395908,83
INEP3,202107,-0.0726380966061081,75
INTB3,202107,-0.0491724813879948,81
IRBR3,202107,-0.0575878796666098,82
ITSA3,202107,-0.0770076762120239,75
ITSA4,202107,-0.0503673371114781,82
ITUB3,202107,-0.0518052419351208,79
ITUB4,202107,-0.0527929435691099,83
JALL3,202107,-0.0404318245297898,81
JBSS3,202107,-0.0465505468573068,82
JHSF3,202107,-0.047095821293142,82
JOPA3,202107,-0.0625034208831732,75
JPSA3,202107,-0.0629550221884597,82
JSLG3,202107,-0.0172243401866268,81
KEPL3,202107,-0.040756952675201,81
KLBN11,202107,-0.0441959326950752,81
KLBN3,202107,-0.0603154194457735,30
KLBN4,202107,-0.0615036941186906,79
KROT11,202107,-0.0581998586198619,67
LAME3,202107,-0.0464513429826049,82
LAME4,202107,-0.0596465731791332,82
LAVV3,202107,-0.0715692918859887,82
LCAM3,202107,-0.0568986896294574,83
LEVE3,202107,-0.0464475861787039,81
LIGT3,202107,-0.0571473839142093,81
LJQQ3,202107,-0.059597235186586,81
LLIS3,202107,-0.0796825427573921,81
LOGG3,202107,-0.0554001793913395,81
LOGN3,202107,-0.0404217874810047,80
LPSB3,202107,-0.04901134299892,81
LREN3,202107,-0.0494757235008334,82
LUPA3,202107,-0.0315930263593221,78
LUXM4,202107,0.0120852120273497,70
LVTC3,202107,-0.0543565293624464,82
LWSA3,202107,-0.0493279979826573,82
MATD3,202107,-0.052371503165441,81
MBLY3,202107,-0.0415362440988146,81
MDIA3,202107,-0.0505239647689885,82
MDNE3,202107,-0.0604932439497766,81
MEAL3,202107,-0.0543826914312607,81
MELK3,202107,-0.0581227943069886,80
MGEL4,202107,-0.192695946842543,71
MGLU3,202107,-0.061080741067639,82
MILS3,202107,-0.0460095681423929,80
MLAS3,202107,-0.0463287167401966,82
MMXM3,202107,-0.0508826959411877,68
MNPR3,202107,0.0363598526415077,70
MOAR3,202107,-0.0149909329491689,70
MODL11,202107,-0.0677210740671242,81
MOSI3,202107,-0.0288148491214141,81
MOVI3,202107,-0.0557869035832947,81
MRFG3,202107,-0.0506882053200549,83
MRVE3,202107,-0.0633803614394468,82
MTRE3,202107,-0.0535047099442169,81
MTSA4,202107,-0.0557780417755856,78
MULT3,202107,-0.057788940739363,83
MWET4,202107,-0.0201772726065922,70
MYPK3,202107,-0.0445493222064713,81
NEOE3,202107,-0.0534944748885845,82
NGRD3,202107,-0.0461908569128282,81
NINJ3,202107,-0.044678119828633,80
NTCO3,202107,-0.0548843210084829,83
ODPV3,202107,-0.0552411208558105,81
OFSA3,202107,-0.0157191095103881,81
OIBR3,202107,-0.0731152207041607,82
OIBR4,202107,-0.0579780573752148,70
OMGE3,202107,-0.0462956753255001,81
OPCT3,202107,-0.0587054350666622,81
ORVR3,202107,-0.0829535205999676,77
PARD3,202107,-0.0522267056239485,81
PCAR3,202107,-0.0574571592780797,82
PDGR3,202107,-0.0723794867539729,69
PDTC3,202107,-0.0303254957391539,73
PETR3,202107,-0.0644667305913472,82
PETR4,202107,-0.0358589607974684,82
PETZ3,202107,-0.0597929504627054,82
PFRM3,202107,-0.0523996531035926,80
PGMN3,202107,-0.0796687295101985,79
PINE4,202107,0.0143663852398128,77
PLPL3,202107,-0.0449811564315476,81
PMAM3,202107,-0.0516701489485493,72
PNVL3,202107,-0.0421718540758899,82
PNVL4,202107,-0.0488131926387196,77
POMO3,202107,-0.0478647879516105,71
POMO4,202107,-0.0435956921509323,81
POSI3,202107,-0.0404857695491831,81
POWE3,202107,-0.0568941003989883,81
PPLA11,202107,-0.0136516792514673,61
PRIO3,202107,-0.0418981676641258,82
PRNR3,202107,-0.0766624820942565,75
PSSA3,202107,-0.0434937263691265,82
PTBL3,202107,-0.0393593308969256,80
PTNT4,202107,-0.0575802321196104,78
QUAL3,202107,-0.0494689925309052,83
RADL3,202107,-0.0526009265854412,83
RAIL3,202107,-0.0465090903332889,83
RANI3,202107,-0.0396134929964505,80
RAPT3,202107,-0.0629224048571373,75
RAPT4,202107,-0.0506297608624515,81
RCSL3,202107,-0.0573287103043507,75
RCSL4,202107,-0.0476505566800011,81
RDNI3,202107,-0.0704677310144181,80
RDOR3,202107,-0.0577517614596806,82
RECV3,202107,-0.0424944674543078,82
RENT3,202107,-0.0549730504716757,83
RNEW4,202107,-0.0702725746247227,69
ROMI3,202107,-0.0473288906937445,80
RPAD3,202107,-0.0634277940875801,75
RPMG3,202107,-0.0589348826280839,64
RRRP3,202107,-0.0466217237898729,82
RSID3,202107,-0.0654300106230374,77
RSUL4,202107,0.0440167179470237,57
SANB11,202107,-0.0349972444157318,82
SAPR11,202107,-0.0490716067246239,82
SAPR4,202107,-0.0349752198645783,80
SBFG3,202107,-0.0467744999696873,81
SBSP3,202107,-0.0631561071085679,82
SCAR3,202107,-0.0691287843790278,73
SEER3,202107,-0.0418789060173921,82
SEQL3,202107,-0.0420113003338337,81
SGPS3,202107,-0.0354929676865703,77
SHOW3,202107,-0.0743632671241086,81
SHUL4,202107,-0.0459850553792749,81
SIMH3,202107,-0.0520011559820865,82
SLCE3,202107,-0.0391521642373714,81
SMFT3,202107,-0.0507877386094186,82
SMTO3,202107,-0.038877158789485,81
SOJA3,202107,-0.0406990290872558,81
SOMA3,202107,-0.0514801397437501,82
SQIA3,202107,-0.0567862282710994,80
STBP3,202107,-0.0360373972751041,82
SULA11,202107,-0.0486133590556928,83
SUZB3,202107,-0.0549868649783363,82
TAEE11,202107,-0.0513882185578911,82
TAEE4,202107,-0.060866030706151,69
TASA3,202107,-0.0610546476283617,75
TASA4,202107,-0.0590790464479392,80
TCNO4,202107,-0.0364253042240299,69
TCSA3,202107,-0.0710158810542325,81
TECN3,202107,-0.0540564702116869,79
TEND3,202107,-0.0715458646872917,82
TESA3,202107,-0.0703193574885536,78
TFCO4,202107,-0.0509536599336629,81
TGMA3,202107,-0.0656890664935855,81
TIMS3,202107,-0.0629105883225566,82
TOTS3,202107,-0.0361023202421272,82
TPIS3,202107,-0.0538826805854517,79
TRAD3,202107,-0.0389023003578106,82
TRIS3,202107,-0.0550125319647315,82
TRPL4,202107,-0.0367585572850383,81
TTEN3,202107,-0.0501688583078756,82
TUPY3,202107,-0.0538678381985527,82
UCAS3,202107,-0.0039912517550167,69
UGPA3,202107,-0.0694427993126087,82
UNIP3,202107,-0.0516568704184534,81
UNIP6,202107,-0.0455863942853007,82
USIM3,202107,-0.0504380475434411,78
USIM5,202107,-0.0415328528226212,82
VALE3,202107,-0.0380673458066154,83
VAMO3,202107,-0.0519076880412473,80
VIVA3,202107,-0.0580240959071788,81
VIVR3,202107,-0.0230548454880865,76
VIVT3,202107,-0.0585273269865163,82
VIVT4,202107,-0.0939103867707581,67
VLID11,202107,0.00910062587981362,60
VLID3,202107,-0.0460355063431753,80
VULC3,202107,-0.0853757853698746,81
VVAR3,202107,-0.0527655027587706,82
WEGE3,202107,-0.0497832925048921,82
WEST3,202107,-0.0528762680617829,82
WHRL4,202107,0.149800234882375,79
WIZS3,202107,-0.0413202251813936,81
WLMM4,202107,0.187495609709478,57
YDUQ3,202107,-0.0533880495293603,82
AALR3,202108,-0.049477167349905,83
ABCB4,202108,-0.0300300829957671,83
ABEV3,202108,-0.0303637815754447,84
AERI3,202108,-0.0194277181015029,83
AESB3,202108,-0.0052557493968374,83
AGRO3,202108,-0.0247445824676546,83
AGXY3,202108,-0.0592709246675442,79
ALLD3,202108,-0.000110321403912217,83
ALPA3,202108,-0.0648443601157257,82
ALPA4,202108,-0.0310824975064279,83
ALPK3,202108,-0.0267924999497839,82
ALSO3,202108,-0.0230896910468304,83
ALUP11,202108,-0.0535364688459908,84
ALUP3,202108,-0.10371889990006,56
AMAR3,202108,-0.0272056663457722,83
AMBP3,202108,-0.0377021648443033,83
AMER3,202108,-0.0302759681763969,84
ANIM3,202108,-0.0199570724019102,83
APER3,202108,-0.0368256245334585,81
ARML3,202108,-0.0435548941255037,83
ARZZ3,202108,-0.0645842290753239,83
ASAI3,202108,-0.0407134791461352,84
ATMP3,202108,-0.129798513400516,70
ATOM3,202108,-0.0843787166688258,77
AVLL3,202108,-0.0933003379021601,73
AZEV4,202108,-0.0757101100327264,80
AZUL4,202108,-0.0358733351168331,84
B3SA3,202108,-0.0179141585000456,84
BAHI3,202108,-0.14107509097466,24
BALM4,202108,0.00809162137464597,73
BAUH4,202108,-0.0127977913156544,73
BBAS3,202108,-0.0243810286492329,84
BBDC3,202108,-0.0266834294440914,84
BBDC4,202108,-0.021803487850925,84
BBRK3,202108,-0.0490064576611228,82
BBSE3,202108,-0.0281588327896833,84
BBTG11,202108,-0.0148303771034424,63
BEEF11,202108,-0.0752583736713267,76
BEEF3,202108,-0.0265375788717636,84
BEES3,202108,-0.000440316526895394,75
BIDI11,202108,-0.0285674965312583,84
BIDI3,202108,-0.0444068317829983,83
BIDI4,202108,-0.0370386344979398,83
BIOM3,202108,-0.0696785261057965,71
BKBR3,202108,-0.0303623106895143,83
BLAU3,202108,-0.0460533460658512,82
BMGB4,202108,-0.0399275711394206,83
BMOB3,202108,-0.0430645595547911,83
BOAS3,202108,-0.031733474425786,78
BOBR4,202108,-0.0107515032860714,73
BPAC11,202108,-0.0152217263436377,84
BPAC3,202108,-0.0248814470254158,81
BPAC5,202108,-0.00820631500097335,81
BPAN4,202108,-0.0469412282218591,83
BRAP3,202108,-0.0258427650962773,82
BRAP4,202108,-0.0354657139449939,84
BRBI11,202108,-0.036001424823564,82
BRDT3,202108,-0.0308565273981171,84
BRFS3,202108,-0.00617540442907486,84
BRGE3,202108,-0.0389098472728502,77
BRIT3,202108,-0.0450314646768879,83
BRIV3,202108,-0.0311607007289369,77
BRKM3,202108,-0.0297617212725878,66
BRKM5,202108,-0.0271824576994953,84
BRML3,202108,-0.0324957273352359,84
BRPR3,202108,-0.022554317494506,83
BRSR6,202108,-0.0265209935598656,83
BSEV3,202108,-0.012026462467515,73
CAMB3,202108,-0.113794406545284,70
CAML3,202108,-0.0308415610307431,83
CARD3,202108,-0.0186918781357165,78
CASH3,202108,-0.0563785242083157,83
CBAV3,202108,-0.0566715013120647,83
CCPR3,202108,-0.026178790878391,83
CCRO3,202108,-0.0176611585203032,84
CEAB3,202108,-0.0238534350502232,83
CEBR3,202108,-0.0777179164123656,74
CEBR5,202108,0.0913519576353381,76
CEBR6,202108,-0.0664695439887444,61
CEEB3,202108,-0.133769484417093,74
CEED3,202108,-0.117533911232541,7
CEED4,202108,-0.136398591650428,7
CEPE3,202108,-0.109501352798938,8
CEPE5,202108,-0.079572039020873,12
CEPE6,202108,-0.0687381527256938,10
CESP3,202108,0.0205034905255712,77
CESP6,202108,-0.0445163092528683,83
CGAS5,202108,-0.0862527792129611,77
CGRA4,202108,0.0046254127432974,77
CIEL3,202108,-0.0231907516595109,84
CLSA3,202108,-0.025542401167154,82
CLSC3,202108,-0.0164425208481538,68
CLSC4,202108,-0.0678814860963543,83
CMIG3,202108,-0.0116495669334555,83
CMIG4,202108,-0.019878787852417,84
CMIN3,202108,-0.0335509114654215,83
COCE3,202108,0.00164758620163391,21
COCE5,202108,-0.0234287391457463,83
COGN3,202108,-0.0433253486421421,84
CPFE3,202108,-0.0268789475809535,84
CPLE11,202108,-0.0289334469684337,83
CPLE3,202108,-0.00204073644510133,83
CPLE6,202108,-0.00803851168269512,84
CRDE3,202108,-0.0373274611874941,79
CRFB3,202108,-0.0419738851506669,84
CRIV3,202108,-0.0316742479006758,77
CRIV4,202108,0.0013245634721695,75
CRPG5,202108,0.0756932010498872,81
CRPG6,202108,0.0807936591324873,60
CSAN3,202108,-0.0510635396999621,84
CSED3,202108,-0.0543742882178581,83
CSMG3,202108,-0.0201591011920152,83
CSNA3,202108,-0.0111888476011009,84
CSRN3,202108,-0.090063115429234,7
CSRN5,202108,-0.0706221632394373,7
CTNM4,202108,-0.024312547504855,81
CURY3,202108,-0.0459045907421651,83
CVCB3,202108,-0.0628539271393036,84
CXSE3,202108,-0.0234110167333209,82
CYRE3,202108,-0.0409238512391592,84
DASA3,202108,-0.0575419868338027,83
DESK3,202108,-0.0341963074609775,83
DEXP3,202108,0.00181316034361383,81
DHBI4,202108,-0.0668376253113061,14
DIRR3,202108,-0.0181834349498621,83
DMMO3,202108,-0.04782735930286,76
DMVF3,202108,-0.055294587719776,81
DOHL4,202108,-0.0624768960358378,73
DOTZ3,202108,-0.0524304963387486,79
DXCO3,202108,-0.0417861974863354,83
EALT4,202108,0.00443483877530432,80
ECOR3,202108,-0.0144412953141953,84
EGIE3,202108,-0.0188825357851127,84
EKTR4,202108,-0.0134737721286584,73
ELET3,202108,-0.0375972018474062,84
ELET6,202108,-0.0333754500735852,84
ELMD3,202108,-0.0405289809259622,81
EMAE4,202108,0.0327200375088177,79
EMBR3,202108,-0.0345814206300499,84
ENAT3,202108,-0.0241987796328349,83
ENBR3,202108,-0.0161356386330594,84
ENEV3,202108,-0.0285584571596646,84
ENGI11,202108,-0.0398572776740511,84
ENJU3,202108,-0.0462230552261843,83
ENMT3,202108,0.10536653751528,27
ENMT4,202108,-0.0336484279368006,73
EQPA3,202108,-0.0279190346841306,82
EQTL3,202108,-0.0528112560361198,84
ESPA3,202108,-0.0309159624393769,83
ETER3,202108,-0.0789891686043406,81
EUCA4,202108,-0.0389878135083356,82
EVEN3,202108,-0.0388946209115959,83
EZTC3,202108,-0.0394970794164176,84
FBMC4,202108,-0.255025041203175,7
FESA4,202108,-0.0235038176658354,83
FHER3,202108,-0.0394472577784606,78
FIQE3,202108,-0.0431924978654678,83
FLRY3,202108,-0.0368217127019941,84
FRAS3,202108,-0.0168756083425352,78
GEPA4,202108,-0.0232978995007979,63
GFSA3,202108,-0.044493056280635,83
GGBR3,202108,-0.0177777672020671,78
GGBR4,202108,-0.0292651886846444,84
GGPS3,202108,-0.0438752816967058,83
GMAT3,202108,-0.02223116374415,83
GNDI3,202108,-0.0405006502992657,84
GOAU3,202108,-0.00315647098262563,82
GOAU4,202108,-0.0169183461862951,84
GOLL4,202108,-0.0476282479206063,84
GRND3,202108,-0.0664893034226587,83
GUAR3,202108,-0.047624467165557,83
HAGA4,202108,-0.127804129490985,70
HAPV3,202108,-0.0331773946722696,84
HBOR3,202108,-0.0588310249795848,83
HBRE3,202108,-0.0433728323923317,80
HBSA3,202108,-0.0400124577411836,83
HGTX3,202108,-0.026835584395435,84
HYPE3,202108,-0.0403993655441701,84
IFCM3,202108,-0.028788051639423,80
IGTA3,202108,-0.0313413722301713,84
INEP3,202108,-0.0649935551876965,77
INTB3,202108,-0.0439617739734801,83
IRBR3,202108,-0.0327345369616814,84
ITSA3,202108,-0.0446670497682328,77
ITSA4,202108,-0.0316225278555339,84
ITUB3,202108,0.00155647701290572,80
ITUB4,202108,-0.0277369935380086,84
JALL3,202108,-0.0462195658429818,83
JBSS3,202108,-0.0269529943232624,84
JHSF3,202108,-0.0697018651027919,84
JOPA3,202108,-0.0299741800876821,77
JPSA3,202108,-0.0379357961066914,83
JSLG3,202108,-0.00893510650828029,83
KEPL3,202108,-0.0804968649172444,83
KLBN11,202108,-0.0357403339848173,83
KLBN3,202108,0.0553516429766123,32
KLBN4,202108,0.0662816036830528,80
KROT11,202108,-0.0316248889351244,69
KRSA3,202108,-0.0454801399598966,78
LAME3,202108,-0.0233929946821086,83
LAME4,202108,-0.0574547347496855,84
LAND3,202108,-0.0475314103039071,80
LAVV3,202108,-0.049811556355269,83
LCAM3,202108,-0.0502417959743011,84
LEVE3,202108,-0.0325307466174095,83
LIGT3,202108,-0.0162571989001493,83
LJQQ3,202108,-0.0539458364302424,83
LLIS3,202108,-0.0285548660811346,82
LOGG3,202108,-0.0580643067239144,83
LOGN3,202108,-0.0674561266341875,82
LPSB3,202108,-0.0771882705151849,83
LREN3,202108,-0.0255787542675557,84
LUPA3,202108,-0.0527892595070935,80
LUXM4,202108,-0.014357298013854,73
LVTC3,202108,-0.031070287290928,81
LWSA3,202108,-0.0668183013613559,84
MATD3,202108,-0.0402550146471859,83
MBLY3,202108,-0.0342960996639774,83
MDIA3,202108,-0.0506641311276705,83
MDNE3,202108,-0.078307614063632,83
MEAL3,202108,-0.0173938606133408,82
MELK3,202108,-0.0674203291880561,81
MGEL4,202108,-0.189390796263204,73
MGLU3,202108,-0.0485179985750435,84
MILS3,202108,-0.0797720309597123,83
MLAS3,202108,-0.0298778978486092,83
MMXM3,202108,-0.086289418236889,70
MNPR3,202108,-0.00248164956778273,73
MOAR3,202108,-0.0218246023828779,73
MODL11,202108,-0.0355325607562376,82
MOSI3,202108,-0.0380651841073917,83
MOVI3,202108,-0.0322437992363281,83
MRFG3,202108,-0.0150052871956422,84
MRVE3,202108,-0.0324157753917666,84
MTRE3,202108,-0.0258766335656266,83
MTSA4,202108,-0.000574934119648261,80
MULT3,202108,-0.0627330365415529,84
MWET4,202108,0.00653015816890375,73
MYPK3,202108,-0.0400953756815292,83
NEOE3,202108,-0.0198709896211453,83
NGRD3,202108,-0.0336394995285245,82
NINJ3,202108,-0.0340321021488782,81
NTCO3,202108,-0.0335929930443207,84
ODPV3,202108,-0.0349645533795215,80
OFSA3,202108,-0.0688944300956794,82
OIBR3,202108,-0.0445622571040404,83
OIBR4,202108,-0.0330715877342259,71
OMGE3,202108,-0.0268793377101671,83
ONCO3,202108,-0.0429765979447325,83
OPCT3,202108,-0.047379942094746,83
ORVR3,202108,-0.0520079154468303,82
PARD3,202108,-0.0219761894339548,83
PCAR3,202108,-0.0241891382198827,84
PDGR3,202108,-0.0931929163542344,70
PDTC3,202108,-0.167868302995062,70
PETR3,202108,-0.0366426146755533,84
PETR4,202108,-0.0122975983919068,84
PETZ3,202108,-0.0405959829563354,83
PFRM3,202108,-0.0377413095520856,82
PGMN3,202108,-0.0444506764286592,80
PINE4,202108,-0.131021322268227,70
PLPL3,202108,-0.051846813390177,83
PMAM3,202108,-0.0187734899071989,74
PNVL3,202108,-0.0198676283214242,83
POMO3,202108,0.0280582815840466,71
POMO4,202108,-0.0283346983882184,83
POSI3,202108,-0.0736050555653952,83
POWE3,202108,-0.0366296776073108,82
PPLA11,202108,-0.0606964992802191,63
PRIO3,202108,-0.033037328232177,84
PRNR3,202108,-0.020316251400382,77
PSSA3,202108,-0.0237287158810289,83
PTBL3,202108,-0.0523823377751383,82
PTNT4,202108,-0.673868030151366,73
QUAL3,202108,-0.047503495858065,84
RADL3,202108,-0.0396664321276611,84
RAIL3,202108,-0.0321356375904846,84
RAIZ4,202108,-0.0526795597390669,83
RANI3,202108,-0.0479195456783518,82
RAPT3,202108,-0.0337101528193839,81
RAPT4,202108,-0.0246710016117961,83
RCSL4,202108,-0.029807985468299,83
RDNI3,202108,-0.0252627343656804,81
RDOR3,202108,-0.0545347826906156,83
RECV3,202108,-0.0262316067041314,83
RENT3,202108,-0.0312103838709616,84
RNEW4,202108,-0.131560606944358,70
ROMI3,202108,-0.0321893706262243,82
RPAD3,202108,-0.0276525511091825,77
RRRP3,202108,-0.0228231627130668,83
RSID3,202108,-0.0310620961005203,79
RSUL4,202108,0.0337978527535698,60
SANB11,202108,-0.0526032576224901,84
SAPR11,202108,-0.019435170916028,84
SAPR4,202108,-0.0283140384747737,82
SBFG3,202108,-0.0439388931161821,83
SBSP3,202108,-0.0339625756641689,84
SCAR3,202108,0.00290897890600845,75
SEER3,202108,-0.00969429653236666,83
SEQL3,202108,-0.0464023260044966,82
SGPS3,202108,-0.0804588559793724,78
SHOW3,202108,-0.0465534935701488,82
SHUL4,202108,-0.031369045592723,81
SIMH3,202108,-0.064447522039395,83
SLCE3,202108,-0.0444286219260115,83
SMFT3,202108,-0.0363429295398722,83
SMTO3,202108,-0.0210611839288119,83
SOJA3,202108,-0.0432122193731994,82
SOMA3,202108,-0.0467522541125123,83
SQIA3,202108,-0.067568409705636,83
STBP3,202108,-0.0467584347698193,83
SULA11,202108,-0.0419410130123271,84
SUZB3,202108,-0.041226627856388,84
TAEE11,202108,-0.0189270835180041,84
TAEE4,202108,0.00312738546110442,70
TASA3,202108,-0.0814511047254974,77
TASA4,202108,-0.0307636449933293,82
TCNO4,202108,-0.130717410210413,70
TCSA3,202108,-0.0493754513109328,83
TECN3,202108,-0.0263754337111496,80
TEND3,202108,-0.0455142689733074,83
TFCO4,202108,-0.0718115419677188,82
TGMA3,202108,-0.026167040244425,83
TIMS3,202108,-0.017925326526618,84
TOTS3,202108,-0.0283386524563587,84
TPIS3,202108,-0.0674748603253549,80
TRAD3,202108,-0.0597782145397342,83
TRIS3,202108,-0.091791926665236,83
TRPL4,202108,0.00124524510453405,83
TTEN3,202108,-0.0251222246669245,83
TUPY3,202108,-0.0227045975200574,83
UCAS3,202108,-0.0852805862335868,71
UGPA3,202108,-0.0399806036870576,84
UNIP3,202108,-0.073950233194959,83
UNIP6,202108,-0.0245349049341649,83
USIM3,202108,-0.0143194588966836,80
USIM5,202108,-0.0351710430080127,84
VALE3,202108,-0.0331404549980355,84
VAMO3,202108,-0.0735374041536753,82
VIIA3,202108,-0.0489833167892393,84
VIVA3,202108,-0.0278849043293743,83
VIVR3,202108,-0.0653734250632101,77
VIVT3,202108,-0.0319030480078477,84
VLID11,202108,-0.262985283903638,14
VLID3,202108,-0.0285055847589557,79
VULC3,202108,-0.0541263962248242,82
VVEO3,202108,-0.0512712655721295,83
WEGE3,202108,-0.0313665016018713,84
WEST3,202108,-0.00700981594402008,83
WHRL4,202108,0.0701943585799744,80
WIZS3,202108,-0.0564516394861811,83
WLMM4,202108,0.0719659802451432,60
YDUQ3,202108,-0.0305632064540466,84
AALR3,202109,-0.0630444667818765,84
ABCB4,202109,-0.0527032242741788,83
ABEV3,202109,-0.0832333975000204,84
AERI3,202109,-0.0228059768610149,83
AESB3,202109,-0.0614253894064702,84
AGRO3,202109,-0.0548899622879928,84
AGXY3,202109,-0.0789993503997865,79
ALLD3,202109,-0.0396601173268977,79
ALPA3,202109,-0.0991764750411938,82
ALPA4,202109,-0.0799683844701836,84
ALPK3,202109,-0.100767804797737,83
ALSO3,202109,-0.0686063275175826,84
ALUP11,202109,-0.057965219682154,84
ALUP3,202109,-0.0723062047597205,60
ALUP4,202109,0.0330984921958595,18
AMAR3,202109,-0.061644381300891,83
AMBP3,202109,-0.0616297849409565,84
AMER3,202109,-0.0524926174123523,85
ANIM3,202109,-0.0749712965390883,84
APER3,202109,-0.058724946114658,81
ARML3,202109,-0.0532088908918259,84
ARZZ3,202109,-0.0672931323547943,83
ASAI3,202109,-0.0656891196925445,84
ATMP3,202109,-0.117165668272498,69
ATOM3,202109,-0.0955036777347514,77
AVLL3,202109,-0.0253305472093278,74
AZEV4,202109,-0.0650242744045337,80
AZUL4,202109,-0.0619727203881101,85
B3SA3,202109,-0.0606153229767647,85
BAHI3,202109,-0.0244855317048066,6
BAUH4,202109,-0.0352072158911173,73
BBAS3,202109,-0.0514300076221034,85
BBDC3,202109,-0.0602554546835816,85
BBDC4,202109,-0.077059939263803,85
BBRK3,202109,-0.0771680161473706,83
BBSE3,202109,-0.0644702028565972,84
BBTG11,202109,-0.0440407879461931,65
BEEF11,202109,-0.0753824312851305,77
BEEF3,202109,-0.0433492319432793,85
BEES3,202109,-0.0429759188244551,75
BIDI11,202109,-0.0923211922832814,84
BIDI3,202109,-0.114943701186833,83
BIDI4,202109,-0.121457852238631,84
BIOM3,202109,-0.0677249104413655,70
BKBR3,202109,-0.106924714113259,83
BLAU3,202109,-0.0800859008103934,83
BMGB4,202109,-0.0732295404342634,83
BMOB3,202109,-0.0740865504389755,84
BOAS3,202109,-0.0664253561861518,80
BOBR4,202109,-0.0207259199766726,73
BPAC11,202109,-0.0695958462811631,85
BPAC3,202109,-0.0492278627524295,78
BPAC5,202109,-0.0457598355714037,82
BPAN4,202109,-0.0554102934437242,85
BRAP3,202109,-0.0680926347449334,82
BRAP4,202109,-0.0597130060856147,84
BRBI11,202109,-0.0902944602760986,83
BRDT3,202109,-0.0811424761094362,85
BRFS3,202109,-0.0472272694339481,84
BRGE3,202109,-0.071667456498583,78
BRIT3,202109,-0.110451656568537,83
BRIV3,202109,-0.0668772175951794,78
BRKM5,202109,-0.0501348862776114,84
BRML3,202109,-0.0803434594789685,85
BRPR3,202109,-0.0684151869329035,84
BRSR6,202109,-0.0199536844956665,83
CAMB3,202109,-0.161421940628367,69
CAML3,202109,-0.0499369452317812,83
CARD3,202109,-0.0874832593366866,81
CASH3,202109,-0.0559941730499753,85
CBAV3,202109,-0.0655272117840353,84
CCRO3,202109,-0.0628522236877719,85
CEAB3,202109,-0.0578147647109858,84
CEBR3,202109,-0.0223365377566637,75
CEBR5,202109,-0.0899140950941897,79
CEBR6,202109,-0.0280138373389063,70
CEEB3,202109,-0.0334788806239791,74
CEED3,202109,-0.0676385820886159,7
CEED4,202109,-0.0738149758067846,7
CEPE3,202109,-0.059252115060094,8
CEPE5,202109,-0.031640032544813,66
CEPE6,202109,-0.00708528657797051,10
CESP3,202109,-0.0510026104206609,77
CESP6,202109,-0.0537969639740996,83
CGAS5,202109,-0.0250383669458546,70
CGRA4,202109,-0.0633654540245843,77
CIEL3,202109,-0.0744723239849976,84
CLSA3,202109,-0.0594783180288519,83
CLSC3,202109,-0.0440077941058268,73
CLSC4,202109,-0.0248543762582088,83
CMIG3,202109,-0.0436345171325529,81
CMIG4,202109,-0.0393829455924396,84
CMIN3,202109,-0.0314059446206227,83
COCE3,202109,-0.0366424289805394,23
COCE5,202109,-0.0716382360701711,82
COGN3,202109,-0.064409781173287,85
CPFE3,202109,-0.0547024960130547,84
CPLE11,202109,-0.0300242424149493,84
CPLE3,202109,-0.0752185881774207,82
CPLE6,202109,-0.0647464580676642,84
CRDE3,202109,-0.047619298806448,80
CRFB3,202109,-0.0720074374156522,84
CRIV3,202109,-0.0724500702723891,78
CRIV4,202109,-0.046541762510348,75
CRPG5,202109,-0.048347067673305,81
CRPG6,202109,-0.0573645202005536,60
CSAN3,202109,-0.0730858748029065,85
CSED3,202109,-0.132903572182892,84
CSMG3,202109,-0.0258715816095319,83
CSNA3,202109,-0.0358901429921021,84
CSRN3,202109,-0.0654158428955277,7
CSRN5,202109,-0.0530291872119758,7
CTNM4,202109,-0.0641560070695183,82
CURY3,202109,-0.0552368480331832,83
CVCB3,202109,-0.0425994766851656,85
CXSE3,202109,-0.0571494584336887,83
CYRE3,202109,-0.052708118853312,85
DASA3,202109,-0.0815385383398247,83
DESK3,202109,-0.095016403835994,83
DEXP3,202109,-0.0620905375381308,83
DHBI4,202109,-0.0623037522351642,14
DIRR3,202109,-0.0741256535790173,83
DMMO3,202109,-0.129937308785195,77
DMVF3,202109,-0.0768940370844242,81
DOHL4,202109,-0.0923518692023401,73
DOTZ3,202109,-0.128122450296842,79
DXCO3,202109,-0.0507825467888652,85
EALT4,202109,-0.0437028177003971,75
ECOR3,202109,-0.044046504534433,85
EGIE3,202109,-0.0534315917902774,84
EKTR4,202109,-0.0245222511596309,73
ELET3,202109,-0.0829791462999576,85
ELET6,202109,-0.05313878817211,84
ELMD3,202109,-0.0822158601150126,80
EMAE4,202109,-0.0644650981719195,79
EMBR3,202109,-0.0359446519913072,84
ENAT3,202109,-0.039334179647827,84
ENBR3,202109,-0.0506967560963236,84
ENEV3,202109,-0.101071989362701,85
ENGI11,202109,-0.0538336601294178,84
ENJU3,202109,-0.0584792386703579,84
ENMT3,202109,0.0117366383772944,28
ENMT4,202109,-0.0377858860496489,73
EQPA3,202109,-0.0472743111170309,84
EQPA5,202109,-0.0476987998821166,65
EQTL3,202109,-0.0726788568556969,85
ESPA3,202109,-0.0850800630006632,84
ETER3,202109,-0.0100587842645718,81
EUCA4,202109,-0.0663714629335139,83
EVEN3,202109,-0.070417229621634,84
EZTC3,202109,-0.0672565669351803,85
FBMC4,202109,-0.0539833024606409,7
FESA4,202109,-0.0474264165715173,83
FHER3,202109,-0.0908810738363279,78
FIQE3,202109,-0.0205152536207545,84
FLRY3,202109,-0.0522953308386942,85
FRAS3,202109,-0.0230365462289115,79
GEPA4,202109,-0.0491180321304,65
GFSA3,202109,-0.0784368688832707,83
GGBR3,202109,-0.0839303238687387,78
GGBR4,202109,-0.0807982158748336,85
GGPS3,202109,-0.0937364150753894,84
GMAT3,202109,-0.0510408209818461,84
GNDI3,202109,-0.0937355259822568,85
GOAU3,202109,-0.0425692088324199,82
GOAU4,202109,-0.0533713629189226,84
GOLL4,202109,-0.0728722082096831,84
GRND3,202109,-0.0922055967867263,83
GUAR3,202109,-0.134474816923252,84
HAGA4,202109,-0.134342929751066,69
HAPV3,202109,-0.0600909822860028,85
HBOR3,202109,-0.133575512008954,84
HBRE3,202109,-0.0707763152903866,81
HBSA3,202109,-0.0627064239230946,83
HYPE3,202109,-0.0506393909826192,84
IFCM3,202109,-0.057190821230405,81
IGTA3,202109,-0.069021468921469,84
INTB3,202109,-0.0697968958848537,83
IRBR3,202109,-0.0606834341683087,84
ITSA3,202109,-0.064052596390278,78
ITSA4,202109,-0.0595561430433317,84
ITUB3,202109,-0.0593419986806739,82
ITUB4,202109,-0.0674465042313963,85
JALL3,202109,-0.057479062317233,82
JBSS3,202109,-0.0460985050514799,85
JHSF3,202109,-0.0336379969914657,85
JOPA3,202109,-0.0627083176651351,78
JPSA3,202109,-0.0888094412698956,84
JSLG3,202109,-0.0305795384854958,83
KEPL3,202109,-0.029336074993054,84
KLBN11,202109,-0.0632701338034062,84
KLBN3,202109,-0.0854637648032741,35
KLBN4,202109,-0.0408253118657828,35
KROT11,202109,-0.0771913912084437,71
KRSA3,202109,-0.0587959989229385,78
LAME3,202109,-0.0643077478542847,84
LAME4,202109,-0.103179151289022,84
LAND3,202109,-0.0777244125674517,79
LAVV3,202109,-0.0772713936614765,84
LCAM3,202109,-0.108305423371962,85
LEVE3,202109,-0.033435249730929,83
LIGT3,202109,-0.0673440691371863,83
LJQQ3,202109,-0.0635618845432013,83
LLIS3,202109,-0.0664601727586621,82
LOGG3,202109,-0.0679809624304798,83
LOGN3,202109,-0.0675427332532375,84
LPSB3,202109,-0.0840023634222744,83
LREN3,202109,-0.0666593099291766,85
LUPA3,202109,-0.0804664242026676,81
LUXM4,202109,-0.0335800619279005,73
LVTC3,202109,-0.0343676749854218,81
LWSA3,202109,-0.0550958415959685,85
MATD3,202109,-0.0609104935542461,83
MBLY3,202109,-0.106770876394957,83
MDIA3,202109,-0.0430935819620799,83
MDNE3,202109,-0.113039630017458,84
MEAL3,202109,-0.0585040872459845,83
MELK3,202109,-0.0823957497598854,83
MERC4,202109,-0.0568778265989039,65
MGEL4,202109,-0.170684928571422,73
MGLU3,202109,-0.0717342602295461,85
MILS3,202109,-0.0279280844325329,84
MLAS3,202109,-0.0745162983156667,84
MMXM3,202109,-0.0981127712184885,71
MNPR3,202109,-0.0261790229121922,73
MOAR3,202109,-0.0380167118690874,73
MODL11,202109,-0.0788121779624912,80
MOSI3,202109,-0.08746421963812,83
MOVI3,202109,-0.0478715599697557,84
MRFG3,202109,-0.0351737899756003,85
MRVE3,202109,-0.0911354236431722,85
MTRE3,202109,-0.0698392769096518,84
MTSA4,202109,-0.0452010884957044,80
MULT3,202109,-0.0832935364223709,85
MWET4,202109,-0.0294394328174155,73
MYPK3,202109,-0.0255061060347771,84
NEOE3,202109,-0.0525826952819458,85
NGRD3,202109,-0.071106568741768,83
NINJ3,202109,-0.0669341025030362,83
NTCO3,202109,-0.0812882475134695,85
ODPV3,202109,-0.0588149085860546,83
OFSA3,202109,-0.0386116167676466,82
OIBR3,202109,-0.067778013732493,84
OIBR4,202109,-0.0605243003423881,74
OMGE3,202109,-0.0631357333779052,84
ONCO3,202109,-0.105756456025346,84
OPCT3,202109,-0.0661521100791634,85
ORVR3,202109,-0.0596427167660326,83
PARD3,202109,-0.0379733648564591,83
PCAR3,202109,-0.070063505977795,85
PDGR3,202109,-0.104711318363645,69
PETR3,202109,-0.0533178015014685,85
PETR4,202109,-0.0502876468160007,85
PETZ3,202109,-0.0767969270053683,85
PFRM3,202109,-0.0747463362344149,82
PGMN3,202109,-0.0676312764882909,84
PINE4,202109,-0.119837513112167,69
PLPL3,202109,-0.0825463048615856,83
PMAM3,202109,-0.0554932190405533,83
PNVL3,202109,-0.0700207501413812,85
POMO3,202109,-0.0400355940042964,71
POMO4,202109,-0.0313364716587563,83
POSI3,202109,-0.074853519885236,83
POWE3,202109,-0.112836214648575,83
PPLA11,202109,-0.0570214986346855,65
PRIO3,202109,-0.0828821803077652,85
PRNR3,202109,-0.0671234320124605,74
PSSA3,202109,-0.0461071370170176,83
PTBL3,202109,-0.0457779079400822,83
PTNT4,202109,0.00457956695605373,6
QUAL3,202109,-0.0932037441910983,84
RADL3,202109,-0.0783464237784747,84
RAIL3,202109,-0.0522537834957266,84
RAIZ4,202109,-0.0802611669682302,84
RANI3,202109,-0.0444250380066116,83
RAPT3,202109,-0.0738778611485419,82
RAPT4,202109,-0.0382615855230109,84
RCSL3,202109,-0.0564387598141748,80
RCSL4,202109,-0.0598534226292292,83
RDNI3,202109,-0.0754179403976887,79
RDOR3,202109,-0.0913202800223995,85
RECV3,202109,-0.0489533827280603,84
RENT3,202109,-0.0875883314351024,84
RNEW4,202109,0.0723593955609884,70
ROMI3,202109,-0.0503969115603081,83
RPAD3,202109,-0.0750090889393555,78
RRRP3,202109,-0.0460253058114792,84
RSID3,202109,-0.0680058232780525,79
RSUL4,202109,-0.069769563707009,60
SANB11,202109,-0.0675997995301452,84
SAPR11,202109,-0.0579913406623806,84
SAPR4,202109,-0.0483931317545544,83
SBFG3,202109,-0.0893914934162248,84
SBSP3,202109,-0.0632359775944621,84
SCAR3,202109,-0.0388849305859022,75
SEER3,202109,-0.0665055161040864,83
SEQL3,202109,-0.0654416499653477,83
SGPS3,202109,-0.0192700459634868,80
SHOW3,202109,-0.0669779096091309,83
SHUL4,202109,-0.0634897243709623,83
SIMH3,202109,-0.0473860923683435,84
SLCE3,202109,-0.0321132867687373,83
SMFT3,202109,-0.0882729971929633,83
SMTO3,202109,-0.0420460025653121,83
SOJA3,202109,-0.0698985634078175,82
SOMA3,202109,-0.0945159233181028,85
SQIA3,202109,-0.0983934880193485,84
STBP3,202109,-0.0367658612075039,83
SULA11,202109,-0.0534843100272323,84
SUZB3,202109,-0.0513831940914101,85
SYNE3,202109,-0.0788543750552102,84
TAEE11,202109,-0.0384378509501918,84
TAEE4,202109,-0.0720630345586079,69
TASA3,202109,-0.0997857414444242,77
TASA4,202109,-0.0589270804917474,83
TCNO4,202109,-0.120237356897881,69
TCSA3,202109,-0.0796068899572484,83
TECN3,202109,-0.0646469519778857,83
TEND3,202109,-0.0687328521677391,84
TFCO4,202109,-0.0766189162943834,83
TGMA3,202109,-0.0509778483981235,83
TIMS3,202109,-0.0492757021296461,84
TOTS3,202109,-0.0682458248963902,84
TPIS3,202109,-0.0534360578614116,83
TRAD3,202109,-0.0308936289432342,84
TRIS3,202109,-0.0920158146336404,83
TRPL4,202109,-0.0372939726540782,83
TTEN3,202109,-0.0842965802368287,84
TUPY3,202109,-0.0530926945979991,84
UCAS3,202109,-0.010782110542422,65
UGPA3,202109,-0.0687639350313977,84
UNIP3,202109,-0.0748812586669027,84
UNIP6,202109,-0.050145604269382,84
USIM3,202109,-0.0692036628598083,81
USIM5,202109,-0.0473101082686772,84
VALE3,202109,-0.0526548376945682,85
VAMO3,202109,-0.0578411723303032,84
VIIA3,202109,-0.134662681852068,84
VITT3,202109,-0.0327601078664642,84
VIVA3,202109,-0.0780394019385043,84
VIVR3,202109,-0.081284966832125,80
VIVT3,202109,-0.0694499051403114,84
VIVT4,202109,-0.0813369349265679,70
VLID11,202109,0.0570119310777485,69
VLID3,202109,-0.0412250394967291,80
VULC3,202109,-0.0685777058864245,83
VVEO3,202109,-0.0675662222637371,83
WEGE3,202109,-0.0748713068584366,85
WEST3,202109,-0.0392744140845282,84
WHRL4,202109,-0.0783367325843807,81
WIZS3,202109,-0.0476790755026276,83
WLMM4,202109,-0.0958134734335046,60
YDUQ3,202109,-0.0572079211093349,85
AALR3,202110,-0.114704434698142,82
ABCB4,202110,-0.0875383337446056,83
ABEV3,202110,-0.148930430842527,85
AERI3,202110,-0.0884964665911103,83
AESB3,202110,-0.0873510062128859,83
AGRO3,202110,-0.0721870455444404,82
AGXY3,202110,-0.129794180408553,78
ALLD3,202110,-0.0787373634489581,79
ALPA3,202110,-0.119202964660624,82
ALPA4,202110,-0.137396697619547,85
ALPK3,202110,-0.152370180295594,80
ALSO3,202110,-0.115683052108495,83
ALUP11,202110,-0.11730459132953,83
ALUP3,202110,-0.0187273337237738,29
ALUP4,202110,-0.0345479378835917,29
AMAR3,202110,-0.106011557281709,83
AMBP3,202110,-0.115863861179635,83
AMER3,202110,-0.128057329966056,85
ANIM3,202110,-0.138548700892422,84
APER3,202110,-0.112674580448905,80
ARML3,202110,-0.129615843689962,84
ARZZ3,202110,-0.140724817721561,83
ASAI3,202110,-0.112878842767677,85
ATMP3,202110,-0.0446330584672111,69
AVLL3,202110,-0.10603654411467,74
AZEV4,202110,-0.0223907661921125,79
AZUL4,202110,-0.103849624288027,84
B3SA3,202110,-0.0981018294880052,85
BAHI3,202110,0.146200935120646,28
BAUH4,202110,-0.0799010584244898,72
BBAS3,202110,-0.096363405502423,85
BBDC3,202110,-0.0864137355898133,85
BBDC4,202110,-0.112265829278753,85
BBRK3,202110,-0.116663108662187,83
BBSE3,202110,-0.0698819480043957,85
BBTG11,202110,-0.0790351559973381,68
BEEF11,202110,-0.0923447051894071,77
BEEF3,202110,-0.0963727080628497,85
BEES3,202110,-0.0494043409156205,75
BIDI11,202110,-0.13722659920612,85
BIDI3,202110,-0.159467711860859,83
BIDI4,202110,-0.157204656799376,85
BIOM3,202110,-0.137676210448864,70
BKBR3,202110,-0.153862270798994,83
BLAU3,202110,-0.13746278902422,83
BMGB4,202110,-0.104476596271056,83
BMOB3,202110,-0.0947696366211144,82
BOAS3,202110,-0.105616307546201,79
BOBR4,202110,-0.0768168839578111,72
BPAC11,202110,-0.126697598170436,85
BPAC3,202110,-0.0859589334744127,78
BPAC5,202110,-0.0868478904986887,82
BPAN4,202110,-0.111325676201416,85
BRAP3,202110,-0.0956639219354162,82
BRAP4,202110,-0.105048988721604,85
BRBI11,202110,-0.148537095381912,83
BRFS3,202110,-0.0932735830975441,85
BRGE3,202110,-0.106861240821968,78
BRIT3,202110,-0.154019065468558,83
BRIV3,202110,-0.109741682291105,78
BRKM5,202110,-0.0914844969841677,85
BRML3,202110,-0.134897305707774,85
BRPR3,202110,-0.0890416293877319,82
BRSR6,202110,-0.0756610692583741,82
CAMB3,202110,-0.0581841387254671,69
CAML3,202110,-0.092088036081507,81
CARD3,202110,-0.126360989098061,82
CASH3,202110,-0.116393457359141,85
CBAV3,202110,-0.124957270674812,83
CCRO3,202110,-0.117015023375551,85
CEAB3,202110,-0.0951477307060692,84
CEBR3,202110,-0.106594962135285,74
CEBR5,202110,0.0413505926753022,78
CEBR6,202110,-0.104371378833678,65
CEEB3,202110,-0.000738666327945366,74
CEED3,202110,0.0195977770031284,7
CEED4,202110,0.00321116439953765,7
CEPE3,202110,0.00257759390739081,8
CEPE5,202110,-0.126563041989352,56
CEPE6,202110,-0.105731234362876,10
CESP3,202110,-0.120324315367484,76
CESP6,202110,-0.11004068480422,83
CGAS5,202110,-0.0999390434110743,75
CGRA4,202110,-0.0383026379810451,79
CIEL3,202110,-0.0977366662671545,85
CLSA3,202110,-0.102161893126609,83
CLSC3,202110,-0.072469515210371,72
CLSC4,202110,-0.114060858633967,82
CMIG3,202110,-0.094850443883309,80
CMIG4,202110,-0.0708980034269548,85
CMIN3,202110,-0.10750562754471,83
COCE3,202110,-0.0877625741295557,23
COCE5,202110,-0.128568757576626,82
COGN3,202110,-0.0969689381626348,85
CPFE3,202110,-0.107814699198926,85
CPLE11,202110,-0.0786885392534288,82
CPLE3,202110,-0.0788501289827851,83
CPLE6,202110,-0.0779239709135257,85
CRDE3,202110,-0.0960580809382419,80
CRFB3,202110,-0.115908374905747,85
CRIV4,202110,-0.0473758776763165,75
CRPG5,202110,-0.00995505667971022,81
CRPG6,202110,-0.0162155207459115,59
CSAN3,202110,-0.124377700804472,85
CSED3,202110,-0.162455336935792,84
CSMG3,202110,-0.0807886412119369,83
CSNA3,202110,-0.0862218146631549,85
CSRN3,202110,0.00321116439953764,7
CSRN5,202110,-0.0118252404239819,7
CTAX11,202110,-0.0813611424187273,50
CTNM4,202110,-0.0953769224680551,82
CURY3,202110,-0.128792645082932,82
CVCB3,202110,-0.110172986094705,85
CXSE3,202110,-0.112653784169406,82
CYRE3,202110,-0.124563236477466,85
DASA3,202110,-0.147273015481607,83
DESK3,202110,-0.143600239675458,83
DEXP3,202110,-0.0775203337202485,81
DHBI4,202110,-0.0609973040651064,14
DIRR3,202110,-0.108245438180835,83
DMMO3,202110,-0.0408656690346981,76
DMVF3,202110,-0.0934928388489162,81
DOHL4,202110,-0.16357354210113,72
DOTZ3,202110,-0.161705994815384,78
DXCO3,202110,-0.106675195021012,85
EALT4,202110,-0.0603449729561303,75
ECOR3,202110,-0.109045310807063,85
EGIE3,202110,-0.089374021622845,85
EKTR4,202110,-0.0875237095333817,72
ELET3,202110,-0.131271768635121,85
ELET6,202110,-0.0845120289865374,85
ELMD3,202110,-0.145895991855267,80
EMAE4,202110,-0.0386942893904082,79
EMBR3,202110,-0.0838341562321388,85
ENAT3,202110,-0.074748933606553,83
ENBR3,202110,-0.0888772021352984,85
ENEV3,202110,-0.149618510173733,84
ENGI11,202110,-0.117525768740442,85
ENJU3,202110,-0.112052529040502,83
ENMT4,202110,-0.085081332355488,72
EQPA3,202110,-0.10318873961783,83
EQPA5,202110,-0.0621307137149389,54
EQTL3,202110,-0.120253869328747,85
ESPA3,202110,-0.126459635667538,84
ETER3,202110,-0.0980388639795884,80
EUCA4,202110,-0.100192752206789,83
EVEN3,202110,-0.096426911015038,84
EZTC3,202110,-0.124054140795232,85
FBMC4,202110,-0.174233372777402,7
FESA4,202110,-0.0883705054240556,82
FHER3,202110,-0.0703293241685151,80
FIQE3,202110,-0.0882641673790316,83
FLRY3,202110,-0.0947287119796345,85
FRAS3,202110,-0.0761267192161929,79
GEPA4,202110,-0.064547598008689,65
GETT11,202110,-0.116180804664297,85
GETT3,202110,-0.100307625330574,77
GETT4,202110,-0.100221224255598,77
GFSA3,202110,-0.110306916686929,82
GGBR3,202110,-0.13129454085852,80
GGBR4,202110,-0.139277887433904,85
GGPS3,202110,-0.131556740805165,83
GMAT3,202110,-0.100615516693768,84
GNDI3,202110,-0.135428163349722,85
GOAU3,202110,-0.100644561080219,82
GOAU4,202110,-0.09962114931945,85
GOLL4,202110,-0.104603363770135,85
GRND3,202110,-0.14004601729242,83
GUAR3,202110,-0.141781511523225,83
HAPV3,202110,-0.112473521816631,85
HBOR3,202110,-0.156135327393212,83
HBRE3,202110,-0.102957350151757,81
HBSA3,202110,-0.126193275793375,83
HYPE3,202110,-0.0969714480736269,85
IFCM3,202110,-0.0967765506772492,81
IGTA3,202110,-0.123770015584115,85
INTB3,202110,-0.117407346068694,83
IRBR3,202110,-0.0962682809207162,85
ITSA3,202110,-0.0916964928673913,78
ITSA4,202110,-0.0827394814896271,85
ITUB3,202110,-0.071883727666536,79
ITUB4,202110,-0.0926441270356859,85
JALL3,202110,-0.0984905713469628,82
JBSS3,202110,-0.0861023060908463,85
JHSF3,202110,-0.102754083868459,85
JOPA3,202110,-0.103530146591941,78
JPSA3,202110,-0.121518991691495,82
JSLG3,202110,-0.101721417260021,83
KEPL3,202110,-0.102637993080691,83
KLBN11,202110,-0.102726587731965,83
KLBN3,202110,-0.0595378051317532,34
KLBN4,202110,-0.0869071292647712,34
KROT11,202110,-0.102805692454944,71
KRSA3,202110,-0.117552185129002,78
LAME3,202110,-0.0956692938225087,83
LAME4,202110,-0.154139973416236,85
LAND3,202110,-0.125323765361328,79
LAVV3,202110,-0.116015211114749,83
LCAM3,202110,-0.133067103198723,85
LEVE3,202110,-0.0725164818762879,83
LIGT3,202110,-0.0961793090269638,83
LJQQ3,202110,-0.142416240833988,83
LLIS3,202110,-0.115275728658893,82
LOGG3,202110,-0.108017156765391,82
LOGN3,202110,-0.11195882292291,83
LPSB3,202110,-0.136102624377864,83
LREN3,202110,-0.12451500266781,85
LUPA3,202110,-0.0751052454094437,79
LUXM4,202110,-0.0852676164103426,72
LVTC3,202110,-0.100804379750554,78
LWSA3,202110,-0.118257971719362,85
MATD3,202110,-0.119384304544609,83
MBLY3,202110,-0.157816110710401,83
MDIA3,202110,-0.116139965407061,82
MDNE3,202110,-0.164353464449177,83
MEAL3,202110,-0.0790487378129741,81
MELK3,202110,-0.086889473124598,82
MERC4,202110,-0.0556945448341267,54
MGEL4,202110,-0.107114003305292,73
MGLU3,202110,-0.137529621163846,85
MILS3,202110,-0.0994836443949453,81
MLAS3,202110,-0.12599980140693,83
MMXM3,202110,-0.074322106479808,72
MNPR3,202110,-0.0665994482654428,72
MOAR3,202110,-0.0855581841666126,72
MODL11,202110,-0.110701850881377,82
MOSI3,202110,-0.124641098770806,82
MOVI3,202110,-0.0853989673459705,83
MRFG3,202110,-0.0884338793242034,85
MRVE3,202110,-0.148558162269464,85
MTRE3,202110,-0.116586513865443,83
MTSA4,202110,-0.0554610504746963,79
MULT3,202110,-0.159898537137635,85
MWET4,202110,-0.031020475631335,72
MYPK3,202110,-0.0859670696164486,83
NEOE3,202110,-0.0879472839624092,84
NGRD3,202110,-0.119797060345129,81
NINJ3,202110,-0.116796647085452,82
NTCO3,202110,-0.139120771298156,85
ODPV3,202110,-0.0916733111472222,82
OFSA3,202110,-0.114201642251276,82
OIBR3,202110,-0.11525686674387,83
OIBR4,202110,-0.071087005902069,73
OMGE3,202110,-0.120316307679567,83
ONCO3,202110,-0.157884353982586,84
OPCT3,202110,-0.11406630181218,82
ORVR3,202110,-0.110357361702188,82
PARD3,202110,-0.099448889387663,83
PCAR3,202110,-0.103210886280432,85
PDGR3,202110,-0.0691149515892212,69
PETR3,202110,-0.0897543879932051,85
PETR4,202110,-0.101008155159359,85
PETZ3,202110,-0.128218659653071,85
PFRM3,202110,-0.0966856628293618,81
PGMN3,202110,-0.110083726805107,82
PINE4,202110,-0.0568087358027333,69
PLPL3,202110,-0.164822271450943,83
PMAM3,202110,-0.098942912532054,81
PNVL3,202110,-0.0918994293918457,83
POMO3,202110,-0.108651531518431,74
POMO4,202110,-0.0926143171366061,81
PORT3,202110,-0.122860384462359,78
POSI3,202110,-0.117965825488121,82
POWE3,202110,-0.159226184333789,83
PPLA11,202110,-0.0881460787171184,65
PRIO3,202110,-0.119084391757201,85
PRNR3,202110,-0.0856433321304047,72
PSSA3,202110,-0.0755903361482442,82
PTBL3,202110,-0.0875933923847797,81
PTNT4,202110,-0.149340018307639,28
QUAL3,202110,-0.139496309514893,85
RADL3,202110,-0.131956295567634,85
RAIL3,202110,-0.108669669241301,85
RAIZ4,202110,-0.120152566850103,83
RANI3,202110,-0.0898430566399307,81
RAPT3,202110,-0.101862073617759,78
RAPT4,202110,-0.108677328931348,83
RCSL3,202110,-0.0955688600878076,79
RCSL4,202110,-0.101084792131811,81
RDNI3,202110,-0.0825679661447654,79
RDOR3,202110,-0.140192273413263,85
RECV3,202110,-0.0823509434118218,84
RENT3,202110,-0.134894641464864,85
ROMI3,202110,-0.0859455368282362,81
RPAD3,202110,-0.0996480988325137,78
RRRP3,202110,-0.117769165788369,84
RSID3,202110,-0.0472226161586571,69
RSUL4,202110,0.0345487745884849,59
SANB11,202110,-0.101945699031784,85
SAPR11,202110,-0.0889240969406787,84
SAPR4,202110,-0.097919066892626,81
SBFG3,202110,-0.140778009918882,84
SBSP3,202110,-0.100782277274847,85
SCAR3,202110,-0.0522624251082629,75
SEER3,202110,-0.0874546899058547,83
SEQL3,202110,-0.125992648193122,83
SGPS3,202110,-0.0993460117991143,75
SHOW3,202110,-0.104602500317106,82
SHUL4,202110,-0.0748479509930469,82
SIMH3,202110,-0.125146274951476,83
SLCE3,202110,-0.106188053997381,82
SMFT3,202110,-0.141095771099821,83
SMTO3,202110,-0.0843381235430499,82
SOJA3,202110,-0.124339382688969,82
SOMA3,202110,-0.144774152584689,85
SQIA3,202110,-0.165675889250182,82
STBP3,202110,-0.110875188653391,83
SULA11,202110,-0.0991813828338582,85
SUZB3,202110,-0.100637015202011,85
SYNE3,202110,-0.107162028650075,83
TAEE11,202110,-0.0956379236095497,85
TAEE3,202110,-0.0869205984017236,77
TAEE4,202110,-0.0881655940583178,69
TASA3,202110,-0.0757999682180453,77
TASA4,202110,-0.0986302447857563,82
TCNO4,202110,-0.0451207823089774,69
TCSA3,202110,-0.11016834552551,81
TECN3,202110,-0.0857791327664326,79
TEND3,202110,-0.122776563290562,83
TFCO4,202110,-0.154447049343428,83
TGMA3,202110,-0.0683021175223516,83
TIMS3,202110,-0.0904540710298207,85
TOTS3,202110,-0.125917495170828,85
TPIS3,202110,-0.0950211316112487,81
TRAD3,202110,-0.104612759386987,83
TRIS3,202110,-0.177758166658552,82
TRPL4,202110,-0.0760505492067849,83
TTEN3,202110,-0.139791769016936,84
TUPY3,202110,-0.0800730731350869,83
UCAS3,202110,-0.121639366136443,54
UGPA3,202110,-0.113269608613295,85
UNIP3,202110,-0.103459031251811,83
UNIP6,202110,-0.0949126909083011,83
USIM3,202110,-0.0993945738700813,83
USIM5,202110,-0.0921853641377522,85
VALE3,202110,-0.0918527452965893,85
VAMO3,202110,-0.144577251391711,84
VBBR3,202110,-0.128741602711576,85
VIIA3,202110,-0.151860037180768,85
VITT3,202110,-0.0985807584693556,83
VIVA3,202110,-0.139835260949819,83
VIVR3,202110,-0.0595958347099711,72
VIVT3,202110,-0.10178681835,85
VIVT4,202110,-0.131798887364943,70
VLID11,202110,-0.21439407800368,69
VLID3,202110,-0.0971057241246702,81
VULC3,202110,-0.1050055998287,81
VVEO3,202110,-0.121902760360035,83
WEGE3,202110,-0.108327574190372,85
WEST3,202110,-0.101229977527584,83
WHRL4,202110,0.0101641668326297,79
WIZS3,202110,-0.093541368382905,83
WLMM4,202110,0.0344125493700267,59
YDUQ3,202110,-0.0960097798726645,85
AALR3,202111,-0.0299816862180582,83
ABCB4,202111,-0.0246425323058002,84
ABEV3,202111,-0.0215662684416262,84
AERI3,202111,-0.015694014397094,83
AESB3,202111,-0.0116486885894179,83
AGRO3,202111,-0.00586306917215188,83
AGXY3,202111,-0.0192106234574303,76
ALLD3,202111,-0.0401215389012214,79
ALPA3,202111,-0.0188257997845537,82
ALPA4,202111,-0.031124786846161,84
ALPK3,202111,-0.0197277519013625,82
ALSO3,202111,-0.0132332940792271,83
ALUP11,202111,-0.0350983918113617,84
ALUP3,202111,0.00459709912955985,28
ALUP4,202111,0.0310759767022394,28
AMAR3,202111,-0.0326815106040727,83
AMBP3,202111,-0.0281361969260643,84
AMER3,202111,-0.022959908609062,84
ANIM3,202111,-0.0284273990910771,84
APER3,202111,-0.038029410514888,82
ARML3,202111,-0.0378408960592455,84
ARZZ3,202111,-0.027022461186207,83
ASAI3,202111,-0.0273640227985916,84
ATMP3,202111,-0.0947506153975723,70
AVLL3,202111,-0.00801752212382564,75
AZEV4,202111,-0.107343997603244,81
AZUL4,202111,-0.0227741998404351,84
B3SA3,202111,-0.0193397568077717,84
BAHI3,202111,-0.104568806002506,29
BAUH4,202111,-0.0179401668862112,73
BBAS3,202111,-0.0142950374891834,84
BBDC3,202111,-0.00894231503743906,84
BBDC4,202111,-0.0412669649220639,84
BBRK3,202111,-0.0269373945189394,83
BBSE3,202111,-0.00644372145706219,84
BBTG11,202111,-0.00661774160306529,69
BEEF11,202111,-0.0120806282107247,75
BEEF3,202111,-0.0180031756122597,84
BEES3,202111,-0.0514769234139917,76
BIDI11,202111,-0.0350665022348143,84
BIDI3,202111,-0.0344216784604338,84
BIDI4,202111,-0.0316784604874983,84
BIOM3,202111,0.001850353436054,72
BKBR3,202111,-0.0327856644243449,83
BLAU3,202111,-0.0226450779449831,83
BMGB4,202111,-0.0366763034999118,83
BMOB3,202111,-0.0146382648727143,83
BOAS3,202111,-0.0338527812880539,79
BOBR4,202111,-0.0131206816402821,73
BPAC11,202111,-0.0335457468444662,84
BPAC3,202111,-0.0143166393916041,82
BPAC5,202111,-0.0250112941423033,83
BPAN4,202111,-0.030907918904961,84
BRAP3,202111,-0.0344007524577373,82
BRAP4,202111,-0.0171543455630506,85
BRBI11,202111,-0.02668622179828,83
BRFS3,202111,-0.00928515811789972,84
BRGE3,202111,-0.0342834651843597,78
BRIT3,202111,-0.0404317983830837,83
BRIV3,202111,-0.0418592300466235,78
BRKM5,202111,-0.0202515174899024,84
BRML3,202111,-0.0343843373016865,85
BRPR3,202111,0.00888724150576702,83
BRSR6,202111,-0.0135773214669926,83
CAMB3,202111,-0.119391152029404,70
CAML3,202111,-0.0187418813199607,83
CARD3,202111,-0.08616268865836,84
CASH3,202111,-0.0425391073803575,85
CBAV3,202111,-0.0426384179200888,84
CCRO3,202111,-0.0234040735998531,84
CEAB3,202111,-0.0119626270865186,83
CEBR3,202111,-0.0211907544032938,73
CEBR5,202111,-0.140807415241664,74
CEBR6,202111,-0.0220149015960796,14
CEEB3,202111,-0.0432403259950705,74
CEED3,202111,-0.038464911468833,7
CEED4,202111,-0.0501652559795264,7
CEPE3,202111,-0.0402705022345146,8
CEPE5,202111,-0.0293455809865841,11
CEPE6,202111,-0.0360596885161937,9
CESP3,202111,-0.0213168468358166,77
CESP6,202111,-0.0337796705244,83
CGAS5,202111,-0.169271485935452,72
CGRA4,202111,-0.106748641898546,77
CIEL3,202111,-0.0206966851579063,84
CLSA3,202111,-0.0410600888449676,83
CLSC3,202111,-0.0327403297771967,69
CLSC4,202111,-0.0335202023586443,83
CMIG3,202111,-0.0137323516079565,83
CMIG4,202111,-0.0106790211743202,84
CMIN3,202111,-0.0246739021684795,83
COCE3,202111,0.0718688440401666,23
COCE5,202111,-0.0792099611699146,83
COGN3,202111,-0.0238191819851652,84
CPFE3,202111,-0.020062763355474,84
CPLE11,202111,-0.0107228136611826,84
CPLE3,202111,-0.0182619177230641,80
CPLE6,202111,-0.0124130966034653,84
CRDE3,202111,-0.0597422347542519,79
CRFB3,202111,-0.0370274998961707,84
CRIV4,202111,-0.0589404875457034,76
CRPG5,202111,-0.111255193946663,82
CRPG6,202111,-0.11958120481817,6
CSAN3,202111,-0.0228393407440769,85
CSED3,202111,-0.0367804891254666,84
CSMG3,202111,-0.012501015015374,83
CSNA3,202111,-0.0129395932876802,84
CSRN3,202111,-0.0448919568584077,7
CSRN5,202111,-0.0255945325070703,7
CTNM4,202111,-0.0408022072027634,82
CTSA3,202111,-0.00732612789183309,73
CURY3,202111,-0.022813062435175,83
CVCB3,202111,-0.0267469352230647,85
CXSE3,202111,-0.0188984391003827,83
CYRE3,202111,-0.0213900352846125,84
DASA3,202111,-0.0252467296069262,83
DESK3,202111,-0.0321620696256959,83
DEXP3,202111,-0.017591550777653,83
DHBI4,202111,-0.00301552281593964,9
DIRR3,202111,-0.0154684527200545,83
DMMO3,202111,-0.106188215217763,78
DMVF3,202111,0.0163663362023099,83
DOHL4,202111,-0.0447273932424765,73
DOTZ3,202111,-0.120336152792941,82
DXCO3,202111,-0.0700632688878544,84
EALT4,202111,-0.0420718793292397,76
ECOR3,202111,-0.0122437803035653,84
EGIE3,202111,-0.0132177247037873,84
EKTR4,202111,-0.0197850285590445,73
ELET3,202111,-0.0258845411516158,84
ELET6,202111,-0.029306279804959,84
ELMD3,202111,-0.0743839256813945,82
EMAE4,202111,-0.0821461704643247,80
EMBR3,202111,-0.0122939117273543,84
ENAT3,202111,-0.0146977361065889,83
ENBR3,202111,-0.00964121749574882,84
ENEV3,202111,-0.0291929641694567,85
ENGI11,202111,-0.0279927812871586,84
ENJU3,202111,-0.0416517810371113,83
ENMT4,202111,-0.0217237027581194,73
EQPA3,202111,-0.0571684425375729,82
EQTL3,202111,-0.0335236614204892,85
ESPA3,202111,-0.0292217521736173,84
ETER3,202111,-0.0236856316151408,82
EUCA4,202111,-0.0219445253410187,83
EVEN3,202111,0.0117300415541026,84
EZTC3,202111,-0.0217683576901531,84
FBMC4,202111,0.0427493672141688,7
FESA4,202111,-0.0374237054970445,84
FHER3,202111,-0.0120189167841001,76
FIQE3,202111,-0.00805198544611122,83
FLRY3,202111,-0.0247876248992092,84
FRAS3,202111,-0.024253223284761,79
GEPA4,202111,-0.0116900189956747,65
GETT11,202111,-0.00575736735818239,83
GETT3,202111,-0.027013263789919,75
GETT4,202111,-0.0273506180268093,75
GFSA3,202111,-0.0184678421058366,83
GGBR3,202111,-0.0210965703604878,79
GGBR4,202111,-0.0303806857149411,84
GGPS3,202111,-0.0240190592183279,84
GMAT3,202111,-0.0331431021239775,84
GNDI3,202111,-0.0241714993025614,85
GOAU3,202111,-0.013250373359666,83
GOAU4,202111,-0.0108649468121208,84
GOLL4,202111,-0.0258787969233707,84
GRND3,202111,-0.0332986743962084,84
GUAR3,202111,-0.0180577726880011,83
HAPV3,202111,-0.0353142613407798,84
HBOR3,202111,-0.0310737676663118,83
HBRE3,202111,-0.044443758154983,80
HBSA3,202111,-0.0187741905542532,83
HYPE3,202111,-0.038815960559478,84
IFCM3,202111,-0.00191922002681294,79
IGTA3,202111,-0.0197522562356449,69
IGTI11,202111,-0.0167012392712643,85
IGTI3,202111,-0.033069133253027,84
INEP4,202111,-0.0996693847623038,70
INTB3,202111,-0.0231740846828052,83
IRBR3,202111,-0.0208862516637902,84
ITSA3,202111,-0.0241703805028302,76
ITSA4,202111,-0.0307415830290874,84
ITUB3,202111,-0.00814974183327552,83
ITUB4,202111,-0.018547639856054,84
JALL3,202111,-0.0114034849637917,82
JBSS3,202111,-0.014084519189126,85
JHSF3,202111,-0.021383877983352,84
JOPA3,202111,-0.0467118372290716,78
JSLG3,202111,-0.0208150283302252,83
KEPL3,202111,-0.00756842187873668,84
KLBN11,202111,-0.0150309716743079,83
KLBN3,202111,0.0361757527858544,34
KLBN4,202111,0.0683816233232878,34
KROT11,202111,-0.0287409503035058,72
KRSA3,202111,-0.0269364803976563,79
LAME3,202111,-0.0264658548769433,83
LAME4,202111,-0.038198570706943,84
LAND3,202111,-0.0627155556209549,79
LAVV3,202111,-0.0501935821008466,83
LCAM3,202111,-0.0364596376725946,85
LEVE3,202111,-0.00773790662932959,84
LIGT3,202111,-0.0154513794920282,83
LJQQ3,202111,-0.0390703574693799,83
LLIS3,202111,-0.0279629882841677,83
LOGG3,202111,-0.014425283479796,83
LOGN3,202111,-0.0219946865575386,83
LPSB3,202111,-0.0286655039179978,83
LREN3,202111,-0.0347296913031095,84
LUPA3,202111,-0.0287525713745033,82
LUXM4,202111,-0.01987439741981,73
LVTC3,202111,-0.0222391127037569,79
LWSA3,202111,-0.0220968124502407,84
MATD3,202111,-0.0652397161657301,83
MBLY3,202111,-0.0290207665050083,83
MDIA3,202111,-0.0182024086589992,83
MDNE3,202111,-0.0406176920260119,83
MEAL3,202111,0.0225647474627595,83
MELK3,202111,0.00369602167680741,83
MGEL4,202111,0.0369944837246086,73
MGLU3,202111,-0.0249865029813037,84
MILS3,202111,-0.0279465439041394,83
MLAS3,202111,-0.0236765786904425,83
MMXM3,202111,-0.225269380645683,71
MNPR3,202111,0.00132766623448796,73
MOAR3,202111,-0.0145550809102344,73
MODL11,202111,-0.0206186462184188,82
MOSI3,202111,-0.0161177220710421,83
MOVI3,202111,-0.0249759566013518,83
MRFG3,202111,-0.00782721840552638,85
MRVE3,202111,-0.0302865522807962,84
MTRE3,202111,-0.011342810659929,83
MTSA4,202111,-0.0515969528804041,81
MULT3,202111,-0.0468708029880218,84
MWET4,202111,-0.0462175961381045,73
MYPK3,202111,-0.00762201493921281,83
NEOE3,202111,0.00282962829518036,84
NGRD3,202111,-0.0617303013989723,83
NINJ3,202111,-0.057670881027858,83
NTCO3,202111,-0.0326097187442298,84
ODPV3,202111,-0.0199193366224878,83
OFSA3,202111,-0.0285507872754819,84
OIBR3,202111,-0.0200879580738504,84
OIBR4,202111,-0.00661867635684479,73
OMGE3,202111,-0.0297429151571729,83
ONCO3,202111,-0.028029141769266,83
OPCT3,202111,-0.0390239154517912,83
ORVR3,202111,-0.0419723913723283,83
PARD3,202111,-0.00883376301795579,83
PCAR3,202111,-0.0337510309917959,84
PDGR3,202111,-0.0922246313573136,70
PDTC3,202111,-0.0914401347507937,70
PETR3,202111,-0.0218629844326467,84
PETR4,202111,-0.024872716846308,85
PETZ3,202111,-0.0408018337557378,84
PFRM3,202111,-0.0369944087183312,82
PGMN3,202111,-0.034932465025768,83
PINE4,202111,-0.106435621649756,70
PLPL3,202111,-0.0440022338517774,83
PMAM3,202111,-0.0243519528155258,83
PNVL3,202111,-0.0045780454194618,83
POMO3,202111,-0.0397079776137953,76
POMO4,202111,-0.0113196088242266,83
PORT3,202111,-0.0357992407823631,75
POSI3,202111,-0.0720288009900528,84
POWE3,202111,-0.0261805839010058,83
PPLA11,202111,-0.0526445763850148,65
PRIO3,202111,-0.034246362293212,84
PRNR3,202111,-0.0490757332222696,78
PSSA3,202111,-0.00393653905141384,83
PTBL3,202111,-0.0139629420683948,83
PTNT4,202111,-0.0152727714804953,29
QUAL3,202111,-0.0287847381870114,85
RADL3,202111,-0.0237096961276078,85
RAIL3,202111,-0.032723695463884,85
RAIZ4,202111,-0.0331845180725142,83
RANI3,202111,-0.0216579594046568,83
RAPT3,202111,-0.0483731638929973,78
RAPT4,202111,-0.0264700548492236,83
RCSL3,202111,-0.0224485095037631,79
RCSL4,202111,-0.0183219291083696,83
RDNI3,202111,-0.00339304550437073,79
RDOR3,202111,-0.0374615055372508,84
RECV3,202111,-0.00509198071508865,84
RENT3,202111,-0.0239187066391382,85
ROMI3,202111,-0.0165508992394571,83
RPAD3,202111,-0.0436140113782814,78
RRRP3,202111,-0.00357920595761419,84
RSID3,202111,-0.110851129548552,70
RSUL4,202111,-0.17937896553038,6
SANB11,202111,0.0049960544994095,84
SANB3,202111,-0.112440492144523,70
SAPR11,202111,-0.00195550892567252,85
SAPR4,202111,-0.0217528310130887,83
SBFG3,202111,-0.0337932820079723,84
SBSP3,202111,-0.0269352265230177,84
SCAR3,202111,-0.0528081702302448,76
SEER3,202111,-0.0223595222002876,83
SEQL3,202111,-0.0494092897835582,83
SGPS3,202111,-0.0119631111620552,75
SHOW3,202111,-0.0440677024213076,83
SHUL4,202111,0.00900876485544125,84
SIMH3,202111,-0.0209493206396874,85
SLCE3,202111,-0.013086453909035,83
SMFT3,202111,-0.0321496758861977,84
SMTO3,202111,-0.0055765994635114,84
SOJA3,202111,-0.022392836005898,83
SOMA3,202111,-0.0298262532695958,85
SQIA3,202111,-0.0801386053486529,83
STBP3,202111,-0.0307647751870319,84
SULA11,202111,-0.0102893508272124,85
SUZB3,202111,-0.0292557115994019,84
SYNE3,202111,0.00919571206930818,83
TAEE11,202111,-0.0187340825226425,84
TAEE3,202111,-0.0533309965147142,78
TAEE4,202111,-0.0181923369996819,70
TASA4,202111,-0.0266280108035858,83
TCNO4,202111,-0.0997488583241914,70
TCSA3,202111,-0.0150918754822075,83
TECN3,202111,-0.0056594328809387,83
TEND3,202111,-0.0577032282714163,83
TFCO4,202111,-0.0508062848407303,83
TGMA3,202111,-0.00795240183689843,79
TIMS3,202111,-0.0210287186093787,84
TOTS3,202111,-0.0272849170051854,84
TPIS3,202111,-0.0161760317890257,79
TRAD3,202111,-0.0190944427956291,82
TRIS3,202111,-0.039050332093792,83
TRPL4,202111,-0.00591208045446368,83
TTEN3,202111,-0.0373188684622668,83
TUPY3,202111,0.0183338855413219,84
UCAS3,202111,-0.0401904813430988,9
UGPA3,202111,-0.0293737422724625,84
UNIP3,202111,-0.0119812142572102,84
UNIP6,202111,-0.0288327019542518,84
USIM3,202111,-0.035440801114365,83
USIM5,202111,-0.00950279016487706,84
VALE3,202111,-0.0193541248074926,85
VAMO3,202111,-0.0257482715580868,84
VBBR3,202111,-0.0231379988503378,85
VIIA3,202111,-0.0266992875359229,84
VITT3,202111,-0.041707470945316,83
VIVA3,202111,-0.0233328509395675,83
VIVR3,202111,-0.0717293975148386,76
VIVT3,202111,-0.0369962421656009,84
VIVT4,202111,-0.0613562958133425,70
VLID11,202111,-0.0246310602463266,73
VLID3,202111,-0.0314073034004575,83
VULC3,202111,0.0428771548420111,83
VVEO3,202111,-0.0129864508838562,83
WEGE3,202111,-0.00239979310226228,84
WEST3,202111,-0.0200974999033346,83
WHRL4,202111,-0.153925217400484,80
WIZS3,202111,-0.0171878512014122,83
WLMM4,202111,-0.179066645489071,6
YDUQ3,202111,-0.0172729977123023,84
AALR3,202112,0.0807326193532114,84
ABCB4,202112,0.068754922154323,84
ABEV3,202112,0.0139016799169501,86
AERI3,202112,0.0854642730147963,84
AESB3,202112,0.0570274490259292,85
AGRO3,202112,0.087520128904726,85
AGXY3,202112,0.0400284167904015,79
ALLD3,202112,0.0810309708894289,84
ALPA3,202112,0.0349266066107377,84
ALPA4,202112,-0.000225018159408055,86
ALPK3,202112,-0.00847396698898744,80
ALSO3,202112,0.0473014471613253,85
ALUP11,202112,0.0413483295471452,85
ALUP3,202112,-0.00182825177588435,28
ALUP4,202112,-0.0018133214160727,28
AMAR3,202112,0.0570323566754391,84
AMBP3,202112,0.0356983575831665,85
AMER3,202112,0.0497502527885015,86
ANIM3,202112,0.0088507768857998,85
APER3,202112,0.0668938619405442,82
ARML3,202112,0.0331138820172665,85
ARZZ3,202112,0.0737476406092808,85
ASAI3,202112,0.0378396867926598,86
ATMP3,202112,0.0256889844655888,77
AVLL3,202112,0.113493576992756,75
AZEV4,202112,0.0217032615533294,81
AZUL4,202112,0.0523911390959764,86
B3SA3,202112,0.0316923571003383,86
BAHI3,202112,0.237412697089197,75
BAUH4,202112,0.000922073865808302,75
BBAS3,202112,0.0459140138148145,86
BBDC3,202112,0.0335462425154169,86
BBDC4,202112,0.0358512255256219,86
BBRK3,202112,0.0615596281980579,81
BBSE3,202112,0.0471844677578778,86
BBTG11,202112,0.0355218114189897,68
BEEF11,202112,0.124645308316432,68
BEEF3,202112,0.097496181311605,86
BEES3,202112,0.0578027523923024,77
BIDI11,202112,0.0122533286910667,86
BIDI3,202112,0.00614202717281046,85
BIDI4,202112,0.00502114776938766,84
BIOM3,202112,0.02974831815272,71
BKBR3,202112,0.00491939151367482,85
BLAU3,202112,0.0389959399519963,85
BMGB4,202112,0.0537103389492012,84
BMOB3,202112,0.0440448558219141,85
BOAS3,202112,0.0568964800350029,84
BOBR4,202112,0.00682907912387474,75
BPAC11,202112,0.0252467186981044,86
BPAC3,202112,0.0555063391462073,82
BPAC5,202112,0.0445548604210745,84
BPAN4,202112,0.0404888886483564,86
BRAP3,202112,0.0741667678338339,82
BRAP4,202112,0.0427063038383642,86
BRBI11,202112,0.0161238325179765,84
BRFS3,202112,0.0488629586565258,86
BRGE3,202112,0.0373620470633948,83
BRIT3,202112,0.00897680922691637,84
BRIV3,202112,0.0452121750242568,83
BRKM3,202112,0.0853415024000164,75
BRKM5,202112,0.0518420166411076,86
BRML3,202112,0.00172772032218047,86
BRPR3,202112,0.0432334903784363,84
BRSR6,202112,0.0646942427939877,84
CAMB3,202112,0.0129135198324586,70
CAML3,202112,0.0847913334910146,84
CARD3,202112,0.0427344165923993,85
CASH3,202112,0.0574076927672645,86
CBAV3,202112,0.0694513911808047,86
CCRO3,202112,0.0246468799634352,86
CEAB3,202112,0.0579658448618092,85
CEBR3,202112,0.0427481284703657,76
CEBR5,202112,0.104621993380986,67
CEBR6,202112,0.0476965428907698,68
CEEB3,202112,0.0333003037208733,76
CEED3,202112,-0.0094106185074258,7
CEED4,202112,0.0396813966523328,7
CEPE3,202112,0.0318608339387215,8
CEPE5,202112,0.0402427958176327,67
CEPE6,202112,0.0251995050778534,9
CESP3,202112,0.0580820955623772,77
CESP6,202112,0.031219016526518,84
CGAS5,202112,0.123524049665655,6
CGRA4,202112,0.10054723699604,78
CIEL3,202112,0.0639477671193345,86
CLSA3,202112,0.019911719189711,85
CLSC3,202112,0.0417462076494189,72
CLSC4,202112,0.0559364850650132,84
CMIG3,202112,0.0475499059581582,81
CMIG4,202112,0.0483015777634108,86
CMIN3,202112,0.0471038032611678,85
COCE3,202112,0.0554565460878581,24
COCE5,202112,0.0550511688182539,82
COGN3,202112,0.037547375413642,86
CPFE3,202112,0.0272981924928859,86
CPLE11,202112,0.0543199325929462,85
CPLE3,202112,0.0771307363908096,78
CPLE6,202112,0.0377019051797548,86
CRDE3,202112,-0.000258782282193326,81
CRFB3,202112,0.0397719530584052,86
CRIV4,202112,0.0822072798739546,77
CRPG5,202112,0.059402461111432,82
CRPG6,202112,0.117345926629111,6
CSAN3,202112,0.0263646673975912,86
CSED3,202112,0.0284166810695618,85
CSMG3,202112,0.0656450419927926,84
CSNA3,202112,0.0631683514217964,86
CSRN3,202112,0.0539404881925117,7
CSRN5,202112,0.0406439851848771,7
CTNM4,202112,0.0341858943148385,83
CTSA3,202112,0.00575361819998417,75
CURY3,202112,0.052409470199217,84
CVCB3,202112,0.0532170632709483,86
CXSE3,202112,0.0311785428838754,84
CYRE3,202112,0.0405411155771236,86
DASA3,202112,0.0740198698767284,84
DESK3,202112,0.00935956188662409,84
DEXP3,202112,0.0777004890651852,84
DHBI4,202112,0.0172833731281593,9
DIRR3,202112,0.0864017023144871,85
DMMO3,202112,0.0320782803577035,77
DMVF3,202112,0.0861245959994552,82
DOHL4,202112,0.0099400659501782,75
DOTZ3,202112,0.0552094539908498,82
DXCO3,202112,0.0761237272567967,86
EALT4,202112,0.0517386978022445,77
ECOR3,202112,0.0606995042869627,86
EGIE3,202112,0.0178948048930254,86
EKTR4,202112,-0.00141257005349645,75
ELET3,202112,0.020445453317432,86
ELET6,202112,0.0236821820448491,86
ELMD3,202112,0.0766518164589976,79
EMAE4,202112,0.0890626324856685,81
EMBR3,202112,0.0532414929227058,86
ENAT3,202112,0.0748407023235429,84
ENBR3,202112,0.0553435066589501,86
ENEV3,202112,-0.00104695336297664,86
ENGI11,202112,0.033122893390977,86
ENGI3,202112,0.0364278224321276,59
ENJU3,202112,0.0215465423697024,85
ENMT4,202112,0.00501325071221857,75
EQPA3,202112,-0.023308984662094,84
EQPA5,202112,0.0530687194643143,65
EQTL3,202112,0.0120184570357749,86
ESPA3,202112,0.00849968199548347,85
ETER3,202112,0.100427075164158,79
EUCA4,202112,0.115701492927101,84
EVEN3,202112,0.0355404669772713,85
EZTC3,202112,0.0506259410248762,86
FBMC4,202112,0.0354729948631534,7
FESA4,202112,0.0724504889078429,85
FHER3,202112,0.066077786963597,82
FIQE3,202112,0.0794567534475534,85
FLRY3,202112,0.0629865633283453,86
FRAS3,202112,0.0710429405510451,81
GEPA4,202112,0.0322332167658287,65
GETT11,202112,0.0544875080141413,84
GETT4,202112,0.100959119679604,75
GFSA3,202112,0.064621024985411,84
GGBR3,202112,0.032764189257283,79
GGBR4,202112,0.0145894964696861,86
GGPS3,202112,0.0228951427916583,85
GMAT3,202112,0.0224547876854885,85
GNDI3,202112,0.00598110382017342,86
GOAU3,202112,0.0447094026045143,82
GOAU4,202112,0.0506167839099209,86
GOLL4,202112,0.0606872862327866,86
GRND3,202112,0.0326013408603984,85
GUAR3,202112,0.0118006611659605,85
HAPV3,202112,0.036246661465454,86
HBOR3,202112,0.0162287497151246,84
HBRE3,202112,0.0268965533157823,81
HBSA3,202112,0.0551320714482674,84
HYPE3,202112,0.0267320825763397,86
IFCM3,202112,0.0327671201457617,85
IGTI11,202112,0.0213637109852421,86
IGTI3,202112,0.0360792155328703,83
INEP4,202112,0.0160707551901667,70
INTB3,202112,0.024376994653929,85
IRBR3,202112,0.044783678423867,86
ITSA3,202112,0.0721879977871124,81
ITSA4,202112,0.0317009894106839,86
ITUB3,202112,0.0491618955600847,80
ITUB4,202112,0.023405670900621,86
JALL3,202112,0.0767022639570148,84
JBSS3,202112,0.0456423072854237,86
JFEN3,202112,0.028073224403407,70
JHSF3,202112,0.105338351278845,86
JOPA3,202112,0.0326191507380426,83
JSLG3,202112,0.0621514281461633,84
KEPL3,202112,0.107152217933866,86
KLBN11,202112,0.0409373634541588,85
KLBN3,202112,0.107105257218898,37
KLBN4,202112,-0.0306133974758024,37
KROT11,202112,0.0580372083319219,73
KRSA3,202112,0.0549368438343672,79
LAME3,202112,0.0647489188678225,84
LAME4,202112,0.0156232963952999,86
LAND3,202112,0.0713116635497888,79
LAVV3,202112,0.0352435549917558,85
LCAM3,202112,0.0186155877322606,86
LEVE3,202112,0.0670801057534987,85
LIGT3,202112,0.0585952940915739,84
LJQQ3,202112,0.0586969905374334,84
LLIS3,202112,0.0457070871032107,82
LOGG3,202112,0.0659549764471877,84
LOGN3,202112,0.0752331116918442,84
LPSB3,202112,0.0596952657327448,84
LREN3,202112,0.0366850725313226,86
LUPA3,202112,0.044932079858098,81
LUXM4,202112,0.00428278502107952,75
LVTC3,202112,0.101205736506636,79
LWSA3,202112,0.0532418554611099,86
MATD3,202112,0.0188109376725497,85
MBLY3,202112,0.00682191076952889,84
MDIA3,202112,0.0596781179785365,84
MDNE3,202112,0.0448265271651521,84
MEAL3,202112,0.035774879958727,84
MEGA3,202112,0.00974130203434331,85
MELK3,202112,0.0466933502312197,84
MERC4,202112,0.033822264021742,65
MGEL4,202112,0.0013419090721118,75
MGLU3,202112,0.0330199122711869,86
MILS3,202112,0.108452745570088,85
MLAS3,202112,0.0344784935105748,85
MMXM3,202112,0.0464405329250326,70
MNPR3,202112,0.0172219149412459,75
MOAR3,202112,0.0103010278882949,75
MODL11,202112,0.059503911991355,84
MOSI3,202112,0.0559567501466922,85
MOVI3,202112,0.0579787955090384,85
MRFG3,202112,0.0604628030102695,86
MRVE3,202112,-0.00264766056001953,86
MTRE3,202112,0.0719462860494527,85
MTSA4,202112,0.0925812051477224,77
MULT3,202112,0.056283423915292,86
MWET4,202112,-0.0137746953977721,75
MYPK3,202112,0.0553817995736216,85
NEOE3,202112,0.0471660645536919,85
NGRD3,202112,0.060627888784299,84
NINJ3,202112,0.0157819467736733,84
NTCO3,202112,0.00958331855766398,86
ODPV3,202112,0.0603136637364749,84
OFSA3,202112,0.0471209458212074,84
OIBR3,202112,0.0782019929925876,85
OIBR4,202112,0.0431190217163613,73
ONCO3,202112,-0.00996954454030018,85
OPCT3,202112,0.0719094907488334,85
ORVR3,202112,0.0837936481982611,84
PARD3,202112,0.0507621929371476,84
PCAR3,202112,0.0728406591898628,86
PDTC3,202112,-0.0318153853137188,70
PETR3,202112,0.0307613622573784,86
PETR4,202112,0.037474243682523,86
PETZ3,202112,0.0221436036244219,86
PFRM3,202112,0.0886983989384616,82
PGMN3,202112,0.0630498680442818,85
PINE4,202112,0.0136016678956669,70
PLPL3,202112,0.0982243990021277,84
PMAM3,202112,0.0760770239429263,84
PNVL3,202112,0.044585916480247,85
POMO3,202112,0.0864997091377227,76
POMO4,202112,0.079955859004035,84
PORT3,202112,0.0280560193451136,77
POSI3,202112,0.0725216231235855,86
POWE3,202112,0.000388904625640252,85
PPLA11,202112,0.110244606668397,64
PRIO3,202112,0.0247692293814783,86
PRNR3,202112,0.078652465605935,72
PSSA3,202112,0.047808094293055,83
PTBL3,202112,0.107130420012935,84
PTNT4,202112,0.294323175558412,29
QUAL3,202112,0.0179517436960734,86
RADL3,202112,0.0133580767330382,86
RAIL3,202112,0.0206050631535876,86
RAIZ4,202112,0.0445166737528854,84
RANI3,202112,0.109004935314123,84
RAPT3,202112,0.0338994919958851,83
RAPT4,202112,0.0670120515802329,85
RCSL3,202112,0.0741643380589117,84
RCSL4,202112,0.0793631782553875,84
RDNI3,202112,0.0464609126136971,80
RDOR3,202112,0.0492694381825076,86
RECV3,202112,0.0316935349261444,85
RENT3,202112,0.00838133287771139,86
ROMI3,202112,0.108328667581655,84
RPAD3,202112,0.0346188876866776,83
RRRP3,202112,0.0455955305935497,85
RSID3,202112,-0.00474461288782058,70
RSUL4,202112,0.132220659995498,6
SANB11,202112,0.0574643200139453,86
SANB3,202112,0.0250610026313913,70
SAPR11,202112,0.0475498187928004,85
SAPR4,202112,0.0664350719274246,76
SBFG3,202112,0.0424746080507246,85
SBSP3,202112,0.0557947034519131,86
SCAR3,202112,0.0886072586549763,76
SEER3,202112,0.088251574294207,84
SEQL3,202112,0.0619117236156491,84
SGPS3,202112,0.12580340527584,75
SHOW3,202112,0.0632934551244211,84
SHUL4,202112,0.0328657780968373,84
SIMH3,202112,0.107193394363404,86
SLCE3,202112,0.0710042034820426,84
SMFT3,202112,0.0131843607942026,85
SMTO3,202112,0.0924631336454582,85
SOJA3,202112,0.0911385122605054,82
SOMA3,202112,0.0106595720433447,86
SQIA3,202112,0.0546477023655628,84
STBP3,202112,0.0478312288716487,84
SULA11,202112,0.0398016383716211,86
SUZB3,202112,0.0462940348120901,86
SYNE3,202112,0.0499014538084423,85
TAEE11,202112,0.0370135295332953,86
TAEE3,202112,0.0286332990526794,78
TAEE4,202112,0.0895852646535569,70
TASA3,202112,0.0332598998182549,78
TASA4,202112,0.0814430907095494,84
TCNO4,202112,0.0322740886280412,70
TCSA3,202112,0.0748503746950276,84
TECN3,202112,0.0950704553269739,83
TEND3,202112,0.0314130400587716,84
TFCO4,202112,0.0896142681188487,84
TGMA3,202112,0.0430817488869731,84
TIMS3,202112,0.0420262104248833,86
TOTS3,202112,0.0271544450856947,86
TPIS3,202112,0.0794296926255773,84
TRAD3,202112,0.0917854642554723,84
TRIS3,202112,0.102132626602951,84
TRPL4,202112,0.0617813791671574,84
TTEN3,202112,0.0532689861544772,85
TUPY3,202112,0.0322679968414351,85
UCAS3,202112,0.0313543121790791,65
UGPA3,202112,0.0209280045003783,86
UNIP3,202112,0.0611575417302518,85
UNIP6,202112,0.0826998721786553,85
USIM3,202112,0.0389317403070674,84
USIM5,202112,0.0515202461963076,86
VALE3,202112,0.0330919955247377,86
VAMO3,202112,0.100463868299695,85
VBBR3,202112,0.0295982949799123,86
VIIA3,202112,0.0188146913971297,86
VITT3,202112,0.0731394193767502,85
VIVA3,202112,0.0296152908354372,85
VIVR3,202112,0.0262467584628441,70
VIVT3,202112,0.0357289113511404,86
VIVT4,202112,0.0797971875941598,69
VLID11,202112,0.114386521517897,73
VLID3,202112,0.0766148882210358,84
VULC3,202112,0.0485683049627647,85
VVEO3,202112,0.0296387249200935,84
WEGE3,202112,0.0293016222556778,86
WEST3,202112,0.0538315273567129,85
WHRL4,202112,0.0445141386475224,81
WIZS3,202112,0.116976374961662,84
WLMM4,202112,0.118486175430995,6
YDUQ3,202112,0.0542884608188149,86
