j,ym,i,cio,n_fundos_i,n_fundos_j
ALPA3,201702,AALR3,0.710140377813411,374,57
ALPA3,201703,AALR3,0.807674509936147,377,57
ALPA3,201710,AALR3,0.848668996944611,418,67
ALPA3,201711,AALR3,0.871099784629076,441,70
ALPA3,201801,AALR3,0.909964523159679,425,77
ALPA3,201802,AALR3,0.943097106313932,455,83
ALPA3,201803,AALR3,0.92119906879058,461,85
ALPA3,201804,AALR3,0.905651806359806,481,86
ALPA3,201805,AALR3,0.899921567661841,487,88
ALPA3,201806,AALR3,0.822326133910894,496,95
ALPA3,201807,AALR3,0.816785554868112,501,97
ALPA3,201810,AALR3,0.712421291432919,476,81
ALPA3,201811,AALR3,0.758579450122176,485,80
ALPA4,202008,ABEV3,0.701951127380548,1048,786
ALPA4,202009,ABEV3,0.804566814988814,1061,797
ALPA4,202010,ABEV3,0.779392099069901,1011,817
ALPA4,202011,ABEV3,0.783027569148086,1025,830
ALPA4,202012,ABEV3,0.713594946866861,1052,837
ALPA4,202108,ABEV3,0.745578762601885,1179,948
ALPA4,202109,ABEV3,0.729776662060936,1236,1025
ALPA4,202110,ABEV3,0.743229736422497,1296,1291
ALPA4,202111,ABEV3,0.77756126848298,1320,1321
ALPK3,202008,ALPA4,0.747278419618553,786,407
ALPK3,202009,ABEV3,0.820033524806521,1061,259
ALPK3,202009,ALPA4,0.810471387253311,797,259
ALPK3,202010,ABEV3,0.83516714324562,1011,270
ALPK3,202010,ALPA4,0.84862385136833,817,270
ALPK3,202011,ABEV3,0.89141296387104,1025,269
ALPK3,202011,ALPA4,0.865127254893192,830,269
ALPK3,202012,ABEV3,0.914822896326955,1052,228
ALPK3,202012,ALPA4,0.738666908381006,837,228
ALPK3,202101,ABEV3,0.956822215796923,1092,229
ALPK3,202102,ABEV3,0.96809100446562,1107,230
ALPK3,202103,ABEV3,0.949862475224142,1126,231
ALPK3,202104,ABEV3,0.962112378030081,1144,232
ALPK3,202105,ABEV3,0.950791952200559,1164,239
ALPK3,202106,ABEV3,0.935306171845346,1181,236
ALPK3,202107,ABEV3,0.941691195779357,1179,238
ALPK3,202108,ABEV3,0.932631102641178,1179,241
ALPK3,202108,ALPA4,0.745890605258676,948,241
ALPK3,202109,ABEV3,0.943676210774731,1236,243
ALPK3,202109,ALPA4,0.732053203219819,1025,243
ALPK3,202110,ABEV3,0.935344991532415,1296,242
ALPK3,202110,ALPA4,0.752591904394894,1291,242
ALPK3,202111,ABEV3,0.890299908157845,1320,243
ALPK3,202111,ALPA4,0.834468396709109,1321,243
ALPK3,202112,ALPA4,0.840576577626733,1329,248
ALSC3,201907,AALR3,0.731036512413336,480,640
ALSO3,201909,AALR3,0.736535343716971,474,666
ALSO3,201910,AALR3,0.722344289351638,473,682
ALSO3,201911,AALR3,0.74630754504573,404,698
ALSO3,202008,AALR3,0.731061378784252,402,810
ALSO3,202009,AALR3,0.752095026751087,403,803
ALSO3,202010,AALR3,0.76771628919901,477,811
ALUP4,201702,ALUP3,0.873402798376873,49,48
ALUP4,201703,ALUP3,0.879662439313873,24,23
AMAR3,201706,ALPA4,0.829428290769599,590,487
AMAR3,201707,ALPA4,0.827132587724539,552,473
AMAR3,201708,ALPA4,0.958569436231718,559,474
AMAR3,201709,ALPA4,0.941851015781769,565,487
AMAR3,201710,ALPA4,0.947624133128467,421,507
AMAR3,201711,ALPA4,0.937000616235355,467,484
AMAR3,201712,ALPA4,0.77713551970551,487,487
AMAR3,201801,ALPA4,0.930600382673662,457,511
AMAR3,201802,ALPA4,0.933651390192691,467,382
AMAR3,201803,ALPA4,0.894960258515325,465,382
AMAR3,201804,ALPA4,0.917976836984684,441,495
AMAR3,201805,ALPA4,0.909198364421485,449,196
AMAR3,201806,ALPA4,0.826574835543275,432,194
ANIM3,201706,ALPA4,0.732083259539187,590,376
ANIM3,201708,ALPA4,0.74820303599936,559,323
ANIM3,201708,AMAR3,0.726833741928715,474,323
ANIM3,201709,ALPA4,0.724447048615733,565,315
ANIM3,201803,AMAR3,0.71300596799428,382,515
ANIM3,201804,ALPA4,0.789026464558636,441,470
ANIM3,201804,AMAR3,0.837442320636112,495,470
ANIM3,201805,ALPA4,0.776798874942697,449,448
ANIM3,201805,AMAR3,0.846963103132672,196,448
ANIM3,201806,ALPA4,0.76271201248923,432,423
ANIM3,201806,AMAR3,0.813139063728796,194,423
ANIM3,201807,ALPA4,0.725246144077168,472,421
ANIM3,201807,AMAR3,0.71083298583117,189,421
ANIM3,201808,ALPA4,0.822769223878452,403,463
ANIM3,201808,AMAR3,0.703185270352149,190,463
ANIM3,201809,ALPA4,0.800241451889714,394,428
ANIM3,201809,AMAR3,0.782920567290422,294,428
ANIM3,201810,ALPA4,0.796540127779336,398,433
ANIM3,201810,AMAR3,0.825038242566813,296,433
ANIM3,201811,ALPA4,0.753575777967966,397,409
ANIM3,201812,ALPA4,0.774975611317792,406,412
ANIM3,201901,ALPA4,0.853289192243719,433,403
ANIM3,201902,ALPA4,0.800143683638498,599,522
ANIM3,201903,ALPA4,0.794435905151787,547,502
ANIM3,201904,ALPA4,0.79268956621052,547,493
ANIM3,201905,ALPA4,0.814540748947493,551,491
ANIM3,201906,ALPA4,0.8149673882395,590,445
ANIM3,201907,ALPA4,0.83865906474755,623,515
ANIM3,201908,ALPA4,0.792496045048719,662,589
ANIM3,201909,ALPA4,0.791614862822639,582,552
ANIM3,201910,ALPA4,0.793328411213263,592,560
ANIM3,201911,ALPA4,0.798064711279174,603,582
ANIM3,201912,ALPA4,0.764166058315696,624,597
ANIM3,202001,ALPA4,0.757779586848294,642,618
ANIM3,202002,ALPA4,0.776578447682428,692,694
ANIM3,202003,ALPA4,0.749195198243425,684,675
ANIM3,202004,ALPA4,0.757954186954928,737,604
ANIM3,202005,ALPA4,0.760245352578904,763,656
ANIM3,202006,ALPA4,0.775084345042,763,670
ANIM3,202006,ALPK3,0.744880745559557,394,670
ANIM3,202007,ALPA4,0.735499781491904,765,689
ANIM3,202007,ALPK3,0.72499901677235,402,689
ANIM3,202008,ABEV3,0.767993117143152,1048,633
ANIM3,202008,ALPA4,0.801931758437839,786,633
ANIM3,202008,ALPK3,0.770780220772703,407,633
ANIM3,202009,ABEV3,0.870763277922775,1061,630
ANIM3,202009,ALPA4,0.79532074500425,797,630
ANIM3,202009,ALPK3,0.80376203652801,259,630
ANIM3,202010,ABEV3,0.868453159787563,1011,645
ANIM3,202010,ALPA4,0.781638406546272,817,645
ANIM3,202010,ALPK3,0.818775058059034,270,645
ANIM3,202011,ABEV3,0.783333442984776,1025,645
ANIM3,202011,ALPA4,0.749043197407058,830,645
ANIM3,202011,ALPK3,0.779531131522569,269,645
ANIM3,202012,ABEV3,0.844485397676263,1052,733
ANIM3,202012,ALPA4,0.721141339232531,837,733
ANIM3,202012,ALPK3,0.870048549056191,228,733
ANIM3,202101,ABEV3,0.845850191084818,1092,761
ANIM3,202101,ALPK3,0.859381345755797,229,761
ANIM3,202102,ABEV3,0.842197104686476,1107,796
ANIM3,202102,ALPK3,0.8483482660306,230,796
ANIM3,202103,ABEV3,0.83645441092,1126,756
ANIM3,202103,ALPK3,0.85050140538985,231,756
ANIM3,202104,ABEV3,0.827134714429296,1144,774
ANIM3,202104,ALPK3,0.838318515603486,232,774
ANIM3,202105,ABEV3,0.83689227653773,1164,806
ANIM3,202105,ALPK3,0.855650247723867,239,806
ANIM3,202106,ABEV3,0.800136285979505,1181,766
ANIM3,202106,ALPK3,0.797979247311895,236,766
ANIM3,202107,ABEV3,0.81141590441632,1179,835
ANIM3,202107,ALPK3,0.761522445795263,238,835
ANIM3,202108,ABEV3,0.80610174499878,1179,875
ANIM3,202108,ALPK3,0.777522576882778,241,875
ANIM3,202109,ABEV3,0.810596423796268,1236,882
ANIM3,202109,ALPK3,0.774613130978605,243,882
ANIM3,202110,ABEV3,0.786265216781002,1296,846
ANIM3,202110,ALPK3,0.752534005547848,242,846
ANIM3,202111,ABEV3,0.723276436136197,1320,851
ANIM3,202111,ALPA4,0.735646120239352,1321,851
ANIM3,202111,ALPK3,0.783912283206041,243,851
ANIM3,202112,ALPK3,0.731708362368227,248,897
ARZZ3,201702,AMAR3,0.714060041203266,333,491
ARZZ3,201703,AMAR3,0.779559443566541,337,530
ARZZ3,201704,AMAR3,0.888521390246162,341,538
ARZZ3,201806,ALSC3,0.754739084367865,605,421
AZEV3,202104,ATOM3,0.99810669531992,22,23
AZEV3,202105,ATOM3,0.993723673781134,23,24
AZEV4,202107,ATOM3,1,22,22
AZEV4,202108,ATOM3,0.99853038671472,22,22
AZUL4,202004,ANIM3,0.751709883954494,604,986
B3SA3,201805,ABEV3,0.712046814717582,914,1044
B3SA3,201809,ABEV3,0.734384634078774,902,1105
BBAS3,202005,ANIM3,0.704771627387292,656,1172
BBDC3,201702,ABEV3,0.753941914142405,842,670
BBDC3,201703,ABEV3,0.777138171270746,836,687
BBDC3,201705,ABEV3,0.77312883977225,849,675
BBDC3,201706,ABEV3,0.735955282359634,864,663
BBDC3,201710,ALUP11,0.797679318403659,597,680
BBDC3,201711,ALUP11,0.830565164512766,605,697
BBDC3,201712,ALUP11,0.84556148920779,614,727
BBDC3,201801,ALUP11,0.817362270368261,604,706
BBDC3,201802,ALUP11,0.800287240713235,557,692
BBDC3,201805,ALUP11,0.733644492290885,545,822
BBDC3,202002,ABEV3,0.743527133416057,925,821
BBDC3,202007,AGRO3,0.741119408431583,271,882
BBDC3,202008,AGRO3,0.809176648685788,84,948
BBDC3,202009,AGRO3,0.752013707957887,83,928
BBDC3,202102,BBAS3,0.728582032306624,1155,1039
BBDC4,201802,ALPA4,0.766371080105038,467,1024
BBDC4,201802,AMAR3,0.763136223786865,382,1024
BBDC4,201803,ALPA4,0.773782221431858,465,1029
BBDC4,201803,AMAR3,0.722150697234758,382,1029
BBDC4,201804,ALPA4,0.76250841776188,441,1065
BBDC4,201804,AMAR3,0.713306307514782,495,1065
BBDC4,201804,ANIM3,0.715626736693442,470,1065
BBDC4,201805,BBAS3,0.766042224509263,1033,1068
BBDC4,201806,BBAS3,0.770840626655759,1023,1092
BBDC4,201807,ALPA4,0.701527449495894,472,1084
BBDC4,201807,BBAS3,0.764128276037507,1044,1084
BBDC4,201808,BBAS3,0.712059744594084,1039,1085
BBDC4,201910,BBAS3,0.773409515279154,1110,1092
BBDC4,202104,ABEV3,0.70750675896198,1144,1313
BBDC4,202106,ABEV3,0.785741483720282,1181,1271
BBDC4,202106,ALPK3,0.763938638248893,236,1271
BBDC4,202107,ABEV3,0.721078407016075,1179,1296
BBRK3,201709,AALR3,0.793628141063669,403,178
BBRK3,201710,AALR3,0.768042198235873,418,274
BBRK3,201710,ALPA3,0.897222870516459,67,274
BBRK3,201711,AALR3,0.805416684202078,441,284
BBRK3,201711,ALPA3,0.917249048271438,70,284
BBRK3,201712,ALPA3,0.896077161059246,73,297
BBRK3,201801,AALR3,0.83722377076908,425,290
BBRK3,201801,ALPA3,0.917391856238715,77,290
BBRK3,201802,AALR3,0.739894868920352,455,265
BBRK3,201802,ALPA3,0.783943582646207,83,265
BBRK3,201803,AALR3,0.846549393461463,461,346
BBRK3,201803,ALPA3,0.916129104848772,85,346
BBRK3,201804,AALR3,0.848259420023052,481,379
BBRK3,201804,ALPA3,0.933494338021869,86,379
BBRK3,201805,AALR3,0.839999227265453,487,366
BBRK3,201805,ALPA3,0.932362527981623,88,366
BBRK3,201806,AALR3,0.773585380675201,496,359
BBRK3,201806,ALPA3,0.939238036988744,95,359
BBRK3,201807,ALPA3,0.755609410557988,97,363
BBRK3,201809,ALPA3,0.773394024639584,88,368
BBRK3,201810,ALPA3,0.828537259526542,81,368
BBRK3,201811,ALPA3,0.750133149847493,80,381
BBRK3,201904,ALPA3,0.806462208602689,79,394
BBRK3,201905,ALPA3,0.824575841336733,80,399
BBRK3,201906,ALPA3,0.828074476299118,80,402
BBRK3,201907,ALPA3,0.823972004337019,82,411
BBRK3,201908,ALPA3,0.851009544941104,84,432
BBRK3,201909,ALPA3,0.789232092623,89,437
BBRK3,201910,ALPA3,0.812656371201141,182,432
BBRK3,201911,ALPA3,0.865864421399133,178,416
BBRK3,201912,ALPA3,0.760549212308628,186,419
BBTG11,201704,BBRK3,0.702204754164775,81,375
BBTG11,201705,BBRK3,0.785068752765702,81,412
BBTG11,201706,BBRK3,0.77075377149212,85,109
BEEF11,202101,AVLL3,0.99265923253392,45,168
BEEF11,202102,AVLL3,0.996087415615358,45,194
BEEF11,202103,AVLL3,0.997324940915082,45,197
BEEF11,202104,AVLL3,0.995884264345622,45,200
BEEF11,202105,AVLL3,0.996684007656406,45,206
BEEF11,202106,AVLL3,0.99676300104572,48,199
BEEF11,202107,AVLL3,0.997101024932387,47,199
BEEF11,202108,AVLL3,0.997630423286582,47,201
BEEF11,202109,AVLL3,0.996486872587551,48,201
BEEF11,202110,AVLL3,0.993850530793052,33,202
BEEF11,202111,AVLL3,0.990555224041633,34,190
BEEF3,201702,ALUP11,0.763331141172855,532,584
BEEF3,201703,ALUP11,0.825183843313238,568,540
BEEF3,201704,ALUP11,0.815423473970798,574,562
BEEF3,201705,ALUP11,0.889725522705888,705,577
BEEF3,201706,ALUP11,0.770393129250251,638,577
BEEF3,201707,ALUP11,0.823361618287391,618,486
BEEF3,201708,ALUP11,0.850842101588,611,437
BEEF3,201709,ALUP11,0.873594645733806,596,432
BEEF3,201710,ALUP11,0.908808914237097,597,426
BEEF3,201710,BBDC3,0.835083475813116,680,426
BEEF3,201711,ALUP11,0.894311011001692,605,465
BEEF3,201711,BBDC3,0.884290737182222,697,465
BEEF3,201712,ALUP11,0.877386586189427,614,395
BEEF3,201712,BBDC3,0.897002388849535,727,395
BEEF3,201801,ALUP11,0.841144045816009,604,321
BEEF3,201801,BBDC3,0.911618255169789,706,321
BEEF3,201802,ALUP11,0.844334633494812,557,416
BEEF3,201802,BBDC3,0.881440790039582,692,416
BEEF3,201803,ALUP11,0.735183057234719,528,432
BEEF3,201803,BBDC3,0.799622519192097,696,432
BEEF3,201804,ALUP11,0.738497751854525,568,424
BEEF3,201804,BBDC3,0.857474355930086,756,424
BEEF3,201805,ALUP11,0.741843834492371,545,388
BEEF3,201805,BBDC3,0.875822608144433,822,388
BEEF3,201806,BBDC3,0.896750892011937,826,491
BEEF3,201807,BBDC3,0.904291065089443,843,501
BEEF3,201808,BBDC3,0.866105580254054,853,471
BEEF3,201809,BBDC3,0.801483811132058,834,441
BEEF3,201810,BBDC3,0.818334483917257,838,415
BEEF3,201812,BEEF11,0.785554798013696,50,430
BEEF3,201903,BEEF11,0.707419395467043,77,357
BEEF3,202005,ABCB4,0.702773525340241,456,874
BEEF3,202007,ABCB4,0.744471355403696,503,918
BEEF3,202008,ABCB4,0.750373486835443,442,1005
BEEF3,202112,AVLL3,0.754425412331947,35,1200
BIDI11,201908,ALPA4,0.801281157263001,662,620
BIDI11,201909,ALPA4,0.818299975745056,582,704
BIDI11,201910,ALPA4,0.909749951087154,592,708
BIDI11,201911,ALPA4,0.952154843276048,603,681
BIDI11,201911,ANIM3,0.764302247423796,582,681
BIDI11,201912,ALPA4,0.920593790461101,624,679
BIDI11,201912,ANIM3,0.758208918542055,597,679
BIDI11,202001,ALPA4,0.870107857397341,642,653
BIDI11,202001,ANIM3,0.726764521383273,618,653
BIDI11,202002,ALPA4,0.845542441593392,692,715
BIDI11,202002,ANIM3,0.726570275005361,694,715
BIDI11,202003,ALPA4,0.809500216393193,684,670
BIDI11,202003,ANIM3,0.736241565514328,675,670
BIDI11,202004,ALPA4,0.814925038502241,737,584
BIDI11,202004,ANIM3,0.801327327696204,604,584
BIDI11,202005,ALPA4,0.80121616637773,763,580
BIDI11,202005,ANIM3,0.830920174552217,656,580
BIDI11,202006,ALPA4,0.804155179869781,763,588
BIDI11,202006,ALPK3,0.702531496289818,394,588
BIDI11,202006,ANIM3,0.815616650082164,670,588
BIDI11,202007,ALPA4,0.775452566605452,765,652
BIDI11,202007,ANIM3,0.819399601779291,689,652
BIDI11,202008,ABEV3,0.715787223601569,1048,721
BIDI11,202008,ALPA4,0.818026036151444,786,721
BIDI11,202008,ALPK3,0.735790539989142,407,721
BIDI11,202008,ANIM3,0.827339751940402,633,721
BIDI11,202009,ABEV3,0.806125095259661,1061,683
BIDI11,202009,ALPA4,0.81777680119626,797,683
BIDI11,202009,ALPK3,0.756830394915268,259,683
BIDI11,202009,ANIM3,0.811773194074948,630,683
BIDI11,202010,ABEV3,0.777456554317046,1011,744
BIDI11,202010,ALPA4,0.778703093360912,817,744
BIDI11,202010,ALPK3,0.742889424799343,270,744
BIDI11,202010,ANIM3,0.793052364179901,645,744
BIDI11,202011,ABEV3,0.752622209733554,1025,726
BIDI11,202011,ALPA4,0.762968226318845,830,726
BIDI11,202011,ALPK3,0.761022416955831,269,726
BIDI11,202012,ABEV3,0.70707130640236,1052,718
BIDI11,202012,ALPA4,0.719515506669157,837,718
BIDI11,202012,ALPK3,0.739893132403021,228,718
BIDI11,202012,ANIM3,0.711287513597708,733,718
BIDI11,202101,ALPA4,0.739893144437654,867,742
BIDI11,202101,ALPK3,0.719595583905516,229,742
BIDI11,202103,ALPA4,0.753061101431063,867,835
BIDI11,202104,ALPA4,0.782198516643989,878,879
BIDI11,202105,ALPA4,0.81126647081589,924,1210
BIDI11,202106,ALPA4,0.789567248994189,931,1249
BIDI11,202107,ALPA4,0.738422511003613,939,1333
BIDI3,201909,ALPA3,0.887684180813207,89,282
BIDI3,201909,BBRK3,0.857959446117476,437,282
BIDI3,201910,ALPA3,0.911875819429058,182,282
BIDI3,201910,BBRK3,0.888373144309211,432,282
BIDI3,201911,ALPA3,0.968086322798747,178,277
BIDI3,201911,BBRK3,0.887549557128316,416,277
BIDI3,201912,ALPA3,0.98136600305591,186,282
BIDI3,201912,BBRK3,0.771422972795567,419,282
BIDI3,202001,BBRK3,0.765383700252099,437,361
BIDI3,202002,BBRK3,0.854536424729963,457,123
BIDI3,202005,BBRK3,0.754335634081261,467,138
BIDI3,202006,BBRK3,0.76919110861525,466,142
BIDI3,202007,BBRK3,0.778936149118441,473,209
BIDI3,202008,BBRK3,0.889208336906928,465,211
BIDI3,202009,BBRK3,0.904623291631876,449,229
BIDI3,202010,BBRK3,0.909530827850451,462,314
BIDI3,202011,BBRK3,0.851247878852579,465,423
BIDI3,202011,BIDI11,0.740278266977281,726,423
BIDI3,202012,BBRK3,0.826462395269401,476,432
BIDI3,202012,BIDI11,0.828581668271031,718,432
BIDI3,202101,BBRK3,0.819786303883075,479,433
BIDI3,202101,BIDI11,0.824404823091309,742,433
BIDI3,202102,BBRK3,0.808069939324446,488,446
BIDI3,202102,BIDI11,0.872914149443257,837,446
BIDI3,202103,BBRK3,0.798981064241682,487,333
BIDI3,202103,BIDI11,0.810445351286684,835,333
BIDI3,202104,BBRK3,0.771999801995999,490,332
BIDI3,202109,ALPK3,0.722436002978967,243,354
BIDI3,202111,BIDI11,0.708265022584726,1385,413
BIDI3,202112,BIDI11,0.747391137200294,1383,441
BIDI4,201806,ALPA4,0.815071741515351,432,499
BIDI4,201806,ANIM3,0.73087033603824,423,499
BIDI4,201807,ALPA4,0.818572318755382,472,498
BIDI4,201808,ALPA4,0.833613845978644,403,496
BIDI4,201808,ANIM3,0.764466457235093,463,496
BIDI4,201809,ALPA4,0.842235970593866,394,498
BIDI4,201809,ANIM3,0.758236515823825,428,498
BIDI4,201810,ALPA4,0.843761837696335,398,496
BIDI4,201810,ANIM3,0.75579133212859,433,496
BIDI4,201811,ALPA4,0.860365913747338,397,494
BIDI4,201811,ANIM3,0.712392523400758,409,494
BIDI4,201812,ALPA4,0.91431690527418,406,505
BIDI4,201812,ANIM3,0.712038515930523,412,505
BIDI4,201901,ALPA4,0.929844979880884,433,460
BIDI4,201901,ANIM3,0.805984442159984,403,460
BIDI4,201902,ALPA4,0.936292640911603,599,485
BIDI4,201902,ANIM3,0.745947799844463,522,485
BIDI4,201903,ALPA4,0.92270965603382,547,497
BIDI4,201903,ANIM3,0.72934261706434,502,497
BIDI4,201904,ALPA4,0.745472153568694,547,604
BIDI4,201906,ALPA4,0.863532493350004,590,612
BIDI4,201907,ALPA4,0.740879569915324,623,559
BIDI4,201909,ALPA3,0.722278008426708,89,498
BIDI4,201909,BBRK3,0.701076700388974,437,498
BIDI4,201909,BIDI3,0.802480035974219,282,498
BIDI4,201911,ALPA3,0.70249274962943,178,293
BIDI4,201911,BIDI3,0.731409128609516,277,293
BIDI4,202001,BIDI3,0.869099098457737,361,383
BIDI4,202003,BBRK3,0.78622450325331,468,496
BIDI4,202003,BIDI3,0.767631935694656,124,496
BIDI4,202004,BBRK3,0.756327630813309,464,497
BIDI4,202004,BIDI3,0.801493259833969,125,497
BIDI4,202005,BBRK3,0.73747393234955,467,544
BIDI4,202005,BIDI3,0.89671122107712,138,544
BIDI4,202006,BIDI11,0.761280518132223,588,564
BIDI4,202006,BIDI3,0.853473267115984,142,564
BIDI4,202007,BIDI11,0.800316643500833,652,637
BIDI4,202007,BIDI3,0.790488314618647,209,637
BIDI4,202008,BIDI11,0.853442375380337,721,654
BIDI4,202008,BIDI3,0.715511844412622,211,654
BIDI4,202009,ABEV3,0.873229776809808,1061,619
BIDI4,202009,ALPA4,0.842145332800926,797,619
BIDI4,202009,ALPK3,0.812580439387837,259,619
BIDI4,202009,ANIM3,0.863436164991565,630,619
BIDI4,202009,BIDI11,0.950130740989277,683,619
BIDI4,202010,ABEV3,0.847205898789516,1011,685
BIDI4,202010,ALPA4,0.839180143221924,817,685
BIDI4,202010,ALPK3,0.80901907646458,270,685
BIDI4,202010,ANIM3,0.842762898078296,645,685
BIDI4,202010,BIDI11,0.947640098300312,744,685
BIDI4,202011,ABEV3,0.844161622642502,1025,669
BIDI4,202011,ALPA4,0.824442147442872,830,669
BIDI4,202011,ALPK3,0.856880179303435,269,669
BIDI4,202011,ANIM3,0.758762433045828,645,669
BIDI4,202011,BIDI11,0.952240748253914,726,669
BIDI4,202012,ABEV3,0.814002373110228,1052,666
BIDI4,202012,ALPA4,0.75656560297014,837,666
BIDI4,202012,ALPK3,0.85833510535999,228,666
BIDI4,202012,ANIM3,0.797803507380809,733,666
BIDI4,202012,BIDI11,0.941692217182195,718,666
BIDI4,202012,BIDI3,0.715538498757614,432,666
BIDI4,202101,ABEV3,0.821966428096321,1092,632
BIDI4,202101,ALPK3,0.85723047188822,229,632
BIDI4,202101,ANIM3,0.759803132912399,761,632
BIDI4,202101,BIDI11,0.921804316262996,742,632
BIDI4,202101,BIDI3,0.777680314031937,433,632
BIDI4,202102,ABEV3,0.734675586410627,1107,662
BIDI4,202102,ALPK3,0.756294805690992,230,662
BIDI4,202102,BIDI11,0.911738402629815,837,662
BIDI4,202102,BIDI3,0.884318214935217,446,662
BIDI4,202103,ALPK3,0.711019457293303,231,578
BIDI4,202103,BIDI11,0.857967992567384,835,578
BIDI4,202103,BIDI3,0.93138522580283,333,578
BIDI4,202104,ABEV3,0.737478981853232,1144,574
BIDI4,202104,ALPK3,0.762739362872152,232,574
BIDI4,202104,BIDI11,0.743971675605324,879,574
BIDI4,202104,BIDI3,0.900625326640642,332,574
BIDI4,202105,ABEV3,0.703014006576916,1164,614
BIDI4,202105,ALPK3,0.735006521766157,239,614
BIDI4,202105,BIDI3,0.910793342166769,337,614
BIDI4,202106,ABEV3,0.710728028770586,1181,631
BIDI4,202106,ALPK3,0.752626286719824,236,631
BIDI4,202106,BIDI3,0.911953124350884,324,631
BIDI4,202107,ALPK3,0.716077093643922,238,712
BIDI4,202107,BIDI3,0.926111413668677,330,712
BIDI4,202108,BIDI3,0.954805485040559,342,778
BIDI4,202109,BIDI3,0.914880271176277,354,833
BIDI4,202110,BIDI11,0.714720340427547,1377,1148
BIDI4,202110,BIDI3,0.962528087199569,422,1148
BIDI4,202111,BIDI11,0.770207236007424,1385,1175
BIDI4,202111,BIDI3,0.955567100039034,413,1175
BIDI4,202112,BIDI11,0.781904926009065,1383,1110
BIDI4,202112,BIDI3,0.956673842451398,441,1110
BKBR3,201806,ARZZ3,0.724721374663538,421,258
BKBR3,201908,ALPA4,0.892135335664438,662,564
BKBR3,201908,ANIM3,0.774736279943536,589,564
BKBR3,201909,ALPA4,0.864288986162161,582,593
BKBR3,201909,ANIM3,0.785711897928789,552,593
BKBR3,201910,ALPA4,0.782821331946469,592,596
BKBR3,201910,ANIM3,0.731277791302338,560,596
BKBR3,201911,ALPA4,0.833784421394481,603,599
BKBR3,201911,ANIM3,0.794203748495882,582,599
BKBR3,201911,BIDI11,0.792002513414182,681,599
BKBR3,201912,ALPA4,0.830120083967474,624,608
BKBR3,201912,ANIM3,0.837621728847118,597,608
BKBR3,201912,BIDI11,0.820787621036872,679,608
BKBR3,202001,ALPA4,0.781407127024759,642,593
BKBR3,202001,ANIM3,0.82611203729017,618,593
BKBR3,202001,BIDI11,0.828561752895917,653,593
BKBR3,202002,ALPA4,0.767495631328848,692,643
BKBR3,202002,ANIM3,0.834365176503211,694,643
BKBR3,202002,BIDI11,0.835201967910805,715,643
BKBR3,202003,ALPA4,0.774960594343645,684,616
BKBR3,202003,ANIM3,0.820836810463876,675,616
BKBR3,202003,BIDI11,0.927274140491818,670,616
BKBR3,202004,ALPA4,0.778154991763489,737,625
BKBR3,202004,ANIM3,0.911447940295021,604,625
BKBR3,202004,AZUL4,0.779747764908358,986,625
BKBR3,202004,BIDI11,0.914904595658028,584,625
BKBR3,202005,ALPA4,0.771597681453413,763,647
BKBR3,202005,ANIM3,0.948191208229683,656,647
BKBR3,202005,BIDI11,0.891199704445951,580,647
BKBR3,202006,ALPA4,0.790018932861606,763,661
BKBR3,202006,ALPK3,0.799459354176377,394,661
BKBR3,202006,ANIM3,0.932707100022807,670,661
BKBR3,202006,BIDI11,0.87403387248759,588,661
BKBR3,202007,ALPA4,0.758497084338322,765,667
BKBR3,202007,ALPK3,0.782297673034795,402,667
BKBR3,202007,ANIM3,0.928223618425436,689,667
BKBR3,202007,BIDI11,0.881882322997316,652,667
BKBR3,202008,ABEV3,0.80374021810447,1048,632
BKBR3,202008,ALPA4,0.835622351884304,786,632
BKBR3,202008,ALPK3,0.830762287015808,407,632
BKBR3,202008,ANIM3,0.929983267689277,633,632
BKBR3,202008,BIDI11,0.890351273975272,721,632
BKBR3,202009,ABEV3,0.936201845963285,1061,606
BKBR3,202009,ALPA4,0.844738997186673,797,606
BKBR3,202009,ALPK3,0.877219877150862,259,606
BKBR3,202009,ANIM3,0.925661354106364,630,606
BKBR3,202009,BIDI11,0.86410366265391,683,606
BKBR3,202009,BIDI4,0.924339701632458,619,606
BKBR3,202010,ABEV3,0.935435174859166,1011,633
BKBR3,202010,ALPA4,0.818747318434106,817,633
BKBR3,202010,ALPK3,0.89394894747658,270,633
BKBR3,202010,ANIM3,0.926966748298458,645,633
BKBR3,202010,BIDI11,0.834538610691381,744,633
BKBR3,202010,BIDI4,0.903055855092496,685,633
BKBR3,202011,ABEV3,0.918842852101889,1025,622
BKBR3,202011,ALPA4,0.831410041840093,830,622
BKBR3,202011,ALPK3,0.929889839214465,269,622
BKBR3,202011,ANIM3,0.825183813313872,645,622
BKBR3,202011,BIDI11,0.893885812703866,726,622
BKBR3,202011,BIDI4,0.949584711906739,669,622
BKBR3,202012,ABEV3,0.912097593275133,1052,659
BKBR3,202012,ALPA4,0.763901302824484,837,659
BKBR3,202012,ALPK3,0.963162334748189,228,659
BKBR3,202012,ANIM3,0.872920768520022,733,659
BKBR3,202012,BIDI11,0.856227823845416,718,659
BKBR3,202012,BIDI4,0.928707104965588,666,659
BKBR3,202101,ABEV3,0.919964027632141,1092,653
BKBR3,202101,ALPK3,0.958178900797427,229,653
BKBR3,202101,ANIM3,0.83408092663477,761,653
BKBR3,202101,BIDI11,0.844433037297706,742,653
BKBR3,202101,BIDI4,0.937485182921159,632,653
BKBR3,202102,ABEV3,0.922205041827057,1107,629
BKBR3,202102,ALPK3,0.94893647473633,230,629
BKBR3,202102,ANIM3,0.813454202340656,796,629
BKBR3,202102,BIDI11,0.774436025052056,837,629
BKBR3,202102,BIDI4,0.892340182963506,662,629
BKBR3,202103,ABEV3,0.912579456852517,1126,667
BKBR3,202103,ALPK3,0.956161150489682,231,667
BKBR3,202103,ANIM3,0.821234494917303,756,667
BKBR3,202103,BIDI11,0.770142627339542,835,667
BKBR3,202103,BIDI3,0.719249744384077,333,667
BKBR3,202103,BIDI4,0.862319252049266,578,667
BKBR3,202104,ABEV3,0.923633328203804,1144,711
BKBR3,202104,ALPK3,0.953548476244244,232,711
BKBR3,202104,ANIM3,0.809318958723111,774,711
BKBR3,202104,BIDI3,0.726223496928523,332,711
BKBR3,202104,BIDI4,0.887749229067538,574,711
BKBR3,202105,ABEV3,0.905920935112334,1164,720
BKBR3,202105,ALPK3,0.945707821889796,239,720
BKBR3,202105,ANIM3,0.826843863307873,806,720
BKBR3,202105,BIDI3,0.736543298186528,337,720
BKBR3,202105,BIDI4,0.860594894996851,614,720
BKBR3,202106,ABEV3,0.891615234036403,1181,711
BKBR3,202106,ALPK3,0.946926764881709,236,711
BKBR3,202106,ANIM3,0.792998950081893,766,711
BKBR3,202106,BBDC4,0.730032656755677,1271,711
BKBR3,202106,BIDI3,0.74878743397782,324,711
BKBR3,202106,BIDI4,0.873528688255683,631,711
BKBR3,202107,ABEV3,0.89187594035631,1179,769
BKBR3,202107,ALPK3,0.941140802254832,238,769
BKBR3,202107,ANIM3,0.744915533479003,835,769
BKBR3,202107,BIDI3,0.736341368855916,330,769
BKBR3,202107,BIDI4,0.862650731048572,712,769
BKBR3,202108,ABEV3,0.883666154971351,1179,782
BKBR3,202108,ALPA4,0.710083395559709,948,782
BKBR3,202108,ALPK3,0.939849582826753,241,782
BKBR3,202108,ANIM3,0.749646249650571,875,782
BKBR3,202108,BIDI3,0.772495909941239,342,782
BKBR3,202108,BIDI4,0.848670254501496,778,782
BKBR3,202109,ABEV3,0.867706854987052,1236,756
BKBR3,202109,ALPK3,0.913373610972445,243,756
BKBR3,202109,ANIM3,0.717236108073434,882,756
BKBR3,202109,BIDI3,0.837244325068891,354,756
BKBR3,202109,BIDI4,0.720395451107828,833,756
BKBR3,202110,ABEV3,0.844585601122125,1296,691
BKBR3,202110,ALPK3,0.895742426838632,242,691
BKBR3,202110,BIDI3,0.755225116259997,422,691
BKBR3,202110,BIDI4,0.768062781653059,1148,691
BKBR3,202111,ABEV3,0.799166394153516,1320,664
BKBR3,202111,ALPA4,0.75954198073585,1321,664
BKBR3,202111,ALPK3,0.890226418782815,243,664
BKBR3,202111,ANIM3,0.707585748555068,851,664
BKBR3,202111,BIDI3,0.749724117969088,413,664
BKBR3,202111,BIDI4,0.741135036685718,1175,664
BKBR3,202112,ALPA4,0.780603595902892,1329,740
BKBR3,202112,ALPK3,0.901277721672208,248,740
BKBR3,202112,BIDI3,0.76090037421409,441,740
BKBR3,202112,BIDI4,0.761303349494203,1110,740
BLAU3,202107,AMBP3,0.805754581373166,719,621
BMGB4,202012,AGRO3,0.711852419096435,109,506
BMGB4,202106,ABCB4,0.755019101928473,535,592
BMGB4,202107,ABCB4,0.828168361249394,595,608
BMGB4,202107,BBRK3,0.764509880324126,442,608
BMGB4,202108,BBRK3,0.930442204172907,389,626
BMGB4,202109,BBRK3,0.837350134884155,383,617
BMGB4,202110,BBRK3,0.77138795998995,387,595
BMGB4,202111,BBRK3,0.745715256680755,382,534
BMGB4,202112,BBRK3,0.890479866015948,379,604
BMOB3,202106,BLAU3,0.759073779286701,615,588
BMOB3,202107,AMBP3,0.753424012223651,719,561
BMOB3,202107,BLAU3,0.780317447873,621,561
BPAC11,201704,BBRK3,0.743362763990603,81,62
BPAC11,201704,BBTG11,0.804210417873798,375,62
BPAC11,201705,BBRK3,0.797449399160589,81,60
BPAC11,201705,BBTG11,0.972061852730003,412,60
BPAC11,201706,BBRK3,0.78372889752867,85,65
BPAC11,201706,BBTG11,0.970668409596295,109,65
BPAC11,201707,BBTG11,0.828432255018421,104,65
BPAC11,201805,AZUL4,0.711311367722377,495,472
BPAC11,201806,AZUL4,0.783482623011346,507,433
BPAC11,201808,AZUL4,0.792013667361912,523,456
BPAC11,201809,AZUL4,0.798868895408321,573,515
BPAC11,201901,AALR3,0.730197134058693,456,490
BPAC11,201901,AZUL4,0.742769627417307,857,490
BPAC11,201902,AZUL4,0.818147474964066,865,559
BPAC11,201903,AZUL4,0.83496755666945,902,552
BPAC11,201904,AZUL4,0.749820817893481,881,583
BPAC11,201905,AZUL4,0.799094189903445,857,601
BPAC11,201906,AZUL4,0.797798291377263,978,676
BPAC11,201907,AZUL4,0.734440954408535,1016,793
BPAC11,201908,AZUL4,0.790604583730609,1062,795
BPAC11,201909,AZUL4,0.764346594169548,1033,918
BPAC11,201910,AZUL4,0.802032274746122,1054,955
BPAC11,201911,ALSO3,0.746988586496178,698,940
BPAC11,202007,B3SA3,0.701355580129316,1286,1174
BPAC11,202010,B3SA3,0.744370443804721,1290,1206
BPAC11,202011,B3SA3,0.754041205799921,1339,1214
BPAC11,202101,B3SA3,0.736316329690041,1423,1259
BPAC11,202102,B3SA3,0.756285501504293,1429,1330
BPAC11,202103,B3SA3,0.72815547821983,1461,1388
BPAC11,202104,B3SA3,0.734500485977571,1463,1418
BPAC5,202007,BPAC3,0.999544556608405,127,189
BPAC5,202008,BPAC3,0.99961787049191,148,458
BPAC5,202009,BPAC3,0.99964390996466,150,513
BPAC5,202010,BPAC3,0.999539999802525,160,524
BPAC5,202011,BPAC3,0.99893894028249,158,502
BPAC5,202012,BPAC3,0.999998063311928,162,464
BPAC5,202101,BPAC3,0.999998742071331,165,470
BPAC5,202103,BPAC3,0.827326532552539,248,553
BPAC5,202104,BPAC3,0.782005348054545,237,505
BPAC5,202105,AERI3,0.738331092295239,588,437
BPAN4,201904,BEEF11,0.77475684475694,78,59
BPAN4,202110,AMER3,0.722201748182114,1217,1139
BRAP4,201907,BPAC11,0.741675684391223,793,912
BRAP4,202106,BPAC5,0.77076347683339,435,1113
BRBI11,202107,ALPK3,0.717168270811382,238,554
BRBI11,202108,ABEV3,0.762980474086079,1179,512
BRBI11,202108,ALPK3,0.811791634419805,241,512
BRBI11,202108,BKBR3,0.782788244758262,782,512
BRBI11,202109,ABEV3,0.783423889196032,1236,524
BRBI11,202109,ALPK3,0.816783531751289,243,524
BRBI11,202109,BKBR3,0.766745242446874,756,524
BRBI11,202110,ABEV3,0.772104658193113,1296,556
BRBI11,202110,ALPK3,0.807768300688845,242,556
BRBI11,202110,BKBR3,0.743551369491158,691,556
BRBI11,202111,ABEV3,0.760800184656724,1320,549
BRBI11,202111,ALPA4,0.727292035729763,1321,549
BRBI11,202111,ALPK3,0.831842424879662,243,549
BRBI11,202111,BKBR3,0.760959599555599,664,549
BRBI11,202112,ALPA4,0.724311797503226,1329,531
BRBI11,202112,ALPK3,0.854146161762846,248,531
BRBI11,202112,BKBR3,0.774597642263425,740,531
BRDT3,201901,AZUL4,0.711707845917528,857,880
BRDT3,201901,BPAC11,0.872224256660541,490,880
BRDT3,201902,AZUL4,0.769148338810132,865,988
BRDT3,201903,BRAP4,0.733851086043257,980,985
BRDT3,201905,BRAP4,0.709760938756037,919,889
BRDT3,201906,BPAC11,0.755132162058306,676,850
BRDT3,201906,BRAP4,0.751555645090388,895,850
BRDT3,201909,B3SA3,0.748117993550592,1173,1115
BRDT3,201910,B3SA3,0.746333227578673,1200,1132
BRDT3,202107,BPAC11,0.726099109790968,1437,1404
BRDT3,202108,BPAC11,0.75155212477811,1449,1516
BRDT3,202109,BPAC11,0.717649177305364,1498,1532
BRFS3,201902,BRAP4,0.844646194276486,988,871
BRFS3,201903,BRAP4,0.766593964252406,980,856
BRFS3,201903,BRDT3,0.771985537831937,985,856
BRFS3,201905,BRAP4,0.729630791859241,919,947
BRFS3,201905,BRDT3,0.844240327940271,889,947
BRFS3,201906,BRAP4,0.718900504862288,895,949
BRFS3,201906,BRDT3,0.819004172718508,850,949
BRFS3,201907,BPAC11,0.728374466665883,793,973
BRFS3,201907,BRAP4,0.788560244988356,912,973
BRFS3,201908,BPAC11,0.739380640085466,795,981
BRFS3,201908,BRAP4,0.752987275696634,939,981
BRFS3,201909,AZUL4,0.709066312961256,1033,995
BRFS3,201909,BPAC11,0.772514225557959,918,995
BRFS3,201910,BPAC11,0.716205962051196,955,1004
BRFS3,201910,BRAP4,0.717879674793058,943,1004
BRFS3,202012,AERI3,0.833621160626755,575,1019
BRFS3,202101,AERI3,0.772698097088846,573,1083
BRFS3,202102,AERI3,0.736306905302033,620,1080
BRFS3,202103,AERI3,0.760628449706588,504,1087
BRFS3,202104,AERI3,0.767328263346048,506,1090
BRFS3,202105,AERI3,0.798619464045546,588,1091
BRFS3,202105,BPAC5,0.888761715427398,437,1091
BRFS3,202107,BPAC5,0.864486786489399,596,1102
BRIT3,202108,BIDI4,0.701805824755247,778,699
BRIT3,202109,BIDI3,0.736267013423408,354,715
BRIT3,202109,BIDI4,0.704441892213271,833,715
BRIT3,202109,BKBR3,0.825444076815239,756,715
BRIT3,202110,BIDI3,0.769024102649288,422,671
BRIT3,202110,BIDI4,0.782353027152238,1148,671
BRIT3,202110,BKBR3,0.829926834859087,691,671
BRIT3,202111,BIDI3,0.758656123180269,413,637
BRIT3,202111,BIDI4,0.758858140873279,1175,637
BRIT3,202111,BKBR3,0.81715169416644,664,637
BRIT3,202112,BIDI3,0.780257191074528,441,659
BRIT3,202112,BIDI4,0.783324512741258,1110,659
BRIT3,202112,BKBR3,0.8377067825048,740,659
BRIV3,201803,BRGE3,1,124,124
BRIV3,201804,BRGE3,1,124,124
BRIV3,201805,BRGE3,1,124,124
BRIV3,201806,BRGE3,1,123,123
BRIV3,201807,BRGE3,1,122,122
BRIV3,201808,BRGE3,1,122,122
BRIV3,201809,BRGE3,1,123,123
BRIV3,201810,BRGE3,1,166,166
BRIV3,201811,BRGE3,1,186,186
BRIV3,201812,BRGE3,1,191,191
BRIV3,201901,BRGE3,1,194,194
BRIV3,201902,BRGE3,1,194,194
BRIV3,201903,BRGE3,0.999999999999998,194,194
BRIV3,201904,BRGE3,1,194,194
BRIV3,201905,BRGE3,1,195,195
BRIV3,201906,BRGE3,1,192,192
BRIV3,201907,BRGE3,1,192,192
BRIV3,201908,BRGE3,1,196,196
BRIV3,201909,BRGE3,1,192,192
BRIV3,201910,BRGE3,1,190,190
BRIV3,201911,BRGE3,1,192,192
BRIV3,201912,BRGE3,1,188,188
BRIV3,202001,BRGE3,1,187,187
BRIV3,202002,BRGE3,1,186,186
BRIV3,202003,BRGE3,1,184,184
BRIV3,202004,BRGE3,1,196,196
BRIV3,202005,BRGE3,1,196,196
BRIV3,202006,BRGE3,1,197,197
BRIV3,202007,BRGE3,1,201,201
BRIV3,202008,BRGE3,1,202,202
BRIV3,202009,BRGE3,1,201,201
BRIV3,202010,BRGE3,1,203,203
BRIV3,202011,BRGE3,1,200,200
BRIV3,202012,BRGE3,1,210,210
BRIV3,202101,BRGE3,1,211,211
BRIV3,202102,BRGE3,1,212,212
BRIV3,202103,BRGE3,1,292,292
BRIV3,202104,BRGE3,1,311,311
BRIV3,202105,BRGE3,1,315,315
BRIV3,202106,BRGE3,1,313,313
BRIV3,202107,BRGE3,1,312,312
BRIV3,202108,BRGE3,1,318,318
BRIV3,202109,BRGE3,1,320,320
BRIV3,202110,BRGE3,1,319,319
BRIV3,202111,BRGE3,1,318,318
BRIV3,202112,BRGE3,1,321,321
BRKM5,201901,BRDT3,0.70785604437843,880,857
BRKM5,201904,BBSE3,0.727526547790581,800,852
BRKM5,202002,ABCB4,0.722477081147405,600,845
BRKM5,202102,BBTG11,0.759374802700991,56,969
BRKM5,202103,BBTG11,0.708079595460833,58,1011
BRKM5,202104,BBTG11,0.773967345889734,61,1027
BRKM5,202105,BBTG11,0.863300226599035,61,1058
BRKM5,202106,BBTG11,0.78147137005421,60,1041
BRML3,201705,BBDC4,0.875357644233007,1024,877
BRML3,201706,BBDC4,0.851839861030067,1043,958
BRML3,201707,BBDC4,0.786891731816679,1019,933
BRML3,201708,BBDC4,0.73205974986267,1004,917
BRML3,201709,BBDC4,0.860690432923111,1005,919
BRML3,201710,ALPA4,0.74449403722337,421,907
BRML3,201710,AMAR3,0.723856702576511,507,907
BRML3,201710,BBDC4,0.825046153237103,1023,907
BRML3,201711,ALPA4,0.807627854157791,467,912
BRML3,201711,AMAR3,0.774062177025468,484,912
BRML3,201712,ALPA4,0.829583617926589,487,916
BRML3,201712,BBDC4,0.702371087480625,1045,916
BRML3,201801,ALPA4,0.83682061855505,457,889
BRML3,201801,AMAR3,0.788647359582842,511,889
BRML3,201802,ALPA4,0.808407228702351,467,872
BRML3,201802,AMAR3,0.755946041863318,382,872
BRML3,201802,BBDC4,0.820039485937396,1024,872
BRML3,201803,ALPA4,0.827394520456011,465,868
BRML3,201803,AMAR3,0.744170299034073,382,868
BRML3,201803,BBDC4,0.772254690745242,1029,868
BRML3,201804,ALPA4,0.857335734441212,441,844
BRML3,201804,AMAR3,0.751603271219908,495,844
BRML3,201804,BBDC4,0.74427402795119,1065,844
BRML3,201805,ALPA4,0.890923368168255,449,843
BRML3,201805,AMAR3,0.826897381213121,196,843
BRML3,201805,ANIM3,0.709322482160701,448,843
BRML3,201806,ALPA4,0.874208600005734,432,868
BRML3,201806,AMAR3,0.81674793151799,194,868
BRML3,201806,ANIM3,0.757717007260464,423,868
BRML3,201806,BBDC4,0.736634570848303,1092,868
BRML3,201806,BIDI4,0.811440081462165,499,868
BRML3,201807,ALPA4,0.813391254330969,472,882
BRML3,201807,BBDC4,0.747227009873131,1084,882
BRML3,201807,BIDI4,0.707497803874144,498,882
BRML3,201808,ALPA4,0.852787226823388,403,904
BRML3,201808,ANIM3,0.794525698972662,463,904
BRML3,201808,BIDI4,0.767878821410318,496,904
BRML3,201809,ALPA4,0.817812137513176,394,860
BRML3,201809,ANIM3,0.746267789945123,428,860
BRML3,201809,BIDI4,0.75180118194615,498,860
BRML3,201810,ALPA4,0.774240177084034,398,860
BRML3,201811,ALPA4,0.780393067106497,397,992
BRML3,201811,BIDI4,0.702591039904975,494,992
BRML3,201812,ALPA4,0.849765696111119,406,992
BRML3,201812,ANIM3,0.704876689591036,412,992
BRML3,201812,BIDI4,0.761528127753291,505,992
BRML3,201901,ALPA4,0.877451215419199,433,968
BRML3,201901,ANIM3,0.789566217012979,403,968
BRML3,201901,BIDI4,0.814657333949183,460,968
BRML3,201902,ALPA4,0.92677146668782,599,984
BRML3,201902,ANIM3,0.783223490886265,522,984
BRML3,201902,BIDI4,0.850129274541833,485,984
BRML3,201903,ALPA4,0.936300015676215,547,964
BRML3,201903,ANIM3,0.789245634800001,502,964
BRML3,201903,BIDI4,0.858132860592713,497,964
BRML3,201904,ALPA4,0.94729495109721,547,963
BRML3,201904,ANIM3,0.799270914766238,493,963
BRML3,201905,ALPA4,0.928445480895947,551,982
BRML3,201905,ANIM3,0.808809707451885,491,982
BRML3,201906,ALPA4,0.914843980106738,590,982
BRML3,201906,ANIM3,0.798603998394095,445,982
BRML3,201906,BIDI4,0.788376027217151,612,982
BRML3,201907,ALPA4,0.903376524203316,623,1005
BRML3,201907,ANIM3,0.810777766890124,515,1005
BRML3,201907,BIDI4,0.741410271640114,559,1005
BRML3,201908,ALPA4,0.916980162921478,662,1061
BRML3,201908,ANIM3,0.791966337891755,589,1061
BRML3,201908,BIDI11,0.717603969501385,620,1061
BRML3,201908,BKBR3,0.873831753266304,564,1061
BRML3,201909,ALPA4,0.910865060679748,582,1037
BRML3,201909,ANIM3,0.810554084663847,552,1037
BRML3,201909,BKBR3,0.86857217492384,593,1037
BRML3,201910,ALPA4,0.902536631517314,592,1040
BRML3,201910,ANIM3,0.828952179672428,560,1040
BRML3,201910,BIDI11,0.781813006818221,708,1040
BRML3,201910,BKBR3,0.802951371779961,596,1040
BRML3,201911,ALPA4,0.892423029057596,603,1034
BRML3,201911,ANIM3,0.837525003666194,582,1034
BRML3,201911,BIDI11,0.860483699273518,681,1034
BRML3,201911,BKBR3,0.864582661238266,599,1034
BRML3,201912,ALPA4,0.865909949906997,624,987
BRML3,201912,ANIM3,0.825269076860264,597,987
BRML3,201912,BIDI11,0.836177204312959,679,987
BRML3,201912,BKBR3,0.888036264068375,608,987
BRML3,202001,ALPA4,0.818248915898635,642,1010
BRML3,202001,ANIM3,0.806525759436411,618,1010
BRML3,202001,BIDI11,0.771130207692665,653,1010
BRML3,202001,BKBR3,0.867340017528753,593,1010
BRML3,202002,ALPA4,0.738431667414408,692,1024
BRML3,202002,ANIM3,0.758930096175916,694,1024
BRML3,202002,BIDI11,0.723764134687974,715,1024
BRML3,202002,BKBR3,0.81814036990788,643,1024
BRML3,202003,ALPA4,0.716804775902671,684,1007
BRML3,202003,ANIM3,0.741413570843424,675,1007
BRML3,202003,BIDI11,0.741249534164594,670,1007
BRML3,202003,BKBR3,0.827214407048284,616,1007
BRML3,202004,ALPA4,0.7348122391785,737,1041
BRML3,202004,ANIM3,0.846271449432383,604,1041
BRML3,202004,AZUL4,0.717652036579957,986,1041
BRML3,202004,BIDI11,0.770716544720645,584,1041
BRML3,202004,BKBR3,0.876099854700693,625,1041
BRML3,202005,ALPA4,0.744214460325681,763,1029
BRML3,202005,ANIM3,0.900802883261693,656,1029
BRML3,202005,BIDI11,0.819065346841465,580,1029
BRML3,202005,BKBR3,0.924205039734313,647,1029
BRML3,202006,ALPA4,0.755980035222529,763,1044
BRML3,202006,ALPK3,0.752947437405855,394,1044
BRML3,202006,ANIM3,0.890577987553936,670,1044
BRML3,202006,BIDI11,0.826774541631857,588,1044
BRML3,202006,BKBR3,0.937949530138257,661,1044
BRML3,202007,ALPA4,0.720535203764419,765,1011
BRML3,202007,ALPK3,0.745652461269313,402,1011
BRML3,202007,ANIM3,0.891758428865294,689,1011
BRML3,202007,BIDI11,0.845337372912501,652,1011
BRML3,202007,BKBR3,0.945216219940525,667,1011
BRML3,202008,ABEV3,0.771335421104923,1048,1053
BRML3,202008,ALPA4,0.79684438922265,786,1053
BRML3,202008,ALPK3,0.790212111651477,407,1053
BRML3,202008,ANIM3,0.894041704120381,633,1053
BRML3,202008,BIDI11,0.851535752723832,721,1053
BRML3,202008,BKBR3,0.946381599758853,632,1053
BRML3,202009,ABEV3,0.869455710127635,1061,1064
BRML3,202009,ALPA4,0.787030366940984,797,1064
BRML3,202009,ALPK3,0.814028446396199,259,1064
BRML3,202009,ANIM3,0.86363424966782,630,1064
BRML3,202009,BIDI11,0.817793673345816,683,1064
BRML3,202009,BIDI4,0.858392121131922,619,1064
BRML3,202009,BKBR3,0.92628029927668,606,1064
BRML3,202010,ABEV3,0.871599245104354,1011,1056
BRML3,202010,ALPA4,0.770001258622882,817,1056
BRML3,202010,ALPK3,0.831199399009828,270,1056
BRML3,202010,ANIM3,0.866369663587813,645,1056
BRML3,202010,BIDI11,0.789952332392251,744,1056
BRML3,202010,BIDI4,0.838638602285689,685,1056
BRML3,202010,BKBR3,0.928492538327168,633,1056
BRML3,202011,ABEV3,0.883830979684048,1025,1073
BRML3,202011,ALPA4,0.780212358923157,830,1073
BRML3,202011,ALPK3,0.889489812067878,269,1073
BRML3,202011,ANIM3,0.779626292856757,645,1073
BRML3,202011,BIDI11,0.792480694970608,726,1073
BRML3,202011,BIDI4,0.869831843747192,669,1073
BRML3,202011,BKBR3,0.918490332132029,622,1073
BRML3,202012,ABEV3,0.882787217833641,1052,1103
BRML3,202012,ALPA4,0.71920845809568,837,1103
BRML3,202012,ALPK3,0.925497533265281,228,1103
BRML3,202012,ANIM3,0.846857399157207,733,1103
BRML3,202012,BIDI11,0.760137384725551,718,1103
BRML3,202012,BIDI4,0.858655961986902,666,1103
BRML3,202012,BKBR3,0.923159593996791,659,1103
BRML3,202101,ABEV3,0.882187588161341,1092,1129
BRML3,202101,ALPK3,0.908047645560958,229,1129
BRML3,202101,ANIM3,0.816283244795996,761,1129
BRML3,202101,BIDI11,0.723121409089585,742,1129
BRML3,202101,BIDI4,0.822900502519702,632,1129
BRML3,202101,BKBR3,0.886138186709514,653,1129
BRML3,202102,ABEV3,0.856874378592227,1107,1120
BRML3,202102,ALPK3,0.874268369473935,230,1120
BRML3,202102,ANIM3,0.775719285663925,796,1120
BRML3,202102,BIDI4,0.715190652519193,662,1120
BRML3,202102,BKBR3,0.843961972987157,629,1120
BRML3,202103,ABEV3,0.879521374386595,1126,1135
BRML3,202103,ALPK3,0.907400458394335,231,1135
BRML3,202103,ANIM3,0.815476679371295,756,1135
BRML3,202103,BKBR3,0.880244089738889,667,1135
BRML3,202104,ABEV3,0.859075527075746,1144,1182
BRML3,202104,ALPK3,0.871758959874812,232,1182
BRML3,202104,ANIM3,0.776811121133838,774,1182
BRML3,202104,BIDI4,0.722358097902173,574,1182
BRML3,202104,BKBR3,0.849353542427631,711,1182
BRML3,202105,ABEV3,0.866234496049725,1164,1212
BRML3,202105,ALPK3,0.869945030639395,239,1212
BRML3,202105,ANIM3,0.784841026501703,806,1212
BRML3,202105,BIDI4,0.707395660098208,614,1212
BRML3,202105,BKBR3,0.840930185028072,720,1212
BRML3,202106,ABEV3,0.861879986367091,1181,1205
BRML3,202106,ALPK3,0.887188973820688,236,1205
BRML3,202106,ANIM3,0.745012396191346,766,1205
BRML3,202106,BBDC4,0.709603000206909,1271,1205
BRML3,202106,BIDI4,0.713570544259737,631,1205
BRML3,202106,BKBR3,0.858591744061477,711,1205
BRML3,202107,ABEV3,0.848777336456685,1179,1205
BRML3,202107,ALPK3,0.870078151430976,238,1205
BRML3,202107,ANIM3,0.701644122478226,835,1205
BRML3,202107,BKBR3,0.84063208517893,769,1205
BRML3,202108,ABEV3,0.774704250223611,1179,1214
BRML3,202108,ALPK3,0.792729769458948,241,1214
BRML3,202108,BKBR3,0.766123056762161,782,1214
BRML3,202109,ABEV3,0.825728941891661,1236,1233
BRML3,202109,ALPK3,0.841916864164169,243,1233
BRML3,202109,BKBR3,0.78191742340416,756,1233
BRML3,202109,BRBI11,0.703027728645899,524,1233
BRML3,202110,ABEV3,0.831378514798062,1296,1247
BRML3,202110,ALPA4,0.736596784435546,1291,1247
BRML3,202110,ALPK3,0.862064695605424,242,1247
BRML3,202110,BKBR3,0.782263171658768,691,1247
BRML3,202110,BRBI11,0.710336085846388,556,1247
BRML3,202111,ABEV3,0.780520066065766,1320,1271
BRML3,202111,ALPA4,0.816200361641475,1321,1271
BRML3,202111,ALPK3,0.84778819430134,243,1271
BRML3,202111,BKBR3,0.763683847102938,664,1271
BRML3,202111,BRBI11,0.717072696034444,549,1271
BRML3,202112,ALPA4,0.785183165913295,1329,1311
BRML3,202112,ALPK3,0.81176796610099,248,1311
BRML3,202112,BKBR3,0.741979931277002,740,1311
BRML3,202112,BRBI11,0.703463772627646,531,1311
BRPR3,201808,BRGE3,0.755558541099132,122,440
BRPR3,201808,BRIV3,0.755558541099132,122,440
BRPR3,201809,BRGE3,0.763576047689097,123,422
BRPR3,201809,BRIV3,0.763576047689096,123,422
BRPR3,202007,AGRO3,0.855096490860059,271,650
BRPR3,202008,AGRO3,0.864867390378038,84,674
BRPR3,202008,BBDC3,0.775328382265995,948,674
BRPR3,202009,AGRO3,0.7925544147939,83,650
BRPR3,202009,BBDC3,0.80124991136226,928,650
BRPR3,202010,BBDC3,0.767200158767109,935,591
BRPR3,202011,BBDC3,0.748836400424086,953,511
BRPR3,202012,BBDC3,0.727371568576432,949,481
BRPR3,202101,BBDC3,0.725149328847117,1007,487
BRPR3,202102,BBDC3,0.765304697626837,1039,486
BRPR3,202103,BBDC3,0.704791396666774,1087,554
BRPR3,202112,BBDC3,0.700575234878361,1154,626
BRSR6,201705,AZUL4,0.889187394464007,526,649
BRSR6,201706,AZUL4,0.895198495564255,548,622
BRSR6,201707,AZUL4,0.908965827811269,559,636
BRSR6,201708,AZUL4,0.873920334714881,565,634
BRSR6,201709,AZUL4,0.831560036003096,564,609
BRSR6,201710,AZUL4,0.749350182479412,637,625
BRSR6,201711,AZUL4,0.755031041065911,615,620
BRSR6,201712,AZUL4,0.757502190201618,487,595
BRSR6,201801,AZUL4,0.756260839402953,511,615
BRSR6,201803,BPAC11,0.721955563216153,375,568
BRSR6,201804,AZUL4,0.755365584402563,572,593
BRSR6,201805,AZUL4,0.790799670244462,495,622
BRSR6,201805,BPAC11,0.793362489284697,472,622
BRSR6,201806,AZUL4,0.868456283491645,507,612
BRSR6,201806,BPAC11,0.800792240562727,433,612
BRSR6,201807,BPAC11,0.806607010822518,449,612
BRSR6,201807,BRAP4,0.733610434885501,910,612
BRSR6,201808,AZUL4,0.898901441935184,523,600
BRSR6,201808,BPAC11,0.798764450436598,456,600
BRSR6,201809,AZUL4,0.923342109163503,573,598
BRSR6,201809,BPAC11,0.794285467416187,515,598
BRSR6,201810,BRAP4,0.741159336446397,931,593
BRSR6,201811,AZUL4,0.72189131185864,768,644
BRSR6,201811,BRAP4,0.726481838331863,950,644
BRSR6,201812,BRAP4,0.790622011161835,963,639
BRSR6,201901,BRAP4,0.840186975142233,956,628
BRSR6,201902,BRAP4,0.869076493910711,988,658
BRSR6,201902,BRFS3,0.847285120028755,871,658
BRSR6,201903,BRAP4,0.782387337237056,980,627
BRSR6,201903,BRDT3,0.818160131806927,985,627
BRSR6,201903,BRFS3,0.859753780946584,856,627
BRSR6,201904,BRAP4,0.706604936884419,917,622
BRSR6,201905,BRAP4,0.728075963979923,919,593
BRSR6,201905,BRDT3,0.853173238114262,889,593
BRSR6,201905,BRFS3,0.890376657509309,947,593
BRSR6,201906,BRAP4,0.774300112457282,895,610
BRSR6,201906,BRDT3,0.884182256532811,850,610
BRSR6,201906,BRFS3,0.895395173240982,949,610
BRSR6,201907,BPAC11,0.760925288180696,793,657
BRSR6,201907,BRAP4,0.818556929693985,912,657
BRSR6,201907,BRFS3,0.849929441078912,973,657
BRSR6,201908,BPAC11,0.710477408250667,795,628
BRSR6,201908,BRAP4,0.851514872629674,939,628
BRSR6,201908,BRFS3,0.837373496362595,981,628
BRSR6,201909,BRAP4,0.793627349316147,901,594
BRSR6,201909,BRFS3,0.789438371374738,995,594
BRSR6,201910,BRAP4,0.745642247530577,943,628
BRSR6,201910,BRFS3,0.90671144498908,1004,628
BRSR6,201912,BRAP4,0.725714831551886,917,562
BRSR6,201912,BRFS3,0.830300393576443,922,562
BRSR6,202001,BRAP4,0.70284438872859,916,606
BRSR6,202001,BRFS3,0.898990911736228,923,606
BRSR6,202002,BRFS3,0.897301295314339,930,641
BRSR6,202003,BRFS3,0.777852548919968,921,629
BRSR6,202004,BRFS3,0.734338914812941,969,613
BRSR6,202006,AGRO3,0.85948738825976,80,631
BRSR6,202007,AGRO3,0.831046967491464,271,637
BRSR6,202007,BRPR3,0.798370478923059,650,637
BRSR6,202008,AGRO3,0.819375034707814,84,591
BRSR6,202008,BBDC3,0.750805620286987,948,591
BRSR6,202008,BRPR3,0.819001404377326,674,591
BRSR6,202009,AGRO3,0.701104637852839,83,470
BRSR6,202009,BBDC3,0.720340534251557,928,470
BRSR6,202009,BRPR3,0.784971420363708,650,470
BRSR6,202010,BRPR3,0.711312508107239,591,421
BRSR6,202112,BRKM5,0.769136353942974,1141,618
BSEV3,202105,ATOM3,0.999821488674455,23,24
BSEV3,202105,AZEV3,0.993546282850902,24,24
BSEV3,202106,ATOM3,0.999881331749634,23,23
BSEV3,202107,ATOM3,0.999899101704292,22,22
BSEV3,202107,AZEV4,0.999899101704292,22,22
BTOW3,201705,BRPR3,0.759501075110339,445,582
BTOW3,201801,BKBR3,0.706366097136155,369,601
BTOW3,201801,BRPR3,0.746236481591546,365,601
BTOW3,201802,AZUL4,0.733806261954917,581,641
BTOW3,201811,AZUL4,0.716323216587713,768,895
BTOW3,202011,BRFS3,0.835992737506221,994,982
BTOW3,202012,AERI3,0.853403647478279,575,972
BTOW3,202012,BRFS3,0.792665681411913,1019,972
BTOW3,202105,BPAC5,0.702176673815708,437,1087
BTOW3,202105,BRFS3,0.761430678785055,1091,1087
BVMF3,201704,BBDC4,0.767736240541331,1032,1107
BVMF3,201705,BBDC4,0.766759316045898,1024,1097
BVMF3,201706,BBDC4,0.769227748625319,1043,1095
BVMF3,201707,BBDC4,0.703862399033394,1019,1075
BVMF3,201708,BBDC4,0.700083182450828,1004,1090
BVMF3,201709,BBDC4,0.739015863469466,1005,1069
BVMF3,201710,BBDC4,0.748289799735844,1023,1082
BVMF3,201711,BBDC4,0.711150674837736,1040,1070
CAMB4,201708,BRAP3,0.794942190329905,412,20
CAMB4,201709,BRAP3,0.795996541502228,410,25
CAMB4,201710,BRAP3,0.804559349240669,436,25
CAMB4,201808,BRAP3,0.735848085355317,444,22
CAMB4,201809,BRAP3,0.716876292937807,444,22
CAML3,201811,ALPA4,0.700234297512089,397,506
CAML3,201812,ALPA4,0.898253708930361,406,462
CAML3,201812,ANIM3,0.735019235023797,412,462
CAML3,201812,BIDI4,0.827345927693426,505,462
CAML3,201812,BRML3,0.88330478435532,992,462
CAML3,201901,ALPA4,0.945639659339975,433,435
CAML3,201901,ANIM3,0.844078106348936,403,435
CAML3,201901,BIDI4,0.874341288973553,460,435
CAML3,201901,BRML3,0.924130188542195,968,435
CAML3,201902,ALPA4,0.950337562009159,599,488
CAML3,201902,ANIM3,0.79682813151441,522,488
CAML3,201902,BIDI4,0.877517004403547,485,488
CAML3,201902,BRML3,0.95789358849005,984,488
CAML3,201903,ALPA4,0.957071474066348,547,412
CAML3,201903,ANIM3,0.798629024681333,502,412
CAML3,201903,BIDI4,0.87159995461435,497,412
CAML3,201903,BRML3,0.963709082339798,964,412
CAML3,201904,ALPA4,0.95653865986273,547,402
CAML3,201904,ANIM3,0.799621172604344,493,402
CAML3,201904,BRML3,0.971551577797457,963,402
CAML3,201905,ALPA4,0.95548347520985,551,415
CAML3,201905,ANIM3,0.826794712220215,491,415
CAML3,201905,BRML3,0.960655814458411,982,415
CAML3,201906,ALPA4,0.941953151550086,590,445
CAML3,201906,ANIM3,0.822225716702721,445,445
CAML3,201906,BIDI4,0.792306010107775,612,445
CAML3,201906,BRML3,0.92735229176248,982,445
CAML3,201907,ALPA4,0.887046788801674,623,515
CAML3,201907,ANIM3,0.788971269689374,515,515
CAML3,201907,BRML3,0.861600248724357,1005,515
CAML3,201908,ALPA4,0.79847643302187,662,579
CAML3,201908,BKBR3,0.766743565374946,564,579
CAML3,201908,BRML3,0.810634970315769,1061,579
CARD3,202002,BEEF11,0.95503174767769,190,29
CARD3,202006,BEEF11,0.935034886234996,146,51
CARD3,202007,BEEF11,0.906320278120675,149,57
CARD3,202008,BEEF11,0.940993463293985,150,59
CARD3,202009,BEEF11,0.946536230851567,152,62
CARD3,202010,BEEF11,0.878946736563845,163,68
CARD3,202101,AVLL3,0.701630198599957,45,249
CARD3,202101,BEEF11,0.70666145588746,168,249
CARD3,202102,AVLL3,0.840919230607986,45,250
CARD3,202102,BEEF11,0.844121122914684,194,250
CARD3,202103,AVLL3,0.869087641337165,45,90
CARD3,202103,BEEF11,0.871317377613186,197,90
CCPR3,201709,BRGE3,0.713791388020497,129,144
CCPR3,201710,BRGE3,0.700920127525635,130,146
CCPR3,201711,BRGE3,0.713850961919232,129,146
CCPR3,201712,BRGE3,0.727390037828933,128,145
CCPR3,201801,BRGE3,0.716170771455605,125,143
CCPR3,201809,BRGE3,0.779077414806918,123,136
CCPR3,201809,BRIV3,0.779077414806917,123,136
CCPR3,201810,BRGE3,0.800655051573235,166,179
CCPR3,201810,BRIV3,0.800655051573235,166,179
CCPR3,201811,BRGE3,0.718836134885535,186,199
CCPR3,201811,BRIV3,0.718836134885536,186,199
CCPR3,201901,BRGE3,0.700166428405485,194,207
CCPR3,201901,BRIV3,0.700166428405485,194,207
CCPR3,201906,BRGE3,0.719544240573232,192,211
CCPR3,201906,BRIV3,0.719544240573231,192,211
CCPR3,201911,ABEV3,0.748377100355164,907,638
CCPR3,201912,ABEV3,0.797958854872052,896,611
CCPR3,202001,ABEV3,0.791949443117348,902,608
CCPR3,202002,BTOW3,0.703465235502959,947,565
CCPR3,202003,BTOW3,0.769637049255731,965,551
CCPR3,202006,ABEV3,0.714168021953998,1004,507
CCPR3,202102,BRPR3,0.736580543629427,486,550
CCPR3,202103,BRPR3,0.769787785465626,554,573
CCPR3,202104,BRPR3,0.785742931430101,615,587
CCPR3,202105,BRPR3,0.748705895397112,576,529
CCPR3,202106,BRPR3,0.811796238042301,586,445
CCPR3,202107,BRPR3,0.765769602035471,586,446
CCPR3,202108,BRPR3,0.753601976491006,558,504
CCRO3,201702,BRKM5,0.712518819469216,797,870
CCRO3,201806,BRAP4,0.722506106877928,895,837
CCRO3,201901,BPAC11,0.74057713460505,490,894
CCRO3,201901,BRDT3,0.775418439626968,880,894
CCRO3,201901,BRKM5,0.746474600682538,857,894
CCRO3,201902,BRKM5,0.770375837988946,924,924
CCRO3,201903,BRKM5,0.768683544828583,913,908
CCRO3,201907,BTOW3,0.721115009850945,843,868
CCRO3,201910,CCPR3,0.739192168823124,310,888
CCRO3,201911,ABEV3,0.757250784537236,907,868
CCRO3,201911,CCPR3,0.710485096468471,638,868
CCRO3,201912,ABEV3,0.798556256014033,896,861
CCRO3,202001,ABEV3,0.869333714645307,902,883
CCRO3,202001,CCPR3,0.767712029303966,608,883
CCRO3,202003,BTOW3,0.73898695145291,965,898
CCRO3,202003,CCPR3,0.808092341463337,551,898
CCRO3,202004,CCPR3,0.77727835514415,523,951
CCRO3,202005,CCPR3,0.914251723281404,505,942
CCRO3,202006,ABEV3,0.70437885755386,1004,972
CCRO3,202006,CCPR3,0.950049912750238,507,972
CCRO3,202007,CCPR3,0.912728387738254,515,966
CCRO3,202011,CCPR3,0.712256779447742,516,996
CCRO3,202105,BOAS3,0.741916635776509,270,1109
CCRO3,202106,BOAS3,0.727798794435353,302,1111
CCRO3,202107,BOAS3,0.707362785694374,371,1111
CCRO3,202108,BOAS3,0.708309186365709,247,1091
CCXC3,201702,BRGE3,0.908266415320145,133,26
CEAB3,201911,ABEV3,0.758088603717378,907,638
CEAB3,201911,CCPR3,0.932501251868738,638,638
CEAB3,201911,CCRO3,0.72052279777679,868,638
CEAB3,201912,ABEV3,0.807188314644625,896,618
CEAB3,201912,CCPR3,0.948593966494282,611,618
CEAB3,202001,ABEV3,0.786270866108856,902,622
CEAB3,202001,CCPR3,0.971027125013273,608,622
CEAB3,202001,CCRO3,0.779466539577185,883,622
CEAB3,202002,CCPR3,0.966677869861923,565,545
CEAB3,202003,BTOW3,0.723185326674845,965,572
CEAB3,202003,CCPR3,0.940282531258955,551,572
CEAB3,202003,CCRO3,0.805808410790121,898,572
CEAB3,202004,CCPR3,0.952234078002446,523,636
CEAB3,202004,CCRO3,0.772857801054212,951,636
CEAB3,202005,CCPR3,0.956510948656248,505,616
CEAB3,202005,CCRO3,0.894165600235517,942,616
CEAB3,202006,CCPR3,0.944230386451071,507,636
CEAB3,202006,CCRO3,0.914844069732076,972,636
CEAB3,202007,CCPR3,0.943356420308301,515,621
CEAB3,202007,CCRO3,0.870523313220604,966,621
CEAB3,202008,CCPR3,0.937841999940435,505,654
CEAB3,202009,CCPR3,0.928534913090177,505,591
CEAB3,202010,CCPR3,0.911742370929707,509,583
CEAB3,202011,CCPR3,0.911122091686294,516,608
CEAB3,202011,CCRO3,0.847990553603332,996,608
CEAB3,202012,CCPR3,0.859202235835534,517,633
CEAB3,202103,CCRO3,0.835415822743492,1115,635
CEAB3,202104,CCRO3,0.739825168840015,1116,723
CEAB3,202107,ASAI3,0.722189776480179,1204,767
CEAB3,202110,AGXY3,0.723672488987475,194,709
CEAB3,202111,AGXY3,0.79569394392308,192,722
CELP3,201702,BBTG11,0.7548980820367,469,72
CELP3,201703,BBTG11,0.808361909845484,398,72
CELP3,201704,BBRK3,0.804994216854594,81,72
CELP3,201704,BBTG11,0.870144813412162,375,72
CELP3,201704,BPAC11,0.907725414608922,62,72
CELP3,201705,BBRK3,0.816747255006793,81,72
CELP3,201705,BBTG11,0.951040586958347,412,72
CELP3,201705,BPAC11,0.971172676407478,60,72
CELP3,201706,BBRK3,0.802176229394931,85,76
CELP3,201706,BBTG11,0.951489517213789,109,76
CELP3,201706,BPAC11,0.972903123467714,65,76
CELP3,201707,BBTG11,0.967389496175968,104,76
CELP3,201707,BPAC11,0.867401831104472,65,76
CELP3,201708,BBRK3,0.767838767322614,80,75
CELP3,201708,BPAC11,0.90479840254815,64,75
CELP3,201709,BPAC11,0.963027332914946,237,73
CELP3,201710,BPAC11,0.911209227571266,274,72
CELP3,201711,BPAC11,0.791387623277362,276,75
CELP3,201712,BPAC11,0.880217593253637,326,66
CELP3,201801,BPAC11,0.892531093826518,327,68
CESP3,201702,BRIV3,0.981639869775549,134,57
CESP3,201703,BRIV3,0.983460416452965,135,57
CESP3,201704,BRIV3,0.9817088204734,137,55
CESP3,201705,BRIV3,0.987844244836506,134,53
CESP3,201706,BRIV3,0.986522785734504,131,56
CESP3,201707,BRIV3,0.983643956302141,130,52
CESP3,201708,BRIV3,0.982715969363291,131,52
CESP3,201709,BRIV3,0.981052643868638,130,37
CESP3,201710,BRIV3,0.980596972491096,131,36
CESP3,201711,BRIV3,0.985048572587535,130,34
CESP3,201712,BRIV3,0.980530894605243,129,32
CESP3,201801,BRIV3,0.981813694562969,126,29
CESP3,201802,BRIV3,0.98604941821975,125,29
CESP6,201702,BRSR6,0.742012651156546,627,811
CESP6,201704,BRSR6,0.716759818778256,657,788
CESP6,201706,BVMF3,0.72063370972087,1095,753
CESP6,201707,BVMF3,0.714806315617258,1075,754
CESP6,201708,BVMF3,0.717523656774039,1090,734
CESP6,201712,BRSR6,0.761121487343892,595,651
CESP6,201801,AZUL4,0.746706557180777,511,668
CESP6,201801,BRSR6,0.792035026680258,615,668
CESP6,201802,BRSR6,0.721490157801398,600,616
CESP6,201805,BPAC11,0.741912479529191,472,707
CESP6,201805,BRSR6,0.701561207107266,622,707
CESP6,201806,AZUL4,0.795496232780725,507,701
CESP6,201806,BPAC11,0.809650320412346,433,701
CESP6,201806,BRSR6,0.784785021933307,612,701
CESP6,201807,BPAC11,0.846019369356391,449,695
CESP6,201807,BRSR6,0.846040156834248,612,695
CESP6,201808,AZUL4,0.822226924742032,523,708
CESP6,201808,BPAC11,0.873637572580291,456,708
CESP6,201808,BRSR6,0.822840861297981,600,708
CESP6,201809,AZUL4,0.759448951406886,573,687
CESP6,201809,BPAC11,0.839960035228502,515,687
CESP6,201809,BRSR6,0.794956741189885,598,687
CESP6,201810,BRSR6,0.851240312624097,593,669
CESP6,201811,BRSR6,0.817318693452724,644,717
CESP6,201812,AZUL4,0.776384412035945,864,731
CESP6,201812,BRSR6,0.810940180229047,639,731
CESP6,201901,AZUL4,0.788371461328938,857,730
CESP6,201901,BRSR6,0.756376973869704,628,730
CESP6,201902,AZUL4,0.841254845672987,865,775
CESP6,201902,BRAP4,0.752176822171253,988,775
CESP6,201902,BRDT3,0.768264054971079,988,775
CESP6,201902,BRFS3,0.750141644217408,871,775
CESP6,201902,BRSR6,0.842109551662558,658,775
CESP6,201903,AZUL4,0.865863731158665,902,770
CESP6,201903,BRDT3,0.755114019749866,985,770
CESP6,201903,BRFS3,0.761656669855073,856,770
CESP6,201903,BRSR6,0.83952179944706,627,770
CESP6,201904,AZUL4,0.904139915258224,881,785
CESP6,201904,BPAC11,0.752219911289887,583,785
CESP6,201904,BRSR6,0.837073729568062,622,785
CESP6,201905,AZUL4,0.847974138698189,857,820
CESP6,201905,BPAC11,0.758301220520795,601,820
CESP6,201905,BRDT3,0.781349056938961,889,820
CESP6,201905,BRFS3,0.816238122172469,947,820
CESP6,201905,BRSR6,0.850473859962314,593,820
CESP6,201906,AZUL4,0.80575803564482,978,844
CESP6,201906,BPAC11,0.856503205335982,676,844
CESP6,201906,BRAP4,0.714459628192635,895,844
CESP6,201906,BRDT3,0.798837099110039,850,844
CESP6,201906,BRFS3,0.79862927994454,949,844
CESP6,201906,BRSR6,0.852902647486282,610,844
CESP6,201907,AZUL4,0.818516818719498,1016,882
CESP6,201907,BPAC11,0.864546094234326,793,882
CESP6,201907,BRAP4,0.754005447395142,912,882
CESP6,201907,BRFS3,0.756557678869061,973,882
CESP6,201907,BRSR6,0.845492025581665,657,882
CESP6,201908,AZUL4,0.761582920850845,1062,876
CESP6,201908,BPAC11,0.819859565061053,795,876
CESP6,201908,BRAP4,0.796749665247601,939,876
CESP6,201908,BRFS3,0.782113649557789,981,876
CESP6,201908,BRSR6,0.851809333285897,628,876
CESP6,201909,BRAP4,0.794829085181162,901,841
CESP6,201909,BRDT3,0.716045960901477,1115,841
CESP6,201909,BRFS3,0.737496504602142,995,841
CESP6,201909,BRSR6,0.874322692623993,594,841
CESP6,201910,BRAP4,0.783666663254098,943,873
CESP6,201910,BRFS3,0.791547911777444,1004,873
CESP6,201910,BRSR6,0.833262684493742,628,873
CESP6,201912,BRAP4,0.74893383805307,917,826
CESP6,202002,BRFS3,0.704518613409454,930,878
CGAS3,201702,ALPA3,0.881667262984272,57,206
CGAS3,201703,ALPA3,0.85530936613199,57,193
CGAS3,201709,AALR3,0.755676651650582,403,193
CGAS3,201709,BBRK3,0.760791456179423,178,193
CGAS3,201710,AALR3,0.732199160588983,418,194
CGAS3,201710,ALPA3,0.861252045941232,67,194
CGAS3,201710,BBRK3,0.774822327991276,274,194
CGAS3,201711,AALR3,0.708525754521029,441,197
CGAS3,201711,ALPA3,0.811245459530963,70,197
CGAS3,201711,BBRK3,0.746789224195343,284,197
CGAS3,201712,ALPA3,0.772713967193554,73,200
CGAS3,201801,BRIN3,0.995803490098241,25,146
CGAS3,201802,BRIN3,0.99716725261461,25,145
CGAS3,201803,BRIN3,0.997113525807507,25,145
CGAS3,201804,BRIN3,0.990887858494581,24,145
CGAS3,201805,BRIN3,0.994044235961567,25,146
CGAS3,201806,BRIN3,0.998472512331894,25,145
CGAS3,201807,BRIN3,0.999265099365636,25,144
CGAS3,201808,BRIN3,0.999142565279717,23,142
CGAS3,201809,BRIN3,0.999046029045984,24,144
CGAS3,201810,BRIN3,0.998948614036805,24,184
CGAS3,201811,BRIN3,0.999079796918439,26,206
CGAS3,201901,APER3,0.99894023994509,25,214
CGAS3,201902,APER3,0.99926513784257,26,220
CGAS3,201903,APER3,0.999133733301311,26,255
CGAS3,201904,APER3,0.999207114346289,26,254
CGAS3,201905,APER3,0.998540128440574,27,252
CGAS3,201906,APER3,0.999077098201902,27,244
CGAS3,201907,APER3,0.986383116325499,29,39
CGAS5,201702,ALPA4,0.920965250181007,558,547
CGAS5,201703,ALPA4,0.946321865220922,591,566
CGAS5,201704,ALPA4,0.955517667864595,589,562
CGAS5,201705,ALPA4,0.960826546517009,591,558
CGAS5,201705,ANIM3,0.723796527181026,310,558
CGAS5,201706,ALPA4,0.957343964474042,590,567
CGAS5,201706,AMAR3,0.83120781894103,487,567
CGAS5,201706,ANIM3,0.750271809414868,376,567
CGAS5,201707,ALPA4,0.950197133694358,552,558
CGAS5,201707,AMAR3,0.811534849865064,473,558
CGAS5,201708,ALPA4,0.975888748327666,559,311
CGAS5,201708,AMAR3,0.959321720656026,474,311
CGAS5,201708,ANIM3,0.744909996150647,323,311
CGAS5,201709,ALPA4,0.954817086472852,565,194
CGAS5,201709,AMAR3,0.924368491557311,487,194
CGAS5,201709,ANIM3,0.711829871016689,315,194
CGAS5,201710,ALPA4,0.953998757707105,421,219
CGAS5,201710,AMAR3,0.905395868870566,507,219
CGAS5,201711,ALPA4,0.938594318126966,467,358
CGAS5,201711,AMAR3,0.879363391473263,484,358
CGAS5,201711,BRML3,0.743621158639088,912,358
CGAS5,201712,ALPA4,0.845591820222909,487,414
CGAS5,201803,ABCB4,0.767125750359812,307,291
CGAS5,201804,ABCB4,0.757018430191794,439,388
CGAS5,201805,ABCB4,0.7310890778878,446,385
CGAS5,201812,ABCB4,0.779950410910814,433,287
CGAS5,201901,ABCB4,0.752995315478232,437,414
CGRA3,201702,BRGE3,0.99888525993591,133,135
CGRA3,201702,CCXC3,0.907253934358121,26,135
CGRA3,201703,BRGE3,0.997929558058,134,136
CGRA3,201704,BRGE3,0.99817158315471,136,138
CGRA3,201705,BRGE3,0.99831954493378,133,135
CGRA3,201706,BRGE3,0.998414561590407,130,132
CGRA4,201710,AGRO3,0.993477537622685,115,146
CGRA4,201711,AGRO3,0.995704146399033,117,145
CGRA4,201712,AGRO3,0.997707945442777,120,142
CGRA4,201801,AGRO3,0.997604528778051,114,140
CGRA4,201804,AGRO3,0.909506025598585,116,139
CGRA4,201805,AGRO3,0.942635740816932,120,128
CGRA4,201806,AGRO3,0.94100327516074,111,127
CGRA4,201807,AGRO3,0.938083054089686,378,126
CGRA4,201907,CEBR3,0.936269592667396,96,310
CGRA4,202009,BRGE3,0.916909268148734,201,351
CGRA4,202009,BRIV3,0.916909268148732,201,351
CIEL3,201702,CGAS5,0.701104080665737,547,979
CIEL3,201708,BBDC3,0.724871142386378,647,817
CIEL3,201810,AGRO3,0.710270553578646,377,760
CIEL3,201812,BPAC11,0.740303570647891,498,814
CIEL3,201902,ABEV3,0.730483385771825,938,880
CIEL3,201903,BRAP4,0.766430723528514,980,881
CIEL3,201905,BRFS3,0.70841673828376,947,861
CIEL3,201905,BRSR6,0.708725787329802,593,861
CIEL3,201911,AALR3,0.850151046339504,404,840
CIEL3,201911,ALSO3,0.863218818443616,698,840
CIEL3,201911,BPAC11,0.808392149785871,940,840
CIEL3,201912,AALR3,0.762553655727705,414,859
CLSC4,202006,BEEF11,0.992008871739554,146,31
CLSC4,202006,CARD3,0.92827973761943,51,31
CLSC4,202007,BEEF11,0.994097788347377,149,31
CLSC4,202007,CARD3,0.904708389599105,57,31
CLSC4,202008,BEEF11,0.99809855877431,150,179
CLSC4,202008,CARD3,0.94003191185684,59,179
CLSC4,202112,ARML3,0.780614948054416,710,93
CMIG3,201702,BRPR3,0.767437489031244,374,193
CMIG3,201705,BRAP4,0.865878355178664,868,254
CMIG3,201706,BRAP4,0.700197095154337,884,252
CMIG3,201709,BRPR3,0.883524571259019,477,271
CMIG3,201710,BRPR3,0.900679073216601,447,301
CMIG3,201711,BRPR3,0.894645682614603,422,314
CMIG3,201712,BRPR3,0.920943498557092,422,312
CMIG3,201801,BKBR3,0.882084022596178,369,313
CMIG3,201801,BRPR3,0.731760964779924,365,313
CMIG3,201801,BTOW3,0.741834019197051,601,313
CMIG3,201803,BRKM5,0.719818154494862,758,301
CMIG3,201807,AALR3,0.731039480997511,501,563
CMIG3,201808,AALR3,0.803500652945053,494,558
CMIG3,201809,AALR3,0.82708194389504,479,550
CMIG3,201810,AALR3,0.759005732696127,476,552
CMIG3,201810,BRDT3,0.761791010174913,517,552
CMIG3,201811,AALR3,0.726605146981575,485,660
CMIG3,201811,BRDT3,0.785360496098818,764,660
CMIG3,201812,AALR3,0.760532536888441,481,614
CMIG3,201812,BRDT3,0.856109899774852,827,614
CMIG3,201901,AALR3,0.858516759847466,456,616
CMIG3,201901,BPAC11,0.925586515292013,490,616
CMIG3,201901,BRDT3,0.800027759409393,880,616
CMIG3,201901,CCRO3,0.79318158122903,894,616
CMIG3,201902,AALR3,0.81798652003859,464,647
CMIG3,201902,BPAC11,0.874920002187775,559,647
CMIG3,201902,CCRO3,0.755623516419452,924,647
CMIG3,201903,AALR3,0.83392497975672,476,658
CMIG3,201903,BPAC11,0.830937334057776,552,658
CMIG3,201903,CCRO3,0.76738162160695,908,658
CMIG3,201904,AALR3,0.819610209580671,476,659
CMIG3,201904,AZUL4,0.763495584266632,881,659
CMIG3,201904,CCRO3,0.742862107833488,911,659
CMIG3,201905,AZUL4,0.878730151497047,857,649
CMIG3,201905,BPAC11,0.737097314874156,601,649
CMIG3,201905,BRSR6,0.732912261814643,593,649
CMIG3,201905,CESP6,0.842391693901845,820,649
CMIG3,201906,AZUL4,0.817785381805983,978,670
CMIG3,201906,BPAC11,0.83401793873653,676,670
CMIG3,201906,CESP6,0.788034556380644,844,670
CMIG3,201907,AZUL4,0.759720615858861,1016,678
CMIG3,201907,BPAC11,0.82131725960127,793,678
CMIG3,201907,CESP6,0.771292066206274,882,678
CMIG3,201908,AZUL4,0.832513414651421,1062,664
CMIG3,201908,BPAC11,0.806152962531539,795,664
CMIG3,201909,AZUL4,0.832183272102293,1033,656
CMIG3,201909,BPAC11,0.814717339966159,918,656
CMIG3,201909,BRFS3,0.818991546090106,995,656
CMIG3,201910,AZUL4,0.741279175657923,1054,694
CMIG3,201910,BPAC11,0.833122351909591,955,694
CMIG3,201910,BRFS3,0.892262928705907,1004,694
CMIG3,201910,BRSR6,0.819176347081226,628,694
CMIG3,201910,CESP6,0.732076227471212,873,694
CMIG3,201912,BRAP4,0.739570315217038,917,686
CMIG3,201912,BRFS3,0.787084392051145,922,686
CMIG3,201912,BRSR6,0.797888545545006,562,686
CMIG3,202001,BRAP4,0.705072851967298,916,680
CMIG3,202001,BRFS3,0.87189523575943,923,680
CMIG3,202001,BRSR6,0.870299748677213,606,680
CMIG3,202001,CESP6,0.737788515124095,853,680
CMIG3,202002,BRFS3,0.905161900303766,930,664
CMIG3,202002,BRSR6,0.853752450114035,641,664
CMIG3,202002,CESP6,0.779299107085828,878,664
CMIG3,202003,BRFS3,0.947750355773184,921,628
CMIG3,202003,BRSR6,0.76933199621921,629,628
CMIG3,202004,BRFS3,0.966207690561002,969,613
CMIG3,202004,BRSR6,0.716129028903977,613,613
CMIG3,202005,BRFS3,0.956902043631123,974,609
CMIG3,202006,BRFS3,0.954740890601946,977,604
CMIG3,202007,BRFS3,0.948498293338835,942,602
CMIG3,202008,BRFS3,0.946302151326971,1013,644
CMIG3,202009,BRFS3,0.971858890341635,1007,566
CMIG3,202010,BRFS3,0.977183569703386,999,541
CMIG3,202011,BRFS3,0.957363009145727,994,534
CMIG3,202011,BTOW3,0.845403332450376,982,534
CMIG3,202012,AERI3,0.962465726194899,575,524
CMIG3,202012,BRFS3,0.860670627507042,1019,524
CMIG3,202012,BTOW3,0.88534087139454,972,524
CMIG3,202101,AERI3,0.950268193533125,573,526
CMIG3,202101,BRFS3,0.810788843248825,1083,526
CMIG3,202101,BTOW3,0.713611587903611,1015,526
CMIG3,202102,AERI3,0.910582697182755,620,493
CMIG3,202102,BRFS3,0.822318194342389,1080,493
CMIG3,202103,AERI3,0.878038474069099,504,467
CMIG3,202103,BRFS3,0.860137254061479,1087,467
CMIG3,202104,AERI3,0.905885419468507,506,481
CMIG3,202104,BRFS3,0.835788653690717,1090,481
CMIG3,202105,AERI3,0.794133179321337,588,507
CMIG3,202105,BPAC5,0.88695366916115,437,507
CMIG3,202105,BRFS3,0.980541942865874,1091,507
CMIG3,202105,BTOW3,0.731108762616143,1087,507
CMIG3,202106,BRFS3,0.975158156886225,1104,479
CMIG3,202107,BPAC5,0.836387390811634,596,494
CMIG3,202107,BRFS3,0.953023245582527,1102,494
CMIG3,202108,BRFS3,0.940152562624968,1050,530
CMIG3,202110,AESB3,0.781258603011767,687,532
CMIG3,202110,BRFS3,0.742207263813108,1191,532
CMIG3,202111,AERI3,0.749841999399117,572,533
CMIG3,202111,AESB3,0.70446574190998,658,533
CMIG3,202111,BRFS3,0.706632837894971,1195,533
CMIG3,202112,AESB3,0.736474323010004,714,525
CMIG4,201706,BRPR3,0.701068099714482,504,792
CMIG4,201810,BBAS3,0.862358588497381,1044,873
CMIG4,201811,BBAS3,0.787036780759233,1148,1060
CMIG4,201812,BBAS3,0.743862893380629,1155,1075
CMIG4,201901,BBAS3,0.788410923066953,1175,1053
CMIG4,201902,BBAS3,0.741870035158778,1211,1032
CMIG4,201903,BRDT3,0.765583006027027,985,1013
CMIG4,201905,BRDT3,0.739973705984297,889,1019
CMIG4,201906,BRAP4,0.701755450512159,895,1019
CMIG4,201906,BRDT3,0.779998074734408,850,1019
CMIG4,201906,BRFS3,0.731238542402748,949,1019
CMIG4,201906,BRSR6,0.761170807793425,610,1019
CMIG4,201906,CESP6,0.714899661335029,844,1019
CMIG4,201907,BPAC11,0.703070591689842,793,995
CMIG4,201907,BRAP4,0.716309947669727,912,995
CMIG4,201907,BRSR6,0.776557051841488,657,995
CMIG4,201907,CESP6,0.722076263381219,882,995
CMIG4,201908,BRAP4,0.818651567863547,939,947
CMIG4,201908,BRFS3,0.734378995106066,981,947
CMIG4,201908,BRSR6,0.810624369078987,628,947
CMIG4,201908,CESP6,0.787061045366876,876,947
CMIG4,201909,BRAP4,0.799638688663934,901,946
CMIG4,201909,BRFS3,0.75152538609394,995,946
CMIG4,201909,BRSR6,0.883325427732637,594,946
CMIG4,201909,CESP6,0.835224520048389,841,946
CMIG4,201910,BRAP4,0.725191191918482,943,940
CMIG4,201910,BRFS3,0.836996478252551,1004,940
CMIG4,201910,BRSR6,0.878559031875718,628,940
CMIG4,201910,CESP6,0.772001961028611,873,940
CMIG4,201910,CMIG3,0.749660209315849,694,940
CMIG4,201912,BRFS3,0.715447722472831,922,913
CMIG4,201912,BRSR6,0.786981022649784,562,913
CMIG4,202001,BRFS3,0.722445273553678,923,920
CMIG4,202001,BRSR6,0.71678313541932,606,920
CMIG4,202002,BRFS3,0.729127736783978,930,946
CMIG4,202002,CMIG3,0.719720745962999,664,946
CMIN3,202105,CCRO3,0.710048856480418,1109,453
CMIN3,202106,CCRO3,0.707632663803677,1111,601
CMIN3,202107,CCRO3,0.701732677952971,1111,601
COCE5,202008,BPAN4,0.731984823992684,604,344
COCE5,202009,BPAN4,0.717010903969469,605,343
COCE5,202012,BPAN4,0.756101462020981,536,330
COCE5,202101,BPAN4,0.730083665429451,522,334
COGN3,202002,BTOW3,0.754235691527661,947,940
COGN3,202002,CCPR3,0.811052077248259,565,940
COGN3,202002,CEAB3,0.808517895196097,545,940
COGN3,202008,ABEV3,0.733055995002274,1048,1046
COGN3,202008,ANIM3,0.760475221110117,633,1046
COGN3,202008,BIDI11,0.735726112381282,721,1046
COGN3,202008,BKBR3,0.806602208061327,632,1046
COGN3,202008,BRML3,0.782805838375364,1053,1046
COGN3,202009,ABEV3,0.827486244992256,1061,1035
COGN3,202009,ALPA4,0.711512066382824,797,1035
COGN3,202009,ALPK3,0.761841965539906,259,1035
COGN3,202009,ANIM3,0.806370983401541,630,1035
COGN3,202009,BIDI11,0.765225592634954,683,1035
COGN3,202009,BIDI4,0.792429878972749,619,1035
COGN3,202009,BKBR3,0.861518009604626,606,1035
COGN3,202009,BRML3,0.827928548164724,1064,1035
COGN3,202010,ABEV3,0.783705514430363,1011,1019
COGN3,202010,ALPK3,0.736961261786434,270,1019
COGN3,202010,ANIM3,0.779675172106229,645,1019
COGN3,202010,BIDI11,0.708435638938651,744,1019
COGN3,202010,BIDI4,0.725334921607549,685,1019
COGN3,202010,BKBR3,0.810215538677961,633,1019
COGN3,202010,BRML3,0.775844702416987,1056,1019
COGN3,202011,ABEV3,0.793480531206809,1025,1018
COGN3,202011,ALPK3,0.797760622770325,269,1018
COGN3,202011,BIDI4,0.737446293179184,669,1018
COGN3,202011,BKBR3,0.805196745960941,622,1018
COGN3,202011,BRML3,0.782568151754425,1073,1018
COGN3,202012,ABEV3,0.793288335320467,1052,1004
COGN3,202012,ALPK3,0.837360263671291,228,1004
COGN3,202012,ANIM3,0.741697738007101,733,1004
COGN3,202012,BIDI4,0.708219181254545,666,1004
COGN3,202012,BKBR3,0.821373130613392,659,1004
COGN3,202012,BRML3,0.797116996068383,1103,1004
COGN3,202102,BEEF3,0.729119114806617,961,1026
COGN3,202103,ABEV3,0.70715473459943,1126,1051
COGN3,202103,BKBR3,0.709277223255336,667,1051
COGN3,202103,BRML3,0.717334845025578,1135,1051
COGN3,202106,ABEV3,0.7149001704379,1181,1082
COGN3,202106,ALPK3,0.708023164645316,236,1082
COGN3,202106,BKBR3,0.707619727223614,711,1082
COGN3,202106,BRML3,0.732517740515459,1205,1082
COGN3,202107,AZUL4,0.76200912471091,1074,1095
COGN3,202108,AZUL4,0.780104789213617,1077,1061
COGN3,202109,AALR3,0.831794238486596,494,1077
COGN3,202110,AALR3,0.781191137708955,450,1163
COGN3,202110,AZUL4,0.717110523241081,944,1163
CPFE3,201803,CAML3,0.742579840567974,410,628
CPFE3,201804,CAML3,0.746934034615084,502,705
CPFE3,201810,ABEV3,0.707071012689986,913,441
CPFE3,201811,ABEV3,0.702228634608658,930,448
CPFE3,201906,AZUL4,0.722646618095258,978,455
CPFE3,201906,BPAC11,0.706993389249273,676,455
CPFE3,201906,CMIG3,0.724993011093887,670,455
CPFE3,201907,ALSC3,0.740268715703102,640,912
CPFE3,201907,AZUL4,0.768365100384077,1016,912
CPFE3,201907,BPAC11,0.76033654079517,793,912
CPFE3,201907,CMIG3,0.848774350048065,678,912
CPFE3,201908,AZUL4,0.787520077382058,1062,878
CPFE3,201908,BPAC11,0.88569273152835,795,878
CPFE3,201908,CESP6,0.79843257657453,876,878
CPFE3,201908,CMIG3,0.873298367714584,664,878
CPFE3,201909,AZUL4,0.739829339214292,1033,837
CPFE3,201909,BPAC11,0.803753608488882,918,837
CPFE3,201909,BRAP4,0.734253182811413,901,837
CPFE3,201909,BRFS3,0.836379429855585,995,837
CPFE3,201909,BRSR6,0.764729850421358,594,837
CPFE3,201909,CESP6,0.766422737240439,841,837
CPFE3,201909,CMIG3,0.868696320222051,656,837
CPFE3,201909,CMIG4,0.795663276369005,946,837
CPFE3,201910,BRAP4,0.777756805563217,943,809
CPFE3,201910,BRFS3,0.719947574166923,1004,809
CPFE3,201910,CESP6,0.730907059797505,873,809
CPFE3,202002,CMIG3,0.708996621498735,664,876
CPFE3,202101,BOAS3,0.730434024916816,365,1032
CPFE3,202102,BOAS3,0.805684429316512,299,1045
CPFE3,202103,BOAS3,0.861394835733926,294,1087
CPFE3,202103,CMIN3,0.736270624550159,437,1087
CPFE3,202104,BOAS3,0.882645410831478,303,1092
CPFE3,202105,BOAS3,0.900351186686055,270,1066
CPFE3,202105,CCRO3,0.741265786607955,1109,1066
CPFE3,202106,BOAS3,0.826522829445419,302,1074
CPFE3,202106,CCRO3,0.782580146820846,1111,1074
CPFE3,202107,BOAS3,0.7583755625641,371,1064
CPFE3,202107,CCRO3,0.801845821125812,1111,1064
CPFE3,202108,BOAS3,0.738093389066078,247,1062
CPFE3,202108,CCRO3,0.817406939847163,1091,1062
CPFE3,202109,CCRO3,0.848144029872159,1142,1105
CPFE3,202110,CCRO3,0.840510315343041,1156,1172
CPFE3,202111,CCRO3,0.866934873283364,1188,1217
CPFE3,202112,CCRO3,0.860397228646276,1149,1214
CPLE3,201702,BRSR6,0.837150961279845,627,461
CPLE3,201703,BRSR6,0.848182412050724,694,463
CPLE3,201704,BRSR6,0.904731342327152,657,484
CPLE3,201705,AZUL4,0.810366778870895,526,388
CPLE3,201705,BRSR6,0.888322065471456,649,388
CPLE3,201706,AZUL4,0.761639925818494,548,399
CPLE3,201706,BRSR6,0.843864081763205,622,399
CPLE3,201707,AZUL4,0.840817684503321,559,392
CPLE3,201707,BRSR6,0.882094508783317,636,392
CPLE3,201708,AZUL4,0.788712620447398,565,387
CPLE3,201708,BRSR6,0.847702443075696,634,387
CPLE3,201709,AZUL4,0.769550900793526,564,388
CPLE3,201709,BRSR6,0.846118921877409,609,388
CPLE3,201710,BRSR6,0.712109523633627,625,392
CPLE3,201711,CMIG3,0.722537268167179,314,406
CPLE3,201712,AZUL4,0.821624605294767,487,394
CPLE3,201712,CMIG3,0.718286013896603,312,394
CPLE3,201802,BRSR6,0.73147922127382,600,341
CPLE3,201802,CESP6,0.806339436290835,616,341
CPLE3,201804,CMIG3,0.707305931950036,401,392
CPLE3,201807,BPAC11,0.724499031837981,449,418
CPLE3,201808,CMIG3,0.700515712063485,558,417
CPLE3,201809,CMIG3,0.73161762536787,550,417
CPLE3,201810,CMIG3,0.713839680036206,552,424
CPLE3,201811,CMIG3,0.728837920509831,660,414
CPLE3,201812,CMIG3,0.737000095852127,614,388
CPLE3,201901,CMIG3,0.745397705874802,616,386
CPLE3,201902,CGAS5,0.888865426918098,467,406
CPLE3,201902,CMIG3,0.701932992036189,647,406
CPLE3,201903,CMIG3,0.733826619649656,658,409
CPLE3,201905,CMIG3,0.711128101175713,649,446
CPLE3,201906,CCRO3,0.72199290137669,869,408
CPLE3,201906,CMIG3,0.715047751190964,670,408
CPLE3,201909,AALR3,0.751307930529834,474,413
CPLE3,201909,ALSO3,0.775285507176989,666,413
CPLE3,201910,AALR3,0.74148548213054,473,409
CPLE3,201910,ALSO3,0.772430569334343,682,409
CPLE3,201911,AALR3,0.757963323086501,404,326
CPLE3,201911,ALSO3,0.75830884225414,698,326
CPLE3,201911,CIEL3,0.809740348673367,840,326
CPLE3,201912,AALR3,0.767525506776881,414,331
CPLE3,201912,CIEL3,0.831916348218912,859,331
CPLE3,202001,AALR3,0.818623320854334,458,421
CPLE3,202001,ALSO3,0.711893052364216,841,421
CPLE3,202002,AALR3,0.882275440505112,460,451
CPLE3,202003,AALR3,0.888983944376535,457,447
CPLE3,202004,AALR3,0.918986832787701,408,445
CPLE3,202005,AALR3,0.926331319238409,403,450
CPLE3,202006,AALR3,0.868851209464692,395,458
CPLE3,202007,AALR3,0.946601682686637,401,461
CPLE3,202008,AALR3,0.954451542669738,402,465
CPLE3,202008,ALSO3,0.730577530603932,810,465
CPLE3,202009,AALR3,0.982774497039789,403,473
CPLE3,202009,ALSO3,0.760850458295906,803,473
CPLE3,202105,BMGB4,0.768881213320972,603,303
CPLE3,202106,BMGB4,0.838382765870919,592,312
CPLE3,202107,CARD3,0.787818496632488,83,267
CPLE3,202108,CARD3,0.755267703787512,69,295
CPLE6,201702,ABCB4,0.77620434459876,407,727
CPLE6,201703,ABCB4,0.791637594095325,442,753
CPLE6,201704,ABCB4,0.765715826182549,425,762
CPLE6,201706,ABCB4,0.702860213797666,415,705
CPLE6,201711,BRSR6,0.717212969750813,620,740
CPLE6,201804,ABCB4,0.748280564883389,439,725
CPLE6,202103,BRSR6,0.859340753910131,443,1040
CPLE6,202104,AALR3,0.871480571987066,416,749
CPLE6,202109,BRKM5,0.742974887715317,1078,1070
CPLE6,202110,BRKM5,0.750644443401234,1145,1150
CPRE3,201702,BRIN3,0.981133104722978,27,31
CPRE3,201809,AGRO3,0.935613716610351,375,432
CPRE3,201810,AGRO3,0.775051741606667,377,434
CPRE3,201810,CIEL3,0.823727211930182,760,434
CPRE3,201811,CESP3,0.955242830741344,31,22
CPRE3,201812,CESP3,0.944523016697881,31,25
CPRE3,201901,CESP3,0.829305575529108,32,25
CPRE3,201902,CESP3,0.919270067241358,32,26
CPRE3,201903,CESP3,0.83405568857192,30,27
CPRE3,202002,CESP3,0.793583569268852,29,166
CPRE3,202003,CESP3,0.805992861825413,31,166
CPRE3,202004,CESP3,0.840702138800524,32,165
CPRE3,202005,CESP3,0.836891352562699,32,163
CPRE3,202006,ALPA3,0.985777040302098,221,21
CRDE3,201702,BBTG11,0.729118438427714,469,190
CRDE3,201702,CELP3,0.923600513503836,72,190
CRDE3,201703,BBTG11,0.793531626218968,398,188
CRDE3,201703,CELP3,0.926391015295119,72,188
CRDE3,201704,BBRK3,0.746066162857795,81,186
CRDE3,201704,BBTG11,0.845447714110261,375,186
CRDE3,201704,BPAC11,0.804862866911094,62,186
CRDE3,201704,CELP3,0.92571413254774,72,186
CRDE3,201705,BBRK3,0.764500500035815,81,183
CRDE3,201705,BBTG11,0.948061955719489,412,183
CRDE3,201705,BPAC11,0.923536809178418,60,183
CRDE3,201705,CELP3,0.925837994922293,72,183
CRDE3,201706,BBRK3,0.74901193446829,85,187
CRDE3,201706,BBTG11,0.953679416505211,109,187
CRDE3,201706,BPAC11,0.928183612222834,65,187
CRDE3,201706,CELP3,0.924299229095211,76,187
CRDE3,201707,BBTG11,0.909459890251939,104,186
CRDE3,201707,BPAC11,0.928437080127532,65,186
CRDE3,201707,CELP3,0.931628431676089,76,186
CRDE3,201708,BBRK3,0.719169572591875,80,192
CRDE3,201708,BPAC11,0.894941225463316,64,192
CRDE3,201708,CELP3,0.928017690957774,75,192
CRDE3,201709,BPAC11,0.947698155618652,237,186
CRDE3,201709,CELP3,0.923522241276851,73,186
CRDE3,201710,BPAC11,0.906090952797845,274,185
CRDE3,201710,CELP3,0.921077718080732,72,185
CRDE3,201711,BPAC11,0.779979013944513,276,183
CRDE3,201711,CELP3,0.916997562993362,75,183
CRDE3,201712,BPAC11,0.864092077222881,326,182
CRDE3,201712,CELP3,0.926174016486392,66,182
CRDE3,201801,BPAC11,0.876712843383874,327,178
CRDE3,201801,CELP3,0.928540934347662,68,178
CRDE3,201802,CELP3,0.925686097796482,69,183
CRDE3,201803,CELP3,0.931653283478612,71,182
CRDE3,201804,CELP3,0.928497706092952,70,180
CRDE3,201805,CELP3,0.918465309052791,70,177
CRDE3,201806,CELP3,0.919595209531036,71,179
CRDE3,201807,CELP3,0.932327615408847,72,185
CRDE3,201808,CELP3,0.932448174026425,73,184
CRDE3,201809,CELP3,0.933045977103121,73,190
CRDE3,201810,CELP3,0.925380908989006,68,188
CRDE3,201811,CELP3,0.936625390558931,66,184
CRDE3,201812,CELP3,0.931098433301152,66,183
CRDE3,201901,CELP3,0.929030736314938,66,185
CRDE3,201902,CELP3,0.932785069735216,66,184
CRDE3,201903,CELP3,0.924240322788015,68,183
CRDE3,201904,CELP3,0.927916743605164,68,185
CRDE3,201905,CELP3,0.923048816347569,72,188
CRDE3,201906,CELP3,0.926954651995704,73,188
CRDE3,201907,CELP3,0.94284153677815,74,187
CRDE3,201908,CELP3,0.943002251734022,74,187
CRDE3,201909,CELP3,0.945613645863206,79,191
CRDE3,201910,CELP3,0.944911281861791,81,195
CRDE3,201911,CELP3,0.950978242179565,86,194
CRDE3,202012,CESP6,0.705007610708827,971,329
CRDE3,202103,BPAN4,0.768136713781431,655,341
CRDE3,202104,BPAN4,0.723860309450155,649,384
CRDE3,202105,CESP6,0.738874819177652,1028,388
CRDE3,202106,CESP6,0.751477037339719,1014,391
CRDE3,202107,CESP6,0.725085284613138,999,393
CRDE3,202108,CESP6,0.735167974907994,975,396
CRDE3,202108,CLSA3,0.721359689438388,629,396
CRDE3,202109,CESP6,0.788556465438155,1002,397
CRDE3,202109,CLSA3,0.705296942759235,582,397
CRDE3,202111,CESP6,0.752674149348803,1028,404
CRDE3,202111,CLSA3,0.784688496641412,491,404
CRDE3,202112,CESP6,0.803451442250686,1021,433
CRDE3,202112,CLSA3,0.773069813823647,500,433
CRFB3,201708,BBDC4,0.84634251482533,1004,651
CRFB3,201708,BRML3,0.779611810102726,917,651
CRFB3,201708,BVMF3,0.705260186834132,1090,651
CRFB3,201709,BBDC4,0.756582282774331,1005,700
CRFB3,201709,BRML3,0.777092232032023,919,700
CRFB3,201804,ALPA3,0.746558485300281,86,529
CRFB3,201804,BBRK3,0.709109274240609,379,529
CRFB3,201806,ALPA3,0.701018092874764,95,560
CRFB3,201807,ALPA3,0.798738318781425,97,583
CRFB3,201810,ALUP11,0.707842829755828,530,612
CRFB3,201811,AALR3,0.720924985596908,485,625
CRFB3,201811,BRDT3,0.7736395476453,764,625
CRFB3,201811,CMIG3,0.722234866285282,660,625
CRFB3,201812,AALR3,0.75308818320428,481,667
CRFB3,201812,BRDT3,0.793443364022948,827,667
CRFB3,201812,CMIG3,0.808807551167116,614,667
CRFB3,201906,ALPA3,0.712037843255674,80,590
CRFB3,201910,ALPA3,0.700258936670852,182,618
CRFB3,201911,ALPA3,0.760230027550205,178,621
CRFB3,201911,BIDI3,0.742402171271221,277,621
CRFB3,202002,CCPR3,0.717008481683522,565,848
CRFB3,202002,CEAB3,0.706299936721179,545,848
CRFB3,202003,BTOW3,0.716910167732446,965,844
CRFB3,202003,CCPR3,0.836948969302359,551,844
CRFB3,202003,CCRO3,0.871184996728382,898,844
CRFB3,202003,CEAB3,0.845340909356124,572,844
CRFB3,202004,CCPR3,0.786825206386244,523,906
CRFB3,202004,CCRO3,0.810947915020153,951,906
CRFB3,202004,CEAB3,0.781141177672454,636,906
CRFB3,202005,CCPR3,0.741612065931433,505,927
CRFB3,202005,CCRO3,0.709878205033228,942,927
CRFB3,202005,CEAB3,0.722403539896093,616,927
CRFB3,202006,CCPR3,0.824277237763816,507,946
CRFB3,202006,CCRO3,0.797732272997121,972,946
CRFB3,202006,CEAB3,0.785326391563832,636,946
CRFB3,202007,CCPR3,0.834211843551502,515,940
CRFB3,202007,CCRO3,0.78228277832802,966,940
CRFB3,202007,CEAB3,0.792741113048641,621,940
CRFB3,202008,BRDT3,0.766895836630457,1182,995
CRFB3,202009,BRDT3,0.799631487957749,1153,959
CRFB3,202108,AMER3,0.76641580180299,1035,1064
CRFB3,202109,AMER3,0.863562361278296,1170,1112
CRFB3,202110,AMER3,0.827202576039922,1217,1175
CRFB3,202111,BPAN4,0.700512585714275,1147,1205
CRIV3,201702,BRGE3,1,133,133
CRIV3,201702,CCXC3,0.908266415320145,26,133
CRIV3,201702,CGRA3,0.998885259935909,135,133
CRIV3,201703,BRGE3,1,134,134
CRIV3,201703,CGRA3,0.997929558058001,136,134
CRIV3,201704,BRGE3,1,136,136
CRIV3,201704,CGRA3,0.998171583154708,138,136
CRIV3,201705,BRGE3,1,133,133
CRIV3,201705,CGRA3,0.998319544933781,135,133
CRIV3,201706,BRGE3,1,130,130
CRIV3,201706,CGRA3,0.998414561590406,132,130
CRIV3,201707,BRGE3,1,129,129
CRIV3,201708,BRGE3,1,130,130
CRIV3,201709,BRGE3,1,129,129
CRIV3,201709,CCPR3,0.713791388020497,144,129
CRIV3,201710,BRGE3,1,130,130
CRIV3,201710,CCPR3,0.700920127525635,146,130
CRIV3,201711,BRGE3,1,129,129
CRIV3,201711,CCPR3,0.713850961919232,146,129
CRIV3,201712,BRGE3,1,128,128
CRIV3,201712,CCPR3,0.727390037828933,145,128
CRIV3,201801,BRGE3,1,125,125
CRIV3,201801,CCPR3,0.716170771455604,143,125
CRIV3,201802,BRGE3,1,124,124
CRIV3,201803,BRGE3,1,124,124
CRIV3,201803,BRIV3,1,124,124
CRIV3,201804,BRGE3,1,124,124
CRIV3,201804,BRIV3,1,124,124
CRIV3,201805,BRGE3,1,124,124
CRIV3,201805,BRIV3,1,124,124
CRIV3,201806,BRGE3,1,123,123
CRIV3,201806,BRIV3,1,123,123
CRIV3,201807,BRGE3,1,122,122
CRIV3,201807,BRIV3,1,122,122
CRIV3,201808,BRGE3,1,122,122
CRIV3,201808,BRIV3,1,122,122
CRIV3,201808,BRPR3,0.755558541099131,440,122
CRIV3,201809,BRGE3,1,123,123
CRIV3,201809,BRIV3,1,123,123
CRIV3,201809,BRPR3,0.763576047689096,422,123
CRIV3,201809,CCPR3,0.779077414806917,136,123
CRIV3,201810,BRGE3,1,166,166
CRIV3,201810,BRIV3,1,166,166
CRIV3,201810,CCPR3,0.800655051573234,179,166
CRIV3,201811,BRGE3,1,186,186
CRIV3,201811,BRIV3,1,186,186
CRIV3,201811,CCPR3,0.718836134885535,199,186
CRIV3,201812,BRGE3,1,191,191
CRIV3,201812,BRIV3,1,191,191
CRIV3,201901,BRGE3,1,194,194
CRIV3,201901,BRIV3,1,194,194
CRIV3,201901,CCPR3,0.700166428405486,207,194
CRIV3,201902,BRGE3,1,194,194
CRIV3,201902,BRIV3,1,194,194
CRIV3,201903,BRGE3,1,194,194
CRIV3,201903,BRIV3,1,194,194
CRIV3,201904,BRGE3,1,194,194
CRIV3,201904,BRIV3,1,194,194
CRIV3,201905,BRGE3,1,195,195
CRIV3,201905,BRIV3,1,195,195
CRIV3,201906,BRGE3,1,192,192
CRIV3,201906,BRIV3,1,192,192
CRIV3,201906,CCPR3,0.719544240573231,211,192
CRIV3,201907,BRGE3,1,192,192
CRIV3,201907,BRIV3,1,192,192
CRIV3,201908,BRGE3,1,196,196
CRIV3,201908,BRIV3,1,196,196
CRIV3,201909,BRGE3,1,192,192
CRIV3,201909,BRIV3,1,192,192
CRIV3,201910,BRGE3,1,190,190
CRIV3,201910,BRIV3,1,190,190
CRIV3,201911,BRGE3,1,192,192
CRIV3,201911,BRIV3,1,192,192
CRIV3,201912,BRGE3,1,188,188
CRIV3,201912,BRIV3,1,188,188
CRIV3,202001,BRGE3,1,187,187
CRIV3,202001,BRIV3,1,187,187
CRIV3,202002,BRGE3,1,186,186
CRIV3,202002,BRIV3,1,186,186
CRIV3,202003,BRGE3,1,184,184
CRIV3,202003,BRIV3,1,184,184
CRIV3,202004,BRGE3,1,196,196
CRIV3,202004,BRIV3,1,196,196
CRIV3,202005,BRGE3,1,196,196
CRIV3,202005,BRIV3,1,196,196
CRIV3,202006,BRGE3,1,197,197
CRIV3,202006,BRIV3,1,197,197
CRIV3,202007,BRGE3,1,201,201
CRIV3,202007,BRIV3,1,201,201
CRIV3,202008,BRGE3,1,202,202
CRIV3,202008,BRIV3,1,202,202
CRIV3,202009,BRGE3,1,201,201
CRIV3,202009,BRIV3,1,201,201
CRIV3,202009,CGRA4,0.916909268148732,351,201
CRIV3,202010,BRGE3,1,203,203
CRIV3,202010,BRIV3,1,203,203
CRIV3,202011,BRGE3,1,200,200
CRIV3,202011,BRIV3,1,200,200
CRIV3,202107,BRGE3,1,312,312
CRIV3,202107,BRIV3,1,312,312
CRIV3,202108,BRGE3,1,318,318
CRIV3,202108,BRIV3,1,318,318
CRIV3,202109,BRGE3,1,320,320
CRIV3,202109,BRIV3,1,320,320
CSAN3,201706,BEEF3,0.713715557149731,577,824
CSAN3,201710,CAML3,0.852084616753311,639,806
CSAN3,201711,CAML3,0.826780131151475,634,815
CSAN3,201712,CAML3,0.852081523125047,582,823
CSAN3,201801,CAML3,0.734956822143715,575,815
CSAN3,201802,CAML3,0.941864487409791,409,816
CSAN3,201803,CAML3,0.869775887133849,410,817
CSAN3,201803,CPFE3,0.714334857255187,628,817
CSAN3,201804,CPFE3,0.729052559437089,705,828
CSAN3,201810,CPFE3,0.725408592684577,441,840
CSAN3,201903,ALUP11,0.722984710790599,576,963
CSAN3,201904,ALUP11,0.744851596367795,612,933
CSAN3,201908,ALPA4,0.704666688191468,662,919
CSAN3,201908,ANIM3,0.713112668441674,589,919
CSAN3,201909,ALPA4,0.821850606143904,582,875
CSAN3,201909,ANIM3,0.801109114448692,552,875
CSAN3,201909,BIDI11,0.796976754144058,704,875
CSAN3,201909,BRML3,0.767941292622058,1037,875
CSAN3,201910,ALPA4,0.841107335747181,592,903
CSAN3,201910,ANIM3,0.792900336720291,560,903
CSAN3,201910,BIDI11,0.867557747041662,708,903
CSAN3,201910,BRML3,0.765855156072684,1040,903
CSAN3,201911,ALPA4,0.845287817529122,603,906
CSAN3,201911,ANIM3,0.790516915160398,582,906
CSAN3,201911,BIDI11,0.881500507286003,681,906
CSAN3,201911,BKBR3,0.705524971637159,599,906
CSAN3,201911,BRML3,0.775028023093742,1034,906
CSAN3,201912,ALPA4,0.86934595567967,624,862
CSAN3,201912,ANIM3,0.76594354047509,597,862
CSAN3,201912,BIDI11,0.932314807521469,679,862
CSAN3,201912,BKBR3,0.770573534064828,608,862
CSAN3,201912,BRML3,0.799388441301102,987,862
CSAN3,202001,ALPA4,0.78591776942599,642,865
CSAN3,202001,BIDI11,0.878443794218112,653,865
CSAN3,202002,ALPA4,0.706679171238988,692,871
CSAN3,202002,BIDI11,0.781091145778133,715,871
CSAN3,202002,BIDI3,0.709034322331935,123,871
CSAN3,202003,BBRK3,0.711764910808634,468,897
CSAN3,202003,BIDI4,0.832524007867701,496,897
CSAN3,202004,BBRK3,0.739830181840299,464,955
CSAN3,202004,BIDI3,0.701339736702703,125,955
CSAN3,202004,BIDI4,0.76880163709061,497,955
CSAN3,202005,BIDI3,0.777450402596864,138,947
CSAN3,202005,BIDI4,0.761228346029705,544,947
CSAN3,202006,BIDI3,0.778402714312417,142,980
CSAN3,202006,BIDI4,0.701616317563561,564,980
CSED3,202109,BIDI4,0.718657282913871,833,568
CSMG3,201703,BTOW3,0.712404925899523,572,723
CSMG3,201810,BRDT3,0.743459418801447,517,646
CSMG3,201810,CMIG3,0.706818123698766,552,646
CSMG3,201811,BRDT3,0.797014283579461,764,745
CSMG3,201811,CMIG3,0.704501069670245,660,745
CSMG3,201812,AZUL4,0.706014144932408,864,738
CSMG3,201812,BRDT3,0.817098776678364,827,738
CSMG3,201812,CMIG3,0.764419608810573,614,738
CSMG3,201901,AZUL4,0.737732099555324,857,678
CSMG3,201901,BPAC11,0.77816013291701,490,678
CSMG3,201901,BRDT3,0.801084216004463,880,678
CSMG3,201901,CMIG3,0.711073013455359,616,678
CSMG3,201902,AZUL4,0.773649987977244,865,763
CSMG3,201902,BPAC11,0.70711430266555,559,763
CSMG3,201902,BRDT3,0.702116726889995,988,763
CSMG3,201903,AZUL4,0.76747001058402,902,701
CSMG3,201903,BPAC11,0.76536772467454,552,701
CSMG3,201904,AZUL4,0.707807426029932,881,696
CSMG3,201904,BPAC11,0.728505560314574,583,696
CSMG3,201905,BRDT3,0.721152602485295,889,724
CSMG3,201906,BPAC11,0.745586593283579,676,738
CSMG3,201906,CMIG3,0.714522913703017,670,738
CSMG3,201907,BPAC11,0.742849057386041,793,755
CSMG3,201908,CMIG4,0.746858550557125,947,763
CSMG3,201908,CPFE3,0.729082460700243,878,763
CSMG3,201909,CMIG4,0.745529549726007,946,707
CSMG3,201910,BRAP4,0.716324784416341,943,685
CSMG3,201910,CMIG4,0.733721765423621,940,685
CSMG3,202010,BRSR6,0.737666469943285,421,673
CSMG3,202011,BRSR6,0.772410816545192,409,657
CSMG3,202012,BRSR6,0.741320481071867,382,662
CSMG3,202101,BRSR6,0.722639251823882,384,664
CSMG3,202102,BRSR6,0.701665543776083,394,672
CSMG3,202104,AERI3,0.702889015891779,506,626
CSMG3,202105,AERI3,0.704730378140461,588,613
CSMG3,202106,AERI3,0.728693233133792,632,651
CSMG3,202108,AERI3,0.721988401285367,600,599
CSMG3,202110,BRSR6,0.706612983720712,638,612
CSMG3,202111,BRSR6,0.75792090205977,575,582
CSMG3,202112,CMIG3,0.715799351699768,525,629
CSNA3,201906,CIEL3,0.753565459735182,780,779
CSNA3,202103,BRFS3,0.707291136335284,1087,1117
CSNA3,202106,BRFS3,0.742251091033567,1104,1122
CSNA3,202106,CMIG3,0.723753153253694,479,1122
CSNA3,202108,BRKM5,0.707685734045257,1040,1104
CSNA3,202110,CMIG3,0.754396209138937,532,1197
CSNA3,202111,CMIG3,0.799773027582726,533,1192
CSNA3,202112,CMIG3,0.837863886882607,525,1167
CTNM4,201702,BRGE3,0.99916919006637,133,134
CTNM4,201702,CCXC3,0.907511818559915,26,134
CTNM4,201702,CGRA3,0.998055376139399,135,134
CTNM4,201702,CRIV3,0.999169190066369,133,134
CTNM4,201703,BRGE3,0.998970116612048,134,135
CTNM4,201703,CGRA3,0.996901806983812,136,135
CTNM4,201703,CRIV3,0.998970116612048,134,135
CTNM4,201704,BRGE3,0.999213704748507,136,137
CTNM4,201704,CGRA3,0.997386725578698,138,137
CTNM4,201704,CRIV3,0.999213704748506,136,137
CTNM4,201705,BRGE3,0.999195426073627,133,134
CTNM4,201705,CGRA3,0.997516323057738,135,134
CTNM4,201705,CRIV3,0.999195426073626,133,134
CTNM4,201706,BRGE3,0.999333293188787,130,131
CTNM4,201706,CGRA3,0.997748911801781,132,131
CTNM4,201706,CRIV3,0.999333293188787,130,131
CTNM4,201707,BRGE3,0.999490769419148,129,130
CTNM4,201707,CRIV3,0.999490769419149,129,130
CTNM4,201708,BRGE3,0.999553971735896,130,131
CTNM4,201708,CRIV3,0.999553971735897,130,131
CTNM4,201709,BRGE3,0.999556572133563,129,130
CTNM4,201709,CCPR3,0.713474873028226,144,130
CTNM4,201709,CRIV3,0.999556572133563,129,130
CTNM4,201710,BRGE3,0.999584487733513,130,131
CTNM4,201710,CCPR3,0.700628886614821,146,131
CTNM4,201710,CRIV3,0.999584487733514,130,131
CTNM4,201711,BRGE3,0.999528133972039,129,130
CTNM4,201711,CCPR3,0.713514119901275,146,130
CTNM4,201711,CRIV3,0.999528133972039,129,130
CTNM4,201712,BRGE3,0.99962811814522,128,129
CTNM4,201712,CCPR3,0.727119534672518,145,129
CTNM4,201712,CRIV3,0.999628118145221,128,129
CTNM4,201801,BRGE3,0.999890275056676,125,126
CTNM4,201801,CCPR3,0.716092189658296,143,126
CTNM4,201801,CRIV3,0.999890275056675,125,126
CTNM4,201802,BRGE3,1,124,124
CTNM4,201802,CRIV3,1,124,124
CTNM4,201803,BRGE3,0.999980277466186,124,124
CTNM4,201803,BRIV3,0.999980277466187,124,124
CTNM4,201803,CRIV3,0.999980277466186,124,124
CTNM4,201804,BRGE3,0.999964524199121,124,125
CTNM4,201804,BRIV3,0.999964524199121,124,125
CTNM4,201804,CRIV3,0.999964524199122,124,125
CTNM4,201805,BRGE3,0.999977936888678,124,125
CTNM4,201805,BRIV3,0.999977936888678,124,125
CTNM4,201805,CRIV3,0.999977936888677,124,125
CTNM4,201806,BRGE3,0.999979150496278,123,124
CTNM4,201806,BRIV3,0.999979150496277,123,124
CTNM4,201806,CRIV3,0.999979150496277,123,124
CTNM4,201807,BRGE3,0.999979346282088,122,123
CTNM4,201807,BRIV3,0.999979346282089,122,123
CTNM4,201807,CRIV3,0.999979346282088,122,123
CTNM4,201808,BRGE3,0.999982374898914,122,123
CTNM4,201808,BRIV3,0.999982374898913,122,123
CTNM4,201808,BRPR3,0.755546371716662,440,123
CTNM4,201808,CRIV3,0.999982374898913,122,123
CTNM4,201809,BRGE3,0.999993375292773,123,124
CTNM4,201809,BRIV3,0.999993375292773,123,124
CTNM4,201809,BRPR3,0.763571383922572,422,124
CTNM4,201809,CCPR3,0.779072253647137,136,124
CTNM4,201809,CRIV3,0.999993375292773,123,124
CTNM4,201810,BRGE3,0.999993066933522,166,167
CTNM4,201810,BRIV3,0.999993066933522,166,167
CTNM4,201810,CCPR3,0.800649500578535,179,167
CTNM4,201810,CRIV3,0.999993066933521,166,167
CTNM4,201811,BRGE3,0.999959044142697,186,187
CTNM4,201811,BRIV3,0.999959044142698,186,187
CTNM4,201811,CCPR3,0.71880669433537,199,187
CTNM4,201811,CRIV3,0.999959044142697,186,187
CTNM4,201812,BRGE3,0.999978383177956,191,192
CTNM4,201812,BRIV3,0.999978383177956,191,192
CTNM4,201812,CRIV3,0.999978383177955,191,192
CTNM4,201901,BRGE3,0.999989501808207,194,195
CTNM4,201901,BRIV3,0.999989501808206,194,195
CTNM4,201901,CCPR3,0.700159077924032,207,195
CTNM4,201901,CRIV3,0.999989501808207,194,195
CTNM4,201902,BRGE3,0.99999300598877,194,195
CTNM4,201902,BRIV3,0.99999300598877,194,195
CTNM4,201902,CRIV3,0.99999300598877,194,195
CTNM4,201903,BRGE3,0.999989126016373,194,195
CTNM4,201903,BRIV3,0.999989126016373,194,195
CTNM4,201903,CRIV3,0.999989126016373,194,195
CTNM4,201904,BRGE3,0.999980994953377,194,195
CTNM4,201904,BRIV3,0.999980994953376,194,195
CTNM4,201904,CRIV3,0.999980994953377,194,195
CTNM4,201905,BRGE3,0.999972442172406,195,196
CTNM4,201905,BRIV3,0.999972442172406,195,196
CTNM4,201905,CRIV3,0.999972442172406,195,196
CTNM4,201906,BRGE3,0.999974500382588,192,193
CTNM4,201906,BRIV3,0.999974500382588,192,193
CTNM4,201906,CCPR3,0.719525892470386,211,193
CTNM4,201906,CRIV3,0.999974500382589,192,193
CTNM4,201907,BRGE3,0.999977896170605,192,193
CTNM4,201907,BRIV3,0.999977896170605,192,193
CTNM4,201907,CRIV3,0.999977896170607,192,193
CTNM4,201908,BRGE3,0.999980132682115,196,197
CTNM4,201908,BRIV3,0.999980132682115,196,197
CTNM4,201908,CRIV3,0.999980132682115,196,197
CTNM4,201909,BRGE3,0.999986654106961,192,193
CTNM4,201909,BRIV3,0.99998665410696,192,193
CTNM4,201909,CRIV3,0.999986654106961,192,193
CTNM4,201910,BRGE3,0.999989297599893,190,191
CTNM4,201910,BRIV3,0.999989297599894,190,191
CTNM4,201910,CRIV3,0.999989297599893,190,191
CTNM4,201911,BRGE3,0.999997954744262,192,193
CTNM4,201911,BRIV3,0.99999795474426,192,193
CTNM4,201911,CRIV3,0.999997954744262,192,193
CTNM4,201912,BRGE3,0.999998330886348,188,189
CTNM4,201912,BRIV3,0.999998330886346,188,189
CTNM4,201912,CRIV3,0.999998330886347,188,189
CTNM4,202001,BRGE3,0.999999051701764,187,188
CTNM4,202001,BRIV3,0.999999051701765,187,188
CTNM4,202001,CRIV3,0.999999051701765,187,188
CTNM4,202002,BRGE3,0.999999046134867,186,187
CTNM4,202002,BRIV3,0.999999046134868,186,187
CTNM4,202002,CRIV3,0.999999046134867,186,187
CTNM4,202003,BRGE3,0.999999745803718,184,185
CTNM4,202003,BRIV3,0.999999745803717,184,185
CTNM4,202003,CRIV3,0.999999745803717,184,185
CTNM4,202004,BRGE3,0.999999839328284,196,197
CTNM4,202004,BRIV3,0.999999839328285,196,197
CTNM4,202004,CRIV3,0.999999839328285,196,197
CTNM4,202005,BRGE3,0.999999870696792,196,197
CTNM4,202005,BRIV3,0.999999870696792,196,197
CTNM4,202005,CRIV3,0.999999870696793,196,197
CTNM4,202006,BRGE3,1,197,197
CTNM4,202006,BRIV3,1,197,197
CTNM4,202006,CRIV3,1,197,197
CTNM4,202007,BRGE3,1,201,201
CTNM4,202007,BRIV3,1,201,201
CTNM4,202007,CRIV3,1,201,201
CTNM4,202008,BRGE3,1,202,202
CTNM4,202008,BRIV3,1,202,202
CTNM4,202008,CRIV3,1,202,202
CTNM4,202009,BRGE3,1,201,201
CTNM4,202009,BRIV3,1,201,201
CTNM4,202009,CGRA4,0.916909268148733,351,201
CTNM4,202009,CRIV3,1,201,201
CTNM4,202010,BRGE3,1,203,203
CTNM4,202010,BRIV3,1,203,203
CTNM4,202010,CRIV3,1,203,203
CTNM4,202011,BRGE3,1,200,200
CTNM4,202011,BRIV3,1,200,200
CTNM4,202011,CRIV3,1,200,200
CTNM4,202012,BRGE3,1,210,210
CTNM4,202012,BRIV3,1,210,210
CTNM4,202101,BRGE3,1,211,211
CTNM4,202101,BRIV3,1,211,211
CTNM4,202102,BRGE3,0.999999999020303,212,212
CTNM4,202102,BRIV3,0.999999999020305,212,212
CTNM4,202103,BRGE3,0.999999999135331,292,292
CTNM4,202103,BRIV3,0.999999999135331,292,292
CTNM4,202104,BRGE3,0.999999978906064,311,311
CTNM4,202104,BRIV3,0.999999978906064,311,311
CTNM4,202105,BRGE3,0.999998815758087,315,317
CTNM4,202105,BRIV3,0.999998815758086,315,317
CTNM4,202106,BRGE3,0.999997421995414,313,315
CTNM4,202106,BRIV3,0.999997421995415,313,315
CTNM4,202107,BRGE3,0.999999037466468,312,314
CTNM4,202107,BRIV3,0.999999037466468,312,314
CTNM4,202107,CRIV3,0.999999037466467,312,314
CTNM4,202108,BRGE3,0.999999077011754,318,320
CTNM4,202108,BRIV3,0.999999077011753,318,320
CTNM4,202108,CRIV3,0.999999077011754,318,320
CTNM4,202109,BRGE3,0.999996946671568,320,322
CTNM4,202109,BRIV3,0.999996946671568,320,322
CTNM4,202109,CRIV3,0.999996946671568,320,322
CTNM4,202110,BRGE3,0.999996733461744,319,321
CTNM4,202110,BRIV3,0.999996733461745,319,321
CTNM4,202111,BRGE3,0.999997518890846,318,320
CTNM4,202111,BRIV3,0.999997518890844,318,320
CTNM4,202112,BRGE3,0.999365760203056,321,323
CTNM4,202112,BRIV3,0.999365760203057,321,323
CURY3,202010,CCPR3,0.893568451725611,509,573
CURY3,202010,CEAB3,0.827957489834349,583,573
CURY3,202011,CCPR3,0.895354307652996,516,561
CURY3,202011,CEAB3,0.83025516726982,608,561
CURY3,202012,CCPR3,0.798043935543646,517,562
CURY3,202012,CEAB3,0.843921762606376,633,562
CURY3,202101,CEAB3,0.849756236639541,598,574
CURY3,202102,CEAB3,0.851607104811447,613,622
CURY3,202103,CCRO3,0.772616271435155,1115,572
CURY3,202103,CEAB3,0.86965085534159,635,572
CURY3,202104,CCRO3,0.718022606046892,1116,577
CURY3,202104,CEAB3,0.897733812361397,723,577
CURY3,202105,CEAB3,0.888373356481436,761,612
CURY3,202106,CEAB3,0.880512941903811,828,593
CURY3,202107,ASAI3,0.717859179471503,1204,592
CURY3,202107,CEAB3,0.855842170656312,767,592
CVCB3,201704,CESP6,0.765814643550949,788,808
CVCB3,201801,ABEV3,0.748500884991115,880,847
CVCB3,201802,ABEV3,0.753096785339022,878,815
CVCB3,201803,ABEV3,0.704441863761787,906,818
CVCB3,201803,CPFE3,0.734448553802797,628,818
CVCB3,201804,CPFE3,0.74747828800116,705,857
CVCB3,201805,ABEV3,0.742180608447794,914,858
CVCB3,201805,CPFE3,0.756458400227736,712,858
CVCB3,201806,CPFE3,0.707684415553862,728,946
CVCB3,201807,ABEV3,0.735777208882297,923,971
CVCB3,201807,CPFE3,0.727226300050912,765,971
CVCB3,201808,ABEV3,0.724420460369739,948,945
CVCB3,201808,CPFE3,0.811860338041189,715,945
CVCB3,201809,CPFE3,0.839078942962374,456,893
CVCB3,201810,ABEV3,0.739840776695624,913,901
CVCB3,201810,CPFE3,0.827976312987898,441,901
CVCB3,201811,CPFE3,0.808828415699248,448,988
CVCB3,201812,CPFE3,0.765004043527259,454,988
CVCB3,201901,CSAN3,0.733155145998325,876,985
CVCB3,201902,CSAN3,0.760236376830889,976,1000
CVCB3,201903,CSAN3,0.749993831862799,963,979
CVCB3,201904,ALUP11,0.719435107594163,612,979
CVCB3,201904,CSAN3,0.738012351470781,933,979
CVCB3,201905,ALUP11,0.802006741752569,532,971
CVCB3,201906,ALUP11,0.804722802049171,531,967
CVCB3,201907,ALUP11,0.826911509173467,628,980
CVCB3,201908,ALUP11,0.763882885999956,653,1057
CVCB3,202004,AGRO3,0.797935115138827,52,907
CVCB3,202007,BRAP4,0.817867288244272,1011,910
CVCB3,202009,BRAP4,0.726580369312622,1028,958
CXSE3,202107,CCRO3,0.701332715142776,1111,470
CXSE3,202107,CPFE3,0.727113737376165,1064,470
CXSE3,202108,CCRO3,0.704449361130201,1091,463
CXSE3,202108,CPFE3,0.709303781149246,1062,463
CXSE3,202109,BOAS3,0.704669447498588,269,427
CXSE3,202110,BOAS3,0.736473622844383,494,481
CXSE3,202110,CPFE3,0.714227446187862,1172,481
CXSE3,202111,BOAS3,0.731420940019141,469,417
CXSE3,202111,CCRO3,0.750538283214677,1188,417
CXSE3,202111,CPFE3,0.708656073170253,1217,417
CYRE3,201806,ANIM3,0.702882052276025,423,876
CYRE3,201808,ALPA4,0.761608627077729,403,965
CYRE3,201808,ANIM3,0.771757672398733,463,965
CYRE3,201808,BIDI4,0.706654837058886,496,965
CYRE3,201808,BRML3,0.73267590582034,904,965
CYRE3,201809,ALPA4,0.802036540774661,394,947
CYRE3,201809,BIDI4,0.70506819234444,498,947
CYRE3,201809,BRML3,0.729866897873257,860,947
CYRE3,201810,ALPA4,0.75819275524737,398,933
CYRE3,201810,BRML3,0.727993867237727,860,933
CYRE3,201811,ALPA4,0.706414535882283,397,966
CYRE3,201907,BTOW3,0.74437366736238,843,985
CYRE3,201907,CCRO3,0.726431403951637,868,985
CYRE3,201908,CCRO3,0.829933174956459,873,999
CYRE3,201912,ALSO3,0.725512014172706,706,937
CYRE3,201912,CIEL3,0.825566160532946,859,937
CYRE3,202001,AALR3,0.705284918374137,458,948
CYRE3,202001,ALSO3,0.768612361716807,841,948
CYRE3,202002,AALR3,0.722227209220132,460,968
CYRE3,202002,ALSO3,0.783155637137177,790,968
CYRE3,202003,ALSO3,0.856409040635455,777,996
CYRE3,202109,CURY3,0.70854817066496,637,1277
CYRE3,202111,CURY3,0.748158568806094,758,1329
CYRE3,202112,CURY3,0.72861800106163,791,1345
DESK3,202108,ABEV3,0.720264317229318,1179,677
DESK3,202108,ALPK3,0.737141497899786,241,677
DESK3,202108,BKBR3,0.713213770331334,782,677
DESK3,202109,ABEV3,0.722028977258375,1236,688
DESK3,202109,ALPK3,0.726454066534366,243,688
DESK3,202111,ALPK3,0.743072708468269,243,660
DESK3,202112,ALPK3,0.735918184777181,248,673
DEXP3,202107,CARD3,0.763940321713152,83,99
DEXP3,202107,CPLE3,0.944429984483888,267,99
DEXP3,202108,CARD3,0.735591012427814,69,100
DEXP3,202108,CPLE3,0.942436040952427,295,100
DEXP3,202109,CARD3,0.716661134440558,107,96
DEXP3,202109,CPLE3,0.804679912870642,326,96
DEXP3,202110,CPLE3,0.834017181077956,276,433
DEXP3,202111,CAML3,0.821058082054906,441,405
DEXP3,202111,CPLE3,0.817973365699072,261,405
DEXP3,202112,CAML3,0.867410125998269,553,494
DEXP3,202112,CPLE3,0.722303026711848,272,494
DIRR3,201703,AMAR3,0.782874832075843,337,471
DIRR3,201703,ARZZ3,0.754545914689639,530,471
DIRR3,201801,AGRO3,0.840102854491758,114,332
DIRR3,201801,CGRA4,0.840619076414359,140,332
DIRR3,201802,CGRA4,0.855928949065934,139,342
DIRR3,201803,CGRA4,0.944207731659601,139,358
DIRR3,201804,AGRO3,0.872796729373912,116,380
DIRR3,201804,CGRA4,0.938302213468602,139,380
DIRR3,201805,AGRO3,0.909745618265657,120,376
DIRR3,201805,CGRA4,0.953914248868159,128,376
DIRR3,201806,AGRO3,0.931029129209236,111,370
DIRR3,201806,CGRA4,0.987858749387255,127,370
DIRR3,201807,AGRO3,0.946914975958624,378,380
DIRR3,201807,CGRA4,0.982205279613876,126,380
DIRR3,201808,CGRA4,0.98605408227458,126,408
DIRR3,201809,CGRA4,0.9833131724983,127,393
DIRR3,201810,CGRA4,0.939591700471243,170,364
DIRR3,201811,BRPR3,0.727071481735451,489,409
DIRR3,201903,BRPR3,0.836820221062057,461,265
DIRR3,201904,BRPR3,0.907671027817876,440,210
DIRR3,201905,BRPR3,0.82353974595578,439,108
DIRR3,201906,BRPR3,0.722939878718664,364,116
DIRR3,201907,BRPR3,0.700121795170651,401,362
DIRR3,202003,AGRO3,0.913970831599026,33,431
DIRR3,202004,AGRO3,0.968834891637303,52,456
DIRR3,202004,CVCB3,0.792572424588514,907,456
DIRR3,202005,AGRO3,0.954095030370595,52,487
DIRR3,202006,AGRO3,0.91325759928471,80,491
DIRR3,202006,BRSR6,0.845012936679568,631,491
DIRR3,202007,AGRO3,0.890097322483024,271,525
DIRR3,202007,BBDC3,0.715430802692776,882,525
DIRR3,202007,BRPR3,0.880177288816419,650,525
DIRR3,202007,BRSR6,0.835498447984579,637,525
DIRR3,202008,AGRO3,0.843143299370202,84,480
DIRR3,202008,BBDC3,0.745207072936402,948,480
DIRR3,202008,BRPR3,0.871070546773855,674,480
DIRR3,202008,BRSR6,0.815709249860313,591,480
DIRR3,202009,AGRO3,0.759851081869047,83,494
DIRR3,202009,BBDC3,0.747939048829828,928,494
DIRR3,202009,BRPR3,0.848341155994212,650,494
DIRR3,202009,BRSR6,0.772639248867145,470,494
DIRR3,202010,BRPR3,0.819614781798927,591,519
DIRR3,202011,BBDC3,0.721248529363975,953,521
DIRR3,202011,BRPR3,0.876177402455498,511,521
DIRR3,202012,BBDC3,0.708289886044357,949,495
DIRR3,202012,BRPR3,0.879947668530663,481,495
DIRR3,202101,BRPR3,0.875464282977301,487,503
DIRR3,202102,BBDC3,0.76326390522424,1039,523
DIRR3,202102,BRPR3,0.908331532913721,486,523
DIRR3,202102,CCPR3,0.730845310599297,550,523
DIRR3,202103,BBDC3,0.701052450535163,1087,472
DIRR3,202103,BRPR3,0.903453407082841,554,472
DIRR3,202103,CCPR3,0.760642440091602,573,472
DIRR3,202104,BRPR3,0.904997829562793,615,544
DIRR3,202104,CCPR3,0.784618589086011,587,544
DIRR3,202105,BRPR3,0.873369408505119,576,547
DIRR3,202105,CCPR3,0.733125587870348,529,547
DIRR3,202106,BRPR3,0.882196450086433,586,583
DIRR3,202106,CCPR3,0.737298449843277,445,583
DIRR3,202107,BRPR3,0.912933340573505,586,609
DIRR3,202107,CCPR3,0.709449316692306,446,609
DIRR3,202108,ALSO3,0.748540638073638,873,635
DIRR3,202108,BRPR3,0.729924239730881,558,635
DIRR3,202109,ALSO3,0.807380838848529,821,651
DIRR3,202110,ALSO3,0.793774766782433,785,655
DMMO3,202102,BEEF3,0.753091783175815,961,206
DMMO3,202102,COGN3,0.808050365105716,1026,206
DMMO3,202103,AZUL4,0.75257980810215,1043,283
DMMO3,202106,BBRK3,0.842429136473926,436,380
DMMO3,202107,BBRK3,0.903644114183903,442,51
DMMO3,202107,BMGB4,0.78307483819029,608,51
DMMO3,202108,BBRK3,0.869715016145924,389,53
DMMO3,202108,BMGB4,0.820240419932996,626,53
DMMO3,202110,AZEV4,0.992275544578894,34,49
DMMO3,202111,AZEV4,0.993046199508289,23,51
DMVF3,202010,CAMB3,0.730412133693216,158,267
DMVF3,202012,BPAC3,0.800699612857032,162,246
DMVF3,202012,BPAC5,0.800725520211764,464,246
DOTZ3,202110,CARD3,0.751430440494516,489,194
DOTZ3,202111,CARD3,0.874465537440283,427,189
DOTZ3,202112,CARD3,0.882164421338574,500,332
DTEX3,201703,CIEL3,0.825877577509759,930,556
DTEX3,201810,BRDT3,0.76781234091265,517,515
DTEX3,201810,CMIG3,0.720360380986168,552,515
DTEX3,201811,BRDT3,0.81960738971191,764,609
DTEX3,201811,CMIG3,0.789245291834392,660,609
DTEX3,201811,CRFB3,0.715668709116589,625,609
DTEX3,201811,CSMG3,0.732887951847396,745,609
DTEX3,201812,BRDT3,0.851320684072582,827,625
DTEX3,201812,CMIG3,0.856530899974479,614,625
DTEX3,201812,CRFB3,0.815663461415696,667,625
DTEX3,201812,CSMG3,0.777677434533544,738,625
DTEX3,201901,AALR3,0.76637416108355,456,614
DTEX3,201901,BPAC11,0.837065659834173,490,614
DTEX3,201901,BRDT3,0.814469206112271,880,614
DTEX3,201901,CCRO3,0.824293736479565,894,614
DTEX3,201901,CMIG3,0.886853264806089,616,614
DTEX3,201901,CSMG3,0.780160713197185,678,614
DTEX3,201902,AALR3,0.723415545178413,464,669
DTEX3,201902,BPAC11,0.786311192296456,559,669
DTEX3,201902,CCRO3,0.782449001297694,924,669
DTEX3,201902,CMIG3,0.883762345854041,647,669
DTEX3,201903,AALR3,0.722708548390841,476,573
DTEX3,201903,BPAC11,0.788044153089182,552,573
DTEX3,201903,CCRO3,0.753756270144451,908,573
DTEX3,201903,CMIG3,0.841109120385615,658,573
DTEX3,201904,AALR3,0.724393307461569,476,573
DTEX3,201904,CCRO3,0.747227035102396,911,573
DTEX3,201904,CMIG3,0.873921646314865,659,573
DTEX3,201905,AALR3,0.708277676693229,482,476
DTEX3,201905,CCRO3,0.730039475872409,927,476
DTEX3,201905,CPLE3,0.87849069456039,446,476
DTEX3,201906,CCRO3,0.833632359953727,869,492
DTEX3,201906,CMIG3,0.707508487853352,670,492
DTEX3,201906,CPLE3,0.879006660145778,408,492
DTEX3,201907,AALR3,0.805722261298742,480,584
DTEX3,201907,ALSC3,0.860743220011489,640,584
DTEX3,201907,CMIG3,0.746608449128091,678,584
DTEX3,201907,CPFE3,0.738971488970783,912,584
DTEX3,201908,AALR3,0.771157046292843,473,665
DTEX3,201908,CMIG3,0.757327320192232,664,665
DTEX3,201909,AALR3,0.813890073575841,474,650
DTEX3,201909,ALSO3,0.834263763850913,666,650
DTEX3,201909,CPLE3,0.80832535570172,413,650
DTEX3,201910,AALR3,0.745567978840775,473,624
DTEX3,201910,ALSO3,0.804523112117252,682,624
DTEX3,201910,CPLE3,0.772367780129921,409,624
DTEX3,201911,AALR3,0.775028045663938,404,574
DTEX3,201911,ALSO3,0.774101053948353,698,574
DTEX3,201911,BPAC11,0.857398016115863,940,574
DTEX3,201911,CIEL3,0.906866276900168,840,574
DTEX3,201911,CPLE3,0.71305540849379,326,574
DTEX3,201912,CIEL3,0.754481784888596,859,563
DTEX3,201912,CYRE3,0.802524426620836,937,563
DTEX3,202001,CCPR3,0.700489068319708,608,607
DTEX3,202001,CEAB3,0.708128509375346,622,607
DTEX3,202002,CCPR3,0.800338525138037,565,629
DTEX3,202002,CEAB3,0.78777987749807,545,629
DTEX3,202003,BTOW3,0.723355119046454,965,580
DTEX3,202003,CCPR3,0.826815475880668,551,580
DTEX3,202003,CCRO3,0.758793840304354,898,580
DTEX3,202003,CEAB3,0.784159213043979,572,580
DTEX3,202003,CRFB3,0.735723615621857,844,580
DTEX3,202004,CCPR3,0.83202694202181,523,583
DTEX3,202004,CCRO3,0.806653316848278,951,583
DTEX3,202004,CEAB3,0.830976183566227,636,583
DTEX3,202004,CRFB3,0.909321247126316,906,583
DTEX3,202005,CCPR3,0.873705531266797,505,581
DTEX3,202005,CCRO3,0.848678652943321,942,581
DTEX3,202005,CEAB3,0.85580134922035,616,581
DTEX3,202005,CRFB3,0.811077407768245,927,581
DTEX3,202006,CCPR3,0.784866579937498,507,583
DTEX3,202006,CCRO3,0.805589524436651,972,583
DTEX3,202006,CEAB3,0.756834220469483,636,583
DXCO3,202112,CBAV3,0.723747880168641,666,1096
ECOR3,201702,BRSR6,0.760873209462574,627,739
ECOR3,201702,CPLE3,0.789955210249992,461,739
ECOR3,201703,BRSR6,0.728441946862639,694,729
ECOR3,201703,CPLE3,0.771892920916218,463,729
ECOR3,201704,BRSR6,0.838363985180831,657,740
ECOR3,201704,CPLE3,0.869518262765026,484,740
ECOR3,201705,AZUL4,0.788578904868641,526,716
ECOR3,201705,BRSR6,0.875616959148025,649,716
ECOR3,201705,CPLE3,0.857944679731871,388,716
ECOR3,201708,AZUL4,0.71138592269671,565,740
ECOR3,201708,BRSR6,0.860147684498802,634,740
ECOR3,201708,CPLE3,0.824105411888718,387,740
ECOR3,201709,BRSR6,0.765780338781939,609,730
ECOR3,201709,CPLE3,0.8264347024194,388,730
ECOR3,201712,AZUL4,0.78325030038017,487,808
ECOR3,201712,BRSR6,0.948647084452872,595,808
ECOR3,201712,CESP6,0.768333244873538,651,808
ECOR3,201801,BRSR6,0.755264578012897,615,775
ECOR3,201802,BRSR6,0.824687996283125,600,716
ECOR3,201803,BRSR6,0.801440414027735,568,691
ECOR3,201804,AZUL4,0.742924556164515,572,730
ECOR3,201804,BRSR6,0.789581917070764,593,730
ECOR3,201805,AZUL4,0.772699576522912,495,741
ECOR3,201805,BPAC11,0.701082048828496,472,741
ECOR3,201805,BRSR6,0.776335414938597,622,741
ECOR3,201806,AZUL4,0.774768525118114,507,759
ECOR3,201806,BPAC11,0.730753760132654,433,759
ECOR3,201806,BRAP4,0.703137537878078,895,759
ECOR3,201806,BRSR6,0.796734555878886,612,759
ECOR3,201806,CCRO3,0.772590350350027,837,759
ECOR3,201806,CESP6,0.733581576178137,701,759
ECOR3,201807,BPAC11,0.797724138698747,449,779
ECOR3,201807,BRSR6,0.909983040757383,612,779
ECOR3,201807,CESP6,0.804132250072781,695,779
ECOR3,201808,AZUL4,0.879325548527061,523,806
ECOR3,201808,BPAC11,0.783173563957656,456,806
ECOR3,201808,BRSR6,0.890311074930168,600,806
ECOR3,201808,CESP6,0.76111272362103,708,806
ECOR3,201809,AZUL4,0.90121698383908,573,720
ECOR3,201809,BPAC11,0.774047445231544,515,720
ECOR3,201809,BRSR6,0.911798181080263,598,720
ECOR3,201809,CESP6,0.734656917996139,687,720
ECOR3,201810,BRAP4,0.714958442793942,931,732
ECOR3,201810,BRSR6,0.947794957002974,593,732
ECOR3,201810,CESP6,0.826257352006451,669,732
ECOR3,201811,BRAP4,0.714412984987646,950,826
ECOR3,201811,BRSR6,0.951734895156676,644,826
ECOR3,201811,CESP6,0.799675642985789,717,826
ECOR3,201812,BPAC11,0.830203465069177,498,859
ECOR3,201812,BRAP4,0.756896307897139,963,859
ECOR3,201812,BRSR6,0.872081282625447,639,859
ECOR3,201812,CESP6,0.75957761448254,731,859
ECOR3,201901,BPAC11,0.72414097718109,490,865
ECOR3,201901,BRAP4,0.748760281766592,956,865
ECOR3,201901,BRDT3,0.764541220517586,880,865
ECOR3,201901,BRSR6,0.73561801336326,628,865
ECOR3,201901,CESP6,0.811045312769516,730,865
ECOR3,201902,AZUL4,0.836135506033303,865,893
ECOR3,201902,BPAC11,0.845053281153985,559,893
ECOR3,201902,BRDT3,0.763362690043484,988,893
ECOR3,201902,BRSR6,0.712290886449216,658,893
ECOR3,201902,CESP6,0.821544448102055,775,893
ECOR3,201902,CSMG3,0.727537565044867,763,893
ECOR3,201903,AZUL4,0.832520798015774,902,845
ECOR3,201903,BPAC11,0.81025886347592,552,845
ECOR3,201903,CESP6,0.788576244541149,770,845
ECOR3,201903,CMIG3,0.70288521024195,658,845
ECOR3,201903,CSMG3,0.736603277214362,701,845
ECOR3,201903,DTEX3,0.708619984086294,573,845
ECOR3,201904,AZUL4,0.897166105677363,881,775
ECOR3,201904,BPAC11,0.731691537869208,583,775
ECOR3,201904,CESP6,0.817992530635509,785,775
ECOR3,201904,CMIG3,0.857378766572459,659,775
ECOR3,201904,DTEX3,0.735948845770328,573,775
ECOR3,201905,AZUL4,0.876106250987102,857,791
ECOR3,201905,BPAC11,0.712936167093653,601,791
ECOR3,201905,CESP6,0.784279004770671,820,791
ECOR3,201905,CMIG3,0.943452248113195,649,791
ECOR3,201905,CPLE3,0.769976303725407,446,791
ECOR3,201905,DTEX3,0.764068451630918,476,791
ECOR3,201906,AZUL4,0.805960077173817,978,798
ECOR3,201906,BPAC11,0.746604579345212,676,798
ECOR3,201906,CCRO3,0.724414729962117,869,798
ECOR3,201906,CMIG3,0.940139820877796,670,798
ECOR3,201906,CPFE3,0.702755392887491,455,798
ECOR3,201906,CPLE3,0.787918149878103,408,798
ECOR3,201906,DTEX3,0.836967839191714,492,798
ECOR3,201907,AALR3,0.720818367915949,480,814
ECOR3,201907,ALSC3,0.75481140442199,640,814
ECOR3,201907,AZUL4,0.702905792072905,1016,814
ECOR3,201907,CMIG3,0.9154742829631,678,814
ECOR3,201907,CPFE3,0.86135574658654,912,814
ECOR3,201907,DTEX3,0.864198279055128,584,814
ECOR3,201908,AALR3,0.714156619131249,473,867
ECOR3,201908,AZUL4,0.765593038845033,1062,867
ECOR3,201908,CMIG3,0.90604672909661,664,867
ECOR3,201908,CPFE3,0.832758788340522,878,867
ECOR3,201908,DTEX3,0.890396268978783,665,867
ECOR3,201909,AALR3,0.708533562654008,474,875
ECOR3,201909,ALSO3,0.812717291463147,666,875
ECOR3,201909,AZUL4,0.795996874433855,1033,875
ECOR3,201909,BPAC11,0.743019787136403,918,875
ECOR3,201909,CMIG3,0.880441623788205,656,875
ECOR3,201909,CPFE3,0.791817995135589,837,875
ECOR3,201909,CPLE3,0.750422868261372,413,875
ECOR3,201909,DTEX3,0.839899543676462,650,875
ECOR3,201910,ALSO3,0.818008622093317,682,878
ECOR3,201910,AZUL4,0.718173535373208,1054,878
ECOR3,201910,BPAC11,0.792326751715117,955,878
ECOR3,201910,CMIG3,0.795728211152239,694,878
ECOR3,201910,CPLE3,0.723167017017247,409,878
ECOR3,201910,DTEX3,0.802537873189496,624,878
ECOR3,201911,AALR3,0.830560068097101,404,875
ECOR3,201911,ALSO3,0.883956178041065,698,875
ECOR3,201911,BPAC11,0.797443014990942,940,875
ECOR3,201911,CIEL3,0.951639481062651,840,875
ECOR3,201911,CPLE3,0.79172376895612,326,875
ECOR3,201911,CYRE3,0.709112821158403,973,875
ECOR3,201911,DTEX3,0.889690164645902,574,875
ECOR3,201912,AALR3,0.728464443992621,414,836
ECOR3,201912,BPAC11,0.821722991203966,942,836
ECOR3,201912,CIEL3,0.906764526654833,859,836
ECOR3,201912,CPLE3,0.816252438215861,331,836
ECOR3,201912,CYRE3,0.809691974009777,937,836
ECOR3,201912,DTEX3,0.727378377477475,563,836
ECOR3,202001,AALR3,0.767290267527122,458,856
ECOR3,202001,ALSO3,0.714132015622852,841,856
ECOR3,202001,BPAC11,0.842268849737916,959,856
ECOR3,202001,CPLE3,0.821167652462875,421,856
ECOR3,202001,CYRE3,0.757984226615884,948,856
ECOR3,202002,AALR3,0.865710269428027,460,883
ECOR3,202002,BPAC11,0.778824778590309,949,883
ECOR3,202002,CPLE3,0.867319477232135,451,883
ECOR3,202002,CYRE3,0.759799355172941,968,883
ECOR3,202003,AALR3,0.928154794026908,457,872
ECOR3,202003,ALSO3,0.718058479235979,777,872
ECOR3,202003,CPLE3,0.946114596576732,447,872
ECOR3,202003,CYRE3,0.750131634846783,996,872
ECOR3,202004,AALR3,0.929686343845533,408,895
ECOR3,202004,CPLE3,0.943245388917715,445,895
ECOR3,202005,AALR3,0.947382165675443,403,883
ECOR3,202005,CPLE3,0.951542446123059,450,883
ECOR3,202006,AALR3,0.823340866401112,395,919
ECOR3,202006,CPLE3,0.914935569117157,458,919
ECOR3,202007,AALR3,0.885191741573163,401,967
ECOR3,202007,CPLE3,0.874919247758393,461,967
ECOR3,202008,AALR3,0.928725989719626,402,993
ECOR3,202008,ALSO3,0.71039447817031,810,993
ECOR3,202008,CPLE3,0.927738872901072,465,993
ECOR3,202009,AALR3,0.854878832077452,403,1017
ECOR3,202009,ALSO3,0.705083411004226,803,1017
ECOR3,202009,CPLE3,0.888741062711348,473,1017
ECOR3,202010,AALR3,0.823312948848658,477,982
ECOR3,202011,BRFS3,0.75988966889288,994,965
ECOR3,202011,CMIG3,0.785002260935313,534,965
ECOR3,202012,AERI3,0.884328719009789,575,990
ECOR3,202012,BRFS3,0.811484379702044,1019,990
ECOR3,202012,BTOW3,0.844159359468524,972,990
ECOR3,202012,CMIG3,0.92139575502819,524,990
ECOR3,202101,AERI3,0.889797122379229,573,1029
ECOR3,202101,BRFS3,0.778941664853304,1083,1029
ECOR3,202101,BTOW3,0.714832972182535,1015,1029
ECOR3,202101,CMIG3,0.944281813579365,526,1029
ECOR3,202102,AERI3,0.83965501368072,620,1023
ECOR3,202102,AZUL4,0.700196619505437,1006,1023
ECOR3,202102,BRFS3,0.787458126318276,1080,1023
ECOR3,202102,CMIG3,0.937945444176247,493,1023
ECOR3,202103,AERI3,0.853631931164985,504,1044
ECOR3,202103,BRFS3,0.842941174687345,1087,1044
ECOR3,202103,CMIG3,0.962997380952786,467,1044
ECOR3,202104,AERI3,0.86753887094486,506,1076
ECOR3,202104,BRFS3,0.804632194482725,1090,1076
ECOR3,202104,CMIG3,0.939706256398302,481,1076
ECOR3,202105,AERI3,0.754844920404388,588,1077
ECOR3,202105,BPAC5,0.811471154357094,437,1077
ECOR3,202105,BRFS3,0.927027459964748,1091,1077
ECOR3,202105,BTOW3,0.70911633206549,1087,1077
ECOR3,202105,CMIG3,0.916017034048452,507,1077
ECOR3,202106,BRFS3,0.937704971171565,1104,1110
ECOR3,202106,CMIG3,0.930897872744301,479,1110
ECOR3,202106,CSNA3,0.71010064483906,1122,1110
ECOR3,202107,BPAC5,0.793072026585239,596,1166
ECOR3,202107,BRFS3,0.918206556050506,1102,1166
ECOR3,202107,CMIG3,0.924336128505596,494,1166
ECOR3,202107,CMIG4,0.708931121324371,1094,1166
ECOR3,202108,BRFS3,0.917898808698405,1050,1082
ECOR3,202108,CMIG3,0.943278415030002,530,1082
ECOR3,202109,CMIG3,0.882838132314445,539,1129
ECOR3,202110,AESB3,0.708814977153238,687,1200
ECOR3,202110,CMIG3,0.871288678979652,532,1200
ECOR3,202110,CSNA3,0.732026413973322,1197,1200
ECOR3,202111,CMIG3,0.838711478745664,533,1238
ECOR3,202111,CSNA3,0.74216607167663,1192,1238
ECOR3,202112,CMIG3,0.803395524019632,525,1239
ECOR3,202112,CSNA3,0.743505924443755,1167,1239
EGIE3,201804,COCE5,0.869440184653578,33,764
EGIE3,201805,COCE5,0.92874329923494,33,761
EGIE3,201806,COCE5,0.91377675597357,34,794
EGIE3,201807,COCE5,0.904455280012351,34,806
EGIE3,201808,COCE5,0.891621432462023,33,826
EGIE3,201809,COCE5,0.858739224895853,32,786
EGIE3,201903,BBSE3,0.709664688598538,832,846
EGIE3,201907,CCRO3,0.765282308781539,868,784
EGIE3,201908,CCRO3,0.842585483279253,873,789
EGIE3,201908,CYRE3,0.78988921582947,999,789
EGIE3,201909,CCRO3,0.853122549780246,874,805
EGIE3,201910,CCPR3,0.846432115374404,310,820
EGIE3,201910,CCRO3,0.856802230142137,888,820
EGIE3,201911,ABEV3,0.759626859862193,907,844
EGIE3,201911,CCPR3,0.833673087998975,638,844
EGIE3,201911,CCRO3,0.807386725671986,868,844
EGIE3,201911,CEAB3,0.848230833384539,638,844
EGIE3,201912,ABEV3,0.760745729237579,896,841
EGIE3,201912,CCPR3,0.801789965573775,611,841
EGIE3,201912,CCRO3,0.724713629067948,861,841
EGIE3,201912,CEAB3,0.813296664687134,618,841
EGIE3,202001,ABEV3,0.734923582408345,902,864
EGIE3,202001,CCPR3,0.786749591376057,608,864
EGIE3,202001,CCRO3,0.813393852322882,883,864
EGIE3,202001,CEAB3,0.800310622554261,622,864
EGIE3,202104,CPFE3,0.713693894502441,1092,1076
EGIE3,202105,BOAS3,0.846241868139705,270,1055
EGIE3,202105,CCRO3,0.77087249608404,1109,1055
EGIE3,202105,CPFE3,0.907570309893179,1066,1055
EGIE3,202106,BOAS3,0.709006202544354,302,1040
EGIE3,202106,CCRO3,0.755279109358496,1111,1040
EGIE3,202106,CPFE3,0.856217537418398,1074,1040
EGIE3,202107,CPFE3,0.750320434018316,1064,1037
EGIE3,202108,CPFE3,0.735722661131541,1062,1034
EGIE3,202109,CCRO3,0.703322319164306,1142,1072
EGIE3,202109,CPFE3,0.706014885691756,1105,1072
EGIE3,202110,CPFE3,0.732440822715283,1172,1140
EGIE3,202111,CCRO3,0.76981792111164,1188,1179
EGIE3,202111,CPFE3,0.720620957779736,1217,1179
ELET3,201702,BBDC4,0.785937177499024,1052,797
ELET3,201703,BBDC4,0.708964691799031,1044,804
ELET3,201703,BRML3,0.724771628913041,898,804
ELET3,201704,BBDC4,0.760522297779875,1032,815
ELET3,201707,BBDC4,0.727215109648965,1019,775
ELET3,201708,ALPA4,0.883414961117789,559,779
ELET3,201708,AMAR3,0.850486555246605,474,779
ELET3,201708,ANIM3,0.743743189869316,323,779
ELET3,201708,CGAS5,0.86600031622404,311,779
ELET3,201709,ALPA4,0.91145067090793,565,880
ELET3,201709,AMAR3,0.888665201429086,487,880
ELET3,201709,ANIM3,0.754174005727666,315,880
ELET3,201709,CGAS5,0.897381196243229,194,880
ELET3,201710,ALPA4,0.857349427725079,421,892
ELET3,201710,AMAR3,0.830271063018516,507,892
ELET3,201710,ANIM3,0.798656013472924,313,892
ELET3,201710,BBDC4,0.722174452124003,1023,892
ELET3,201710,BRML3,0.757045697817396,907,892
ELET3,201710,CGAS5,0.829951711763737,219,892
ELET3,201711,ALPA4,0.787939630337432,467,916
ELET3,201711,AMAR3,0.755077369527766,484,916
ELET3,201711,ANIM3,0.842912109218915,470,916
ELET3,201711,BBDC4,0.757068202334274,1040,916
ELET3,201711,BRML3,0.747538004344916,912,916
ELET3,201711,CGAS5,0.758986338619209,358,916
ELET3,201712,ALPA4,0.803728892499357,487,918
ELET3,201712,ANIM3,0.81800960298149,461,918
ELET3,201712,BBDC4,0.720229616887358,1045,918
ELET3,201712,BRML3,0.748205907515805,916,918
ELET3,201712,CGAS5,0.705770521936497,414,918
ELET3,201801,ALPA4,0.849920830865845,457,859
ELET3,201801,AMAR3,0.834778237230291,511,859
ELET3,201801,ANIM3,0.830976171027746,437,859
ELET3,201801,BRML3,0.812173082598538,889,859
ELET3,201802,ALPA4,0.920495725461856,467,804
ELET3,201802,AMAR3,0.909796346054724,382,804
ELET3,201802,BBDC4,0.779590395066326,1024,804
ELET3,201802,BRML3,0.854293119142938,872,804
ELET3,201803,ALPA4,0.879044662784791,465,804
ELET3,201803,AMAR3,0.895580175785578,382,804
ELET3,201803,BBDC4,0.754015853336025,1029,804
ELET3,201803,BRML3,0.858121984428755,868,804
ELET3,201805,ALPA4,0.743624170068966,449,805
ELET3,201805,AMAR3,0.792402636964338,196,805
ELET3,201805,BRML3,0.728750333822461,843,805
ELET3,201806,ALPA4,0.876839017833977,432,815
ELET3,201806,AMAR3,0.865274458312961,194,815
ELET3,201806,ANIM3,0.830367042561387,423,815
ELET3,201806,BIDI4,0.842220839747594,499,815
ELET3,201806,BRML3,0.875817130766241,868,815
ELET3,201808,ALPA4,0.837941440887701,403,868
ELET3,201808,ANIM3,0.863791535211825,463,868
ELET3,201808,BIDI4,0.819228192288983,496,868
ELET3,201808,BRML3,0.81163796278486,904,868
ELET3,201808,CYRE3,0.748656898520832,965,868
ELET3,201812,ALPA4,0.764507180034326,406,866
ELET3,201812,BIDI4,0.791738600436724,505,866
ELET3,201812,BRML3,0.718177728284684,992,866
ELET3,201812,CAML3,0.733493183451621,462,866
ELET3,201902,BPAC11,0.768655678685243,559,946
ELET3,201902,CCRO3,0.743720830478954,924,946
ELET3,201902,CMIG3,0.814405300655179,647,946
ELET3,201902,DTEX3,0.831910830021156,669,946
ELET3,201903,BPAC11,0.74790275772032,552,973
ELET3,201903,CCRO3,0.767636036714704,908,973
ELET3,201903,CMIG3,0.79205555782015,658,973
ELET3,201903,DTEX3,0.824862822748652,573,973
ELET3,201907,AALR3,0.705678290770497,480,958
ELET3,201907,ALSC3,0.763240929109769,640,958
ELET3,201907,DTEX3,0.859782715063413,584,958
ELET3,201907,ECOR3,0.762026952814689,814,958
ELET3,201908,DTEX3,0.827419778650257,665,949
ELET3,201908,ECOR3,0.747676875300786,867,949
ELET6,201703,ALPA4,0.73886898777669,591,645
ELET6,201703,CGAS5,0.783103330804721,566,645
ELET6,201704,ALPA4,0.900868698681349,589,647
ELET6,201704,CGAS5,0.908984798807306,562,647
ELET6,201705,ALPA4,0.929839131714829,591,742
ELET6,201705,ANIM3,0.706753721615975,310,742
ELET6,201705,BRML3,0.738178345332966,877,742
ELET6,201705,CGAS5,0.944397192632451,558,742
ELET6,201706,ALPA4,0.816453070794682,590,782
ELET6,201706,AMAR3,0.834228831430459,487,782
ELET6,201706,ANIM3,0.709008721137473,376,782
ELET6,201706,CGAS5,0.836730959922551,567,782
ELET6,201711,BBDC4,0.770311733393315,1040,905
ELET6,201711,CSAN3,0.707774803994702,815,905
ELET6,201711,ELET3,0.777886911496785,916,905
ELET6,201712,BBDC4,0.759863454568824,1045,896
ELET6,201712,CSAN3,0.700236041315255,823,896
ELET6,201712,ELET3,0.776677329368988,918,896
ELET6,201801,ALPA4,0.784576214500258,457,864
ELET6,201801,AMAR3,0.769689572543401,511,864
ELET6,201801,ANIM3,0.840480529550159,437,864
ELET6,201801,BRML3,0.77195990065011,889,864
ELET6,201801,ELET3,0.917923254993099,859,864
ELET6,201802,ALPA4,0.815633863275537,467,813
ELET6,201802,AMAR3,0.81076222721741,382,813
ELET6,201802,BBDC4,0.764178257288211,1024,813
ELET6,201802,BRML3,0.803135733950367,872,813
ELET6,201802,ELET3,0.867488266233089,804,813
ELET6,201803,ALPA4,0.844778716473659,465,839
ELET6,201803,AMAR3,0.854310500421537,382,839
ELET6,201803,BBDC4,0.763820143678721,1029,839
ELET6,201803,BRML3,0.825458733018375,868,839
ELET6,201803,ELET3,0.898220435448381,804,839
ELET6,201804,ALPA4,0.774683146910441,441,850
ELET6,201804,AMAR3,0.787700213380784,495,850
ELET6,201804,BRML3,0.710597904942692,844,850
ELET6,201805,ALPA4,0.704894711489883,449,813
ELET6,201805,AMAR3,0.743854867969601,196,813
ELMD3,202103,COCE5,0.85476490493924,359,371
ELMD3,202104,COCE5,0.835697559409431,347,155
ELMD3,202105,COCE5,0.869081853488801,345,136
ELMD3,202106,COCE5,0.891609994715454,304,133
ELMD3,202107,COCE5,0.914796431678911,359,137
ELMD3,202108,COCE5,0.747365695481972,228,100
ELPL3,201801,BRSR6,0.798872678107052,615,388
ELPL3,201802,BRSR6,0.797100036128273,600,378
ELPL3,201802,CESP6,0.727556549953841,616,378
ELPL3,201802,CPLE3,0.808002113033236,341,378
ELPL3,201802,ECOR3,0.717756765911235,716,378
ELPL3,201803,BPAC11,0.759208407665289,375,429
ELPL3,201803,BRSR6,0.890820344489828,568,429
ELPL3,201803,ECOR3,0.813322974999402,691,429
ELPL3,201804,AZUL4,0.768612151797309,572,500
ELPL3,201804,BPAC11,0.881220220294053,467,500
ELPL3,201804,BRSR6,0.840807775231856,593,500
ELPL3,201804,ECOR3,0.759375205296683,730,500
ELPL3,201805,AZUL4,0.753589609360224,495,594
ELPL3,201805,BPAC11,0.908354061571011,472,594
ELPL3,201805,BRSR6,0.84489439592798,622,594
ELPL3,201805,ECOR3,0.737349725637992,741,594
ELPL3,201810,CPLE3,0.772741730583154,424,204
ELPL3,201811,CPLE3,0.910646304039781,414,213
EMAE4,202105,CRPG5,0.985361544379976,38,218
EMAE4,202106,CRPG5,0.983022092786918,40,100
EMAE4,202108,CRPG5,0.953920382797704,20,98
EMAE4,202109,CRPG5,0.970271866247212,40,98
EMAE4,202110,CRPG5,0.863548137393629,41,101
EMAE4,202111,CRPG5,0.883087493776659,31,89
EMAE4,202112,CRPG5,0.825480910842729,30,88
EMBR3,201702,CSAN3,0.742598887273716,871,789
EMBR3,201702,CSMG3,0.776610278551774,727,789
EMBR3,201703,BRAP3,0.773479568664041,423,767
EMBR3,201707,BRPR3,0.842180718336271,466,747
EMBR3,201708,BRPR3,0.813082715440543,509,763
EMBR3,201802,BRKM5,0.733231497566775,760,765
EMBR3,201806,BTOW3,0.781286180164616,832,873
EMBR3,201901,CCRO3,0.70892798753135,894,887
EMBR3,201902,BBDC3,0.729242250164447,895,892
EMBR3,201908,BBDC3,0.717337558051861,873,788
EMBR3,201909,BBDC3,0.729544523852911,837,792
EMBR3,201911,BBDC3,0.702060816359539,848,812
EMBR3,202005,DMMO3,0.772846246578753,310,919
EMBR3,202006,DMMO3,0.77429314486753,329,884
EMBR3,202007,DMMO3,0.729862340381062,374,854
EMBR3,202008,DMMO3,0.851865059689805,326,915
EMBR3,202009,DMMO3,0.896512176769166,279,907
EMBR3,202010,DMMO3,0.80727166930794,294,925
EMBR3,202011,DMMO3,0.751995291623947,253,934
EMBR3,202012,DMMO3,0.727852144249154,223,944
EMBR3,202101,BEEF3,0.746955041893231,954,990
EMBR3,202101,DMMO3,0.752121992151207,170,990
EMBR3,202102,BEEF3,0.740520927411686,961,1000
EMBR3,202102,COGN3,0.777461989990659,1026,1000
EMBR3,202102,DMMO3,0.770038691876299,206,1000
ENAT3,202105,ABCB4,0.700926235902162,511,523
ENAT3,202106,CSMG3,0.780615606885737,651,538
ENAT3,202107,BBTG11,0.908985421567898,43,569
ENAT3,202107,CSMG3,0.747067987304581,626,569
ENAT3,202109,AERI3,0.707397609774887,630,588
ENAT3,202112,CAML3,0.787941038889206,553,598
ENAT3,202112,CPLE3,0.716098894546793,272,598
ENAT3,202112,CSMG3,0.71308877917288,629,598
ENAT3,202112,DEXP3,0.815202535672396,494,598
ENBR3,201702,ALPA4,0.961117514924672,558,740
ENBR3,201702,CGAS5,0.875089110564065,547,740
ENBR3,201703,ALPA4,0.927927089323295,591,734
ENBR3,201703,CGAS5,0.901297752298239,566,734
ENBR3,201703,ELET6,0.758861979317153,645,734
ENBR3,201704,ALPA4,0.892839867420379,589,763
ENBR3,201704,CGAS5,0.882397566623993,562,763
ENBR3,201704,ELET6,0.871490129265573,647,763
ENBR3,201705,ALPA4,0.909722349884665,591,737
ENBR3,201705,CGAS5,0.905409119812895,558,737
ENBR3,201705,ELET6,0.889168721328818,742,737
ENBR3,201706,ALPA4,0.90822081655132,590,734
ENBR3,201706,AMAR3,0.803863545699493,487,734
ENBR3,201706,CGAS5,0.919757752939032,567,734
ENBR3,201706,ELET6,0.802733711031148,782,734
ENBR3,201707,ALPA4,0.881960917115784,552,737
ENBR3,201707,AMAR3,0.757077482402905,473,737
ENBR3,201707,CGAS5,0.897434777898042,558,737
ENBR3,201708,ALPA4,0.91216385446134,559,757
ENBR3,201708,AMAR3,0.896081112919765,474,757
ENBR3,201708,ANIM3,0.705650894450364,323,757
ENBR3,201708,CGAS5,0.924289928334728,311,757
ENBR3,201708,ELET3,0.849236874797107,779,757
ENBR3,201709,ALPA4,0.916316518269759,565,736
ENBR3,201709,AMAR3,0.889731681686019,487,736
ENBR3,201709,CGAS5,0.919392635535843,194,736
ENBR3,201709,ELET3,0.870660267859375,880,736
ENBR3,201710,ALPA4,0.906464980342504,421,736
ENBR3,201710,AMAR3,0.885539076727448,507,736
ENBR3,201710,CGAS5,0.889628072263867,219,736
ENBR3,201710,ELET3,0.806028018087721,892,736
ENBR3,201711,ALPA4,0.898457937569699,467,743
ENBR3,201711,AMAR3,0.882282950484658,484,743
ENBR3,201711,BRML3,0.732171798148842,912,743
ENBR3,201711,CGAS5,0.871854502684201,358,743
ENBR3,201711,ELET3,0.743389375270018,916,743
ENBR3,201712,ALPA4,0.836397727561377,487,764
ENBR3,201712,AMAR3,0.712316982746896,487,764
ENBR3,201712,BRML3,0.711314508698521,916,764
ENBR3,201712,CGAS5,0.786241757664411,414,764
ENBR3,201712,ELET3,0.716989755514231,918,764
ENBR3,201806,BRKM5,0.728383364643369,829,790
ENBR3,201808,CCRO3,0.813624658430642,844,861
ENBR3,201809,CCRO3,0.805322044936293,795,818
ENBR3,201904,CCRO3,0.755727933369341,911,860
ENBR3,201904,CMIG3,0.731717391440038,659,860
ENBR3,201904,DTEX3,0.716154188926478,573,860
ENBR3,201905,CCRO3,0.801110033326271,927,896
ENBR3,202010,BRPR3,0.739153938927033,591,1016
ENBR3,202011,BRPR3,0.745200381001882,511,980
ENBR3,202011,DIRR3,0.731458056285252,521,980
ENEV3,201706,CVCB3,0.729349127397286,890,38
ENEV3,201801,ABEV3,0.818161595441029,880,335
ENEV3,201801,CPFE3,0.800408222172489,670,335
ENEV3,201802,ABEV3,0.745736810367539,878,128
ENEV3,201802,CPFE3,0.922246015536476,629,128
ENEV3,201803,CAML3,0.8147522009247,410,127
ENEV3,201803,CPFE3,0.904683606842015,628,127
ENEV3,201803,CSAN3,0.775034183158882,817,127
ENEV3,201804,ABEV3,0.707066974163499,903,302
ENEV3,201804,CAML3,0.833021168606654,502,302
ENEV3,201804,CPFE3,0.888809488442811,705,302
ENEV3,201804,CSAN3,0.811925797698436,828,302
ENEV3,201805,CAML3,0.805752452927877,505,300
ENEV3,201805,CPFE3,0.79163666677971,712,300
ENEV3,201805,CSAN3,0.805911414837396,818,300
ENEV3,201806,CPFE3,0.765740643881484,728,233
ENEV3,201806,CSAN3,0.751903016015174,870,233
ENEV3,201807,CPFE3,0.814971444538347,765,222
ENEV3,201807,CSAN3,0.715812429897548,894,222
ENEV3,201807,CVCB3,0.752537428691861,971,222
ENEV3,201808,CPFE3,0.876780754643492,715,221
ENEV3,201808,CSAN3,0.742260110952291,906,221
ENEV3,201808,CVCB3,0.810126327110145,945,221
ENEV3,201809,CPFE3,0.87056694241405,456,215
ENEV3,201809,CSAN3,0.724840272225327,875,215
ENEV3,201809,CVCB3,0.858085310061856,893,215
ENEV3,201810,CPFE3,0.902655865085855,441,221
ENEV3,201810,CSAN3,0.765683604249373,840,221
ENEV3,201810,CVCB3,0.806388296076167,901,221
ENEV3,201811,CPFE3,0.850907761755171,448,270
ENEV3,201811,CSAN3,0.726232499789603,869,270
ENEV3,201811,CVCB3,0.813631839243189,988,270
ENEV3,201812,CPFE3,0.761167475198602,454,348
ENEV3,201812,CSAN3,0.760605968885361,873,348
ENEV3,201812,CVCB3,0.819445607626316,988,348
ENEV3,201901,CSAN3,0.732279760651367,876,359
ENEV3,201901,CVCB3,0.822832695850946,985,359
ENEV3,201902,CSAN3,0.711312607639795,976,523
ENEV3,201902,CVCB3,0.78773402501963,1000,523
ENEV3,201903,ALUP11,0.711380799635166,576,466
ENEV3,201903,CSAN3,0.707769439444116,963,466
ENEV3,201903,CVCB3,0.756033500959171,979,466
ENEV3,201904,BIDI4,0.735125029248944,604,478
ENEV3,201905,ALPA4,0.834769776107774,551,781
ENEV3,201905,ANIM3,0.703731758255604,491,781
ENEV3,201905,BRML3,0.803202957669954,982,781
ENEV3,201905,CAML3,0.812257641853671,415,781
ENEV3,201906,ALPA4,0.848263318648837,590,770
ENEV3,201906,ANIM3,0.724954629974745,445,770
ENEV3,201906,BIDI4,0.815819725140101,612,770
ENEV3,201906,BRML3,0.819057578937485,982,770
ENEV3,201906,CAML3,0.824547796401894,445,770
ENEV3,201907,ALPA4,0.899580824759426,623,771
ENEV3,201907,ANIM3,0.789643598130374,515,771
ENEV3,201907,BIDI4,0.722547634612315,559,771
ENEV3,201907,BRML3,0.858965942245112,1005,771
ENEV3,201907,CAML3,0.822885509577034,515,771
ENEV3,201908,ALPA4,0.918447633749564,662,767
ENEV3,201908,ANIM3,0.760151327676167,589,767
ENEV3,201908,BIDI11,0.784603548322128,620,767
ENEV3,201908,BKBR3,0.84889650710047,564,767
ENEV3,201908,BRML3,0.873064088805169,1061,767
ENEV3,201908,CAML3,0.755024477791338,579,767
ENEV3,201909,ALPA4,0.914062208447277,582,800
ENEV3,201909,ANIM3,0.780526251986476,552,800
ENEV3,201909,BIDI11,0.771543063397664,704,800
ENEV3,201909,BKBR3,0.849027699615354,593,800
ENEV3,201909,BRML3,0.873767775451514,1037,800
ENEV3,201909,CSAN3,0.785973535102573,875,800
ENEV3,201910,ALPA4,0.925846336573578,592,819
ENEV3,201910,ANIM3,0.803703670152996,560,819
ENEV3,201910,BIDI11,0.872358082780836,708,819
ENEV3,201910,BKBR3,0.788007809388446,596,819
ENEV3,201910,BRML3,0.891744062900458,1040,819
ENEV3,201910,CSAN3,0.806506135971431,903,819
ENEV3,201911,ALPA4,0.935895874261627,603,785
ENEV3,201911,ANIM3,0.82476763898175,582,785
ENEV3,201911,BIDI11,0.907029725162206,681,785
ENEV3,201911,BKBR3,0.85622076596755,599,785
ENEV3,201911,BRML3,0.901565901164943,1034,785
ENEV3,201911,CSAN3,0.82293396017822,906,785
ENEV3,201912,ALPA4,0.899018273620365,624,817
ENEV3,201912,ANIM3,0.824471063794425,597,817
ENEV3,201912,BIDI11,0.903035538483931,679,817
ENEV3,201912,BKBR3,0.891178565662833,608,817
ENEV3,201912,BRML3,0.87529501262345,987,817
ENEV3,201912,CSAN3,0.853438490397346,862,817
ENEV3,202001,ALPA4,0.890196639151545,642,809
ENEV3,202001,ANIM3,0.844211951003074,618,809
ENEV3,202001,BIDI11,0.917972550280205,653,809
ENEV3,202001,BKBR3,0.893513684704158,593,809
ENEV3,202001,BRML3,0.839859263247508,1010,809
ENEV3,202001,CSAN3,0.772367456818838,865,809
ENEV3,202002,ALPA4,0.876775504663047,692,869
ENEV3,202002,ANIM3,0.867938158062762,694,869
ENEV3,202002,BIDI11,0.902434320935648,715,869
ENEV3,202002,BKBR3,0.873826147781709,643,869
ENEV3,202002,BRML3,0.764400920658072,1024,869
ENEV3,202003,ALPA4,0.827079402085988,684,837
ENEV3,202003,ANIM3,0.826468061402958,675,837
ENEV3,202003,BIDI11,0.898350266601567,670,837
ENEV3,202003,BKBR3,0.903200314071261,616,837
ENEV3,202003,BRML3,0.742384227138307,1007,837
ENEV3,202004,ALPA4,0.830645137225082,737,812
ENEV3,202004,ANIM3,0.85831282237613,604,812
ENEV3,202004,AZUL4,0.708713217330268,986,812
ENEV3,202004,BIDI11,0.88746862123372,584,812
ENEV3,202004,BKBR3,0.886386473420794,625,812
ENEV3,202004,BRML3,0.789553949750641,1041,812
ENEV3,202005,ALPA4,0.824017682345117,763,810
ENEV3,202005,ANIM3,0.895028797422358,656,810
ENEV3,202005,BIDI11,0.893632959671286,580,810
ENEV3,202005,BKBR3,0.897278579654378,647,810
ENEV3,202005,BRML3,0.833975331646111,1029,810
ENEV3,202006,ALPA4,0.837912584773349,763,833
ENEV3,202006,ALPK3,0.812047689347618,394,833
ENEV3,202006,ANIM3,0.891953318464022,670,833
ENEV3,202006,BIDI11,0.896835560383357,588,833
ENEV3,202006,BKBR3,0.894326553991017,661,833
ENEV3,202006,BRML3,0.850680800384088,1044,833
ENEV3,202007,ALPA4,0.806619530972919,765,832
ENEV3,202007,ALPK3,0.790033901842755,402,832
ENEV3,202007,ANIM3,0.86392146233176,689,832
ENEV3,202007,BIDI11,0.891048236418386,652,832
ENEV3,202007,BKBR3,0.859230428369136,667,832
ENEV3,202007,BRML3,0.827226643531754,1011,832
ENEV3,202008,ABEV3,0.701557414582534,1048,844
ENEV3,202008,ALPA4,0.837345291152642,786,844
ENEV3,202008,ALPK3,0.832472311402519,407,844
ENEV3,202008,ANIM3,0.866131426441349,633,844
ENEV3,202008,BIDI11,0.890816988427641,721,844
ENEV3,202008,BIDI4,0.729181727833505,654,844
ENEV3,202008,BKBR3,0.860478767623297,632,844
ENEV3,202008,BRML3,0.824876421158326,1053,844
ENEV3,202008,COGN3,0.72837715138833,1046,844
ENEV3,202009,ABEV3,0.800417721640058,1061,852
ENEV3,202009,ALPA4,0.859183265505081,797,852
ENEV3,202009,ALPK3,0.849670971740364,259,852
ENEV3,202009,ANIM3,0.839812032767023,630,852
ENEV3,202009,BIDI11,0.883693997195637,683,852
ENEV3,202009,BIDI4,0.8779769233676,619,852
ENEV3,202009,BKBR3,0.849899806538763,606,852
ENEV3,202009,BRML3,0.804945861203967,1064,852
ENEV3,202009,COGN3,0.758435418875499,1035,852
ENEV3,202010,ABEV3,0.80976087646026,1011,902
ENEV3,202010,ALPA4,0.867662577763522,817,902
ENEV3,202010,ALPK3,0.879163210605452,270,902
ENEV3,202010,ANIM3,0.865333032313698,645,902
ENEV3,202010,BIDI11,0.88834793839333,744,902
ENEV3,202010,BIDI4,0.881197186518421,685,902
ENEV3,202010,BKBR3,0.866271723751072,633,902
ENEV3,202010,BRML3,0.821426556209031,1056,902
ENEV3,202010,COGN3,0.73244012905528,1019,902
ENEV3,202011,ABEV3,0.803042661845435,1025,852
ENEV3,202011,ALPA4,0.891599204128102,830,852
ENEV3,202011,ALPK3,0.877787935411865,269,852
ENEV3,202011,ANIM3,0.85258461853307,645,852
ENEV3,202011,BIDI11,0.86504725748499,726,852
ENEV3,202011,BIDI4,0.8793576385467,669,852
ENEV3,202011,BKBR3,0.898122271794201,622,852
ENEV3,202011,BRML3,0.811666113264077,1073,852
ENEV3,202011,COGN3,0.735140045792981,1018,852
ENEV3,202012,ABEV3,0.801986586432573,1052,865
ENEV3,202012,ALPA4,0.834955896103596,837,865
ENEV3,202012,ALPK3,0.842382174638206,228,865
ENEV3,202012,ANIM3,0.867210948871723,733,865
ENEV3,202012,BIDI11,0.847709534028013,718,865
ENEV3,202012,BIDI4,0.873145210283244,666,865
ENEV3,202012,BKBR3,0.898041054325992,659,865
ENEV3,202012,BRML3,0.816297372285743,1103,865
ENEV3,202012,COGN3,0.740020315999696,1004,865
ENEV3,202101,ABEV3,0.800411227638708,1092,1151
ENEV3,202101,ALPA4,0.795682299720707,867,1151
ENEV3,202101,ALPK3,0.809132866969558,229,1151
ENEV3,202101,ANIM3,0.857457849646824,761,1151
ENEV3,202101,BIDI11,0.779454272641326,742,1151
ENEV3,202101,BIDI4,0.833300028723406,632,1151
ENEV3,202101,BKBR3,0.861263110131092,653,1151
ENEV3,202101,BRML3,0.774660732043976,1129,1151
ENEV3,202102,ABEV3,0.788724585490233,1107,1201
ENEV3,202102,ALPA4,0.740425804550124,900,1201
ENEV3,202102,ALPK3,0.791944554157173,230,1201
ENEV3,202102,ANIM3,0.841043729395295,796,1201
ENEV3,202102,BIDI11,0.712095744380719,837,1201
ENEV3,202102,BIDI4,0.78907372082904,662,1201
ENEV3,202102,BKBR3,0.849479966369336,629,1201
ENEV3,202102,BRML3,0.731393990891638,1120,1201
ENEV3,202103,ABEV3,0.77242876498287,1126,1196
ENEV3,202103,ALPA4,0.721436511175725,867,1196
ENEV3,202103,ALPK3,0.775017083706774,231,1196
ENEV3,202103,ANIM3,0.832402978122243,756,1196
ENEV3,202103,BIDI11,0.753110542785412,835,1196
ENEV3,202103,BIDI4,0.758938983893176,578,1196
ENEV3,202103,BKBR3,0.832295861302373,667,1196
ENEV3,202103,BRML3,0.746669740220188,1135,1196
ENEV3,202104,ABEV3,0.773739276263493,1144,1181
ENEV3,202104,ALPA4,0.743872518738542,878,1181
ENEV3,202104,ALPK3,0.779814002240709,232,1181
ENEV3,202104,ANIM3,0.830790025933948,774,1181
ENEV3,202104,BIDI11,0.704146073943538,879,1181
ENEV3,202104,BIDI4,0.783152549735538,574,1181
ENEV3,202104,BKBR3,0.832186846997289,711,1181
ENEV3,202104,BRML3,0.720289083396247,1182,1181
ENEV3,202105,ABEV3,0.777139464597648,1164,1212
ENEV3,202105,ALPA4,0.814593114915377,924,1212
ENEV3,202105,ALPK3,0.788286499195573,239,1212
ENEV3,202105,ANIM3,0.815040081480281,806,1212
ENEV3,202105,BIDI4,0.777479982855785,614,1212
ENEV3,202105,BKBR3,0.830798414958392,720,1212
ENEV3,202105,BRML3,0.720626213240265,1212,1212
ENEV3,202106,ABEV3,0.77019637040517,1181,1210
ENEV3,202106,ALPA4,0.797004395223241,931,1210
ENEV3,202106,ALPK3,0.799489098962883,236,1210
ENEV3,202106,ANIM3,0.794493463202714,766,1210
ENEV3,202106,BIDI4,0.782036315004501,631,1210
ENEV3,202106,BKBR3,0.840098944945081,711,1210
ENEV3,202106,BRML3,0.739860084923617,1205,1210
ENEV3,202107,ABEV3,0.793852799218468,1179,1225
ENEV3,202107,ALPA4,0.775385882012131,939,1225
ENEV3,202107,ALPK3,0.822186837396212,238,1225
ENEV3,202107,ANIM3,0.782150208274028,835,1225
ENEV3,202107,BIDI4,0.783446040447696,712,1225
ENEV3,202107,BKBR3,0.861113694816062,769,1225
ENEV3,202107,BRML3,0.749293378567699,1205,1225
ENEV3,202108,ABEV3,0.783992290899847,1179,1248
ENEV3,202108,ALPA4,0.801444477264552,948,1248
ENEV3,202108,ALPK3,0.813454118207471,241,1248
ENEV3,202108,ANIM3,0.782013643982927,875,1248
ENEV3,202108,BIDI4,0.745342249207912,778,1248
ENEV3,202108,BKBR3,0.849994875801849,782,1248
ENEV3,202108,BRIT3,0.733852610612795,699,1248
ENEV3,202109,ABEV3,0.77521653157865,1236,1279
ENEV3,202109,ALPA4,0.802162737714722,1025,1279
ENEV3,202109,ALPK3,0.781750818843935,243,1279
ENEV3,202109,ANIM3,0.778009835806818,882,1279
ENEV3,202109,BIDI3,0.735625271779876,354,1279
ENEV3,202109,BKBR3,0.839451680513458,756,1279
ENEV3,202109,BRIT3,0.772667742319969,715,1279
ENEV3,202110,ABEV3,0.773929475489699,1296,1151
ENEV3,202110,ALPA4,0.783012193091854,1291,1151
ENEV3,202110,ALPK3,0.796066013607751,242,1151
ENEV3,202110,ANIM3,0.762930835251907,846,1151
ENEV3,202110,BIDI4,0.711998174929543,1148,1151
ENEV3,202110,BKBR3,0.843530849526761,691,1151
ENEV3,202110,BRIT3,0.799841690587543,671,1151
ENEV3,202110,BRML3,0.712949805055339,1247,1151
ENEV3,202111,ABEV3,0.766156283765228,1320,1151
ENEV3,202111,ALPA4,0.849339694331318,1321,1151
ENEV3,202111,ALPK3,0.786427794483219,243,1151
ENEV3,202111,ANIM3,0.795729763893968,851,1151
ENEV3,202111,BKBR3,0.827025415582961,664,1151
ENEV3,202111,BRIT3,0.78903078284669,637,1151
ENEV3,202112,ALPA4,0.846601025432534,1329,1341
ENEV3,202112,ALPK3,0.789391446458504,248,1341
ENEV3,202112,ANIM3,0.736443326296204,897,1341
ENEV3,202112,BIDI3,0.718970858537098,441,1341
ENEV3,202112,BIDI4,0.722565706905855,1110,1341
ENEV3,202112,BKBR3,0.851420576926242,740,1341
ENEV3,202112,BRIT3,0.822129435923604,659,1341
ENGI11,201801,ALPA3,0.729696795830804,77,632
ENGI11,201802,AALR3,0.703536339381081,455,703
ENGI11,201802,ALPA3,0.736987107261107,83,703
ENGI11,201803,ALPA3,0.72994909281543,85,719
ENGI11,201807,ALPA4,0.799483898307951,472,820
ENGI11,201808,ALPA4,0.818516189656651,403,810
ENGI11,201808,BRML3,0.703022897783329,904,810
ENGI11,201809,ALPA4,0.826339716405075,394,817
ENGI11,201809,CYRE3,0.708479122287886,947,817
ENGI11,201810,ALPA4,0.806452973701298,398,796
ENGI11,201810,CYRE3,0.790155124106816,933,796
ENGI11,201811,ALPA4,0.821061141517927,397,788
ENGI11,201812,ALPA4,0.810784465715308,406,807
ENGI11,201812,BIDI4,0.748920529029018,505,807
ENGI11,201812,BRML3,0.703763502739171,992,807
ENGI11,201901,ALPA4,0.820388749643934,433,835
ENGI11,201901,BIDI4,0.779364043167845,460,835
ENGI11,201901,BRML3,0.754540186176408,968,835
ENGI11,201901,CAML3,0.765398952776382,435,835
ENGI11,201902,ALPA4,0.826284163024248,599,838
ENGI11,201902,BIDI4,0.777915722555929,485,838
ENGI11,201902,BRML3,0.788369146809909,984,838
ENGI11,201902,CAML3,0.775030535663393,488,838
ENGI11,201903,ALPA4,0.804722188134461,547,857
ENGI11,201903,BIDI4,0.739768341949946,497,857
ENGI11,201903,BRML3,0.800227241597677,964,857
ENGI11,201903,CAML3,0.764621391236258,412,857
ENGI11,201904,ALPA4,0.769222985830767,547,846
ENGI11,201904,BRML3,0.747989827666782,963,846
ENGI11,201904,CAML3,0.736665324117803,402,846
ENGI11,201906,CYRE3,0.769298564555424,952,839
ENGI11,201907,CYRE3,0.814394736400838,985,799
ENGI11,201908,CYRE3,0.797187435885647,999,787
ENGI11,201908,EGIE3,0.731390226710798,789,787
ENGI11,201909,EGIE3,0.797807633486653,805,764
ENGI11,201910,CCPR3,0.852972486035301,310,771
ENGI11,201910,CCRO3,0.748148927472565,888,771
ENGI11,201910,EGIE3,0.874149658716288,820,771
ENGI11,201910,ELET3,0.714200480264702,964,771
ENGI11,201911,ABEV3,0.80126778465097,907,768
ENGI11,201911,CCPR3,0.86924471578679,638,768
ENGI11,201911,CCRO3,0.761538465337747,868,768
ENGI11,201911,CEAB3,0.892838571295323,638,768
ENGI11,201911,EGIE3,0.877855253671395,844,768
ENGI11,201912,ABEV3,0.833677587602458,896,768
ENGI11,201912,ARZZ3,0.740464535910242,595,768
ENGI11,201912,CCPR3,0.890090708387074,611,768
ENGI11,201912,CCRO3,0.723317000059954,861,768
ENGI11,201912,CEAB3,0.90598751949438,618,768
ENGI11,201912,EGIE3,0.852169745693541,841,768
ENGI11,202001,ABEV3,0.816155740228077,902,796
ENGI11,202001,BRDT3,0.730365523537842,1077,796
ENGI11,202001,CCPR3,0.924414350072045,608,796
ENGI11,202001,CCRO3,0.815867282276153,883,796
ENGI11,202001,CEAB3,0.937562207901781,622,796
ENGI11,202001,CRFB3,0.734008244228916,693,796
ENGI11,202001,DTEX3,0.722536057147176,607,796
ENGI11,202001,EGIE3,0.814618602511199,864,796
ENGI11,202002,CCPR3,0.92215549316679,565,812
ENGI11,202002,CCRO3,0.734396740058161,871,812
ENGI11,202002,CEAB3,0.916689781387182,545,812
ENGI11,202002,COGN3,0.786518335293937,940,812
ENGI11,202002,CRFB3,0.836130056386176,848,812
ENGI11,202002,DTEX3,0.818824105524173,629,812
ENGI11,202003,BTOW3,0.766187754432351,965,777
ENGI11,202003,CCPR3,0.915085171210794,551,777
ENGI11,202003,CCRO3,0.882043774735604,898,777
ENGI11,202003,CEAB3,0.898580670729463,572,777
ENGI11,202003,CRFB3,0.877156215637154,844,777
ENGI11,202003,DTEX3,0.836561467946149,580,777
ENGI11,202004,CCPR3,0.906836146292842,523,839
ENGI11,202004,CCRO3,0.841210531326699,951,839
ENGI11,202004,CEAB3,0.893027859852364,636,839
ENGI11,202004,CRFB3,0.887237772812445,906,839
ENGI11,202004,DTEX3,0.907628808921953,583,839
ENGI11,202005,CCPR3,0.911244021849571,505,1020
ENGI11,202005,CCRO3,0.862633216010742,942,1020
ENGI11,202005,CEAB3,0.882288718006695,616,1020
ENGI11,202005,CRFB3,0.827540318220751,927,1020
ENGI11,202005,DTEX3,0.911629263753364,581,1020
ENGI11,202006,ABEV3,0.716741804397184,1004,1049
ENGI11,202006,CCPR3,0.924848173574832,507,1049
ENGI11,202006,CCRO3,0.898443223170772,972,1049
ENGI11,202006,CEAB3,0.875923609919971,636,1049
ENGI11,202006,CRFB3,0.876362806119495,946,1049
ENGI11,202006,DTEX3,0.771609770567093,583,1049
ENGI11,202007,CCPR3,0.90730219869315,515,996
ENGI11,202007,CCRO3,0.848695017274518,966,996
ENGI11,202007,CEAB3,0.859851645703087,621,996
ENGI11,202007,CRFB3,0.861151987968592,940,996
ENGI11,202008,BRDT3,0.754263044005992,1182,1027
ENGI11,202008,CCPR3,0.871586608973492,505,1027
ENGI11,202008,CEAB3,0.824326310434308,654,1027
ENGI11,202008,CRFB3,0.755981687680897,995,1027
ENGI11,202009,BRDT3,0.757415127363192,1153,1007
ENGI11,202009,CCPR3,0.801709892708875,505,1007
ENGI11,202009,CEAB3,0.762053576230175,591,1007
ENGI11,202009,CRFB3,0.856710182691682,959,1007
ENGI11,202010,BRDT3,0.706706243159512,1159,1043
ENGI11,202010,CCPR3,0.775042638782121,509,1043
ENGI11,202010,CEAB3,0.720477716619153,583,1043
ENGI11,202010,CURY3,0.77708754085992,573,1043
ENGI11,202011,CCPR3,0.737429469395653,516,1045
ENGI11,202011,CURY3,0.757256315993828,561,1045
ENGI11,202012,CURY3,0.763043666106394,562,1054
ENGI11,202101,CURY3,0.745738048328491,574,1120
ENGI11,202103,CCRO3,0.715286478671361,1115,1167
ENGI11,202103,CEAB3,0.78083449594724,635,1167
ENGI11,202103,CURY3,0.844654908129233,572,1167
ENGI11,202104,CEAB3,0.821996699921433,723,1195
ENGI11,202104,CURY3,0.850326712854463,577,1195
ENGI11,202105,CEAB3,0.85163968376092,761,1198
ENGI11,202105,CURY3,0.868309487083988,612,1198
ENGI11,202106,ASAI3,0.700456411086828,1183,1172
ENGI11,202106,CEAB3,0.882861598083253,828,1172
ENGI11,202106,CURY3,0.909255152280087,593,1172
ENGI11,202107,ASAI3,0.711809440720304,1204,1170
ENGI11,202107,CEAB3,0.835315172557779,767,1170
ENGI11,202107,CURY3,0.872974872462519,592,1170
ENGI11,202108,CURY3,0.859187876098721,593,1165
ENGI11,202109,CURY3,0.859590231847779,637,1173
ENGI11,202110,CURY3,0.848674763193793,771,1226
ENGI11,202111,CURY3,0.841153775907416,758,1250
ENGI11,202112,CURY3,0.766648199394513,791,1240
ENGI4,201702,AALR3,0.710165855220738,374,57
ENGI4,201702,ALPA3,0.999995981278221,57,57
ENGI4,201702,CGAS3,0.881661565824559,206,57
ENGI4,201703,AALR3,0.807683534625505,377,57
ENGI4,201703,ALPA3,0.999996584609636,57,57
ENGI4,201703,CGAS3,0.855294913457156,193,57
ENGI4,201704,AALR3,0.808018546098422,387,57
ENGI4,201704,CGAS3,0.843752860392218,193,57
ENGI4,201705,CGAS3,0.84252143966636,189,57
ENGI4,201706,CGAS3,0.853762691828531,186,60
ENGI4,201707,CGAS3,0.855863097461757,186,61
ENGI4,201708,CGAS3,0.847455424430912,188,62
ENGI4,201709,AALR3,0.884458303344935,403,66
ENGI4,201709,BBRK3,0.888559503585217,178,66
ENGI4,201709,CGAS3,0.853280050282307,193,66
ENGI4,201710,AALR3,0.848120432449253,418,67
ENGI4,201710,ALPA3,0.999386447274977,67,67
ENGI4,201710,BBRK3,0.896618120303387,274,67
ENGI4,201710,CGAS3,0.861288847853792,194,67
ENGI4,201711,AALR3,0.870561859500682,441,70
ENGI4,201711,ALPA3,0.99943741447036,70,70
ENGI4,201711,BBRK3,0.91665088660582,284,70
ENGI4,201711,CGAS3,0.810666778802962,197,70
ENGI4,201712,ALPA3,0.999817278033154,73,73
ENGI4,201712,BBRK3,0.895643072551122,297,73
ENGI4,201712,CGAS3,0.772318425692335,200,73
ENGI4,201801,AALR3,0.909721779501314,425,77
ENGI4,201801,ALPA3,0.999875610208714,77,77
ENGI4,201801,BBRK3,0.917137453066392,290,77
ENGI4,201801,ENGI11,0.730081101137197,632,77
ENGI4,201802,AALR3,0.942739908649442,455,83
ENGI4,201802,ALPA3,0.999831699513697,83,83
ENGI4,201802,BBRK3,0.783643908274234,265,83
ENGI4,201802,ENGI11,0.737935587837781,703,83
ENGI4,201803,AALR3,0.920853677090587,461,85
ENGI4,201803,ALPA3,0.999848036915676,85,85
ENGI4,201803,BBRK3,0.915909431241536,346,85
ENGI4,201803,ENGI11,0.730601414363788,719,85
ENGI4,201804,AALR3,0.905414699782687,481,86
ENGI4,201804,ALPA3,0.999866295937819,86,86
ENGI4,201804,BBRK3,0.93332356645258,379,86
ENGI4,201804,CRFB3,0.747037385676552,529,86
ENGI4,201805,AALR3,0.89959650773716,487,88
ENGI4,201805,ALPA3,0.999854394252438,88,88
ENGI4,201805,BBRK3,0.932158140677456,366,88
ENGI4,201806,AALR3,0.822048804331246,496,95
ENGI4,201806,ALPA3,0.999859825057014,95,95
ENGI4,201806,BBRK3,0.939083669973019,359,95
ENGI4,201806,CRFB3,0.701136378045011,560,95
ENGI4,201807,AALR3,0.816528344426442,501,96
ENGI4,201807,ALPA3,0.999865680018385,97,96
ENGI4,201807,BBRK3,0.755493784350487,363,96
ENGI4,201807,CRFB3,0.798983834708107,583,96
ENGI4,201808,ALPA3,0.999797780858646,89,88
ENGI4,201809,ALPA3,0.999849859970398,88,87
ENGI4,201809,BBRK3,0.773310543464669,368,87
ENGI4,201810,AALR3,0.712105945900801,476,81
ENGI4,201810,ALPA3,0.99985299024876,81,81
ENGI4,201810,BBRK3,0.828454423314075,368,81
ENGI4,201811,AALR3,0.758298264996724,485,80
ENGI4,201811,ALPA3,0.999909777958719,80,80
ENGI4,201811,BBRK3,0.750209858388599,381,80
ENGI4,201812,ALPA3,0.999999803450134,80,80
ENGI4,201901,ALPA3,0.999994135955647,75,75
ENGI4,201902,ALPA3,0.999951928573685,74,74
ENGI4,201903,ALPA3,0.99996540646066,77,77
ENGI4,201904,ALPA3,0.999999997685876,79,79
ENGI4,201904,BBRK3,0.806462204607408,394,79
ENGI4,201905,ALPA3,0.999999915011473,80,80
ENGI4,201905,BBRK3,0.824573843519159,399,80
ENGI4,201906,ALPA3,0.9999883466851,80,80
ENGI4,201906,BBRK3,0.82807312857373,402,80
ENGI4,201906,CRFB3,0.710666814317382,590,80
ENGI4,201907,ALPA3,0.999999859586659,82,82
ENGI4,201907,BBRK3,0.823959074325731,411,82
ENGI4,201908,ALPA3,0.999999862078432,84,84
ENGI4,201908,BBRK3,0.850987102967163,432,84
ENGI4,201909,ALPA3,0.905670264092043,89,89
ENGI4,201909,BBRK3,0.871091921713403,437,89
ENGI4,201909,BIDI3,0.979550715959648,282,89
ENGI4,201909,BIDI4,0.797130040519078,498,89
ENGI4,201910,ALPA3,0.913632183058706,182,95
ENGI4,201910,BBRK3,0.889207061718511,432,95
ENGI4,201910,BIDI3,0.997896030235744,282,95
ENGI4,201911,ALPA3,0.971730273295816,178,97
ENGI4,201911,BBRK3,0.889167156105526,416,97
ENGI4,201911,BIDI3,0.997411923189832,277,97
ENGI4,201911,BIDI4,0.728287002061771,293,97
ENGI4,201911,CRFB3,0.742387513585347,621,97
ENGI4,201912,ALPA3,0.978908429499065,186,106
ENGI4,201912,BBRK3,0.767777072503533,419,106
ENGI4,201912,BIDI3,0.996947795242128,282,106
ENGI4,202001,BBRK3,0.761069259393594,437,121
ENGI4,202001,BIDI3,0.998060481520093,361,121
ENGI4,202001,BIDI4,0.86101988327181,383,121
ENGI4,202002,BBRK3,0.84777885324866,457,123
ENGI4,202002,BIDI3,0.998452477514718,123,123
ENGI4,202002,CSAN3,0.703239391605722,871,123
ENGI4,202003,BBRK3,0.81213459779463,468,124
ENGI4,202003,BIDI3,0.90722609744575,124,124
ENGI4,202003,BIDI4,0.93435521327006,496,124
ENGI4,202003,CSAN3,0.818546813488703,897,124
ENGI4,202004,BBRK3,0.790716104465314,464,125
ENGI4,202004,BIDI3,0.907438268867416,125,125
ENGI4,202004,BIDI4,0.945321291754788,497,125
ENGI4,202004,CSAN3,0.797588522368559,955,125
ENGI4,202005,BBRK3,0.778865828150813,467,138
ENGI4,202005,BIDI3,0.976929810789141,138,138
ENGI4,202005,BIDI4,0.942105990585702,544,138
ENGI4,202005,CSAN3,0.797919069968055,947,138
ENGI4,202006,BBRK3,0.77937329218506,466,142
ENGI4,202006,BIDI3,0.991348853148531,142,142
ENGI4,202006,BIDI4,0.873330443507883,564,142
ENGI4,202006,CSAN3,0.784663135306075,980,142
ENGI4,202007,BBRK3,0.786629672165303,473,145
ENGI4,202007,BIDI3,0.994071285577288,209,145
ENGI4,202007,BIDI4,0.806699238210823,637,145
ENJU3,202104,ALUP11,0.711145561255377,725,766
ENJU3,202112,ALUP11,0.74114662692437,814,820
ENMT3,201702,AALR3,0.705564643248461,374,59
ENMT3,201702,ALPA3,0.991296208024445,57,59
ENMT3,201702,CGAS3,0.873995362843513,206,59
ENMT3,201702,ENGI4,0.991551423522667,57,59
ENMT3,201703,AALR3,0.801456372922864,377,59
ENMT3,201703,ALPA3,0.990822438070111,57,59
ENMT3,201703,CGAS3,0.8471750325428,193,59
ENMT3,201703,ENGI4,0.991037989572918,57,59
ENMT3,201704,AALR3,0.801131666543875,387,59
ENMT3,201704,CGAS3,0.835626853559093,193,59
ENMT3,201704,ENGI4,0.990874991558615,57,59
ENMT3,201705,CGAS3,0.834763963623823,189,59
ENMT3,201705,ENGI4,0.991480052485979,57,59
ENMT3,201706,CGAS3,0.845837725181336,186,62
ENMT3,201706,ENGI4,0.99138339024156,60,62
ENMT3,201707,CGAS3,0.84943321094732,186,63
ENMT3,201707,ENGI4,0.993097421217477,61,63
ENMT3,201708,CGAS3,0.840559388778039,188,64
ENMT3,201708,ENGI4,0.992480301502422,62,64
ENMT3,201709,AALR3,0.878461538416499,403,68
ENMT3,201709,BBRK3,0.881659506985738,178,68
ENMT3,201709,CGAS3,0.848555032963431,193,68
ENMT3,201709,ENGI4,0.993255051503691,66,68
ENMT3,201710,AALR3,0.842160147602998,418,69
ENMT3,201710,ALPA3,0.990656004046625,67,69
ENMT3,201710,BBRK3,0.888947845320394,274,69
ENMT3,201710,CGAS3,0.856878938072663,194,69
ENMT3,201710,ENGI4,0.992808934920238,67,69
ENMT3,201711,AALR3,0.857693696181624,441,74
ENMT3,201711,ALPA3,0.981515776631112,70,74
ENMT3,201711,BBRK3,0.900292132547798,284,74
ENMT3,201711,CGAS3,0.805792156290213,197,74
ENMT3,201711,ENGI4,0.983443202183218,70,74
ENMT4,201702,AALR3,0.708930261338231,374,59
ENMT4,201702,ALPA3,0.996881163857118,57,59
ENMT4,201702,CGAS3,0.878952076158337,206,59
ENMT4,201702,ENGI4,0.997083169344959,57,59
ENMT4,201702,ENMT3,0.997548108141333,59,59
ENMT4,201703,AALR3,0.806074755673617,377,59
ENMT4,201703,ALPA3,0.997225836120188,57,59
ENMT4,201703,CGAS3,0.852752121709844,193,59
ENMT4,201703,ENGI4,0.997396233809799,57,59
ENMT4,201703,ENMT3,0.996977480952254,59,59
ENMT4,201704,AALR3,0.806179042285828,387,59
ENMT4,201704,CGAS3,0.841343863024552,193,59
ENMT4,201704,ENGI4,0.997495469941577,57,59
ENMT4,201704,ENMT3,0.996796564702821,59,59
ENMT4,201705,CGAS3,0.839902421533084,189,59
ENMT4,201705,ENGI4,0.997374932577117,57,59
ENMT4,201705,ENMT3,0.997255094174687,59,59
ENMT4,201706,CGAS3,0.851096817202627,186,62
ENMT4,201706,ENGI4,0.997352642623225,60,62
ENMT4,201706,ENMT3,0.997217200166663,62,62
ENMT4,201707,CGAS3,0.853530177387442,186,63
ENMT4,201707,ENGI4,0.997702684953147,61,63
ENMT4,201707,ENMT3,0.997924265239184,63,63
ENMT4,201708,CGAS3,0.845071065401493,188,64
ENMT4,201708,ENGI4,0.997622012353553,62,64
ENMT4,201708,ENMT3,0.99763073698927,64,64
ENMT4,201709,AALR3,0.881973324276428,403,68
ENMT4,201709,BBRK3,0.885907095005435,178,68
ENMT4,201709,CGAS3,0.851397174937308,193,68
ENMT4,201709,ENGI4,0.997720091552355,66,68
ENMT4,201709,ENMT3,0.997977548822678,68,68
ENMT4,201710,AALR3,0.845769593934551,418,69
ENMT4,201710,ALPA3,0.995969933446326,67,69
ENMT4,201710,BBRK3,0.893696382340957,274,69
ENMT4,201710,CGAS3,0.859575368778545,194,69
ENMT4,201710,ENGI4,0.997696292686622,67,69
ENMT4,201710,ENMT3,0.997734083068636,69,69
ENMT4,201711,AALR3,0.86812356544631,441,74
ENMT4,201711,ALPA3,0.995613354275692,70,74
ENMT4,201711,BBRK3,0.913220901859531,284,74
ENMT4,201711,CGAS3,0.810199890038431,197,74
ENMT4,201711,ENGI4,0.997177940376962,70,74
ENMT4,201711,ENMT3,0.992651824512819,74,74
EQPA3,202001,CRDE3,0.948549890147039,207,101
EQPA3,202002,CRDE3,0.946440610918098,228,113
EQPA3,202003,CRDE3,0.958970001706379,234,119
EQPA3,202004,CRDE3,0.956797896880667,261,121
EQPA3,202005,CRDE3,0.953506944944695,267,128
EQPA3,202006,CRDE3,0.956986408662808,274,139
EQPA3,202007,CRDE3,0.950958056750591,282,141
EQPA3,202008,CRDE3,0.954471937931204,296,149
EQPA3,202009,CRDE3,0.956791016845077,307,151
EQPA3,202010,CRDE3,0.955041108158943,311,157
EQPA3,202011,CRDE3,0.953937460113364,315,174
EQPA3,202012,CRDE3,0.952025402411079,329,188
EQPA3,202101,CRDE3,0.95474893774987,333,192
EQPA3,202102,CRDE3,0.954424870381933,339,183
EQPA3,202103,BPAN4,0.731915610731529,655,184
EQPA3,202103,CRDE3,0.953801017279571,341,184
EQPA3,202104,CRDE3,0.954527376292182,384,189
EQPA3,202105,CESP6,0.724689005067302,1028,208
EQPA3,202105,CRDE3,0.955439644937749,388,208
EQPA3,202106,CESP6,0.746214647077014,1014,208
EQPA3,202106,CRDE3,0.955306103666507,391,208
EQPA3,202107,CESP6,0.722719005884881,999,210
EQPA3,202107,CRDE3,0.953421985098453,393,210
EQPA3,202108,CESP6,0.724762865039389,975,213
EQPA3,202108,CRDE3,0.952944551566014,396,213
EQPA3,202109,CESP6,0.786906168095546,1002,219
EQPA3,202109,CRDE3,0.951647197409685,397,219
EQPA3,202110,CRDE3,0.951522622570113,402,222
EQPA3,202111,CESP6,0.750608269270875,1028,223
EQPA3,202111,CLSA3,0.75928376150328,491,223
EQPA3,202111,CRDE3,0.954084933963222,404,223
EQPA3,202112,CESP6,0.799292878964871,1021,230
EQPA3,202112,CLSA3,0.749399239248532,500,230
EQPA3,202112,CRDE3,0.955850515605943,433,230
EQTL3,201702,BBDC4,0.700004825601261,1052,1038
EQTL3,201702,ELET3,0.830310450812435,797,1038
EQTL3,201703,BBDC4,0.805025214152541,1044,1029
EQTL3,201703,BRML3,0.748479572088732,898,1029
EQTL3,201703,ELET3,0.731627999464294,804,1029
EQTL3,201704,BBDC4,0.846219184218854,1032,1029
EQTL3,201704,ELET3,0.810742736775407,815,1029
EQTL3,201705,BBDC4,0.841598199375129,1024,1020
EQTL3,201705,BRML3,0.84142710892615,877,1020
EQTL3,201706,BBDC4,0.844061206638111,1043,1027
EQTL3,201706,BRML3,0.872037297020043,958,1027
EQTL3,201706,BVMF3,0.704777244390118,1095,1027
EQTL3,201706,ELET3,0.741400426941301,744,1027
EQTL3,201707,BBDC4,0.844904607902811,1019,1010
EQTL3,201707,BRML3,0.827004090860672,933,1010
EQTL3,201707,BVMF3,0.712152457066614,1075,1010
EQTL3,201707,ELET3,0.755611454579421,775,1010
EQTL3,201708,BBDC4,0.858219414604597,1004,1029
EQTL3,201708,BRML3,0.763038782749069,917,1029
EQTL3,201708,BVMF3,0.734033551901524,1090,1029
EQTL3,201708,CRFB3,0.812961905334141,651,1029
EQTL3,201709,BBDC4,0.846556917190611,1005,1022
EQTL3,201709,BRML3,0.851605786348184,919,1022
EQTL3,201709,BVMF3,0.764341440530807,1069,1022
EQTL3,201709,CRFB3,0.715543273715696,700,1022
EQTL3,201710,BBDC4,0.818680783735201,1023,1014
EQTL3,201710,BRML3,0.856858713690769,907,1014
EQTL3,201710,BVMF3,0.778302045333367,1082,1014
EQTL3,201711,BBDC4,0.715396368047363,1040,1015
EQTL3,201711,BRML3,0.853498182633683,912,1015
EQTL3,201711,BVMF3,0.726530659823585,1070,1015
EQTL3,201712,BRML3,0.805759001533144,916,1013
EQTL3,201801,BRML3,0.734259792424723,889,990
EQTL3,201802,BBDC4,0.715660937615702,1024,984
EQTL3,201802,BRML3,0.779393734159568,872,984
EQTL3,201803,BRML3,0.782300616693419,868,971
EQTL3,201804,BRML3,0.776977481231779,844,1001
EQTL3,201805,ALPA4,0.70038099631829,449,987
EQTL3,201805,BRML3,0.804813674630086,843,987
EQTL3,201806,ALPA4,0.705576625493594,432,995
EQTL3,201806,BRML3,0.799739422695769,868,995
EQTL3,201806,CAML3,0.777200936315006,486,995
EQTL3,201807,BRML3,0.763877315091941,882,1024
EQTL3,201807,CAML3,0.796127068509814,450,1024
EQTL3,201808,BRML3,0.724962216906408,904,1022
EQTL3,201808,CAML3,0.799771510245043,454,1022
EQTL3,201809,CAML3,0.779330260198154,478,997
EQTL3,201810,CAML3,0.801296140720692,484,993
EQTL3,201811,CAML3,0.821031197857114,506,1035
EQTL3,201812,B3SA3,0.702153181865447,1107,1022
EQTL3,201901,B3SA3,0.722214509882079,1116,1048
EQTL3,201904,ENEV3,0.822624682332562,478,1118
EQTL3,201905,ENEV3,0.78364443781963,781,1106
EQTL3,201906,ENEV3,0.724108981053036,770,1077
EQTL3,201908,BRML3,0.755069712803174,1061,1071
EQTL3,201908,CSAN3,0.752931766373132,919,1071
EQTL3,201909,BRML3,0.752878266661722,1037,1060
EQTL3,201910,BRML3,0.759094340132682,1040,1071
EQTL3,201911,BRML3,0.76403361863845,1034,1075
EQTL3,202106,CESP6,0.716608039960428,1014,1439
EQTL3,202107,CESP6,0.719806641297898,999,1472
EQTL3,202108,CESP6,0.718429417873804,975,1481
EQTL3,202109,CESP6,0.714804560387391,1002,1492
EQTL3,202112,CESP6,0.72948076199426,1021,1467
ESPA3,202103,BIDI11,0.705672514135264,835,835
ESPA3,202104,BIDI11,0.762738604881514,879,841
ESPA3,202105,BIDI11,0.744816416743483,1210,840
ESPA3,202106,BIDI11,0.771071237353506,1249,814
ESPA3,202107,BIDI11,0.800800527640188,1333,794
ESPA3,202108,BIDI11,0.719574170473554,1356,773
ESPA3,202109,BIDI11,0.727049346316281,1366,779
ESPA3,202110,BRML3,0.702244270781851,1247,846
ESPA3,202110,CESP6,0.71452165736534,1025,846
ESPA3,202111,BRML3,0.729034997795181,1271,808
ESTC3,201708,BRSR6,0.710375759533205,634,783
ESTC3,201801,CVCB3,0.70591009732588,847,916
ESTC3,201802,CVCB3,0.821122881948106,815,925
ESTC3,201803,ABEV3,0.751020096977102,906,908
ESTC3,201804,B3SA3,0.761631088786046,1027,903
ESTC3,201810,ENEV3,0.715923320048232,221,881
ESTC3,201811,ENEV3,0.753134315737421,270,897
ESTC3,201812,CPFE3,0.701123471889415,454,890
ESTC3,201812,CSAN3,0.709946347490779,873,890
ESTC3,201812,CVCB3,0.790283646433379,988,890
ESTC3,201812,ENEV3,0.878022266087095,348,890
ESTC3,201901,CVCB3,0.806654495237478,985,880
ESTC3,201901,ENEV3,0.836955881311545,359,880
ESTC3,201902,ALUP11,0.710256339887823,572,974
ESTC3,201902,CSAN3,0.73572345878724,976,974
ESTC3,201902,CVCB3,0.864320404740723,1000,974
ESTC3,201902,ENEV3,0.89124109814224,523,974
ESTC3,201903,ALUP11,0.796148138600599,576,943
ESTC3,201903,CSAN3,0.750768845187429,963,943
ESTC3,201903,CVCB3,0.869283507830771,979,943
ESTC3,201903,ENEV3,0.861324391494052,466,943
ESTC3,201904,ALUP11,0.8444894253535,612,922
ESTC3,201904,CSAN3,0.756052474790946,933,922
ESTC3,201904,CVCB3,0.869818974298255,979,922
ESTC3,201905,ALUP11,0.84123405095259,532,899
ESTC3,201905,CVCB3,0.858134896841785,971,899
ESTC3,201906,ALUP11,0.764088693491861,531,874
ESTC3,201906,CVCB3,0.808944759040699,967,874
ETER3,201710,CARD3,0.711937462810591,130,114
ETER3,202012,BEEF11,0.999628198459787,165,37
ETER3,202101,AVLL3,0.99267001593449,45,40
ETER3,202101,BEEF11,0.999993778414057,168,40
ETER3,202101,CARD3,0.706650499887376,249,40
ETER3,202102,AVLL3,0.996100289774941,45,185
ETER3,202102,BEEF11,0.999989561452887,194,185
ETER3,202102,CARD3,0.844113145084402,250,185
ETER3,202103,AVLL3,0.996959266191432,45,164
ETER3,202103,BEEF11,0.999575817072698,197,164
ETER3,202103,CARD3,0.873554799547377,90,164
ETER3,202104,AVLL3,0.995560535250335,45,228
ETER3,202104,BEEF11,0.999466478869257,200,228
ETER3,202105,AVLL3,0.996401855545526,45,236
ETER3,202105,BEEF11,0.999304132538889,206,236
ETER3,202106,AVLL3,0.996535101160266,48,96
ETER3,202106,BEEF11,0.999397732033412,199,96
ETER3,202107,AVLL3,0.99618857393114,47,83
ETER3,202107,BEEF11,0.99855369560597,199,83
ETER3,202108,AVLL3,0.997649278006538,47,107
ETER3,202108,BEEF11,0.999420450048612,201,107
ETER3,202109,AVLL3,0.996678954819619,48,108
ETER3,202109,BEEF11,0.99941832534583,201,108
ETER3,202110,AVLL3,0.995891701610839,33,99
ETER3,202110,BEEF11,0.997301645220795,202,99
ETER3,202111,AVLL3,0.995420825410739,34,95
ETER3,202111,BEEF11,0.9947183647943,190,95
ETER3,202112,AVLL3,0.989527141782807,35,86
ETER3,202112,BEEF3,0.766930935319631,1200,86
EUCA4,201702,BRSR6,0.858904753530021,627,276
EUCA4,201702,CPLE3,0.936361327243918,461,276
EUCA4,201702,ECOR3,0.829649487347536,739,276
EUCA4,201703,BRSR6,0.861597676838111,694,285
EUCA4,201703,CPLE3,0.942690112788345,463,285
EUCA4,201703,ECOR3,0.792094254003379,729,285
EUCA4,201704,BRSR6,0.925679231152831,657,304
EUCA4,201704,CPLE3,0.952118434236102,484,304
EUCA4,201704,ECOR3,0.881454383570116,740,304
EUCA4,201705,AZUL4,0.874576471146311,526,302
EUCA4,201705,BRSR6,0.955889397860695,649,302
EUCA4,201705,CPLE3,0.919953968283393,388,302
EUCA4,201705,ECOR3,0.893838438690609,716,302
EUCA4,201706,AZUL4,0.837936846767132,548,303
EUCA4,201706,BRSR6,0.928866827460414,622,303
EUCA4,201706,CPLE3,0.897621782522617,399,303
EUCA4,201707,AZUL4,0.853550718772987,559,303
EUCA4,201707,BRSR6,0.955114231899992,636,303
EUCA4,201707,CPLE3,0.916823478197836,392,303
EUCA4,201708,AZUL4,0.778456190134894,565,325
EUCA4,201708,BRSR6,0.942710284206818,634,325
EUCA4,201708,CPLE3,0.892800573642148,387,325
EUCA4,201708,ECOR3,0.901848104944377,740,325
EUCA4,201709,AZUL4,0.728680108728862,564,329
EUCA4,201709,BRSR6,0.944107813497865,609,329
EUCA4,201709,CPLE3,0.890991076734422,388,329
EUCA4,201709,ECOR3,0.795793974479553,730,329
EUCA4,201710,AZUL4,0.700569215276541,637,339
EUCA4,201710,BRSR6,0.961020939029661,625,339
EUCA4,201710,CPLE3,0.733658813265811,392,339
EUCA4,201711,AZUL4,0.717081914595861,615,341
EUCA4,201711,BRSR6,0.957475102808874,620,341
EUCA4,201711,CRFB3,0.712970761804113,452,341
EUCA4,201712,AZUL4,0.771758352676379,487,339
EUCA4,201712,BRSR6,0.962252400979908,595,339
EUCA4,201712,CESP6,0.773619717822484,651,339
EUCA4,201712,ECOR3,0.97369747541747,808,339
EUCA4,201801,AZUL4,0.718486850797835,511,334
EUCA4,201801,BRSR6,0.946063059776814,615,334
EUCA4,201801,CESP6,0.776504848072949,668,334
EUCA4,201801,ECOR3,0.762760686933926,775,334
EUCA4,201801,ELPL3,0.815817026773944,388,334
EUCA4,201802,BRSR6,0.93901998173067,600,341
EUCA4,201802,CESP6,0.708278095546876,616,341
EUCA4,201802,CPLE3,0.751189783949761,341,341
EUCA4,201802,ECOR3,0.803368922410783,716,341
EUCA4,201802,ELPL3,0.812898135987622,378,341
EUCA4,201803,BPAC11,0.726563894339,375,347
EUCA4,201803,BRSR6,0.923111633930467,568,347
EUCA4,201803,ECOR3,0.832887508015607,691,347
EUCA4,201803,ELPL3,0.924909934079657,429,347
EUCA4,201804,AZUL4,0.752712991981625,572,344
EUCA4,201804,BPAC11,0.726691313396193,467,344
EUCA4,201804,BRSR6,0.90889212474777,593,344
EUCA4,201804,ECOR3,0.832874691243948,730,344
EUCA4,201804,ELPL3,0.866797040468412,500,344
EUCA4,201805,AZUL4,0.821944362350192,495,354
EUCA4,201805,BPAC11,0.827992970077552,472,354
EUCA4,201805,BRSR6,0.925148707998981,622,354
EUCA4,201805,ECOR3,0.806901454332937,741,354
EUCA4,201805,ELPL3,0.862753628660353,594,354
EUCA4,201806,AZUL4,0.899993417229516,507,356
EUCA4,201806,BPAC11,0.831907168140618,433,356
EUCA4,201806,BRSR6,0.931344537639487,612,356
EUCA4,201806,CESP6,0.774608030953752,701,356
EUCA4,201806,ECOR3,0.82533350543566,759,356
EUCA4,201807,BPAC11,0.827070119217373,449,360
EUCA4,201807,BRAP4,0.705204959538762,910,360
EUCA4,201807,BRSR6,0.949114035343265,612,360
EUCA4,201807,CESP6,0.836408083155675,695,360
EUCA4,201807,ECOR3,0.931548694423591,779,360
EUCA4,201808,AZUL4,0.919125321867509,523,356
EUCA4,201808,BPAC11,0.822277009573054,456,356
EUCA4,201808,BRSR6,0.946692428394605,600,356
EUCA4,201808,CESP6,0.8015676328143,708,356
EUCA4,201808,ECOR3,0.914773013455197,806,356
EUCA4,201809,AZUL4,0.936894280685099,573,356
EUCA4,201809,BPAC11,0.810043610796913,515,356
EUCA4,201809,BRSR6,0.956904126601639,598,356
EUCA4,201809,CESP6,0.767913726197612,687,356
EUCA4,201809,ECOR3,0.928933818578992,720,356
EUCA4,201810,BRAP4,0.714822583231104,931,360
EUCA4,201810,BRSR6,0.96993925714845,593,360
EUCA4,201810,CESP6,0.839832572593764,669,360
EUCA4,201810,ECOR3,0.958283708896361,732,360
EUCA4,201811,BRAP4,0.713346769421937,950,360
EUCA4,201811,BRSR6,0.970567011071871,644,360
EUCA4,201811,CESP6,0.802533387898335,717,360
EUCA4,201811,ECOR3,0.958868979261755,826,360
EUCA4,201812,BRAP4,0.776852420220992,963,366
EUCA4,201812,BRSR6,0.97254924144278,639,366
EUCA4,201812,CESP6,0.796291072560392,731,366
EUCA4,201812,ECOR3,0.876117990445243,859,366
EUCA4,201901,BRAP4,0.822522765724778,956,364
EUCA4,201901,BRSR6,0.947266452999067,628,364
EUCA4,201901,CESP6,0.734948350937837,730,364
EUCA4,201901,ECOR3,0.722074530242685,865,364
EUCA4,201902,BRAP4,0.857832107272231,988,377
EUCA4,201902,BRFS3,0.827844135763157,871,377
EUCA4,201902,BRSR6,0.964695231239841,658,377
EUCA4,201902,CESP6,0.827613373460897,775,377
EUCA4,201902,ECOR3,0.707479016638268,893,377
EUCA4,201903,BRAP4,0.773794859837897,980,383
EUCA4,201903,BRDT3,0.789069818211325,985,383
EUCA4,201903,BRFS3,0.827437533763975,856,383
EUCA4,201903,BRSR6,0.951423665426078,627,383
EUCA4,201903,CESP6,0.817420578296648,770,383
EUCA4,201904,BRSR6,0.95060843317206,622,396
EUCA4,201904,CESP6,0.815780834317508,785,396
EUCA4,201905,BRAP4,0.719049087007737,919,400
EUCA4,201905,BRDT3,0.828257816835664,889,400
EUCA4,201905,BRFS3,0.850862046129908,947,400
EUCA4,201905,BRSR6,0.953428425929646,593,400
EUCA4,201905,CESP6,0.824129200428728,820,400
EUCA4,201906,BRAP4,0.767439549873746,895,397
EUCA4,201906,BRDT3,0.864402737581675,850,397
EUCA4,201906,BRFS3,0.881001478766967,949,397
EUCA4,201906,BRSR6,0.96776762663341,610,397
EUCA4,201906,CESP6,0.841986363633828,844,397
EUCA4,201906,CMIG4,0.737310454989601,1019,397
EUCA4,201907,BPAC11,0.777665075675721,793,402
EUCA4,201907,BRAP4,0.813663421206135,912,402
EUCA4,201907,BRFS3,0.83771592896208,973,402
EUCA4,201907,BRSR6,0.972068932708731,657,402
EUCA4,201907,CESP6,0.842221910157389,882,402
EUCA4,201907,CMIG4,0.760508969116334,995,402
EUCA4,201908,BPAC11,0.724423777302168,795,404
EUCA4,201908,BRAP4,0.847175249458723,939,404
EUCA4,201908,BRFS3,0.853407522984712,981,404
EUCA4,201908,BRSR6,0.977168760392981,628,404
EUCA4,201908,CESP6,0.855711682347214,876,404
EUCA4,201908,CMIG4,0.805141828891068,947,404
EUCA4,201909,BRAP4,0.788270464124446,901,405
EUCA4,201909,BRFS3,0.745206617610271,995,405
EUCA4,201909,BRSR6,0.95967372796908,594,405
EUCA4,201909,CESP6,0.863038325042328,841,405
EUCA4,201909,CMIG4,0.854734464784053,946,405
EUCA4,201909,CPFE3,0.750446860381905,837,405
EUCA4,201910,BRAP4,0.761079162407147,943,407
EUCA4,201910,BRFS3,0.863878733526615,1004,407
EUCA4,201910,BRSR6,0.950496162947807,628,407
EUCA4,201910,CESP6,0.811478848731377,873,407
EUCA4,201910,CMIG3,0.805080073673829,694,407
EUCA4,201910,CMIG4,0.847550168917575,940,407
EUCA4,201911,BEEF11,0.94943465135809,204,289
EUCA4,201912,BEEF11,0.988840361896637,183,297
EUCA4,202001,BEEF11,0.992235407223905,188,430
EUCA4,202002,BEEF11,0.993871627959501,190,438
EUCA4,202002,CARD3,0.95007167879304,29,438
EUCA4,202003,BEEF11,0.993763884401478,148,306
EUCA4,202004,BEEF11,0.994952628857616,148,307
EUCA4,202005,BEEF11,0.992198976890716,173,315
EUCA4,202006,BEEF11,0.993612193060241,146,315
EUCA4,202006,CARD3,0.929707391907655,51,315
EUCA4,202006,CLSC4,0.995339691610194,31,315
EUCA4,202007,BEEF11,0.993722898388627,149,323
EUCA4,202007,CARD3,0.904923034690682,57,323
EUCA4,202007,CLSC4,0.995605444355413,31,323
EUCA4,202008,BEEF11,0.997901550156873,150,326
EUCA4,202008,CARD3,0.940026453148332,59,326
EUCA4,202008,CLSC4,0.998270689259678,179,326
EUCA4,202009,BEEF11,0.998513350095343,152,325
EUCA4,202009,CARD3,0.945492479991072,62,325
EUCA4,202010,BEEF11,0.998310561568183,163,337
EUCA4,202010,CARD3,0.877964074878097,68,337
EUCA4,202011,BEEF11,0.997564011189594,162,351
EUCA4,202012,BEEF11,0.997065664644008,165,356
EUCA4,202012,ETER3,0.997402226480099,37,356
EUCA4,202101,AVLL3,0.989750742963496,45,358
EUCA4,202101,BEEF11,0.993896606697811,168,358
EUCA4,202101,CARD3,0.702450571182403,249,358
EUCA4,202101,ETER3,0.99389939690496,40,358
EUCA4,202102,AVLL3,0.993657164125744,45,365
EUCA4,202102,BEEF11,0.995610523167687,194,365
EUCA4,202102,CARD3,0.840483566966421,250,365
EUCA4,202102,ETER3,0.995614124891825,185,365
EUCA4,202103,AVLL3,0.994644123837091,45,366
EUCA4,202103,BEEF11,0.99556216011575,197,366
EUCA4,202103,CARD3,0.867534728271966,90,366
EUCA4,202103,ETER3,0.995272848388341,164,366
EUCA4,202104,AVLL3,0.983270356134822,45,369
EUCA4,202104,BEEF11,0.983387258872729,200,369
EUCA4,202104,ETER3,0.983654109848907,228,369
EUCA4,202110,AVLL3,0.990532976283535,33,348
EUCA4,202110,BEEF11,0.989262305992841,202,348
EUCA4,202110,ETER3,0.991259874825929,99,348
EUCA4,202111,AVLL3,0.992519403695366,34,352
EUCA4,202111,BEEF11,0.98963268249306,190,352
EUCA4,202111,ETER3,0.994453689361231,95,352
EUCA4,202112,AVLL3,0.991374261601003,35,365
EUCA4,202112,BEEF3,0.755441729042527,1200,365
EUCA4,202112,ETER3,0.989113163936146,86,365
EVEN3,201702,CSAN3,0.79245166794073,871,542
EVEN3,201703,ALUP11,0.733493512145102,568,572
EVEN3,201703,BEEF3,0.891299651425513,540,572
EVEN3,201704,ALUP11,0.816917318976106,574,490
EVEN3,201704,BEEF3,0.913866338780552,562,490
EVEN3,201705,ALUP11,0.740032326649375,705,389
EVEN3,201705,BEEF3,0.776694680547943,577,389
EVEN3,201706,ALUP11,0.790606651045002,638,384
EVEN3,201708,BEEF3,0.715191722412823,437,466
EVEN3,201710,ALUP11,0.798926598962425,597,508
EVEN3,201710,BEEF3,0.7820522049476,426,508
EVEN3,201711,ALUP11,0.78489620122351,605,500
EVEN3,201711,BBDC3,0.768985786491545,697,500
EVEN3,201711,BEEF3,0.856306214151651,465,500
EVEN3,201712,ALUP11,0.740112495094781,614,521
EVEN3,201712,BBDC3,0.76048890499886,727,521
EVEN3,201712,BEEF3,0.827631938736535,395,521
EVEN3,201801,AMAR3,0.703024713672929,511,531
EVEN3,201801,ANIM3,0.722984723615089,437,531
EVEN3,201801,CAML3,0.811869397620288,575,531
EVEN3,201801,ELET3,0.732483235395597,859,531
EVEN3,201801,ELET6,0.734727867915834,864,531
EVEN3,201803,BEEF3,0.780272213329182,432,529
EVEN3,201804,BBDC3,0.838586724717513,756,489
EVEN3,201804,BEEF3,0.932222549055115,424,489
EVEN3,201805,ALUP11,0.722349753974939,545,495
EVEN3,201805,BBDC3,0.859333530641545,822,495
EVEN3,201805,BEEF3,0.965302062660375,388,495
EVEN3,201806,BBDC3,0.891199181377301,826,432
EVEN3,201806,BEEF3,0.953538776468799,491,432
EVEN3,201807,BBDC3,0.895688288705895,843,379
EVEN3,201807,BEEF3,0.960190868683011,501,379
EVEN3,201808,BBDC3,0.856667085309396,853,361
EVEN3,201808,BEEF3,0.965674766502522,471,361
EVEN3,201809,BBDC3,0.790347529988021,834,282
EVEN3,201809,BEEF3,0.941354743067026,441,282
EVEN3,201810,BBDC3,0.798054294608892,838,279
EVEN3,201810,BEEF3,0.956512586216292,415,279
EVEN3,201811,BEEF3,0.911058006000999,447,316
EVEN3,201812,BEEF3,0.831517752787099,430,424
EVEN3,201901,BEEF3,0.794601503546035,414,494
EVEN3,201902,BEEF3,0.742746863215835,437,556
EVEN3,201906,ALPA4,0.759891203358805,590,481
EVEN3,201906,BRML3,0.758001489726177,982,481
EVEN3,201906,CAML3,0.773680768049522,445,481
EVEN3,201907,ALPA4,0.725731410682597,623,570
EVEN3,201907,BRML3,0.735654833445854,1005,570
EVEN3,202004,AMAR3,0.755212228206468,583,499
EVEN3,202105,BRPR3,0.753370794520787,576,676
EVEN3,202105,DIRR3,0.734640899184614,547,676
EVEN3,202106,BRPR3,0.840323389523513,586,713
EVEN3,202106,DIRR3,0.783807428673529,583,713
EVEN3,202107,BRPR3,0.87375849482345,586,673
EVEN3,202107,DIRR3,0.82136607095415,609,673
EVEN3,202108,BRPR3,0.879955064055069,558,689
EVEN3,202108,CCPR3,0.718682372349339,504,689
EVEN3,202109,BRPR3,0.895207327776303,587,697
EVEN3,202110,BRPR3,0.89005735486722,603,698
EVEN3,202111,BRPR3,0.914488820485104,573,679
EVEN3,202112,BBDC3,0.719907636778823,1154,730
EVEN3,202112,BRPR3,0.90717581332659,626,730
EZTC3,201808,BRDT3,0.737449364191417,542,513
EZTC3,201903,CYRE3,0.737696608374807,989,587
EZTC3,201904,CYRE3,0.835623549378065,945,566
EZTC3,201905,CYRE3,0.851315905486488,947,488
EZTC3,201906,CYRE3,0.864230277873464,952,462
EZTC3,201907,BTOW3,0.762472694240623,843,616
EZTC3,201907,CCRO3,0.795256260644067,868,616
EZTC3,201907,CYRE3,0.846883344709515,985,616
EZTC3,201907,ENGI11,0.761695442552586,799,616
EZTC3,201908,CCRO3,0.770630539392344,873,727
EZTC3,201908,CYRE3,0.88095372062733,999,727
EZTC3,201908,EGIE3,0.794202481761689,789,727
EZTC3,201908,ENGI11,0.800863776636072,787,727
EZTC3,201909,CCRO3,0.752573530001568,874,750
EZTC3,201909,EGIE3,0.854744347756428,805,750
EZTC3,201909,ENGI11,0.845095382282507,764,750
EZTC3,201910,ARZZ3,0.702636007798325,724,764
EZTC3,201910,CCPR3,0.919088759346781,310,764
EZTC3,201910,CCRO3,0.770886227592111,888,764
EZTC3,201910,EGIE3,0.875878465352863,820,764
EZTC3,201910,ELET3,0.704939544539171,964,764
EZTC3,201910,ENGI11,0.916697952848154,771,764
EZTC3,201911,ABEV3,0.762305405597557,907,753
EZTC3,201911,ARZZ3,0.708197093448381,718,753
EZTC3,201911,CCPR3,0.911760426133814,638,753
EZTC3,201911,CCRO3,0.740127452957669,868,753
EZTC3,201911,CEAB3,0.915679527619355,638,753
EZTC3,201911,EGIE3,0.858165903590661,844,753
EZTC3,201911,ENGI11,0.923067726336611,768,753
EZTC3,201912,ABEV3,0.806257551975723,896,716
EZTC3,201912,ARZZ3,0.76038517450991,595,716
EZTC3,201912,CCPR3,0.915807914143224,611,716
EZTC3,201912,CEAB3,0.921075708623195,618,716
EZTC3,201912,EGIE3,0.811976750947325,841,716
EZTC3,201912,ENGI11,0.930215698717792,768,716
EZTC3,202001,ABEV3,0.79343171724888,902,740
EZTC3,202001,CCPR3,0.948722833671526,608,740
EZTC3,202001,CCRO3,0.768169858214988,883,740
EZTC3,202001,CEAB3,0.953362356541055,622,740
EZTC3,202001,DTEX3,0.732012089653474,607,740
EZTC3,202001,EGIE3,0.784177354676573,864,740
EZTC3,202001,ENGI11,0.939096062655446,796,740
EZTC3,202002,CCPR3,0.916642750094773,565,760
EZTC3,202002,CEAB3,0.911753235177365,545,760
EZTC3,202002,COGN3,0.788249602544275,940,760
EZTC3,202002,CRFB3,0.708122890815648,848,760
EZTC3,202002,DTEX3,0.81397061224942,629,760
EZTC3,202002,ENGI11,0.915501383139567,812,760
EZTC3,202003,CCPR3,0.857556476816904,551,771
EZTC3,202003,CCRO3,0.745577295418255,898,771
EZTC3,202003,CEAB3,0.820343981812628,572,771
EZTC3,202003,CRFB3,0.738249336122228,844,771
EZTC3,202003,DTEX3,0.786825597798422,580,771
EZTC3,202003,ENGI11,0.876700732570858,777,771
EZTC3,202004,CCPR3,0.830204851295498,523,746
EZTC3,202004,CCRO3,0.707929613989561,951,746
EZTC3,202004,CEAB3,0.819466635004175,636,746
EZTC3,202004,CRFB3,0.705411654887578,906,746
EZTC3,202004,DTEX3,0.76817306962607,583,746
EZTC3,202004,ENGI11,0.857853314127857,839,746
EZTC3,202005,CCPR3,0.848923511963184,505,720
EZTC3,202005,CCRO3,0.79756842392639,942,720
EZTC3,202005,CEAB3,0.823193379208901,616,720
EZTC3,202005,DTEX3,0.772932885095358,581,720
EZTC3,202005,ENGI11,0.819541178901992,1020,720
EZTC3,202006,CCPR3,0.825980443045052,507,694
EZTC3,202006,CCRO3,0.801980007127072,972,694
EZTC3,202006,CEAB3,0.784153204510164,636,694
EZTC3,202006,DTEX3,0.716024298862053,583,694
EZTC3,202006,ENGI11,0.798866787881919,1049,694
EZTC3,202007,CCPR3,0.843634676376203,515,724
EZTC3,202007,CCRO3,0.795161390577864,966,724
EZTC3,202007,CEAB3,0.801016585384262,621,724
EZTC3,202007,CRFB3,0.78985897745527,940,724
EZTC3,202007,ENGI11,0.849591091811517,996,724
EZTC3,202008,CCPR3,0.831241023017686,505,686
EZTC3,202008,CEAB3,0.780576729586491,654,686
EZTC3,202008,CRFB3,0.737457968661066,995,686
EZTC3,202008,ENGI11,0.865350874991944,1027,686
EZTC3,202009,CCPR3,0.811496583079457,505,741
EZTC3,202009,CEAB3,0.755750617642036,591,741
EZTC3,202009,CRFB3,0.775701655219269,959,741
EZTC3,202009,ENGI11,0.843284929680922,1007,741
EZTC3,202010,CCPR3,0.853945330159355,509,1019
EZTC3,202010,CEAB3,0.783844048912359,583,1019
EZTC3,202010,CURY3,0.838975511139345,573,1019
EZTC3,202010,ENGI11,0.734192521841639,1043,1019
EZTC3,202011,CCPR3,0.845896332087846,516,1015
EZTC3,202011,CEAB3,0.778596253207208,608,1015
EZTC3,202011,CURY3,0.834063114337807,561,1015
EZTC3,202011,ENGI11,0.706071436538613,1045,1015
EZTC3,202012,CCPR3,0.709759204006604,517,1012
EZTC3,202012,CEAB3,0.73450977044581,633,1012
EZTC3,202012,CURY3,0.793837680195228,562,1012
EZTC3,202101,CEAB3,0.738911627140306,598,1041
EZTC3,202101,CURY3,0.794325956694636,574,1041
EZTC3,202103,ENJU3,0.751189937138384,729,1118
EZTC3,202104,ENJU3,0.783334648576198,766,1111
EZTC3,202105,ENJU3,0.749083246733934,802,1107
FESA4,201702,CGRA4,0.993787787412616,147,50
FESA4,201703,CGRA4,0.899470558551152,148,26
FESA4,201704,CGRA4,0.913314015973784,151,27
FESA4,201705,CGRA4,0.876199783481286,148,46
FESA4,201706,CGRA4,0.728185495425325,146,48
FESA4,201707,CLSC4,0.796987775312245,235,47
FESA4,201708,CLSC4,0.802122075976359,231,51
FESA4,201709,CARD3,0.786100914253445,126,42
FESA4,201709,CLSC4,0.817605031256127,229,42
FESA4,201710,CARD3,0.79133293154941,130,41
FESA4,201710,CLSC4,0.793814908652705,229,41
FESA4,201711,CARD3,0.73677840242022,134,50
FESA4,201712,CARD3,0.70015892063177,218,214
FESA4,202011,BMGB4,0.738282639788924,531,70
FESA4,202012,AGRO3,0.765161137158729,109,73
FESA4,202101,CARD3,0.854909299068068,249,75
FESA4,202102,CARD3,0.731947899560694,250,91
FHER3,201905,COCE5,0.786591247198229,242,76
FHER3,201906,COCE5,0.765434936587915,381,76
FHER3,201907,COCE5,0.76646667239778,381,79
FHER3,201908,COCE5,0.746535447608307,381,80
FHER3,202002,DMMO3,0.706450269754841,118,41
FHER3,202003,DMMO3,0.722083915424039,113,42
FHER3,202105,BPAC3,0.864520779758076,58,252
FHER3,202106,BPAC3,0.762558877421247,57,85
FIBR3,201702,EGIE3,0.929106218470294,719,767
FIBR3,201703,EGIE3,0.773746385425851,700,769
FIBR3,201707,BRAP3,0.702569515120035,414,753
FIBR3,201802,BTOW3,0.742338795009741,641,847
FIBR3,201807,CPRE3,0.705393065727789,432,916
FIBR3,201808,CPRE3,0.712965308415442,432,950
FJTA4,201904,FESA4,0.707239417874496,42,25
FJTA4,201905,FESA4,0.716090788636935,37,21
FJTA4,201910,DMMO3,0.761651772444454,391,384
FLRY3,201703,EZTC3,0.709590696981362,592,606
FLRY3,201810,BRFS3,0.727785765478907,834,807
FLRY3,201903,EZTC3,0.71788733397078,587,825
FLRY3,201904,CYRE3,0.754233179575443,945,831
FLRY3,201904,EZTC3,0.843033732498072,566,831
FLRY3,201905,CYRE3,0.835714154412301,947,848
FLRY3,201905,EZTC3,0.926252125553295,488,848
FLRY3,201906,CYRE3,0.85476453074814,952,789
FLRY3,201906,EZTC3,0.92948226921819,462,789
FLRY3,201907,BTOW3,0.801701004923023,843,814
FLRY3,201907,CCRO3,0.859332748266829,868,814
FLRY3,201907,CYRE3,0.803113145609657,985,814
FLRY3,201907,ENGI11,0.756873138013504,799,814
FLRY3,201907,EZTC3,0.921204505136081,616,814
FLRY3,201908,CCRO3,0.817741741394352,873,872
FLRY3,201908,CYRE3,0.845767543000421,999,872
FLRY3,201908,EGIE3,0.821163576698978,789,872
FLRY3,201908,ENGI11,0.773638149176978,787,872
FLRY3,201908,EZTC3,0.915328451755157,727,872
FLRY3,201909,EZTC3,0.782215458094922,750,872
FLRY3,201910,CCPR3,0.739946212970512,310,872
FLRY3,201910,CCRO3,0.721611012988781,888,872
FLRY3,201910,EGIE3,0.753869850795063,820,872
FLRY3,201910,ENGI11,0.75774841327222,771,872
FLRY3,201910,EZTC3,0.817912969020573,764,872
FLRY3,201911,ABEV3,0.737106943203769,907,867
FLRY3,201911,CCPR3,0.784983710962136,638,867
FLRY3,201911,CCRO3,0.733917729446811,868,867
FLRY3,201911,CEAB3,0.776506104761634,638,867
FLRY3,201911,EGIE3,0.789119963187752,844,867
FLRY3,201911,ENGI11,0.819361450240818,768,867
FLRY3,201911,EZTC3,0.859173873724753,753,867
FLRY3,201912,ABEV3,0.760605803289726,896,876
FLRY3,201912,ARZZ3,0.709679063743556,595,876
FLRY3,201912,CCPR3,0.784404971087942,611,876
FLRY3,201912,CEAB3,0.768608171392766,618,876
FLRY3,201912,EGIE3,0.759315766904719,841,876
FLRY3,201912,ENGI11,0.810765418848202,768,876
FLRY3,201912,EZTC3,0.845804323996425,716,876
FLRY3,202001,ABEV3,0.814096919694428,902,896
FLRY3,202001,CCPR3,0.811489697266183,608,896
FLRY3,202001,CCRO3,0.78660370447298,883,896
FLRY3,202001,CEAB3,0.802011010395735,622,896
FLRY3,202001,DTEX3,0.743285457985817,607,896
FLRY3,202001,EGIE3,0.741271923150899,864,896
FLRY3,202001,ENGI11,0.83577202935062,796,896
FLRY3,202001,EZTC3,0.849427828675715,740,896
FLRY3,202002,CCPR3,0.701431452728006,565,877
FLRY3,202002,DTEX3,0.848142311659198,629,877
FLRY3,202002,ENGI11,0.722716127756875,812,877
FLRY3,202002,EZTC3,0.729910564634904,760,877
FLRY3,202003,DTEX3,0.850190184348917,580,891
FLRY3,202003,ENGI11,0.720010226936367,777,891
FLRY3,202004,CCPR3,0.785369938871766,523,960
FLRY3,202004,CCRO3,0.816614446114098,951,960
FLRY3,202004,CEAB3,0.775345469793777,636,960
FLRY3,202004,CRFB3,0.76185727924926,906,960
FLRY3,202004,DTEX3,0.810910610903797,583,960
FLRY3,202004,ENGI11,0.817362715670838,839,960
FLRY3,202004,EZTC3,0.734403073416267,746,960
FLRY3,202005,CCPR3,0.904806957572376,505,946
FLRY3,202005,CCRO3,0.88943606933055,942,946
FLRY3,202005,CEAB3,0.897178103329365,616,946
FLRY3,202005,CRFB3,0.718114656717304,927,946
FLRY3,202005,DTEX3,0.877280589381957,581,946
FLRY3,202005,ENGI11,0.85428837121695,1020,946
FLRY3,202005,EZTC3,0.810953580879301,720,946
FLRY3,202006,CCPR3,0.910363515831047,507,936
FLRY3,202006,CCRO3,0.897650202469364,972,936
FLRY3,202006,CEAB3,0.880360287514549,636,936
FLRY3,202006,CRFB3,0.7665151617147,946,936
FLRY3,202006,DTEX3,0.784996628193332,583,936
FLRY3,202006,ENGI11,0.860666156264705,1049,936
FLRY3,202006,EZTC3,0.788701422231332,694,936
FLRY3,202103,AZUL4,0.747842877500024,1043,1040
FLRY3,202103,DMMO3,0.71282631959224,283,1040
FLRY3,202108,AZUL4,0.723428563191492,1077,1019
FLRY3,202108,COGN3,0.748769023671749,1061,1019
FLRY3,202109,AALR3,0.753737259336779,494,1064
FLRY3,202109,COGN3,0.809726374958838,1077,1064
FLRY3,202110,AALR3,0.713720908187026,450,1131
FLRY3,202110,COGN3,0.799592850459818,1163,1131
FLRY3,202110,FESA4,0.719153551248977,478,1131
FLRY3,202111,COGN3,0.806892644164648,1186,1163
FRAS3,201702,BRFS3,0.856094256935814,863,20
FRAS3,201703,BRFS3,0.84274691682702,854,20
FRAS3,201704,BRFS3,0.8818523207817,904,20
FRAS3,202105,CGRA4,0.946232552425015,332,68
FRAS3,202106,CGRA4,0.78645101622362,20,20
FRAS3,202108,CPLE11,0.750646902970258,434,62
GETT11,202111,BMOB3,0.872011202698904,570,968
GETT11,202112,BMOB3,0.774957081568601,618,681
GETT4,202111,GETT3,0.999999999939146,71,71
GFSA3,201703,BRPR3,0.832446084791927,364,478
GFSA3,201704,BRPR3,0.732925324964588,384,487
GFSA3,201905,FJTA4,0.780213923671421,21,49
GFSA3,202011,ENAT3,0.713344525501076,426,290
GFSA3,202012,ENAT3,0.742015110977467,437,277
GFSA3,202101,ENAT3,0.769089833446801,413,248
GFSA3,202102,ENAT3,0.798105551133757,439,345
GFSA3,202103,ENAT3,0.876146239289764,474,366
GFSA3,202104,ENAT3,0.855044002951358,519,447
GFSA3,202105,ENAT3,0.852719937956358,523,451
GFSA3,202106,ENAT3,0.925531429079188,538,473
GFSA3,202107,BBTG11,0.957565070001519,43,530
GFSA3,202107,ENAT3,0.932183622388072,569,530
GFSA3,202108,ENAT3,0.863652731515596,557,471
GGBR3,201702,BRSR6,0.792076539462362,627,394
GGBR3,201702,CPLE3,0.868264349352518,461,394
GGBR3,201702,ECOR3,0.770028077618014,739,394
GGBR3,201702,EUCA4,0.909236615563458,276,394
GGBR3,201703,BRSR6,0.844871045638409,694,370
GGBR3,201703,CPLE3,0.960615967370557,463,370
GGBR3,201703,ECOR3,0.782868320745671,729,370
GGBR3,201703,EUCA4,0.960988879433805,285,370
GGBR3,201704,BRSR6,0.887739067070241,657,484
GGBR3,201704,CPLE3,0.977648790388028,484,484
GGBR3,201704,ECOR3,0.866235743255466,740,484
GGBR3,201704,EUCA4,0.946027458373687,304,484
GGBR3,201705,AZUL4,0.777006547963189,526,478
GGBR3,201705,BRSR6,0.853367513751257,649,478
GGBR3,201705,CPLE3,0.923126069865742,388,478
GGBR3,201705,ECOR3,0.846313039904973,716,478
GGBR3,201705,EUCA4,0.882696456687235,302,478
GGBR3,201706,BRSR6,0.729779051703715,622,478
GGBR3,201706,CPLE3,0.851649847863164,399,478
GGBR3,201706,EUCA4,0.77738560791242,303,478
GGBR3,201707,BRSR6,0.764307919235901,636,460
GGBR3,201707,CPLE3,0.864207532980893,392,460
GGBR3,201707,EUCA4,0.794825346137154,303,460
GGBR3,201708,CPRE3,0.763325743347245,412,386
GGBR3,201804,CESP3,0.97335182218876,24,107
GGBR3,201805,CESP3,0.974351906368895,99,106
GGBR3,201806,CESP3,0.714230711373904,99,113
GGBR3,201807,CESP3,0.770497199309355,95,303
GGBR3,201906,ELPL3,0.922603205799055,229,431
GGBR3,202001,ALPA3,0.975453385762118,198,182
GGBR3,202002,ALPA3,0.970154130164537,201,185
GGBR3,202003,ALPA3,0.951284988900208,204,187
GGBR3,202004,ALPA3,0.973274109996815,206,188
GGBR3,202005,ALPA3,0.978936396635159,218,186
GGBR3,202006,ALPA3,0.982646509032428,221,376
GGBR3,202006,CPRE3,0.996708653783116,21,376
GGBR3,202007,ALPA3,0.982738829287286,222,322
GGBR3,202008,ALPA3,0.98213171194719,224,331
GGBR3,202009,ALPA3,0.981300814618613,226,351
GGBR3,202010,ALPA3,0.982701229431231,226,366
GGBR3,202011,ALPA3,0.985182837972411,229,369
GGBR3,202012,ALPA3,0.984145655404045,230,413
GGBR3,202101,ALPA3,0.980718252289101,229,414
GGBR3,202102,ALPA3,0.980033319752311,230,414
GGBR3,202103,ALPA3,0.97271098379244,387,419
GGBR3,202104,ALPA3,0.973183618003905,227,462
GGBR3,202105,ALPA3,0.978854778426816,229,421
GGBR3,202106,ALPA3,0.977620138507648,228,444
GGBR3,202107,ALPA3,0.96564230589658,230,407
GGBR3,202108,ALPA3,0.972927346263869,235,420
GGBR3,202109,ALPA3,0.973522811695178,237,423
GGBR3,202110,ALPA3,0.952111281225313,238,426
GGBR3,202111,ALPA3,0.960783079513628,239,463
GGBR3,202112,ALPA3,0.969834001434604,262,481
GGBR4,201703,CSNA3,0.706555030697124,703,889
GGBR4,201707,CSNA3,0.743031364701991,605,793
GGBR4,201709,CYRE3,0.732031664882821,789,810
GGBR4,201710,CYRE3,0.702707794110634,812,839
GGBR4,201802,BRSR6,0.703495253719119,600,857
GGBR4,201803,BRSR6,0.774373557376414,568,851
GGBR4,201805,BRSR6,0.764112322750215,622,944
GGBR4,201805,EUCA4,0.730155905463577,354,944
GGBR4,201806,BRSR6,0.719243635267295,612,955
GGBR4,201807,BRSR6,0.717123426413893,612,977
GGBR4,201807,CESP6,0.715061545514418,695,977
GGBR4,201808,AZUL4,0.716433081372763,523,993
GGBR4,201808,BRSR6,0.723885575796788,600,993
GGBR4,201808,EUCA4,0.713649125712385,356,993
GGBR4,201811,BRDT3,0.730071186219349,764,989
GGBR4,201811,CSMG3,0.759101425652961,745,989
GGBR4,201901,ESTC3,0.788552849817769,880,1000
GGBR4,201902,CVCB3,0.734489411137554,1000,1009
GGBR4,201903,CVCB3,0.804023631238595,979,962
GGBR4,201903,ESTC3,0.736050585918622,943,962
GGBR4,201908,CYRE3,0.701292295496236,999,919
GGBR4,201908,EGIE3,0.707488770104308,789,919
GGBR4,201908,EZTC3,0.765638881089872,727,919
GGBR4,201908,FLRY3,0.797671816730681,872,919
GGBR4,201909,EZTC3,0.742446270977904,750,893
GGBR4,201910,CCPR3,0.784442472360333,310,911
GGBR4,201910,EGIE3,0.762476774679506,820,911
GGBR4,201910,ENGI11,0.766173213305917,771,911
GGBR4,201910,EZTC3,0.791659983785062,764,911
GGBR4,201911,ABEV3,0.77789698425913,907,921
GGBR4,201911,CCPR3,0.822702525276908,638,921
GGBR4,201911,CEAB3,0.841329852513838,638,921
GGBR4,201911,EGIE3,0.727720509754493,844,921
GGBR4,201911,ENGI11,0.764878976467919,768,921
GGBR4,201911,EZTC3,0.785808345689439,753,921
GGBR4,202001,BTOW3,0.775748589746355,931,995
GGBR4,202002,BRFS3,0.766735063733002,930,985
GGBR4,202004,CRFB3,0.794723050060756,906,1017
GGBR4,202004,DTEX3,0.717943631994347,583,1017
GGBR4,202004,ENGI11,0.735076468589137,839,1017
GGBR4,202011,CCPR3,0.783077672467173,516,1136
GGBR4,202011,CEAB3,0.724183959070381,608,1136
GGBR4,202011,CURY3,0.737630588400973,561,1136
GGBR4,202011,EZTC3,0.707283690388213,1015,1136
GGBR4,202012,CEAB3,0.709006842975916,633,1147
GGBR4,202012,CURY3,0.730388437950825,562,1147
GGBR4,202102,ABEV3,0.860309205393483,1107,1259
GGBR4,202102,ALPK3,0.826324191400505,230,1259
GGBR4,202102,ANIM3,0.832290464537832,796,1259
GGBR4,202102,BKBR3,0.7907066353784,629,1259
GGBR4,202102,BRML3,0.753350005239662,1120,1259
GGBR4,202102,ENEV3,0.735524367312255,1201,1259
GGBR4,202109,BBDC4,0.710309153024349,1336,1377
GGBR4,202110,ABEV3,0.727453169352919,1296,1413
GGBR4,202111,ABEV3,0.761685486326183,1320,1468
GGBR4,202111,ALPA4,0.702602544418135,1321,1468
GGBR4,202111,ALPK3,0.768260562125775,243,1468
GGBR4,202112,ALPA4,0.732244716681486,1329,1465
GGBR4,202112,ALPK3,0.808915936996534,248,1465
GGBR4,202112,BKBR3,0.806580060019545,740,1465
GGBR4,202112,BRBI11,0.704580180029643,531,1465
GGBR4,202112,ENEV3,0.719805843464991,1341,1465
GGPS3,202109,EQTL3,0.737579034689588,1492,785
GGPS3,202110,BPAC11,0.71404607355742,1503,799
GGPS3,202110,EQTL3,0.780541821189788,1483,799
GGPS3,202111,EQTL3,0.802766438617686,1451,809
GGPS3,202112,EQTL3,0.786170173262845,1467,827
GMAT3,202102,CRDE3,0.734021879976708,339,788
GMAT3,202103,CRDE3,0.71655423507006,341,799
GMAT3,202104,CRDE3,0.708873261845904,384,812
GMAT3,202105,CRDE3,0.739929912311497,388,865
GMAT3,202106,CRDE3,0.722600874217536,391,848
GMAT3,202107,CRDE3,0.758546384048858,393,871
GMAT3,202107,EQPA3,0.706368691045211,210,871
GMAT3,202108,CRDE3,0.811008229331789,396,798
GMAT3,202108,EQPA3,0.765289011660101,213,798
GMAT3,202109,CESP6,0.749186515834191,1002,861
GMAT3,202109,CRDE3,0.845452891693855,397,861
GMAT3,202109,EQPA3,0.798720331660814,219,861
GMAT3,202110,CRDE3,0.811349771258426,402,828
GMAT3,202110,EQPA3,0.765895487669702,222,828
GMAT3,202111,CESP6,0.710544313175176,1028,833
GMAT3,202111,CLSA3,0.703531087352403,491,833
GMAT3,202111,CRDE3,0.859845446850734,404,833
GMAT3,202111,EQPA3,0.810043130151205,223,833
GMAT3,202112,CESP6,0.75618816736973,1021,869
GMAT3,202112,CRDE3,0.860983489695896,433,869
GMAT3,202112,EQPA3,0.81437546026192,230,869
GNDI3,201807,AZUL4,0.730477397857335,502,530
GNDI3,201809,ALPA3,0.771878485040325,88,431
GNDI3,201809,ENGI4,0.77158364372981,87,431
GNDI3,201810,ALPA3,0.825844464548003,81,432
GNDI3,201810,ENGI4,0.825514572077645,81,432
GNDI3,201811,ALPA3,0.853384767633227,80,462
GNDI3,201811,ENGI4,0.853244610095065,80,462
GNDI3,201901,ALPA3,0.76367715062189,75,612
GNDI3,201901,ENGI4,0.763806830487546,75,612
GNDI3,201905,CRFB3,0.788382564632011,621,564
GNDI3,201906,CGRA4,0.770553371709799,306,562
GNDI3,201907,CEBR3,0.785989316231054,96,719
GNDI3,201907,CGRA4,0.786927678997396,310,719
GNDI3,202007,BPAC11,0.731153379528342,1174,1194
GNDI3,202008,BPAC11,0.751379065008511,1191,1226
GNDI3,202009,B3SA3,0.701144822579845,1292,1258
GNDI3,202009,BPAC11,0.823395848160005,1184,1258
GNDI3,202010,BPAC11,0.823222605697121,1206,1246
GNDI3,202011,BPAC11,0.833619010350328,1214,1235
GNDI3,202012,B3SA3,0.802420264312256,1393,1274
GNDI3,202012,BPAC11,0.819654952940198,1215,1274
GNDI3,202101,B3SA3,0.767274198985262,1423,1379
GNDI3,202101,BPAC11,0.78063319191973,1259,1379
GNDI3,202102,B3SA3,0.775678942775168,1429,1433
GNDI3,202102,BPAC11,0.803762178035199,1330,1433
GNDI3,202103,B3SA3,0.73654406976629,1461,1436
GNDI3,202103,BPAC11,0.800446984610969,1388,1436
GNDI3,202104,B3SA3,0.710611786529034,1463,1472
GNDI3,202104,BPAC11,0.799451760052846,1418,1472
GNDI3,202105,BPAC11,0.795521340354941,1440,1477
GNDI3,202106,BPAC11,0.756744055205576,1396,1483
GNDI3,202106,GGPS3,0.734460342066381,793,1483
GNDI3,202107,BPAC11,0.72541568112074,1437,1504
GNDI3,202107,BRDT3,0.712385904789276,1404,1504
GNDI3,202107,GGPS3,0.757305524459237,799,1504
GNDI3,202108,BIDI11,0.769943828045295,1356,1490
GNDI3,202108,BPAC11,0.745545461659408,1449,1490
GNDI3,202109,BIDI11,0.795463883009443,1366,1519
GNDI3,202109,BPAC11,0.757203467910107,1498,1519
GNDI3,202109,GGPS3,0.75731561072295,785,1519
GNDI3,202110,BIDI11,0.7378983725137,1377,1538
GNDI3,202110,BPAC11,0.707515194764267,1503,1538
GNDI3,202110,GGPS3,0.735491238833394,799,1538
GNDI3,202111,BIDI11,0.733387863956439,1385,1550
GNDI3,202111,BPAC11,0.707747781620768,1506,1550
GNDI3,202111,GGPS3,0.713845680687268,809,1550
GNDI3,202112,BIDI11,0.751016902430017,1383,1559
GNDI3,202112,BIDI4,0.700089748329511,1110,1559
GOAU3,201703,BRAP4,0.909633513259719,888,131
GOAU3,201704,ELPL4,0.847094917296256,471,326
GOAU3,201705,BRAP4,0.873313656638042,868,320
GOAU3,201705,CMIG3,0.895018734447856,254,320
GOAU3,201707,BRAP4,0.861724574099635,898,119
GOAU3,201708,BRAP4,0.850461827795967,902,308
GOAU3,201709,BRAP4,0.801517543605707,899,294
GOAU3,201710,BRAP4,0.832589063627528,907,234
GOAU3,201804,CESP3,0.954846104566722,24,129
GOAU3,201804,GGBR3,0.930114489454455,107,129
GOAU3,201805,CESP3,0.955785128127856,99,129
GOAU3,201805,GGBR3,0.931577273528831,106,129
GOAU3,201806,GGBR3,0.967048618167914,113,131
GOAU3,201807,GGBR3,0.913475163501342,303,312
GOAU3,201808,GGBR3,0.851555587530405,351,314
GOAU3,201809,AZUL4,0.86839335602723,573,381
GOAU3,201809,BPAC11,0.753130580883774,515,381
GOAU3,201809,BRAP4,0.721933532722986,944,381
GOAU3,201809,BRSR6,0.884932129913117,598,381
GOAU3,201809,CESP6,0.712067300867495,687,381
GOAU3,201809,ECOR3,0.861408652253784,720,381
GOAU3,201809,EUCA4,0.902746149976585,356,381
GOAU3,201810,BRAP4,0.805350096021346,931,380
GOAU3,201810,BRSR6,0.957549836597848,593,380
GOAU3,201810,CESP6,0.82972843356356,669,380
GOAU3,201810,ECOR3,0.947074793726444,732,380
GOAU3,201810,EUCA4,0.969580810330639,360,380
GOAU3,201811,BRAP4,0.71314924886597,950,298
GOAU3,201811,BRSR6,0.967213547605684,644,298
GOAU3,201811,CESP6,0.798623715837808,717,298
GOAU3,201811,ECOR3,0.955212623292621,826,298
GOAU3,201811,EUCA4,0.973685456102559,360,298
GOAU3,201812,BRAP4,0.746031988777806,963,297
GOAU3,201812,BRSR6,0.934834646283362,639,297
GOAU3,201812,CESP6,0.765241757285913,731,297
GOAU3,201812,ECOR3,0.83180220217017,859,297
GOAU3,201812,EUCA4,0.928318333931862,366,297
GOAU3,201901,BRAP4,0.747569901509017,956,301
GOAU3,201901,BRSR6,0.866183938526099,628,301
GOAU3,201901,EUCA4,0.826752500015677,364,301
GOAU3,201902,BRAP4,0.80578274550606,988,326
GOAU3,201902,BRFS3,0.823817866666622,871,326
GOAU3,201902,BRSR6,0.916652624699614,658,326
GOAU3,201902,CESP6,0.787048399099424,775,326
GOAU3,201902,EUCA4,0.877958627321883,377,326
GOAU3,201903,BRDT3,0.714075703730182,985,344
GOAU3,201903,BRFS3,0.797182676712954,856,344
GOAU3,201903,BRSR6,0.869696347802715,627,344
GOAU3,201903,CESP6,0.745228393804653,770,344
GOAU3,201903,EUCA4,0.786745370932713,383,344
GOAU3,201904,BRSR6,0.880156893344069,622,344
GOAU3,201904,CESP6,0.754810118686633,785,344
GOAU3,201904,EUCA4,0.798467274375191,396,344
GOAU3,201905,BRDT3,0.758709312701829,889,344
GOAU3,201905,BRFS3,0.879821731153338,947,344
GOAU3,201905,BRSR6,0.892713262295437,593,344
GOAU3,201905,CESP6,0.774260386769189,820,344
GOAU3,201905,EUCA4,0.816889441463532,400,344
GOAU3,201906,BRDT3,0.783464551347727,850,347
GOAU3,201906,BRFS3,0.876969266388311,949,347
GOAU3,201906,BRSR6,0.89036502481744,610,347
GOAU3,201906,CESP6,0.781425582151078,844,347
GOAU3,201906,EUCA4,0.833659759929757,397,347
GOAU3,201907,GGBR3,0.870957446549984,433,348
GOAU3,201908,GGBR3,0.822838178122455,169,344
GOAU3,201909,GGBR3,0.753940843364008,169,344
GOAU3,201911,GGBR3,0.830401253908396,172,338
GOAU3,202001,BRFS3,0.741569091756571,923,413
GOAU3,202001,BRSR6,0.709037956117438,606,413
GOAU3,202002,BRFS3,0.794682200941933,930,424
GOAU3,202002,BRSR6,0.731518548993086,641,424
GOAU3,202002,CMIG3,0.742633428397986,664,424
GOAU3,202003,BRFS3,0.898630824865018,921,417
GOAU3,202003,CMIG3,0.863775375190774,628,417
GOAU3,202004,BRFS3,0.920052068784578,969,420
GOAU3,202004,CMIG3,0.91837936300755,613,420
GOAU3,202005,BRFS3,0.916854476178927,974,421
GOAU3,202005,CMIG3,0.913896455385739,609,421
GOAU3,202006,BRFS3,0.918347953491956,977,427
GOAU3,202006,CMIG3,0.904484826865417,604,427
GOAU3,202007,BRFS3,0.925128416305217,942,430
GOAU3,202007,CMIG3,0.894510025872756,602,430
GOAU3,202008,BRFS3,0.919954039670229,1013,441
GOAU3,202008,CMIG3,0.888759801256692,644,441
GOAU3,202009,BRFS3,0.922685547894767,1007,445
GOAU3,202009,CMIG3,0.917573552624822,566,445
GOAU3,202010,BRFS3,0.901063742491394,999,452
GOAU3,202010,CMIG3,0.922592053930444,541,452
GOAU3,202011,BRFS3,0.890976729791302,994,448
GOAU3,202011,BTOW3,0.767249068807284,982,448
GOAU3,202011,CMIG3,0.925400272250266,534,448
GOAU3,202011,ECOR3,0.713550782573608,965,448
GOAU3,202012,AERI3,0.863394651447731,575,498
GOAU3,202012,BRFS3,0.794410644948328,1019,498
GOAU3,202012,BTOW3,0.794275217301257,972,498
GOAU3,202012,CMIG3,0.911185570733109,524,498
GOAU3,202012,ECOR3,0.830301405678088,990,498
GOAU3,202101,AERI3,0.850787439856841,573,501
GOAU3,202101,BRFS3,0.780607975116352,1083,501
GOAU3,202101,CMIG3,0.911850829452616,526,501
GOAU3,202101,ECOR3,0.848279893969975,1029,501
GOAU3,202102,AERI3,0.814128621901295,620,505
GOAU3,202102,BRFS3,0.783070766329114,1080,505
GOAU3,202102,CMIG3,0.917389658715464,493,505
GOAU3,202102,ECOR3,0.854887964143468,1023,505
GOAU3,202103,AERI3,0.809954636457059,504,514
GOAU3,202103,BRFS3,0.812474031334058,1087,514
GOAU3,202103,CMIG3,0.919157493226762,467,514
GOAU3,202103,ECOR3,0.877906588200927,1044,514
GOAU3,202104,AERI3,0.842947456541401,506,545
GOAU3,202104,BRFS3,0.787650047273146,1090,545
GOAU3,202104,CMIG3,0.922547318505222,481,545
GOAU3,202104,ECOR3,0.861435997312864,1076,545
GOAU3,202105,AERI3,0.760411101210713,588,475
GOAU3,202105,BPAC5,0.894038185830094,437,475
GOAU3,202105,BRFS3,0.916736476759699,1091,475
GOAU3,202105,BTOW3,0.726661172568412,1087,475
GOAU3,202105,CMIG3,0.914155989955436,507,475
GOAU3,202105,ECOR3,0.826326362399611,1077,475
GOAU3,202106,BRFS3,0.92845543771458,1104,469
GOAU3,202106,CMIG3,0.91226655055735,479,469
GOAU3,202106,ECOR3,0.850279015680526,1110,469
GOAU3,202107,BPAC5,0.863360977292954,596,475
GOAU3,202107,BRFS3,0.935138401764505,1102,475
GOAU3,202107,CMIG3,0.903257553688539,494,475
GOAU3,202107,ECOR3,0.845184822244411,1166,475
GOAU3,202108,BRFS3,0.935928203209063,1050,519
GOAU3,202108,CMIG3,0.920373933629625,530,519
GOAU3,202108,ECOR3,0.874462344922378,1082,519
GOAU3,202109,CMIG3,0.90274255135199,539,503
GOAU3,202109,ECOR3,0.807162993567856,1129,503
GOAU3,202110,CMIG3,0.907068041761782,532,503
GOAU3,202110,ECOR3,0.80195022236589,1200,503
GOAU3,202111,AERI3,0.72478942959174,572,502
GOAU3,202111,CMIG3,0.906698563213071,533,502
GOAU3,202111,CSNA3,0.7090889846667,1192,502
GOAU3,202111,ECOR3,0.785610485530101,1238,502
GOAU3,202112,CMIG3,0.911858627765351,525,522
GOAU3,202112,CSNA3,0.748498959255729,1167,522
GOAU3,202112,ECOR3,0.745527277537147,1239,522
GOAU4,201710,CYRE3,0.723548106243211,812,766
GOAU4,201710,GGBR4,0.823973059270397,839,766
GOAU4,201806,BRAP4,0.745825187351301,895,868
GOAU4,201808,AZUL4,0.759543884110174,523,882
GOAU4,201808,BRAP4,0.818669339327523,930,882
GOAU4,201808,BRSR6,0.798837438348562,600,882
GOAU4,201808,ECOR3,0.757305355468629,806,882
GOAU4,201808,EUCA4,0.785785800523346,356,882
GOAU4,201809,AZUL4,0.853894825948077,573,874
GOAU4,201809,BPAC11,0.782805092265229,515,874
GOAU4,201809,BRAP4,0.759789815913502,944,874
GOAU4,201809,BRSR6,0.864283096062586,598,874
GOAU4,201809,CESP6,0.738634075449755,687,874
GOAU4,201809,ECOR3,0.839716593306049,720,874
GOAU4,201809,EUCA4,0.868912519691913,356,874
GOAU4,201809,GOAU3,0.938845595175597,381,874
GOAU4,201810,BRAP4,0.752813972404889,931,850
GOAU4,201810,BRSR6,0.930150833853402,593,850
GOAU4,201810,CESP6,0.821381773678784,669,850
GOAU4,201810,ECOR3,0.926120575952691,732,850
GOAU4,201810,EUCA4,0.930132445982608,360,850
GOAU4,201810,GOAU3,0.920815624277159,380,850
GOAU4,201811,AZUL4,0.70223557536334,768,898
GOAU4,201811,BPAC11,0.724233614120976,485,898
GOAU4,201811,BRAP4,0.770268386667333,950,898
GOAU4,201811,BRSR6,0.924502583134462,644,898
GOAU4,201811,CESP6,0.785865017642193,717,898
GOAU4,201811,ECOR3,0.936084268738838,826,898
GOAU4,201811,EUCA4,0.9259977655643,360,898
GOAU4,201811,GOAU3,0.925172552465635,298,898
GOAU4,201812,BPAC11,0.777554771667823,498,883
GOAU4,201812,BRAP4,0.816498257474579,963,883
GOAU4,201812,BRSR6,0.896957361229639,639,883
GOAU4,201812,CESP6,0.764236446505635,731,883
GOAU4,201812,ECOR3,0.935952725903377,859,883
GOAU4,201812,EUCA4,0.895893070571853,366,883
GOAU4,201812,GOAU3,0.86779685797592,297,883
GOAU4,201901,BRAP4,0.830293435518295,956,851
GOAU4,201901,BRSR6,0.841833615209009,628,851
GOAU4,201901,ECOR3,0.818326148730147,865,851
GOAU4,201901,EUCA4,0.825847622334331,364,851
GOAU4,201901,GOAU3,0.781407727793719,301,851
GOAU4,201902,BRAP4,0.874621388991577,988,921
GOAU4,201902,BRDT3,0.770527841975927,988,921
GOAU4,201902,BRFS3,0.829866126729632,871,921
GOAU4,201902,BRSR6,0.911329353369669,658,921
GOAU4,201902,CESP6,0.809094507643738,775,921
GOAU4,201902,ECOR3,0.706963649208279,893,921
GOAU4,201902,EUCA4,0.897227757835604,377,921
GOAU4,201902,GOAU3,0.875984048425781,326,921
GOAU4,201903,BRAP4,0.792403437435509,980,901
GOAU4,201903,BRDT3,0.8902932449686,985,901
GOAU4,201903,BRFS3,0.849641672651177,856,901
GOAU4,201903,BRSR6,0.910096469685513,627,901
GOAU4,201903,CESP6,0.809283297333466,770,901
GOAU4,201903,CMIG4,0.731293511190424,1013,901
GOAU4,201903,EUCA4,0.877716715470943,383,901
GOAU4,201903,GOAU3,0.858351049783023,344,901
GOAU4,201904,BRAP4,0.700489451126745,917,857
GOAU4,201904,BRDT3,0.747919643459951,899,857
GOAU4,201904,BRSR6,0.924626828028002,622,857
GOAU4,201904,CESP6,0.819577097294335,785,857
GOAU4,201904,CMIG4,0.715915537420735,1017,857
GOAU4,201904,EUCA4,0.887903302299645,396,857
GOAU4,201904,GOAU3,0.896045255777855,344,857
GOAU4,201905,BRAP4,0.72188605786349,919,872
GOAU4,201905,BRDT3,0.871727516033601,889,872
GOAU4,201905,BRFS3,0.889833505455657,947,872
GOAU4,201905,BRSR6,0.923309315539393,593,872
GOAU4,201905,CESP6,0.829965786064744,820,872
GOAU4,201905,CIEL3,0.708924938794795,861,872
GOAU4,201905,CMIG3,0.703690791386328,649,872
GOAU4,201905,CMIG4,0.752274443788283,1019,872
GOAU4,201905,EUCA4,0.882919648944178,400,872
GOAU4,201905,GOAU3,0.913556486533457,344,872
GOAU4,201906,BRAP4,0.783274222797971,895,869
GOAU4,201906,BRDT3,0.854196429896047,850,869
GOAU4,201906,BRFS3,0.893972065531681,949,869
GOAU4,201906,BRSR6,0.916986979079188,610,869
GOAU4,201906,CESP6,0.832432508800488,844,869
GOAU4,201906,CMIG4,0.804736213139942,1019,869
GOAU4,201906,EUCA4,0.894444867644052,397,869
GOAU4,201906,GOAU3,0.910836766962802,347,869
GOAU4,201907,BPAC11,0.774233825462328,793,911
GOAU4,201907,BRAP4,0.830159466371962,912,911
GOAU4,201907,BRFS3,0.846566576358745,973,911
GOAU4,201907,BRSR6,0.931588088138207,657,911
GOAU4,201907,CESP6,0.840310696934279,882,911
GOAU4,201907,CMIG4,0.825413113028022,995,911
GOAU4,201907,EUCA4,0.922191353497347,402,911
GOAU4,201908,BPAC11,0.711903353498003,795,915
GOAU4,201908,BRAP4,0.912722181342394,939,915
GOAU4,201908,BRFS3,0.824947614367162,981,915
GOAU4,201908,BRSR6,0.926271071055753,628,915
GOAU4,201908,CESP6,0.862139108868125,876,915
GOAU4,201908,CMIG4,0.868091376668664,947,915
GOAU4,201908,CPFE3,0.718726882611014,878,915
GOAU4,201908,EUCA4,0.942162100965092,404,915
GOAU4,201909,BRAP4,0.823775509587187,901,879
GOAU4,201909,BRFS3,0.826086257752889,995,879
GOAU4,201909,BRSR6,0.915897717138332,594,879
GOAU4,201909,CESP6,0.870892516266975,841,879
GOAU4,201909,CMIG4,0.890379793303983,946,879
GOAU4,201909,CPFE3,0.814187488811417,837,879
GOAU4,201909,EUCA4,0.88110564242807,405,879
GOAU4,201910,BRAP4,0.753798083185301,943,899
GOAU4,201910,BRFS3,0.949871653701686,1004,899
GOAU4,201910,BRSR6,0.934140286456173,628,899
GOAU4,201910,CESP6,0.820494339430806,873,899
GOAU4,201910,CMIG3,0.824235747249096,694,899
GOAU4,201910,CMIG4,0.867372547222334,940,899
GOAU4,201910,CPFE3,0.727317652319907,809,899
GOAU4,201910,EUCA4,0.884840753626266,407,899
GOAU4,201910,GOAU3,0.71803624579761,398,899
GOAU4,201911,BRFS3,0.742890530924722,940,886
GOAU4,201912,BRAP4,0.770119721769747,917,930
GOAU4,201912,BRFS3,0.862272375086004,922,930
GOAU4,201912,BRSR6,0.907457505382719,562,930
GOAU4,201912,CESP6,0.741335715481899,826,930
GOAU4,201912,CMIG3,0.818903231787298,686,930
GOAU4,201912,CMIG4,0.765889607560885,913,930
GOAU4,202001,BRAP4,0.731093180070196,916,941
GOAU4,202001,BRFS3,0.90496039521227,923,941
GOAU4,202001,BRSR6,0.893085085555742,606,941
GOAU4,202001,CMIG3,0.878092718837351,680,941
GOAU4,202001,GOAU3,0.747942375730732,413,941
GOAU4,202002,BRAP4,0.717179590654063,937,934
GOAU4,202002,BRFS3,0.931988687752547,930,934
GOAU4,202002,BRSR6,0.892867806027158,641,934
GOAU4,202002,CESP6,0.73651457434022,878,934
GOAU4,202002,CMIG3,0.90119930291097,664,934
GOAU4,202002,GOAU3,0.802906388270229,424,934
GOAU4,202003,BRFS3,0.901612795816456,921,920
GOAU4,202003,BRSR6,0.745428128405526,629,920
GOAU4,202003,CMIG3,0.86004227399809,628,920
GOAU4,202003,GOAU3,0.878734953383201,417,920
GOAU4,202004,BRFS3,0.920681396433271,969,976
GOAU4,202004,CMIG3,0.917870806158642,613,976
GOAU4,202004,GOAU3,0.94005632911001,420,976
GOAU4,202005,BRFS3,0.91322550293002,974,991
GOAU4,202005,CMIG3,0.908960446177819,609,991
GOAU4,202005,GOAU3,0.931533843785059,421,991
GOAU4,202006,BRFS3,0.919220393850908,977,971
GOAU4,202006,CMIG3,0.905775341423987,604,971
GOAU4,202006,GOAU3,0.931657298036649,427,971
GOAU4,202007,BRFS3,0.90348350097714,942,970
GOAU4,202007,CMIG3,0.875316717402137,602,970
GOAU4,202007,GOAU3,0.90582234303579,430,970
GOAU4,202008,BRFS3,0.912692902130086,1013,1043
GOAU4,202008,CMIG3,0.890658550227934,644,1043
GOAU4,202008,GOAU3,0.907932071156418,441,1043
GOAU4,202009,BRFS3,0.908309956159574,1007,1065
GOAU4,202009,CMIG3,0.910690243535597,566,1065
GOAU4,202009,CSNA3,0.708340069770933,955,1065
GOAU4,202009,GOAU3,0.894426165661038,445,1065
GOAU4,202010,BRFS3,0.920656990927501,999,1056
GOAU4,202010,CMIG3,0.937669580725427,541,1056
GOAU4,202010,CSNA3,0.715672856951258,961,1056
GOAU4,202010,GOAU3,0.883890125399705,452,1056
GOAU4,202011,BRFS3,0.897036339500991,994,1059
GOAU4,202011,BTOW3,0.848766342121752,982,1059
GOAU4,202011,CMIG3,0.924961334057874,534,1059
GOAU4,202011,ECOR3,0.739391660078934,965,1059
GOAU4,202011,GOAU3,0.873998468248915,448,1059
GOAU4,202012,AERI3,0.894677370493428,575,1059
GOAU4,202012,BRFS3,0.798879889930007,1019,1059
GOAU4,202012,BTOW3,0.835639878497986,972,1059
GOAU4,202012,CMIG3,0.906837150899884,524,1059
GOAU4,202012,ECOR3,0.865463032166995,990,1059
GOAU4,202012,GOAU3,0.851344750110102,498,1059
GOAU4,202101,AERI3,0.878839717370704,573,1099
GOAU4,202101,BRFS3,0.760458211437677,1083,1099
GOAU4,202101,BTOW3,0.719305490133206,1015,1099
GOAU4,202101,CMIG3,0.915154133991088,526,1099
GOAU4,202101,ECOR3,0.882987256611689,1029,1099
GOAU4,202101,GOAU3,0.853716977208763,501,1099
GOAU4,202102,AERI3,0.811608032897338,620,1171
GOAU4,202102,AZUL4,0.707643210748508,1006,1171
GOAU4,202102,BRFS3,0.75797020901472,1080,1171
GOAU4,202102,CMIG3,0.905400254990079,493,1171
GOAU4,202102,ECOR3,0.876325922208269,1023,1171
GOAU4,202102,GOAU3,0.851797835189201,505,1171
GOAU4,202103,AERI3,0.797892481925774,504,1168
GOAU4,202103,BRFS3,0.785997224529786,1087,1168
GOAU4,202103,CMIG3,0.903490582725637,467,1168
GOAU4,202103,ECOR3,0.886579596665568,1044,1168
GOAU4,202103,GOAU3,0.851005892490328,514,1168
GOAU4,202104,AERI3,0.821759590994485,506,1189
GOAU4,202104,BRFS3,0.755793372171118,1090,1189
GOAU4,202104,CMIG3,0.892076795967463,481,1189
GOAU4,202104,ECOR3,0.856455255859622,1076,1189
GOAU4,202104,GOAU3,0.843038972679551,545,1189
GOAU4,202105,AERI3,0.726584897878087,588,1215
GOAU4,202105,BPAC5,0.785251762985206,437,1215
GOAU4,202105,BRFS3,0.871437432496263,1091,1215
GOAU4,202105,BTOW3,0.702140870331216,1087,1215
GOAU4,202105,CMIG3,0.87674566387874,507,1215
GOAU4,202105,CSNA3,0.738610640409973,1113,1215
GOAU4,202105,ECOR3,0.838189032644794,1077,1215
GOAU4,202105,GOAU3,0.814615383719762,475,1215
GOAU4,202106,BRFS3,0.828142245381743,1104,1196
GOAU4,202106,CMIG3,0.836430448085676,479,1196
GOAU4,202106,CSNA3,0.737169213210271,1122,1196
GOAU4,202106,ECOR3,0.805457631614987,1110,1196
GOAU4,202106,GOAU3,0.775941785479407,469,1196
GOAU4,202107,BPAC5,0.709222723354721,596,1228
GOAU4,202107,BRFS3,0.81452058271493,1102,1228
GOAU4,202107,CMIG3,0.844165631442775,494,1228
GOAU4,202107,ECOR3,0.811249580255261,1166,1228
GOAU4,202107,GOAU3,0.773116038900201,475,1228
GOAU4,202108,BRFS3,0.74271588342772,1050,1211
GOAU4,202108,CMIG3,0.778012218106358,530,1211
GOAU4,202108,ECOR3,0.754476706640088,1082,1211
GOAU4,202108,GOAU3,0.71837623802846,519,1211
GOAU4,202109,CMIG3,0.873508039786199,539,1295
GOAU4,202109,ECOR3,0.858472814177023,1129,1295
GOAU4,202109,GOAU3,0.800567288492445,503,1295
GOAU4,202110,AESB3,0.779525231336805,687,1342
GOAU4,202110,CMIG3,0.882103703240667,532,1342
GOAU4,202110,CSNA3,0.773781154793247,1197,1342
GOAU4,202110,ECOR3,0.843205809141926,1200,1342
GOAU4,202110,GOAU3,0.816456471508266,503,1342
GOAU4,202111,AESB3,0.740993572055674,658,1364
GOAU4,202111,CMIG3,0.885877034920451,533,1364
GOAU4,202111,CSNA3,0.844838653824281,1192,1364
GOAU4,202111,ECOR3,0.837984749937932,1238,1364
GOAU4,202111,GOAU3,0.831757339945493,502,1364
GOAU4,202112,AESB3,0.768166554354617,714,1391
GOAU4,202112,CMIG3,0.943182768061615,525,1391
GOAU4,202112,CSMG3,0.728946338440452,629,1391
GOAU4,202112,CSNA3,0.872642338850919,1167,1391
GOAU4,202112,ECOR3,0.826932156615726,1239,1391
GOAU4,202112,EMBR3,0.722118077537146,1180,1391
GOAU4,202112,GOAU3,0.875910311747158,522,1391
GOLL4,201702,DTEX3,0.718312625746057,577,344
GOLL4,201703,CIEL3,0.769096844782991,930,416
GOLL4,201703,DTEX3,0.93641535879525,556,416
GOLL4,201704,DTEX3,0.848883130857686,575,366
GOLL4,201710,CYRE3,0.70252631857281,812,497
GOLL4,201710,GOAU4,0.728668636143081,766,497
GOLL4,201711,CYRE3,0.712378117611177,812,479
GOLL4,201711,GOAU4,0.736142213182655,767,479
GOLL4,201712,ANIM3,0.725167835699605,461,545
GOLL4,201712,GOAU4,0.838048800167429,784,545
GOLL4,201807,AZUL4,0.895326187110437,502,726
GOLL4,201810,AZUL4,0.768025940499286,584,684
GOLL4,201905,CYRE3,0.772568029682159,947,799
GOLL4,201905,EZTC3,0.866762112567839,488,799
GOLL4,201905,FLRY3,0.840581705726138,848,799
GOLL4,201907,CNTO3,0.78146773516277,504,891
GOLL4,201909,CCRO3,0.704797450644425,874,852
GOLL4,201909,EGIE3,0.780918274896083,805,852
GOLL4,201909,ENGI11,0.757640015569385,764,852
GOLL4,201909,EZTC3,0.896217105190346,750,852
GOLL4,201909,FLRY3,0.838407894160513,872,852
GOLL4,201909,GGBR4,0.817975562438921,893,852
GOLL4,201912,CCPR3,0.735026812284926,611,870
GOLL4,201912,CEAB3,0.759770157261078,618,870
GOLL4,201912,ENGI11,0.713020443095495,768,870
GOLL4,201912,EZTC3,0.754946142602757,716,870
GOLL4,201912,FLRY3,0.727190815355693,876,870
GOLL4,202007,BRAP4,0.713402414024636,1011,929
GOLL4,202104,BRAP4,0.747966802853294,1081,1045
GOLL4,202105,BRAP4,0.738403935586175,1123,1047
GPCP3,202104,AVLL3,0.952464096292531,45,37
GPCP3,202104,BEEF11,0.956259375523339,200,37
GPCP3,202104,ETER3,0.955836603845858,228,37
GPCP3,202104,EUCA4,0.940464277420427,369,37
GRND3,201703,BRIV3,0.711725279537645,135,425
GRND3,201703,CESP3,0.708094623560084,57,425
GRND3,201704,BRIV3,0.705446511888763,137,425
GRND3,201704,CESP3,0.70232923628072,55,425
GRND3,201705,BRIV3,0.706154196241831,134,447
GRND3,201705,CESP3,0.707754429617817,53,447
GRND3,201708,BRIV3,0.720976238786711,131,446
GRND3,201708,CESP3,0.726671902620816,52,446
GRND3,201709,BRIV3,0.700287845340781,130,477
GRND3,201709,CESP3,0.708329354082886,37,477
GRND3,201908,ALPA3,0.889054986356046,84,558
GRND3,201908,BBRK3,0.764647744364438,432,558
GRND3,201908,ENGI4,0.889032294971948,84,558
GRND3,201909,ALPA3,0.827344125324586,89,544
GRND3,201909,BBRK3,0.801068878912368,437,544
GRND3,201909,BIDI3,0.900120550717853,282,544
GRND3,201909,BIDI4,0.734068113597529,498,544
GRND3,201909,ENGI4,0.913393272649463,89,544
GRND3,201910,ALPA3,0.832417742273404,182,537
GRND3,201910,BBRK3,0.815176982055637,432,537
GRND3,201910,BIDI3,0.911251205883636,282,537
GRND3,201910,ENGI4,0.910929285267372,95,537
GRND3,201911,ALPA3,0.898638089985115,178,515
GRND3,201911,BBRK3,0.824871010671948,416,515
GRND3,201911,BIDI3,0.921315662308608,277,515
GRND3,201911,ENGI4,0.9222068231639,97,515
GRND3,201912,ALPA3,0.883465780356394,186,528
GRND3,201912,BIDI3,0.895025890086577,282,528
GRND3,201912,ENGI4,0.887211819465275,106,528
GRND3,202001,BBRK3,0.747121647155879,437,539
GRND3,202001,BIDI3,0.930708107139589,361,539
GRND3,202001,BIDI4,0.867089269620639,383,539
GRND3,202001,ENGI4,0.925904311352731,121,539
GRND3,202002,BBRK3,0.798119275022145,457,567
GRND3,202002,BIDI3,0.916272740018404,123,567
GRND3,202002,BIDI4,0.725310882769555,517,567
GRND3,202002,ENGI4,0.908240338447208,123,567
GRND3,202003,BBRK3,0.743615212256654,468,524
GRND3,202003,BIDI3,0.742863965718221,124,524
GRND3,202003,BIDI4,0.898883288144749,496,524
GRND3,202003,CSAN3,0.770269012968302,897,524
GRND3,202003,ENGI4,0.886975585911964,124,524
GRND3,202004,BBRK3,0.759483933394065,464,513
GRND3,202004,BIDI3,0.826591634907878,125,513
GRND3,202004,BIDI4,0.935602729650143,497,513
GRND3,202004,CSAN3,0.774607424906171,955,513
GRND3,202004,ENGI4,0.952095417579977,125,513
GRND3,202005,BBRK3,0.748078710635523,467,521
GRND3,202005,BIDI3,0.929110849380942,138,521
GRND3,202005,BIDI4,0.912775370641713,544,521
GRND3,202005,CSAN3,0.769511169252216,947,521
GRND3,202005,ENGI4,0.958319335053554,138,521
GRND3,202006,BBRK3,0.747402052089419,466,543
GRND3,202006,BIDI3,0.945286521361507,142,543
GRND3,202006,BIDI4,0.846158586690165,564,543
GRND3,202006,CSAN3,0.759204845278232,980,543
GRND3,202006,ENGI4,0.957034980556443,142,543
GRND3,202007,BBRK3,0.753632587789186,473,570
GRND3,202007,BIDI3,0.947465191803058,209,570
GRND3,202007,BIDI4,0.787160207615061,637,570
GRND3,202007,ENGI4,0.956273820727956,145,570
GRND3,202008,BBRK3,0.86111586891188,465,562
GRND3,202008,BIDI3,0.959625640279734,211,562
GRND3,202008,BIDI4,0.71258035132433,654,562
GRND3,202009,BBRK3,0.878911351425496,449,519
GRND3,202009,BIDI3,0.963195492143758,229,519
GRND3,202010,BBRK3,0.865243202701414,462,548
GRND3,202010,BIDI3,0.936140839710703,314,548
GRND3,202011,BBRK3,0.841770350870468,465,536
GRND3,202011,BIDI3,0.912645330529564,423,536
GRND3,202012,BBRK3,0.848814786495096,476,544
GRND3,202012,BIDI3,0.869429410153377,432,544
GRND3,202101,BBRK3,0.84316126604226,479,597
GRND3,202101,BIDI3,0.847271699324609,433,597
GRND3,202102,BBRK3,0.847146939453171,488,597
GRND3,202102,BIDI3,0.825005291665745,446,597
GRND3,202103,BBRK3,0.885766641212291,487,578
GRND3,202103,BIDI3,0.809840133263126,333,578
GRND3,202104,BBRK3,0.867715268777651,490,623
GRND3,202104,BIDI3,0.803484322419287,332,623
GRND3,202105,BIDI3,0.776673515645942,337,611
GRND3,202106,BIDI3,0.762028814175633,324,613
GRND3,202106,BRDT3,0.761268543093796,1274,613
GRND3,202107,BIDI3,0.757474712282629,330,619
GSHP3,201901,GGBR3,0.918074510645479,470,95
GSHP3,201902,GGBR3,0.878990364174553,475,95
GSHP3,201903,BRGE3,0.761670287414663,194,79
GSHP3,201903,BRIV3,0.761670287414663,194,79
GSHP3,201903,CRIV3,0.761670287414663,194,79
GSHP3,201903,CTNM4,0.761662005024428,195,79
GUAR3,201702,ALPA3,0.762956795818641,57,512
GUAR3,201702,ENGI4,0.762974116141768,57,512
GUAR3,201702,ENMT3,0.757147902606361,59,512
GUAR3,201702,ENMT4,0.761229499231273,59,512
GUAR3,201703,ALPA3,0.788964553995085,57,515
GUAR3,201703,ENGI4,0.788968340726535,57,515
GUAR3,201703,ENMT3,0.782287094910433,59,515
GUAR3,201703,ENMT4,0.787135572923243,59,515
GUAR3,201704,ENGI4,0.777675699612497,57,521
GUAR3,201704,ENMT3,0.771229118514271,59,521
GUAR3,201704,ENMT4,0.776142597619039,59,521
GUAR3,201705,ENGI4,0.785406910207656,57,516
GUAR3,201705,ENMT3,0.779332360348206,59,516
GUAR3,201705,ENMT4,0.783751071029043,59,516
GUAR3,201706,ENGI4,0.75753546751662,60,515
GUAR3,201706,ENMT3,0.751500879264613,62,515
GUAR3,201706,ENMT4,0.755823343383414,62,515
GUAR3,201707,ENGI4,0.73695491177485,61,516
GUAR3,201707,ENMT3,0.732250715694505,63,516
GUAR3,201707,ENMT4,0.735508547991374,63,516
GUAR3,201708,ENGI4,0.787591291172554,62,528
GUAR3,201708,ENMT3,0.78237663774248,64,528
GUAR3,201708,ENMT4,0.786098517285505,64,528
GUAR3,201709,AALR3,0.707649539730619,403,541
GUAR3,201709,BBRK3,0.710566976138365,178,541
GUAR3,201709,ENGI4,0.794414702385526,66,541
GUAR3,201709,ENMT3,0.789538601189271,68,541
GUAR3,201709,ENMT4,0.792864637616067,68,541
GUAR3,201710,ALPA3,0.790762152795958,67,563
GUAR3,201710,BBRK3,0.712301492041379,274,563
GUAR3,201710,ENGI4,0.790373752450535,67,563
GUAR3,201710,ENMT3,0.784826389803003,69,563
GUAR3,201710,ENMT4,0.78850142985007,69,563
GUAR3,201711,ALPA3,0.789635570866907,70,539
GUAR3,201711,BBRK3,0.726690400893783,284,539
GUAR3,201711,ENGI4,0.789217049258979,70,539
GUAR3,201711,ENMT3,0.776636719729055,74,539
GUAR3,201711,ENMT4,0.786940167305341,74,539
GUAR3,201712,ALPA3,0.807775502974881,73,534
GUAR3,201712,BBRK3,0.726510937115924,297,534
GUAR3,201712,ENGI4,0.807442554389852,73,534
GUAR3,201801,AALR3,0.784286266161442,425,554
GUAR3,201801,ALPA3,0.85244945848006,77,554
GUAR3,201801,BBRK3,0.783553307167033,290,554
GUAR3,201801,ENGI4,0.852451794870617,77,554
GUAR3,201802,AALR3,0.801029278260915,455,378
GUAR3,201802,ALPA3,0.841307757829025,83,378
GUAR3,201802,ENGI4,0.841502431290248,83,378
GUAR3,201803,AALR3,0.73999383390656,461,374
GUAR3,201803,ALPA3,0.792985674462179,85,374
GUAR3,201803,BBRK3,0.730330821996835,346,374
GUAR3,201803,ENGI4,0.793247597496468,85,374
GUAR3,201804,ALPA3,0.709026311827011,86,536
GUAR3,201804,ENGI4,0.709381660069854,86,536
GUAR3,201806,ENBR3,0.720439604682026,790,541
GUAR3,201807,ALPA3,0.83341082855039,97,533
GUAR3,201807,ENGI4,0.833826965398242,96,533
GUAR3,201810,AALR3,0.86684013886351,476,370
GUAR3,201810,BRDT3,0.709240641038332,517,370
GUAR3,201810,CMIG3,0.822426009954393,552,370
GUAR3,201810,DTEX3,0.778321039720419,515,370
GUAR3,201811,AALR3,0.705095221577083,485,449
GUAR3,201811,CMIG3,0.71872313452255,660,449
GUAR3,201811,DTEX3,0.717273405225713,609,449
GUAR3,201812,BRDT3,0.760498287595501,827,465
GUAR3,201812,CMIG3,0.803567141328461,614,465
GUAR3,201812,CRFB3,0.759872890508022,667,465
GUAR3,201812,DTEX3,0.788683614893084,625,465
GUAR3,201901,AALR3,0.791237166871954,456,540
GUAR3,201901,ARZZ3,0.736914739808502,603,540
GUAR3,201901,BPAC11,0.776908270136185,490,540
GUAR3,201901,BRDT3,0.761690582246659,880,540
GUAR3,201901,BRKM5,0.707373476207199,857,540
GUAR3,201901,CCRO3,0.827090515424059,894,540
GUAR3,201901,CMIG3,0.84913764542517,616,540
GUAR3,201901,DTEX3,0.854321742308856,614,540
GUAR3,201902,AALR3,0.786929389070392,464,561
GUAR3,201902,BRKM5,0.753140484569862,924,561
GUAR3,201902,CCRO3,0.763019665785017,924,561
GUAR3,201902,CMIG3,0.776331896774621,647,561
GUAR3,201902,DTEX3,0.786319659664555,669,561
GUAR3,201902,ELET3,0.710425291941669,946,561
GUAR3,201903,AALR3,0.788222521409966,476,513
GUAR3,201903,BRKM5,0.762149964978476,913,513
GUAR3,201903,CCRO3,0.75383685733935,908,513
GUAR3,201903,CMIG3,0.742717080756756,658,513
GUAR3,201903,DTEX3,0.714376254592316,573,513
GUAR3,201904,AALR3,0.830437236393813,476,516
GUAR3,201904,CCRO3,0.743813216762075,911,516
GUAR3,201904,CMIG3,0.791160837451525,659,516
GUAR3,201904,DTEX3,0.756908078893368,573,516
GUAR3,201905,AALR3,0.837956878557586,482,447
GUAR3,201905,CCRO3,0.746788996369678,927,447
GUAR3,201905,CPLE3,0.891155463299945,446,447
GUAR3,201905,DTEX3,0.929030298047511,476,447
GUAR3,201905,ECOR3,0.745452691709593,791,447
GUAR3,201906,AALR3,0.825094741065947,479,434
GUAR3,201906,CCRO3,0.821717066211756,869,434
GUAR3,201906,CMIG3,0.709426532506542,670,434
GUAR3,201906,CPLE3,0.858180041096709,408,434
GUAR3,201906,DTEX3,0.93215120194229,492,434
GUAR3,201906,ECOR3,0.80079804588122,798,434
GUAR3,201907,AALR3,0.922464030305552,480,482
GUAR3,201907,ALSC3,0.82744142055675,640,482
GUAR3,201907,CMIG3,0.74474687227424,678,482
GUAR3,201907,CPFE3,0.707893790672034,912,482
GUAR3,201907,DTEX3,0.940685054558646,584,482
GUAR3,201907,ECOR3,0.831896866399173,814,482
GUAR3,201907,ELET3,0.834833079926005,958,482
GUAR3,201908,AALR3,0.840081917024555,473,667
GUAR3,201908,CMIG3,0.768505329230527,664,667
GUAR3,201908,CPLE3,0.736543687732576,410,667
GUAR3,201908,DTEX3,0.957217730300518,665,667
GUAR3,201908,ECOR3,0.866361052237935,867,667
GUAR3,201908,ELET3,0.81193303519692,949,667
GUAR3,201909,AALR3,0.902795683720776,474,641
GUAR3,201909,ALSO3,0.822258966477733,666,641
GUAR3,201909,CPLE3,0.810929600003885,413,641
GUAR3,201909,DTEX3,0.948159912929115,650,641
GUAR3,201909,ECOR3,0.814995961122569,875,641
GUAR3,201910,AALR3,0.867834540954379,473,571
GUAR3,201910,ALSO3,0.804583729014742,682,571
GUAR3,201910,CPLE3,0.799056519394412,409,571
GUAR3,201910,DTEX3,0.907187614399624,624,571
GUAR3,201910,ECOR3,0.781439812683461,878,571
GUAR3,201911,AALR3,0.887751684301779,404,513
GUAR3,201911,ALSO3,0.80128301912363,698,513
GUAR3,201911,BPAC11,0.767097378387741,940,513
GUAR3,201911,CIEL3,0.930713213458882,840,513
GUAR3,201911,CPLE3,0.782290508652432,326,513
GUAR3,201911,DTEX3,0.881351941230321,574,513
GUAR3,201911,ECOR3,0.899878832541659,875,513
GUAR3,201912,AALR3,0.743565813206144,414,528
GUAR3,201912,CIEL3,0.851816426032609,859,528
GUAR3,201912,CPLE3,0.806560415107833,331,528
GUAR3,201912,CYRE3,0.777150254273213,937,528
GUAR3,201912,DTEX3,0.745342617592029,563,528
GUAR3,201912,ECOR3,0.814768769285562,836,528
GUAR3,202001,AALR3,0.783619358107652,458,614
GUAR3,202001,CPLE3,0.809757405366958,421,614
GUAR3,202001,CYRE3,0.716971510961238,948,614
GUAR3,202001,ECOR3,0.761014368247533,856,614
GUAR3,202001,ENBR3,0.71624415510458,942,614
GUAR3,202002,AALR3,0.885730224720402,460,642
GUAR3,202002,CPLE3,0.849721753293434,451,642
GUAR3,202002,CYRE3,0.718154145649487,968,642
GUAR3,202002,ECOR3,0.839765086244639,883,642
GUAR3,202003,AALR3,0.901466395221926,457,625
GUAR3,202003,BPAC11,0.713267016403358,940,625
GUAR3,202003,CPLE3,0.887508500560649,447,625
GUAR3,202003,CYRE3,0.729563314882578,996,625
GUAR3,202003,ECOR3,0.917992294989483,872,625
GUAR3,202004,AALR3,0.877937077429629,408,566
GUAR3,202004,CPLE3,0.897674991510974,445,566
GUAR3,202004,ECOR3,0.891676400105807,895,566
GUAR3,202005,AALR3,0.852451690173309,403,557
GUAR3,202005,CPLE3,0.837781281404611,450,557
GUAR3,202005,ECOR3,0.88742556396544,883,557
GUAR3,202006,AALR3,0.788774685862856,395,581
GUAR3,202006,CPLE3,0.851920001755526,458,581
GUAR3,202006,ECOR3,0.839408318237671,919,581
GUAR3,202007,AALR3,0.880899132815306,401,598
GUAR3,202007,CPLE3,0.84631419304315,461,598
GUAR3,202007,ECOR3,0.770271370506354,967,598
GUAR3,202008,AALR3,0.876531567210598,402,574
GUAR3,202008,CPLE3,0.84929647483582,465,574
GUAR3,202008,ECOR3,0.812520092863243,993,574
GUAR3,202009,BBRK3,0.923481329910319,449,568
GUAR3,202009,BIDI3,0.936426110134028,229,568
GUAR3,202009,GRND3,0.918918719935825,519,568
GUAR3,202010,BBRK3,0.866718719562239,462,569
GUAR3,202010,BIDI3,0.896175639291344,314,569
GUAR3,202010,GRND3,0.901451854797756,548,569
GUAR3,202011,BBRK3,0.847902963553623,465,558
GUAR3,202011,BIDI3,0.896356510659861,423,558
GUAR3,202011,GRND3,0.936403479337654,536,558
GUAR3,202012,BBRK3,0.839874096087037,476,550
GUAR3,202012,BIDI3,0.859163671224305,432,550
GUAR3,202012,GRND3,0.934782110141472,544,550
GUAR3,202101,BBRK3,0.820557648320104,479,520
GUAR3,202101,BIDI3,0.821973935187949,433,520
GUAR3,202101,GRND3,0.925355403250289,597,520
GUAR3,202102,BBRK3,0.807914529846656,488,589
GUAR3,202102,BIDI3,0.783870042659121,446,589
GUAR3,202102,GRND3,0.92523516502479,597,589
GUAR3,202103,BBRK3,0.842781591326846,487,593
GUAR3,202103,BIDI3,0.772176633748025,333,593
GUAR3,202103,GRND3,0.922058470535096,578,593
GUAR3,202104,BBRK3,0.832343674922867,490,654
GUAR3,202104,BIDI3,0.771687120784805,332,654
GUAR3,202104,GRND3,0.919525415413101,623,654
GUAR3,202105,BIDI3,0.78298741888459,337,641
GUAR3,202105,GRND3,0.92007957965695,611,641
GUAR3,202106,BIDI3,0.780124022059395,324,667
GUAR3,202106,BRDT3,0.765021901275298,1274,667
GUAR3,202106,GRND3,0.921716438862411,613,667
GUAR3,202107,BIDI3,0.80590828082571,330,658
GUAR3,202107,CSED3,0.701853947235555,602,658
GUAR3,202107,GRND3,0.896642458613511,619,658
GUAR3,202108,BIDI3,0.782327783924354,342,608
GUAR3,202108,CSED3,0.760256690014682,605,608
GUAR3,202108,GRND3,0.739345964837267,623,608
GUAR3,202109,BIDI4,0.787601724663,833,665
GUAR3,202109,CSED3,0.815928443348545,568,665
GUAR3,202110,BIDI3,0.717700205494974,422,648
GUAR3,202110,BIDI4,0.724005765453572,1148,648
GUAR3,202110,CSED3,0.804794637469121,564,648
GUAR3,202111,BIDI3,0.703229293550718,413,618
GUAR3,202111,BIDI4,0.719631593608902,1175,618
GUAR3,202112,BIDI3,0.701475254931359,441,668
GUAR3,202112,BIDI4,0.710744234183234,1110,668
GUAR4,201702,BRIV3,0.948065541793852,134,455
GUAR4,201702,CESP3,0.947349824108732,57,455
GUAR4,201703,BRIV3,0.959508780812922,135,455
GUAR4,201703,CESP3,0.956767696791697,57,455
GUAR4,201704,BRIV3,0.980184562058982,137,461
GUAR4,201704,CESP3,0.978628192128936,55,461
GUAR4,201704,GRND3,0.70115304324225,425,461
GUAR4,201705,BRIV3,0.988548835136446,134,110
GUAR4,201705,CESP3,0.993984775864705,53,110
GUAR4,201705,GRND3,0.70833656616611,447,110
GUAR4,201706,BRIV3,0.988552533597107,131,65
GUAR4,201706,CESP3,0.99537254766854,56,65
GUAR4,201707,BRIV3,0.985743091874114,130,372
GUAR4,201707,CESP3,0.996738145964764,52,372
GUAR4,201708,BRIV3,0.984170431291837,131,369
GUAR4,201708,CESP3,0.995179208867372,52,369
GUAR4,201708,GRND3,0.726944163447757,446,369
GUAR4,201712,BRIV3,0.980735093695096,129,369
GUAR4,201712,CESP3,0.999253087594376,32,369
GUAR4,201801,BRIV3,0.98193852024331,126,324
GUAR4,201801,CESP3,0.999777630195445,29,324
GUAR4,201807,ALPA3,0.706683111126205,97,40
GUAR4,201807,ENGI4,0.706440704823707,96,40
GUAR4,201808,CGRA4,0.822232119357922,126,109
GUAR4,201808,DIRR3,0.813245998596655,408,109
GUAR4,201809,CGRA4,0.844449541961675,127,108
GUAR4,201809,DIRR3,0.832677703815014,393,108
GUAR4,201810,CGRA4,0.776598428541602,170,94
GUAR4,201810,DIRR3,0.72898024522974,364,94
GUAR4,201811,ALPA3,0.784123856814689,80,96
GUAR4,201811,ENGI4,0.784052601905608,80,96
GUAR4,201812,ALPA3,0.876973588388898,80,107
GUAR4,201812,ENGI4,0.876975280316601,80,107
GUAR4,201901,ALPA3,0.974003830223418,75,95
GUAR4,201901,ENGI4,0.974014955577599,75,95
GUAR4,201901,GNDI3,0.747539147798235,612,95
HAPV3,201805,ELPL3,0.720835615809393,594,744
HAPV3,201806,AZUL4,0.724283316943344,507,769
HAPV3,201807,GGBR4,0.75786927203531,977,696
HAPV3,201808,AZUL4,0.751246844982839,523,701
HAPV3,201808,CESP6,0.700814069412719,708,701
HAPV3,201809,AZUL4,0.804082539792647,573,723
HAPV3,201809,BPAC11,0.700978286548602,515,723
HAPV3,201809,BRSR6,0.8081127548385,598,723
HAPV3,201809,CESP6,0.771761492862223,687,723
HAPV3,201809,ECOR3,0.772075485196615,720,723
HAPV3,201809,EUCA4,0.804428852108122,356,723
HAPV3,201809,GOAU3,0.756596989121379,381,723
HAPV3,201809,GOAU4,0.749299797232964,874,723
HAPV3,201810,BPAC11,0.714781764068858,504,689
HAPV3,201810,BRSR6,0.874221932510408,593,689
HAPV3,201810,CESP6,0.798803549143311,669,689
HAPV3,201810,ECOR3,0.85810102975143,732,689
HAPV3,201810,EUCA4,0.867583229174002,360,689
HAPV3,201810,GOAU3,0.865616508781859,380,689
HAPV3,201810,GOAU4,0.87836218490403,850,689
HAPV3,201811,AZUL4,0.752866334736411,768,716
HAPV3,201811,BPAC11,0.742362970921388,485,716
HAPV3,201811,BRSR6,0.856856373905193,644,716
HAPV3,201811,CESP6,0.747707400391049,717,716
HAPV3,201811,ECOR3,0.855908092898796,826,716
HAPV3,201811,EUCA4,0.844656237749071,360,716
HAPV3,201811,GOAU3,0.84657713231811,298,716
HAPV3,201811,GOAU4,0.867050377912787,898,716
HAPV3,201812,AZUL4,0.706693929760552,864,731
HAPV3,201812,BPAC11,0.800212605789937,498,731
HAPV3,201812,BRAP4,0.73635037636185,963,731
HAPV3,201812,BRSR6,0.873692353777739,639,731
HAPV3,201812,CESP6,0.759992956368642,731,731
HAPV3,201812,ECOR3,0.888787669152386,859,731
HAPV3,201812,EUCA4,0.860861419450322,366,731
HAPV3,201812,GOAU3,0.835007407825775,297,731
HAPV3,201812,GOAU4,0.886630864787623,883,731
HAPV3,201901,BRAP4,0.77123447556803,956,746
HAPV3,201901,BRSR6,0.81667074515135,628,746
HAPV3,201901,CESP6,0.701780721009126,730,746
HAPV3,201901,ECOR3,0.758369603989009,865,746
HAPV3,201901,EUCA4,0.797707661023781,364,746
HAPV3,201901,GOAU3,0.73715740835468,301,746
HAPV3,201901,GOAU4,0.823727037484409,851,746
HAPV3,201902,BRAP4,0.825128704363459,988,803
HAPV3,201902,BRDT3,0.751499213464412,988,803
HAPV3,201902,BRFS3,0.819618195202626,871,803
HAPV3,201902,BRSR6,0.905815336405488,658,803
HAPV3,201902,CESP6,0.818076952740878,775,803
HAPV3,201902,EUCA4,0.893875714999185,377,803
HAPV3,201902,GOAU3,0.857621635765695,326,803
HAPV3,201902,GOAU4,0.887960721928541,921,803
HAPV3,201903,BRDT3,0.726417121404797,985,766
HAPV3,201903,BRFS3,0.735803557835394,856,766
HAPV3,201903,BRSR6,0.721044894313761,627,766
HAPV3,201903,CESP6,0.795100536201088,770,766
HAPV3,201903,EUCA4,0.701040502319031,383,766
HAPV3,201903,GOAU4,0.73481256917108,901,766
HAPV3,201904,BRSR6,0.737083931858846,622,810
HAPV3,201904,CESP6,0.801050178788213,785,810
HAPV3,201904,EUCA4,0.717577068415641,396,810
HAPV3,201904,GOAU4,0.753768830913731,857,810
HAPV3,201905,BRDT3,0.719140120175404,889,778
HAPV3,201905,BRFS3,0.762325643124797,947,778
HAPV3,201905,BRSR6,0.729427891877637,593,778
HAPV3,201905,CESP6,0.800479326896522,820,778
HAPV3,201905,EUCA4,0.714124399812367,400,778
HAPV3,201905,GOAU4,0.700764130495017,872,778
HAPV3,201906,BRDT3,0.707435083067149,850,780
HAPV3,201906,BRFS3,0.750767075099215,949,780
HAPV3,201906,BRSR6,0.706713061665963,610,780
HAPV3,201906,CESP6,0.817853740572081,844,780
HAPV3,201906,EUCA4,0.70332941554709,397,780
HAPV3,201907,BRFS3,0.780349469223688,973,837
HAPV3,201907,BRSR6,0.72860158828867,657,837
HAPV3,201907,CESP6,0.822330281300934,882,837
HAPV3,201907,EUCA4,0.731251772822174,402,837
HAPV3,201907,GOAU4,0.719637129724588,911,837
HAPV3,201908,BRDT3,0.721116422142875,1088,950
HAPV3,201908,BRFS3,0.828537445740867,981,950
HAPV3,201908,BRSR6,0.722244270592488,628,950
HAPV3,201908,CESP6,0.806733020713952,876,950
HAPV3,201908,EUCA4,0.73740852084796,404,950
HAPV3,201908,GOAU4,0.713457313395591,915,950
HAPV3,201909,BRDT3,0.761000616425817,1115,1000
HAPV3,201909,BRFS3,0.784432279363145,995,1000
HAPV3,201909,BRSR6,0.76115202947766,594,1000
HAPV3,201909,CESP6,0.823227800990895,841,1000
HAPV3,201909,CMIG4,0.707185262211549,946,1000
HAPV3,201909,EUCA4,0.752208857942459,405,1000
HAPV3,201909,GGBR4,0.71989881737695,893,1000
HAPV3,201909,GOAU4,0.752176317309803,879,1000
HAPV3,201910,BRDT3,0.751013152461863,1132,1031
HAPV3,201910,BRFS3,0.843204656289212,1004,1031
HAPV3,201910,BRSR6,0.795336971474606,628,1031
HAPV3,201910,CESP6,0.849204791700871,873,1031
HAPV3,201910,CMIG3,0.70912695233043,694,1031
HAPV3,201910,CMIG4,0.747749722347375,940,1031
HAPV3,201910,EUCA4,0.783910176769921,407,1031
HAPV3,201910,GOAU4,0.810118536159159,899,1031
HAPV3,201912,BRFS3,0.79462023586778,922,878
HAPV3,201912,GOAU4,0.732977157055395,930,878
HAPV3,202001,BRFS3,0.840623003238247,923,939
HAPV3,202001,BRSR6,0.723143444281474,606,939
HAPV3,202001,CMIG3,0.746706969423953,680,939
HAPV3,202001,GOAU4,0.763869779536391,941,939
HAPV3,202002,GGBR4,0.741055276953277,985,1025
HAPV3,202003,BRFS3,0.73795794321067,921,1036
HAPV3,202003,CMIG3,0.721447466570186,628,1036
HAPV3,202003,GOAU4,0.7017727180921,920,1036
HAPV3,202004,BRFS3,0.701285802216004,969,1059
HAPV3,202008,BRFS3,0.716239065425323,1013,1101
HAPV3,202008,CMIG3,0.712556147870194,644,1101
HAPV3,202008,GOAU4,0.715611431930741,1043,1101
HAPV3,202009,BRFS3,0.732100167383663,1007,1077
HAPV3,202009,CMIG3,0.726847740156145,566,1077
HAPV3,202009,GOAU4,0.723442551750288,1065,1077
HAPV3,202103,CMIG3,0.736063251817956,467,1232
HAPV3,202103,ECOR3,0.736993262010517,1044,1232
HAPV3,202103,GOAU3,0.709727634765666,514,1232
HAPV3,202103,GOAU4,0.734388862506595,1168,1232
HAPV3,202104,AERI3,0.705842740595677,506,1274
HAPV3,202104,CMIG3,0.761866049514384,481,1274
HAPV3,202104,ECOR3,0.756257154679937,1076,1274
HAPV3,202104,GOAU3,0.720319973164226,545,1274
HAPV3,202104,GOAU4,0.742802304437687,1189,1274
HAPV3,202105,BPAC5,0.708814447096297,437,1362
HAPV3,202105,BRFS3,0.788857000169645,1091,1362
HAPV3,202105,BTOW3,0.719939352175912,1087,1362
HAPV3,202105,CMIG3,0.772062865587542,507,1362
HAPV3,202105,ECOR3,0.765797058239703,1077,1362
HAPV3,202105,GOAU3,0.722253312593498,475,1362
HAPV3,202105,GOAU4,0.738504715623312,1215,1362
HAPV3,202106,BRFS3,0.714548062740503,1104,1373
HAPV3,202106,ECOR3,0.708029874128983,1110,1373
HAPV3,202108,AMER3,0.853002120676257,1035,1375
HAPV3,202109,AMER3,0.798398977803308,1170,1391
HAPV3,202109,CRFB3,0.70868396828745,1112,1391
HAPV3,202111,CRFB3,0.735767341266133,1205,1398
HBOR3,201702,CYRE3,0.818455186493162,789,392
HBOR3,201703,CYRE3,0.777207713615085,777,391
HBOR3,201704,CYRE3,0.791652199897993,772,396
HBOR3,201705,CYRE3,0.833170572303446,742,258
HBOR3,201706,CYRE3,0.827938198636235,713,190
HBOR3,201709,ENGI4,0.714175354190014,66,127
HBOR3,201709,ENMT3,0.708248638819188,68,127
HBOR3,201709,ENMT4,0.711739815291617,68,127
HBOR3,201909,BEEF11,0.75571183730216,215,223
HBOR3,202005,BIDI3,0.720361494719022,138,591
HBOR3,202005,BIDI4,0.705440065052272,544,591
HBOR3,202005,ENGI4,0.740649704628743,138,591
HBOR3,202005,GRND3,0.732682137583345,521,591
HBOR3,202006,BIDI3,0.73807240604291,142,597
HBOR3,202006,ENGI4,0.742922616651103,142,597
HBOR3,202006,GRND3,0.74153650994028,543,597
HBOR3,202007,BIDI3,0.759124296776346,209,638
HBOR3,202007,ENGI4,0.765283545244601,145,638
HBOR3,202007,GRND3,0.754153161774554,570,638
HBOR3,202008,BBRK3,0.720820854961295,465,601
HBOR3,202008,BIDI3,0.780819695673102,211,601
HBOR3,202008,GRND3,0.776043370055895,562,601
HBOR3,202009,BBRK3,0.757216378181703,449,592
HBOR3,202009,BIDI3,0.814934125776444,229,592
HBOR3,202009,GRND3,0.814264624172027,519,592
HBOR3,202009,GUAR3,0.787359825344141,568,592
HBOR3,202010,BBRK3,0.764882152956416,462,606
HBOR3,202010,BIDI3,0.807744046578693,314,606
HBOR3,202010,GRND3,0.792628654715848,548,606
HBOR3,202010,GUAR3,0.75362909900239,569,606
HBOR3,202011,BBRK3,0.761778824764079,465,601
HBOR3,202011,BIDI3,0.810772675358569,423,601
HBOR3,202011,GRND3,0.823001857274194,536,601
HBOR3,202011,GUAR3,0.804169722436239,558,601
HBOR3,202102,BBRK3,0.767292731234417,488,584
HBOR3,202102,BIDI3,0.727480284974285,446,584
HBOR3,202102,GRND3,0.774811108306032,597,584
HBOR3,202102,GUAR3,0.734330609180248,589,584
HBOR3,202103,BBRK3,0.794140101234401,487,592
HBOR3,202103,BIDI3,0.714902723104179,333,592
HBOR3,202103,GRND3,0.796012828264055,578,592
HBOR3,202103,GUAR3,0.757807938132129,593,592
HBOR3,202104,BBRK3,0.758602916612615,490,634
HBOR3,202104,GRND3,0.781525988458638,623,634
HBOR3,202104,GUAR3,0.764157149715144,654,634
HBOR3,202105,BIDI3,0.70780641827884,337,617
HBOR3,202105,GRND3,0.794428616269875,611,617
HBOR3,202105,GUAR3,0.817589596048881,641,617
HBOR3,202106,BIDI3,0.778267663390782,324,609
HBOR3,202106,BRDT3,0.77245986279951,1274,609
HBOR3,202106,GRND3,0.879432800052494,613,609
HBOR3,202106,GUAR3,0.914159214272611,667,609
HBOR3,202107,BIDI3,0.790727529363683,330,608
HBOR3,202107,GRND3,0.854591938366219,619,608
HBOR3,202107,GUAR3,0.923251607124519,658,608
HBOR3,202108,BIDI3,0.761242167831858,342,637
HBOR3,202108,CSED3,0.733557880706772,605,637
HBOR3,202108,GRND3,0.705356570225843,623,637
HBOR3,202108,GUAR3,0.917578744911192,608,637
HBOR3,202109,BIDI4,0.797591519037236,833,628
HBOR3,202109,CSED3,0.814876284395646,568,628
HBOR3,202109,GRND3,0.721503657854382,609,628
HBOR3,202109,GUAR3,0.898832347518286,665,628
HBOR3,202110,BIDI3,0.74810386581172,422,546
HBOR3,202110,BIDI4,0.760993949326597,1148,546
HBOR3,202110,CSED3,0.836795757787709,564,546
HBOR3,202110,GUAR3,0.893612378973704,648,546
HBOR3,202111,BIDI3,0.7368958729274,413,503
HBOR3,202111,BIDI4,0.758921319477337,1175,503
HBOR3,202111,CSED3,0.721256015354463,612,503
HBOR3,202111,GUAR3,0.886841364976159,618,503
HBOR3,202112,BIDI11,0.708868241240352,1383,654
HBOR3,202112,BIDI3,0.735216389801824,441,654
HBOR3,202112,BIDI4,0.747398799057842,1110,654
HBOR3,202112,GUAR3,0.87767682278813,668,654
HBRE3,202102,ENJU3,0.7975791209194,741,588
HBRE3,202103,ENJU3,0.832228655166336,729,546
HBRE3,202103,EZTC3,0.774905579838195,1118,546
HBRE3,202104,ENJU3,0.851088113737574,766,515
HBRE3,202104,EZTC3,0.811366236433191,1111,515
HBRE3,202105,ENJU3,0.877058625757369,802,474
HBRE3,202105,EZTC3,0.755449043574661,1107,474
HBRE3,202106,ENJU3,0.856120896761419,793,471
HBRE3,202107,ENJU3,0.873332520421675,790,500
HBRE3,202108,ENJU3,0.895890022037015,822,488
HBRE3,202109,ENJU3,0.909213223200952,804,482
HBRE3,202110,ENJU3,0.905543332100486,796,526
HBRE3,202111,ALUP11,0.704289190510196,803,531
HBRE3,202111,ENJU3,0.906078282240023,783,531
HBRE3,202112,ALUP11,0.757178717898116,814,527
HBRE3,202112,ENJU3,0.909706473783738,820,527
HBSA3,202010,ENGI11,0.845208771680088,1043,680
HBSA3,202011,AMBP3,0.705946757297366,605,673
HBSA3,202011,ENGI11,0.832607548485676,1045,673
HBSA3,202012,AMBP3,0.70364765252762,587,667
HBSA3,202012,ENGI11,0.839463273490599,1054,667
HBSA3,202101,AMBP3,0.707193635096844,577,689
HBSA3,202101,ENGI11,0.847367193073833,1120,689
HBSA3,202102,AMBP3,0.717376963182028,596,712
HBSA3,202102,ENGI11,0.865510089086364,1145,712
HBSA3,202103,AMBP3,0.771349437462528,599,690
HBSA3,202104,AMBP3,0.74661225507736,645,712
HBSA3,202107,CEAB3,0.709301937997238,767,794
HBSA3,202107,CURY3,0.705800204010009,592,794
HBSA3,202108,CURY3,0.738716372093789,593,814
HBSA3,202109,CURY3,0.727122669543628,637,832
HBSA3,202110,CURY3,0.754322939720093,771,782
HBSA3,202110,CYRE3,0.720137706375174,1309,782
HBSA3,202111,CURY3,0.816044292890231,758,763
HBSA3,202111,CYRE3,0.760818119211041,1329,763
HBSA3,202111,ENGI11,0.701817670346556,1250,763
HBSA3,202112,CURY3,0.828069485807216,791,799
HBSA3,202112,CYRE3,0.795192241216444,1345,799
HGTX3,201704,AMAR3,0.814261699865056,341,511
HGTX3,201704,ARZZ3,0.849122244795822,538,511
HGTX3,201705,ALPA4,0.777844633985214,591,519
HGTX3,201705,CGAS5,0.768656509683777,558,519
HGTX3,201705,ELET6,0.785876915780321,742,519
HGTX3,201705,ENBR3,0.742629987613789,737,519
HGTX3,201707,ALPA4,0.711494787866673,552,575
HGTX3,201708,ALPA4,0.836218442387369,559,598
HGTX3,201708,AMAR3,0.824067045643305,474,598
HGTX3,201708,CGAS5,0.834493033560315,311,598
HGTX3,201708,ELET3,0.746949503628818,779,598
HGTX3,201708,ENBR3,0.780880081277657,757,598
HGTX3,201709,ALPA4,0.895050323627522,565,626
HGTX3,201709,AMAR3,0.874829172060254,487,626
HGTX3,201709,CGAS5,0.873364311028104,194,626
HGTX3,201709,ELET3,0.843291911171164,880,626
HGTX3,201709,ENBR3,0.843454055122098,736,626
HGTX3,201710,ALPA4,0.907762804553285,421,648
HGTX3,201710,AMAR3,0.89060705635324,507,648
HGTX3,201710,BRML3,0.839557480993186,907,648
HGTX3,201710,CGAS5,0.856374414592341,219,648
HGTX3,201710,ELET3,0.819541255718666,892,648
HGTX3,201710,ENBR3,0.837897051817592,736,648
HGTX3,201710,EQTL3,0.728746305880564,1014,648
HGTX3,201711,ALPA4,0.939251026519781,467,707
HGTX3,201711,AMAR3,0.929706366729157,484,707
HGTX3,201711,BRML3,0.872225131619038,912,707
HGTX3,201711,CGAS5,0.871580778424762,358,707
HGTX3,201711,ELET3,0.775678668162473,916,707
HGTX3,201711,ENBR3,0.869560516861188,743,707
HGTX3,201711,EQTL3,0.735178559724367,1015,707
HGTX3,201712,ALPA4,0.932041048150288,487,738
HGTX3,201712,AMAR3,0.815410124481742,487,738
HGTX3,201712,BRML3,0.863901406185715,916,738
HGTX3,201712,CGAS5,0.806669209774572,414,738
HGTX3,201712,CSAN3,0.704645189896929,823,738
HGTX3,201712,ELET3,0.807338480184492,918,738
HGTX3,201712,ENBR3,0.817101038176451,764,738
HGTX3,201801,ALPA4,0.916360490988417,457,668
HGTX3,201801,AMAR3,0.951235887065173,511,668
HGTX3,201801,BRML3,0.830818133878753,889,668
HGTX3,201801,CAML3,0.719383905692421,575,668
HGTX3,201801,ELET3,0.819738285077954,859,668
HGTX3,201801,ELET6,0.768962213650923,864,668
HGTX3,201802,ALPA4,0.913083760118297,467,593
HGTX3,201802,AMAR3,0.95539362889159,382,593
HGTX3,201802,BBDC4,0.831667349703326,1024,593
HGTX3,201802,BRML3,0.829978804449707,872,593
HGTX3,201802,ELET3,0.900505470242789,804,593
HGTX3,201802,ELET6,0.836855523965491,813,593
HGTX3,201803,ALPA4,0.913743123254608,465,584
HGTX3,201803,AMAR3,0.946441896600781,382,584
HGTX3,201803,BBDC4,0.809931499069958,1029,584
HGTX3,201803,BRML3,0.826445863674864,868,584
HGTX3,201803,ELET3,0.911722181174202,804,584
HGTX3,201803,ELET6,0.876881403634297,839,584
HGTX3,201804,ALPA4,0.943047564483465,441,619
HGTX3,201804,AMAR3,0.958881104685422,495,619
HGTX3,201804,ANIM3,0.822352875597244,470,619
HGTX3,201804,BBDC4,0.777350606128749,1065,619
HGTX3,201804,BRML3,0.825645260949385,844,619
HGTX3,201804,ELET6,0.802480907697055,850,619
HGTX3,201805,ALPA4,0.935013573895621,449,541
HGTX3,201805,AMAR3,0.960034937153581,196,541
HGTX3,201805,ANIM3,0.820824272354299,448,541
HGTX3,201805,BBDC4,0.717224237881247,1068,541
HGTX3,201805,BRML3,0.88808474419914,843,541
HGTX3,201805,ELET3,0.786207515199831,805,541
HGTX3,201805,ELET6,0.755934410877297,813,541
HGTX3,201805,EQTL3,0.71563642962533,987,541
HGTX3,201806,ALPA4,0.927560035538994,432,553
HGTX3,201806,AMAR3,0.884898753386801,194,553
HGTX3,201806,ANIM3,0.81447710973977,423,553
HGTX3,201806,BBDC4,0.721318982288442,1092,553
HGTX3,201806,BIDI4,0.863671017727607,499,553
HGTX3,201806,BRML3,0.94422408614665,868,553
HGTX3,201806,CAML3,0.716076477208002,486,553
HGTX3,201806,ELET3,0.936239152085117,815,553
HGTX3,201806,EQTL3,0.707681894116691,995,553
HGTX3,201807,ALPA4,0.934698833862827,472,585
HGTX3,201807,ANIM3,0.773181252993031,421,585
HGTX3,201807,BBDC4,0.748028988180591,1084,585
HGTX3,201807,BIDI4,0.875682984047921,498,585
HGTX3,201807,BRML3,0.874070715926422,882,585
HGTX3,201808,ALPA4,0.889535432467604,403,576
HGTX3,201808,ANIM3,0.774485996777321,463,576
HGTX3,201808,BIDI4,0.783262106383282,496,576
HGTX3,201808,BRML3,0.810594997285759,904,576
HGTX3,201808,ELET3,0.788130119169932,868,576
HGTX3,201809,ALPA4,0.917247480994023,394,598
HGTX3,201809,ANIM3,0.848030953733312,428,598
HGTX3,201809,BIDI4,0.891627079522282,498,598
HGTX3,201809,BRML3,0.880617376474799,860,598
HGTX3,201809,CYRE3,0.762645566037285,947,598
HGTX3,201810,ALPA4,0.91818663948482,398,640
HGTX3,201810,AMAR3,0.726154360574102,296,640
HGTX3,201810,ANIM3,0.845820776469262,433,640
HGTX3,201810,BIDI4,0.895684803881544,496,640
HGTX3,201810,BRML3,0.833994750971503,860,640
HGTX3,201810,CYRE3,0.715573645649714,933,640
HGTX3,201811,ALPA4,0.901595520103985,397,734
HGTX3,201811,ANIM3,0.764757373240508,409,734
HGTX3,201811,BIDI4,0.876507437254671,494,734
HGTX3,201811,BRML3,0.79889462518323,992,734
HGTX3,201811,CAML3,0.702086987617149,506,734
HGTX3,201812,ALPA4,0.901104152611903,406,783
HGTX3,201812,ANIM3,0.770513040372811,412,783
HGTX3,201812,BIDI4,0.848292777155004,505,783
HGTX3,201812,BRML3,0.83185327109549,992,783
HGTX3,201812,CAML3,0.858981548464426,462,783
HGTX3,201812,ELET3,0.77575639110403,866,783
HGTX3,201812,ENGI11,0.704580191804032,807,783
HGTX3,201901,ALPA4,0.929333299655887,433,815
HGTX3,201901,ANIM3,0.837558615345243,403,815
HGTX3,201901,BIDI4,0.866141884548068,460,815
HGTX3,201901,BRML3,0.851909212757256,968,815
HGTX3,201901,CAML3,0.902069038603588,435,815
HGTX3,201901,ENGI11,0.756078696850685,835,815
HGTX3,201902,ALPA4,0.889488826102621,599,817
HGTX3,201902,ANIM3,0.755141539759551,522,817
HGTX3,201902,BIDI4,0.833911000730509,485,817
HGTX3,201902,BRML3,0.866720495684372,984,817
HGTX3,201902,CAML3,0.875282798704649,488,817
HGTX3,201902,ENGI11,0.726194346694124,838,817
HGTX3,201903,ALPA4,0.922217864774786,547,821
HGTX3,201903,ANIM3,0.780695532497397,502,821
HGTX3,201903,BIDI4,0.906156740637809,497,821
HGTX3,201903,BRML3,0.909201234381154,964,821
HGTX3,201903,CAML3,0.916711882324645,412,821
HGTX3,201903,ENGI11,0.743190348042162,857,821
HGTX3,201904,ALPA4,0.930861008233986,547,760
HGTX3,201904,ANIM3,0.7899054453895,493,760
HGTX3,201904,BIDI4,0.715825526367398,604,760
HGTX3,201904,BRML3,0.938043658885109,963,760
HGTX3,201904,CAML3,0.929215215440618,402,760
HGTX3,201904,ENGI11,0.722342423506549,846,760
HGTX3,201905,ALPA4,0.936423512230368,551,747
HGTX3,201905,ANIM3,0.821919917890568,491,747
HGTX3,201905,BRML3,0.932746064747894,982,747
HGTX3,201905,CAML3,0.945554954859525,415,747
HGTX3,201905,ENEV3,0.828398312997725,781,747
HGTX3,201906,ALPA4,0.933222477411519,590,762
HGTX3,201906,ANIM3,0.815763045229093,445,762
HGTX3,201906,BIDI4,0.827687649941744,612,762
HGTX3,201906,BRML3,0.939945285293272,982,762
HGTX3,201906,CAML3,0.937358323156378,445,762
HGTX3,201906,ENEV3,0.846844164925314,770,762
HGTX3,201906,EVEN3,0.765088825660019,481,762
HGTX3,201907,ALPA4,0.942010780636996,623,789
HGTX3,201907,ANIM3,0.844605578391528,515,789
HGTX3,201907,BIDI4,0.766586013984362,559,789
HGTX3,201907,BRML3,0.931033111392206,1005,789
HGTX3,201907,CAML3,0.879249800793587,515,789
HGTX3,201907,ENEV3,0.888326762111646,771,789
HGTX3,201907,EVEN3,0.752859905499358,570,789
HGTX3,201908,ALPA4,0.924859644374006,662,827
HGTX3,201908,ANIM3,0.803444237640313,589,827
HGTX3,201908,BKBR3,0.895327930249912,564,827
HGTX3,201908,BRML3,0.942416255114473,1061,827
HGTX3,201908,CAML3,0.79358334384865,579,827
HGTX3,201908,ENEV3,0.893704473968637,767,827
HGTX3,201909,ALPA4,0.91231410174187,582,830
HGTX3,201909,ANIM3,0.817752042812028,552,830
HGTX3,201909,BKBR3,0.888376702546586,593,830
HGTX3,201909,BRML3,0.942993116353012,1037,830
HGTX3,201909,CSAN3,0.721694633586691,875,830
HGTX3,201909,ENEV3,0.894944252586943,800,830
HGTX3,201910,ALPA4,0.906326180590277,592,847
HGTX3,201910,ANIM3,0.826331943467601,560,847
HGTX3,201910,BIDI11,0.77441398710346,708,847
HGTX3,201910,BKBR3,0.807348783805663,596,847
HGTX3,201910,BRML3,0.942613002142455,1040,847
HGTX3,201910,CSAN3,0.723010576010216,903,847
HGTX3,201910,ENEV3,0.901108167185512,819,847
HGTX3,201911,ALPA4,0.895379936847778,603,808
HGTX3,201911,ANIM3,0.837889933088206,582,808
HGTX3,201911,BIDI11,0.845878248414402,681,808
HGTX3,201911,BKBR3,0.87353552787495,599,808
HGTX3,201911,BRML3,0.939515650799431,1034,808
HGTX3,201911,CSAN3,0.730194099661777,906,808
HGTX3,201911,ENEV3,0.928493888965448,785,808
HGTX3,201912,ALPA4,0.854190715490633,624,807
HGTX3,201912,ANIM3,0.839185324751359,597,807
HGTX3,201912,BIDI11,0.827383825237829,679,807
HGTX3,201912,BKBR3,0.913161935529699,608,807
HGTX3,201912,BRML3,0.906781577366921,987,807
HGTX3,201912,CSAN3,0.760866572363601,862,807
HGTX3,201912,ENEV3,0.911915079679742,817,807
HGTX3,202001,ALPA4,0.825643677947904,642,829
HGTX3,202001,ANIM3,0.842031780064788,618,829
HGTX3,202001,BIDI11,0.818165353641071,653,829
HGTX3,202001,BKBR3,0.932442256272244,593,829
HGTX3,202001,BRML3,0.889632868650663,1010,829
HGTX3,202001,ENEV3,0.905358923687916,809,829
HGTX3,202002,ALPA4,0.809613517257333,692,945
HGTX3,202002,ANIM3,0.861192155990412,694,945
HGTX3,202002,BIDI11,0.820048300898393,715,945
HGTX3,202002,BKBR3,0.94106003508318,643,945
HGTX3,202002,BRML3,0.828372952960365,1024,945
HGTX3,202002,ENEV3,0.895513043059096,869,945
HGTX3,202003,ALPA4,0.777007303466779,684,927
HGTX3,202003,ANIM3,0.825903505087535,675,927
HGTX3,202003,BIDI11,0.846359407040962,670,927
HGTX3,202003,BKBR3,0.952097076796828,616,927
HGTX3,202003,BRML3,0.821240015422292,1007,927
HGTX3,202003,ENEV3,0.879645443125282,837,927
HGTX3,202004,ALPA4,0.775288201820919,737,928
HGTX3,202004,ANIM3,0.890774952200685,604,928
HGTX3,202004,AZUL4,0.762122454956537,986,928
HGTX3,202004,BIDI11,0.842159411775991,584,928
HGTX3,202004,BKBR3,0.959553480895373,625,928
HGTX3,202004,BRML3,0.856345957157227,1041,928
HGTX3,202004,ENEV3,0.867140413409872,812,928
HGTX3,202005,ALPA4,0.759566988989172,763,914
HGTX3,202005,ANIM3,0.943260471407784,656,914
HGTX3,202005,BIDI11,0.870058579749982,580,914
HGTX3,202005,BKBR3,0.988737707704649,647,914
HGTX3,202005,BRML3,0.922422571070206,1029,914
HGTX3,202005,ENEV3,0.88185162769317,810,914
HGTX3,202006,ALPA4,0.783943222696112,763,912
HGTX3,202006,ALPK3,0.795570250874929,394,912
HGTX3,202006,ANIM3,0.921994937160017,670,912
HGTX3,202006,BIDI11,0.869943727918145,588,912
HGTX3,202006,BKBR3,0.991550709109283,661,912
HGTX3,202006,BRML3,0.934016501697184,1044,912
HGTX3,202006,ENEV3,0.886567719049192,833,912
HGTX3,202007,ALPA4,0.755642836824101,765,885
HGTX3,202007,ALPK3,0.780964120034369,402,885
HGTX3,202007,ANIM3,0.918019239105556,689,885
HGTX3,202007,BIDI11,0.878690556627617,652,885
HGTX3,202007,BKBR3,0.993395756910374,667,885
HGTX3,202007,BRML3,0.946195378535516,1011,885
HGTX3,202007,ENEV3,0.854679086108869,832,885
HGTX3,202008,ABEV3,0.801854443042871,1048,946
HGTX3,202008,ALPA4,0.838002374065517,786,946
HGTX3,202008,ALPK3,0.826835279729145,407,946
HGTX3,202008,ANIM3,0.919037785874266,633,946
HGTX3,202008,BIDI11,0.88831304733585,721,946
HGTX3,202008,BKBR3,0.991844275820365,632,946
HGTX3,202008,BRML3,0.944222580333013,1053,946
HGTX3,202008,COGN3,0.790360880836836,1046,946
HGTX3,202008,ENEV3,0.855789312916583,844,946
HGTX3,202009,ABEV3,0.936601408399163,1061,972
HGTX3,202009,ALPA4,0.845716284438878,797,972
HGTX3,202009,ALPK3,0.873544052699434,259,972
HGTX3,202009,ANIM3,0.915460151819548,630,972
HGTX3,202009,BIDI11,0.860230118499229,683,972
HGTX3,202009,BIDI4,0.921180437835665,619,972
HGTX3,202009,BKBR3,0.994979511557697,606,972
HGTX3,202009,BRML3,0.923729473379629,1064,972
HGTX3,202009,COGN3,0.844895469446576,1035,972
HGTX3,202009,ENEV3,0.846614304387233,852,972
HGTX3,202010,ABEV3,0.936507705121068,1011,961
HGTX3,202010,ALPA4,0.818192564413102,817,961
HGTX3,202010,ALPK3,0.891010031987212,270,961
HGTX3,202010,ANIM3,0.915451526719191,645,961
HGTX3,202010,BIDI11,0.830279508664784,744,961
HGTX3,202010,BIDI4,0.90005729867876,685,961
HGTX3,202010,BKBR3,0.994355216663696,633,961
HGTX3,202010,BRML3,0.927433677481499,1056,961
HGTX3,202010,COGN3,0.788343645293177,1019,961
HGTX3,202010,ENEV3,0.862717206280134,902,961
HGTX3,202011,ABEV3,0.938500639614478,1025,952
HGTX3,202011,ALPA4,0.821695640138553,830,952
HGTX3,202011,ALPK3,0.948068061149563,269,952
HGTX3,202011,ANIM3,0.821856319047908,645,952
HGTX3,202011,BIDI11,0.800258141858697,726,952
HGTX3,202011,BIDI4,0.895721745612191,669,952
HGTX3,202011,BKBR3,0.973453546006086,622,952
HGTX3,202011,BRML3,0.933091311915383,1073,952
HGTX3,202011,COGN3,0.811232923105523,1018,952
HGTX3,202011,ENEV3,0.853391060823469,852,952
HGTX3,202012,ABEV3,0.931305030421277,1052,974
HGTX3,202012,ALPA4,0.750068174126374,837,974
HGTX3,202012,ALPK3,0.979858611333626,228,974
HGTX3,202012,ANIM3,0.887746620238148,733,974
HGTX3,202012,BIDI11,0.756788349438014,718,974
HGTX3,202012,BIDI4,0.870445685026242,666,974
HGTX3,202012,BKBR3,0.974050619818138,659,974
HGTX3,202012,BRML3,0.937640149805082,1103,974
HGTX3,202012,COGN3,0.819947582845992,1004,974
HGTX3,202012,ENEV3,0.853066525088182,865,974
HGTX3,202101,ABEV3,0.955394140751673,1092,983
HGTX3,202101,ALPK3,0.992881670631984,229,983
HGTX3,202101,ANIM3,0.863299554156725,761,983
HGTX3,202101,BIDI11,0.722248470790216,742,983
HGTX3,202101,BIDI4,0.851816660088874,632,983
HGTX3,202101,BKBR3,0.956881938272638,653,983
HGTX3,202101,BRML3,0.913028180932949,1129,983
HGTX3,202101,ENEV3,0.815419190744685,1151,983
HGTX3,202102,ABEV3,0.965675838086436,1107,969
HGTX3,202102,ALPK3,0.992860298074916,230,969
HGTX3,202102,ANIM3,0.854926333224548,796,969
HGTX3,202102,BIDI4,0.751798868586983,662,969
HGTX3,202102,BKBR3,0.945548518322069,629,969
HGTX3,202102,BRML3,0.879210230766429,1120,969
HGTX3,202102,ENEV3,0.797943369159631,1201,969
HGTX3,202102,GGBR4,0.82684850268636,1259,969
HGTX3,202103,ABEV3,0.949253380851806,1126,1010
HGTX3,202103,ALPK3,0.992003363676825,231,1010
HGTX3,202103,ANIM3,0.855387298459359,756,1010
HGTX3,202103,BIDI4,0.707437130709017,578,1010
HGTX3,202103,BKBR3,0.952122485000659,667,1010
HGTX3,202103,BRML3,0.912844445052471,1135,1010
HGTX3,202103,COGN3,0.71594793848604,1051,1010
HGTX3,202103,ENEV3,0.781683440700022,1196,1010
HGTX3,202104,ABEV3,0.9608399197185,1144,1111
HGTX3,202104,ALPK3,0.989678526856477,232,1111
HGTX3,202104,ANIM3,0.846594862455276,774,1111
HGTX3,202104,BIDI4,0.758907841673533,574,1111
HGTX3,202104,BKBR3,0.948786647590882,711,1111
HGTX3,202104,BRML3,0.880061871533387,1182,1111
HGTX3,202104,ENEV3,0.786211561082226,1181,1111
HGTX3,202105,ABEV3,0.950369221812845,1164,1164
HGTX3,202105,ALPK3,0.985174961825952,239,1164
HGTX3,202105,ANIM3,0.86421193381908,806,1164
HGTX3,202105,BIDI4,0.728852023394113,614,1164
HGTX3,202105,BKBR3,0.94574875985561,720,1164
HGTX3,202105,BRML3,0.876154393041294,1212,1164
HGTX3,202105,ENEV3,0.78997104176677,1212,1164
HGTX3,202106,ABEV3,0.935240647956685,1181,1182
HGTX3,202106,ALPK3,0.988161177721383,236,1182
HGTX3,202106,ANIM3,0.818265475221653,766,1182
HGTX3,202106,BBDC4,0.775485579181542,1271,1182
HGTX3,202106,BIDI4,0.757238160716678,631,1182
HGTX3,202106,BKBR3,0.95148966214818,711,1182
HGTX3,202106,BRML3,0.899275025908768,1205,1182
HGTX3,202106,COGN3,0.724416793672254,1082,1182
HGTX3,202106,ENEV3,0.801186281576004,1210,1182
HGTX3,202107,ABEV3,0.930404627365078,1179,1187
HGTX3,202107,ALPK3,0.977890334143702,238,1187
HGTX3,202107,ANIM3,0.768702467290957,835,1187
HGTX3,202107,BIDI4,0.709547764589493,712,1187
HGTX3,202107,BKBR3,0.937311111202217,769,1187
HGTX3,202107,BRBI11,0.709579631449812,554,1187
HGTX3,202107,BRML3,0.87768206575471,1205,1187
HGTX3,202107,ENEV3,0.820131017768734,1225,1187
HGTX3,202108,ABEV3,0.925523027769635,1179,1199
HGTX3,202108,ALPA4,0.744773772779842,948,1199
HGTX3,202108,ALPK3,0.976902878197714,241,1199
HGTX3,202108,ANIM3,0.780235557374951,875,1199
HGTX3,202108,BKBR3,0.933635878945937,782,1199
HGTX3,202108,BRBI11,0.799037029716128,512,1199
HGTX3,202108,BRML3,0.807009739700279,1214,1199
HGTX3,202108,DESK3,0.75926708649254,677,1199
HGTX3,202108,ENEV3,0.813132942700469,1248,1199
HYPE3,201702,ENEV3,0.901118476241715,115,890
HYPE3,201703,ENEV3,0.905577235946796,37,870
HYPE3,201704,ENEV3,0.902138370340692,37,875
HYPE3,201705,CVCB3,0.715909601673183,864,856
HYPE3,201705,ENEV3,0.90745080766661,38,856
HYPE3,201706,CVCB3,0.73953727652889,890,828
HYPE3,201706,ENEV3,0.903216874336471,38,828
HYPE3,201707,ENEV3,0.884130892658865,40,802
HYPE3,201708,ENEV3,0.862961322677734,40,829
HYPE3,201709,ENEV3,0.730957471775122,26,816
HYPE3,201801,ENEV3,0.736265881561813,335,841
HYPE3,201804,ENEV3,0.751251652256398,302,783
HYPE3,201806,CSAN3,0.716049987909175,870,829
HYPE3,201806,ENEV3,0.802361982619154,233,829
HYPE3,201807,CPFE3,0.711647979760616,765,840
HYPE3,201807,CSAN3,0.745467921089969,894,840
HYPE3,201807,CVCB3,0.739375146849022,971,840
HYPE3,201807,ENEV3,0.82518247093441,222,840
HYPE3,201808,CPFE3,0.78533738878934,715,854
HYPE3,201808,CSAN3,0.758496573931642,906,854
HYPE3,201808,CVCB3,0.777581791891705,945,854
HYPE3,201808,ENEV3,0.85350083016007,221,854
HYPE3,201809,CPFE3,0.780019369892184,456,809
HYPE3,201809,CSAN3,0.734853304261312,875,809
HYPE3,201809,CVCB3,0.809548165692397,893,809
HYPE3,201809,ENEV3,0.856452850723775,215,809
HYPE3,201810,CPFE3,0.821771879139045,441,803
HYPE3,201810,CSAN3,0.782250427902222,840,803
HYPE3,201810,CVCB3,0.806386999329168,901,803
HYPE3,201810,ENEV3,0.870092805502883,221,803
HYPE3,201811,CPFE3,0.752011028003084,448,865
HYPE3,201811,CSAN3,0.738305854679223,869,865
HYPE3,201811,CVCB3,0.791761761833366,988,865
HYPE3,201811,ENEV3,0.810029230094463,270,865
HYPE3,201811,ESTC3,0.718984661758148,897,865
HYPE3,201812,CSAN3,0.795002470963964,873,829
HYPE3,201812,CVCB3,0.780045515587361,988,829
HYPE3,201812,ENEV3,0.737447414384776,348,829
HYPE3,201812,ESTC3,0.766952480659473,890,829
HYPE3,201901,CSAN3,0.801011766469168,876,812
HYPE3,201901,CVCB3,0.759259970567405,985,812
HYPE3,201906,CGRA4,0.850049900418314,306,801
HYPE3,201906,GNDI3,0.781340462674511,562,801
HYPE3,201907,CEBR3,0.877979287313092,96,812
HYPE3,201907,CGRA4,0.843647059874142,310,812
HYPE3,201907,GNDI3,0.798404912059256,719,812
HYPE3,201908,CGRA4,0.83956046290341,308,845
HYPE3,201908,GNDI3,0.779024001826555,750,845
HYPE3,201909,CGRA4,0.863331616390935,309,838
HYPE3,201910,CGRA4,0.857168210427634,312,864
HYPE3,201911,CGRA4,0.85649639570225,316,847
HYPE3,201912,CGRA4,0.847000423640606,311,829
HYPE3,202108,ENJU3,0.730961108262046,822,1133
HYPE3,202108,HBRE3,0.730267705029472,488,1133
HYPE3,202109,ENJU3,0.743560647275317,804,1182
HYPE3,202109,HBRE3,0.737233004806893,482,1182
HYPE3,202110,ENJU3,0.758957834495557,796,1253
HYPE3,202110,HBRE3,0.763147341190772,526,1253
HYPE3,202111,ENJU3,0.811180727693335,783,1276
HYPE3,202111,HBRE3,0.827879998677926,531,1276
HYPE3,202112,ALUP11,0.745845746773778,814,1232
HYPE3,202112,ENJU3,0.841602698337041,820,1232
HYPE3,202112,HBRE3,0.866087928679659,527,1232
IDNT3,201702,BRPR3,0.844873759417718,374,216
IDNT3,201702,CMIG3,0.789544318217898,193,216
IDNT3,201703,BRPR3,0.715965298617566,364,216
IDNT3,201704,BRPR3,0.755026398277343,384,217
IDNT3,201704,CMIG3,0.787542130348472,288,217
IDNT3,201705,BRPR3,0.733555938883718,445,215
IDNT3,201706,BRPR3,0.856493321458914,504,213
IDNT3,201707,BRPR3,0.753963561050305,466,199
IDNT3,201707,CMIG3,0.817359385289947,262,199
IDNT3,201709,CMIG3,0.712739944418338,271,197
IDNT3,201711,CMIG3,0.78468299195957,314,203
IDNT3,201712,BRPR3,0.722416438543028,422,202
IDNT3,201712,CMIG3,0.837144021154367,312,202
IDNT3,201712,CPLE3,0.701711124286261,394,202
IDNT3,201801,BKBR3,0.702086657195732,369,200
IDNT3,201801,CMIG3,0.743577373747008,313,200
IDNT3,201801,CPLE3,0.723517930468541,386,200
IDNT3,201802,CMIG3,0.709206331963165,340,41
IDNT3,201803,CMIG3,0.720692677304324,301,40
IDNT3,201803,CPLE3,0.806294827066718,341,40
IDNT3,201804,CMIG3,0.796939372015127,401,197
IDNT3,201804,CPLE3,0.804578031512505,392,197
IDNT3,201805,CMIG3,0.791474629288602,551,200
IDNT3,201805,CPLE3,0.763486586403711,398,200
IDNT3,201806,CMIG3,0.76317821239216,554,202
IDNT3,201806,CPLE3,0.759220138893741,403,202
IDNT3,201807,CMIG3,0.799472888693995,563,221
IDNT3,201807,CPLE3,0.751546558402894,418,221
IDNT3,201808,CMIG3,0.786518666283143,558,225
IDNT3,201808,CPLE3,0.758882982602811,417,225
IDNT3,201809,CMIG3,0.794988598451626,550,229
IDNT3,201809,CPLE3,0.816940437454148,417,229
IDNT3,201810,CMIG3,0.715524706417473,552,232
IDNT3,201810,CPLE3,0.843625587185778,424,232
IDNT3,201810,ELPL3,0.719837513713527,204,232
IDNT3,201811,CMIG3,0.734844228808353,660,236
IDNT3,201811,CPLE3,0.888312833926938,414,236
IDNT3,201811,ELPL3,0.747559116617384,213,236
IDNT3,201812,CMIG3,0.767125199833183,614,240
IDNT3,201812,CPLE3,0.89996077029868,388,240
IDNT3,201901,CMIG3,0.777589794537799,616,240
IDNT3,201901,CPLE3,0.87741421978156,386,240
IDNT3,201902,CMIG3,0.744110308422497,647,235
IDNT3,201902,CPLE3,0.848433202820199,406,235
IDNT3,201903,CMIG3,0.729175727342656,658,225
IDNT3,201906,CPLE3,0.705952804414764,408,226
IDNT3,201909,AALR3,0.700022187531706,474,224
IDNT3,201910,AALR3,0.723193795121197,473,224
IDNT3,201911,AALR3,0.930922447285646,404,222
IDNT3,201911,ALSO3,0.724145937472994,698,222
IDNT3,201911,CIEL3,0.827619980769635,840,222
IDNT3,201911,CPLE3,0.764324504989257,326,222
IDNT3,201911,DTEX3,0.744223539857135,574,222
IDNT3,201911,ECOR3,0.812399109262142,875,222
IDNT3,201911,GUAR3,0.789520237798984,513,222
IDNT3,201912,AALR3,0.876512275937205,414,228
IDNT3,201912,CIEL3,0.787316487313718,859,228
IDNT3,201912,CPLE3,0.813232284361655,331,228
IDNT3,201912,ECOR3,0.740404049724042,836,228
IDNT3,201912,GUAR3,0.759978133572248,528,228
IDNT3,202001,AALR3,0.885722968239619,458,232
IDNT3,202001,CPLE3,0.806175964992418,421,232
IDNT3,202001,ECOR3,0.711750152898616,856,232
IDNT3,202001,GUAR3,0.722520227718394,614,232
IDNT3,202002,AALR3,0.965602646291673,460,233
IDNT3,202002,CPLE3,0.850889049789721,451,233
IDNT3,202002,ECOR3,0.819129665613077,883,233
IDNT3,202002,GUAR3,0.839472877120495,642,233
IDNT3,202003,AALR3,0.995925583567811,457,232
IDNT3,202003,CPLE3,0.880335812272394,447,232
IDNT3,202003,ECOR3,0.915649242585146,872,232
IDNT3,202003,GUAR3,0.889322780998836,625,232
IDNT3,202004,AALR3,0.974551505448027,408,231
IDNT3,202004,CPLE3,0.879353591604996,445,231
IDNT3,202004,ECOR3,0.859491147969974,895,231
IDNT3,202004,GUAR3,0.812025408360733,566,231
IDNT3,202005,AALR3,0.956395487681655,403,232
IDNT3,202005,CPLE3,0.875734077684605,450,232
IDNT3,202005,ECOR3,0.853782206774873,883,232
IDNT3,202005,GUAR3,0.728625323266679,557,232
IDNT3,202006,AALR3,0.844048255229122,395,249
IDNT3,202006,CPLE3,0.900431498198005,458,249
IDNT3,202006,ECOR3,0.801087967640797,919,249
IDNT3,202006,GUAR3,0.723337279057293,581,249
IFCM3,202108,CSAN3,0.720137580212684,1355,477
IGBR3,202104,ATOM3,1,22,22
IGBR3,202104,AZEV3,0.998106695319919,23,22
IGBR3,202105,ATOM3,1,23,23
IGBR3,202105,AZEV3,0.993723673781134,24,23
IGBR3,202105,BSEV3,0.999821488674455,24,23
IGBR3,202106,ATOM3,1,23,23
IGBR3,202106,BSEV3,0.999881331749634,23,23
IGTA3,201702,ENEV3,0.793515167595964,115,681
IGTA3,201702,HYPE3,0.854915991271185,890,681
IGTA3,201703,HYPE3,0.784583032718085,870,667
IGTA3,201704,HYPE3,0.748466481054637,875,795
IGTA3,201705,HYPE3,0.738275358709467,856,774
IGTA3,201706,CVCB3,0.70578720312977,890,784
IGTA3,201706,HYPE3,0.765328446788662,828,784
IGTA3,201707,HYPE3,0.773194366259593,802,786
IGTA3,201708,ENEV3,0.715918204656174,40,810
IGTA3,201708,HYPE3,0.801531568004517,829,810
IGTA3,201709,ENEV3,0.75407355740472,26,795
IGTA3,201709,HYPE3,0.749700303684116,816,795
IGTA3,201710,ENEV3,0.720961189827153,26,817
IGTA3,201710,HYPE3,0.714814839678952,822,817
IGTA3,201801,ENEV3,0.786681971148464,335,863
IGTA3,201802,CAML3,0.745624634975458,409,879
IGTA3,201802,CSAN3,0.748334594872901,816,879
IGTA3,201803,ALPA4,0.700756013043898,465,867
IGTA3,201803,CAML3,0.726900574535487,410,867
IGTA3,201804,ALPA4,0.726194532779289,441,845
IGTA3,201804,AMAR3,0.738935148837891,495,845
IGTA3,201804,HGTX3,0.742819350578536,619,845
IGTA3,201805,ALPA4,0.808832276310822,449,830
IGTA3,201805,AMAR3,0.83545005671933,196,830
IGTA3,201805,ANIM3,0.708760875900568,448,830
IGTA3,201805,BRML3,0.737456115205521,843,830
IGTA3,201805,HGTX3,0.833641455530724,541,830
IGTA3,201806,ALPA4,0.875167655936052,432,843
IGTA3,201806,AMAR3,0.810123118531792,194,843
IGTA3,201806,ANIM3,0.738096868709549,423,843
IGTA3,201806,BIDI4,0.784315536924726,499,843
IGTA3,201806,BRML3,0.819127679176533,868,843
IGTA3,201806,ELET3,0.854191905389513,815,843
IGTA3,201806,HGTX3,0.877872399500476,553,843
IGTA3,201807,ALPA4,0.780051646033127,472,868
IGTA3,201807,BBDC4,0.70639670516464,1084,868
IGTA3,201807,BIDI4,0.703510983435204,498,868
IGTA3,201807,BRML3,0.725312466968295,882,868
IGTA3,201807,HGTX3,0.812268909128222,585,868
IGTA3,201808,ALPA4,0.828474796005734,403,866
IGTA3,201808,ANIM3,0.782611946868869,463,866
IGTA3,201808,BIDI4,0.777799116720899,496,866
IGTA3,201808,BRML3,0.790666079804647,904,866
IGTA3,201808,ELET3,0.797827638625626,868,866
IGTA3,201808,HGTX3,0.768344442034877,576,866
IGTA3,201809,ALPA4,0.848192508892641,394,801
IGTA3,201809,ANIM3,0.791806306751649,428,801
IGTA3,201809,BIDI4,0.82173762935045,498,801
IGTA3,201809,BRML3,0.790387531618927,860,801
IGTA3,201809,CYRE3,0.724854851811907,947,801
IGTA3,201809,HGTX3,0.889485586200523,598,801
IGTA3,201810,ALPA4,0.787171809355239,398,830
IGTA3,201810,ANIM3,0.730428372911734,433,830
IGTA3,201810,BIDI4,0.739525280174485,496,830
IGTA3,201810,BRML3,0.779521602751789,860,830
IGTA3,201810,HGTX3,0.82770333253055,640,830
IGTA3,201811,ALPA4,0.846958699417518,397,964
IGTA3,201811,ANIM3,0.720756497535201,409,964
IGTA3,201811,BIDI4,0.806250395477388,494,964
IGTA3,201811,BRML3,0.815543325642324,992,964
IGTA3,201811,HGTX3,0.865965250432614,734,964
IGTA3,201812,ALPA4,0.863580231517241,406,995
IGTA3,201812,ANIM3,0.72415437734874,412,995
IGTA3,201812,BIDI4,0.808849778383074,505,995
IGTA3,201812,BRML3,0.863327520275128,992,995
IGTA3,201812,CAML3,0.839113625667265,462,995
IGTA3,201812,ELET3,0.750189436325715,866,995
IGTA3,201812,ENGI11,0.742547800589688,807,995
IGTA3,201812,HGTX3,0.862337210842172,783,995
IGTA3,201901,ALPA4,0.831507248398448,433,971
IGTA3,201901,ANIM3,0.745214140888335,403,971
IGTA3,201901,BIDI4,0.775509897241641,460,971
IGTA3,201901,BRML3,0.843797923181455,968,971
IGTA3,201901,CAML3,0.83485830311592,435,971
IGTA3,201901,ENGI11,0.780857471495255,835,971
IGTA3,201901,HGTX3,0.841914931941107,815,971
IGTA3,201902,ALPA4,0.808917705921171,599,1016
IGTA3,201902,BIDI4,0.753922266633861,485,1016
IGTA3,201902,BRML3,0.837749104177938,984,1016
IGTA3,201902,CAML3,0.814656902646977,488,1016
IGTA3,201902,ENGI11,0.782001683039587,838,1016
IGTA3,201902,HGTX3,0.801766408697571,817,1016
IGTA3,201903,ALPA4,0.805759174455015,547,950
IGTA3,201903,BIDI4,0.741721698399174,497,950
IGTA3,201903,BRML3,0.830658090135272,964,950
IGTA3,201903,CAML3,0.814783365563522,412,950
IGTA3,201903,ENGI11,0.766975849035191,857,950
IGTA3,201903,HGTX3,0.828693697237601,821,950
IGTA3,201904,ALPA4,0.824787551050134,547,909
IGTA3,201904,BRML3,0.86054566101317,963,909
IGTA3,201904,CAML3,0.837216639826773,402,909
IGTA3,201904,ENGI11,0.733543248630438,846,909
IGTA3,201904,HGTX3,0.849884824563737,760,909
IGTA3,201905,ALPA4,0.765023614524662,551,909
IGTA3,201905,BRML3,0.79445643709065,982,909
IGTA3,201905,CAML3,0.783205823635041,415,909
IGTA3,201905,ENEV3,0.739293738459431,781,909
IGTA3,201905,HGTX3,0.779791062534022,747,909
IGTA3,201906,ALPA4,0.78382339768505,590,932
IGTA3,201906,BRML3,0.854900840566319,982,932
IGTA3,201906,CAML3,0.79125117445203,445,932
IGTA3,201906,ENEV3,0.75839729691899,770,932
IGTA3,201906,HGTX3,0.833401604983467,762,932
IGTA3,201907,ALPA4,0.75188200891657,623,1023
IGTA3,201907,BRML3,0.811288889283883,1005,1023
IGTA3,201907,CAML3,0.707467402338501,515,1023
IGTA3,201907,ENEV3,0.754373454672663,771,1023
IGTA3,201907,HGTX3,0.831068435412064,789,1023
IGTA3,201908,ALPA4,0.778838025337521,662,1019
IGTA3,201908,BKBR3,0.767783052929666,564,1019
IGTA3,201908,BRML3,0.800352193094916,1061,1019
IGTA3,201908,ENEV3,0.799304560036558,767,1019
IGTA3,201908,HGTX3,0.879594729178196,827,1019
IGTA3,201909,ALPA4,0.773450228306005,582,992
IGTA3,201909,ANIM3,0.701428565909953,552,992
IGTA3,201909,BKBR3,0.766525615514207,593,992
IGTA3,201909,BRML3,0.815287152776458,1037,992
IGTA3,201909,ENEV3,0.809327756149939,800,992
IGTA3,201909,HGTX3,0.860334091743784,830,992
IGTA3,201910,ALPA4,0.752017894782903,592,978
IGTA3,201910,ANIM3,0.704027807488644,560,978
IGTA3,201910,BRML3,0.802270743925783,1040,978
IGTA3,201910,ENEV3,0.826606242495418,819,978
IGTA3,201910,HGTX3,0.813116559581803,847,978
IGTA3,201911,ALPA4,0.769774957931399,603,996
IGTA3,201911,ANIM3,0.728263533606009,582,996
IGTA3,201911,BIDI11,0.729028682996495,681,996
IGTA3,201911,BKBR3,0.76361888891954,599,996
IGTA3,201911,BRML3,0.819262584897712,1034,996
IGTA3,201911,ENEV3,0.834850292709233,785,996
IGTA3,201911,HGTX3,0.84049347872518,808,996
IGTA3,201912,ALPA4,0.717277024355723,624,977
IGTA3,201912,ANIM3,0.71571238496372,597,977
IGTA3,201912,BKBR3,0.773404556036463,608,977
IGTA3,201912,BRML3,0.773806237549769,987,977
IGTA3,201912,ENEV3,0.816719745837732,817,977
IGTA3,201912,HGTX3,0.819455349664887,807,977
IGTA3,202003,BRML3,0.761723013135662,1007,970
IGTA3,202111,BBTG11,1,34,800
INEP3,201803,BRGE3,0.978066746528602,124,125
INEP3,201803,BRIV3,0.978066746528602,124,125
INEP3,201803,CRIV3,0.978066746528601,124,125
INEP3,201803,CTNM4,0.978047456574121,124,125
INEP3,201804,BRGE3,0.975859402498824,124,125
INEP3,201804,BRIV3,0.975859402498824,124,125
INEP3,201804,CRIV3,0.975859402498824,124,125
INEP3,201804,CTNM4,0.975824783104976,125,125
INEP3,201805,BRGE3,0.960713380399608,124,125
INEP3,201805,BRIV3,0.960713380399608,124,125
INEP3,201805,CRIV3,0.960713380399608,124,125
INEP3,201805,CTNM4,0.960692184073347,125,125
INEP3,201806,BRGE3,0.968960851423995,123,124
INEP3,201806,BRIV3,0.968960851423995,123,124
INEP3,201806,CRIV3,0.968960851423996,123,124
INEP3,201806,CTNM4,0.968940649071117,124,124
INEP3,201807,BRGE3,0.860389800788292,122,123
INEP3,201807,BRIV3,0.860389800788292,122,123
INEP3,201807,CRIV3,0.860389800788292,122,123
INEP3,201807,CTNM4,0.860372030540053,123,123
INEP3,202104,ATOM3,1,22,22
INEP3,202104,AZEV3,0.99810669531992,23,22
INEP3,202104,IGBR3,1,22,22
INEP3,202105,ATOM3,1,23,23
INEP3,202105,AZEV3,0.993723673781134,24,23
INEP3,202105,BSEV3,0.999821488674455,24,23
INEP3,202105,IGBR3,1,23,23
INEP3,202106,ATOM3,1,23,23
INEP3,202106,BSEV3,0.999881331749634,23,23
INEP3,202106,IGBR3,1,23,23
INEP3,202107,ATOM3,1,22,22
INEP3,202107,AZEV4,1,22,22
INEP3,202107,BSEV3,0.999899101704292,22,22
INEP3,202108,ATOM3,1,22,22
INEP3,202108,AZEV4,0.99853038671472,22,22
INEP4,201702,INEP3,0.999706816826441,134,27
INTB3,202106,CSAN3,0.718376321748567,1300,805
INTB3,202107,CSAN3,0.711338402525247,1311,835
INTB3,202108,CSAN3,0.705349699201058,1355,794
INTB3,202110,CSAN3,0.712897087242884,1369,890
INTB3,202110,IFCM3,0.824038421842174,486,890
INTB3,202111,IFCM3,0.750926215677107,456,888
INTB3,202112,GGPS3,0.70442303902513,827,889
INTB3,202112,IFCM3,0.78953931943336,516,889
IRBR3,201908,CYRE3,0.727190997693803,999,910
IRBR3,201908,EGIE3,0.709996973671288,789,910
IRBR3,201908,ENGI11,0.781957972096276,787,910
IRBR3,201909,EGIE3,0.754036899179862,805,929
IRBR3,201909,ENGI11,0.761783290803572,764,929
IRBR3,201909,EZTC3,0.744182020340015,750,929
IRBR3,201909,FLRY3,0.741072948655036,872,929
IRBR3,201909,GOLL4,0.725442259900005,852,929
IRBR3,201910,ABEV3,0.736830895157915,956,965
IRBR3,201910,CCPR3,0.772404938347752,310,965
IRBR3,201910,CCRO3,0.754416259330586,888,965
IRBR3,201910,EGIE3,0.812521501715891,820,965
IRBR3,201910,ENGI11,0.809917005465919,771,965
IRBR3,201910,EZTC3,0.794078129133544,764,965
IRBR3,201910,FLRY3,0.769035431629943,872,965
IRBR3,201911,ABEV3,0.76062042943243,907,962
IRBR3,201911,CCPR3,0.773988434187333,638,962
IRBR3,201911,CCRO3,0.744030441331588,868,962
IRBR3,201911,CEAB3,0.778159805141855,638,962
IRBR3,201911,EGIE3,0.800126210741907,844,962
IRBR3,201911,ENGI11,0.791573683177074,768,962
IRBR3,201911,EZTC3,0.813599223029749,753,962
IRBR3,201911,FLRY3,0.794049440888802,867,962
IRBR3,201912,ABEV3,0.783175747433938,896,951
IRBR3,201912,CCPR3,0.816124190392298,611,951
IRBR3,201912,CEAB3,0.817387391347747,618,951
IRBR3,201912,EGIE3,0.787806346586891,841,951
IRBR3,201912,ENGI11,0.805383156133314,768,951
IRBR3,201912,EZTC3,0.84159609983589,716,951
IRBR3,201912,FLRY3,0.76426468676042,876,951
IRBR3,202001,ABEV3,0.822461003423096,902,928
IRBR3,202001,CCPR3,0.90343874768028,608,928
IRBR3,202001,CCRO3,0.790878350947205,883,928
IRBR3,202001,CEAB3,0.898954038332948,622,928
IRBR3,202001,EGIE3,0.801251565711643,864,928
IRBR3,202001,ENGI11,0.861318033218326,796,928
IRBR3,202001,EZTC3,0.885556257297076,740,928
IRBR3,202001,FLRY3,0.789383985952429,896,928
IRBR3,202002,CCPR3,0.870723069849467,565,948
IRBR3,202002,CCRO3,0.744125233018173,871,948
IRBR3,202002,CEAB3,0.843659368269351,545,948
IRBR3,202002,COGN3,0.790487222149544,940,948
IRBR3,202002,CRFB3,0.717767524494702,848,948
IRBR3,202002,DTEX3,0.777375911360272,629,948
IRBR3,202002,ENGI11,0.854537651807135,812,948
IRBR3,202002,EZTC3,0.820777574178951,760,948
IRBR3,202002,FLRY3,0.706299184419648,877,948
IRBR3,202003,AALR3,0.748718754853258,457,957
IRBR3,202003,CPLE3,0.744649567331097,447,957
IRBR3,202003,ECOR3,0.751983589004616,872,957
IRBR3,202003,GUAR3,0.720136891112758,625,957
IRBR3,202003,IDNT3,0.741577940834313,232,957
IRBR3,202103,CSAN3,0.797507871600031,1133,1121
IRBR3,202104,CSAN3,0.802603502602294,1242,1119
IRBR3,202110,COGN3,0.719023128555093,1163,1137
IRBR3,202111,COGN3,0.769843916212975,1186,1167
ITSA3,201702,BRIN3,0.915557755721682,27,52
ITSA3,201702,CPRE3,0.901217234063377,31,52
ITSA3,201703,CPRE3,0.879651075353412,31,54
ITSA3,201704,CGRA4,0.872862054785195,151,54
ITSA3,201704,FESA4,0.783184681707454,27,54
ITSA3,201705,CGRA4,0.847539833831025,148,54
ITSA3,201705,FESA4,0.730528498382585,46,54
ITSA3,201706,BRKM3,0.754119812243359,21,538
ITSA3,201707,BRKM3,0.735998514652055,21,484
ITSA3,201708,BRKM3,0.790479093645508,21,409
ITSA3,201709,BRKM3,0.7048397883822,20,377
ITSA3,201805,BRAP3,0.776823996998401,435,346
ITSA3,201805,CAMB4,0.79119836409347,20,346
ITSA3,201806,BRAP3,0.799015374172827,437,351
ITSA3,201806,CAMB4,0.784546167221707,21,351
ITSA3,201807,BRAP3,0.767125352306535,440,350
ITSA3,201807,CAMB4,0.787886800852611,22,350
ITSA3,201808,BRAP3,0.920040155236264,444,342
ITSA3,201808,CAMB4,0.795414327648217,22,342
ITSA3,201809,BRAP3,0.892609497676089,444,334
ITSA3,201809,CAMB4,0.799018588140202,22,334
ITSA3,201810,BRAP3,0.993083993970649,428,338
ITSA3,201811,BRAP3,0.993883991304674,435,297
ITSA3,201812,BRAP3,0.996106830922751,440,300
ITSA3,201901,BRAP3,0.99764732030269,399,292
ITSA3,201902,BRPR3,0.701265132742119,529,320
ITSA3,201903,BRAP3,0.980708679638794,241,334
ITSA3,201904,BRAP3,0.741704046321067,331,333
ITSA3,201905,BRAP3,0.769063977399017,335,333
ITSA3,201906,BRPR3,0.772798320655303,364,331
ITSA3,201906,DIRR3,0.86532878578019,116,331
ITSA3,201907,BRAP3,0.996665850287019,337,332
ITSA3,201908,BRAP3,0.998418580255557,338,335
ITSA3,201909,BRAP3,0.998310518538951,339,335
ITSA3,201910,BRAP3,0.998387975799438,343,338
ITSA3,201911,BRAP3,0.997649234851237,347,66
ITSA3,201912,BRAP3,0.997687313466071,342,53
ITSA3,202001,BRAP3,0.998137633919181,346,345
ITSA3,202002,BRAP3,0.997986233291492,355,369
ITSA3,202003,BRAP3,0.996047328031934,363,372
ITSA3,202004,BRAP3,0.974376034789315,372,371
ITSA3,202005,BRAP3,0.98557622179872,373,369
ITSA3,202006,BRAP3,0.985758883104264,377,368
ITSA3,202007,BRAP3,0.987691766937915,379,367
ITSA3,202008,BRAP3,0.987169823469024,385,386
ITSA3,202009,BRFS3,0.806141886354172,1007,350
ITSA3,202009,CMIG3,0.849256295097123,566,350
ITSA3,202009,GOAU3,0.722071149042926,445,350
ITSA3,202009,GOAU4,0.738968075679068,1065,350
ITSA3,202010,BRFS3,0.802594981182085,999,354
ITSA3,202010,CMIG3,0.821821297095381,541,354
ITSA3,202010,GOAU3,0.701724438519919,452,354
ITSA3,202010,GOAU4,0.763216634998842,1056,354
ITSA3,202011,BRFS3,0.795817372582551,994,348
ITSA3,202011,BTOW3,0.728838974693118,982,348
ITSA3,202011,CMIG3,0.821887207330576,534,348
ITSA3,202011,GOAU3,0.728937481347569,448,348
ITSA3,202011,GOAU4,0.770776084734902,1059,348
ITSA3,202012,AERI3,0.803413971586618,575,354
ITSA3,202012,BRFS3,0.724660248707201,1019,354
ITSA3,202012,BTOW3,0.767269493214084,972,354
ITSA3,202012,CMIG3,0.821969113249812,524,354
ITSA3,202012,ECOR3,0.781493293765582,990,354
ITSA3,202012,GOAU3,0.720024566590319,498,354
ITSA3,202012,GOAU4,0.76509040536742,1059,354
ITSA3,202101,AERI3,0.789923517349306,573,356
ITSA3,202101,CMIG3,0.833479179335202,526,356
ITSA3,202101,ECOR3,0.813882220707607,1029,356
ITSA3,202101,GOAU3,0.730227746461879,501,356
ITSA3,202101,GOAU4,0.786043594717031,1099,356
ITSA3,202103,BRAP3,0.93696917094414,421,382
ITSA3,202104,BRAP3,0.971633623786017,426,404
ITSA3,202105,BRAP3,0.973241649971422,408,402
ITSA3,202106,BRAP3,0.968140612287088,395,388
ITSA3,202107,BRAP3,0.93947779941321,396,389
ITSA3,202108,BRAP3,0.968719766145919,402,396
ITSA3,202109,BRAP3,0.929480222009261,285,398
ITSA4,201702,BBDC4,0.802605332755202,1052,1012
ITSA4,201702,ELET3,0.784237095246355,797,1012
ITSA4,201703,BBDC4,0.741150188191293,1044,996
ITSA4,201703,ELET3,0.825418439508166,804,996
ITSA4,201704,ELET3,0.746293381632001,815,990
ITSA4,201705,ELET3,0.80216334675669,750,991
ITSA4,201706,ELET3,0.708635058865388,744,986
ITSA4,201902,BRDT3,0.753930941713725,988,1044
ITSA4,201902,BRFS3,0.70385645985243,871,1044
ITSA4,201902,GOAU4,0.761199235017685,921,1044
ITSA4,201902,HAPV3,0.788364168754855,803,1044
ITSA4,201903,BBDC4,0.705114250776397,1193,1041
ITSA4,201908,BBDC4,0.741710773199441,1111,978
ITSA4,201909,BBDC4,0.705437003968945,1057,968
ITSA4,201910,BBDC4,0.784733823434754,1092,1002
ITSA4,201911,BBDC4,0.748524168573336,1126,978
ITSA4,201912,BBDC3,0.700695944544795,812,969
ITSA4,202001,BBDC3,0.778020584705073,817,999
ITSA4,202002,AZEV4,0.858618448861162,179,983
ITUB3,201702,BRIV3,0.882719711253771,134,352
ITUB3,201702,CESP3,0.88242487006186,57,352
ITUB3,201702,GUAR4,0.852075231776792,455,352
ITUB3,201703,BRIV3,0.867147430250487,135,346
ITUB3,201703,CESP3,0.86496950131435,57,346
ITUB3,201703,GUAR4,0.843854528468768,455,346
ITUB3,201704,BRIV3,0.868240014423118,137,360
ITUB3,201704,CESP3,0.867125033908158,55,360
ITUB3,201704,GUAR4,0.865590406340792,461,360
ITUB3,201705,BRIV3,0.940091062175615,134,318
ITUB3,201705,CESP3,0.945262601591272,53,318
ITUB3,201705,GUAR4,0.945808457837892,110,318
ITUB3,201706,BRIV3,0.94401781357179,131,296
ITUB3,201706,CESP3,0.950710646074519,56,296
ITUB3,201706,GUAR4,0.952343874977663,65,296
ITUB3,201707,BRIV3,0.937779202221536,130,294
ITUB3,201707,CESP3,0.948446982199916,52,294
ITUB3,201707,GUAR4,0.950116114534572,372,294
ITUB3,201708,BRIV3,0.941958339632311,131,296
ITUB3,201708,CESP3,0.953762485504908,52,296
ITUB3,201708,GUAR4,0.953814029024777,369,296
ITUB3,201709,BRIV3,0.936281523835451,130,290
ITUB3,201709,CESP3,0.949589283373443,37,290
ITUB3,201710,BRIV3,0.932697002081435,131,293
ITUB3,201710,CESP3,0.945676839814248,36,293
ITUB3,201711,BRIV3,0.936624412951548,130,299
ITUB3,201711,CESP3,0.950204427976894,34,299
ITUB3,201712,BRIV3,0.795661226821371,129,309
ITUB3,201712,CESP3,0.807844184653986,32,309
ITUB3,201712,GUAR4,0.807592816258581,369,309
ITUB3,201801,BRIV3,0.800261186328185,126,416
ITUB3,201801,CESP3,0.810245038715427,29,416
ITUB3,201801,GUAR4,0.81000235553732,324,416
ITUB3,201802,BRIV3,0.859320443092167,125,420
ITUB3,201802,CESP3,0.866975271544758,29,420
ITUB3,201906,CESP3,0.757517919001026,396,518
ITUB3,201907,CESP3,0.77090022338513,398,518
ITUB3,201908,CESP3,0.776164296263973,398,511
ITUB3,201909,CESP3,0.776040920286118,399,515
ITUB3,201910,CESP3,0.874468909042026,396,531
ITUB3,201911,CESP3,0.915174878247003,390,525
ITUB3,201912,CESP3,0.783558705424198,388,523
ITUB4,201712,EMBR3,0.725904705502796,785,990
ITUB4,201804,B3SA3,0.727071844021624,1027,1022
ITUB4,201805,B3SA3,0.755222322873808,1044,1051
ITUB4,201805,GGBR4,0.754114133174689,944,1051
ITUB4,201807,B3SA3,0.708252327119237,1097,1066
ITUB4,201809,GGBR4,0.769885839535193,965,1074
ITUB4,201812,B3SA3,0.700903983655477,1107,1077
ITUB4,201901,ABEV3,0.784652013728617,850,1078
ITUB4,201901,BBDC4,0.742539142337003,1142,1078
ITUB4,201902,ITSA4,0.717716072229536,1044,1086
ITUB4,201903,BBDC4,0.774042102677157,1193,1096
ITUB4,201905,CIEL3,0.722536877296642,861,1086
ITUB4,201905,CMIG4,0.711691935148581,1019,1086
ITUB4,201907,BRFS3,0.716577837490404,973,1067
ITUB4,201908,BRFS3,0.808431076218388,981,1024
ITUB4,201909,GGBR4,0.829491451274361,893,1048
ITUB4,201909,HAPV3,0.710295300151385,1000,1048
ITUB4,201910,ABEV3,0.722143456198691,956,1120
ITUB4,201910,GGBR4,0.76340385295261,911,1120
ITUB4,201911,ABEV3,0.782860256686682,907,1084
ITUB4,201911,GGBR4,0.747138214938558,921,1084
ITUB4,201912,ABEV3,0.795328771376662,896,1077
ITUB4,201912,CCPR3,0.747136071949602,611,1077
ITUB4,201912,CEAB3,0.720872519414249,618,1077
ITUB4,201912,GGBR4,0.78070962635563,963,1077
ITUB4,202001,GGBR4,0.784130262634566,995,1070
ITUB4,202002,AZEV4,0.841432627102182,179,1085
ITUB4,202002,ITSA4,0.824596391779505,983,1085
ITUB4,202003,BTOW3,0.726552048415688,965,1143
ITUB4,202003,CCPR3,0.781107906786006,551,1143
ITUB4,202003,CCRO3,0.765830655963141,898,1143
ITUB4,202003,CEAB3,0.75808990888962,572,1143
ITUB4,202003,CRFB3,0.808268301363219,844,1143
ITUB4,202003,ENGI11,0.798407888153661,777,1143
ITUB4,202003,EZTC3,0.709313250581446,771,1143
ITUB4,202004,CCRO3,0.714771947280825,951,1175
ITUB4,202004,CRFB3,0.731414572592865,906,1175
ITUB4,202004,ENGI11,0.75404096473538,839,1175
ITUB4,202004,GGBR4,0.770509125973914,1017,1175
ITUB4,202005,CCPR3,0.733987599261596,505,1208
ITUB4,202005,CCRO3,0.724468306575791,942,1208
ITUB4,202005,CEAB3,0.705808901404853,616,1208
ITUB4,202005,CRFB3,0.77545996907138,927,1208
ITUB4,202005,DTEX3,0.705059061433699,581,1208
ITUB4,202005,ENGI11,0.766995805738992,1020,1208
ITUB4,202006,ABEV3,0.750707018511598,1004,1210
ITUB4,202007,ABEV3,0.720169968935468,992,1221
ITUB4,202008,BBAS3,0.747729429718503,1209,1275
ITUB4,202008,ITSA4,0.712227430765218,1139,1275
ITUB4,202011,BBDC4,0.73331978464697,1255,1253
ITUB4,202012,BBDC4,0.782070180875827,1263,1258
ITUB4,202103,CCRO3,0.792305339431789,1115,1320
ITUB4,202103,CEAB3,0.794007628867734,635,1320
ITUB4,202103,CURY3,0.841351986434096,572,1320
ITUB4,202103,ENGI11,0.826172920246782,1167,1320
ITUB4,202103,GGBR4,0.717342487668215,1268,1320
ITUB4,202104,CCRO3,0.718195151415112,1116,1324
ITUB4,202104,CEAB3,0.743515612635699,723,1324
ITUB4,202104,CURY3,0.761750436865046,577,1324
ITUB4,202104,ENGI11,0.745557566659139,1195,1324
JALL3,202110,FIQE3,0.726641903391582,606,526
JALL3,202111,GETT11,0.741134485799147,968,518
JALL3,202112,GETT11,0.745739408944408,681,555
JBSS3,201702,ABEV3,0.778986151831377,842,798
JBSS3,201704,ALPA4,0.781694953999579,589,795
JBSS3,201704,CGAS5,0.770166718332687,562,795
JBSS3,201704,ELET6,0.76349001140881,647,795
JBSS3,201704,ENBR3,0.746949092934655,763,795
JBSS3,201705,AZUL4,0.706041021852723,526,733
JBSS3,201705,BRSR6,0.78425778034169,649,733
JBSS3,201705,CPLE3,0.773004127498842,388,733
JBSS3,201705,ECOR3,0.784029377008718,716,733
JBSS3,201705,EUCA4,0.791805953605209,302,733
JBSS3,201705,GGBR3,0.768614643514331,478,733
JBSS3,201706,ABEV3,0.707309060486578,864,736
JBSS3,201706,BBDC3,0.734193331142787,663,736
JBSS3,201707,ITSA4,0.748646416261295,1005,715
JBSS3,201708,BRML3,0.721922620295064,917,721
JBSS3,201708,ITSA4,0.775498150683094,1007,721
JBSS3,201710,CRFB3,0.706476749714574,655,747
JBSS3,201801,CPRE3,0.70590500056672,412,759
JBSS3,201803,CPRE3,0.810522583149954,260,720
JBSS3,201804,CPRE3,0.804956373573228,425,753
JBSS3,201810,BRDT3,0.80237975722265,517,796
JBSS3,201810,CMIG3,0.728514364742872,552,796
JBSS3,201901,ABEV3,0.728167145102437,850,846
JBSS3,201901,BRFS3,0.778860120351961,867,846
JBSS3,201901,ITUB4,0.716656587302855,1078,846
JBSS3,201903,BPAC11,0.712763231187845,552,863
JBSS3,201904,BPAC11,0.847359960456932,583,888
JBSS3,201910,BBDC4,0.737994708869787,1092,1055
JBSS3,201911,ITUB4,0.73596279806793,1084,1004
JBSS3,202004,BBDC4,0.714295301974299,1167,1066
JBSS3,202007,ABEV3,0.78931668072993,992,1130
JBSS3,202108,CURY3,0.713789688693835,593,1147
JBSS3,202108,ENGI11,0.704394492435883,1165,1147
JHSF3,201803,GFSA3,0.764676653452802,231,207
JHSF3,201903,BPAN4,0.986682689011746,61,49
JHSF3,201904,BEEF11,0.781543473642307,78,49
JHSF3,201904,BPAN4,0.991867321006644,59,49
JHSF3,201905,BEEF11,0.836852106129319,82,50
JHSF3,201906,BEEF11,0.841424622588295,83,52
JHSF3,201909,BEEF11,0.800636737669707,215,48
JHSF3,201910,BEEF11,0.747173677570668,217,61
JHSF3,202002,DIRR3,0.817690480780433,421,488
JHSF3,202003,AGRO3,0.763460098369954,33,407
JHSF3,202003,DIRR3,0.860050199021638,431,407
JHSF3,202004,AGRO3,0.782760919893157,52,377
JHSF3,202004,CVCB3,0.710075289599484,907,377
JHSF3,202004,DIRR3,0.816116167055156,456,377
JHSF3,202005,AGRO3,0.752032461490037,52,403
JHSF3,202005,DIRR3,0.779972848524226,487,403
JHSF3,202006,DIRR3,0.731927625866284,491,413
JHSF3,202008,BEEF11,0.758402786285448,150,599
JHSF3,202008,CARD3,0.714658985336253,59,599
JHSF3,202008,CLSC4,0.756155552327721,179,599
JHSF3,202008,EUCA4,0.759098901085344,326,599
JHSF3,202009,BEEF11,0.833556793549208,152,553
JHSF3,202009,CARD3,0.789911737669578,62,553
JHSF3,202009,EUCA4,0.83493017917622,325,553
JHSF3,202010,BEEF11,0.900203815192131,163,599
JHSF3,202010,CARD3,0.79209797678211,68,599
JHSF3,202010,EUCA4,0.900233849736484,337,599
JHSF3,202011,BEEF11,0.85295160503572,162,539
JHSF3,202011,EUCA4,0.854234264216023,351,539
JHSF3,202012,BEEF11,0.800827589224512,165,534
JHSF3,202012,ETER3,0.800271948810321,37,534
JHSF3,202012,EUCA4,0.802650747499285,356,534
JHSF3,202101,AVLL3,0.722230069180925,45,945
JHSF3,202101,BEEF11,0.722741371531128,168,945
JHSF3,202101,ETER3,0.722938018857633,40,945
JHSF3,202101,EUCA4,0.725779853834421,358,945
JHSF3,202102,AVLL3,0.852687469798899,45,957
JHSF3,202102,BEEF11,0.853423736904254,194,957
JHSF3,202102,CARD3,0.721930904056103,250,957
JHSF3,202102,ETER3,0.853619860621772,185,957
JHSF3,202102,EUCA4,0.851307275746177,365,957
JHSF3,202103,AVLL3,0.915359355714007,45,996
JHSF3,202103,BEEF11,0.915891450206776,197,996
JHSF3,202103,CARD3,0.799171821537804,90,996
JHSF3,202103,ETER3,0.915588836452631,164,996
JHSF3,202103,EUCA4,0.914929690595287,366,996
JHSF3,202104,AVLL3,0.872807520438324,45,997
JHSF3,202104,BEEF11,0.873534035744175,200,997
JHSF3,202104,ETER3,0.872813356314099,228,997
JHSF3,202104,EUCA4,0.862133618548437,369,997
JHSF3,202104,GPCP3,0.834979433037763,37,997
JHSF3,202105,AVLL3,0.887207607152219,45,1001
JHSF3,202105,BEEF11,0.887419502750972,206,1001
JHSF3,202105,ETER3,0.887336254860571,236,1001
JHSF3,202106,AVLL3,0.857035101241515,48,1007
JHSF3,202106,BEEF11,0.856531798263565,199,1007
JHSF3,202106,ETER3,0.856162556658274,96,1007
JHSF3,202107,AVLL3,0.820519297047555,47,1020
JHSF3,202107,BEEF11,0.819419688792454,199,1020
JHSF3,202107,ETER3,0.821661270981603,83,1020
JHSF3,202108,AVLL3,0.818002040316568,47,1027
JHSF3,202108,BEEF11,0.816872366569403,201,1027
JHSF3,202108,ETER3,0.817053481884232,107,1027
JHSF3,202109,AVLL3,0.768865114226601,48,1064
JHSF3,202109,BEEF11,0.767347214224446,201,1064
JHSF3,202109,ETER3,0.767401559412451,108,1064
JHSF3,202110,AVLL3,0.768957436280664,33,1115
JHSF3,202110,BEEF11,0.767347676405286,202,1115
JHSF3,202110,ETER3,0.767719505749583,99,1115
JHSF3,202110,EUCA4,0.766983621674971,348,1115
JHSF3,202111,AVLL3,0.827726555492947,34,1151
JHSF3,202111,BEEF11,0.824666099205303,190,1151
JHSF3,202111,ETER3,0.826641035504003,95,1151
JHSF3,202111,EUCA4,0.826199464740713,352,1151
JHSF3,202112,AVLL3,0.84382286493981,35,1131
JHSF3,202112,BEEF3,0.745089107886323,1200,1131
JHSF3,202112,ETER3,0.846693525246217,86,1131
JHSF3,202112,EUCA4,0.843230724979543,365,1131
JOPA3,201702,BRGE3,1,133,133
JOPA3,201702,CCXC3,0.908266415320145,26,133
JOPA3,201702,CGRA3,0.998885259935909,135,133
JOPA3,201702,CRIV3,1,133,133
JOPA3,201702,CTNM4,0.99916919006637,134,133
JOPA3,201703,BRGE3,1,134,134
JOPA3,201703,CGRA3,0.997929558058001,136,134
JOPA3,201703,CRIV3,1,134,134
JOPA3,201703,CTNM4,0.998970116612047,135,134
JOPA3,201704,BRGE3,1,136,136
JOPA3,201704,CGRA3,0.998171583154708,138,136
JOPA3,201704,CRIV3,1,136,136
JOPA3,201704,CTNM4,0.999213704748506,137,136
JOPA3,201705,BRGE3,1,133,133
JOPA3,201705,CGRA3,0.998319544933782,135,133
JOPA3,201705,CRIV3,1,133,133
JOPA3,201705,CTNM4,0.999195426073627,134,133
JOPA3,201706,BRGE3,1,130,130
JOPA3,201706,CGRA3,0.998414561590407,132,130
JOPA3,201706,CRIV3,1,130,130
JOPA3,201706,CTNM4,0.999333293188787,131,130
JOPA3,201707,BRGE3,1,129,129
JOPA3,201707,CRIV3,1,129,129
JOPA3,201707,CTNM4,0.999490769419148,130,129
JOPA3,201708,BRGE3,1,130,130
JOPA3,201708,CRIV3,1,130,130
JOPA3,201708,CTNM4,0.999553971735897,131,130
JOPA3,201709,BRGE3,1,129,129
JOPA3,201709,CCPR3,0.713791388020498,144,129
JOPA3,201709,CRIV3,1,129,129
JOPA3,201709,CTNM4,0.999556572133562,130,129
JOPA3,201710,BRGE3,1,130,130
JOPA3,201710,CCPR3,0.700920127525636,146,130
JOPA3,201710,CRIV3,1,130,130
JOPA3,201710,CTNM4,0.999584487733514,131,130
JOPA3,201711,BRGE3,1,129,129
JOPA3,201711,CCPR3,0.713850961919232,146,129
JOPA3,201711,CRIV3,1,129,129
JOPA3,201711,CTNM4,0.999528133972039,130,129
JOPA3,201712,BRGE3,1,128,128
JOPA3,201712,CCPR3,0.727390037828933,145,128
JOPA3,201712,CRIV3,1,128,128
JOPA3,201712,CTNM4,0.999628118145221,129,128
JOPA3,201801,BRGE3,1,125,125
JOPA3,201801,CCPR3,0.716170771455605,143,125
JOPA3,201801,CRIV3,1,125,125
JOPA3,201801,CTNM4,0.999890275056675,126,125
JOPA3,201802,BRGE3,1,124,124
JOPA3,201802,CRIV3,1,124,124
JOPA3,201802,CTNM4,1,124,124
JOPA3,201803,BRGE3,1,124,124
JOPA3,201803,BRIV3,1,124,124
JOPA3,201803,CRIV3,1,124,124
JOPA3,201803,CTNM4,0.999980277466187,124,124
JOPA3,201803,INEP3,0.978066746528601,125,124
JOPA3,201804,BRGE3,1,124,124
JOPA3,201804,BRIV3,1,124,124
JOPA3,201804,CRIV3,1,124,124
JOPA3,201804,CTNM4,0.999964524199121,125,124
JOPA3,201804,INEP3,0.975859402498825,125,124
JOPA3,201805,BRGE3,1,124,124
JOPA3,201805,BRIV3,1,124,124
JOPA3,201805,CRIV3,1,124,124
JOPA3,201805,CTNM4,0.999977936888677,125,124
JOPA3,201805,INEP3,0.96071338039961,125,124
JOPA3,201806,BRGE3,1,123,123
JOPA3,201806,BRIV3,1,123,123
JOPA3,201806,CRIV3,1,123,123
JOPA3,201806,CTNM4,0.999979150496277,124,123
JOPA3,201806,INEP3,0.968960851423996,124,123
JOPA3,201807,BRGE3,1,122,122
JOPA3,201807,BRIV3,1,122,122
JOPA3,201807,CRIV3,1,122,122
JOPA3,201807,CTNM4,0.999979346282088,123,122
JOPA3,201807,INEP3,0.860389800788291,123,122
JOPA3,201808,BRGE3,1,122,122
JOPA3,201808,BRIV3,1,122,122
JOPA3,201808,BRPR3,0.755558541099131,440,122
JOPA3,201808,CRIV3,1,122,122
JOPA3,201808,CTNM4,0.999982374898912,123,122
JOPA3,201809,BRGE3,1,123,123
JOPA3,201809,BRIV3,1,123,123
JOPA3,201809,BRPR3,0.763576047689096,422,123
JOPA3,201809,CCPR3,0.779077414806917,136,123
JOPA3,201809,CRIV3,1,123,123
JOPA3,201809,CTNM4,0.999993375292773,124,123
JOPA3,201810,BRGE3,1,166,166
JOPA3,201810,BRIV3,1,166,166
JOPA3,201810,CCPR3,0.800655051573235,179,166
JOPA3,201810,CRIV3,1,166,166
JOPA3,201810,CTNM4,0.999993066933521,167,166
JOPA3,201811,BRGE3,1,186,186
JOPA3,201811,BRIV3,1,186,186
JOPA3,201811,CCPR3,0.718836134885534,199,186
JOPA3,201811,CRIV3,1,186,186
JOPA3,201811,CTNM4,0.999959044142697,187,186
JOPA3,201812,BRGE3,1,191,191
JOPA3,201812,BRIV3,1,191,191
JOPA3,201812,CRIV3,1,191,191
JOPA3,201812,CTNM4,0.999978383177957,192,191
JOPA3,201901,BRGE3,1,194,194
JOPA3,201901,BRIV3,1,194,194
JOPA3,201901,CCPR3,0.700166428405485,207,194
JOPA3,201901,CRIV3,1,194,194
JOPA3,201901,CTNM4,0.999989501808207,195,194
JOPA3,201902,BRGE3,1,194,194
JOPA3,201902,BRIV3,1,194,194
JOPA3,201902,CRIV3,1,194,194
JOPA3,201902,CTNM4,0.99999300598877,195,194
JOPA3,201903,BRGE3,1,194,194
JOPA3,201903,BRIV3,1,194,194
JOPA3,201903,CRIV3,1,194,194
JOPA3,201903,CTNM4,0.999989126016373,195,194
JOPA3,201903,GSHP3,0.761670287414663,79,194
JOPA3,201904,BRGE3,1,194,194
JOPA3,201904,BRIV3,1,194,194
JOPA3,201904,CRIV3,1,194,194
JOPA3,201904,CTNM4,0.999980994953377,195,194
JOPA3,201905,BRGE3,1,195,195
JOPA3,201905,BRIV3,1,195,195
JOPA3,201905,CRIV3,1,195,195
JOPA3,201905,CTNM4,0.999972442172405,196,195
JOPA3,201906,BRGE3,1,192,192
JOPA3,201906,BRIV3,1,192,192
JOPA3,201906,CCPR3,0.719544240573231,211,192
JOPA3,201906,CRIV3,1,192,192
JOPA3,201906,CTNM4,0.999974500382589,193,192
JOPA3,201907,BRGE3,1,192,192
JOPA3,201907,BRIV3,1,192,192
JOPA3,201907,CRIV3,1,192,192
JOPA3,201907,CTNM4,0.999977896170606,193,192
JOPA3,201908,BRGE3,1,196,196
JOPA3,201908,BRIV3,1,196,196
JOPA3,201908,CRIV3,1,196,196
JOPA3,201908,CTNM4,0.999980132682115,197,196
JOPA3,201909,BRGE3,1,192,192
JOPA3,201909,BRIV3,1,192,192
JOPA3,201909,CRIV3,1,192,192
JOPA3,201909,CTNM4,0.999986654106961,193,192
JOPA3,201910,BRGE3,1,190,190
JOPA3,201910,BRIV3,1,190,190
JOPA3,201910,CRIV3,1,190,190
JOPA3,201910,CTNM4,0.999989297599894,191,190
JOPA3,201911,BRGE3,1,192,192
JOPA3,201911,BRIV3,1,192,192
JOPA3,201911,CRIV3,1,192,192
JOPA3,201911,CTNM4,0.999997954744262,193,192
JOPA3,201912,BRGE3,1,188,188
JOPA3,201912,BRIV3,1,188,188
JOPA3,201912,CRIV3,1,188,188
JOPA3,201912,CTNM4,0.999998330886347,189,188
JOPA3,202001,BRGE3,1,187,187
JOPA3,202001,BRIV3,1,187,187
JOPA3,202001,CRIV3,1,187,187
JOPA3,202001,CTNM4,0.999999051701765,188,187
JOPA3,202002,BRGE3,1,186,186
JOPA3,202002,BRIV3,1,186,186
JOPA3,202002,CRIV3,1,186,186
JOPA3,202002,CTNM4,0.999999046134867,187,186
JOPA3,202003,BRGE3,1,184,184
JOPA3,202003,BRIV3,1,184,184
JOPA3,202003,CRIV3,1,184,184
JOPA3,202003,CTNM4,0.999999745803718,185,184
JOPA3,202004,BRGE3,1,196,196
JOPA3,202004,BRIV3,1,196,196
JOPA3,202004,CRIV3,1,196,196
JOPA3,202004,CTNM4,0.999999839328285,197,196
JOPA3,202005,BRGE3,1,196,196
JOPA3,202005,BRIV3,1,196,196
JOPA3,202005,CRIV3,1,196,196
JOPA3,202005,CTNM4,0.999999870696793,197,196
JOPA3,202006,BRGE3,1,197,197
JOPA3,202006,BRIV3,1,197,197
JOPA3,202006,CRIV3,1,197,197
JOPA3,202006,CTNM4,1,197,197
JOPA3,202007,BRGE3,1,201,201
JOPA3,202007,BRIV3,1,201,201
JOPA3,202007,CRIV3,1,201,201
JOPA3,202007,CTNM4,1,201,201
JOPA3,202008,BRGE3,1,202,202
JOPA3,202008,BRIV3,1,202,202
JOPA3,202008,CRIV3,1,202,202
JOPA3,202008,CTNM4,1,202,202
JOPA3,202009,BRGE3,1,201,201
JOPA3,202009,BRIV3,1,201,201
JOPA3,202009,CGRA4,0.916909268148734,351,201
JOPA3,202009,CRIV3,1,201,201
JOPA3,202009,CTNM4,1,201,201
JOPA3,202010,BRGE3,1,203,203
JOPA3,202010,BRIV3,1,203,203
JOPA3,202010,CRIV3,1,203,203
JOPA3,202010,CTNM4,1,203,203
JOPA3,202011,BRGE3,1,200,200
JOPA3,202011,BRIV3,1,200,200
JOPA3,202011,CRIV3,1,200,200
JOPA3,202011,CTNM4,1,200,200
JOPA3,202012,BRGE3,1,210,210
JOPA3,202012,BRIV3,1,210,210
JOPA3,202012,CTNM4,1,210,210
JOPA3,202101,BRGE3,1,211,211
JOPA3,202101,BRIV3,1,211,211
JOPA3,202101,CTNM4,1,211,211
JOPA3,202102,BRGE3,1,212,212
JOPA3,202102,BRIV3,1,212,212
JOPA3,202102,CTNM4,0.999999999020303,212,212
JOPA3,202103,BRGE3,1,292,292
JOPA3,202103,BRIV3,1,292,292
JOPA3,202103,CTNM4,0.99999999913533,292,292
JOPA3,202104,BRGE3,1,311,311
JOPA3,202104,BRIV3,1,311,311
JOPA3,202104,CTNM4,0.999999978906064,311,311
JOPA3,202105,BRGE3,1,315,315
JOPA3,202105,BRIV3,1,315,315
JOPA3,202105,CTNM4,0.999998815758086,317,315
JOPA3,202106,BRGE3,1,313,313
JOPA3,202106,BRIV3,1,313,313
JOPA3,202106,CTNM4,0.999997421995414,315,313
JOPA3,202107,BRGE3,1,312,312
JOPA3,202107,BRIV3,1,312,312
JOPA3,202107,CRIV3,1,312,312
JOPA3,202107,CTNM4,0.999999037466469,314,312
JOPA3,202108,BRGE3,1,318,318
JOPA3,202108,BRIV3,1,318,318
JOPA3,202108,CRIV3,1,318,318
JOPA3,202108,CTNM4,0.999999077011755,320,318
JOPA3,202109,BRGE3,1,320,320
JOPA3,202109,BRIV3,1,320,320
JOPA3,202109,CRIV3,1,320,320
JOPA3,202109,CTNM4,0.999996946671568,322,320
JOPA3,202110,BRGE3,1,319,319
JOPA3,202110,BRIV3,1,319,319
JOPA3,202110,CTNM4,0.999996733461746,321,319
JOPA3,202111,BRGE3,1,318,318
JOPA3,202111,BRIV3,1,318,318
JOPA3,202111,CTNM4,0.999997518890845,320,318
JOPA3,202112,BRGE3,1,321,321
JOPA3,202112,BRIV3,1,321,321
JOPA3,202112,CTNM4,0.999365760203055,323,321
JPSA3,201804,CPRE3,0.805561933289529,425,424
JPSA3,201804,JBSS3,0.74656065271465,753,424
JPSA3,201805,CPRE3,0.820707719093288,425,430
JPSA3,201806,CPRE3,0.800294972226015,429,425
JPSA3,201807,CPRE3,0.82078261996465,432,429
JPSA3,201808,CPRE3,0.774011078762553,432,436
JPSA3,201809,AGRO3,0.80556931044885,375,446
JPSA3,201809,CPRE3,0.764797847701481,432,446
JPSA3,201810,CIEL3,0.733798576649973,760,450
JPSA3,201810,CPRE3,0.771511768454314,434,450
JPSA3,201811,CIEL3,0.746096716606453,796,453
JPSA3,201812,CIEL3,0.745342964283275,814,463
JPSA3,201910,BIDI3,0.766748099866302,282,541
JPSA3,201910,ENGI4,0.762261979416818,95,541
JPSA3,201910,GRND3,0.711277617075515,537,541
JPSA3,201911,ALPA3,0.802555428603873,178,538
JPSA3,201911,BBRK3,0.742499252581546,416,538
JPSA3,201911,BIDI3,0.827487894825048,277,538
JPSA3,201911,ENGI4,0.823255161890721,97,538
JPSA3,201911,GRND3,0.777658270022702,515,538
JPSA3,201912,ALPA3,0.865685350093721,186,539
JPSA3,201912,BIDI3,0.881272128461269,282,539
JPSA3,201912,ENGI4,0.870213305919668,106,539
JPSA3,201912,GRND3,0.809225974295839,528,539
JPSA3,202001,BBRK3,0.721235139646088,437,512
JPSA3,202001,BIDI3,0.921220898448624,361,512
JPSA3,202001,BIDI4,0.834776677567633,383,512
JPSA3,202001,ENGI4,0.912566991622844,121,512
JPSA3,202001,GRND3,0.8747984781127,539,512
JPSA3,202002,BBRK3,0.826924847105488,457,525
JPSA3,202002,BIDI3,0.944022080928077,123,525
JPSA3,202002,ENGI4,0.936052828116852,123,525
JPSA3,202002,GRND3,0.913428114491106,567,525
JPSA3,202003,BBRK3,0.799186173887971,468,549
JPSA3,202003,BIDI3,0.796818803462791,124,549
JPSA3,202003,BIDI4,0.922991138143552,496,549
JPSA3,202003,CSAN3,0.807175589824632,897,549
JPSA3,202003,ENGI4,0.949902442623154,124,549
JPSA3,202003,GRND3,0.903630836421406,524,549
JPSA3,202004,BBRK3,0.777137928078262,464,518
JPSA3,202004,BIDI3,0.837948328916031,125,518
JPSA3,202004,BIDI4,0.929568472288362,497,518
JPSA3,202004,CSAN3,0.789686791052219,955,518
JPSA3,202004,ENGI4,0.96686709638594,125,518
JPSA3,202004,GRND3,0.950863481841462,513,518
JPSA3,202004,HBOR3,0.705672342449838,550,518
JPSA3,202005,COCE5,0.726943424437464,333,519
JPSA3,202006,COCE5,0.914013644793108,340,484
JPSA3,202007,COCE5,0.925023574365387,340,471
JPSA3,202008,COCE5,0.929081973122408,344,476
JPSA3,202009,COCE5,0.905999050139125,343,473
JPSA3,202010,COCE5,0.912347960398998,352,484
JPSA3,202011,COCE5,0.918751142917566,336,480
JPSA3,202012,COCE5,0.873270234914848,330,420
JPSA3,202101,COCE5,0.876974092710402,334,459
JPSA3,202102,COCE5,0.851988019431058,355,529
JPSA3,202103,COCE5,0.8776854172136,359,533
JPSA3,202104,COCE5,0.873821897392098,347,525
JPSA3,202105,COCE5,0.862006084493038,345,504
JPSA3,202106,COCE5,0.78600978164078,304,537
JPSA3,202107,EZTC3,0.752964146462861,1117,611
JPSA3,202109,BMOB3,0.729966072800822,560,645
JPSA3,202110,BMOB3,0.822881830133277,642,635
JSLG3,201702,BRFS3,0.857382385011187,863,83
JSLG3,201702,FRAS3,0.997138651946831,20,83
JSLG3,201703,BRFS3,0.836639950501935,854,65
JSLG3,201703,FRAS3,0.985164605339847,20,65
JSLG3,201704,BRFS3,0.883707686535322,904,64
JSLG3,201704,FRAS3,0.997075933142602,20,64
JSLG3,201706,BRFS3,0.77836792832333,949,80
JSLG3,201707,BRFS3,0.758171463646022,944,70
JSLG3,201708,BRFS3,0.720414571785998,953,74
JSLG3,201711,BRFS3,0.735610992279591,986,245
JSLG3,201801,BRFS3,0.811473804386959,916,240
JSLG3,201802,BRFS3,0.781853765555325,819,235
JSLG3,201806,GUAR4,0.878245807226216,21,142
JSLG3,201812,AMAR3,0.822105682083033,411,129
KEPL3,202001,BEEF11,0.973747016864267,188,57
KEPL3,202001,EUCA4,0.974097994265008,430,57
KEPL3,202002,BEEF11,0.949469940115381,190,36
KEPL3,202002,CARD3,0.9077098586243,29,36
KEPL3,202002,EUCA4,0.944563734592431,438,36
KEPL3,202003,BEEF11,0.924604678672783,148,26
KEPL3,202003,EUCA4,0.918940532304353,306,26
KEPL3,202004,BEEF11,0.891834069960533,148,56
KEPL3,202004,EUCA4,0.887914365396106,307,56
KEPL3,202005,BEEF11,0.840270626303549,173,27
KEPL3,202005,EUCA4,0.836355417776773,315,27
KEPL3,202006,BEEF11,0.8419246618309,146,33
KEPL3,202006,CARD3,0.874327873849313,51,33
KEPL3,202006,CLSC4,0.831462312339574,31,33
KEPL3,202006,EUCA4,0.832776071135145,315,33
KEPL3,202007,BEEF11,0.899061373712522,149,35
KEPL3,202007,CARD3,0.888758305519314,57,35
KEPL3,202007,CLSC4,0.897407076914244,31,35
KEPL3,202007,EUCA4,0.897608928249407,323,35
KEPL3,202008,BEEF11,0.908940749815868,150,52
KEPL3,202008,CARD3,0.881876925156881,59,52
KEPL3,202008,CLSC4,0.907990574795434,179,52
KEPL3,202008,EUCA4,0.907949842022588,326,52
KEPL3,202011,BEEF11,0.770804231323391,162,174
KEPL3,202011,EUCA4,0.771713429479965,351,174
KEPL3,202102,AVLL3,0.815032947209236,45,190
KEPL3,202102,BEEF11,0.817769947951314,194,190
KEPL3,202102,ETER3,0.817804802777317,185,190
KEPL3,202102,EUCA4,0.817422500336946,365,190
KEPL3,202102,JHSF3,0.702231905051131,957,190
KEPL3,202103,AVLL3,0.904816134232983,45,195
KEPL3,202103,BEEF11,0.907024952859086,197,195
KEPL3,202103,CARD3,0.796563155547878,90,195
KEPL3,202103,ETER3,0.906792649825185,164,195
KEPL3,202103,EUCA4,0.905524440718505,366,195
KEPL3,202103,JHSF3,0.838575583072179,996,195
KEPL3,202104,AVLL3,0.899108477997735,45,197
KEPL3,202104,BEEF11,0.90275767488629,200,197
KEPL3,202104,ETER3,0.902385468141758,228,197
KEPL3,202104,EUCA4,0.892572811622255,369,197
KEPL3,202104,GPCP3,0.863130099227837,37,197
KEPL3,202104,JHSF3,0.791203724964469,997,197
KEPL3,202105,AVLL3,0.931422467443305,45,200
KEPL3,202105,BEEF11,0.934373437374866,206,200
KEPL3,202105,ETER3,0.934506521554462,236,200
KEPL3,202105,JHSF3,0.834697032924375,1001,200
KEPL3,202106,AVLL3,0.949846745325732,48,214
KEPL3,202106,BEEF11,0.952748342991623,199,214
KEPL3,202106,ETER3,0.952346062630482,96,214
KEPL3,202106,JHSF3,0.822949111940589,1007,214
KEPL3,202107,AVLL3,0.957867495494228,47,215
KEPL3,202107,BEEF11,0.960441420644036,199,215
KEPL3,202107,ETER3,0.958979102912698,83,215
KEPL3,202107,JHSF3,0.797834622421035,1020,215
KEPL3,202108,AVLL3,0.978586713017264,47,216
KEPL3,202108,BEEF11,0.980744880548248,201,216
KEPL3,202108,ETER3,0.980097380919335,107,216
KEPL3,202108,JHSF3,0.813079416689826,1027,216
KEPL3,202109,AVLL3,0.961182330998901,48,215
KEPL3,202109,BEEF11,0.966075638072306,201,215
KEPL3,202109,ETER3,0.964413032851338,108,215
KEPL3,202109,JHSF3,0.767874224468457,1064,215
KEPL3,202110,AVLL3,0.967904433345713,33,522
KEPL3,202110,BEEF11,0.974914963267792,202,522
KEPL3,202110,ETER3,0.972059652062356,99,522
KEPL3,202110,EUCA4,0.966863717382759,348,522
KEPL3,202110,JHSF3,0.774592855799902,1115,522
KEPL3,202111,AVLL3,0.950426569842386,34,482
KEPL3,202111,BEEF11,0.956504736530058,190,482
KEPL3,202111,ETER3,0.954980406515565,95,482
KEPL3,202111,EUCA4,0.952452973850349,352,482
KEPL3,202111,JHSF3,0.813449647754409,1151,482
KEPL3,202112,AVLL3,0.9600584097868,35,547
KEPL3,202112,BEEF3,0.772507551152952,1200,547
KEPL3,202112,ETER3,0.967907964862602,86,547
KEPL3,202112,EUCA4,0.96248459508904,365,547
KEPL3,202112,JHSF3,0.836547953289142,1131,547
KLBN11,201702,ALUP11,0.724696710917767,532,818
KLBN11,201702,BEEF3,0.781908730138912,584,818
KLBN11,201703,ALUP11,0.790234605622529,568,817
KLBN11,201703,BEEF3,0.879698195060157,540,817
KLBN11,201703,EVEN3,0.809477096584429,572,817
KLBN11,201704,ALUP11,0.86138580934794,574,837
KLBN11,201704,BEEF3,0.908402768041208,562,837
KLBN11,201704,EVEN3,0.87708901398479,490,837
KLBN11,201705,ALUP11,0.842717396547075,705,814
KLBN11,201705,BEEF3,0.848319841270652,577,814
KLBN11,201705,EVEN3,0.702877133090075,389,814
KLBN11,201706,ALUP11,0.786127573786517,638,819
KLBN11,201706,BEEF3,0.888185507082306,577,819
KLBN11,201707,ALUP11,0.816790411087164,618,788
KLBN11,201707,BEEF3,0.899293200400042,486,788
KLBN11,201708,ALUP11,0.842945404697369,611,788
KLBN11,201708,BEEF3,0.916808436548361,437,788
KLBN11,201708,EVEN3,0.72457114618166,466,788
KLBN11,201709,ALUP11,0.872083567265059,596,772
KLBN11,201709,BEEF3,0.942796643381236,432,772
KLBN11,201710,ALUP11,0.877992066690582,597,778
KLBN11,201710,BBDC3,0.87040609067023,680,778
KLBN11,201710,BEEF3,0.921741949641552,426,778
KLBN11,201710,EVEN3,0.72248890115495,508,778
KLBN11,201711,BBDC3,0.73611440800862,697,792
KLBN11,201712,BBDC3,0.700344299690215,727,796
KLBN11,201806,CPRE3,0.731731670058877,429,838
KLBN11,201806,JPSA3,0.728954470564021,425,838
KLBN11,201807,CPRE3,0.771851662221737,432,867
KLBN11,201807,JPSA3,0.771041310949399,429,867
KLBN11,201808,CPRE3,0.789632179297995,432,874
KLBN11,201808,FIBR3,0.7944023936713,950,874
KLBN11,201808,JPSA3,0.759872449919283,436,874
KLBN11,201809,AGRO3,0.880656939892437,375,886
KLBN11,201809,CPRE3,0.839835343646082,432,886
KLBN11,201809,JBSS3,0.727907578829794,805,886
KLBN11,201809,JPSA3,0.779480991887868,446,886
KLBN11,201810,AGRO3,0.746695735519055,377,834
KLBN11,201810,CIEL3,0.859499774814221,760,834
KLBN11,201810,CPRE3,0.857975014118264,434,834
KLBN11,201810,JPSA3,0.808852467601269,450,834
KLBN11,201811,CIEL3,0.883775143079118,796,822
KLBN11,201811,JPSA3,0.821140460749395,453,822
KLBN11,201812,CIEL3,0.840192942436444,814,835
KLBN11,201812,JPSA3,0.837382951510939,463,835
KLBN11,201904,CESP3,0.740723019250937,30,816
KLBN11,201907,JSLG3,0.795243596712827,137,780
KLBN11,201908,JSLG3,0.931938178280391,140,816
KLBN11,201909,JSLG3,0.928971683435273,157,806
KLBN11,201910,JSLG3,0.936751028833777,165,819
KLBN11,201911,JSLG3,0.937979988469069,176,796
KLBN11,201912,JSLG3,0.890810320316003,175,799
KLBN11,202001,ITUB3,0.776111757012401,538,803
KLBN11,202002,ITUB3,0.763146236042738,529,843
KLBN4,201702,KLBN3,0.994159837289348,26,44
KLBN4,201703,KLBN3,1,26,26
KLBN4,201804,CPRE3,0.932291118618811,425,364
KLBN4,201804,JBSS3,0.857805057599853,753,364
KLBN4,201804,JPSA3,0.861291953591982,424,364
KLBN4,201805,CMIG4,0.724394210240325,883,368
KLBN4,201805,CPRE3,0.947178231409149,425,368
KLBN4,201805,GNDI3,0.713156093988068,562,368
KLBN4,201805,JPSA3,0.862064097713796,430,368
KLBN4,201806,CPRE3,0.933872925171374,429,371
KLBN4,201806,JPSA3,0.849322020951047,425,371
KLBN4,201806,KLBN11,0.764134931095609,838,371
KLBN4,201807,CPRE3,0.940559178516893,432,373
KLBN4,201807,FIBR3,0.714670452551278,916,373
KLBN4,201807,JPSA3,0.863193514604292,429,373
KLBN4,201807,KLBN11,0.808404494521085,867,373
KLBN4,201808,CPRE3,0.934722439864056,432,375
KLBN4,201808,FIBR3,0.742445825792734,950,375
KLBN4,201808,JPSA3,0.819288244085956,436,375
KLBN4,201808,KLBN11,0.829077292350117,874,375
KLBN4,201809,AGRO3,0.998072339238503,375,374
KLBN4,201809,CPRE3,0.937081128061144,432,374
KLBN4,201809,JPSA3,0.806572889441351,446,374
KLBN4,201809,KLBN11,0.882048617862445,886,374
KLBN4,201810,AGRO3,0.827513791806369,377,376
KLBN4,201810,CIEL3,0.857952008537739,760,376
KLBN4,201810,CPRE3,0.938636954272189,434,376
KLBN4,201810,JPSA3,0.814362767335191,450,376
KLBN4,201810,KLBN11,0.902023684719907,834,376
KLBN4,201811,CESP3,0.94713879805489,31,22
KLBN4,201811,CPRE3,0.998898857290649,22,22
KLBN4,201812,CESP3,0.933122640400535,31,25
KLBN4,201812,CPRE3,0.998149913748819,25,25
KLBN4,201901,CESP3,0.819160717542233,32,25
KLBN4,201901,CPRE3,0.99771947600923,25,25
KLBN4,201902,CESP3,0.907757325816548,32,26
KLBN4,201902,CPRE3,0.998277024572207,26,26
KLBN4,201903,CESP3,0.822074961245355,30,27
KLBN4,201903,CPRE3,0.997834266687541,27,27
KLBN4,202009,KLBN3,0.999999753843719,24,24
KROT3,201708,JBSS3,0.857539056011784,721,800
KROT3,201711,EMBR3,0.729701495297685,758,853
KROT3,201805,BRKM5,0.702922079771765,796,807
KROT3,201805,CMIG3,0.736423473839608,551,807
KROT3,201806,CMIG3,0.767594802961868,554,814
KROT3,201806,JBSS3,0.772698037990733,788,814
KROT3,201807,CMIG3,0.700988485428394,563,827
KROT3,201807,JBSS3,0.750889737096668,814,827
KROT3,201809,CMIG3,0.720088934267722,550,796
KROT3,201810,JBSS3,0.82072895345395,796,805
KROT3,201812,BRDT3,0.842160312369147,827,859
KROT3,201812,CMIG3,0.865723298416889,614,859
KROT3,201812,DTEX3,0.759694437824955,625,859
KROT3,201901,AALR3,0.726054643006655,456,864
KROT3,201901,BPAC11,0.797566047975718,490,864
KROT3,201901,BRDT3,0.811778006353321,880,864
KROT3,201901,CCRO3,0.893626526060721,894,864
KROT3,201901,CMIG3,0.838586208498891,616,864
KROT3,201901,CSMG3,0.711905167859702,678,864
KROT3,201901,DTEX3,0.881158429200274,614,864
KROT3,201901,GUAR3,0.784759118155185,540,864
KROT3,201902,BPAC11,0.708463399255274,559,924
KROT3,201902,BRKM5,0.714757094101289,924,924
KROT3,201902,CCRO3,0.873178362508787,924,924
KROT3,201902,CMIG3,0.802808542125322,647,924
KROT3,201902,DTEX3,0.859873428100764,669,924
KROT3,201902,ELET3,0.789271042139356,946,924
KROT3,201903,CCRO3,0.760696745703321,908,899
KROT3,201904,CYRE3,0.70075128893037,945,881
KROT3,201905,CYRE3,0.723163743848237,947,867
KROT3,201906,CYRE3,0.785001558897075,952,867
KROT3,201906,ENGI11,0.726692075191831,839,867
KROT3,201906,EZTC3,0.751465143717055,462,867
KROT3,201906,FLRY3,0.788969417161763,789,867
LAME3,201705,ELET3,0.77806673627223,750,555
LAME3,201706,ELET3,0.773013461875926,744,546
LAME3,201707,ELET3,0.712443950483681,775,523
LAME3,201709,ENGI4,0.713109292807047,66,466
LAME3,201709,ENMT3,0.707309419682476,68,466
LAME3,201709,ENMT4,0.710749145840792,68,466
LAME3,201710,ALPA3,0.747324257912636,67,461
LAME3,201710,ENGI4,0.746773661685394,67,461
LAME3,201710,ENMT3,0.740372424446119,69,461
LAME3,201710,ENMT4,0.744242167604131,69,461
LAME3,201712,ALPA3,0.704604579874192,73,552
LAME3,201712,ENGI4,0.704253970068066,73,552
LAME3,201801,ALPA3,0.737875834225954,77,540
LAME3,201801,ENGI4,0.737681858024918,77,540
LAME3,201802,AALR3,0.711842210463578,455,473
LAME3,201802,ALPA3,0.745811804972357,83,473
LAME3,201802,ENGI4,0.745548542184074,83,473
LAME3,201803,AALR3,0.766888161677596,461,468
LAME3,201803,ALPA3,0.815464442395555,85,468
LAME3,201803,BBRK3,0.755587973727951,346,468
LAME3,201803,ENGI4,0.815167282764156,85,468
LAME3,201804,AALR3,0.777932804538897,481,594
LAME3,201804,ALPA3,0.836456410997218,86,594
LAME3,201804,BBRK3,0.78934218165268,379,594
LAME3,201804,ENGI4,0.836255387732951,86,594
LAME3,201805,AALR3,0.753460168824591,487,605
LAME3,201805,ALPA3,0.805505062294216,88,605
LAME3,201805,BBRK3,0.758370648561439,366,605
LAME3,201805,ENGI4,0.805227813862719,88,605
LAME3,201806,ALPA3,0.814649652759204,95,620
LAME3,201806,BBRK3,0.770173839125185,359,620
LAME3,201806,ENGI4,0.81440332310196,95,620
LAME3,201807,ALPA3,0.799642983971789,97,621
LAME3,201807,ENGI4,0.799417612898586,96,621
LAME3,201807,GUAR3,0.748886370750563,533,621
LAME3,201808,ALPA3,0.714520668871321,89,611
LAME3,201808,ENGI4,0.714286922407515,88,611
LAME3,201809,ALPA3,0.735524332774836,88,597
LAME3,201809,ENGI4,0.735378037105479,87,597
LAME3,201810,ALPA3,0.732160130033978,81,580
LAME3,201810,ENGI4,0.732049191677091,81,580
LAME3,201906,CGRA4,0.807409489113542,306,586
LAME3,201906,GNDI3,0.716844424468308,562,586
LAME3,201906,HYPE3,0.766392822531731,801,586
LAME3,201907,CEBR3,0.842915961516135,96,587
LAME3,201907,CGRA4,0.807435797397469,310,587
LAME3,201907,HYPE3,0.757433101533347,812,587
LAME3,201908,CGRA4,0.794120955061414,308,566
LAME3,201908,HYPE3,0.715293005257793,845,566
LAME3,201909,CGRA4,0.805862635214685,309,560
LAME3,201909,HYPE3,0.739532862508371,838,560
LAME3,201910,CGRA4,0.773126735814972,312,567
LAME3,201910,HYPE3,0.701036002979147,864,567
LAME3,201911,CGRA4,0.765116837854439,316,611
LAME3,201912,CGRA4,0.725284733786972,311,603
LAME3,201912,HYPE3,0.730818340557931,829,603
LAME3,202003,CPLE3,0.706564276949269,447,679
LAME3,202003,ECOR3,0.735090122813597,872,679
LAME3,202012,CLSC4,0.706676556399746,205,779
LAME3,202101,CLSC4,0.708870923203735,208,817
LAME3,202112,CPLE11,0.791851096741249,513,730
LAME4,201802,BTOW3,0.757125167865139,641,800
LAME4,201811,BRSR6,0.730844283950785,644,910
LAME4,201811,ECOR3,0.723589884113689,826,910
LAME4,201811,GOAU4,0.736868556551231,898,910
LAME4,201811,HAPV3,0.803037847754848,716,910
LAME4,201812,BPAC11,0.736857350221709,498,916
LAME4,201812,CIEL3,0.75313282297691,814,916
LAME4,201812,ECOR3,0.769214411712539,859,916
LAME4,201812,GOAU4,0.716475402654075,883,916
LAME4,201812,HAPV3,0.783857220545508,731,916
LAME4,201902,HAPV3,0.700560903735782,803,964
LAME4,201903,BRDT3,0.806167411681462,985,941
LAME4,201903,BRFS3,0.784980177182195,856,941
LAME4,201903,BRSR6,0.776255761926813,627,941
LAME4,201903,CESP6,0.734846429494228,770,941
LAME4,201903,CMIG4,0.711041275206491,1013,941
LAME4,201903,EUCA4,0.720288139814692,383,941
LAME4,201903,GOAU3,0.723193000662372,344,941
LAME4,201903,GOAU4,0.831118486053139,901,941
LAME4,201904,BRSR6,0.890507018143179,622,867
LAME4,201904,CESP6,0.803561392626594,785,867
LAME4,201904,EUCA4,0.858844505612578,396,867
LAME4,201904,GOAU3,0.864044988791686,344,867
LAME4,201904,GOAU4,0.874075419421573,857,867
LAME4,201904,HAPV3,0.759002104896671,810,867
LAME4,201905,BRDT3,0.829185950510425,889,856
LAME4,201905,BRFS3,0.877973107530742,947,856
LAME4,201905,BRSR6,0.871398722940087,593,856
LAME4,201905,CESP6,0.791633983018754,820,856
LAME4,201905,CIEL3,0.756261452769372,861,856
LAME4,201905,CMIG4,0.71073509073704,1019,856
LAME4,201905,EUCA4,0.827930738774198,400,856
LAME4,201905,GOAU3,0.885142067077082,344,856
LAME4,201905,GOAU4,0.919507572667026,872,856
LAME4,201905,ITUB4,0.722651717755051,1086,856
LAME4,201906,BRDT3,0.751617005207059,850,831
LAME4,201906,BRFS3,0.807471000035851,949,831
LAME4,201906,BRSR6,0.773386420083475,610,831
LAME4,201906,CESP6,0.708995698196257,844,831
LAME4,201906,EUCA4,0.725630847216236,397,831
LAME4,201906,GOAU3,0.849017039169124,347,831
LAME4,201906,GOAU4,0.819886315706471,869,831
LAME4,201912,BTOW3,0.766996391907411,886,886
LAME4,202002,BRFS3,0.771664746000266,930,1005
LAME4,202002,CMIG3,0.749299275026518,664,1005
LAME4,202002,GGBR4,0.744333800744379,985,1005
LAME4,202002,GOAU4,0.712692749926064,934,1005
LAME4,202003,HAPV3,0.715137208246167,1036,1017
LAME4,202012,CSAN3,0.801215520012275,1006,1047
LAME4,202101,CSAN3,0.734743312057554,1020,1093
LAME4,202102,CRFB3,0.736121009144179,1028,1146
LAME4,202102,CSAN3,0.711895679315091,1043,1146
LAME4,202103,CRFB3,0.733487490377671,1053,1159
LAME4,202104,CRFB3,0.747145369716432,1069,1156
LAME4,202105,CRFB3,0.897579181452155,1076,1151
LAME4,202106,CRFB3,0.885781609748649,1086,1125
LAME4,202107,CRFB3,0.736591406112833,1083,1133
LAME4,202108,AMER3,0.78535186445174,1035,1106
LAME4,202108,BPAN4,0.708036182327676,798,1106
LAME4,202108,CRFB3,0.730702005475563,1064,1106
LAME4,202109,AMER3,0.745586205233169,1170,1120
LAME4,202109,CRFB3,0.745116276247439,1112,1120
LAME4,202110,CSED3,0.772430949601417,564,1220
LAME4,202110,GUAR3,0.781506816373162,648,1220
LAME4,202110,HBOR3,0.844005477215959,546,1220
LAME4,202111,BIDI4,0.70657932622519,1175,1227
LAME4,202111,GUAR3,0.820588846741016,618,1227
LAME4,202111,HBOR3,0.900434329621067,503,1227
LAME4,202112,BIDI3,0.713789164691491,441,1255
LAME4,202112,BIDI4,0.727058068358443,1110,1255
LAME4,202112,GUAR3,0.854238644081691,668,1255
LAME4,202112,HBOR3,0.91982102993793,654,1255
LAVV3,202108,ENJU3,0.73613903585585,822,672
LAVV3,202108,HBRE3,0.701463926898937,488,672
LAVV3,202109,ENJU3,0.743901637476094,804,693
LAVV3,202109,HBRE3,0.709836093760257,482,693
LAVV3,202110,ENJU3,0.773187027484316,796,703
LAVV3,202110,HBRE3,0.743181366820671,526,703
LAVV3,202110,HYPE3,0.715793652211164,1253,703
LAVV3,202111,ENJU3,0.814251490514972,783,692
LAVV3,202111,HBRE3,0.799806992983018,531,692
LAVV3,202111,HYPE3,0.752651101074866,1276,692
LAVV3,202112,ALUP11,0.755741463365801,814,705
LAVV3,202112,ENJU3,0.848625213479814,820,705
LAVV3,202112,HBRE3,0.852624308260021,527,705
LAVV3,202112,HYPE3,0.809569278305813,1232,705
LCAM3,202106,HBOR3,0.710149944318745,609,1273
LCAM3,202108,HBOR3,0.711382732452253,637,1275
LCAM3,202109,CSED3,0.725934656163364,568,1340
LCAM3,202109,GUAR3,0.70913867678669,665,1340
LCAM3,202109,HBOR3,0.752702206703767,628,1340
LCAM3,202110,CSED3,0.773403841471169,564,1343
LCAM3,202110,GUAR3,0.733246737676905,648,1343
LCAM3,202110,HBOR3,0.800452193163117,546,1343
LCAM3,202110,LAME4,0.752075446045089,1220,1343
LCAM3,202111,BIDI11,0.704795746057454,1385,1376
LCAM3,202111,CSED3,0.741141120144997,612,1376
LCAM3,202111,GUAR3,0.712012071132827,618,1376
LCAM3,202111,HBOR3,0.778369718595562,503,1376
LCAM3,202111,LAME4,0.758769235356929,1227,1376
LCAM3,202112,BIDI11,0.720165556287569,1383,1392
LCAM3,202112,CSED3,0.73182527844811,629,1392
LCAM3,202112,HBOR3,0.754799270627141,654,1392
LCAM3,202112,LAME4,0.74479084723961,1255,1392
LEVE3,201703,CPLE6,0.717506612280038,753,445
LEVE3,201704,CPLE6,0.736069202836669,762,434
LEVE3,201705,CPLE6,0.711254379145208,721,425
LEVE3,201707,BRSR6,0.75077263042436,636,335
LEVE3,201707,CPLE3,0.753339128493457,392,335
LEVE3,201707,EUCA4,0.740093734036577,303,335
LEVE3,201707,GGBR3,0.713857839324623,460,335
LEVE3,201711,CPLE6,0.713020278678437,740,445
LEVE3,201810,CGRA4,0.733179423001186,170,309
LEVE3,201810,DIRR3,0.706130016847299,364,309
LEVE3,201811,DIRR3,0.771857136876046,409,338
LEVE3,201901,BRPR3,0.774606971176937,488,342
LEVE3,201902,BRPR3,0.842410341775838,529,365
LEVE3,201903,BRPR3,0.815167435004639,461,300
LEVE3,201903,DIRR3,0.780507149300205,265,300
LEVE3,201904,BRPR3,0.865552681358132,440,157
LEVE3,201904,DIRR3,0.905935240996609,210,157
LEVE3,201905,BRPR3,0.765188272978922,439,151
LEVE3,201905,DIRR3,0.782667101268166,108,151
LEVE3,201906,DIRR3,0.750291966465179,116,132
LEVE3,201906,ITSA3,0.814765546961342,331,132
LEVE3,201907,DIRR3,0.763639292212458,362,392
LEVE3,201908,DIRR3,0.718367362114147,514,508
LEVE3,201909,DIRR3,0.707747313488955,479,471
LEVE3,202010,BRPR3,0.805975021891363,591,525
LEVE3,202010,DIRR3,0.722374590093213,519,525
LEVE3,202011,BBDC3,0.719371798907976,953,446
LEVE3,202011,BRPR3,0.890296780530423,511,446
LEVE3,202011,DIRR3,0.840165276575618,521,446
LEVE3,202011,ENBR3,0.721653976258384,980,446
LEVE3,202012,BBDC3,0.721107581177345,949,335
LEVE3,202012,BRPR3,0.911905149087964,481,335
LEVE3,202012,DIRR3,0.865417187187,495,335
LEVE3,202101,BBDC3,0.724014174236605,1007,294
LEVE3,202101,BRPR3,0.91653669229357,487,294
LEVE3,202101,DIRR3,0.858756256350717,503,294
LEVE3,202102,BBDC3,0.777214213534466,1039,415
LEVE3,202102,BRPR3,0.91067756220503,486,415
LEVE3,202102,CCPR3,0.744409587908415,550,415
LEVE3,202102,DIRR3,0.90128258357258,523,415
LEVE3,202103,BBDC3,0.727486657696865,1087,510
LEVE3,202103,BRPR3,0.921021613815041,554,510
LEVE3,202103,CCPR3,0.790062271729437,573,510
LEVE3,202103,DIRR3,0.915008949899758,472,510
LEVE3,202104,BRPR3,0.923393342205322,615,549
LEVE3,202104,CCPR3,0.819753867247702,587,549
LEVE3,202104,DIRR3,0.925872455848532,544,549
LEVE3,202105,BRPR3,0.900320474701218,576,547
LEVE3,202105,CCPR3,0.783110608586374,529,547
LEVE3,202105,DIRR3,0.895262232036625,547,547
LEVE3,202105,EVEN3,0.737618201159747,676,547
LEVE3,202106,BRPR3,0.732323897267024,586,595
LEVE3,202106,BRSR6,0.743526027594787,516,595
LEVE3,202107,BRSR6,0.798205296418167,607,640
LEVE3,202108,BRSR6,0.82055552027196,606,623
LEVE3,202109,BRSR6,0.881012998647711,643,651
LEVE3,202110,BRSR6,0.908420026644814,638,666
LEVE3,202111,BRSR6,0.895339481666358,575,630
LEVE3,202112,BRKM5,0.775670225617656,1141,686
LEVE3,202112,BRSR6,0.873660168656359,618,686
LIGT3,201708,BRSR6,0.737458941326722,634,666
LIGT3,201708,CPLE3,0.709014027266271,387,666
LIGT3,201708,ECOR3,0.721316195687939,740,666
LIGT3,201708,EUCA4,0.773881008011363,325,666
LIGT3,201709,BRSR6,0.844570999248641,609,662
LIGT3,201709,CPLE3,0.834666847128728,388,662
LIGT3,201709,ECOR3,0.781305944746298,730,662
LIGT3,201709,EUCA4,0.883892367664063,329,662
LIGT3,201710,BRSR6,0.8986775443919,625,593
LIGT3,201710,EUCA4,0.917914906012294,339,593
LIGT3,201711,BRSR6,0.901970207180649,620,589
LIGT3,201711,EUCA4,0.923282370890385,341,589
LIGT3,201712,BRSR6,0.834638673206329,595,534
LIGT3,201712,CESP6,0.719116469628212,651,534
LIGT3,201712,ECOR3,0.842369429445663,808,534
LIGT3,201712,EUCA4,0.84738336113637,339,534
LIGT3,201801,BRSR6,0.846003309447729,615,521
LIGT3,201801,CESP6,0.73936778327131,668,521
LIGT3,201801,ECOR3,0.721842919864051,775,521
LIGT3,201801,ELPL3,0.758380849261305,388,521
LIGT3,201801,EUCA4,0.860025952609217,334,521
LIGT3,201802,BRSR6,0.820114285666849,600,528
LIGT3,201802,ECOR3,0.755103499880398,716,528
LIGT3,201802,ELPL3,0.736785778362669,378,528
LIGT3,201802,EUCA4,0.832287854645368,341,528
LIGT3,201803,BRSR6,0.859323102614433,568,510
LIGT3,201803,ECOR3,0.781647443271126,691,510
LIGT3,201803,ELPL3,0.881300815060951,429,510
LIGT3,201803,EUCA4,0.891303980724188,347,510
LIGT3,201804,AZUL4,0.743193494453775,572,557
LIGT3,201804,BRSR6,0.735092919333091,593,557
LIGT3,201804,ECOR3,0.713877473013464,730,557
LIGT3,201804,ELPL3,0.728608197217962,500,557
LIGT3,201804,EUCA4,0.76609332398648,344,557
LIGT3,201805,BPAC11,0.708734389051073,472,641
LIGT3,201805,CESP6,0.722955617325679,707,641
LIGT3,201806,AZUL4,0.768245548613517,507,617
LIGT3,201806,BPAC11,0.716399637449402,433,617
LIGT3,201806,BRSR6,0.787409831992397,612,617
LIGT3,201806,ECOR3,0.707772074703882,759,617
LIGT3,201806,EUCA4,0.811182205299082,356,617
LIGT3,201807,BPAC11,0.708558079010043,449,557
LIGT3,201807,BRSR6,0.809016708154195,612,557
LIGT3,201807,CESP6,0.796031357854506,695,557
LIGT3,201807,ECOR3,0.800031179481023,779,557
LIGT3,201807,EUCA4,0.82356093216239,360,557
LIGT3,201807,GGBR4,0.734396230278323,977,557
LIGT3,201807,HAPV3,0.768300994105074,696,557
LIGT3,201808,CMIG3,0.707409917978235,558,590
LIGT3,201808,CPLE3,0.859923934603528,417,590
LIGT3,201809,CMIG3,0.775072250618437,550,609
LIGT3,201809,CPLE3,0.814885542131619,417,609
LIGT3,201809,CSMG3,0.712721009628076,650,609
LIGT3,201809,GGBR4,0.765282161257993,965,609
LIGT3,201809,KROT3,0.752896253992632,796,609
LIGT3,201810,BRDT3,0.706014691475476,517,591
LIGT3,201810,CMIG3,0.722768170987562,552,591
LIGT3,201810,CSMG3,0.826557284179744,646,591
LIGT3,201811,BRSR6,0.766941523798666,644,601
LIGT3,201811,ECOR3,0.77216176057225,826,601
LIGT3,201811,EUCA4,0.755036723041665,360,601
LIGT3,201811,GOAU3,0.750206593782743,298,601
LIGT3,201811,GOAU4,0.772372363410425,898,601
LIGT3,201811,HAPV3,0.754344056146679,716,601
LIGT3,201811,LAME4,0.71798245870094,910,601
LIGT3,201812,BRSR6,0.702756402620329,639,684
LIGT3,201812,GOAU4,0.705318325031765,883,684
LIGT3,201903,ELET3,0.740285656020112,973,723
LIGT3,201904,AZUL4,0.847863791962224,881,666
LIGT3,201904,CESP6,0.727800122432434,785,666
LIGT3,201904,CMIG3,0.76623938353998,659,666
LIGT3,201904,ECOR3,0.787790609254894,775,666
LIGT3,201905,AZUL4,0.808856217932297,857,633
LIGT3,201905,CESP6,0.72512794805813,820,633
LIGT3,201905,CMIG3,0.826729323779318,649,633
LIGT3,201905,ECOR3,0.862222655066514,791,633
LIGT3,202005,ANIM3,0.714096041612993,656,782
LIGT3,202005,BKBR3,0.720428009661052,647,782
LIGT3,202005,BRML3,0.772713653317344,1029,782
LIGT3,202005,ENEV3,0.716880236763317,810,782
LIGT3,202005,HGTX3,0.721530070110427,914,782
LIGT3,202007,ANIM3,0.812572957064938,689,814
LIGT3,202007,BIDI11,0.791597776895945,652,814
LIGT3,202007,BKBR3,0.862425820636776,667,814
LIGT3,202007,BRML3,0.840241694872203,1011,814
LIGT3,202007,ENEV3,0.815824340589984,832,814
LIGT3,202007,HGTX3,0.860553557461586,885,814
LIGT3,202008,ABEV3,0.722849556967952,1048,765
LIGT3,202008,ALPA4,0.734540500983613,786,765
LIGT3,202008,ALPK3,0.735676350929239,407,765
LIGT3,202008,ANIM3,0.821020954770447,633,765
LIGT3,202008,BIDI11,0.803005451114352,721,765
LIGT3,202008,BKBR3,0.882199832756942,632,765
LIGT3,202008,BRML3,0.844129656412528,1053,765
LIGT3,202008,COGN3,0.760977962225759,1046,765
LIGT3,202008,ENEV3,0.7912780114381,844,765
LIGT3,202008,HGTX3,0.875128050853852,946,765
LIGT3,202009,ABEV3,0.796909556884288,1061,712
LIGT3,202009,ALPA4,0.713307377897415,797,712
LIGT3,202009,ALPK3,0.747528843173476,259,712
LIGT3,202009,ANIM3,0.786542716141387,630,712
LIGT3,202009,BIDI11,0.743833260372336,683,712
LIGT3,202009,BIDI4,0.782850937020942,619,712
LIGT3,202009,BKBR3,0.848845022652357,606,712
LIGT3,202009,BRML3,0.802491317189615,1064,712
LIGT3,202009,COGN3,0.765776746715593,1035,712
LIGT3,202009,ENEV3,0.744736721827203,852,712
LIGT3,202009,HGTX3,0.847745253263511,972,712
LIGT3,202010,ABEV3,0.879155888871895,1011,719
LIGT3,202010,ALPA4,0.769931992030607,817,719
LIGT3,202010,ALPK3,0.84433603252795,270,719
LIGT3,202010,ANIM3,0.8786910834004,645,719
LIGT3,202010,BIDI11,0.796337639231805,744,719
LIGT3,202010,BIDI4,0.848183168679334,685,719
LIGT3,202010,BKBR3,0.940855854637377,633,719
LIGT3,202010,BRML3,0.883572974121707,1056,719
LIGT3,202010,COGN3,0.790169071035527,1019,719
LIGT3,202010,ENEV3,0.828029132032671,902,719
LIGT3,202010,HGTX3,0.938365570874053,961,719
LIGT3,202011,ABEV3,0.869694207790755,1025,721
LIGT3,202011,ALPA4,0.760561036634448,830,721
LIGT3,202011,ALPK3,0.882965921625947,269,721
LIGT3,202011,ANIM3,0.794079158952591,645,721
LIGT3,202011,BIDI11,0.75919560557492,726,721
LIGT3,202011,BIDI4,0.827856146226609,669,721
LIGT3,202011,BKBR3,0.907815824208878,622,721
LIGT3,202011,BRML3,0.870015658865548,1073,721
LIGT3,202011,COGN3,0.784086136508294,1018,721
LIGT3,202011,ENEV3,0.808087202003773,852,721
LIGT3,202011,HGTX3,0.9212602023321,952,721
LIGT3,202012,ABEV3,0.892654846024962,1052,704
LIGT3,202012,ALPA4,0.720281714725486,837,704
LIGT3,202012,ALPK3,0.947469621616504,228,704
LIGT3,202012,ANIM3,0.870486197556457,733,704
LIGT3,202012,BIDI11,0.740587543625679,718,704
LIGT3,202012,BIDI4,0.834262230602326,666,704
LIGT3,202012,BKBR3,0.942440069873174,659,704
LIGT3,202012,BRML3,0.907844103399801,1103,704
LIGT3,202012,COGN3,0.834087761661936,1004,704
LIGT3,202012,ENEV3,0.835791437020228,865,704
LIGT3,202012,HGTX3,0.957095627780417,974,704
LIGT3,202101,ABEV3,0.90292999453983,1092,706
LIGT3,202101,ALPK3,0.93829337986453,229,706
LIGT3,202101,ANIM3,0.849277373698278,761,706
LIGT3,202101,BIDI11,0.755683328335559,742,706
LIGT3,202101,BIDI4,0.858492154110077,632,706
LIGT3,202101,BKBR3,0.946682516363097,653,706
LIGT3,202101,BRML3,0.878453044149303,1129,706
LIGT3,202101,ENEV3,0.821482992361397,1151,706
LIGT3,202101,HGTX3,0.94434008231864,983,706
LIGT3,202102,ABEV3,0.908147112080571,1107,855
LIGT3,202102,ALPK3,0.932372579493738,230,855
LIGT3,202102,ANIM3,0.839069926864818,796,855
LIGT3,202102,BIDI4,0.726003449353431,662,855
LIGT3,202102,BKBR3,0.905498977334846,629,855
LIGT3,202102,BRML3,0.840072224931195,1120,855
LIGT3,202102,ENEV3,0.780656521054483,1201,855
LIGT3,202102,GGBR4,0.804696339100543,1259,855
LIGT3,202102,HGTX3,0.938848802390588,969,855
LIGT3,202103,ABEV3,0.86959115205898,1126,826
LIGT3,202103,ALPK3,0.906891871381305,231,826
LIGT3,202103,ANIM3,0.81005284195465,756,826
LIGT3,202103,BKBR3,0.879734458641749,667,826
LIGT3,202103,BRML3,0.848838758385489,1135,826
LIGT3,202103,ENEV3,0.735981140329271,1196,826
LIGT3,202103,HGTX3,0.911960221297179,1010,826
LIGT3,202104,ABEV3,0.926441042115375,1144,846
LIGT3,202104,ALPK3,0.955074885892591,232,846
LIGT3,202104,ANIM3,0.821135414426373,774,846
LIGT3,202104,BIDI4,0.732911321910575,574,846
LIGT3,202104,BKBR3,0.920850394575382,711,846
LIGT3,202104,BRML3,0.851614145874938,1182,846
LIGT3,202104,ENEV3,0.761802491418359,1181,846
LIGT3,202104,HGTX3,0.953243834695986,1111,846
LIGT3,202105,ABEV3,0.884718726875547,1164,848
LIGT3,202105,ALPK3,0.914084599355477,239,848
LIGT3,202105,ANIM3,0.817975176567479,806,848
LIGT3,202105,BKBR3,0.880700442692267,720,848
LIGT3,202105,BRML3,0.826425862746484,1212,848
LIGT3,202105,ENEV3,0.747354851934627,1212,848
LIGT3,202105,HGTX3,0.914525446064147,1164,848
LIGT3,202106,ABEV3,0.915067618563901,1181,845
LIGT3,202106,ALPK3,0.965447087160627,236,845
LIGT3,202106,ANIM3,0.792535701315102,766,845
LIGT3,202106,BBDC4,0.757350198409003,1271,845
LIGT3,202106,BIDI4,0.732543664629277,631,845
LIGT3,202106,BKBR3,0.929081831633657,711,845
LIGT3,202106,BRML3,0.888068679475552,1205,845
LIGT3,202106,COGN3,0.742886066955315,1082,845
LIGT3,202106,ENEV3,0.798722288667318,1210,845
LIGT3,202106,HGTX3,0.963840681325207,1182,845
LIGT3,202107,ABEV3,0.923261447050584,1179,859
LIGT3,202107,ALPK3,0.970611651911352,238,859
LIGT3,202107,ANIM3,0.762739029466924,835,859
LIGT3,202107,BIDI4,0.702475696843254,712,859
LIGT3,202107,BKBR3,0.928761936828374,769,859
LIGT3,202107,BRBI11,0.708637183008357,554,859
LIGT3,202107,BRML3,0.879059243819681,1205,859
LIGT3,202107,ENEV3,0.827106445660349,1225,859
LIGT3,202107,HGTX3,0.966142209662021,1187,859
LIGT3,202108,ABEV3,0.903880681461147,1179,859
LIGT3,202108,ALPA4,0.740954332693319,948,859
LIGT3,202108,ALPK3,0.953671341337825,241,859
LIGT3,202108,ANIM3,0.768010332118007,875,859
LIGT3,202108,BKBR3,0.909462663659646,782,859
LIGT3,202108,BRBI11,0.827835206898415,512,859
LIGT3,202108,BRML3,0.802896160222075,1214,859
LIGT3,202108,DESK3,0.736104297981677,677,859
LIGT3,202108,ENEV3,0.807863257386209,1248,859
LIGT3,202108,HGTX3,0.952939197619175,1199,859
LIGT3,202109,ABEV3,0.729339448856973,1236,886
LIGT3,202109,ALPK3,0.719695391952667,243,886
LIGT3,202109,BRBI11,0.739284490680846,524,886
LIGT3,202110,AESB3,0.774774045018802,687,875
LIGT3,202110,CMIG3,0.728765563179094,532,875
LIGT3,202110,GOAU4,0.728485306644647,1342,875
LIGT3,202111,AESB3,0.781204534454239,658,840
LIGT3,202111,CMIG3,0.823545646654323,533,840
LIGT3,202111,CSNA3,0.761446911808486,1192,840
LIGT3,202111,ECOR3,0.732716068552813,1238,840
LIGT3,202111,GOAU3,0.755541613935188,502,840
LIGT3,202111,GOAU4,0.81272009240235,1364,840
LIGT3,202112,AESB3,0.815014374292838,714,868
LIGT3,202112,CMIG3,0.863342061419872,525,868
LIGT3,202112,CSMG3,0.709550462905327,629,868
LIGT3,202112,CSNA3,0.756382847524431,1167,868
LIGT3,202112,ECOR3,0.734038372242329,1239,868
LIGT3,202112,GOAU3,0.798773533763178,522,868
LIGT3,202112,GOAU4,0.871907745265001,1391,868
LINX3,201702,ALSC3,0.717749551331775,613,574
LINX3,201702,CSMG3,0.795818333296114,727,574
LINX3,201702,EMBR3,0.88156637688189,789,574
LINX3,201703,DTEX3,0.709334850052167,556,523
LINX3,201704,DTEX3,0.827489763161208,575,502
LINX3,201706,ALPA4,0.76906003669839,590,544
LINX3,201706,ANIM3,0.708939998334074,376,544
LINX3,201706,CGAS5,0.796827546595611,567,544
LINX3,201706,ELET6,0.748560652495197,782,544
LINX3,201706,ENBR3,0.719684407942741,734,544
LINX3,201708,ALPA4,0.798080015114119,559,488
LINX3,201708,AMAR3,0.783109527168292,474,488
LINX3,201708,ANIM3,0.773153365163013,323,488
LINX3,201708,CGAS5,0.796594875179587,311,488
LINX3,201708,ELET3,0.754607851586878,779,488
LINX3,201708,ENBR3,0.746980402885135,757,488
LINX3,201712,CMIG3,0.732127441943052,312,533
LINX3,201803,ALPA4,0.711270549947152,465,498
LINX3,201804,ALPA4,0.766526968951784,441,611
LINX3,201805,AALR3,0.726718126449979,487,586
LINX3,201806,AALR3,0.794423377658869,496,586
LINX3,201806,ALPA3,0.702540524095203,95,586
LINX3,201806,CMIG3,0.708381702730082,554,586
LINX3,201806,ENGI4,0.70230942182315,95,586
LINX3,201807,AALR3,0.84881812215849,501,592
LINX3,201807,CMIG3,0.840297691281367,563,592
LINX3,201808,AALR3,0.786332164810976,494,587
LINX3,201808,CMIG3,0.842659341969648,558,587
LINX3,201809,AALR3,0.807494786495677,479,591
LINX3,201809,CMIG3,0.916157157084845,550,591
LINX3,201809,KROT3,0.711944046516144,796,591
LINX3,201809,LIGT3,0.746962935268655,609,591
LINX3,201810,BRDT3,0.71768242130936,517,598
LINX3,201810,CMIG3,0.79140391032693,552,598
LINX3,201810,DTEX3,0.707505691303818,515,598
LINX3,201810,GUAR3,0.813488643512754,370,598
LINX3,201811,GUAR3,0.70839662283387,449,686
LINX3,201812,CMIG3,0.743259230060969,614,740
LINX3,201812,CRFB3,0.720905248424655,667,740
LINX3,201812,DTEX3,0.747854629972689,625,740
LINX3,201812,GUAR3,0.709463094906899,465,740
LINX3,201901,AALR3,0.720698672923173,456,724
LINX3,201901,CMIG3,0.746003994767821,616,724
LINX3,201901,DTEX3,0.754739161037665,614,724
LINX3,201901,ELET3,0.738577127334366,850,724
LINX3,201901,GUAR3,0.720735938852477,540,724
LINX3,201902,ELET3,0.782523928359437,946,719
LINX3,201903,ELET3,0.783520468310022,973,740
LINX3,201904,AALR3,0.765352754791734,476,775
LINX3,201904,CMIG3,0.793856397914536,659,775
LINX3,201904,DTEX3,0.772829059218832,573,775
LINX3,201904,GUAR3,0.737818887817972,516,775
LINX3,201905,CPLE3,0.750673611771242,446,729
LINX3,201905,DTEX3,0.823294330992328,476,729
LINX3,201905,GUAR3,0.803670720610999,447,729
LINX3,201906,CCRO3,0.724333277625346,869,753
LINX3,201906,CPLE3,0.745976366074429,408,753
LINX3,201906,DTEX3,0.853749568291882,492,753
LINX3,201906,ECOR3,0.717709062318513,798,753
LINX3,201906,GUAR3,0.795400585527468,434,753
LINX3,201907,AALR3,0.707524956861779,480,825
LINX3,201907,ALSC3,0.755310844209731,640,825
LINX3,201907,CPFE3,0.709772005766989,912,825
LINX3,201907,DTEX3,0.861409553761494,584,825
LINX3,201907,ECOR3,0.761291295483321,814,825
LINX3,201907,ELET3,0.765481737375832,958,825
LINX3,201907,GUAR3,0.810698051860426,482,825
LINX3,201908,DTEX3,0.875840337984433,665,760
LINX3,201908,ECOR3,0.783841787969405,867,760
LINX3,201908,ELET3,0.754468607269001,949,760
LINX3,201908,GUAR3,0.829971025493141,667,760
LINX3,201911,AALR3,0.714388071120261,404,670
LINX3,201911,ALSO3,0.726325061109505,698,670
LINX3,201911,CIEL3,0.810386563233098,840,670
LINX3,201911,CPLE3,0.777359066154003,326,670
LINX3,201911,DTEX3,0.751666022884604,574,670
LINX3,201911,ECOR3,0.786303943889116,875,670
LINX3,201911,GUAR3,0.785165545905178,513,670
LINX3,201912,AALR3,0.711836323173337,414,669
LINX3,201912,CIEL3,0.876537848078614,859,669
LINX3,201912,CPLE3,0.850497902660995,331,669
LINX3,201912,CYRE3,0.73616414969403,937,669
LINX3,201912,ECOR3,0.796708206433412,836,669
LINX3,201912,GUAR3,0.804948585657516,528,669
LINX3,201912,IDNT3,0.73864656908729,228,669
LINX3,202001,AALR3,0.792709063744076,458,679
LINX3,202001,ALSO3,0.720511391934762,841,679
LINX3,202001,CPLE3,0.868926440305759,421,679
LINX3,202001,CYRE3,0.742743485185093,948,679
LINX3,202001,ECOR3,0.800823876307527,856,679
LINX3,202001,GUAR3,0.818378272985492,614,679
LINX3,202001,IDNT3,0.738991758662193,232,679
LINX3,202002,AALR3,0.851523953561043,460,694
LINX3,202002,CPLE3,0.865375276137299,451,694
LINX3,202002,CYRE3,0.711574959689566,968,694
LINX3,202002,ECOR3,0.827581814757333,883,694
LINX3,202002,GUAR3,0.844006240610668,642,694
LINX3,202002,IDNT3,0.817565673708773,233,694
LINX3,202003,AALR3,0.902523403527404,457,663
LINX3,202003,ALSO3,0.703316400835671,777,663
LINX3,202003,CPLE3,0.896791585651989,447,663
LINX3,202003,CYRE3,0.731859365742834,996,663
LINX3,202003,ECOR3,0.927016221244063,872,663
LINX3,202003,GUAR3,0.901855465234234,625,663
LINX3,202003,IDNT3,0.892630434473637,232,663
LINX3,202003,IRBR3,0.731456909571315,957,663
LINX3,202004,AALR3,0.930385337209441,408,609
LINX3,202004,CPLE3,0.949738292294821,445,609
LINX3,202004,ECOR3,0.937530966311434,895,609
LINX3,202004,GUAR3,0.899576281978877,566,609
LINX3,202004,IDNT3,0.874704334130103,231,609
LINX3,202005,AALR3,0.897811457802772,403,613
LINX3,202005,CPLE3,0.889314380837712,450,613
LINX3,202005,ECOR3,0.93488562902559,883,613
LINX3,202005,GUAR3,0.87868439694913,557,613
LINX3,202005,IDNT3,0.773698914526552,232,613
LINX3,202006,AALR3,0.845534812170235,395,641
LINX3,202006,CPLE3,0.932880679760627,458,641
LINX3,202006,ECOR3,0.921337448112064,919,641
LINX3,202006,GUAR3,0.866698722295056,581,641
LINX3,202006,IDNT3,0.821112591220729,249,641
LINX3,202007,AALR3,0.965345897093891,401,689
LINX3,202007,CPLE3,0.948379945192154,461,689
LINX3,202007,ECOR3,0.87307992321997,967,689
LINX3,202007,GUAR3,0.877537168268308,598,689
LINX3,202008,AALR3,0.940515790124794,402,698
LINX3,202008,ALSO3,0.72588382024963,810,698
LINX3,202008,CPLE3,0.937921252834682,465,698
LINX3,202008,ECOR3,0.903819850636776,993,698
LINX3,202008,GUAR3,0.897626774741791,574,698
LINX3,202009,AALR3,0.905503972596454,403,771
LINX3,202009,ALSO3,0.722880765852186,803,771
LINX3,202009,CPLE3,0.925980582391219,473,771
LINX3,202009,ECOR3,0.839968407928501,1017,771
LINX3,202010,CPLE3,0.824609185792868,485,767
LINX3,202102,ABEV3,0.724317593234245,1107,723
LINX3,202102,ALPK3,0.710940328735919,230,723
LINX3,202102,HGTX3,0.713677699721606,969,723
LINX3,202102,LIGT3,0.70836308646364,855,723
LINX3,202103,ABEV3,0.701273904262203,1126,744
LINX3,202103,ALPK3,0.72222486618063,231,744
LINX3,202103,HGTX3,0.724905307497158,1010,744
LINX3,202104,ABEV3,0.733253978072155,1144,758
LINX3,202104,ALPK3,0.737956600263632,232,758
LINX3,202104,BKBR3,0.721192164379053,711,758
LINX3,202104,HGTX3,0.748388611919334,1111,758
LINX3,202104,LIGT3,0.735651576047978,846,758
LINX3,202105,ABEV3,0.784243681440976,1164,724
LINX3,202105,ALPK3,0.797532931212296,239,724
LINX3,202105,ANIM3,0.726372846625327,806,724
LINX3,202105,BKBR3,0.774358366484713,720,724
LINX3,202105,BRML3,0.725993842826549,1212,724
LINX3,202105,HGTX3,0.8017668571566,1164,724
LINX3,202105,LIGT3,0.767623137806802,848,724
LJQQ3,202108,CBAV3,0.791137956232005,586,831
LJQQ3,202109,CBAV3,0.753319484420249,638,878
LLIS3,201702,BRGE3,0.908266415320145,133,26
LLIS3,201702,CCXC3,1,26,26
LLIS3,201702,CGRA3,0.907253934358121,135,26
LLIS3,201702,CRIV3,0.908266415320145,133,26
LLIS3,201702,CTNM4,0.907511818559915,134,26
LLIS3,201702,JOPA3,0.908266415320145,133,26
LLIS3,201712,BRGE3,0.909596681668935,128,20
LLIS3,201712,CRIV3,0.909596681668935,128,20
LLIS3,201712,CTNM4,0.909258419167855,129,20
LLIS3,201712,JOPA3,0.909596681668935,128,20
LLIS3,201801,BRGE3,0.836117025213509,125,32
LLIS3,201801,CRIV3,0.836117025213509,125,32
LLIS3,201801,CTNM4,0.836025282320305,126,32
LLIS3,201801,JOPA3,0.83611702521351,125,32
LLIS3,201808,ELET6,0.785079164180854,828,100
LLIS3,201809,ELET6,0.767243985631566,818,115
LLIS3,201810,BKBR3,0.729566053128641,81,116
LLIS3,201901,ELET6,0.756245790963681,873,159
LLIS3,201902,ELET6,0.731713505346573,924,165
LLIS3,201910,BRPR3,0.765354889540413,583,175
LLIS3,202107,BBRK3,0.746417425549903,442,300
LLIS3,202107,DMMO3,0.744813516113722,51,300
LLIS3,202108,BBRK3,0.869891380530484,389,239
LLIS3,202108,BMGB4,0.818631578347551,626,239
LLIS3,202109,BBRK3,0.753981463235881,383,238
LLIS3,202109,BMGB4,0.826286625312695,617,238
LLIS3,202110,BBRK3,0.780032703520701,387,242
LLIS3,202110,BMGB4,0.821237242328577,595,242
LLIS3,202111,BBRK3,0.763502552569077,382,236
LLIS3,202111,BMGB4,0.795430913368236,534,236
LLIS3,202112,BBRK3,0.805160638436941,379,220
LLIS3,202112,BMGB4,0.789702469596116,604,220
LOGG3,201901,BRPR3,0.899972487462831,488,761
LOGG3,201901,DIRR3,0.729055101705307,308,761
LOGG3,201901,LEVE3,0.844325747782594,342,761
LOGG3,201902,BRPR3,0.939121369406258,529,812
LOGG3,201902,ITSA3,0.727195073989542,320,812
LOGG3,201902,LEVE3,0.883169909041138,365,812
LOGG3,201903,BRPR3,0.928774328297783,461,772
LOGG3,201903,DIRR3,0.882842648978431,265,772
LOGG3,201903,LEVE3,0.873034056428857,300,772
LOGG3,201904,BRPR3,0.929886402287779,440,730
LOGG3,201904,DIRR3,0.970778854189013,210,730
LOGG3,201904,LEVE3,0.928222262896887,157,730
LOGG3,201905,BRPR3,0.903476717478251,439,607
LOGG3,201905,DIRR3,0.914413421682856,108,607
LOGG3,201905,LEVE3,0.845125617947141,151,607
LOGG3,201906,BRPR3,0.819332984694713,364,391
LOGG3,201906,DIRR3,0.887532156482009,116,391
LOGG3,201906,ITSA3,0.964622294436071,331,391
LOGG3,201906,LEVE3,0.834532646286904,132,391
LOGG3,201907,BRPR3,0.768001664049014,401,442
LOGG3,201907,DIRR3,0.911619035867551,362,442
LOGG3,201907,LEVE3,0.764248952703194,392,442
LOGG3,201908,DIRR3,0.804384031606612,514,480
LOGG3,202102,JHSF3,0.762271562109567,957,543
LOGG3,202109,GFSA3,0.823974574886124,495,560
LOGG3,202111,GFSA3,0.778952007429666,404,459
LOGG3,202112,GFSA3,0.736096121357813,498,615
LOGN3,201904,BPAN4,0.837027594786766,59,21
LOGN3,201904,JHSF3,0.843881287110958,49,21
LOGN3,201905,JHSF3,0.806287451437066,50,21
LOGN3,201906,BEEF11,0.840760673260261,83,21
LOGN3,201906,JHSF3,0.922176084398452,52,21
LOGN3,201907,BEEF11,0.844519457443674,82,20
LOGN3,201909,BEEF11,0.941842883131091,215,41
LOGN3,201909,HBOR3,0.728211649013241,223,41
LOGN3,201909,JHSF3,0.774507804504067,48,41
LOGN3,201910,BEEF11,0.916159876870765,217,47
LOGN3,201910,JHSF3,0.720538671562369,61,47
LOGN3,202005,AALR3,0.917064805554847,403,448
LOGN3,202005,CPLE3,0.944790757823061,450,448
LOGN3,202005,ECOR3,0.9256857381668,883,448
LOGN3,202005,GUAR3,0.827770310500933,557,448
LOGN3,202005,IDNT3,0.872234276433469,232,448
LOGN3,202005,LINX3,0.895952209830269,613,448
LOGN3,202006,AALR3,0.849624377341702,395,468
LOGN3,202006,CPLE3,0.929193271449646,458,468
LOGN3,202006,ECOR3,0.876282964568126,919,468
LOGN3,202006,GUAR3,0.848358365246641,581,468
LOGN3,202006,IDNT3,0.856702987211913,249,468
LOGN3,202006,LINX3,0.921415625310678,641,468
LOGN3,202007,AALR3,0.943380141032958,401,495
LOGN3,202007,CPLE3,0.935315400734981,461,495
LOGN3,202007,ECOR3,0.839429586854603,967,495
LOGN3,202007,GUAR3,0.853755864042161,598,495
LOGN3,202007,LINX3,0.949927062279357,689,495
LOGN3,202008,AALR3,0.927054226702782,402,466
LOGN3,202008,ALSO3,0.705381214384707,810,466
LOGN3,202008,CPLE3,0.924848408504609,465,466
LOGN3,202008,ECOR3,0.877924662712443,993,466
LOGN3,202008,GUAR3,0.828697144812736,574,466
LOGN3,202008,LINX3,0.909924351332,698,466
LOGN3,202009,AALR3,0.933815306916842,403,434
LOGN3,202009,ALSO3,0.737443351676903,803,434
LOGN3,202009,CPLE3,0.954605272779885,473,434
LOGN3,202009,ECOR3,0.843212029899907,1017,434
LOGN3,202009,LINX3,0.9081811138846,771,434
LOGN3,202010,AALR3,0.969209298575502,477,425
LOGN3,202010,ALSO3,0.771846573801692,811,425
LOGN3,202010,ECOR3,0.838702171784991,982,425
LOGN3,202011,AALR3,0.97236515248015,459,403
LOGN3,202102,LOGG3,0.718617679459037,543,329
LOGN3,202103,AVLL3,0.818034905503291,45,407
LOGN3,202103,BEEF11,0.819919710280544,197,407
LOGN3,202103,CARD3,0.71564222197558,90,407
LOGN3,202103,ETER3,0.819588713639334,164,407
LOGN3,202103,EUCA4,0.817048315360123,366,407
LOGN3,202103,JHSF3,0.797432355394258,996,407
LOGN3,202103,KEPL3,0.74585541983354,195,407
LOGN3,202103,LOGG3,0.734542102588628,563,407
LOGN3,202104,AVLL3,0.907089629669913,45,469
LOGN3,202104,BEEF11,0.910701069783707,200,469
LOGN3,202104,ETER3,0.910015590917541,228,469
LOGN3,202104,EUCA4,0.896706729380501,369,469
LOGN3,202104,GPCP3,0.870646888806932,37,469
LOGN3,202104,JHSF3,0.840302112740295,997,469
LOGN3,202104,KEPL3,0.823739244740408,197,469
LOGN3,202105,AVLL3,0.927087153505357,45,478
LOGN3,202105,BEEF11,0.930209392066308,206,478
LOGN3,202105,ETER3,0.929344170572332,236,478
LOGN3,202105,JHSF3,0.861198205265801,1001,478
LOGN3,202105,KEPL3,0.870256322532974,200,478
LOGN3,202106,AVLL3,0.922543574698649,48,489
LOGN3,202106,BEEF11,0.925692216892883,199,489
LOGN3,202106,ETER3,0.924806172135284,96,489
LOGN3,202106,JHSF3,0.832871247486203,1007,489
LOGN3,202106,KEPL3,0.883580222161304,214,489
LOGN3,202107,AVLL3,0.912661410487733,47,522
LOGN3,202107,BEEF11,0.915784262320906,199,522
LOGN3,202107,ETER3,0.92076176954673,83,522
LOGN3,202107,JHSF3,0.792952111461731,1020,522
LOGN3,202107,KEPL3,0.880322770459621,215,522
LOGN3,202108,AVLL3,0.767314559307124,47,478
LOGN3,202108,BEEF11,0.769972882122059,201,478
LOGN3,202108,ETER3,0.771388899729371,107,478
LOGN3,202108,KEPL3,0.765526468619295,216,478
LREN3,201805,GGBR4,0.736172722309018,944,898
LREN3,201807,B3SA3,0.72083674103769,1097,978
LREN3,201807,GGBR4,0.827471928917587,977,978
LREN3,201808,B3SA3,0.748261422791985,1112,1003
LREN3,201808,GGBR4,0.754383543466464,993,1003
LREN3,201809,B3SA3,0.755029489758151,1105,1016
LREN3,201809,GGBR4,0.713035185160292,965,1016
LREN3,201810,B3SA3,0.761326632155823,1084,1012
LREN3,201810,HAPV3,0.744299973733911,689,1012
LREN3,201811,B3SA3,0.737077861149935,1088,1059
LREN3,201811,GGBR4,0.72892368698808,989,1059
LREN3,201811,HAPV3,0.72136417227385,716,1059
LREN3,201812,B3SA3,0.715978509610604,1107,1060
LREN3,201812,HAPV3,0.703726849987456,731,1060
LREN3,201901,HAPV3,0.722460980737735,746,1073
LREN3,201902,CESP6,0.704914596034416,775,1094
LREN3,201902,HAPV3,0.804401726838063,803,1094
LREN3,201902,ITSA4,0.719105382624128,1044,1094
LREN3,201903,HAPV3,0.862662724814286,766,1125
LREN3,201904,HAPV3,0.815496143543031,810,1104
LREN3,201905,CESP6,0.732153122174327,820,1095
LREN3,201905,HAPV3,0.781343910109339,778,1095
LREN3,201905,ITUB4,0.732337201781488,1086,1095
LREN3,201906,BRFS3,0.770478575114589,949,1098
LREN3,201906,CESP6,0.713157198657629,844,1098
LREN3,201906,HAPV3,0.777812789945046,780,1098
LREN3,201907,B3SA3,0.704582318151023,1157,1101
LREN3,201907,BPAC11,0.720591184122023,793,1101
LREN3,201907,BRFS3,0.810242946051566,973,1101
LREN3,201907,BRSR6,0.724811014272793,657,1101
LREN3,201907,CESP6,0.764122626232707,882,1101
LREN3,201907,EUCA4,0.72009641797032,402,1101
LREN3,201907,GOAU4,0.733002920903791,911,1101
LREN3,201907,HAPV3,0.807322746435105,837,1101
LREN3,201908,BRDT3,0.746821140433756,1088,1137
LREN3,201908,BRFS3,0.786052768516031,981,1137
LREN3,201908,CESP6,0.713322837805899,876,1137
LREN3,201908,HAPV3,0.841579575219848,950,1137
LREN3,201909,B3SA3,0.760640541882872,1173,1145
LREN3,201909,BRDT3,0.822782707716411,1115,1145
LREN3,201909,BRFS3,0.735280912749281,995,1145
LREN3,201909,CESP6,0.72734437867261,841,1145
LREN3,201909,HAPV3,0.854378225860117,1000,1145
LREN3,201910,B3SA3,0.75188938450566,1200,1146
LREN3,201910,BRDT3,0.785978933207996,1132,1146
LREN3,201910,CESP6,0.712901880839827,873,1146
LREN3,201910,HAPV3,0.816575732030035,1031,1146
LREN3,201910,ITUB4,0.71605479440968,1120,1146
LREN3,201911,B3SA3,0.744385138994818,1176,1140
LREN3,202001,HAPV3,0.722314842990383,939,1131
LREN3,202002,B3SA3,0.75250363897019,1198,1148
LREN3,202003,B3SA3,0.736146145619406,1236,1195
LREN3,202004,HAPV3,0.7206540351389,1059,1211
LREN3,202103,GGBR4,0.805893756493716,1268,1282
LREN3,202103,ITUB4,0.701803662173623,1320,1282
LREN3,202104,GNDI3,0.743902636386313,1472,1368
LREN3,202105,B3SA3,0.809098858960983,1482,1491
LREN3,202105,GNDI3,0.728180223222272,1477,1491
LREN3,202109,HAPV3,0.704910588830036,1391,1520
LUPA3,201702,BRGE3,0.721008610706236,133,27
LUPA3,201702,CCXC3,0.793829429938896,26,27
LUPA3,201702,CGRA3,0.720204873521328,135,27
LUPA3,201702,CRIV3,0.721008610706236,133,27
LUPA3,201702,CTNM4,0.720409589590228,134,27
LUPA3,201702,JOPA3,0.721008610706235,133,27
LUPA3,201702,LLIS3,0.793829429938896,26,27
LUPA3,202104,ATOM3,0.886386475413531,22,24
LUPA3,202104,AZEV3,0.913051986468673,23,24
LUPA3,202104,IGBR3,0.886386475413531,22,24
LUPA3,202104,INEP3,0.886386475413531,22,24
LUPA3,202106,ATOM3,0.990652607852603,23,25
LUPA3,202106,BSEV3,0.990535048840908,23,25
LUPA3,202106,IGBR3,0.990652607852603,23,25
LUPA3,202106,INEP3,0.990652607852603,23,25
LUPA3,202107,ATOM3,0.992870164710672,22,23
LUPA3,202107,AZEV4,0.992870164710673,22,23
LUPA3,202107,BSEV3,0.992769985803194,22,23
LUPA3,202107,INEP3,0.992870164710672,22,23
LUPA3,202109,AMAR3,0.811211059752968,547,34
LUPA3,202110,AZEV4,0.993850015556253,34,23
LUPA3,202110,DMMO3,0.999864632820004,49,23
LWSA3,202010,DTEX3,0.71766382370789,587,746
MAGG3,201702,BRPR3,0.779226872734972,374,237
MAGG3,201702,CMIG3,0.864836205084162,193,237
MAGG3,201702,IDNT3,0.819338090766829,216,237
MAGG3,201703,CGRA4,0.908151288706667,148,238
MAGG3,201703,FESA4,0.798897240104622,26,238
MAGG3,201704,CGRA4,0.849929773588661,151,463
MAGG3,201704,FESA4,0.761173977493528,27,463
MAGG3,201704,ITSA3,0.749505211001441,54,463
MAGG3,201705,IDNT3,0.708692226610719,215,456
MAGG3,201706,IDNT3,0.760986316389303,213,448
MAGG3,201707,CMIG3,0.930315642456945,262,412
MAGG3,201707,IDNT3,0.860879250478412,199,412
MAGG3,201709,CPRE3,0.738069275767146,412,442
MAGG3,201710,IDNT3,0.742473474949433,202,466
MAGG3,201711,CPRE3,0.703144163569326,412,468
MAGG3,201803,IDNT3,0.731795314260862,40,207
MAGG3,201804,CPLE3,0.724245721392798,392,423
MAGG3,201804,IDNT3,0.795579165548456,197,423
MAGG3,201805,IDNT3,0.713980959750404,200,413
MAGG3,201807,IDNT3,0.748956019332023,221,225
MAGG3,201808,ELPL3,0.807323525615974,234,221
MAGG3,201808,IDNT3,0.723014051764549,225,221
MAGG3,201809,CPLE3,0.761514969831958,417,211
MAGG3,201809,ELPL3,0.748209916042058,199,211
MAGG3,201809,IDNT3,0.763428420743503,229,211
MAGG3,201810,CPLE3,0.847062797405833,424,214
MAGG3,201810,ELPL3,0.907776669466844,204,214
MAGG3,201810,IDNT3,0.782609435575714,232,214
MAGG3,201811,CPLE3,0.921905958147585,414,208
MAGG3,201811,ELPL3,0.978927303581216,213,208
MAGG3,201811,IDNT3,0.754429074247341,236,208
MAGG3,201812,CPLE3,0.932097485724442,388,210
MAGG3,201812,IDNT3,0.780300179077953,240,210
MAGG3,201901,CPLE3,0.933920331746025,386,205
MAGG3,201901,IDNT3,0.764033848147864,240,205
MATD3,202111,CRDE3,0.731345513096249,404,622
MATD3,202111,EQPA3,0.708718633547226,223,622
MATD3,202112,CRDE3,0.716230049237863,433,644
MBLY3,202103,CSED3,0.717994591826025,611,577
MBLY3,202104,CSED3,0.745934125403031,675,615
MBLY3,202107,BIDI11,0.720241791203342,1333,550
MBLY3,202107,BRDT3,0.708208474805046,1404,550
MBLY3,202108,BRDT3,0.717933812662789,1516,570
MBLY3,202111,BIDI3,0.732914760961813,413,346
MBLY3,202111,BIDI4,0.750273621982258,1175,346
MBLY3,202111,CSED3,0.728171431104418,612,346
MBLY3,202111,GUAR3,0.882412137164683,618,346
MBLY3,202111,HBOR3,0.921289836568361,503,346
MBLY3,202111,LAME4,0.855982370583797,1227,346
MBLY3,202111,LCAM3,0.751897008807055,1376,346
MBLY3,202112,BIDI3,0.733530987603515,441,364
MBLY3,202112,BIDI4,0.743226862921147,1110,364
MBLY3,202112,GUAR3,0.876470642248915,668,364
MBLY3,202112,HBOR3,0.916331432655589,654,364
MBLY3,202112,LAME4,0.889716905578691,1255,364
MBLY3,202112,LCAM3,0.731537763256825,1392,364
MDIA3,201710,CPRE3,0.7581266505624,413,571
MDIA3,202103,BEEF3,0.728775276305609,1009,614
MDIA3,202103,DMMO3,0.786810968811593,283,614
MDIA3,202105,AALR3,0.768185817381994,421,635
MDNE3,202005,EVEN3,0.756864846252785,530,544
MDNE3,202006,EVEN3,0.703852402074792,575,550
MDNE3,202109,CSED3,0.726773274502186,568,547
MDNE3,202110,CSED3,0.705284603863296,564,548
MEAL3,201711,BRPR3,0.727364630523941,422,510
MEAL3,201712,BRPR3,0.784366486339176,422,527
MEAL3,201712,CMIG3,0.819540371409135,312,527
MEAL3,201801,BKBR3,0.73021203759973,369,525
MEAL3,201801,CMIG3,0.789486671769474,313,525
MEAL3,201802,CMIG3,0.718764705656293,340,419
MEAL3,201803,CMIG3,0.806959132442699,301,415
MEAL3,201804,CMIG3,0.861663994010315,401,553
MEAL3,201804,IDNT3,0.764396059082389,197,553
MEAL3,201805,CMIG3,0.839454136290656,551,552
MEAL3,201805,IDNT3,0.73830072726092,200,552
MEAL3,201806,CMIG3,0.847019323174297,554,547
MEAL3,201806,IDNT3,0.755612645850884,202,547
MEAL3,201806,JBSS3,0.732196971471043,788,547
MEAL3,201806,KROT3,0.819630553483616,814,547
MEAL3,201807,CMIG3,0.870913116174875,563,560
MEAL3,201807,IDNT3,0.771908557943739,221,560
MEAL3,201807,JBSS3,0.745739044619432,814,560
MEAL3,201808,CMIG3,0.877406989738406,558,560
MEAL3,201808,CSMG3,0.758516533351163,638,560
MEAL3,201809,AALR3,0.73995383935649,479,545
MEAL3,201809,CMIG3,0.92989313522741,550,545
MEAL3,201809,CSMG3,0.723490761849973,650,545
MEAL3,201809,IDNT3,0.735151112951506,229,545
MEAL3,201809,KROT3,0.745488938415091,796,545
MEAL3,201809,LIGT3,0.772746735455128,609,545
MEAL3,201809,LINX3,0.818534882948366,591,545
MEAL3,201810,BRDT3,0.76672937725114,517,412
MEAL3,201810,CMIG3,0.866591903398706,552,412
MEAL3,201810,CSMG3,0.758840179400058,646,412
MEAL3,201810,DTEX3,0.798371423407064,515,412
MEAL3,201810,GUAR3,0.796965582130499,370,412
MEAL3,201810,IDNT3,0.721816299982251,232,412
MEAL3,201810,JBSS3,0.72348639248797,796,412
MEAL3,201810,LINX3,0.7051260687494,598,412
MEAL3,201811,BRDT3,0.79858303010835,764,435
MEAL3,201811,CMIG3,0.865731012578672,660,435
MEAL3,201811,CRFB3,0.714526757341436,625,435
MEAL3,201811,CSMG3,0.767217794490161,745,435
MEAL3,201811,DTEX3,0.873984383300297,609,435
MEAL3,201811,GUAR3,0.715006665883954,449,435
MEAL3,201812,AALR3,0.735979880620269,481,437
MEAL3,201812,BRDT3,0.841120816666567,827,437
MEAL3,201812,CMIG3,0.924582064853802,614,437
MEAL3,201812,CRFB3,0.833961710527146,667,437
MEAL3,201812,CSMG3,0.78751476292327,738,437
MEAL3,201812,DTEX3,0.882328302974388,625,437
MEAL3,201812,GUAR3,0.801524264457745,465,437
MEAL3,201812,KROT3,0.805161080166986,859,437
MEAL3,201812,LINX3,0.725057600266045,740,437
MEAL3,201901,AALR3,0.874316046076192,456,462
MEAL3,201901,BPAC11,0.837190711716117,490,462
MEAL3,201901,BRDT3,0.787303913120945,880,462
MEAL3,201901,CCRO3,0.813667884127944,894,462
MEAL3,201901,CMIG3,0.929465433285723,616,462
MEAL3,201901,CSMG3,0.720947936513548,678,462
MEAL3,201901,DTEX3,0.905168386001051,614,462
MEAL3,201901,GUAR3,0.852633710768581,540,462
MEAL3,201901,KROT3,0.851865000527553,864,462
MEAL3,201901,LINX3,0.736524612771405,724,462
MEAL3,201902,AALR3,0.84700038175396,464,498
MEAL3,201902,BPAC11,0.785412501845611,559,498
MEAL3,201902,CCRO3,0.772365353631471,924,498
MEAL3,201902,CMIG3,0.926709804560831,647,498
MEAL3,201902,DTEX3,0.901957288191245,669,498
MEAL3,201902,ELET3,0.827035663421823,946,498
MEAL3,201902,GUAR3,0.803748125800398,561,498
MEAL3,201902,KROT3,0.807331998177243,924,498
MEAL3,201903,AALR3,0.866162296986526,476,455
MEAL3,201903,BPAC11,0.765155552347695,552,455
MEAL3,201903,CCRO3,0.771985844820759,908,455
MEAL3,201903,CMIG3,0.920396294529094,658,455
MEAL3,201903,DTEX3,0.871105254227302,573,455
MEAL3,201903,ELET3,0.843330211475365,973,455
MEAL3,201903,GUAR3,0.775253269370587,513,455
MEAL3,201903,LINX3,0.709224937906597,740,455
MEAL3,201904,AALR3,0.802006935540255,476,407
MEAL3,201904,CCRO3,0.755786156461093,911,407
MEAL3,201904,CMIG3,0.925651788264068,659,407
MEAL3,201904,DTEX3,0.883851070139155,573,407
MEAL3,201904,ECOR3,0.716307623284394,775,407
MEAL3,201904,ENBR3,0.750110406584454,860,407
MEAL3,201904,GUAR3,0.78526171858771,516,407
MEAL3,201904,LINX3,0.774897776249016,775,407
MEAL3,201905,AALR3,0.757746543220139,482,408
MEAL3,201905,CCRO3,0.703062408057375,927,408
MEAL3,201905,CPLE3,0.888134490611313,446,408
MEAL3,201905,DTEX3,0.907857947270571,476,408
MEAL3,201905,ECOR3,0.732045376988531,791,408
MEAL3,201905,GUAR3,0.911338387003588,447,408
MEAL3,201905,LINX3,0.790175708748401,729,408
MEAL3,201906,AALR3,0.715731384967893,479,407
MEAL3,201906,CCRO3,0.79395958155953,869,407
MEAL3,201906,CMIG3,0.738329541304691,670,407
MEAL3,201906,CPLE3,0.888605162247146,408,407
MEAL3,201906,DTEX3,0.934656709415665,492,407
MEAL3,201906,ECOR3,0.801839378178601,798,407
MEAL3,201906,GUAR3,0.902618690607773,434,407
MEAL3,201906,LINX3,0.798576479557848,753,407
MEAL3,201907,AALR3,0.821863096755843,480,485
MEAL3,201907,ALSC3,0.834995753956915,640,485
MEAL3,201907,CMIG3,0.780778815330051,678,485
MEAL3,201907,CPFE3,0.745466077967629,912,485
MEAL3,201907,CPLE3,0.784176363481777,408,485
MEAL3,201907,DTEX3,0.920635625468359,584,485
MEAL3,201907,ECOR3,0.81630641209708,814,485
MEAL3,201907,ELET3,0.818776492360778,958,485
MEAL3,201907,GUAR3,0.893865797732864,482,485
MEAL3,201907,LINX3,0.786282621489674,825,485
MEAL3,201908,AALR3,0.784974078513565,473,601
MEAL3,201908,CMIG3,0.788767589299588,664,601
MEAL3,201908,CPLE3,0.783876516529786,410,601
MEAL3,201908,DTEX3,0.925575320657843,665,601
MEAL3,201908,ECOR3,0.840099258707123,867,601
MEAL3,201908,ELET3,0.821673657287274,949,601
MEAL3,201908,GUAR3,0.924677760630279,667,601
MEAL3,201908,LINX3,0.81053327542658,760,601
MEAL3,201909,AALR3,0.865355414710963,474,573
MEAL3,201909,ALSO3,0.844122602857621,666,573
MEAL3,201909,CPLE3,0.870431660309422,413,573
MEAL3,201909,DTEX3,0.924871707976858,650,573
MEAL3,201909,ECOR3,0.803538573455485,875,573
MEAL3,201909,GUAR3,0.916189038710818,641,573
MEAL3,201910,AALR3,0.844153175244695,473,572
MEAL3,201910,ALSO3,0.840522000498178,682,572
MEAL3,201910,CPLE3,0.871439686219462,409,572
MEAL3,201910,DTEX3,0.881303110210245,624,572
MEAL3,201910,ECOR3,0.77080161636213,878,572
MEAL3,201910,GUAR3,0.890894962220389,571,572
MEAL3,201911,AALR3,0.853528276644943,404,532
MEAL3,201911,ALSO3,0.841090555736012,698,532
MEAL3,201911,BPAC11,0.762665099909503,940,532
MEAL3,201911,CIEL3,0.916649185075089,840,532
MEAL3,201911,CPLE3,0.922234707261101,326,532
MEAL3,201911,DTEX3,0.842667428024441,574,532
MEAL3,201911,ECOR3,0.890114551826178,875,532
MEAL3,201911,GUAR3,0.88854808925198,513,532
MEAL3,201911,IDNT3,0.799432647346132,222,532
MEAL3,201911,LINX3,0.826907986844608,670,532
MEAL3,201912,AALR3,0.823749295904363,414,537
MEAL3,201912,ALSO3,0.722568426888045,706,537
MEAL3,201912,CIEL3,0.892276669984222,859,537
MEAL3,201912,CPLE3,0.931943567420166,331,537
MEAL3,201912,CYRE3,0.788986195252638,937,537
MEAL3,201912,DTEX3,0.748139674582391,563,537
MEAL3,201912,ECOR3,0.860514870371819,836,537
MEAL3,201912,GUAR3,0.879269429797643,528,537
MEAL3,201912,IDNT3,0.828500042065269,228,537
MEAL3,201912,LINX3,0.879664816025382,669,537
MEAL3,202001,AALR3,0.885502943197666,458,551
MEAL3,202001,ALSO3,0.746225554214258,841,551
MEAL3,202001,CPLE3,0.93917341716589,421,551
MEAL3,202001,CYRE3,0.760447749795163,948,551
MEAL3,202001,ECOR3,0.834951541709427,856,551
MEAL3,202001,GUAR3,0.861060609040657,614,551
MEAL3,202001,IDNT3,0.822653820621541,232,551
MEAL3,202001,LINX3,0.901522498485968,679,551
MEAL3,202002,AALR3,0.944152633487155,460,557
MEAL3,202002,CPLE3,0.958021215660925,451,557
MEAL3,202002,CYRE3,0.714594743626814,968,557
MEAL3,202002,ECOR3,0.878182814458031,883,557
MEAL3,202002,GUAR3,0.889384328511058,642,557
MEAL3,202002,IDNT3,0.880936620768648,233,557
MEAL3,202002,LINX3,0.884930488662696,694,557
MEAL3,202003,AALR3,0.935645705683852,457,537
MEAL3,202003,CPLE3,0.969477488692421,447,537
MEAL3,202003,CYRE3,0.70567374797249,996,537
MEAL3,202003,ECOR3,0.957071920640054,872,537
MEAL3,202003,GUAR3,0.915408050025991,625,537
MEAL3,202003,IDNT3,0.920276182015087,232,537
MEAL3,202003,IRBR3,0.757840007976202,957,537
MEAL3,202003,LINX3,0.9215977244301,663,537
MEAL3,202004,AALR3,0.935002849709231,408,524
MEAL3,202004,CPLE3,0.97799230881633,445,524
MEAL3,202004,ECOR3,0.93953568945955,895,524
MEAL3,202004,GUAR3,0.902004739083697,566,524
MEAL3,202004,IDNT3,0.89455477922526,231,524
MEAL3,202004,LINX3,0.953134505064372,609,524
MEAL3,202005,AALR3,0.943130535126695,403,488
MEAL3,202005,CPLE3,0.980077861975424,450,488
MEAL3,202005,ECOR3,0.963994936525291,883,488
MEAL3,202005,GUAR3,0.852819452668145,557,488
MEAL3,202005,IDNT3,0.892332057551246,232,488
MEAL3,202005,LINX3,0.902133696090967,613,488
MEAL3,202005,LOGN3,0.938837359686907,448,488
MEAL3,202006,AALR3,0.877867903116255,395,484
MEAL3,202006,CPLE3,0.973810904247447,458,484
MEAL3,202006,ECOR3,0.917989438644962,919,484
MEAL3,202006,GUAR3,0.858832950245229,581,484
MEAL3,202006,IDNT3,0.90742578625365,249,484
MEAL3,202006,LINX3,0.952469385045514,641,484
MEAL3,202006,LOGN3,0.927728141877694,468,484
MEAL3,202007,AALR3,0.940661762919004,401,508
MEAL3,202007,CPLE3,0.991049729988059,461,508
MEAL3,202007,ECOR3,0.866006291732689,967,508
MEAL3,202007,GUAR3,0.843221895178405,598,508
MEAL3,202007,LINX3,0.955684913881082,689,508
MEAL3,202007,LOGN3,0.930484192770273,495,508
MEAL3,202008,AALR3,0.968241568736451,402,551
MEAL3,202008,ALSO3,0.740371257255731,810,551
MEAL3,202008,CPLE3,0.987423593577675,465,551
MEAL3,202008,ECOR3,0.921256340999148,993,551
MEAL3,202008,GUAR3,0.873290062445456,574,551
MEAL3,202008,LINX3,0.951784578815501,698,551
MEAL3,202008,LOGN3,0.931303993091733,466,551
MEAL3,202009,AALR3,0.970242604568897,403,512
MEAL3,202009,ALSO3,0.761425048025145,803,512
MEAL3,202009,CPLE3,0.990142592442174,473,512
MEAL3,202009,ECOR3,0.855113507573611,1017,512
MEAL3,202009,LINX3,0.919719200046358,771,512
MEAL3,202009,LOGN3,0.953649683406998,434,512
MEAL3,202010,AALR3,0.995354075055415,477,515
MEAL3,202010,ALSO3,0.774117395182219,811,515
MEAL3,202010,ECOR3,0.834588835398171,982,515
MEAL3,202010,LOGN3,0.977135401952519,425,515
MEAL3,202011,AALR3,0.851610143239182,459,505
MEAL3,202011,ALSO3,0.819821693871875,782,505
MEAL3,202011,LOGN3,0.847466257807304,403,505
MEAL3,202012,ALSO3,0.777538815799492,782,492
MEAL3,202012,BRPR3,0.703056061790093,481,492
MEAL3,202101,BBDC3,0.757983969554632,1007,503
MEAL3,202101,BRPR3,0.926692694323932,487,503
MEAL3,202101,DIRR3,0.878409095987837,503,503
MEAL3,202101,LEVE3,0.924886334275695,294,503
MEAL3,202102,BBDC3,0.816896237209359,1039,480
MEAL3,202102,BRPR3,0.933586219966464,486,480
MEAL3,202102,CCPR3,0.780811526350989,550,480
MEAL3,202102,DIRR3,0.930752236238584,523,480
MEAL3,202102,LEVE3,0.949291099790738,415,480
MEAL3,202103,BBDC3,0.750111660594201,1087,482
MEAL3,202103,BRPR3,0.936971716626432,554,482
MEAL3,202103,CCPR3,0.810572637229857,573,482
MEAL3,202103,DIRR3,0.931845846702145,472,482
MEAL3,202103,LEVE3,0.968905507155765,510,482
MEAL3,202104,BRPR3,0.932590551668869,615,539
MEAL3,202104,CCPR3,0.833855706528176,587,539
MEAL3,202104,DIRR3,0.935488033676252,544,539
MEAL3,202104,LEVE3,0.98035863436913,549,539
MEAL3,202105,BRPR3,0.921064430525439,576,536
MEAL3,202105,CCPR3,0.799644864259876,529,536
MEAL3,202105,DIRR3,0.908334818592724,547,536
MEAL3,202105,EVEN3,0.754638520369349,676,536
MEAL3,202105,LEVE3,0.972943485028092,547,536
MEAL3,202106,BRPR3,0.948564038814147,586,525
MEAL3,202106,CCPR3,0.834488742905259,445,525
MEAL3,202106,DIRR3,0.877055524901267,583,525
MEAL3,202106,EVEN3,0.822527124226398,713,525
MEAL3,202106,LEVE3,0.764249809229273,595,525
MEAL3,202107,BRPR3,0.950668537430585,586,564
MEAL3,202107,CCPR3,0.778978929932622,446,564
MEAL3,202107,DIRR3,0.89756334795541,609,564
MEAL3,202107,EVEN3,0.845166664731558,673,564
MEAL3,202108,BRPR3,0.937089060231782,558,511
MEAL3,202108,CCPR3,0.770227715871621,504,511
MEAL3,202108,DIRR3,0.706369674851776,635,511
MEAL3,202108,EVEN3,0.856096527092002,689,511
MEAL3,202109,BRPR3,0.9255448918938,587,528
MEAL3,202109,EVEN3,0.899548490605403,697,528
MEAL3,202110,BRPR3,0.883593693826359,603,472
MEAL3,202110,EVEN3,0.921772940988413,698,472
MEAL3,202111,BRPR3,0.909683079276486,573,419
MEAL3,202111,EVEN3,0.942017422814807,679,419
MEAL3,202112,BBDC3,0.706696588000923,1154,517
MEAL3,202112,BRPR3,0.873176150390656,626,517
MEAL3,202112,EVEN3,0.923868633158249,730,517
MELK3,202010,BRFS3,0.85926116451325,999,545
MELK3,202010,CMIG3,0.872446459234602,541,545
MELK3,202010,GOAU3,0.782895806991724,452,545
MELK3,202010,GOAU4,0.824574340859593,1056,545
MELK3,202010,ITSA3,0.744035312456529,354,545
MELK3,202011,BRFS3,0.859651236926337,994,470
MELK3,202011,BTOW3,0.760599507917481,982,470
MELK3,202011,CMIG3,0.889805649268312,534,470
MELK3,202011,ECOR3,0.72940454439125,965,470
MELK3,202011,GOAU3,0.812302118523343,448,470
MELK3,202011,GOAU4,0.835579452991223,1059,470
MELK3,202011,ITSA3,0.770371471972922,348,470
MELK3,202012,AERI3,0.848010865850621,575,473
MELK3,202012,BRFS3,0.77394133824343,1019,473
MELK3,202012,BTOW3,0.792038319488006,972,473
MELK3,202012,CMIG3,0.88251981989688,524,473
MELK3,202012,ECOR3,0.865979379735283,990,473
MELK3,202012,GOAU3,0.799669802486106,498,473
MELK3,202012,GOAU4,0.824230671115104,1059,473
MELK3,202012,ITSA3,0.77670487468772,354,473
MELK3,202101,AERI3,0.832609476955141,573,469
MELK3,202101,BRFS3,0.724639427328975,1083,469
MELK3,202101,CMIG3,0.888691993932455,526,469
MELK3,202101,ECOR3,0.875150834686479,1029,469
MELK3,202101,GOAU3,0.800177919791601,501,469
MELK3,202101,GOAU4,0.833442682664582,1099,469
MELK3,202101,ITSA3,0.78878472383455,356,469
MELK3,202105,DMVF3,0.723662011523469,255,491
MELK3,202110,BRPR3,0.743256760811481,603,434
MELK3,202110,EVEN3,0.763062565066549,698,434
MELK3,202110,MEAL3,0.73626144309585,472,434
MELK3,202111,BRPR3,0.714741979515664,573,376
MELK3,202111,EVEN3,0.749052612921151,679,376
MELK3,202111,MEAL3,0.713708341557869,419,376
MELK3,202112,BRPR3,0.713529159744477,626,368
MELK3,202112,EVEN3,0.755219153288031,730,368
MELK3,202112,MEAL3,0.73809605063629,517,368
MGEL4,201702,BRGE3,1,133,133
MGEL4,201702,CCXC3,0.908266415320145,26,133
MGEL4,201702,CGRA3,0.99888525993591,135,133
MGEL4,201702,CRIV3,1,133,133
MGEL4,201702,CTNM4,0.999169190066369,134,133
MGEL4,201702,JOPA3,1,133,133
MGEL4,201702,LLIS3,0.908266415320145,26,133
MGEL4,201702,LUPA3,0.721008610706236,27,133
MGLU3,201705,GOLL4,0.767340405549692,206,213
MGLU3,201804,GGBR4,0.724249001144877,912,913
MGLU3,201911,HAPV3,0.761480389762172,943,1088
MGLU3,202008,B3SA3,0.700736020510377,1291,1261
MGLU3,202009,B3SA3,0.737172171312026,1292,1296
MGLU3,202010,B3SA3,0.730451511519467,1290,1308
MGLU3,202012,LJQQ3,0.74738596614828,725,1243
MGLU3,202101,B3SA3,0.733949782494318,1423,1259
MILS3,201705,AALR3,0.718326092067476,377,315
MILS3,201705,BRPR3,0.792308296452038,445,315
MILS3,201708,BRPR3,0.70050143324708,509,224
MILS3,201709,CMIG3,0.71664121936489,271,225
MILS3,201809,CESP3,0.782049009116309,102,204
MILS3,201811,AGRO3,0.781786073969985,381,184
MILS3,201902,JHSF3,0.840241551631715,48,268
MILS3,201903,BPAN4,0.775910274601144,61,212
MILS3,201903,JHSF3,0.781849414347525,49,212
MILS3,201904,BPAN4,0.761650282755422,59,214
MILS3,201904,JHSF3,0.765958992547237,49,214
MILS3,201905,JHSF3,0.703145036792134,50,217
MILS3,201906,BEEF11,0.718745265640327,83,339
MILS3,201906,JHSF3,0.771785298075771,52,339
MILS3,201906,LOGN3,0.771167470288907,21,339
MILS3,201907,LOGN3,0.735412140844084,20,375
MILS3,201909,BEEF11,0.710017151877464,215,506
MILS3,201909,LOGN3,0.75450732329527,41,506
MILS3,201910,BEEF11,0.758714310366373,217,495
MILS3,201910,LOGN3,0.7891310423735,47,495
MILS3,202006,BEEF11,0.771787366600166,146,441
MILS3,202006,CARD3,0.722238759427787,51,441
MILS3,202006,CLSC4,0.786879559190496,31,441
MILS3,202006,EUCA4,0.791549618467614,315,441
MILS3,202007,BEEF11,0.788699620294244,149,469
MILS3,202007,CARD3,0.728308068822289,57,469
MILS3,202007,CLSC4,0.79854526343975,31,469
MILS3,202007,EUCA4,0.804977811269053,323,469
MILS3,202007,KEPL3,0.727644912480573,35,469
MILS3,202011,BEEF11,0.701020127828054,162,406
MILS3,202011,EUCA4,0.707340311132225,351,406
MILS3,202101,AVLL3,0.721995901888031,45,331
MILS3,202102,AVLL3,0.856324768593338,45,323
MILS3,202102,BEEF11,0.837662221413539,194,323
MILS3,202102,CARD3,0.70821432707027,250,323
MILS3,202102,ETER3,0.837757690731256,185,323
MILS3,202102,EUCA4,0.844127933176243,365,323
MILS3,202102,JHSF3,0.761079674091315,957,323
MILS3,202103,AVLL3,0.959016209617506,45,392
MILS3,202103,BEEF11,0.951209982428568,197,392
MILS3,202103,CARD3,0.829541911219113,90,392
MILS3,202103,ETER3,0.950928672331248,164,392
MILS3,202103,EUCA4,0.953824136543337,366,392
MILS3,202103,JHSF3,0.891493167443652,996,392
MILS3,202103,KEPL3,0.864387143659346,195,392
MILS3,202103,LOGN3,0.812433778275942,407,392
MILS3,202104,AVLL3,0.938086606763893,45,489
MILS3,202104,BEEF11,0.925301532700364,200,489
MILS3,202104,ETER3,0.924970556749697,228,489
MILS3,202104,EUCA4,0.926548274146994,369,489
MILS3,202104,GPCP3,0.884850977029737,37,489
MILS3,202104,JHSF3,0.838479035111473,997,489
MILS3,202104,KEPL3,0.83672503595759,197,489
MILS3,202104,LOGN3,0.876118051976436,469,489
MILS3,202105,AVLL3,0.974325998818689,45,499
MILS3,202105,BEEF11,0.967948637606828,206,499
MILS3,202105,ETER3,0.967588090273706,236,499
MILS3,202105,JHSF3,0.878708355475827,1001,499
MILS3,202105,KEPL3,0.90533579153782,200,499
MILS3,202105,LOGN3,0.918938886449344,478,499
MILS3,202106,AVLL3,0.956620588914476,48,497
MILS3,202106,BEEF11,0.948210923337414,199,497
MILS3,202106,ETER3,0.947987931282847,96,497
MILS3,202106,JHSF3,0.845985701655534,1007,497
MILS3,202106,KEPL3,0.904960990124964,214,497
MILS3,202106,LOGN3,0.904601023950225,489,497
MILS3,202107,AVLL3,0.952466732496185,47,563
MILS3,202107,BEEF11,0.944735656326926,199,563
MILS3,202107,ETER3,0.944996885172823,83,563
MILS3,202107,JHSF3,0.819570729488272,1020,563
MILS3,202107,KEPL3,0.908954833764792,215,563
MILS3,202107,LOGN3,0.901543123086833,522,563
MILS3,202108,AVLL3,0.943473658277432,47,534
MILS3,202108,BEEF11,0.93389428864331,201,534
MILS3,202108,ETER3,0.933613199754739,107,534
MILS3,202108,JHSF3,0.793435841927668,1027,534
MILS3,202108,KEPL3,0.922097185903871,216,534
MILS3,202108,LOGN3,0.76183831803247,478,534
MILS3,202108,LWSA3,0.711958874645544,1180,534
MILS3,202109,AVLL3,0.839379402229301,48,566
MILS3,202109,BEEF11,0.818623042040385,201,566
MILS3,202109,ETER3,0.818198252086625,108,566
MILS3,202109,KEPL3,0.808210192408206,215,566
MILS3,202110,AVLL3,0.825422109711324,33,436
MILS3,202110,BEEF11,0.797193779240591,202,436
MILS3,202110,ETER3,0.798430535892531,99,436
MILS3,202110,EUCA4,0.81523122592076,348,436
MILS3,202110,KEPL3,0.789373193013259,522,436
MILS3,202111,AVLL3,0.935059967351048,34,403
MILS3,202111,BEEF11,0.910752276767834,190,403
MILS3,202111,ETER3,0.911755354886729,95,403
MILS3,202111,EUCA4,0.919912779163707,352,403
MILS3,202111,JHSF3,0.790808817479491,1151,403
MILS3,202111,KEPL3,0.886057768698722,482,403
MILS3,202112,AVLL3,0.856376989036377,35,571
MILS3,202112,ETER3,0.817395776131191,86,571
MILS3,202112,EUCA4,0.833180036580891,365,571
MILS3,202112,JHSF3,0.730018177518706,1131,571
MILS3,202112,KEPL3,0.81011119606609,547,571
MLAS3,202110,ASAI3,0.770117223681898,1294,667
MLAS3,202111,ASAI3,0.770801527221062,1292,666
MLFT4,201702,CSMG3,0.74168603873501,727,453
MLFT4,201702,EMBR3,0.816838718762522,789,453
MLFT4,201702,LINX3,0.841296397147841,574,453
MLFT4,201703,CSAN3,0.792979403934567,857,453
MLFT4,201704,CSAN3,0.802402552922702,849,459
MLFT4,201705,AMAR3,0.726521424505668,328,460
MLFT4,201705,CSAN3,0.741555137225648,814,460
MLFT4,201706,CPRE3,0.816519650978628,29,460
MLFT4,201707,CPRE3,0.829677337442986,463,454
MLFT4,201708,CPRE3,0.838831603643672,412,456
MLFT4,201708,CSAN3,0.703644449389673,793,456
MLFT4,201708,GGBR3,0.738458570546823,386,456
MLFT4,201708,MDIA3,0.733031471189,542,456
MLFT4,201709,CPRE3,0.829423217296745,412,456
MLFT4,201709,MAGG3,0.731914254066856,442,456
MLFT4,201709,MDIA3,0.854931551941667,576,456
MLFT4,201710,CPRE3,0.810625133082188,413,464
MLFT4,201710,ESTC3,0.710763239900677,912,464
MLFT4,201710,MDIA3,0.829886140839751,571,464
MLFT4,201711,CPRE3,0.771155332099339,412,468
MLFT4,201801,CPRE3,0.73465919623634,412,472
MMXM3,201702,IGBR3,0.999887042634779,27,27
MMXM3,202104,ATOM3,0.895048240599685,22,25
MMXM3,202104,AZEV3,0.893353641576859,23,25
MMXM3,202104,IGBR3,0.895048240599685,22,25
MMXM3,202104,INEP3,0.895048240599684,22,25
MMXM3,202104,LUPA3,0.793358655310236,24,25
MMXM3,202105,ATOM3,0.915690495970712,23,23
MMXM3,202105,AZEV3,0.909943323702485,24,23
MMXM3,202105,BSEV3,0.915116467517759,24,23
MMXM3,202105,IGBR3,0.915690495970712,23,23
MMXM3,202105,INEP3,0.915690495970712,23,23
MMXM3,202106,ATOM3,0.896912425939413,23,23
MMXM3,202106,BSEV3,0.896479620908178,23,23
MMXM3,202106,IGBR3,0.896912425939413,23,23
MMXM3,202106,INEP3,0.896912425939413,23,23
MMXM3,202106,LUPA3,0.888528633772285,25,23
MMXM3,202107,ATOM3,0.891292803290567,22,22
MMXM3,202107,AZEV4,0.891292803290567,22,22
MMXM3,202107,BSEV3,0.890923360433444,22,22
MMXM3,202107,INEP3,0.891292803290567,22,22
MMXM3,202107,LUPA3,0.884938032408542,23,22
MMXM3,202108,ATOM3,0.898007043483839,22,22
MMXM3,202108,AZEV4,0.896687320402461,22,22
MMXM3,202108,INEP3,0.898007043483839,22,22
MMXM3,202109,ATOM3,0.905709112183722,22,22
MMXM3,202110,CGRA4,0.734521791274794,20,22
MOAR3,201804,BRAP3,0.735340695419665,430,32
MOAR3,201804,CAMB4,0.800415867265821,25,32
MOAR3,201805,BRAP3,0.778834526703655,435,33
MOAR3,201805,CAMB4,0.793600348194768,20,33
MOAR3,201805,ITSA3,0.99708293609252,346,33
MOAR3,201806,BRAP3,0.801053918526503,437,34
MOAR3,201806,CAMB4,0.786985999562938,21,34
MOAR3,201806,ITSA3,0.997117816981483,351,34
MOAR3,201807,BRAP3,0.769314538474267,440,36
MOAR3,201807,CAMB4,0.790597405549417,22,36
MOAR3,201807,ITSA3,0.996847821124982,350,36
MOAR3,201808,BRAP3,0.92233585839419,444,35
MOAR3,201808,CAMB4,0.797811509652671,22,35
MOAR3,201808,ITSA3,0.99727231804989,342,35
MOAR3,201809,BRAP3,0.89469382381172,444,35
MOAR3,201809,CAMB4,0.801255466290345,22,35
MOAR3,201809,ITSA3,0.997392417031755,334,35
MOAR3,201810,BRAP3,0.995597980230155,428,35
MOAR3,201810,ITSA3,0.997123281438126,338,35
MOAR3,201811,BRAP3,0.996476468196834,435,35
MOAR3,201811,ITSA3,0.997168903117082,297,35
MOAR3,201812,BRAP3,0.996972015622641,440,35
MOAR3,201812,ITSA3,0.999122472044365,300,35
MOAR3,201901,BRAP3,0.999448820216121,399,35
MOAR3,201901,ITSA3,0.998051024999081,292,35
MOAR3,201902,BRAP3,0.999579819280346,243,35
MOAR3,201903,BRAP3,0.999521565047305,241,35
MOAR3,201903,ITSA3,0.981053249001979,334,35
MOAR3,201904,BRAP3,0.999525720295996,331,35
MOAR3,201904,ITSA3,0.741967349212928,333,35
MOAR3,201905,BRAP3,0.999502669175303,335,36
MOAR3,201905,ITSA3,0.769353748490078,333,36
MOAR3,201906,BRAP3,0.999281263944427,333,36
MOAR3,201907,BRAP3,0.998443174730857,337,36
MOAR3,201907,ITSA3,0.998049095075895,332,36
MOAR3,201908,BRAP3,0.998771990112345,338,36
MOAR3,201908,ITSA3,0.999575602044379,335,36
MOAR3,201909,BRAP3,0.998576281884142,339,35
MOAR3,201909,ITSA3,0.999662522510377,335,35
MOAR3,201910,BRAP3,0.998788351531662,343,36
MOAR3,201910,ITSA3,0.99951955448617,338,36
MOAR3,201911,BRAP3,0.997667973029318,347,36
MOAR3,201911,ITSA3,0.999979866931051,66,36
MOAR3,201912,BRAP3,0.998403284517866,342,36
MOAR3,201912,ITSA3,0.999154772857007,53,36
MOAR3,202001,BRAP3,0.999033740268695,346,36
MOAR3,202001,ITSA3,0.998992447557356,345,36
MOAR3,202002,BRAP3,0.998932191615213,355,36
MOAR3,202002,ITSA3,0.998954403956782,369,36
MOAR3,202003,BRAP3,0.997017631889802,363,37
MOAR3,202003,ITSA3,0.998890760852997,372,37
MOAR3,202004,BRAP3,0.976279072942767,372,37
MOAR3,202004,ITSA3,0.997680021198006,371,37
MOSI3,202103,KLBN11,0.821556601546577,1056,623
MOSI3,202104,KLBN11,0.79773058888053,1056,563
MOSI3,202110,BMOB3,0.776714009688501,642,631
MOSI3,202110,JPSA3,0.789633934122235,635,631
MOSI3,202111,BMOB3,0.835813094880113,570,572
MOSI3,202111,GETT11,0.939879044928004,968,572
MOSI3,202111,JALL3,0.708651748026612,518,572
MOSI3,202112,BMOB3,0.738273567662213,618,618
MOSI3,202112,GETT11,0.94500178187875,681,618
MOSI3,202112,JALL3,0.704151192797574,555,618
MOVI3,201703,BRFS3,0.812185157386342,854,417
MOVI3,201703,FRAS3,0.913950786535662,20,417
MOVI3,201703,JSLG3,0.908526204036582,65,417
MOVI3,201704,BRFS3,0.831857333502008,904,399
MOVI3,201704,FRAS3,0.897565938550929,20,399
MOVI3,201704,JSLG3,0.89904007348674,64,399
MOVI3,201705,JSLG3,0.981349843733688,69,291
MOVI3,201706,BRFS3,0.778293867456476,949,253
MOVI3,201706,JSLG3,0.988111865294983,80,253
MOVI3,201707,BRFS3,0.745687799724622,944,398
MOVI3,201707,JSLG3,0.948841015140955,70,398
MOVI3,201708,BRFS3,0.715326698260323,953,407
MOVI3,201708,JSLG3,0.964237890286147,74,407
MOVI3,201709,JSLG3,0.974697811581305,206,393
MOVI3,201710,JSLG3,0.967735137126337,246,430
MOVI3,201712,JSLG3,0.962170088927004,244,394
MOVI3,201802,BRFS3,0.789532465795673,819,265
MOVI3,201802,JSLG3,0.951222101991126,235,265
MOVI3,201803,JSLG3,0.944635977570435,225,325
MOVI3,201804,JSLG3,0.944799021739079,224,459
MOVI3,201805,JSLG3,0.945343956295902,227,454
MOVI3,201806,GUAR4,0.892656704868478,21,147
MOVI3,201806,JSLG3,0.962293738285789,142,147
MOVI3,201807,JSLG3,0.984838110366765,137,143
MOVI3,201808,JSLG3,0.990472519261656,118,126
MOVI3,201809,JSLG3,0.986974758521248,119,247
MOVI3,201810,JSLG3,0.983898435438466,99,396
MOVI3,201811,JSLG3,0.965602512279302,132,429
MOVI3,201812,AMAR3,0.785974581539509,411,451
MOVI3,201812,JSLG3,0.943879873828622,129,451
MOVI3,201901,JSLG3,0.941382219279296,132,450
MOVI3,201902,JSLG3,0.918409812718191,112,507
MOVI3,201903,JSLG3,0.863535125436466,118,479
MOVI3,202003,BPAN4,0.723016908182595,538,581
MOVI3,202012,JHSF3,0.700971139132707,534,596
MOVI3,202102,AVLL3,0.712737381443384,45,638
MOVI3,202102,BEEF11,0.712016229485228,194,638
MOVI3,202102,ETER3,0.712206848314736,185,638
MOVI3,202102,EUCA4,0.71669968245053,365,638
MOVI3,202102,JHSF3,0.750688472816272,957,638
MOVI3,202102,MILS3,0.743416768877023,323,638
MOVI3,202109,BRKM5,0.847938000121431,1078,712
MOVI3,202109,CPLE6,0.837389165363787,1070,712
MOVI3,202110,BRKM5,0.857953870071983,1145,718
MOVI3,202110,CPLE6,0.837674538922681,1150,718
MOVI3,202111,BRKM5,0.841277015492713,1159,711
MOVI3,202111,CPLE6,0.770932574197696,1152,711
MOVI3,202112,BRKM5,0.781167110329848,1141,835
MPLU3,201801,CGAS5,0.719304396896475,507,325
MPLU3,201802,CGAS5,0.822041763680292,325,286
MPLU3,201803,ABCB4,0.763996861802418,307,332
MPLU3,201803,CGAS5,0.950252175067263,291,332
MPLU3,201804,ABCB4,0.758101295245439,439,341
MPLU3,201804,CGAS5,0.921286025354294,388,341
MPLU3,201805,ABCB4,0.720943617227629,446,349
MPLU3,201805,CGAS5,0.933824978526026,385,349
MPLU3,201806,CGAS5,0.944227355469817,385,350
MPLU3,201807,CGAS5,0.933584700157198,446,355
MPLU3,201808,CGAS5,0.900029251249715,435,362
MPLU3,201809,CGAS5,0.741839938590727,398,313
MPLU3,201812,CPLE3,0.726847330066827,388,457
MPLU3,201812,MAGG3,0.742349722214735,210,457
MPLU3,201901,CPLE3,0.826619105626815,386,458
MPLU3,201901,MAGG3,0.868435448846552,205,458
MPLU3,201902,CGAS5,0.910830162261358,467,480
MPLU3,201902,CPLE3,0.834549402953169,406,480
MPLU3,201903,CGAS5,0.943001124903363,243,441
MRFG3,201802,MAGG3,0.736673576885448,202,646
MRFG3,201804,MAGG3,0.704423665581421,423,696
MRFG3,201805,CMIG3,0.747272587448272,551,719
MRFG3,201805,KROT3,0.716819471489724,807,719
MRFG3,201806,BTOW3,0.754735167533139,832,765
MRFG3,201806,EMBR3,0.779107536930808,873,765
MRFG3,201806,MEAL3,0.703192457982825,547,765
MRFG3,201807,MEAL3,0.731997063322301,560,804
MRFG3,201808,CCRO3,0.806226157653033,844,767
MRFG3,201808,ENBR3,0.858263555610302,861,767
MRFG3,201809,CCRO3,0.780845807339574,795,695
MRFG3,201809,ENBR3,0.839734948344133,818,695
MRFG3,201902,BEEF3,0.73494258210858,437,785
MRFG3,201910,BRAP4,0.715747281775144,943,803
MRFG3,201910,BRFS3,0.760596042108781,1004,803
MRFG3,201910,BRSR6,0.829261617366022,628,803
MRFG3,201910,CESP6,0.724424760901417,873,803
MRFG3,201910,CMIG4,0.745255158642939,940,803
MRFG3,201910,EUCA4,0.851229351620558,407,803
MRFG3,201910,GOAU4,0.793674289920335,899,803
MRFG3,202104,BRSR6,0.723048473973672,605,1150
MRFG3,202105,BRSR6,0.708393886387401,513,1127
MRFG3,202106,CSNA3,0.706638002157353,1122,1158
MRFG3,202107,BRFS3,0.784750614380991,1102,1171
MRFG3,202107,CMIG3,0.812468127859676,494,1171
MRFG3,202107,ECOR3,0.796415596683907,1166,1171
MRFG3,202107,GOAU3,0.707986654860352,475,1171
MRFG3,202107,GOAU4,0.779751313897099,1228,1171
MRFG3,202108,BRFS3,0.77292503155048,1050,1149
MRFG3,202108,CMIG3,0.78281092193582,530,1149
MRFG3,202108,ECOR3,0.760018032677381,1082,1149
MRFG3,202108,GOAU4,0.717309581842811,1211,1149
MRFG3,202109,CMIG3,0.764821822850916,539,1198
MRFG3,202109,CSMG3,0.741950167358734,621,1198
MRFG3,202109,ECOR3,0.742164395649181,1129,1198
MRFG3,202109,GOAU4,0.758172731578607,1295,1198
MRFG3,202110,AESB3,0.7728605197497,687,1280
MRFG3,202110,BRFS3,0.709555154662807,1191,1280
MRFG3,202110,CMIG3,0.805851578751487,532,1280
MRFG3,202110,CSNA3,0.793291216186706,1197,1280
MRFG3,202110,ECOR3,0.766300566087288,1200,1280
MRFG3,202110,GOAU3,0.710919948143951,503,1280
MRFG3,202110,GOAU4,0.789539626484315,1342,1280
MRFG3,202110,LIGT3,0.784342450760422,875,1280
MRFG3,202111,AERI3,0.705756728314861,572,1294
MRFG3,202111,AESB3,0.739300545183808,658,1294
MRFG3,202111,BRFS3,0.705426336208798,1195,1294
MRFG3,202111,CMIG3,0.861434187025172,533,1294
MRFG3,202111,CSNA3,0.870778365150811,1192,1294
MRFG3,202111,ECOR3,0.785266907462176,1238,1294
MRFG3,202111,GOAU3,0.762867822844742,502,1294
MRFG3,202111,GOAU4,0.849342781894058,1364,1294
MRFG3,202111,LIGT3,0.863511364730506,840,1294
MRFG3,202112,AESB3,0.707981956111044,714,1290
MRFG3,202112,CMIG3,0.899275430553219,525,1290
MRFG3,202112,CSMG3,0.710302177184942,629,1290
MRFG3,202112,CSNA3,0.891789347805645,1167,1290
MRFG3,202112,ECOR3,0.774021734826425,1239,1290
MRFG3,202112,GOAU3,0.804835290009009,522,1290
MRFG3,202112,GOAU4,0.890903085214189,1391,1290
MRFG3,202112,LIGT3,0.812599594768364,868,1290
MRVE3,201703,EZTC3,0.716911931839233,592,835
MRVE3,201704,EZTC3,0.760645408800392,604,841
MRVE3,201705,FLRY3,0.709798327055602,614,816
MRVE3,201706,FLRY3,0.708873888069596,616,786
MRVE3,201807,GRND3,0.77466527399912,507,896
MRVE3,201808,GRND3,0.716147361650601,497,922
MRVE3,201809,GRND3,0.717811249586798,492,885
MRVE3,201811,GRND3,0.766408184235011,481,895
MRVE3,201812,GRND3,0.791534256167924,479,847
MRVE3,201903,IGTA3,0.730777862723816,950,874
MRVE3,201904,ALPA4,0.833194926615819,547,872
MRVE3,201904,ANIM3,0.704352499490142,493,872
MRVE3,201904,BRML3,0.840835671949266,963,872
MRVE3,201904,CAML3,0.837693676139522,402,872
MRVE3,201904,HGTX3,0.829670511575209,760,872
MRVE3,201904,IGTA3,0.848693405972966,909,872
MRVE3,201905,ALPA4,0.822741720272016,551,875
MRVE3,201905,ANIM3,0.720665529327692,491,875
MRVE3,201905,BRML3,0.809479723403315,982,875
MRVE3,201905,CAML3,0.831468173091337,415,875
MRVE3,201905,ENEV3,0.747007751554791,781,875
MRVE3,201905,HGTX3,0.880047934037811,747,875
MRVE3,201905,IGTA3,0.776270999894263,909,875
MRVE3,201906,HGTX3,0.734518131677671,762,906
MRVE3,201907,ALPA4,0.805967876563759,623,936
MRVE3,201907,ANIM3,0.731264702448783,515,936
MRVE3,201907,BRML3,0.78909021683223,1005,936
MRVE3,201907,CAML3,0.759292127683501,515,936
MRVE3,201907,ENEV3,0.791042387394336,771,936
MRVE3,201907,HGTX3,0.875934414153934,789,936
MRVE3,201907,IGTA3,0.776595478160472,1023,936
MRVE3,201908,ALPA4,0.886421007846162,662,973
MRVE3,201908,ANIM3,0.762924764624593,589,973
MRVE3,201908,BKBR3,0.85724996538286,564,973
MRVE3,201908,BRML3,0.899172043217151,1061,973
MRVE3,201908,CAML3,0.751803571696211,579,973
MRVE3,201908,ENEV3,0.861119305080302,767,973
MRVE3,201908,HGTX3,0.918601953927655,827,973
MRVE3,201908,IGTA3,0.814156123359142,1019,973
MRVE3,201909,ALPA4,0.911333314780189,582,941
MRVE3,201909,ANIM3,0.816096693856332,552,941
MRVE3,201909,BKBR3,0.929099066285248,593,941
MRVE3,201909,BRML3,0.925865284541994,1037,941
MRVE3,201909,CSAN3,0.71010241120267,875,941
MRVE3,201909,ENEV3,0.882956305363879,800,941
MRVE3,201909,HGTX3,0.922416083230902,830,941
MRVE3,201909,IGTA3,0.795436924196646,992,941
MRVE3,201910,ALPA4,0.881496732425441,592,932
MRVE3,201910,ANIM3,0.827407542236976,560,932
MRVE3,201910,BIDI11,0.768839552600012,708,932
MRVE3,201910,BKBR3,0.906247322989258,596,932
MRVE3,201910,BRML3,0.917156218989628,1040,932
MRVE3,201910,CSAN3,0.713817457570005,903,932
MRVE3,201910,ENEV3,0.882798673100593,819,932
MRVE3,201910,HGTX3,0.910676028332288,847,932
MRVE3,201910,IGTA3,0.779575486813723,978,932
MRVE3,201911,ALPA4,0.880980856791798,603,941
MRVE3,201911,ANIM3,0.821237423842941,582,941
MRVE3,201911,BIDI11,0.837704916204822,681,941
MRVE3,201911,BKBR3,0.940196073675815,599,941
MRVE3,201911,BRML3,0.905822218926415,1034,941
MRVE3,201911,CSAN3,0.719046742466472,906,941
MRVE3,201911,ENEV3,0.879530734796973,785,941
MRVE3,201911,HGTX3,0.898076116611999,808,941
MRVE3,201911,IGTA3,0.784102604606219,996,941
MRVE3,201912,ALPA4,0.851583706839763,624,914
MRVE3,201912,ANIM3,0.829823031840429,597,914
MRVE3,201912,BIDI11,0.839819840561514,679,914
MRVE3,201912,BKBR3,0.916068044522467,608,914
MRVE3,201912,BRML3,0.920869914563943,987,914
MRVE3,201912,CSAN3,0.757576706460345,862,914
MRVE3,201912,ENEV3,0.891250117075079,817,914
MRVE3,201912,HGTX3,0.90401128725689,807,914
MRVE3,201912,IGTA3,0.770152838189443,977,914
MRVE3,202001,ALPA4,0.823088262000121,642,967
MRVE3,202001,ANIM3,0.820760785033919,618,967
MRVE3,202001,BIDI11,0.798552151691707,653,967
MRVE3,202001,BKBR3,0.912320850589186,593,967
MRVE3,202001,BRML3,0.922525732956201,1010,967
MRVE3,202001,ENEV3,0.872247616413218,809,967
MRVE3,202001,HGTX3,0.917558892951742,829,967
MRVE3,202002,ALPA4,0.752130857306064,692,962
MRVE3,202002,ANIM3,0.824119685355392,694,962
MRVE3,202002,BIDI11,0.788834928874924,715,962
MRVE3,202002,BKBR3,0.917485131651813,643,962
MRVE3,202002,BRML3,0.890350823006458,1024,962
MRVE3,202002,ENEV3,0.843153242816405,869,962
MRVE3,202002,HGTX3,0.913483240853118,945,962
MRVE3,202003,ALPA4,0.711888312496917,684,949
MRVE3,202003,ANIM3,0.822992184401255,675,949
MRVE3,202003,BIDI11,0.781185128451899,670,949
MRVE3,202003,BKBR3,0.878496782420279,616,949
MRVE3,202003,BRML3,0.856324123050398,1007,949
MRVE3,202003,ENEV3,0.815923455158169,837,949
MRVE3,202003,HGTX3,0.866409309918222,927,949
MRVE3,202004,ALPA4,0.757185826861388,737,993
MRVE3,202004,ANIM3,0.906536912194159,604,993
MRVE3,202004,AZUL4,0.765941251245033,986,993
MRVE3,202004,BIDI11,0.853260984966235,584,993
MRVE3,202004,BKBR3,0.972361978113396,625,993
MRVE3,202004,BRML3,0.893318086432038,1041,993
MRVE3,202004,ENEV3,0.857682713749704,812,993
MRVE3,202004,HGTX3,0.947930167875286,928,993
MRVE3,202005,ALPA4,0.766170716236791,763,1005
MRVE3,202005,ANIM3,0.928524167812364,656,1005
MRVE3,202005,BIDI11,0.852320838691256,580,1005
MRVE3,202005,BKBR3,0.971485004318014,647,1005
MRVE3,202005,BRML3,0.927048576828322,1029,1005
MRVE3,202005,ENEV3,0.892942017381942,810,1005
MRVE3,202005,HGTX3,0.970105304457572,914,1005
MRVE3,202005,LIGT3,0.741727601980326,782,1005
MRVE3,202006,ALPA4,0.783030044232316,763,1005
MRVE3,202006,ALPK3,0.770854816525576,394,1005
MRVE3,202006,ANIM3,0.895742746553624,670,1005
MRVE3,202006,BIDI11,0.84162698930508,588,1005
MRVE3,202006,BKBR3,0.960816282911766,661,1005
MRVE3,202006,BRML3,0.923173399870663,1044,1005
MRVE3,202006,ENEV3,0.894100587644226,833,1005
MRVE3,202006,HGTX3,0.955216380231604,912,1005
MRVE3,202007,ALPA4,0.742252127168017,765,1009
MRVE3,202007,ALPK3,0.757217876785461,402,1009
MRVE3,202007,ANIM3,0.893967528249979,689,1009
MRVE3,202007,BIDI11,0.851814627612899,652,1009
MRVE3,202007,BKBR3,0.961850664219195,667,1009
MRVE3,202007,BRML3,0.937463725745471,1011,1009
MRVE3,202007,ENEV3,0.852094079811274,832,1009
MRVE3,202007,HGTX3,0.958988541538965,885,1009
MRVE3,202007,LIGT3,0.869091405018124,814,1009
MRVE3,202008,ABEV3,0.784705044326456,1048,1057
MRVE3,202008,ALPA4,0.81360292808722,786,1057
MRVE3,202008,ALPK3,0.805576557021488,407,1057
MRVE3,202008,ANIM3,0.899253740740458,633,1057
MRVE3,202008,BIDI11,0.863647469793593,721,1057
MRVE3,202008,BKBR3,0.966419939345442,632,1057
MRVE3,202008,BRML3,0.943316784958216,1053,1057
MRVE3,202008,COGN3,0.776027012321374,1046,1057
MRVE3,202008,ENEV3,0.849646577321846,844,1057
MRVE3,202008,HGTX3,0.964091211936551,946,1057
MRVE3,202008,LIGT3,0.854249690527375,765,1057
MRVE3,202009,ABEV3,0.910762592560825,1061,1031
MRVE3,202009,ALPA4,0.820912962054445,797,1031
MRVE3,202009,ALPK3,0.849501302281415,259,1031
MRVE3,202009,ANIM3,0.893999258626683,630,1031
MRVE3,202009,BIDI11,0.835215918269555,683,1031
MRVE3,202009,BIDI4,0.8954850628992,619,1031
MRVE3,202009,BKBR3,0.966296984105794,606,1031
MRVE3,202009,BRML3,0.921188660173159,1064,1031
MRVE3,202009,COGN3,0.823325255271583,1035,1031
MRVE3,202009,ENEV3,0.834108650374213,852,1031
MRVE3,202009,HGTX3,0.963976514315108,972,1031
MRVE3,202009,LIGT3,0.824260451083868,712,1031
MRVE3,202010,ABEV3,0.908024195738054,1011,1049
MRVE3,202010,ALPA4,0.792435461495442,817,1049
MRVE3,202010,ALPK3,0.861720163934079,270,1049
MRVE3,202010,ANIM3,0.891091542753289,645,1049
MRVE3,202010,BIDI11,0.803351646936657,744,1049
MRVE3,202010,BIDI4,0.869102662510128,685,1049
MRVE3,202010,BKBR3,0.961094335737701,633,1049
MRVE3,202010,BRML3,0.91991552553321,1056,1049
MRVE3,202010,COGN3,0.763641913151321,1019,1049
MRVE3,202010,ENEV3,0.850736834968759,902,1049
MRVE3,202010,HGTX3,0.958761480234993,961,1049
MRVE3,202010,LIGT3,0.910746760854465,719,1049
MRVE3,202011,ABEV3,0.894959806681017,1025,1037
MRVE3,202011,ALPA4,0.784152835854304,830,1037
MRVE3,202011,ALPK3,0.899397272352976,269,1037
MRVE3,202011,ANIM3,0.798752294976934,645,1037
MRVE3,202011,BIDI11,0.780836669888974,726,1037
MRVE3,202011,BIDI4,0.86602916299454,669,1037
MRVE3,202011,BKBR3,0.926589351448094,622,1037
MRVE3,202011,BRML3,0.939670171099804,1073,1037
MRVE3,202011,COGN3,0.788018403431835,1018,1037
MRVE3,202011,ENEV3,0.832332885487852,852,1037
MRVE3,202011,HGTX3,0.94217934894567,952,1037
MRVE3,202011,LIGT3,0.883433072853438,721,1037
MRVE3,202012,ABEV3,0.879000385156929,1052,1079
MRVE3,202012,ALPA4,0.705499044039496,837,1079
MRVE3,202012,ALPK3,0.905673531149295,228,1079
MRVE3,202012,ANIM3,0.840846019157743,733,1079
MRVE3,202012,BIDI11,0.724797093385259,718,1079
MRVE3,202012,BIDI4,0.821802756877062,666,1079
MRVE3,202012,BKBR3,0.905512540149389,659,1079
MRVE3,202012,BRML3,0.924571337119118,1103,1079
MRVE3,202012,COGN3,0.750032581862476,1004,1079
MRVE3,202012,ENEV3,0.822484166405625,865,1079
MRVE3,202012,HGTX3,0.920002694808172,974,1079
MRVE3,202012,LIGT3,0.889942249621884,704,1079
MRVE3,202101,ABEV3,0.854352803903629,1092,1113
MRVE3,202101,ALPK3,0.88059985971749,229,1113
MRVE3,202101,ANIM3,0.780015872652814,761,1113
MRVE3,202101,BIDI4,0.776012619447989,632,1113
MRVE3,202101,BKBR3,0.85834290926485,653,1113
MRVE3,202101,BRML3,0.897698327927368,1129,1113
MRVE3,202101,ENEV3,0.76068800384062,1151,1113
MRVE3,202101,HGTX3,0.882690879338434,983,1113
MRVE3,202101,LIGT3,0.848879854493396,706,1113
MRVE3,202102,ABEV3,0.871723567779756,1107,1133
MRVE3,202102,ALPK3,0.887182411530432,230,1133
MRVE3,202102,ANIM3,0.777203526052157,796,1133
MRVE3,202102,BKBR3,0.854649576841039,629,1133
MRVE3,202102,BRML3,0.886580252816906,1120,1133
MRVE3,202102,ENEV3,0.759742795623476,1201,1133
MRVE3,202102,GGBR4,0.76000051312335,1259,1133
MRVE3,202102,HGTX3,0.88875009118755,969,1133
MRVE3,202102,LIGT3,0.846969644852776,855,1133
MRVE3,202103,ABEV3,0.877398293688303,1126,1145
MRVE3,202103,ALPK3,0.907490832930234,231,1145
MRVE3,202103,ANIM3,0.795614817185013,756,1145
MRVE3,202103,BKBR3,0.877984226057545,667,1145
MRVE3,202103,BRML3,0.900952369301378,1135,1145
MRVE3,202103,ENEV3,0.764798447520392,1196,1145
MRVE3,202103,HGTX3,0.908682692837889,1010,1145
MRVE3,202103,LIGT3,0.840375307388493,826,1145
MRVE3,202103,LINX3,0.702106974329845,744,1145
MRVE3,202104,ABEV3,0.921195521194438,1144,1155
MRVE3,202104,ALPK3,0.941395390696038,232,1155
MRVE3,202104,ANIM3,0.80818796740788,774,1155
MRVE3,202104,BIDI4,0.73278084466898,574,1155
MRVE3,202104,BKBR3,0.907583152518182,711,1155
MRVE3,202104,BRML3,0.904209489287692,1182,1155
MRVE3,202104,ENEV3,0.781991607722703,1181,1155
MRVE3,202104,HGTX3,0.93927305170241,1111,1155
MRVE3,202104,LIGT3,0.903017179364636,846,1155
MRVE3,202104,LINX3,0.729805501564235,758,1155
MRVE3,202105,ABEV3,0.915084805889658,1164,1172
MRVE3,202105,ALPK3,0.943848317604403,239,1172
MRVE3,202105,ANIM3,0.825191080885808,806,1172
MRVE3,202105,BIDI4,0.70718721038611,614,1172
MRVE3,202105,BKBR3,0.902631060004506,720,1172
MRVE3,202105,BRML3,0.894800872286853,1212,1172
MRVE3,202105,ENEV3,0.788860050481949,1212,1172
MRVE3,202105,HGTX3,0.937986685114844,1164,1172
MRVE3,202105,LIGT3,0.886892228174974,848,1172
MRVE3,202105,LINX3,0.749632162926509,724,1172
MRVE3,202106,ABEV3,0.903998916218284,1181,1170
MRVE3,202106,ALPK3,0.947551967904399,236,1170
MRVE3,202106,ANIM3,0.771250459767428,766,1170
MRVE3,202106,BBDC4,0.753185500885306,1271,1170
MRVE3,202106,BIDI4,0.718931498233222,631,1170
MRVE3,202106,BKBR3,0.907015812643161,711,1170
MRVE3,202106,BRML3,0.907520813522626,1205,1170
MRVE3,202106,ENEV3,0.803021036568934,1210,1170
MRVE3,202106,HGTX3,0.943360551366007,1182,1170
MRVE3,202106,LIGT3,0.930212194686204,845,1170
MRVE3,202107,ABEV3,0.893850083474572,1179,1179
MRVE3,202107,ALPK3,0.938605276134692,238,1179
MRVE3,202107,ANIM3,0.730769730788303,835,1179
MRVE3,202107,BKBR3,0.894720094628469,769,1179
MRVE3,202107,BRML3,0.869209579497518,1205,1179
MRVE3,202107,ENEV3,0.818689049119685,1225,1179
MRVE3,202107,HGTX3,0.949620356310746,1187,1179
MRVE3,202107,LIGT3,0.926474134152438,859,1179
MRVE3,202108,ABEV3,0.899358836026143,1179,1179
MRVE3,202108,ALPA4,0.722867738950675,948,1179
MRVE3,202108,ALPK3,0.949164877039148,241,1179
MRVE3,202108,ANIM3,0.756935899282673,875,1179
MRVE3,202108,BKBR3,0.902448407207385,782,1179
MRVE3,202108,BRBI11,0.775310519090747,512,1179
MRVE3,202108,BRML3,0.824625642546647,1214,1179
MRVE3,202108,DESK3,0.720066293656564,677,1179
MRVE3,202108,ENEV3,0.81482739453968,1248,1179
MRVE3,202108,HGTX3,0.959077445062567,1199,1179
MRVE3,202108,LIGT3,0.924099060956653,859,1179
MRVE3,202109,ABEV3,0.925561655215081,1236,1212
MRVE3,202109,ALPA4,0.716737638489543,1025,1212
MRVE3,202109,ALPK3,0.964064121604075,243,1212
MRVE3,202109,ANIM3,0.762762082034544,882,1212
MRVE3,202109,BKBR3,0.918062973539069,756,1212
MRVE3,202109,BRBI11,0.791338826849509,524,1212
MRVE3,202109,BRML3,0.858144835461602,1233,1212
MRVE3,202109,DESK3,0.71494246400297,688,1212
MRVE3,202109,ENEV3,0.793323414868476,1279,1212
MRVE3,202109,LIGT3,0.739208908573396,886,1212
MRVE3,202110,ABEV3,0.931335207589611,1296,1232
MRVE3,202110,ALPA4,0.745631534113762,1291,1232
MRVE3,202110,ALPK3,0.98198396076327,242,1232
MRVE3,202110,ANIM3,0.751437382411277,846,1232
MRVE3,202110,BKBR3,0.882822697595021,691,1232
MRVE3,202110,BRBI11,0.80667888763361,556,1232
MRVE3,202110,BRML3,0.873670972341665,1247,1232
MRVE3,202110,ENEV3,0.792968907473545,1151,1232
MRVE3,202110,GGBR4,0.719285785664569,1413,1232
MRVE3,202111,ABEV3,0.888426068873504,1320,1267
MRVE3,202111,ALPA4,0.826283098014441,1321,1267
MRVE3,202111,ALPK3,0.983170926068627,243,1267
MRVE3,202111,ANIM3,0.781848936302481,851,1267
MRVE3,202111,BKBR3,0.878461603558613,664,1267
MRVE3,202111,BRBI11,0.832657757250796,549,1267
MRVE3,202111,BRML3,0.855950374929609,1271,1267
MRVE3,202111,DESK3,0.739990939637111,660,1267
MRVE3,202111,ENEV3,0.786173781914332,1151,1267
MRVE3,202111,GGBR4,0.78429894531702,1468,1267
MRVE3,202112,ALPA4,0.833299336231155,1329,1289
MRVE3,202112,ALPK3,0.982570006904553,248,1289
MRVE3,202112,ANIM3,0.732370363783376,897,1289
MRVE3,202112,BKBR3,0.891446259587134,740,1289
MRVE3,202112,BRBI11,0.84354730993501,531,1289
MRVE3,202112,BRML3,0.818860759472471,1311,1289
MRVE3,202112,DESK3,0.732782260362134,673,1289
MRVE3,202112,ENEV3,0.786570982708397,1341,1289
MRVE3,202112,GGBR4,0.813153559167671,1465,1289
MTRE3,202012,BOAS3,0.765311925139078,438,391
MTRE3,202101,BOAS3,0.833020857347102,365,479
MTRE3,202102,BOAS3,0.775117683797815,299,550
MTRE3,202103,BOAS3,0.802871029470049,294,620
MTRE3,202104,BOAS3,0.73413307845712,303,617
MTRE3,202105,BOAS3,0.709026653077301,270,570
MULT3,201703,CPLE3,0.737190810595847,463,860
MULT3,201703,ECOR3,0.751369986747316,729,860
MULT3,201703,EUCA4,0.752197888778083,285,860
MULT3,201703,GGBR3,0.746616835976715,370,860
MULT3,201704,BRSR6,0.784708438548958,657,873
MULT3,201704,CPLE3,0.807540355743269,484,873
MULT3,201704,ECOR3,0.80608930668249,740,873
MULT3,201704,EUCA4,0.821627962597065,304,873
MULT3,201704,GGBR3,0.802509670370001,484,873
MULT3,201706,BRSR6,0.761795438550013,622,855
MULT3,201706,CPLE3,0.716848444278579,399,855
MULT3,201706,EUCA4,0.785218651603908,303,855
MULT3,201707,AZUL4,0.74641133770621,559,845
MULT3,201707,BRSR6,0.79509575614518,636,845
MULT3,201707,CPLE3,0.751158565637769,392,845
MULT3,201707,EUCA4,0.812991592976957,303,845
MULT3,201708,AZUL4,0.708664116838319,565,835
MULT3,201708,BRSR6,0.812710508999211,634,835
MULT3,201708,CPLE3,0.77905096190446,387,835
MULT3,201708,ECOR3,0.820007889697416,740,835
MULT3,201708,ESTC3,0.705414566218985,783,835
MULT3,201708,EUCA4,0.843553672992459,325,835
MULT3,201708,LIGT3,0.737764034566133,666,835
MULT3,201709,BRSR6,0.782353195959347,609,849
MULT3,201709,CPLE3,0.740706296226967,388,849
MULT3,201709,ECOR3,0.700473119131847,730,849
MULT3,201709,EUCA4,0.810616526463021,329,849
MULT3,201709,LIGT3,0.767006658968449,662,849
MULT3,201709,LREN3,0.768572706532194,928,849
MULT3,201710,BRSR6,0.7176416285315,625,849
MULT3,201710,EUCA4,0.732096176550706,339,849
MULT3,201710,LREN3,0.802839799852237,939,849
MULT3,201711,LREN3,0.872072906498117,955,862
MULT3,201712,LREN3,0.859824579989206,940,868
MULT3,201802,LREN3,0.871485873831072,858,782
MULT3,201803,BRSR6,0.752410634708746,568,787
MULT3,201803,ECOR3,0.814579987925734,691,787
MULT3,201803,ELPL3,0.771602241826349,429,787
MULT3,201803,EUCA4,0.778876050618565,347,787
MULT3,201803,LIGT3,0.747318648226508,510,787
MULT3,201804,BRSR6,0.702926523966881,593,808
MULT3,201804,ECOR3,0.715962103727664,730,808
MULT3,201804,EUCA4,0.735357806091815,344,808
MULT3,201804,GGBR4,0.709600952820522,912,808
MULT3,201804,LREN3,0.835705877167141,890,808
MULT3,201805,BRSR6,0.731705654289745,622,802
MULT3,201805,ECOR3,0.703783802477572,741,802
MULT3,201805,EUCA4,0.72976122567322,354,802
MULT3,201805,GGBR4,0.805406057401339,944,802
MULT3,201805,LREN3,0.794776715878661,898,802
MULT3,201809,BRSR6,0.712795600541298,598,816
MULT3,201809,ECOR3,0.713860811456788,720,816
MULT3,201809,EUCA4,0.704407181996856,356,816
MULT3,201809,GGBR4,0.73061643591889,965,816
MULT3,201809,HAPV3,0.712857024329249,723,816
MULT3,201809,LREN3,0.822018615793422,1016,816
MULT3,201810,BRSR6,0.711133678747364,593,805
MULT3,201810,ECOR3,0.730844369241722,732,805
MULT3,201810,EUCA4,0.713606437562587,360,805
MULT3,201810,GOAU3,0.702395601704606,380,805
MULT3,201810,HAPV3,0.784657971593004,689,805
MULT3,201810,LREN3,0.882338690133725,1012,805
MULT3,201811,BRSR6,0.722955608110746,644,903
MULT3,201811,ECOR3,0.735283470568531,826,903
MULT3,201811,EUCA4,0.72359731314385,360,903
MULT3,201811,GGBR4,0.752812907873806,989,903
MULT3,201811,GOAU3,0.715856058846858,298,903
MULT3,201811,HAPV3,0.781618807455592,716,903
MULT3,201811,LREN3,0.884428184272403,1059,903
MULT3,201812,LREN3,0.867072260152827,1060,956
MULT3,201901,LREN3,0.766238915926504,1073,924
MULT3,201902,BRSR6,0.755896439170213,658,929
MULT3,201902,EUCA4,0.75249953724322,377,929
MULT3,201902,GOAU4,0.719541346044409,921,929
MULT3,201902,HAPV3,0.834236384518689,803,929
MULT3,201902,LREN3,0.778656856391747,1094,929
MULT3,201903,BRFS3,0.755817860407435,856,894
MULT3,201903,HAPV3,0.742113640316115,766,894
MULT3,201905,CYRE3,0.743378687096135,947,927
MULT3,201905,EZTC3,0.748805380800994,488,927
MULT3,201905,FLRY3,0.750889956139811,848,927
MULT3,201906,CYRE3,0.788037894175123,952,972
MULT3,201906,EZTC3,0.789177025204519,462,972
MULT3,201906,FLRY3,0.785442704612286,789,972
MULT3,201907,BTOW3,0.777986454495017,843,994
MULT3,201907,CCRO3,0.75974961105924,868,994
MULT3,201907,CYRE3,0.768195829841305,985,994
MULT3,201907,ENGI11,0.711854526159648,799,994
MULT3,201907,EZTC3,0.85112165707176,616,994
MULT3,201907,FLRY3,0.860041841047196,814,994
MULT3,201908,CCRO3,0.765313198877544,873,995
MULT3,201908,CYRE3,0.793459269707434,999,995
MULT3,201908,EGIE3,0.778099865962631,789,995
MULT3,201908,ENGI11,0.773961623440188,787,995
MULT3,201908,EZTC3,0.857437920632113,727,995
MULT3,201908,FLRY3,0.857665699705958,872,995
MULT3,201908,GGBR4,0.799820679121107,919,995
MULT3,201909,CCRO3,0.74139855185091,874,981
MULT3,201909,EGIE3,0.829197457999958,805,981
MULT3,201909,ENGI11,0.789395839867465,764,981
MULT3,201909,EZTC3,0.892575379364587,750,981
MULT3,201909,FLRY3,0.702527212435354,872,981
MULT3,201909,GGBR4,0.819125650979476,893,981
MULT3,201909,GOLL4,0.880470399314518,852,981
MULT3,201910,ABEV3,0.718684561143309,956,980
MULT3,201910,CCPR3,0.871194926452799,310,980
MULT3,201910,CCRO3,0.751545082145442,888,980
MULT3,201910,EGIE3,0.860956630013068,820,980
MULT3,201910,ELET3,0.703316410033758,964,980
MULT3,201910,ENGI11,0.865956472799553,771,980
MULT3,201910,EZTC3,0.896167392345101,764,980
MULT3,201910,FLRY3,0.753833693324863,872,980
MULT3,201910,GGBR4,0.898806283947377,911,980
MULT3,201910,IRBR3,0.75823438179396,965,980
MULT3,201911,ABEV3,0.825461214247801,907,971
MULT3,201911,CCPR3,0.904648446987681,638,971
MULT3,201911,CCRO3,0.753381146666875,868,971
MULT3,201911,CEAB3,0.920535644733355,638,971
MULT3,201911,EGIE3,0.88546770940372,844,971
MULT3,201911,ENGI11,0.915505624027071,768,971
MULT3,201911,EZTC3,0.928522329638387,753,971
MULT3,201911,FLRY3,0.807703755181346,867,971
MULT3,201911,GGBR4,0.817212589864977,921,971
MULT3,201911,IRBR3,0.794111034268727,962,971
MULT3,201912,ABEV3,0.83443069668188,896,951
MULT3,201912,CCPR3,0.902059120956242,611,951
MULT3,201912,CEAB3,0.913025825081402,618,951
MULT3,201912,EGIE3,0.82284586228854,841,951
MULT3,201912,ENGI11,0.908995680342088,768,951
MULT3,201912,EZTC3,0.910029662057782,716,951
MULT3,201912,FLRY3,0.78028647941376,876,951
MULT3,201912,GOLL4,0.720399637088779,870,951
MULT3,201912,IRBR3,0.818316760118862,951,951
MULT3,201912,ITUB4,0.70856004432885,1077,951
MULT3,202001,ABEV3,0.797962146420188,902,936
MULT3,202001,BRDT3,0.729938661051527,1077,936
MULT3,202001,BTOW3,0.709951864203227,931,936
MULT3,202001,CCPR3,0.902512396628308,608,936
MULT3,202001,CCRO3,0.783692169412385,883,936
MULT3,202001,CEAB3,0.912416835188063,622,936
MULT3,202001,DTEX3,0.707906347656098,607,936
MULT3,202001,EGIE3,0.804780071648515,864,936
MULT3,202001,ENGI11,0.914385762372727,796,936
MULT3,202001,EZTC3,0.911954057075078,740,936
MULT3,202001,FLRY3,0.804562057087752,896,936
MULT3,202001,IRBR3,0.843163348011404,928,936
MULT3,202002,BTOW3,0.761828507461196,947,976
MULT3,202002,CCPR3,0.85085299364246,565,976
MULT3,202002,CEAB3,0.832271115416281,545,976
MULT3,202002,COGN3,0.732869908105466,940,976
MULT3,202002,DTEX3,0.776698335518114,629,976
MULT3,202002,ENGI11,0.852172259569917,812,976
MULT3,202002,EZTC3,0.879485866566749,760,976
MULT3,202002,IRBR3,0.824294562160282,948,976
MULT3,202003,BTOW3,0.716038647218267,965,994
MULT3,202003,CCPR3,0.795770625375487,551,994
MULT3,202003,CCRO3,0.801046625906278,898,994
MULT3,202003,CEAB3,0.786530779974747,572,994
MULT3,202003,CRFB3,0.842665553865187,844,994
MULT3,202003,DTEX3,0.749805607216215,580,994
MULT3,202003,ENGI11,0.833927343240856,777,994
MULT3,202003,EZTC3,0.846997379397575,771,994
MULT3,202003,ITUB4,0.718635339843385,1143,994
MULT3,202004,CCPR3,0.789394158631212,523,1053
MULT3,202004,CCRO3,0.764040633397391,951,1053
MULT3,202004,CEAB3,0.797835946223874,636,1053
MULT3,202004,CRFB3,0.891759389428407,906,1053
MULT3,202004,DTEX3,0.890743253656225,583,1053
MULT3,202004,ENGI11,0.864453054812575,839,1053
MULT3,202004,EZTC3,0.800412895502583,746,1053
MULT3,202004,GGBR4,0.788270503077861,1017,1053
MULT3,202004,ITUB4,0.720633163756815,1175,1053
MULT3,202005,CCPR3,0.841048600775719,505,1079
MULT3,202005,CCRO3,0.814886195063005,942,1079
MULT3,202005,CEAB3,0.83870408480769,616,1079
MULT3,202005,CRFB3,0.774664525781101,927,1079
MULT3,202005,DTEX3,0.886047845772454,581,1079
MULT3,202005,ENGI11,0.878021145664702,1020,1079
MULT3,202005,EZTC3,0.839883122028868,720,1079
MULT3,202005,FLRY3,0.805191947478792,946,1079
MULT3,202005,ITUB4,0.725391760250107,1208,1079
MULT3,202006,CCPR3,0.821813833913806,507,1046
MULT3,202006,CCRO3,0.8085695183004,972,1046
MULT3,202006,CEAB3,0.786413834866773,636,1046
MULT3,202006,CRFB3,0.817981666727517,946,1046
MULT3,202006,DTEX3,0.700497109560738,583,1046
MULT3,202006,ENGI11,0.856298763560931,1049,1046
MULT3,202006,EZTC3,0.736510712268509,694,1046
MULT3,202006,FLRY3,0.771399719740816,936,1046
MULT3,202007,CCPR3,0.722793560417084,515,989
MULT3,202007,CEAB3,0.71466655327647,621,989
MULT3,202007,CRFB3,0.791661559670231,940,989
MULT3,202007,ENGI11,0.773273721551357,996,989
MULT3,202007,EZTC3,0.781625410435485,724,989
MYPK3,201702,MEAL3,0.80392235178743,435,556
MYPK3,201803,MEAL3,0.717932786840218,415,538
MYPK3,201806,BTOW3,0.717546950340739,832,703
MYPK3,201806,EMBR3,0.76234267929473,873,703
MYPK3,201806,ENBR3,0.750236488402981,790,703
MYPK3,201806,MRFG3,0.873276181771155,765,703
MYPK3,201807,CMIG3,0.741412075658542,563,713
MYPK3,201807,JBSS3,0.705992723200128,814,713
MYPK3,201807,MEAL3,0.833406883864005,560,713
MYPK3,201807,MRFG3,0.811377105347102,804,713
MYPK3,201808,CMIG3,0.757382547991926,558,649
MYPK3,201808,GUAR3,0.796764048376638,345,649
MYPK3,201808,MEAL3,0.799212749248927,560,649
MYPK3,201809,CMIG3,0.735710155085361,550,627
MYPK3,201809,GUAR3,0.850899051278758,371,627
MYPK3,201809,LIGT3,0.724493107481961,609,627
MYPK3,201809,MEAL3,0.785792520079101,545,627
MYPK3,201810,BRDT3,0.801284327901101,517,621
MYPK3,201810,CMIG3,0.832590742886194,552,621
MYPK3,201810,CSMG3,0.800294312275307,646,621
MYPK3,201810,DTEX3,0.854946783226845,515,621
MYPK3,201810,GUAR3,0.845896655465835,370,621
MYPK3,201810,JBSS3,0.758825171451491,796,621
MYPK3,201810,LIGT3,0.781751203317356,591,621
MYPK3,201810,LINX3,0.74254985036166,598,621
MYPK3,201810,MEAL3,0.905625523500917,412,621
MYPK3,201811,BRDT3,0.806829117236103,764,648
MYPK3,201811,CMIG3,0.755225190638987,660,648
MYPK3,201811,CSMG3,0.703182896525291,745,648
MYPK3,201811,DTEX3,0.828567171454303,609,648
MYPK3,201811,GUAR3,0.895766981531104,449,648
MYPK3,201811,MEAL3,0.806202456259322,435,648
MYPK3,201812,BRDT3,0.848480219571666,827,655
MYPK3,201812,CMIG3,0.84010019823986,614,655
MYPK3,201812,CRFB3,0.776800767395638,667,655
MYPK3,201812,CSMG3,0.752358478434652,738,655
MYPK3,201812,DTEX3,0.855715662301162,625,655
MYPK3,201812,GUAR3,0.921370517165897,465,655
MYPK3,201812,KROT3,0.748414797646452,859,655
MYPK3,201812,MEAL3,0.8463554073599,437,655
MYPK3,201901,AALR3,0.740902909347185,456,624
MYPK3,201901,ARZZ3,0.73691570390969,603,624
MYPK3,201901,BPAC11,0.782850400883087,490,624
MYPK3,201901,BRDT3,0.791393815959224,880,624
MYPK3,201901,BRKM5,0.731406180606242,857,624
MYPK3,201901,CCRO3,0.876072030903778,894,624
MYPK3,201901,CMIG3,0.849458022139412,616,624
MYPK3,201901,DTEX3,0.875351040465804,614,624
MYPK3,201901,GUAR3,0.946243691942455,540,624
MYPK3,201901,KROT3,0.828753646305857,864,624
MYPK3,201901,LINX3,0.708911598479972,724,624
MYPK3,201901,MEAL3,0.867047342599353,462,624
MYPK3,201902,BPAC11,0.728298549102426,559,667
MYPK3,201902,BRKM5,0.779129096935616,924,667
MYPK3,201902,CCRO3,0.847118002103646,924,667
MYPK3,201902,CMIG3,0.821024918121995,647,667
MYPK3,201902,DTEX3,0.854331447196894,669,667
MYPK3,201902,ELET3,0.780500397142316,946,667
MYPK3,201902,GUAR3,0.929142329553398,561,667
MYPK3,201902,KROT3,0.781330842098939,924,667
MYPK3,201902,MEAL3,0.852240952455707,498,667
MYPK3,201903,AALR3,0.713125137111711,476,621
MYPK3,201903,BPAC11,0.736599214183617,552,621
MYPK3,201903,BRKM5,0.794153164651898,913,621
MYPK3,201903,CCRO3,0.836820050784997,908,621
MYPK3,201903,CMIG3,0.818504705837053,658,621
MYPK3,201903,DTEX3,0.834247299235461,573,621
MYPK3,201903,ELET3,0.808984625835027,973,621
MYPK3,201903,GUAR3,0.913813968337533,513,621
MYPK3,201903,MEAL3,0.857204524371355,455,621
MYPK3,201904,AALR3,0.749283920665751,476,572
MYPK3,201904,CCRO3,0.820362090929954,911,572
MYPK3,201904,CMIG3,0.895874399508952,659,572
MYPK3,201904,DTEX3,0.886195527884045,573,572
MYPK3,201904,ECOR3,0.717099962134729,775,572
MYPK3,201904,ENBR3,0.724956209224412,860,572
MYPK3,201904,GUAR3,0.90736655995887,516,572
MYPK3,201904,LINX3,0.779352556482999,775,572
MYPK3,201904,MEAL3,0.914261535637551,407,572
MYPK3,201905,AALR3,0.709759582633412,482,555
MYPK3,201905,CCRO3,0.769872413891452,927,555
MYPK3,201905,CPLE3,0.881417295883866,446,555
MYPK3,201905,DTEX3,0.931686450087344,476,555
MYPK3,201905,ECOR3,0.743891416050783,791,555
MYPK3,201905,GUAR3,0.962274330436863,447,555
MYPK3,201905,LINX3,0.803029098158121,729,555
MYPK3,201905,MEAL3,0.907301030792774,408,555
MYPK3,201906,CCRO3,0.861683133925964,869,517
MYPK3,201906,CMIG3,0.702368514214645,670,517
MYPK3,201906,CPLE3,0.881317242810408,408,517
MYPK3,201906,DTEX3,0.969055500485963,492,517
MYPK3,201906,ECOR3,0.828665428677078,798,517
MYPK3,201906,GUAR3,0.946322306837505,434,517
MYPK3,201906,LINX3,0.832486180265674,753,517
MYPK3,201906,MEAL3,0.933245023819629,407,517
MYPK3,201907,AALR3,0.810543130441075,480,586
MYPK3,201907,ALSC3,0.846167638331957,640,586
MYPK3,201907,CMIG3,0.758335032177708,678,586
MYPK3,201907,CPFE3,0.743018185971594,912,586
MYPK3,201907,CPLE3,0.762724492407054,408,586
MYPK3,201907,DTEX3,0.96641907839896,584,586
MYPK3,201907,ECOR3,0.854304156944164,814,586
MYPK3,201907,ELET3,0.856911939146566,958,586
MYPK3,201907,GUAR3,0.939680659957179,482,586
MYPK3,201907,LINX3,0.825493096727896,825,586
MYPK3,201907,MEAL3,0.944068643526237,485,586
MYPK3,201908,AALR3,0.776272141090402,473,686
MYPK3,201908,CMIG3,0.765675719000238,664,686
MYPK3,201908,CPLE3,0.747008335589953,410,686
MYPK3,201908,DTEX3,0.975279657726297,665,686
MYPK3,201908,ECOR3,0.883448977882788,867,686
MYPK3,201908,ELET3,0.827298404403008,949,686
MYPK3,201908,GUAR3,0.965217545565148,667,686
MYPK3,201908,LINX3,0.850043914351505,760,686
MYPK3,201908,MEAL3,0.942094524205854,601,686
MYPK3,201909,AALR3,0.837902022170436,474,641
MYPK3,201909,ALSO3,0.843335033194528,666,641
MYPK3,201909,CPLE3,0.848458054103123,413,641
MYPK3,201909,DTEX3,0.966452904249603,650,641
MYPK3,201909,ECOR3,0.832451959119464,875,641
MYPK3,201909,GUAR3,0.955235435948686,641,641
MYPK3,201909,MEAL3,0.942666199956065,573,641
MYPK3,201910,AALR3,0.80487798966034,473,570
MYPK3,201910,ALSO3,0.830014324174226,682,570
MYPK3,201910,CPLE3,0.805759787839082,409,570
MYPK3,201910,DTEX3,0.935489904559303,624,570
MYPK3,201910,ECOR3,0.805232598502171,878,570
MYPK3,201910,GUAR3,0.93592853060834,571,570
MYPK3,201910,MEAL3,0.916712486719254,572,570
MYPK3,201911,AALR3,0.87996855392643,404,523
MYPK3,201911,ALSO3,0.805417802600111,698,523
MYPK3,201911,BPAC11,0.773278211271034,940,523
MYPK3,201911,CIEL3,0.945068107504096,840,523
MYPK3,201911,CPLE3,0.74694477834549,326,523
MYPK3,201911,DTEX3,0.895372604125302,574,523
MYPK3,201911,ECOR3,0.915246596613244,875,523
MYPK3,201911,GUAR3,0.914530949769803,513,523
MYPK3,201911,IDNT3,0.876132255212294,222,523
MYPK3,201911,LINX3,0.78042601040158,670,523
MYPK3,201911,MEAL3,0.873580947952504,532,523
MYPK3,201912,AALR3,0.809984542413577,414,529
MYPK3,201912,CIEL3,0.895324534425878,859,529
MYPK3,201912,CPLE3,0.817556510381276,331,529
MYPK3,201912,CYRE3,0.832140909003243,937,529
MYPK3,201912,DTEX3,0.792793994268193,563,529
MYPK3,201912,ECOR3,0.853256171131263,836,529
MYPK3,201912,GUAR3,0.880276411907552,528,529
MYPK3,201912,IDNT3,0.856645106172213,228,529
MYPK3,201912,LINX3,0.839663523565524,669,529
MYPK3,201912,MEAL3,0.90886327888472,537,529
MYPK3,202001,AALR3,0.863775707657787,458,561
MYPK3,202001,ALSO3,0.710218395684301,841,561
MYPK3,202001,CPLE3,0.830079503527788,421,561
MYPK3,202001,CYRE3,0.776258590413503,948,561
MYPK3,202001,ECOR3,0.802278800060058,856,561
MYPK3,202001,GUAR3,0.831997330042294,614,561
MYPK3,202001,IDNT3,0.844746322003599,232,561
MYPK3,202001,LINX3,0.862595107660209,679,561
MYPK3,202001,MEAL3,0.89793561503683,551,561
MYPK3,202002,AALR3,0.850872542397896,460,630
MYPK3,202002,CPLE3,0.780207464813685,451,630
MYPK3,202002,CYRE3,0.711216345792845,968,630
MYPK3,202002,ECOR3,0.792298122432005,883,630
MYPK3,202002,GUAR3,0.820592276856865,642,630
MYPK3,202002,IDNT3,0.831636368302341,233,630
MYPK3,202002,LINX3,0.823371269360437,694,630
MYPK3,202002,MEAL3,0.827618423152074,557,630
MYPK3,202003,AALR3,0.846625235504371,457,612
MYPK3,202003,CPLE3,0.784373038106069,447,612
MYPK3,202003,ECOR3,0.83674546164077,872,612
MYPK3,202003,GUAR3,0.818613131758648,625,612
MYPK3,202003,IDNT3,0.841749868814325,232,612
MYPK3,202003,LINX3,0.854083281323918,663,612
MYPK3,202003,MEAL3,0.825712987861246,537,612
MYPK3,202004,AALR3,0.741662368742961,408,589
MYPK3,202004,CPLE3,0.719361229709285,445,589
MYPK3,202004,ECOR3,0.760609566632124,895,589
MYPK3,202004,GUAR3,0.729023011416345,566,589
MYPK3,202004,LINX3,0.766336275034015,609,589
MYPK3,202004,MEAL3,0.735732870289234,524,589
MYPK3,202005,AALR3,0.789797962552282,403,578
MYPK3,202005,CPLE3,0.757354452859678,450,578
MYPK3,202005,ECOR3,0.813060096922237,883,578
MYPK3,202005,GUAR3,0.769854911590717,557,578
MYPK3,202005,LINX3,0.831215284512484,613,578
MYPK3,202005,LOGN3,0.767259804122186,448,578
MYPK3,202005,MEAL3,0.77132279593118,488,578
MYPK3,202010,ABCB4,0.744807001940498,383,495
MYPK3,202011,ABCB4,0.718644135239951,398,417
MYPK3,202103,BRSR6,0.826135233285488,443,583
MYPK3,202103,CPLE6,0.795165573773626,1040,583
MYPK3,202104,BRSR6,0.849933095947521,605,601
MYPK3,202104,MRFG3,0.733004680244967,1150,601
MYPK3,202105,BRSR6,0.704664922690828,513,603
MYPK3,202108,BEEF3,0.75122869979714,1011,624
MYPK3,202109,BRSR6,0.722052921504555,643,579
MYPK3,202109,LEVE3,0.767485926312839,651,579
MYPK3,202110,BRKM5,0.874185172781628,1145,605
MYPK3,202110,CPLE6,0.817108084637429,1150,605
MYPK3,202110,MOVI3,0.942373035405836,718,605
MYPK3,202111,BRKM5,0.866783404658623,1159,615
MYPK3,202111,CPLE6,0.782819545526156,1152,615
MYPK3,202111,MOVI3,0.92889153584365,711,615
MYPK3,202112,BRKM5,0.778486822811438,1141,668
MYPK3,202112,MOVI3,0.912827543188732,835,668
NATU3,201706,DIRR3,0.755556375156338,421,715
NATU3,201707,AZUL4,0.772247172648368,559,739
NATU3,201707,BRSR6,0.864407221905812,636,739
NATU3,201707,CPLE3,0.81858651929155,392,739
NATU3,201707,EUCA4,0.880224305319183,303,739
NATU3,201707,GGBR3,0.718707884470444,460,739
NATU3,201707,MULT3,0.760435030066321,845,739
NATU3,201708,ALPA4,0.918142071451061,559,738
NATU3,201708,AMAR3,0.898763305612117,474,738
NATU3,201708,BBDC4,0.785217018670668,1004,738
NATU3,201708,CGAS5,0.911880098480175,311,738
NATU3,201708,CRFB3,0.714319360345322,651,738
NATU3,201708,ELET3,0.815520403902203,779,738
NATU3,201708,ENBR3,0.855106153315044,757,738
NATU3,201708,EQTL3,0.777648259521928,1029,738
NATU3,201708,HGTX3,0.823957773417587,598,738
NATU3,201708,LINX3,0.74537365781728,488,738
NATU3,201709,ALPA4,0.878532651095213,565,774
NATU3,201709,AMAR3,0.836608428465211,487,774
NATU3,201709,BRML3,0.731967167559372,919,774
NATU3,201709,CGAS5,0.864002921567236,194,774
NATU3,201709,ELET3,0.895465887705717,880,774
NATU3,201709,ENBR3,0.829237285516185,736,774
NATU3,201709,EQTL3,0.706741894148265,1022,774
NATU3,201709,HGTX3,0.830048104309969,626,774
NATU3,201710,ALPA4,0.948381108167281,421,796
NATU3,201710,AMAR3,0.919707926338156,507,796
NATU3,201710,BRML3,0.81179671426705,907,796
NATU3,201710,CGAS5,0.911467287131838,219,796
NATU3,201710,ELET3,0.879527609735537,892,796
NATU3,201710,ENBR3,0.896888821806095,736,796
NATU3,201710,HGTX3,0.911375490231413,648,796
NATU3,201711,ALPA4,0.944590944647052,467,780
NATU3,201711,AMAR3,0.907406756666215,484,780
NATU3,201711,BRML3,0.828126740432011,912,780
NATU3,201711,CGAS5,0.895635422847246,358,780
NATU3,201711,ELET3,0.809808277844196,916,780
NATU3,201711,ENBR3,0.891953385589119,743,780
NATU3,201711,HGTX3,0.934665699313711,707,780
NATU3,201712,ALPA4,0.970672242876742,487,783
NATU3,201712,AMAR3,0.794399073349162,487,783
NATU3,201712,BRML3,0.834106824547345,916,783
NATU3,201712,CGAS5,0.849035588986105,414,783
NATU3,201712,CSAN3,0.701625190161317,823,783
NATU3,201712,ELET3,0.807003290153427,918,783
NATU3,201712,ENBR3,0.855332837374371,764,783
NATU3,201712,HGTX3,0.950981801667281,738,783
NATU3,201801,ALPA4,0.937293242147528,457,753
NATU3,201801,AMAR3,0.956649356266615,511,753
NATU3,201801,BRML3,0.825191569536397,889,753
NATU3,201801,CAML3,0.704054616113757,575,753
NATU3,201801,ELET3,0.868098731641885,859,753
NATU3,201801,ELET6,0.803453338221565,864,753
NATU3,201801,HGTX3,0.940236728311891,668,753
NATU3,201802,ALPA4,0.939558184630137,467,778
NATU3,201802,AMAR3,0.981702512727551,382,778
NATU3,201802,BBDC4,0.778804001431571,1024,778
NATU3,201802,BRML3,0.799903086246265,872,778
NATU3,201802,ELET3,0.94020417876638,804,778
NATU3,201802,ELET6,0.841242392235871,813,778
NATU3,201802,HGTX3,0.957928628511467,593,778
NATU3,201803,ALPA4,0.910990635192292,465,764
NATU3,201803,AMAR3,0.972735373831622,382,764
NATU3,201803,ANIM3,0.709388174262196,515,764
NATU3,201803,BBDC4,0.752172584101457,1029,764
NATU3,201803,BRML3,0.794611771752809,868,764
NATU3,201803,ELET3,0.934686474933272,804,764
NATU3,201803,ELET6,0.888694999263811,839,764
NATU3,201803,HGTX3,0.962818637458046,584,764
NATU3,201804,ALPA4,0.93289621150504,441,821
NATU3,201804,AMAR3,0.972248029222983,495,821
NATU3,201804,ANIM3,0.832640954544829,470,821
NATU3,201804,BBDC4,0.748729861462891,1065,821
NATU3,201804,BRML3,0.791616238351296,844,821
NATU3,201804,ELET6,0.811680598296322,850,821
NATU3,201804,HGTX3,0.970664755920166,619,821
NATU3,201804,IGTA3,0.762352562592527,845,821
NATU3,201805,ALPA4,0.918990023718645,449,818
NATU3,201805,AMAR3,0.97201680515426,196,818
NATU3,201805,ANIM3,0.822724564976327,448,818
NATU3,201805,BBDC4,0.740656424343908,1068,818
NATU3,201805,BRML3,0.866385085257619,843,818
NATU3,201805,ELET3,0.815269726963453,805,818
NATU3,201805,ELET6,0.76100864099947,813,818
NATU3,201805,HGTX3,0.966740799656561,541,818
NATU3,201805,IGTA3,0.857202191515839,830,818
NATU3,201806,ALPA4,0.910600599012121,432,845
NATU3,201806,AMAR3,0.907481954320465,194,845
NATU3,201806,ANIM3,0.812863084846135,423,845
NATU3,201806,BIDI4,0.857826953137101,499,845
NATU3,201806,BRML3,0.931502983506228,868,845
NATU3,201806,CAML3,0.711154845046693,486,845
NATU3,201806,ELET3,0.944320288720963,815,845
NATU3,201806,EQTL3,0.709577301809143,995,845
NATU3,201806,HGTX3,0.969887418814888,553,845
NATU3,201806,IGTA3,0.890062733586143,843,845
NATU3,201807,ALPA4,0.927087693021023,472,841
NATU3,201807,ANIM3,0.77698369744769,421,841
NATU3,201807,BBDC4,0.735140755592145,1084,841
NATU3,201807,BIDI4,0.881174764111217,498,841
NATU3,201807,BRML3,0.859330095522153,882,841
NATU3,201807,HGTX3,0.984484356633318,585,841
NATU3,201807,IGTA3,0.839752728733188,868,841
NATU3,201808,ALPA4,0.930793948995917,403,863
NATU3,201808,ANIM3,0.880576004542931,463,863
NATU3,201808,BIDI4,0.891145364260117,496,863
NATU3,201808,BRML3,0.906557902505951,904,863
NATU3,201808,CYRE3,0.768536888330374,965,863
NATU3,201808,ELET3,0.905666844199953,868,863
NATU3,201808,ENGI11,0.705290675147776,810,863
NATU3,201808,HGTX3,0.872362571256518,576,863
NATU3,201808,IGTA3,0.882764991156692,866,863
NATU3,201809,ALPA4,0.921967989834798,394,821
NATU3,201809,ANIM3,0.859843760683107,428,821
NATU3,201809,BIDI4,0.899398404360687,498,821
NATU3,201809,BRML3,0.870817948644176,860,821
NATU3,201809,CYRE3,0.759120374803081,947,821
NATU3,201809,HGTX3,0.982305522880736,598,821
NATU3,201809,IGTA3,0.905043030524007,801,821
NATU3,201810,ALPA4,0.909534685500888,398,797
NATU3,201810,AMAR3,0.726728413511613,296,797
NATU3,201810,ANIM3,0.840580513316114,433,797
NATU3,201810,BIDI4,0.911382896587429,496,797
NATU3,201810,BRML3,0.816955651388237,860,797
NATU3,201810,CYRE3,0.713250071464254,933,797
NATU3,201810,HGTX3,0.96385416733057,640,797
NATU3,201810,IGTA3,0.839438213073697,830,797
NATU3,201811,ALPA4,0.909347473021228,397,877
NATU3,201811,ANIM3,0.797694843636721,409,877
NATU3,201811,BIDI4,0.90784431112497,494,877
NATU3,201811,BRML3,0.806998542412933,992,877
NATU3,201811,CAML3,0.793183538602559,506,877
NATU3,201811,ENGI11,0.718460769152159,788,877
NATU3,201811,HGTX3,0.927408405232556,734,877
NATU3,201811,IGTA3,0.877725006394108,964,877
NATU3,201812,ALPA4,0.89710183501095,406,944
NATU3,201812,ANIM3,0.767155942809651,412,944
NATU3,201812,BIDI4,0.852270556180544,505,944
NATU3,201812,BRML3,0.846535015607161,992,944
NATU3,201812,CAML3,0.945803292597957,462,944
NATU3,201812,ELET3,0.755684709210875,866,944
NATU3,201812,ENGI11,0.720438102077785,807,944
NATU3,201812,HGTX3,0.89020775581042,783,944
NATU3,201812,IGTA3,0.846786800224558,995,944
NATU3,201901,ALPA4,0.872352356989026,433,916
NATU3,201901,ANIM3,0.787313479480935,403,916
NATU3,201901,BIDI4,0.831262223654662,460,916
NATU3,201901,BRML3,0.827022633275937,968,916
NATU3,201901,CAML3,0.874485052436905,435,916
NATU3,201901,ENGI11,0.725014131327601,835,916
NATU3,201901,HGTX3,0.848903585473904,815,916
NATU3,201901,IGTA3,0.780306516850727,971,916
NATU3,201902,ALPA4,0.878585504323005,599,940
NATU3,201902,ANIM3,0.743587689925919,522,940
NATU3,201902,BIDI4,0.837052814743954,485,940
NATU3,201902,BRML3,0.866608656015664,984,940
NATU3,201902,CAML3,0.876241539986415,488,940
NATU3,201902,ENGI11,0.714224386858524,838,940
NATU3,201902,HGTX3,0.826635654879476,817,940
NATU3,201902,IGTA3,0.775705574634012,1016,940
NATU3,201903,ALPA4,0.918537713309504,547,923
NATU3,201903,ANIM3,0.774667051372693,502,923
NATU3,201903,BIDI4,0.869859308303512,497,923
NATU3,201903,BRML3,0.912614647678327,964,923
NATU3,201903,CAML3,0.923881147952383,412,923
NATU3,201903,ENGI11,0.733040646341489,857,923
NATU3,201903,HGTX3,0.912146135801033,821,923
NATU3,201903,IGTA3,0.793741468937317,950,923
NATU3,201904,ALPA4,0.912353325964676,547,874
NATU3,201904,ANIM3,0.781008508129152,493,874
NATU3,201904,BRML3,0.924448369749555,963,874
NATU3,201904,CAML3,0.913938715355807,402,874
NATU3,201904,ENGI11,0.705772359311559,846,874
NATU3,201904,HGTX3,0.90621458093757,760,874
NATU3,201904,IGTA3,0.815152125488059,909,874
NATU3,201904,MRVE3,0.83158271854924,872,874
NATU3,201906,AZUL4,0.705353235294792,978,874
NATU3,201906,DTEX3,0.747173417427837,492,874
NATU3,201906,ECOR3,0.738192900732414,798,874
NATU3,201906,GUAR3,0.713914661808971,434,874
NATU3,201906,LINX3,0.722981894424634,753,874
NATU3,201906,MEAL3,0.711272778058801,407,874
NATU3,201906,MYPK3,0.741160037244477,517,874
NATU3,201907,CPFE3,0.707742352412584,912,886
NATU3,201907,DTEX3,0.784656170639749,584,886
NATU3,201907,ECOR3,0.742002286817993,814,886
NATU3,201907,ELET3,0.721959374090622,958,886
NATU3,201907,GUAR3,0.750743193182052,482,886
NATU3,201907,LINX3,0.779837922606789,825,886
NATU3,201907,MEAL3,0.721504606460988,485,886
NATU3,201907,MYPK3,0.756079431688091,586,886
NATU3,201908,DTEX3,0.736334462255248,665,909
NATU3,201908,GUAR3,0.746890671121683,667,909
NATU3,201908,MYPK3,0.722571197024291,686,909
NATU3,202001,GOLL4,0.715514256682903,912,45
NATU3,202002,AMAR3,0.76221022883039,574,52
NATU3,202003,AMAR3,0.9141247382317,549,27
NATU3,202004,AMAR3,0.899262620425797,583,22
NATU3,202004,EVEN3,0.724302466713541,499,22
NATU3,202005,EVEN3,0.796260702169826,530,21
NATU3,202006,AMAR3,0.790121365256157,510,26
NATU3,202006,EVEN3,0.771714831991076,575,26
NEOE3,201907,CMIG3,0.716764171561031,678,805
NEOE3,201907,CPFE3,0.797399606104935,912,805
NEOE3,201907,DTEX3,0.767087751178051,584,805
NEOE3,201907,ECOR3,0.775794076305002,814,805
NEOE3,201907,GUAR3,0.728824788615789,482,805
NEOE3,201907,IRBR3,0.730085279601392,827,805
NEOE3,201907,MEAL3,0.727480396721922,485,805
NEOE3,201907,MYPK3,0.781876855822116,586,805
NEOE3,201908,CMIG3,0.741852385638663,664,833
NEOE3,201908,CPFE3,0.732619094161404,878,833
NEOE3,201908,DTEX3,0.854253451372114,665,833
NEOE3,201908,ECOR3,0.857102218602233,867,833
NEOE3,201908,ELET3,0.752138482131914,949,833
NEOE3,201908,GUAR3,0.81155470907737,667,833
NEOE3,201908,LINX3,0.761873529662783,760,833
NEOE3,201908,MEAL3,0.7954695822091,601,833
NEOE3,201908,MYPK3,0.833827133897052,686,833
NEOE3,201909,ALSO3,0.7885677695799,666,791
NEOE3,201909,CPLE3,0.711156821319301,413,791
NEOE3,201909,CYRE3,0.842641931050715,957,791
NEOE3,201909,DTEX3,0.845910892815867,650,791
NEOE3,201909,ECOR3,0.841746351803405,875,791
NEOE3,201909,GUAR3,0.80980823512837,641,791
NEOE3,201909,MEAL3,0.793797812653855,573,791
NEOE3,201909,MYPK3,0.833389797789101,641,791
NEOE3,201910,ALSO3,0.831449115294264,682,748
NEOE3,201910,BPAC11,0.708352410594613,955,748
NEOE3,201910,CPLE3,0.733882651357887,409,748
NEOE3,201910,DTEX3,0.872332934500567,624,748
NEOE3,201910,ECOR3,0.869622598288971,878,748
NEOE3,201910,GUAR3,0.825610911798393,571,748
NEOE3,201910,MEAL3,0.822806561705908,572,748
NEOE3,201910,MYPK3,0.848483892339307,570,748
NEOE3,201911,AALR3,0.775662142240274,404,732
NEOE3,201911,ALSO3,0.839039362747053,698,732
NEOE3,201911,BPAC11,0.815480113563672,940,732
NEOE3,201911,CIEL3,0.911377239473852,840,732
NEOE3,201911,CPLE3,0.72248694628976,326,732
NEOE3,201911,CYRE3,0.720730217406068,973,732
NEOE3,201911,DTEX3,0.876937440347453,574,732
NEOE3,201911,ECOR3,0.931797445518379,875,732
NEOE3,201911,GUAR3,0.853820289824022,513,732
NEOE3,201911,IDNT3,0.739362105352952,222,732
NEOE3,201911,LINX3,0.73469048239385,670,732
NEOE3,201911,MEAL3,0.839583449038024,532,732
NEOE3,201911,MYPK3,0.864890370091489,523,732
NEOE3,201912,CIEL3,0.799496007828625,859,721
NEOE3,201912,CPLE3,0.716417401649076,331,721
NEOE3,201912,CYRE3,0.812288521633896,937,721
NEOE3,201912,ECOR3,0.813910325330475,836,721
NEOE3,201912,GUAR3,0.703828648692709,528,721
NEOE3,201912,MEAL3,0.764601142719339,537,721
NEOE3,201912,MYPK3,0.730830385553767,529,721
NEOE3,202001,AALR3,0.703042596615533,458,710
NEOE3,202001,BPAC11,0.767335644167234,959,710
NEOE3,202001,CPLE3,0.754438832834663,421,710
NEOE3,202001,CYRE3,0.716362200305483,948,710
NEOE3,202001,ECOR3,0.808779834454497,856,710
NEOE3,202001,LINX3,0.709505301989427,679,710
NEOE3,202001,MEAL3,0.768312632993293,551,710
NEOE3,202001,MYPK3,0.712314723899443,561,710
NEOE3,202002,AALR3,0.743073024508469,460,727
NEOE3,202002,BPAC11,0.729936553423363,949,727
NEOE3,202002,CPLE3,0.73361199212703,451,727
NEOE3,202002,ECOR3,0.805279929038869,883,727
NEOE3,202002,GUAR3,0.710557073952768,642,727
NEOE3,202002,MEAL3,0.751632314381395,557,727
NEOE3,202003,CPLE3,0.727131303329083,447,744
NEOE3,202003,ECOR3,0.753302336333023,872,744
NEOE3,202003,LAME3,0.725989357951505,679,744
NEOE3,202003,MEAL3,0.716047689781814,537,744
NEOE3,202009,ALSO3,0.713642875277287,803,738
NEOE3,202011,ALSO3,0.713531498699,782,749
NEOE3,202011,MEAL3,0.809250615808059,505,749
NEOE3,202012,BRPR3,0.738960544813697,481,758
NEOE3,202012,DIRR3,0.73533298636883,495,758
NEOE3,202012,LEVE3,0.742552977805392,335,758
NEOE3,202012,MEAL3,0.766356448747295,492,758
NEOE3,202101,BBDC3,0.719983479174863,1007,738
NEOE3,202101,BRPR3,0.80143671086362,487,738
NEOE3,202101,CCPR3,0.745992569791881,554,738
NEOE3,202101,DIRR3,0.784308911290894,503,738
NEOE3,202101,LEVE3,0.807707751764224,294,738
NEOE3,202101,MEAL3,0.827462430670155,503,738
NEOE3,202102,BBDC3,0.762305238647268,1039,722
NEOE3,202102,BRPR3,0.814617278024253,486,722
NEOE3,202102,CCPR3,0.843782084165213,550,722
NEOE3,202102,DIRR3,0.821764835102663,523,722
NEOE3,202102,LEVE3,0.828912814821026,415,722
NEOE3,202102,MEAL3,0.864310970705851,480,722
NEOE3,202103,BBDC3,0.716457372054816,1087,723
NEOE3,202103,BRPR3,0.823647831489137,554,723
NEOE3,202103,CCPR3,0.824555122466988,573,723
NEOE3,202103,DIRR3,0.828160147655981,472,723
NEOE3,202103,LEVE3,0.850330924330338,510,723
NEOE3,202103,MEAL3,0.870836204974208,482,723
NEOE3,202104,BBDC3,0.701881234093645,1081,737
NEOE3,202104,BRPR3,0.830046071308144,615,737
NEOE3,202104,CCPR3,0.836607802623309,587,737
NEOE3,202104,DIRR3,0.841064904976885,544,737
NEOE3,202104,LEVE3,0.868120665603228,549,737
NEOE3,202104,MEAL3,0.881805990046512,539,737
NEOE3,202105,BRPR3,0.848282225145022,576,664
NEOE3,202105,CCPR3,0.853075084043491,529,664
NEOE3,202105,DIRR3,0.847524563362472,547,664
NEOE3,202105,EVEN3,0.708284218091132,676,664
NEOE3,202105,LEVE3,0.89035421298374,547,664
NEOE3,202105,MEAL3,0.904487171888918,536,664
NEOE3,202106,BRPR3,0.830363005966914,586,660
NEOE3,202106,CCPR3,0.842199418198007,445,660
NEOE3,202106,DIRR3,0.758694962918026,583,660
NEOE3,202106,EVEN3,0.731340345011093,713,660
NEOE3,202106,LEVE3,0.86937215422568,595,660
NEOE3,202106,MEAL3,0.852136911322499,525,660
NEOE3,202107,BRPR3,0.844907883593498,586,663
NEOE3,202107,CCPR3,0.829038504495761,446,663
NEOE3,202107,DIRR3,0.782911488368361,609,663
NEOE3,202107,EVEN3,0.769530275482796,673,663
NEOE3,202107,LEVE3,0.832294301700869,640,663
NEOE3,202107,MEAL3,0.858383801808512,564,663
NEOE3,202108,BBAS3,0.704153841104355,1149,679
NEOE3,202108,BRPR3,0.815126699351832,558,679
NEOE3,202108,CCPR3,0.816019715572609,504,679
NEOE3,202108,EVEN3,0.771194800776638,689,679
NEOE3,202108,LEVE3,0.789618271251322,623,679
NEOE3,202108,MEAL3,0.840222604563978,511,679
NEOE3,202109,BRPR3,0.825316666689202,587,670
NEOE3,202109,EVEN3,0.79559734800765,697,670
NEOE3,202109,MEAL3,0.8362722598526,528,670
NEOE3,202110,BRPR3,0.758305336475837,603,662
NEOE3,202110,EVEN3,0.787039566370835,698,662
NEOE3,202110,MEAL3,0.792794938909568,472,662
NEOE3,202110,MELK3,0.840103525356756,434,662
NEOE3,202111,BRPR3,0.818120900118977,573,659
NEOE3,202111,EVEN3,0.842448710686793,679,659
NEOE3,202111,MEAL3,0.844082736041217,419,659
NEOE3,202111,MELK3,0.781887504309096,376,659
NEOE3,202112,BBDC3,0.714045896568319,1154,687
NEOE3,202112,BRPR3,0.844728047814625,626,687
NEOE3,202112,EVEN3,0.887667670951226,730,687
NEOE3,202112,MEAL3,0.862380712533573,517,687
NEOE3,202112,MELK3,0.870064195143818,368,687
NGRD3,202101,BBRK3,0.837899865021045,479,403
NGRD3,202101,BIDI3,0.838244753291219,433,403
NGRD3,202101,GRND3,0.861475905463472,597,403
NGRD3,202101,GUAR3,0.838285999369688,520,403
NGRD3,202111,CARD3,0.947376468846942,427,383
NGRD3,202111,DOTZ3,0.804579652203751,189,383
NGRD3,202112,CARD3,0.952685535412275,500,476
NGRD3,202112,DOTZ3,0.820690765808357,332,476
NTCO3,202001,ALPA4,0.756610483107135,642,1093
NTCO3,202001,BRML3,0.70060693149094,1010,1093
NTCO3,202001,ENEV3,0.715990554809297,809,1093
NTCO3,202001,MRVE3,0.741506470417217,967,1093
NTCO3,202002,ALPA4,0.760694761651275,692,1167
NTCO3,202002,BRML3,0.719107647669936,1024,1167
NTCO3,202002,ENEV3,0.708778031809132,869,1167
NTCO3,202002,EQTL3,0.740265910422128,1090,1167
NTCO3,202003,ALPA4,0.745221409660446,684,1191
NTCO3,202003,ENEV3,0.704417763960686,837,1191
NTCO3,202003,LREN3,0.710569606510272,1195,1191
NTCO3,202004,ALPA4,0.778144519188917,737,1208
NTCO3,202004,ANIM3,0.706862113580132,604,1208
NTCO3,202004,BIDI11,0.72275103489782,584,1208
NTCO3,202004,BKBR3,0.711046113112072,625,1208
NTCO3,202004,BRML3,0.732498584103535,1041,1208
NTCO3,202004,ENEV3,0.783670687081317,812,1208
NTCO3,202004,EQTL3,0.705210155549755,1197,1208
NTCO3,202004,MRVE3,0.726816539377776,993,1208
NTCO3,202005,ALPA4,0.831701039737844,763,1197
NTCO3,202005,ANIM3,0.779115322243574,656,1197
NTCO3,202005,BIDI11,0.758960916891715,580,1197
NTCO3,202005,BKBR3,0.778397661852407,647,1197
NTCO3,202005,BRML3,0.77313089818411,1029,1197
NTCO3,202005,ENEV3,0.831512684820422,810,1197
NTCO3,202005,HGTX3,0.770841906439558,914,1197
NTCO3,202005,LIGT3,0.707989096880601,782,1197
NTCO3,202005,MRVE3,0.801664023397248,1005,1197
NTCO3,202006,ALPA4,0.818710994601896,763,1225
NTCO3,202006,ALPK3,0.740491836419175,394,1225
NTCO3,202006,ANIM3,0.795941725828937,670,1225
NTCO3,202006,BIDI11,0.774652770275824,588,1225
NTCO3,202006,BKBR3,0.788529794471935,661,1225
NTCO3,202006,BRML3,0.780514555158915,1044,1225
NTCO3,202006,ENEV3,0.873076387227838,833,1225
NTCO3,202006,EQTL3,0.718521463430384,1204,1225
NTCO3,202006,HGTX3,0.782926208560111,912,1225
NTCO3,202006,MRVE3,0.827818191301501,1005,1225
NTCO3,202007,ALPA4,0.808882270838802,765,1278
NTCO3,202007,ALPK3,0.730006215853695,402,1278
NTCO3,202007,ANIM3,0.743183602743735,689,1278
NTCO3,202007,BIDI11,0.725820780677499,652,1278
NTCO3,202007,BKBR3,0.730995231336478,667,1278
NTCO3,202007,BRML3,0.74134399847797,1011,1278
NTCO3,202007,ENEV3,0.834071575244047,832,1278
NTCO3,202007,EQTL3,0.714689084961293,1190,1278
NTCO3,202007,GNDI3,0.744641886274598,1194,1278
NTCO3,202007,HGTX3,0.732408244975151,885,1278
NTCO3,202007,LIGT3,0.740090276451313,814,1278
NTCO3,202007,LREN3,0.703271010643802,1225,1278
NTCO3,202007,MRVE3,0.7642163667864,1009,1278
NTCO3,202008,ALPA4,0.783210776628323,786,1350
NTCO3,202008,ENEV3,0.772610479002316,844,1350
NTCO3,202008,GNDI3,0.834749597944038,1226,1350
NTCO3,202009,ALPA4,0.78083979794009,797,1366
NTCO3,202009,ENEV3,0.742376898010391,852,1366
NTCO3,202009,GNDI3,0.836028136271948,1258,1366
NTCO3,202010,ALPA4,0.783777825609607,817,1387
NTCO3,202010,ENEV3,0.732859946838257,902,1387
NTCO3,202010,GNDI3,0.840947133388654,1246,1387
NTCO3,202011,ALPA4,0.82003880069837,830,1401
NTCO3,202011,B3SA3,0.727265636156714,1339,1401
NTCO3,202011,ENEV3,0.743714618846737,852,1401
NTCO3,202011,GNDI3,0.776640352053049,1235,1401
NTCO3,202012,ALPA4,0.840304511423949,837,1420
NTCO3,202012,ENEV3,0.744527471626722,865,1420
NTCO3,202012,GNDI3,0.793276057865689,1274,1420
NTCO3,202101,ALPA4,0.831287943558686,867,1446
NTCO3,202101,GNDI3,0.795359143804935,1379,1446
NTCO3,202102,ALPA4,0.797758411528082,900,1459
NTCO3,202102,BPAC11,0.722194615930171,1330,1459
NTCO3,202102,ENEV3,0.714835671724926,1201,1459
NTCO3,202102,GNDI3,0.782790104602548,1433,1459
NTCO3,202102,MGLU3,0.716298097801889,1276,1459
NTCO3,202103,ABEV3,0.702945712213452,1126,1486
NTCO3,202103,ALPA4,0.818078398593504,867,1486
NTCO3,202103,BIDI11,0.762393096706033,835,1486
NTCO3,202103,ENEV3,0.809563030330295,1196,1486
NTCO3,202103,MRVE3,0.755040351957202,1145,1486
NTCO3,202104,ALPA4,0.792862251532205,878,1502
NTCO3,202104,BIDI11,0.744912810527336,879,1502
NTCO3,202104,ENEV3,0.755012373493932,1181,1502
NTCO3,202104,GNDI3,0.766783872931704,1472,1502
NTCO3,202104,LREN3,0.767666686728769,1368,1502
NTCO3,202105,ALPA4,0.839428942006895,924,1513
NTCO3,202105,BIDI11,0.767665247244714,1210,1513
NTCO3,202105,ENEV3,0.758815194481442,1212,1513
NTCO3,202105,GNDI3,0.757945959743933,1477,1513
NTCO3,202105,LREN3,0.780040882840576,1491,1513
NTCO3,202106,ALPA4,0.839671069519745,931,1525
NTCO3,202106,BIDI11,0.741893908574266,1249,1525
NTCO3,202106,ENEV3,0.787214787839067,1210,1525
NTCO3,202106,GNDI3,0.747156780578479,1483,1525
NTCO3,202106,LREN3,0.752343775519239,1493,1525
NTCO3,202107,ALPA4,0.81012995594982,939,1554
NTCO3,202107,BIDI11,0.701195758536467,1333,1554
NTCO3,202107,ENEV3,0.751691485865551,1225,1554
NTCO3,202107,GNDI3,0.729227170143272,1504,1554
NTCO3,202108,ALPA4,0.800316496329958,948,1587
NTCO3,202108,BIDI11,0.727233977260346,1356,1587
NTCO3,202108,BRIT3,0.704199529403461,699,1587
NTCO3,202108,ENEV3,0.810093452708854,1248,1587
NTCO3,202108,GNDI3,0.705602879405573,1490,1587
NTCO3,202109,ALPA4,0.797455745644471,1025,1575
NTCO3,202109,BIDI11,0.708094631728888,1366,1575
NTCO3,202109,BKBR3,0.710533264353919,756,1575
NTCO3,202109,BRIT3,0.716115941349904,715,1575
NTCO3,202109,ENEV3,0.816479247103041,1279,1575
NTCO3,202110,ALPA4,0.808004963614809,1291,1579
NTCO3,202110,BKBR3,0.709434352863945,691,1579
NTCO3,202110,BRIT3,0.715687610720072,671,1579
NTCO3,202110,ENEV3,0.816324447871375,1151,1579
NTCO3,202110,GNDI3,0.727028120672285,1538,1579
NTCO3,202111,BIDI11,0.732989921313447,1385,1561
NTCO3,202111,ENEV3,0.713960410583053,1151,1561
NTCO3,202111,GNDI3,0.720011362361525,1550,1561
ODPV3,201702,ABCB4,0.73311950314225,407,393
ODPV3,201702,CPLE6,0.740957582101362,727,393
ODPV3,201702,LEVE3,0.825269722491111,430,393
ODPV3,201703,ABCB4,0.752343006311237,442,393
ODPV3,201703,CPLE6,0.741209599767387,753,393
ODPV3,201703,LEVE3,0.80846753497388,445,393
ODPV3,201704,AMAR3,0.712237182505001,341,389
ODPV3,201704,ARZZ3,0.7354493543526,538,389
ODPV3,201704,HGTX3,0.747390081759055,511,389
ODPV3,201705,ABCB4,0.776791532907666,420,372
ODPV3,201705,CPLE6,0.836716184976627,721,372
ODPV3,201705,LEVE3,0.766969569412571,425,372
ODPV3,201706,ABCB4,0.752507108572886,415,410
ODPV3,201706,CPLE6,0.853751501420509,705,410
ODPV3,201706,LEVE3,0.734867060843352,410,410
ODPV3,201707,ABCB4,0.751671110159299,410,468
ODPV3,201707,CPLE6,0.77519140226293,703,468
ODPV3,201708,CPLE6,0.786848436720819,715,454
ODPV3,201902,EGIE3,0.735003741561837,846,484
ODPV3,201903,EGIE3,0.729246382376006,846,427
ODPV3,201904,EGIE3,0.830448141822393,823,541
ODPV3,201905,EGIE3,0.735611863966589,820,566
ODPV3,201909,BRKM5,0.71674139819225,765,539
ODPV3,201910,BRKM5,0.776194340676611,785,559
ODPV3,202007,DMMO3,0.738403222088834,374,504
ODPV3,202008,DMMO3,0.808631000354267,326,452
ODPV3,202008,EMBR3,0.742572098467499,915,452
ODPV3,202009,DMMO3,0.835879416433999,279,421
ODPV3,202009,EMBR3,0.788838443626375,907,421
ODPV3,202010,DMMO3,0.828551098651133,294,385
ODPV3,202011,DMMO3,0.82231414449305,253,413
ODPV3,202012,DMMO3,0.712185049540787,223,397
ODPV3,202103,FLRY3,0.747205101057957,1040,415
ODPV3,202104,FLRY3,0.772459726688382,1053,473
ODPV3,202105,FLRY3,0.741281173632704,1071,472
ODPV3,202106,FLRY3,0.742551735013979,1066,495
ODPV3,202107,FLRY3,0.823886672314249,1053,543
ODPV3,202108,FLRY3,0.809258135377878,1019,527
ODPV3,202109,FLRY3,0.807018931372447,1064,542
ODPV3,202110,FLRY3,0.729658035882593,1131,625
ODPV3,202111,FLRY3,0.733249790398435,1163,571
OFSA3,202008,CGRA4,0.864238482425945,350,327
OFSA3,202009,CLSC4,0.894606258032171,177,325
OFSA3,202010,CLSC4,0.89509865343832,189,328
OFSA3,202011,CLSC4,0.850390947162719,199,416
OFSA3,202012,CLSC4,0.846171591957831,205,348
OFSA3,202101,CLSC4,0.840543469132033,208,350
OFSA3,202102,CLSC4,0.828528277584142,233,359
OFSA3,202103,CLSC4,0.823569197346061,216,426
OFSA3,202104,CLSC4,0.842253789238806,206,448
OFSA3,202105,CLSC4,0.87345926627581,204,451
OFSA3,202106,CLSC4,0.878532168892402,86,447
OFSA3,202107,CLSC4,0.871580107499223,87,286
OFSA3,202108,CLSC4,0.89639273816512,86,273
OFSA3,202109,CLSC4,0.887504985569422,84,272
OFSA3,202110,CLSC4,0.883277016366156,88,292
OFSA3,202111,CLSC4,0.887365450175167,94,296
OFSA3,202112,ARML3,0.721707608853322,710,300
OFSA3,202112,CLSC4,0.893948250335757,93,300
OIBR3,201702,BRIV3,0.888042987949624,134,55
OIBR3,201702,CESP3,0.887551932437602,57,55
OIBR3,201702,GUAR4,0.85819511483382,455,55
OIBR3,201702,ITUB3,0.821350023173897,352,55
OIBR3,201703,BRIV3,0.883544590221146,135,37
OIBR3,201703,CESP3,0.881314203974529,57,37
OIBR3,201703,GUAR4,0.861025049987829,455,37
OIBR3,201703,ITUB3,0.798764522946617,346,37
OIBR3,201704,BRIV3,0.832274186932115,137,28
OIBR3,201704,CESP3,0.831198102543812,55,28
OIBR3,201704,GUAR4,0.831059917627682,461,28
OIBR3,201704,ITUB3,0.759766302624001,360,28
OIBR3,201705,BRIV3,0.935105798502434,134,28
OIBR3,201705,CESP3,0.940241142648755,53,28
OIBR3,201705,GUAR4,0.941053067888966,110,28
OIBR3,201705,ITUB3,0.907328884239671,318,28
OIBR3,201706,BRIV3,0.951483703382425,131,41
OIBR3,201706,CESP3,0.958230159293254,56,41
OIBR3,201706,GUAR4,0.960020641583326,65,41
OIBR3,201706,ITUB3,0.924875068896666,296,41
OIBR3,201707,BRIV3,0.944893786293499,130,36
OIBR3,201707,CESP3,0.955641260546848,52,36
OIBR3,201707,GUAR4,0.957474038366792,372,36
OIBR3,201707,ITUB3,0.919219867157081,294,36
OIBR3,201708,BRIV3,0.950993884534164,131,39
OIBR3,201708,CESP3,0.962884950907429,52,39
OIBR3,201708,GRND3,0.703218215700604,446,39
OIBR3,201708,GUAR4,0.963054929151406,369,39
OIBR3,201708,ITUB3,0.930463319542501,296,39
OIBR3,201709,BRIV3,0.949431945421119,130,40
OIBR3,201709,CESP3,0.962950087422947,37,40
OIBR3,201709,ITUB3,0.927887923536642,290,40
OIBR3,201710,BRIV3,0.953071431199358,131,38
OIBR3,201710,CESP3,0.966384109100597,36,38
OIBR3,201710,ITUB3,0.927522789238743,293,38
OIBR3,201711,BRIV3,0.953817140569534,130,39
OIBR3,201711,CESP3,0.967666330049228,34,39
OIBR3,201711,ITUB3,0.92958239978402,299,39
OIBR3,201712,BRAP4,0.891052478685386,898,36
OIBR3,201801,BRAP4,0.844594735287034,902,336
OIBR3,201802,BRAP4,0.778839450976942,892,343
OIBR3,201805,BRAP4,0.728815216188568,906,470
OIBR3,201807,GOAU3,0.826109477639535,312,471
OIBR3,201810,FIBR3,0.736695679088158,883,458
OIBR3,202108,GOLL4,0.801759699529317,1036,344
OIBR3,202109,GOLL4,0.807313091438976,1069,332
OIBR3,202112,GOLL4,0.816720229831379,1145,418
OIBR4,201702,BRAP3,0.895497325545134,421,42
OIBR4,201702,HBOR3,0.732624961104888,392,42
OIBR4,201703,BRAP3,0.864125195076426,423,61
OIBR4,201703,EMBR3,0.701153613043394,767,61
OIBR4,201704,BRAP3,0.949811030312161,428,213
OIBR4,201705,BRAP3,0.953475243586206,425,45
OIBR4,201706,BRAP3,0.983998273751624,419,46
OIBR4,201707,BRAP3,0.985988785038865,414,46
OIBR4,201708,BRAP3,0.98474950937735,412,47
OIBR4,201708,CAMB4,0.80723058489865,20,47
OIBR4,201709,BRAP3,0.980297619704551,410,47
OIBR4,201709,CAMB4,0.811972379858879,25,47
OIBR4,201710,BRAP3,0.980550798623571,436,41
OIBR4,201710,CAMB4,0.820734913638775,25,41
OIBR4,201711,BRAP3,0.821791907225927,437,182
OIBR4,201711,CAMB4,0.817468643572106,25,182
OIBR4,201712,BRAP3,0.728345666980842,434,183
OIBR4,201804,FIBR3,0.710957414823794,884,256
OIBR4,201804,OIBR3,0.909468665209616,397,256
OIBR4,201805,BRAP4,0.720227076767757,906,287
OIBR4,201805,OIBR3,0.954606897083812,470,287
OIBR4,201806,GOAU3,0.738580148117784,131,290
OIBR4,201806,OIBR3,0.73466513832442,477,290
OIBR4,201807,GOAU3,0.855380017175848,312,308
OIBR4,201807,OIBR3,0.916967404253822,471,308
OIBR4,201808,GGBR3,0.769122809159805,351,311
OIBR4,201808,GOAU3,0.771412566331983,314,311
OIBR4,201810,OIBR3,0.921223292762345,458,286
OIBR4,201811,BRAP3,0.776698033199681,435,259
OIBR4,201811,ITSA3,0.77403487639359,297,259
OIBR4,201811,MOAR3,0.775825023017119,35,259
OIBR4,201812,BRAP3,0.945218580851233,440,268
OIBR4,201812,ITSA3,0.945634321117323,300,268
OIBR4,201812,MOAR3,0.946462579338166,35,268
OIBR4,201901,BRAP3,0.984793843366539,399,271
OIBR4,201901,ITSA3,0.983082265391287,292,271
OIBR4,201901,MOAR3,0.984935489861202,35,271
OIBR4,201902,BRAP3,0.86605883483811,243,189
OIBR4,201902,MOAR3,0.866136331611685,35,189
OIBR4,201903,BRAP3,0.999506542078905,241,70
OIBR4,201903,ITSA3,0.981023487322037,334,70
OIBR4,201903,MOAR3,0.999969058525244,35,70
OIBR4,201904,BRAP3,0.864700873690328,331,70
OIBR4,201904,MOAR3,0.864461679106098,35,70
OIBR4,201905,BRAP3,0.999471141297907,335,39
OIBR4,201905,ITSA3,0.769329254297886,333,39
OIBR4,201905,MOAR3,0.999968202179879,36,39
OIBR4,201906,BRAP3,0.999252507509062,333,39
OIBR4,201906,MOAR3,0.999970986969358,36,39
OIBR4,201907,BRAP3,0.998421637746923,337,39
OIBR4,201907,ITSA3,0.998027111422596,332,39
OIBR4,201907,MOAR3,0.999977802464337,36,39
OIBR4,201908,BRAP3,0.994330743164405,338,39
OIBR4,201908,ITSA3,0.993010795145153,335,39
OIBR4,201908,MOAR3,0.993384095409441,36,39
OIBR4,201909,BRAP3,0.974100511498045,339,161
OIBR4,201909,ITSA3,0.969984558457489,335,161
OIBR4,201909,MOAR3,0.970177543337783,35,161
OIBR4,201910,BRAP3,0.813590786427423,343,47
OIBR4,201910,ITSA3,0.81408747523078,338,47
OIBR4,201910,MOAR3,0.814471279528226,36,47
OIBR4,202010,ETER3,0.81062252136681,25,24
OIBR4,202104,BRAP3,0.975462231186114,426,38
OIBR4,202104,ITSA3,0.994480088147856,404,38
OIBR4,202105,BRAP3,0.978072145216334,408,39
OIBR4,202105,ITSA3,0.987991402986739,402,39
OIBR4,202106,BRAP3,0.976245161278216,395,37
OIBR4,202106,ITSA3,0.991065977355691,388,37
OIBR4,202107,BRAP3,0.946197390826455,396,38
OIBR4,202107,ITSA3,0.989140567411653,389,38
OIBR4,202108,BRAP3,0.962517393219499,402,37
OIBR4,202108,ITSA3,0.983854825905241,396,37
OIBR4,202109,BRAP3,0.923869618410099,285,37
OIBR4,202109,ITSA3,0.991382946941785,398,37
OIBR4,202110,BRAP3,0.910044121499221,295,37
OIBR4,202111,BRAP3,0.872394314444339,298,36
OIBR4,202112,ITSA3,0.948149977259032,403,35
OMGE3,201708,ALPA4,0.734596260871645,559,641
OMGE3,201708,AMAR3,0.751532290301382,474,641
OMGE3,201708,CGAS5,0.713064471445746,311,641
OMGE3,201708,ELET3,0.728366018687241,779,641
OMGE3,201708,ENBR3,0.820697459678137,757,641
OMGE3,201709,AMAR3,0.728556323281503,487,602
OMGE3,201709,ENBR3,0.776130403710407,736,602
OMGE3,201710,AMAR3,0.702837975804685,507,600
OMGE3,201710,ELET3,0.716477152148569,892,600
OMGE3,201710,ENBR3,0.752094181200524,736,600
OMGE3,201711,AMAR3,0.712222104756737,484,577
OMGE3,201711,ELET3,0.77357921058598,916,577
OMGE3,201711,ELET6,0.731875535390539,905,577
OMGE3,201711,ENBR3,0.765375950443084,743,577
OMGE3,201712,CPRE3,0.722615678151781,410,475
OMGE3,201801,ALPA4,0.704025786727602,457,476
OMGE3,201801,AMAR3,0.72089705970158,511,476
OMGE3,201801,ELET3,0.76533658298477,859,476
OMGE3,201801,ELET6,0.739504661779437,864,476
OMGE3,201801,EVEN3,0.71355109261355,531,476
OMGE3,201801,HGTX3,0.71451895990776,668,476
OMGE3,201802,ALPA4,0.733331800539645,467,528
OMGE3,201802,AMAR3,0.742837327514855,382,528
OMGE3,201802,ANIM3,0.708945051230014,455,528
OMGE3,201802,BBDC4,0.705958952534468,1024,528
OMGE3,201802,ELET3,0.719883700777456,804,528
OMGE3,201802,HGTX3,0.731438094852085,593,528
OMGE3,201802,NATU3,0.736932768232731,778,528
OMGE3,201803,ALPA4,0.706231422768653,465,528
OMGE3,201803,AMAR3,0.719721845300655,382,528
OMGE3,201803,ANIM3,0.732904119032763,515,528
OMGE3,201803,BBDC4,0.735769494882818,1029,528
OMGE3,201803,ELET3,0.701020434025994,804,528
OMGE3,201803,HGTX3,0.741346575360759,584,528
OMGE3,201803,NATU3,0.730482687846112,764,528
OMGE3,201804,ALPA4,0.755921286648714,441,583
OMGE3,201804,AMAR3,0.734271480047541,495,583
OMGE3,201804,ANIM3,0.745292163091464,470,583
OMGE3,201804,BBDC4,0.742917333917614,1065,583
OMGE3,201804,HGTX3,0.753754010880612,619,583
OMGE3,201804,NATU3,0.744870167451377,821,583
OMGE3,201805,ALPA4,0.76079152561374,449,599
OMGE3,201805,AMAR3,0.740919114535648,196,599
OMGE3,201805,ANIM3,0.7456781435752,448,599
OMGE3,201805,BBDC4,0.719353713446657,1068,599
OMGE3,201805,BRML3,0.715058910835218,843,599
OMGE3,201805,HGTX3,0.740237661918915,541,599
OMGE3,201805,NATU3,0.764176350583142,818,599
OMGE3,201806,ALPA4,0.728390888282186,432,616
OMGE3,201806,ANIM3,0.707363482142312,423,616
OMGE3,201806,BRML3,0.724529804788662,868,616
OMGE3,201806,ELET3,0.716914969194531,815,616
OMGE3,201806,HGTX3,0.713812805793218,553,616
OMGE3,201806,NATU3,0.713020173860625,845,616
OMGE3,201807,ALPA4,0.715994806075625,472,620
OMGE3,201807,NATU3,0.702721821853323,841,620
OMGE3,201808,ALPA4,0.768224581211459,403,615
OMGE3,201808,ANIM3,0.746023389408451,463,615
OMGE3,201808,BRML3,0.717003372616001,904,615
OMGE3,201808,CYRE3,0.715563843629671,965,615
OMGE3,201808,ELET3,0.731487731497609,868,615
OMGE3,201808,NATU3,0.763371108451792,863,615
OMGE3,201809,ALPA4,0.744123534718295,394,610
OMGE3,201809,BRML3,0.744499161016652,860,610
OMGE3,201809,CYRE3,0.740704350398954,947,610
OMGE3,201809,HGTX3,0.772446457229791,598,610
OMGE3,201809,NATU3,0.74153505730635,821,610
OMGE3,201810,ALPA4,0.759512336268595,398,581
OMGE3,201810,CYRE3,0.702723199814373,933,581
OMGE3,201810,HGTX3,0.782901484023334,640,581
OMGE3,201810,NATU3,0.74168240336064,797,581
OMGE3,201811,ALPA4,0.803077852960493,397,600
OMGE3,201811,BIDI4,0.75686592343293,494,600
OMGE3,201811,ENGI11,0.702158095468404,788,600
OMGE3,201811,HGTX3,0.830844129148339,734,600
OMGE3,201811,IGTA3,0.74543795969967,964,600
OMGE3,201811,NATU3,0.805898414105657,877,600
OMGE3,201812,ALPA4,0.782915691363176,406,591
OMGE3,201812,BIDI4,0.742551215169581,505,591
OMGE3,201812,CAML3,0.74161362274686,462,591
OMGE3,201812,HGTX3,0.826861208063543,783,591
OMGE3,201812,IGTA3,0.755381543831633,995,591
OMGE3,201812,NATU3,0.771449603964017,944,591
OMGE3,201901,ALPA4,0.783035733359641,433,597
OMGE3,201901,ANIM3,0.702484038619847,403,597
OMGE3,201901,BIDI4,0.731292306442593,460,597
OMGE3,201901,BRML3,0.706936391479046,968,597
OMGE3,201901,CAML3,0.767929145223287,435,597
OMGE3,201901,HGTX3,0.814286072037955,815,597
OMGE3,201901,NATU3,0.725679391218598,916,597
OMGE3,201902,ALPA4,0.789611401661956,599,605
OMGE3,201902,BIDI4,0.718905904812858,485,605
OMGE3,201902,BRML3,0.741142719330014,984,605
OMGE3,201902,CAML3,0.761218363604042,488,605
OMGE3,201902,HGTX3,0.796470949300328,817,605
OMGE3,201902,NATU3,0.717951137890827,940,605
OMGE3,201903,ALPA4,0.769616968426114,547,543
OMGE3,201903,BIDI4,0.74370631239402,497,543
OMGE3,201903,BRML3,0.72749717555608,964,543
OMGE3,201903,CAML3,0.745831618498957,412,543
OMGE3,201903,HGTX3,0.790390277182613,821,543
OMGE3,201903,NATU3,0.74582433980297,923,543
OMGE3,201904,ALPA4,0.748339343397406,547,550
OMGE3,201904,BRML3,0.721544836527927,963,550
OMGE3,201904,CAML3,0.727573535944459,402,550
OMGE3,201904,HGTX3,0.786147142614927,760,550
OMGE3,201904,NATU3,0.700154658003803,874,550
OMGE3,201905,ALPA4,0.73831865747931,551,551
OMGE3,201905,BRML3,0.703372704361846,982,551
OMGE3,201905,CAML3,0.708114429919333,415,551
OMGE3,201905,HGTX3,0.777614885217572,747,551
OMGE3,201907,ALPA4,0.726203654788592,623,515
OMGE3,201907,HGTX3,0.721239435283637,789,515
OMGE3,202012,MDIA3,0.716853811060403,627,803
OMGE3,202104,EZTC3,0.703910128072537,1111,863
OMGE3,202105,EZTC3,0.705651571940469,1107,848
ONCO3,202109,BIDI3,0.804009777393997,354,691
ONCO3,202109,BIDI4,0.789675885686816,833,691
ONCO3,202109,BKBR3,0.800864391549191,756,691
ONCO3,202109,BRIT3,0.782214817853972,715,691
ONCO3,202109,ENEV3,0.7199502469771,1279,691
ONCO3,202109,NTCO3,0.733719810474702,1575,691
ONCO3,202110,BIDI3,0.902923578836659,422,643
ONCO3,202110,BIDI4,0.915388188264509,1148,643
ONCO3,202110,BKBR3,0.849644739581869,691,643
ONCO3,202110,BRIT3,0.849054285500519,671,643
ONCO3,202110,ENEV3,0.764116818928893,1151,643
ONCO3,202110,LAME4,0.737906309304283,1220,643
ONCO3,202111,ALPK3,0.711130344051215,243,673
ONCO3,202111,BIDI3,0.912783625935741,413,673
ONCO3,202111,BIDI4,0.913247199535962,1175,673
ONCO3,202111,BKBR3,0.888012940634392,664,673
ONCO3,202111,BRIT3,0.849577603608559,637,673
ONCO3,202111,ENEV3,0.789801771592653,1151,673
ONCO3,202111,MRVE3,0.71742746270863,1267,673
ONCO3,202112,ALPK3,0.740881553071239,248,678
ONCO3,202112,BIDI3,0.915860540089418,441,678
ONCO3,202112,BIDI4,0.919490707317587,1110,678
ONCO3,202112,BKBR3,0.914863116638848,740,678
ONCO3,202112,BRIT3,0.872991976226325,659,678
ONCO3,202112,ENEV3,0.826131774719211,1341,678
ONCO3,202112,MRVE3,0.739840639917217,1289,678
OPCT3,202109,ELMD3,0.705533841595914,104,510
OPCT3,202110,ELMD3,0.727393412537352,98,618
OPCT3,202111,ELMD3,0.717835339334345,101,576
OPCT3,202112,ELMD3,0.713778406227817,141,631
OSXB3,201702,BRGE3,0.908266415320145,133,26
OSXB3,201702,CCXC3,1,26,26
OSXB3,201702,CGRA3,0.907253934358121,135,26
OSXB3,201702,CRIV3,0.908266415320145,133,26
OSXB3,201702,CTNM4,0.907511818559915,134,26
OSXB3,201702,JOPA3,0.908266415320145,133,26
OSXB3,201702,LLIS3,1,26,26
OSXB3,201702,LUPA3,0.793829429938897,27,26
OSXB3,201702,MGEL4,0.908266415320145,133,26
OSXB3,202104,ATOM3,1,22,22
OSXB3,202104,AZEV3,0.99810669531992,23,22
OSXB3,202104,IGBR3,1,22,22
OSXB3,202104,INEP3,1,22,22
OSXB3,202104,LUPA3,0.886386475413531,24,22
OSXB3,202104,MMXM3,0.895048240599685,25,22
OSXB3,202105,ATOM3,1,23,23
OSXB3,202105,AZEV3,0.993723673781134,24,23
OSXB3,202105,BSEV3,0.999821488674454,24,23
OSXB3,202105,IGBR3,1,23,23
OSXB3,202105,INEP3,1,23,23
OSXB3,202105,MMXM3,0.915690495970712,23,23
PARC3,201702,ALPA3,0.8695518842687,57,424
PARC3,201702,CGAS3,0.771970736660763,206,424
PARC3,201702,ENGI4,0.869602904080615,57,424
PARC3,201702,ENMT3,0.864627001094292,59,424
PARC3,201702,ENMT4,0.86861063805243,59,424
PARC3,201703,DTEX3,0.711237180168012,556,536
PARD3,201705,CGAS5,0.725668410287928,558,693
PARD3,201705,ELET6,0.724283252510237,742,693
PARD3,201706,ALPA4,0.708838916219489,590,684
PARD3,201706,CGAS5,0.728597171361557,567,684
PARD3,201706,ENBR3,0.708375034856584,734,684
PARD3,201707,BRSR6,0.705404004747028,636,679
PARD3,201708,CESP6,0.745961010398725,734,696
PARD3,201708,LREN3,0.793619331551199,965,696
PARD3,201710,ALPA4,0.702858170909298,421,712
PARD3,201710,AMAR3,0.705594892031609,507,712
PARD3,201710,ENBR3,0.702022868412606,736,712
PARD3,201711,AZUL4,0.711501027726242,615,662
PARD3,201711,BRSR6,0.792969384344993,620,662
PARD3,201711,CPLE3,0.707573990006892,406,662
PARD3,201711,EUCA4,0.783667606029442,341,662
PARD3,201711,LIGT3,0.751150862885184,589,662
PARD3,201712,AZUL4,0.850254399386003,487,547
PARD3,201712,BRSR6,0.868885088027168,595,547
PARD3,201712,CESP6,0.706251890864799,651,547
PARD3,201712,CPLE3,0.763465450774709,394,547
PARD3,201712,ECOR3,0.884318260299732,808,547
PARD3,201712,EUCA4,0.889104288313651,339,547
PARD3,201712,LIGT3,0.780199540286627,534,547
PARD3,201801,BRSR6,0.741331197467997,615,535
PARD3,201801,CESP6,0.773054696062444,668,535
PARD3,201802,BRSR6,0.777377144749646,600,641
PARD3,201802,EUCA4,0.741517195262234,341,641
PARD3,201803,CESP6,0.709373007820355,598,630
PARD3,201804,CESP6,0.71622232163799,694,609
PARD3,201805,BRSR6,0.740306325453608,622,584
PARD3,201805,CESP6,0.863836246447171,707,584
PARD3,201805,ELPL3,0.70980212456018,594,584
PARD3,201805,EUCA4,0.765267766195534,354,584
PARD3,201806,AZUL4,0.742888908984812,507,600
PARD3,201806,BPAC11,0.727517271790353,433,600
PARD3,201806,BRSR6,0.767760296036475,612,600
PARD3,201806,CESP6,0.809574551311948,701,600
PARD3,201806,EUCA4,0.795284880348401,356,600
PARD3,201807,BPAC11,0.773910871591234,449,543
PARD3,201807,BRSR6,0.858565585508983,612,543
PARD3,201807,CESP6,0.861154738947351,695,543
PARD3,201807,ECOR3,0.84517588552467,779,543
PARD3,201807,EUCA4,0.878888398367483,360,543
PARD3,201807,LIGT3,0.758758072709188,557,543
PARD3,201808,AZUL4,0.893029046880347,523,498
PARD3,201808,BPAC11,0.811581778022666,456,498
PARD3,201808,BRSR6,0.923796640204903,600,498
PARD3,201808,CESP6,0.792754131115015,708,498
PARD3,201808,ECOR3,0.889704119297938,806,498
PARD3,201808,EUCA4,0.941837497093393,356,498
PARD3,201808,GOAU4,0.824380478987523,882,498
PARD3,201809,AZUL4,0.905407678287967,573,470
PARD3,201809,BPAC11,0.780603411135566,515,470
PARD3,201809,BRSR6,0.92596839122717,598,470
PARD3,201809,CESP6,0.743564438174575,687,470
PARD3,201809,ECOR3,0.895947568545764,720,470
PARD3,201809,EUCA4,0.939776787380938,356,470
PARD3,201809,GOAU3,0.86925901382444,381,470
PARD3,201809,GOAU4,0.874455296310087,874,470
PARD3,201809,HAPV3,0.777293270210211,723,470
PARD3,201809,MULT3,0.701565424196422,816,470
PARD3,201810,BRAP4,0.714187203466336,931,503
PARD3,201810,BRSR6,0.960280504710437,593,503
PARD3,201810,CESP6,0.836701795703128,669,503
PARD3,201810,ECOR3,0.947932675782961,732,503
PARD3,201810,EUCA4,0.97037193059228,360,503
PARD3,201810,GOAU3,0.957893437774383,380,503
PARD3,201810,GOAU4,0.932343454964091,850,503
PARD3,201810,HAPV3,0.861292471745166,689,503
PARD3,201810,MRFG3,0.720397686361435,694,503
PARD3,201810,MULT3,0.711242595350869,805,503
PARD3,201811,BRAP4,0.730411388710028,950,514
PARD3,201811,BRSR6,0.9586935580208,644,514
PARD3,201811,CESP6,0.788762133546589,717,514
PARD3,201811,ECOR3,0.941192209935234,826,514
PARD3,201811,EUCA4,0.956339325239268,360,514
PARD3,201811,GOAU3,0.950565312953459,298,514
PARD3,201811,GOAU4,0.927726137634998,898,514
PARD3,201811,HAPV3,0.851075564429811,716,514
PARD3,201811,LAME4,0.70075002625208,910,514
PARD3,201811,LIGT3,0.749115556358897,601,514
PARD3,201811,MULT3,0.715252201037629,903,514
PARD3,201812,BRAP4,0.788718015476445,963,566
PARD3,201812,BRSR6,0.972120778030587,639,566
PARD3,201812,CESP6,0.794526607062883,731,566
PARD3,201812,ECOR3,0.870607303916765,859,566
PARD3,201812,EUCA4,0.970864274433384,366,566
PARD3,201812,GOAU3,0.92556123586826,297,566
PARD3,201812,GOAU4,0.907045755218043,883,566
PARD3,201812,HAPV3,0.883662619459984,731,566
PARD3,201901,BRAP4,0.837624887544104,956,574
PARD3,201901,BRSR6,0.962211984747956,628,574
PARD3,201901,CESP6,0.74993546627596,730,574
PARD3,201901,ECOR3,0.734759079189221,865,574
PARD3,201901,EUCA4,0.954073975415351,364,574
PARD3,201901,GOAU3,0.848219388317402,301,574
PARD3,201901,GOAU4,0.847688433253058,851,574
PARD3,201901,HAPV3,0.812463355801037,746,574
PARD3,201902,BRAP4,0.864964077484288,988,538
PARD3,201902,BRFS3,0.836596862380458,871,538
PARD3,201902,BRSR6,0.971616320070953,658,538
PARD3,201902,CESP6,0.83628985469487,775,538
PARD3,201902,ECOR3,0.712859856750233,893,538
PARD3,201902,EUCA4,0.969382975732421,377,538
PARD3,201902,GOAU3,0.892507086798784,326,538
PARD3,201902,GOAU4,0.909317566830836,921,538
PARD3,201902,HAPV3,0.899921833837767,803,538
PARD3,201902,MULT3,0.756845882976666,929,538
PARD3,201903,BRAP4,0.781295830880947,980,510
PARD3,201903,BRDT3,0.79382991744395,985,510
PARD3,201903,BRFS3,0.841665820718209,856,510
PARD3,201903,BRSR6,0.962727070338372,627,510
PARD3,201903,CESP6,0.830735677230368,770,510
PARD3,201903,EUCA4,0.963377806729892,383,510
PARD3,201903,GOAU3,0.813704007024239,344,510
PARD3,201903,GOAU4,0.896474498949762,901,510
PARD3,201903,HAPV3,0.712986845090117,766,510
PARD3,201903,LAME4,0.733152126191809,941,510
PARD3,201903,MRFG3,0.701829156929083,749,510
PARD3,201904,BRAP4,0.704188666438073,917,516
PARD3,201904,BRSR6,0.967354136682293,622,516
PARD3,201904,CESP6,0.833184117259636,785,516
PARD3,201904,EUCA4,0.970425730483737,396,516
PARD3,201904,GOAU3,0.82666505267289,344,516
PARD3,201904,GOAU4,0.910596697051359,857,516
PARD3,201904,HAPV3,0.733721737157051,810,516
PARD3,201904,LAME4,0.879874699321679,867,516
PARD3,201905,BRAP4,0.72488729442006,919,510
PARD3,201905,BRDT3,0.831545265625853,889,510
PARD3,201905,BRFS3,0.866624669159022,947,510
PARD3,201905,BRSR6,0.966197133711813,593,510
PARD3,201905,CESP6,0.838179496702295,820,510
PARD3,201905,CIEL3,0.704448041643909,861,510
PARD3,201905,CMIG3,0.712412530080133,649,510
PARD3,201905,EUCA4,0.968398801252192,400,510
PARD3,201905,GOAU3,0.839656663604068,344,510
PARD3,201905,GOAU4,0.901090126270797,872,510
PARD3,201905,HAPV3,0.727792827057925,778,510
PARD3,201905,LAME4,0.841912522539911,856,510
PARD3,201906,BRAP4,0.761641436447305,895,498
PARD3,201906,BRDT3,0.853849113197402,850,498
PARD3,201906,BRFS3,0.881544420444646,949,498
PARD3,201906,BRSR6,0.964145247105237,610,498
PARD3,201906,CESP6,0.84320464143575,844,498
PARD3,201906,CMIG4,0.735131977496082,1019,498
PARD3,201906,EUCA4,0.986258473236943,397,498
PARD3,201906,GOAU3,0.842387764452723,347,498
PARD3,201906,GOAU4,0.897198221072816,869,498
PARD3,201906,HAPV3,0.707028577788508,780,498
PARD3,201906,LAME4,0.735764828993296,831,498
PARD3,201907,BPAC11,0.775584130331877,793,532
PARD3,201907,BRAP4,0.806894363682218,912,532
PARD3,201907,BRFS3,0.839340113898037,973,532
PARD3,201907,BRSR6,0.96876877626336,657,532
PARD3,201907,CESP6,0.845457094074682,882,532
PARD3,201907,CMIG4,0.757946213360247,995,532
PARD3,201907,EUCA4,0.991690508222541,402,532
PARD3,201907,GOAU4,0.922759970751406,911,532
PARD3,201907,HAPV3,0.737326968265197,837,532
PARD3,201907,LREN3,0.727876197120454,1101,532
PARD3,201908,BRAP4,0.746315116986872,939,580
PARD3,201908,BRFS3,0.87694983512682,981,580
PARD3,201908,BRSR6,0.861202173656417,628,580
PARD3,201908,CESP6,0.763265445314883,876,580
PARD3,201908,CMIG4,0.711901588879813,947,580
PARD3,201908,EUCA4,0.878443904575929,404,580
PARD3,201908,GOAU4,0.831220463815016,915,580
PARD3,201908,HAPV3,0.767914123096541,950,580
PARD3,201908,ITUB4,0.733299556710487,1024,580
PARD3,201909,BRSR6,0.765173265311017,594,576
PARD3,201909,EUCA4,0.785566430663877,405,576
PARD3,201909,GGBR4,0.870225272391816,893,576
PARD3,201909,GOAU4,0.712373902790213,879,576
PARD3,201909,GOLL4,0.767565071632981,852,576
PARD3,201909,HAPV3,0.77956360343814,1000,576
PARD3,201909,ITUB4,0.771105300385335,1048,576
PARD3,201909,MULT3,0.774029937714473,981,576
PARD3,201910,GGBR4,0.907091237836272,911,562
PARD3,201910,ITUB4,0.722982097619241,1120,562
PARD3,201910,MULT3,0.848117045336033,980,562
PARD3,201911,ABEV3,0.780834806828203,907,521
PARD3,201911,CCPR3,0.913587056191798,638,521
PARD3,201911,CCRO3,0.743235992894882,868,521
PARD3,201911,CEAB3,0.92597277355479,638,521
PARD3,201911,EGIE3,0.884762008707015,844,521
PARD3,201911,ENGI11,0.917377822499804,768,521
PARD3,201911,EZTC3,0.931911209076405,753,521
PARD3,201911,FLRY3,0.817479529606777,867,521
PARD3,201911,GGBR4,0.800466835392234,921,521
PARD3,201911,IRBR3,0.790234145723375,962,521
PARD3,201911,MULT3,0.962295348741823,971,521
PARD3,201912,CCPR3,0.715788248865258,611,539
PARD3,201912,CEAB3,0.720090242661351,618,539
PARD3,201912,ENGI11,0.720652162012877,768,539
PARD3,201912,EZTC3,0.717023574615137,716,539
PARD3,201912,MULT3,0.865158935206642,951,539
PARD3,202001,BTOW3,0.749723061119738,931,592
PARD3,202001,CCPR3,0.747342977991458,608,592
PARD3,202001,CEAB3,0.755123053819315,622,592
PARD3,202001,ENGI11,0.760380747805032,796,592
PARD3,202001,EZTC3,0.747424858206781,740,592
PARD3,202001,GGBR4,0.71121945480403,995,592
PARD3,202001,MULT3,0.887057153722932,936,592
PARD3,202002,BRDT3,0.767067235295001,1071,651
PARD3,202002,BTOW3,0.767824756774648,947,651
PARD3,202002,CCPR3,0.786902222544886,565,651
PARD3,202002,CEAB3,0.772859530324621,545,651
PARD3,202002,DTEX3,0.751802356132113,629,651
PARD3,202002,ENGI11,0.790085472503176,812,651
PARD3,202002,EZTC3,0.77151065160288,760,651
PARD3,202002,IRBR3,0.761835105704764,948,651
PARD3,202002,MULT3,0.876340198248545,976,651
PARD3,202003,BRDT3,0.734468425065541,1084,638
PARD3,202003,BTOW3,0.793902527325299,965,638
PARD3,202003,CCPR3,0.82034672901731,551,638
PARD3,202003,CCRO3,0.750344588177625,898,638
PARD3,202003,CEAB3,0.776335853517161,572,638
PARD3,202003,CRFB3,0.729484642181597,844,638
PARD3,202003,DTEX3,0.810964784788789,580,638
PARD3,202003,ENGI11,0.813582294358056,777,638
PARD3,202003,EZTC3,0.760503414758553,771,638
PARD3,202003,ITUB4,0.713219390484896,1143,638
PARD3,202003,MULT3,0.762935591564043,994,638
PARD3,202004,BRDT3,0.722127471548123,1120,628
PARD3,202004,BRFS3,0.724606300996685,969,628
PARD3,202004,CMIG3,0.711021701342247,613,628
PARD3,202005,BRDT3,0.742739475058795,1136,636
PARD3,202005,BRFS3,0.726089272351078,974,636
PARD3,202005,CMIG3,0.724515379018171,609,636
PARD3,202006,BRDT3,0.794459511581547,1192,627
PARD3,202006,CCPR3,0.714822443668898,507,627
PARD3,202007,BRDT3,0.768696570263081,1154,654
PARD3,202007,BRFS3,0.800545808013022,942,654
PARD3,202007,CMIG3,0.76100835530039,602,654
PARD3,202007,GOAU3,0.715600598016948,430,654
PARD3,202008,BRFS3,0.851874665274082,1013,646
PARD3,202008,BTOW3,0.701169538578354,1084,646
PARD3,202008,CMIG3,0.835912587025925,644,646
PARD3,202008,GOAU3,0.784783535150526,441,646
PARD3,202008,GOAU4,0.780632835502293,1043,646
PARD3,202009,BRFS3,0.880755982393261,1007,621
PARD3,202009,BTOW3,0.784597676747377,1108,621
PARD3,202009,CMIG3,0.897992287765964,566,621
PARD3,202009,GOAU3,0.812343902277386,445,621
PARD3,202009,GOAU4,0.820664190465277,1065,621
PARD3,202009,ITSA3,0.770731080261476,350,621
PARD3,202010,BRFS3,0.895337552321698,999,635
PARD3,202010,BTOW3,0.764198322500162,1029,635
PARD3,202010,CMIG3,0.905469634873132,541,635
PARD3,202010,GOAU3,0.817531665638888,452,635
PARD3,202010,GOAU4,0.855847494082358,1056,635
PARD3,202010,ITSA3,0.751970778087275,354,635
PARD3,202010,MELK3,0.792985212949502,545,635
PARD3,202011,BRFS3,0.957827416630139,994,590
PARD3,202011,BTOW3,0.852079818545374,982,590
PARD3,202011,CMIG3,0.984646116919115,534,590
PARD3,202011,ECOR3,0.787423092766047,965,590
PARD3,202011,GOAU3,0.901050899780994,448,590
PARD3,202011,GOAU4,0.923510262239413,1059,590
PARD3,202011,ITSA3,0.823650490740032,348,590
PARD3,202011,MELK3,0.884453802081248,470,590
PARD3,202012,AERI3,0.945995455545227,575,575
PARD3,202012,BRFS3,0.86088381246186,1019,575
PARD3,202012,BTOW3,0.891636315655315,972,575
PARD3,202012,CMIG3,0.984739195301823,524,575
PARD3,202012,ECOR3,0.926142742471166,990,575
PARD3,202012,GOAU3,0.887719555958763,498,575
PARD3,202012,GOAU4,0.908090772393051,1059,575
PARD3,202012,ITSA3,0.833176462505882,354,575
PARD3,202012,MELK3,0.879958615280828,473,575
PARD3,202101,AERI3,0.931015739993535,573,562
PARD3,202101,BRFS3,0.799929480110747,1083,562
PARD3,202101,BTOW3,0.724713035068731,1015,562
PARD3,202101,CMIG3,0.987060331629368,526,562
PARD3,202101,ECOR3,0.946646856428334,1029,562
PARD3,202101,GOAU3,0.885672670023039,501,562
PARD3,202101,GOAU4,0.914578041292191,1099,562
PARD3,202101,ITSA3,0.841401202711142,356,562
PARD3,202101,MELK3,0.882980822960325,469,562
PARD3,202102,AERI3,0.883486751904353,620,577
PARD3,202102,AZUL4,0.723125072376578,1006,577
PARD3,202102,BRFS3,0.81625466727335,1080,577
PARD3,202102,CMIG3,0.985017321997862,493,577
PARD3,202102,ECOR3,0.942891915251885,1023,577
PARD3,202102,GOAU3,0.897078730223044,505,577
PARD3,202102,GOAU4,0.906819287953167,1171,577
PARD3,202103,AERI3,0.871750410054287,504,573
PARD3,202103,BRFS3,0.851924055740525,1087,573
PARD3,202103,CMIG3,0.983569939919786,467,573
PARD3,202103,ECOR3,0.96384957184252,1044,573
PARD3,202103,GOAU3,0.892798802328415,514,573
PARD3,202103,GOAU4,0.899858261942574,1168,573
PARD3,202103,HAPV3,0.746081238116881,1232,573
PARD3,202104,AERI3,0.902971810554697,506,609
PARD3,202104,BRFS3,0.828973477345379,1090,609
PARD3,202104,CMIG3,0.981143976394748,481,609
PARD3,202104,ECOR3,0.943305427183422,1076,609
PARD3,202104,GOAU3,0.894499985229206,545,609
PARD3,202104,GOAU4,0.887729860693922,1189,609
PARD3,202104,HAPV3,0.776645616318367,1274,609
PARD3,202105,AERI3,0.788952137371668,588,601
PARD3,202105,BPAC5,0.864203431422888,437,601
PARD3,202105,BRFS3,0.976334250720005,1091,601
PARD3,202105,BTOW3,0.736568790470399,1087,601
PARD3,202105,CMIG3,0.980235076622712,507,601
PARD3,202105,ECOR3,0.92723635738547,1077,601
PARD3,202105,GOAU3,0.887547546433809,475,601
PARD3,202105,GOAU4,0.872845831588683,1215,601
PARD3,202105,HAPV3,0.786714183230667,1362,601
PARD3,202106,BRFS3,0.969823490835918,1104,606
PARD3,202106,CMIG3,0.975988089733993,479,606
PARD3,202106,CSNA3,0.73238604036555,1122,606
PARD3,202106,ECOR3,0.939226371772713,1110,606
PARD3,202106,GOAU3,0.890592363543136,469,606
PARD3,202106,GOAU4,0.829740441950314,1196,606
PARD3,202106,HAPV3,0.703631229902362,1373,606
PARD3,202107,BPAC5,0.82463055853618,596,622
PARD3,202107,BRFS3,0.945652915407858,1102,622
PARD3,202107,CMIG3,0.97753835786247,494,622
PARD3,202107,ECOR3,0.930982645735702,1166,622
PARD3,202107,GOAU3,0.888169210483129,475,622
PARD3,202107,GOAU4,0.841411194331795,1228,622
PARD3,202107,MRFG3,0.805759593453884,1171,622
PARD3,202108,BRFS3,0.925957538533756,1050,670
PARD3,202108,CMIG3,0.975034646026844,530,670
PARD3,202108,ECOR3,0.937989101560615,1082,670
PARD3,202108,GOAU3,0.901829242123879,519,670
PARD3,202108,GOAU4,0.780385708769629,1211,670
PARD3,202108,MRFG3,0.783331322556133,1149,670
PARD3,202109,CMIG3,0.979264002640787,539,701
PARD3,202109,ECOR3,0.885801299734376,1129,701
PARD3,202109,GOAU3,0.883183223404679,503,701
PARD3,202109,GOAU4,0.880138026813741,1295,701
PARD3,202109,MRFG3,0.757284043888918,1198,701
PARD3,202110,AESB3,0.782870413203145,687,703
PARD3,202110,BRFS3,0.7378210149703,1191,703
PARD3,202110,CMIG3,0.975279234501731,532,703
PARD3,202110,CSNA3,0.749979994087713,1197,703
PARD3,202110,ECOR3,0.861104255418197,1200,703
PARD3,202110,GOAU3,0.880964377596633,503,703
PARD3,202110,GOAU4,0.883418941330695,1342,703
PARD3,202110,LIGT3,0.727490159644504,875,703
PARD3,202110,MRFG3,0.796025165781622,1280,703
PARD3,202111,AERI3,0.74501031846143,572,674
PARD3,202111,AESB3,0.71344578861243,658,674
PARD3,202111,CMIG3,0.981652178545692,533,674
PARD3,202111,CSNA3,0.79389903631665,1192,674
PARD3,202111,ECOR3,0.831494201848468,1238,674
PARD3,202111,GOAU3,0.893106998618487,502,674
PARD3,202111,GOAU4,0.890680241575394,1364,674
PARD3,202111,LIGT3,0.825754802161567,840,674
PARD3,202111,MRFG3,0.850680605629437,1294,674
PARD3,202112,AESB3,0.756183240501735,714,720
PARD3,202112,CMIG3,0.98166259653199,525,720
PARD3,202112,CSMG3,0.70365728553346,629,720
PARD3,202112,CSNA3,0.82880064895818,1167,720
PARD3,202112,ECOR3,0.796075711221941,1239,720
PARD3,202112,EMBR3,0.711934334059016,1180,720
PARD3,202112,GOAU3,0.896971946518135,522,720
PARD3,202112,GOAU4,0.947046480907517,1391,720
PARD3,202112,LIGT3,0.866860017023244,868,720
PARD3,202112,MRFG3,0.885622368889664,1290,720
PCAR3,202004,ANIM3,0.70381382884711,604,981
PCAR3,202004,BIDI11,0.710656833357511,584,981
PCAR3,202004,BKBR3,0.743789639070767,625,981
PCAR3,202004,ENEV3,0.720818052766315,812,981
PCAR3,202004,HGTX3,0.71396635792205,928,981
PCAR3,202004,IGTA3,0.805964517677687,1001,981
PCAR3,202004,MRVE3,0.721319197186553,993,981
PCAR3,202005,ANIM3,0.781592730921141,656,973
PCAR3,202005,BIDI11,0.709634199052612,580,973
PCAR3,202005,BKBR3,0.823473802417752,647,973
PCAR3,202005,BRML3,0.764482342099412,1029,973
PCAR3,202005,ENEV3,0.732804795177958,810,973
PCAR3,202005,HGTX3,0.814462171005863,914,973
PCAR3,202005,IGTA3,0.839988849826244,1016,973
PCAR3,202005,MRVE3,0.799324488543773,1005,973
PCAR3,202005,NTCO3,0.701642748495526,1197,973
PCAR3,202007,NEOE3,0.701545304020524,758,1048
PCAR3,202103,BBTG11,0.76299597981269,58,1073
PCAR3,202105,GOLL4,0.713777222010978,1047,1063
PCAR3,202106,DTEX3,0.778599296391873,664,1061
PCAR3,202107,DTEX3,0.757530253852036,713,1057
PCAR3,202109,DXCO3,0.770701298289903,727,1071
PCAR3,202111,DXCO3,0.729122895644788,1125,1171
PCAR3,202112,DXCO3,0.747739390595367,1096,1159
PCAR4,201702,ABEV3,0.703507865329643,842,794
PCAR4,201709,GGBR4,0.769031040676761,810,765
PCAR4,201710,LAME4,0.703420705406389,944,796
PCAR4,201712,CPRE3,0.725875871120616,410,816
PCAR4,201802,BBDC3,0.778955657625888,692,703
PCAR4,201802,BEEF3,0.767648794492779,416,703
PCAR4,201803,BBDC3,0.753035053300194,696,692
PCAR4,201803,BEEF3,0.701752565859751,432,692
PCAR4,201807,MYPK3,0.713166322276066,713,874
PCAR4,201808,BRKM5,0.70053511489711,915,900
PCAR4,201808,GUAR3,0.719910810222718,345,900
PCAR4,201808,MYPK3,0.84889644148453,649,900
PCAR4,201809,GUAR3,0.767420936831005,371,896
PCAR4,201809,MYPK3,0.88954371571567,627,896
PCAR4,201810,BRDT3,0.816614165850553,517,880
PCAR4,201810,CMIG3,0.701279178170263,552,880
PCAR4,201810,DTEX3,0.75587050797789,515,880
PCAR4,201810,JBSS3,0.752920657043644,796,880
PCAR4,201810,MEAL3,0.764695465385095,412,880
PCAR4,201810,MYPK3,0.785971167081388,621,880
PCAR4,201811,BRDT3,0.825045885447995,764,943
PCAR4,201811,CRFB3,0.741468142046878,625,943
PCAR4,201811,DTEX3,0.739764879148966,609,943
PCAR4,201811,MEAL3,0.722639342558899,435,943
PCAR4,201811,MYPK3,0.7406020793033,648,943
PCAR4,201812,BRDT3,0.821962611188625,827,903
PCAR4,201812,DTEX3,0.738902059329171,625,903
PCAR4,201812,KROT3,0.700947701899772,859,903
PCAR4,201812,MEAL3,0.71723983296369,437,903
PCAR4,201812,MYPK3,0.716553357932737,655,903
PCAR4,201901,BPAC11,0.73917267126527,490,900
PCAR4,201901,BRDT3,0.867361058032392,880,900
PCAR4,201901,CCRO3,0.806659413573307,894,900
PCAR4,201901,CMIG3,0.763291535386705,616,900
PCAR4,201901,DTEX3,0.84428110948371,614,900
PCAR4,201901,GUAR3,0.747431845988746,540,900
PCAR4,201901,KROT3,0.860427752054441,864,900
PCAR4,201901,MEAL3,0.816326620153946,462,900
PCAR4,201901,MYPK3,0.799017108167308,624,900
PCAR4,201902,BPAC11,0.735460231926565,559,984
PCAR4,201902,BRKM5,0.707540196064428,924,984
PCAR4,201902,CCRO3,0.821966747032531,924,984
PCAR4,201902,CMIG3,0.790373404451281,647,984
PCAR4,201902,DTEX3,0.872972140126215,669,984
PCAR4,201902,ELET3,0.819494494654401,946,984
PCAR4,201902,GUAR3,0.715382303756336,561,984
PCAR4,201902,KROT3,0.883209361490996,924,984
PCAR4,201902,MEAL3,0.836232274384028,498,984
PCAR4,201902,MYPK3,0.817792652887514,667,984
PCAR4,201903,BPAC11,0.719355883236022,552,974
PCAR4,201903,CCRO3,0.841376190706226,908,974
PCAR4,201903,CMIG3,0.773604155311021,658,974
PCAR4,201903,DTEX3,0.844586115878234,573,974
PCAR4,201903,ELET3,0.837628854778402,973,974
PCAR4,201903,MEAL3,0.829553996850118,455,974
PCAR4,201903,MYPK3,0.80110520734003,621,974
PCAR4,201904,CCRO3,0.837818249441245,911,952
PCAR4,201904,CMIG3,0.80530436619571,659,952
PCAR4,201904,DTEX3,0.820192269434775,573,952
PCAR4,201904,ENBR3,0.715910791380313,860,952
PCAR4,201904,LINX3,0.747353366162183,775,952
PCAR4,201904,MEAL3,0.822280497384281,407,952
PCAR4,201904,MYPK3,0.817768620386442,572,952
PCAR4,201905,CCRO3,0.733480693553829,927,980
PCAR4,201905,DTEX3,0.76203100764039,476,980
PCAR4,201905,GUAR3,0.77050401495238,447,980
PCAR4,201905,LINX3,0.700608569694063,729,980
PCAR4,201905,MEAL3,0.722622819725906,408,980
PCAR4,201905,MYPK3,0.767667318055538,555,980
PCAR4,201906,CPFE3,0.826011829580862,455,950
PCAR4,201911,ENGI11,0.768753677309884,768,907
PCAR4,201911,MULT3,0.729485420561059,971,907
PCAR4,201912,ABEV3,0.702744473242953,896,854
PCAR4,201912,CCPR3,0.732701344214179,611,854
PCAR4,201912,CEAB3,0.74162205685301,618,854
PCAR4,201912,EGIE3,0.734111047406851,841,854
PCAR4,201912,ENGI11,0.822473699101804,768,854
PCAR4,201912,EZTC3,0.735117401258781,716,854
PCAR4,201912,MULT3,0.804920742022649,951,854
PCAR4,202001,BRDT3,0.708459191109759,1077,878
PCAR4,202001,CRFB3,0.759575845881418,693,878
PCAR4,202001,ENGI11,0.785929797287332,796,878
PCAR4,202001,IRBR3,0.705723246818796,928,878
PCAR4,202001,MULT3,0.70381232642586,936,878
PCAR4,202002,CRFB3,0.866836844347518,848,877
PCAR4,202002,ENGI11,0.72692649012352,812,877
PCAR4,202003,BMGB4,0.730857246617022,483,142
PCAR4,202003,FHER3,0.847796390257766,42,142
PDTC3,202008,AALR3,0.903871629585421,402,255
PDTC3,202008,CPLE3,0.891671588675574,465,255
PDTC3,202008,ECOR3,0.868928719124964,993,255
PDTC3,202008,GUAR3,0.722235569878377,574,255
PDTC3,202008,LINX3,0.810542123877704,698,255
PDTC3,202008,LOGN3,0.838642465988449,466,255
PDTC3,202008,MEAL3,0.861417960243649,551,255
PDTC3,202009,AALR3,0.890191442247617,403,257
PDTC3,202009,CPLE3,0.918092649464695,473,257
PDTC3,202009,ECOR3,0.881729185578287,1017,257
PDTC3,202009,LINX3,0.835776930300565,771,257
PDTC3,202009,LOGN3,0.882702613941562,434,257
PDTC3,202009,MEAL3,0.885732821903585,512,257
PDTC3,202010,AALR3,0.906614865061727,477,265
PDTC3,202010,ALSO3,0.751229111864907,811,265
PDTC3,202010,ECOR3,0.862985147969883,982,265
PDTC3,202010,LOGN3,0.928129002939205,425,265
PDTC3,202010,MEAL3,0.920332367236841,515,265
PDTC3,202011,AALR3,0.896544052660248,459,253
PDTC3,202011,ALSO3,0.772420097621359,782,253
PDTC3,202011,LOGN3,0.922930886135475,403,253
PDTC3,202011,MEAL3,0.825557525739056,505,253
PDTC3,202012,AALR3,0.841430005498025,476,256
PDTC3,202012,ALSO3,0.700525484523143,782,256
PDTC3,202101,AALR3,0.875200735689363,444,254
PDTC3,202101,ALSO3,0.74383475040728,747,254
PDTC3,202102,AALR3,0.888779410238746,368,260
PDTC3,202102,ALSO3,0.758499808333957,800,260
PDTC3,202103,AALR3,0.985766227126575,298,262
PDTC3,202104,AALR3,0.70175104793697,416,262
PDTC3,202105,BBRK3,0.76049301186083,486,234
PETR3,201704,BBDC3,0.723945095075549,724,819
PETR3,201705,BBDC3,0.723168606467789,675,812
PETR3,201706,BBDC3,0.741161619468,663,796
PETR3,201707,BBDC3,0.848471120714288,653,767
PETR3,201708,BBDC3,0.783689267552312,647,799
PETR3,201709,BBDC3,0.852467620025862,642,772
PETR3,201709,EMBR3,0.712109004247326,733,772
PETR3,201710,BBDC3,0.740839122855782,680,782
PETR3,201711,EMBR3,0.746124480926625,758,814
PETR3,201711,ITUB4,0.716076868885011,986,814
PETR3,201711,KROT3,0.788179937874429,853,814
PETR3,201712,ITUB4,0.704210320655213,990,818
PETR3,201801,EMBR3,0.799031044622686,780,793
PETR3,201801,ITUB4,0.722167420814169,985,793
PETR3,201803,ITUB4,0.792005141436398,1007,776
PETR3,201803,JBSS3,0.750371519714781,720,776
PETR3,201803,KLBN11,0.710638883908277,747,776
PETR3,201810,ITUB4,0.746243846534198,1070,852
PETR3,201811,ITUB4,0.75960689293248,1083,906
PETR3,201812,BBDC4,0.717237202678222,1133,892
PETR3,201901,ITUB4,0.739323705789893,1078,864
PETR3,201902,BBDC4,0.710516170969046,1180,901
PETR3,201903,ITUB4,0.748439637573056,1096,912
PETR3,201904,ITUB4,0.824083260759798,1065,895
PETR3,201905,ITUB4,0.806509832272084,1086,895
PETR3,201906,BPAC11,0.739601634586805,676,925
PETR3,201906,CSMG3,0.703169540342616,738,925
PETR3,201907,ITUB4,0.755925206588452,1067,995
PETR3,201908,ITUB4,0.76546011770752,1024,944
PETR3,201909,ITUB4,0.742554945546635,1048,953
PETR3,201912,BBDC3,0.725100875430623,812,935
PETR3,202001,ITUB4,0.705198253358191,1070,908
PETR3,202002,BRDT3,0.734648596169609,1071,977
PETR3,202004,ITUB4,0.791665035978488,1175,1031
PETR3,202005,BRDT3,0.716935815576627,1136,992
PETR3,202005,CCPR3,0.799222480908629,505,992
PETR3,202005,CCRO3,0.809136825060541,942,992
PETR3,202005,CEAB3,0.788915431507122,616,992
PETR3,202005,CRFB3,0.759297563086231,927,992
PETR3,202005,DTEX3,0.722900336148052,581,992
PETR3,202005,ENGI11,0.779144517841387,1020,992
PETR3,202005,FLRY3,0.797894444415633,946,992
PETR3,202005,ITUB4,0.851170747766391,1208,992
PETR3,202005,MULT3,0.731423478548497,1079,992
PETR3,202005,PARD3,0.712879868393469,636,992
PETR3,202006,ABEV3,0.716158867414716,1004,1030
PETR3,202006,BRDT3,0.804279467407016,1192,1030
PETR3,202006,CCPR3,0.737270149163037,507,1030
PETR3,202006,CCRO3,0.735380604171495,972,1030
PETR3,202006,CEAB3,0.710821200183634,636,1030
PETR3,202006,CRFB3,0.730121708334456,946,1030
PETR3,202006,ENGI11,0.71732515070966,1049,1030
PETR3,202006,FLRY3,0.704046755187238,936,1030
PETR3,202006,ITUB4,0.729056663587161,1210,1030
PETR3,202006,PARD3,0.810908343841569,627,1030
PETR3,202007,BRDT3,0.751085562788446,1154,998
PETR3,202007,CCPR3,0.7137091083325,515,998
PETR3,202007,CRFB3,0.752553663445558,940,998
PETR3,202007,PARD3,0.762947103180787,654,998
PETR3,202008,CCPR3,0.712295217585059,505,1064
PETR3,202009,BRDT3,0.723730624970167,1153,1072
PETR3,202009,CCPR3,0.785375741660239,505,1072
PETR3,202009,CEAB3,0.740870065328662,591,1072
PETR3,202010,CCPR3,0.775638318273595,509,1056
PETR3,202010,CEAB3,0.724766315191401,583,1056
PETR3,202010,ITUB4,0.848828372848062,1278,1056
PETR3,202111,B3SA3,0.757307095221452,1365,1229
PETR4,201702,BBDC4,0.726837107627806,1052,1069
PETR4,201703,BBDC4,0.731920822883887,1044,1080
PETR4,201705,BBDC4,0.737212978257009,1024,1014
PETR4,201706,BVMF3,0.720731009614301,1095,1010
PETR4,201709,AZUL4,0.795387158759993,564,1030
PETR4,201709,BRSR6,0.829304513003483,609,1030
PETR4,201709,CPLE3,0.760485256265122,388,1030
PETR4,201709,ECOR3,0.727028838205098,730,1030
PETR4,201709,EUCA4,0.782915409475519,329,1030
PETR4,201709,ITUB4,0.746563460314262,993,1030
PETR4,201709,LIGT3,0.785528221056539,662,1030
PETR4,201709,MULT3,0.72251958356566,849,1030
PETR4,201710,AZUL4,0.719372543925167,637,1039
PETR4,201710,BRSR6,0.825450137958317,625,1039
PETR4,201710,EUCA4,0.802783085338703,339,1039
PETR4,201710,LIGT3,0.796679296004555,593,1039
PETR4,201711,AZUL4,0.774577236859864,615,1037
PETR4,201711,BRSR6,0.805856972185105,620,1037
PETR4,201711,EUCA4,0.779920982112543,341,1037
PETR4,201711,LIGT3,0.784731387674568,589,1037
PETR4,201711,PARD3,0.725485399088146,662,1037
PETR4,201801,ITUB4,0.76448348153949,985,1025
PETR4,201803,ITUB4,0.70091629522877,1007,998
PETR4,201804,ITUB4,0.761219040418223,1022,1046
PETR4,201805,BBAS3,0.716519137100435,1033,1015
PETR4,201805,ITUB4,0.833072611936917,1051,1015
PETR4,201805,LIGT3,0.769525527906736,641,1015
PETR4,201806,BBAS3,0.724170060547485,1023,1034
PETR4,201806,ITUB4,0.773001879053605,1078,1034
PETR4,201807,BBAS3,0.77120857823967,1044,1056
PETR4,201807,GGBR4,0.731918307323117,977,1056
PETR4,201807,ITUB4,0.707314297781618,1066,1056
PETR4,201808,BBAS3,0.755379198160159,1039,1061
PETR4,201808,GOAU4,0.721843532334292,882,1061
PETR4,201808,HAPV3,0.70668690325343,701,1061
PETR4,201809,AZUL4,0.702241366829118,573,1061
PETR4,201809,BBAS3,0.785166398803872,1044,1061
PETR4,201809,BRSR6,0.727180521106266,598,1061
PETR4,201809,CESP6,0.732300411538015,687,1061
PETR4,201809,EUCA4,0.710702360755298,356,1061
PETR4,201809,GOAU4,0.763799300465486,874,1061
PETR4,201809,HAPV3,0.801087505672903,723,1061
PETR4,201809,PARD3,0.712240545324124,470,1061
PETR4,201810,BBAS3,0.833788295660386,1044,1064
PETR4,201810,CMIG4,0.75743886960711,873,1064
PETR4,201811,BBAS3,0.786456494084812,1148,1162
PETR4,201811,BRAP4,0.703462624568025,950,1162
PETR4,201811,BRSR6,0.721090877984013,644,1162
PETR4,201811,CMIG4,0.779022196091435,1060,1162
PETR4,201811,ECOR3,0.706852193106648,826,1162
PETR4,201811,GOAU4,0.755462944559696,898,1162
PETR4,201811,HAPV3,0.707741350714724,716,1162
PETR4,201811,PARD3,0.724778935316885,514,1162
PETR4,201812,BRAP4,0.905067839318828,963,1131
PETR4,201812,BRSR6,0.858132493436506,639,1131
PETR4,201812,CESP6,0.7745485330488,731,1131
PETR4,201812,ECOR3,0.837410439355267,859,1131
PETR4,201812,EUCA4,0.847532021143389,366,1131
PETR4,201812,GOAU3,0.815705393947088,297,1131
PETR4,201812,GOAU4,0.871973129945084,883,1131
PETR4,201812,HAPV3,0.816123294809559,731,1131
PETR4,201812,LIGT3,0.720639125202279,684,1131
PETR4,201812,PARD3,0.854004040486747,566,1131
PETR4,201901,BRAP4,0.816219758714149,956,1128
PETR4,201901,BRFS3,0.705129424980409,867,1128
PETR4,201901,BRSR6,0.710061645449958,628,1128
PETR4,201901,GOAU4,0.768514502671828,851,1128
PETR4,201901,HAPV3,0.755401624319378,746,1128
PETR4,201902,AZUL4,0.745459815045842,865,1160
PETR4,201902,BRAP4,0.796582355049024,988,1160
PETR4,201902,BRDT3,0.822638707703599,988,1160
PETR4,201902,BRFS3,0.767912706835015,871,1160
PETR4,201902,BRSR6,0.727234521406305,658,1160
PETR4,201902,CESP6,0.827218963056397,775,1160
PETR4,201902,ECOR3,0.720275984775942,893,1160
PETR4,201902,EUCA4,0.717464337676052,377,1160
PETR4,201902,GOAU4,0.793312409461598,921,1160
PETR4,201902,HAPV3,0.783568178948743,803,1160
PETR4,201902,ITSA4,0.799371444608663,1044,1160
PETR4,201902,PARD3,0.718800315076128,538,1160
PETR4,201903,BRAP4,0.780120901690599,980,1171
PETR4,201903,BRDT3,0.812368394173701,985,1171
PETR4,201903,BRFS3,0.768111718457006,856,1171
PETR4,201903,CESP6,0.735350955887027,770,1171
PETR4,201903,CMIG4,0.732201281305974,1013,1171
PETR4,201903,GOAU4,0.7852605438853,901,1171
PETR4,201903,HAPV3,0.729632728394145,766,1171
PETR4,201903,ITUB4,0.73681193669396,1096,1171
PETR4,201903,LAME4,0.747910415270439,941,1171
PETR4,201904,AZUL4,0.709393918865163,881,1157
PETR4,201904,BRDT3,0.761541326014348,899,1157
PETR4,201904,BRSR6,0.711915053782303,622,1157
PETR4,201904,CESP6,0.810324569778972,785,1157
PETR4,201904,CIEL3,0.712980770298274,849,1157
PETR4,201904,CMIG4,0.707081281454581,1017,1157
PETR4,201904,CSMG3,0.701457259210124,696,1157
PETR4,201904,GOAU4,0.771438561780589,857,1157
PETR4,201904,HAPV3,0.76772474956393,810,1157
PETR4,201904,ITUB4,0.783556975434404,1065,1157
PETR4,201904,JBSS3,0.720587418323341,888,1157
PETR4,201904,LAME4,0.751395943298343,867,1157
PETR4,201905,BRAP4,0.724770965421377,919,1163
PETR4,201905,BRDT3,0.816262326325531,889,1163
PETR4,201905,BRFS3,0.767853096898605,947,1163
PETR4,201905,BRSR6,0.720230835262893,593,1163
PETR4,201905,CESP6,0.793332320838717,820,1163
PETR4,201905,CMIG4,0.758910049962956,1019,1163
PETR4,201905,CSMG3,0.712023600121948,724,1163
PETR4,201905,EUCA4,0.700710129078594,400,1163
PETR4,201905,GOAU4,0.786452101601598,872,1163
PETR4,201905,HAPV3,0.724999804779879,778,1163
PETR4,201905,ITUB4,0.817602251358284,1086,1163
PETR4,201905,LAME4,0.772558544453116,856,1163
PETR4,201905,LREN3,0.704412853900839,1095,1163
PETR4,201905,PARD3,0.705208043873535,510,1163
PETR4,201906,BRAP4,0.748367526872673,895,1166
PETR4,201906,BRDT3,0.777640379051718,850,1166
PETR4,201906,BRFS3,0.805566240289263,949,1166
PETR4,201906,BRSR6,0.723585074756875,610,1166
PETR4,201906,CESP6,0.781932033016139,844,1166
PETR4,201906,CMIG4,0.74721052439147,1019,1166
PETR4,201906,EUCA4,0.713021575937228,397,1166
PETR4,201906,GOAU4,0.798218702862516,869,1166
PETR4,201906,HAPV3,0.755666750566439,780,1166
PETR4,201906,ITUB4,0.788201985833763,1104,1166
PETR4,201906,LAME4,0.714059756595491,831,1166
PETR4,201906,LREN3,0.738982349970077,1098,1166
PETR4,201906,PARD3,0.708240032224799,498,1166
PETR4,201907,BPAC11,0.720658221821166,793,1190
PETR4,201907,BRAP4,0.782750718119722,912,1190
PETR4,201907,BRFS3,0.840128075681966,973,1190
PETR4,201907,BRSR6,0.795649929305984,657,1190
PETR4,201907,CESP6,0.823783036832683,882,1190
PETR4,201907,CMIG4,0.767951470440971,995,1190
PETR4,201907,EUCA4,0.789581051826335,402,1190
PETR4,201907,GOAU4,0.854507338426686,911,1190
PETR4,201907,HAPV3,0.806261360540597,837,1190
PETR4,201907,ITUB4,0.726463359523729,1067,1190
PETR4,201907,LREN3,0.787190658657773,1101,1190
PETR4,201907,PARD3,0.790045705632869,532,1190
PETR4,201907,PETR3,0.720614972640802,995,1190
PETR4,201908,BRAP4,0.715312016207844,939,1156
PETR4,201908,BRFS3,0.761750903747573,981,1156
PETR4,201908,CESP6,0.764229403978428,876,1156
PETR4,201908,CMIG4,0.727575007664873,947,1156
PETR4,201908,GOAU4,0.741556862160917,915,1156
PETR4,201908,HAPV3,0.814848474118429,950,1156
PETR4,201908,ITUB4,0.791660962281495,1024,1156
PETR4,201908,LREN3,0.735593089604922,1137,1156
PETR4,201908,PARD3,0.751063388716143,580,1156
PETR4,201909,CESP6,0.765376739997859,841,1134
PETR4,201909,CMIG4,0.734560180750799,946,1134
PETR4,201909,GGBR4,0.759411228344669,893,1134
PETR4,201909,GOAU4,0.73449131788517,879,1134
PETR4,201909,HAPV3,0.843715994815716,1000,1134
PETR4,201909,ITUB4,0.82072798199255,1048,1134
PETR4,201909,LREN3,0.787828794452989,1145,1134
PETR4,201909,PARD3,0.732399363801459,576,1134
PETR4,201910,BRDT3,0.717898894985348,1132,1171
PETR4,201910,BRFS3,0.714953609032687,1004,1171
PETR4,201910,CESP6,0.756513082742181,873,1171
PETR4,201910,HAPV3,0.798815234645071,1031,1171
PETR4,201910,ITUB4,0.800780312498443,1120,1171
PETR4,201910,LREN3,0.841247705863092,1146,1171
PETR4,201911,ITUB4,0.70540865786349,1084,1163
PETR4,201912,BRFS3,0.706590628493113,922,1160
PETR4,201912,HAPV3,0.724161511612887,878,1160
PETR4,201912,LAME4,0.722440145471311,886,1160
PETR4,202001,BRFS3,0.76083836095921,923,1139
PETR4,202001,CMIG3,0.746180340222221,680,1139
PETR4,202001,GOAU4,0.713552347893856,941,1139
PETR4,202001,HAPV3,0.727359003465497,939,1139
PETR4,202001,LREN3,0.792277932811918,1131,1139
PETR4,202002,BRFS3,0.794533304372198,930,1148
PETR4,202002,BRSR6,0.70449770411308,641,1148
PETR4,202002,CMIG3,0.765153209958913,664,1148
PETR4,202002,GOAU4,0.749507010300524,934,1148
PETR4,202002,LAME4,0.745826063979563,1005,1148
PETR4,202002,LREN3,0.772172497456105,1148,1148
PETR4,202004,AZUL4,0.729183830703107,986,1179
PETR4,202006,BRFS3,0.718359774730826,977,1260
PETR4,202007,BRFS3,0.745799203039033,942,1296
PETR4,202007,CMIG3,0.730646022455928,602,1296
PETR4,202007,LREN3,0.757543974257441,1225,1296
PETR4,202009,BRFS3,0.700834106606141,1007,1264
PETR4,202012,BBDC4,0.710669252226119,1263,1353
PETR4,202012,ITUB4,0.776189361697079,1258,1353
PETR4,202103,ITUB4,0.793625471894558,1320,1371
PETR4,202104,ITUB4,0.761367128053681,1324,1387
PETZ3,202010,MGLU3,0.809324705276674,1308,881
PETZ3,202012,NTCO3,0.722604947390647,1420,850
PETZ3,202101,NTCO3,0.708981395371547,1446,857
PETZ3,202106,BIDI11,0.717942174683995,1249,998
PETZ3,202106,NTCO3,0.703165993775335,1525,998
PFRM3,201803,CGRA4,0.886161037922557,139,56
PFRM3,201803,DIRR3,0.839223838768653,358,56
PFRM3,201804,AGRO3,0.81010834699514,116,81
PFRM3,201804,CGRA4,0.888995379463219,139,81
PFRM3,201804,DIRR3,0.838561264555781,380,81
PFRM3,201808,HBOR3,0.786946538549574,138,20
PFRM3,202007,BMGB4,0.811484270262399,420,22
PFRM3,202010,CGRA4,0.720749149045447,356,51
PFRM3,202011,CGRA4,0.779989335907919,220,62
PFRM3,202104,BPAC3,0.703508735818748,237,66
PFRM3,202111,GETT3,0.999956610823451,71,74
PFRM3,202111,GETT4,0.99995666782199,71,74
PFRM3,202112,GETT4,0.991562754454019,69,72
PGMN3,202111,DXCO3,0.749203179476187,1125,517
PGMN3,202112,DXCO3,0.738940463759635,1096,569
PINE4,201801,IDNT3,0.818729146835009,200,170
PINE4,201804,CPLE3,0.732725856424872,392,167
PINE4,201804,IDNT3,0.806800380579952,197,167
PINE4,201804,MAGG3,0.985493045925307,423,167
PINE4,201805,IDNT3,0.715605348748224,200,170
PINE4,201805,MAGG3,0.996262730636412,413,170
PINE4,201806,MAGG3,0.995492942157943,423,171
PINE4,201807,IDNT3,0.752520745979074,221,189
PINE4,201807,MAGG3,0.994070733028408,225,189
PINE4,201808,ELPL3,0.817138263853237,234,197
PINE4,201808,IDNT3,0.724703898602111,225,197
PINE4,201808,MAGG3,0.996099347039965,221,197
PINE4,201809,CPLE3,0.759349835887319,417,197
PINE4,201809,ELPL3,0.758921194623964,199,197
PINE4,201809,IDNT3,0.766322620220142,229,197
PINE4,201809,MAGG3,0.995264673741382,211,197
PINE4,201810,CPLE3,0.846030970160114,424,199
PINE4,201810,ELPL3,0.916947681700483,204,199
PINE4,201810,IDNT3,0.785274600661295,232,199
PINE4,201810,MAGG3,0.995853948845986,214,199
PINE4,201811,CPLE3,0.923755652487455,414,203
PINE4,201811,ELPL3,0.986783579895811,213,203
PINE4,201811,IDNT3,0.757685648023553,236,203
PINE4,201811,MAGG3,0.994746971428633,208,203
PINE4,201812,CPLE3,0.933159662851232,388,207
PINE4,201812,IDNT3,0.782596568034884,240,207
PINE4,201812,MAGG3,0.997698324320273,210,207
PINE4,201812,MPLU3,0.742283956491978,457,207
PINE4,201901,CPLE3,0.933809103636892,386,206
PINE4,201901,IDNT3,0.7659761583327,240,206
PINE4,201901,MAGG3,0.998116306816341,205,206
PINE4,201901,MPLU3,0.867838249543703,458,206
PINE4,201902,CGAS5,0.955420044724939,467,202
PINE4,201902,CPLE3,0.928634923776445,406,202
PINE4,201902,IDNT3,0.731173306611926,235,202
PINE4,201902,MPLU3,0.866222623673927,480,202
PINE4,201903,CGAS5,0.821811992170858,243,204
PINE4,201903,IDNT3,0.733800326746318,225,204
PINE4,201903,MPLU3,0.878846291116259,441,204
PINE4,201904,GFSA3,0.911162426705504,174,203
PINE4,201904,IDNT3,0.750391300823933,224,203
PINE4,201905,ELPL3,0.756663294012986,237,204
PLPL3,202010,CYRE3,0.752332620738834,1216,587
PLPL3,202105,ESPA3,0.73819892653015,840,569
PLPL3,202110,MDNE3,0.707346101160837,548,646
PLPL3,202111,MDNE3,0.73524336744285,553,620
PLPL3,202112,MDNE3,0.773962249175211,575,641
PMAM3,201702,BRIV3,0.730403929286029,134,31
PMAM3,201702,CESP3,0.730126507133607,57,31
PMAM3,201702,GUAR4,0.704845861888909,455,31
PMAM3,201703,BRIV3,0.99014929178886,135,27
PMAM3,201703,CESP3,0.987655575351012,57,27
PMAM3,201703,GRND3,0.713250734619759,425,27
PMAM3,201703,GUAR4,0.963269365177945,455,27
PMAM3,201703,ITUB3,0.871808313540704,346,27
PMAM3,201703,OIBR3,0.887309755003465,37,27
PMAM3,201704,BRIV3,0.701038268783102,137,24
PMAM3,201704,CESP3,0.700134274308066,55,24
PMAM3,201705,BRIV3,0.974913755263922,134,25
PMAM3,201705,CESP3,0.980270733792595,53,25
PMAM3,201705,GUAR4,0.980969662017189,110,25
PMAM3,201705,ITUB3,0.935696167506685,318,25
PMAM3,201705,OIBR3,0.92793612057701,28,25
PMAM3,201706,BRIV3,0.972616802276421,131,27
PMAM3,201706,CESP3,0.97951371976614,56,27
PMAM3,201706,GUAR4,0.981343241587236,65,27
PMAM3,201706,ITUB3,0.940460433658507,296,27
PMAM3,201706,OIBR3,0.944725246198588,41,27
PMAM3,201707,BRIV3,0.934213182461244,130,27
PMAM3,201707,CESP3,0.952380074539828,52,27
PMAM3,201707,GUAR4,0.94663137803164,372,27
PMAM3,201707,ITUB3,0.905295730431481,294,27
PMAM3,201707,OIBR3,0.907594123205578,36,27
PMAM3,201708,BRIV3,0.927750942755051,131,52
PMAM3,201708,CESP3,0.947486947330629,52,52
PMAM3,201708,GUAR4,0.93951951917899,369,52
PMAM3,201708,ITUB3,0.90471766163214,296,52
PMAM3,201708,OIBR3,0.909003134791008,39,52
PMAM3,201710,BRIV3,0.73504139649384,131,118
PMAM3,201710,CESP3,0.743221780137345,36,118
PMAM3,201710,ITUB3,0.708714608273099,293,118
PMAM3,201710,OIBR3,0.722357999555226,38,118
PMAM3,201802,MAGG3,0.857857690464933,202,194
PMAM3,201802,MRFG3,0.702171373678618,646,194
PMAM3,201803,MRFG3,0.741084314632741,644,198
PMAM3,202002,BEEF11,0.999185441230153,190,45
PMAM3,202002,CARD3,0.955125084691799,29,45
PMAM3,202002,EUCA4,0.993984532943793,438,45
PMAM3,202002,KEPL3,0.949584108308435,36,45
PMAM3,202110,AALR3,0.841211934855351,450,421
PMAM3,202110,COGN3,0.798551492954296,1163,421
PMAM3,202110,FESA4,0.784560826430044,478,421
PMAM3,202110,FLRY3,0.796658170825925,1131,421
PMAM3,202111,COGN3,0.797718109447421,1186,372
PMAM3,202111,FESA4,0.765173802685492,432,372
PMAM3,202111,FLRY3,0.778980723136109,1163,372
PMAM3,202112,COGN3,0.71450320746233,1192,471
PMAM3,202112,FESA4,0.808856184025366,520,471
PNVL3,201706,BRAP3,0.73661946958433,419,20
PNVL3,201706,CYRE3,0.767707103382538,713,20
PNVL3,201706,HBOR3,0.928768194639202,190,20
PNVL3,201706,OIBR4,0.74859200518088,46,20
PNVL3,201707,BRAP3,0.701713056092728,414,21
PNVL3,201707,HBOR3,0.934058122773834,102,21
PNVL3,201707,OIBR4,0.711663628567242,46,21
PNVL3,201708,BRAP3,0.710267047139524,412,24
PNVL3,201708,HBOR3,0.84394531602614,99,24
PNVL3,201708,OIBR4,0.721249036854511,47,24
PNVL3,201710,HBOR3,0.858990560918086,91,34
PNVL3,201711,HBOR3,0.897620841560119,93,25
PNVL3,201711,OIBR4,0.721062882031196,182,25
PNVL3,201712,HBOR3,0.895074302602442,244,23
PNVL3,201801,CAMB4,0.702421167165334,24,23
PNVL3,201801,HBOR3,0.847470981342322,240,23
PNVL3,202002,NATU3,0.713469687236825,52,107
PNVL3,202003,AMAR3,0.786118194669718,549,110
PNVL3,202003,NATU3,0.739183871541565,27,110
PNVL3,202004,AMAR3,0.833370433006443,583,76
PNVL3,202004,EVEN3,0.70661222560424,499,76
PNVL3,202004,NATU3,0.797902283192078,22,76
PNVL3,202005,EVEN3,0.788343984797367,530,222
PNVL3,202005,MDNE3,0.700688553240681,544,222
PNVL3,202005,NATU3,0.806116719835103,21,222
PNVL3,202009,OMGE3,0.754597930706927,741,592
PNVL3,202010,OMGE3,0.747758793974084,786,592
PNVL3,202010,PLPL3,0.883194935294826,587,592
PNVL3,202011,PLPL3,0.873145978419855,555,578
PNVL3,202102,CVCB3,0.803419396139395,1021,526
PNVL3,202103,CVCB3,0.7619078657589,1064,522
PNVL3,202106,BMOB3,0.721236594113571,588,697
PNVL3,202108,ALSO3,0.705717913147288,873,688
PNVL3,202109,ALSO3,0.712422822920689,821,665
PNVL3,202109,DIRR3,0.764409637499674,651,665
PNVL3,202110,BRPR3,0.738347492460691,603,634
PNVL3,202110,EVEN3,0.750816831367196,698,634
PNVL3,202110,MEAL3,0.766830726837262,472,634
PNVL3,202110,MELK3,0.753639265667816,434,634
PNVL3,202110,NEOE3,0.761634791259951,662,634
PNVL3,202111,BRPR3,0.777962478035644,573,609
PNVL3,202111,EVEN3,0.79150031373874,679,609
PNVL3,202111,MEAL3,0.795168336686158,419,609
PNVL3,202111,MELK3,0.762344049121144,376,609
PNVL3,202111,NEOE3,0.792279280377375,659,609
PNVL3,202112,BRPR3,0.768008375585831,626,639
PNVL3,202112,EVEN3,0.789530641468391,730,639
PNVL3,202112,MEAL3,0.774642440440912,517,639
PNVL3,202112,MELK3,0.785775515279218,368,639
PNVL3,202112,NEOE3,0.847427753511834,687,639
PNVL4,201702,BRAP3,0.783592015180803,421,426
PNVL4,201702,HBOR3,0.83544247960019,392,426
PNVL4,201703,BRAP3,0.777883435617419,423,427
PNVL4,201703,HBOR3,0.843896207904227,391,427
PNVL4,201704,BRAP3,0.755604780795422,428,433
PNVL4,201704,HBOR3,0.82363854342948,396,433
PNVL4,201705,BRAP3,0.736421180613883,425,437
PNVL4,201705,HBOR3,0.826427923320827,258,437
PNVL4,201706,BRAP3,0.733324123336317,419,432
PNVL4,201706,HBOR3,0.819486319724294,190,432
PNVL4,201706,PNVL3,0.856288756844421,20,432
PNVL4,201707,HBOR3,0.824775102847499,102,428
PNVL4,201707,PNVL3,0.857079624044219,21,428
PNVL4,201708,BRAP3,0.701577050867437,412,431
PNVL4,201708,GGBR3,0.752769589175954,386,431
PNVL4,201708,HBOR3,0.732275317636823,99,431
PNVL4,201708,PNVL3,0.841378533928564,24,431
PNVL4,201709,BRAP3,0.701385172587867,410,428
PNVL4,201709,PNVL3,0.807064414400548,24,428
PNVL4,201710,HBOR3,0.796512524960987,91,434
PNVL4,201710,PNVL3,0.817176116198273,34,434
PNVL4,201711,HBOR3,0.810002226896298,93,434
PNVL4,201711,PNVL3,0.8916262690355,25,434
PNVL4,201712,HBOR3,0.821581192312419,244,431
PNVL4,201712,PNVL3,0.907412008815509,23,431
PNVL4,201801,HBOR3,0.783001655614148,240,432
PNVL4,201801,PNVL3,0.915143526821885,23,432
PNVL4,201802,CAMB4,0.700867197432897,24,110
PNVL4,201802,PNVL3,0.978783356352982,24,110
PNVL4,201803,PNVL3,0.860242211626922,60,111
PNVL4,201808,PFRM3,0.811408130614698,20,444
PNVL4,201812,HBOR3,0.725041805099984,149,459
PNVL4,201904,CESP3,0.701227898157824,30,463
PNVL4,201909,CESP3,0.766730844246877,399,466
PNVL4,201910,CESP3,0.750743815315964,396,465
PNVL4,201911,CESP3,0.986100986700936,390,437
PNVL4,201911,ITUB3,0.904511470176455,525,437
PNVL4,201912,CESP3,0.984452602376086,388,435
PNVL4,201912,ITUB3,0.774522082099757,523,435
PNVL4,202001,CESP3,0.826784586700995,256,439
PNVL4,202002,EMBR3,0.752747073321206,828,439
PNVL4,202003,EMBR3,0.877348307724459,837,433
PNVL4,202004,EMBR3,0.818240687499495,879,434
PNVL4,202008,PCAR3,0.898873142715793,1020,437
POMO3,201705,CGRA4,0.959066794995961,148,31
POMO3,201705,FESA4,0.821722446466965,46,31
POMO3,201705,ITSA3,0.835489120051085,54,31
POMO3,201706,CGRA4,0.976346886464853,146,37
POMO3,201707,CGRA4,0.93231979425456,145,41
POMO4,201704,BRPR3,0.826104460710481,384,481
POMO4,201704,GFSA3,0.714196683157281,487,481
POMO4,201705,BRPR3,0.944763702847544,445,523
POMO4,201705,BTOW3,0.8073249197785,582,523
POMO4,201705,MILS3,0.83128178791214,315,523
POMO4,201706,BRPR3,0.857761899174261,504,416
POMO4,201706,MILS3,0.727781629348507,293,416
POMO4,201707,BRPR3,0.852745045701772,466,423
POMO4,201707,EMBR3,0.764851971806512,747,423
POMO4,201708,BRPR3,0.741673815436448,509,413
POMO4,201709,JBSS3,0.715802912836689,736,400
POMO4,201808,MGLU3,0.734481696345032,922,322
POMO4,201809,MGLU3,0.718818111912352,917,284
POMO4,201810,MGLU3,0.724032532877201,908,301
POMO4,201901,MGLU3,0.704199484685047,946,370
POMO4,201905,BKBR3,0.746282295315908,298,353
POMO4,201906,BKBR3,0.735010596906071,280,403
POMO4,201907,BKBR3,0.810310114653632,473,503
POMO4,202006,CSNA3,0.730237086195051,947,473
POMO4,202006,MYPK3,0.7771099132061,540,473
POMO4,202007,MYPK3,0.75264654258597,585,523
POMO4,202010,ABCB4,0.759361075913327,383,435
POMO4,202010,MYPK3,0.746395774739577,495,435
POMO4,202012,ODPV3,0.847822780643791,397,446
POMO4,202101,ODPV3,0.834399319617473,478,419
POMO4,202102,ODPV3,0.820771913231552,501,453
POMO4,202105,JHSF3,0.744773747515095,1001,537
POMO4,202106,AVLL3,0.783718875833963,48,543
POMO4,202106,BEEF11,0.786679005604717,199,543
POMO4,202106,ETER3,0.786044144081712,96,543
POMO4,202106,JHSF3,0.811990955182425,1007,543
POMO4,202106,KEPL3,0.752082613297101,214,543
POMO4,202106,LOGN3,0.773723591320715,489,543
POMO4,202106,MILS3,0.766772120767453,497,543
POMO4,202107,AVLL3,0.724463887841495,47,525
POMO4,202107,BEEF11,0.727073457151614,199,525
POMO4,202107,ETER3,0.730504360446997,83,525
POMO4,202107,JHSF3,0.721069604250594,1020,525
POMO4,202107,LOGN3,0.712500929691722,522,525
POMO4,202107,MILS3,0.711904926279886,563,525
PORT3,202112,GRND3,0.739029297122801,673,156
POSI3,202102,NGRD3,0.781707848392913,232,266
POSI3,202103,NGRD3,0.861423708402188,212,326
POSI3,202104,CARD3,0.919554051484939,91,435
POSI3,202107,AVLL3,0.704347089020832,47,581
POSI3,202107,BEEF11,0.706795434557667,199,581
POSI3,202107,ETER3,0.706777256406625,83,581
POSI3,202108,CARD3,0.703746394837093,69,543
POSI3,202109,CARD3,0.956405228484496,107,550
POSI3,202110,CARD3,0.977229637031083,489,530
POSI3,202111,CARD3,0.839472785773245,427,483
POSI3,202111,DOTZ3,0.743150863193602,189,483
POSI3,202111,NGRD3,0.788233900228054,383,483
POSI3,202112,CARD3,0.818914666842567,500,569
POSI3,202112,DOTZ3,0.72970100838355,332,569
POSI3,202112,NGRD3,0.776210076141444,476,569
POWE3,202103,ABEV3,0.883696950871623,1126,616
POWE3,202103,ALPK3,0.929497996593711,231,616
POWE3,202103,ANIM3,0.80098684501388,756,616
POWE3,202103,BIDI11,0.773648688773443,835,616
POWE3,202103,BIDI3,0.744839724608246,333,616
POWE3,202103,BIDI4,0.873445110753045,578,616
POWE3,202103,BKBR3,0.975670135352129,667,616
POWE3,202103,BRML3,0.846194576034348,1135,616
POWE3,202103,ENEV3,0.816103365716534,1196,616
POWE3,202103,HGTX3,0.924322034131452,1010,616
POWE3,202103,LIGT3,0.846522891461553,826,616
POWE3,202103,MRVE3,0.857761954270032,1145,616
POWE3,202104,ABEV3,0.879145732373653,1144,641
POWE3,202104,ALPK3,0.910528117702894,232,641
POWE3,202104,ANIM3,0.774834805181873,774,641
POWE3,202104,BIDI3,0.782391965628225,332,641
POWE3,202104,BIDI4,0.909792760200776,574,641
POWE3,202104,BKBR3,0.967350083672846,711,641
POWE3,202104,BRML3,0.799404878980325,1182,641
POWE3,202104,ENEV3,0.818992899217382,1181,641
POWE3,202104,HGTX3,0.905529804539722,1111,641
POWE3,202104,LIGT3,0.871685702214898,846,641
POWE3,202104,MRVE3,0.874840360782975,1155,641
POWE3,202105,ABEV3,0.864589118081137,1164,647
POWE3,202105,ALPK3,0.904370148013193,239,647
POWE3,202105,ANIM3,0.78904142887116,806,647
POWE3,202105,BIDI3,0.805816477973573,337,647
POWE3,202105,BIDI4,0.898473925600345,614,647
POWE3,202105,BKBR3,0.957897806096055,720,647
POWE3,202105,BRML3,0.792799233652841,1212,647
POWE3,202105,ENEV3,0.827104193719046,1212,647
POWE3,202105,HGTX3,0.896816185966013,1164,647
POWE3,202105,LIGT3,0.832187509628662,848,647
POWE3,202105,LINX3,0.723397798950785,724,647
POWE3,202105,MRVE3,0.869413984701592,1172,647
POWE3,202106,ABEV3,0.861466457478578,1181,635
POWE3,202106,ALPK3,0.916590494167501,236,635
POWE3,202106,ANIM3,0.747318210398256,766,635
POWE3,202106,BBDC4,0.723064980092015,1271,635
POWE3,202106,BIDI3,0.790643449628985,324,635
POWE3,202106,BIDI4,0.898507240941858,631,635
POWE3,202106,BKBR3,0.959293555274397,711,635
POWE3,202106,BRML3,0.819601983333984,1205,635
POWE3,202106,ENEV3,0.827548438682923,1210,635
POWE3,202106,HGTX3,0.911976013690902,1182,635
POWE3,202106,LIGT3,0.891098816821747,845,635
POWE3,202106,MRVE3,0.88400984370986,1170,635
POWE3,202107,ABEV3,0.851482654017429,1179,644
POWE3,202107,ALPK3,0.901280520062343,238,644
POWE3,202107,BIDI3,0.797221052431622,330,644
POWE3,202107,BIDI4,0.898215112019875,712,644
POWE3,202107,BKBR3,0.958205166238178,769,644
POWE3,202107,BRML3,0.791455637219407,1205,644
POWE3,202107,ENEV3,0.843578001019096,1225,644
POWE3,202107,HGTX3,0.885512989426117,1187,644
POWE3,202107,LIGT3,0.878955967651082,859,644
POWE3,202107,MRVE3,0.863306727266274,1179,644
POWE3,202108,ABEV3,0.863090400856344,1179,641
POWE3,202108,ALPK3,0.922619664748053,241,641
POWE3,202108,ANIM3,0.725455081971516,875,641
POWE3,202108,BIDI3,0.817502595857972,342,641
POWE3,202108,BIDI4,0.885803367320617,778,641
POWE3,202108,BKBR3,0.971273660199316,782,641
POWE3,202108,BRBI11,0.749655365153703,512,641
POWE3,202108,BRML3,0.737338606476664,1214,641
POWE3,202108,DESK3,0.706433317180674,677,641
POWE3,202108,ENEV3,0.842284993913829,1248,641
POWE3,202108,HGTX3,0.904145368114317,1199,641
POWE3,202108,LIGT3,0.883650517176581,859,641
POWE3,202108,MRVE3,0.889005604100537,1179,641
POWE3,202109,ABEV3,0.879922778215718,1236,641
POWE3,202109,ALPK3,0.928402158295759,243,641
POWE3,202109,ANIM3,0.72744872850849,882,641
POWE3,202109,BIDI3,0.896044566090127,354,641
POWE3,202109,BIDI4,0.791113297671044,833,641
POWE3,202109,BKBR3,0.943318518250912,756,641
POWE3,202109,BRBI11,0.761412104016663,524,641
POWE3,202109,BRIT3,0.730371320449015,715,641
POWE3,202109,BRML3,0.785319563139776,1233,641
POWE3,202109,DESK3,0.705131111368139,688,641
POWE3,202109,ENEV3,0.820297668307451,1279,641
POWE3,202109,MRVE3,0.905332584792955,1212,641
POWE3,202109,ONCO3,0.769897785023467,691,641
POWE3,202110,ABEV3,0.854380902461202,1296,641
POWE3,202110,ALPK3,0.908704101140662,242,641
POWE3,202110,BIDI3,0.854302964213084,422,641
POWE3,202110,BIDI4,0.869956463935327,1148,641
POWE3,202110,BKBR3,0.925755685140267,691,641
POWE3,202110,BRBI11,0.73733472288347,556,641
POWE3,202110,BRIT3,0.791625346749638,671,641
POWE3,202110,BRML3,0.786554705504971,1247,641
POWE3,202110,ENEV3,0.83663836048198,1151,641
POWE3,202110,MRVE3,0.8988791513568,1232,641
POWE3,202110,ONCO3,0.842558045892884,643,641
POWE3,202111,ABEV3,0.817517948920416,1320,639
POWE3,202111,ALPA4,0.787142006699931,1321,639
POWE3,202111,ALPK3,0.913118443539259,243,639
POWE3,202111,ANIM3,0.724516383013545,851,639
POWE3,202111,BIDI3,0.857849761700989,413,639
POWE3,202111,BIDI4,0.852890965958145,1175,639
POWE3,202111,BKBR3,0.91567388858156,664,639
POWE3,202111,BRBI11,0.762675114326636,549,639
POWE3,202111,BRIT3,0.78254211440836,637,639
POWE3,202111,BRML3,0.777442455296168,1271,639
POWE3,202111,DESK3,0.710702301503313,660,639
POWE3,202111,ENEV3,0.823495853057917,1151,639
POWE3,202111,GGBR4,0.71228540163546,1468,639
POWE3,202111,MRVE3,0.904843329502472,1267,639
POWE3,202111,ONCO3,0.892135216151171,673,639
POWE3,202112,ALPA4,0.793765083530682,1329,654
POWE3,202112,ALPK3,0.904460354508352,248,654
POWE3,202112,BIDI3,0.849440042520383,441,654
POWE3,202112,BIDI4,0.852802195046588,1110,654
POWE3,202112,BKBR3,0.927170444975711,740,654
POWE3,202112,BRBI11,0.777750102402077,531,654
POWE3,202112,BRIT3,0.800476906063884,659,654
POWE3,202112,BRML3,0.74038021024588,1311,654
POWE3,202112,DESK3,0.70256178955613,673,654
POWE3,202112,ENEV3,0.839819982943072,1341,654
POWE3,202112,GGBR4,0.744480222476802,1465,654
POWE3,202112,MRVE3,0.894235206740126,1289,654
POWE3,202112,ONCO3,0.908474305126994,678,654
PRIO3,201702,BRAP3,0.74239490695871,421,43
PRIO3,201702,OIBR4,0.82865224993376,42,43
PRIO3,201708,BRAP3,0.794747957836347,412,20
PRIO3,201708,CAMB4,0.999771786386868,20,20
PRIO3,201708,OIBR4,0.807033350164127,47,20
PRIO3,201709,BRAP3,0.795735642713597,410,25
PRIO3,201709,CAMB4,0.99968930453442,25,25
PRIO3,201709,OIBR4,0.811706245268175,47,25
PRIO3,201710,BRAP3,0.79013220054462,436,25
PRIO3,201710,CAMB4,0.982077269788154,25,25
PRIO3,201710,OIBR4,0.806017709801343,41,25
PRIO3,201711,CAMB4,0.954664069483658,25,26
PRIO3,201711,OIBR4,0.780398362299051,182,26
PRIO3,201803,CAMB4,0.862488668214762,25,26
PRIO3,201903,FESA4,0.802825811403211,44,122
PRIO3,201903,FJTA4,0.839829457727485,25,122
PRIO3,201904,FESA4,0.790975140357592,42,142
PRIO3,201904,FJTA4,0.841454463457496,25,142
PRIO3,201905,FESA4,0.797893309971354,37,141
PRIO3,201905,FJTA4,0.864421723543299,21,141
PRIO3,201905,GFSA3,0.700435119885786,49,141
PRIO3,201906,FJTA4,0.873805149052785,20,138
PRIO3,201908,CNTO3,0.716473660751768,484,488
PRIO3,201908,GOLL4,0.722091746818491,851,488
PRIO3,201910,DIRR3,0.868514505310881,472,452
PRIO3,201911,DIRR3,0.87185846458631,377,384
PRIO3,201912,DIRR3,0.851047122414722,379,417
PRIO3,202001,DIRR3,0.706325870331573,400,473
PRIO3,202002,DIRR3,0.80915048643346,421,555
PRIO3,202003,CVCB3,0.809096995104433,878,501
PRIO3,202003,DIRR3,0.712696764134496,431,501
PRIO3,202007,BRAP4,0.72444781245439,1011,526
PRIO3,202007,GOLL4,0.789248198345083,929,526
PRIO3,202008,GOLL4,0.738878017738433,1000,514
PRIO3,202009,AMBP3,0.731274219422927,674,513
PRIO3,202009,BRAP4,0.730544579573627,1028,513
PRIO3,202009,CVCB3,0.769669448722168,958,513
PRIO3,202009,OMGE3,0.709296960266832,741,513
PRIO3,202009,PNVL3,0.726635664344503,592,513
PRIO3,202010,AMBP3,0.719660780699154,641,917
PRIO3,202010,OMGE3,0.706621142900389,786,917
PRIO3,202010,PNVL3,0.739644688719066,592,917
PRIO3,202011,PLPL3,0.8883891913183,555,925
PRIO3,202011,PNVL3,0.901804869811453,578,925
PRIO3,202012,PLPL3,0.882230434771645,556,985
PRIO3,202012,PNVL3,0.727436845930027,588,985
PRIO3,202101,PLPL3,0.883881329057115,539,1079
PRIO3,202102,PLPL3,0.783736868761544,546,1158
PRIO3,202103,PLPL3,0.806443876807087,551,1199
PRIO3,202104,PLPL3,0.738137002137151,565,1218
PRIO3,202105,ESPA3,0.740981684535808,840,1239
PRIO3,202105,PLPL3,0.77419183933335,569,1239
PRIO3,202106,PLPL3,0.722326298278546,559,1251
PRIO3,202107,BIDI11,0.730056617867848,1333,1258
PRIO3,202108,MLAS3,0.747899729000902,697,1268
PRIO3,202109,ASAI3,0.724283760989555,1325,1283
PRIO3,202109,MLAS3,0.819476728211002,691,1283
PRIO3,202110,ASAI3,0.840586020610379,1294,1349
PRIO3,202110,MLAS3,0.846065190792697,667,1349
PRIO3,202111,ASAI3,0.850254840236674,1292,1349
PRIO3,202111,ESPA3,0.753718697829671,808,1349
PRIO3,202111,MLAS3,0.813848202103456,666,1349
PRIO3,202112,ASAI3,0.761599156023851,1266,1352
PRIO3,202112,MLAS3,0.830849380273698,688,1352
PRNR3,202006,MTRE3,0.793057753083988,506,228
PSSA3,201702,DTEX3,0.78777323832282,577,489
PSSA3,201702,GOLL4,0.774122016686509,344,489
PSSA3,201711,IDNT3,0.710344751707191,203,453
PSSA3,201802,CGAS5,0.713661965866301,325,428
PSSA3,201802,MPLU3,0.731604236084858,286,428
PSSA3,201804,CGAS5,0.744466066945688,388,480
PSSA3,201804,MPLU3,0.831892870499532,341,480
PSSA3,201805,CGAS5,0.795648584515829,385,470
PSSA3,201805,MPLU3,0.853174601855174,349,470
PSSA3,201806,CGAS5,0.80469376475647,385,443
PSSA3,201806,MPLU3,0.896031903837414,350,443
PSSA3,202008,KLBN11,0.707928081343188,1078,547
PSSA3,202009,KLBN11,0.764228112318694,1055,568
PSSA3,202010,KLBN11,0.774617372561529,1060,581
PSSA3,202011,KLBN11,0.744931875129723,1062,593
PSSA3,202101,BRSR6,0.881782676921269,384,614
PSSA3,202102,BRSR6,0.881519248537645,394,635
PSSA3,202103,BRSR6,0.736594227835395,443,624
PSSA3,202103,LEVE3,0.709495060506094,510,624
PSSA3,202103,MEAL3,0.727583465978145,482,624
PSSA3,202103,NEOE3,0.743919554266715,723,624
PSSA3,202104,BRSR6,0.707816605232717,605,651
PSSA3,202104,LEVE3,0.7043764986283,549,651
PSSA3,202104,MEAL3,0.714306039473733,539,651
PSSA3,202104,NEOE3,0.753386242431103,737,651
PSSA3,202106,LEVE3,0.700376415076038,595,633
PSSA3,202107,JBSS3,0.723526216120156,1139,649
PSSA3,202107,LEVE3,0.724109142578524,640,649
PSSA3,202108,BRKM5,0.736426334316205,1040,649
PSSA3,202108,BRSR6,0.701084829038137,606,649
PSSA3,202108,LEVE3,0.729917393333975,623,649
PSSA3,202109,CPLE6,0.748292801477213,1070,693
PSSA3,202109,MOVI3,0.709742971092142,712,693
PSSA3,202110,CPLE6,0.71881990276214,1150,686
PSSA3,202110,MYPK3,0.728661069991453,605,686
PSSA3,202111,CPLE6,0.700356129433916,1152,688
PTBL3,201702,MILS3,0.985145437704256,408,140
PTBL3,201703,MILS3,0.909168563323104,403,139
PTBL3,201704,MILS3,0.954272935337596,409,145
PTBL3,201712,MILS3,0.820200250260169,311,70
PTBL3,201801,MILS3,0.922083939665864,274,214
PTBL3,201802,MILS3,0.926454255803998,252,219
PTBL3,201803,MILS3,0.898995394406596,255,203
PTBL3,201804,MILS3,0.923591905811864,213,43
PTBL3,201805,MILS3,0.782711691204379,218,33
PTBL3,201806,MILS3,0.9092022742595,209,33
PTBL3,201810,MILS3,0.778687225327286,211,31
PTBL3,201811,AGRO3,0.787279608190306,381,88
PTBL3,201811,MILS3,0.87815886938421,184,88
PTBL3,201812,MILS3,0.770739130922045,237,69
PTBL3,201901,MILS3,0.782608998394672,256,60
PTBL3,201909,BEEF11,0.911907338866138,215,62
PTBL3,201909,HBOR3,0.714462529400685,223,62
PTBL3,201909,JHSF3,0.749614263317045,48,62
PTBL3,201909,LOGN3,0.881896988401189,41,62
PTBL3,201910,BEEF11,0.901363902949645,217,62
PTBL3,201910,JHSF3,0.708569832021192,61,62
PTBL3,201910,LOGN3,0.869057945703249,47,62
PTBL3,201910,MILS3,0.748524879047961,495,62
PTBL3,201911,BEEF11,0.889029481896581,204,64
PTBL3,201911,EUCA4,0.933390789734617,289,64
PTBL3,201912,BEEF11,0.937214824467033,183,64
PTBL3,201912,EUCA4,0.939275116495429,297,64
PTBL3,202001,BEEF11,0.952240729686877,188,64
PTBL3,202001,EUCA4,0.954649832565138,430,64
PTBL3,202001,KEPL3,0.945574846322327,57,64
PTBL3,202002,BEEF11,0.926727466094819,190,60
PTBL3,202002,CARD3,0.886175446328233,29,60
PTBL3,202002,EUCA4,0.924830953294173,438,60
PTBL3,202002,KEPL3,0.900049762518705,36,60
PTBL3,202002,PMAM3,0.927369040652538,45,60
PTBL3,202007,BEEF11,0.994874672407137,149,188
PTBL3,202007,CARD3,0.913992193929196,57,188
PTBL3,202007,CLSC4,0.99672083409065,31,188
PTBL3,202007,EUCA4,0.995576228039189,323,188
PTBL3,202007,KEPL3,0.907960786317982,35,188
PTBL3,202007,MILS3,0.795779314074977,469,188
PTBL3,202008,CARD3,0.701654379329681,59,73
PTBL3,202009,CARD3,0.820287752402916,62,168
PTBL3,202010,BEEF11,0.782365699063338,163,90
PTBL3,202010,CARD3,0.978752467358506,68,90
PTBL3,202010,EUCA4,0.781581344274615,337,90
PTBL3,202010,JHSF3,0.707353255709725,599,90
PTBL3,202011,CARD3,0.972335430569385,187,223
PTBL3,202012,BEEF11,0.727115188212199,165,244
PTBL3,202012,CARD3,0.984734042850199,248,244
PTBL3,202012,ETER3,0.727380716158462,37,244
PTBL3,202012,EUCA4,0.725480052046628,356,244
PTBL3,202101,CARD3,0.985407691368605,249,259
PTBL3,202101,FESA4,0.819263648127,75,259
PTBL3,202102,AVLL3,0.728888343384317,45,297
PTBL3,202102,BEEF11,0.731732354013366,194,297
PTBL3,202102,CARD3,0.926584493795606,250,297
PTBL3,202102,ETER3,0.731728168080454,185,297
PTBL3,202102,EUCA4,0.728561915084332,365,297
PTBL3,202103,AVLL3,0.764606753329755,45,368
PTBL3,202103,BEEF11,0.766089902451495,197,368
PTBL3,202103,CARD3,0.910641563220169,90,368
PTBL3,202103,ETER3,0.765768364972197,164,368
PTBL3,202103,EUCA4,0.762728222601644,366,368
PTBL3,202103,JHSF3,0.712289969380974,996,368
PTBL3,202103,KEPL3,0.700096555982308,195,368
PTBL3,202103,MILS3,0.737571715051228,392,368
PTBL3,202104,AVLL3,0.742505885017763,45,440
PTBL3,202104,BEEF11,0.745756836049695,200,440
PTBL3,202104,CARD3,0.712295992251289,91,440
PTBL3,202104,ETER3,0.745248840998422,228,440
PTBL3,202104,EUCA4,0.73431249231503,369,440
PTBL3,202104,GPCP3,0.712937706597154,37,440
PTBL3,202104,MILS3,0.700962665375378,489,440
PTBL3,202105,BMGB4,0.735970680370164,603,441
PTBL3,202106,BMGB4,0.763614287828175,592,463
PTBL3,202106,CPLE3,0.830743844265041,312,463
PTBL3,202107,CPLE3,0.732049085224281,267,541
PTBL3,202107,DEXP3,0.717793680280764,99,541
PTBL3,202108,AVLL3,0.757824796273995,47,505
PTBL3,202108,BEEF11,0.760981854023494,201,505
PTBL3,202108,ETER3,0.759807082629453,107,505
PTBL3,202108,KEPL3,0.752884501318348,216,505
PTBL3,202108,MILS3,0.722590086516737,534,505
PTBL3,202109,CPLE3,0.79570500623811,326,517
PTBL3,202109,DEXP3,0.868346208010222,96,517
PTBL3,202110,AGRO3,0.706135998247284,605,465
PTBL3,202110,CPLE3,0.742329646814268,276,465
PTBL3,202110,DEXP3,0.832360841539012,433,465
PTBL3,202111,AVLL3,0.794569667431958,34,418
PTBL3,202111,BEEF11,0.799065404627962,190,418
PTBL3,202111,ETER3,0.798495005725937,95,418
PTBL3,202111,EUCA4,0.793777563280281,352,418
PTBL3,202111,JHSF3,0.734595714360015,1151,418
PTBL3,202111,KEPL3,0.780777614705908,482,418
PTBL3,202111,MILS3,0.742586812828029,403,418
PTBL3,202112,AVLL3,0.863664145270316,35,507
PTBL3,202112,BEEF3,0.821303004257286,1200,507
PTBL3,202112,ETER3,0.869474672566599,86,507
PTBL3,202112,EUCA4,0.863638147828269,365,507
PTBL3,202112,JHSF3,0.788360255885414,1131,507
PTBL3,202112,KEPL3,0.853112411051438,547,507
PTBL3,202112,MILS3,0.726514995567937,571,507
QGEP3,201702,BRSR6,0.818096304167632,627,296
QGEP3,201702,CPLE3,0.831763144015427,461,296
QGEP3,201702,ECOR3,0.732894429101474,739,296
QGEP3,201702,EUCA4,0.880540191614106,276,296
QGEP3,201702,GGBR3,0.800302144574622,394,296
QGEP3,201703,BRSR6,0.904074018997481,694,494
QGEP3,201703,CESP6,0.719279165954539,786,494
QGEP3,201703,CPLE3,0.763809144036085,463,494
QGEP3,201703,EUCA4,0.777786745162692,285,494
QGEP3,201703,GGBR3,0.751325339099291,370,494
QGEP3,201704,BRSR6,0.951671528442535,657,506
QGEP3,201704,CESP6,0.755165384421249,788,506
QGEP3,201704,CPLE3,0.857656873057452,484,506
QGEP3,201704,ECOR3,0.78273578323624,740,506
QGEP3,201704,EUCA4,0.878269921389266,304,506
QGEP3,201704,GGBR3,0.835022674396396,484,506
QGEP3,201704,MULT3,0.731481497896493,873,506
QGEP3,201705,AZUL4,0.794670457711831,526,512
QGEP3,201705,BRSR6,0.929247842412239,649,512
QGEP3,201705,CPLE3,0.832612208948613,388,512
QGEP3,201705,ECOR3,0.81553256904307,716,512
QGEP3,201705,EUCA4,0.900880636760983,302,512
QGEP3,201705,GGBR3,0.79783130600125,478,512
QGEP3,201705,JBSS3,0.750426318701813,733,512
QGEP3,201706,AZUL4,0.799374515200025,548,511
QGEP3,201706,BRSR6,0.89074158241984,622,511
QGEP3,201706,CPLE3,0.77002652572463,399,511
QGEP3,201706,EUCA4,0.85133793687487,303,511
QGEP3,201707,AZUL4,0.774931966894937,559,481
QGEP3,201707,BRSR6,0.867335848932292,636,481
QGEP3,201707,CPLE3,0.828177019083316,392,481
QGEP3,201707,EUCA4,0.900583304024953,303,481
QGEP3,201707,GGBR3,0.714116693713148,460,481
QGEP3,201707,MULT3,0.738016267434105,845,481
QGEP3,201707,NATU3,0.795893074654923,739,481
QGEP3,201708,AZUL4,0.715125230266468,565,459
QGEP3,201708,BRSR6,0.866108255606472,634,459
QGEP3,201708,CPLE3,0.825459420037571,387,459
QGEP3,201708,ECOR3,0.830353499993158,740,459
QGEP3,201708,EUCA4,0.913629279843396,325,459
QGEP3,201708,LIGT3,0.72789779683187,666,459
QGEP3,201708,MULT3,0.782482115689212,835,459
QGEP3,201709,BRSR6,0.824917854535637,609,382
QGEP3,201709,CPLE3,0.784980696584221,388,382
QGEP3,201709,ECOR3,0.706717624979801,730,382
QGEP3,201709,EUCA4,0.868458275317438,329,382
QGEP3,201709,LIGT3,0.791837596113943,662,382
QGEP3,201709,MULT3,0.716762154291214,849,382
QGEP3,201710,BRSR6,0.749090088079471,625,330
QGEP3,201710,EUCA4,0.767426309631722,339,330
QGEP3,201710,LIGT3,0.728323095906535,593,330
QGEP3,201711,AGRO3,0.752317432824608,117,322
QGEP3,201711,CGRA4,0.739748076373933,145,322
QGEP3,201712,BRSR6,0.716513294082306,595,333
QGEP3,201712,ECOR3,0.729911927998342,808,333
QGEP3,201712,EUCA4,0.734691646112264,339,333
QGEP3,201801,BRSR6,0.829070877112406,615,324
QGEP3,201801,ECOR3,0.708722276183464,775,324
QGEP3,201801,ELPL3,0.726686233967206,388,324
QGEP3,201801,EUCA4,0.844504069517762,334,324
QGEP3,201801,LIGT3,0.770703297188627,521,324
QGEP3,201802,CGRA4,0.72391526314109,139,328
QGEP3,201803,CGRA4,0.70266425132718,139,345
QGEP3,201803,DIRR3,0.70233419555096,358,345
QGEP3,201804,AZUL4,0.770333984941366,572,302
QGEP3,201804,BPAC11,0.711767266741618,467,302
QGEP3,201804,BRSR6,0.893274318438051,593,302
QGEP3,201804,ECOR3,0.824985874249058,730,302
QGEP3,201804,ELPL3,0.856944507141383,500,302
QGEP3,201804,EUCA4,0.942739467246803,344,302
QGEP3,201804,LIGT3,0.767073126607717,557,302
QGEP3,201804,MULT3,0.71708960528042,808,302
QGEP3,201805,AZUL4,0.820711826608729,495,303
QGEP3,201805,BPAC11,0.822294752572185,472,303
QGEP3,201805,BRSR6,0.920824065555164,622,303
QGEP3,201805,ECOR3,0.808030109002869,741,303
QGEP3,201805,ELPL3,0.865595182355089,594,303
QGEP3,201805,EUCA4,0.95753931556253,354,303
QGEP3,201805,GGBR4,0.72531162310764,944,303
QGEP3,201805,MULT3,0.721385334109173,802,303
QGEP3,201805,PARD3,0.761569097769829,584,303
QGEP3,201806,AZUL4,0.85040655722118,507,301
QGEP3,201806,BPAC11,0.78402181886639,433,301
QGEP3,201806,BRSR6,0.897202890529797,612,301
QGEP3,201806,CESP6,0.731576946044079,701,301
QGEP3,201806,ECOR3,0.781411529878087,759,301
QGEP3,201806,EUCA4,0.91052818213279,356,301
QGEP3,201806,LIGT3,0.771265671752525,617,301
QGEP3,201806,PARD3,0.751304426391292,600,301
QGEP3,201807,BPAC11,0.738250081597801,449,298
QGEP3,201807,BRSR6,0.868857080410198,612,298
QGEP3,201807,CESP6,0.747353478587626,695,298
QGEP3,201807,ECOR3,0.834298582999846,779,298
QGEP3,201807,EUCA4,0.868199005577305,360,298
QGEP3,201807,LEVE3,0.704385823793161,354,298
QGEP3,201807,LIGT3,0.74371342596329,557,298
QGEP3,201807,PARD3,0.785584140302273,543,298
QGEP3,201808,AZUL4,0.823491280476927,523,296
QGEP3,201808,BPAC11,0.72035234418405,456,296
QGEP3,201808,BRSR6,0.854819782907227,600,296
QGEP3,201808,CESP6,0.704377211187995,708,296
QGEP3,201808,ECOR3,0.804529620075059,806,296
QGEP3,201808,EUCA4,0.852894673289793,356,296
QGEP3,201808,PARD3,0.825857028029243,498,296
QGEP3,201809,AZUL4,0.880007882010195,573,317
QGEP3,201809,BPAC11,0.74386476289971,515,317
QGEP3,201809,BRSR6,0.896701772762913,598,317
QGEP3,201809,CESP6,0.707440697751878,687,317
QGEP3,201809,ECOR3,0.856235375895022,720,317
QGEP3,201809,EUCA4,0.89444298683735,356,317
QGEP3,201809,GOAU3,0.828263900443326,381,317
QGEP3,201809,GOAU4,0.804280140989287,874,317
QGEP3,201809,HAPV3,0.739867903312189,723,317
QGEP3,201809,MPLU3,0.727196257310138,313,317
QGEP3,201809,PARD3,0.862682482901212,470,317
QGEP3,201810,BRSR6,0.776270431532109,593,385
QGEP3,201810,ECOR3,0.740046038353036,732,385
QGEP3,201810,EUCA4,0.753718114283371,360,385
QGEP3,201810,GOAU3,0.744546474080063,380,385
QGEP3,201810,GOAU4,0.722045766068773,850,385
QGEP3,201810,MPLU3,0.765056718758566,424,385
QGEP3,201810,PARD3,0.750913543965845,503,385
QGEP3,201811,BRSR6,0.898121965622066,644,358
QGEP3,201811,CESP6,0.727783376451177,717,358
QGEP3,201811,ECOR3,0.871609989137674,826,358
QGEP3,201811,EUCA4,0.886484011409264,360,358
QGEP3,201811,GOAU3,0.885231753850584,298,358
QGEP3,201811,GOAU4,0.844609052752779,898,358
QGEP3,201811,HAPV3,0.764061952746575,716,358
QGEP3,201811,PARD3,0.86591170388115,514,358
QGEP3,201812,BRSR6,0.848925628730361,639,369
QGEP3,201812,ECOR3,0.748877188978977,859,369
QGEP3,201812,EUCA4,0.828245929943483,366,369
QGEP3,201812,GOAU3,0.7980269728759,297,369
QGEP3,201812,GOAU4,0.766802759665741,883,369
QGEP3,201812,HAPV3,0.733921379417813,731,369
QGEP3,201812,PARD3,0.824759697110357,566,369
QGEP3,201812,PETR4,0.724116232808675,1131,369
QGEP3,201901,BRSR6,0.755808215093191,628,394
QGEP3,201901,EUCA4,0.719470067286542,364,394
QGEP3,201901,PARD3,0.724421597213512,574,394
QGEP3,201902,BRAP4,0.765594366246528,988,478
QGEP3,201902,BRFS3,0.713863530813752,871,478
QGEP3,201902,BRSR6,0.831714590736885,658,478
QGEP3,201902,CESP6,0.700221501083978,775,478
QGEP3,201902,EUCA4,0.81353843109049,377,478
QGEP3,201902,GOAU3,0.749659578358666,326,478
QGEP3,201902,GOAU4,0.763095124768996,921,478
QGEP3,201902,HAPV3,0.752401470839187,803,478
QGEP3,201902,PARD3,0.814241948632227,538,478
QGEP3,201903,BRAP4,0.717844442609821,980,403
QGEP3,201903,BRDT3,0.703365546818264,985,403
QGEP3,201903,BRFS3,0.731305028334544,856,403
QGEP3,201903,BRSR6,0.850952446680066,627,403
QGEP3,201903,CESP6,0.716648819826616,770,403
QGEP3,201903,EUCA4,0.836506797857978,383,403
QGEP3,201903,GOAU3,0.709116499638408,344,403
QGEP3,201903,GOAU4,0.777922363616284,901,403
QGEP3,201903,PARD3,0.838884810449805,510,403
QUAL3,201702,ALPA4,0.822168178305054,558,836
QUAL3,201702,CGAS5,0.772679826152757,547,836
QUAL3,201702,ENBR3,0.824957773164539,740,836
QUAL3,201703,ALPA4,0.75594680729158,591,819
QUAL3,201703,CGAS5,0.733987797484815,566,819
QUAL3,201703,ENBR3,0.786676199143347,734,819
QUAL3,201704,ENBR3,0.716757101618112,763,811
QUAL3,201706,CESP6,0.74342357767547,753,838
QUAL3,201805,LAME4,0.805795854402418,939,886
QUAL3,201805,MEAL3,0.705921968444676,552,886
QUAL3,201806,LAME4,0.723892769931528,928,894
QUAL3,201807,LAME4,0.769298250953602,958,962
QUAL3,201808,CSMG3,0.819297411039251,638,929
QUAL3,201808,LAME4,0.767310751506082,957,929
QUAL3,201809,CSMG3,0.806449586316628,650,877
QUAL3,201811,MEAL3,0.718282374708978,435,869
QUAL3,201812,MEAL3,0.719173296087701,437,854
QUAL3,201901,MEAL3,0.72142789675622,462,838
QUAL3,201902,MEAL3,0.721215447567924,498,902
QUAL3,201903,MEAL3,0.700843166941982,455,828
QUAL3,201904,MEAL3,0.710456587279536,407,810
QUAL3,201905,MEAL3,0.707055359618645,408,819
QUAL3,201906,DTEX3,0.762106545375714,492,784
QUAL3,201906,GUAR3,0.726427074987158,434,784
QUAL3,201906,MEAL3,0.841335546118169,407,784
QUAL3,201906,MYPK3,0.756565586876956,517,784
QUAL3,201908,CIEL3,0.748003109386153,833,886
QUAL3,201911,BPAC11,0.724067450512896,940,881
QUAL3,201911,DTEX3,0.771557677387988,574,881
QUAL3,201912,CIEL3,0.707897267043292,859,857
QUAL3,201912,CYRE3,0.779036882133605,937,857
QUAL3,201912,DTEX3,0.790321983219696,563,857
QUAL3,201912,MEAL3,0.764055553895222,537,857
QUAL3,201912,MYPK3,0.722619544907488,529,857
QUAL3,202001,CYRE3,0.756468270437726,948,899
QUAL3,202001,LINX3,0.70126186341371,679,899
QUAL3,202001,MEAL3,0.743570517557919,551,899
QUAL3,202001,MYPK3,0.702068296925526,561,899
QUAL3,202001,NEOE3,0.716789361274658,710,899
QUAL3,202002,AALR3,0.76419576324543,460,900
QUAL3,202002,CPLE3,0.737377294102647,451,900
QUAL3,202002,CYRE3,0.733769479762586,968,900
QUAL3,202002,ECOR3,0.726313465712318,883,900
QUAL3,202002,GUAR3,0.745531727781223,642,900
QUAL3,202002,IDNT3,0.733786206026331,233,900
QUAL3,202002,LINX3,0.76795871746789,694,900
QUAL3,202002,MEAL3,0.802079671963636,557,900
QUAL3,202002,MYPK3,0.740499578803857,630,900
QUAL3,202002,NEOE3,0.74026519233405,727,900
QUAL3,202003,IRBR3,0.76301915434727,957,947
QUAL3,202003,LINX3,0.705058760069607,663,947
QUAL3,202005,ANIM3,0.739838882853476,656,995
QUAL3,202005,BKBR3,0.767260908332829,647,995
QUAL3,202005,BRML3,0.724197818013981,1029,995
QUAL3,202005,ENEV3,0.733498080067958,810,995
QUAL3,202005,HGTX3,0.760936012526626,914,995
QUAL3,202005,MRVE3,0.764260534859075,1005,995
QUAL3,202006,ANIM3,0.72805870092666,670,1004
QUAL3,202006,BKBR3,0.751226808760563,661,1004
QUAL3,202006,BRML3,0.796480256943378,1044,1004
QUAL3,202006,HGTX3,0.744016751965176,912,1004
QUAL3,202006,MRVE3,0.743882886090388,1005,1004
QUAL3,202007,BIDI11,0.769610837115025,652,998
QUAL3,202007,BKBR3,0.71210299239561,667,998
QUAL3,202007,BRML3,0.766187021287099,1011,998
QUAL3,202007,ENEV3,0.712108767993956,832,998
QUAL3,202007,HGTX3,0.707575954702912,885,998
QUAL3,202007,MRVE3,0.713181850572324,1009,998
QUAL3,202008,ANIM3,0.712470337696991,633,1077
QUAL3,202008,BIDI11,0.814441616506897,721,1077
QUAL3,202008,BIDI4,0.700059549475387,654,1077
QUAL3,202008,BKBR3,0.738223394012975,632,1077
QUAL3,202008,BRML3,0.774056346254539,1053,1077
QUAL3,202008,ENEV3,0.737086812156907,844,1077
QUAL3,202008,HGTX3,0.732802179886013,946,1077
QUAL3,202008,MRVE3,0.734278738864954,1057,1077
QUAL3,202009,BIDI11,0.835051041916609,683,1075
QUAL3,202009,BIDI4,0.778168193012529,619,1075
QUAL3,202009,BKBR3,0.729594849370374,606,1075
QUAL3,202009,BRML3,0.758457179511547,1064,1075
QUAL3,202009,ENEV3,0.754740227742147,852,1075
QUAL3,202009,HGTX3,0.724206795374552,972,1075
QUAL3,202009,MRVE3,0.720869022169814,1031,1075
QUAL3,202010,BIDI11,0.823829986783879,744,1112
QUAL3,202010,BIDI4,0.762726006813909,685,1112
QUAL3,202010,BKBR3,0.723261637388088,633,1112
QUAL3,202010,BRML3,0.744242685176038,1056,1112
QUAL3,202010,ENEV3,0.77057618085068,902,1112
QUAL3,202010,HGTX3,0.71639035426223,961,1112
QUAL3,202010,MRVE3,0.710052670325498,1049,1112
QUAL3,202011,ABEV3,0.718480310636326,1025,1106
QUAL3,202011,BIDI11,0.824485652591172,726,1106
QUAL3,202011,BIDI4,0.781869872368408,669,1106
QUAL3,202011,BKBR3,0.788279738036692,622,1106
QUAL3,202011,BRML3,0.737464903455869,1073,1106
QUAL3,202011,ENEV3,0.766800000485859,852,1106
QUAL3,202011,HGTX3,0.717795642307191,952,1106
QUAL3,202012,BIDI11,0.808793796145818,718,1131
QUAL3,202012,BIDI4,0.770173096872887,666,1131
QUAL3,202012,BKBR3,0.718499712923238,659,1131
QUAL3,202012,ENEV3,0.719870357634717,865,1131
QUAL3,202101,ABEV3,0.700063019232418,1092,1176
QUAL3,202101,BIDI11,0.807620877790468,742,1176
QUAL3,202101,BIDI4,0.81728944020581,632,1176
QUAL3,202101,BKBR3,0.770949663261139,653,1176
QUAL3,202101,BRML3,0.724757400510732,1129,1176
QUAL3,202101,ENEV3,0.719286415082827,1151,1176
QUAL3,202101,LIGT3,0.713376860468832,706,1176
QUAL3,202102,ABEV3,0.700205562617025,1107,1151
QUAL3,202102,ALPK3,0.706613271636797,230,1151
QUAL3,202102,BIDI11,0.793171033334046,837,1151
QUAL3,202102,BIDI3,0.708272189787921,446,1151
QUAL3,202102,BIDI4,0.863267864758083,662,1151
QUAL3,202102,BKBR3,0.816066669958853,629,1151
QUAL3,202102,BRML3,0.717586480496949,1120,1151
QUAL3,202102,ENEV3,0.72601052109585,1201,1151
QUAL3,202102,HGTX3,0.709622569912382,969,1151
QUAL3,202103,ABEV3,0.704586962331719,1126,1156
QUAL3,202103,ALPK3,0.71386462933505,231,1156
QUAL3,202103,BIDI11,0.794116823524816,835,1156
QUAL3,202103,BIDI3,0.74053197883141,333,1156
QUAL3,202103,BIDI4,0.8662258915168,578,1156
QUAL3,202103,BKBR3,0.819078445193662,667,1156
QUAL3,202103,BRML3,0.750003166669241,1135,1156
QUAL3,202103,ENEV3,0.722050264401092,1196,1156
QUAL3,202103,HGTX3,0.717221151838484,1010,1156
QUAL3,202103,POWE3,0.821044897242245,616,1156
QUAL3,202104,ABEV3,0.752502419208898,1144,1203
QUAL3,202104,ALPK3,0.762923585375451,232,1203
QUAL3,202104,BIDI11,0.72975350121234,879,1203
QUAL3,202104,BIDI3,0.764701509359583,332,1203
QUAL3,202104,BIDI4,0.901501137589578,574,1203
QUAL3,202104,BKBR3,0.857432529581196,711,1203
QUAL3,202104,BRML3,0.774908098247767,1182,1203
QUAL3,202104,ENEV3,0.74650881357058,1181,1203
QUAL3,202104,HGTX3,0.763878676660516,1111,1203
QUAL3,202104,LIGT3,0.743385928151375,846,1203
QUAL3,202104,MRVE3,0.738408602536999,1155,1203
QUAL3,202104,POWE3,0.867374772761337,641,1203
QUAL3,202105,BIDI3,0.80394263110165,337,1196
QUAL3,202105,BIDI4,0.899914372443115,614,1196
QUAL3,202105,BKBR3,0.788195490443272,720,1196
QUAL3,202105,BRML3,0.722052535415798,1212,1196
QUAL3,202105,ENEV3,0.702137310541116,1212,1196
QUAL3,202105,POWE3,0.823838176438045,647,1196
QUAL3,202106,BIDI3,0.810500379358996,324,1222
QUAL3,202106,BIDI4,0.907771776274978,631,1222
QUAL3,202106,BKBR3,0.794776631070813,711,1222
QUAL3,202106,BRML3,0.711744812657464,1205,1222
QUAL3,202106,ENEV3,0.702153264120586,1210,1222
QUAL3,202106,POWE3,0.81759760265619,635,1222
QUAL3,202107,BIDI3,0.815538005411921,330,1214
QUAL3,202107,BIDI4,0.881917062231261,712,1214
QUAL3,202107,BKBR3,0.798013381716946,769,1214
QUAL3,202107,ENEV3,0.713180724505634,1225,1214
QUAL3,202107,POWE3,0.830372912069512,644,1214
QUAL3,202108,BIDI3,0.780315543832159,342,1163
QUAL3,202108,BIDI4,0.769185998138817,778,1163
QUAL3,202109,GUAR3,0.721952850642646,665,1171
QUAL3,202109,HBOR3,0.752691330930982,628,1171
QUAL3,202110,GUAR3,0.735328382505668,648,1199
QUAL3,202110,HBOR3,0.782015964662105,546,1199
QUAL3,202111,GUAR3,0.721447127936504,618,1209
QUAL3,202111,HBOR3,0.767067158375074,503,1209
QUAL3,202111,LAME4,0.724995545762927,1227,1209
QUAL3,202111,MBLY3,0.744038446387917,346,1209
QUAL3,202112,HBOR3,0.727577786524512,654,1234
QUAL3,202112,LAME4,0.714456920076565,1255,1234
QUAL3,202112,MBLY3,0.716324474841941,364,1234
RADL3,201704,JBSS3,0.735201770707403,795,807
RADL3,201801,LREN3,0.717677382908156,923,770
RADL3,201802,CSNA3,0.865943157325323,710,732
RADL3,201809,BRSR6,0.703759727170669,598,797
RADL3,201809,EUCA4,0.713177068305073,356,797
RADL3,201809,MULT3,0.700299966453133,816,797
RADL3,201812,BRSR6,0.729580726854291,639,798
RADL3,201812,EUCA4,0.728241943736054,366,798
RADL3,201812,PARD3,0.736501425427873,566,798
RADL3,201812,PETR4,0.701730440098503,1131,798
RADL3,201904,PSSA3,0.770612070389839,525,845
RADL3,201909,BRFS3,0.730252163978211,995,905
RADL3,201910,LREN3,0.734865299818383,1146,951
RADL3,202005,PSSA3,0.726968499330141,538,992
RADL3,202006,ALPK3,0.917679733426137,394,994
RADL3,202006,ANIM3,0.725779565013346,670,994
RADL3,202006,BKBR3,0.731557181468406,661,994
RADL3,202006,ENEV3,0.794118599141928,833,994
RADL3,202006,HGTX3,0.728639932595361,912,994
RADL3,202006,MRVE3,0.707697743343862,1005,994
RADL3,202006,NTCO3,0.744936215913833,1225,994
RADL3,202007,ALPK3,0.927995405151492,402,961
RADL3,202007,ANIM3,0.733502141105287,689,961
RADL3,202007,BKBR3,0.741005103123502,667,961
RADL3,202007,BRML3,0.703550177021406,1011,961
RADL3,202007,ENEV3,0.810240056737707,832,961
RADL3,202007,HGTX3,0.738473205641995,885,961
RADL3,202007,MRVE3,0.723191940355902,1009,961
RADL3,202007,NTCO3,0.754814562951288,1278,961
RADL3,202008,ABEV3,0.729978755965036,1048,1037
RADL3,202008,ALPA4,0.758626912846064,786,1037
RADL3,202008,ALPK3,0.934970459301609,407,1037
RADL3,202008,ANIM3,0.795560549818325,633,1037
RADL3,202008,BIDI11,0.718757218676474,721,1037
RADL3,202008,BKBR3,0.809305215491711,632,1037
RADL3,202008,BRML3,0.770163180171844,1053,1037
RADL3,202008,ENEV3,0.864656012692667,844,1037
RADL3,202008,HGTX3,0.807020518893086,946,1037
RADL3,202008,LIGT3,0.719925929027528,765,1037
RADL3,202008,MRVE3,0.795498847493206,1057,1037
RADL3,202008,NTCO3,0.726225916027233,1350,1037
RADL3,202009,ABEV3,0.743448054690294,1061,1015
RADL3,202009,ALPA4,0.733842277812314,797,1015
RADL3,202009,ALPK3,0.87312104167302,259,1015
RADL3,202009,ANIM3,0.722370280382519,630,1015
RADL3,202009,BKBR3,0.743018666907981,606,1015
RADL3,202009,ENEV3,0.778535319239324,852,1015
RADL3,202009,HGTX3,0.74312155502879,972,1015
RADL3,202009,MRVE3,0.729112028910221,1031,1015
RADL3,202009,NTCO3,0.743989787010816,1366,1015
RADL3,202010,ABEV3,0.736098937055753,1011,1091
RADL3,202010,ALPA4,0.793634641164196,817,1091
RADL3,202010,ALPK3,0.888644032019003,270,1091
RADL3,202010,ANIM3,0.730776684340016,645,1091
RADL3,202010,BKBR3,0.744685797412886,633,1091
RADL3,202010,ENEV3,0.837613886586698,902,1091
RADL3,202010,HGTX3,0.742086566148849,961,1091
RADL3,202010,MRVE3,0.719415839380392,1049,1091
RADL3,202010,NTCO3,0.733601115441701,1387,1091
RADL3,202011,ABEV3,0.777386049879911,1025,1046
RADL3,202011,ALPA4,0.821872845539257,830,1046
RADL3,202011,ALPK3,0.862410463929244,269,1046
RADL3,202011,BKBR3,0.756123505033101,622,1046
RADL3,202011,BRML3,0.721387864706148,1073,1046
RADL3,202011,ENEV3,0.815989080676186,852,1046
RADL3,202011,HGTX3,0.766350326060963,952,1046
RADL3,202011,LIGT3,0.713702594781082,721,1046
RADL3,202011,MRVE3,0.731676416388281,1037,1046
RADL3,202011,NTCO3,0.745458119778537,1401,1046
RADL3,202012,ABEV3,0.719432939297762,1052,1087
RADL3,202012,ALPA4,0.737082236682177,837,1087
RADL3,202012,ENEV3,0.793605068825326,865,1087
RADL3,202012,HGTX3,0.710350934600597,974,1087
RADL3,202012,NTCO3,0.710772365695702,1420,1087
RADL3,202101,ABEV3,0.712546849369221,1092,1113
RADL3,202101,ALPA4,0.737396813446609,867,1113
RADL3,202101,ANIM3,0.712080030568478,761,1113
RADL3,202101,ENEV3,0.828928352633544,1151,1113
RADL3,202101,NTCO3,0.723120561325448,1446,1113
RADL3,202102,ABEV3,0.743899697115528,1107,1134
RADL3,202102,ALPA4,0.729393662749366,900,1134
RADL3,202102,ALPK3,0.723013638079641,230,1134
RADL3,202102,ANIM3,0.74729569955834,796,1134
RADL3,202102,ENEV3,0.869463235169429,1201,1134
RADL3,202102,HGTX3,0.727802692891395,969,1134
RADL3,202102,LIGT3,0.704661585300956,855,1134
RADL3,202102,NTCO3,0.727932013221118,1459,1134
RADL3,202103,ENEV3,0.829259354364334,1196,1186
RADL3,202103,NTCO3,0.822496611190265,1486,1186
RADL3,202104,ALPA4,0.702906207414515,878,1234
RADL3,202104,ENEV3,0.841852990956039,1181,1234
RADL3,202104,NTCO3,0.808656043243218,1502,1234
RADL3,202105,ENEV3,0.738390306849541,1212,1217
RADL3,202105,NTCO3,0.752116856167928,1513,1217
RADL3,202106,NTCO3,0.745963436020233,1525,1203
RADL3,202107,NTCO3,0.722145072425674,1554,1179
RADL3,202108,NTCO3,0.743085640388353,1587,1191
RADL3,202110,ENEV3,0.708096051549713,1151,1287
RADL3,202111,CSAN3,0.725647315674231,1379,1297
RAIL3,201704,BRSR6,0.782043817423487,657,858
RAIL3,201704,CESP6,0.79453594973013,788,858
RAIL3,201704,CSAN3,0.707152198394907,849,858
RAIL3,201704,MLFT4,0.713124694364493,459,858
RAIL3,201704,QGEP3,0.834928639450251,506,858
RAIL3,201705,MLFT4,0.714819583086952,460,834
RAIL3,201706,QGEP3,0.727516663804984,511,819
RAIL3,201708,BRSR6,0.747728250481605,634,804
RAIL3,201708,ECOR3,0.725047616855688,740,804
RAIL3,201708,ESTC3,0.714590693664836,783,804
RAIL3,201708,EUCA4,0.763687472810892,325,804
RAIL3,201708,MULT3,0.747756205214308,835,804
RAIL3,201708,QGEP3,0.712593820543527,459,804
RAIL3,201709,BRSR6,0.730240001617205,609,783
RAIL3,201709,ESTC3,0.724915489963896,850,783
RAIL3,201709,PETR4,0.730413455102126,1030,783
RAIL3,201710,AZUL4,0.78708218778066,637,834
RAIL3,201710,BRSR6,0.764606652230378,625,834
RAIL3,201710,CPLE3,0.70575863285397,392,834
RAIL3,201710,EUCA4,0.757111642830223,339,834
RAIL3,201710,LIGT3,0.751720581326909,593,834
RAIL3,201710,PETR4,0.741276286363225,1039,834
RAIL3,201711,AZUL4,0.784116489870404,615,848
RAIL3,201711,BRSR6,0.787219555994129,620,848
RAIL3,201711,EUCA4,0.793363898746478,341,848
RAIL3,201711,LIGT3,0.786345252011425,589,848
RAIL3,201711,PARD3,0.714777020081382,662,848
RAIL3,201711,PETR4,0.817721442114055,1037,848
RAIL3,201712,AZUL4,0.849445003318155,487,806
RAIL3,201712,BRSR6,0.823567164869594,595,806
RAIL3,201712,CPLE3,0.727126414926717,394,806
RAIL3,201712,ECOR3,0.841941434215764,808,806
RAIL3,201712,EUCA4,0.839270774209486,339,806
RAIL3,201712,LIGT3,0.745217375383358,534,806
RAIL3,201712,PARD3,0.840467793268594,547,806
RAIL3,201802,BRSR6,0.700674967849278,600,825
RAIL3,201802,CESP6,0.725765660564719,616,825
RAIL3,201802,EUCA4,0.711131586665268,341,825
RAIL3,201803,BRSR6,0.709826735747299,568,817
RAIL3,201803,ELPL3,0.733656814561094,429,817
RAIL3,201803,EUCA4,0.73189827702243,347,817
RAIL3,201804,BRSR6,0.785667606912589,593,854
RAIL3,201804,ELPL3,0.740761033132135,500,854
RAIL3,201804,EUCA4,0.751120775810596,344,854
RAIL3,201804,QGEP3,0.732651664184638,302,854
RAIL3,201805,BRSR6,0.812428918631272,622,887
RAIL3,201805,ELPL3,0.776578549074693,594,887
RAIL3,201805,EUCA4,0.761987005469908,354,887
RAIL3,201805,HAPV3,0.723352839139045,744,887
RAIL3,201805,QGEP3,0.753292685312674,303,887
RAIL3,201806,AZUL4,0.721641880283148,507,902
RAIL3,201806,BRSR6,0.783109629004577,612,902
RAIL3,201806,EUCA4,0.753921866988398,356,902
RAIL3,201806,QGEP3,0.706208268037952,301,902
RAIL3,201807,BPAC11,0.701849776286682,449,920
RAIL3,201807,BRSR6,0.820414159472916,612,920
RAIL3,201807,CESP6,0.741549793150852,695,920
RAIL3,201807,ECOR3,0.779096946425662,779,920
RAIL3,201807,EUCA4,0.802240929760905,360,920
RAIL3,201807,HAPV3,0.700089284190025,696,920
RAIL3,201807,LIGT3,0.712765564878059,557,920
RAIL3,201807,PARD3,0.736753929542544,543,920
RAIL3,201807,QGEP3,0.712973086019248,298,920
RAIL3,201808,AZUL4,0.773342133625747,523,922
RAIL3,201808,BPAC11,0.703721833667215,456,922
RAIL3,201808,BRSR6,0.816598718637733,600,922
RAIL3,201808,CESP6,0.736484363049482,708,922
RAIL3,201808,ECOR3,0.77715069029479,806,922
RAIL3,201808,EUCA4,0.799297048739475,356,922
RAIL3,201808,HAPV3,0.736533563243705,701,922
RAIL3,201808,PARD3,0.785391004646727,498,922
RAIL3,201809,AZUL4,0.858394298424787,573,905
RAIL3,201809,BRSR6,0.82373008054655,598,905
RAIL3,201809,CESP6,0.703363001782457,687,905
RAIL3,201809,ECOR3,0.786102825687525,720,905
RAIL3,201809,EUCA4,0.809000281067618,356,905
RAIL3,201809,GOAU3,0.752641415386395,381,905
RAIL3,201809,GOAU4,0.751585961860768,874,905
RAIL3,201809,HAPV3,0.759672010003512,723,905
RAIL3,201809,PARD3,0.782337147260081,470,905
RAIL3,201809,PETR4,0.714219606078065,1061,905
RAIL3,201809,QGEP3,0.744304398125303,317,905
RAIL3,201810,AZUL4,0.706638934179659,584,923
RAIL3,201810,BRSR6,0.810886891403137,593,923
RAIL3,201810,CESP6,0.792764350572643,669,923
RAIL3,201810,CSMG3,0.701639214055891,646,923
RAIL3,201810,ECOR3,0.797915284704675,732,923
RAIL3,201810,EUCA4,0.801154508041851,360,923
RAIL3,201810,GOAU3,0.791809654256442,380,923
RAIL3,201810,GOAU4,0.783415516934569,850,923
RAIL3,201810,HAPV3,0.779324460664985,689,923
RAIL3,201810,LIGT3,0.802368909323671,591,923
RAIL3,201810,PARD3,0.798914812678566,503,923
RAIL3,201811,AZUL4,0.872699328601076,768,960
RAIL3,201811,BRDT3,0.744932391306487,764,960
RAIL3,201811,BTOW3,0.707919359008232,895,960
RAIL3,201811,CSMG3,0.714136522022206,745,960
RAIL3,201811,GGBR4,0.75792024847944,989,960
RAIL3,201812,AZUL4,0.839498389704212,864,965
RAIL3,201812,BRDT3,0.78532291843996,827,965
RAIL3,201812,CESP6,0.745582106779333,731,965
RAIL3,201812,CSMG3,0.771678199784888,738,965
RAIL3,201812,GGBR4,0.753417536184357,953,965
RAIL3,201901,BRFS3,0.707819657161879,867,945
RAIL3,201901,ECOR3,0.790454168916453,865,945
RAIL3,201901,HAPV3,0.75912286302256,746,945
RAIL3,201901,PETR4,0.709826375809762,1128,945
RAIL3,201902,AZUL4,0.80673487142689,865,958
RAIL3,201902,BPAC11,0.710016360124002,559,958
RAIL3,201902,BRDT3,0.856087055751204,988,958
RAIL3,201902,BRFS3,0.724808506861488,871,958
RAIL3,201902,CESP6,0.777416999296972,775,958
RAIL3,201902,CSMG3,0.706171033945815,763,958
RAIL3,201902,ECOR3,0.824108674962668,893,958
RAIL3,201902,GOAU4,0.715151467609995,921,958
RAIL3,201902,HAPV3,0.744905742773063,803,958
RAIL3,201902,PETR4,0.802831703052827,1160,958
RAIL3,201903,AZUL4,0.834699814418916,902,949
RAIL3,201903,BPAC11,0.727347603102916,552,949
RAIL3,201903,BRFS3,0.786532972753906,856,949
RAIL3,201903,BRSR6,0.737180809500228,627,949
RAIL3,201903,CESP6,0.841619080697603,770,949
RAIL3,201903,ECOR3,0.849894306547195,845,949
RAIL3,201903,EUCA4,0.722961426455323,383,949
RAIL3,201903,GOAU4,0.735753520332831,901,949
RAIL3,201903,PARD3,0.733089393297358,510,949
RAIL3,201904,AZUL4,0.807583496839412,881,926
RAIL3,201904,BRSR6,0.783916989957139,622,926
RAIL3,201904,CESP6,0.845721082693102,785,926
RAIL3,201904,ECOR3,0.83281551337008,775,926
RAIL3,201904,EUCA4,0.772547169231047,396,926
RAIL3,201904,GOAU3,0.708886488680133,344,926
RAIL3,201904,GOAU4,0.786552141897603,857,926
RAIL3,201904,HAPV3,0.72730454521194,810,926
RAIL3,201904,LAME4,0.751327113281262,867,926
RAIL3,201904,PARD3,0.787425337863997,516,926
RAIL3,201904,PETR4,0.775954586449749,1157,926
RAIL3,201905,BRDT3,0.772155075943504,889,931
RAIL3,201905,BRFS3,0.774964583934467,947,931
RAIL3,201905,BRSR6,0.803873067840779,593,931
RAIL3,201905,CESP6,0.784207069217939,820,931
RAIL3,201905,CMIG3,0.706754813201676,649,931
RAIL3,201905,CMIG4,0.745188553061637,1019,931
RAIL3,201905,EUCA4,0.788417802706608,400,931
RAIL3,201905,GOAU3,0.741638245866219,344,931
RAIL3,201905,GOAU4,0.842336730181479,872,931
RAIL3,201905,ITUB4,0.807182035762036,1086,931
RAIL3,201905,LAME4,0.823039301723065,856,931
RAIL3,201905,LREN3,0.700357582989276,1095,931
RAIL3,201905,PARD3,0.798909591271287,510,931
RAIL3,201905,PETR4,0.813112711805952,1163,931
RAIL3,201906,BRDT3,0.7795912095826,850,899
RAIL3,201906,BRFS3,0.83494757628061,949,899
RAIL3,201906,BRSR6,0.809330440468562,610,899
RAIL3,201906,CESP6,0.740083384799381,844,899
RAIL3,201906,CMIG4,0.707656457809018,1019,899
RAIL3,201906,EUCA4,0.80964951417256,397,899
RAIL3,201906,GGBR4,0.757698033434037,921,899
RAIL3,201906,GOAU3,0.746073671916854,347,899
RAIL3,201906,GOAU4,0.815958494873947,869,899
RAIL3,201906,ITUB4,0.710409748327906,1104,899
RAIL3,201906,LAME4,0.70755674004172,831,899
RAIL3,201906,PARD3,0.807510156109708,498,899
RAIL3,201906,PETR4,0.783635846132102,1166,899
RAIL3,201907,BPAC11,0.724969045077418,793,915
RAIL3,201907,BRAP4,0.723833635087133,912,915
RAIL3,201907,BRFS3,0.849417298219681,973,915
RAIL3,201907,BRSR6,0.827303720706383,657,915
RAIL3,201907,CESP6,0.736977821132378,882,915
RAIL3,201907,EUCA4,0.831174142481957,402,915
RAIL3,201907,GGBR4,0.761118080007379,928,915
RAIL3,201907,GOAU4,0.823071654239977,911,915
RAIL3,201907,HAPV3,0.717840100073398,837,915
RAIL3,201907,LREN3,0.713278935121643,1101,915
RAIL3,201907,PARD3,0.830462501850331,532,915
RAIL3,201907,PETR4,0.800098027532022,1190,915
RAIL3,201908,BPAC11,0.714966839480297,795,932
RAIL3,201908,BRAP4,0.711281349148772,939,932
RAIL3,201908,BRFS3,0.826285350802951,981,932
RAIL3,201908,BRSR6,0.778877797996475,628,932
RAIL3,201908,CESP6,0.710808320491903,876,932
RAIL3,201908,CMIG4,0.710285851306941,947,932
RAIL3,201908,EUCA4,0.793618765379543,404,932
RAIL3,201908,GOAU4,0.774943394112033,915,932
RAIL3,201908,HAPV3,0.717203788181788,950,932
RAIL3,201908,ITUB4,0.744696425357054,1024,932
RAIL3,201908,PARD3,0.859938525917529,580,932
RAIL3,201908,PETR4,0.738193211891683,1156,932
RAIL3,201909,AZUL4,0.706359651110843,1033,962
RAIL3,201909,BPAC11,0.768103233948498,918,962
RAIL3,201909,BRFS3,0.737382740169165,995,962
RAIL3,201909,BRSR6,0.749702406107396,594,962
RAIL3,201909,CMIG3,0.717058725335282,656,962
RAIL3,201909,CMIG4,0.710122949452595,946,962
RAIL3,201909,CPFE3,0.721402000181206,837,962
RAIL3,201909,EUCA4,0.745748283638877,405,962
RAIL3,201909,GGBR4,0.73017765790173,893,962
RAIL3,201909,GOAU4,0.735950390886799,879,962
RAIL3,201909,HAPV3,0.725178226726476,1000,962
RAIL3,201909,ITUB4,0.723658545044705,1048,962
RAIL3,201909,PARD3,0.807197925730617,576,962
RAIL3,201909,PETR4,0.735406862479149,1134,962
RAIL3,201910,BRFS3,0.737804959816121,1004,977
RAIL3,201910,BRSR6,0.743934171886689,628,977
RAIL3,201910,CMIG4,0.715033922987434,940,977
RAIL3,201910,EUCA4,0.739003438688162,407,977
RAIL3,201910,GGBR4,0.718717534106593,911,977
RAIL3,201910,GOAU4,0.75482020800769,899,977
RAIL3,201910,LREN3,0.722790038897918,1146,977
RAIL3,201910,PARD3,0.79441191187307,562,977
RAIL3,201910,PETR4,0.731005449854318,1171,977
RAIL3,201911,ARZZ3,0.755158877686478,718,961
RAIL3,201912,ARZZ3,0.713221331260151,595,941
RAIL3,202002,BRFS3,0.726605667193788,930,943
RAIL3,202008,BPAC11,0.703451051478577,1191,1144
RAIL3,202010,BRDT3,0.717098683981502,1159,1181
RAIL3,202010,ENGI11,0.712856585645212,1043,1181
RAIL3,202011,BRDT3,0.709445151533089,1182,1175
RAIL3,202011,ENGI11,0.736167005639904,1045,1175
RAIL3,202012,BRDT3,0.741332490800874,1174,1206
RAIL3,202101,BRDT3,0.720943659137692,1202,1233
RAIL3,202106,ASAI3,0.760536550146536,1183,1221
RAIL3,202106,CEAB3,0.734040819572279,828,1221
RAIL3,202106,CURY3,0.76063724568426,593,1221
RAIL3,202106,ENGI11,0.767214825387095,1172,1221
RAIL3,202107,ASAI3,0.762032876246817,1204,1212
RAIL3,202107,CEAB3,0.720034359409827,767,1212
RAIL3,202107,CURY3,0.750428880635982,592,1212
RAIL3,202107,ENGI11,0.729306120586165,1170,1212
RAIL3,202108,ASAI3,0.745999829458172,1261,1215
RAIL3,202108,CURY3,0.735478038409652,593,1215
RAIL3,202108,ENGI11,0.705764164614314,1165,1215
RAIL3,202109,CURY3,0.701857999883744,637,1224
RAIL3,202112,ASAI3,0.70068800223297,1266,1278
RAIL3,202112,CURY3,0.712687337638644,791,1278
RAIZ4,202109,CRFB3,0.736760799593695,1112,759
RAIZ4,202110,CRFB3,0.722614756473094,1175,765
RAIZ4,202111,CRFB3,0.770766400405376,1205,728
RANI3,202003,FRAS3,0.829339180715605,150,145
RANI3,202004,FRAS3,0.784292446259217,149,145
RANI3,202101,CARD3,0.765145853094815,249,301
RANI3,202101,PTBL3,0.75526053819172,259,301
RANI3,202102,AVLL3,0.879242532252214,45,298
RANI3,202102,BEEF11,0.882785591005663,194,298
RANI3,202102,CARD3,0.91414365182494,250,298
RANI3,202102,ETER3,0.88304039194832,185,298
RANI3,202102,EUCA4,0.885690239973093,365,298
RANI3,202102,JHSF3,0.761274475333297,957,298
RANI3,202102,KEPL3,0.739464519231846,190,298
RANI3,202102,MILS3,0.742144202442567,323,298
RANI3,202102,PTBL3,0.839497445968889,297,298
RANI3,202103,AVLL3,0.860101036173607,45,329
RANI3,202103,BEEF11,0.862605824411527,197,329
RANI3,202103,CARD3,0.920339588258742,90,329
RANI3,202103,ETER3,0.862315024048136,164,329
RANI3,202103,EUCA4,0.864215581940805,366,329
RANI3,202103,JHSF3,0.798388423757837,996,329
RANI3,202103,KEPL3,0.796049945497574,195,329
RANI3,202103,LOGN3,0.792664063886347,407,329
RANI3,202103,MILS3,0.822188521645502,392,329
RANI3,202103,PTBL3,0.915340242128852,368,329
RANI3,202104,AVLL3,0.829511898802782,45,297
RANI3,202104,BEEF11,0.833501492658239,200,297
RANI3,202104,ETER3,0.832903059688542,228,297
RANI3,202104,EUCA4,0.827877047337126,369,297
RANI3,202104,GPCP3,0.796512820776023,37,297
RANI3,202104,JHSF3,0.737638654670083,997,297
RANI3,202104,KEPL3,0.760186692260778,197,297
RANI3,202104,LOGN3,0.827577729569301,469,297
RANI3,202104,MILS3,0.775139806586719,489,297
RANI3,202104,PTBL3,0.94664642970668,440,297
RANI3,202105,AVLL3,0.867566128362092,45,451
RANI3,202105,BEEF11,0.870435890128683,206,451
RANI3,202105,ETER3,0.869788210429643,236,451
RANI3,202105,JHSF3,0.777991023132528,1001,451
RANI3,202105,KEPL3,0.816357692041919,200,451
RANI3,202105,LOGN3,0.856947738428281,478,451
RANI3,202105,MILS3,0.845382681659468,499,451
RANI3,202105,PTBL3,0.883214886421344,441,451
RANI3,202106,AVLL3,0.792992619050458,48,484
RANI3,202106,BEEF11,0.795703866571554,199,484
RANI3,202106,ETER3,0.794819288553656,96,484
RANI3,202106,KEPL3,0.764565620244541,214,484
RANI3,202106,LOGN3,0.787697543153661,489,484
RANI3,202106,MILS3,0.758322317861388,497,484
RANI3,202106,PTBL3,0.88067248003256,463,484
RANI3,202107,AVLL3,0.782644560777401,47,541
RANI3,202107,BEEF11,0.785326789407936,199,541
RANI3,202107,ETER3,0.784325154450944,83,541
RANI3,202107,KEPL3,0.758063402695331,215,541
RANI3,202107,LOGN3,0.765982422527778,522,541
RANI3,202107,MILS3,0.745281106075474,563,541
RANI3,202107,POSI3,0.7315407745814,581,541
RANI3,202107,PTBL3,0.953541074945418,541,541
RANI3,202108,AVLL3,0.7252372554365,47,506
RANI3,202108,BEEF11,0.727135632576346,201,506
RANI3,202108,ETER3,0.726484471218966,107,506
RANI3,202108,KEPL3,0.714894956062753,216,506
RANI3,202108,PTBL3,0.97309785957003,505,506
RANI3,202109,ENAT3,0.734044935813654,588,525
RANI3,202109,PTBL3,0.890492164100425,517,525
RANI3,202110,ENAT3,0.847389265199606,593,499
RANI3,202110,PTBL3,0.841379879396697,465,499
RANI3,202111,AVLL3,0.777792864993304,34,457
RANI3,202111,BEEF11,0.779252346319768,190,457
RANI3,202111,ETER3,0.78093746950934,95,457
RANI3,202111,EUCA4,0.777282145466975,352,457
RANI3,202111,KEPL3,0.754576070101816,482,457
RANI3,202111,MILS3,0.71958728407051,403,457
RANI3,202111,PTBL3,0.901971659536476,418,457
RANI3,202112,AVLL3,0.778566233303033,35,550
RANI3,202112,BEEF3,0.72938743981737,1200,550
RANI3,202112,ETER3,0.783738096785793,86,550
RANI3,202112,EUCA4,0.778790124133434,365,550
RANI3,202112,JHSF3,0.703718601808002,1131,550
RANI3,202112,KEPL3,0.766456227859183,547,550
RANI3,202112,PTBL3,0.872084641307538,507,550
RAPT3,201702,BRGE3,0.999880972599505,133,230
RAPT3,201702,CCXC3,0.908054395253576,26,230
RAPT3,201702,CGRA3,0.998766365220027,135,230
RAPT3,201702,CRIV3,0.999880972599506,133,230
RAPT3,201702,CTNM4,0.999050261555023,134,230
RAPT3,201702,JOPA3,0.999880972599506,133,230
RAPT3,201702,LLIS3,0.908054395253576,26,230
RAPT3,201702,LUPA3,0.720840302937656,27,230
RAPT3,201702,MGEL4,0.999880972599506,133,230
RAPT3,201702,OSXB3,0.908054395253576,26,230
RAPT3,201703,BRGE3,0.999867388847041,134,231
RAPT3,201703,CGRA3,0.997797221468734,136,231
RAPT3,201703,CRIV3,0.99986738884704,134,231
RAPT3,201703,CTNM4,0.998837642033112,135,231
RAPT3,201703,JOPA3,0.99986738884704,134,231
RAPT3,201704,BRGE3,0.999909977747242,136,237
RAPT3,201704,CGRA3,0.998081725500155,138,237
RAPT3,201704,CRIV3,0.999909977747243,136,237
RAPT3,201704,CTNM4,0.999123753279819,137,237
RAPT3,201704,JOPA3,0.999909977747242,136,237
RAPT3,201705,BRGE3,0.999890011634212,133,236
RAPT3,201705,CGRA3,0.998209741398501,135,236
RAPT3,201705,CRIV3,0.999890011634212,133,236
RAPT3,201705,CTNM4,0.99908552620161,134,236
RAPT3,201705,JOPA3,0.999890011634213,133,236
RAPT3,201706,BRGE3,0.99997239937928,130,256
RAPT3,201706,CGRA3,0.998387004728771,132,256
RAPT3,201706,CRIV3,0.999972399379279,130,256
RAPT3,201706,CTNM4,0.999305710969589,131,256
RAPT3,201706,JOPA3,0.99997239937928,130,256
RAPT3,201707,BRGE3,0.999978089429401,129,252
RAPT3,201707,CRIV3,0.999978089429402,129,252
RAPT3,201707,CTNM4,0.999468870006081,130,252
RAPT3,201707,JOPA3,0.9999780894294,129,252
RAPT3,201708,BRGE3,0.999979080300047,130,131
RAPT3,201708,CRIV3,0.999979080300047,130,131
RAPT3,201708,CTNM4,0.999533061366721,131,131
RAPT3,201708,JOPA3,0.999979080300047,130,131
RAPT3,201709,BRGE3,0.999989176538641,129,130
RAPT3,201709,CCPR3,0.713783662326991,144,130
RAPT3,201709,CRIV3,0.999989176538641,129,130
RAPT3,201709,CTNM4,0.999545753471628,130,130
RAPT3,201709,JOPA3,0.999989176538641,129,130
RAPT3,201710,BRGE3,0.999984451031883,130,131
RAPT3,201710,CCPR3,0.700909228940919,146,131
RAPT3,201710,CRIV3,0.999984451031882,130,131
RAPT3,201710,CTNM4,0.999568945226183,131,131
RAPT3,201710,JOPA3,0.999984451031882,130,131
RAPT3,201711,BRGE3,0.999969959219627,129,130
RAPT3,201711,CCPR3,0.713829517279266,146,130
RAPT3,201711,CRIV3,0.999969959219627,129,130
RAPT3,201711,CTNM4,0.999498107366889,130,130
RAPT3,201711,JOPA3,0.999969959219627,129,130
RAPT3,201712,BRGE3,0.999973944792304,128,129
RAPT3,201712,CCPR3,0.727371085530422,145,129
RAPT3,201712,CRIV3,0.999973944792305,128,129
RAPT3,201712,CTNM4,0.999602072626984,129,129
RAPT3,201712,JOPA3,0.999973944792305,128,129
RAPT3,201712,LLIS3,0.909572981938475,20,129
RAPT3,201801,BRGE3,0.999962704295445,125,126
RAPT3,201801,CCPR3,0.716144061362102,143,126
RAPT3,201801,CRIV3,0.999962704295445,125,126
RAPT3,201801,CTNM4,0.99985298344439,126,126
RAPT3,201801,JOPA3,0.999962704295446,125,126
RAPT3,201801,LLIS3,0.836085841639964,32,126
RAPT3,201802,BRGE3,0.999968044463159,124,125
RAPT3,201802,CRIV3,0.999968044463159,124,125
RAPT3,201802,CTNM4,0.999968044463159,124,125
RAPT3,201802,JOPA3,0.999968044463159,124,125
RAPT3,201803,BRGE3,1,124,125
RAPT3,201803,BRIV3,1,124,125
RAPT3,201803,CRIV3,1,124,125
RAPT3,201803,CTNM4,0.999980277466186,124,125
RAPT3,201803,INEP3,0.978066746528601,125,125
RAPT3,201803,JOPA3,1,124,125
RAPT3,201804,BRGE3,0.999999994170296,124,124
RAPT3,201804,BRIV3,0.999999994170295,124,124
RAPT3,201804,CRIV3,0.999999994170296,124,124
RAPT3,201804,CTNM4,0.999964518369624,125,124
RAPT3,201804,INEP3,0.975859396809851,125,124
RAPT3,201804,JOPA3,0.999999994170296,124,124
RAPT3,201805,BRGE3,0.96933830440161,124,124
RAPT3,201805,BRIV3,0.969338304401611,124,124
RAPT3,201805,CRIV3,0.969338304401611,124,124
RAPT3,201805,CTNM4,0.969316917782692,125,124
RAPT3,201805,INEP3,0.931256279172497,125,124
RAPT3,201805,JOPA3,0.969338304401612,124,124
RAPT3,201806,BRGE3,0.958151767980883,123,128
RAPT3,201806,BRIV3,0.958151767980883,123,128
RAPT3,201806,CRIV3,0.958151767980883,123,128
RAPT3,201806,CTNM4,0.95813179099203,124,128
RAPT3,201806,INEP3,0.928411552896164,124,128
RAPT3,201806,JOPA3,0.958151767980883,123,128
RAPT3,201807,BRGE3,0.999994377796457,122,126
RAPT3,201807,BRIV3,0.999994377796457,122,126
RAPT3,201807,CRIV3,0.999994377796457,122,126
RAPT3,201807,CTNM4,0.999973724194666,123,126
RAPT3,201807,INEP3,0.860384963501706,123,126
RAPT3,201807,JOPA3,0.999994377796457,122,126
RAPT3,201808,BRGE3,1,122,122
RAPT3,201808,BRIV3,1,122,122
RAPT3,201808,BRPR3,0.755558541099132,440,122
RAPT3,201808,CRIV3,1,122,122
RAPT3,201808,CTNM4,0.999982374898913,123,122
RAPT3,201808,JOPA3,1,122,122
RAPT3,201809,BRGE3,1,123,123
RAPT3,201809,BRIV3,1,123,123
RAPT3,201809,BRPR3,0.763576047689097,422,123
RAPT3,201809,CCPR3,0.779077414806918,136,123
RAPT3,201809,CRIV3,1,123,123
RAPT3,201809,CTNM4,0.999993375292773,124,123
RAPT3,201809,JOPA3,1,123,123
RAPT3,201810,BRGE3,1,166,166
RAPT3,201810,BRIV3,1,166,166
RAPT3,201810,CCPR3,0.800655051573234,179,166
RAPT3,201810,CRIV3,1,166,166
RAPT3,201810,CTNM4,0.999993066933521,167,166
RAPT3,201810,JOPA3,1,166,166
RAPT3,201811,BRGE3,1,186,186
RAPT3,201811,BRIV3,1,186,186
RAPT3,201811,CCPR3,0.718836134885534,199,186
RAPT3,201811,CRIV3,1,186,186
RAPT3,201811,CTNM4,0.999959044142698,187,186
RAPT3,201811,JOPA3,1,186,186
RAPT3,201812,BRGE3,1,191,191
RAPT3,201812,BRIV3,1,191,191
RAPT3,201812,CRIV3,1,191,191
RAPT3,201812,CTNM4,0.999978383177956,192,191
RAPT3,201812,JOPA3,1,191,191
RAPT3,201901,BRGE3,1,194,194
RAPT3,201901,BRIV3,1,194,194
RAPT3,201901,CCPR3,0.700166428405485,207,194
RAPT3,201901,CRIV3,1,194,194
RAPT3,201901,CTNM4,0.999989501808206,195,194
RAPT3,201901,JOPA3,1,194,194
RAPT3,201902,BRGE3,1,194,194
RAPT3,201902,BRIV3,1,194,194
RAPT3,201902,CRIV3,1,194,194
RAPT3,201902,CTNM4,0.999993005988771,195,194
RAPT3,201902,JOPA3,1,194,194
RAPT3,201903,BRGE3,1,194,194
RAPT3,201903,BRIV3,1,194,194
RAPT3,201903,CRIV3,1,194,194
RAPT3,201903,CTNM4,0.999989126016373,195,194
RAPT3,201903,GSHP3,0.761670287414663,79,194
RAPT3,201903,JOPA3,1,194,194
RAPT3,201904,BRGE3,1,194,194
RAPT3,201904,BRIV3,1,194,194
RAPT3,201904,CRIV3,1,194,194
RAPT3,201904,CTNM4,0.999980994953377,195,194
RAPT3,201904,JOPA3,1,194,194
RAPT3,201905,BRGE3,0.999999981806096,195,195
RAPT3,201905,BRIV3,0.999999981806096,195,195
RAPT3,201905,CRIV3,0.999999981806095,195,195
RAPT3,201905,CTNM4,0.999972423979002,196,195
RAPT3,201905,JOPA3,0.999999981806095,195,195
RAPT3,201906,BRGE3,0.99999998227642,192,193
RAPT3,201906,BRIV3,0.999999982276419,192,193
RAPT3,201906,CCPR3,0.71954422782033,211,193
RAPT3,201906,CRIV3,0.999999982276419,192,193
RAPT3,201906,CTNM4,0.99997448265946,193,193
RAPT3,201906,JOPA3,0.999999982276421,192,193
RAPT3,201907,BRGE3,0.999999984275515,192,193
RAPT3,201907,BRIV3,0.999999984275514,192,193
RAPT3,201907,CRIV3,0.999999984275515,192,193
RAPT3,201907,CTNM4,0.999977880446467,193,193
RAPT3,201907,JOPA3,0.999999984275515,192,193
RAPT3,201908,BRGE3,0.999999981670165,196,197
RAPT3,201908,BRIV3,0.999999981670165,196,197
RAPT3,201908,CRIV3,0.999999981670165,196,197
RAPT3,201908,CTNM4,0.999980114352647,197,197
RAPT3,201908,JOPA3,0.999999981670165,196,197
RAPT3,201909,BRGE3,0.999999982809293,192,193
RAPT3,201909,BRIV3,0.999999982809294,192,193
RAPT3,201909,CRIV3,0.999999982809293,192,193
RAPT3,201909,CTNM4,0.999986636916484,193,193
RAPT3,201909,JOPA3,0.999999982809293,192,193
RAPT3,201910,BRGE3,0.999999847062651,190,191
RAPT3,201910,BRIV3,0.999999847062652,190,191
RAPT3,201910,CRIV3,0.999999847062652,190,191
RAPT3,201910,CTNM4,0.999989144664181,191,191
RAPT3,201910,JOPA3,0.999999847062651,190,191
RAPT3,201911,BRGE3,0.999999984573929,192,193
RAPT3,201911,BRIV3,0.999999984573929,192,193
RAPT3,201911,CRIV3,0.99999998457393,192,193
RAPT3,201911,CTNM4,0.999997939318222,193,193
RAPT3,201911,JOPA3,0.999999984573929,192,193
RAPT3,201912,BRGE3,0.99999998713181,188,189
RAPT3,201912,BRIV3,0.99999998713181,188,189
RAPT3,201912,CRIV3,0.99999998713181,188,189
RAPT3,201912,CTNM4,0.999998318018178,189,189
RAPT3,201912,JOPA3,0.99999998713181,188,189
RAPT3,202001,BRGE3,1,187,187
RAPT3,202001,BRIV3,1,187,187
RAPT3,202001,CRIV3,1,187,187
RAPT3,202001,CTNM4,0.999999051701765,188,187
RAPT3,202001,JOPA3,1,187,187
RAPT3,202002,BRGE3,1,186,186
RAPT3,202002,BRIV3,1,186,186
RAPT3,202002,CRIV3,1,186,186
RAPT3,202002,CTNM4,0.999999046134868,187,186
RAPT3,202002,JOPA3,1,186,186
RAPT3,202003,BRGE3,0.998808760980302,184,184
RAPT3,202003,BRIV3,0.998808760980302,184,184
RAPT3,202003,CRIV3,0.998808760980303,184,184
RAPT3,202003,CTNM4,0.998808507086829,185,184
RAPT3,202003,JOPA3,0.998808760980302,184,184
RAPT3,202004,BRGE3,0.99875862611896,196,196
RAPT3,202004,BRIV3,0.99875862611896,196,196
RAPT3,202004,CRIV3,0.99875862611896,196,196
RAPT3,202004,CTNM4,0.998758465646699,197,196
RAPT3,202004,JOPA3,0.99875862611896,196,196
RAPT3,202005,BRGE3,0.998849611590868,196,196
RAPT3,202005,BRIV3,0.998849611590868,196,196
RAPT3,202005,CRIV3,0.998849611590868,196,196
RAPT3,202005,CTNM4,0.99884948243641,197,196
RAPT3,202005,JOPA3,0.998849611590869,196,196
RAPT3,202006,BRGE3,0.998782363252191,197,197
RAPT3,202006,BRIV3,0.998782363252191,197,197
RAPT3,202006,CRIV3,0.998782363252191,197,197
RAPT3,202006,CTNM4,0.998782363252192,197,197
RAPT3,202006,JOPA3,0.998782363252191,197,197
RAPT3,202007,BRGE3,0.99874836149133,201,201
RAPT3,202007,BRIV3,0.998748361491329,201,201
RAPT3,202007,CRIV3,0.99874836149133,201,201
RAPT3,202007,CTNM4,0.998748361491329,201,201
RAPT3,202007,JOPA3,0.998748361491329,201,201
RAPT3,202008,BRGE3,0.998720792853651,202,202
RAPT3,202008,BRIV3,0.998720792853651,202,202
RAPT3,202008,CRIV3,0.998720792853651,202,202
RAPT3,202008,CTNM4,0.998720792853651,202,202
RAPT3,202008,JOPA3,0.998720792853651,202,202
RAPT3,202009,BRGE3,1,201,201
RAPT3,202009,BRIV3,1,201,201
RAPT3,202009,CGRA4,0.916909268148734,351,201
RAPT3,202009,CRIV3,1,201,201
RAPT3,202009,CTNM4,1,201,201
RAPT3,202009,JOPA3,1,201,201
RAPT3,202010,BRGE3,1,203,203
RAPT3,202010,BRIV3,1,203,203
RAPT3,202010,CRIV3,1,203,203
RAPT3,202010,CTNM4,1,203,203
RAPT3,202010,JOPA3,1,203,203
RAPT3,202011,BRGE3,1,200,200
RAPT3,202011,BRIV3,1,200,200
RAPT3,202011,CRIV3,1,200,200
RAPT3,202011,CTNM4,1,200,200
RAPT3,202011,JOPA3,1,200,200
RAPT3,202012,BRGE3,1,210,210
RAPT3,202012,BRIV3,1,210,210
RAPT3,202012,CTNM4,1,210,210
RAPT3,202012,JOPA3,1,210,210
RAPT3,202101,BRGE3,0.999975279264908,211,211
RAPT3,202101,BRIV3,0.999975279264907,211,211
RAPT3,202101,CTNM4,0.999975279264906,211,211
RAPT3,202101,JOPA3,0.999975279264907,211,211
RAPT3,202102,BRGE3,1,212,212
RAPT3,202102,BRIV3,1,212,212
RAPT3,202102,CTNM4,0.999999999020304,212,212
RAPT3,202102,JOPA3,1,212,212
RAPT3,202103,BRGE3,1,292,292
RAPT3,202103,BRIV3,1,292,292
RAPT3,202103,CTNM4,0.999999999135332,292,292
RAPT3,202103,JOPA3,1,292,292
RAPT3,202104,BRGE3,1,311,311
RAPT3,202104,BRIV3,1,311,311
RAPT3,202104,CTNM4,0.999999978906065,311,311
RAPT3,202104,JOPA3,1,311,311
RAPT3,202105,BRGE3,1,315,315
RAPT3,202105,BRIV3,1,315,315
RAPT3,202105,CTNM4,0.999998815758085,317,315
RAPT3,202105,JOPA3,1,315,315
RAPT3,202106,BRGE3,0.999999999999998,313,313
RAPT3,202106,BRIV3,1,313,313
RAPT3,202106,CTNM4,0.999997421995415,315,313
RAPT3,202106,JOPA3,1,313,313
RAPT3,202107,BRGE3,1,312,312
RAPT3,202107,BRIV3,1,312,312
RAPT3,202107,CRIV3,1,312,312
RAPT3,202107,CTNM4,0.999999037466467,314,312
RAPT3,202107,JOPA3,1,312,312
RAPT3,202108,BRGE3,0.998348507925154,318,318
RAPT3,202108,BRIV3,0.998348507925154,318,318
RAPT3,202108,CRIV3,0.998348507925156,318,318
RAPT3,202108,CTNM4,0.99834783013226,320,318
RAPT3,202108,JOPA3,0.998348507925154,318,318
RAPT3,202109,BRGE3,0.999603568941026,320,346
RAPT3,202109,BRIV3,0.999603568941027,320,346
RAPT3,202109,CRIV3,0.999603568941024,320,346
RAPT3,202109,CTNM4,0.999600768988954,322,346
RAPT3,202109,JOPA3,0.999603568941026,320,346
RAPT3,202110,BRGE3,1,319,319
RAPT3,202110,BRIV3,1,319,319
RAPT3,202110,CTNM4,0.999996733461745,321,319
RAPT3,202110,JOPA3,1,319,319
RAPT3,202111,BRGE3,1,318,318
RAPT3,202111,BRIV3,1,318,318
RAPT3,202111,CTNM4,0.999997518890845,320,318
RAPT3,202111,JOPA3,1,318,318
RAPT3,202112,BRGE3,0.999966074543202,321,321
RAPT3,202112,BRIV3,0.999966074543203,321,321
RAPT3,202112,CTNM4,0.99933220520302,323,321
RAPT3,202112,JOPA3,0.999966074543202,321,321
RAPT4,201707,MGLU3,0.830054355996745,261,372
RAPT4,201802,DTEX3,0.79428481680889,401,438
RAPT4,201805,ENBR3,0.85175586318831,776,503
RAPT4,201806,ENBR3,0.868162911601343,790,519
RAPT4,201806,GUAR3,0.724996427727177,541,519
RAPT4,201806,MYPK3,0.714711192721535,703,519
RAPT4,201808,ENBR3,0.798615749322099,861,507
RAPT4,201808,MRFG3,0.734233817491728,767,507
RAPT4,201810,GOLL4,0.761166052823978,684,535
RAPT4,201901,EZTC3,0.744489993969293,573,594
RAPT4,201902,EZTC3,0.853851473804055,636,637
RAPT4,201903,CYRE3,0.703439317533167,989,645
RAPT4,201903,EZTC3,0.873258089840751,587,645
RAPT4,201903,FLRY3,0.702075150613382,825,645
RAPT4,201904,CYRE3,0.799141529730604,945,644
RAPT4,201904,EZTC3,0.884119694262661,566,644
RAPT4,201904,FLRY3,0.830501831260989,831,644
RAPT4,201905,CYRE3,0.8211644057515,947,599
RAPT4,201905,EZTC3,0.916299479146523,488,599
RAPT4,201905,FLRY3,0.895518764337877,848,599
RAPT4,201905,GOLL4,0.869431585121769,799,599
RAPT4,201905,MULT3,0.72391268553333,927,599
RAPT4,202003,MILS3,0.725906084801082,434,569
RAPT4,202101,AMAR3,0.754780383917591,419,588
RAPT4,202102,AMAR3,0.842456079473537,415,499
RAPT4,202103,AMAR3,0.762197064468421,416,480
RAPT4,202106,MDIA3,0.728542351180752,603,567
RAPT4,202107,MDIA3,0.822331566459525,623,630
RAPT4,202108,MDIA3,0.733676512193389,619,611
RCSL3,202104,ATOM3,1,22,22
RCSL3,202104,AZEV3,0.99810669531992,23,22
RCSL3,202104,IGBR3,1,22,22
RCSL3,202104,INEP3,1,22,22
RCSL3,202104,LUPA3,0.886386475413531,24,22
RCSL3,202104,MMXM3,0.895048240599685,25,22
RCSL3,202104,OSXB3,1,22,22
RCSL3,202105,ATOM3,1,23,23
RCSL3,202105,AZEV3,0.993723673781135,24,23
RCSL3,202105,BSEV3,0.999821488674455,24,23
RCSL3,202105,IGBR3,1,23,23
RCSL3,202105,INEP3,1,23,23
RCSL3,202105,MMXM3,0.915690495970711,23,23
RCSL3,202105,OSXB3,1,23,23
RCSL3,202106,ATOM3,1,23,23
RCSL3,202106,BSEV3,0.999881331749634,23,23
RCSL3,202106,IGBR3,1,23,23
RCSL3,202106,INEP3,1,23,23
RCSL3,202106,LUPA3,0.990652607852603,25,23
RCSL3,202106,MMXM3,0.896912425939413,23,23
RCSL3,202107,ATOM3,1,22,22
RCSL3,202107,AZEV4,1,22,22
RCSL3,202107,BSEV3,0.999899101704292,22,22
RCSL3,202107,INEP3,1,22,22
RCSL3,202107,LUPA3,0.992870164710672,23,22
RCSL3,202107,MMXM3,0.891292803290567,22,22
RCSL3,202110,AALR3,0.759831404644337,450,406
RCSL3,202110,FESA4,0.734308134365028,478,406
RCSL3,202110,PMAM3,0.935369656469229,421,406
RCSL3,202111,FESA4,0.716985808425591,432,360
RCSL3,202111,PMAM3,0.931589075757883,372,360
RCSL3,202112,FESA4,0.723867639536439,520,463
RCSL3,202112,PMAM3,0.915903966260418,471,463
RCSL4,202101,DMMO3,0.88470108496661,170,158
RCSL4,202102,DMMO3,0.865157288320499,206,196
RCSL4,202103,DMMO3,0.868714924715341,283,286
RCSL4,202104,BEEF3,0.72516137924672,1028,394
RCSL4,202105,AALR3,0.836498987398223,421,387
RCSL4,202107,AALR3,0.801853198536041,524,493
RCSL4,202108,FESA4,0.727054337318759,511,454
RCSL4,202108,FLRY3,0.72474319811458,1019,454
RCSL4,202109,AALR3,0.760496504623973,494,453
RCSL4,202110,AALR3,0.760235947176813,450,407
RCSL4,202110,FESA4,0.73339005838634,478,407
RCSL4,202110,PMAM3,0.935369428809858,421,407
RCSL4,202110,RCSL3,0.999960478491974,406,407
RCSL4,202111,FESA4,0.716412620659313,432,358
RCSL4,202111,PMAM3,0.93158182800258,372,358
RCSL4,202111,RCSL3,0.99998928667841,360,358
RCSL4,202112,PMAM3,0.87095049208505,471,461
RCSL4,202112,RCSL3,0.950638163468955,463,461
RDNI3,201702,MILS3,0.770506650354542,408,194
RDNI3,201702,PTBL3,0.780078778546129,140,194
RDNI3,201703,MILS3,0.742911577139573,403,198
RDNI3,201703,PTBL3,0.819796963018034,139,198
RDNI3,201704,MILS3,0.716584028045835,409,217
RDNI3,201704,PTBL3,0.747877918136497,145,217
RDNI3,201705,PTBL3,0.752245460181266,145,216
RDNI3,201706,PTBL3,0.824505426377342,147,213
RDNI3,201707,PTBL3,0.760369181908113,52,215
RDNI3,201708,PTBL3,0.762314580164718,50,236
RDNI3,201709,PTBL3,0.73616369258697,48,237
RDNI3,201710,PTBL3,0.746917956489701,58,238
RDNI3,201711,PTBL3,0.765260857744329,69,246
RDNI3,201712,PTBL3,0.742418906583742,70,247
RDNI3,201712,RAIL3,0.710927847391317,806,247
RDNI3,201801,MILS3,0.720241391013162,274,248
RDNI3,201801,PTBL3,0.772661239485643,214,248
RDNI3,201802,MILS3,0.759157669568199,252,215
RDNI3,201802,PTBL3,0.81035243264495,219,215
RDNI3,201803,MILS3,0.710235681136245,255,224
RDNI3,201803,PTBL3,0.77867260031347,203,224
RDNI3,201804,MILS3,0.76672732189361,213,263
RDNI3,201804,PTBL3,0.819338790247704,43,263
RDNI3,201805,BRSR6,0.761591752548511,622,274
RDNI3,201805,ELPL3,0.711765266271946,594,274
RDNI3,201805,EUCA4,0.795328670511515,354,274
RDNI3,201805,QGEP3,0.789638857009105,303,274
RDNI3,201806,MILS3,0.83250428484784,209,276
RDNI3,201806,PTBL3,0.799307235077555,33,276
RDNI3,201807,BPAC11,0.816075890077333,449,281
RDNI3,201807,BRSR6,0.934398063976891,612,281
RDNI3,201807,CESP6,0.823289864359863,695,281
RDNI3,201807,ECOR3,0.918854859100298,779,281
RDNI3,201807,EUCA4,0.958892022664853,360,281
RDNI3,201807,LIGT3,0.811418014330032,557,281
RDNI3,201807,PARD3,0.866724622831874,543,281
RDNI3,201807,QGEP3,0.856319217498735,298,281
RDNI3,201807,RAIL3,0.797504280068362,920,281
RDNI3,201808,AZUL4,0.926479869412665,523,274
RDNI3,201808,BPAC11,0.82986236007233,456,274
RDNI3,201808,BRSR6,0.95953179687309,600,274
RDNI3,201808,CESP6,0.806078801254887,708,274
RDNI3,201808,ECOR3,0.922843482224649,806,274
RDNI3,201808,EUCA4,0.98198770587699,356,274
RDNI3,201808,GGBR4,0.717168081772938,993,274
RDNI3,201808,GOAU4,0.791863582942104,882,274
RDNI3,201808,PARD3,0.949259836687736,498,274
RDNI3,201808,QGEP3,0.860525580647323,296,274
RDNI3,201808,RAIL3,0.801297305377074,922,274
RDNI3,201809,AZUL4,0.943978524217137,573,274
RDNI3,201809,BPAC11,0.816562816186461,515,274
RDNI3,201809,BRSR6,0.96807624039357,598,274
RDNI3,201809,CESP6,0.770985221045594,687,274
RDNI3,201809,ECOR3,0.936004540826394,720,274
RDNI3,201809,EUCA4,0.982135617483459,356,274
RDNI3,201809,GOAU3,0.91027926928525,381,274
RDNI3,201809,GOAU4,0.875349398345055,874,274
RDNI3,201809,HAPV3,0.807484794870809,723,274
RDNI3,201809,MULT3,0.704706449722935,816,274
RDNI3,201809,PARD3,0.945738743055248,470,274
RDNI3,201809,PETR4,0.712004850749116,1061,274
RDNI3,201809,QGEP3,0.901132427766135,317,274
RDNI3,201809,RADL3,0.718756324854119,797,274
RDNI3,201809,RAIL3,0.810973641535539,905,274
RDNI3,201810,BRAP4,0.717970882680622,931,278
RDNI3,201810,BRSR6,0.978289196998953,593,278
RDNI3,201810,CESP6,0.843567134440801,669,278
RDNI3,201810,ECOR3,0.963891757512698,732,278
RDNI3,201810,EUCA4,0.987092269289149,360,278
RDNI3,201810,GOAU3,0.976014813804128,380,278
RDNI3,201810,GOAU4,0.935581279650446,850,278
RDNI3,201810,HAPV3,0.871239486060735,689,278
RDNI3,201810,MULT3,0.71364675776154,805,278
RDNI3,201810,PARD3,0.974934591615548,503,278
RDNI3,201810,QGEP3,0.757999948852128,385,278
RDNI3,201810,RAIL3,0.803648320942821,923,278
RDNI3,201811,BRAP4,0.717967269607857,950,251
RDNI3,201811,BRSR6,0.980268342893565,644,251
RDNI3,201811,CESP6,0.807528532507503,717,251
RDNI3,201811,ECOR3,0.966725158664332,826,251
RDNI3,201811,EUCA4,0.987223254210961,360,251
RDNI3,201811,GOAU3,0.982438969716958,298,251
RDNI3,201811,GOAU4,0.93373567748839,898,251
RDNI3,201811,HAPV3,0.849740085777205,716,251
RDNI3,201811,LIGT3,0.760782245642801,601,251
RDNI3,201811,MULT3,0.724875397743622,903,251
RDNI3,201811,PARD3,0.962403108991596,514,251
RDNI3,201811,QGEP3,0.894216703181883,358,251
RDNI3,201812,BRAP4,0.781461783671696,963,256
RDNI3,201812,BRSR6,0.98215816033382,639,256
RDNI3,201812,CESP6,0.800622081490562,731,256
RDNI3,201812,ECOR3,0.883033139956052,859,256
RDNI3,201812,EUCA4,0.986822769531096,366,256
RDNI3,201812,GOAU3,0.936354658658549,297,256
RDNI3,201812,GOAU4,0.90335638393284,883,256
RDNI3,201812,HAPV3,0.865787787340544,731,256
RDNI3,201812,PARD3,0.977704527253939,566,256
RDNI3,201812,PETR4,0.852650160000966,1131,256
RDNI3,201812,QGEP3,0.835339715675153,369,256
RDNI3,201812,RADL3,0.734380353092755,798,256
RDNI3,201901,BRAP4,0.830388290457797,956,257
RDNI3,201901,BRSR6,0.974064172416047,628,257
RDNI3,201901,CESP6,0.749432910456253,730,257
RDNI3,201901,ECOR3,0.739350114523699,865,257
RDNI3,201901,EUCA4,0.967320124360031,364,257
RDNI3,201901,GOAU3,0.848672707471371,301,257
RDNI3,201901,GOAU4,0.84776220998334,851,257
RDNI3,201901,HAPV3,0.814201544487212,746,257
RDNI3,201901,PARD3,0.97667277155206,574,257
RDNI3,201901,QGEP3,0.732256714436419,394,257
RDNI3,201902,BRAP4,0.865942215006584,988,285
RDNI3,201902,BRFS3,0.839194065644799,871,285
RDNI3,201902,BRSR6,0.981756265545866,658,285
RDNI3,201902,CESP6,0.838526773107662,775,285
RDNI3,201902,ECOR3,0.718165425238305,893,285
RDNI3,201902,EUCA4,0.980750892934103,377,285
RDNI3,201902,GOAU3,0.891885733921265,326,285
RDNI3,201902,GOAU4,0.911343371796993,921,285
RDNI3,201902,HAPV3,0.905980026439605,803,285
RDNI3,201902,MULT3,0.759097663440587,929,285
RDNI3,201902,PARD3,0.983182524935797,538,285
RDNI3,201902,PETR4,0.716679432920523,1160,285
RDNI3,201902,QGEP3,0.821769702631188,478,285
RDNI3,201903,BRAP4,0.781234462695641,980,300
RDNI3,201903,BRDT3,0.796529722718905,985,300
RDNI3,201903,BRFS3,0.841478540483057,856,300
RDNI3,201903,BRSR6,0.972311513520039,627,300
RDNI3,201903,CESP6,0.830541091908817,770,300
RDNI3,201903,EUCA4,0.976941794348263,383,300
RDNI3,201903,GOAU3,0.801881217903889,344,300
RDNI3,201903,GOAU4,0.894306241537901,901,300
RDNI3,201903,HAPV3,0.712000758676356,766,300
RDNI3,201903,LAME4,0.726665412094942,941,300
RDNI3,201903,MRFG3,0.706500965021133,749,300
RDNI3,201903,PARD3,0.979931876764904,510,300
RDNI3,201903,QGEP3,0.848274222241692,403,300
RDNI3,201903,RAIL3,0.73416924468688,949,300
RDNI3,201904,BRAP4,0.702292035457838,917,301
RDNI3,201904,BRSR6,0.970639539206155,622,301
RDNI3,201904,CESP6,0.827671628789744,785,301
RDNI3,201904,EUCA4,0.977704974822118,396,301
RDNI3,201904,GOAU3,0.813301043392385,344,301
RDNI3,201904,GOAU4,0.904216738086552,857,301
RDNI3,201904,HAPV3,0.727281893098146,810,301
RDNI3,201904,LAME4,0.868447775146681,867,301
RDNI3,201904,PARD3,0.987890641798083,516,301
RDNI3,201904,RAIL3,0.784016810041483,926,301
RDNI3,201905,BRAP4,0.722686793734815,919,298
RDNI3,201905,BRDT3,0.835265761385474,889,298
RDNI3,201905,BRFS3,0.864679787744292,947,298
RDNI3,201905,BRSR6,0.970851619540781,593,298
RDNI3,201905,CESP6,0.8367777332079,820,298
RDNI3,201905,CIEL3,0.70034034173239,861,298
RDNI3,201905,CMIG3,0.71064765964505,649,298
RDNI3,201905,EUCA4,0.980871440505088,400,298
RDNI3,201905,GOAU3,0.832506042859196,344,298
RDNI3,201905,GOAU4,0.899623979465421,872,298
RDNI3,201905,HAPV3,0.724154822402323,778,298
RDNI3,201905,LAME4,0.837239268149785,856,298
RDNI3,201905,PARD3,0.986334333089878,510,298
RDNI3,201905,PETR4,0.700906754974276,1163,298
RDNI3,201905,RAIL3,0.801472080055679,931,298
RDNI3,201906,BRAP4,0.758197470163102,895,297
RDNI3,201906,BRDT3,0.855114950111677,850,297
RDNI3,201906,BRFS3,0.880030985471646,949,297
RDNI3,201906,BRSR6,0.968610802736426,610,297
RDNI3,201906,CESP6,0.839404615461253,844,297
RDNI3,201906,CMIG4,0.733966243798744,1019,297
RDNI3,201906,EUCA4,0.997599856274317,397,297
RDNI3,201906,GOAU3,0.835259253510075,347,297
RDNI3,201906,GOAU4,0.895835363645391,869,297
RDNI3,201906,HAPV3,0.700097727172512,780,297
RDNI3,201906,LAME4,0.720842803549203,831,297
RDNI3,201906,PARD3,0.986284460733268,498,297
RDNI3,201906,PETR4,0.702232698238349,1166,297
RDNI3,201906,RAIL3,0.809453967284052,899,297
RDNI3,201907,BPAC11,0.773211433239771,793,300
RDNI3,201907,BRAP4,0.804544197123413,912,300
RDNI3,201907,BRFS3,0.837074984489366,973,300
RDNI3,201907,BRSR6,0.973205960637258,657,300
RDNI3,201907,CESP6,0.83983148552803,882,300
RDNI3,201907,CMIG4,0.757862234277883,995,300
RDNI3,201907,EUCA4,0.997828669351576,402,300
RDNI3,201907,GOAU4,0.92354973041426,911,300
RDNI3,201907,HAPV3,0.728381417770788,837,300
RDNI3,201907,LREN3,0.717221649501666,1101,300
RDNI3,201907,PARD3,0.98995592261068,532,300
RDNI3,201907,PETR4,0.782782879726694,1190,300
RDNI3,201907,RAIL3,0.831224840051658,915,300
RDNI3,201908,BPAC11,0.722862723036118,795,301
RDNI3,201908,BRAP4,0.838306463684395,939,301
RDNI3,201908,BRFS3,0.852655764002191,981,301
RDNI3,201908,BRSR6,0.978441197073695,628,301
RDNI3,201908,CESP6,0.852410182037799,876,301
RDNI3,201908,CMIG4,0.801803088749393,947,301
RDNI3,201908,EUCA4,0.997747039185675,404,301
RDNI3,201908,GOAU4,0.943842896555474,915,301
RDNI3,201908,HAPV3,0.734302325461071,950,301
RDNI3,201908,PARD3,0.876136116426259,580,301
RDNI3,201908,RAIL3,0.793634147981886,932,301
RDNI3,201909,BRAP4,0.779404445980192,901,302
RDNI3,201909,BRFS3,0.744426830089119,995,302
RDNI3,201909,BRSR6,0.960838284938647,594,302
RDNI3,201909,CESP6,0.860171518366174,841,302
RDNI3,201909,CMIG4,0.852605442893648,946,302
RDNI3,201909,CPFE3,0.749848055276909,837,302
RDNI3,201909,EUCA4,0.997692149234166,405,302
RDNI3,201909,GOAU4,0.882480176802799,879,302
RDNI3,201909,HAPV3,0.750187636555142,1000,302
RDNI3,201909,PARD3,0.784014898340905,576,302
RDNI3,201909,RAIL3,0.745736640986292,962,302
RDNI3,201910,BRAP4,0.752010415433701,943,304
RDNI3,201910,BRFS3,0.864147299597737,1004,304
RDNI3,201910,BRSR6,0.951725141024102,628,304
RDNI3,201910,CESP6,0.808312196847915,873,304
RDNI3,201910,CMIG3,0.805331072456573,694,304
RDNI3,201910,CMIG4,0.845009285758327,940,304
RDNI3,201910,EUCA4,0.997673682718226,407,304
RDNI3,201910,GOAU4,0.886351276779615,899,304
RDNI3,201910,HAPV3,0.782149337475788,1031,304
RDNI3,201910,MRFG3,0.852751967479949,803,304
RDNI3,201910,RAIL3,0.738773857250135,977,304
RDNI3,201912,BRAP4,0.727463467166762,917,40
RDNI3,201912,BRFS3,0.758203112191301,922,40
RDNI3,201912,BRSR6,0.932353346517307,562,40
RDNI3,201912,CESP6,0.715419488113089,826,40
RDNI3,201912,CMIG3,0.76932223705298,686,40
RDNI3,201912,CMIG4,0.750084386360288,913,40
RDNI3,201912,GOAU4,0.882492289393253,930,40
RDNI3,202001,BRFS3,0.889397645810084,923,321
RDNI3,202001,BRSR6,0.925545762116926,606,321
RDNI3,202001,CMIG3,0.884807104771309,680,321
RDNI3,202001,GOAU4,0.843038886935106,941,321
RDNI3,202001,HAPV3,0.709820636997445,939,321
RDNI3,202002,BRFS3,0.927582751858903,930,344
RDNI3,202002,BRSR6,0.896537385229376,641,344
RDNI3,202002,CESP6,0.747344675272992,878,344
RDNI3,202002,CMIG3,0.900010437032944,664,344
RDNI3,202002,CMIG4,0.704380999103934,946,344
RDNI3,202002,GOAU3,0.717263600852867,424,344
RDNI3,202002,GOAU4,0.865355872319771,934,344
RDNI3,202002,RAIL3,0.7078828581931,943,344
RDNI3,202003,BRFS3,0.899460043005893,921,343
RDNI3,202003,BRSR6,0.79415779527821,629,343
RDNI3,202003,CMIG3,0.905867971566756,628,343
RDNI3,202003,GOAU3,0.751595406495845,417,343
RDNI3,202003,GOAU4,0.766400020144931,920,343
RDNI3,202004,BRFS3,0.969587181655553,969,339
RDNI3,202004,BRSR6,0.753709656418992,613,339
RDNI3,202004,CMIG3,0.947621100419504,613,339
RDNI3,202004,GOAU3,0.866373092083625,420,339
RDNI3,202004,GOAU4,0.859067795360641,976,339
RDNI3,202004,PARD3,0.731145996389782,628,339
RDNI3,202005,BRFS3,0.948765595281809,974,336
RDNI3,202005,CMIG3,0.94599399201786,609,336
RDNI3,202005,GOAU3,0.863008852379356,421,336
RDNI3,202005,GOAU4,0.847391884741209,991,336
RDNI3,202005,PARD3,0.742748641613052,636,336
RDNI3,202006,BRFS3,0.959094081450562,977,335
RDNI3,202006,CMIG3,0.933133801990482,604,335
RDNI3,202006,GOAU3,0.847346155296193,427,335
RDNI3,202006,GOAU4,0.844924157940347,971,335
RDNI3,202007,BRFS3,0.94068285070929,942,334
RDNI3,202007,CMIG3,0.933077510317311,602,334
RDNI3,202007,ENAT3,0.728171479480103,525,334
RDNI3,202007,GOAU3,0.834850430434733,430,334
RDNI3,202007,GOAU4,0.808263680203117,970,334
RDNI3,202007,PARD3,0.781788586244901,654,334
RDNI3,202007,PETR4,0.704093311996659,1296,334
RDNI3,202008,BRFS3,0.939017326621766,1013,336
RDNI3,202008,CMIG3,0.925625545015963,644,336
RDNI3,202008,GOAU3,0.822877692837172,441,336
RDNI3,202008,GOAU4,0.822242224723509,1043,336
RDNI3,202008,PARD3,0.857932391143269,646,336
RDNI3,202009,BRFS3,0.931943224426077,1007,340
RDNI3,202009,CMIG3,0.965163299556183,566,340
RDNI3,202009,GOAU3,0.82767819116523,445,340
RDNI3,202009,GOAU4,0.844086692456484,1065,340
RDNI3,202009,ITSA3,0.85700277208899,350,340
RDNI3,202009,PARD3,0.897494217854481,621,340
RDNI3,202010,BRFS3,0.955743443751276,999,346
RDNI3,202010,CMIG3,0.968023942821079,541,346
RDNI3,202010,GOAU3,0.829756963747445,452,346
RDNI3,202010,GOAU4,0.897428252970846,1056,346
RDNI3,202010,ITSA3,0.831373035929319,354,346
RDNI3,202010,MELK3,0.850919326392114,545,346
RDNI3,202010,PARD3,0.903366230471269,635,346
RDNI3,202011,BRFS3,0.945981072559911,994,338
RDNI3,202011,BTOW3,0.848271249732623,982,338
RDNI3,202011,CMIG3,0.971262364433222,534,338
RDNI3,202011,ECOR3,0.782241531008544,965,338
RDNI3,202011,GOAU3,0.854083828257274,448,338
RDNI3,202011,GOAU4,0.899957310414764,1059,338
RDNI3,202011,ITSA3,0.833819791479564,348,338
RDNI3,202011,MELK3,0.875414597810201,470,338
RDNI3,202011,PARD3,0.987171203146085,590,338
RDNI3,202012,AERI3,0.936160661754236,575,342
RDNI3,202012,BRFS3,0.848690519834547,1019,342
RDNI3,202012,BTOW3,0.88817727740485,972,342
RDNI3,202012,CMIG3,0.97372913161054,524,342
RDNI3,202012,ECOR3,0.917733515248849,990,342
RDNI3,202012,GOAU3,0.837529662177205,498,342
RDNI3,202012,GOAU4,0.883683023713627,1059,342
RDNI3,202012,ITSA3,0.844190931507041,354,342
RDNI3,202012,MELK3,0.869545773049355,473,342
RDNI3,202012,PARD3,0.985956507084471,575,342
RDNI3,202101,AERI3,0.921673585428583,573,345
RDNI3,202101,BRFS3,0.773301613342567,1083,345
RDNI3,202101,BTOW3,0.711702934013637,1015,345
RDNI3,202101,CMIG3,0.976419516841489,526,345
RDNI3,202101,ECOR3,0.939608119626501,1029,345
RDNI3,202101,GOAU3,0.83453105706521,501,345
RDNI3,202101,GOAU4,0.892091389036431,1099,345
RDNI3,202101,ITSA3,0.853668429355653,356,345
RDNI3,202101,MELK3,0.872992777474026,469,345
RDNI3,202101,PARD3,0.984435931697006,562,345
RDNI3,202102,AERI3,0.877492640611642,620,353
RDNI3,202102,BRFS3,0.798059306299517,1080,353
RDNI3,202102,CMIG3,0.976504098422908,493,353
RDNI3,202102,ECOR3,0.938373287468098,1023,353
RDNI3,202102,GOAU3,0.856763522317396,505,353
RDNI3,202102,GOAU4,0.888174070273807,1171,353
RDNI3,202102,PARD3,0.986583548642003,577,353
RDNI3,202103,AERI3,0.869832087406894,504,351
RDNI3,202103,BRFS3,0.840594534423843,1087,351
RDNI3,202103,CMIG3,0.980300722208746,467,351
RDNI3,202103,ECOR3,0.962712362193134,1044,351
RDNI3,202103,GOAU3,0.861626039390939,514,351
RDNI3,202103,GOAU4,0.886994614841895,1168,351
RDNI3,202103,HAPV3,0.720590183192806,1232,351
RDNI3,202103,PARD3,0.984761404129367,573,351
RDNI3,202104,PFRM3,0.915990186939569,66,58
RDNI3,202105,BPAC3,0.999294444597829,58,58
RDNI3,202105,FHER3,0.863120373915904,252,58
RDNI3,202106,BPAC3,0.780850133904495,57,58
RDNI3,202108,BPAC3,0.969444063598907,55,55
RDNI3,202109,BPAC3,0.967594508681918,52,54
RDNI3,202110,BPAC3,0.982406552131932,52,54
RDNI3,202111,BPAC3,0.979881081775165,35,38
RDNI3,202112,BPAC3,0.984289267311583,36,38
RDOR3,202101,ENGI11,0.712027911208043,1120,1010
REDE3,201702,AALR3,0.71022255905996,374,57
REDE3,201702,ALPA3,0.999889370516441,57,57
REDE3,201702,CGAS3,0.881568861697216,206,57
REDE3,201702,ENGI4,0.999926921117369,57,57
REDE3,201702,ENMT3,0.992568747364848,59,57
REDE3,201702,ENMT4,0.997876276615802,59,57
REDE3,201702,GUAR3,0.762990990375485,512,57
REDE3,201702,PARC3,0.86975935492313,424,57
REDE3,201703,CLSC4,0.72635054053442,245,57
REDE3,201704,CLSC4,0.720558291322104,248,58
REDE3,201708,CGAS3,0.847469532649297,188,63
REDE3,201708,ENGI4,0.999576377895685,62,63
REDE3,201708,ENMT3,0.990765622575079,64,63
REDE3,201708,ENMT4,0.996259004669708,64,63
REDE3,201708,GUAR3,0.787705876601022,528,63
REDE3,201708,LAME3,0.700243675649785,454,63
REDE3,201709,AALR3,0.884853752237254,403,67
REDE3,201709,BBRK3,0.888930397652876,178,67
REDE3,201709,CGAS3,0.853292281665668,193,67
REDE3,201709,ENGI4,0.999575009408123,66,67
REDE3,201709,ENMT3,0.991564356974432,68,67
REDE3,201709,ENMT4,0.996371107818456,68,67
REDE3,201709,GUAR3,0.794595088307774,541,67
REDE3,201709,HBOR3,0.71454925837069,127,67
REDE3,201709,LAME3,0.713466022994685,466,67
REDE3,201710,AALR3,0.848557084987491,418,68
REDE3,201710,ALPA3,0.999858994974297,67,68
REDE3,201710,BBRK3,0.897106438315057,274,68
REDE3,201710,CGAS3,0.861076700055466,194,68
REDE3,201710,ENGI4,0.999127958202233,67,68
REDE3,201710,ENMT3,0.990277704156166,69,68
REDE3,201710,ENMT4,0.995628293483774,69,68
REDE3,201710,GUAR3,0.790648833198406,563,68
REDE3,201710,LAME3,0.747231036063371,461,68
REDE3,201711,AALR3,0.870984434853694,441,71
REDE3,201711,ALPA3,0.999852261291827,70,71
REDE3,201711,BBRK3,0.917130468617579,284,71
REDE3,201711,CGAS3,0.811145346648571,197,71
REDE3,201711,ENGI4,0.999155421719214,70,71
REDE3,201711,ENMT3,0.981104334789455,74,71
REDE3,201711,ENMT4,0.995238485145368,74,71
REDE3,201711,GUAR3,0.789524868746951,539,71
REDE3,201712,ALPA3,0.998245306308794,73,74
REDE3,201712,BBRK3,0.894950106823233,297,74
REDE3,201712,CGAS3,0.771753631547278,200,74
REDE3,201712,ENGI4,0.997741765615584,73,74
REDE3,201712,GUAR3,0.806736625192641,534,74
REDE3,201712,LAME3,0.703723674400167,552,74
REDE4,201702,AALR3,0.710123538758587,374,57
REDE4,201702,ALPA3,0.999465253527714,57,57
REDE4,201702,CGAS3,0.881204823390841,206,57
REDE4,201702,ENGI4,0.999552265160396,57,57
REDE4,201702,ENMT3,0.993803165146848,59,57
REDE4,201702,ENMT4,0.998782342989329,59,57
REDE4,201702,GUAR3,0.7628194161608,512,57
REDE4,201702,PARC3,0.869766992599178,424,57
REDE4,201702,REDE3,0.999840635987736,57,57
REDE4,201703,CLSC4,0.787827060890172,245,57
REDE4,201703,REDE3,0.957489393893559,57,57
REDE4,201704,CLSC4,0.77060471801354,248,58
REDE4,201704,REDE3,0.966448314301028,58,58
REDE4,201705,CGAS3,0.841980807782514,189,57
REDE4,201705,ENGI4,0.999580210771776,57,57
REDE4,201705,ENMT3,0.993495140949221,59,57
REDE4,201705,ENMT4,0.998889872823746,59,57
REDE4,201705,GUAR3,0.78520124052784,516,57
REDE4,201706,CGAS3,0.853208564895899,186,60
REDE4,201706,ENGI4,0.999577777193929,60,60
REDE4,201706,ENMT3,0.993411263298466,62,60
REDE4,201706,ENMT4,0.998875640622469,62,60
REDE4,201706,GUAR3,0.757280031695903,515,60
RENT3,201702,EGIE3,0.915981392419996,719,815
RENT3,201702,FIBR3,0.880608222678091,767,815
RENT3,201703,EGIE3,0.861382415250984,700,792
RENT3,201704,EGIE3,0.731392511456678,701,825
RENT3,201709,ALPA4,0.703572080665628,565,848
RENT3,201709,CGAS5,0.700247687291524,194,848
RENT3,201709,ELET3,0.725689899909327,880,848
RENT3,201709,MGLU3,0.707228215978448,346,848
RENT3,201803,CVCB3,0.716243150316523,818,907
RENT3,201806,CVCB3,0.710290162220021,946,991
RENT3,201807,ABEV3,0.720641745807902,923,990
RENT3,201807,CVCB3,0.71754321464447,971,990
RENT3,201808,CAML3,0.723187110635785,454,983
RENT3,201810,CVCB3,0.722786386195625,901,1008
RENT3,201811,ESTC3,0.789334711752521,897,1040
RENT3,201812,ESTC3,0.718700679383403,890,1060
RENT3,201901,EQTL3,0.727348072772984,1048,1071
RENT3,201901,ESTC3,0.703882475565436,880,1071
RENT3,201901,GGBR4,0.778685588916452,1000,1071
RENT3,201902,EQTL3,0.714393695824395,1101,1092
RENT3,201906,B3SA3,0.786339749208332,1115,1092
RENT3,201907,MGLU3,0.722433729509986,987,1107
RENT3,201908,MGLU3,0.79589134338697,1016,1086
RENT3,201909,MGLU3,0.811036802316812,1051,1137
RENT3,201910,B3SA3,0.721600910661616,1200,1130
RENT3,201910,MGLU3,0.758792066726354,1065,1130
RENT3,201911,EQTL3,0.77152552259066,1075,1145
RENT3,201911,LREN3,0.825962223939616,1140,1145
RENT3,201912,EQTL3,0.745229485698238,1076,1118
RENT3,201912,LREN3,0.808834375416897,1139,1118
RENT3,201912,MGLU3,0.707432312115013,1081,1118
RENT3,202001,MGLU3,0.747855186622153,1079,1099
RENT3,202002,B3SA3,0.740690007730539,1198,1157
RENT3,202002,NTCO3,0.755904043755792,1167,1157
RENT3,202003,MGLU3,0.769354308964222,1103,1154
RENT3,202003,NTCO3,0.746707564031197,1191,1154
RENT3,202004,MGLU3,0.752713376369996,1219,1179
RENT3,202005,MGLU3,0.727765139082782,1239,1176
RENT3,202006,MGLU3,0.721865528089298,1238,1158
RENT3,202007,MGLU3,0.744117677988358,1247,1193
RENT3,202007,NTCO3,0.724497084310581,1278,1193
RENT3,202008,MGLU3,0.767202417004483,1261,1202
RENT3,202008,NTCO3,0.791247389981711,1350,1202
RENT3,202009,B3SA3,0.728043004771404,1292,1222
RENT3,202009,MGLU3,0.813600948527841,1296,1222
RENT3,202009,NTCO3,0.750587746231399,1366,1222
RENT3,202010,MGLU3,0.780258766903434,1308,1222
RENT3,202010,NTCO3,0.704975378477777,1387,1222
RENT3,202011,B3SA3,0.745301129079042,1339,1262
RENT3,202011,GNDI3,0.700195471328998,1235,1262
RENT3,202011,NTCO3,0.701955260309699,1401,1262
RENT3,202012,B3SA3,0.761098582870752,1393,1289
RENT3,202012,GNDI3,0.771107071112379,1274,1289
RENT3,202012,NTCO3,0.749436014234872,1420,1289
RENT3,202101,GNDI3,0.856989130512475,1379,1335
RENT3,202101,NTCO3,0.834581671506274,1446,1335
RENT3,202102,GNDI3,0.820177787103184,1433,1353
RENT3,202102,NTCO3,0.871256924359172,1459,1353
RENT3,202102,RADL3,0.734241630309364,1134,1353
RENT3,202103,B3SA3,0.801304949749151,1461,1350
RENT3,202103,GNDI3,0.804188007652356,1436,1350
RENT3,202103,NTCO3,0.79960640563882,1486,1350
RENT3,202103,RADL3,0.705637864188935,1186,1350
RENT3,202104,B3SA3,0.765822002297811,1463,1381
RENT3,202104,GNDI3,0.807573512163688,1472,1381
RENT3,202104,LREN3,0.758763372469101,1368,1381
RENT3,202104,NTCO3,0.837772968512957,1502,1381
RENT3,202104,RADL3,0.719266476812679,1234,1381
RENT3,202105,GNDI3,0.777047271756999,1477,1372
RENT3,202105,LREN3,0.74221421341255,1491,1372
RENT3,202105,NTCO3,0.783225175841439,1513,1372
RENT3,202105,RADL3,0.823995365054199,1217,1372
RENT3,202106,ALPA4,0.706855064198565,931,1378
RENT3,202106,CSAN3,0.70278110013464,1300,1378
RENT3,202106,GNDI3,0.758177279610809,1483,1378
RENT3,202106,NTCO3,0.825384151823038,1525,1378
RENT3,202106,RADL3,0.848156687020401,1203,1378
RENT3,202107,GNDI3,0.739124692482697,1504,1414
RENT3,202107,NTCO3,0.807047312475942,1554,1414
RENT3,202107,RADL3,0.780270747021567,1179,1414
RENT3,202108,CSAN3,0.706419522912223,1355,1412
RENT3,202108,GNDI3,0.796687535082249,1490,1412
RENT3,202108,NTCO3,0.730790422060557,1587,1412
RENT3,202108,RADL3,0.812649086467517,1191,1412
RENT3,202109,ALPA4,0.725916346803105,1025,1398
RENT3,202109,GNDI3,0.787948471028078,1519,1398
RENT3,202109,RADL3,0.737602418055288,1241,1398
RENT3,202110,ABEV3,0.717517588948543,1296,1409
RENT3,202110,ALPA4,0.76268304456659,1291,1409
RENT3,202110,GNDI3,0.82773970869784,1538,1409
RENT3,202110,NTCO3,0.730269869644696,1579,1409
RENT3,202110,RADL3,0.804183204304195,1287,1409
RENT3,202111,ABEV3,0.708056188673927,1320,1473
RENT3,202111,ALPA4,0.761143208516382,1321,1473
RENT3,202111,GNDI3,0.81962842531043,1550,1473
RENT3,202111,RADL3,0.761599213451331,1297,1473
RENT3,202112,ALPA4,0.754137012447689,1329,1493
RENT3,202112,ALPK3,0.713599376632828,248,1493
RENT3,202112,BKBR3,0.721201334116255,740,1493
RENT3,202112,ENEV3,0.727583576627331,1341,1493
RENT3,202112,GNDI3,0.804126479005829,1559,1493
RENT3,202112,MRVE3,0.726048483694679,1289,1493
RENT3,202112,RADL3,0.848454814592989,1275,1493
RLOG3,201702,ALPA3,0.881433331410171,57,458
RLOG3,201702,CGAS3,0.800633327532204,206,458
RLOG3,201702,ENGI4,0.881436034182281,57,458
RLOG3,201702,ENMT3,0.874081103734271,59,458
RLOG3,201702,ENMT4,0.878952636302283,59,458
RLOG3,201702,GUAR3,0.907259837578719,512,458
RLOG3,201702,PARC3,0.771529557807006,424,458
RLOG3,201702,REDE3,0.881379640689539,57,458
RLOG3,201702,REDE4,0.881069074640883,57,458
RLOG3,201703,AALR3,0.719634501123051,377,462
RLOG3,201703,ALPA3,0.888538555750799,57,462
RLOG3,201703,CGAS3,0.786280714595384,193,462
RLOG3,201703,ENGI4,0.888532282063825,57,462
RLOG3,201703,ENMT3,0.880419438338461,59,462
RLOG3,201703,ENMT4,0.886124668795477,59,462
RLOG3,201703,GUAR3,0.899831116049061,515,462
RLOG3,201704,AALR3,0.721541625358121,387,469
RLOG3,201704,CGAS3,0.778245770799873,193,469
RLOG3,201704,ENGI4,0.890405524954491,57,469
RLOG3,201704,ENMT3,0.882005968861757,59,469
RLOG3,201704,ENMT4,0.887989469129012,59,469
RLOG3,201704,GUAR3,0.901191484790127,521,469
RLOG3,201705,CGAS3,0.82062773238936,189,464
RLOG3,201705,ENGI4,0.93826674781118,57,464
RLOG3,201705,ENMT3,0.929557504945431,59,464
RLOG3,201705,ENMT4,0.935302990978422,59,464
RLOG3,201705,GUAR3,0.880780528231538,516,464
RLOG3,201705,REDE4,0.937635322578416,57,464
RLOG3,201706,CGAS3,0.833390489517736,186,458
RLOG3,201706,ENGI4,0.943866448795857,60,458
RLOG3,201706,ENMT3,0.93474728940579,62,458
RLOG3,201706,ENMT4,0.940639678648187,62,458
RLOG3,201706,GUAR3,0.859077992943528,515,458
RLOG3,201706,REDE4,0.943119757337185,60,458
RLOG3,201707,CGAS3,0.823294404005108,186,453
RLOG3,201707,ENGI4,0.919754570880684,61,453
RLOG3,201707,ENMT3,0.912476192286551,63,453
RLOG3,201707,ENMT4,0.916968663003878,63,453
RLOG3,201707,GUAR3,0.864725498782152,516,453
RLOG3,201708,CGAS3,0.808591756230063,188,456
RLOG3,201708,ENGI4,0.90951444417863,62,456
RLOG3,201708,ENMT3,0.902079813446018,64,456
RLOG3,201708,ENMT4,0.90669724328457,64,456
RLOG3,201708,GUAR3,0.877839820842829,528,456
RLOG3,201708,REDE3,0.909877249821765,63,456
RLOG3,201709,AALR3,0.734110711583568,403,444
RLOG3,201709,BBRK3,0.737371176099888,178,444
RLOG3,201709,CGAS3,0.750808426317572,193,444
RLOG3,201709,ENGI4,0.82569284897874,66,444
RLOG3,201709,ENMT3,0.819973012792037,68,444
RLOG3,201709,ENMT4,0.823267086206783,68,444
RLOG3,201709,GUAR3,0.729659668561095,541,444
RLOG3,201709,REDE3,0.826086767443064,67,444
RLOG3,201710,AALR3,0.708412371335732,418,439
RLOG3,201710,ALPA3,0.830889275262543,67,439
RLOG3,201710,BBRK3,0.747782236271852,274,439
RLOG3,201710,CGAS3,0.757030875885003,194,439
RLOG3,201710,ENGI4,0.830300161159824,67,439
RLOG3,201710,ENMT3,0.824046131005075,69,439
RLOG3,201710,ENMT4,0.827753510867298,69,439
RLOG3,201710,REDE3,0.830783590521331,68,439
RLOG3,201711,ALPA3,0.782552924618729,70,449
RLOG3,201711,BBRK3,0.719736591724822,284,449
RLOG3,201711,ENGI4,0.782024575941432,70,449
RLOG3,201711,ENMT3,0.770595745619169,74,449
RLOG3,201711,ENMT4,0.779754846041162,74,449
RLOG3,201711,REDE3,0.782453386329696,71,449
RLOG3,201712,JSLG3,0.962216105743597,244,392
RLOG3,201712,MOVI3,0.989319943770623,394,392
RLOG3,201801,AALR3,0.781997561793743,425,399
RLOG3,201801,ALPA3,0.856770539833297,77,399
RLOG3,201801,BBRK3,0.786786827516672,290,399
RLOG3,201801,ENGI4,0.856513661940585,77,399
RLOG3,201801,GUAR3,0.733871092699324,554,399
RLOG3,201802,AALR3,0.826684663768996,455,348
RLOG3,201802,ALPA3,0.873991369867884,83,348
RLOG3,201802,ENGI4,0.873635487680961,83,348
RLOG3,201802,GUAR3,0.738944248344179,378,348
RLOG3,201802,LAME3,0.704795964962414,473,348
RLOG3,201803,AALR3,0.781172292423524,461,370
RLOG3,201803,ALPA3,0.844962317065505,85,370
RLOG3,201803,BBRK3,0.775255747212023,346,370
RLOG3,201803,ENGI4,0.844628502806858,85,370
RLOG3,201803,LAME3,0.730934988497887,468,370
RLOG3,201804,AALR3,0.754139424250501,481,483
RLOG3,201804,ALPA3,0.828895453446164,86,483
RLOG3,201804,ALUP11,0.749582900143009,568,483
RLOG3,201804,BBRK3,0.775033917542904,379,483
RLOG3,201804,ENGI4,0.828685708792003,86,483
RLOG3,201804,LAME3,0.72502367228039,594,483
RLOG3,201805,AALR3,0.725006606665411,487,489
RLOG3,201805,ALPA3,0.801819863815411,88,489
RLOG3,201805,ALUP11,0.707069954878562,545,489
RLOG3,201805,BBRK3,0.748960599819496,366,489
RLOG3,201805,ENGI4,0.801539272236156,88,489
RLOG3,201806,ALPA3,0.748273981247514,95,493
RLOG3,201806,ALUP11,0.732143150605814,595,493
RLOG3,201806,BBRK3,0.704210289246855,359,493
RLOG3,201806,ENGI4,0.748067241341325,95,493
RLOG3,201807,ALPA3,0.763541335647163,97,498
RLOG3,201807,ENGI4,0.763332984102552,96,498
RLOG3,201808,ALPA3,0.726686688922743,89,499
RLOG3,201808,ENGI4,0.726443037028179,88,499
RLOG3,201809,ALPA3,0.756109935593436,88,492
RLOG3,201809,ENGI4,0.755939328884348,87,492
RLOG3,201810,ALPA3,0.703880210603673,81,483
RLOG3,201810,ENGI4,0.703750791633911,81,483
RLOG3,201812,GNDI3,0.713056132310526,468,542
RLOG3,201901,JPSA3,0.733305678465953,468,544
RLOG3,201902,JPSA3,0.75301074253925,567,594
RLOG3,201903,JPSA3,0.731014082555593,567,564
RLOG3,201905,JPSA3,0.744533338538646,561,533
RLOG3,201907,ALPA3,0.76295448557841,82,519
RLOG3,201907,ENGI4,0.762942640449213,82,519
RLOG3,201908,ALPA3,0.841891237613416,84,521
RLOG3,201908,BBRK3,0.727514331837485,432,521
RLOG3,201908,ENGI4,0.841869257607663,84,521
RLOG3,201908,GRND3,0.768532297176135,558,521
RLOG3,201909,ALPA3,0.775131519427805,89,568
RLOG3,201909,BBRK3,0.751736650541564,437,568
RLOG3,201909,BIDI3,0.849631448647124,282,568
RLOG3,201909,ENGI4,0.855051236818624,89,568
RLOG3,201909,GRND3,0.807162155261885,544,568
RLOG3,201910,ALPA3,0.793598161422016,182,548
RLOG3,201910,BBRK3,0.776687539804141,432,548
RLOG3,201910,BIDI3,0.869228374461219,282,548
RLOG3,201910,ENGI4,0.867962360179754,95,548
RLOG3,201910,GRND3,0.866570662315548,537,548
RLOG3,201911,ALPA3,0.750506050398493,178,529
RLOG3,201911,BIDI3,0.772835081930185,277,529
RLOG3,201911,ENGI4,0.770641960346595,97,529
RLOG3,201911,GRND3,0.828338868515726,515,529
RNEW11,201904,CESP3,0.973181371242676,30,390
RNEW11,201904,KLBN11,0.720316575305536,816,390
RNEW11,201905,CESP3,0.974469534029276,400,392
RNEW11,201906,CESP3,0.971577096770091,396,393
RNEW11,201906,ITUB3,0.735917329891517,518,393
RNEW11,201907,CESP3,0.975794664754976,398,395
RNEW11,201907,ITUB3,0.75232276761137,518,395
RNEW11,201908,CESP3,0.974887340758423,398,397
RNEW11,201908,ITUB3,0.757447473664702,511,397
RNEW11,201909,CESP3,0.976586431880976,399,397
RNEW11,201909,ITUB3,0.759273128885856,515,397
RNEW11,201909,PNVL4,0.750224676780057,466,397
RNEW3,201904,CESP3,0.999893096294599,30,390
RNEW3,201904,KLBN11,0.739823080107219,816,390
RNEW3,201904,PNVL4,0.701241605130657,463,390
RNEW3,201904,RNEW11,0.974257009739917,390,390
RNEW3,201905,CESP3,0.999886438061129,400,392
RNEW3,201905,RNEW11,0.975567484734707,392,392
RNEW3,201906,CESP3,0.99981427890373,396,392
RNEW3,201906,ITUB3,0.757205640983948,518,392
RNEW3,201906,RNEW11,0.971754885491099,393,392
RNEW3,201907,CESP3,0.999731324150467,398,394
RNEW3,201907,ITUB3,0.770700457161567,518,394
RNEW3,201907,RNEW11,0.976053259810346,395,394
RNEW3,201908,CESP3,0.999075257065053,398,394
RNEW3,201908,ITUB3,0.776123347998453,511,394
RNEW3,201908,RNEW11,0.975619074426186,397,394
RNEW3,201909,CESP3,0.999101659030326,399,395
RNEW3,201909,ITUB3,0.776234281294847,515,395
RNEW3,201909,PNVL4,0.767471498348568,466,395
RNEW3,201909,RNEW11,0.97735125628734,397,395
ROMI3,201805,ENBR3,0.806389787838382,776,188
ROMI3,201805,RAPT4,0.903723779649616,503,188
ROMI3,201909,BEEF11,0.982807593733155,215,25
ROMI3,201909,HBOR3,0.759910392771821,223,25
ROMI3,201909,JHSF3,0.808222112449761,48,25
ROMI3,201909,LOGN3,0.95808323676597,41,25
ROMI3,201909,MILS3,0.723397736442266,506,25
ROMI3,201909,PTBL3,0.920288556874315,62,25
ROMI3,201910,BEEF11,0.969389659689626,217,26
ROMI3,201910,JHSF3,0.762623632913073,61,26
ROMI3,201910,LOGN3,0.943684951344111,47,26
ROMI3,201910,MILS3,0.769067939102258,495,26
ROMI3,201910,PTBL3,0.919812617485692,62,26
ROMI3,201911,BEEF11,0.944807174172687,204,27
ROMI3,201911,EUCA4,0.989643560422356,289,27
ROMI3,201911,PTBL3,0.926426792068343,64,27
ROMI3,201912,BEEF11,0.980867301843022,183,31
ROMI3,201912,EUCA4,0.981162418039641,297,31
ROMI3,201912,PTBL3,0.928877484889237,64,31
ROMI3,202001,BEEF11,0.9944362868289,188,31
ROMI3,202001,EUCA4,0.995077313574207,430,31
ROMI3,202001,KEPL3,0.977142670238961,57,31
ROMI3,202001,PTBL3,0.955147727374509,64,31
ROMI3,202002,BEEF11,0.999500897033308,190,30
ROMI3,202002,CARD3,0.955498861671451,29,30
ROMI3,202002,EUCA4,0.994333606093922,438,30
ROMI3,202002,KEPL3,0.949955541456912,36,30
ROMI3,202002,PMAM3,0.999622550727006,45,30
ROMI3,202002,PTBL3,0.92714348469226,60,30
ROMI3,202003,BEEF11,0.994320727948944,148,23
ROMI3,202003,EUCA4,0.988157873760188,306,23
ROMI3,202003,KEPL3,0.919458369399405,26,23
ROMI3,202007,BMGB4,0.802986423660495,420,49
ROMI3,202007,PFRM3,0.969105707093414,22,49
ROMI3,202008,PFRM3,0.961966166394576,44,52
ROMI3,202009,PFRM3,0.950964892378001,49,52
ROMI3,202010,BEEF11,0.818727306327348,163,57
ROMI3,202010,CARD3,0.989130810995301,68,57
ROMI3,202010,EUCA4,0.817913432581063,337,57
ROMI3,202010,JHSF3,0.737999523300431,599,57
ROMI3,202010,PTBL3,0.996619820806,90,57
ROMI3,202011,BEEF11,0.774746155563294,162,72
ROMI3,202011,CARD3,0.982157874607956,187,72
ROMI3,202011,EUCA4,0.773378328076867,351,72
ROMI3,202011,PTBL3,0.949727299434508,223,72
ROMI3,202012,CARD3,0.936110299851863,248,75
ROMI3,202012,PTBL3,0.934229804219404,244,75
ROMI3,202101,CARD3,0.965501449252436,249,258
ROMI3,202101,FESA4,0.80914772421894,75,258
ROMI3,202101,PTBL3,0.978111251583163,259,258
ROMI3,202101,RANI3,0.755527104630675,301,258
ROMI3,202102,AVLL3,0.810449361733471,45,297
ROMI3,202102,BEEF11,0.813604645017236,194,297
ROMI3,202102,CARD3,0.966035928316646,250,297
ROMI3,202102,ETER3,0.81361158226065,185,297
ROMI3,202102,EUCA4,0.810165676168296,365,297
ROMI3,202102,FESA4,0.713788754321009,91,297
ROMI3,202102,JHSF3,0.718631308200707,957,297
ROMI3,202102,MILS3,0.712535954367464,323,297
ROMI3,202102,PTBL3,0.924782767798112,297,297
ROMI3,202102,RANI3,0.902782608460671,298,297
ROMI3,202103,ABCB4,0.720238442255077,499,367
ROMI3,202103,BMGB4,0.842302544122007,568,367
ROMI3,202103,PTBL3,0.70104982721196,368,367
ROMI3,202104,PTBL3,0.957874398258408,440,448
ROMI3,202104,RANI3,0.897274069680865,297,448
ROMI3,202105,PTBL3,0.961005573518999,441,463
ROMI3,202105,RANI3,0.896551423305022,451,463
ROMI3,202106,BMGB4,0.856939919507752,592,488
ROMI3,202106,CPLE3,0.951628813612373,312,488
ROMI3,202106,PTBL3,0.923048736445426,463,488
ROMI3,202106,RANI3,0.716025718775083,484,488
ROMI3,202107,CARD3,0.70610616804358,83,539
ROMI3,202107,CPLE3,0.88077148064236,267,539
ROMI3,202107,DEXP3,0.851232634466667,99,539
ROMI3,202107,PTBL3,0.956764986677444,541,539
ROMI3,202107,RANI3,0.878865476844765,541,539
ROMI3,202108,CPLE3,0.862309776194405,295,498
ROMI3,202108,DEXP3,0.834708260056585,100,498
ROMI3,202108,PTBL3,0.918940340794724,505,498
ROMI3,202108,RANI3,0.9259455739822,506,498
ROMI3,202109,CPLE3,0.818528813863729,326,515
ROMI3,202109,DEXP3,0.838782148674477,96,515
ROMI3,202109,PTBL3,0.977811567974484,517,515
ROMI3,202109,RANI3,0.91260193295885,525,515
ROMI3,202110,CPLE3,0.776242934846675,276,473
ROMI3,202110,DEXP3,0.796796080327833,433,473
ROMI3,202110,PTBL3,0.956192995345521,465,473
ROMI3,202110,RANI3,0.882133125939006,499,473
ROMI3,202111,CAML3,0.72242353793503,441,425
ROMI3,202111,PTBL3,0.975783335427127,418,425
ROMI3,202111,RANI3,0.866370809625549,457,425
ROMI3,202112,AVLL3,0.915814862128462,35,519
ROMI3,202112,BEEF3,0.822966463752415,1200,519
ROMI3,202112,ETER3,0.920654578362091,86,519
ROMI3,202112,EUCA4,0.91550206571191,365,519
ROMI3,202112,JHSF3,0.822202563718148,1131,519
ROMI3,202112,KEPL3,0.89988306843174,547,519
ROMI3,202112,MILS3,0.764419914045456,571,519
ROMI3,202112,PTBL3,0.98931002736663,507,519
ROMI3,202112,RANI3,0.87030309470197,550,519
RPAD3,201702,BRGE3,1,133,133
RPAD3,201702,CCXC3,0.908266415320145,26,133
RPAD3,201702,CGRA3,0.99888525993591,135,133
RPAD3,201702,CRIV3,1,133,133
RPAD3,201702,CTNM4,0.999169190066369,134,133
RPAD3,201702,JOPA3,1,133,133
RPAD3,201702,LLIS3,0.908266415320145,26,133
RPAD3,201702,LUPA3,0.721008610706236,27,133
RPAD3,201702,MGEL4,1,133,133
RPAD3,201702,OSXB3,0.908266415320145,26,133
RPAD3,201702,RAPT3,0.999880972599505,230,133
RPAD3,201703,BRGE3,1,134,134
RPAD3,201703,CGRA3,0.997929558058001,136,134
RPAD3,201703,CRIV3,1,134,134
RPAD3,201703,CTNM4,0.998970116612048,135,134
RPAD3,201703,JOPA3,1,134,134
RPAD3,201703,RAPT3,0.99986738884704,231,134
RPAD3,201704,BRGE3,1,136,136
RPAD3,201704,CGRA3,0.998171583154709,138,136
RPAD3,201704,CRIV3,1,136,136
RPAD3,201704,CTNM4,0.999213704748507,137,136
RPAD3,201704,JOPA3,1,136,136
RPAD3,201704,RAPT3,0.999909977747243,237,136
RPAD3,201705,BRGE3,1,133,133
RPAD3,201705,CGRA3,0.998319544933781,135,133
RPAD3,201705,CRIV3,1,133,133
RPAD3,201705,CTNM4,0.999195426073626,134,133
RPAD3,201705,JOPA3,1,133,133
RPAD3,201705,RAPT3,0.999890011634213,236,133
RPAD3,201706,BRGE3,1,130,130
RPAD3,201706,CGRA3,0.998414561590407,132,130
RPAD3,201706,CRIV3,1,130,130
RPAD3,201706,CTNM4,0.999333293188788,131,130
RPAD3,201706,JOPA3,1,130,130
RPAD3,201706,RAPT3,0.99997239937928,256,130
RPAD3,201707,BRGE3,1,129,129
RPAD3,201707,CRIV3,1,129,129
RPAD3,201707,CTNM4,0.999490769419148,130,129
RPAD3,201707,JOPA3,1,129,129
RPAD3,201707,RAPT3,0.999978089429401,252,129
RPAD3,201708,BRGE3,1,130,130
RPAD3,201708,CRIV3,1,130,130
RPAD3,201708,CTNM4,0.999553971735896,131,130
RPAD3,201708,JOPA3,1,130,130
RPAD3,201708,RAPT3,0.999979080300047,131,130
RPAD3,201709,BRGE3,1,129,129
RPAD3,201709,CCPR3,0.713791388020497,144,129
RPAD3,201709,CRIV3,1,129,129
RPAD3,201709,CTNM4,0.999556572133564,130,129
RPAD3,201709,JOPA3,1,129,129
RPAD3,201709,RAPT3,0.99998917653864,130,129
RPAD3,201710,BRGE3,1,130,130
RPAD3,201710,CCPR3,0.700920127525636,146,130
RPAD3,201710,CRIV3,1,130,130
RPAD3,201710,CTNM4,0.999584487733515,131,130
RPAD3,201710,JOPA3,1,130,130
RPAD3,201710,RAPT3,0.999984451031883,131,130
RPAD3,201711,BRGE3,1,129,129
RPAD3,201711,CCPR3,0.713850961919232,146,129
RPAD3,201711,CRIV3,1,129,129
RPAD3,201711,CTNM4,0.999528133972039,130,129
RPAD3,201711,JOPA3,1,129,129
RPAD3,201711,RAPT3,0.999969959219627,130,129
RPAD3,201712,BRGE3,1,128,128
RPAD3,201712,CCPR3,0.727390037828934,145,128
RPAD3,201712,CRIV3,1,128,128
RPAD3,201712,CTNM4,0.999628118145221,129,128
RPAD3,201712,JOPA3,1,128,128
RPAD3,201712,LLIS3,0.909596681668935,20,128
RPAD3,201712,RAPT3,0.999973944792306,129,128
RPAD3,201801,BRGE3,1,125,125
RPAD3,201801,CCPR3,0.716170771455605,143,125
RPAD3,201801,CRIV3,1,125,125
RPAD3,201801,CTNM4,0.999890275056676,126,125
RPAD3,201801,JOPA3,1,125,125
RPAD3,201801,LLIS3,0.83611702521351,32,125
RPAD3,201801,RAPT3,0.999962704295446,126,125
RPAD3,201802,BRGE3,1,124,124
RPAD3,201802,CRIV3,1,124,124
RPAD3,201802,CTNM4,1,124,124
RPAD3,201802,JOPA3,1,124,124
RPAD3,201802,RAPT3,0.999968044463158,125,124
RPAD3,201803,BRGE3,1,124,124
RPAD3,201803,BRIV3,1,124,124
RPAD3,201803,CRIV3,1,124,124
RPAD3,201803,CTNM4,0.999980277466186,124,124
RPAD3,201803,INEP3,0.978066746528602,125,124
RPAD3,201803,JOPA3,1,124,124
RPAD3,201803,RAPT3,1,125,124
RPAD3,201804,BRGE3,1,124,124
RPAD3,201804,BRIV3,1,124,124
RPAD3,201804,CRIV3,1,124,124
RPAD3,201804,CTNM4,0.999964524199122,125,124
RPAD3,201804,INEP3,0.975859402498824,125,124
RPAD3,201804,JOPA3,1,124,124
RPAD3,201804,RAPT3,0.999999994170296,124,124
RPAD3,201805,BRGE3,1,124,124
RPAD3,201805,BRIV3,1,124,124
RPAD3,201805,CRIV3,1,124,124
RPAD3,201805,CTNM4,0.999977936888677,125,124
RPAD3,201805,INEP3,0.960713380399608,125,124
RPAD3,201805,JOPA3,1,124,124
RPAD3,201805,RAPT3,0.969338304401611,124,124
RPAD3,201806,BRGE3,1,123,123
RPAD3,201806,BRIV3,1,123,123
RPAD3,201806,CRIV3,1,123,123
RPAD3,201806,CTNM4,0.999979150496277,124,123
RPAD3,201806,INEP3,0.968960851423994,124,123
RPAD3,201806,JOPA3,1,123,123
RPAD3,201806,RAPT3,0.958151767980883,128,123
RPAD3,201807,BRGE3,1,122,122
RPAD3,201807,BRIV3,1,122,122
RPAD3,201807,CRIV3,1,122,122
RPAD3,201807,CTNM4,0.999979346282088,123,122
RPAD3,201807,INEP3,0.860389800788292,123,122
RPAD3,201807,JOPA3,1,122,122
RPAD3,201807,RAPT3,0.999994377796458,126,122
RPAD3,201808,BRGE3,1,122,122
RPAD3,201808,BRIV3,1,122,122
RPAD3,201808,BRPR3,0.755558541099131,440,122
RPAD3,201808,CRIV3,1,122,122
RPAD3,201808,CTNM4,0.999982374898913,123,122
RPAD3,201808,JOPA3,1,122,122
RPAD3,201808,RAPT3,1,122,122
RPAD3,201809,BRGE3,1,123,123
RPAD3,201809,BRIV3,1,123,123
RPAD3,201809,BRPR3,0.763576047689096,422,123
RPAD3,201809,CCPR3,0.779077414806918,136,123
RPAD3,201809,CRIV3,1,123,123
RPAD3,201809,CTNM4,0.999993375292773,124,123
RPAD3,201809,JOPA3,1,123,123
RPAD3,201809,RAPT3,1,123,123
RPAD3,201810,BRGE3,1,166,166
RPAD3,201810,BRIV3,1,166,166
RPAD3,201810,CCPR3,0.800655051573234,179,166
RPAD3,201810,CRIV3,1,166,166
RPAD3,201810,CTNM4,0.999993066933521,167,166
RPAD3,201810,JOPA3,1,166,166
RPAD3,201810,RAPT3,1,166,166
RPAD3,201811,BRGE3,1,186,186
RPAD3,201811,BRIV3,1,186,186
RPAD3,201811,CCPR3,0.718836134885534,199,186
RPAD3,201811,CRIV3,1,186,186
RPAD3,201811,CTNM4,0.999959044142697,187,186
RPAD3,201811,JOPA3,1,186,186
RPAD3,201811,RAPT3,1,186,186
RPAD3,201812,BRGE3,1,191,191
RPAD3,201812,BRIV3,1,191,191
RPAD3,201812,CRIV3,1,191,191
RPAD3,201812,CTNM4,0.999978383177956,192,191
RPAD3,201812,JOPA3,1,191,191
RPAD3,201812,RAPT3,1,191,191
RPAD3,201901,BRGE3,1,194,194
RPAD3,201901,BRIV3,1,194,194
RPAD3,201901,CCPR3,0.700166428405485,207,194
RPAD3,201901,CRIV3,1,194,194
RPAD3,201901,CTNM4,0.999989501808206,195,194
RPAD3,201901,JOPA3,1,194,194
RPAD3,201901,RAPT3,1,194,194
RPAD3,201902,BRGE3,1,194,194
RPAD3,201902,BRIV3,1,194,194
RPAD3,201902,CRIV3,1,194,194
RPAD3,201902,CTNM4,0.999993005988769,195,194
RPAD3,201902,JOPA3,1,194,194
RPAD3,201902,RAPT3,1,194,194
RPAD3,201903,BRGE3,1,194,194
RPAD3,201903,BRIV3,1,194,194
RPAD3,201903,CRIV3,1,194,194
RPAD3,201903,CTNM4,0.999989126016374,195,194
RPAD3,201903,GSHP3,0.761670287414663,79,194
RPAD3,201903,JOPA3,1,194,194
RPAD3,201903,RAPT3,1,194,194
RPAD3,201904,BRGE3,1,194,194
RPAD3,201904,BRIV3,1,194,194
RPAD3,201904,CRIV3,1,194,194
RPAD3,201904,CTNM4,0.999980994953376,195,194
RPAD3,201904,JOPA3,1,194,194
RPAD3,201904,RAPT3,1,194,194
RPAD3,201905,BRGE3,1,195,195
RPAD3,201905,BRIV3,1,195,195
RPAD3,201905,CRIV3,1,195,195
RPAD3,201905,CTNM4,0.999972442172406,196,195
RPAD3,201905,JOPA3,1,195,195
RPAD3,201905,RAPT3,0.999999981806095,195,195
RPAD3,201906,BRGE3,1,192,192
RPAD3,201906,BRIV3,1,192,192
RPAD3,201906,CCPR3,0.719544240573232,211,192
RPAD3,201906,CRIV3,1,192,192
RPAD3,201906,CTNM4,0.999974500382588,193,192
RPAD3,201906,JOPA3,1,192,192
RPAD3,201906,RAPT3,0.999999982276419,193,192
RPAD3,201907,BRGE3,1,192,192
RPAD3,201907,BRIV3,1,192,192
RPAD3,201907,CRIV3,1,192,192
RPAD3,201907,CTNM4,0.999977896170606,193,192
RPAD3,201907,JOPA3,1,192,192
RPAD3,201907,RAPT3,0.999999984275516,193,192
RPAD3,201908,BRGE3,1,196,196
RPAD3,201908,BRIV3,1,196,196
RPAD3,201908,CRIV3,1,196,196
RPAD3,201908,CTNM4,0.999980132682115,197,196
RPAD3,201908,JOPA3,1,196,196
RPAD3,201908,RAPT3,0.999999981670166,197,196
RPAD3,201909,BRGE3,1,192,192
RPAD3,201909,BRIV3,1,192,192
RPAD3,201909,CRIV3,1,192,192
RPAD3,201909,CTNM4,0.999986654106961,193,192
RPAD3,201909,JOPA3,1,192,192
RPAD3,201909,RAPT3,0.999999982809293,193,192
RPAD3,201910,BRGE3,1,190,190
RPAD3,201910,BRIV3,1,190,190
RPAD3,201910,CRIV3,1,190,190
RPAD3,201910,CTNM4,0.999989297599893,191,190
RPAD3,201910,JOPA3,0.999999999999998,190,190
RPAD3,201910,RAPT3,0.999999847062652,191,190
RPAD3,201911,BRGE3,1,192,192
RPAD3,201911,BRIV3,1,192,192
RPAD3,201911,CRIV3,1,192,192
RPAD3,201911,CTNM4,0.999997954744261,193,192
RPAD3,201911,JOPA3,1,192,192
RPAD3,201911,RAPT3,0.999999984573929,193,192
RPAD3,201912,BRGE3,1,188,188
RPAD3,201912,BRIV3,1,188,188
RPAD3,201912,CRIV3,1,188,188
RPAD3,201912,CTNM4,0.999998330886346,189,188
RPAD3,201912,JOPA3,1,188,188
RPAD3,201912,RAPT3,0.999999987131809,189,188
RPAD3,202001,BRGE3,1,187,187
RPAD3,202001,BRIV3,1,187,187
RPAD3,202001,CRIV3,1,187,187
RPAD3,202001,CTNM4,0.999999051701764,188,187
RPAD3,202001,JOPA3,1,187,187
RPAD3,202001,RAPT3,1,187,187
RPAD3,202002,BRGE3,1,186,186
RPAD3,202002,BRIV3,1,186,186
RPAD3,202002,CRIV3,1,186,186
RPAD3,202002,CTNM4,0.999999046134867,187,186
RPAD3,202002,JOPA3,1,186,186
RPAD3,202002,RAPT3,1,186,186
RPAD3,202003,BRGE3,1,184,184
RPAD3,202003,BRIV3,1,184,184
RPAD3,202003,CRIV3,1,184,184
RPAD3,202003,CTNM4,0.999999745803718,185,184
RPAD3,202003,JOPA3,1,184,184
RPAD3,202003,RAPT3,0.998808760980303,184,184
RPAD3,202004,BRGE3,1,196,196
RPAD3,202004,BRIV3,1,196,196
RPAD3,202004,CRIV3,1,196,196
RPAD3,202004,CTNM4,0.999999839328284,197,196
RPAD3,202004,JOPA3,1,196,196
RPAD3,202004,RAPT3,0.99875862611896,196,196
RPAD3,202005,BRGE3,1,196,196
RPAD3,202005,BRIV3,1,196,196
RPAD3,202005,CRIV3,1,196,196
RPAD3,202005,CTNM4,0.999999870696793,197,196
RPAD3,202005,JOPA3,1,196,196
RPAD3,202005,RAPT3,0.998849611590869,196,196
RPAD3,202006,BRGE3,1,197,197
RPAD3,202006,BRIV3,1,197,197
RPAD3,202006,CRIV3,1,197,197
RPAD3,202006,CTNM4,1,197,197
RPAD3,202006,JOPA3,1,197,197
RPAD3,202006,RAPT3,0.998782363252191,197,197
RPAD3,202007,BRGE3,1,201,201
RPAD3,202007,BRIV3,1,201,201
RPAD3,202007,CRIV3,1,201,201
RPAD3,202007,CTNM4,1,201,201
RPAD3,202007,JOPA3,1,201,201
RPAD3,202007,RAPT3,0.998748361491328,201,201
RPAD3,202008,BRGE3,1,202,202
RPAD3,202008,BRIV3,1,202,202
RPAD3,202008,CRIV3,1,202,202
RPAD3,202008,CTNM4,1,202,202
RPAD3,202008,JOPA3,1,202,202
RPAD3,202008,RAPT3,0.998720792853651,202,202
RPAD3,202009,BRGE3,0.991977070803862,201,201
RPAD3,202009,BRIV3,0.991977070803864,201,201
RPAD3,202009,CGRA4,0.909552970011094,351,201
RPAD3,202009,CRIV3,0.991977070803864,201,201
RPAD3,202009,CTNM4,0.991977070803863,201,201
RPAD3,202009,JOPA3,0.991977070803864,201,201
RPAD3,202009,RAPT3,0.991977070803862,201,201
RPAD3,202010,BRGE3,1,203,203
RPAD3,202010,BRIV3,1,203,203
RPAD3,202010,CRIV3,1,203,203
RPAD3,202010,CTNM4,1,203,203
RPAD3,202010,JOPA3,1,203,203
RPAD3,202010,RAPT3,1,203,203
RPAD3,202011,BRGE3,1,200,200
RPAD3,202011,BRIV3,1,200,200
RPAD3,202011,CRIV3,1,200,200
RPAD3,202011,CTNM4,1,200,200
RPAD3,202011,JOPA3,1,200,200
RPAD3,202011,RAPT3,1,200,200
RPAD3,202012,BRGE3,1,210,210
RPAD3,202012,BRIV3,1,210,210
RPAD3,202012,CTNM4,1,210,210
RPAD3,202012,JOPA3,1,210,210
RPAD3,202012,RAPT3,1,210,210
RPAD3,202101,BRGE3,1,211,211
RPAD3,202101,BRIV3,1,211,211
RPAD3,202101,CTNM4,0.999999999999998,211,211
RPAD3,202101,JOPA3,1,211,211
RPAD3,202101,RAPT3,0.999975279264908,211,211
RPAD3,202102,BRGE3,1,212,212
RPAD3,202102,BRIV3,1,212,212
RPAD3,202102,CTNM4,0.999999999020304,212,212
RPAD3,202102,JOPA3,1,212,212
RPAD3,202102,RAPT3,1,212,212
RPAD3,202103,BRGE3,1,292,292
RPAD3,202103,BRIV3,1,292,292
RPAD3,202103,CTNM4,0.999999999135332,292,292
RPAD3,202103,JOPA3,1,292,292
RPAD3,202103,RAPT3,1,292,292
RPAD3,202104,BRGE3,1,311,311
RPAD3,202104,BRIV3,1,311,311
RPAD3,202104,CTNM4,0.999999978906065,311,311
RPAD3,202104,JOPA3,1,311,311
RPAD3,202104,RAPT3,1,311,311
RPAD3,202105,BRGE3,1,315,315
RPAD3,202105,BRIV3,1,315,315
RPAD3,202105,CTNM4,0.999998815758088,317,315
RPAD3,202105,JOPA3,1,315,315
RPAD3,202105,RAPT3,1,315,315
RPAD3,202106,BRGE3,1,313,313
RPAD3,202106,BRIV3,1,313,313
RPAD3,202106,CTNM4,0.999997421995415,315,313
RPAD3,202106,JOPA3,1,313,313
RPAD3,202106,RAPT3,1,313,313
RPAD3,202107,BRGE3,1,312,312
RPAD3,202107,BRIV3,1,312,312
RPAD3,202107,CRIV3,1,312,312
RPAD3,202107,CTNM4,0.999999037466467,314,312
RPAD3,202107,JOPA3,1,312,312
RPAD3,202107,RAPT3,1,312,312
RPAD3,202108,BRGE3,1,318,318
RPAD3,202108,BRIV3,1,318,318
RPAD3,202108,CRIV3,1,318,318
RPAD3,202108,CTNM4,0.999999077011753,320,318
RPAD3,202108,JOPA3,1,318,318
RPAD3,202108,RAPT3,0.998348507925154,318,318
RPAD3,202109,BRGE3,1,320,320
RPAD3,202109,BRIV3,1,320,320
RPAD3,202109,CRIV3,1,320,320
RPAD3,202109,CTNM4,0.999996946671567,322,320
RPAD3,202109,JOPA3,1,320,320
RPAD3,202109,RAPT3,0.999603568941024,346,320
RPAD3,202110,BRGE3,1,319,319
RPAD3,202110,BRIV3,1,319,319
RPAD3,202110,CTNM4,0.999996733461746,321,319
RPAD3,202110,JOPA3,1,319,319
RPAD3,202110,RAPT3,1,319,319
RPAD3,202111,BRGE3,1,318,318
RPAD3,202111,BRIV3,1,318,318
RPAD3,202111,CTNM4,0.999997518890845,320,318
RPAD3,202111,JOPA3,1,318,318
RPAD3,202111,RAPT3,1,318,318
RPAD3,202112,BRGE3,1,321,321
RPAD3,202112,BRIV3,1,321,321
RPAD3,202112,CTNM4,0.999365760203055,323,321
RPAD3,202112,JOPA3,1,321,321
RPAD3,202112,RAPT3,0.999966074543201,321,321
RRRP3,202012,AERI3,0.898816190997759,575,480
RRRP3,202012,BRFS3,0.826922103261417,1019,480
RRRP3,202012,BTOW3,0.897012710291478,972,480
RRRP3,202012,CMIG3,0.940231839659856,524,480
RRRP3,202012,ECOR3,0.897000222572828,990,480
RRRP3,202012,GOAU3,0.862450291160913,498,480
RRRP3,202012,GOAU4,0.874705387377303,1059,480
RRRP3,202012,ITSA3,0.800497183503723,354,480
RRRP3,202012,MELK3,0.902897445050869,473,480
RRRP3,202012,PARD3,0.940097757652284,575,480
RRRP3,202012,RDNI3,0.928931433970389,342,480
RRRP3,202101,AERI3,0.887724251015827,573,548
RRRP3,202101,BRFS3,0.774405585540486,1083,548
RRRP3,202101,BTOW3,0.719174916468223,1015,548
RRRP3,202101,CMIG3,0.94652872857594,526,548
RRRP3,202101,ECOR3,0.916744592738211,1029,548
RRRP3,202101,GOAU3,0.864446894498985,501,548
RRRP3,202101,GOAU4,0.885075876138908,1099,548
RRRP3,202101,ITSA3,0.807562776503887,356,548
RRRP3,202101,MELK3,0.916107434622235,469,548
RRRP3,202101,PARD3,0.941837560433269,562,548
RRRP3,202101,RDNI3,0.931437898516439,345,548
RRRP3,202102,AERI3,0.82169484816889,620,538
RRRP3,202102,BRFS3,0.762867916426474,1080,538
RRRP3,202102,CMIG3,0.921016296505346,493,538
RRRP3,202102,ECOR3,0.907506512261541,1023,538
RRRP3,202102,GOAU3,0.853818057020965,505,538
RRRP3,202102,GOAU4,0.87234799228186,1171,538
RRRP3,202102,MELK3,0.730797862757633,478,538
RRRP3,202102,PARD3,0.919442815446684,577,538
RRRP3,202102,RDNI3,0.911822227754702,353,538
RRRP3,202103,AERI3,0.712022109357971,504,540
RRRP3,202103,BRFS3,0.707821271422644,1087,540
RRRP3,202103,CMIG3,0.804481143530617,467,540
RRRP3,202103,ECOR3,0.799649269151922,1044,540
RRRP3,202103,GOAU3,0.784976528515741,514,540
RRRP3,202103,GOAU4,0.812349882990325,1168,540
RRRP3,202103,HAPV3,0.74490423310627,1232,540
RRRP3,202103,PARD3,0.795868310886183,573,540
RRRP3,202103,RDNI3,0.775055254808499,351,540
RRRP3,202104,AERI3,0.822211997753627,506,710
RRRP3,202104,BRFS3,0.757340024985513,1090,710
RRRP3,202104,CMIG3,0.891526768018146,481,710
RRRP3,202104,ECOR3,0.853798467283476,1076,710
RRRP3,202104,GOAU3,0.850668456957866,545,710
RRRP3,202104,GOAU4,0.883723124921615,1189,710
RRRP3,202104,HAPV3,0.796897583129247,1274,710
RRRP3,202104,PARD3,0.887440100554864,609,710
RRRP3,202105,AERI3,0.711019356885949,588,767
RRRP3,202105,BPAC5,0.780944643166146,437,767
RRRP3,202105,BRFS3,0.837848540995921,1091,767
RRRP3,202105,CMIG3,0.832890349205461,507,767
RRRP3,202105,ECOR3,0.804127716025734,1077,767
RRRP3,202105,EMBR3,0.700471750591388,1085,767
RRRP3,202105,GOAU3,0.797947596043015,475,767
RRRP3,202105,GOAU4,0.832007316855411,1215,767
RRRP3,202105,HAPV3,0.803415212688196,1362,767
RRRP3,202105,PARD3,0.830560771816812,601,767
RRRP3,202106,BRFS3,0.864239918402513,1104,808
RRRP3,202106,CMIG3,0.853855541267679,479,808
RRRP3,202106,ECOR3,0.841412749650363,1110,808
RRRP3,202106,GOAU3,0.817298477496463,469,808
RRRP3,202106,GOAU4,0.800673304620166,1196,808
RRRP3,202106,HAPV3,0.724646880162624,1373,808
RRRP3,202106,PARD3,0.855098116130799,606,808
RRRP3,202106,RECV3,0.734579525018699,761,808
RRRP3,202107,BPAC5,0.706908555097057,596,793
RRRP3,202107,BRFS3,0.778843998711316,1102,793
RRRP3,202107,CMIG3,0.772327640578611,494,793
RRRP3,202107,ECOR3,0.769389716594341,1166,793
RRRP3,202107,EMBR3,0.722819781149451,1107,793
RRRP3,202107,GOAU3,0.741744643686721,475,793
RRRP3,202107,GOAU4,0.769441212974768,1228,793
RRRP3,202107,MRFG3,0.722419198103481,1171,793
RRRP3,202107,PARD3,0.785297041683757,622,793
RRRP3,202108,BRFS3,0.832694156369259,1050,831
RRRP3,202108,CMIG3,0.845516786286892,530,831
RRRP3,202108,ECOR3,0.827199798894357,1082,831
RRRP3,202108,GOAU3,0.812659178193571,519,831
RRRP3,202108,GOAU4,0.765527762684965,1211,831
RRRP3,202108,MRFG3,0.770607234283618,1149,831
RRRP3,202108,PARD3,0.887030167948438,670,831
RRRP3,202109,CMIG3,0.868346614880563,539,837
RRRP3,202109,ECOR3,0.890760647628927,1129,837
RRRP3,202109,GOAU3,0.825021779818948,503,837
RRRP3,202109,GOAU4,0.861101750513149,1295,837
RRRP3,202109,MRFG3,0.767899690285721,1198,837
RRRP3,202109,PARD3,0.89390748440713,701,837
RRRP3,202111,CMIG3,0.831737580211316,533,847
RRRP3,202111,CSNA3,0.729963137181783,1192,847
RRRP3,202111,ECOR3,0.846399151761518,1238,847
RRRP3,202111,GOAU3,0.796368752788047,502,847
RRRP3,202111,GOAU4,0.84760825448263,1364,847
RRRP3,202111,LIGT3,0.763987999140046,840,847
RRRP3,202111,MRFG3,0.785497073854312,1294,847
RRRP3,202111,PARD3,0.85874211200511,674,847
RRRP3,202112,CMIG3,0.779337533298193,525,919
RRRP3,202112,CSNA3,0.757922761605946,1167,919
RRRP3,202112,ECOR3,0.796800941876003,1239,919
RRRP3,202112,EMBR3,0.703564290757427,1180,919
RRRP3,202112,GOAU3,0.714078260747075,522,919
RRRP3,202112,GOAU4,0.837228415427224,1391,919
RRRP3,202112,LIGT3,0.770099602096002,868,919
RRRP3,202112,MRFG3,0.775757743389613,1290,919
RRRP3,202112,PARD3,0.817558890216115,720,919
RSID3,201702,BRIV3,0.982729689044023,134,33
RSID3,201702,CESP3,0.98218024133099,57,33
RSID3,201702,GUAR4,0.948173816224896,455,33
RSID3,201702,ITUB3,0.883357590958648,352,33
RSID3,201702,OIBR3,0.888335228102913,55,33
RSID3,201702,PMAM3,0.732408716955126,31,33
RSID3,201705,BRIV3,0.931544485465014,134,32
RSID3,201705,CESP3,0.936669046483497,53,32
RSID3,201705,GUAR4,0.937328999367013,110,32
RSID3,201705,ITUB3,0.892231726220285,318,32
RSID3,201705,OIBR3,0.886656535642359,28,32
RSID3,201705,PMAM3,0.929112950792521,25,32
RSID3,201706,BRIV3,0.922707864214382,131,32
RSID3,201706,CESP3,0.929250752998748,56,32
RSID3,201706,GUAR4,0.930987438404108,65,32
RSID3,201706,ITUB3,0.889856022536041,296,32
RSID3,201706,OIBR3,0.896246652314496,41,32
RSID3,201706,PMAM3,0.921459021771136,27,32
RSID3,201707,BRIV3,0.947450563060776,130,28
RSID3,201707,CESP3,0.958228182482578,52,28
RSID3,201707,GUAR4,0.960065376905506,372,28
RSID3,201707,ITUB3,0.913959806941701,294,28
RSID3,201707,OIBR3,0.92048484078274,36,28
RSID3,201707,PMAM3,0.913955654240906,27,28
RSID3,201708,BRIV3,0.954589655037112,131,29
RSID3,201708,CESP3,0.96652667313845,52,29
RSID3,201708,GRND3,0.709011036814809,446,29
RSID3,201708,GUAR4,0.966696038525657,369,29
RSID3,201708,ITUB3,0.926942618163299,296,29
RSID3,201708,OIBR3,0.93533034124445,39,29
RSID3,201708,PMAM3,0.916055737772679,52,29
RSID3,201709,BRIV3,0.947106299682263,130,26
RSID3,201709,CESP3,0.960592364545337,37,26
RSID3,201709,ITUB3,0.916945473560012,290,26
RSID3,201709,OIBR3,0.929633962871236,40,26
RSID3,201710,BRIV3,0.928871482909473,131,28
RSID3,201710,CESP3,0.941850625371993,36,28
RSID3,201710,ITUB3,0.896302089914863,293,28
RSID3,201710,OIBR3,0.915410962616335,38,28
RSID3,201710,PMAM3,0.781230527172257,118,28
RSID3,201711,BRIV3,0.773629740319978,130,32
RSID3,201711,CESP3,0.784868321798024,34,32
RSID3,201711,ITUB3,0.747430598294723,299,32
RSID3,201711,OIBR3,0.759973172735044,39,32
RSID3,202002,FRAS3,0.766126830735725,150,146
RSID3,202003,FRAS3,0.706717610036785,150,172
RSID3,202003,RANI3,0.852388883119874,145,172
RSID3,202102,MMXM3,0.907773068626319,25,24
RSID3,202103,MMXM3,0.902004208230892,25,24
RSID3,202104,ATOM3,1,22,22
RSID3,202104,AZEV3,0.99810669531992,23,22
RSID3,202104,IGBR3,1,22,22
RSID3,202104,INEP3,1,22,22
RSID3,202104,LUPA3,0.886386475413531,24,22
RSID3,202104,MMXM3,0.895048240599685,25,22
RSID3,202104,OSXB3,1,22,22
RSID3,202104,RCSL3,1,22,22
RSID3,202105,ATOM3,1,23,23
RSID3,202105,AZEV3,0.993723673781134,24,23
RSID3,202105,BSEV3,0.999821488674454,24,23
RSID3,202105,IGBR3,1,23,23
RSID3,202105,INEP3,1,23,23
RSID3,202105,MMXM3,0.915690495970712,23,23
RSID3,202105,OSXB3,1,23,23
RSID3,202105,RCSL3,1,23,23
RSID3,202107,PNVL4,0.99422083336823,79,63
RSID3,202108,PFRM3,0.999988718320463,65,63
RSID3,202109,PFRM3,0.999931450278891,65,63
RUMO3,201702,BRSR6,0.733504089279952,627,811
RUMO3,201702,CESP6,0.834703250331627,811,811
RUMO3,201702,CSAN3,0.714393390667051,871,811
RUMO3,201702,CSMG3,0.731912023079896,727,811
RUMO3,201702,EMBR3,0.80010546775492,789,811
RUMO3,201702,LINX3,0.793058835868819,574,811
RUMO3,201702,MLFT4,0.762379676075614,453,811
SANB11,201704,AMAR3,0.737230559419055,341,730
SANB11,201704,ARZZ3,0.763857205719449,538,730
SANB11,201704,HGTX3,0.834536595209472,511,730
SANB11,201705,BRKM5,0.70047408322052,763,740
SANB11,201711,DTEX3,0.703573327254171,507,771
SANB11,201712,DTEX3,0.712452905943715,554,771
SANB11,201801,DTEX3,0.735620178166461,550,763
SANB11,201803,BRDT3,0.737946518892526,550,792
SANB11,201807,AZUL4,0.918667178333832,502,815
SANB11,201807,GNDI3,0.708973698356624,530,815
SANB11,201807,GOLL4,0.900586148948321,726,815
SANB11,201809,DTEX3,0.762899570919236,508,803
SANB11,201810,GOLL4,0.886914226251393,684,815
SANB11,201810,RAPT4,0.730281816970464,535,815
SANB11,201811,GOLL4,0.91714625893178,822,858
SANB11,201812,GOLL4,0.921318361350618,794,857
SANB11,201901,BTOW3,0.734832702941242,898,827
SANB11,201901,GOLL4,0.882862870508783,817,827
SANB11,201902,GOLL4,0.859320680988191,880,878
SANB11,201903,GOLL4,0.872555163884248,828,880
SANB11,201904,GOLL4,0.778448620947901,796,834
SANB11,201905,BEEF3,0.797988140825899,444,804
SANB11,201906,BEEF3,0.789523974950252,478,772
SANB11,202101,IRBR3,0.785649047069939,1050,982
SANB11,202102,IRBR3,0.913298994838248,1070,1038
SANB11,202103,CSAN3,0.840032643441222,1133,1042
SANB11,202103,IRBR3,0.930456427450972,1121,1042
SANB11,202104,CSAN3,0.820916775098007,1242,1052
SANB11,202104,IRBR3,0.958185320750626,1119,1052
SANB11,202105,CSAN3,0.80938755793918,1285,1058
SANB11,202107,IFCM3,0.715678680638328,497,1109
SANB11,202108,CSAN3,0.796052585750413,1355,1087
SANB11,202108,IFCM3,0.842438243292936,477,1087
SANB11,202109,CSAN3,0.735661707113849,1388,1114
SANB11,202109,IFCM3,0.833742568869823,453,1114
SANB11,202110,CSAN3,0.734533602740005,1369,1159
SANB11,202110,IFCM3,0.852576352469188,486,1159
SANB11,202110,INTB3,0.829838718701714,890,1159
SANB11,202111,IFCM3,0.813373880526709,456,1163
SANB11,202111,INTB3,0.729350922994091,888,1163
SANB3,201703,KLBN3,1,26,26
SANB3,201703,KLBN4,1,26,26
SANB4,201702,CSMG3,0.806893724399986,727,378
SANB4,201702,EMBR3,0.88781843774058,789,378
SANB4,201702,LINX3,0.909906839255243,574,378
SANB4,201702,MLFT4,0.846195760879626,453,378
SANB4,201702,RUMO3,0.808837259236144,811,378
SANB4,201703,CSAN3,0.819296864121168,857,379
SANB4,201703,MLFT4,0.841174100175765,453,379
SANB4,201704,CSAN3,0.826878956719614,849,380
SANB4,201704,MLFT4,0.863338722396657,459,380
SANB4,201704,RAIL3,0.726811060214251,858,380
SANB4,201705,CSAN3,0.770736030306277,814,379
SANB4,201705,MLFT4,0.854595931754428,460,379
SANB4,201706,CPRE3,0.930029098730039,29,373
SANB4,201706,CSAN3,0.70591599080978,824,373
SANB4,201706,MLFT4,0.875027648886691,460,373
SANB4,201707,CPRE3,0.921119847964452,463,368
SANB4,201707,ELET6,0.742968589943579,756,368
SANB4,201707,MLFT4,0.899582125136372,454,368
SAPR11,201801,PCAR4,0.718744073549723,798,726
SAPR11,201802,BEEF3,0.70879229316028,416,699
SAPR11,201803,CPRE3,0.730055543932994,260,715
SAPR11,201804,CPRE3,0.723782984927814,425,745
SAPR11,201804,JPSA3,0.714458750328029,424,745
SAPR11,201804,KLBN4,0.759954668888899,364,745
SAPR11,201805,CPRE3,0.718440063824291,425,747
SAPR11,201805,JPSA3,0.702706610417727,430,747
SAPR11,201805,KLBN4,0.748554461152103,368,747
SAPR11,201806,KLBN4,0.723620452931602,371,759
SAPR11,201807,KLBN4,0.734554738593499,373,789
SAPR11,201810,QUAL3,0.846952095393703,841,466
SAPR11,201811,MEAL3,0.782280757607415,435,524
SAPR11,201811,QUAL3,0.840461695209655,869,524
SAPR11,201812,DTEX3,0.709078389416611,625,557
SAPR11,201812,MEAL3,0.796558754056822,437,557
SAPR11,201812,QUAL3,0.793628234341068,854,557
SAPR11,201901,CSMG3,0.748985746569583,678,595
SAPR11,201901,DTEX3,0.769966313164792,614,595
SAPR11,201901,KROT3,0.70188346434997,864,595
SAPR11,201901,MEAL3,0.761550967234367,462,595
SAPR11,201901,QUAL3,0.713477185486182,838,595
SAPR11,201902,BPAC11,0.713915701817195,559,721
SAPR11,201902,CMIG3,0.772102487348444,647,721
SAPR11,201902,DTEX3,0.835883548334473,669,721
SAPR11,201902,ELET3,0.747497383141986,946,721
SAPR11,201902,KROT3,0.75768804548772,924,721
SAPR11,201902,MEAL3,0.848113750158065,498,721
SAPR11,201902,MYPK3,0.748754583827662,667,721
SAPR11,201902,PCAR4,0.771249741010007,984,721
SAPR11,201902,QUAL3,0.738997840310949,902,721
SAPR11,201903,BPAC11,0.76681279706829,552,715
SAPR11,201903,CCRO3,0.711142797925401,908,715
SAPR11,201903,CMIG3,0.77815186542602,658,715
SAPR11,201903,DTEX3,0.826364975220748,573,715
SAPR11,201903,ELET3,0.794911341462868,973,715
SAPR11,201903,MEAL3,0.864730159717821,455,715
SAPR11,201903,MYPK3,0.773505781157347,621,715
SAPR11,201903,PCAR4,0.771583545803303,974,715
SAPR11,201903,QUAL3,0.727339784147907,828,715
SAPR11,201904,CMIG3,0.831907643287267,659,669
SAPR11,201904,DTEX3,0.828056993097638,573,669
SAPR11,201904,GUAR3,0.706911754880636,516,669
SAPR11,201904,LINX3,0.737598280063975,775,669
SAPR11,201904,MEAL3,0.893072362449785,407,669
SAPR11,201904,MYPK3,0.828034532901705,572,669
SAPR11,201904,PCAR4,0.753006390589566,952,669
SAPR11,201904,QUAL3,0.755475295735198,810,669
SAPR11,201905,LCAM3,0.703151650483672,614,662
SAPR11,201910,CPLE6,0.712579306843358,575,635
SAPR11,201911,CPLE6,0.717173857572848,637,603
SAPR11,201912,CPLE6,0.707251193836796,641,587
SAPR11,202008,AGRO3,0.825851629162333,84,644
SAPR11,202008,BBDC3,0.754858754889787,948,644
SAPR11,202008,BRPR3,0.816457639707132,674,644
SAPR11,202008,BRSR6,0.853422288483437,591,644
SAPR11,202008,DIRR3,0.809030137707283,480,644
SAPR11,202009,AGRO3,0.771005095933059,83,621
SAPR11,202009,BBDC3,0.78507989119019,928,621
SAPR11,202009,BRPR3,0.854777454206756,650,621
SAPR11,202009,BRSR6,0.850419874575963,470,621
SAPR11,202009,DIRR3,0.842615790197858,494,621
SAPR11,202010,BBDC3,0.716374896190435,935,598
SAPR11,202010,BRPR3,0.830968347404547,591,598
SAPR11,202010,BRSR6,0.754078327497022,421,598
SAPR11,202010,DIRR3,0.766554354575543,519,598
SAPR11,202010,ENBR3,0.767556802346348,1016,598
SAPR11,202010,LEVE3,0.750311701551208,525,598
SAPR11,202011,BRPR3,0.847916510776092,511,582
SAPR11,202011,BRSR6,0.734547769169336,409,582
SAPR11,202011,DIRR3,0.815189882720501,521,582
SAPR11,202011,ENBR3,0.771644931100728,980,582
SAPR11,202011,LEVE3,0.820802184358562,446,582
SAPR11,202012,BRPR3,0.843029919747487,481,606
SAPR11,202012,BRSR6,0.759851516501631,382,606
SAPR11,202012,DIRR3,0.81635310394204,495,606
SAPR11,202012,LEVE3,0.833557400302857,335,606
SAPR11,202012,MEAL3,0.710650399871223,492,606
SAPR11,202012,NEOE3,0.717472774405924,758,606
SAPR11,202101,BRPR3,0.776680697339351,487,602
SAPR11,202101,DIRR3,0.731671650267262,503,602
SAPR11,202101,LEVE3,0.768504715341623,294,602
SAPR11,202101,MEAL3,0.790229870850011,503,602
SAPR11,202102,BBDC3,0.727165964619499,1039,600
SAPR11,202102,BRPR3,0.829919964710071,486,600
SAPR11,202102,CCPR3,0.732913285808064,550,600
SAPR11,202102,DIRR3,0.822501443065195,523,600
SAPR11,202102,LEVE3,0.836496617928407,415,600
SAPR11,202102,MEAL3,0.872782911977972,480,600
SAPR11,202102,NEOE3,0.774717886811564,722,600
SAPR11,202103,BBDC3,0.726093113545619,1087,580
SAPR11,202103,BRPR3,0.903455705945832,554,580
SAPR11,202103,CCPR3,0.791363837355874,573,580
SAPR11,202103,DIRR3,0.89454715195891,472,580
SAPR11,202103,LEVE3,0.924528850892429,510,580
SAPR11,202103,MEAL3,0.951508092137889,482,580
SAPR11,202103,NEOE3,0.835271315965475,723,580
SAPR11,202103,PSSA3,0.719307272851355,624,580
SAPR11,202104,BRPR3,0.901949273277423,615,605
SAPR11,202104,CCPR3,0.79990547426396,587,605
SAPR11,202104,DIRR3,0.900065130265487,544,605
SAPR11,202104,LEVE3,0.935996868537357,549,605
SAPR11,202104,MEAL3,0.952995271918237,539,605
SAPR11,202104,NEOE3,0.846870504584709,737,605
SAPR11,202104,PSSA3,0.702195699032379,651,605
SAPR11,202105,BRPR3,0.88455725944136,576,612
SAPR11,202105,CCPR3,0.758537871159092,529,612
SAPR11,202105,DIRR3,0.866625870652207,547,612
SAPR11,202105,EVEN3,0.737167175778127,676,612
SAPR11,202105,LEVE3,0.918589028026437,547,612
SAPR11,202105,MEAL3,0.940842729101883,536,612
SAPR11,202105,NEOE3,0.857645965526348,664,612
SAPR11,202106,BRPR3,0.902156624314049,586,656
SAPR11,202106,CCPR3,0.773005504568564,445,656
SAPR11,202106,DIRR3,0.834433773918073,583,656
SAPR11,202106,EVEN3,0.797494997786261,713,656
SAPR11,202106,LEVE3,0.729344582839165,595,656
SAPR11,202106,MEAL3,0.926688406418052,525,656
SAPR11,202106,NEOE3,0.797780017499261,660,656
SAPR11,202107,BRPR3,0.929335025559711,586,658
SAPR11,202107,CCPR3,0.742173493371755,446,658
SAPR11,202107,DIRR3,0.87579880651962,609,658
SAPR11,202107,ENBR3,0.739118302446407,1066,658
SAPR11,202107,EVEN3,0.824719259404929,673,658
SAPR11,202107,MEAL3,0.930426938277446,564,658
SAPR11,202107,NEOE3,0.820730234179427,663,658
SAPR11,202108,BRPR3,0.92130146522322,558,657
SAPR11,202108,CCPR3,0.746657540694248,504,657
SAPR11,202108,DIRR3,0.700974928544804,635,657
SAPR11,202108,EVEN3,0.847419366347495,689,657
SAPR11,202108,MEAL3,0.952283559779308,511,657
SAPR11,202108,NEOE3,0.816815177781909,679,657
SAPR11,202109,BRPR3,0.903849482214335,587,676
SAPR11,202109,EVEN3,0.856662248992305,697,676
SAPR11,202109,MEAL3,0.91855128239325,528,676
SAPR11,202109,NEOE3,0.785881489786936,670,676
SAPR11,202110,BRPR3,0.858118909217033,603,654
SAPR11,202110,EVEN3,0.851150842920833,698,654
SAPR11,202110,MEAL3,0.871183038901938,472,654
SAPR11,202110,NEOE3,0.730040143226135,662,654
SAPR11,202110,PNVL3,0.755833746055701,634,654
SAPR11,202111,BRPR3,0.845390898214021,573,614
SAPR11,202111,EVEN3,0.842370591121689,679,614
SAPR11,202111,MEAL3,0.857755729214555,419,614
SAPR11,202111,NEOE3,0.760576315132543,659,614
SAPR11,202111,PNVL3,0.763025236761351,609,614
SAPR11,202112,BRPR3,0.755928572219058,626,653
SAPR11,202112,EVEN3,0.802013779794064,730,653
SAPR11,202112,MEAL3,0.763655687615446,517,653
SAPR11,202112,NEOE3,0.760890883260496,687,653
SAPR3,201802,CGRA4,0.99878630067363,139,22
SAPR3,201802,DIRR3,0.856939338366278,342,22
SAPR3,201802,QGEP3,0.724379681251874,328,22
SAPR3,201803,CGRA4,0.998783048065667,139,25
SAPR3,201803,DIRR3,0.94458848823088,358,25
SAPR3,201803,PFRM3,0.886913883577479,56,25
SAPR3,201803,QGEP3,0.70319407688074,345,25
SAPR3,201804,AGRO3,0.910502416138142,116,24
SAPR3,201804,CGRA4,0.998820299702833,139,24
SAPR3,201804,DIRR3,0.938760310541812,380,24
SAPR3,201804,PFRM3,0.889742719501836,81,24
SAPR3,201805,AGRO3,0.942881819382341,120,23
SAPR3,201805,CGRA4,0.997920265091289,128,23
SAPR3,201805,DIRR3,0.954462747141786,376,23
SAPR3,202003,CARD3,0.936947547025517,23,38
SAPR3,202004,CARD3,0.991156504292588,25,38
SAPR3,202005,CARD3,0.984487188274587,25,36
SAPR3,202006,KLBN4,0.853999231793294,33,39
SAPR3,202008,ALUP3,0.873444747881599,22,43
SAPR3,202009,CESP3,0.895069016789273,36,43
SAPR4,201702,BBDC4,0.74053076654512,1052,877
SAPR4,201702,CTIP3,0.743609792573933,949,877
SAPR4,201703,CSAN3,0.813471359015381,857,778
SAPR4,201703,MLFT4,0.700823884862893,453,778
SAPR4,201703,SANB4,0.76367400537706,379,778
SAPR4,201704,CSAN3,0.861068046054006,849,724
SAPR4,201704,MLFT4,0.748467140222381,459,724
SAPR4,201704,RAIL3,0.720094416650013,858,724
SAPR4,201704,SANB4,0.804316871528134,380,724
SAPR4,201705,CSAN3,0.855575557300677,814,688
SAPR4,201705,MLFT4,0.712279619862874,460,688
SAPR4,201705,SANB4,0.773025192699881,379,688
SAPR4,201706,CPRE3,0.75269878839347,29,699
SAPR4,201706,CSAN3,0.854917272618079,824,699
SAPR4,201706,MLFT4,0.74473139713522,460,699
SAPR4,201706,SANB4,0.80344225270805,373,699
SAPR4,201707,CPRE3,0.745125115863514,463,697
SAPR4,201707,CSAN3,0.791778356406372,805,697
SAPR4,201707,MLFT4,0.760213731402234,454,697
SAPR4,201707,SANB4,0.803556555648889,368,697
SAPR4,201708,CPRE3,0.702061638542471,412,684
SAPR4,201708,CSAN3,0.780217401642867,793,684
SAPR4,201708,MLFT4,0.717530283913239,456,684
SAPR4,201802,CGRA4,0.87144945527915,139,72
SAPR4,201802,DIRR3,0.748130072993981,342,72
SAPR4,201802,SAPR3,0.872478521572863,22,72
SAPR4,201803,CGRA4,0.891033676610664,139,62
SAPR4,201803,DIRR3,0.842738113548328,358,62
SAPR4,201803,PFRM3,0.791343513253816,56,62
SAPR4,201803,SAPR3,0.892111620650182,25,62
SAPR4,201804,AGRO3,0.851135887057942,116,42
SAPR4,201804,CGRA4,0.933695593412854,139,42
SAPR4,201804,DIRR3,0.877605438656163,380,42
SAPR4,201804,PFRM3,0.8318156237256,81,42
SAPR4,201804,SAPR3,0.934794830073666,24,42
SAPR4,201805,AGRO3,0.914142712229216,120,42
SAPR4,201805,CGRA4,0.96749989410563,128,42
SAPR4,201805,DIRR3,0.924807130362297,376,42
SAPR4,201805,SAPR3,0.967852191751823,23,42
SAPR4,201903,BRPR3,0.822727129851221,461,92
SAPR4,201903,DIRR3,0.811116635336757,265,92
SAPR4,201903,LEVE3,0.821851919110863,300,92
SAPR4,201903,LOGG3,0.867380292814104,772,92
SAPR4,201904,BRPR3,0.834448242547167,440,133
SAPR4,201904,DIRR3,0.876956922696932,210,133
SAPR4,201904,LEVE3,0.847658589581178,157,133
SAPR4,201904,LOGG3,0.875185918403562,730,133
SAPR4,201906,BRPR3,0.725374125756708,364,194
SAPR4,201906,DIRR3,0.794059293768406,116,194
SAPR4,201906,ITSA3,0.814778700820189,331,194
SAPR4,201906,LEVE3,0.746815943168363,132,194
SAPR4,201906,LOGG3,0.860887290866641,391,194
SAPR4,201907,BRPR3,0.702177459372999,401,339
SAPR4,201907,DIRR3,0.847879989260636,362,339
SAPR4,201907,LEVE3,0.759950594222646,392,339
SAPR4,201907,LOGG3,0.851073640768494,442,339
SAPR4,201908,DIRR3,0.784860056132455,514,471
SAPR4,201908,LEVE3,0.719088574936307,508,471
SAPR4,201908,LOGG3,0.814822891083112,480,471
SAPR4,201911,DMMO3,0.826298301071384,262,320
SAPR4,202001,CSNA3,0.746099213423727,815,383
SAPR4,202008,PTBL3,0.774552717759278,73,428
SAPR4,202011,PTBL3,0.725834576740885,223,311
SAPR4,202012,BMGB4,0.70521012369209,506,293
SAPR4,202012,ROMI3,0.822485952591306,75,293
SAPR4,202101,BMGB4,0.734377847031051,507,299
SAPR4,202101,ROMI3,0.734756559905543,258,299
SAPR4,202102,BMGB4,0.815686860350288,546,293
SAPR4,202103,ABCB4,0.714595052636135,499,348
SAPR4,202103,BMGB4,0.726243330071613,568,348
SAPR4,202103,ROMI3,0.911806526249829,367,348
SAPR4,202104,BMGB4,0.737797223305929,609,446
SAPR4,202104,CPLE3,0.762472839540144,310,446
SAPR4,202105,CPLE3,0.731244962045098,303,438
SAPR4,202106,BRSR6,0.866908484014648,516,451
SAPR4,202107,BRSR6,0.869207027053001,607,515
SAPR4,202108,BRSR6,0.879529075032424,606,452
SAPR4,202110,LOGN3,0.786325948396732,507,448
SAPR4,202110,PMAM3,0.707546823605498,421,448
SAPR4,202111,LOGN3,0.772486218725062,477,395
SBFG3,202104,CSED3,0.758412653750698,675,865
SBSP3,201705,EGIE3,0.82192358222339,677,821
SBSP3,201706,EGIE3,0.799998361863172,688,745
SBSP3,201708,CSMG3,0.722830193604497,599,756
SBSP3,201709,CSMG3,0.773458978396598,549,771
SBSP3,201710,CSMG3,0.798460516272128,564,740
SBSP3,201711,CSMG3,0.703936020308802,579,754
SBSP3,201801,CCRO3,0.706878060563264,841,736
SBSP3,201801,CSMG3,0.726161947768111,634,736
SBSP3,201803,BRKM5,0.822283819786549,758,737
SBSP3,201803,CMIG3,0.772940709796021,301,737
SBSP3,201803,MEAL3,0.700749912242516,415,737
SBSP3,201804,BRKM5,0.839354858225441,808,806
SBSP3,201804,CMIG3,0.732894683363447,401,806
SBSP3,201807,RAIL3,0.709692467512782,920,792
SBSP3,201809,CCRO3,0.821944488481199,795,733
SBSP3,201809,ENBR3,0.746319724743966,818,733
SBSP3,201809,MRFG3,0.757372087650073,695,733
SBSP3,201810,LLIS3,0.779208913314017,116,727
SBSP3,201901,AZUL4,0.745336767545373,857,860
SBSP3,201901,BPAC11,0.778456301405683,490,860
SBSP3,201901,BRDT3,0.825028904698231,880,860
SBSP3,201901,CMIG3,0.746638266013823,616,860
SBSP3,201901,CSMG3,0.876990239966231,678,860
SBSP3,201901,DTEX3,0.76535368819196,614,860
SBSP3,201901,KROT3,0.760512222840147,864,860
SBSP3,201901,PCAR4,0.72613621865783,900,860
SBSP3,201901,SAPR11,0.715491082850346,595,860
SBSP3,201902,BRAP4,0.727264630059673,988,900
SBSP3,201902,BRSR6,0.714109563952519,658,900
SBSP3,201902,EUCA4,0.702108601847445,377,900
SBSP3,201902,GOAU4,0.701181691882506,921,900
SBSP3,201902,HAPV3,0.766993474145467,803,900
SBSP3,201902,PARD3,0.70096920081492,538,900
SBSP3,201902,PETR4,0.784394877539331,1160,900
SBSP3,201902,RDNI3,0.703943149692353,285,900
SBSP3,201905,BRAP4,0.727075066033115,919,895
SBSP3,201905,BRDT3,0.892805914659585,889,895
SBSP3,201905,BRFS3,0.920349857712261,947,895
SBSP3,201905,BRSR6,0.886776880271613,593,895
SBSP3,201905,CESP6,0.817934028309226,820,895
SBSP3,201905,CIEL3,0.70873886585576,861,895
SBSP3,201905,CMIG3,0.706576548204116,649,895
SBSP3,201905,CMIG4,0.706100812711988,1019,895
SBSP3,201905,EUCA4,0.870822484416661,400,895
SBSP3,201905,GOAU3,0.808558892215965,344,895
SBSP3,201905,GOAU4,0.867420581884626,872,895
SBSP3,201905,HAPV3,0.798361708610565,778,895
SBSP3,201905,LAME4,0.84482360410893,856,895
SBSP3,201905,LREN3,0.702296334414285,1095,895
SBSP3,201905,PARD3,0.876828233618047,510,895
SBSP3,201905,PETR4,0.814204130675513,1163,895
SBSP3,201905,RAIL3,0.773831169189922,931,895
SBSP3,201905,RDNI3,0.879554781219263,298,895
SBSP3,201906,BPAC11,0.718529735042253,676,884
SBSP3,201906,BRDT3,0.772074816754818,850,884
SBSP3,201906,BRFS3,0.731036765320723,949,884
SBSP3,201906,BRSR6,0.725700035771882,610,884
SBSP3,201906,CESP6,0.721394091921366,844,884
SBSP3,201906,EUCA4,0.729865923188298,397,884
SBSP3,201906,GOAU4,0.759332654957953,869,884
SBSP3,201906,PARD3,0.723210963239534,498,884
SBSP3,201906,PETR4,0.762947389484213,1166,884
SBSP3,201906,RDNI3,0.7234959399253,297,884
SBSP3,201907,AZUL4,0.709635546478308,1016,889
SBSP3,201907,BPAC11,0.835969788816515,793,889
SBSP3,201907,BRAP4,0.707316287274241,912,889
SBSP3,201907,BRSR6,0.706655700342069,657,889
SBSP3,201907,CESP6,0.814664679522559,882,889
SBSP3,201907,CMIG3,0.869249784794808,678,889
SBSP3,201907,CPFE3,0.82113485266223,912,889
SBSP3,201907,CSMG3,0.73609625697155,755,889
SBSP3,201907,ECOR3,0.845297434773305,814,889
SBSP3,201907,EUCA4,0.711617035139838,402,889
SBSP3,201907,GOAU4,0.75124290787837,911,889
SBSP3,201907,PARD3,0.70899185191055,532,889
SBSP3,201907,PETR4,0.744001218503581,1190,889
SBSP3,201907,RDNI3,0.705788291053507,300,889
SBSP3,201908,AZUL4,0.793163607678045,1062,899
SBSP3,201908,BPAC11,0.847687407258517,795,899
SBSP3,201908,BRAP4,0.700268654574941,939,899
SBSP3,201908,CESP6,0.769592050224407,876,899
SBSP3,201908,CMIG3,0.892726954145261,664,899
SBSP3,201908,CPFE3,0.947809777845219,878,899
SBSP3,201908,CSMG3,0.755981385852726,763,899
SBSP3,201908,ECOR3,0.861714326272879,867,899
SBSP3,201908,GOAU4,0.724087679874264,915,899
SBSP3,201909,AZUL4,0.725915961975402,1033,925
SBSP3,201909,BPAC11,0.794435599318628,918,925
SBSP3,201909,BRAP4,0.706567544202262,901,925
SBSP3,201909,BRFS3,0.797374460691406,995,925
SBSP3,201909,CESP6,0.703784323201417,841,925
SBSP3,201909,CMIG3,0.848650904576376,656,925
SBSP3,201909,CMIG4,0.73320566653144,946,925
SBSP3,201909,CPFE3,0.897700478391092,837,925
SBSP3,201909,ECOR3,0.793258674079718,875,925
SBSP3,201909,GOAU4,0.742611590582804,879,925
SBSP3,201909,ITUB4,0.737489274723444,1048,925
SBSP3,201909,PARD3,0.711668280371963,576,925
SBSP3,201909,PETR4,0.717744970905442,1134,925
SBSP3,201909,RAIL3,0.775749981924408,962,925
SBSP3,201910,ALSO3,0.771636045262253,682,939
SBSP3,201910,AZUL4,0.782623186502723,1054,939
SBSP3,201910,BPAC11,0.867065905827801,955,939
SBSP3,201910,CMIG3,0.877010225579566,694,939
SBSP3,201910,CPLE3,0.723992485139749,409,939
SBSP3,201910,DTEX3,0.761112722166391,624,939
SBSP3,201910,ECOR3,0.907632032679176,878,939
SBSP3,201910,GUAR3,0.741488944909657,571,939
SBSP3,201910,MEAL3,0.781021787914708,572,939
SBSP3,201910,MYPK3,0.759669272212457,570,939
SBSP3,201910,NEOE3,0.808101389405723,748,939
SBSP3,201911,AALR3,0.824206445801599,404,945
SBSP3,201911,ALSO3,0.865313330494125,698,945
SBSP3,201911,BPAC11,0.878656118123014,940,945
SBSP3,201911,CIEL3,0.922309301460621,840,945
SBSP3,201911,CMIG3,0.706696625333032,676,945
SBSP3,201911,CPLE3,0.723818572704309,326,945
SBSP3,201911,DTEX3,0.872944698461583,574,945
SBSP3,201911,ECOR3,0.909363131364351,875,945
SBSP3,201911,GUAR3,0.862226103815741,513,945
SBSP3,201911,IDNT3,0.765413172384177,222,945
SBSP3,201911,LINX3,0.743825475828614,670,945
SBSP3,201911,MEAL3,0.86963207554222,532,945
SBSP3,201911,MYPK3,0.881716155855219,523,945
SBSP3,201911,NEOE3,0.900821409953926,732,945
SBSP3,201912,AALR3,0.722774759669155,414,923
SBSP3,201912,ALSO3,0.7573960236668,706,923
SBSP3,201912,BPAC11,0.846079381353963,942,923
SBSP3,201912,CIEL3,0.898522338892258,859,923
SBSP3,201912,CPLE3,0.780517271256717,331,923
SBSP3,201912,CYRE3,0.785010310436993,937,923
SBSP3,201912,DTEX3,0.719184496034142,563,923
SBSP3,201912,ECOR3,0.933522913878688,836,923
SBSP3,201912,GUAR3,0.794175938019249,528,923
SBSP3,201912,IDNT3,0.705926428401711,228,923
SBSP3,201912,LINX3,0.766676710158781,669,923
SBSP3,201912,MEAL3,0.854472937692954,537,923
SBSP3,201912,MYPK3,0.82738099090498,529,923
SBSP3,201912,NEOE3,0.816526172066303,721,923
SBSP3,202001,AALR3,0.776282547848532,458,950
SBSP3,202001,AZUL4,0.713803878256157,986,950
SBSP3,202001,BPAC11,0.839203396559644,959,950
SBSP3,202001,CPLE3,0.779857298591101,421,950
SBSP3,202001,CYRE3,0.724921508316967,948,950
SBSP3,202001,ECOR3,0.879428244312942,856,950
SBSP3,202001,GUAR3,0.742633780978182,614,950
SBSP3,202001,LINX3,0.760767814052189,679,950
SBSP3,202001,MEAL3,0.839154698977661,551,950
SBSP3,202001,MYPK3,0.775049286196301,561,950
SBSP3,202001,NEOE3,0.816631053720674,710,950
SBSP3,202002,AALR3,0.845119251540163,460,985
SBSP3,202002,AZUL4,0.717688585960693,994,985
SBSP3,202002,BPAC11,0.817130060211457,949,985
SBSP3,202002,CPLE3,0.786711658712582,451,985
SBSP3,202002,ECOR3,0.881909650939324,883,985
SBSP3,202002,GUAR3,0.776650230257119,642,985
SBSP3,202002,IDNT3,0.763482264471895,233,985
SBSP3,202002,LINX3,0.745312755621313,694,985
SBSP3,202002,MEAL3,0.835680958299043,557,985
SBSP3,202002,MYPK3,0.727780212046575,630,985
SBSP3,202002,NEOE3,0.798483365562564,727,985
SBSP3,202002,QUAL3,0.718092518077156,900,985
SBSP3,202003,AALR3,0.740379663812603,457,1003
SBSP3,202003,BPAC11,0.708517298726149,940,1003
SBSP3,202003,CPLE3,0.751762956609825,447,1003
SBSP3,202003,ECOR3,0.786348019803192,872,1003
SBSP3,202003,GUAR3,0.700869806403201,625,1003
SBSP3,202003,IDNT3,0.714066564301128,232,1003
SBSP3,202003,IRBR3,0.721418207246772,957,1003
SBSP3,202003,LINX3,0.710278161765193,663,1003
SBSP3,202003,MEAL3,0.768846789125576,537,1003
SBSP3,202003,NEOE3,0.728343437666288,744,1003
SBSP3,202004,BRFS3,0.736173273598488,969,1045
SBSP3,202004,CMIG3,0.766151527066645,613,1045
SBSP3,202004,GOAU4,0.701032469429444,976,1045
SBSP3,202005,BPAC11,0.717425060778143,1047,1062
SBSP3,202005,ECOR3,0.713625772823494,883,1062
SBSP3,202005,MEAL3,0.722270962267819,488,1062
SBSP3,202006,ECOR3,0.729146711118008,919,1146
SBSP3,202006,PETR4,0.717960204420743,1260,1146
SBSP3,202007,CMIG3,0.729086752734375,602,1168
SBSP3,202007,PETR4,0.758064922297442,1296,1168
SBSP3,202008,ECOR3,0.702618669041431,993,1205
SBSP3,202008,PETR4,0.726741064072969,1299,1205
SBSP3,202009,BRFS3,0.732863104814976,1007,1164
SBSP3,202009,CMIG3,0.74455697172611,566,1164
SBSP3,202009,GOAU4,0.717893941069015,1065,1164
SBSP3,202009,HAPV3,0.704136868559088,1077,1164
SBSP3,202009,PETR4,0.75605419380372,1264,1164
SBSP3,202009,RDNI3,0.70715030301033,340,1164
SBSP3,202010,BRFS3,0.818357216548007,999,1172
SBSP3,202010,CMIG3,0.827235415493324,541,1172
SBSP3,202010,GOAU3,0.761759574489686,452,1172
SBSP3,202010,GOAU4,0.802240102696453,1056,1172
SBSP3,202010,MELK3,0.752963618941123,545,1172
SBSP3,202010,PARD3,0.756258418161672,635,1172
SBSP3,202010,RDNI3,0.798512437586429,346,1172
SBSP3,202011,BRFS3,0.798572395408482,994,1102
SBSP3,202011,BTOW3,0.745320842819375,982,1102
SBSP3,202011,CMIG3,0.82341532033031,534,1102
SBSP3,202011,GOAU3,0.759456931776518,448,1102
SBSP3,202011,GOAU4,0.784521070691815,1059,1102
SBSP3,202011,MELK3,0.780523848420992,470,1102
SBSP3,202011,PARD3,0.821899482185578,590,1102
SBSP3,202011,RDNI3,0.805205176772542,338,1102
SBSP3,202012,AERI3,0.788197086050391,575,1088
SBSP3,202012,BRFS3,0.737421392027761,1019,1088
SBSP3,202012,BTOW3,0.773789369679167,972,1088
SBSP3,202012,CMIG3,0.81993183719106,524,1088
SBSP3,202012,ECOR3,0.81650552232622,990,1088
SBSP3,202012,GOAU3,0.739756124080428,498,1088
SBSP3,202012,GOAU4,0.779769734696449,1059,1088
SBSP3,202012,ITSA3,0.702454945259995,354,1088
SBSP3,202012,MELK3,0.798800717487782,473,1088
SBSP3,202012,PARD3,0.826393921216316,575,1088
SBSP3,202012,RDNI3,0.812407743562716,342,1088
SBSP3,202012,RRRP3,0.866713378425065,480,1088
SBSP3,202101,AERI3,0.809835766560756,573,1107
SBSP3,202101,BRFS3,0.71725277622414,1083,1107
SBSP3,202101,BTOW3,0.703200211200645,1015,1107
SBSP3,202101,CMIG3,0.857557070553876,526,1107
SBSP3,202101,ECOR3,0.857884809756392,1029,1107
SBSP3,202101,GOAU3,0.76662870940458,501,1107
SBSP3,202101,GOAU4,0.819216878574639,1099,1107
SBSP3,202101,ITSA3,0.747274050819745,356,1107
SBSP3,202101,MELK3,0.842119679997789,469,1107
SBSP3,202101,PARD3,0.864615349006135,562,1107
SBSP3,202101,RDNI3,0.855168125311263,345,1107
SBSP3,202101,RRRP3,0.895811346167432,548,1107
SBSP3,202105,PETR3,0.739524466896324,1211,1105
SCAR3,201702,INEP3,0.831401266740387,134,38
SCAR3,201702,INEP4,0.831956241746618,27,38
SCAR3,201703,INEP3,0.739096422483301,135,22
SCAR3,201911,BEEF11,0.925745284334262,204,63
SCAR3,201911,EUCA4,0.969273779454332,289,63
SCAR3,201911,PTBL3,0.907316313594592,64,63
SCAR3,201911,ROMI3,0.964900043025759,27,63
SCAR3,201912,BEEF11,0.956502081948199,183,66
SCAR3,201912,EUCA4,0.956792281797502,297,66
SCAR3,201912,PTBL3,0.905738819764721,64,66
SCAR3,201912,ROMI3,0.949429593906516,31,66
SCAR3,202001,BEEF11,0.976199013648721,188,99
SCAR3,202001,EUCA4,0.976814699751425,430,99
SCAR3,202001,KEPL3,0.959256549561749,57,99
SCAR3,202001,PTBL3,0.938106378524446,64,99
SCAR3,202001,ROMI3,0.979876119242381,31,99
SCAR3,202002,BEEF11,0.968066020701967,190,100
SCAR3,202002,CARD3,0.997606687730959,29,100
SCAR3,202002,EUCA4,0.963032585020091,438,100
SCAR3,202002,KEPL3,0.919995432422817,36,100
SCAR3,202002,PMAM3,0.969019140452981,45,100
SCAR3,202002,PTBL3,0.898607917934529,60,100
SCAR3,202002,ROMI3,0.96847042908152,30,100
SCAR3,202003,BEEF11,0.958505108691087,148,102
SCAR3,202003,EUCA4,0.952598435165901,306,102
SCAR3,202003,KEPL3,0.886284110500447,26,102
SCAR3,202003,ROMI3,0.953963956946402,23,102
SCAR3,202004,BEEF11,0.951106810263714,148,338
SCAR3,202004,EUCA4,0.946741845669543,307,338
SCAR3,202004,KEPL3,0.848680823217752,56,338
SCAR3,202005,CARD3,0.976729249441476,25,101
SCAR3,202005,SAPR3,0.990874267022483,36,101
SCAR3,202010,PFRM3,0.941222912075437,51,61
SCAR3,202011,CGRA4,0.753235592355416,220,62
SCAR3,202011,PFRM3,0.96169825125466,62,62
SCAR3,202012,CGRA4,0.790033068011573,227,49
SCAR3,202101,CGRA4,0.819788445794232,228,48
SEDU3,201711,DTEX3,0.720418469365923,507,78
SEDU3,201711,SANB11,0.761006495509088,771,78
SEDU3,201801,SANB11,0.852762664820337,763,28
SEDU3,201802,BRDT3,0.736906720952117,546,74
SEDU3,201802,SANB11,0.819035123386211,746,74
SEDU3,201803,BRDT3,0.789362888757782,550,75
SEDU3,201803,SANB11,0.803359626079894,792,75
SEDU3,201804,SANB11,0.857818267720715,836,75
SEDU3,201805,SANB11,0.745931563526312,814,173
SEDU3,201806,SANB11,0.856004419431033,807,160
SEDU3,201807,AZUL4,0.888959789609218,502,165
SEDU3,201807,GOLL4,0.897673480138669,726,165
SEDU3,201807,SANB11,0.894178803353146,815,165
SEDU3,201808,BRDT3,0.705701101165201,542,146
SEDU3,201808,SANB11,0.865443063845782,827,146
SEDU3,201904,COCE5,0.768237668630625,237,193
SEER3,201702,MILS3,0.855671944168455,408,450
SEER3,201702,PTBL3,0.851517145066107,140,450
SEER3,201703,MILS3,0.773864328762272,403,577
SEER3,201703,PTBL3,0.773176786426373,139,577
SEER3,201704,PARC3,0.777597326850627,531,586
SEER3,201707,PCAR4,0.715926646482652,798,605
SEER3,201711,AALR3,0.716719669135647,441,738
SEER3,201801,ANIM3,0.709764543115861,437,628
SEER3,201802,ANIM3,0.771311502707179,455,614
SEER3,201802,GOLL4,0.732703365425023,513,614
SEER3,201802,LINX3,0.732594840230315,484,614
SEER3,201805,ALPA3,0.726797115713993,88,575
SEER3,201805,ENGI4,0.727438055147195,88,575
SEER3,201808,CIEL3,0.742818903119686,791,588
SEER3,202003,AMAR3,0.72763105127761,549,595
SEER3,202008,BBRK3,0.814149151710037,465,611
SEER3,202008,BIDI3,0.87557206175828,211,611
SEER3,202008,GRND3,0.886676860335434,562,611
SEER3,202008,HBOR3,0.78564729990697,601,611
SEER3,202009,BBRK3,0.889383944491849,449,590
SEER3,202009,BIDI3,0.951862981727271,229,590
SEER3,202009,GRND3,0.940166613444532,519,590
SEER3,202009,GUAR3,0.913902475618081,568,590
SEER3,202009,HBOR3,0.843037857740799,592,590
SEER3,202010,BBRK3,0.899466753812506,462,618
SEER3,202010,BIDI3,0.955145365312244,314,618
SEER3,202010,GRND3,0.924600087346054,548,618
SEER3,202010,GUAR3,0.884682133064254,569,618
SEER3,202010,HBOR3,0.861055736774465,606,618
SEER3,202011,BBRK3,0.87197393727393,465,596
SEER3,202011,BIDI3,0.927833029289143,423,596
SEER3,202011,GRND3,0.93224111237255,536,596
SEER3,202011,GUAR3,0.914839214472098,558,596
SEER3,202011,HBOR3,0.883008280901805,601,596
SEER3,202012,BBRK3,0.891249504038675,476,610
SEER3,202012,BIDI3,0.897402415438912,432,610
SEER3,202012,GRND3,0.929574474582203,544,610
SEER3,202012,GUAR3,0.918918220566344,550,610
SEER3,202012,HBOR3,0.713809104886991,609,610
SEER3,202101,BBRK3,0.888562596800708,479,619
SEER3,202101,BIDI3,0.876681849386727,433,619
SEER3,202101,GRND3,0.914290026331847,597,619
SEER3,202101,GUAR3,0.886221663975491,520,619
SEER3,202101,NGRD3,0.911510621128099,403,619
SEER3,202102,BBRK3,0.896304312795911,488,637
SEER3,202102,BIDI3,0.857428460907864,446,637
SEER3,202102,GRND3,0.906571043414059,597,637
SEER3,202102,GUAR3,0.861209831710447,589,637
SEER3,202102,HBOR3,0.833851981384749,584,637
SEER3,202106,BRSR6,0.839828282635519,516,647
SEER3,202106,SAPR4,0.850354879948132,451,647
SEER3,202107,BRSR6,0.814165114443601,607,671
SEER3,202107,SAPR4,0.854062048042941,515,671
SEER3,202108,BRSR6,0.784125735708169,606,668
SEER3,202108,SAPR4,0.768806955351903,452,668
SEER3,202109,CPLE3,0.804782678009988,326,685
SEER3,202109,DEXP3,0.841592528311699,96,685
SEER3,202109,PTBL3,0.849259344255013,517,685
SEER3,202109,ROMI3,0.818367874724773,515,685
SEER3,202110,CPLE3,0.797808005169532,276,686
SEER3,202110,DEXP3,0.847681708155155,433,686
SEER3,202110,PTBL3,0.810844948769532,465,686
SEER3,202110,ROMI3,0.749982355347646,473,686
SEER3,202111,CAML3,0.749240402276916,441,619
SEER3,202111,CPLE3,0.861536986267454,261,619
SEER3,202111,DEXP3,0.914262156236714,405,619
SEER3,202111,ROMI3,0.712710977921296,425,619
SEER3,202112,BRAP3,0.71986702167282,308,665
SEER3,202112,CAML3,0.866220352721049,553,665
SEER3,202112,CPLE3,0.777762484991661,272,665
SEER3,202112,DEXP3,0.897536442157726,494,665
SEER3,202112,ENAT3,0.810946679285473,598,665
SEQL3,202101,AVLL3,0.837335912305808,45,324
SEQL3,202101,BEEF11,0.840731824367669,168,324
SEQL3,202101,ETER3,0.840737212651921,40,324
SEQL3,202101,EUCA4,0.839526844455708,358,324
SEQL3,202102,AVLL3,0.918568658986352,45,379
SEQL3,202102,BEEF11,0.920799357213905,194,379
SEQL3,202102,CARD3,0.778243902292658,250,379
SEQL3,202102,ETER3,0.920803857167035,185,379
SEQL3,202102,EUCA4,0.91912223946596,365,379
SEQL3,202102,JHSF3,0.790001725835105,957,379
SEQL3,202102,KEPL3,0.754840762145329,190,379
SEQL3,202102,MILS3,0.816856541802371,323,379
SEQL3,202102,RANI3,0.81540035023363,298,379
SEQL3,202102,ROMI3,0.751077210631929,297,379
SEQL3,202103,AVLL3,0.940153531814328,45,301
SEQL3,202103,BEEF11,0.941955279716958,197,301
SEQL3,202103,CARD3,0.821886596450806,90,301
SEQL3,202103,ETER3,0.941599178242481,164,301
SEQL3,202103,EUCA4,0.93980100812017,366,301
SEQL3,202103,JHSF3,0.867300458071871,996,301
SEQL3,202103,KEPL3,0.855946583063352,195,301
SEQL3,202103,LOGN3,0.777338855568756,407,301
SEQL3,202103,MILS3,0.919431451821611,392,301
SEQL3,202103,PTBL3,0.723481876153982,368,301
SEQL3,202103,RANI3,0.814224174431254,329,301
SEQL3,202104,AVLL3,0.803928270087477,45,314
SEQL3,202104,BEEF11,0.806763437696552,200,314
SEQL3,202104,ETER3,0.806165419309606,228,314
SEQL3,202104,EUCA4,0.801408833243863,369,314
SEQL3,202104,GPCP3,0.771143925785679,37,314
SEQL3,202104,JHSF3,0.730202015881,997,314
SEQL3,202104,KEPL3,0.735766239118428,197,314
SEQL3,202104,LOGN3,0.761327447968306,469,314
SEQL3,202104,MILS3,0.809304593378733,489,314
SEQL3,202105,AVLL3,0.824936864376021,45,682
SEQL3,202105,BEEF11,0.828072332651117,206,682
SEQL3,202105,ETER3,0.827265200826847,236,682
SEQL3,202105,JHSF3,0.763982753020685,1001,682
SEQL3,202105,KEPL3,0.780026454448308,200,682
SEQL3,202105,LOGN3,0.798983234588096,478,682
SEQL3,202105,MILS3,0.843071031593524,499,682
SEQL3,202105,RANI3,0.727822504114715,451,682
SEQL3,202107,DTEX3,0.740358701848956,713,635
SEQL3,202109,DXCO3,0.810072807573629,727,587
SEQL3,202109,PCAR3,0.796752816986584,1071,587
SEQL3,202109,PGMN3,0.746365260183091,399,587
SEQL3,202110,DXCO3,0.739643820627621,1097,614
SEQL3,202110,PGMN3,0.725397119313189,559,614
SEQL3,202111,DXCO3,0.786598026757637,1125,544
SEQL3,202111,PGMN3,0.727468376619975,517,544
SEQL3,202112,CBAV3,0.760372465765494,666,603
SEQL3,202112,DXCO3,0.857450125232771,1096,603
SEQL3,202112,PCAR3,0.773558342188576,1159,603
SEQL3,202112,PGMN3,0.764802630213393,569,603
SGPS3,201708,CAMB4,0.710784658096402,20,23
SGPS3,201708,PRIO3,0.710665716184558,20,23
SGPS3,201710,PPLA11,0.928738156370654,33,28
SGPS3,201802,PRIO3,0.958551568415219,26,27
SGPS3,201803,CAMB4,0.99999991801891,25,25
SGPS3,201803,PRIO3,0.86249149170177,26,25
SGPS3,201804,CAMB4,0.999992539685504,25,25
SGPS3,201804,MOAR3,0.800408496048337,32,25
SGPS3,201805,CAMB4,0.999996743964356,20,20
SGPS3,201805,ITSA3,0.791194927447346,346,20
SGPS3,201805,MOAR3,0.793596901115395,33,20
SGPS3,201806,CAMB4,0.999998469605399,21,21
SGPS3,201806,ITSA3,0.784544383520188,351,21
SGPS3,201806,MOAR3,0.786984210314349,34,21
SGPS3,201807,CAMB4,0.999999338037559,22,22
SGPS3,201807,ITSA3,0.787885910029999,350,22
SGPS3,201807,MOAR3,0.790596511662065,36,22
SGPS3,201808,BRAP3,0.735845974503346,444,22
SGPS3,201808,CAMB4,0.999997859363209,22,22
SGPS3,201808,ITSA3,0.795412045924673,342,22
SGPS3,201808,MOAR3,0.797809221052576,35,22
SGPS3,201809,BRAP3,0.716874036587901,444,22
SGPS3,201809,CAMB4,0.999997555397217,22,22
SGPS3,201809,ITSA3,0.79901607324951,334,22
SGPS3,201809,MOAR3,0.801252944359136,35,22
SGPS3,201810,CAMB4,0.999997562623241,22,22
SGPS3,201811,CAMB4,0.999997518327825,28,28
SGPS3,201812,CAMB4,0.999999306518482,28,28
SGPS3,201901,CAMB4,0.999999062675838,28,28
SGPS3,201902,CAMB4,0.999999454054925,28,28
SGPS3,201903,BPAN4,0.760006386526261,61,28
SGPS3,201903,JHSF3,0.770239115019989,49,28
SGPS3,201904,CAMB4,0.797687177136833,28,31
SGPS3,201905,CAMB4,0.94098536314582,29,32
SGPS3,201906,CAMB4,0.888901401128397,29,32
SGPS3,201907,BEEF11,0.780061053811334,82,32
SGPS3,201907,LOGN3,0.852684767321796,20,32
SGPS3,201907,MILS3,0.790107072363069,375,32
SGPS3,201908,CAMB4,0.903238483992175,30,30
SGPS3,201909,BEEF11,0.91293504114877,215,31
SGPS3,201909,HBOR3,0.741990304527234,223,31
SGPS3,201909,JHSF3,0.750615441657067,48,31
SGPS3,201909,LOGN3,0.899757855425013,41,31
SGPS3,201909,MILS3,0.738036366842035,506,31
SGPS3,201909,PTBL3,0.854693779694605,62,31
SGPS3,201909,ROMI3,0.939408627641954,25,31
SGPS3,201910,BEEF11,0.957355501054345,217,33
SGPS3,201910,JHSF3,0.753097516324659,61,33
SGPS3,201910,LOGN3,0.931867640956862,47,33
SGPS3,201910,MILS3,0.779120315272633,495,33
SGPS3,201910,PTBL3,0.908331570386593,62,33
SGPS3,201910,ROMI3,0.987479030927803,26,33
SGPS3,201911,BEEF11,0.937943163701527,204,34
SGPS3,201911,EUCA4,0.984213012568066,289,34
SGPS3,201911,PTBL3,0.919597543343245,64,34
SGPS3,201911,ROMI3,0.99350178762289,27,34
SGPS3,201911,SCAR3,0.95778860503062,63,34
SGPS3,201912,BEEF11,0.981044292533253,183,35
SGPS3,201912,EUCA4,0.98372815304222,297,35
SGPS3,201912,PTBL3,0.929048195710733,64,35
SGPS3,201912,ROMI3,0.994040160164591,31,35
SGPS3,201912,SCAR3,0.949604506126286,66,35
SGPS3,202001,BEEF11,0.984697699833378,188,33
SGPS3,202001,EUCA4,0.988159955657584,430,33
SGPS3,202001,KEPL3,0.967609309957566,57,33
SGPS3,202001,PTBL3,0.945801458385559,64,33
SGPS3,202001,ROMI3,0.992279800726332,31,33
SGPS3,202001,SCAR3,0.970288021199639,99,33
SGPS3,202002,BEEF11,0.989469272127152,190,43
SGPS3,202002,CARD3,0.945897775968582,29,43
SGPS3,202002,EUCA4,0.988871693176855,438,43
SGPS3,202002,KEPL3,0.940416646303975,36,43
SGPS3,202002,PMAM3,0.989596207075841,45,43
SGPS3,202002,PTBL3,0.917844110288642,60,43
SGPS3,202002,ROMI3,0.989966199653001,30,43
SGPS3,202002,SCAR3,0.958756710856576,100,43
SGPS3,202003,BEEF11,0.993309070741752,148,41
SGPS3,202003,EUCA4,0.991284312041278,306,41
SGPS3,202003,KEPL3,0.918456743663826,26,41
SGPS3,202003,ROMI3,0.987709381769605,23,41
SGPS3,202003,SCAR3,0.952115244489382,102,41
SGPS3,202004,BEEF11,0.994033215470828,148,42
SGPS3,202004,EUCA4,0.992646538105743,307,42
SGPS3,202004,KEPL3,0.886873558498129,56,42
SGPS3,202004,SCAR3,0.945819413261902,338,42
SGPS3,202005,BEEF11,0.990953352119461,173,42
SGPS3,202005,EUCA4,0.991216100714855,315,42
SGPS3,202005,KEPL3,0.835328565943606,27,42
SGPS3,202006,BEEF11,0.992539176096807,146,42
SGPS3,202006,CARD3,0.928749709270758,51,42
SGPS3,202006,CLSC4,0.989550635232632,31,42
SGPS3,202006,EUCA4,0.993921865306443,315,42
SGPS3,202006,KEPL3,0.831906523236634,33,42
SGPS3,202006,MILS3,0.788112272823886,441,42
SGPS3,202007,BEEF11,0.988836376786894,149,43
SGPS3,202007,CARD3,0.900523034250377,57,43
SGPS3,202007,CLSC4,0.987079985731184,31,43
SGPS3,202007,EUCA4,0.991030962283873,323,43
SGPS3,202007,KEPL3,0.893234797017843,35,43
SGPS3,202007,MILS3,0.809952635075103,469,43
SGPS3,202007,PTBL3,0.988658217916218,188,43
SGPS3,202008,BEEF11,0.994070906741196,150,43
SGPS3,202008,CARD3,0.936432873063924,59,43
SGPS3,202008,CLSC4,0.993052741651,179,43
SGPS3,202008,EUCA4,0.995084724646524,326,43
SGPS3,202008,JHSF3,0.754170590176667,599,43
SGPS3,202008,KEPL3,0.904466882240664,52,43
SGPS3,202009,BEEF11,0.992218550609394,152,43
SGPS3,202009,CARD3,0.939595439420066,62,43
SGPS3,202009,EUCA4,0.993653028233946,325,43
SGPS3,202009,JHSF3,0.828246771101402,553,43
SGPS3,202010,BEEF11,0.992525046156539,163,44
SGPS3,202010,CARD3,0.873008656160717,68,44
SGPS3,202010,EUCA4,0.993859655730432,337,44
SGPS3,202010,JHSF3,0.894868768305756,599,44
SGPS3,202010,PTBL3,0.777044265557047,90,44
SGPS3,202010,ROMI3,0.813232169295924,57,44
SGPS3,202011,BEEF11,0.993137612110313,162,236
SGPS3,202011,EUCA4,0.994020717398618,351,236
SGPS3,202011,JHSF3,0.84972025383185,539,236
SGPS3,202011,KEPL3,0.768772142204576,174,236
SGPS3,202011,MILS3,0.716796511867964,406,236
SGPS3,202011,ROMI3,0.769974781454666,72,236
SGPS3,202012,BEEF11,0.968712275552282,165,43
SGPS3,202012,ETER3,0.969116687667503,37,43
SGPS3,202012,EUCA4,0.970933430442219,356,43
SGPS3,202012,JHSF3,0.784053757278706,534,43
SGPS3,202012,MILS3,0.730681618124896,368,43
SGPS3,202012,PTBL3,0.70486120814202,244,43
SGPS3,202101,PRNR3,0.999951749920039,42,41
SGPS3,202102,PRNR3,0.999163553587576,42,41
SGPS3,202103,PRNR3,0.995677776433786,43,41
SGPS3,202104,AVLL3,0.898500006107574,45,42
SGPS3,202104,BEEF11,0.85523665059528,200,42
SGPS3,202104,ETER3,0.855576928393947,228,42
SGPS3,202104,EUCA4,0.863440565179461,369,42
SGPS3,202104,GPCP3,0.818249221755199,37,42
SGPS3,202104,JHSF3,0.765712496660176,997,42
SGPS3,202104,KEPL3,0.77333288171201,197,42
SGPS3,202104,LOGN3,0.78084983017418,469,42
SGPS3,202104,MILS3,0.887216885816671,489,42
SGPS3,202104,RANI3,0.712492582897728,297,42
SGPS3,202105,AVLL3,0.987334645366518,45,46
SGPS3,202105,BEEF11,0.971351509871392,206,46
SGPS3,202105,ETER3,0.971510880616647,236,46
SGPS3,202105,JHSF3,0.871139014510925,1001,46
SGPS3,202105,KEPL3,0.908346591160431,200,46
SGPS3,202105,LOGN3,0.904045908188876,478,46
SGPS3,202105,MILS3,0.968648966959665,499,46
SGPS3,202105,RANI3,0.845987820052218,451,46
SGPS3,202105,SEQL3,0.805249596575872,682,46
SGPS3,202106,AVLL3,0.992017712138051,48,49
SGPS3,202106,BEEF11,0.978882210767545,199,49
SGPS3,202106,ETER3,0.978933256001074,96,49
SGPS3,202106,JHSF3,0.84781342872191,1007,49
SGPS3,202106,KEPL3,0.93340297704777,214,49
SGPS3,202106,LOGN3,0.906359077321618,489,49
SGPS3,202106,MILS3,0.957855721757945,497,49
SGPS3,202106,POMO4,0.769662729483355,543,49
SGPS3,202106,RANI3,0.779375126980802,484,49
SGPS3,202107,AVLL3,0.993179963954434,47,48
SGPS3,202107,BEEF11,0.981728353128836,199,48
SGPS3,202107,ETER3,0.981108934045338,83,48
SGPS3,202107,JHSF3,0.814650000102881,1020,48
SGPS3,202107,KEPL3,0.943770862951356,215,48
SGPS3,202107,LOGN3,0.898964109836498,522,48
SGPS3,202107,MILS3,0.954602631873648,563,48
SGPS3,202107,POMO4,0.713307355445226,525,48
SGPS3,202107,RANI3,0.770880312222922,541,48
SGPS3,202108,AVLL3,0.995129934082514,47,354
SGPS3,202108,BEEF11,0.986389332673293,201,354
SGPS3,202108,ETER3,0.986549212909979,107,354
SGPS3,202108,JHSF3,0.814417663362405,1027,354
SGPS3,202108,KEPL3,0.968043827880857,216,354
SGPS3,202108,LOGN3,0.759462672529855,478,354
SGPS3,202108,MILS3,0.951271959165909,534,354
SGPS3,202108,PTBL3,0.749357199004566,505,354
SGPS3,202108,RANI3,0.717449335587415,506,354
SGPS3,202109,AVLL3,0.993383644296513,48,356
SGPS3,202109,BEEF11,0.980825247702058,201,356
SGPS3,202109,ETER3,0.981060122839554,108,356
SGPS3,202109,JHSF3,0.764082765812249,1064,356
SGPS3,202109,KEPL3,0.946295036358484,215,356
SGPS3,202109,MILS3,0.861158779660535,566,356
SGPS3,202110,AVLL3,0.993794890542039,33,34
SGPS3,202110,BEEF11,0.978066116656115,202,34
SGPS3,202110,ETER3,0.980122058443531,99,34
SGPS3,202110,EUCA4,0.978236097326945,348,34
SGPS3,202110,JHSF3,0.764177612730138,1115,34
SGPS3,202110,KEPL3,0.952755172757788,522,34
SGPS3,202110,MILS3,0.850694185523716,436,34
SGPS3,202111,AVLL3,0.996306561880022,34,35
SGPS3,202111,BEEF11,0.978920077461285,190,35
SGPS3,202111,ETER3,0.983774997773467,95,35
SGPS3,202111,EUCA4,0.982888107739089,352,35
SGPS3,202111,JHSF3,0.823187063010868,1151,35
SGPS3,202111,KEPL3,0.939433409989257,482,35
SGPS3,202111,MILS3,0.949518554586286,403,35
SGPS3,202111,PTBL3,0.785404155119304,418,35
SGPS3,202111,RANI3,0.769062315887713,457,35
SGPS3,202112,AVLL3,0.99170418969849,35,36
SGPS3,202112,BEEF3,0.744711446855109,1200,36
SGPS3,202112,ETER3,0.970508976216679,86,36
SGPS3,202112,EUCA4,0.975363102279054,365,36
SGPS3,202112,JHSF3,0.833399660750073,1131,36
SGPS3,202112,KEPL3,0.94196777097053,547,36
SGPS3,202112,MILS3,0.89544385738623,571,36
SGPS3,202112,PTBL3,0.847579512468497,507,36
SGPS3,202112,RANI3,0.764408661264284,550,36
SGPS3,202112,ROMI3,0.898175820965367,519,36
SHOW3,201703,CGRA4,0.759241714403465,148,39
SHOW3,201704,CGRA4,0.909079555316341,151,39
SHOW3,201704,FESA4,0.814140359092565,27,39
SHOW3,201704,ITSA3,0.795993839545322,54,39
SHOW3,201704,MAGG3,0.775330815276736,463,39
SHOW3,201705,CGRA4,0.995539096757528,148,38
SHOW3,201705,FESA4,0.852930398043324,46,38
SHOW3,201705,ITSA3,0.84567173566103,54,38
SHOW3,201705,POMO3,0.957952476213949,31,38
SHOW3,201706,CGRA4,0.996108198691957,146,40
SHOW3,201706,POMO3,0.975688857237855,37,40
SHOW3,201707,CGRA4,0.989084866628142,145,39
SHOW3,201707,POMO3,0.92482333015156,41,39
SHOW3,201708,CGRA4,0.987953207082888,146,37
SHOW3,201802,CGRA4,0.883481680220591,139,48
SHOW3,201802,DIRR3,0.756420352195638,342,48
SHOW3,201802,SAPR3,0.882257824440202,22,48
SHOW3,201802,SAPR4,0.76977233066683,72,48
SHOW3,201803,CGRA4,0.814574674560514,139,96
SHOW3,201803,DIRR3,0.77586662212189,358,96
SHOW3,201803,PFRM3,0.720415408269787,56,96
SHOW3,201803,SAPR3,0.810410044271883,25,96
SHOW3,201803,SAPR4,0.723398652546015,62,96
SHOW3,201804,AGRO3,0.860308214372234,116,211
SHOW3,201804,CGRA4,0.877789239659883,139,211
SHOW3,201804,DIRR3,0.834720233294391,380,211
SHOW3,201804,PFRM3,0.779099676643118,81,211
SHOW3,201804,SAPR3,0.874366049730694,24,211
SHOW3,201804,SAPR4,0.817485649018973,42,211
SHOW3,201805,AGRO3,0.901808056395045,120,103
SHOW3,201805,CGRA4,0.924061152741184,128,103
SHOW3,201805,DIRR3,0.885107885300836,376,103
SHOW3,201805,SAPR3,0.921804978317381,23,103
SHOW3,201805,SAPR4,0.893795386019688,42,103
SHOW3,201806,AGRO3,0.931677290471128,111,96
SHOW3,201806,CGRA4,0.971013473252172,127,96
SHOW3,201806,DIRR3,0.960701137737833,370,96
SHOW3,201807,AGRO3,0.939077150693815,378,91
SHOW3,201807,CGRA4,0.96977027830191,126,91
SHOW3,201807,DIRR3,0.959937996850188,380,91
SHOW3,201808,CGRA4,0.970064063179098,126,87
SHOW3,201808,DIRR3,0.958344290618564,408,87
SHOW3,201808,GUAR4,0.800410358328696,109,87
SHOW3,201809,CGRA4,0.967435899540428,127,87
SHOW3,201809,DIRR3,0.955969691855602,393,87
SHOW3,201809,GUAR4,0.819303157359827,108,87
SHOW3,201810,CGRA4,0.975102992948012,170,117
SHOW3,201810,DIRR3,0.915598019660795,364,117
SHOW3,201810,GUAR4,0.763395499366103,94,117
SHOW3,201810,LEVE3,0.719777856535629,309,117
SHOW3,201811,BRPR3,0.743620746231328,489,122
SHOW3,201811,DIRR3,0.897892016772203,409,122
SHOW3,201811,LEVE3,0.786235209282587,338,122
SHOW3,201812,DIRR3,0.905329685885878,339,124
SHOW3,201901,BRPR3,0.86658019655325,488,120
SHOW3,201901,DIRR3,0.706079953897758,308,120
SHOW3,201901,LEVE3,0.823688234530053,342,120
SHOW3,201901,LOGG3,0.937349592878085,761,120
SHOW3,201902,BRPR3,0.902254456108507,529,124
SHOW3,201902,ITSA3,0.726224604905985,320,124
SHOW3,201902,LEVE3,0.857390156184053,365,124
SHOW3,201902,LOGG3,0.948196824982239,812,124
SHOW3,201903,BRPR3,0.885551628376513,461,117
SHOW3,201903,DIRR3,0.861203783154631,265,117
SHOW3,201903,LEVE3,0.838721880600774,300,117
SHOW3,201903,LOGG3,0.949400547750531,772,117
SHOW3,201903,SAPR4,0.829814756619702,92,117
SHOW3,201904,BRPR3,0.889313390094856,440,116
SHOW3,201904,DIRR3,0.927140016666003,210,116
SHOW3,201904,LEVE3,0.88785727515113,157,116
SHOW3,201904,LOGG3,0.95287499560173,730,116
SHOW3,201904,SAPR4,0.834297124874334,133,116
SHOW3,201905,BRPR3,0.831794009388007,439,117
SHOW3,201905,DIRR3,0.843773436717,108,117
SHOW3,201905,LEVE3,0.786664101932577,151,117
SHOW3,201905,LOGG3,0.90662433133464,607,117
SHOW3,201906,BRPR3,0.743860887462859,364,119
SHOW3,201906,DIRR3,0.814826019523529,116,119
SHOW3,201906,ITSA3,0.90776970153166,331,119
SHOW3,201906,LEVE3,0.770868858518798,132,119
SHOW3,201906,LOGG3,0.908225828102544,391,119
SHOW3,201906,SAPR4,0.76798790000502,194,119
SHOW3,202103,COCE5,0.712605240726563,359,195
SHOW3,202103,ELMD3,0.712250037283104,371,195
SHOW3,202107,RDNI3,0.706078259540231,182,256
SHUL4,202002,DIRR3,0.863502688392116,421,22
SHUL4,202002,PRIO3,0.813505317898501,555,22
SHUL4,202003,AGRO3,0.987881344489377,33,28
SHUL4,202003,DIRR3,0.907442239611223,431,28
SHUL4,202003,JHSF3,0.754426137764442,407,28
SHUL4,202004,AGRO3,0.993830149979448,52,28
SHUL4,202004,CVCB3,0.792976917247144,907,28
SHUL4,202004,DIRR3,0.965833889308579,456,28
SHUL4,202004,JHSF3,0.778207835811017,377,28
SHUL4,202005,AGRO3,0.979996532091525,52,28
SHUL4,202005,DIRR3,0.962086757518695,487,28
SHUL4,202005,JHSF3,0.748727369236339,403,28
SHUL4,202006,AGRO3,0.976560630863085,80,37
SHUL4,202006,BRSR6,0.857159592427446,631,37
SHUL4,202006,DIRR3,0.923199865646822,491,37
SHUL4,202007,AGRO3,0.951269922953594,271,39
SHUL4,202007,BBDC3,0.767816030585057,882,39
SHUL4,202007,BRPR3,0.883885169121925,650,39
SHUL4,202007,BRSR6,0.847035468577971,637,39
SHUL4,202007,DIRR3,0.919554196030236,525,39
SHUL4,202008,AGRO3,0.947127736260584,84,54
SHUL4,202008,BBDC3,0.836832241713956,948,54
SHUL4,202008,BRPR3,0.900811150144407,674,54
SHUL4,202008,BRSR6,0.853503935062661,591,54
SHUL4,202008,DIRR3,0.880211318629345,480,54
SHUL4,202008,SAPR11,0.860955868774842,644,54
SHUL4,202009,AGRO3,0.849194269621388,83,58
SHUL4,202009,BBDC3,0.836170499962157,928,58
SHUL4,202009,BRPR3,0.89085543644441,650,58
SHUL4,202009,BRSR6,0.788337861032068,470,58
SHUL4,202009,DIRR3,0.849080654970044,494,58
SHUL4,202009,SAPR11,0.86924919571986,621,58
SHUL4,202010,BBDC3,0.760435696886326,935,67
SHUL4,202010,BRPR3,0.872787357068322,591,67
SHUL4,202010,DIRR3,0.790446484341976,519,67
SHUL4,202010,ENBR3,0.717345689253309,1016,67
SHUL4,202010,LEVE3,0.781712191517662,525,67
SHUL4,202010,SAPR11,0.797643553329662,598,67
SHUL4,202011,BBDC3,0.742806518919193,953,77
SHUL4,202011,BRPR3,0.88364243927725,511,77
SHUL4,202011,DIRR3,0.855027407889542,521,77
SHUL4,202011,ENBR3,0.74687062785146,980,77
SHUL4,202011,LEVE3,0.870886873102193,446,77
SHUL4,202011,SAPR11,0.813671459171274,582,77
SHUL4,202012,BBDC3,0.734341142201068,949,79
SHUL4,202012,BRPR3,0.897016109380264,481,79
SHUL4,202012,DIRR3,0.876945405069781,495,79
SHUL4,202012,LEVE3,0.905875336934064,335,79
SHUL4,202012,MEAL3,0.707295138731988,492,79
SHUL4,202012,NEOE3,0.756571665622061,758,79
SHUL4,202012,SAPR11,0.823523915191723,606,79
SHUL4,202101,BBDC3,0.738915655982575,1007,81
SHUL4,202101,BRPR3,0.911894510627443,487,81
SHUL4,202101,DIRR3,0.874958028018709,503,81
SHUL4,202101,LEVE3,0.929159855649117,294,81
SHUL4,202101,MEAL3,0.944760252707554,503,81
SHUL4,202101,NEOE3,0.827688825530594,738,81
SHUL4,202101,SAPR11,0.761938596725192,602,81
SHUL4,202102,BBDC3,0.770329372845997,1039,85
SHUL4,202102,BRPR3,0.882963811342803,486,85
SHUL4,202102,CCPR3,0.736015752638034,550,85
SHUL4,202102,DIRR3,0.885669121890712,523,85
SHUL4,202102,LEVE3,0.908327963592674,415,85
SHUL4,202102,MEAL3,0.939420894405705,480,85
SHUL4,202102,NEOE3,0.82732332220412,722,85
SHUL4,202102,SAPR11,0.818751709886493,600,85
SHUL4,202103,BRPR3,0.810768940579499,554,86
SHUL4,202103,CCPR3,0.703003508411276,573,86
SHUL4,202103,DIRR3,0.809663554496072,472,86
SHUL4,202103,LEVE3,0.843010206021966,510,86
SHUL4,202103,MEAL3,0.862800088374542,482,86
SHUL4,202103,NEOE3,0.766314305955365,723,86
SHUL4,202103,SAPR11,0.823120519013812,580,86
SHUL4,202104,BRPR3,0.825529619811762,615,88
SHUL4,202104,CCPR3,0.743366693363752,587,88
SHUL4,202104,DIRR3,0.830819608466276,544,88
SHUL4,202104,LEVE3,0.871018349878553,549,88
SHUL4,202104,MEAL3,0.88350602256987,539,88
SHUL4,202104,NEOE3,0.788975512328254,737,88
SHUL4,202104,SAPR11,0.846457161473405,605,88
SHUL4,202105,BRPR3,0.838942600038521,576,103
SHUL4,202105,CCPR3,0.735691322668127,529,103
SHUL4,202105,DIRR3,0.832890418105823,547,103
SHUL4,202105,LEVE3,0.893099514298923,547,103
SHUL4,202105,MEAL3,0.905667377829953,536,103
SHUL4,202105,NEOE3,0.836517720038238,664,103
SHUL4,202105,SAPR11,0.851071799735341,612,103
SHUL4,202106,BRPR3,0.919479409289598,586,95
SHUL4,202106,CCPR3,0.813130610339867,445,95
SHUL4,202106,DIRR3,0.89689838779136,583,95
SHUL4,202106,EVEN3,0.803777094481345,713,95
SHUL4,202106,LEVE3,0.743202577234501,595,95
SHUL4,202106,MEAL3,0.95766562278737,525,95
SHUL4,202106,NEOE3,0.834986078720661,660,95
SHUL4,202106,SAPR11,0.895794021997687,656,95
SHUL4,202107,BRPR3,0.914904937366042,586,96
SHUL4,202107,CCPR3,0.757879056240857,446,96
SHUL4,202107,DIRR3,0.852675204724456,609,96
SHUL4,202107,EVEN3,0.817899456569845,673,96
SHUL4,202107,MEAL3,0.936404589240542,564,96
SHUL4,202107,NEOE3,0.834058771962638,663,96
SHUL4,202107,SAPR11,0.892782151357791,658,96
SHUL4,202108,BRPR3,0.891020777042011,558,40
SHUL4,202108,CCPR3,0.744721112249858,504,40
SHUL4,202108,EVEN3,0.826655394651845,689,40
SHUL4,202108,MEAL3,0.925691530812286,511,40
SHUL4,202108,NEOE3,0.810868939976474,679,40
SHUL4,202108,SAPR11,0.898279134218621,657,40
SHUL4,202109,BRPR3,0.934771648787115,587,26
SHUL4,202109,EVEN3,0.910159844601235,697,26
SHUL4,202109,MEAL3,0.982045286531266,528,26
SHUL4,202109,NEOE3,0.847060256409133,670,26
SHUL4,202109,SAPR11,0.927882171522806,676,26
SHUL4,202110,BRPR3,0.906206926811055,603,423
SHUL4,202110,EVEN3,0.943661729442409,698,423
SHUL4,202110,MEAL3,0.973053697831223,472,423
SHUL4,202110,MELK3,0.749074317167615,434,423
SHUL4,202110,NEOE3,0.813129715302724,662,423
SHUL4,202110,PNVL3,0.782817341336019,634,423
SHUL4,202110,SAPR11,0.890255236178737,654,423
SHUL4,202111,BRPR3,0.927335004450512,573,379
SHUL4,202111,EVEN3,0.958825199529855,679,379
SHUL4,202111,MEAL3,0.97765843669006,419,379
SHUL4,202111,MELK3,0.722842692690621,376,379
SHUL4,202111,NEOE3,0.860909323768696,659,379
SHUL4,202111,PNVL3,0.811871183452271,609,379
SHUL4,202111,SAPR11,0.871584769516708,614,379
SHUL4,202112,BBDC3,0.734816203933308,1154,464
SHUL4,202112,BRPR3,0.907753985355287,626,464
SHUL4,202112,EVEN3,0.962587081951944,730,464
SHUL4,202112,MEAL3,0.955921481943899,517,464
SHUL4,202112,MELK3,0.76792594691148,368,464
SHUL4,202112,NEOE3,0.898833102770111,687,464
SHUL4,202112,PNVL3,0.803788147916403,639,464
SHUL4,202112,SAPR11,0.787561633867316,653,464
SIMH3,202012,GOLL4,0.70177638283852,957,516
SIMH3,202102,GOLL4,0.701158255201116,969,542
SIMH3,202103,GOLL4,0.705704762169422,1030,572
SLCE3,201703,CGRA4,0.868720651585296,148,418
SLCE3,201703,FESA4,0.759115069976824,26,418
SLCE3,201703,MAGG3,0.788183694865957,238,418
SLCE3,201704,CGRA4,0.865894129001117,151,416
SLCE3,201704,FESA4,0.769924712232134,27,416
SLCE3,201704,ITSA3,0.75884832967719,54,416
SLCE3,201704,MAGG3,0.763854426130229,463,416
SLCE3,201704,SHOW3,0.784125114524125,39,416
SLCE3,201705,CGRA4,0.702290051167118,148,437
SLCE3,201807,ARZZ3,0.719859710347238,434,463
SLCE3,201808,CGAS5,0.814384555357093,435,485
SLCE3,201808,MPLU3,0.754475894854282,362,485
SLCE3,201809,CGAS5,0.746883142046593,398,502
SLCE3,201809,MPLU3,0.766896778333094,313,502
SLCE3,201810,CGAS5,0.786384755158684,113,486
SLCE3,201811,CIEL3,0.718065069844222,796,465
SLCE3,201811,KLBN11,0.775811500842025,822,465
SLCE3,201811,PSSA3,0.792324430317546,500,465
SLCE3,201812,KLBN11,0.731479840102665,835,479
SLCE3,201902,KLBN11,0.722054762656232,883,556
SLCE3,201912,LEVE3,0.753558960576687,376,493
SLCE3,202002,LEVE3,0.779462111234468,432,512
SLCE3,202005,ABCB4,0.732139984499252,456,499
SLCE3,202006,ABCB4,0.832214396515814,468,514
SLCE3,202006,BEEF3,0.722304338732606,924,514
SLCE3,202007,ABCB4,0.833172523541303,503,556
SLCE3,202007,BEEF3,0.74415541352942,918,556
SLCE3,202009,BEEF3,0.705195329316829,982,637
SLCE3,202010,BEEF3,0.79819614506097,982,633
SLCE3,202012,RAPT4,0.767114312122972,600,592
SLCE3,202101,AMAR3,0.752438837349837,419,578
SLCE3,202101,RAPT4,0.776430383323517,588,578
SLCE3,202102,AMAR3,0.771127008552641,415,574
SLCE3,202102,RAPT4,0.761560918976928,499,574
SLCE3,202104,BRKM5,0.701743804844941,1027,688
SLCE3,202106,RAPT4,0.72171958545934,567,683
SLCE3,202107,MDIA3,0.708886101993741,623,707
SLCE3,202107,RAPT4,0.707531506539692,630,707
SLCE3,202108,MDIA3,0.701808841476235,619,720
SLCE3,202109,MDIA3,0.732589819866586,642,724
SLCE3,202110,MDIA3,0.739241042736371,613,738
SLED4,201710,CARD3,0.870692550086952,130,132
SLED4,201710,CLSC4,0.764080692516098,229,132
SLED4,201710,FESA4,0.86092280549889,41,132
SLED4,201711,CARD3,0.795648847317608,134,138
SLED4,201711,FESA4,0.766503804350139,50,138
SLED4,201712,CARD3,0.775600081144969,218,141
SLED4,201712,FESA4,0.729806578067751,214,141
SLED4,201802,CARD3,0.745824730680871,191,39
SLED4,201803,CARD3,0.791488080911504,195,39
SLED4,201804,CARD3,0.941883740712534,139,113
SLED4,201805,CARD3,0.972857384139375,130,117
SMFT3,202108,ALPA4,0.830484070695902,948,869
SMFT3,202108,BIDI11,0.738859443325447,1356,869
SMFT3,202108,NTCO3,0.751505234930418,1587,869
SMFT3,202108,PETZ3,0.748140137118172,1009,869
SMFT3,202109,ALPA4,0.799585605212876,1025,886
SMFT3,202109,NTCO3,0.752872376649511,1575,886
SMFT3,202109,PETZ3,0.744933421049127,1057,886
SMFT3,202110,ALPA4,0.745736093597149,1291,876
SMFT3,202110,MLAS3,0.706210312851854,667,876
SMFT3,202110,NTCO3,0.770518047085967,1579,876
SMFT3,202110,PETZ3,0.771026446909613,1300,876
SMFT3,202111,ALPA4,0.77852023319182,1321,877
SMFT3,202111,BRML3,0.726594132901267,1271,877
SMFT3,202111,ESPA3,0.758518707538228,808,877
SMFT3,202111,PETZ3,0.810165985102526,1332,877
SMFT3,202112,ALPA4,0.793134544644755,1329,916
SMFT3,202112,BRML3,0.752426292562132,1311,916
SMFT3,202112,PETZ3,0.822345643988478,1345,916
SMLS3,201809,CAML3,0.758001486052185,478,820
SMLS3,201810,CAML3,0.812918065719759,484,810
SMLS3,201810,CPFE3,0.748210724024348,441,810
SMLS3,201810,CVCB3,0.708501700785405,901,810
SMLS3,201810,ENEV3,0.806159904509276,221,810
SMLS3,201810,EQTL3,0.727617140858337,993,810
SMLS3,201810,HYPE3,0.792831974795492,803,810
SMLS3,201811,CAML3,0.748628504619977,506,865
SMLS3,201811,CPFE3,0.704648661884578,448,865
SMLS3,201811,CVCB3,0.705923830931731,988,865
SMLS3,201811,ENEV3,0.798831744039484,270,865
SMLS3,201811,EQTL3,0.708519179028543,1035,865
SMLS3,201811,HYPE3,0.752649780066279,865,865
SMLS3,201812,CVCB3,0.741888405589808,988,873
SMLS3,201812,ENEV3,0.84451592546415,348,873
SMLS3,201812,EQTL3,0.708595321988149,1022,873
SMLS3,201812,ESTC3,0.758319252568171,890,873
SMLS3,201812,HYPE3,0.717227782454521,829,873
SMLS3,201901,CSAN3,0.718670691109989,876,859
SMLS3,201901,CVCB3,0.809642193760177,985,859
SMLS3,201901,ENEV3,0.893932327836378,359,859
SMLS3,201901,ESTC3,0.769962351742449,880,859
SMLS3,201901,HYPE3,0.709406581408514,812,859
SMLS3,201902,CSAN3,0.75817573704768,976,927
SMLS3,201902,CVCB3,0.840552898271736,1000,927
SMLS3,201902,ENEV3,0.90664104460275,523,927
SMLS3,201902,ESTC3,0.877936133195594,974,927
SMLS3,201902,GGBR4,0.721029597468014,1009,927
SMLS3,201903,CVCB3,0.75667982384472,979,885
SMLS3,201903,ENEV3,0.819410234368383,466,885
SMLS3,201903,ESTC3,0.824105399278036,943,885
SMLS3,201904,ESTC3,0.723505668977351,922,849
SMLS3,201906,IGTA3,0.747565429036881,932,845
SMLS3,201907,BRML3,0.768952080069945,1005,853
SMLS3,201907,HGTX3,0.716714608485571,789,853
SMLS3,201907,IGTA3,0.789763251997615,1023,853
SMLS3,201908,ALPA4,0.744866805452752,662,893
SMLS3,201908,BKBR3,0.706584803219019,564,893
SMLS3,201908,BRML3,0.828906189217694,1061,893
SMLS3,201908,CAML3,0.700335941482345,579,893
SMLS3,201908,ENEV3,0.747846675535858,767,893
SMLS3,201908,HGTX3,0.800504903855524,827,893
SMLS3,201908,IGTA3,0.800120360257164,1019,893
SMLS3,201908,MRVE3,0.708418807153942,973,893
SMLS3,201910,LAME3,0.715676644903551,567,843
SMLS3,201911,LAME3,0.765316715744198,611,837
SMLS3,202005,CVCB3,0.737834474985381,911,698
SMLS3,202012,MYPK3,0.75434525415169,505,606
SMLS3,202101,MYPK3,0.746678541153892,459,598
SMLS3,202103,JALL3,0.708851590257125,515,573
SMLS3,202104,JALL3,0.767547877913888,508,629
SMTO3,201702,ALPA4,0.928116350692204,558,613
SMTO3,201702,CGAS5,0.897491581980142,547,613
SMTO3,201702,ENBR3,0.884873223206941,740,613
SMTO3,201702,QUAL3,0.864122251868003,836,613
SMTO3,201703,ALPA4,0.930327703522615,591,599
SMTO3,201703,CGAS5,0.927557110296908,566,599
SMTO3,201703,ELET6,0.711779210610828,645,599
SMTO3,201703,ENBR3,0.88585485623744,734,599
SMTO3,201703,QUAL3,0.824785939420792,819,599
SMTO3,201704,ALPA4,0.937085003409044,589,664
SMTO3,201704,CGAS5,0.949735158481432,562,664
SMTO3,201704,ELET6,0.877816844820871,647,664
SMTO3,201704,ENBR3,0.863326391788397,763,664
SMTO3,201704,JBSS3,0.810266631040133,795,664
SMTO3,201705,ALPA4,0.941858286765386,591,664
SMTO3,201705,CGAS5,0.954442986690645,558,664
SMTO3,201705,ELET6,0.918145374314201,742,664
SMTO3,201705,ENBR3,0.885692444531118,737,664
SMTO3,201705,HGTX3,0.759645042211767,519,664
SMTO3,201706,ALPA4,0.924286501773097,590,681
SMTO3,201706,AMAR3,0.799230646758277,487,681
SMTO3,201706,ANIM3,0.728894267892184,376,681
SMTO3,201706,CGAS5,0.94414524124024,567,681
SMTO3,201706,ELET6,0.80681493673149,782,681
SMTO3,201706,ENBR3,0.877970393764324,734,681
SMTO3,201706,LINX3,0.827134305641085,544,681
SMTO3,201706,PARD3,0.705307629093572,684,681
SMTO3,201707,ALPA4,0.879630141176903,552,684
SMTO3,201707,AMAR3,0.745425799267903,473,684
SMTO3,201707,CGAS5,0.910129436299165,558,684
SMTO3,201707,ENBR3,0.816730086033297,737,684
SMTO3,201707,LINX3,0.743783151610196,486,684
SMTO3,201708,ALPA4,0.930200521521129,559,652
SMTO3,201708,AMAR3,0.91181650482356,474,652
SMTO3,201708,ANIM3,0.790957600862336,323,652
SMTO3,201708,CGAS5,0.932182568448219,311,652
SMTO3,201708,ELET3,0.838043116079665,779,652
SMTO3,201708,ENBR3,0.869260771661715,757,652
SMTO3,201708,HGTX3,0.800868017058078,598,652
SMTO3,201708,LINX3,0.827773360433932,488,652
SMTO3,201708,NATU3,0.868817017952792,738,652
SMTO3,201709,ALPA4,0.879017891995124,565,635
SMTO3,201709,AMAR3,0.849033857105683,487,635
SMTO3,201709,ANIM3,0.80614991142093,315,635
SMTO3,201709,CGAS5,0.868819391856504,194,635
SMTO3,201709,ELET3,0.846099755617981,880,635
SMTO3,201709,ENBR3,0.82457063710036,736,635
SMTO3,201709,HGTX3,0.805424784751984,626,635
SMTO3,201709,NATU3,0.780396289779395,774,635
SMTO3,201710,ALPA4,0.73978630327517,421,641
SMTO3,201710,AMAR3,0.719539727827677,507,641
SMTO3,201710,ANIM3,0.870491399019432,313,641
SMTO3,201710,CGAS5,0.718869680155198,219,641
SMTO3,201710,ELET3,0.793059854156584,892,641
SMTO3,201710,NATU3,0.715373154841423,796,641
SMTO3,201711,ANIM3,0.806343675089873,470,578
SMTO3,201711,ELET3,0.741286979635753,916,578
SMTO3,201712,ANIM3,0.768022484700266,461,561
SMTO3,201712,ELET3,0.731382026092386,918,561
SMTO3,201801,ANIM3,0.815717638303041,437,578
SMTO3,201801,CAML3,0.744702149330159,575,578
SMTO3,201801,ELET3,0.763715336454089,859,578
SMTO3,201801,ELET6,0.749716938341602,864,578
SMTO3,201801,EVEN3,0.852721184321083,531,578
SMTO3,201802,ALPA4,0.718909533682061,467,579
SMTO3,201802,AMAR3,0.748758306213277,382,579
SMTO3,201802,ANIM3,0.813790719113676,455,579
SMTO3,201802,BBDC4,0.703149813959468,1024,579
SMTO3,201802,EVEN3,0.822174714971561,525,579
SMTO3,201802,HGTX3,0.730604643762512,593,579
SMTO3,201802,NATU3,0.745456005995611,778,579
SMTO3,201802,OMGE3,0.731284200824372,528,579
SMTO3,201803,AMAR3,0.71526633269566,382,569
SMTO3,201803,ANIM3,0.836946973692144,515,569
SMTO3,201803,EVEN3,0.798083764612959,529,569
SMTO3,201803,HGTX3,0.703363036237871,584,569
SMTO3,201803,NATU3,0.720427365784462,764,569
SMTO3,201804,ALPA4,0.736063148357911,441,572
SMTO3,201804,AMAR3,0.762244405787066,495,572
SMTO3,201804,ANIM3,0.847154806140097,470,572
SMTO3,201804,HGTX3,0.7590552191536,619,572
SMTO3,201804,NATU3,0.769090976037247,821,572
SMTO3,201805,ALPA4,0.786971830773174,449,558
SMTO3,201805,AMAR3,0.827549355870935,196,558
SMTO3,201805,ANIM3,0.709597961118469,448,558
SMTO3,201805,BRML3,0.715171384955206,843,558
SMTO3,201805,HGTX3,0.822929013267649,541,558
SMTO3,201805,IGTA3,0.716180608437656,830,558
SMTO3,201805,NATU3,0.831237435721062,818,558
SMTO3,201806,ALPA4,0.755443063332408,432,605
SMTO3,201806,AMAR3,0.736481753103207,194,605
SMTO3,201806,BIDI4,0.723693113709292,499,605
SMTO3,201806,BRML3,0.745286213367626,868,605
SMTO3,201806,ELET3,0.781597883137971,815,605
SMTO3,201806,HGTX3,0.799479977053086,553,605
SMTO3,201806,IGTA3,0.728648904130021,843,605
SMTO3,201806,NATU3,0.79896504035044,845,605
SMTO3,201807,ALPA4,0.795969767937971,472,538
SMTO3,201807,BBDC4,0.702152816741986,1084,538
SMTO3,201807,BIDI4,0.753018239574303,498,538
SMTO3,201807,BRML3,0.7151701132329,882,538
SMTO3,201807,HGTX3,0.8418876730856,585,538
SMTO3,201807,IGTA3,0.709403244546585,868,538
SMTO3,201807,NATU3,0.846841959753758,841,538
SMTO3,201808,ALPA4,0.819126973951142,403,480
SMTO3,201808,ANIM3,0.771995536853436,463,480
SMTO3,201808,BIDI4,0.778451568907295,496,480
SMTO3,201808,BRML3,0.792474987630605,904,480
SMTO3,201808,ELET3,0.787285915518773,868,480
SMTO3,201808,HGTX3,0.764600744164203,576,480
SMTO3,201808,IGTA3,0.767468009084812,866,480
SMTO3,201808,NATU3,0.867980503872575,863,480
SMTO3,201809,ALPA4,0.783377132193863,394,397
SMTO3,201809,ANIM3,0.725196467626354,428,397
SMTO3,201809,BIDI4,0.758830766528838,498,397
SMTO3,201809,BRML3,0.738775489173685,860,397
SMTO3,201809,HGTX3,0.822728259646557,598,397
SMTO3,201809,IGTA3,0.761418857547101,801,397
SMTO3,201809,NATU3,0.832608464817531,821,397
SMTO3,201810,ALPA4,0.851684458500334,398,501
SMTO3,201810,ANIM3,0.832140436606887,433,501
SMTO3,201810,BIDI4,0.822119267228812,496,501
SMTO3,201810,BRML3,0.780833988589938,860,501
SMTO3,201810,HGTX3,0.902226117937538,640,501
SMTO3,201810,IGTA3,0.783934051704952,830,501
SMTO3,201810,NATU3,0.899250644219419,797,501
SMTO3,201811,ALPA4,0.862633486034264,397,582
SMTO3,201811,ANIM3,0.761198164415455,409,582
SMTO3,201811,BIDI4,0.82378046138423,494,582
SMTO3,201811,BRML3,0.788748659478574,992,582
SMTO3,201811,HGTX3,0.878918273990922,734,582
SMTO3,201811,IGTA3,0.839635538940403,964,582
SMTO3,201811,NATU3,0.901866526931881,877,582
SMTO3,201811,OMGE3,0.756194624674365,600,582
SMTO3,201812,ALPA4,0.718946811158788,406,653
SMTO3,201812,BRML3,0.788514935410059,992,653
SMTO3,201812,CAML3,0.772989240271923,462,653
SMTO3,201812,HGTX3,0.706888462935968,783,653
SMTO3,201812,NATU3,0.715445673215846,944,653
SMTO3,201902,LAME3,0.762172047574599,612,721
SMTO3,201902,SLCE3,0.711612214474577,556,721
SMTO3,201903,KLBN11,0.770000945959358,838,695
SMTO3,201903,LAME3,0.712761390207235,588,695
SMTO3,201904,CESP3,0.821940477890278,30,668
SMTO3,201904,RNEW11,0.800593293408434,390,668
SMTO3,201904,RNEW3,0.821872279329719,390,668
SMTO3,201905,CESP3,0.831678016052166,400,691
SMTO3,201905,RNEW11,0.810688715626624,392,691
SMTO3,201905,RNEW3,0.831616412014355,392,691
SMTO3,201906,CESP3,0.770223468480993,396,681
SMTO3,201906,RNEW11,0.748708017477044,393,681
SMTO3,201906,RNEW3,0.770288845143967,392,681
SMTO3,201907,CESP3,0.776209595288275,398,687
SMTO3,201907,RNEW11,0.757869232484955,395,687
SMTO3,201907,RNEW3,0.776333678300655,394,687
SMTO3,201908,CESP3,0.736862727105041,398,681
SMTO3,201908,RNEW11,0.719698073122638,397,681
SMTO3,201908,RNEW3,0.737539720560518,394,681
SMTO3,201910,SMLS3,0.816171281108501,843,651
SMTO3,201911,SMLS3,0.794789368187443,837,621
SNSL3,201702,BRAP3,0.856547655135683,421,26
SNSL3,201702,HBOR3,0.700730067380625,392,26
SNSL3,201702,OIBR4,0.956482492089906,42,26
SNSL3,201702,PRIO3,0.792595689050139,43,26
SNSL3,201703,BRAP3,0.894108394921381,423,26
SNSL3,201703,EMBR3,0.725450762310035,767,26
SNSL3,201703,OIBR4,0.859324907755558,61,26
SNSL3,201704,BRAP3,0.891574143270313,428,27
SNSL3,201704,OIBR4,0.938652160121637,213,27
SNSL3,201705,BRAP3,0.964580881606328,425,27
SNSL3,201705,OIBR4,0.949511674517585,45,27
SNSL3,201706,BRAP3,0.963455744714709,419,28
SNSL3,201706,OIBR4,0.979102239304523,46,28
SNSL3,201706,PNVL3,0.732957774714413,20,28
SNSL3,201707,BRAP3,0.97048824679805,414,29
SNSL3,201707,OIBR4,0.98423964107058,46,29
SNSL3,201707,PNVL3,0.700471668533799,21,29
SNSL3,201708,BRAP3,0.967233665151317,412,32
SNSL3,201708,CAMB4,0.792697654107128,20,32
SNSL3,201708,OIBR4,0.981968131755333,47,32
SNSL3,201708,PNVL3,0.708264073259546,24,32
SNSL3,201708,PRIO3,0.792503970277457,20,32
SNSL3,201709,BRAP3,0.951753194718568,410,32
SNSL3,201709,CAMB4,0.788018341744803,25,32
SNSL3,201709,OIBR4,0.970476609660772,47,32
SNSL3,201709,PRIO3,0.787760058677584,25,32
SNSL3,201710,BRAP3,0.941524947148613,436,32
SNSL3,201710,CAMB4,0.787748167050627,25,32
SNSL3,201710,OIBR4,0.95970167102507,41,32
SNSL3,201710,PRIO3,0.77362247296348,25,32
SNSL3,201711,BRAP3,0.734554812250804,437,34
SNSL3,201711,CAMB4,0.729710723149387,25,34
SNSL3,201711,OIBR4,0.892609492715391,182,34
SNSL3,201802,OIBR4,0.744741151548332,270,35
SNSL3,201804,MOAR3,0.75743969391272,32,36
SNSL3,201805,ITSA3,0.78513655358382,346,41
SNSL3,201805,MOAR3,0.784852580708746,33,41
SNSL3,201806,ITSA3,0.734822645929457,351,42
SNSL3,201806,MOAR3,0.735521008361121,34,42
SNSL3,201809,ITSA3,0.703480406834698,334,45
SNSL3,201809,MOAR3,0.704519774182467,35,45
SNSL3,201810,BRAP3,0.723083201111064,428,42
SNSL3,201810,ITSA3,0.714936756060568,338,42
SNSL3,201810,MOAR3,0.716961995887275,35,42
SOJA3,202106,PNVL3,0.744036949978721,697,504
SOJA3,202107,AMBP3,0.703536988414455,719,481
SOJA3,202107,PNVL3,0.78882228194322,704,481
SOJA3,202108,PNVL3,0.731207122721274,688,486
SOJA3,202110,DIRR3,0.824989666882761,655,367
SOJA3,202111,DIRR3,0.893115196423927,656,374
SOJA3,202112,DIRR3,0.895060462978903,730,474
SOMA3,202008,BIDI11,0.709498529940391,721,852
SOMA3,202008,BIDI4,0.730232731498341,654,852
SOMA3,202008,ENEV3,0.719655557858857,844,852
SOMA3,202008,GNDI3,0.804039374819651,1226,852
SOMA3,202008,NTCO3,0.777990495198973,1350,852
SOMA3,202008,QUAL3,0.716945065709538,1077,852
SOMA3,202009,ALPA4,0.702929452427702,797,845
SOMA3,202009,BIDI11,0.720477549661809,683,845
SOMA3,202009,ENEV3,0.707728142932405,852,845
SOMA3,202009,GNDI3,0.757314444539948,1258,845
SOMA3,202009,NTCO3,0.761295558644293,1366,845
SOMA3,202010,ALPA4,0.714823390722193,817,818
SOMA3,202010,ALPK3,0.708430988070941,270,818
SOMA3,202010,BIDI11,0.787185433070783,744,818
SOMA3,202010,BIDI4,0.728917138568077,685,818
SOMA3,202010,ENEV3,0.793304324749008,902,818
SOMA3,202010,GNDI3,0.72331773574538,1246,818
SOMA3,202010,QUAL3,0.725629869926735,1112,818
SOMA3,202011,BIDI11,0.771622428024359,726,722
SOMA3,202011,BIDI4,0.733020360183599,669,722
SOMA3,202011,ENEV3,0.774423809255562,852,722
SOMA3,202011,QUAL3,0.749020096486908,1106,722
SOMA3,202012,BIDI11,0.80963231573468,718,737
SOMA3,202012,BIDI3,0.736745821620474,432,737
SOMA3,202012,BIDI4,0.782595902392194,666,737
SOMA3,202012,ENEV3,0.79071227436977,865,737
SOMA3,202012,QUAL3,0.776096206280468,1131,737
SOMA3,202101,BIDI11,0.782892731108699,742,766
SOMA3,202101,BIDI3,0.738100555418892,433,766
SOMA3,202101,BIDI4,0.792202665203216,632,766
SOMA3,202101,ENEV3,0.733041402738967,1151,766
SOMA3,202101,QUAL3,0.804630227990022,1176,766
SOMA3,202102,BIDI11,0.798335616450021,837,789
SOMA3,202102,BIDI3,0.767717636216062,446,789
SOMA3,202102,BIDI4,0.833926524831015,662,789
SOMA3,202102,ENEV3,0.734667186237649,1201,789
SOMA3,202102,QUAL3,0.825512049981798,1151,789
SOMA3,202103,BIDI11,0.834286864712614,835,741
SOMA3,202103,BIDI3,0.772995839800555,333,741
SOMA3,202103,BIDI4,0.841012665540478,578,741
SOMA3,202103,ENEV3,0.735791189463357,1196,741
SOMA3,202103,POWE3,0.711763687151853,616,741
SOMA3,202103,QUAL3,0.838034140108406,1156,741
SOMA3,202104,BIDI11,0.776623328925902,879,740
SOMA3,202104,BIDI3,0.809605288316505,332,740
SOMA3,202104,BIDI4,0.881260611792752,574,740
SOMA3,202104,BKBR3,0.779357964203405,711,740
SOMA3,202104,ENEV3,0.756820360039327,1181,740
SOMA3,202104,POWE3,0.801253154123243,641,740
SOMA3,202104,QUAL3,0.866899591168768,1203,740
SOMA3,202105,BIDI3,0.798485286566176,337,802
SOMA3,202105,BIDI4,0.878312202545649,614,802
SOMA3,202105,BKBR3,0.759983922025563,720,802
SOMA3,202105,POWE3,0.793580963037344,647,802
SOMA3,202105,QUAL3,0.895222539120247,1196,802
SOMA3,202106,BIDI3,0.78804909233753,324,892
SOMA3,202106,BIDI4,0.86491689705517,631,892
SOMA3,202106,BKBR3,0.711478162469114,711,892
SOMA3,202106,POWE3,0.735274155097054,635,892
SOMA3,202106,QUAL3,0.889821286357539,1222,892
SOMA3,202107,BIDI11,0.726943479262719,1333,910
SOMA3,202107,BIDI4,0.707774772838477,712,910
SOMA3,202107,ESPA3,0.71534157188007,794,910
SOMA3,202107,QUAL3,0.780206935907727,1214,910
SOMA3,202108,BIDI11,0.715779968571361,1356,985
SOMA3,202108,QUAL3,0.813991216092941,1163,985
SOMA3,202109,ABEV3,0.821009955053555,1236,1014
SOMA3,202109,ALPA4,0.760115154369365,1025,1014
SOMA3,202109,ALPK3,0.833447939318764,243,1014
SOMA3,202109,BIDI3,0.785782279553086,354,1014
SOMA3,202109,BKBR3,0.847531352633942,756,1014
SOMA3,202109,BRBI11,0.765175746985975,524,1014
SOMA3,202109,BRML3,0.785294500314085,1233,1014
SOMA3,202109,ENEV3,0.760535586133977,1279,1014
SOMA3,202109,LIGT3,0.701962608309866,886,1014
SOMA3,202109,MRVE3,0.823661240886267,1212,1014
SOMA3,202109,NTCO3,0.714126847030914,1575,1014
SOMA3,202109,POWE3,0.875933060969644,641,1014
SOMA3,202109,SMFT3,0.742024319869893,886,1014
SOMA3,202110,ABEV3,0.818621056298323,1296,1325
SOMA3,202110,ALPA4,0.758828666864615,1291,1325
SOMA3,202110,ALPK3,0.833234127462207,242,1325
SOMA3,202110,BIDI4,0.719634206364711,1148,1325
SOMA3,202110,BKBR3,0.826189551333378,691,1325
SOMA3,202110,BRBI11,0.769166089932676,556,1325
SOMA3,202110,BRIT3,0.701351160033321,671,1325
SOMA3,202110,BRML3,0.810409759606082,1247,1325
SOMA3,202110,ENEV3,0.762723638425993,1151,1325
SOMA3,202110,MRVE3,0.837431815560796,1232,1325
SOMA3,202110,NTCO3,0.735492235384082,1579,1325
SOMA3,202110,ONCO3,0.724670310609622,643,1325
SOMA3,202110,POWE3,0.862231852198689,641,1325
SOMA3,202110,RENT3,0.725141839194941,1409,1325
SOMA3,202110,SMFT3,0.737841290023087,876,1325
SOMA3,202111,ABEV3,0.786918942186665,1320,1346
SOMA3,202111,ALPA4,0.826621504316633,1321,1346
SOMA3,202111,ALPK3,0.842388893562225,243,1346
SOMA3,202111,BKBR3,0.814880700584117,664,1346
SOMA3,202111,BRBI11,0.787541112898666,549,1346
SOMA3,202111,BRML3,0.82832725723312,1271,1346
SOMA3,202111,DESK3,0.700917258087243,660,1346
SOMA3,202111,ENEV3,0.751626701338925,1151,1346
SOMA3,202111,GGBR4,0.706179284426252,1468,1346
SOMA3,202111,MRVE3,0.847574940339805,1267,1346
SOMA3,202111,ONCO3,0.75016857676967,673,1346
SOMA3,202111,POWE3,0.855503792269841,639,1346
SOMA3,202111,RENT3,0.725242684683688,1473,1346
SOMA3,202111,SMFT3,0.804895966803768,877,1346
SOMA3,202112,ALPA4,0.814907174283878,1329,1367
SOMA3,202112,ALPK3,0.860597257719821,248,1367
SOMA3,202112,BKBR3,0.836989377038303,740,1367
SOMA3,202112,BRBI11,0.821399903042149,531,1367
SOMA3,202112,BRIT3,0.703643956168705,659,1367
SOMA3,202112,BRML3,0.785448966862276,1311,1367
SOMA3,202112,DESK3,0.71007889644888,673,1367
SOMA3,202112,ENEV3,0.770881862269379,1341,1367
SOMA3,202112,GGBR4,0.755862707585521,1465,1367
SOMA3,202112,MRVE3,0.869483974544888,1289,1367
SOMA3,202112,ONCO3,0.767021476809001,678,1367
SOMA3,202112,POWE3,0.859607851588318,654,1367
SOMA3,202112,RENT3,0.738428042320582,1493,1367
SOMA3,202112,SMFT3,0.790821631848477,916,1367
SQIA3,201904,BRAP3,0.789424684282407,331,42
SQIA3,201904,MOAR3,0.784317421227907,35,42
SQIA3,201912,POSI3,0.882189233655396,28,351
SQIA3,202012,ARZZ3,0.724285974590922,712,396
SQIA3,202108,DOTZ3,0.75996992012625,325,521
SQIA3,202111,CARD3,0.710591131492557,427,528
SQIA3,202112,CARD3,0.701876184028686,500,590
SSBR3,201702,CGRA4,0.913759382102305,147,361
SSBR3,201702,FESA4,0.908443666475601,50,361
SSBR3,201703,CGRA4,0.901533656081305,148,365
SSBR3,201703,FESA4,0.792036371977739,26,365
SSBR3,201703,MAGG3,0.821726735091863,238,365
SSBR3,201703,SLCE3,0.784579745437373,418,365
SSBR3,201704,CGRA4,0.813208865983205,151,371
SSBR3,201704,FESA4,0.727596383722871,27,371
SSBR3,201704,ITSA3,0.717111109850427,54,371
SSBR3,201704,SHOW3,0.740802898000075,39,371
SSBR3,201704,SLCE3,0.706568350620556,416,371
SSBR3,201705,CGRA4,0.853000177991128,148,373
SSBR3,201705,FESA4,0.730032137814588,46,373
SSBR3,201705,ITSA3,0.739075122190131,54,373
SSBR3,201705,POMO3,0.845301276065849,31,373
SSBR3,201705,SHOW3,0.851018432144416,38,373
SSBR3,201706,CGRA4,0.928421579513376,146,368
SSBR3,201706,POMO3,0.914418100973472,37,368
SSBR3,201706,SHOW3,0.926924098310972,40,368
SSBR3,201707,CGRA4,0.871198802926423,145,362
SSBR3,201707,POMO3,0.821681248753589,41,362
SSBR3,201707,SHOW3,0.863728463968171,39,362
SSBR3,201708,CGRA4,0.881073190485662,146,360
SSBR3,201708,SHOW3,0.872488488430177,37,360
SSBR3,201709,CGRA4,0.769737573740865,145,358
SSBR3,201709,QGEP3,0.830407252905381,382,358
SSBR3,201710,AGRO3,0.72102598400221,115,361
SSBR3,201710,CGRA4,0.725143811347591,146,361
SSBR3,201710,QGEP3,0.920890230566242,330,361
SSBR3,201711,BRSR6,0.758207338953382,620,363
SSBR3,201711,CPLE6,0.740743247055397,740,363
SSBR3,201711,EUCA4,0.788140731524311,341,363
SSBR3,201711,LIGT3,0.736438770666806,589,363
SSBR3,201711,QGEP3,0.882743659002983,322,363
SSBR3,201712,AZUL4,0.75996197275445,487,361
SSBR3,201712,BRSR6,0.945636317499498,595,361
SSBR3,201712,CESP6,0.766763156294286,651,361
SSBR3,201712,ECOR3,0.961151696431203,808,361
SSBR3,201712,EUCA4,0.974334991675332,339,361
SSBR3,201712,LIGT3,0.839737223275381,534,361
SSBR3,201712,PARD3,0.877993760101985,547,361
SSBR3,201712,QGEP3,0.747992587639973,333,361
SSBR3,201712,RAIL3,0.827152670547313,806,361
SSBR3,201801,AZUL4,0.722474084963763,511,365
SSBR3,201801,BRSR6,0.945740505010263,615,365
SSBR3,201801,CESP6,0.779808898045862,668,365
SSBR3,201801,ECOR3,0.768203655384939,775,365
SSBR3,201801,ELPL3,0.815869532094026,388,365
SSBR3,201801,EUCA4,0.971347611479643,334,365
SSBR3,201801,LIGT3,0.864851581615617,521,365
SSBR3,201801,QGEP3,0.851967529773448,324,365
SSBR3,201802,BRSR6,0.884247474165674,600,239
SSBR3,201802,CPLE3,0.708150341100473,341,239
SSBR3,201802,ECOR3,0.761687697693511,716,239
SSBR3,201802,ELPL3,0.765684333829226,378,239
SSBR3,201802,EUCA4,0.909143445886698,341,239
SSBR3,201802,LIGT3,0.787067031496762,528,239
SSBR3,201802,PARD3,0.700569403403307,641,239
SSBR3,201802,QGEP3,0.793597950421537,328,239
SSBR3,201803,CGRA4,0.936450114349637,139,242
SSBR3,201803,DIRR3,0.887708678385759,358,242
SSBR3,201803,PFRM3,0.831805218140923,56,242
SSBR3,201803,QGEP3,0.800537853820424,345,242
SSBR3,201803,SAPR3,0.936974604129703,25,242
SSBR3,201803,SAPR4,0.835884696683874,62,242
SSBR3,201803,SHOW3,0.765191958247316,96,242
SSBR3,201804,AGRO3,0.832481505903071,116,368
SSBR3,201804,CGRA4,0.913447126741507,139,368
SSBR3,201804,DIRR3,0.861343916318123,380,368
SSBR3,201804,PFRM3,0.814296909406013,81,368
SSBR3,201804,SAPR3,0.913862143885715,24,368
SSBR3,201804,SAPR4,0.854266199306994,42,368
SSBR3,201804,SHOW3,0.805174906820518,211,368
SSBR3,201805,AGRO3,0.83821680991664,120,379
SSBR3,201805,CGRA4,0.887140773112788,128,379
SSBR3,201805,DIRR3,0.850267529517143,376,379
SSBR3,201805,SAPR3,0.88748916506764,23,379
SSBR3,201805,SAPR4,0.860127153771672,42,379
SSBR3,201805,SHOW3,0.821742235270174,103,379
SSBR3,201806,AGRO3,0.731323563720048,111,384
SSBR3,201806,CGRA4,0.776186369484917,127,384
SSBR3,201806,DIRR3,0.769554137782543,370,384
SSBR3,201806,SHOW3,0.756190198300426,96,384
SSBR3,201807,BPAC11,0.827037323813455,449,255
SSBR3,201807,BRAP4,0.70312422513655,910,255
SSBR3,201807,BRSR6,0.947610246832285,612,255
SSBR3,201807,CESP6,0.836156419499523,695,255
SSBR3,201807,ECOR3,0.933342790915155,779,255
SSBR3,201807,EUCA4,0.972352189260002,360,255
SSBR3,201807,LIGT3,0.830892337345713,557,255
SSBR3,201807,PARD3,0.879077067270002,543,255
SSBR3,201807,QGEP3,0.871566416601514,298,255
SSBR3,201807,RAIL3,0.799963597056611,920,255
SSBR3,201807,RDNI3,0.959257968805152,281,255
SSBR3,201808,AZUL4,0.892872945588682,523,258
SSBR3,201808,BPAC11,0.798883170064188,456,258
SSBR3,201808,BRSR6,0.918329338715504,600,258
SSBR3,201808,CESP6,0.777332153057378,708,258
SSBR3,201808,ECOR3,0.890795708005357,806,258
SSBR3,201808,EUCA4,0.945127255810277,356,258
SSBR3,201808,GOAU4,0.763393854568972,882,258
SSBR3,201808,PARD3,0.913906644764947,498,258
SSBR3,201808,QGEP3,0.832068240147055,296,258
SSBR3,201808,RAIL3,0.772754116434976,922,258
SSBR3,201808,RDNI3,0.953809593280686,274,258
SSBR3,201809,AZUL4,0.910530642236303,573,254
SSBR3,201809,BPAC11,0.786834370174243,515,254
SSBR3,201809,BRSR6,0.928441249491431,598,254
SSBR3,201809,CESP6,0.744347498413445,687,254
SSBR3,201809,ECOR3,0.905269814882579,720,254
SSBR3,201809,EUCA4,0.946409144039268,356,254
SSBR3,201809,GOAU3,0.876822378667334,381,254
SSBR3,201809,GOAU4,0.843611135814461,874,254
SSBR3,201809,HAPV3,0.779530027518734,723,254
SSBR3,201809,PARD3,0.911993950226197,470,254
SSBR3,201809,QGEP3,0.871065990329119,317,254
SSBR3,201809,RAIL3,0.782076265445915,905,254
SSBR3,201809,RDNI3,0.954016106285701,274,254
SSBR3,201810,BRSR6,0.941591540713677,593,259
SSBR3,201810,CESP6,0.814485152343167,669,259
SSBR3,201810,ECOR3,0.928435960741117,732,259
SSBR3,201810,EUCA4,0.948077607914066,360,259
SSBR3,201810,GOAU3,0.938320311514313,380,259
SSBR3,201810,GOAU4,0.899956764781403,850,259
SSBR3,201810,HAPV3,0.843014344833326,689,259
SSBR3,201810,PARD3,0.938187103224797,503,259
SSBR3,201810,QGEP3,0.732463633193006,385,259
SSBR3,201810,RAIL3,0.779209909874671,923,259
SSBR3,201810,RDNI3,0.961004314763792,278,259
SSBR3,201811,BRSR6,0.938706004410072,644,281
SSBR3,201811,CESP6,0.778387496815661,717,281
SSBR3,201811,ECOR3,0.928799438915792,826,281
SSBR3,201811,EUCA4,0.945226210582791,360,281
SSBR3,201811,GOAU3,0.944988785694098,298,281
SSBR3,201811,GOAU4,0.896549232758895,898,281
SSBR3,201811,HAPV3,0.821180172440672,716,281
SSBR3,201811,LIGT3,0.743849509225387,601,281
SSBR3,201811,PARD3,0.923226041257339,514,281
SSBR3,201811,QGEP3,0.857176656966812,358,281
SSBR3,201811,RDNI3,0.953868864969487,251,281
SSBR3,201812,BRAP4,0.745321798402136,963,290
SSBR3,201812,BRSR6,0.930061401312455,639,290
SSBR3,201812,CESP6,0.763291390179927,731,290
SSBR3,201812,ECOR3,0.839888698533128,859,290
SSBR3,201812,EUCA4,0.932647239164666,366,290
SSBR3,201812,GOAU3,0.901086983823299,297,290
SSBR3,201812,GOAU4,0.858290640701324,883,290
SSBR3,201812,HAPV3,0.828037324296423,731,290
SSBR3,201812,PARD3,0.927352126040587,566,290
SSBR3,201812,PETR4,0.813525614739722,1131,290
SSBR3,201812,QGEP3,0.796360855797597,369,290
SSBR3,201812,RADL3,0.7060154978879,798,290
SSBR3,201812,RDNI3,0.940924127542397,256,290
SSBR3,201901,BRAP4,0.764331429373244,956,292
SSBR3,201901,BRSR6,0.89064732917721,628,292
SSBR3,201901,EUCA4,0.87888946629981,364,292
SSBR3,201901,GOAU3,0.812617529613707,301,292
SSBR3,201901,GOAU4,0.784150774038118,851,292
SSBR3,201901,HAPV3,0.756366042810939,746,292
SSBR3,201901,PARD3,0.891341080278139,574,292
SSBR3,201901,RDNI3,0.902788330449825,257,292
SSBR3,201902,BRAP4,0.825247578633567,988,320
SSBR3,201902,BRFS3,0.815606126447649,871,320
SSBR3,201902,BRSR6,0.93506806665029,658,320
SSBR3,201902,CESP6,0.804683736656308,775,320
SSBR3,201902,EUCA4,0.924873202013544,377,320
SSBR3,201902,GOAU3,0.889856211652391,326,320
SSBR3,201902,GOAU4,0.876898925812265,921,320
SSBR3,201902,HAPV3,0.871913877418333,803,320
SSBR3,201902,MULT3,0.725490194365088,929,320
SSBR3,201902,PARD3,0.931189907472145,538,320
SSBR3,201902,QGEP3,0.791468226865657,478,320
SSBR3,201902,RDNI3,0.939788917585237,285,320
SSBR3,201903,BRAP4,0.731328743099114,980,338
SSBR3,201903,BRDT3,0.760481360403295,985,338
SSBR3,201903,BRFS3,0.81898922616258,856,338
SSBR3,201903,BRSR6,0.9200191592711,627,338
SSBR3,201903,CESP6,0.792022382419727,770,338
SSBR3,201903,EUCA4,0.897925264026287,383,338
SSBR3,201903,GOAU3,0.845673058677344,344,338
SSBR3,201903,GOAU4,0.868458791460677,901,338
SSBR3,201903,LAME4,0.725437497348413,941,338
SSBR3,201903,PARD3,0.909825786462665,510,338
SSBR3,201903,QGEP3,0.797721684114223,403,338
SSBR3,201903,RAIL3,0.703162903317223,949,338
SSBR3,201903,RDNI3,0.915483792545566,300,338
SSBR3,201904,BRSR6,0.920749957468732,622,340
SSBR3,201904,CESP6,0.790241496165161,785,340
SSBR3,201904,EUCA4,0.899932779470842,396,340
SSBR3,201904,GOAU3,0.855820240367835,344,340
SSBR3,201904,GOAU4,0.886363431869306,857,340
SSBR3,201904,LAME4,0.859810241656167,867,340
SSBR3,201904,PARD3,0.91719448441457,516,340
SSBR3,201904,RAIL3,0.748157744652245,926,340
SSBR3,201904,RDNI3,0.916901109914092,301,340
SSBR3,201905,BRDT3,0.802319591175606,889,341
SSBR3,201905,BRFS3,0.857899784699819,947,341
SSBR3,201905,BRSR6,0.931290024570131,593,341
SSBR3,201905,CESP6,0.804924016870143,820,341
SSBR3,201905,EUCA4,0.911612464656397,400,341
SSBR3,201905,GOAU3,0.873085971967195,344,341
SSBR3,201905,GOAU4,0.893158754446711,872,341
SSBR3,201905,HAPV3,0.702155673095648,778,341
SSBR3,201905,LAME4,0.84816860531617,856,341
SSBR3,201905,PARD3,0.924219014345656,510,341
SSBR3,201905,RAIL3,0.772839837488697,931,341
SSBR3,201905,RDNI3,0.929328297498586,298,341
SSBR3,201905,SBSP3,0.848799957622102,895,341
SSBR3,201906,BRAP4,0.704445760977839,895,341
SSBR3,201906,BRDT3,0.812207161329474,850,341
SSBR3,201906,BRFS3,0.853874964689101,949,341
SSBR3,201906,BRSR6,0.913007709694469,610,341
SSBR3,201906,CESP6,0.796427884023845,844,341
SSBR3,201906,CMIG4,0.700243550355891,1019,341
SSBR3,201906,EUCA4,0.910900742559973,397,341
SSBR3,201906,GOAU3,0.862876176543108,347,341
SSBR3,201906,GOAU4,0.876431160283852,869,341
SSBR3,201906,LAME4,0.75510637621562,831,341
SSBR3,201906,PARD3,0.909457721068986,498,341
SSBR3,201906,RAIL3,0.766847926890579,899,341
SSBR3,201906,RDNI3,0.912982525653339,297,341
SSBR3,201907,BPAC11,0.722328293190097,793,362
SSBR3,201907,BRAP4,0.739053317568888,912,362
SSBR3,201907,BRFS3,0.795417960653468,973,362
SSBR3,201907,BRSR6,0.89419273274973,657,362
SSBR3,201907,CESP6,0.784908834061681,882,362
SSBR3,201907,CMIG4,0.71048032401699,995,362
SSBR3,201907,EUCA4,0.897108975856007,402,362
SSBR3,201907,GOAU4,0.873822554055032,911,362
SSBR3,201907,HAPV3,0.704528334295612,837,362
SSBR3,201907,PARD3,0.898435857641394,532,362
SSBR3,201907,PETR4,0.745906123772502,1190,362
SSBR3,201907,RAIL3,0.770438328709251,915,362
SSBR3,201907,RDNI3,0.898543451612753,300,362
STBP3,201810,POMO4,0.705385399975923,301,481
STBP3,201901,MGLU3,0.719952553907763,946,524
STBP3,201902,MGLU3,0.737737248993317,967,561
STBP3,201907,POMO4,0.701338426049915,503,546
STBP3,201908,MULT3,0.706080976927541,995,623
STBP3,201909,EGIE3,0.775512095498321,805,638
STBP3,201909,ENGI11,0.834847832010138,764,638
STBP3,201909,EZTC3,0.867027652532275,750,638
STBP3,201909,FLRY3,0.825420466719907,872,638
STBP3,201909,GOLL4,0.85202518124388,852,638
STBP3,201909,IRBR3,0.72015713294408,929,638
STBP3,201909,MULT3,0.80241764852295,981,638
STBP3,201910,CCPR3,0.842255377335969,310,609
STBP3,201910,CCRO3,0.745267378653382,888,609
STBP3,201910,EGIE3,0.824066303375103,820,609
STBP3,201910,ENGI11,0.894891107129066,771,609
STBP3,201910,EZTC3,0.888434143780506,764,609
STBP3,201910,FLRY3,0.866950734165201,872,609
STBP3,201910,GGBR4,0.775622468461742,911,609
STBP3,201910,IRBR3,0.784474047950926,965,609
STBP3,201910,MULT3,0.849615253410687,980,609
STBP3,201911,ABEV3,0.747407058761312,907,552
STBP3,201911,CCPR3,0.853246036154123,638,552
STBP3,201911,CCRO3,0.722162020472382,868,552
STBP3,201911,CEAB3,0.866369892940241,638,552
STBP3,201911,EGIE3,0.828717588825282,844,552
STBP3,201911,ENGI11,0.916906453818797,768,552
STBP3,201911,EZTC3,0.900771544168992,753,552
STBP3,201911,FLRY3,0.851179332586571,867,552
STBP3,201911,GGBR4,0.749773141970836,921,552
STBP3,201911,IRBR3,0.781533264901347,962,552
STBP3,201911,MULT3,0.90580821739227,971,552
STBP3,201911,PARD3,0.916303234458475,521,552
STBP3,201911,PCAR4,0.724328761265692,907,552
STBP3,201912,ABEV3,0.774594377274005,896,567
STBP3,201912,ARZZ3,0.702569240145575,595,567
STBP3,201912,CCPR3,0.858810539459777,611,567
STBP3,201912,CEAB3,0.869975401147446,618,567
STBP3,201912,EGIE3,0.785410662193004,841,567
STBP3,201912,ENGI11,0.915584853963798,768,567
STBP3,201912,EZTC3,0.897292183903995,716,567
STBP3,201912,FLRY3,0.842764697570173,876,567
STBP3,201912,GOLL4,0.792586487892698,870,567
STBP3,201912,IRBR3,0.795232340675684,951,567
STBP3,201912,MULT3,0.884428059534563,951,567
STBP3,201912,PARD3,0.704322049563664,539,567
STBP3,201912,PCAR4,0.796581579018697,854,567
STBP3,202001,ABEV3,0.765258574246407,902,591
STBP3,202001,BRDT3,0.708308541513773,1077,591
STBP3,202001,CCPR3,0.852016373581932,608,591
STBP3,202001,CCRO3,0.746548391976589,883,591
STBP3,202001,CEAB3,0.861046294300285,622,591
STBP3,202001,DTEX3,0.746497320402007,607,591
STBP3,202001,EGIE3,0.765947402154195,864,591
STBP3,202001,ENGI11,0.904841759573978,796,591
STBP3,202001,EZTC3,0.881141336937632,740,591
STBP3,202001,FLRY3,0.887278786639456,896,591
STBP3,202001,IRBR3,0.805951281451996,928,591
STBP3,202001,MULT3,0.867563671922109,936,591
STBP3,202001,PARD3,0.73322626056908,592,591
STBP3,202001,PCAR4,0.74794582357875,878,591
STBP3,202002,CCPR3,0.818302867683801,565,624
STBP3,202002,CEAB3,0.798442424719363,545,624
STBP3,202002,COGN3,0.704431338554558,940,624
STBP3,202002,CRFB3,0.767118934500357,848,624
STBP3,202002,DTEX3,0.878490805937523,629,624
STBP3,202002,ENGI11,0.860838285980504,812,624
STBP3,202002,EZTC3,0.829104761035125,760,624
STBP3,202002,FLRY3,0.826629947255915,877,624
STBP3,202002,IRBR3,0.789490768219736,948,624
STBP3,202002,MULT3,0.79958155023233,976,624
STBP3,202002,PARD3,0.772914880766616,651,624
STBP3,202003,BTOW3,0.708428453427887,965,621
STBP3,202003,CCPR3,0.797399420403958,551,621
STBP3,202003,CCRO3,0.735164595710097,898,621
STBP3,202003,CEAB3,0.750223277012402,572,621
STBP3,202003,CRFB3,0.708496764264085,844,621
STBP3,202003,DTEX3,0.887036460582765,580,621
STBP3,202003,ENGI11,0.810860698324533,777,621
STBP3,202003,EZTC3,0.768601379762352,771,621
STBP3,202003,FLRY3,0.827070797536057,891,621
STBP3,202003,MULT3,0.730086838548818,994,621
STBP3,202003,PARD3,0.791498168444126,638,621
STBP3,202011,LAME4,0.717674065387436,1058,641
STBP3,202012,LAME4,0.707016248652832,1047,673
STBP3,202101,LAME4,0.732805618738793,1093,655
STBP3,202104,LAME3,0.720279314308067,777,717
SULA11,201712,GFSA3,0.700124241515531,309,431
SULA11,201804,SBSP3,0.802050367938672,806,644
SULA11,201805,COCE5,0.772897617223168,33,517
SULA11,201805,EGIE3,0.768672453677234,761,517
SULA11,201806,COCE5,0.723607234042613,34,479
SULA11,201806,EGIE3,0.722050350436555,794,479
SULA11,201807,COCE5,0.784072536048032,34,495
SULA11,201807,EGIE3,0.81405332127583,806,495
SULA11,201808,COCE5,0.882785797397585,33,582
SULA11,201808,EGIE3,0.872306692787119,826,582
SULA11,201809,COCE5,0.855015826974414,32,598
SULA11,201809,EGIE3,0.85277974720047,786,598
SULA11,201810,COCE5,0.859510645698454,32,606
SULA11,201907,ALSC3,0.702497180465129,640,540
SULA11,201908,DTEX3,0.883412130891417,665,656
SULA11,201908,ECOR3,0.8023755740436,867,656
SULA11,201908,ELET3,0.765856232876457,949,656
SULA11,201908,GUAR3,0.836978870120232,667,656
SULA11,201908,LINX3,0.803751895753456,760,656
SULA11,201908,MEAL3,0.82550752789124,601,656
SULA11,201908,MYPK3,0.852707106224097,686,656
SULA11,201908,NEOE3,0.819581432351959,833,656
SULA11,201909,AALR3,0.723761699149088,474,753
SULA11,201909,ALSO3,0.78865883906804,666,753
SULA11,201909,CPLE3,0.73443778809704,413,753
SULA11,201909,DTEX3,0.855396716933966,650,753
SULA11,201909,ECOR3,0.79057234119052,875,753
SULA11,201909,GUAR3,0.83401307373507,641,753
SULA11,201909,MEAL3,0.828945497112107,573,753
SULA11,201909,MYPK3,0.84584395491388,641,753
SULA11,201909,NEOE3,0.819769406116619,791,753
SULA11,201910,ALSO3,0.775529161542434,682,888
SULA11,201910,CPLE3,0.706284587340895,409,888
SULA11,201910,DTEX3,0.793686325006889,624,888
SULA11,201910,ECOR3,0.760324542588247,878,888
SULA11,201910,GUAR3,0.783411390367379,571,888
SULA11,201910,MEAL3,0.785668134660073,572,888
SULA11,201910,MYPK3,0.789279911484506,570,888
SULA11,201910,NEOE3,0.837824488817105,748,888
SULA11,201910,SBSP3,0.724883216599047,939,888
SULA11,201911,ALSO3,0.73509691350001,698,893
SULA11,201911,BPAC11,0.763764765358661,940,893
SULA11,201911,CIEL3,0.761613438226355,840,893
SULA11,201911,DTEX3,0.713893890794266,574,893
SULA11,201911,ECOR3,0.798621854881695,875,893
SULA11,201911,GUAR3,0.730838330963123,513,893
SULA11,201911,MEAL3,0.710309029024447,532,893
SULA11,201911,MYPK3,0.716467499873472,523,893
SULA11,201911,NEOE3,0.798611635763362,732,893
SULA11,201911,SBSP3,0.769826168768827,945,893
SULA11,202006,QUAL3,0.719991819681144,1004,1129
SULA11,202007,QUAL3,0.744233422705017,998,1119
SULA11,202012,ENJU3,0.814984102479001,746,1096
SULA11,202102,ENJU3,0.809290953497898,741,1126
SULA11,202102,HBRE3,0.748380105954568,588,1126
SULA11,202103,ENJU3,0.808233582617256,729,1183
SULA11,202103,HBRE3,0.833517533221547,546,1183
SULA11,202104,ALUP11,0.737979878429391,725,1174
SULA11,202104,ENJU3,0.801905367606184,766,1174
SULA11,202104,EZTC3,0.709868560613825,1111,1174
SULA11,202104,HBRE3,0.8341805542915,515,1174
SULA11,202105,ALUP11,0.75013290187639,848,1209
SULA11,202105,ENJU3,0.794530196025485,802,1209
SULA11,202105,HBRE3,0.804689480666285,474,1209
SULA11,202106,ALUP11,0.706611723230057,822,1230
SULA11,202106,ENJU3,0.719186578216874,793,1230
SULA11,202106,HBRE3,0.737451412313825,471,1230
SULA11,202108,ENJU3,0.710979527074046,822,1236
SULA11,202110,ENJU3,0.706316176977334,796,1287
SULA4,202008,ALPA3,0.984800241530196,224,82
SULA4,202008,GGBR3,0.997289747647113,331,82
SULA4,202009,ALPA3,0.983457008998253,226,83
SULA4,202009,GGBR3,0.997807097161125,351,83
SULA4,202010,ALPA3,0.985432957108564,226,82
SULA4,202010,GGBR3,0.996747900005218,366,82
SUZB3,201712,AZUL4,0.741324467388791,487,865
SUZB3,201712,OMGE3,0.802900177178944,475,865
SUZB3,201712,RAIL3,0.722557316492099,806,865
SUZB3,201801,SAPR11,0.789102522338333,726,837
SUZB3,201802,BRSR6,0.866068553970386,600,809
SUZB3,201802,CESP6,0.757638349635078,616,809
SUZB3,201802,CPLE3,0.803294288799713,341,809
SUZB3,201802,ECOR3,0.786143504900365,716,809
SUZB3,201802,ELPL3,0.802072519771538,378,809
SUZB3,201802,EUCA4,0.879445316669494,341,809
SUZB3,201802,LIGT3,0.773106259193185,528,809
SUZB3,201802,PARD3,0.739840013624513,641,809
SUZB3,201802,RAIL3,0.730046262098577,825,809
SUZB3,201802,SSBR3,0.832191561422508,239,809
SUZB3,201803,BPAC11,0.710658292736591,375,811
SUZB3,201803,BRSR6,0.748149507539218,568,811
SUZB3,201803,ELPL3,0.763492521089614,429,811
SUZB3,201803,EUCA4,0.755240234807043,347,811
SUZB3,201803,LIGT3,0.73342372480951,510,811
SUZB3,201803,MULT3,0.716257140691151,787,811
SUZB3,201804,AZUL4,0.761287699635706,572,908
SUZB3,201804,BPAC11,0.717864400699689,467,908
SUZB3,201804,BRSR6,0.84080479059858,593,908
SUZB3,201804,ECOR3,0.747239541248067,730,908
SUZB3,201804,ELPL3,0.793762235803023,500,908
SUZB3,201804,EUCA4,0.836707490645201,344,908
SUZB3,201804,ITUB4,0.713241149768312,1022,908
SUZB3,201804,LIGT3,0.857066557811161,557,908
SUZB3,201804,MULT3,0.769019803283009,808,908
SUZB3,201804,QGEP3,0.81844275849415,302,908
SUZB3,201804,RAIL3,0.769851948832906,854,908
SUZB3,201805,AZUL4,0.783202860951911,495,963
SUZB3,201805,BPAC11,0.790898325093259,472,963
SUZB3,201805,BRSR6,0.870794947293976,622,963
SUZB3,201805,CESP6,0.716839786205013,707,963
SUZB3,201805,ECOR3,0.743808794807521,741,963
SUZB3,201805,ELPL3,0.823250417280785,594,963
SUZB3,201805,EUCA4,0.859708397915607,354,963
SUZB3,201805,GGBR4,0.808073329449192,944,963
SUZB3,201805,HAPV3,0.760380972971776,744,963
SUZB3,201805,ITUB4,0.708061254765368,1051,963
SUZB3,201805,LIGT3,0.748331392588153,641,963
SUZB3,201805,MULT3,0.718420433370076,802,963
SUZB3,201805,PARD3,0.714129175706332,584,963
SUZB3,201805,PETR4,0.728228588563842,1015,963
SUZB3,201805,QGEP3,0.852481522459305,303,963
SUZB3,201805,RAIL3,0.788427303821342,887,963
SUZB3,201805,RDNI3,0.710144178488427,274,963
SUZB3,201806,AZUL4,0.859528533182931,507,963
SUZB3,201806,BPAC11,0.795084854111828,433,963
SUZB3,201806,BRSR6,0.831131514141634,612,963
SUZB3,201806,CESP6,0.787860737254118,701,963
SUZB3,201806,ECOR3,0.743401955432049,759,963
SUZB3,201806,EUCA4,0.850567253813668,356,963
SUZB3,201806,GGBR4,0.736682503309045,955,963
SUZB3,201806,HAPV3,0.744508467996932,769,963
SUZB3,201806,LIGT3,0.85292279782441,617,963
SUZB3,201806,PARD3,0.730395384838629,600,963
SUZB3,201806,PETR4,0.757761830419106,1034,963
SUZB3,201806,QGEP3,0.801530746425898,301,963
SUZB3,201806,RAIL3,0.791038362789111,902,963
SUZB3,201807,BPAC11,0.735225589634911,449,1013
SUZB3,201807,BRAP4,0.737647055932785,910,1013
SUZB3,201807,BRSR6,0.844110136407365,612,1013
SUZB3,201807,CESP6,0.763454248112615,695,1013
SUZB3,201807,CPLE3,0.731092626906566,418,1013
SUZB3,201807,ECOR3,0.810894885099511,779,1013
SUZB3,201807,EUCA4,0.83978431899142,360,1013
SUZB3,201807,GGBR4,0.73642773078984,977,1013
SUZB3,201807,LIGT3,0.731858965620707,557,1013
SUZB3,201807,PARD3,0.778668535383544,543,1013
SUZB3,201807,PETR4,0.726578958585632,1056,1013
SUZB3,201807,QGEP3,0.749698376632356,298,1013
SUZB3,201807,RAIL3,0.822046675757823,920,1013
SUZB3,201807,RDNI3,0.827247313944377,281,1013
SUZB3,201807,SSBR3,0.839991761979724,255,1013
SUZB3,201808,AZUL4,0.838902607964494,523,979
SUZB3,201808,BPAC11,0.798108724889176,456,979
SUZB3,201808,BRAP4,0.720013513694727,930,979
SUZB3,201808,BRSR6,0.867033951441508,600,979
SUZB3,201808,CESP6,0.804034879944308,708,979
SUZB3,201808,ECOR3,0.814727589181009,806,979
SUZB3,201808,EUCA4,0.858966397006819,356,979
SUZB3,201808,GGBR4,0.809820395526552,993,979
SUZB3,201808,GOAU4,0.82416403844605,882,979
SUZB3,201808,HAPV3,0.725404240912822,701,979
SUZB3,201808,LIGT3,0.742924837490452,590,979
SUZB3,201808,PARD3,0.844860545100606,498,979
SUZB3,201808,PETR4,0.712707101375058,1061,979
SUZB3,201808,QGEP3,0.753476728926775,296,979
SUZB3,201808,RAIL3,0.827128720729196,922,979
SUZB3,201808,RDNI3,0.864891794692178,274,979
SUZB3,201808,SSBR3,0.833273513175704,258,979
SUZB3,201809,AZUL4,0.926149831089038,573,988
SUZB3,201809,BPAC11,0.787258149348386,515,988
SUZB3,201809,BRSR6,0.939942105337302,598,988
SUZB3,201809,CESP6,0.775916314769536,687,988
SUZB3,201809,ECOR3,0.905313184333399,720,988
SUZB3,201809,EUCA4,0.935808366569602,356,988
SUZB3,201809,GGBR4,0.794061555588239,965,988
SUZB3,201809,GOAU3,0.872125491999011,381,988
SUZB3,201809,GOAU4,0.855269714826325,874,988
SUZB3,201809,HAPV3,0.832480390222752,723,988
SUZB3,201809,MULT3,0.716991838432971,816,988
SUZB3,201809,PARD3,0.901959732419557,470,988
SUZB3,201809,PETR4,0.782132819103071,1061,988
SUZB3,201809,QGEP3,0.860090275325698,317,988
SUZB3,201809,RADL3,0.729684929504437,797,988
SUZB3,201809,RAIL3,0.862717324796478,905,988
SUZB3,201809,RDNI3,0.941359764533842,274,988
SUZB3,201809,SSBR3,0.908707850264628,254,988
SUZB3,201810,BRSR6,0.818673695933665,593,987
SUZB3,201810,CESP6,0.791244529765363,669,987
SUZB3,201810,ECOR3,0.810306123891324,732,987
SUZB3,201810,EUCA4,0.783988474163127,360,987
SUZB3,201810,GOAU3,0.791837873454869,380,987
SUZB3,201810,GOAU4,0.799721051043919,850,987
SUZB3,201810,HAPV3,0.779615569134792,689,987
SUZB3,201810,LIGT3,0.743170467072921,591,987
SUZB3,201810,PARD3,0.782069909797375,503,987
SUZB3,201810,PETR4,0.704814260008643,1064,987
SUZB3,201810,RAIL3,0.832926169326299,923,987
SUZB3,201810,RDNI3,0.785151914642886,278,987
SUZB3,201810,SSBR3,0.762515818782355,259,987
SUZB3,201901,BRAP4,0.869841563292943,956,928
SUZB3,201901,BRSR6,0.903101028796798,628,928
SUZB3,201901,CESP6,0.723635741876126,730,928
SUZB3,201901,ECOR3,0.741962933319796,865,928
SUZB3,201901,EUCA4,0.869894670185347,364,928
SUZB3,201901,GOAU3,0.786588116544556,301,928
SUZB3,201901,GOAU4,0.836044886545789,851,928
SUZB3,201901,HAPV3,0.830853539073531,746,928
SUZB3,201901,PARD3,0.88691392587118,574,928
SUZB3,201901,PETR4,0.821832734858324,1128,928
SUZB3,201901,RDNI3,0.890762729784559,257,928
SUZB3,201901,SSBR3,0.821734902899634,292,928
SUZB3,201902,BRAP4,0.908115902435642,988,1009
SUZB3,201902,BRFS3,0.881728962605629,871,1009
SUZB3,201902,BRSR6,0.952387340571245,658,1009
SUZB3,201902,CESP6,0.838216622338238,775,1009
SUZB3,201902,ECOR3,0.726534094656695,893,1009
SUZB3,201902,EUCA4,0.942413109820107,377,1009
SUZB3,201902,GOAU3,0.881516406986857,326,1009
SUZB3,201902,GOAU4,0.925408639073683,921,1009
SUZB3,201902,HAPV3,0.920887454917589,803,1009
SUZB3,201902,ITSA4,0.751233999481176,1044,1009
SUZB3,201902,LAME4,0.701122815771646,964,1009
SUZB3,201902,LREN3,0.71336094038716,1094,1009
SUZB3,201902,MULT3,0.780883008002519,929,1009
SUZB3,201902,PARD3,0.949920684631032,538,1009
SUZB3,201902,PETR4,0.808107364125759,1160,1009
SUZB3,201902,QGEP3,0.796446615090871,478,1009
SUZB3,201902,RAIL3,0.720518962773874,958,1009
SUZB3,201902,RDNI3,0.956574123911864,285,1009
SUZB3,201902,SBSP3,0.743829764806052,900,1009
SUZB3,201902,SSBR3,0.912527330233108,320,1009
SUZB3,201903,BRAP4,0.866379991515504,980,1017
SUZB3,201903,BRDT3,0.798996677330853,985,1017
SUZB3,201903,BRFS3,0.821436608614771,856,1017
SUZB3,201903,BRSR6,0.874585980444756,627,1017
SUZB3,201903,CESP6,0.782959179271651,770,1017
SUZB3,201903,CIEL3,0.70029497454052,881,1017
SUZB3,201903,EUCA4,0.847225504003464,383,1017
SUZB3,201903,GOAU3,0.770800268718081,344,1017
SUZB3,201903,GOAU4,0.857243288930178,901,1017
SUZB3,201903,HAPV3,0.723780293588899,766,1017
SUZB3,201903,LAME4,0.770549759750559,941,1017
SUZB3,201903,PARD3,0.859202664874124,510,1017
SUZB3,201903,PETR4,0.837038503809608,1171,1017
SUZB3,201903,QGEP3,0.752997950837159,403,1017
SUZB3,201903,RAIL3,0.704850133962189,949,1017
SUZB3,201903,RDNI3,0.85758291861099,300,1017
SUZB3,201903,SSBR3,0.820763238473348,338,1017
SUZB3,201904,BRAP4,0.779127162267809,917,1039
SUZB3,201904,BRSR6,0.878694849347561,622,1039
SUZB3,201904,CESP6,0.785643567153104,785,1039
SUZB3,201904,EUCA4,0.865676184818861,396,1039
SUZB3,201904,GOAU3,0.791040404197556,344,1039
SUZB3,201904,GOAU4,0.87920851309657,857,1039
SUZB3,201904,HAPV3,0.709223189516549,810,1039
SUZB3,201904,LAME4,0.844048624742135,867,1039
SUZB3,201904,PARD3,0.878487905824447,516,1039
SUZB3,201904,PETR4,0.850287686400534,1157,1039
SUZB3,201904,RAIL3,0.752627617307939,926,1039
SUZB3,201904,RDNI3,0.872509735567827,301,1039
SUZB3,201904,SSBR3,0.834029607440431,340,1039
SUZB3,201905,BBDC4,0.722049905544848,1202,996
SUZB3,201907,B3SA3,0.707852425954294,1157,944
SUZB3,201909,ABEV3,0.718295564856313,914,942
SUZB3,201909,ITUB4,0.710087630392499,1048,942
SUZB3,201910,ABEV3,0.839881165751378,956,961
SUZB3,201910,CCPR3,0.822060084634926,310,961
SUZB3,201910,CCRO3,0.71548808045498,888,961
SUZB3,201910,EGIE3,0.806939036135991,820,961
SUZB3,201910,ENGI11,0.889616100064835,771,961
SUZB3,201910,EZTC3,0.834859601734584,764,961
SUZB3,201910,FLRY3,0.710169433760203,872,961
SUZB3,201910,GGBR4,0.8302149904941,911,961
SUZB3,201910,IRBR3,0.83641849294208,965,961
SUZB3,201910,ITUB4,0.719144100994219,1120,961
SUZB3,201910,MULT3,0.883624247317956,980,961
SUZB3,201910,PARD3,0.726932684777716,562,961
SUZB3,201910,STBP3,0.818406105810783,609,961
SUZB3,201911,ABEV3,0.866793026842803,907,931
SUZB3,201911,CCPR3,0.906734816786105,638,931
SUZB3,201911,CCRO3,0.806310711958381,868,931
SUZB3,201911,CEAB3,0.894392686405922,638,931
SUZB3,201911,EGIE3,0.838688228878186,844,931
SUZB3,201911,ENGI11,0.928481681095985,768,931
SUZB3,201911,EZTC3,0.887556058092194,753,931
SUZB3,201911,FLRY3,0.820067154292275,867,931
SUZB3,201911,GGBR4,0.830707804690766,921,931
SUZB3,201911,IRBR3,0.820415195988178,962,931
SUZB3,201911,ITUB4,0.729028410284797,1084,931
SUZB3,201911,MULT3,0.903012718520756,971,931
SUZB3,201911,PARD3,0.911462716852606,521,931
SUZB3,201911,PCAR4,0.712909659056105,907,931
SUZB3,201911,STBP3,0.87728464714894,552,931
SUZB3,201912,ABEV3,0.882038058458937,896,933
SUZB3,201912,CCPR3,0.904827801518093,611,933
SUZB3,201912,CCRO3,0.790746560091642,861,933
SUZB3,201912,CEAB3,0.89354823441717,618,933
SUZB3,201912,EGIE3,0.803476157047379,841,933
SUZB3,201912,ENGI11,0.915180932347431,768,933
SUZB3,201912,EZTC3,0.879440542215447,716,933
SUZB3,201912,FLRY3,0.805129866026102,876,933
SUZB3,201912,GOLL4,0.719741783140622,870,933
SUZB3,201912,IRBR3,0.817005012125625,951,933
SUZB3,201912,ITUB4,0.824084166116018,1077,933
SUZB3,201912,MULT3,0.923398027877778,951,933
SUZB3,201912,PARD3,0.810603008404039,539,933
SUZB3,201912,PCAR4,0.790301269350028,854,933
SUZB3,201912,STBP3,0.866778488516675,567,933
SUZB3,202001,ABEV3,0.831888119551913,902,950
SUZB3,202001,BRDT3,0.757012413153378,1077,950
SUZB3,202001,BTOW3,0.782428112199756,931,950
SUZB3,202001,CCPR3,0.860926297680965,608,950
SUZB3,202001,CCRO3,0.819496563195244,883,950
SUZB3,202001,CEAB3,0.850218047083084,622,950
SUZB3,202001,CRFB3,0.719511490342861,693,950
SUZB3,202001,EGIE3,0.724078895066705,864,950
SUZB3,202001,ENGI11,0.878782233039762,796,950
SUZB3,202001,EZTC3,0.847541282880608,740,950
SUZB3,202001,FLRY3,0.786762822874929,896,950
SUZB3,202001,GGBR4,0.72144485297538,995,950
SUZB3,202001,IRBR3,0.826462140690619,928,950
SUZB3,202001,ITUB4,0.720187145056506,1070,950
SUZB3,202001,MULT3,0.874798782009817,936,950
SUZB3,202001,PARD3,0.850991692184507,592,950
SUZB3,202001,STBP3,0.794622857222278,591,950
SUZB3,202002,BRDT3,0.749860190905758,1071,1029
SUZB3,202002,BTOW3,0.770405344828771,947,1029
SUZB3,202002,CCPR3,0.756637642281982,565,1029
SUZB3,202002,CCRO3,0.71073281361385,871,1029
SUZB3,202002,CEAB3,0.720558440859697,545,1029
SUZB3,202002,DTEX3,0.701637023241929,629,1029
SUZB3,202002,ENGI11,0.782257594807359,812,1029
SUZB3,202002,EZTC3,0.738765440899338,760,1029
SUZB3,202002,IRBR3,0.78601324949155,948,1029
SUZB3,202002,MULT3,0.800470229871871,976,1029
SUZB3,202002,PARD3,0.858589930885936,651,1029
SUZB3,202002,STBP3,0.705603249862644,624,1029
SUZB3,202003,BRFS3,0.721306469354327,921,979
SUZB3,202003,CMIG3,0.701134556110592,628,979
SUZB3,202005,ENGI11,0.742051028247885,1020,1045
SUZB3,202006,BRFS3,0.708229347623705,977,1088
SUZB3,202006,CMIG3,0.707756227479712,604,1088
SUZB3,202006,PETR4,0.717533642860143,1260,1088
SUZB3,202006,RAIL3,0.700181336849825,1094,1088
SUZB3,202007,BRDT3,0.801785960809842,1154,1042
SUZB3,202007,PARD3,0.821853519992127,654,1042
SUZB3,202007,PETR3,0.783693441405782,998,1042
SUZB3,202008,PETR3,0.716124749368277,1064,1115
SUZB3,202009,CCPR3,0.819477245024022,505,1164
SUZB3,202009,CEAB3,0.788756447072629,591,1164
SUZB3,202009,CRFB3,0.705969322266721,959,1164
SUZB3,202009,ENGI11,0.784952871712046,1007,1164
SUZB3,202009,EZTC3,0.799514318857296,741,1164
SUZB3,202009,PETR3,0.70573953328199,1072,1164
SUZB3,202010,CURY3,0.744187930431645,573,1201
SUZB3,202011,BRDT3,0.700702604391791,1182,1255
SUZB3,202101,BRDT3,0.761912276727482,1202,1295
SUZB3,202101,PETR4,0.736477099150822,1388,1295
SUZB3,202102,LREN3,0.801368368560433,1283,1404
SUZB3,202103,BRFS3,0.848072338829826,1087,1375
SUZB3,202103,CMIG3,0.753576771620832,467,1375
SUZB3,202103,CSNA3,0.728453596256559,1117,1375
SUZB3,202103,ECOR3,0.763224699058281,1044,1375
SUZB3,202103,GOAU3,0.709744196173194,514,1375
SUZB3,202103,GOAU4,0.75789471012005,1168,1375
SUZB3,202103,HAPV3,0.730091614845914,1232,1375
SUZB3,202103,PARD3,0.757224122486727,573,1375
SUZB3,202103,RDNI3,0.746834308106267,351,1375
SUZB3,202104,AERI3,0.735368775021007,506,1404
SUZB3,202104,BRFS3,0.873963276654551,1090,1404
SUZB3,202104,CMIG3,0.793495082119821,481,1404
SUZB3,202104,ECOR3,0.801906745517392,1076,1404
SUZB3,202104,GOAU3,0.744650560355529,545,1404
SUZB3,202104,GOAU4,0.788362214137231,1189,1404
SUZB3,202104,HAPV3,0.773885515499212,1274,1404
SUZB3,202104,PARD3,0.799993623646865,609,1404
SUZB3,202104,RRRP3,0.745211957315008,710,1404
SUZB3,202105,BRFS3,0.728485183426305,1091,1414
SUZB3,202105,CMIG3,0.704743180934386,507,1414
SUZB3,202105,GOAU4,0.732024402142497,1215,1414
SUZB3,202105,PARD3,0.710582831774968,601,1414
SUZB3,202107,BRFS3,0.733925948336141,1102,1326
SUZB3,202107,CMIG3,0.710149081649525,494,1326
SUZB3,202107,ECOR3,0.758974887397493,1166,1326
SUZB3,202107,GOAU4,0.71139149143881,1228,1326
SUZB3,202107,PARD3,0.718956985610172,622,1326
SUZB3,202108,ASAI3,0.727844961828242,1261,1306
SUZB3,202108,CURY3,0.74841640580299,593,1306
SUZB3,202108,RAIL3,0.707538727668382,1215,1306
SUZB3,202109,CURY3,0.728169473407734,637,1378
SUZB3,202112,RAIL3,0.704921673958498,1278,1472
SUZB5,201704,SBSP3,0.733200867865902,856,804
SUZB5,201708,AZUL4,0.727713998364446,565,794
SUZB5,201708,BRSR6,0.848209712152278,634,794
SUZB5,201708,CPLE3,0.745163861405423,387,794
SUZB5,201708,ECOR3,0.770835182527747,740,794
SUZB5,201708,ESTC3,0.820857963566785,783,794
SUZB5,201708,EUCA4,0.802222267789549,325,794
SUZB5,201708,MULT3,0.747936870541671,835,794
SUZB5,201708,QGEP3,0.75232646974061,459,794
SUZB5,201709,CPRE3,0.737377263840946,412,820
SUZB5,201709,ESTC3,0.825076653971921,850,820
SUZB5,201709,MLFT4,0.75858043372424,456,820
SUZB5,201709,RAIL3,0.740662626220385,783,820
SUZB5,201709,SAPR4,0.762079059485536,661,820
SUZB5,201710,AZUL4,0.825618915225779,637,854
SUZB5,201710,ESTC3,0.804253942483232,912,854
SUZB5,201710,MDIA3,0.701008978361824,571,854
SUZB5,201710,MLFT4,0.7004384560443,464,854
SUZB5,201710,RAIL3,0.73650313103094,834,854
SYNE3,202110,BRPR3,0.719054393921193,603,657
SYNE3,202110,EVEN3,0.72649206009657,698,657
SYNE3,202110,MELK3,0.949658486058008,434,657
SYNE3,202110,NEOE3,0.797091931784423,662,657
SYNE3,202110,PNVL3,0.733444881812911,634,657
SYNE3,202110,SHUL4,0.716134908031944,423,657
SYNE3,202111,BRPR3,0.702033442979285,573,624
SYNE3,202111,EVEN3,0.71419427432096,679,624
SYNE3,202111,MELK3,0.94230036799536,376,624
SYNE3,202111,NEOE3,0.738351049441302,659,624
SYNE3,202111,PNVL3,0.741409912021033,609,624
SYNE3,202112,BRPR3,0.709614529828289,626,644
SYNE3,202112,EVEN3,0.713934774934646,730,644
SYNE3,202112,MELK3,0.890228835158229,368,644
SYNE3,202112,NEOE3,0.782362170693475,687,644
SYNE3,202112,PNVL3,0.729648569239326,639,644
TAEE11,201702,ABCB4,0.733910142041557,407,542
TAEE11,201702,CPLE6,0.792820131954554,727,542
TAEE11,201702,LEVE3,0.750860488356411,430,542
TAEE11,201702,ODPV3,0.827538191082711,393,542
TAEE11,201703,ABCB4,0.770443321830142,442,556
TAEE11,201703,CPLE6,0.791920075387269,753,556
TAEE11,201703,LEVE3,0.732163293764103,445,556
TAEE11,201703,ODPV3,0.773446287133826,393,556
TAEE11,201704,ABCB4,0.759469704073698,425,568
TAEE11,201704,CPLE6,0.797065467086346,762,568
TAEE11,201705,CPLE6,0.778756221448839,721,564
TAEE11,201705,ODPV3,0.795457637622328,372,564
TAEE11,201706,CPLE6,0.799920094788889,705,591
TAEE11,201706,ODPV3,0.832720310111273,410,591
TAEE11,201707,ABCB4,0.738525323798855,410,570
TAEE11,201707,CPLE6,0.733935705906085,703,570
TAEE11,201707,ODPV3,0.850729125418653,468,570
TAEE11,201708,CPLE6,0.719609493301698,715,529
TAEE11,201708,ODPV3,0.827489551203057,454,529
TAEE11,201709,ODPV3,0.764593594966975,525,523
TAEE11,201710,CPLE6,0.703919209328448,712,760
TAEE11,201710,ODPV3,0.711734706649954,530,760
TAEE11,201804,ODPV3,0.736085693784423,454,787
TAEE11,201805,MRVE3,0.762944895849917,895,763
TAEE11,201806,MRVE3,0.737384170040262,877,794
TAEE11,201808,COCE5,0.739869816955658,33,846
TAEE11,201808,EGIE3,0.751909510948821,826,846
TAEE11,201808,ODPV3,0.786048635872846,504,846
TAEE11,201808,SULA11,0.749140359945563,582,846
TAEE11,201809,COCE5,0.730709395599622,32,779
TAEE11,201809,EGIE3,0.746971725488574,786,779
TAEE11,201809,ODPV3,0.824555931245757,466,779
TAEE11,201809,SULA11,0.737115197602841,598,779
TAEE11,201810,ODPV3,0.767109964102263,494,778
TAEE11,201811,COCE5,0.70114948172983,32,845
TAEE11,201811,ODPV3,0.714161005575661,518,845
TAEE11,201901,COCE5,0.747936016462002,31,805
TAEE11,201902,COCE5,0.706638245631537,31,882
TAEE11,201905,EGIE3,0.806710550286559,820,843
TAEE11,201906,BBSE3,0.715751477733271,785,812
TAEE11,202001,ODPV3,0.811244122595159,562,809
TAEE11,202002,ODPV3,0.806480531342393,573,800
TAEE11,202003,ODPV3,0.72134531523157,532,842
TAEE11,202004,EGIE3,0.708970035208048,952,905
TAEE11,202004,ODPV3,0.709775865276555,557,905
TAEE11,202005,EGIE3,0.71256727234501,926,900
TAEE11,202006,EGIE3,0.788019980260825,951,888
TAEE11,202007,EGIE3,0.759791919226125,924,888
TAEE11,202008,EGIE3,0.718740122987277,971,941
TAEE11,202102,BOAS3,0.706496685859046,299,956
TAEE11,202102,CPFE3,0.728859722657299,1045,956
TAEE11,202103,CPFE3,0.722909176386011,1087,980
TAEE11,202104,BOAS3,0.711939279110035,303,1028
TAEE11,202104,CPFE3,0.769715132471081,1092,1028
TAEE11,202105,BOAS3,0.700327635004534,270,1036
TAEE11,202105,CPFE3,0.753400651694176,1066,1036
TAEE11,202105,EGIE3,0.825674442347212,1055,1036
TAEE11,202107,CCRO3,0.719526973453373,1111,1081
TAEE11,202107,CPFE3,0.777355593918256,1064,1081
TAEE11,202107,CXSE3,0.717137982141095,470,1081
TAEE11,202107,EGIE3,0.801222999980429,1037,1081
TAEE11,202108,CCRO3,0.731566168933667,1091,1092
TAEE11,202108,CPFE3,0.774904495919034,1062,1092
TAEE11,202108,CXSE3,0.706135315978157,463,1092
TAEE11,202108,EGIE3,0.754609952574214,1034,1092
TAEE11,202110,CCRO3,0.700592000286731,1156,1186
TAEE11,202110,CPFE3,0.717314936852123,1172,1186
TAEE3,202112,LUPA3,0.739512028200642,38,37
TAEE4,202006,ALUP3,1,20,20
TAEE4,202007,ALUP3,1,20,20
TAEE4,202008,ALUP3,1,22,22
TAEE4,202008,SAPR3,0.873444747881599,43,22
TAEE4,202009,ALUP3,1,22,22
TASA3,202010,ETER3,0.997715938037938,25,23
TASA3,202010,OIBR4,0.812478272083077,24,23
TASA3,202011,ETER3,0.995495678456527,36,23
TASA3,202102,MMXM3,0.907875869878702,25,24
TASA3,202102,RSID3,0.99991638662868,24,24
TASA3,202103,MMXM3,0.90200881712604,25,23
TASA3,202103,RSID3,0.999994890410093,24,23
TASA3,202104,ATOM3,1,22,22
TASA3,202104,AZEV3,0.998106695319919,23,22
TASA3,202104,IGBR3,1,22,22
TASA3,202104,INEP3,1,22,22
TASA3,202104,LUPA3,0.886386475413531,24,22
TASA3,202104,MMXM3,0.895048240599685,25,22
TASA3,202104,OSXB3,1,22,22
TASA3,202104,RCSL3,1,22,22
TASA3,202104,RSID3,1,22,22
TASA3,202107,ATOM3,1,22,22
TASA3,202107,AZEV4,1,22,22
TASA3,202107,BSEV3,0.999899101704292,22,22
TASA3,202107,INEP3,1,22,22
TASA3,202107,LUPA3,0.992870164710673,23,22
TASA3,202107,MMXM3,0.891292803290567,22,22
TASA3,202107,RCSL3,1,22,22
TASA3,202108,ATOM3,1,22,22
TASA3,202108,AZEV4,0.99853038671472,22,22
TASA3,202108,INEP3,1,22,22
TASA3,202108,MMXM3,0.898007043483839,22,22
TASA3,202109,ATOM3,1,22,22
TASA3,202109,MMXM3,0.905709112183722,22,22
TASA3,202110,CGRA4,0.818096809896856,20,22
TASA3,202110,MMXM3,0.897866941950756,22,22
TASA4,201912,DMMO3,0.832380911864131,291,347
TASA4,202002,MOVI3,0.73880669922684,587,345
TASA4,202006,BMGB4,0.731519047987751,470,27
TASA4,202006,ROMI3,0.862769722913263,21,27
TASA4,202007,BMGB4,0.79686421365141,420,29
TASA4,202007,PFRM3,0.97226388395175,22,29
TASA4,202007,ROMI3,0.997037625696144,49,29
TASA4,202011,DMMO3,0.799222844800132,253,268
TASA4,202011,ODPV3,0.710080535205474,413,268
TASA4,202012,DMMO3,0.883702576187756,223,243
TASA4,202101,DMMO3,0.869723062672381,170,210
TASA4,202101,RCSL4,0.974247540236813,158,210
TASA4,202102,DMMO3,0.842710928867087,206,246
TASA4,202102,RCSL4,0.972593730088096,196,246
TASA4,202103,DMMO3,0.799543459776601,283,309
TASA4,202103,RCSL4,0.88574787721309,286,309
TASA4,202104,RCSL4,0.838320636325414,394,413
TASA4,202105,RCSL4,0.76315466456194,387,419
TASA4,202106,RCSL4,0.9653587745907,404,431
TASA4,202107,AALR3,0.710771239474461,524,497
TASA4,202107,RCSL4,0.892180364559298,493,497
TASA4,202108,RCSL4,0.949428747973854,454,458
TASA4,202109,RCSL4,0.864135395645997,453,482
TASA4,202110,AALR3,0.751651087401133,450,476
TASA4,202110,PMAM3,0.880371038281913,421,476
TASA4,202110,RCSL3,0.926674621921961,406,476
TASA4,202110,RCSL4,0.92674547132483,407,476
TASA4,202111,PMAM3,0.876075009774569,372,421
TASA4,202111,RCSL3,0.922768562939632,360,421
TASA4,202111,RCSL4,0.9226843662329,358,421
TASA4,202112,FESA4,0.707721535523806,520,497
TASA4,202112,PMAM3,0.835266971127854,471,497
TASA4,202112,RCSL3,0.91203281865961,463,497
TASA4,202112,RCSL4,0.896648627639383,461,497
TCSA3,201706,CGRA4,0.707885226919353,146,435
TCSA3,201706,SHOW3,0.705754256811065,40,435
TCSA3,201707,CGRA4,0.768557694764591,145,428
TCSA3,201707,POMO3,0.713772587596256,41,428
TCSA3,201707,SHOW3,0.764001145314162,39,428
TCSA3,201708,CGRA4,0.838439163896443,146,437
TCSA3,201708,SHOW3,0.837341202353949,37,437
TCSA3,201708,SSBR3,0.743191212314263,360,437
TCSA3,201710,AGRO3,0.833328587100908,115,408
TCSA3,201710,CGRA4,0.840378227680503,146,408
TCSA3,201711,AGRO3,0.84001745162432,117,410
TCSA3,201711,CGRA4,0.844392468756286,145,410
TCSA3,201712,AGRO3,0.819230693218804,120,426
TCSA3,201712,CGRA4,0.822443642342847,142,426
TCSA3,201801,AGRO3,0.711156229636111,114,401
TCSA3,201801,CGRA4,0.713689536699258,140,401
TCSA3,201908,ALPA3,0.968659200632603,84,506
TCSA3,201908,BBRK3,0.836356516219586,432,506
TCSA3,201908,ENGI4,0.96863415814577,84,506
TCSA3,201908,GRND3,0.875122483958807,558,506
TCSA3,201908,RLOG3,0.837229586974427,521,506
TCSA3,201909,ALPA3,0.87822350587199,89,576
TCSA3,201909,BBRK3,0.852951175229873,437,576
TCSA3,201909,BIDI3,0.964432489285853,282,576
TCSA3,201909,BIDI4,0.779650453213566,498,576
TCSA3,201909,ENGI4,0.967482457732293,89,576
TCSA3,201909,GRND3,0.900200876820994,544,576
TCSA3,201909,RLOG3,0.852902109485204,568,576
TCSA3,201910,ALPA3,0.884844240594967,182,590
TCSA3,201910,BBRK3,0.867394604567602,432,590
TCSA3,201910,BIDI3,0.970190816727365,282,590
TCSA3,201910,ENGI4,0.966192164067573,95,590
TCSA3,201910,GRND3,0.901763075439511,537,590
TCSA3,201910,JPSA3,0.772497943739703,541,590
TCSA3,201910,RLOG3,0.864265425803486,548,590
TCSA3,201911,ALPA3,0.941633535911816,178,507
TCSA3,201911,BBRK3,0.866945186374549,416,507
TCSA3,201911,BIDI3,0.969479023373238,277,507
TCSA3,201911,BIDI4,0.722765519762006,293,507
TCSA3,201911,CRFB3,0.73160575329247,621,507
TCSA3,201911,ENGI4,0.967171247688544,97,507
TCSA3,201911,GRND3,0.915473516741451,515,507
TCSA3,201911,JPSA3,0.82349080554864,538,507
TCSA3,201911,RLOG3,0.775117853606683,529,507
TCSA3,201912,ALPA3,0.947677657800693,186,503
TCSA3,201912,BBRK3,0.750086133997266,419,503
TCSA3,201912,BIDI3,0.964615117276583,282,503
TCSA3,201912,ENGI4,0.957742394177308,106,503
TCSA3,201912,GRND3,0.890797468591304,528,503
TCSA3,201912,JPSA3,0.866826475867768,539,503
TCSA3,202001,BBRK3,0.725345371037089,437,465
TCSA3,202001,BIDI3,0.937716216518331,361,465
TCSA3,202001,BIDI4,0.863925553510012,383,465
TCSA3,202001,ENGI4,0.932328744081488,121,465
TCSA3,202001,GRND3,0.912412059505881,539,465
TCSA3,202001,JPSA3,0.877418209216802,512,465
TCSA3,202002,BBRK3,0.759826547580761,457,489
TCSA3,202002,BIDI3,0.874434891736614,123,489
TCSA3,202002,ENGI4,0.86718627017238,123,489
TCSA3,202002,GRND3,0.849714012692095,567,489
TCSA3,202002,JPSA3,0.84932060905141,525,489
TCSA3,202003,BIDI4,0.824128450302932,496,462
TCSA3,202003,ENGI4,0.827014435015133,124,462
TCSA3,202003,GRND3,0.800438580961842,524,462
TCSA3,202003,HBOR3,0.838473631235971,564,462
TCSA3,202003,JPSA3,0.822710603653697,549,462
TCSA3,202004,BBRK3,0.747511187808145,464,498
TCSA3,202004,BIDI3,0.816591383626428,125,498
TCSA3,202004,BIDI4,0.905999204466154,497,498
TCSA3,202004,CSAN3,0.75495670088734,955,498
TCSA3,202004,ENGI4,0.934085140434283,125,498
TCSA3,202004,GRND3,0.916157361348686,513,498
TCSA3,202004,HBOR3,0.80909342325325,550,498
TCSA3,202004,JPSA3,0.919851837164347,518,498
TCSA3,202005,BBRK3,0.741068327366429,467,569
TCSA3,202005,BIDI3,0.915268461306802,138,569
TCSA3,202005,BIDI4,0.894638231381703,544,569
TCSA3,202005,CSAN3,0.758260218588733,947,569
TCSA3,202005,ENGI4,0.942700339080119,138,569
TCSA3,202005,GRND3,0.925893280521562,521,569
TCSA3,202005,HBOR3,0.845735901005731,591,569
TCSA3,202006,BBRK3,0.755188930468947,466,592
TCSA3,202006,BIDI3,0.950572435352495,142,592
TCSA3,202006,BIDI4,0.847442437280944,564,592
TCSA3,202006,CSAN3,0.762331474772964,980,592
TCSA3,202006,ENGI4,0.962352402818878,142,592
TCSA3,202006,GRND3,0.933964563086063,543,592
TCSA3,202006,HBOR3,0.80882842402631,597,592
TCSA3,202007,BBRK3,0.758958865423767,473,657
TCSA3,202007,BIDI3,0.951244097813799,209,657
TCSA3,202007,BIDI4,0.780276754629204,637,657
TCSA3,202007,ENGI4,0.958937034530653,145,657
TCSA3,202007,GRND3,0.928057864530309,570,657
TCSA3,202007,HBOR3,0.844469348545711,638,657
TCSA3,202008,BBRK3,0.846112665084034,465,628
TCSA3,202008,BIDI3,0.937758417179315,211,628
TCSA3,202008,GRND3,0.91818803631827,562,628
TCSA3,202008,HBOR3,0.893191760543485,601,628
TCSA3,202008,SEER3,0.869137681239051,611,628
TCSA3,202009,BBRK3,0.870381266655325,449,579
TCSA3,202009,BIDI3,0.946909818008308,229,579
TCSA3,202009,GRND3,0.928905122262363,519,579
TCSA3,202009,GUAR3,0.901190225265033,568,579
TCSA3,202009,HBOR3,0.914491086075046,592,579
TCSA3,202009,SEER3,0.933690851555721,590,579
TCSA3,202010,BBRK3,0.879291442369161,462,583
TCSA3,202010,BIDI3,0.945460048873359,314,583
TCSA3,202010,GRND3,0.91174051644147,548,583
TCSA3,202010,GUAR3,0.869105446662328,569,583
TCSA3,202010,HBOR3,0.928319020832436,606,583
TCSA3,202010,SEER3,0.951070041743725,618,583
TCSA3,202011,BBRK3,0.825104276643587,465,571
TCSA3,202011,BIDI3,0.885942534799424,423,571
TCSA3,202011,GRND3,0.888121623517826,536,571
TCSA3,202011,GUAR3,0.870560859155993,558,571
TCSA3,202011,HBOR3,0.937167923599046,601,571
TCSA3,202011,SEER3,0.930254764120934,596,571
TCSA3,202012,BBRK3,0.846686657384664,476,551
TCSA3,202012,BIDI3,0.859356027926571,432,551
TCSA3,202012,GRND3,0.900867126275188,544,551
TCSA3,202012,GUAR3,0.88281671302309,550,551
TCSA3,202012,HBOR3,0.876567556648156,609,551
TCSA3,202012,SEER3,0.941704503839597,610,551
TCSA3,202101,BBRK3,0.850072827580808,479,550
TCSA3,202101,BIDI3,0.845163859841083,433,550
TCSA3,202101,GRND3,0.885194493710435,597,550
TCSA3,202101,GUAR3,0.853756734267358,520,550
TCSA3,202101,HBOR3,0.707086509465032,609,550
TCSA3,202101,NGRD3,0.863415511089577,403,550
TCSA3,202101,SEER3,0.932894801583222,619,550
TCSA3,202102,BBRK3,0.859393012768302,488,570
TCSA3,202102,BIDI3,0.826290145353392,446,570
TCSA3,202102,GRND3,0.874662802853356,597,570
TCSA3,202102,GUAR3,0.831753042947437,589,570
TCSA3,202102,HBOR3,0.932032692261612,584,570
TCSA3,202102,SEER3,0.929813463487753,637,570
TCSA3,202103,BBRK3,0.899553935618095,487,588
TCSA3,202103,BIDI3,0.817898656400152,333,588
TCSA3,202103,GRND3,0.902292186621911,578,588
TCSA3,202103,GUAR3,0.861001458198233,593,588
TCSA3,202103,HBOR3,0.943044374135161,592,588
TCSA3,202104,BBRK3,0.886044204061875,490,623
TCSA3,202104,BIDI3,0.816791224741358,332,623
TCSA3,202104,GRND3,0.911662725090135,623,623
TCSA3,202104,GUAR3,0.876927017542399,654,623
TCSA3,202104,HBOR3,0.889747699008967,634,623
TCSA3,202105,BIDI3,0.792917181550891,337,618
TCSA3,202105,GRND3,0.884961288770644,611,618
TCSA3,202105,GUAR3,0.892921400721418,641,618
TCSA3,202105,HBOR3,0.898180973078839,617,618
TCSA3,202107,BBRK3,0.734661665757924,442,601
TCSA3,202107,DMMO3,0.758157051750526,51,601
TCSA3,202108,BBRK3,0.74202915581677,389,588
TCSA3,202108,BMGB4,0.727594700627305,626,588
TCSA3,202109,BBRK3,0.89761708974177,383,515
TCSA3,202109,GFSA3,0.89316403752477,495,515
TCSA3,202109,LOGG3,0.727955152740742,560,515
TCSA3,202110,GFSA3,0.79961495348058,457,446
TCSA3,202110,LOGG3,0.808920259308707,510,446
TCSA3,202111,GFSA3,0.917046781881464,404,395
TCSA3,202111,LOGG3,0.832354102281955,459,395
TCSA3,202112,GFSA3,0.792060862543273,498,489
TCSA3,202112,LOGG3,0.854628254391677,615,489
TECN3,201702,CYRE3,0.706554823688748,789,346
TECN3,201702,HBOR3,0.830002739559074,392,346
TECN3,201702,PNVL4,0.704875591040638,426,346
TECN3,201703,ANIM3,0.710223805358134,348,328
TECN3,201703,HBOR3,0.866614883055812,391,328
TECN3,201703,PNVL4,0.740205665303327,427,328
TECN3,201704,ANIM3,0.767350023113494,350,235
TECN3,201704,HBOR3,0.875618813367025,396,235
TECN3,201704,PNVL4,0.723393156013402,433,235
TECN3,201705,CYRE3,0.765603069678741,742,229
TECN3,201705,HBOR3,0.92096147776919,258,229
TECN3,201705,PNVL4,0.774463386974392,437,229
TECN3,201706,CYRE3,0.888559437431668,713,235
TECN3,201706,HBOR3,0.924270591003988,190,235
TECN3,201706,PNVL3,0.873626682676452,20,235
TECN3,201706,PNVL4,0.771619979097015,432,235
TECN3,201707,HBOR3,0.965874532240543,102,235
TECN3,201707,PNVL3,0.912254865329015,21,235
TECN3,201707,PNVL4,0.805917038386367,428,235
TECN3,201708,HBOR3,0.776917997366955,99,119
TECN3,201708,PNVL3,0.807851914785192,24,119
TECN3,201708,PNVL4,0.701861695809429,431,119
TECN3,201709,PNVL3,0.763854174745278,24,171
TECN3,201709,PNVL4,0.702332248590712,428,171
TECN3,201710,HBOR3,0.861838331922249,91,172
TECN3,201710,PNVL3,0.761869573035705,34,172
TECN3,201710,PNVL4,0.707518271912346,434,172
TECN3,201711,HBOR3,0.859733390531103,93,169
TECN3,201711,PNVL3,0.805521300370961,25,169
TECN3,201711,PNVL4,0.727959131471089,434,169
TECN3,201712,HBOR3,0.931809612668615,244,162
TECN3,201712,PNVL3,0.845375638164187,23,162
TECN3,201712,PNVL4,0.777078745122251,431,162
TECN3,201801,HBOR3,0.892673770605462,240,160
TECN3,201801,PNVL3,0.805098967469729,23,160
TECN3,201801,PNVL4,0.744690575851438,432,160
TECN3,201802,HBOR3,0.719179388800321,246,80
TECN3,201802,PNVL3,0.827814412288559,24,80
TECN3,201802,PNVL4,0.828968881245487,110,80
TECN3,201803,HBOR3,0.732941082764129,289,81
TECN3,201803,PNVL3,0.82914668779598,60,81
TECN3,201803,PNVL4,0.755112281058878,111,81
TECN3,201804,HBOR3,0.719933513824115,158,145
TECN3,201804,PNVL4,0.75616082439307,427,145
TECN3,201805,HBOR3,0.776524599599423,145,149
TECN3,201805,PNVL4,0.763240360330199,433,149
TECN3,201806,HBOR3,0.780820427776979,149,44
TECN3,201806,PNVL4,0.77113100278891,436,44
TECN3,201807,HBOR3,0.788985216493006,150,43
TECN3,201807,PFRM3,0.738598789119904,23,43
TECN3,201807,PNVL4,0.757689457477585,442,43
TECN3,201808,HBOR3,0.829475335068675,138,42
TECN3,201808,PFRM3,0.94311606770631,20,42
TECN3,201808,PNVL4,0.76689381523631,444,42
TECN3,201809,HBOR3,0.818630636293488,130,42
TECN3,201809,PNVL4,0.773784238409122,443,42
TECN3,201810,HBOR3,0.846161518278524,125,42
TECN3,201810,PNVL4,0.734043365697498,449,42
TECN3,201811,HBOR3,0.89759703127779,177,42
TECN3,201811,PNVL4,0.71752064598825,452,42
TECN3,201812,HBOR3,0.987626690657726,149,43
TECN3,201812,PNVL4,0.728300218089369,459,43
TECN3,201901,HBOR3,0.940287405292127,246,50
TECN3,201902,HBOR3,0.981642839156707,235,50
TECN3,201903,HBOR3,0.993598328012603,58,50
TECN3,201904,HBOR3,0.980822178807515,58,50
TECN3,201905,HBOR3,0.986589838725083,59,50
TECN3,201906,HBOR3,0.978190886041779,59,50
TECN3,201907,HBOR3,0.94410955698184,165,51
TECN3,201908,HBOR3,0.709259491915794,170,51
TECN3,202108,CARD3,0.768451772914966,69,34
TECN3,202108,CPLE3,0.9802091562637,295,34
TECN3,202108,DEXP3,0.954543766761913,100,34
TECN3,202108,ROMI3,0.867742100095679,498,34
TECN3,202109,CARD3,0.769961921794698,107,59
TECN3,202109,CPLE3,0.891003451188974,326,59
TECN3,202109,DEXP3,0.92683720282578,96,59
TECN3,202109,PTBL3,0.895161325480599,517,59
TECN3,202109,RANI3,0.737189086918956,525,59
TECN3,202109,ROMI3,0.903906523476189,515,59
TECN3,202109,SEER3,0.901674022613931,685,59
TECN3,202110,CPLE3,0.909039994778004,276,381
TECN3,202110,DEXP3,0.924853425601661,433,381
TECN3,202110,PTBL3,0.817329817839944,465,381
TECN3,202110,ROMI3,0.840359152003325,473,381
TECN3,202110,SEER3,0.878689362774365,686,381
TECN3,202111,CAML3,0.712979812509536,441,329
TECN3,202111,CPLE3,0.901414770405076,261,329
TECN3,202111,DEXP3,0.913527270716884,405,329
TECN3,202111,ROMI3,0.732233544735938,425,329
TECN3,202111,SEER3,0.957333472056914,619,329
TECN3,202112,BRAP3,0.741745540587159,308,463
TECN3,202112,CAML3,0.841290273666371,553,463
TECN3,202112,CPLE3,0.81289910111606,272,463
TECN3,202112,DEXP3,0.887501408550278,494,463
TECN3,202112,ENAT3,0.812619970844214,598,463
TECN3,202112,SEER3,0.956691710250803,665,463
TEND3,201707,BRPR3,0.74201312113878,466,499
TEND3,201708,ALUP11,0.701357889546122,611,462
TEND3,201711,KLBN11,0.763818335862624,792,449
TEND3,201712,BRPR3,0.748582735181376,422,455
TEND3,201712,CMIG3,0.784913674625098,312,455
TEND3,201712,IDNT3,0.73549895542124,202,455
TEND3,201801,CMIG3,0.719791045478424,313,501
TEND3,201801,IDNT3,0.703347495605054,200,501
TEND3,201803,CMIG3,0.712245239867957,301,513
TEND3,201803,IDNT3,0.707527343513264,40,513
TEND3,201803,MYPK3,0.715054848260076,538,513
TEND3,201804,CMIG3,0.737322974010891,401,548
TEND3,201804,MEAL3,0.705649318563776,553,548
TEND3,201804,MYPK3,0.801347235455318,616,548
TEND3,201805,CMIG3,0.761354581976638,551,573
TEND3,201805,IDNT3,0.727028721872931,200,573
TEND3,201805,MEAL3,0.710974944712763,552,573
TEND3,201805,MYPK3,0.761791536095644,644,573
TEND3,201806,CMIG3,0.830202953971287,554,563
TEND3,201806,CPLE3,0.747787480492681,403,563
TEND3,201806,IDNT3,0.83354073254084,202,563
TEND3,201806,KROT3,0.733205718689349,814,563
TEND3,201806,MEAL3,0.840186294795373,547,563
TEND3,201807,CMIG3,0.874251423337682,563,624
TEND3,201807,IDNT3,0.79605854467441,221,624
TEND3,201807,JBSS3,0.746200706287392,814,624
TEND3,201807,MEAL3,0.892586330088312,560,624
TEND3,201807,MRFG3,0.711658568775787,804,624
TEND3,201807,MYPK3,0.832255222774263,713,624
TEND3,201808,CMIG3,0.870925304942142,558,628
TEND3,201808,IDNT3,0.787614969267412,225,628
TEND3,201808,MEAL3,0.852397964971007,560,628
TEND3,201808,MYPK3,0.799462950900676,649,628
TEND3,201809,CMIG3,0.900192453988593,550,611
TEND3,201809,IDNT3,0.765538278846565,229,611
TEND3,201809,KROT3,0.773968305194432,796,611
TEND3,201809,LIGT3,0.80758836786732,609,611
TEND3,201809,LINX3,0.848605592089804,591,611
TEND3,201809,MEAL3,0.907808628184093,545,611
TEND3,201809,MYPK3,0.773978306468866,627,611
TEND3,201809,PCAR4,0.710392758696761,896,611
TEND3,201810,BRDT3,0.773092343183715,517,540
TEND3,201810,CMIG3,0.841147659047538,552,540
TEND3,201810,DTEX3,0.821606742337497,515,540
TEND3,201810,GUAR3,0.829625673598228,370,540
TEND3,201810,IDNT3,0.751317373092481,232,540
TEND3,201810,JBSS3,0.746894435867978,796,540
TEND3,201810,LINX3,0.732478787601584,598,540
TEND3,201810,MEAL3,0.910178959099347,412,540
TEND3,201810,MYPK3,0.894200639636159,621,540
TEND3,201810,PCAR4,0.712622431175333,880,540
TEND3,201811,BRDT3,0.804217717245303,764,522
TEND3,201811,CMIG3,0.82777965017995,660,522
TEND3,201811,CRFB3,0.731851897908752,625,522
TEND3,201811,DTEX3,0.876854514823012,609,522
TEND3,201811,GUAR3,0.728374958315388,449,522
TEND3,201811,MEAL3,0.910013125178972,435,522
TEND3,201811,MYPK3,0.823549065363589,648,522
TEND3,201811,PCAR4,0.713882700071548,943,522
TEND3,201811,SAPR11,0.734507074456874,524,522
TEND3,201812,BRDT3,0.84177417794884,827,520
TEND3,201812,CMIG3,0.890266056175117,614,520
TEND3,201812,CRFB3,0.832798455293471,667,520
TEND3,201812,CSMG3,0.74207693407689,738,520
TEND3,201812,DTEX3,0.898383322860007,625,520
TEND3,201812,GUAR3,0.79837052025626,465,520
TEND3,201812,KROT3,0.771070576595562,859,520
TEND3,201812,LINX3,0.722169083724527,740,520
TEND3,201812,MEAL3,0.918397549367831,437,520
TEND3,201812,MYPK3,0.860800841874119,655,520
TEND3,201812,PCAR4,0.724022640703868,903,520
TEND3,201812,SAPR11,0.759599308482646,557,520
TEND3,201901,AALR3,0.788959651698919,456,520
TEND3,201901,BPAC11,0.83858740186991,490,520
TEND3,201901,BRDT3,0.795666219095359,880,520
TEND3,201901,CCRO3,0.824160715911416,894,520
TEND3,201901,CMIG3,0.902338247165863,616,520
TEND3,201901,DTEX3,0.920370994716441,614,520
TEND3,201901,GUAR3,0.846986220605959,540,520
TEND3,201901,KROT3,0.858475233437949,864,520
TEND3,201901,LINX3,0.730196643017625,724,520
TEND3,201901,MEAL3,0.924011297450827,462,520
TEND3,201901,MYPK3,0.867691686303076,624,520
TEND3,201901,PCAR4,0.834657492323589,900,520
TEND3,201901,SAPR11,0.737591686213186,595,520
TEND3,201902,BPAC11,0.746151730683301,559,610
TEND3,201902,CCRO3,0.744379456288421,924,610
TEND3,201902,CMIG3,0.845859259055267,647,610
TEND3,201902,DTEX3,0.879966245068605,669,610
TEND3,201902,ELET3,0.801060295288746,946,610
TEND3,201902,GUAR3,0.743298177891513,561,610
TEND3,201902,KROT3,0.80692009852396,924,610
TEND3,201902,MEAL3,0.867913874357143,498,610
TEND3,201902,MYPK3,0.810003191861986,667,610
TEND3,201902,PCAR4,0.829549448144659,984,610
TEND3,201902,SAPR11,0.846440317377422,721,610
TEND3,201903,AALR3,0.721228443946214,476,537
TEND3,201903,CMIG3,0.839379548558418,658,537
TEND3,201903,DTEX3,0.807185498633066,573,537
TEND3,201903,ELET3,0.756420777455947,973,537
TEND3,201903,MEAL3,0.84600150460086,455,537
TEND3,201903,MYPK3,0.778019625098387,621,537
TEND3,201903,PCAR4,0.742417738465766,974,537
TEND3,201903,SAPR11,0.800585121832067,715,537
TEND3,201904,AALR3,0.759699205185568,476,514
TEND3,201904,CCRO3,0.743647556826317,911,514
TEND3,201904,CMIG3,0.8957536331095,659,514
TEND3,201904,DTEX3,0.877429664888349,573,514
TEND3,201904,ECOR3,0.702717086966464,775,514
TEND3,201904,ENBR3,0.724333420878964,860,514
TEND3,201904,GUAR3,0.777319507648879,516,514
TEND3,201904,LINX3,0.775132700772059,775,514
TEND3,201904,MEAL3,0.915018662438815,407,514
TEND3,201904,MYPK3,0.904034703454583,572,514
TEND3,201904,PCAR4,0.798475874619959,952,514
TEND3,201904,SAPR11,0.833420760566576,669,514
TEND3,201905,CPLE3,0.829244657276768,446,523
TEND3,201905,DTEX3,0.882216084078756,476,523
TEND3,201905,ECOR3,0.702293241128291,791,523
TEND3,201905,GUAR3,0.876235082222459,447,523
TEND3,201905,LINX3,0.767676820890802,729,523
TEND3,201905,MEAL3,0.857403900931455,408,523
TEND3,201905,MYPK3,0.880880725326725,555,523
TEND3,201905,PCAR4,0.707885243319744,980,523
TEND3,201906,CCRO3,0.743684479617803,869,580
TEND3,201906,CPLE3,0.857419570820357,408,580
TEND3,201906,DTEX3,0.886034362206717,492,580
TEND3,201906,ECOR3,0.766706611365962,798,580
TEND3,201906,GUAR3,0.850291210693171,434,580
TEND3,201906,LINX3,0.767871029695308,753,580
TEND3,201906,MEAL3,0.863947782901511,407,580
TEND3,201906,MYPK3,0.885271631836545,517,580
TEND3,201907,AALR3,0.734043689549202,480,612
TEND3,201907,ALSC3,0.761924123395302,640,612
TEND3,201907,CMIG3,0.715956118462962,678,612
TEND3,201907,CPFE3,0.70374721829289,912,612
TEND3,201907,CPLE3,0.804201542343768,408,612
TEND3,201907,DTEX3,0.862629938382577,584,612
TEND3,201907,ECOR3,0.780669893050558,814,612
TEND3,201907,ELET3,0.762705490956255,958,612
TEND3,201907,GUAR3,0.837123952339786,482,612
TEND3,201907,LINX3,0.726219378374277,825,612
TEND3,201907,MEAL3,0.880349611110891,485,612
TEND3,201907,MYPK3,0.899390619375983,586,612
TEND3,201908,AALR3,0.750626403290937,473,636
TEND3,201908,CMIG3,0.710261967645157,664,636
TEND3,201908,DTEX3,0.90064004473083,665,636
TEND3,201908,ECOR3,0.829725679228494,867,636
TEND3,201908,ELET3,0.75939421901224,949,636
TEND3,201908,GUAR3,0.86954661742872,667,636
TEND3,201908,LINX3,0.792335354471836,760,636
TEND3,201908,MEAL3,0.850186574648386,601,636
TEND3,201908,MYPK3,0.895238332531771,686,636
TEND3,201908,NEOE3,0.761735344967996,833,636
TEND3,201908,SULA11,0.791884621600465,656,636
TEND3,201909,AALR3,0.802566144459077,474,629
TEND3,201909,ALSO3,0.779841320610496,666,629
TEND3,201909,CPLE3,0.768557424904937,413,629
TEND3,201909,DTEX3,0.875174920081264,650,629
TEND3,201909,ECOR3,0.738345299856025,875,629
TEND3,201909,GUAR3,0.829991798784746,641,629
TEND3,201909,MEAL3,0.839765703437144,573,629
TEND3,201909,MYPK3,0.858112331163194,641,629
TEND3,201909,NEOE3,0.724339101258551,791,629
TEND3,201909,SULA11,0.744487382820734,753,629
TEND3,201910,AALR3,0.701663160879547,473,620
TEND3,201910,ALSO3,0.750591148800641,682,620
TEND3,201910,CPLE3,0.767115114237357,409,620
TEND3,201910,DTEX3,0.861453284769138,624,620
TEND3,201910,GUAR3,0.790211702118316,571,620
TEND3,201910,MEAL3,0.804345040178714,572,620
TEND3,201910,MYPK3,0.813959576329772,570,620
TEND3,201910,NEOE3,0.726923176110949,748,620
TEND3,201911,AALR3,0.74623005155512,404,564
TEND3,201911,ALSO3,0.771438778012385,698,564
TEND3,201911,BPAC11,0.727762796803251,940,564
TEND3,201911,CIEL3,0.846906287570323,840,564
TEND3,201911,CPLE3,0.821585229227853,326,564
TEND3,201911,DTEX3,0.850310173158311,574,564
TEND3,201911,ECOR3,0.820932423226618,875,564
TEND3,201911,GUAR3,0.818163999168283,513,564
TEND3,201911,IDNT3,0.728058802685217,222,564
TEND3,201911,LINX3,0.751037181843572,670,564
TEND3,201911,MEAL3,0.861957121611729,532,564
TEND3,201911,MYPK3,0.80866275903004,523,564
TEND3,201911,NEOE3,0.779034913469913,732,564
TEND3,201911,SBSP3,0.801632765163413,945,564
TEND3,201912,CIEL3,0.750157318305629,859,582
TEND3,201912,CPLE3,0.736974102219737,331,582
TEND3,201912,CYRE3,0.745094058263699,937,582
TEND3,201912,DTEX3,0.788096161273649,563,582
TEND3,201912,ECOR3,0.719156853113301,836,582
TEND3,201912,GUAR3,0.732278856503724,528,582
TEND3,201912,IDNT3,0.704732356431472,228,582
TEND3,201912,LINX3,0.724214021079049,669,582
TEND3,201912,MEAL3,0.784390338959871,537,582
TEND3,201912,MYPK3,0.772910803434494,529,582
TEND3,201912,QUAL3,0.705620044415691,857,582
TEND3,201912,SBSP3,0.715251015846627,923,582
TEND3,202112,ENJU3,0.736793493310895,820,773
TEND3,202112,HBRE3,0.735306785044082,527,773
TEND3,202112,HYPE3,0.705563133613999,1232,773
TEND3,202112,LAVV3,0.716118553941116,705,773
TGMA3,201804,CPLE3,0.72966428416682,392,451
TGMA3,201804,TEND3,0.702962841679952,548,451
TGMA3,201806,KROT3,0.742921045148055,814,461
TGMA3,201806,MEAL3,0.729049638068925,547,461
TGMA3,201806,TEND3,0.748190586539508,563,461
TGMA3,201807,MEAL3,0.726979707021164,560,471
TGMA3,201807,TEND3,0.804290760864741,624,471
TGMA3,201808,CMIG3,0.718629228313154,558,459
TGMA3,201808,MEAL3,0.721501717367162,560,459
TGMA3,201808,TEND3,0.83621002357097,628,459
TGMA3,201809,CMIG3,0.780337588122514,550,441
TGMA3,201809,CPLE3,0.79659788420984,417,441
TGMA3,201809,KROT3,0.721227400223097,796,441
TGMA3,201809,LIGT3,0.897089093586522,609,441
TGMA3,201809,LINX3,0.727121084632675,591,441
TGMA3,201809,MEAL3,0.784105230704906,545,441
TGMA3,201809,TEND3,0.847063054586866,611,441
TGMA3,201810,CMIG3,0.744446187105858,552,445
TGMA3,201810,CSMG3,0.75121512918191,646,445
TGMA3,201810,JBSS3,0.729441103233098,796,445
TGMA3,201810,LIGT3,0.86339678023847,591,445
TGMA3,201810,MEAL3,0.742616285340919,412,445
TGMA3,201810,MYPK3,0.808842773705231,621,445
TGMA3,201810,TEND3,0.816803792235537,540,445
TGMA3,201811,BRDT3,0.762055775166015,764,479
TGMA3,201811,CMIG3,0.752074353423453,660,479
TGMA3,201811,CSMG3,0.737708317759121,745,479
TGMA3,201811,DTEX3,0.719347218343461,609,479
TGMA3,201811,GGBR4,0.717024961458649,989,479
TGMA3,201811,MEAL3,0.752237358715674,435,479
TGMA3,201811,MYPK3,0.743362872736265,648,479
TGMA3,201811,SAPR11,0.724917147348786,524,479
TGMA3,201811,TEND3,0.820017439291763,522,479
TGMA3,201812,BRDT3,0.804742778593207,827,506
TGMA3,201812,CMIG3,0.822722912868342,614,506
TGMA3,201812,CRFB3,0.733581423816453,667,506
TGMA3,201812,CSMG3,0.773271872825717,738,506
TGMA3,201812,DTEX3,0.787410925448594,625,506
TGMA3,201812,KROT3,0.714394778271649,859,506
TGMA3,201812,MEAL3,0.802348808053855,437,506
TGMA3,201812,MYPK3,0.803167304801758,655,506
TGMA3,201812,RAIL3,0.755433156444827,965,506
TGMA3,201812,SAPR11,0.781983424113411,557,506
TGMA3,201812,TEND3,0.872828222206063,520,506
TGMA3,201901,AALR3,0.774300224540175,456,513
TGMA3,201901,BPAC11,0.893658706253459,490,513
TGMA3,201901,BRDT3,0.806854415029284,880,513
TGMA3,201901,CCRO3,0.796886442195905,894,513
TGMA3,201901,CMIG3,0.915635444091393,616,513
TGMA3,201901,CSMG3,0.710342517804445,678,513
TGMA3,201901,DTEX3,0.890487887250813,614,513
TGMA3,201901,GUAR3,0.827453029631501,540,513
TGMA3,201901,KROT3,0.834331420375664,864,513
TGMA3,201901,LINX3,0.704735814883675,724,513
TGMA3,201901,MEAL3,0.896556949484282,462,513
TGMA3,201901,MYPK3,0.843466882356832,624,513
TGMA3,201901,PCAR4,0.784319052617803,900,513
TGMA3,201901,SAPR11,0.755551112557161,595,513
TGMA3,201901,TEND3,0.945830326275159,520,513
TGMA3,201902,AALR3,0.703896706099742,464,547
TGMA3,201902,AZUL4,0.726831349037197,865,547
TGMA3,201902,BPAC11,0.847115036545064,559,547
TGMA3,201902,CCRO3,0.732532993724111,924,547
TGMA3,201902,CMIG3,0.882708344288536,647,547
TGMA3,201902,DTEX3,0.853316996441785,669,547
TGMA3,201902,ECOR3,0.79209759987801,893,547
TGMA3,201902,ELET3,0.778057531776781,946,547
TGMA3,201902,GUAR3,0.730372073662704,561,547
TGMA3,201902,KROT3,0.767052075064902,924,547
TGMA3,201902,MEAL3,0.862145151419074,498,547
TGMA3,201902,MYPK3,0.798251070033249,667,547
TGMA3,201902,PCAR4,0.78222311875902,984,547
TGMA3,201902,SAPR11,0.852889799373101,721,547
TGMA3,201902,TEND3,0.907970822308249,610,547
TGMA3,201903,AALR3,0.729417765689076,476,514
TGMA3,201903,AZUL4,0.739484483926796,902,514
TGMA3,201903,BPAC11,0.832407810259011,552,514
TGMA3,201903,CCRO3,0.751056758470814,908,514
TGMA3,201903,CMIG3,0.881229961937105,658,514
TGMA3,201903,DTEX3,0.837444812506879,573,514
TGMA3,201903,ECOR3,0.82557706192508,845,514
TGMA3,201903,ELET3,0.812905654071565,973,514
TGMA3,201903,GUAR3,0.711212096832986,513,514
TGMA3,201903,MEAL3,0.874055499193101,455,514
TGMA3,201903,MYPK3,0.821546898386555,621,514
TGMA3,201903,PCAR4,0.785156292961573,974,514
TGMA3,201903,SAPR11,0.860446160071211,715,514
TGMA3,201903,TEND3,0.886707369878688,537,514
TGMA3,201904,AALR3,0.717189550989953,476,492
TGMA3,201904,AZUL4,0.768008894921524,881,492
TGMA3,201904,CCRO3,0.719690509549153,911,492
TGMA3,201904,CMIG3,0.925447179375973,659,492
TGMA3,201904,DTEX3,0.837852381334358,573,492
TGMA3,201904,ECOR3,0.858592820840064,775,492
TGMA3,201904,GUAR3,0.74116128396524,516,492
TGMA3,201904,LIGT3,0.768467526749253,666,492
TGMA3,201904,LINX3,0.744399105819444,775,492
TGMA3,201904,MEAL3,0.873157908093468,407,492
TGMA3,201904,MYPK3,0.870198435618606,572,492
TGMA3,201904,PCAR4,0.772999271949573,952,492
TGMA3,201904,SAPR11,0.875034457599677,669,492
TGMA3,201904,TEND3,0.871102904829085,514,492
TGMA3,201905,AZUL4,0.783068362152378,857,488
TGMA3,201905,CMIG3,0.799053313793302,649,488
TGMA3,201905,CPLE3,0.86894899883969,446,488
TGMA3,201905,DTEX3,0.856620863227994,476,488
TGMA3,201905,ECOR3,0.874345315972937,791,488
TGMA3,201905,GUAR3,0.859439348888884,447,488
TGMA3,201905,LIGT3,0.860810439182293,633,488
TGMA3,201905,LINX3,0.73978660205079,729,488
TGMA3,201905,MEAL3,0.843974789672265,408,488
TGMA3,201905,MYPK3,0.860844977333422,555,488
TGMA3,201905,TEND3,0.888703321207837,523,488
TGMA3,201906,AZUL4,0.71612888159223,978,503
TGMA3,201906,CCRO3,0.753544766601399,869,503
TGMA3,201906,CMIG3,0.805570623518971,670,503
TGMA3,201906,CPFE3,0.716788666527412,455,503
TGMA3,201906,CPLE3,0.883429195979333,408,503
TGMA3,201906,DTEX3,0.89225369649566,492,503
TGMA3,201906,ECOR3,0.88881301127699,798,503
TGMA3,201906,GUAR3,0.861170860132796,434,503
TGMA3,201906,LINX3,0.764087463459746,753,503
TGMA3,201906,MEAL3,0.872647514558357,407,503
TGMA3,201906,MYPK3,0.892731068273965,517,503
TGMA3,201906,NATU3,0.716822201946778,874,503
TGMA3,201906,TEND3,0.921330827173145,580,503
TGMA3,201907,AALR3,0.734797260300295,480,564
TGMA3,201907,ALSC3,0.760392717725781,640,564
TGMA3,201907,CMIG3,0.804323263985581,678,564
TGMA3,201907,CPFE3,0.771646602134348,912,564
TGMA3,201907,CPLE3,0.790723025942151,408,564
TGMA3,201907,DTEX3,0.869698824622034,584,564
TGMA3,201907,ECOR3,0.848965689184649,814,564
TGMA3,201907,ELET3,0.769185249505052,958,564
TGMA3,201907,GUAR3,0.845321935887089,482,564
TGMA3,201907,LINX3,0.727962003029372,825,564
TGMA3,201907,MEAL3,0.878050990277781,485,564
TGMA3,201907,MYPK3,0.900539652036327,586,564
TGMA3,201907,NEOE3,0.714292037307192,805,564
TGMA3,201907,TEND3,0.939221680567018,612,564
TGMA3,201908,CMIG3,0.811558512786917,664,581
TGMA3,201908,CPLE3,0.727415502770689,410,581
TGMA3,201908,DTEX3,0.883501529738584,665,581
TGMA3,201908,ECOR3,0.862017761438673,867,581
TGMA3,201908,ELET3,0.739966246237542,949,581
TGMA3,201908,GUAR3,0.865896627622123,667,581
TGMA3,201908,LINX3,0.748246441270976,760,581
TGMA3,201908,MEAL3,0.855854297318725,601,581
TGMA3,201908,MYPK3,0.882330611200874,686,581
TGMA3,201908,NEOE3,0.767430480867611,833,581
TGMA3,201908,SULA11,0.761052380613672,656,581
TGMA3,201908,TEND3,0.881429693578533,636,581
TGMA3,201909,AALR3,0.795002185799217,474,580
TGMA3,201909,ALSO3,0.757645785291681,666,580
TGMA3,201909,CMIG3,0.728611270331482,656,580
TGMA3,201909,CPLE3,0.832282478877091,413,580
TGMA3,201909,DTEX3,0.864259511942296,650,580
TGMA3,201909,ECOR3,0.794456076728563,875,580
TGMA3,201909,GUAR3,0.822574237548151,641,580
TGMA3,201909,MEAL3,0.845878152307535,573,580
TGMA3,201909,MYPK3,0.851868695901814,641,580
TGMA3,201909,NEOE3,0.727535664437589,791,580
TGMA3,201909,SULA11,0.735661292060354,753,580
TGMA3,201909,TEND3,0.927739290341362,629,580
TGMA3,201910,AALR3,0.776096794296186,473,576
TGMA3,201910,ALSO3,0.782661596149228,682,576
TGMA3,201910,CPLE3,0.850204015425646,409,576
TGMA3,201910,DTEX3,0.88593919782904,624,576
TGMA3,201910,ECOR3,0.784992567062023,878,576
TGMA3,201910,GUAR3,0.839130288213704,571,576
TGMA3,201910,MEAL3,0.864818959603488,572,576
TGMA3,201910,MYPK3,0.866654420689417,570,576
TGMA3,201910,NEOE3,0.779419886814886,748,576
TGMA3,201910,SBSP3,0.778173451522456,939,576
TGMA3,201910,SULA11,0.72180107659559,888,576
TGMA3,201910,TEND3,0.930919420076889,620,576
TGMA3,201911,AALR3,0.813605026391352,404,497
TGMA3,201911,ALSO3,0.801054845440047,698,497
TGMA3,201911,BPAC11,0.719339282295061,940,497
TGMA3,201911,CIEL3,0.88916265670103,840,497
TGMA3,201911,CPLE3,0.928162643222081,326,497
TGMA3,201911,DTEX3,0.833643357435853,574,497
TGMA3,201911,ECOR3,0.865926684910002,875,497
TGMA3,201911,GUAR3,0.858828825601006,513,497
TGMA3,201911,IDNT3,0.8092688990136,222,497
TGMA3,201911,LINX3,0.803590818080248,670,497
TGMA3,201911,MEAL3,0.932195010277583,532,497
TGMA3,201911,MYPK3,0.846306919525345,523,497
TGMA3,201911,NEOE3,0.802551147600531,732,497
TGMA3,201911,SBSP3,0.823530469191489,945,497
TGMA3,201911,TEND3,0.937429292370235,564,497
TGMA3,201912,AALR3,0.807250410777324,414,504
TGMA3,201912,ALSO3,0.702829731120364,706,504
TGMA3,201912,CIEL3,0.909640297825574,859,504
TGMA3,201912,CPLE3,0.939213057873605,331,504
TGMA3,201912,CYRE3,0.778050496472268,937,504
TGMA3,201912,DTEX3,0.765691261993284,563,504
TGMA3,201912,ECOR3,0.903723757121166,836,504
TGMA3,201912,GUAR3,0.867051849846028,528,504
TGMA3,201912,IDNT3,0.847595112726943,228,504
TGMA3,201912,LINX3,0.867556776002772,669,504
TGMA3,201912,MEAL3,0.946815322340126,537,504
TGMA3,201912,MYPK3,0.902458977450457,529,504
TGMA3,201912,NEOE3,0.767775568272279,721,504
TGMA3,201912,QUAL3,0.709223252768954,857,504
TGMA3,201912,SBSP3,0.869088273569813,923,504
TGMA3,201912,TEND3,0.842785498620015,582,504
TGMA3,202001,AALR3,0.880227096687479,458,578
TGMA3,202001,ALSO3,0.739555241994748,841,578
TGMA3,202001,CPLE3,0.965083669099753,421,578
TGMA3,202001,CYRE3,0.752017621710245,948,578
TGMA3,202001,ECOR3,0.880447156895204,856,578
TGMA3,202001,GUAR3,0.853103467312815,614,578
TGMA3,202001,IDNT3,0.866203984808259,232,578
TGMA3,202001,LINX3,0.89882819455288,679,578
TGMA3,202001,MEAL3,0.959075778944837,551,578
TGMA3,202001,MYPK3,0.902649571141996,561,578
TGMA3,202001,NEOE3,0.788730150117991,710,578
TGMA3,202001,QUAL3,0.705015229945638,899,578
TGMA3,202001,SBSP3,0.836723634542697,950,578
TGMA3,202002,AALR3,0.938723111641233,460,618
TGMA3,202002,CPLE3,0.977906524885216,451,618
TGMA3,202002,CYRE3,0.719485486382343,968,618
TGMA3,202002,ECOR3,0.906007906091426,883,618
TGMA3,202002,GUAR3,0.899417581926269,642,618
TGMA3,202002,IDNT3,0.907631870446644,233,618
TGMA3,202002,LINX3,0.899768293361621,694,618
TGMA3,202002,MEAL3,0.974055407579269,557,618
TGMA3,202002,MYPK3,0.844007663973612,630,618
TGMA3,202002,NEOE3,0.763900837437525,727,618
TGMA3,202002,QUAL3,0.782993870001311,900,618
TGMA3,202002,SBSP3,0.831311584369753,985,618
TGMA3,202003,AALR3,0.943247161704715,457,580
TGMA3,202003,CPLE3,0.971347198713083,447,580
TGMA3,202003,CYRE3,0.714073474170027,996,580
TGMA3,202003,ECOR3,0.979626786233465,872,580
TGMA3,202003,GUAR3,0.926163917194861,625,580
TGMA3,202003,IDNT3,0.929955367668204,232,580
TGMA3,202003,IRBR3,0.759909949085426,957,580
TGMA3,202003,LINX3,0.93444996891315,663,580
TGMA3,202003,MEAL3,0.978028993816969,537,580
TGMA3,202003,MYPK3,0.838505842598432,612,580
TGMA3,202003,NEOE3,0.726577007646516,744,580
TGMA3,202003,SBSP3,0.798439705318172,1003,580
TGMA3,202004,AALR3,0.964160740938967,408,548
TGMA3,202004,CPLE3,0.973282618255703,445,548
TGMA3,202004,ECOR3,0.967838786423523,895,548
TGMA3,202004,GUAR3,0.900729027970759,566,548
TGMA3,202004,IDNT3,0.926859088108445,231,548
TGMA3,202004,LINX3,0.957023360593109,609,548
TGMA3,202004,MEAL3,0.976828358002491,524,548
TGMA3,202004,MYPK3,0.74724784132217,589,548
TGMA3,202005,AALR3,0.940624700342482,403,565
TGMA3,202005,CPLE3,0.942828059579225,450,565
TGMA3,202005,ECOR3,0.966380521242487,883,565
TGMA3,202005,GUAR3,0.863009607612398,557,565
TGMA3,202005,IDNT3,0.854893424924095,232,565
TGMA3,202005,LINX3,0.916144055477446,613,565
TGMA3,202005,LOGN3,0.919681078471497,448,565
TGMA3,202005,MEAL3,0.945401967285833,488,565
TGMA3,202005,MYPK3,0.799086366063994,578,565
TGMA3,202005,SBSP3,0.704884811185374,1062,565
TGMA3,202006,AALR3,0.86235785608,395,576
TGMA3,202006,CPLE3,0.952329233761818,458,576
TGMA3,202006,ECOR3,0.966044857353078,919,576
TGMA3,202006,GUAR3,0.857083330460631,581,576
TGMA3,202006,IDNT3,0.862648140274443,249,576
TGMA3,202006,LINX3,0.939654675308964,641,576
TGMA3,202006,LOGN3,0.913137112492965,468,576
TGMA3,202006,MEAL3,0.940330431944209,484,576
TGMA3,202007,AALR3,0.973479853982357,401,592
TGMA3,202007,CPLE3,0.963551280100998,461,592
TGMA3,202007,ECOR3,0.918246272369434,967,592
TGMA3,202007,GUAR3,0.865609377120282,598,592
TGMA3,202007,LINX3,0.960054291905955,689,592
TGMA3,202007,LOGN3,0.937862299108418,495,592
TGMA3,202007,MEAL3,0.952482674496588,508,592
TGMA3,202008,AALR3,0.977608108898766,402,593
TGMA3,202008,ALSO3,0.738838926768688,810,593
TGMA3,202008,CPLE3,0.989567948597444,465,593
TGMA3,202008,ECOR3,0.938290753422535,993,593
TGMA3,202008,GUAR3,0.874741428502959,574,593
TGMA3,202008,LINX3,0.956791920880202,698,593
TGMA3,202008,LOGN3,0.93464600755153,466,593
TGMA3,202008,MEAL3,0.992959273997254,551,593
TGMA3,202008,PDTC3,0.879003897121783,255,593
TGMA3,202009,AALR3,0.954798639342922,403,572
TGMA3,202009,ALSO3,0.739130973820228,803,572
TGMA3,202009,CPLE3,0.971653514333756,473,572
TGMA3,202009,ECOR3,0.917740537399203,1017,572
TGMA3,202009,LINX3,0.913945423422177,771,572
TGMA3,202009,LOGN3,0.923002252719163,434,572
TGMA3,202009,MEAL3,0.963132074381699,512,572
TGMA3,202009,PDTC3,0.853206451836672,257,572
TGMA3,202010,AALR3,0.953698097230452,477,570
TGMA3,202010,ALSO3,0.746286060572858,811,570
TGMA3,202010,ECOR3,0.928140638733681,982,570
TGMA3,202010,LOGN3,0.939677239784667,425,570
TGMA3,202010,MEAL3,0.956958782698984,515,570
TGMA3,202010,PDTC3,0.886501673467323,265,570
TGMA3,202011,AALR3,0.989823146198175,459,566
TGMA3,202011,LOGN3,0.968442876069358,403,566
TGMA3,202011,MEAL3,0.850026903439328,505,566
TGMA3,202011,PDTC3,0.906702657639384,253,566
TGMA3,202012,AALR3,0.73200365613376,476,579
TGMA3,202101,ENAT3,0.783074931067758,413,506
TGMA3,202101,GFSA3,0.899035461605119,248,506
TGMA3,202102,ENAT3,0.78279106973213,439,530
TGMA3,202102,GFSA3,0.907545334984873,345,530
TGMA3,202103,ENAT3,0.882113131408035,474,550
TGMA3,202103,GFSA3,0.886663668415593,366,550
TGMA3,202104,ENAT3,0.866937082717261,519,588
TGMA3,202104,GFSA3,0.931160621252874,447,588
TGMA3,202105,ENAT3,0.83610464788926,523,585
TGMA3,202105,GFSA3,0.9327341624609,451,585
TGMA3,202106,ENAT3,0.900414669471778,538,582
TGMA3,202106,GFSA3,0.913532015698271,473,582
TGMA3,202107,BBTG11,0.925890988541284,43,635
TGMA3,202107,ENAT3,0.91098455455895,569,635
TGMA3,202107,GFSA3,0.944873474882919,530,635
TGMA3,202108,AERI3,0.73974385309666,600,609
TGMA3,202108,ENAT3,0.838586554544472,557,609
TGMA3,202108,GFSA3,0.879731698403061,471,609
TGMA3,202109,ENAT3,0.726615428454632,588,633
TGMA3,202110,ENAT3,0.708978242842492,593,619
TGMA3,202111,ENAT3,0.740871713380424,543,553
TIET11,201702,EGIE3,0.771173464110078,719,542
TIET11,201703,CPLE6,0.764592414159666,753,538
TIET11,201703,LEVE3,0.738072946996231,445,538
TIET11,201703,ODPV3,0.731513217186845,393,538
TIET11,201703,TAEE11,0.800537939467692,556,538
TIET11,201704,CPLE6,0.799491944569998,762,537
TIET11,201704,TAEE11,0.816359356147084,568,537
TIET11,201705,CPLE6,0.719079732568617,721,485
TIET11,201706,CPLE6,0.735144449105817,705,464
TIET11,201706,ODPV3,0.734301732161789,410,464
TIET11,201706,TAEE11,0.731266279753094,591,464
TIET11,201707,TAEE11,0.706377586358195,570,464
TIET11,201708,ODPV3,0.706619378536601,454,547
TIET11,201709,TAEE11,0.808893914145275,523,548
TIET11,201710,CPLE6,0.714663078325278,712,535
TIET11,201710,ODPV3,0.709358749391711,530,535
TIET11,201710,TAEE11,0.816849293608699,760,535
TIET11,201711,ABCB4,0.705700883387041,459,469
TIET11,201711,ODPV3,0.71644446382199,536,469
TIET11,201712,ODPV3,0.803510103210833,523,461
TIET11,201801,ODPV3,0.843077522244264,532,508
TIET11,201802,ABCB4,0.700054754915936,307,438
TIET11,201802,ODPV3,0.734354984914556,447,438
TIET11,201808,ALSC3,0.786830398537336,550,537
TIET11,201809,CESP3,0.744315340547057,102,541
TIET11,201901,ODPV3,0.709528358417935,525,492
TIET11,201902,PINE4,0.70971438183409,202,543
TIET11,201904,EGIE3,0.778625224730032,823,534
TIET11,201906,CESP3,0.707202313901618,396,551
TIET11,201906,RNEW3,0.707151536715606,392,551
TIET11,201908,CESP3,0.702019651025408,398,652
TIET11,201908,RNEW3,0.702670976802403,394,652
TIET11,202001,SAPR4,0.798491509403774,383,563
TIET11,202003,ALUP11,0.711045199214092,577,573
TIET11,202006,BRFS3,0.846583300393227,977,647
TIET11,202006,CMIG3,0.826598092086316,604,647
TIET11,202006,ENAT3,0.713429450508086,516,647
TIET11,202006,GOAU3,0.768611054129608,427,647
TIET11,202006,GOAU4,0.807187868023815,971,647
TIET11,202006,RDNI3,0.854538630169933,335,647
TIET11,202007,BRFS3,0.817850353553551,942,593
TIET11,202007,CMIG3,0.803448748060648,602,593
TIET11,202007,ENAT3,0.701282714131042,525,593
TIET11,202007,GOAU3,0.742781155407875,430,593
TIET11,202007,GOAU4,0.760382436316808,970,593
TIET11,202007,RDNI3,0.83495286581745,334,593
TIET11,202008,BRFS3,0.788194601680765,1013,546
TIET11,202008,CMIG3,0.768621322755412,644,546
TIET11,202008,GOAU3,0.714350764567044,441,546
TIET11,202008,GOAU4,0.750030520245048,1043,546
TIET11,202008,PARD3,0.720014112836589,646,546
TIET11,202008,RDNI3,0.798707642949036,336,546
TIET11,202012,GOAU4,0.734219451259366,1059,547
TIET3,202006,ALUP3,1,20,20
TIET3,202006,TAEE4,1,20,20
TIET3,202007,BMGB4,0.814904720252381,420,20
TIET3,202007,PFRM3,0.993443857019242,22,20
TIET3,202007,ROMI3,0.974289107402512,49,20
TIET3,202007,TASA4,0.977915008573818,29,20
TIET3,202008,ALUP3,0.999943297604308,22,42
TIET3,202008,SAPR3,0.873407002235098,43,42
TIET3,202008,TAEE4,0.999943297604308,22,42
TIET3,202009,ALUP3,0.999942259150653,22,48
TIET3,202009,TAEE4,0.999942259150653,22,48
TIET3,202010,AGRO3,0.907878236453935,83,49
TIET4,201702,EGIE3,0.875016014508861,719,280
TIET4,201702,FIBR3,0.836151009165939,767,280
TIET4,201702,RENT3,0.845278988694308,815,280
TIET4,202004,ALPA3,0.983167185758336,206,85
TIET4,202004,GGBR3,0.989867123778148,188,85
TIET4,202005,ALPA3,0.983797706919227,218,84
TIET4,202005,GGBR3,0.995056685418248,186,84
TIET4,202006,ALUP3,1,20,20
TIET4,202006,TAEE4,1,20,20
TIET4,202006,TIET3,1,20,20
TIET4,202007,ALPA3,0.986372420949754,222,20
TIET4,202007,GGBR3,0.996115541338403,322,20
TIET4,202008,ALUP3,1,22,22
TIET4,202008,SAPR3,0.873444747881599,43,22
TIET4,202008,TAEE4,1,22,22
TIET4,202008,TIET3,0.999943297604308,42,22
TIET4,202009,ALUP3,1,22,22
TIET4,202009,TAEE4,1,22,22
TIET4,202009,TIET3,0.999942259150654,48,22
TIMP3,201702,PSSA3,0.762766375252434,489,731
TIMP3,201703,CIEL3,0.72994689127077,930,728
TIMP3,201703,DTEX3,0.778634023819369,556,728
TIMP3,201703,GOLL4,0.753156655856633,416,728
TIMP3,201705,AZUL4,0.85529545084589,526,745
TIMP3,201705,BRSR6,0.903951849855388,649,745
TIMP3,201705,CPLE3,0.867547221927248,388,745
TIMP3,201705,ECOR3,0.859813956252875,716,745
TIMP3,201705,EUCA4,0.902759965103776,302,745
TIMP3,201705,GGBR3,0.852267135612886,478,745
TIMP3,201705,JBSS3,0.85292947358496,733,745
TIMP3,201705,QGEP3,0.836528612968871,512,745
TIMP3,201706,AZUL4,0.802360946433369,548,716
TIMP3,201706,BRSR6,0.890329541935466,622,716
TIMP3,201706,CPLE3,0.869375044187803,399,716
TIMP3,201706,EUCA4,0.924026632298576,303,716
TIMP3,201706,GGBR3,0.779181130965288,478,716
TIMP3,201706,MULT3,0.78372695552078,855,716
TIMP3,201706,QGEP3,0.832292128754511,511,716
TIMP3,201707,AZUL4,0.780306941924032,559,725
TIMP3,201707,BRSR6,0.870207228764341,636,725
TIMP3,201707,CPLE3,0.850465715788363,392,725
TIMP3,201707,EUCA4,0.885801597246242,303,725
TIMP3,201707,GGBR3,0.762457584117069,460,725
TIMP3,201707,LEVE3,0.714709255670768,335,725
TIMP3,201707,MULT3,0.775769318203417,845,725
TIMP3,201707,NATU3,0.820014602370606,739,725
TIMP3,201707,QGEP3,0.802117165989114,481,725
TIMP3,201708,AZUL4,0.723101849748118,565,780
TIMP3,201708,BRSR6,0.868781978895893,634,780
TIMP3,201708,CPLE3,0.827612366446135,387,780
TIMP3,201708,ECOR3,0.864582961307591,740,780
TIMP3,201708,EUCA4,0.90025441607276,325,780
TIMP3,201708,LIGT3,0.735981153319197,666,780
TIMP3,201708,MULT3,0.827278926699779,835,780
TIMP3,201708,QGEP3,0.829312389571384,459,780
TIMP3,201708,RAIL3,0.741681420750819,804,780
TIMP3,201708,SUZB5,0.808448585016032,794,780
TIMP3,201709,BRSR6,0.808304388839608,609,784
TIMP3,201709,CPLE3,0.767293571373612,388,784
TIMP3,201709,ECOR3,0.761358131411435,730,784
TIMP3,201709,EUCA4,0.835256460185675,329,784
TIMP3,201709,LIGT3,0.759714544708295,662,784
TIMP3,201709,MULT3,0.77861949072771,849,784
TIMP3,201709,PETR4,0.735184236716478,1030,784
TIMP3,201709,QGEP3,0.730900254311569,382,784
TIMP3,201710,BRSR6,0.844400097926059,625,784
TIMP3,201710,EUCA4,0.870011906029873,339,784
TIMP3,201710,LIGT3,0.81930480420533,593,784
TIMP3,201710,MULT3,0.787175936210487,849,784
TIMP3,201710,PETR4,0.792994593949511,1039,784
TIMP3,201710,RAIL3,0.721308357705283,834,784
TIMP3,201711,BRSR6,0.782405771826236,620,808
TIMP3,201711,EUCA4,0.806630799991142,341,808
TIMP3,201711,LIGT3,0.76510215352183,589,808
TIMP3,201711,LREN3,0.711803202950546,955,808
TIMP3,201711,MULT3,0.82609038295331,862,808
TIMP3,201711,PETR4,0.724839414008001,1037,808
TIMP3,201711,RAIL3,0.717000811463659,848,808
TIMP3,201712,BRSR6,0.746254387343954,595,833
TIMP3,201712,ECOR3,0.797515636235832,808,833
TIMP3,201712,EUCA4,0.762685453669854,339,833
TIMP3,201712,MULT3,0.836422375404627,868,833
TIMP3,201712,PARD3,0.710434633550769,547,833
TIMP3,201712,RAIL3,0.734174723026966,806,833
TIMP3,201712,SSBR3,0.751955259916793,361,833
TIMP3,201801,TGMA3,0.724083037354542,436,823
TIMP3,201805,TGMA3,0.789301721119257,437,845
TIMP3,201806,TGMA3,0.783602233276474,461,895
TIMP3,201807,SUZB3,0.714863082727357,1013,909
TIMP3,201807,TGMA3,0.80077989011645,471,909
TIMP3,201808,GGBR4,0.704981804987185,993,904
TIMP3,201808,LIGT3,0.775623754525191,590,904
TIMP3,201808,PARD3,0.714581952237072,498,904
TIMP3,201808,SUZB3,0.836483989854446,979,904
TIMP3,201809,AZUL4,0.810406852972301,573,871
TIMP3,201809,BPAC11,0.750669433921042,515,871
TIMP3,201809,BRSR6,0.837956555977864,598,871
TIMP3,201809,ECOR3,0.801750738365228,720,871
TIMP3,201809,EUCA4,0.833231334852049,356,871
TIMP3,201809,GOAU3,0.813330459298315,381,871
TIMP3,201809,GOAU4,0.842576416121409,874,871
TIMP3,201809,HAPV3,0.718399255423705,723,871
TIMP3,201809,PARD3,0.869729979409158,470,871
TIMP3,201809,PETR4,0.788467056348153,1061,871
TIMP3,201809,QGEP3,0.767181385976481,317,871
TIMP3,201809,RAIL3,0.754483694549508,905,871
TIMP3,201809,RDNI3,0.839704067704412,274,871
TIMP3,201809,SBSP3,0.701243863558703,733,871
TIMP3,201809,SSBR3,0.8096858793767,254,871
TIMP3,201809,SUZB3,0.856876508360342,988,871
TIMP3,201810,BRAP4,0.815424358786375,931,852
TIMP3,201810,BRSR6,0.940455360879636,593,852
TIMP3,201810,CESP6,0.825895168420928,669,852
TIMP3,201810,ECOR3,0.927154607710771,732,852
TIMP3,201810,EUCA4,0.940239486044957,360,852
TIMP3,201810,GOAU3,0.957166400276592,380,852
TIMP3,201810,GOAU4,0.91828365614427,850,852
TIMP3,201810,HAPV3,0.878517649136574,689,852
TIMP3,201810,MULT3,0.704834035301514,805,852
TIMP3,201810,PARD3,0.933611100487935,503,852
TIMP3,201810,QGEP3,0.727703922096293,385,852
TIMP3,201810,RAIL3,0.830634581682892,923,852
TIMP3,201810,RDNI3,0.946170555065685,278,852
TIMP3,201810,SSBR3,0.915453627415054,259,852
TIMP3,201810,SUZB3,0.812026737888757,987,852
TIMP3,201811,BRAP4,0.796023367558648,950,854
TIMP3,201811,BRSR6,0.94948939684848,644,854
TIMP3,201811,CESP6,0.795202139248981,717,854
TIMP3,201811,ECOR3,0.943931133870065,826,854
TIMP3,201811,EUCA4,0.956568061665579,360,854
TIMP3,201811,GOAU3,0.954351326053535,298,854
TIMP3,201811,GOAU4,0.939607692915359,898,854
TIMP3,201811,HAPV3,0.843432382148966,716,854
TIMP3,201811,LIGT3,0.753874649060137,601,854
TIMP3,201811,MULT3,0.72304790652612,903,854
TIMP3,201811,PARD3,0.93715461712788,514,854
TIMP3,201811,PETR4,0.73870170298626,1162,854
TIMP3,201811,QGEP3,0.868881603781081,358,854
TIMP3,201811,RDNI3,0.964780942824193,251,854
TIMP3,201811,SSBR3,0.927647250426255,281,854
TIMP3,201812,BPAC11,0.733700830205385,498,832
TIMP3,201812,BRAP4,0.826708665090133,963,832
TIMP3,201812,BRSR6,0.958571059149793,639,832
TIMP3,201812,CESP6,0.794903370449041,731,832
TIMP3,201812,ECOR3,0.874849916213027,859,832
TIMP3,201812,EUCA4,0.962368218342488,366,832
TIMP3,201812,GOAU3,0.925274293223218,297,832
TIMP3,201812,GOAU4,0.917126536435432,883,832
TIMP3,201812,HAPV3,0.865169807846358,731,832
TIMP3,201812,LIGT3,0.737603954869639,684,832
TIMP3,201812,PARD3,0.956246565194671,566,832
TIMP3,201812,PETR4,0.876787471027406,1131,832
TIMP3,201812,QGEP3,0.82138723419021,369,832
TIMP3,201812,RADL3,0.773992991414494,798,832
TIMP3,201812,RDNI3,0.970480748606384,256,832
TIMP3,201812,SSBR3,0.923409865905627,290,832
TIMP3,201901,BRAP4,0.802315069261851,956,802
TIMP3,201901,BRFS3,0.740465767828443,867,802
TIMP3,201901,BRSR6,0.88625394721582,628,802
TIMP3,201901,ECOR3,0.715048094747642,865,802
TIMP3,201901,EUCA4,0.855121937928512,364,802
TIMP3,201901,GOAU3,0.780605928034024,301,802
TIMP3,201901,GOAU4,0.787444072621284,851,802
TIMP3,201901,HAPV3,0.770450362017989,746,802
TIMP3,201901,PARD3,0.869705168108624,574,802
TIMP3,201901,PETR4,0.730183080222679,1128,802
TIMP3,201901,RDNI3,0.876906450127034,257,802
TIMP3,201901,SSBR3,0.811703202756064,292,802
TIMP3,201901,SUZB3,0.912974698312885,928,802
TIMP3,201902,BRFS3,0.772761796628672,871,874
TIMP3,201902,BRSR6,0.710389727416654,658,874
TIMP3,201902,EUCA4,0.703870899929841,377,874
TIMP3,201902,HAPV3,0.716501798544906,803,874
TIMP3,201902,PARD3,0.709424233767293,538,874
TIMP3,201902,RDNI3,0.711632799014705,285,874
TIMP3,201902,SUZB3,0.756549204574068,1009,874
TIMP3,201903,BRAP4,0.76127576057337,980,850
TIMP3,201903,BRDT3,0.799162694772571,985,850
TIMP3,201903,BRFS3,0.892975430899221,856,850
TIMP3,201903,BRSR6,0.909546231252992,627,850
TIMP3,201903,CESP6,0.833474456680639,770,850
TIMP3,201903,EUCA4,0.893567345049649,383,850
TIMP3,201903,GOAU3,0.817229845766977,344,850
TIMP3,201903,GOAU4,0.880762603238672,901,850
TIMP3,201903,HAPV3,0.714261993153069,766,850
TIMP3,201903,LAME4,0.783951096541888,941,850
TIMP3,201903,PARD3,0.904307922142691,510,850
TIMP3,201903,PETR4,0.756080723468217,1171,850
TIMP3,201903,QGEP3,0.78703620649421,403,850
TIMP3,201903,RAIL3,0.795687906444116,949,850
TIMP3,201903,RDNI3,0.909377628041649,300,850
TIMP3,201903,SSBR3,0.867373791782051,338,850
TIMP3,201903,SUZB3,0.853223922010135,1017,850
TIMP3,201904,AZUL4,0.813079235333505,881,841
TIMP3,201904,BRSR6,0.852947499037754,622,841
TIMP3,201904,CESP6,0.871474086878922,785,841
TIMP3,201904,ECOR3,0.836547279733047,775,841
TIMP3,201904,EUCA4,0.832694033632887,396,841
TIMP3,201904,GOAU3,0.797735336911108,344,841
TIMP3,201904,GOAU4,0.837374126905792,857,841
TIMP3,201904,LAME4,0.827561412102747,867,841
TIMP3,201904,PARD3,0.852989575940372,516,841
TIMP3,201904,PETR4,0.76886669641965,1157,841
TIMP3,201904,RAIL3,0.873901168266326,926,841
TIMP3,201904,RDNI3,0.846310825811958,301,841
TIMP3,201904,SSBR3,0.816463244307649,340,841
TIMP3,201904,SUZB3,0.812183465574382,1039,841
TIMP3,201905,AZUL4,0.773321308957192,857,832
TIMP3,201905,BRSR6,0.724951975040602,593,832
TIMP3,201905,CESP6,0.850451872478329,820,832
TIMP3,201905,CIEL3,0.701397117634122,861,832
TIMP3,201905,CMIG3,0.739426604043248,649,832
TIMP3,201905,ECOR3,0.706445048223372,791,832
TIMP3,201905,EUCA4,0.728863719074422,400,832
TIMP3,201905,HAPV3,0.743117566590629,778,832
TIMP3,201905,PARD3,0.741012661859874,510,832
TIMP3,201905,PETR4,0.747041680655509,1163,832
TIMP3,201905,RDNI3,0.740608019897785,298,832
TIMP3,201905,SBSP3,0.704319970742071,895,832
TIMP3,201906,AZUL4,0.771888995271984,978,864
TIMP3,201906,BPAC11,0.81680344251121,676,864
TIMP3,201906,BRDT3,0.761520043654966,850,864
TIMP3,201906,BRFS3,0.798122032317176,949,864
TIMP3,201906,BRSR6,0.818770571239034,610,864
TIMP3,201906,CESP6,0.904467471849714,844,864
TIMP3,201906,CMIG3,0.846177468320758,670,864
TIMP3,201906,ECOR3,0.789076561461233,798,864
TIMP3,201906,EUCA4,0.832617118631507,397,864
TIMP3,201906,GOAU3,0.727288260173062,347,864
TIMP3,201906,GOAU4,0.786849530561031,869,864
TIMP3,201906,HAPV3,0.717207464824665,780,864
TIMP3,201906,PARD3,0.831551246289104,498,864
TIMP3,201906,PETR3,0.732708843143006,925,864
TIMP3,201906,PETR4,0.723374670890284,1166,864
TIMP3,201906,RAIL3,0.722412830732225,899,864
TIMP3,201906,RDNI3,0.831690584974745,297,864
TIMP3,201906,SSBR3,0.777473793196776,341,864
TIMP3,201907,AZUL4,0.809379270068086,1016,887
TIMP3,201907,BPAC11,0.806210822778643,793,887
TIMP3,201907,CESP6,0.839189127939655,882,887
TIMP3,201907,CMIG3,0.860747603690764,678,887
TIMP3,201907,CPFE3,0.813787285646122,912,887
TIMP3,201907,ECOR3,0.789772766339487,814,887
TIMP3,201907,SBSP3,0.835164180636655,889,887
TIMP3,201908,AZUL4,0.81594557803582,1062,929
TIMP3,201908,BPAC11,0.821377271974519,795,929
TIMP3,201908,CESP6,0.794689338591784,876,929
TIMP3,201908,CMIG3,0.839014985725804,664,929
TIMP3,201908,CMIG4,0.711066246484478,947,929
TIMP3,201908,CPFE3,0.870563177699454,878,929
TIMP3,201908,CSMG3,0.779774459908127,763,929
TIMP3,201908,ECOR3,0.751492191867112,867,929
TIMP3,201908,SBSP3,0.830752811671396,899,929
TIMP3,201909,AZUL4,0.767346765429956,1033,903
TIMP3,201909,BPAC11,0.822579640309546,918,903
TIMP3,201909,BRFS3,0.785224592368375,995,903
TIMP3,201909,BRSR6,0.71852763612482,594,903
TIMP3,201909,CESP6,0.738775198715384,841,903
TIMP3,201909,CMIG3,0.861552085419247,656,903
TIMP3,201909,CMIG4,0.737101561031753,946,903
TIMP3,201909,CPFE3,0.827371650412421,837,903
TIMP3,201909,ECOR3,0.737139004078774,875,903
TIMP3,201909,EUCA4,0.714831608175201,405,903
TIMP3,201909,GOAU4,0.734407754549324,879,903
TIMP3,201909,RAIL3,0.755599174040616,962,903
TIMP3,201909,RDNI3,0.714191268183282,302,903
TIMP3,201909,SBSP3,0.790476396011912,925,903
TIMP3,201910,BRAP4,0.741452915678446,943,904
TIMP3,201910,BRFS3,0.816643811955251,1004,904
TIMP3,201910,BRSR6,0.835392714293277,628,904
TIMP3,201910,CESP6,0.79866959016212,873,904
TIMP3,201910,CMIG3,0.745304678563998,694,904
TIMP3,201910,CMIG4,0.85334199778962,940,904
TIMP3,201910,CSMG3,0.749835812723132,685,904
TIMP3,201910,EUCA4,0.841107750005252,407,904
TIMP3,201910,GOAU4,0.860377133077195,899,904
TIMP3,201910,HAPV3,0.764811103497176,1031,904
TIMP3,201910,MRFG3,0.759275273492305,803,904
TIMP3,201910,PETR4,0.71803799326361,1171,904
TIMP3,201910,RAIL3,0.740843412300805,977,904
TIMP3,201910,RDNI3,0.840722178846844,304,904
TIMP3,201911,BBDC4,0.755268662733464,1126,834
TIMP3,201911,CESP3,0.704359111093358,390,834
TIMP3,201911,ITUB3,0.70972242998063,525,834
TIMP3,201911,PNVL4,0.737013387771017,437,834
TIMP3,201912,BRAP4,0.760945819110283,917,873
TIMP3,201912,BRFS3,0.711221366885442,922,873
TIMP3,201912,BRSR6,0.761767266440059,562,873
TIMP3,201912,CESP6,0.809867996453978,826,873
TIMP3,201912,CMIG3,0.765653670057047,686,873
TIMP3,201912,CMIG4,0.788349673468834,913,873
TIMP3,201912,CSMG3,0.711576993295111,658,873
TIMP3,201912,GOAU4,0.831724188301154,930,873
TIMP3,201912,RDNI3,0.768455677131893,40,873
TIMP3,202001,BRFS3,0.735607766882457,923,926
TIMP3,202001,BRSR6,0.717862244178448,606,926
TIMP3,202001,CESP6,0.791107127295065,853,926
TIMP3,202001,CMIG3,0.829672444327538,680,926
TIMP3,202001,CMIG4,0.747328492605011,920,926
TIMP3,202001,GOAU4,0.762093854389344,941,926
TIMP3,202001,PETR4,0.725387866886887,1139,926
TIMP3,202001,RDNI3,0.730727941981002,321,926
TIMP3,202002,BRFS3,0.730359132173591,930,976
TIMP3,202002,CESP6,0.762313028454451,878,976
TIMP3,202002,CMIG3,0.788832297668553,664,976
TIMP3,202002,CMIG4,0.732967462035915,946,976
TIMP3,202002,GOAU4,0.74336480672161,934,976
TIMP3,202002,RDNI3,0.730777750151277,344,976
TIMP3,202004,BRFS3,0.744216917283787,969,1033
TIMP3,202004,CMIG3,0.739927307869287,613,1033
TIMP3,202004,GOAU4,0.737605353101969,976,1033
TIMP3,202004,RDNI3,0.704027951815861,339,1033
TIMP3,202009,BRFS3,0.706488525250081,1007,1141
TIMP3,202009,CMIG3,0.712138961544275,566,1141
TIMP3,202009,GOAU4,0.704340180041387,1065,1141
TIMP3,202009,SBSP3,0.761052532932211,1164,1141
TIMS3,202011,BRFS3,0.809436721634335,994,1108
TIMS3,202011,BTOW3,0.776393807418211,982,1108
TIMS3,202011,CMIG3,0.822866842830253,534,1108
TIMS3,202011,GOAU3,0.763538314282777,448,1108
TIMS3,202011,GOAU4,0.815865327846551,1059,1108
TIMS3,202011,MELK3,0.754106989105315,470,1108
TIMS3,202011,PARD3,0.8237251623683,590,1108
TIMS3,202011,RDNI3,0.811670080236669,338,1108
TIMS3,202011,SBSP3,0.791576935972263,1102,1108
TIMS3,202012,BTOW3,0.701585816320207,972,1118
TIMS3,202012,CMIG3,0.723818104358723,524,1118
TIMS3,202012,GOAU4,0.715846845837555,1059,1118
TIMS3,202012,PARD3,0.726322289300572,575,1118
TIMS3,202012,RDNI3,0.705611116235323,342,1118
TIMS3,202012,RRRP3,0.728569056869046,480,1118
TIMS3,202012,SBSP3,0.746064689694408,1088,1118
TIMS3,202101,AERI3,0.739256833900201,573,1150
TIMS3,202101,CMIG3,0.781229212080393,526,1150
TIMS3,202101,ECOR3,0.765107069315473,1029,1150
TIMS3,202101,GOAU3,0.714993336440504,501,1150
TIMS3,202101,GOAU4,0.786398905384447,1099,1150
TIMS3,202101,MELK3,0.710801620694341,469,1150
TIMS3,202101,PARD3,0.784004255665919,562,1150
TIMS3,202101,RDNI3,0.770833357705124,345,1150
TIMS3,202101,RRRP3,0.779359747070326,548,1150
TIMS3,202101,SBSP3,0.825292823462298,1107,1150
TIMS3,202102,AERI3,0.729176883838147,620,1142
TIMS3,202102,BRFS3,0.700642867150601,1080,1142
TIMS3,202102,CMIG3,0.810435456411647,493,1142
TIMS3,202102,ECOR3,0.796068269169686,1023,1142
TIMS3,202102,GOAU3,0.744849851603921,505,1142
TIMS3,202102,GOAU4,0.789261121183285,1171,1142
TIMS3,202102,PARD3,0.81549955033759,577,1142
TIMS3,202102,RDNI3,0.805847303104564,353,1142
TIMS3,202102,RRRP3,0.773963838067958,538,1142
TIMS3,202103,AERI3,0.727449981867067,504,1149
TIMS3,202103,BRFS3,0.734403026527766,1087,1149
TIMS3,202103,CMIG3,0.820319093069321,467,1149
TIMS3,202103,CMIG4,0.719451544770872,1083,1149
TIMS3,202103,ECOR3,0.841214028808929,1044,1149
TIMS3,202103,GOAU3,0.752256147570464,514,1149
TIMS3,202103,GOAU4,0.797020419448657,1168,1149
TIMS3,202103,HAPV3,0.710338510403427,1232,1149
TIMS3,202103,PARD3,0.825652677643575,573,1149
TIMS3,202103,RDNI3,0.818931281430002,351,1149
TIMS3,202103,RRRP3,0.711129191204577,540,1149
TIMS3,202103,SUZB3,0.715978445367835,1375,1149
TIMS3,202104,AERI3,0.77147522129058,506,1139
TIMS3,202104,BRFS3,0.723473513027011,1090,1139
TIMS3,202104,CMIG3,0.830095848615472,481,1139
TIMS3,202104,ECOR3,0.874645234917979,1076,1139
TIMS3,202104,GOAU3,0.769845140562772,545,1139
TIMS3,202104,GOAU4,0.790184049860908,1189,1139
TIMS3,202104,HAPV3,0.761423704393711,1274,1139
TIMS3,202104,PARD3,0.842064582586413,609,1139
TIMS3,202104,RRRP3,0.783233348626324,710,1139
TIMS3,202104,SUZB3,0.769243697736901,1404,1139
TIMS3,202105,BPAC5,0.764398331255345,437,1148
TIMS3,202105,BRFS3,0.862795605350536,1091,1148
TIMS3,202105,BTOW3,0.73250102985877,1087,1148
TIMS3,202105,CMIG3,0.848643386858844,507,1148
TIMS3,202105,ECOR3,0.878007290170102,1077,1148
TIMS3,202105,GOAU3,0.781166784501961,475,1148
TIMS3,202105,GOAU4,0.794670476631357,1215,1148
TIMS3,202105,HAPV3,0.786810470116496,1362,1148
TIMS3,202105,PARD3,0.861046671550575,601,1148
TIMS3,202105,RRRP3,0.764717039759872,767,1148
TIMS3,202106,BRFS3,0.820584108077256,1104,1181
TIMS3,202106,CMIG3,0.795975301952032,479,1181
TIMS3,202106,CMIG4,0.707560698491354,1105,1181
TIMS3,202106,ECOR3,0.862607111043672,1110,1181
TIMS3,202106,GOAU3,0.741563822219528,469,1181
TIMS3,202106,GOAU4,0.707518822763403,1196,1181
TIMS3,202106,HAPV3,0.700437029392527,1373,1181
TIMS3,202106,PARD3,0.812411475283602,606,1181
TIMS3,202106,RRRP3,0.733488077337273,808,1181
TIMS3,202107,BRFS3,0.772886808485148,1102,1162
TIMS3,202107,CMIG3,0.758636693007083,494,1162
TIMS3,202107,CMIG4,0.833278990304998,1094,1162
TIMS3,202107,ECOR3,0.8425279480913,1166,1162
TIMS3,202107,GOAU3,0.706777064660149,475,1162
TIMS3,202107,PARD3,0.780881781323969,622,1162
TIMS3,202108,BRFS3,0.739784268920873,1050,1189
TIMS3,202108,CMIG3,0.736200877735739,530,1189
TIMS3,202108,ECOR3,0.817761078611803,1082,1189
TIMS3,202108,PARD3,0.765447536256605,670,1189
TIMS3,202108,RRRP3,0.700837485417415,831,1189
TIMS3,202109,CMIG3,0.759839810943463,539,1213
TIMS3,202109,ECOR3,0.795949884444039,1129,1213
TIMS3,202109,GOAU3,0.701923274519501,503,1213
TIMS3,202109,GOAU4,0.721310289288958,1295,1213
TIMS3,202109,PARD3,0.78071989303218,701,1213
TIMS3,202109,RRRP3,0.7227117583196,837,1213
TIMS3,202110,CMIG3,0.786068078202274,532,1214
TIMS3,202110,ECOR3,0.801823161209932,1200,1214
TIMS3,202110,GOAU3,0.730217753824145,503,1214
TIMS3,202110,GOAU4,0.754309721849823,1342,1214
TIMS3,202110,PARD3,0.809135302824095,703,1214
TIMS3,202111,CMIG3,0.810150562490878,533,1240
TIMS3,202111,CSNA3,0.709958411080415,1192,1240
TIMS3,202111,ECOR3,0.807514284415281,1238,1240
TIMS3,202111,GOAU3,0.758257746059362,502,1240
TIMS3,202111,GOAU4,0.810057059533909,1364,1240
TIMS3,202111,LIGT3,0.738390227917108,840,1240
TIMS3,202111,MRFG3,0.729151375108079,1294,1240
TIMS3,202111,PARD3,0.830626280156258,674,1240
TIMS3,202111,RRRP3,0.756644005554875,847,1240
TIMS3,202112,CMIG3,0.830666801603518,525,1276
TIMS3,202112,CMIG4,0.700233983244962,1166,1276
TIMS3,202112,CSNA3,0.741858095071574,1167,1276
TIMS3,202112,ECOR3,0.785021924158298,1239,1276
TIMS3,202112,GOAU3,0.778325951672154,522,1276
TIMS3,202112,GOAU4,0.84361334610549,1391,1276
TIMS3,202112,LIGT3,0.776824024877789,868,1276
TIMS3,202112,MRFG3,0.766689869375343,1290,1276
TIMS3,202112,PARD3,0.847091701350266,720,1276
TIMS3,202112,RRRP3,0.738481505545583,919,1276
TOTS3,201811,GRND3,0.720596732912047,481,420
TOTS3,201811,MRVE3,0.767674457091845,895,420
TOTS3,201812,GRND3,0.721432749216708,479,463
TOTS3,201812,MRVE3,0.764525045546213,847,463
TOTS3,201909,CYRE3,0.764058188838839,957,809
TOTS3,201910,CYRE3,0.817913553782281,972,808
TOTS3,201911,CYRE3,0.858871798047377,973,804
TOTS3,201911,ENGI11,0.722622124729738,768,804
TOTS3,201911,EZTC3,0.774529041231511,753,804
TOTS3,201911,FLRY3,0.757541853584395,867,804
TOTS3,201911,GGBR4,0.713351280710707,921,804
TOTS3,201912,DTEX3,0.711596384579678,563,788
TOTS3,201912,ENGI11,0.716563571440305,768,788
TOTS3,201912,EZTC3,0.740922683408489,716,788
TOTS3,202001,BRDT3,0.726093899670086,1077,825
TOTS3,202001,CCPR3,0.784954002742289,608,825
TOTS3,202001,CEAB3,0.790340881013296,622,825
TOTS3,202001,DTEX3,0.714358106545612,607,825
TOTS3,202001,EGIE3,0.728686273218347,864,825
TOTS3,202001,ENGI11,0.830059584093188,796,825
TOTS3,202001,EZTC3,0.829285849937515,740,825
TOTS3,202001,FLRY3,0.745853062925061,896,825
TOTS3,202001,IRBR3,0.734373225930327,928,825
TOTS3,202001,MULT3,0.75982723784909,936,825
TOTS3,202001,STBP3,0.745558516269547,591,825
TOTS3,202001,SUZB3,0.787647854081931,950,825
TOTS3,202002,CCPR3,0.759494586364352,565,966
TOTS3,202002,CEAB3,0.754448064486381,545,966
TOTS3,202002,DTEX3,0.710205208626592,629,966
TOTS3,202002,ENGI11,0.829681345948517,812,966
TOTS3,202002,EZTC3,0.824628465528304,760,966
TOTS3,202002,MULT3,0.709172903166724,976,966
TOTS3,202002,STBP3,0.709248106396858,624,966
TOTS3,202002,SUZB3,0.705307202204605,1029,966
TOTS3,202003,CCPR3,0.701243944088097,551,991
TOTS3,202003,CCRO3,0.731277644402308,898,991
TOTS3,202003,CEAB3,0.720402258986025,572,991
TOTS3,202003,CRFB3,0.803363035963121,844,991
TOTS3,202003,ENGI11,0.839869247941435,777,991
TOTS3,202003,EZTC3,0.771992971346252,771,991
TOTS3,202003,ITUB4,0.751824002174386,1143,991
TOTS3,202003,MULT3,0.705410673168746,994,991
TOTS3,202004,CCPR3,0.713023603384193,523,1009
TOTS3,202004,CRFB3,0.763392820007404,906,1009
TOTS3,202004,DTEX3,0.75370640182526,583,1009
TOTS3,202004,ENGI11,0.839505572636066,839,1009
TOTS3,202004,EZTC3,0.77629182821797,746,1009
TOTS3,202004,MULT3,0.726089075708936,1053,1009
TOTS3,202004,SUZB3,0.735686106561051,1013,1009
TOTS3,202005,CCPR3,0.705717316785833,505,1019
TOTS3,202005,CRFB3,0.718083386621974,927,1019
TOTS3,202005,DTEX3,0.793110303872147,581,1019
TOTS3,202005,ENGI11,0.856613280889523,1020,1019
TOTS3,202005,MULT3,0.736507394605691,1079,1019
TOTS3,202005,SUZB3,0.795413583901127,1045,1019
TOTS3,202006,ENGI11,0.853894289296767,1049,1057
TOTS3,202007,ENGI11,0.810617862607773,996,1063
TOTS3,202008,ENGI11,0.73958710857209,1027,1070
TOTS3,202010,HBSA3,0.794780410237082,680,1062
TOTS3,202011,ENGI11,0.75790205184796,1045,1056
TOTS3,202011,HBSA3,0.822026543470368,673,1056
TOTS3,202012,ENGI11,0.739067886012429,1054,1077
TOTS3,202012,HBSA3,0.794874045153847,667,1077
TOTS3,202012,KLBN11,0.717116869182829,1072,1077
TOTS3,202101,B3SA3,0.705335334343656,1423,1158
TOTS3,202101,ENGI11,0.735496274542943,1120,1158
TOTS3,202101,HBSA3,0.776399597430701,689,1158
TOTS3,202101,KLBN11,0.765063182663311,1094,1158
TOTS3,202102,ENGI11,0.700716130453807,1145,1145
TOTS3,202102,HBSA3,0.758159262858041,712,1145
TOTS3,202102,KLBN11,0.818989584820473,1114,1145
TOTS3,202103,B3SA3,0.777606471781528,1461,1142
TOTS3,202103,HBSA3,0.731007615826947,690,1142
TOTS3,202103,MOSI3,0.758545927126914,623,1142
TOTS3,202104,B3SA3,0.772052505788486,1463,1170
TOTS3,202104,HBSA3,0.72023903658838,712,1170
TOTS3,202104,KLBN11,0.712206704224901,1056,1170
TOTS3,202104,MOSI3,0.770763713636213,563,1170
TOTS3,202105,HBSA3,0.756487865597214,776,1179
TOTS3,202105,MOSI3,0.758287041865903,509,1179
TOTS3,202106,HBSA3,0.770101689562083,766,1184
TOTS3,202106,MOSI3,0.754594383319649,462,1184
TOTS3,202109,B3SA3,0.712060885394576,1358,1196
TOTS3,202110,AMBP3,0.740316240749093,700,1262
TOTS3,202111,AMBP3,0.741560033507024,727,1297
TPIS3,201710,ETER3,0.909625492048745,114,113
TPIS3,201711,ETER3,0.772149849164836,136,117
TPIS3,201712,ETER3,0.806743247711138,128,121
TPIS3,201801,ETER3,0.769675272956652,116,114
TPIS3,201804,ETER3,0.960691128851254,113,112
TPIS3,201805,ETER3,0.778942105821895,117,113
TPIS3,202105,BPAC3,0.857598247085417,58,49
TPIS3,202105,FHER3,0.973593809934693,252,49
TPIS3,202105,RDNI3,0.856426858145532,58,49
TPIS3,202106,BPAC3,0.732058947479518,57,83
TPIS3,202106,FHER3,0.766507766160322,85,83
TPIS3,202107,CGRA4,0.774623883619359,20,44
TPIS3,202108,ATOM3,0.895761598749355,22,44
TPIS3,202108,AZEV4,0.894859573242971,22,44
TPIS3,202108,INEP3,0.895761598749355,22,44
TPIS3,202108,MMXM3,0.843719307039908,22,44
TPIS3,202108,TASA3,0.895761598749355,22,44
TPIS3,202109,AALR3,0.736088383946659,494,45
TPIS3,202109,RCSL4,0.948795177888348,453,45
TPIS3,202109,TASA4,0.836084431345933,482,45
TPIS3,202110,AALR3,0.76582478757281,450,422
TPIS3,202110,FESA4,0.737253179523865,478,422
TPIS3,202110,PMAM3,0.940738322620581,421,422
TPIS3,202110,RCSL3,0.990789772396267,406,422
TPIS3,202110,RCSL4,0.99082280194561,407,422
TPIS3,202110,TASA4,0.936314439382366,476,422
TPIS3,202111,FESA4,0.721402186598754,432,372
TPIS3,202111,PMAM3,0.940149639053825,372,372
TPIS3,202111,RCSL3,0.990286146129114,360,372
TPIS3,202111,RCSL4,0.990280537618855,358,372
TPIS3,202111,TASA4,0.933621382085773,421,372
TPIS3,202112,FESA4,0.723782663893059,520,470
TPIS3,202112,PMAM3,0.90532037960929,471,470
TPIS3,202112,RCSL3,0.988268327855638,463,470
TPIS3,202112,RCSL4,0.947221769971131,461,470
TPIS3,202112,TASA4,0.929660495541086,497,470
TRAD3,202108,SANB11,0.728715438380151,1087,521
TRAD3,202109,IFCM3,0.785439332989187,453,473
TRAD3,202109,SANB11,0.772702822306315,1114,473
TRAD3,202110,CSAN3,0.722003162863494,1369,327
TRAD3,202110,IFCM3,0.892679534047428,486,327
TRAD3,202110,INTB3,0.826075050675104,890,327
TRAD3,202110,SANB11,0.889846134153151,1159,327
TRAD3,202111,CSAN3,0.719354938782746,1379,302
TRAD3,202111,IFCM3,0.930934754754404,456,302
TRAD3,202111,INTB3,0.775345495690094,888,302
TRAD3,202111,SANB11,0.829704680164292,1163,302
TRAD3,202112,IFCM3,0.918753911714438,516,364
TRAD3,202112,INTB3,0.743748935212196,889,364
TRIS3,201711,MOVI3,0.781094507505757,389,34
TRIS3,201712,SMLE3,0.899479268505889,39,33
TRIS3,201802,SMLE3,0.858333123144912,44,36
TRIS3,201804,ROMI3,0.737244363451254,175,36
TRIS3,201805,ENBR3,0.73408063661729,776,36
TRIS3,201805,RAPT4,0.779161162737708,503,36
TRIS3,201805,ROMI3,0.836990807676337,188,36
TRIS3,201806,ENBR3,0.746022247618614,790,37
TRIS3,201806,RAPT4,0.752655322079421,519,37
TRIS3,201808,MRFG3,0.729285353917837,767,38
TRIS3,201809,MRFG3,0.745313957344292,695,40
TRIS3,201810,CGRA4,0.727721072129772,170,39
TRIS3,201810,SHOW3,0.717375374566336,117,39
TRIS3,201811,BRPR3,0.744068053491744,489,28
TRIS3,201811,DIRR3,0.922606120977017,409,28
TRIS3,201811,LEVE3,0.801513236103173,338,28
TRIS3,201811,SHOW3,0.963835064611628,122,28
TRIS3,202001,EVEN3,0.705348696635561,512,509
TRIS3,202002,EVEN3,0.825771242404374,572,593
TRIS3,202003,AMAR3,0.756253746589711,549,546
TRIS3,202003,EVEN3,0.897434972314032,491,546
TRIS3,202003,NATU3,0.730795487388087,27,546
TRIS3,202004,AMAR3,0.746539635203358,583,515
TRIS3,202004,EVEN3,0.832171199692227,499,515
TRIS3,202004,NATU3,0.731788556159417,22,515
TRIS3,202004,PNVL3,0.718480246362317,76,515
TRIS3,202005,EVEN3,0.828007122410381,530,500
TRIS3,202005,MDNE3,0.738402633141315,544,500
TRIS3,202005,NATU3,0.753292888218425,21,500
TRIS3,202005,PNVL3,0.735151359591656,222,500
TRIS3,202006,EVEN3,0.809523627050418,575,532
TRIS3,202006,MDNE3,0.797044421241947,550,532
TRIS3,202006,NATU3,0.809316694730226,26,532
TRIS3,202007,AMAR3,0.734867889619223,560,627
TRIS3,202007,EVEN3,0.791953315105651,672,627
TRIS3,202007,MDNE3,0.768319154421245,554,627
TRIS3,202008,EVEN3,0.802504760766284,658,490
TRIS3,202008,MDNE3,0.74744716425561,563,490
TRIS3,202009,EVEN3,0.820661585183322,645,453
TRIS3,202009,MDNE3,0.74386639743576,567,453
TRIS3,202010,EVEN3,0.82105541213777,661,486
TRIS3,202010,MDNE3,0.735260973478951,549,486
TRIS3,202011,EVEN3,0.748746498043633,639,492
TRIS3,202011,MDNE3,0.716123829015609,547,492
TRIS3,202012,EVEN3,0.7197844801213,633,477
TRIS3,202012,MDNE3,0.72041674844157,578,477
TRIS3,202101,EVEN3,0.719478094384318,629,459
TRIS3,202101,MDNE3,0.726720415637995,552,459
TRIS3,202102,EVEN3,0.70946495871134,649,466
TRIS3,202102,TFCO4,0.723285003476722,465,466
TRIS3,202103,EVEN3,0.717509495788764,660,504
TRIS3,202103,MDNE3,0.705671401351705,562,504
TRIS3,202103,TFCO4,0.774194107308276,472,504
TRIS3,202104,MDNE3,0.701995119157071,570,567
TRIS3,202104,TFCO4,0.762484402072427,491,567
TRIS3,202105,TFCO4,0.758288950906425,488,562
TRIS3,202106,TFCO4,0.763202896433899,486,573
TRIS3,202107,TFCO4,0.762466741144305,493,618
TRIS3,202108,MDNE3,0.723491737481286,557,583
TRIS3,202108,PLPL3,0.723554319754329,527,583
TRIS3,202108,TFCO4,0.754051281850253,500,583
TRIS3,202109,MDNE3,0.734844060288777,547,583
TRIS3,202109,PLPL3,0.755269847256091,517,583
TRIS3,202109,TFCO4,0.790271369228275,498,583
TRIS3,202110,MDNE3,0.778121461725783,548,589
TRIS3,202110,PLPL3,0.826022139447073,646,589
TRIS3,202110,TFCO4,0.804766430906358,502,589
TRIS3,202111,MDNE3,0.784577774382675,553,541
TRIS3,202111,PLPL3,0.859884236627738,620,541
TRIS3,202111,TFCO4,0.806018768584972,459,541
TRIS3,202112,MDNE3,0.812693084680694,575,578
TRIS3,202112,MULT3,0.700983698438625,1378,578
TRIS3,202112,PLPL3,0.887725099710084,641,578
TRIS3,202112,TFCO4,0.807473517526528,459,578
TRPL4,201705,SMLE3,0.808443156859026,763,629
TRPL4,201706,SMLE3,0.754017852317422,768,610
TRPL4,201707,SMLE3,0.732537387552679,779,585
TRPL4,201808,GRND3,0.709936020457696,497,652
TRPL4,201808,SAPR11,0.704022628098933,633,652
TRPL4,201809,GRND3,0.718849160062225,492,605
TRPL4,201809,MRVE3,0.713524951661771,885,605
TRPL4,201810,GRND3,0.774775554227684,492,602
TRPL4,201811,GRND3,0.783689531084411,481,539
TRPL4,201901,COCE5,0.724986343098714,31,487
TRPL4,201901,TAEE11,0.840376458533771,805,487
TRPL4,201902,COCE5,0.716821795615461,31,610
TRPL4,201902,TAEE11,0.873098502858005,882,610
TRPL4,201903,TAEE11,0.88871514541348,846,540
TRPL4,201904,TAEE11,0.900359344473652,823,468
TRPL4,201905,EGIE3,0.754240736212381,820,479
TRPL4,201905,TAEE11,0.92590776279728,843,479
TRPL4,201906,BBSE3,0.719636176451068,785,476
TRPL4,201906,TAEE11,0.913865913862996,812,476
TRPL4,201907,AZEV4,0.795745967130338,181,532
TRPL4,201908,BBSE3,0.715503842216192,856,595
TRPL4,201908,TAEE11,0.857214161196442,866,595
TRPL4,201909,TAEE11,0.850260244318419,855,556
TRPL4,201910,BBSE3,0.718665221748512,859,478
TRPL4,201910,TAEE11,0.802113805269525,844,478
TRPL4,201911,ODPV3,0.758035308602198,526,476
TRPL4,201911,TAEE11,0.702162817345452,841,476
TRPL4,202001,TAEE11,0.83130675614901,809,323
TRPL4,202002,TAEE11,0.752173226538303,800,361
TRPL4,202112,CPLE6,0.725869368646726,1135,573
TTEN3,202108,PNVL3,0.76417302410387,688,728
TTEN3,202108,SOJA3,0.754784220217273,486,728
TTEN3,202109,PNVL3,0.720331580475916,665,705
TUPY3,201705,PTBL3,0.744947753601296,145,540
TUPY3,201802,MILS3,0.706751803185086,252,435
TUPY3,201802,PTBL3,0.747359784559855,219,435
TUPY3,201803,PTBL3,0.739536625255987,203,437
TUPY3,201804,MILS3,0.750103236777751,213,449
TUPY3,201804,PTBL3,0.790531604479153,43,449
TUPY3,201902,ODPV3,0.712000262487034,484,546
TUPY3,201904,ODPV3,0.711010166638707,541,519
TUPY3,201908,DIRR3,0.701604975733232,514,540
TUPY3,201908,SAPR4,0.733575875013538,471,540
TUPY3,202003,AGRO3,0.787664205901406,33,563
TUPY3,202003,DIRR3,0.735963476310061,431,563
TUPY3,202003,SHUL4,0.786970257840211,28,563
TUPY3,202004,AGRO3,0.78699155474281,52,462
TUPY3,202004,CVCB3,0.726979845080639,907,462
TUPY3,202004,DIRR3,0.772054472456057,456,462
TUPY3,202004,SHUL4,0.787936214257984,28,462
TUPY3,202005,AGRO3,0.864251872031793,52,428
TUPY3,202005,BRSR6,0.765478840550183,624,428
TUPY3,202005,DIRR3,0.853203628371629,487,428
TUPY3,202005,SHUL4,0.870095592058322,28,428
TUPY3,202006,AGRO3,0.862846639888169,80,439
TUPY3,202006,BRSR6,0.816877612526929,631,439
TUPY3,202006,DIRR3,0.849056500961656,491,439
TUPY3,202006,SHUL4,0.874277823210661,37,439
TUPY3,202007,AGRO3,0.861449266076969,271,582
TUPY3,202007,BBDC3,0.700466371550521,882,582
TUPY3,202007,BRPR3,0.807131735875455,650,582
TUPY3,202007,BRSR6,0.819202779536346,637,582
TUPY3,202007,DIRR3,0.864444943209144,525,582
TUPY3,202007,SHUL4,0.885928553860066,39,582
TUPY3,202008,AGRO3,0.866549928675655,84,551
TUPY3,202008,BBDC3,0.77333447928692,948,551
TUPY3,202008,BRPR3,0.846601058411457,674,551
TUPY3,202008,BRSR6,0.849938692584456,591,551
TUPY3,202008,DIRR3,0.873353798727316,480,551
TUPY3,202008,SAPR11,0.869885367850079,644,551
TUPY3,202008,SHUL4,0.923526902015183,54,551
TUPY3,202009,AGRO3,0.786921017772727,83,513
TUPY3,202009,BBDC3,0.787385090824752,928,513
TUPY3,202009,BRPR3,0.849752245190782,650,513
TUPY3,202009,BRSR6,0.795916742963863,470,513
TUPY3,202009,DIRR3,0.872388917231371,494,513
TUPY3,202009,SAPR11,0.893853789185993,621,513
TUPY3,202009,SHUL4,0.902190666298937,58,513
TUPY3,202010,BBDC3,0.742841382321539,935,520
TUPY3,202010,BRPR3,0.86330970984944,591,520
TUPY3,202010,BRSR6,0.705074920670827,421,520
TUPY3,202010,DIRR3,0.83499006277952,519,520
TUPY3,202010,ENBR3,0.78998942536936,1016,520
TUPY3,202010,LEVE3,0.796895949135273,525,520
TUPY3,202010,SAPR11,0.855964592141631,598,520
TUPY3,202010,SHUL4,0.8624756623518,67,520
TUPY3,202011,BBDC3,0.718948747736909,953,552
TUPY3,202011,BRPR3,0.864208821835857,511,552
TUPY3,202011,DIRR3,0.892740731536757,521,552
TUPY3,202011,ENBR3,0.79783079689676,980,552
TUPY3,202011,LEVE3,0.8642180641043,446,552
TUPY3,202011,SAPR11,0.855240752905246,582,552
TUPY3,202011,SHUL4,0.866152786408802,77,552
TUPY3,202012,BBDC3,0.713610088931858,949,564
TUPY3,202012,BRPR3,0.876802030331968,481,564
TUPY3,202012,DIRR3,0.905756805912852,495,564
TUPY3,202012,ENBR3,0.703022996825916,992,564
TUPY3,202012,LEVE3,0.897816041516075,335,564
TUPY3,202012,NEOE3,0.739715431838883,758,564
TUPY3,202012,SAPR11,0.835746886188026,606,564
TUPY3,202012,SHUL4,0.895905459980103,79,564
TUPY3,202101,BBDC3,0.70205839546096,1007,538
TUPY3,202101,BRPR3,0.868114551737091,487,538
TUPY3,202101,DIRR3,0.888705000447153,503,538
TUPY3,202101,ENBR3,0.738311595584248,1020,538
TUPY3,202101,LEVE3,0.892413129665246,294,538
TUPY3,202101,MEAL3,0.894354927025411,503,538
TUPY3,202101,NEOE3,0.787375432080753,738,538
TUPY3,202101,SAPR11,0.749043684874551,602,538
TUPY3,202101,SHUL4,0.900428805167875,81,538
TUPY3,202102,BBDC3,0.742553457084243,1039,546
TUPY3,202102,BRPR3,0.85106667463994,486,546
TUPY3,202102,CCPR3,0.710872061183459,550,546
TUPY3,202102,DIRR3,0.897851328653153,523,546
TUPY3,202102,ENBR3,0.700775726857132,1042,546
TUPY3,202102,LEVE3,0.879568586572983,415,546
TUPY3,202102,MEAL3,0.903878280359023,480,546
TUPY3,202102,NEOE3,0.805289173821666,722,546
TUPY3,202102,SAPR11,0.812699057565122,600,546
TUPY3,202102,SHUL4,0.870757660819436,85,546
TUPY3,202103,BRPR3,0.733311242508425,554,577
TUPY3,202103,DIRR3,0.772973702346213,472,577
TUPY3,202103,LEVE3,0.765472809217298,510,577
TUPY3,202103,MEAL3,0.779587567192904,482,577
TUPY3,202103,NEOE3,0.77495282846628,723,577
TUPY3,202103,PSSA3,0.820692400030174,624,577
TUPY3,202103,SAPR11,0.760268727902469,580,577
TUPY3,202104,BRSR6,0.713672382062441,605,621
TUPY3,202104,DIRR3,0.715978543728381,544,621
TUPY3,202104,LEVE3,0.738098796116661,549,621
TUPY3,202104,MEAL3,0.7406786712479,539,621
TUPY3,202104,NEOE3,0.778525206510474,737,621
TUPY3,202104,PSSA3,0.845234783454182,651,621
TUPY3,202104,SAPR11,0.730051645834459,605,621
TUPY3,202105,BRPR3,0.720429336318678,576,565
TUPY3,202105,DIRR3,0.740618538747192,547,565
TUPY3,202105,LEVE3,0.786683829704543,547,565
TUPY3,202105,MEAL3,0.775484652334414,536,565
TUPY3,202105,NEOE3,0.788804408304557,664,565
TUPY3,202105,SAPR11,0.759864653817568,612,565
TUPY3,202105,SHUL4,0.711206736412032,103,565
TUPY3,202106,BRPR3,0.895508774989424,586,580
TUPY3,202106,CCPR3,0.784784336177749,445,580
TUPY3,202106,DIRR3,0.846977231825061,583,580
TUPY3,202106,EVEN3,0.782754123138619,713,580
TUPY3,202106,LEVE3,0.764794459400849,595,580
TUPY3,202106,MEAL3,0.933173983755935,525,580
TUPY3,202106,NEOE3,0.807108669619245,660,580
TUPY3,202106,SAPR11,0.893080602381504,656,580
TUPY3,202106,SHUL4,0.911722640507951,95,580
TUPY3,202107,BRPR3,0.91774530166017,586,560
TUPY3,202107,CCPR3,0.752530373338904,446,560
TUPY3,202107,DIRR3,0.880082280664949,609,560
TUPY3,202107,EVEN3,0.818668924815653,673,560
TUPY3,202107,MEAL3,0.93718630499836,564,560
TUPY3,202107,NEOE3,0.830695374156759,663,560
TUPY3,202107,SAPR11,0.910845440906916,658,560
TUPY3,202107,SHUL4,0.909143859250335,96,560
TUPY3,202108,BRPR3,0.902337221914968,558,528
TUPY3,202108,CCPR3,0.746188557972291,504,528
TUPY3,202108,EVEN3,0.832197970220335,689,528
TUPY3,202108,MEAL3,0.936393132066374,511,528
TUPY3,202108,NEOE3,0.814510617738372,679,528
TUPY3,202108,SAPR11,0.920957570675216,657,528
TUPY3,202108,SHUL4,0.901727790518333,40,528
TUPY3,202109,BRPR3,0.905620294384591,587,540
TUPY3,202109,EVEN3,0.879695345183148,697,540
TUPY3,202109,MEAL3,0.948643136185372,528,540
TUPY3,202109,NEOE3,0.815183218080853,670,540
TUPY3,202109,SAPR11,0.908090736583484,676,540
TUPY3,202109,SHUL4,0.963272255359578,26,540
TUPY3,202110,BRPR3,0.87547083232132,603,552
TUPY3,202110,EVEN3,0.911957993978394,698,552
TUPY3,202110,MEAL3,0.940341168421478,472,552
TUPY3,202110,MELK3,0.7268182282846,434,552
TUPY3,202110,NEOE3,0.783373719764955,662,552
TUPY3,202110,PNVL3,0.759223287136411,634,552
TUPY3,202110,SAPR11,0.866835567589736,654,552
TUPY3,202110,SHUL4,0.963390175003595,423,552
TUPY3,202111,BRPR3,0.896158356604885,573,596
TUPY3,202111,EVEN3,0.925199488582275,679,596
TUPY3,202111,MEAL3,0.943985562267374,419,596
TUPY3,202111,NEOE3,0.830846056087474,659,596
TUPY3,202111,PNVL3,0.785128555418309,609,596
TUPY3,202111,SAPR11,0.849542029669594,614,596
TUPY3,202111,SHUL4,0.962496750189185,379,596
TUPY3,202112,BBDC3,0.717082282894758,1154,640
TUPY3,202112,BRPR3,0.885271882363138,626,640
TUPY3,202112,EVEN3,0.933777768763792,730,640
TUPY3,202112,MEAL3,0.926176762725514,517,640
TUPY3,202112,MELK3,0.746619889093845,368,640
TUPY3,202112,NEOE3,0.874990039721253,687,640
TUPY3,202112,PNVL3,0.78896838189565,639,640
TUPY3,202112,SAPR11,0.777262029861914,653,640
TUPY3,202112,SHUL4,0.965596674145557,464,640
UCAS3,201709,TPIS3,0.935030795021996,151,111
UCAS3,201710,ETER3,0.96371357621025,114,111
UCAS3,201710,TPIS3,0.943731371124253,113,111
UCAS3,201711,ETER3,0.819268522785999,136,113
UCAS3,201711,TPIS3,0.942485152416983,117,113
UCAS3,201712,ETER3,0.847448859868588,128,117
UCAS3,201712,TPIS3,0.951965530624178,121,117
UCAS3,201801,ETER3,0.785339151275262,116,112
UCAS3,201801,TPIS3,0.980014706611044,114,112
UCAS3,201804,ETER3,0.969698408966798,113,111
UCAS3,201804,TPIS3,0.990711204411378,112,111
UCAS3,201805,ETER3,0.802495055027177,117,115
UCAS3,201805,TPIS3,0.971295200684312,113,115
UCAS3,202009,CLSC4,0.989332035361712,177,27
UCAS3,202009,OFSA3,0.903220117197341,325,27
UCAS3,202010,CLSC4,0.991756347689619,189,26
UCAS3,202010,OFSA3,0.884512166038709,328,26
UCAS3,202107,CLSC4,0.966602883877894,87,30
UCAS3,202107,OFSA3,0.851674559161952,286,30
UCAS3,202108,CLSC4,0.96708142662635,86,29
UCAS3,202108,OFSA3,0.881141630065299,273,29
UGPA3,201702,ALPA4,0.760840928699483,558,858
UGPA3,201702,CGAS5,0.720401263003823,547,858
UGPA3,201702,CIEL3,0.744035223971631,979,858
UGPA3,201702,ENBR3,0.754151198424437,740,858
UGPA3,201702,LREN3,0.710853041795024,954,858
UGPA3,201702,SMTO3,0.746538932638603,613,858
UGPA3,201703,JBSS3,0.753262421486574,784,846
UGPA3,201703,LREN3,0.779179414109272,917,846
UGPA3,201704,ALPA4,0.865931457508423,589,895
UGPA3,201704,CGAS5,0.854756624133353,562,895
UGPA3,201704,ELET6,0.829342145487801,647,895
UGPA3,201704,ENBR3,0.830581787385001,763,895
UGPA3,201704,JBSS3,0.841288536342205,795,895
UGPA3,201704,LREN3,0.746959669912312,931,895
UGPA3,201704,SMTO3,0.867462114748456,664,895
UGPA3,201705,ALPA4,0.864536967482757,591,876
UGPA3,201705,CGAS5,0.860356415359375,558,876
UGPA3,201705,ELET6,0.850992881982834,742,876
UGPA3,201705,ENBR3,0.835242601626134,737,876
UGPA3,201705,HGTX3,0.70316358727148,519,876
UGPA3,201705,LREN3,0.730516616788257,910,876
UGPA3,201705,PARD3,0.732862708215956,693,876
UGPA3,201705,SMTO3,0.869038592209191,664,876
UGPA3,201706,ALPA4,0.832116034139003,590,898
UGPA3,201706,AMAR3,0.74463410463807,487,898
UGPA3,201706,CGAS5,0.83248766392756,567,898
UGPA3,201706,ELET6,0.737405026880967,782,898
UGPA3,201706,ENBR3,0.817079226763501,734,898
UGPA3,201706,LREN3,0.833252580749047,941,898
UGPA3,201706,SMTO3,0.823377069572264,681,898
UGPA3,201707,ALPA4,0.805372409283264,552,869
UGPA3,201707,AMAR3,0.714822952601914,473,869
UGPA3,201707,CGAS5,0.804310255660887,558,869
UGPA3,201707,ENBR3,0.766978805128366,737,869
UGPA3,201707,SMTO3,0.768991778321094,684,869
UGPA3,201708,ELET3,0.749289436423497,779,880
UGPA3,201708,LREN3,0.767892420628076,965,880
UGPA3,201709,ALPA4,0.74191584991822,565,900
UGPA3,201709,AMAR3,0.701847612807995,487,900
UGPA3,201709,CGAS5,0.715012421225613,194,900
UGPA3,201709,ELET3,0.791695414945336,880,900
UGPA3,201709,ENBR3,0.710394520391153,736,900
UGPA3,201709,NATU3,0.802838881401586,774,900
UGPA3,201709,RENT3,0.70613956290217,848,900
UGPA3,201710,ALPA4,0.744745054483051,421,917
UGPA3,201710,AMAR3,0.709329856734056,507,917
UGPA3,201710,CGAS5,0.723179557071995,219,917
UGPA3,201710,ELET3,0.730772625047715,892,917
UGPA3,201710,ENBR3,0.719467687687544,736,917
UGPA3,201710,NATU3,0.771860453649495,796,917
UGPA3,201710,RENT3,0.742666268094491,885,917
UGPA3,201711,ALPA4,0.768460377025021,467,870
UGPA3,201711,AMAR3,0.733227281773906,484,870
UGPA3,201711,CGAS5,0.73153512094135,358,870
UGPA3,201711,ENBR3,0.733392733356904,743,870
UGPA3,201711,HGTX3,0.730601122475797,707,870
UGPA3,201711,NATU3,0.78278034217562,780,870
UGPA3,201712,ALPA4,0.846145859980854,487,877
UGPA3,201712,BRML3,0.74042761848359,916,877
UGPA3,201712,CGAS5,0.734077628350552,414,877
UGPA3,201712,ELET3,0.723022235182253,918,877
UGPA3,201712,ENBR3,0.754937484726775,764,877
UGPA3,201712,HGTX3,0.812084640342455,738,877
UGPA3,201712,NATU3,0.8595266427458,783,877
UGPA3,201801,ALPA4,0.817612982924152,457,849
UGPA3,201801,AMAR3,0.829662259510309,511,849
UGPA3,201801,BRML3,0.713328456729533,889,849
UGPA3,201801,ELET3,0.752044743583694,859,849
UGPA3,201801,ELET6,0.719658115121079,864,849
UGPA3,201801,HGTX3,0.815012373627314,668,849
UGPA3,201801,NATU3,0.847729520315682,753,849
UGPA3,201802,ALPA4,0.793320222777903,467,813
UGPA3,201802,AMAR3,0.819360664498491,382,813
UGPA3,201802,BBDC4,0.801469998919424,1024,813
UGPA3,201802,ELET3,0.783619297037362,804,813
UGPA3,201802,ELET6,0.752942682828496,813,813
UGPA3,201802,HGTX3,0.795683642276162,593,813
UGPA3,201802,NATU3,0.832675947208545,778,813
UGPA3,201803,ALPA4,0.862999209188624,465,809
UGPA3,201803,AMAR3,0.916798711909217,382,809
UGPA3,201803,BBDC4,0.808748012697775,1029,809
UGPA3,201803,BRML3,0.739114636356476,868,809
UGPA3,201803,ELET3,0.875195455576732,804,809
UGPA3,201803,ELET6,0.865076490957869,839,809
UGPA3,201803,HGTX3,0.910493553966483,584,809
UGPA3,201803,NATU3,0.936212008737644,764,809
UGPA3,201803,OMGE3,0.703431835825466,528,809
UGPA3,201807,PETR3,0.763863772508629,842,853
UGPA3,201811,ABEV3,0.822829242959792,930,864
UGPA3,201811,CPFE3,0.81171027636805,448,864
UGPA3,201811,CVCB3,0.820143156207091,988,864
UGPA3,201811,ENEV3,0.82525818543987,270,864
UGPA3,201811,ESTC3,0.725345499276565,897,864
UGPA3,201811,HYPE3,0.748075610604631,865,864
UGPA3,201811,SMLS3,0.730093694915887,865,864
UGPA3,201812,CPFE3,0.771132087073318,454,883
UGPA3,201812,CSAN3,0.722533268347407,873,883
UGPA3,201812,CVCB3,0.848822421431745,988,883
UGPA3,201812,ENEV3,0.869646555261432,348,883
UGPA3,201812,ESTC3,0.824953388281498,890,883
UGPA3,201812,HYPE3,0.731633296689684,829,883
UGPA3,201812,SMLS3,0.77860570653907,873,883
UGPA3,201901,CSAN3,0.727723787664042,876,887
UGPA3,201901,CVCB3,0.851563234492975,985,887
UGPA3,201901,ENEV3,0.809992647355641,359,887
UGPA3,201901,ESTC3,0.830185057111322,880,887
UGPA3,201901,HYPE3,0.790283395945531,812,887
UGPA3,201901,SMLS3,0.797928239074053,859,887
UGPA3,201902,ALUP11,0.737521610598937,572,930
UGPA3,201902,CSAN3,0.751395163681871,976,930
UGPA3,201902,CVCB3,0.838788528311531,1000,930
UGPA3,201902,ENEV3,0.817582234012665,523,930
UGPA3,201902,ESTC3,0.898589471283479,974,930
UGPA3,201902,GGBR4,0.749386159216729,1009,930
UGPA3,201902,SMLS3,0.878874282309612,927,930
UGPA3,201905,ALUP11,0.764047934153101,532,872
UGPA3,201905,CVCB3,0.79427760368877,971,872
UGPA3,201905,ESTC3,0.839722326605711,899,872
UGPA3,201905,SMLS3,0.728732759985753,851,872
UGPA3,201906,CCRO3,0.826208184729312,869,859
UGPA3,201906,CPLE3,0.749878236821077,408,859
UGPA3,201906,DTEX3,0.855462583806329,492,859
UGPA3,201906,ECOR3,0.723014251295923,798,859
UGPA3,201906,GUAR3,0.798362572874431,434,859
UGPA3,201906,LINX3,0.750458655984168,753,859
UGPA3,201906,MEAL3,0.804829979329475,407,859
UGPA3,201906,MYPK3,0.836203808511457,517,859
UGPA3,201906,TEND3,0.772070108334904,580,859
UGPA3,201906,TGMA3,0.773081025548959,503,859
UGPA3,201907,AALR3,0.735654156240873,480,834
UGPA3,201907,ALSC3,0.803806532104917,640,834
UGPA3,201907,CMIG3,0.733687510567821,678,834
UGPA3,201907,CPFE3,0.772505137686396,912,834
UGPA3,201907,DTEX3,0.874360761860239,584,834
UGPA3,201907,ECOR3,0.867660959533639,814,834
UGPA3,201907,ELET3,0.804392525177487,958,834
UGPA3,201907,GUAR3,0.828520502846819,482,834
UGPA3,201907,LINX3,0.780490032391038,825,834
UGPA3,201907,MEAL3,0.810535219257216,485,834
UGPA3,201907,MYPK3,0.855029744517815,586,834
UGPA3,201907,NATU3,0.736600130848116,886,834
UGPA3,201907,NEOE3,0.753925067368448,805,834
UGPA3,201907,TEND3,0.766601215945492,612,834
UGPA3,201907,TGMA3,0.781927959507317,564,834
UGPA3,201909,AALR3,0.782248903677569,474,821
UGPA3,201909,ALSO3,0.792049402893807,666,821
UGPA3,201909,CPLE3,0.741827580847196,413,821
UGPA3,201909,DTEX3,0.911933377474067,650,821
UGPA3,201909,ECOR3,0.767362160779085,875,821
UGPA3,201909,GUAR3,0.875470517625777,641,821
UGPA3,201909,MEAL3,0.856107065771878,573,821
UGPA3,201909,MYPK3,0.894628400178885,641,821
UGPA3,201909,NEOE3,0.814736483189106,791,821
UGPA3,201909,SULA11,0.810062474427181,753,821
UGPA3,201909,TEND3,0.818516856413937,629,821
UGPA3,201909,TGMA3,0.782259388287864,580,821
UGPA3,201910,AALR3,0.78323749818083,473,843
UGPA3,201910,ALSO3,0.843931818249068,682,843
UGPA3,201910,CPLE3,0.809448186241393,409,843
UGPA3,201910,DTEX3,0.935993832300806,624,843
UGPA3,201910,ECOR3,0.775945124992189,878,843
UGPA3,201910,GUAR3,0.889894904146445,571,843
UGPA3,201910,LINX3,0.702662748114152,706,843
UGPA3,201910,MEAL3,0.899971000452985,572,843
UGPA3,201910,MYPK3,0.91809311148011,570,843
UGPA3,201910,NEOE3,0.861400379424126,748,843
UGPA3,201910,SBSP3,0.793430376482927,939,843
UGPA3,201910,SULA11,0.791232455143391,888,843
UGPA3,201910,TEND3,0.823780004346631,620,843
UGPA3,201910,TGMA3,0.85398355540301,576,843
UGPA3,201911,AALR3,0.788461273316663,404,906
UGPA3,201911,ALSO3,0.836630825635479,698,906
UGPA3,201911,BPAC11,0.774492178270197,940,906
UGPA3,201911,CIEL3,0.889243056801974,840,906
UGPA3,201911,CPLE3,0.731855179047475,326,906
UGPA3,201911,DTEX3,0.830581263569499,574,906
UGPA3,201911,ECOR3,0.862136330829937,875,906
UGPA3,201911,GUAR3,0.824921636251185,513,906
UGPA3,201911,IDNT3,0.763051557386386,222,906
UGPA3,201911,LINX3,0.842203283745509,670,906
UGPA3,201911,MEAL3,0.83096365359086,532,906
UGPA3,201911,MYPK3,0.844176880241215,523,906
UGPA3,201911,NEOE3,0.885505801362719,732,906
UGPA3,201911,SBSP3,0.874273692971247,945,906
UGPA3,201911,SULA11,0.741130521215424,893,906
UGPA3,201911,TEND3,0.789021155049479,564,906
UGPA3,201911,TGMA3,0.815526162120947,497,906
UGPA3,201912,AALR3,0.702850883311577,414,968
UGPA3,201912,ALSO3,0.715515184924833,706,968
UGPA3,201912,CIEL3,0.878624470176577,859,968
UGPA3,201912,CPLE3,0.758803254194674,331,968
UGPA3,201912,CYRE3,0.769042889377341,937,968
UGPA3,201912,DTEX3,0.710174293092534,563,968
UGPA3,201912,ECOR3,0.774990873321257,836,968
UGPA3,201912,GUAR3,0.786132804961125,528,968
UGPA3,201912,IDNT3,0.718980173362185,228,968
UGPA3,201912,LINX3,0.848735224197464,669,968
UGPA3,201912,MEAL3,0.830634225479487,537,968
UGPA3,201912,MYPK3,0.824839334705887,529,968
UGPA3,201912,NEOE3,0.774065239040593,721,968
UGPA3,201912,SBSP3,0.798020579206753,923,968
UGPA3,201912,TEND3,0.731932925235944,582,968
UGPA3,201912,TGMA3,0.827565487519175,504,968
UGPA3,202001,AALR3,0.7206301141077,458,1000
UGPA3,202001,CPLE3,0.735554585718121,421,1000
UGPA3,202001,CYRE3,0.703823860677177,948,1000
UGPA3,202001,ECOR3,0.711261631769024,856,1000
UGPA3,202001,GUAR3,0.718759409736341,614,1000
UGPA3,202001,LINX3,0.766228845617753,679,1000
UGPA3,202001,MEAL3,0.780263567657028,551,1000
UGPA3,202001,MYPK3,0.757347159542843,561,1000
UGPA3,202001,NEOE3,0.710351867355512,710,1000
UGPA3,202001,SBSP3,0.743707975399111,950,1000
UGPA3,202001,TGMA3,0.790079182814546,578,1000
UGPA3,202002,AALR3,0.830874217036032,460,979
UGPA3,202002,CPLE3,0.797573736307178,451,979
UGPA3,202002,ECOR3,0.780177285164258,883,979
UGPA3,202002,GUAR3,0.801368617312438,642,979
UGPA3,202002,IDNT3,0.790662839421311,233,979
UGPA3,202002,LINX3,0.783338311249664,694,979
UGPA3,202002,MEAL3,0.828599716980639,557,979
UGPA3,202002,MYPK3,0.743848164412762,630,979
UGPA3,202002,NEOE3,0.738473604540573,727,979
UGPA3,202002,SBSP3,0.749223184857602,985,979
UGPA3,202002,TGMA3,0.846829196115836,618,979
UGPA3,202003,AALR3,0.83133430598862,457,1003
UGPA3,202003,CPLE3,0.834392433450845,447,1003
UGPA3,202003,ECOR3,0.847418081753066,872,1003
UGPA3,202003,GUAR3,0.82944530000237,625,1003
UGPA3,202003,IDNT3,0.819974219110533,232,1003
UGPA3,202003,IRBR3,0.729177985471897,957,1003
UGPA3,202003,LINX3,0.814159668983445,663,1003
UGPA3,202003,MEAL3,0.850242582667808,537,1003
UGPA3,202003,MYPK3,0.731131651551037,612,1003
UGPA3,202003,NEOE3,0.734906701472326,744,1003
UGPA3,202003,SBSP3,0.71601597737121,1003,1003
UGPA3,202003,TGMA3,0.85770176699328,580,1003
UGPA3,202004,AALR3,0.769719470742605,408,1058
UGPA3,202004,CPLE3,0.769261722007516,445,1058
UGPA3,202004,ECOR3,0.776589077485383,895,1058
UGPA3,202004,GUAR3,0.740894985475717,566,1058
UGPA3,202004,IDNT3,0.710752230226215,231,1058
UGPA3,202004,LINX3,0.776068109981327,609,1058
UGPA3,202004,MEAL3,0.777386391029699,524,1058
UGPA3,202004,TGMA3,0.777569414408389,548,1058
UGPA3,202005,AALR3,0.742996182623259,403,1062
UGPA3,202005,CPLE3,0.731582490968252,450,1062
UGPA3,202005,ECOR3,0.754321039096284,883,1062
UGPA3,202005,LINX3,0.72457414706065,613,1062
UGPA3,202005,LOGN3,0.711680819161509,448,1062
UGPA3,202005,MEAL3,0.740237071183106,488,1062
UGPA3,202005,TGMA3,0.731554140985956,565,1062
UGPA3,202007,AALR3,0.742897158353866,401,1048
UGPA3,202007,CPLE3,0.724258591191758,461,1048
UGPA3,202007,LINX3,0.742710083405286,689,1048
UGPA3,202007,LOGN3,0.718426936937384,495,1048
UGPA3,202007,MEAL3,0.726060685679277,508,1048
UGPA3,202007,TGMA3,0.733561994075271,592,1048
UGPA3,202008,AALR3,0.78490606718251,402,1080
UGPA3,202008,CPLE3,0.767824991338844,465,1080
UGPA3,202008,ECOR3,0.738364469504845,993,1080
UGPA3,202008,GUAR3,0.715274466648503,574,1080
UGPA3,202008,LINX3,0.782702180195267,698,1080
UGPA3,202008,LOGN3,0.741000131948005,466,1080
UGPA3,202008,MEAL3,0.786316694562576,551,1080
UGPA3,202008,TGMA3,0.787304517304804,593,1080
UGPA3,202009,AALR3,0.798678972480043,403,1072
UGPA3,202009,CPLE3,0.788972873490105,473,1072
UGPA3,202009,LINX3,0.750890814568791,771,1072
UGPA3,202009,LOGN3,0.760988950496863,434,1072
UGPA3,202009,MEAL3,0.78883809855114,512,1072
UGPA3,202009,TGMA3,0.775277457517209,572,1072
UGPA3,202010,AALR3,0.762068708064803,477,1094
UGPA3,202010,LOGN3,0.74125031531949,425,1094
UGPA3,202010,MEAL3,0.761906415217569,515,1094
UGPA3,202010,TGMA3,0.731820545731872,570,1094
UGPA3,202011,AALR3,0.758092636164657,459,1087
UGPA3,202011,LOGN3,0.742044623620813,403,1087
UGPA3,202011,TGMA3,0.75293824342224,566,1087
UGPA3,202102,CRFB3,0.725625350429785,1028,1095
UGPA3,202102,LAME4,0.717594137159419,1146,1095
UGPA3,202103,CRFB3,0.706145681282977,1053,1130
UGPA3,202103,LAME4,0.709175642700798,1159,1130
UGPA3,202104,CRFB3,0.759809982544767,1069,1159
UGPA3,202105,CRFB3,0.801679322307098,1076,1149
UGPA3,202105,LAME4,0.770806458740629,1151,1149
UGPA3,202106,CRFB3,0.815111156068503,1086,1143
UGPA3,202106,LAME4,0.803399031650072,1125,1143
UGPA3,202107,LAME4,0.717851375691972,1133,1110
UNIP3,201702,BRGE3,1,133,133
UNIP3,201702,CCXC3,0.908266415320145,26,133
UNIP3,201702,CGRA3,0.99888525993591,135,133
UNIP3,201702,CRIV3,1,133,133
UNIP3,201702,CTNM4,0.999169190066369,134,133
UNIP3,201702,JOPA3,1,133,133
UNIP3,201702,LLIS3,0.908266415320145,26,133
UNIP3,201702,LUPA3,0.721008610706236,27,133
UNIP3,201702,MGEL4,1,133,133
UNIP3,201702,OSXB3,0.908266415320146,26,133
UNIP3,201702,RAPT3,0.999880972599506,230,133
UNIP3,201702,RPAD3,1,133,133
UNIP3,201703,BRGE3,1,134,134
UNIP3,201703,CGRA3,0.997929558058001,136,134
UNIP3,201703,CRIV3,1,134,134
UNIP3,201703,CTNM4,0.998970116612048,135,134
UNIP3,201703,JOPA3,1,134,134
UNIP3,201703,RAPT3,0.99986738884704,231,134
UNIP3,201703,RPAD3,1,134,134
UNIP3,201704,BRGE3,1,136,136
UNIP3,201704,CGRA3,0.998171583154709,138,136
UNIP3,201704,CRIV3,1,136,136
UNIP3,201704,CTNM4,0.999213704748507,137,136
UNIP3,201704,JOPA3,1,136,136
UNIP3,201704,RAPT3,0.999909977747242,237,136
UNIP3,201704,RPAD3,1,136,136
UNIP3,201705,BRGE3,1,133,133
UNIP3,201705,CGRA3,0.998319544933781,135,133
UNIP3,201705,CRIV3,1,133,133
UNIP3,201705,CTNM4,0.999195426073628,134,133
UNIP3,201705,JOPA3,1,133,133
UNIP3,201705,RAPT3,0.999890011634213,236,133
UNIP3,201705,RPAD3,1,133,133
UNIP3,201706,BRGE3,1,130,130
UNIP3,201706,CGRA3,0.998414561590407,132,130
UNIP3,201706,CRIV3,1,130,130
UNIP3,201706,CTNM4,0.999333293188787,131,130
UNIP3,201706,JOPA3,1,130,130
UNIP3,201706,RAPT3,0.999972399379281,256,130
UNIP3,201706,RPAD3,1,130,130
UNIP3,201707,BRGE3,0.999961266284912,129,129
UNIP3,201707,CRIV3,0.999961266284912,129,129
UNIP3,201707,CTNM4,0.999452055428452,130,129
UNIP3,201707,JOPA3,0.999961266284912,129,129
UNIP3,201707,RAPT3,0.999939356562991,252,129
UNIP3,201707,RPAD3,0.999961266284912,129,129
UNIP3,201708,BRGE3,1,130,130
UNIP3,201708,CRIV3,1,130,130
UNIP3,201708,CTNM4,0.999553971735896,131,130
UNIP3,201708,JOPA3,1,130,130
UNIP3,201708,RAPT3,0.999979080300048,131,130
UNIP3,201708,RPAD3,1,130,130
UNIP3,201709,BRGE3,1,129,129
UNIP3,201709,CCPR3,0.713791388020497,144,129
UNIP3,201709,CRIV3,1,129,129
UNIP3,201709,CTNM4,0.999556572133563,130,129
UNIP3,201709,JOPA3,1,129,129
UNIP3,201709,RAPT3,0.999989176538641,130,129
UNIP3,201709,RPAD3,1,129,129
UNIP3,201710,BRGE3,0.999997564660892,130,130
UNIP3,201710,CCPR3,0.700918420547437,146,130
UNIP3,201710,CRIV3,0.999997564660893,130,130
UNIP3,201710,CTNM4,0.99958205340632,131,130
UNIP3,201710,JOPA3,0.999997564660892,130,130
UNIP3,201710,RAPT3,0.999982015730642,131,130
UNIP3,201710,RPAD3,0.999997564660893,130,130
UNIP3,201711,BRGE3,0.999997816720161,129,141
UNIP3,201711,CCPR3,0.713849403382819,146,141
UNIP3,201711,CRIV3,0.999997816720161,129,141
UNIP3,201711,CTNM4,0.999525951722416,130,141
UNIP3,201711,JOPA3,0.999997816720162,129,141
UNIP3,201711,RAPT3,0.999967776005376,130,141
UNIP3,201711,RPAD3,0.999997816720161,129,141
UNIP3,201712,BRGE3,0.999999827462059,128,138
UNIP3,201712,CCPR3,0.727389912326554,145,138
UNIP3,201712,CRIV3,0.999999827462059,128,138
UNIP3,201712,CTNM4,0.999627945671443,129,138
UNIP3,201712,JOPA3,0.999999827462059,128,138
UNIP3,201712,LLIS3,0.909596524728996,20,138
UNIP3,201712,RAPT3,0.99997377225886,129,138
UNIP3,201712,RPAD3,0.999999827462061,128,138
UNIP3,201801,BRGE3,1,125,125
UNIP3,201801,CCPR3,0.716170771455604,143,125
UNIP3,201801,CRIV3,1,125,125
UNIP3,201801,CTNM4,0.999890275056676,126,125
UNIP3,201801,JOPA3,1,125,125
UNIP3,201801,LLIS3,0.83611702521351,32,125
UNIP3,201801,RAPT3,0.999962704295446,126,125
UNIP3,201801,RPAD3,1,125,125
UNIP3,201802,BRGE3,1,124,124
UNIP3,201802,CRIV3,1,124,124
UNIP3,201802,CTNM4,1,124,124
UNIP3,201802,JOPA3,1,124,124
UNIP3,201802,RAPT3,0.999968044463158,125,124
UNIP3,201802,RPAD3,1,124,124
UNIP3,201803,BRGE3,1,124,124
UNIP3,201803,BRIV3,1,124,124
UNIP3,201803,CRIV3,1,124,124
UNIP3,201803,CTNM4,0.999980277466186,124,124
UNIP3,201803,INEP3,0.978066746528601,125,124
UNIP3,201803,JOPA3,1,124,124
UNIP3,201803,RAPT3,1,125,124
UNIP3,201803,RPAD3,0.999999999999998,124,124
UNIP3,201804,BRGE3,1,124,124
UNIP3,201804,BRIV3,1,124,124
UNIP3,201804,CRIV3,1,124,124
UNIP3,201804,CTNM4,0.999964524199122,125,124
UNIP3,201804,INEP3,0.975859402498824,125,124
UNIP3,201804,JOPA3,1,124,124
UNIP3,201804,RAPT3,0.999999994170295,124,124
UNIP3,201804,RPAD3,1,124,124
UNIP3,201805,BRGE3,1,124,124
UNIP3,201805,BRIV3,1,124,124
UNIP3,201805,CRIV3,1,124,124
UNIP3,201805,CTNM4,0.999977936888677,125,124
UNIP3,201805,INEP3,0.960713380399609,125,124
UNIP3,201805,JOPA3,1,124,124
UNIP3,201805,RAPT3,0.96933830440161,124,124
UNIP3,201805,RPAD3,1,124,124
UNIP3,201806,BRGE3,1,123,123
UNIP3,201806,BRIV3,1,123,123
UNIP3,201806,CRIV3,1,123,123
UNIP3,201806,CTNM4,0.999979150496278,124,123
UNIP3,201806,INEP3,0.968960851423996,124,123
UNIP3,201806,JOPA3,1,123,123
UNIP3,201806,RAPT3,0.958151767980883,128,123
UNIP3,201806,RPAD3,1,123,123
UNIP3,201807,BRGE3,1,122,122
UNIP3,201807,BRIV3,1,122,122
UNIP3,201807,CRIV3,1,122,122
UNIP3,201807,CTNM4,0.999979346282088,123,122
UNIP3,201807,INEP3,0.860389800788291,123,122
UNIP3,201807,JOPA3,1,122,122
UNIP3,201807,RAPT3,0.999994377796457,126,122
UNIP3,201807,RPAD3,1,122,122
UNIP3,201808,BRGE3,1,122,122
UNIP3,201808,BRIV3,1,122,122
UNIP3,201808,BRPR3,0.755558541099131,440,122
UNIP3,201808,CRIV3,1,122,122
UNIP3,201808,CTNM4,0.999982374898913,123,122
UNIP3,201808,JOPA3,1,122,122
UNIP3,201808,RAPT3,1,122,122
UNIP3,201808,RPAD3,1,122,122
UNIP3,201809,BRGE3,1,123,123
UNIP3,201809,BRIV3,1,123,123
UNIP3,201809,BRPR3,0.763576047689096,422,123
UNIP3,201809,CCPR3,0.779077414806917,136,123
UNIP3,201809,CRIV3,1,123,123
UNIP3,201809,CTNM4,0.999993375292773,124,123
UNIP3,201809,JOPA3,1,123,123
UNIP3,201809,RAPT3,1,123,123
UNIP3,201809,RPAD3,1,123,123
UNIP3,201810,BRGE3,1,166,166
UNIP3,201810,BRIV3,1,166,166
UNIP3,201810,CCPR3,0.800655051573236,179,166
UNIP3,201810,CRIV3,1,166,166
UNIP3,201810,CTNM4,0.999993066933521,167,166
UNIP3,201810,JOPA3,1,166,166
UNIP3,201810,RAPT3,1,166,166
UNIP3,201810,RPAD3,1,166,166
UNIP3,201811,BRGE3,1,186,186
UNIP3,201811,BRIV3,1,186,186
UNIP3,201811,CCPR3,0.718836134885535,199,186
UNIP3,201811,CRIV3,1,186,186
UNIP3,201811,CTNM4,0.999959044142697,187,186
UNIP3,201811,JOPA3,1,186,186
UNIP3,201811,RAPT3,1,186,186
UNIP3,201811,RPAD3,1,186,186
UNIP3,201812,BRGE3,1,191,191
UNIP3,201812,BRIV3,1,191,191
UNIP3,201812,CRIV3,1,191,191
UNIP3,201812,CTNM4,0.999978383177957,192,191
UNIP3,201812,JOPA3,1,191,191
UNIP3,201812,RAPT3,1,191,191
UNIP3,201812,RPAD3,1,191,191
UNIP3,201901,BRGE3,0.99450805179005,194,194
UNIP3,201901,BRIV3,0.99450805179005,194,194
UNIP3,201901,CRIV3,0.99450805179005,194,194
UNIP3,201901,CTNM4,0.994497611253781,195,194
UNIP3,201901,JOPA3,0.99450805179005,194,194
UNIP3,201901,RAPT3,0.994508051790049,194,194
UNIP3,201901,RPAD3,0.99450805179005,194,194
UNIP3,201902,BRGE3,0.993067788338355,194,200
UNIP3,201902,BRIV3,0.993067788338356,194,200
UNIP3,201902,CRIV3,0.993067788338354,194,200
UNIP3,201902,CTNM4,0.993060842811091,195,200
UNIP3,201902,JOPA3,0.993067788338353,194,200
UNIP3,201902,RAPT3,0.993067788338355,194,200
UNIP3,201902,RPAD3,0.993067788338354,194,200
UNIP3,201903,BRGE3,0.993237883116157,194,200
UNIP3,201903,BRIV3,0.993237883116158,194,200
UNIP3,201903,CRIV3,0.993237883116157,194,200
UNIP3,201903,CTNM4,0.993227082663678,195,200
UNIP3,201903,GSHP3,0.756519783904215,79,200
UNIP3,201903,JOPA3,0.993237883116158,194,200
UNIP3,201903,RAPT3,0.993237883116158,194,200
UNIP3,201903,RPAD3,0.993237883116157,194,200
UNIP3,201904,BRGE3,0.993444700453076,194,200
UNIP3,201904,BRIV3,0.993444700453076,194,200
UNIP3,201904,CRIV3,0.993444700453076,194,200
UNIP3,201904,CTNM4,0.993425819990226,195,200
UNIP3,201904,JOPA3,0.993444700453075,194,200
UNIP3,201904,RAPT3,0.993444700453075,194,200
UNIP3,201904,RPAD3,0.993444700453075,194,200
UNIP3,201905,BRGE3,0.993275891046796,195,201
UNIP3,201905,BRIV3,0.993275891046794,195,201
UNIP3,201905,CRIV3,0.993275891046793,195,201
UNIP3,201905,CTNM4,0.993248518521034,196,201
UNIP3,201905,JOPA3,0.993275891046794,195,201
UNIP3,201905,RAPT3,0.993275872975227,195,201
UNIP3,201905,RPAD3,0.993275891046794,195,201
UNIP3,201906,BRGE3,0.993585256797699,192,198
UNIP3,201906,BRIV3,0.993585256797699,192,198
UNIP3,201906,CCPR3,0.714928549047259,211,198
UNIP3,201906,CRIV3,0.993585256797698,192,198
UNIP3,201906,CTNM4,0.993559920753784,193,198
UNIP3,201906,JOPA3,0.993585256797698,192,198
UNIP3,201906,RAPT3,0.99358523918781,193,198
UNIP3,201906,RPAD3,0.993585256797699,192,198
UNIP3,201907,BRGE3,0.993377735313356,192,198
UNIP3,201907,BRIV3,0.993377735313356,192,198
UNIP3,201907,CRIV3,0.993377735313357,192,198
UNIP3,201907,CTNM4,0.993355777861371,193,198
UNIP3,201907,JOPA3,0.993377735313357,192,198
UNIP3,201907,RAPT3,0.993377719693002,193,198
UNIP3,201907,RPAD3,0.993377735313356,192,198
UNIP3,201908,BRGE3,0.99170920081572,196,201
UNIP3,201908,BRIV3,0.99170920081572,196,201
UNIP3,201908,CRIV3,0.99170920081572,196,201
UNIP3,201908,CTNM4,0.991689498213779,197,201
UNIP3,201908,JOPA3,0.99170920081572,196,201
UNIP3,201908,RAPT3,0.991709182637855,197,201
UNIP3,201908,RPAD3,0.99170920081572,196,201
UNIP3,201909,BRGE3,0.990774463538124,192,197
UNIP3,201909,BRIV3,0.990774463538124,192,197
UNIP3,201909,CRIV3,0.990774463538125,192,197
UNIP3,201909,CTNM4,0.990761240768108,193,197
UNIP3,201909,JOPA3,0.990774463538124,192,197
UNIP3,201909,RAPT3,0.990774446506011,193,197
UNIP3,201909,RPAD3,0.990774463538124,192,197
UNIP3,201910,BRGE3,0.990477601301205,190,195
UNIP3,201910,BRIV3,0.990477601301204,190,195
UNIP3,201910,CRIV3,0.990477601301205,190,195
UNIP3,201910,CTNM4,0.990467000813619,191,195
UNIP3,201910,JOPA3,0.990477601301204,190,195
UNIP3,201910,RAPT3,0.990477449820186,191,195
UNIP3,201910,RPAD3,0.990477601301204,190,195
UNIP3,201911,BRGE3,0.991220419558463,192,197
UNIP3,201911,BRIV3,0.991220419558464,192,197
UNIP3,201911,CRIV3,0.991220419558464,192,197
UNIP3,201911,CTNM4,0.991218392259212,193,197
UNIP3,201911,JOPA3,0.991220419558464,192,197
UNIP3,201911,RAPT3,0.991220404267828,193,197
UNIP3,201911,RPAD3,0.991220419558465,192,197
UNIP3,201912,BRGE3,0.990600304941149,188,193
UNIP3,201912,BRIV3,0.990600304941149,188,193
UNIP3,201912,CRIV3,0.99060030494115,188,193
UNIP3,201912,CTNM4,0.990598651516655,189,193
UNIP3,201912,JOPA3,0.990600304941149,188,193
UNIP3,201912,RAPT3,0.990600292193916,189,193
UNIP3,201912,RPAD3,0.990600304941149,188,193
UNIP3,202001,BRGE3,0.989827233227093,187,192
UNIP3,202001,BRIV3,0.989827233227093,187,192
UNIP3,202001,CRIV3,0.989827233227094,187,192
UNIP3,202001,CTNM4,0.989826294575676,188,192
UNIP3,202001,JOPA3,0.989827233227094,187,192
UNIP3,202001,RAPT3,0.989827233227092,187,192
UNIP3,202001,RPAD3,0.989827233227094,187,192
UNIP3,202002,BRGE3,0.989759701488285,186,193
UNIP3,202002,BRIV3,0.989759701488285,186,193
UNIP3,202002,CRIV3,0.989759701488287,186,193
UNIP3,202002,CTNM4,0.989758757391016,187,193
UNIP3,202002,JOPA3,0.989759701488284,186,193
UNIP3,202002,RAPT3,0.989759701488285,186,193
UNIP3,202002,RPAD3,0.989759701488286,186,193
UNIP3,202003,BRGE3,0.986778461578862,184,189
UNIP3,202003,BRIV3,0.986778461578863,184,189
UNIP3,202003,CRIV3,0.986778461578863,184,189
UNIP3,202003,CTNM4,0.986778210743446,185,189
UNIP3,202003,JOPA3,0.986778461578863,184,189
UNIP3,202003,RAPT3,0.985602972571633,184,189
UNIP3,202003,RPAD3,0.986778461578864,184,189
UNIP3,202004,BRGE3,0.994982053915813,196,201
UNIP3,202004,BRIV3,0.994982053915814,196,201
UNIP3,202004,CRIV3,0.994982053915814,196,201
UNIP3,202004,CTNM4,0.994981894050342,197,201
UNIP3,202004,JOPA3,0.994982053915813,196,201
UNIP3,202004,RAPT3,0.993746909181978,196,201
UNIP3,202004,RPAD3,0.994982053915814,196,201
UNIP3,202005,BRGE3,0.994331709922367,196,201
UNIP3,202005,BRIV3,0.994331709922367,196,201
UNIP3,202005,CRIV3,0.994331709922367,196,201
UNIP3,202005,CTNM4,0.994331581352087,197,201
UNIP3,202005,JOPA3,0.994331709922366,196,201
UNIP3,202005,RAPT3,0.99318784224844,196,201
UNIP3,202005,RPAD3,0.994331709922368,196,201
UNIP3,202006,BRGE3,0.994234728574599,197,202
UNIP3,202006,BRIV3,0.994234728574599,197,202
UNIP3,202006,CRIV3,0.9942347285746,197,202
UNIP3,202006,CTNM4,0.9942347285746,197,202
UNIP3,202006,JOPA3,0.9942347285746,197,202
UNIP3,202006,RAPT3,0.993024111833139,197,202
UNIP3,202006,RPAD3,0.9942347285746,197,202
UNIP3,202007,BRGE3,0.986544141984868,201,206
UNIP3,202007,BRIV3,0.986544141984867,201,206
UNIP3,202007,CRIV3,0.986544141984867,201,206
UNIP3,202007,CTNM4,0.986544141984867,201,206
UNIP3,202007,JOPA3,0.986544141984867,201,206
UNIP3,202007,RAPT3,0.985309345346255,201,206
UNIP3,202007,RPAD3,0.986544141984866,201,206
UNIP3,202008,BRGE3,0.967491565974908,202,207
UNIP3,202008,BRIV3,0.967491565974906,202,207
UNIP3,202008,CRIV3,0.967491565974907,202,207
UNIP3,202008,CTNM4,0.967491565974906,202,207
UNIP3,202008,JOPA3,0.967491565974907,202,207
UNIP3,202008,RAPT3,0.96625394384968,202,207
UNIP3,202008,RPAD3,0.967491565974907,202,207
UNIP3,202009,BRGE3,1,201,201
UNIP3,202009,BRIV3,1,201,201
UNIP3,202009,CGRA4,0.916909268148733,351,201
UNIP3,202009,CRIV3,1,201,201
UNIP3,202009,CTNM4,1,201,201
UNIP3,202009,JOPA3,1,201,201
UNIP3,202009,RAPT3,1,201,201
UNIP3,202009,RPAD3,0.991977070803864,201,201
UNIP3,202010,BRGE3,1,203,203
UNIP3,202010,BRIV3,1,203,203
UNIP3,202010,CRIV3,1,203,203
UNIP3,202010,CTNM4,1,203,203
UNIP3,202010,JOPA3,1,203,203
UNIP3,202010,RAPT3,1,203,203
UNIP3,202010,RPAD3,1,203,203
UNIP3,202011,BRGE3,1,200,200
UNIP3,202011,BRIV3,1,200,200
UNIP3,202011,CRIV3,1,200,200
UNIP3,202011,CTNM4,1,200,200
UNIP3,202011,JOPA3,1,200,200
UNIP3,202011,RAPT3,1,200,200
UNIP3,202011,RPAD3,1,200,200
UNIP3,202102,AGRO3,0.71341032375842,125,256
UNIP3,202104,DMVF3,0.926617226343432,217,349
UNIP3,202104,MELK3,0.722008272458059,496,349
UNIP3,202105,DMVF3,0.96832548753628,255,354
UNIP3,202105,MELK3,0.742531897700054,491,354
UNIP3,202106,DMVF3,0.953318597745112,142,161
UNIP3,202107,DMVF3,0.964123372944317,143,174
UNIP3,202108,DMVF3,0.975023030933977,143,173
UNIP3,202109,DMVF3,0.978478495107306,137,171
UNIP3,202110,DMVF3,0.97908294394124,137,172
UNIP3,202111,DMVF3,0.982925440011973,138,144
UNIP3,202112,DMVF3,0.983081657948366,139,160
UNIP6,201804,AGRO3,0.946655153581792,116,27
UNIP6,201804,CGRA4,0.992762369849035,139,27
UNIP6,201804,DIRR3,0.933043816914775,380,27
UNIP6,201804,PFRM3,0.896635332918069,81,27
UNIP6,201804,SAPR3,0.993932781123239,24,27
UNIP6,201804,SAPR4,0.929124840694719,42,27
UNIP6,201804,SHOW3,0.884545184577404,211,27
UNIP6,201804,SSBR3,0.90833745617002,368,27
UNIP6,201805,AGRO3,0.991498611796681,120,28
UNIP6,201805,CGRA4,0.973399244158952,128,28
UNIP6,201805,DIRR3,0.932961291743403,376,28
UNIP6,201805,SAPR3,0.973718754221971,23,28
UNIP6,201805,SAPR4,0.943920433345877,42,28
UNIP6,201805,SHOW3,0.922225964446976,103,28
UNIP6,201805,SSBR3,0.865520338382926,379,28
UNIP6,201806,AGRO3,0.991099603068365,111,62
UNIP6,201806,CGRA4,0.972877434866109,127,62
UNIP6,201806,DIRR3,0.964077893527586,370,62
UNIP6,201806,SHOW3,0.957679105496416,96,62
UNIP6,201806,SSBR3,0.756636481358288,384,62
UNIP6,201807,AGRO3,0.977628034900365,378,56
UNIP6,201807,CGRA4,0.987160426696531,126,56
UNIP6,201807,DIRR3,0.986096017959971,380,56
UNIP6,201807,SHOW3,0.971649301655587,91,56
UNIP6,201808,CGRA4,0.970128113768085,126,54
UNIP6,201808,DIRR3,0.971288912250288,408,54
UNIP6,201808,GUAR4,0.799560150576249,109,54
UNIP6,201808,SHOW3,0.942711112802251,87,54
UNIP6,201809,CGRA4,0.967529174407237,127,24
UNIP6,201809,DIRR3,0.96996206150554,393,24
UNIP6,201809,GUAR4,0.8190052473562,108,24
UNIP6,201809,SHOW3,0.940827382253419,87,24
UNIP6,201810,CGRA4,0.963029704575161,170,35
UNIP6,201810,DIRR3,0.92453906703555,364,35
UNIP6,201810,GUAR4,0.755383748756808,94,35
UNIP6,201810,LEVE3,0.750095752140926,309,35
UNIP6,201810,SHOW3,0.949978617462061,117,35
UNIP6,201810,TRIS3,0.717066816261844,39,35
UNIP6,201811,BRPR3,0.758320368260424,489,387
UNIP6,201811,DIRR3,0.919902883096418,409,387
UNIP6,201811,LEVE3,0.817822151689498,338,387
UNIP6,201811,SHOW3,0.947128079033582,122,387
UNIP6,201811,TRIS3,0.97246227967778,28,387
UNIP6,201812,DIRR3,0.94060213417276,339,383
UNIP6,201812,SHOW3,0.947365988612902,124,383
UNIP6,201901,BRPR3,0.885930464140686,488,387
UNIP6,201901,DIRR3,0.760517929510998,308,387
UNIP6,201901,LEVE3,0.8538324936629,342,387
UNIP6,201901,LOGG3,0.959506510491982,761,387
UNIP6,201901,SHOW3,0.957993235572376,120,387
UNIP6,201902,BRPR3,0.898602496765993,529,452
UNIP6,201902,DIRR3,0.710410631331646,365,452
UNIP6,201902,LEVE3,0.868773653218736,365,452
UNIP6,201902,LOGG3,0.93332941604885,812,452
UNIP6,201902,SHOW3,0.905770665540392,124,452
UNIP6,201903,BRPR3,0.869269706758617,461,394
UNIP6,201903,DIRR3,0.89841264873512,265,394
UNIP6,201903,LEVE3,0.833001810181913,300,394
UNIP6,201903,LOGG3,0.927893361229196,772,394
UNIP6,201903,SAPR4,0.868566068374612,92,394
UNIP6,201903,SHOW3,0.918491962118259,117,394
UNIP6,201904,BRPR3,0.895647676050399,440,392
UNIP6,201904,DIRR3,0.956507025672888,210,392
UNIP6,201904,LEVE3,0.89760150012335,157,392
UNIP6,201904,LOGG3,0.946613887380191,730,392
UNIP6,201904,SAPR4,0.892587521064663,133,392
UNIP6,201904,SHOW3,0.903913272515538,116,392
UNIP6,201905,BRPR3,0.880491826199934,439,53
UNIP6,201905,DIRR3,0.913931933956596,108,53
UNIP6,201905,LEVE3,0.851470091471214,151,53
UNIP6,201905,LOGG3,0.976489505535567,607,53
UNIP6,201905,SHOW3,0.906922035180095,117,53
UNIP6,201906,BRPR3,0.79068752084554,364,44
UNIP6,201906,DIRR3,0.884296529038909,116,44
UNIP6,201906,ITSA3,0.960135836502789,331,44
UNIP6,201906,LEVE3,0.841767189715426,132,44
UNIP6,201906,LOGG3,0.977907430444902,391,44
UNIP6,201906,SAPR4,0.890991010665715,194,44
UNIP6,201906,SHOW3,0.90624801553688,119,44
UNIP6,201907,BRPR3,0.720930687505984,401,320
UNIP6,201907,DIRR3,0.921051848684729,362,320
UNIP6,201907,LEVE3,0.821351832518411,392,320
UNIP6,201907,LOGG3,0.915671608509542,442,320
UNIP6,201907,SAPR4,0.92777528946045,339,320
UNIP6,201908,FESA4,0.741660376328954,452,467
UNIP6,201908,SAPR4,0.713331896120348,471,467
UNIP6,201909,SAPR4,0.799518736180659,444,438
UNIP6,201910,SAPR4,0.826905187193713,439,423
UNIP6,201911,DMMO3,0.752949349096935,262,290
UNIP6,201911,SAPR4,0.843628980988952,320,290
UNIP6,201912,SAPR4,0.939419884675089,353,312
UNIP6,202001,TASA4,0.811272901697501,364,343
UNIP6,202002,MOVI3,0.725170927864628,587,355
UNIP6,202002,ODPV3,0.70444627971521,573,355
UNIP6,202002,RLOG3,0.707352547151076,504,355
UNIP6,202002,TASA4,0.791458552111087,345,355
UNIP6,202003,ODPV3,0.709960314437145,532,348
UNIP6,202003,TASA4,0.74938854228654,300,348
UNIP6,202003,TIET11,0.709457999600935,573,348
UNIP6,202004,DMMO3,0.771519873313719,114,324
UNIP6,202007,DMMO3,0.736442899868408,374,403
UNIP6,202008,BEEF11,0.893280911768174,150,350
UNIP6,202008,CARD3,0.841481489324356,59,350
UNIP6,202008,CLSC4,0.892360198970769,179,350
UNIP6,202008,EUCA4,0.892388080953925,326,350
UNIP6,202008,JHSF3,0.748519558493875,599,350
UNIP6,202008,KEPL3,0.813467162547662,52,350
UNIP6,202008,SGPS3,0.888974135496926,43,350
UNIP6,202010,JPSA3,0.730840133752333,484,178
UNIP6,202010,KEPL3,0.729395407782149,173,178
UNIP6,202102,KEPL3,0.750086921128816,190,403
UNIP6,202102,ROMI3,0.741454158457038,297,403
UNIP6,202104,FESA4,0.735065976261814,93,512
UNIP6,202105,FESA4,0.727805005824901,445,525
UNIP6,202106,FESA4,0.830502728132819,464,521
UNIP6,202107,FESA4,0.826554514117349,543,563
UNIP6,202108,FESA4,0.818366017994556,511,564
UNIP6,202109,FESA4,0.711003845199394,515,586
UNIP6,202110,CAML3,0.709230024617449,483,565
UNIP6,202110,FESA4,0.851594578261223,478,565
UNIP6,202111,CAML3,0.777639937662947,441,521
UNIP6,202111,FESA4,0.797444559864727,432,521
USIM3,201702,BRAP3,0.822071533516348,421,56
USIM3,201702,OIBR4,0.917990679865223,42,56
USIM3,201702,PRIO3,0.76070298874015,43,56
USIM3,201702,SNSL3,0.878048929019179,26,56
USIM3,201703,BRAP3,0.844496839357615,423,38
USIM3,201703,OIBR4,0.811665821472194,61,38
USIM3,201703,SNSL3,0.839944060176584,26,38
USIM3,201704,BRAP3,0.856042119028147,428,38
USIM3,201704,OIBR4,0.901268712290072,213,38
USIM3,201704,SNSL3,0.845986222281638,27,38
USIM3,201705,BRAP3,0.902714239561045,425,38
USIM3,201705,OIBR4,0.888618866083498,45,38
USIM3,201705,SNSL3,0.899011814660212,27,38
USIM3,201706,BRAP3,0.924418180723279,419,39
USIM3,201706,OIBR4,0.939439327367583,46,39
USIM3,201706,PNVL3,0.703266043904899,20,39
USIM3,201706,SNSL3,0.919819278924496,28,39
USIM3,201707,BRAP3,0.917832011681816,414,36
USIM3,201707,OIBR4,0.930843499737323,46,36
USIM3,201707,SNSL3,0.916204611975795,29,36
USIM3,201708,BRAP3,0.952187167225703,412,39
USIM3,201708,CAMB4,0.780538690809144,20,39
USIM3,201708,OIBR4,0.966905999283459,47,39
USIM3,201708,PRIO3,0.780347977840279,20,39
USIM3,201708,SNSL3,0.949498365360794,32,39
USIM3,201709,BRAP3,0.970103019525166,410,38
USIM3,201709,CAMB4,0.803526076664591,25,38
USIM3,201709,OIBR4,0.989575000866685,47,38
USIM3,201709,PRIO3,0.803262710738177,25,38
USIM3,201709,SNSL3,0.960384851304848,32,38
USIM3,201710,BRAP3,0.979524146658857,436,38
USIM3,201710,CAMB4,0.820191585213085,25,38
USIM3,201710,OIBR4,0.999226942349172,41,38
USIM3,201710,PRIO3,0.812584051116604,25,38
USIM3,201710,SNSL3,0.959066896942721,32,38
USIM3,201711,BRAP3,0.820640113737189,437,37
USIM3,201711,CAMB4,0.816542245719293,25,37
USIM3,201711,OIBR4,0.998825028522807,182,37
USIM3,201711,PNVL3,0.720247459762595,25,37
USIM3,201711,PRIO3,0.793767306645453,26,37
USIM3,201711,SNSL3,0.891600058950556,34,37
USIM3,201712,BRAP3,0.798649592578126,434,34
USIM3,201712,CAMB4,0.767307048860727,23,34
USIM3,201712,OIBR4,0.908464801035291,183,34
USIM3,201801,CAMB4,0.795501360077559,24,36
USIM3,201801,OIBR4,0.775715015816449,268,36
USIM3,201801,PNVL3,0.709571199363123,23,36
USIM3,201802,CAMB4,0.793477218855561,24,37
USIM3,201802,OIBR4,0.871050488528456,270,37
USIM3,201802,PNVL3,0.711810420026111,24,37
USIM3,201802,PNVL4,0.712254948138199,110,37
USIM3,201802,SNSL3,0.853253345735288,35,37
USIM3,201803,BRAP3,0.752031280110015,213,38
USIM3,201803,CAMB4,0.787963136992527,25,38
USIM3,201803,PNVL3,0.700468660745651,60,38
USIM3,201803,SGPS3,0.787962921136463,25,38
USIM3,201803,SNSL3,0.858041992809065,36,38
USIM3,201804,BRAP3,0.73488948412724,430,37
USIM3,201804,CAMB4,0.799923225633973,25,37
USIM3,201804,MOAR3,0.999384300256757,32,37
USIM3,201804,SGPS3,0.799915858950938,25,37
USIM3,201804,SNSL3,0.756973338487656,36,37
USIM3,201805,BRAP3,0.778758374574757,435,205
USIM3,201805,CAMB4,0.793520595180952,20,205
USIM3,201805,ITSA3,0.996991441616821,346,205
USIM3,201805,MOAR3,0.999899504839872,33,205
USIM3,201805,SGPS3,0.793517148447994,20,205
USIM3,201805,SNSL3,0.78478541476619,41,205
USIM3,201806,BRAP3,0.801002781914751,437,387
USIM3,201806,CAMB4,0.786920792323072,21,387
USIM3,201806,ITSA3,0.997046379205211,351,387
USIM3,201806,MOAR3,0.999917156412934,34,387
USIM3,201806,SGPS3,0.786919003222735,21,387
USIM3,201806,SNSL3,0.735622909590304,42,387
USIM3,201807,BRAP3,0.769332110420243,440,367
USIM3,201807,CAMB4,0.790597203461246,22,367
USIM3,201807,ITSA3,0.996851506137605,350,367
USIM3,201807,MOAR3,0.999999787545421,36,367
USIM3,201807,SGPS3,0.790596309574122,22,367
USIM3,201808,BRAP3,0.92233585839419,444,35
USIM3,201808,CAMB4,0.797811509652671,22,35
USIM3,201808,ITSA3,0.99727231804989,342,35
USIM3,201808,MOAR3,1,35,35
USIM3,201808,SGPS3,0.797809221052577,22,35
USIM3,201809,BRAP3,0.894693823811721,444,35
USIM3,201809,CAMB4,0.801255466290345,22,35
USIM3,201809,ITSA3,0.997392417031756,334,35
USIM3,201809,MOAR3,1,35,35
USIM3,201809,SGPS3,0.801252944359137,22,35
USIM3,201809,SNSL3,0.704519774182467,45,35
USIM3,201810,BRAP3,0.995539172167314,428,35
USIM3,201810,ITSA3,0.997064383278669,338,35
USIM3,201810,MOAR3,0.999940931918296,35,35
USIM3,201810,SNSL3,0.716919646317523,42,35
USIM3,201811,BRAP3,0.996476468196834,435,35
USIM3,201811,ITSA3,0.997168903117081,297,35
USIM3,201811,MOAR3,1,35,35
USIM3,201811,OIBR4,0.775825023017119,259,35
USIM3,201812,BRAP3,0.99697201562264,440,35
USIM3,201812,ITSA3,0.999122472044365,300,35
USIM3,201812,MOAR3,1,35,35
USIM3,201812,OIBR4,0.946462579338166,268,35
USIM3,201901,BRAP3,0.999477324137572,399,35
USIM3,201901,ITSA3,0.998049558158474,292,35
USIM3,201901,MOAR3,0.99999588036916,35,35
USIM3,201901,OIBR4,0.98499710152964,271,35
USIM3,201902,BRAP3,0.999579819280323,243,36
USIM3,201902,MOAR3,0.999999999999977,35,36
USIM3,201902,OIBR4,0.866136331611665,189,36
USIM3,201903,BRAP3,0.999573175345996,241,36
USIM3,201903,ITSA3,0.981041949354564,334,36
USIM3,201903,MOAR3,0.999981862701712,35,36
USIM3,201903,OIBR4,0.999951618465286,70,36
USIM3,201904,BRAP3,0.99957359102941,331,232
USIM3,201904,ITSA3,0.741958049824717,333,232
USIM3,201904,MOAR3,0.999980987229734,35,232
USIM3,201904,OIBR4,0.864800910464576,70,232
USIM3,201904,SQIA3,0.785296716391835,42,232
USIM3,201905,BRAP3,0.99955898243708,335,238
USIM3,201905,ITSA3,0.769345828299824,333,238
USIM3,201905,MOAR3,0.999984305102563,36,238
USIM3,201905,OIBR4,0.999952670939596,39,238
USIM3,201906,BRAP3,0.999398621828656,333,241
USIM3,201906,MOAR3,0.999834350806742,36,241
USIM3,201906,OIBR4,0.999805827922321,39,241
USIM3,201907,BRAP3,0.999309240416889,337,248
USIM3,201907,ITSA3,0.997541176418084,332,248
USIM3,201907,MOAR3,0.999458409230893,36,248
USIM3,201907,OIBR4,0.999436748078927,39,248
USIM3,201908,BRAP3,0.999353844757646,338,243
USIM3,201908,ITSA3,0.99921206312854,335,243
USIM3,201908,MOAR3,0.999620932414862,36,243
USIM3,201908,OIBR4,0.994572330792094,39,243
USIM3,201909,BRAP3,0.999298843113962,339,250
USIM3,201909,ITSA3,0.999143332740057,335,250
USIM3,201909,MOAR3,0.999459917414903,35,250
USIM3,201909,OIBR4,0.973424061037744,161,250
USIM3,201910,BRAP3,0.999381640961904,343,259
USIM3,201910,ITSA3,0.998933495678741,338,259
USIM3,201910,MOAR3,0.999386157230573,36,259
USIM3,201910,OIBR4,0.81413236152558,47,259
USIM3,201911,BRAP3,0.999251021442243,347,268
USIM3,201911,ITSA3,0.998299570210918,66,268
USIM3,201911,MOAR3,0.998317446552165,36,268
USIM3,201912,BRAP3,0.999148954891031,342,284
USIM3,201912,ITSA3,0.99752593698893,53,284
USIM3,201912,MOAR3,0.998220122531023,36,284
USIM3,202001,BRAP3,0.999451671832614,346,292
USIM3,202001,ITSA3,0.997425368951137,345,292
USIM3,202001,MOAR3,0.998294883310359,36,292
USIM3,202002,BRAP3,0.996528113109124,355,308
USIM3,202002,ITSA3,0.994337372212222,369,308
USIM3,202002,MOAR3,0.995254292309262,36,308
USIM3,202003,BRAP3,0.998689341438918,363,343
USIM3,202003,ITSA3,0.993962842427726,372,343
USIM3,202003,MOAR3,0.994915973718991,37,343
USIM3,202004,BRAP3,0.961114927773901,372,341
USIM3,202004,ITSA3,0.954714664527016,371,341
USIM3,202004,MOAR3,0.956705450978599,37,341
USIM3,202005,BRAP3,0.715069234163257,373,346
USIM3,202005,ITSA3,0.711424769865946,369,346
USIM3,202006,BRAP3,0.778358595488203,377,349
USIM3,202006,ITSA3,0.77523383950766,368,349
USIM3,202007,BRAP3,0.783511277187431,379,350
USIM3,202007,ITSA3,0.78123509101703,367,350
USIM3,202008,ALPA3,0.761263092081063,224,357
USIM3,202008,GGBR3,0.770252960240352,331,357
USIM3,202008,SULA4,0.771974188233073,82,357
USIM3,202009,ALPA3,0.955686073272704,226,359
USIM3,202009,GGBR3,0.975212068189215,351,359
USIM3,202009,SULA4,0.971585244328174,83,359
USIM3,202010,ALPA3,0.950517492860812,226,402
USIM3,202010,GGBR3,0.969083951625234,366,402
USIM3,202010,SULA4,0.963975432751368,82,402
USIM3,202011,ALPA3,0.945031552215218,229,431
USIM3,202011,GGBR3,0.959741689645876,369,431
USIM3,202012,ALPA3,0.955869428388674,230,433
USIM3,202012,GGBR3,0.97110682920318,413,433
USIM3,202101,ALPA3,0.926389847643865,229,467
USIM3,202101,GGBR3,0.950786641974859,414,467
USIM3,202102,ALPA3,0.926501574759769,230,467
USIM3,202102,GGBR3,0.949516949284967,414,467
USIM3,202103,ALPA3,0.918022180917101,387,440
USIM3,202103,GGBR3,0.935707688453915,419,440
USIM3,202104,ALPA3,0.918648337092555,227,420
USIM3,202104,GGBR3,0.938565069903987,462,420
USIM3,202105,ALPA3,0.897490607548003,229,362
USIM3,202105,GGBR3,0.924678309186292,421,362
USIM3,202106,ALPA3,0.89222932208694,228,360
USIM3,202106,GGBR3,0.918811475423983,444,360
USIM3,202107,ALPA3,0.860882244649256,230,360
USIM3,202107,GGBR3,0.88562749086513,407,360
USIM3,202108,ALPA3,0.876748103659447,235,372
USIM3,202108,GGBR3,0.898282498255185,420,372
USIM3,202109,ALPA3,0.890907283463634,237,392
USIM3,202109,GGBR3,0.911371531985801,423,392
USIM3,202110,ALPA3,0.880337925167243,238,434
USIM3,202110,GGBR3,0.881899967874134,426,434
USIM3,202111,ALPA3,0.871746609623471,239,429
USIM3,202111,GGBR3,0.878259272076534,463,429
USIM3,202112,ALPA3,0.845182767058207,262,443
USIM3,202112,GGBR3,0.858880632647923,481,443
USIM5,201702,USIM3,0.712392473257347,56,737
USIM5,201707,SANB4,0.715954642587083,368,724
USIM5,201803,RADL3,0.713346683021239,723,777
USIM5,201810,BRFS3,0.708301371684304,834,788
USIM5,202003,UNIP6,0.7991313955609,348,906
USIM5,202004,DMMO3,0.705200063151196,114,909
USIM5,202005,CCPR3,0.722446698104008,505,897
USIM5,202005,CCRO3,0.720369554498869,942,897
USIM5,202005,CEAB3,0.794443716491821,616,897
USIM5,202005,DTEX3,0.728249365797625,581,897
USIM5,202005,FLRY3,0.836415718022879,946,897
USIM5,202011,CCPR3,0.704558590993474,516,991
USIM5,202011,CEAB3,0.720887360785602,608,991
USIM5,202011,GGBR4,0.72065278294783,1136,991
USIM5,202012,CEAB3,0.778208089021338,633,1016
USIM5,202012,CURY3,0.725713700082228,562,1016
USIM5,202012,GGBR4,0.807117716104074,1147,1016
USIM5,202101,CEAB3,0.742810344332986,598,1056
USIM5,202101,CURY3,0.702825424171073,574,1056
USIM5,202102,CEAB3,0.772454042960297,613,1095
USIM5,202102,CURY3,0.737388726411523,622,1095
USIM6,201805,BRAP3,0.778834526703655,435,33
USIM6,201805,CAMB4,0.793600348194768,20,33
USIM6,201805,ITSA3,0.99708293609252,346,33
USIM6,201805,MOAR3,1,33,33
USIM6,201805,SGPS3,0.793596901115395,20,33
USIM6,201805,SNSL3,0.784852580708746,41,33
USIM6,201805,USIM3,0.999899504839872,205,33
USIM6,201806,BRAP3,0.801053918526503,437,34
USIM6,201806,CAMB4,0.786985999562936,21,34
USIM6,201806,ITSA3,0.997117816981482,351,34
USIM6,201806,MOAR3,1,34,34
USIM6,201806,SGPS3,0.786984210314348,21,34
USIM6,201806,SNSL3,0.735521008361122,42,34
USIM6,201806,USIM3,0.999917156412934,387,34
USIM6,201807,BRAP3,0.769314538474267,440,36
USIM6,201807,CAMB4,0.790597405549418,22,36
USIM6,201807,ITSA3,0.996847821124982,350,36
USIM6,201807,MOAR3,1,36,36
USIM6,201807,SGPS3,0.790596511662066,22,36
USIM6,201807,USIM3,0.999999787545421,367,36
USIM6,201808,BRAP3,0.92233585839419,444,35
USIM6,201808,CAMB4,0.797811509652671,22,35
USIM6,201808,ITSA3,0.99727231804989,342,35
USIM6,201808,MOAR3,1,35,35
USIM6,201808,SGPS3,0.797809221052577,22,35
USIM6,201808,USIM3,1,35,35
USIM6,201809,BRAP3,0.89469382381172,444,35
USIM6,201809,CAMB4,0.801255466290345,22,35
USIM6,201809,ITSA3,0.997392417031755,334,35
USIM6,201809,MOAR3,1,35,35
USIM6,201809,SGPS3,0.801252944359137,22,35
USIM6,201809,SNSL3,0.704519774182467,45,35
USIM6,201809,USIM3,1,35,35
USIM6,201810,BRAP3,0.995597980230154,428,35
USIM6,201810,ITSA3,0.997123281438126,338,35
USIM6,201810,MOAR3,1,35,35
USIM6,201810,SNSL3,0.716961995887275,42,35
USIM6,201810,USIM3,0.999940931918295,35,35
USIM6,201811,BRAP3,0.996476468196834,435,35
USIM6,201811,ITSA3,0.997168903117081,297,35
USIM6,201811,MOAR3,1,35,35
USIM6,201811,OIBR4,0.775825023017119,259,35
USIM6,201811,USIM3,1,35,35
USIM6,201812,BRAP3,0.996972015622641,440,35
USIM6,201812,ITSA3,0.999122472044365,300,35
USIM6,201812,MOAR3,1,35,35
USIM6,201812,OIBR4,0.946462579338166,268,35
USIM6,201812,USIM3,1,35,35
USIM6,201901,BRAP3,0.999448820216121,399,35
USIM6,201901,ITSA3,0.99805102499908,292,35
USIM6,201901,MOAR3,1,35,35
USIM6,201901,OIBR4,0.984935489861203,271,35
USIM6,201901,USIM3,0.99999588036916,35,35
USIM6,201902,BRAP3,0.999579819280346,243,35
USIM6,201902,MOAR3,1,35,35
USIM6,201902,OIBR4,0.866136331611685,189,35
USIM6,201902,USIM3,0.999999999999977,36,35
USIM6,201903,BRAP3,0.999521565047306,241,35
USIM6,201903,ITSA3,0.981053249001979,334,35
USIM6,201903,MOAR3,1,35,35
USIM6,201903,OIBR4,0.999969058525244,70,35
USIM6,201903,USIM3,0.999981862701713,36,35
USIM6,201904,BRAP3,0.999525720295996,331,35
USIM6,201904,ITSA3,0.741967349212928,333,35
USIM6,201904,MOAR3,1,35,35
USIM6,201904,OIBR4,0.864461679106098,70,35
USIM6,201904,SQIA3,0.784317421227907,42,35
USIM6,201904,USIM3,0.999980987229734,232,35
USIM6,201905,BRAP3,0.999502669175303,335,36
USIM6,201905,ITSA3,0.769353748490079,333,36
USIM6,201905,MOAR3,1,36,36
USIM6,201905,OIBR4,0.999968202179879,39,36
USIM6,201905,USIM3,0.999984305102564,238,36
USIM6,201906,BRAP3,0.999281263944427,333,36
USIM6,201906,MOAR3,1,36,36
USIM6,201906,OIBR4,0.999970986969359,39,36
USIM6,201906,USIM3,0.999834350806742,241,36
USIM6,201907,BRAP3,0.998443174730856,337,36
USIM6,201907,ITSA3,0.998049095075895,332,36
USIM6,201907,MOAR3,1,36,36
USIM6,201907,OIBR4,0.999977802464337,39,36
USIM6,201907,USIM3,0.999458409230893,248,36
USIM6,201908,BRAP3,0.998771990112345,338,36
USIM6,201908,ITSA3,0.999575602044379,335,36
USIM6,201908,MOAR3,1,36,36
USIM6,201908,OIBR4,0.993384095409442,39,36
USIM6,201908,USIM3,0.999620932414862,243,36
USIM6,201909,BRAP3,0.998576281884142,339,35
USIM6,201909,ITSA3,0.999662522510377,335,35
USIM6,201909,MOAR3,1,35,35
USIM6,201909,OIBR4,0.970177543337783,161,35
USIM6,201909,USIM3,0.999459917414904,250,35
VALE3,201702,BRAP4,0.894943560610441,860,809
VALE3,201703,BBDC3,0.732551338137196,687,822
VALE3,201704,BBDC3,0.864241855750249,724,824
VALE3,201704,PETR3,0.731423911225998,819,824
VALE3,201705,ABEV3,0.727338768389434,849,808
VALE3,201705,BBDC3,0.782967496154068,675,808
VALE3,201706,BRAP4,0.745164548965469,884,793
VALE3,201707,PETR3,0.735328448498699,767,790
VALE3,201708,BRAP4,0.844263083364988,902,817
VALE3,201708,GOAU3,0.921940199239739,308,817
VALE3,201711,BBDC4,0.728014356052854,1040,945
VALE3,201711,JBSS3,0.768195004628121,765,945
VALE3,201711,KROT3,0.722521740232729,853,945
VALE3,201711,PETR3,0.740841222016848,814,945
VALE3,201712,ITUB4,0.731059275715957,990,963
VALE3,201712,PETR4,0.79681563280988,1024,963
VALE3,201801,BBDC4,0.714130628842441,1040,989
VALE3,201801,ITUB4,0.745634649237651,985,989
VALE3,201801,PETR3,0.700705798024387,793,989
VALE3,201801,PETR4,0.78348220905458,1025,989
VALE3,201803,ABEV3,0.751426955082436,906,971
VALE3,201803,ESTC3,0.710381958836078,908,971
VALE3,201803,ITUB4,0.78261122006553,1007,971
VALE3,201803,JBSS3,0.702004970148122,720,971
VALE3,201803,PETR3,0.772181026067898,776,971
VALE3,201803,PETR4,0.809991408873762,998,971
VALE3,201804,ITUB4,0.754078897201346,1022,1006
VALE3,201804,PETR4,0.872841242057167,1046,1006
VALE3,201805,ITUB4,0.71428213860233,1051,997
VALE3,201805,KLBN11,0.750958115580225,823,997
VALE3,201805,PETR4,0.745567527443017,1015,997
VALE3,201808,ITUB4,0.746592605453873,1087,1045
VALE3,201809,BBDC4,0.765217716230037,1081,1042
VALE3,201810,BBDC4,0.70462169977244,1074,1042
VALE3,201810,ITUB4,0.855515077213195,1070,1042
VALE3,201810,PETR3,0.705763406275155,852,1042
VALE3,201811,ITUB4,0.899500415066969,1083,1047
VALE3,201811,PETR3,0.785114449659287,906,1047
VALE3,201812,ITUB4,0.756131367443802,1077,1043
VALE3,201901,BBDC4,0.778938388799033,1142,1059
VALE3,201901,ITSA4,0.772476868665146,1015,1059
VALE3,201901,ITUB4,0.747540457499023,1078,1059
VALE3,201902,ABEV3,0.710296628408792,938,1148
VALE3,201902,BBDC4,0.738803649074301,1180,1148
VALE3,201903,BBDC4,0.791149333273877,1193,1131
VALE3,201903,ITSA4,0.700449867936553,1041,1131
VALE3,201903,ITUB4,0.77423469630719,1096,1131
VALE3,201903,PETR3,0.703622674287993,912,1131
VALE3,201904,BBDC4,0.751326480258628,1196,1135
VALE3,201904,ITUB4,0.715076342122742,1065,1135
VALE3,201904,PETR4,0.70345080984775,1157,1135
VALE3,201905,BBDC4,0.807912581486738,1202,1164
VALE3,201905,ITSA4,0.74563374166694,1005,1164
VALE3,201906,BBAS3,0.787287971239007,1173,1211
VALE3,201906,BBDC4,0.715756296438379,1199,1211
VALE3,201907,BBAS3,0.787375641833391,1173,1212
VALE3,201907,BBDC4,0.754538535846582,1194,1212
VALE3,201908,BBDC4,0.74855851417737,1111,1152
VALE3,201908,ITSA4,0.721599473863641,978,1152
VALE3,201909,ABEV3,0.712186661741335,914,1142
VALE3,201909,BBDC3,0.723909600237143,837,1142
VALE3,201909,BBDC4,0.72159501145397,1057,1142
VALE3,201909,ITSA4,0.705966404210541,968,1142
VALE3,201910,BBDC3,0.707917977320508,859,1204
VALE3,201910,PETR4,0.740819795396413,1171,1204
VALE3,201911,ITUB4,0.798091108856603,1084,1196
VALE3,201911,PETR4,0.868376530272498,1163,1196
VALE3,201912,ITUB4,0.7413130311897,1077,1216
VALE3,201912,PETR4,0.705628963181689,1160,1216
VALE3,202001,B3SA3,0.700943342853974,1165,1234
VALE3,202001,ITSA4,0.745539815750223,999,1234
VALE3,202002,B3SA3,0.7494237169578,1198,1242
VALE3,202003,BBAS3,0.764890637025839,1176,1290
VALE3,202003,BBDC4,0.729066582470066,1153,1290
VALE3,202003,ITUB4,0.721320536242648,1143,1290
VALE3,202003,JBSS3,0.723255615127181,1071,1290
VALE3,202004,BBAS3,0.744915562845067,1159,1292
VALE3,202004,BBDC4,0.707670539818087,1167,1292
VALE3,202004,PETR4,0.751448026830159,1179,1292
VALE3,202005,BBAS3,0.706273419360859,1172,1253
VALE3,202006,BBAS3,0.716759669844358,1200,1280
VALE3,202006,ITUB4,0.743665326529746,1210,1280
VALE3,202007,BBDC4,0.725685967158214,1225,1309
VALE3,202007,ITUB4,0.731190403760761,1221,1309
VALE3,202012,B3SA3,0.720262387889037,1393,1409
VALE3,202012,ITUB4,0.728207536412212,1258,1409
VALE3,202012,PETR4,0.73226689874471,1353,1409
VALE3,202101,B3SA3,0.71516574600425,1423,1439
VALE3,202101,BBDC4,0.706581231441017,1289,1439
VALE3,202101,ITUB4,0.720821083011564,1330,1439
VALE3,202102,B3SA3,0.71424025236832,1429,1460
VALE3,202102,BBDC4,0.732810752646145,1273,1460
VALE3,202102,ITUB4,0.778394372057224,1292,1460
VALE3,202105,B3SA3,0.725165441309303,1482,1509
VALE3,202105,BBDC4,0.720030842342934,1266,1509
VALE3,202108,B3SA3,0.712925398837847,1326,1505
VALE3,202110,B3SA3,0.716583988574755,1341,1463
VALE3,202110,PETR3,0.736709238359368,1210,1463
VALE3,202111,B3SA3,0.752193124998993,1365,1464
VALE3,202111,BBDC4,0.727445671097257,1431,1464
VALE3,202111,PETR3,0.819602226049203,1229,1464
VALE3,202112,PETR3,0.720462724760306,1201,1501
VALE5,201702,BBDC4,0.711151081546823,1052,937
VALE5,201703,BBDC4,0.718165759582854,1044,927
VALE5,201703,ELET3,0.700845064681713,804,927
VALE5,201703,ITSA4,0.777825537275068,996,927
VALE5,201703,PETR4,0.733837006456686,1080,927
VALE5,201704,BRML3,0.709448218226404,892,917
VALE5,201704,ELET3,0.833114042190483,815,917
VALE5,201704,ITSA4,0.795697714074899,990,917
VALE5,201705,BBDC4,0.779893674549805,1024,913
VALE5,201705,ELET3,0.80866551720199,750,913
VALE5,201705,ITSA4,0.798303700376141,991,913
VALE5,201705,PETR4,0.726075140975201,1014,913
VALE5,201706,BBDC4,0.72291849161908,1043,916
VALE5,201706,ITSA4,0.753139281356515,986,916
VALE5,201707,BBDC4,0.763606472271883,1019,900
VALE5,201707,ITSA4,0.825590253381606,1005,900
VALE5,201707,JBSS3,0.851973683730087,715,900
VALE5,201708,BRAP4,0.876851107239013,902,633
VALE5,201708,GOAU3,0.981754045591654,308,633
VALE5,201708,VALE3,0.937608154454282,817,633
VALE5,201709,BRAP4,0.840695547596905,899,447
VALE5,201709,GOAU3,0.94973725060634,294,447
VALE5,201710,BRAP4,0.832127486943706,907,397
VALE5,201710,GOAU3,0.981622201923955,234,397
VAMO3,202105,AVLL3,0.706578671957106,45,404
VAMO3,202105,BEEF11,0.705476716388583,206,404
VAMO3,202105,ETER3,0.705464083245998,236,404
VAMO3,202105,JHSF3,0.710659504067286,1001,404
VAMO3,202105,LOGN3,0.701849073049898,478,404
VAMO3,202106,JHSF3,0.706443940861625,1007,402
VAMO3,202107,AVLL3,0.759386671623573,47,462
VAMO3,202107,BEEF11,0.758286151149794,199,462
VAMO3,202107,ETER3,0.757418918079768,83,462
VAMO3,202107,JHSF3,0.726544504604975,1020,462
VAMO3,202107,KEPL3,0.733506715689619,215,462
VAMO3,202107,LOGN3,0.727085424964636,522,462
VAMO3,202107,MILS3,0.729478799023437,563,462
VAMO3,202107,SGPS3,0.752860693760051,48,462
VAMO3,202108,AVLL3,0.730394944144809,47,545
VAMO3,202108,BEEF11,0.7287819535648,201,545
VAMO3,202108,ETER3,0.728586846228501,107,545
VAMO3,202108,JHSF3,0.712927903576622,1027,545
VAMO3,202108,KEPL3,0.718395894147212,216,545
VAMO3,202108,SGPS3,0.727171264926541,354,545
VBBR3,202112,ENGI11,0.708763873387934,1240,1524
VIIA3,202109,BIDI4,0.823626523767621,833,1204
VIIA3,202109,CSED3,0.844770435723955,568,1204
VIIA3,202109,GRND3,0.723732753653995,609,1204
VIIA3,202109,GUAR3,0.971118315567405,665,1204
VIIA3,202109,HBOR3,0.935723659989998,628,1204
VIIA3,202109,LCAM3,0.749424246273564,1340,1204
VIIA3,202109,QUAL3,0.744106493940437,1171,1204
VIIA3,202110,BIDI3,0.760556821164493,422,1201
VIIA3,202110,BIDI4,0.771594932671715,1148,1201
VIIA3,202110,CSED3,0.852413532845301,564,1201
VIIA3,202110,GUAR3,0.943518528403265,648,1201
VIIA3,202110,HBOR3,0.950215954650412,546,1201
VIIA3,202110,LAME4,0.839118961119751,1220,1201
VIIA3,202110,LCAM3,0.795239776024513,1343,1201
VIIA3,202110,QUAL3,0.778700618001714,1199,1201
VIIA3,202111,BIDI3,0.755098023873364,413,1190
VIIA3,202111,BIDI4,0.774623069873567,1175,1190
VIIA3,202111,CSED3,0.736873328193139,612,1190
VIIA3,202111,GUAR3,0.9532550865037,618,1190
VIIA3,202111,HBOR3,0.950475860641632,503,1190
VIIA3,202111,LAME4,0.886542265904964,1227,1190
VIIA3,202111,LCAM3,0.767848390129228,1376,1190
VIIA3,202111,MBLY3,0.943709406842235,346,1190
VIIA3,202111,QUAL3,0.768561289014057,1209,1190
VIIA3,202112,BIDI11,0.704711500394582,1383,1193
VIIA3,202112,BIDI3,0.719635786557596,441,1193
VIIA3,202112,BIDI4,0.735344486345495,1110,1193
VIIA3,202112,GUAR3,0.927859422933208,668,1193
VIIA3,202112,HBOR3,0.922023579616349,654,1193
VIIA3,202112,LAME4,0.924191314558535,1255,1193
VIIA3,202112,LCAM3,0.742480740198394,1392,1193
VIIA3,202112,MBLY3,0.899482336930645,364,1193
VIIA3,202112,QUAL3,0.7311863892411,1234,1193
VIVA3,201911,BPAC11,0.7599616251905,940,716
VIVA3,202003,AALR3,0.750346965744583,457,679
VIVA3,202003,BPAC11,0.720976035408864,940,679
VIVA3,202003,ECOR3,0.765093052858989,872,679
VIVA3,202003,GUAR3,0.719889743534715,625,679
VIVA3,202003,IDNT3,0.741983469581913,232,679
VIVA3,202003,LAME3,0.769959404201119,679,679
VIVA3,202003,LINX3,0.704304313290009,663,679
VIVA3,202003,MEAL3,0.739287805955779,537,679
VIVA3,202003,TGMA3,0.733233478884453,580,679
VIVA3,202003,UGPA3,0.701285856712727,1003,679
VIVA3,202107,BRBI11,0.739835240775021,554,952
VIVA3,202111,BRBI11,0.708970736956639,549,1021
VIVA3,202112,BRBI11,0.742172870915811,531,1035
VIVR3,202107,ATOM3,0.886995863986886,22,50
VIVR3,202107,AZEV4,0.886995863986886,22,50
VIVR3,202107,BSEV3,0.886636689680506,22,50
VIVR3,202107,INEP3,0.886995863986885,22,50
VIVR3,202107,LUPA3,0.880671729574345,23,50
VIVR3,202107,MMXM3,0.988935987647156,22,50
VIVR3,202107,RCSL3,0.886995863986885,22,50
VIVR3,202107,TASA3,0.886995863986885,22,50
VIVR3,202108,ATOM3,0.821998770547117,22,25
VIVR3,202108,AZEV4,0.820790750233438,22,25
VIVR3,202108,INEP3,0.821998770547117,22,25
VIVR3,202108,MMXM3,0.912839669283907,22,25
VIVR3,202108,TASA3,0.821998770547117,22,25
VIVR3,202108,TPIS3,0.771794313199246,44,25
VIVR3,202109,ATOM3,0.925381640158472,22,36
VIVR3,202109,MMXM3,0.998791382033259,22,36
VIVR3,202109,TASA3,0.925381640158472,22,36
VIVR3,202110,MMXM3,0.889805615932474,22,22
VIVR3,202110,TASA3,0.798927047307899,22,22
VIVT3,201702,ELPL4,0.813550303293527,440,510
VIVT3,201703,ELPL4,0.779634249094174,464,508
VIVT3,201704,ELPL4,0.730830404899875,471,536
VIVT3,201704,GOAU3,0.754196489687381,326,536
VIVT3,201705,ELPL4,0.781392678351986,375,541
VIVT3,201706,ELPL4,0.764034514317861,339,542
VIVT3,201708,ELPL4,0.816205795479453,334,533
VIVT3,201709,ELPL4,0.840589951826421,355,528
VIVT3,201710,ELPL4,0.747785525746349,445,532
VIVT3,201804,BRAP4,0.725701589246704,940,439
VIVT3,201804,OIBR3,0.856755637734197,397,439
VIVT3,201804,OIBR4,0.808124684304666,256,439
VIVT3,201805,BRAP4,0.831601930438904,906,448
VIVT3,201805,OIBR3,0.904143019781121,470,448
VIVT3,201805,OIBR4,0.908268207742974,287,448
VIVT3,201806,GGBR3,0.742148442279949,113,454
VIVT3,201806,GOAU3,0.786794503588902,131,454
VIVT3,201806,OIBR3,0.705755426330577,477,454
VIVT3,201806,OIBR4,0.922917928934323,290,454
VIVT3,201807,GOAU3,0.84772992630463,312,455
VIVT3,201807,OIBR3,0.882526588677134,471,455
VIVT3,201807,OIBR4,0.913693657686195,308,455
VIVT3,201808,GGBR3,0.783397859745563,351,439
VIVT3,201808,GOAU3,0.903356570153918,314,439
VIVT3,201808,OIBR4,0.870304707854394,311,439
VIVT3,201809,BRAP4,0.843107972942688,944,440
VIVT3,201809,OIBR4,0.756209750087654,266,440
VIVT3,201810,BRAP4,0.714055227212495,931,440
VIVT3,201810,OIBR3,0.906418577927553,458,440
VIVT3,201810,OIBR4,0.933610136751168,286,440
VIVT3,201811,OIBR3,0.828637785917996,509,437
VIVT3,201901,OIBR3,0.879321121857255,473,446
VIVT3,201904,OIBR3,0.719221081431632,520,383
VIVT3,201905,OIBR3,0.736207040940521,539,383
VIVT3,201906,OIBR3,0.7621974857231,557,381
VIVT3,202011,CCPR3,0.884144150960178,516,386
VIVT3,202011,CCRO3,0.789780940030463,996,386
VIVT3,202011,CEAB3,0.840444663066283,608,386
VIVT3,202011,CURY3,0.821479917079249,561,386
VIVT3,202011,EZTC3,0.762036492565998,1015,386
VIVT3,202011,GGBR4,0.718664130494859,1136,386
VIVT3,202012,CCPR3,0.740404560559792,517,995
VIVT3,202012,CEAB3,0.759476034990197,633,995
VIVT3,202012,CURY3,0.74982049978712,562,995
VIVT4,201702,PSSA3,0.726578111748641,489,910
VIVT4,201703,CIEL3,0.762100726548893,930,893
VIVT4,201703,DTEX3,0.701460272989886,556,893
VIVT4,201704,CIEL3,0.774439120762042,854,881
VIVT4,201801,TAEE11,0.706257478017272,769,809
VIVT4,201802,COCE5,0.700686344772284,28,796
VIVT4,201804,EGIE3,0.73862674488953,764,826
VIVT4,201805,COCE5,0.80470083977343,33,843
VIVT4,201805,EGIE3,0.834190893127709,761,843
VIVT4,201806,COCE5,0.825342267422823,34,899
VIVT4,201806,EGIE3,0.817731700242402,794,899
VIVT4,201901,CIEL3,0.732234418898468,789,806
VIVT4,201905,EGIE3,0.706983338296838,820,864
VIVT4,201905,TAEE11,0.804402815152414,843,864
VIVT4,201905,TRPL4,0.800866757517784,479,864
VIVT4,201906,BBSE3,0.765556083252692,785,830
VIVT4,201906,TAEE11,0.834381637500332,812,830
VIVT4,201906,TRPL4,0.855497785645849,476,830
VIVT4,201907,BBSE3,0.74739967521157,810,843
VIVT4,201907,TAEE11,0.79733446205866,829,843
VIVT4,201908,BBSE3,0.788017443296407,856,839
VIVT4,201908,TAEE11,0.751063882741755,866,839
VIVT4,201908,TRPL4,0.819182588916737,595,839
VIVT4,201909,TAEE11,0.770500721500716,855,829
VIVT4,201909,TRPL4,0.85212990839451,556,829
VIVT4,201910,BBSE3,0.82041624252171,859,880
VIVT4,201910,TRPL4,0.79362822077217,478,880
VIVT4,202007,CCPR3,0.855857628782779,515,989
VIVT4,202007,CCRO3,0.859418228459529,966,989
VIVT4,202007,CEAB3,0.819773154585917,621,989
VIVT4,202007,CRFB3,0.751979574150601,940,989
VIVT4,202007,ENGI11,0.812352406101948,996,989
VIVT4,202007,EZTC3,0.736853614711341,724,989
VIVT4,202007,PETR3,0.70143244298214,998,989
VIVT4,202008,CCPR3,0.875135919225863,505,1034
VIVT4,202008,CCRO3,0.742734730697342,1016,1034
VIVT4,202008,CEAB3,0.847215403520643,654,1034
VIVT4,202008,ENGI11,0.789960168570491,1027,1034
VIVT4,202008,EZTC3,0.736747701169511,686,1034
VIVT4,202009,CCPR3,0.908099593917702,505,975
VIVT4,202009,CEAB3,0.87780371387078,591,975
VIVT4,202009,ENGI11,0.75588989787976,1007,975
VIVT4,202009,EZTC3,0.746589708070023,741,975
VIVT4,202009,PETR3,0.751603445767046,1072,975
VIVT4,202009,SUZB3,0.800300313739912,1164,975
VIVT4,202010,CCPR3,0.915235467702087,509,976
VIVT4,202010,CEAB3,0.86621481550978,583,976
VIVT4,202010,CURY3,0.838023924942832,573,976
VIVT4,202010,ENGI11,0.733012061311211,1043,976
VIVT4,202010,EZTC3,0.788201005912799,1019,976
VIVT4,202010,PETR3,0.749041460912267,1056,976
VLID3,201702,TRPL4,0.774035118377886,678,564
VLID3,201703,TGMA3,0.70587887507839,246,498
VLID3,201703,TRPL4,0.831829849389923,671,498
VLID3,201704,TGMA3,0.712113207557184,278,512
VLID3,201704,TRPL4,0.838339432740068,645,512
VLID3,201705,SMLE3,0.729475512379299,763,515
VLID3,201705,TGMA3,0.76625624498561,252,515
VLID3,201705,TRPL4,0.866524282557772,629,515
VLID3,201706,TGMA3,0.74857200566972,336,476
VLID3,201706,TRPL4,0.848676429850494,610,476
VLID3,201707,TGMA3,0.77401805767164,339,393
VLID3,201707,TRPL4,0.832616403687751,585,393
VLID3,201708,TGMA3,0.728058463286829,361,362
VLID3,201708,TRPL4,0.857779775646572,596,362
VLID3,201709,TGMA3,0.738334471685376,375,346
VLID3,201709,TRPL4,0.841231391742011,591,346
VLID3,201710,TGMA3,0.706287414445097,416,331
VLID3,201710,TRPL4,0.81160270059454,578,331
VLID3,201711,TRPL4,0.776727383333871,550,317
VLID3,201712,TAEE11,0.705460771296295,807,365
VLID3,201712,TRPL4,0.736490921500799,571,365
VLID3,201906,FESA4,0.896658896654824,41,125
VLID3,201907,FESA4,0.949531895143259,318,345
VLID3,201908,FESA4,0.875912497888768,452,478
VLID3,201908,UNIP6,0.795944238182845,467,478
VLID3,201910,DMMO3,0.747841978608233,391,414
VLID3,201910,SAPR4,0.791162202140693,439,414
VLID3,201910,UNIP6,0.754424414297761,423,414
VLID3,201911,DIRR3,0.708678066247266,377,287
VLID3,201911,PRIO3,0.765522272247834,384,287
VLID3,201912,DMMO3,0.901509775730606,291,312
VLID3,201912,TASA4,0.858763322102764,347,312
VLID3,202001,TASA4,0.888030833316579,364,345
VLID3,202001,UNIP6,0.802334510320756,343,345
VLID3,202002,MOVI3,0.752256591464486,587,364
VLID3,202002,ODPV3,0.734684415479042,573,364
VLID3,202002,RLOG3,0.738774006194117,504,364
VLID3,202002,TASA4,0.823250490651304,345,364
VLID3,202002,UNIP6,0.898679115189287,355,364
VLID3,202003,ODPV3,0.750093956769406,532,372
VLID3,202003,POMO4,0.716055228646918,548,372
VLID3,202003,TASA4,0.790263402492691,300,372
VLID3,202003,TIET11,0.736411258715115,573,372
VLID3,202003,UNIP6,0.904237830740687,348,372
VLID3,202003,USIM5,0.845860324100872,906,372
VLID3,202004,DMMO3,0.814785703988969,114,359
VLID3,202004,UNIP6,0.812435064987564,324,359
VLID3,202004,USIM5,0.749225240292844,909,359
VLID3,202005,DMMO3,0.707293387228124,310,366
VLID3,202005,UNIP6,0.81106400671065,338,366
VLID3,202007,ODPV3,0.715863549873813,504,410
VLID3,202008,PTBL3,0.794346530769987,73,361
VLID3,202008,SAPR4,0.835113603270712,428,361
VLID3,202009,SAPR4,0.744745551244301,369,323
VLID3,202011,SAPR4,0.728136806930643,311,318
VLID3,202102,SAPR4,0.717641304380985,293,328
VLID3,202103,BMGB4,0.765795032273677,568,380
VLID3,202103,ROMI3,0.901347508527984,367,380
VLID3,202103,SAPR4,0.871905500794513,348,380
VLID3,202104,BMGB4,0.844925715735411,609,476
VLID3,202104,CPLE3,0.78371903403127,310,476
VLID3,202104,SAPR4,0.84612355559633,446,476
VLID3,202105,BMGB4,0.871956203830984,603,500
VLID3,202105,CPLE3,0.813199192763223,303,500
VLID3,202105,PTBL3,0.756468807571598,441,500
VLID3,202106,BMGB4,0.800058320777285,592,507
VLID3,202106,CPLE3,0.893888198479935,312,507
VLID3,202106,PTBL3,0.780716680087084,463,507
VLID3,202106,ROMI3,0.88237243780497,488,507
VLID3,202107,CPLE3,0.788710369036914,267,490
VLID3,202107,DEXP3,0.766647052937724,99,490
VLID3,202107,ROMI3,0.724840307075202,539,490
VLID3,202108,BEEF3,0.753630372075541,1011,444
VLID3,202108,MYPK3,0.752512068626318,624,444
VLID3,202110,AALR3,0.710667118212515,450,429
VLID3,202110,BEEF3,0.746778047113532,1117,429
VLID3,202110,COGN3,0.70738085566795,1163,429
VLID3,202110,PMAM3,0.805894234197012,421,429
VLID3,202110,RCSL3,0.716905828692508,406,429
VLID3,202110,RCSL4,0.717547974454854,407,429
VLID3,202110,TPIS3,0.722807755802664,422,429
VLID3,202111,COGN3,0.842035383271871,1186,382
VLID3,202111,FESA4,0.753265747168092,432,382
VLID3,202111,FLRY3,0.796600154592805,1163,382
VLID3,202111,IRBR3,0.724862919561793,1167,382
VLID3,202111,PMAM3,0.975050034711796,372,382
VLID3,202111,RCSL3,0.870604364902335,360,382
VLID3,202111,RCSL4,0.870811262149336,358,382
VLID3,202111,TASA4,0.818039186596811,421,382
VLID3,202111,TPIS3,0.878982427198538,372,382
VLID3,202112,BMGB4,0.716090678037996,604,476
VLID3,202112,COGN3,0.767339807202806,1192,476
VLID3,202112,FESA4,0.792855739127402,520,476
VLID3,202112,PMAM3,0.952922321850504,471,476
VLID3,202112,RCSL3,0.817431070083039,463,476
VLID3,202112,RCSL4,0.815582815290777,461,476
VLID3,202112,TASA4,0.780927542985759,497,476
VLID3,202112,TPIS3,0.831336935517963,470,476
VULC3,201711,ALPA4,0.716555938278684,467,504
VULC3,201711,AMAR3,0.779641600108242,484,504
VULC3,201711,HGTX3,0.749053456797299,707,504
VULC3,201712,ALPA4,0.708496767189441,487,491
VULC3,201712,AMAR3,0.723103778320218,487,491
VULC3,201712,HGTX3,0.751052338261005,738,491
VULC3,201712,NATU3,0.715352332278567,783,491
VULC3,201801,ALPA4,0.713732748203718,457,336
VULC3,201801,AMAR3,0.774570656040087,511,336
VULC3,201801,HGTX3,0.77898377662157,668,336
VULC3,201801,NATU3,0.723034744570113,753,336
VULC3,201802,AMAR3,0.767531838204216,382,348
VULC3,201802,ELET3,0.700271825807763,804,348
VULC3,201802,ELET6,0.701120726634918,813,348
VULC3,201802,HGTX3,0.774984108899328,593,348
VULC3,201802,NATU3,0.727336530428453,778,348
VULC3,201803,ALPA4,0.729731850636073,465,345
VULC3,201803,AMAR3,0.800091568547715,382,345
VULC3,201803,ELET3,0.711624069604744,804,345
VULC3,201803,ELET6,0.741516281666003,839,345
VULC3,201803,HGTX3,0.787243206351648,584,345
VULC3,201803,NATU3,0.751810467611331,764,345
VULC3,201803,UGPA3,0.713339796949127,809,345
VULC3,201804,ALPA4,0.711943366609276,441,387
VULC3,201804,AMAR3,0.783874402235182,495,387
VULC3,201804,HGTX3,0.752487768910233,619,387
VULC3,201804,NATU3,0.712885600132497,821,387
VULC3,201806,AMAR3,0.723101056843189,194,446
VULC3,201807,AMAR3,0.813928241581762,189,446
VULC3,201808,ANIM3,0.748372207466709,463,419
VULC3,201809,AMAR3,0.775226980181119,294,347
VULC3,201809,ANIM3,0.792185203875451,428,347
VULC3,201810,AMAR3,0.825722799750242,296,351
VULC3,201810,ANIM3,0.799612592447661,433,351
VULC3,201811,ANIM3,0.904504279820133,409,370
VULC3,201811,JSLG3,0.725512012641465,132,370
VULC3,201811,MOVI3,0.701503320648898,429,370
VULC3,201812,ANIM3,0.919406525008328,412,444
VULC3,201901,ANIM3,0.844275083331883,403,492
VULC3,201901,JSLG3,0.779346124391279,132,492
VULC3,201901,MOVI3,0.743596222537523,450,492
VULC3,201902,ANIM3,0.823963735126245,522,568
VULC3,201902,JSLG3,0.850281243315679,112,568
VULC3,201902,MOVI3,0.792921149412977,507,568
VULC3,201903,ANIM3,0.786869665147573,502,518
VULC3,201903,JSLG3,0.871191635801832,118,518
VULC3,201903,MOVI3,0.765835436754895,479,518
VULC3,201904,ANIM3,0.740478331216489,493,514
VULC3,201904,JSLG3,0.899891073972555,121,514
VULC3,201905,JSLG3,0.958659931255085,127,436
VULC3,201906,JSLG3,0.949521202978542,128,423
VULC3,201907,JSLG3,0.953054683429926,137,483
VULC3,201907,KLBN11,0.801643880075007,780,483
VULC3,201908,JSLG3,0.952772987159635,140,512
VULC3,201908,KLBN11,0.916576934890065,816,512
VULC3,201909,JSLG3,0.9470506842342,157,496
VULC3,201909,KLBN11,0.907688130452633,806,496
VULC3,201910,JSLG3,0.936219676135032,165,489
VULC3,201910,KLBN11,0.915586608821446,819,489
VULC3,201911,JSLG3,0.932615178318366,176,422
VULC3,201911,KLBN11,0.915448672851685,796,422
VULC3,201912,JSLG3,0.912146880651418,175,437
VULC3,201912,KLBN11,0.888953883622159,799,437
VULC3,202001,ITUB3,0.81531736429163,538,441
VULC3,202001,KLBN11,0.888625503623711,803,441
VULC3,202002,ITUB3,0.75120887973938,529,334
VULC3,202002,KLBN11,0.868594600180459,843,334
VULC3,202003,KLBN11,0.790774046533115,856,336
VULC3,202004,KLBN11,0.759958081276802,907,323
VULC3,202005,RLOG3,0.719998924455387,519,313
VULC3,202008,RLOG3,0.723196375443167,585,289
VULC3,202009,RLOG3,0.770695567841923,520,292
VULC3,202010,RLOG3,0.817403132787846,528,431
VULC3,202011,RLOG3,0.790827350275899,453,415
VULC3,202112,UGPA3,0.789233451603371,1178,558
VVAR11,201704,ARZZ3,0.710020828584973,538,381
VVAR11,201704,HGTX3,0.761964704581022,511,381
VVAR11,201704,SANB11,0.746229371968752,730,381
VVAR11,201705,BRPR3,0.845778204858413,445,401
VVAR11,201705,BTOW3,0.740513787727214,582,401
VVAR11,201705,MILS3,0.81144793562221,315,401
VVAR11,201705,POMO4,0.882462191509217,523,401
VVAR11,201706,POMO4,0.736918109646391,416,443
VVAR11,201707,BRPR3,0.793237813126929,466,448
VVAR11,201710,MRVE3,0.730723491243926,830,672
VVAR11,201802,FIBR3,0.758334946188505,847,773
VVAR11,201808,CSMG3,0.734663115256071,638,830
VVAR11,201808,JBSS3,0.718509191936436,833,830
VVAR11,201809,CMIG3,0.793021854435794,550,798
VVAR11,201809,CSMG3,0.745317426583944,650,798
VVAR11,201809,KROT3,0.75216131491278,796,798
VVAR11,201809,LIGT3,0.732509370793211,609,798
VVAR11,201809,LINX3,0.768826221449608,591,798
VVAR11,201809,MEAL3,0.834953125751555,545,798
VVAR11,201809,MYPK3,0.721911180263344,627,798
VVAR11,201809,QUAL3,0.70503932806315,877,798
VVAR11,201809,TEND3,0.851249022100748,611,798
VVAR11,201809,TGMA3,0.724571385703599,441,798
VVAR11,201810,BRDT3,0.791018881466639,517,785
VVAR11,201810,DTEX3,0.766183697371405,515,785
VVAR11,201810,GUAR3,0.700227522632599,370,785
VVAR11,201810,MEAL3,0.758120954041082,412,785
VVAR11,201810,MYPK3,0.795602166024402,621,785
VVAR11,201810,PCAR4,0.803899861823955,880,785
VVAR11,201810,TEND3,0.781126204578191,540,785
VVAR3,201804,CPRE3,0.93200356299188,425,364
VVAR3,201804,JBSS3,0.857910175558111,753,364
VVAR3,201804,JPSA3,0.860832466382996,424,364
VVAR3,201804,KLBN4,0.999968321063173,364,364
VVAR3,201804,SAPR11,0.760004777268779,745,364
VVAR3,201805,CMIG4,0.7243766189873,883,368
VVAR3,201805,CPRE3,0.946939936264875,425,368
VVAR3,201805,GNDI3,0.713048247966505,562,368
VVAR3,201805,JPSA3,0.861744903686776,430,368
VVAR3,201805,KLBN4,0.999980857734949,368,368
VVAR3,201805,SAPR11,0.748602812693069,747,368
VVAR3,201806,CPRE3,0.933747818298871,429,371
VVAR3,201806,JPSA3,0.849162858123093,425,371
VVAR3,201806,KLBN11,0.7640278534913,838,371
VVAR3,201806,KLBN4,0.999996941630939,371,371
VVAR3,201806,SAPR11,0.723659000000236,759,371
VVAR3,201807,CPRE3,0.940423646263881,432,373
VVAR3,201807,FIBR3,0.714516907067338,916,373
VVAR3,201807,JPSA3,0.862989750483228,429,373
VVAR3,201807,KLBN11,0.808290489353138,867,373
VVAR3,201807,KLBN4,0.999996570086782,373,373
VVAR3,201807,SAPR11,0.734605965347822,789,373
VVAR3,201808,CPRE3,0.934615477689709,432,375
VVAR3,201808,FIBR3,0.74234080755772,950,375
VVAR3,201808,JPSA3,0.819110534745019,436,375
VVAR3,201808,KLBN11,0.828915992450997,874,375
VVAR3,201808,KLBN4,0.999997485128542,375,375
VVAR3,201907,QUAL3,0.750274016190349,815,990
VVAR3,201911,CPLE6,0.70179790587011,637,999
VVAR3,202001,QUAL3,0.700232461478701,899,1015
VVAR3,202006,BPAC11,0.73993691268825,1104,1144
VVAR3,202102,GRND3,0.75661497166247,597,1136
VVAR3,202102,GUAR3,0.782565020640309,589,1136
VVAR3,202102,SEER3,0.740802858814163,637,1136
VVAR3,202102,TCSA3,0.716286583655582,570,1136
VVAR3,202103,BBRK3,0.807113102127509,487,1143
VVAR3,202103,BIDI3,0.734782366471022,333,1143
VVAR3,202103,GRND3,0.835207572337794,578,1143
VVAR3,202103,GUAR3,0.841677551034307,593,1143
VVAR3,202103,HBOR3,0.73581807820319,592,1143
VVAR3,202103,TCSA3,0.823472657418738,588,1143
VVAR3,202104,BBRK3,0.826655665118834,490,1202
VVAR3,202104,BIDI3,0.762683139802853,332,1202
VVAR3,202104,GRND3,0.865539299996309,623,1202
VVAR3,202104,GUAR3,0.867848675058355,654,1202
VVAR3,202104,HBOR3,0.753654585721443,634,1202
VVAR3,202104,TCSA3,0.864481070978749,623,1202
VVAR3,202105,BIDI3,0.748894534864529,337,1195
VVAR3,202105,GRND3,0.849511542743455,611,1195
VVAR3,202105,GUAR3,0.881499847023772,641,1195
VVAR3,202105,HBOR3,0.778663234852206,617,1195
VVAR3,202105,TCSA3,0.851432792545331,618,1195
VVAR3,202106,BIDI3,0.701433433475325,324,1175
VVAR3,202106,BRDT3,0.751687377230063,1274,1175
VVAR3,202106,GRND3,0.804040515546693,613,1175
VVAR3,202106,GUAR3,0.844550692317613,667,1175
VVAR3,202106,HBOR3,0.818610372752054,609,1175
VVAR3,202106,LCAM3,0.704939672382593,1273,1175
VVAR3,202107,BIDI3,0.759403483649744,330,1204
VVAR3,202107,GRND3,0.832161265674777,619,1204
VVAR3,202107,GUAR3,0.905666673639589,658,1204
VVAR3,202107,HBOR3,0.863632830320745,608,1204
VVEO3,202109,CSAN3,0.75441690372589,1388,564
VVEO3,202109,IFCM3,0.829790294244285,453,564
VVEO3,202109,SANB11,0.823335035832614,1114,564
VVEO3,202109,TRAD3,0.778368340608126,473,564
VVEO3,202110,CSAN3,0.74688310075545,1369,574
VVEO3,202110,IFCM3,0.833981273644585,486,574
VVEO3,202110,INTB3,0.820940798583645,890,574
VVEO3,202110,SANB11,0.836014354893749,1159,574
VVEO3,202110,TRAD3,0.878625472805032,327,574
VVEO3,202111,CSAN3,0.737847137050143,1379,583
VVEO3,202111,IFCM3,0.854146560583648,456,583
VVEO3,202111,INTB3,0.760237174161949,888,583
VVEO3,202111,SANB11,0.770349695592639,1163,583
VVEO3,202111,TRAD3,0.88538592813491,302,583
VVEO3,202112,IFCM3,0.891588856679048,516,588
VVEO3,202112,INTB3,0.769462043742326,889,588
VVEO3,202112,TRAD3,0.845583274640774,364,588
WEGE3,201702,KROT3,0.758572580217929,841,770
WEGE3,201708,CIEL3,0.718916795976631,817,766
WEGE3,201810,TECN3,0.728840613993885,42,807
WEGE3,201811,PNVL4,0.715998803868421,452,860
WEGE3,201902,PNVL4,0.780145267370236,475,843
WEGE3,201903,PNVL4,0.722894440025923,467,837
WEGE3,202004,B3SA3,0.712994696221087,1183,1010
WEGE3,202004,RADL3,0.707339531023246,1008,1010
WEGE3,202005,PSSA3,0.768193721168119,538,1010
WEGE3,202005,RADL3,0.742139485070417,992,1010
WEGE3,202006,TOTS3,0.853191479218591,1057,1054
WEGE3,202007,RAIL3,0.713578675821568,1070,1038
WEGE3,202007,TOTS3,0.848823566353743,1063,1038
WEGE3,202008,TOTS3,0.881721506914876,1070,1078
WEGE3,202009,TOTS3,0.886854419685567,1044,1111
WEGE3,202010,B3SA3,0.721459736735456,1290,1103
WEGE3,202010,KLBN11,0.710565205624365,1060,1103
WEGE3,202010,PSSA3,0.725779271982556,581,1103
WEGE3,202010,TOTS3,0.781933982533557,1062,1103
WEGE3,202011,KLBN11,0.812960378506521,1062,1111
WEGE3,202011,PSSA3,0.710011026897328,593,1111
WEGE3,202011,TOTS3,0.783796882717185,1056,1111
WEGE3,202012,KLBN11,0.850851465623986,1072,1097
WEGE3,202012,TOTS3,0.774657445244375,1077,1097
WEGE3,202101,B3SA3,0.761371332208452,1423,1119
WEGE3,202101,KLBN11,0.837713105925948,1094,1119
WEGE3,202101,TOTS3,0.764263865165915,1158,1119
WEGE3,202102,B3SA3,0.801950226844301,1429,1157
WEGE3,202102,KLBN11,0.792919243451281,1114,1157
WEGE3,202102,TOTS3,0.815886641908461,1145,1157
WEGE3,202103,B3SA3,0.777461625778515,1461,1176
WEGE3,202103,KLBN11,0.857838837441686,1056,1176
WEGE3,202103,MOSI3,0.808732759721831,623,1176
WEGE3,202103,TOTS3,0.841250051545964,1142,1176
WEGE3,202104,B3SA3,0.711007005950871,1463,1201
WEGE3,202104,KLBN11,0.880553863479119,1056,1201
WEGE3,202104,MOSI3,0.862394957121478,563,1201
WEGE3,202104,TOTS3,0.810465521834532,1170,1201
WEGE3,202105,MOSI3,0.843065796430381,509,1209
WEGE3,202105,TOTS3,0.802511298455206,1179,1209
WEGE3,202106,B3SA3,0.727284356717442,1425,1223
WEGE3,202106,MOSI3,0.82184172358953,462,1223
WEGE3,202106,RADL3,0.710948033275255,1203,1223
WEGE3,202106,TOTS3,0.731034247133305,1184,1223
WEGE3,202109,CSAN3,0.731544871599345,1388,1272
WEGE3,202109,VVEO3,0.726013890487646,564,1272
WEGE3,202110,CSAN3,0.771391621406029,1369,1302
WEGE3,202110,INTB3,0.712200411954456,890,1302
WEGE3,202110,SANB11,0.728173153377421,1159,1302
WEGE3,202110,TRAD3,0.741786853752254,327,1302
WEGE3,202110,VVEO3,0.789983417264352,574,1302
WEGE3,202111,CSAN3,0.752794871368276,1379,1317
WEGE3,202111,IFCM3,0.710774070723864,456,1317
WEGE3,202111,RADL3,0.720444903042662,1297,1317
WEGE3,202111,SANB11,0.709664376183342,1163,1317
WEGE3,202111,TRAD3,0.744057518347384,302,1317
WEGE3,202111,VVEO3,0.788640481173902,583,1317
WEGE3,202112,CSAN3,0.702410503207162,1410,1331
WEGE3,202112,IFCM3,0.707609412329414,516,1331
WEGE3,202112,VVEO3,0.736058017044809,588,1331
WEST3,202103,CMIG3,0.748700658521223,467,761
WEST3,202103,ECOR3,0.738216446703139,1044,761
WEST3,202103,GOAU3,0.758348067309981,514,761
WEST3,202103,GOAU4,0.73077780221294,1168,761
WEST3,202103,HAPV3,0.760650013066884,1232,761
WEST3,202103,PARD3,0.739369237580898,573,761
WEST3,202103,RDNI3,0.707859053971558,351,761
WEST3,202103,RRRP3,0.804845743791228,540,761
WEST3,202104,AERI3,0.709351272619625,506,751
WEST3,202104,CMIG3,0.748425721246566,481,751
WEST3,202104,ECOR3,0.731042669778261,1076,751
WEST3,202104,GOAU3,0.75921907650459,545,751
WEST3,202104,GOAU4,0.728645702218926,1189,751
WEST3,202104,HAPV3,0.728131711538392,1274,751
WEST3,202104,PARD3,0.738539468243323,609,751
WEST3,202104,RRRP3,0.807203138776977,710,751
WEST3,202104,TIMS3,0.722949359104809,1139,751
WEST3,202105,AERI3,0.721200551093171,588,707
WEST3,202105,BPAC5,0.791171211030386,437,707
WEST3,202105,BRFS3,0.834700443844256,1091,707
WEST3,202105,BTOW3,0.702991810860177,1087,707
WEST3,202105,CMIG3,0.82025289328577,507,707
WEST3,202105,ECOR3,0.784441039880643,1077,707
WEST3,202105,GOAU3,0.818581445096401,475,707
WEST3,202105,GOAU4,0.760584130680532,1215,707
WEST3,202105,HAPV3,0.729105781011153,1362,707
WEST3,202105,PARD3,0.808990963709476,601,707
WEST3,202105,RRRP3,0.78317930995249,767,707
WEST3,202105,TIMS3,0.778897156082218,1148,707
WEST3,202106,BRFS3,0.804683032705617,1104,701
WEST3,202106,CMIG3,0.772806604889415,479,701
WEST3,202106,ECOR3,0.743637560534954,1110,701
WEST3,202106,GOAU3,0.805185885763423,469,701
WEST3,202106,PARD3,0.758609133206206,606,701
WEST3,202106,RRRP3,0.747530096322742,808,701
WEST3,202106,TIMS3,0.716184082589685,1181,701
WEST3,202107,BRFS3,0.752147395094893,1102,714
WEST3,202107,CMIG3,0.728579859564147,494,714
WEST3,202107,ECOR3,0.722016899875682,1166,714
WEST3,202107,GOAU3,0.717487083912472,475,714
WEST3,202107,PARD3,0.741261529155465,622,714
WEST3,202107,RRRP3,0.735877311551992,793,714
WEST3,202107,TIMS3,0.706143452916982,1162,714
WEST3,202108,BRFS3,0.845605878637729,1050,709
WEST3,202108,CMIG3,0.839538021431116,530,709
WEST3,202108,ECOR3,0.825902396727964,1082,709
WEST3,202108,GOAU3,0.836593468041819,519,709
WEST3,202108,PARD3,0.870820327257346,670,709
WEST3,202108,RRRP3,0.842076916822641,831,709
WEST3,202108,TIMS3,0.728082098677992,1189,709
WEST3,202109,CMIG3,0.849675268108966,539,716
WEST3,202109,ECOR3,0.790795246374355,1129,716
WEST3,202109,GOAU3,0.869702409902178,503,716
WEST3,202109,GOAU4,0.795394785626884,1295,716
WEST3,202109,PARD3,0.86222920874291,701,716
WEST3,202109,RRRP3,0.862912368492155,837,716
WEST3,202109,TIMS3,0.725614337690109,1213,716
WEST3,202110,CMIG3,0.846936585900298,532,779
WEST3,202110,ECOR3,0.774936109960855,1200,779
WEST3,202110,GOAU3,0.856923877034382,503,779
WEST3,202110,GOAU4,0.798220612769284,1342,779
WEST3,202110,PARD3,0.864334006458932,703,779
WEST3,202110,TIMS3,0.73822553633624,1214,779
WEST3,202111,CMIG3,0.85330295024225,533,763
WEST3,202111,ECOR3,0.772297350196946,1238,763
WEST3,202111,GOAU3,0.873506277991137,502,763
WEST3,202111,GOAU4,0.823249608961469,1364,763
WEST3,202111,LIGT3,0.734995111411022,840,763
WEST3,202111,MRFG3,0.734962514294025,1294,763
WEST3,202111,PARD3,0.867864641509127,674,763
WEST3,202111,RRRP3,0.880014892500491,847,763
WEST3,202111,TIMS3,0.773407615616888,1240,763
WEST3,202112,CMIG3,0.84599947668591,525,800
WEST3,202112,CSNA3,0.730173571411294,1167,800
WEST3,202112,ECOR3,0.726703879980137,1239,800
WEST3,202112,GOAU3,0.871555375206636,522,800
WEST3,202112,GOAU4,0.851881476514781,1391,800
WEST3,202112,LIGT3,0.758514878656038,868,800
WEST3,202112,MRFG3,0.753113967157761,1290,800
WEST3,202112,PARD3,0.861462350860807,720,800
WEST3,202112,RRRP3,0.805856431239619,919,800
WEST3,202112,TIMS3,0.769885736646527,1276,800
WIZS3,201706,SEER3,0.772267322247093,609,468
WIZS3,201708,CGAS3,0.723352679363817,188,531
WIZS3,201708,ENGI4,0.827763662116115,62,531
WIZS3,201708,ENMT3,0.822358154267611,64,531
WIZS3,201708,ENMT4,0.825988419448137,64,531
WIZS3,201708,REDE3,0.827959878940507,63,531
WIZS3,201708,RLOG3,0.759469783559962,456,531
WIZS3,201801,SEER3,0.79709998990814,628,512
WIZS3,201802,LINX3,0.743501849708414,484,572
WIZS3,201802,SEER3,0.882052513007027,614,572
WIZS3,201803,SEER3,0.942790647775871,616,533
WIZS3,201804,SEER3,0.878869237272792,574,525
WIZS3,201806,SEER3,0.772351655101131,594,506
WIZS3,201807,PSSA3,0.843060465041698,455,534
WIZS3,201807,SEER3,0.752406497835012,575,534
WIZS3,201808,CMIG3,0.703306819343013,558,501
WIZS3,201808,MEAL3,0.721097069558921,560,501
WIZS3,201808,TEND3,0.763680501102529,628,501
WIZS3,201809,CMIG3,0.85342834238483,550,462
WIZS3,201809,IDNT3,0.713064301999229,229,462
WIZS3,201809,KROT3,0.735200012832531,796,462
WIZS3,201809,LIGT3,0.763396963752571,609,462
WIZS3,201809,LINX3,0.827282090315055,591,462
WIZS3,201809,MEAL3,0.865565861730246,545,462
WIZS3,201809,MYPK3,0.727223995115273,627,462
WIZS3,201809,TEND3,0.901130753325562,611,462
WIZS3,201809,TGMA3,0.774688911607112,441,462
WIZS3,201809,VVAR11,0.810715618495277,798,462
WIZS3,201810,BRDT3,0.757071240295501,517,473
WIZS3,201810,CMIG3,0.78017842511699,552,473
WIZS3,201810,CSMG3,0.72734893245706,646,473
WIZS3,201810,DTEX3,0.794371969467194,515,473
WIZS3,201810,GUAR3,0.779698698623132,370,473
WIZS3,201810,JBSS3,0.70908764417559,796,473
WIZS3,201810,LINX3,0.734681876411664,598,473
WIZS3,201810,MEAL3,0.849889077635977,412,473
WIZS3,201810,MYPK3,0.85483273187745,621,473
WIZS3,201810,TEND3,0.881974917062265,540,473
WIZS3,201810,TGMA3,0.745385321184863,445,473
WIZS3,201810,VVAR11,0.757779262386054,785,473
WIZS3,201811,BRDT3,0.809916814050829,764,486
WIZS3,201811,CMIG3,0.822889353483817,660,486
WIZS3,201811,CRFB3,0.736620306281717,625,486
WIZS3,201811,CSMG3,0.723118552609415,745,486
WIZS3,201811,DTEX3,0.883237455383036,609,486
WIZS3,201811,GUAR3,0.72863506174028,449,486
WIZS3,201811,MEAL3,0.912355081021638,435,486
WIZS3,201811,MYPK3,0.823471377661475,648,486
WIZS3,201811,PCAR4,0.717709353528885,943,486
WIZS3,201811,TEND3,0.930374740068886,522,486
WIZS3,201811,TGMA3,0.762293264566061,479,486
WIZS3,201812,BRDT3,0.857038203538595,827,476
WIZS3,201812,CMIG3,0.89631201596606,614,476
WIZS3,201812,CRFB3,0.837973514001087,667,476
WIZS3,201812,CSMG3,0.777912364144857,738,476
WIZS3,201812,DTEX3,0.90384552587433,625,476
WIZS3,201812,GUAR3,0.799540145399079,465,476
WIZS3,201812,KROT3,0.776001749450488,859,476
WIZS3,201812,LINX3,0.74172407825472,740,476
WIZS3,201812,MEAL3,0.921653553799733,437,476
WIZS3,201812,MYPK3,0.869663921078389,655,476
WIZS3,201812,PCAR4,0.729425785813245,903,476
WIZS3,201812,SAPR11,0.714775416641331,557,476
WIZS3,201812,TEND3,0.950458887216871,520,476
WIZS3,201812,TGMA3,0.837632299567962,506,476
WIZS3,201901,AALR3,0.81207474739896,456,519
WIZS3,201901,BPAC11,0.879751131883582,490,519
WIZS3,201901,BRDT3,0.822771034444568,880,519
WIZS3,201901,CCRO3,0.846848757396256,894,519
WIZS3,201901,CMIG3,0.932166102129715,616,519
WIZS3,201901,CSMG3,0.715318451207048,678,519
WIZS3,201901,DTEX3,0.949132626287085,614,519
WIZS3,201901,GUAR3,0.874017824839374,540,519
WIZS3,201901,KROT3,0.881214706363831,864,519
WIZS3,201901,LINX3,0.750081566517118,724,519
WIZS3,201901,MEAL3,0.950840945313248,462,519
WIZS3,201901,MYPK3,0.893730207731205,624,519
WIZS3,201901,PCAR4,0.850373623240362,900,519
WIZS3,201901,SAPR11,0.716074855460856,595,519
WIZS3,201901,TEND3,0.966597126620407,520,519
WIZS3,201901,TGMA3,0.94074407173521,513,519
WIZS3,201902,AALR3,0.768295044310564,464,543
WIZS3,201902,BPAC11,0.822145056897037,559,543
WIZS3,201902,CCRO3,0.809123809432255,924,543
WIZS3,201902,CMIG3,0.928643133489457,647,543
WIZS3,201902,DTEX3,0.947206796880624,669,543
WIZS3,201902,ELET3,0.8565133172952,946,543
WIZS3,201902,GUAR3,0.806859445678626,561,543
WIZS3,201902,KROT3,0.84297273730514,924,543
WIZS3,201902,MEAL3,0.950482589149514,498,543
WIZS3,201902,MYPK3,0.88279773326279,667,543
WIZS3,201902,PCAR4,0.876244462437327,984,543
WIZS3,201902,SAPR11,0.826566987416132,721,543
WIZS3,201902,TEND3,0.905911033444399,610,543
WIZS3,201902,TGMA3,0.906315680175993,547,543
WIZS3,201903,AALR3,0.797315441607815,476,514
WIZS3,201903,BPAC11,0.795308718243177,552,514
WIZS3,201903,CCRO3,0.804688804781259,908,514
WIZS3,201903,CMIG3,0.917792192867027,658,514
WIZS3,201903,DTEX3,0.914157592434841,573,514
WIZS3,201903,ECOR3,0.719324737315763,845,514
WIZS3,201903,ELET3,0.87628344432398,973,514
WIZS3,201903,GUAR3,0.777993410771242,513,514
WIZS3,201903,LINX3,0.719079573779727,740,514
WIZS3,201903,MEAL3,0.953135125132226,455,514
WIZS3,201903,MYPK3,0.892339881289698,621,514
WIZS3,201903,PCAR4,0.852253960100478,974,514
WIZS3,201903,SAPR11,0.842788178525686,715,514
WIZS3,201903,TEND3,0.876779955919932,537,514
WIZS3,201903,TGMA3,0.915540107248002,514,514
WIZS3,201904,AALR3,0.795805241935442,476,458
WIZS3,201904,CCRO3,0.781131930911694,911,458
WIZS3,201904,CMIG3,0.933346424384158,659,458
WIZS3,201904,DTEX3,0.918616502577237,573,458
WIZS3,201904,ECOR3,0.735683096703408,775,458
WIZS3,201904,ENBR3,0.750053417756474,860,458
WIZS3,201904,GUAR3,0.818028907036886,516,458
WIZS3,201904,IDNT3,0.717997706019584,224,458
WIZS3,201904,LIGT3,0.704175742719499,666,458
WIZS3,201904,LINX3,0.796776041914932,775,458
WIZS3,201904,MEAL3,0.958490277653985,407,458
WIZS3,201904,MYPK3,0.947239472475923,572,458
WIZS3,201904,PCAR4,0.833472283985373,952,458
WIZS3,201904,SAPR11,0.859201311471633,669,458
WIZS3,201904,TEND3,0.949971741480622,514,458
WIZS3,201904,TGMA3,0.901590685039197,492,458
WIZS3,201905,AALR3,0.732432222551051,482,465
WIZS3,201905,CCRO3,0.73669730630123,927,465
WIZS3,201905,CPLE3,0.89583714688488,446,465
WIZS3,201905,DTEX3,0.950933043054739,476,465
WIZS3,201905,ECOR3,0.755397283835594,791,465
WIZS3,201905,GUAR3,0.948622930970853,447,465
WIZS3,201905,IDNT3,0.7197129859919,226,465
WIZS3,201905,LINX3,0.814812115773997,729,465
WIZS3,201905,MEAL3,0.92465535983661,408,465
WIZS3,201905,MYPK3,0.948683790856468,555,465
WIZS3,201905,PCAR4,0.746851026920524,980,465
WIZS3,201905,TEND3,0.901054549891888,523,465
WIZS3,201905,TGMA3,0.87375135688439,488,465
WIZS3,201906,CCRO3,0.815152357392757,869,429
WIZS3,201906,CPLE3,0.889794489922157,408,429
WIZS3,201906,DTEX3,0.964359718815697,492,429
WIZS3,201906,ECOR3,0.814432104143343,798,429
WIZS3,201906,GUAR3,0.924391099570645,434,429
WIZS3,201906,LINX3,0.819533093892525,753,429
WIZS3,201906,MEAL3,0.928315429913215,407,429
WIZS3,201906,MYPK3,0.959596519306988,517,429
WIZS3,201906,NATU3,0.726221699087756,874,429
WIZS3,201906,QUAL3,0.743727383721931,784,429
WIZS3,201906,TEND3,0.890959273032977,580,429
WIZS3,201906,TGMA3,0.891926168771325,503,429
WIZS3,201906,UGPA3,0.828111651752641,859,429
WIZS3,201907,AALR3,0.824870525483248,480,472
WIZS3,201907,ALSC3,0.856402775385704,640,472
WIZS3,201907,CMIG3,0.72021580840815,678,472
WIZS3,201907,CPFE3,0.712705242184629,912,472
WIZS3,201907,DTEX3,0.962022234039385,584,472
WIZS3,201907,ECOR3,0.847684632411093,814,472
WIZS3,201907,ELET3,0.836619907770623,958,472
WIZS3,201907,GUAR3,0.93405592234359,482,472
WIZS3,201907,LINX3,0.841528935723777,825,472
WIZS3,201907,MEAL3,0.906504435092246,485,472
WIZS3,201907,MYPK3,0.954940131030907,586,472
WIZS3,201907,NATU3,0.764019882441257,886,472
WIZS3,201907,NEOE3,0.730920258945749,805,472
WIZS3,201907,TEND3,0.848216158352512,612,472
WIZS3,201907,TGMA3,0.853093931812816,564,472
WIZS3,201907,UGPA3,0.861936376538285,834,472
WIZS3,201908,AALR3,0.793039002678212,473,525
WIZS3,201908,CMIG3,0.738217364088864,664,525
WIZS3,201908,DTEX3,0.971716479459662,665,525
WIZS3,201908,ECOR3,0.882390360491679,867,525
WIZS3,201908,ELET3,0.815991546045094,949,525
WIZS3,201908,GUAR3,0.945935469387929,667,525
WIZS3,201908,LINX3,0.862415107862541,760,525
WIZS3,201908,MEAL3,0.910083616419787,601,525
WIZS3,201908,MYPK3,0.966169161888116,686,525
WIZS3,201908,NATU3,0.730344360750527,909,525
WIZS3,201908,NEOE3,0.811685571122969,833,525
WIZS3,201908,SULA11,0.849674897651968,656,525
WIZS3,201908,TEND3,0.912721694595016,636,525
WIZS3,201908,TGMA3,0.855760284356031,581,525
WIZS3,201909,AALR3,0.86835850784449,474,492
WIZS3,201909,ALSO3,0.835652248702426,666,492
WIZS3,201909,CPLE3,0.82425131027696,413,492
WIZS3,201909,DTEX3,0.96295580082435,650,492
WIZS3,201909,ECOR3,0.829108519227962,875,492
WIZS3,201909,GUAR3,0.951170774545465,641,492
WIZS3,201909,MEAL3,0.936926955468857,573,492
WIZS3,201909,MYPK3,0.973905091447464,641,492
WIZS3,201909,NEOE3,0.815197231868573,791,492
WIZS3,201909,SULA11,0.832774821671051,753,492
WIZS3,201909,TEND3,0.878480183670725,629,492
WIZS3,201909,TGMA3,0.865423276446859,580,492
WIZS3,201909,UGPA3,0.897533800258372,821,492
WIZS3,201910,AALR3,0.852626806305679,473,478
WIZS3,201910,ALSO3,0.837986245196738,682,478
WIZS3,201910,CPLE3,0.82769370989336,409,478
WIZS3,201910,DTEX3,0.927623509770269,624,478
WIZS3,201910,ECOR3,0.802635743905954,878,478
WIZS3,201910,GUAR3,0.929889329858222,571,478
WIZS3,201910,LINX3,0.714772199944287,706,478
WIZS3,201910,MEAL3,0.925704615486336,572,478
WIZS3,201910,MYPK3,0.973761816894361,570,478
WIZS3,201910,NEOE3,0.841358691036465,748,478
WIZS3,201910,SBSP3,0.751856208799295,939,478
WIZS3,201910,SULA11,0.780614348283157,888,478
WIZS3,201910,TEND3,0.820268101717374,620,478
WIZS3,201910,TGMA3,0.885945689727112,576,478
WIZS3,201910,UGPA3,0.919095941269124,843,478
WIZS3,201911,AALR3,0.912063297942826,404,379
WIZS3,201911,ALSO3,0.812897128660168,698,379
WIZS3,201911,BPAC11,0.772710395238304,940,379
WIZS3,201911,CIEL3,0.952931374967999,840,379
WIZS3,201911,CPLE3,0.780009131849518,326,379
WIZS3,201911,DTEX3,0.895550895104737,574,379
WIZS3,201911,ECOR3,0.924682436104892,875,379
WIZS3,201911,GUAR3,0.920908012503291,513,379
WIZS3,201911,IDNT3,0.920668580771921,222,379
WIZS3,201911,LINX3,0.788454258174452,670,379
WIZS3,201911,MEAL3,0.889033636933099,532,379
WIZS3,201911,MYPK3,0.971230871464938,523,379
WIZS3,201911,NEOE3,0.868775487842878,732,379
WIZS3,201911,SBSP3,0.883064214881767,945,379
WIZS3,201911,SULA11,0.713070545512188,893,379
WIZS3,201911,TEND3,0.818185151424545,564,379
WIZS3,201911,TGMA3,0.869525518665276,497,379
WIZS3,201911,UGPA3,0.852812904402621,906,379
WIZS3,201912,AALR3,0.851951262350195,414,398
WIZS3,201912,CIEL3,0.912766940213545,859,398
WIZS3,201912,CPLE3,0.852101809620699,331,398
WIZS3,201912,CYRE3,0.830128728482273,937,398
WIZS3,201912,DTEX3,0.790723611863252,563,398
WIZS3,201912,ECOR3,0.864604963395912,836,398
WIZS3,201912,GUAR3,0.892493924118746,528,398
WIZS3,201912,IDNT3,0.914291437397001,228,398
WIZS3,201912,LINX3,0.85019645603287,669,398
WIZS3,201912,MEAL3,0.929657664451256,537,398
WIZS3,201912,MYPK3,0.965437380450582,529,398
WIZS3,201912,NEOE3,0.742116208695958,721,398
WIZS3,201912,QUAL3,0.728573737034834,857,398
WIZS3,201912,SBSP3,0.834037035642767,923,398
WIZS3,201912,TEND3,0.783634317512783,582,398
WIZS3,201912,TGMA3,0.930104401235977,504,398
WIZS3,201912,UGPA3,0.834325738897522,968,398
WIZS3,202001,AALR3,0.905088978201557,458,419
WIZS3,202001,ALSO3,0.723722094152419,841,419
WIZS3,202001,CPLE3,0.869331814104077,421,419
WIZS3,202001,CYRE3,0.799700791064209,948,419
WIZS3,202001,ECOR3,0.834902721221183,856,419
WIZS3,202001,GUAR3,0.869614045572933,614,419
WIZS3,202001,IDNT3,0.882893496669091,232,419
WIZS3,202001,LINX3,0.886890407336432,679,419
WIZS3,202001,MEAL3,0.936081973763997,551,419
WIZS3,202001,MYPK3,0.948086150439616,561,419
WIZS3,202001,NEOE3,0.743519143661857,710,419
WIZS3,202001,QUAL3,0.719689039152769,899,419
WIZS3,202001,SBSP3,0.806162000405244,950,419
WIZS3,202001,TGMA3,0.943161742277196,578,419
WIZS3,202001,UGPA3,0.791286745128542,1000,419
WIZS3,202002,AALR3,0.967019828982962,460,440
WIZS3,202002,CPLE3,0.877794765104306,451,440
WIZS3,202002,CYRE3,0.758622781794614,968,440
WIZS3,202002,ECOR3,0.88388100968398,883,440
WIZS3,202002,GUAR3,0.923131635697257,642,440
WIZS3,202002,IDNT3,0.93571748117651,233,440
WIZS3,202002,LINX3,0.875722865378147,694,440
WIZS3,202002,MEAL3,0.931594516671588,557,440
WIZS3,202002,MYPK3,0.875943735543428,630,440
WIZS3,202002,NEOE3,0.749494449392891,727,440
WIZS3,202002,QUAL3,0.776479598784796,900,440
WIZS3,202002,SBSP3,0.823973975420787,985,440
WIZS3,202002,TGMA3,0.944198787255637,618,440
WIZS3,202002,UGPA3,0.852724481706266,979,440
WIZS3,202003,AALR3,0.970057537123887,457,453
WIZS3,202003,CPLE3,0.900330083290488,447,453
WIZS3,202003,CYRE3,0.710807595562519,996,453
WIZS3,202003,ECOR3,0.952290666685308,872,453
WIZS3,202003,GUAR3,0.93907955804254,625,453
WIZS3,202003,IDNT3,0.960312348918085,232,453
WIZS3,202003,IRBR3,0.752306937823148,957,453
WIZS3,202003,LINX3,0.931779608664733,663,453
WIZS3,202003,MEAL3,0.944531450163299,537,453
WIZS3,202003,MYPK3,0.860733794269355,612,453
WIZS3,202003,SBSP3,0.718459316044382,1003,453
WIZS3,202003,TGMA3,0.958577718496666,580,453
WIZS3,202003,UGPA3,0.851533874817101,1003,453
WIZS3,202003,VIVA3,0.758579364332542,679,453
WIZS3,202004,AALR3,0.973291679572688,408,507
WIZS3,202004,CPLE3,0.919666423767947,445,507
WIZS3,202004,ECOR3,0.948759602512993,895,507
WIZS3,202004,GUAR3,0.9078442303051,566,507
WIZS3,202004,IDNT3,0.90050482215951,231,507
WIZS3,202004,LINX3,0.949329543730844,609,507
WIZS3,202004,MEAL3,0.938098067135827,524,507
WIZS3,202004,MYPK3,0.791380041773239,589,507
WIZS3,202004,TGMA3,0.953524947957569,548,507
WIZS3,202004,UGPA3,0.793666136824835,1058,507
WIZS3,202005,AALR3,0.961203859001721,403,515
WIZS3,202005,CPLE3,0.90762484182468,450,515
WIZS3,202005,ECOR3,0.962584208095864,883,515
WIZS3,202005,GUAR3,0.907439121171865,557,515
WIZS3,202005,IDNT3,0.843669261434691,232,515
WIZS3,202005,LINX3,0.95174319388543,613,515
WIZS3,202005,LOGN3,0.898679642918383,448,515
WIZS3,202005,MEAL3,0.925172182855676,488,515
WIZS3,202005,MYPK3,0.837811411336302,578,515
WIZS3,202005,TGMA3,0.938043755327915,565,515
WIZS3,202005,UGPA3,0.752500541573005,1062,515
WIZS3,202006,AALR3,0.875533144510962,395,525
WIZS3,202006,CPLE3,0.931528844368058,458,525
WIZS3,202006,ECOR3,0.911163834119729,919,525
WIZS3,202006,GUAR3,0.899691978278543,581,525
WIZS3,202006,IDNT3,0.830300010188974,249,525
WIZS3,202006,LINX3,0.940538145620719,641,525
WIZS3,202006,LOGN3,0.926779100931305,468,525
WIZS3,202006,MEAL3,0.942013404659975,484,525
WIZS3,202006,TGMA3,0.940828235513128,576,525
WIZS3,202006,UGPA3,0.700714971162006,1094,525
WIZS3,202007,AALR3,0.977961662785774,401,548
WIZS3,202007,CPLE3,0.919141466730959,461,548
WIZS3,202007,ECOR3,0.847458872629991,967,548
WIZS3,202007,GUAR3,0.890950811432107,598,548
WIZS3,202007,LINX3,0.962451861919145,689,548
WIZS3,202007,LOGN3,0.933740006213353,495,548
WIZS3,202007,MEAL3,0.916234565832274,508,548
WIZS3,202007,TGMA3,0.952245997320946,592,548
WIZS3,202007,UGPA3,0.74439657310891,1048,548
WIZS3,202008,AALR3,0.977651423468231,402,531
WIZS3,202008,ALSO3,0.71881542249377,810,531
WIZS3,202008,CPLE3,0.925580283523862,465,531
WIZS3,202008,ECOR3,0.898247035296314,993,531
WIZS3,202008,GUAR3,0.883887562194822,574,531
WIZS3,202008,LINX3,0.93750329581541,698,531
WIZS3,202008,LOGN3,0.90932726223367,466,531
WIZS3,202008,MEAL3,0.953227680901228,551,531
WIZS3,202008,PDTC3,0.818349322922547,255,531
WIZS3,202008,TGMA3,0.958786248999613,593,531
WIZS3,202008,UGPA3,0.785072629723735,1080,531
WIZS3,202009,AALR3,0.980465681775545,403,514
WIZS3,202009,ALSO3,0.731822217487679,803,514
WIZS3,202009,CPLE3,0.953598857355229,473,514
WIZS3,202009,ECOR3,0.802116403912596,1017,514
WIZS3,202009,LINX3,0.879601222708331,771,514
WIZS3,202009,LOGN3,0.901446485294234,434,514
WIZS3,202009,MEAL3,0.946836151323259,512,514
WIZS3,202009,PDTC3,0.812364056784378,257,514
WIZS3,202009,TGMA3,0.936061816350001,572,514
WIZS3,202009,UGPA3,0.796111558493949,1072,514
WIZS3,202010,AALR3,0.985272625892794,477,499
WIZS3,202010,ALSO3,0.742365718107541,811,499
WIZS3,202010,ECOR3,0.779315239729806,982,499
WIZS3,202010,LOGN3,0.942519131754611,425,499
WIZS3,202010,MEAL3,0.977156342183479,515,499
WIZS3,202010,PDTC3,0.847111260755401,265,499
WIZS3,202010,TGMA3,0.934008769800822,570,499
WIZS3,202010,UGPA3,0.755501157689187,1094,499
WIZS3,202011,AALR3,0.98598299050846,459,482
WIZS3,202011,LOGN3,0.948337983053364,403,482
WIZS3,202011,MEAL3,0.827008458889199,505,482
WIZS3,202011,PDTC3,0.842392660851566,253,482
WIZS3,202011,TGMA3,0.971300314437431,566,482
WIZS3,202011,UGPA3,0.748126962593594,1087,482
WIZS3,202012,AALR3,0.865197733215379,476,500
WIZS3,202012,PDTC3,0.837061145719794,256,500
WIZS3,202101,AALR3,0.729407759614165,444,467
WIZS3,202102,MYPK3,0.747404069096131,527,472
WIZS3,202104,AVLL3,0.968762330437173,45,449
WIZS3,202104,BEEF11,0.97281710334144,200,449
WIZS3,202104,ETER3,0.972264049352783,228,449
WIZS3,202104,EUCA4,0.956742883530966,369,449
WIZS3,202104,GPCP3,0.930216744844903,37,449
WIZS3,202104,JHSF3,0.859894552451808,997,449
WIZS3,202104,KEPL3,0.878688831181406,197,449
WIZS3,202104,LOGN3,0.899233104241634,469,449
WIZS3,202104,MILS3,0.904832812111422,489,449
WIZS3,202104,PTBL3,0.790724795979068,440,449
WIZS3,202104,RANI3,0.857587687757308,297,449
WIZS3,202104,ROMI3,0.707832875152589,448,449
WIZS3,202104,SEQL3,0.803284745273253,314,449
WIZS3,202104,SGPS3,0.831945082316601,42,449
WIZS3,202105,AVLL3,0.93832226863694,45,495
WIZS3,202105,BEEF11,0.941474996080637,206,495
WIZS3,202105,ETER3,0.940766011313368,236,495
WIZS3,202105,JHSF3,0.842573044634181,1001,495
WIZS3,202105,KEPL3,0.881032592533645,200,495
WIZS3,202105,LOGN3,0.884699513384466,478,495
WIZS3,202105,MILS3,0.913778258725481,499,495
WIZS3,202105,RANI3,0.880642589488749,451,495
WIZS3,202105,ROMI3,0.711355344598355,463,495
WIZS3,202105,SEQL3,0.795538441026598,682,495
WIZS3,202105,SGPS3,0.914582598921037,46,495
WIZS3,202106,BEEF11,0.701510805291532,199,603
WIZS3,202106,ETER3,0.701044093277636,96,603
WIZS3,202106,LWSA3,0.712347585432496,1215,603
WIZS3,202107,AVLL3,0.716358348125277,47,664
WIZS3,202107,BEEF11,0.718252672714535,199,664
WIZS3,202107,ETER3,0.718230831289183,83,664
WIZS3,202107,SGPS3,0.706072078491429,48,664
WIZS3,202108,AMAR3,0.711430908946254,551,647
WIZS3,202112,AVLL3,0.872294902841723,35,594
WIZS3,202112,BEEF3,0.751566231885207,1200,594
WIZS3,202112,ETER3,0.880462761416538,86,594
WIZS3,202112,EUCA4,0.872125366305743,365,594
WIZS3,202112,JHSF3,0.773388760400681,1131,594
WIZS3,202112,KEPL3,0.859976264890229,547,594
WIZS3,202112,MILS3,0.72902798397192,571,594
WIZS3,202112,PTBL3,0.875358179745878,507,594
WIZS3,202112,RANI3,0.775620721616242,550,594
WIZS3,202112,ROMI3,0.897907838283126,519,594
WIZS3,202112,SGPS3,0.855478225641297,36,594
YDUQ3,201908,ALUP11,0.798574597561161,653,987
YDUQ3,201908,CVCB3,0.783840369214189,1057,987
YDUQ3,201909,ALUP11,0.804989607904174,655,953
YDUQ3,201910,ALUP11,0.795687116028991,676,979
YDUQ3,201910,SANB11,0.753381527988988,853,979
YDUQ3,201911,SANB11,0.700703679336964,831,990
YDUQ3,202012,BRAP4,0.765945432576305,1045,1017
YDUQ3,202101,BBTG11,0.78521155893051,53,1051
YDUQ3,202102,BBTG11,0.720058223982708,56,1042
YDUQ3,202103,COGN3,0.84015612487699,1051,1132
YDUQ3,202104,ABEV3,0.731841510998041,1144,1119
YDUQ3,202104,ALPK3,0.715684805969091,232,1119
YDUQ3,202104,BKBR3,0.740899345931883,711,1119
YDUQ3,202104,BRML3,0.715556265764128,1182,1119
YDUQ3,202104,COGN3,0.76615541377714,1069,1119
YDUQ3,202104,HGTX3,0.725276102248825,1111,1119
YDUQ3,202104,LIGT3,0.747699374498875,846,1119
YDUQ3,202107,COGN3,0.703326449381729,1095,1123
YDUQ3,202108,COGN3,0.713198767866803,1061,1078
